SprintIndex,SeasonID,RaceID,LapNumber,LapNumberFlow,Team,1_Laptime,3_Laptime,1_PaceDiff,3_PaceDiff,1_PaceDiffClear,3_PaceDiffClear,PaceMarker,PaceDiffTeammateDelta,PaceDiffTeammateBetter,PaceDiffClearTeammateDelta,PaceDiffClearTeammateBetter,PaceDiffTeammateMean,PaceDiffTeammateMeanInt,PaceDiffClearTeammateMean,PaceDiffClearTeammateMeanInt
2,2021,2021011,1.0,1,Mercedes,,,,,,,,-,-,-,,-,,-,
2,2021,2021011,2.0,2,Mercedes,,,,,,,,-,-,-,,-,,-,
2,2021,2021011,3.0,3,Mercedes,,,,,,,,-,-,-,,-,,-,
2,2021,2021011,4.0,4,Mercedes,,,,,,,,-,-,-,,-,,-,
2,2021,2021011,5.0,5,Mercedes,,,,,,,,-,-,-,,-,,-,
2,2021,2021011,6.0,6,Mercedes,96.169,97.109,-1.538,-0.598,-1.538,-0.598,97.707,0.940,1.0,0.940,1,-1.068,-1.068,-1.068,-1.068
2,2021,2021011,7.0,7,Mercedes,96.123,96.355,-1.364,-1.132,-1.364,-1.132,97.491,0.232,1.0,0.232,1,-1.248,-1.248,-1.248,-1.248
2,2021,2021011,8.0,8,Mercedes,96.075,96.022,-1.567,-1.62,-1.567,-1.62,97.696,-0.053,3.0,-0.053,3,-1.594,-1.5935000000000001,-1.594,-1.5935000000000001
2,2021,2021011,9.0,9,Mercedes,96.148,97.086,-1.559,-0.621,-1.629,-1.494,97.91,0.938,1.0,0.135,1,-1.090,-1.0899999999999999,-1.562,-1.5615
2,2021,2021011,10.0,10,Mercedes,96.082,96.405,-1.477,-1.153,-1.477,-1.153,97.607,0.324,1.0,0.324,1,-1.315,-1.315,-1.315,-1.315
2,2021,2021011,11.0,11,Mercedes,96.143,96.384,-1.439,-1.198,-1.439,-1.198,97.604,0.241,1.0,0.241,1,-1.319,-1.3185,-1.319,-1.3185
2,2021,2021011,12.0,12,Mercedes,96.507,96.46,-1.307,-1.354,-1.307,-1.354,97.954,-0.047,3.0,-0.047,3,-1.331,-1.3305,-1.331,-1.3305
2,2021,2021011,13.0,13,Mercedes,,96.423,,-1.195,,-1.195,97.618,-,-,-,,-,-1.3146666666666667,-,-1.3146666666666667
2,2021,2021011,14.0,14,Mercedes,,96.736,,-0.317,,-0.55,97.103,-,-,-,,-,-1.2988333333333333,-,-1.2988333333333333
2,2021,2021011,15.0,15,Mercedes,94.057,96.583,-2.546,-0.02,-2.546,-0.02,96.603,2.526,1.0,2.526,1,-1.283,-1.283,-1.283,-1.283
2,2021,2021011,16.0,16,Mercedes,95.104,,-1.726,,-2.252,,97.038,-,-,-,,-,-1.4646666666666666,-,-1.4646666666666666
2,2021,2021011,17.0,17,Mercedes,95.099,,-1.843,,-1.843,,97.008,-,-,-,,-,-1.6463333333333332,-,-1.6463333333333332
2,2021,2021011,18.0,18,Mercedes,95.266,95.038,-1.714,-1.942,-1.714,-1.942,97.033,-0.228,3.0,-0.228,3,-1.828,-1.8279999999999998,-1.828,-1.8279999999999998
2,2021,2021011,19.0,19,Mercedes,95.346,94.518,-1.269,-2.097,-1.269,-2.097,96.692,-0.828,3.0,-0.828,3,-1.683,-1.6829999999999998,-1.683,-1.6829999999999998
2,2021,2021011,20.0,20,Mercedes,95.324,94.774,-1.654,-2.204,-1.654,-2.204,97.234,-0.550,3.0,-0.550,3,-1.929,-1.929,-1.929,-1.929
2,2021,2021011,21.0,21,Mercedes,95.837,95.098,-1.162,-1.901,-1.567,-2.073,97.165,-0.739,3.0,-0.506,3,-1.531,-1.5314999999999999,-1.820,-1.8199999999999998
2,2021,2021011,22.0,22,Mercedes,95.539,95.077,-1.359,-1.821,-1.359,-1.821,96.907,-0.462,3.0,-0.462,3,-1.590,-1.5899999999999999,-1.590,-1.5899999999999999
2,2021,2021011,23.0,23,Mercedes,95.219,95.092,-1.462,-1.589,-1.462,-1.589,96.731,-0.127,3.0,-0.127,3,-1.526,-1.5255,-1.526,-1.5255
2,2021,2021011,24.0,24,Mercedes,95.087,95.193,-1.429,-1.323,-1.429,-1.323,96.567,0.106,1.0,0.106,1,-1.376,-1.376,-1.376,-1.376
2,2021,2021011,25.0,25,Mercedes,95.359,95.022,-1.168,-1.505,-1.168,-1.505,96.64,-0.337,3.0,-0.337,3,-1.337,-1.3365,-1.337,-1.3365
2,2021,2021011,26.0,26,Mercedes,95.622,95.308,-0.913,-1.227,-0.913,-1.227,96.702,-0.314,3.0,-0.314,3,-1.070,-1.07,-1.070,-1.07
2,2021,2021011,27.0,27,Mercedes,95.94,95.469,-0.697,-1.168,-0.697,-1.168,96.707,-0.471,3.0,-0.471,3,-0.932,-0.9324999999999999,-0.932,-0.9324999999999999
2,2021,2021011,28.0,28,Mercedes,,95.376,,-1.281,,-1.281,96.657,-,-,-,,-,-0.9944999999999999,-,-0.9944999999999999
2,2021,2021011,29.0,29,Mercedes,,95.915,,-0.817,,-0.817,96.862,-,-,-,,-,-1.0565,-,-1.0565
2,2021,2021011,30.0,30,Mercedes,94.365,,-2.202,,-2.202,,96.628,-,-,-,,-,-1.1185,-,-1.1185
2,2021,2021011,31.0,31,Mercedes,95.305,,-1.236,,-1.994,,96.589,-,-,-,,-,,-,
2,2021,2021011,32.0,32,Mercedes,94.729,95.12,-1.438,-1.047,-1.438,-1.047,96.205,0.391,1.0,0.391,1,-1.242,-1.2425,-1.242,-1.2425
2,2021,2021011,33.0,33,Mercedes,95.041,94.457,-0.813,-1.397,-1.157,-1.397,96.12,-0.584,3.0,-0.240,3,-1.105,-1.105,-1.277,-1.2770000000000001
2,2021,2021011,34.0,34,Mercedes,94.665,94.472,-1.211,-1.404,-1.211,-1.404,95.918,-0.193,3.0,-0.193,3,-1.308,-1.3075,-1.308,-1.3075
2,2021,2021011,35.0,35,Mercedes,94.745,94.4,-1.188,-1.533,-1.188,-1.533,96.082,-0.345,3.0,-0.345,3,-1.361,-1.3605,-1.361,-1.3605
2,2021,2021011,36.0,36,Mercedes,94.754,94.461,-1.021,-1.314,-1.021,-1.314,95.9,-0.293,3.0,-0.293,3,-1.167,-1.1675,-1.167,-1.1675
2,2021,2021011,37.0,37,Mercedes,94.74,94.399,-0.961,-1.302,-0.961,-1.302,95.844,-0.341,3.0,-0.341,3,-1.131,-1.1315,-1.131,-1.1315
2,2021,2021011,38.0,38,Mercedes,94.72,94.418,-0.995,-1.297,-0.995,-1.297,95.759,-0.302,3.0,-0.302,3,-1.146,-1.146,-1.146,-1.146
2,2021,2021011,39.0,39,Mercedes,94.816,95.198,-0.922,-0.54,-0.922,-1.165,95.807,0.382,1.0,-0.243,3,-0.731,-0.7310000000000001,-1.044,-1.0435
2,2021,2021011,40.0,40,Mercedes,94.89,94.729,-0.835,-0.996,-0.835,-0.996,95.77,-0.161,3.0,-0.161,3,-0.915,-0.9155,-0.915,-0.9155
2,2021,2021011,41.0,41,Mercedes,94.334,94.776,-1.096,-0.654,-1.096,-0.654,95.43,0.442,1.0,0.442,1,-0.875,-0.875,-0.875,-0.875
2,2021,2021011,42.0,42,Mercedes,94.199,94.798,-1.248,-0.649,-1.248,-0.649,95.552,0.599,1.0,0.599,1,-0.949,-0.9485,-0.949,-0.9485
2,2021,2021011,43.0,43,Mercedes,94.163,94.466,-1.141,-0.838,-1.141,-0.838,95.304,0.303,1.0,0.303,1,-0.990,-0.9895,-0.990,-0.9895
2,2021,2021011,44.0,44,Mercedes,94.015,94.303,-1.395,-1.107,-1.395,-1.107,96.826,0.288,1.0,0.288,1,-1.251,-1.251,-1.251,-1.251
2,2021,2021011,45.0,45,Mercedes,94.583,95.158,-0.919,-0.344,-1.249,-1.161,95.777,0.575,1.0,0.088,1,-0.631,-0.6315,-1.205,-1.205
2,2021,2021011,46.0,46,Mercedes,94.492,94.379,-1.064,-1.177,-1.064,-1.177,95.728,-0.113,3.0,-0.113,3,-1.121,-1.1205,-1.121,-1.1205
2,2021,2021011,47.0,47,Mercedes,94.591,94.272,-1.031,-1.35,-1.031,-1.35,95.726,-0.319,3.0,-0.319,3,-1.191,-1.1905000000000001,-1.191,-1.1905000000000001
2,2021,2021011,48.0,48,Mercedes,94.167,94.217,-1.258,-1.208,-1.258,-1.208,95.425,0.050,1.0,0.050,1,-1.233,-1.233,-1.233,-1.233
2,2021,2021011,49.0,49,Mercedes,94.136,94.212,-1.358,-1.282,-1.358,-1.282,95.596,0.076,1.0,0.076,1,-1.320,-1.32,-1.320,-1.32
2,2021,2021011,50.0,50,Mercedes,94.354,94.309,-1.766,-1.811,-1.766,-1.811,96.239,-0.045,3.0,-0.045,3,-1.788,-1.7885,-1.788,-1.7885
2,2021,2021011,51.0,51,Mercedes,94.579,94.488,-0.909,-1.0,-0.909,-1.0,95.59,-0.091,3.0,-0.091,3,-0.955,-0.9545,-0.955,-0.9545
2,2021,2021011,52.0,52,Mercedes,94.939,95.125,-0.851,-0.665,-0.851,-1.224,96.227,0.186,1.0,-0.373,3,-0.758,-0.758,-1.038,-1.0375
2,2021,2021011,53.0,53,Mercedes,96.155,94.644,0.35,-1.161,-0.929,-1.161,95.982,-1.511,3.0,-0.232,3,-0.406,-0.4055,-1.045,-1.045
2,2021,2021011,54.0,54,Mercedes,94.814,,-1.171,,-1.171,,96.056,-,-,-,,-,-0.9833333333333334,-,-1.4096666666666666
2,2021,2021011,55.0,55,Mercedes,94.706,,-1.297,,-1.297,,96.023,-,-,-,,-,-1.5611666666666666,-,-1.7743333333333333
2,2021,2021011,56.0,56,Mercedes,94.918,92.09,-0.725,-3.553,-0.725,-3.553,95.643,-2.828,3.0,-2.828,3,-2.139,-2.139,-2.139,-2.139
2,2021,2021011,57.0,57,Mercedes,,,,,,,,-,-,-,,-,,-,
2,2021,2021021,1.0,58,Mercedes,,,,,,,,-,-,-,,-,,-,
2,2021,2021021,2.0,59,Mercedes,,,,,,,,-,-,-,,-,,-,
2,2021,2021021,3.0,60,Mercedes,,,,,,,,-,-,-,,-,,-,
2,2021,2021021,4.0,61,Mercedes,,,,,,,,-,-,-,,-,,-,
2,2021,2021021,5.0,62,Mercedes,,,,,,,,-,-,-,,-,,-,
2,2021,2021021,6.0,63,Mercedes,,,,,,,,-,-,-,,-,,-,
2,2021,2021021,7.0,64,Mercedes,,,,,,,,-,-,-,,-,,-,
2,2021,2021021,8.0,65,Mercedes,94.591,101.601,-5.106,1.904,-5.106,1.904,99.697,7.010,1.0,7.010,1,-1.601,-1.601,-1.601,-1.601
2,2021,2021021,9.0,66,Mercedes,91.302,97.303,-5.867,0.134,-5.867,0.134,97.169,6.001,1.0,6.001,1,-2.866,-2.8665,-2.866,-2.8665
2,2021,2021021,10.0,67,Mercedes,90.1,97.736,-5.504,2.132,-5.504,2.132,95.604,7.636,1.0,7.636,1,-1.686,-1.6859999999999997,-1.686,-1.6859999999999997
2,2021,2021021,11.0,68,Mercedes,88.724,97.553,-5.926,2.903,-5.926,2.903,94.737,8.829,1.0,8.829,1,-1.512,-1.5115,-1.512,-1.5115
2,2021,2021021,12.0,69,Mercedes,88.592,92.386,-4.693,-0.899,-4.693,-0.899,93.285,3.794,1.0,3.794,1,-2.796,-2.796,-2.796,-2.796
2,2021,2021021,13.0,70,Mercedes,88.25,91.538,-4.55,-1.262,-4.55,-1.262,93.876,3.288,1.0,3.288,1,-2.906,-2.9059999999999997,-2.906,-2.9059999999999997
2,2021,2021021,14.0,71,Mercedes,88.029,91.124,-3.409,-0.314,-3.409,-0.314,91.438,3.095,1.0,3.095,1,-1.861,-1.8615,-1.861,-1.8615
2,2021,2021021,15.0,72,Mercedes,87.072,90.774,-3.507,0.195,-3.507,0.195,90.579,3.702,1.0,3.702,1,-1.656,-1.6560000000000001,-1.656,-1.6560000000000001
2,2021,2021021,16.0,73,Mercedes,86.578,89.26,-3.06,-0.378,-3.06,-0.378,89.638,2.682,1.0,2.682,1,-1.719,-1.719,-1.719,-1.719
2,2021,2021021,17.0,74,Mercedes,87.501,89.446,-1.789,0.156,-1.789,0.156,89.505,1.945,1.0,1.945,1,-0.817,-0.8165,-0.817,-0.8165
2,2021,2021021,18.0,75,Mercedes,86.64,89.931,-2.354,0.937,-2.354,0.937,88.994,3.291,1.0,3.291,1,-0.709,-0.7085,-0.709,-0.7085
2,2021,2021021,19.0,76,Mercedes,87.021,88.844,-1.767,0.056,-1.767,0.056,89.154,1.823,1.0,1.823,1,-0.855,-0.8554999999999999,-0.855,-0.8554999999999999
2,2021,2021021,20.0,77,Mercedes,86.959,88.511,-2.038,-0.486,-2.038,-0.486,89.16,1.552,1.0,1.552,1,-1.262,-1.262,-1.262,-1.262
2,2021,2021021,21.0,78,Mercedes,88.283,88.778,-0.689,-0.194,-0.689,-0.194,89.216,0.495,1.0,0.495,1,-0.442,-0.4415,-0.442,-0.4415
2,2021,2021021,22.0,79,Mercedes,89.277,90.124,-0.299,0.548,-0.299,-0.153,89.689,0.847,1.0,0.146,1,0.125,0.12450000000000003,-0.226,-0.22599999999999998
2,2021,2021021,23.0,80,Mercedes,88.421,90.068,-1.459,0.188,-1.459,0.188,90.027,1.647,1.0,1.647,1,-0.636,-0.6355000000000001,-0.636,-0.6355000000000001
2,2021,2021021,24.0,81,Mercedes,88.139,90.479,-1.917,0.423,-1.917,0.423,90.126,2.340,1.0,2.340,1,-0.747,-0.747,-0.747,-0.747
2,2021,2021021,25.0,82,Mercedes,88.842,90.295,-0.365,1.088,-0.365,1.088,89.371,1.453,1.0,1.453,1,0.362,0.36150000000000004,0.362,0.36150000000000004
2,2021,2021021,26.0,83,Mercedes,87.073,89.615,-1.668,0.874,-1.668,0.874,88.741,2.542,1.0,2.542,1,-0.397,-0.39699999999999996,-0.397,-0.39699999999999996
2,2021,2021021,27.0,84,Mercedes,86.959,88.984,-1.0,1.025,-1.0,1.025,88.282,2.025,1.0,2.025,1,0.012,0.012499999999999956,0.012,0.012499999999999956
2,2021,2021021,28.0,85,Mercedes,,,,,,,87.292,-,-,-,,-,0.25249999999999995,-,0.25249999999999995
2,2021,2021021,29.0,86,Mercedes,,,,,,,86.012,-,-,-,,-,0.4925,-,0.4925
2,2021,2021021,30.0,87,Mercedes,83.138,88.485,-1.941,3.406,-1.941,3.406,85.079,5.347,1.0,5.347,1,0.733,0.7325,0.733,0.7325
2,2021,2021021,31.0,88,Mercedes,,,,,,,83.674,-,-,-,,-,,-,
2,2021,2021021,32.0,89,Mercedes,,,,,,,,-,-,-,,-,,-,
2,2021,2021021,33.0,90,Mercedes,,,,,,,,-,-,-,,-,,-,
2,2021,2021021,34.0,91,Mercedes,,,,,,,91.685,-,-,-,,-,,-,
2,2021,2021021,35.0,92,Mercedes,88.464,,-0.37,,-0.37,,88.834,-,-,-,,-,,-,
2,2021,2021021,36.0,93,Mercedes,83.218,,0.289,,0.289,,82.929,-,-,-,,-,,-,
2,2021,2021021,37.0,94,Mercedes,80.972,,-0.834,,-0.834,,81.806,-,-,-,,-,,-,
2,2021,2021021,38.0,95,Mercedes,81.444,,-0.116,,-0.116,,82.839,-,-,-,,-,,-,
2,2021,2021021,39.0,96,Mercedes,79.479,,-1.365,,-1.365,,81.001,-,-,-,,-,,-,
2,2021,2021021,40.0,97,Mercedes,79.303,,-1.145,,-1.145,,80.837,-,-,-,,-,,-,
2,2021,2021021,41.0,98,Mercedes,79.206,,-1.044,,-1.044,,80.25,-,-,-,,-,,-,
2,2021,2021021,42.0,99,Mercedes,78.332,,-1.685,,-1.685,,80.244,-,-,-,,-,,-,
2,2021,2021021,43.0,100,Mercedes,78.648,,-1.286,,-1.286,,79.934,-,-,-,,-,,-,
2,2021,2021021,44.0,101,Mercedes,78.615,,-1.409,,-1.409,,80.024,-,-,-,,-,,-,
2,2021,2021021,45.0,102,Mercedes,78.716,,-1.296,,-1.296,,80.177,-,-,-,,-,,-,
2,2021,2021021,46.0,103,Mercedes,78.406,,-1.402,,-1.402,,79.891,-,-,-,,-,,-,
2,2021,2021021,47.0,104,Mercedes,78.538,,-1.224,,-1.224,,79.945,-,-,-,,-,,-,
2,2021,2021021,48.0,105,Mercedes,78.868,,-1.006,,-1.006,,79.874,-,-,-,,-,,-,
2,2021,2021021,49.0,106,Mercedes,79.154,,-0.528,,-0.528,,79.697,-,-,-,,-,,-,
2,2021,2021021,50.0,107,Mercedes,77.858,,-1.625,,-1.625,,79.551,-,-,-,,-,,-,
2,2021,2021021,51.0,108,Mercedes,78.512,,-1.02,,-1.02,,79.532,-,-,-,,-,,-,
2,2021,2021021,52.0,109,Mercedes,79.001,,-0.472,,-0.472,,79.552,-,-,-,,-,,-,
2,2021,2021021,53.0,110,Mercedes,78.805,,-0.78,,-0.78,,80.024,-,-,-,,-,,-,
2,2021,2021021,54.0,111,Mercedes,79.206,,-0.331,,-0.331,,79.555,-,-,-,,-,,-,
2,2021,2021021,55.0,112,Mercedes,77.95,,-1.49,,-1.49,,79.492,-,-,-,,-,,-,
2,2021,2021021,56.0,113,Mercedes,78.505,,-0.824,,-0.824,,79.475,-,-,-,,-,,-,
2,2021,2021021,57.0,114,Mercedes,78.622,,-0.663,,-0.663,,79.429,-,-,-,,-,,-,
2,2021,2021021,58.0,115,Mercedes,78.957,,-0.375,,-0.375,,79.364,-,-,-,,-,,-,
2,2021,2021021,59.0,116,Mercedes,78.534,,-0.853,,-0.853,,80.16,-,-,-,,-,,-,
2,2021,2021021,60.0,117,Mercedes,76.702,,-2.641,,-2.641,,79.386,-,-,-,,-,,-,
2,2021,2021021,61.0,118,Mercedes,78.824,,-0.949,,-2.028,,79.972,-,-,-,,-,,-,
2,2021,2021021,62.0,119,Mercedes,78.787,,-0.179,,-0.179,,78.966,-,-,-,,-,,-,
2,2021,2021021,63.0,120,Mercedes,78.038,,-1.064,,-1.064,,79.102,-,-,-,,-,,-,
2,2021,2021031,1.0,121,Mercedes,,,,,,,,-,-,-,,-,,-,
2,2021,2021031,2.0,122,Mercedes,,,,,,,,-,-,-,,-,,-,
2,2021,2021031,3.0,123,Mercedes,,,,,,,,-,-,-,,-,,-,
2,2021,2021031,4.0,124,Mercedes,,,,,,,,-,-,-,,-,,-,
2,2021,2021031,5.0,125,Mercedes,,,,,,,,-,-,-,,-,,-,
2,2021,2021031,6.0,126,Mercedes,,,,,,,,-,-,-,,-,,-,
2,2021,2021031,7.0,127,Mercedes,,,,,,,,-,-,-,,-,,-,
2,2021,2021031,8.0,128,Mercedes,83.033,83.478,-2.651,-2.206,-2.651,-2.206,85.684,0.445,1.0,0.445,1,-2.428,-2.4284999999999997,-2.428,-2.4284999999999997
2,2021,2021031,9.0,129,Mercedes,83.551,83.281,-1.188,-1.458,-1.7,-1.458,84.777,-0.270,3.0,0.242,1,-1.323,-1.323,-1.579,-1.579
2,2021,2021031,10.0,130,Mercedes,83.044,83.112,-1.378,-1.31,-1.378,-1.31,84.422,0.068,1.0,0.068,1,-1.344,-1.3439999999999999,-1.344,-1.3439999999999999
2,2021,2021031,11.0,131,Mercedes,83.151,83.619,-0.988,-0.52,-0.988,-1.288,84.264,0.468,1.0,-0.300,3,-0.754,-0.754,-1.138,-1.138
2,2021,2021031,12.0,132,Mercedes,82.283,82.591,-1.552,-1.244,-1.552,-1.244,83.835,0.308,1.0,0.308,1,-1.398,-1.3980000000000001,-1.398,-1.3980000000000001
2,2021,2021031,13.0,133,Mercedes,83.076,82.84,-0.942,-1.178,-1.567,-1.178,84.084,-0.236,3.0,0.389,1,-1.060,-1.06,-1.373,-1.3725
2,2021,2021031,14.0,134,Mercedes,82.618,82.858,-1.49,-1.25,-1.49,-1.25,84.179,0.240,1.0,0.240,1,-1.370,-1.37,-1.370,-1.37
2,2021,2021031,15.0,135,Mercedes,82.923,82.926,-1.054,-1.051,-1.054,-1.051,84.139,0.003,1.0,0.003,1,-1.052,-1.0525,-1.052,-1.0525
2,2021,2021031,16.0,136,Mercedes,82.656,82.553,-1.22,-1.323,-1.22,-1.323,83.895,-0.103,3.0,-0.103,3,-1.272,-1.2715,-1.272,-1.2715
2,2021,2021031,17.0,137,Mercedes,83.117,82.887,-0.702,-0.932,-1.13,-0.932,83.868,-0.230,3.0,0.198,1,-0.817,-0.817,-1.031,-1.031
2,2021,2021031,18.0,138,Mercedes,82.722,82.889,-1.063,-0.896,-1.063,-0.896,83.84,0.167,1.0,0.167,1,-0.980,-0.9795,-0.980,-0.9795
2,2021,2021031,19.0,139,Mercedes,82.73,83.009,-1.124,-0.845,-1.124,-0.845,83.875,0.279,1.0,0.279,1,-0.985,-0.9845,-0.985,-0.9845
2,2021,2021031,20.0,140,Mercedes,83.119,84.735,-0.862,0.754,-1.11,-0.803,84.108,1.616,1.0,0.307,1,-0.054,-0.05399999999999999,-0.957,-0.9565000000000001
2,2021,2021031,21.0,141,Mercedes,83.012,83.348,-1.008,-0.672,-1.008,-0.672,84.057,0.336,1.0,0.336,1,-0.840,-0.8400000000000001,-0.840,-0.8400000000000001
2,2021,2021031,22.0,142,Mercedes,82.621,82.923,-1.265,-0.963,-1.265,-0.963,83.886,0.302,1.0,0.302,1,-1.114,-1.1139999999999999,-1.114,-1.1139999999999999
2,2021,2021031,23.0,143,Mercedes,82.4,82.602,-1.306,-1.104,-1.306,-1.104,83.986,0.202,1.0,0.202,1,-1.205,-1.205,-1.205,-1.205
2,2021,2021031,24.0,144,Mercedes,82.487,82.633,-1.191,-1.045,-1.191,-1.045,83.744,0.146,1.0,0.146,1,-1.118,-1.1179999999999999,-1.118,-1.1179999999999999
2,2021,2021031,25.0,145,Mercedes,82.333,82.438,-1.126,-1.021,-1.126,-1.021,83.574,0.105,1.0,0.105,1,-1.073,-1.0735,-1.073,-1.0735
2,2021,2021031,26.0,146,Mercedes,82.138,82.438,-1.328,-1.028,-1.328,-1.028,83.626,0.300,1.0,0.300,1,-1.178,-1.178,-1.178,-1.178
2,2021,2021031,27.0,147,Mercedes,82.58,82.566,-0.937,-0.951,-1.451,-0.951,83.75,-0.014,3.0,0.500,1,-0.944,-0.944,-1.201,-1.201
2,2021,2021031,28.0,148,Mercedes,81.995,82.542,-1.319,-0.772,-1.319,-0.772,83.446,0.547,1.0,0.547,1,-1.046,-1.0455,-1.046,-1.0455
2,2021,2021031,29.0,149,Mercedes,82.083,82.179,-1.168,-1.072,-1.168,-1.072,83.316,0.096,1.0,0.096,1,-1.120,-1.12,-1.120,-1.12
2,2021,2021031,30.0,150,Mercedes,82.197,82.415,-1.069,-0.851,-1.069,-1.082,83.279,0.218,1.0,-0.013,3,-0.960,-0.96,-1.075,-1.0755
2,2021,2021031,31.0,151,Mercedes,81.934,82.189,-1.272,-1.017,-1.272,-1.017,83.328,0.255,1.0,0.255,1,-1.144,-1.1444999999999999,-1.144,-1.1444999999999999
2,2021,2021031,32.0,152,Mercedes,82.438,82.261,-0.562,-0.739,-1.226,-0.739,83.047,-0.177,3.0,0.487,1,-0.651,-0.6505000000000001,-0.982,-0.9824999999999999
2,2021,2021031,33.0,153,Mercedes,81.613,81.927,-1.45,-1.136,-1.45,-1.136,83.063,0.314,1.0,0.314,1,-1.293,-1.293,-1.293,-1.293
2,2021,2021031,34.0,154,Mercedes,81.913,82.185,-0.95,-0.678,-0.95,-0.856,82.92,0.272,1.0,0.094,1,-0.814,-0.8140000000000001,-0.903,-0.903
2,2021,2021031,35.0,155,Mercedes,82.068,82.087,-1.028,-1.009,-1.028,-1.009,83.465,0.019,1.0,0.019,1,-1.018,-1.0185,-1.018,-1.0185
2,2021,2021031,36.0,156,Mercedes,82.243,,-0.943,,-0.943,,83.321,-,-,-,,-,-0.9921249999999999,-,-1.047
2,2021,2021031,37.0,157,Mercedes,,,,,,,83.341,-,-,-,,-,-0.96575,-,-1.0755
2,2021,2021031,38.0,158,Mercedes,,81.949,,-1.252,,-1.252,83.295,-,-,-,,-,-0.9393750000000001,-,-1.1039999999999999
2,2021,2021031,39.0,159,Mercedes,81.862,82.44,-1.202,-0.624,-1.202,-1.063,83.137,0.578,1.0,0.139,1,-0.913,-0.913,-1.132,-1.1324999999999998
2,2021,2021031,40.0,160,Mercedes,81.831,82.052,-1.102,-0.881,-1.102,-0.881,82.968,0.221,1.0,0.221,1,-0.992,-0.9915,-0.992,-0.9915
2,2021,2021031,41.0,161,Mercedes,81.494,81.647,-1.582,-1.429,-1.582,-1.429,83.129,0.153,1.0,0.153,1,-1.506,-1.5055,-1.506,-1.5055
2,2021,2021031,42.0,162,Mercedes,81.49,81.407,-1.613,-1.696,-1.613,-1.696,83.153,-0.083,3.0,-0.083,3,-1.655,-1.6545,-1.655,-1.6545
2,2021,2021031,43.0,163,Mercedes,81.38,81.469,-1.403,-1.314,-1.403,-1.314,82.822,0.089,1.0,0.089,1,-1.359,-1.3585,-1.359,-1.3585
2,2021,2021031,44.0,164,Mercedes,81.48,81.386,-1.31,-1.404,-1.31,-1.404,82.984,-0.094,3.0,-0.094,3,-1.357,-1.357,-1.357,-1.357
2,2021,2021031,45.0,165,Mercedes,81.483,80.983,-1.418,-1.918,-1.418,-1.918,82.915,-0.500,3.0,-0.500,3,-1.668,-1.668,-1.668,-1.668
2,2021,2021031,46.0,166,Mercedes,81.932,81.432,-0.715,-1.215,-1.439,-1.522,82.793,-0.500,3.0,-0.083,3,-0.965,-0.9650000000000001,-1.481,-1.4805000000000001
2,2021,2021031,47.0,167,Mercedes,80.933,81.267,-1.691,-1.357,-1.691,-1.357,82.637,0.334,1.0,0.334,1,-1.524,-1.524,-1.524,-1.524
2,2021,2021031,48.0,168,Mercedes,81.485,81.395,-1.249,-1.339,-1.596,-1.339,82.95,-0.090,3.0,0.257,1,-1.294,-1.294,-1.468,-1.4675
2,2021,2021031,49.0,169,Mercedes,81.342,81.418,-1.394,-1.318,-1.394,-1.318,82.762,0.076,1.0,0.076,1,-1.356,-1.3559999999999999,-1.356,-1.3559999999999999
2,2021,2021031,50.0,170,Mercedes,81.607,81.69,-1.16,-1.077,-1.514,-1.077,82.848,0.083,1.0,0.437,1,-1.119,-1.1185,-1.296,-1.2955
2,2021,2021031,51.0,171,Mercedes,81.164,81.308,-1.587,-1.443,-1.587,-1.443,82.99,0.144,1.0,0.144,1,-1.515,-1.5150000000000001,-1.515,-1.5150000000000001
2,2021,2021031,52.0,172,Mercedes,81.252,81.331,-1.281,-1.202,-1.281,-1.202,82.554,0.079,1.0,0.079,1,-1.241,-1.2414999999999998,-1.241,-1.2414999999999998
2,2021,2021031,53.0,173,Mercedes,81.176,81.103,-1.385,-1.458,-1.385,-1.458,82.698,-0.073,3.0,-0.073,3,-1.421,-1.4215,-1.421,-1.4215
2,2021,2021031,54.0,174,Mercedes,81.704,83.229,-0.984,0.541,-1.525,0.541,83.269,1.525,1.0,2.066,1,-0.221,-0.22149999999999997,-0.492,-0.49199999999999994
2,2021,2021031,55.0,175,Mercedes,81.15,83.531,-1.279,1.102,-1.279,-0.114,82.584,2.381,1.0,1.165,1,-0.088,-0.08849999999999991,-0.697,-0.6965
2,2021,2021031,56.0,176,Mercedes,81.287,81.402,-1.104,-0.989,-1.104,-0.989,82.485,0.115,1.0,0.115,1,-1.046,-1.0465,-1.046,-1.0465
2,2021,2021031,57.0,177,Mercedes,81.308,81.154,-1.321,-1.475,-1.321,-1.475,82.727,-0.154,3.0,-0.154,3,-1.398,-1.3980000000000001,-1.398,-1.3980000000000001
2,2021,2021031,58.0,178,Mercedes,81.214,81.445,-1.521,-1.29,-1.521,-1.29,82.902,0.231,1.0,0.231,1,-1.405,-1.4055,-1.405,-1.4055
2,2021,2021031,59.0,179,Mercedes,81.195,81.505,-1.311,-1.001,-1.311,-1.001,82.633,0.310,1.0,0.310,1,-1.156,-1.156,-1.156,-1.156
2,2021,2021031,60.0,180,Mercedes,81.106,80.967,-1.093,-1.232,-1.093,-1.232,82.342,-0.139,3.0,-0.139,3,-1.163,-1.1625,-1.163,-1.1625
2,2021,2021031,61.0,181,Mercedes,80.984,81.191,-1.346,-1.139,-1.346,-1.139,82.404,0.207,1.0,0.207,1,-1.243,-1.2425000000000002,-1.243,-1.2425000000000002
2,2021,2021031,62.0,182,Mercedes,81.262,81.084,-1.26,-1.438,-1.26,-1.438,82.959,-0.178,3.0,-0.178,3,-1.349,-1.349,-1.349,-1.349
2,2021,2021031,63.0,183,Mercedes,81.665,,-1.183,,-1.183,,83.027,-,-,-,,-,-1.597,-,-1.597
2,2021,2021031,64.0,184,Mercedes,81.903,,-0.782,,-1.278,,82.927,-,-,-,,-,-1.845,-,-1.845
2,2021,2021031,65.0,185,Mercedes,81.149,79.865,-1.451,-2.735,-1.451,-2.735,82.6,-1.284,3.0,-1.284,3,-2.093,-2.093,-2.093,-2.093
2,2021,2021031,66.0,186,Mercedes,82.011,80.826,-0.027,-1.212,-0.027,-1.212,82.038,-1.185,3.0,-1.185,3,-0.619,-0.6194999999999999,-0.619,-0.6194999999999999
2,2021,2021041,1.0,187,Mercedes,,,,,,,,-,-,-,,-,,-,
2,2021,2021041,2.0,188,Mercedes,,,,,,,,-,-,-,,-,,-,
2,2021,2021041,3.0,189,Mercedes,83.425,84.121,-2.194,-1.498,-2.194,-1.498,85.619,0.696,1.0,0.696,1,-1.846,-1.846,-1.846,-1.846
2,2021,2021041,4.0,190,Mercedes,82.938,84.192,-2.17,-0.916,-2.17,-0.916,85.108,1.254,1.0,1.254,1,-1.543,-1.543,-1.543,-1.543
2,2021,2021041,5.0,191,Mercedes,83.118,84.784,-1.834,-0.168,-1.834,-0.955,85.061,1.666,1.0,0.879,1,-1.001,-1.0010000000000001,-1.395,-1.3945
2,2021,2021041,6.0,192,Mercedes,83.062,83.802,-1.927,-1.187,-1.927,-1.187,85.025,0.740,1.0,0.740,1,-1.557,-1.557,-1.557,-1.557
2,2021,2021041,7.0,193,Mercedes,83.261,83.896,-1.611,-0.976,-1.611,-0.976,84.872,0.635,1.0,0.635,1,-1.293,-1.2934999999999999,-1.293,-1.2934999999999999
2,2021,2021041,8.0,194,Mercedes,,,,,,,,-,-,-,,-,-1.4128999999999998,-,-1.4128999999999998
2,2021,2021041,9.0,195,Mercedes,,,,,,,,-,-,-,,-,-1.5323,-,-1.5323
2,2021,2021041,10.0,196,Mercedes,,,,,,,,-,-,-,,-,-1.6517,-,-1.6517
2,2021,2021041,11.0,197,Mercedes,,,,,,,,-,-,-,,-,,-,
2,2021,2021041,12.0,198,Mercedes,83.415,84.108,-2.237,-1.544,-2.237,-1.544,85.652,0.693,1.0,0.693,1,-1.891,-1.8905,-1.891,-1.8905
2,2021,2021041,13.0,199,Mercedes,83.038,83.988,-2.089,-1.139,-2.089,-1.139,85.127,0.950,1.0,0.950,1,-1.614,-1.6139999999999999,-1.614,-1.6139999999999999
2,2021,2021041,14.0,200,Mercedes,83.18,83.881,-1.924,-1.223,-1.924,-1.223,85.125,0.701,1.0,0.701,1,-1.574,-1.5735000000000001,-1.574,-1.5735000000000001
2,2021,2021041,15.0,201,Mercedes,83.309,84.035,-1.737,-1.011,-1.737,-1.011,85.232,0.726,1.0,0.726,1,-1.374,-1.374,-1.374,-1.374
2,2021,2021041,16.0,202,Mercedes,83.25,83.898,-1.748,-1.1,-1.748,-1.1,85.076,0.648,1.0,0.648,1,-1.424,-1.424,-1.424,-1.424
2,2021,2021041,17.0,203,Mercedes,83.467,83.731,-1.369,-1.105,-1.369,-1.105,84.887,0.264,1.0,0.264,1,-1.237,-1.237,-1.237,-1.237
2,2021,2021041,18.0,204,Mercedes,83.318,83.736,-1.552,-1.134,-1.552,-1.134,85.047,0.418,1.0,0.418,1,-1.343,-1.343,-1.343,-1.343
2,2021,2021041,19.0,205,Mercedes,83.407,83.699,-1.411,-1.119,-1.411,-1.119,84.818,0.292,1.0,0.292,1,-1.265,-1.2650000000000001,-1.265,-1.2650000000000001
2,2021,2021041,20.0,206,Mercedes,83.559,83.84,-1.244,-0.963,-1.244,-0.963,84.848,0.281,1.0,0.281,1,-1.103,-1.1035,-1.103,-1.1035
2,2021,2021041,21.0,207,Mercedes,83.167,83.837,-1.617,-0.947,-1.617,-0.947,84.784,0.670,1.0,0.670,1,-1.282,-1.282,-1.282,-1.282
2,2021,2021041,22.0,208,Mercedes,83.323,84.151,-1.361,-0.533,-1.361,-0.533,84.831,0.828,1.0,0.828,1,-0.947,-0.9470000000000001,-0.947,-0.9470000000000001
2,2021,2021041,23.0,209,Mercedes,83.576,,-0.8,,-0.8,,84.388,-,-,-,,-,-1.1441666666666668,-,-1.1441666666666668
2,2021,2021041,24.0,210,Mercedes,84.51,,0.183,,-0.897,,84.435,-,-,-,,-,-1.3413333333333333,-,-1.3413333333333333
2,2021,2021041,25.0,211,Mercedes,83.284,81.993,-0.893,-2.184,-0.893,-2.184,84.475,-1.291,3.0,-1.291,3,-1.538,-1.5385,-1.538,-1.5385
2,2021,2021041,26.0,212,Mercedes,83.664,82.445,-0.469,-1.688,-0.938,-1.933,84.234,-1.219,3.0,-0.995,3,-1.079,-1.0785,-1.435,-1.4355
2,2021,2021041,27.0,213,Mercedes,83.107,82.408,-1.068,-1.767,-1.068,-1.767,84.202,-0.699,3.0,-0.699,3,-1.417,-1.4175,-1.417,-1.4175
2,2021,2021041,28.0,214,Mercedes,,82.168,,-1.9,,-1.9,84.19,-,-,-,,-,-1.594,-,-1.594
2,2021,2021041,29.0,215,Mercedes,,82.572,,-1.441,,-1.701,84.247,-,-,-,,-,-1.7705,-,-1.7705
2,2021,2021041,30.0,216,Mercedes,81.276,82.456,-2.537,-1.357,-2.537,-1.357,84.113,1.180,1.0,1.180,1,-1.947,-1.947,-1.947,-1.947
2,2021,2021041,31.0,217,Mercedes,81.204,82.391,-2.536,-1.349,-2.536,-1.349,83.74,1.187,1.0,1.187,1,-1.942,-1.9425,-1.942,-1.9425
2,2021,2021041,32.0,218,Mercedes,81.403,82.263,-2.389,-1.529,-2.389,-1.529,83.939,0.860,1.0,0.860,1,-1.959,-1.9589999999999999,-1.959,-1.9589999999999999
2,2021,2021041,33.0,219,Mercedes,81.509,82.228,-2.14,-1.421,-2.14,-1.421,83.649,0.719,1.0,0.719,1,-1.780,-1.7805,-1.780,-1.7805
2,2021,2021041,34.0,220,Mercedes,81.512,82.377,-2.121,-1.256,-2.121,-1.256,83.756,0.865,1.0,0.865,1,-1.688,-1.6885,-1.688,-1.6885
2,2021,2021041,35.0,221,Mercedes,81.468,81.407,-2.199,-2.26,-2.199,-2.26,83.74,-0.061,3.0,-0.061,3,-2.229,-2.2295,-2.229,-2.2295
2,2021,2021041,36.0,222,Mercedes,81.726,81.789,-2.013,-1.95,-2.013,-2.272,83.818,0.063,1.0,-0.259,3,-1.982,-1.9815,-2.143,-2.1425
2,2021,2021041,37.0,223,Mercedes,81.605,81.527,-1.993,-2.071,-1.993,-2.071,83.885,-0.078,3.0,-0.078,3,-2.032,-2.032,-2.032,-2.032
2,2021,2021041,38.0,224,Mercedes,82.036,81.946,-1.579,-1.669,-1.579,-1.669,83.713,-0.090,3.0,-0.090,3,-1.624,-1.624,-1.624,-1.624
2,2021,2021041,39.0,225,Mercedes,82.039,82.346,-1.369,-1.062,-1.369,-1.618,83.535,0.307,1.0,-0.249,3,-1.216,-1.2155,-1.494,-1.4935
2,2021,2021041,40.0,226,Mercedes,81.778,81.635,-1.594,-1.737,-1.594,-1.737,83.372,-0.143,3.0,-0.143,3,-1.666,-1.6655000000000002,-1.666,-1.6655000000000002
2,2021,2021041,41.0,227,Mercedes,81.697,82.838,-1.593,-0.452,-1.593,-1.125,83.474,1.141,1.0,0.468,1,-1.022,-1.0225,-1.359,-1.359
2,2021,2021041,42.0,228,Mercedes,,82.694,,-0.61,,-0.61,83.71,-,-,-,,-,-1.2591666666666665,-,-1.4835
2,2021,2021041,43.0,229,Mercedes,,82.683,,-0.628,,-0.628,83.407,-,-,-,,-,-1.4958333333333333,-,-1.6079999999999999
2,2021,2021041,44.0,230,Mercedes,80.775,82.038,-2.364,-1.101,-2.364,-1.101,83.139,1.263,1.0,1.263,1,-1.732,-1.7325,-1.732,-1.7325
2,2021,2021041,45.0,231,Mercedes,80.728,82.338,-2.489,-0.879,-2.489,-0.879,83.403,1.610,1.0,1.610,1,-1.684,-1.684,-1.684,-1.684
2,2021,2021041,46.0,232,Mercedes,80.73,82.55,-2.707,-0.887,-2.707,-0.887,83.437,1.820,1.0,1.820,1,-1.797,-1.797,-1.797,-1.797
2,2021,2021041,47.0,233,Mercedes,81.348,82.254,-2.115,-1.209,-2.463,-1.209,83.831,0.906,1.0,1.254,1,-1.662,-1.6620000000000001,-1.836,-1.836
2,2021,2021041,48.0,234,Mercedes,81.27,82.045,-2.125,-1.35,-2.125,-1.35,83.49,0.775,1.0,0.775,1,-1.738,-1.7375,-1.738,-1.7375
2,2021,2021041,49.0,235,Mercedes,81.155,82.245,-2.147,-1.057,-2.147,-1.057,83.749,1.090,1.0,1.090,1,-1.602,-1.6019999999999999,-1.602,-1.6019999999999999
2,2021,2021041,50.0,236,Mercedes,80.994,82.9,-1.973,-0.067,-1.973,-0.481,83.169,1.906,1.0,1.492,1,-1.020,-1.02,-1.227,-1.227
2,2021,2021041,51.0,237,Mercedes,81.225,82.728,-1.912,-0.409,-1.912,-0.409,83.298,1.503,1.0,1.503,1,-1.160,-1.1604999999999999,-1.160,-1.1604999999999999
2,2021,2021041,52.0,238,Mercedes,82.67,85.165,-0.543,1.952,-1.948,1.952,83.539,2.495,1.0,3.900,1,0.704,0.7044999999999999,0.002,0.0020000000000000018
2,2021,2021041,53.0,239,Mercedes,81.304,,-1.677,,-1.677,,83.225,-,-,-,,-,-0.41066666666666674,-,-0.8789999999999999
2,2021,2021041,54.0,240,Mercedes,80.665,,-2.397,,-2.397,,83.114,-,-,-,,-,-1.5258333333333334,-,-1.7599999999999998
2,2021,2021041,55.0,241,Mercedes,80.787,80.091,-2.293,-2.989,-2.293,-2.989,83.227,-0.696,3.0,-0.696,3,-2.641,-2.641,-2.641,-2.641
2,2021,2021041,56.0,242,Mercedes,80.99,82.012,-2.087,-1.065,-2.087,-2.91,83.273,1.022,1.0,-0.823,3,-1.576,-1.576,-2.498,-2.4985
2,2021,2021041,57.0,243,Mercedes,80.906,80.242,-2.345,-3.009,-2.345,-3.009,83.251,-0.664,3.0,-0.664,3,-2.677,-2.677,-2.677,-2.677
2,2021,2021041,58.0,244,Mercedes,80.931,81.333,-2.712,-2.31,-2.712,-2.31,83.742,0.402,1.0,0.402,1,-2.511,-2.511,-2.511,-2.511
2,2021,2021041,59.0,245,Mercedes,81.521,82.241,-2.555,-1.835,-2.555,-1.835,84.323,0.720,1.0,0.720,1,-2.195,-2.1950000000000003,-2.195,-2.1950000000000003
2,2021,2021041,60.0,246,Mercedes,82.205,83.9,-1.469,0.226,-2.36,-0.706,84.389,1.695,1.0,1.654,1,-0.622,-0.6215,-1.533,-1.533
2,2021,2021041,61.0,247,Mercedes,81.107,83.695,-2.31,0.278,-2.31,0.278,83.653,2.588,1.0,2.588,1,-1.016,-1.016,-1.016,-1.016
2,2021,2021041,62.0,248,Mercedes,81.636,81.331,-1.221,-1.526,-1.221,-1.526,83.105,-0.305,3.0,-0.305,3,-1.373,-1.3735,-1.373,-1.3735
2,2021,2021041,63.0,249,Mercedes,81.705,80.619,-0.872,-1.958,-0.872,-1.958,82.858,-1.086,3.0,-1.086,3,-1.415,-1.415,-1.415,-1.415
2,2021,2021041,64.0,250,Mercedes,81.708,80.632,-0.896,-1.972,-0.896,-1.972,82.874,-1.076,3.0,-1.076,3,-1.434,-1.434,-1.434,-1.434
2,2021,2021041,65.0,251,Mercedes,81.985,79.43,-1.2,-3.755,-1.2,-3.755,83.185,-2.555,3.0,-2.555,3,-2.478,-2.4775,-2.478,-2.4775
2,2021,2021041,66.0,252,Mercedes,82.044,81.252,0.098,-0.694,0.098,-0.694,81.946,-0.792,3.0,-0.792,3,-0.298,-0.298,-0.298,-0.298
2,2021,2021051,1.0,253,Mercedes,,,,,,,,-,-,-,,-,,-,
2,2021,2021051,2.0,254,Mercedes,,,,,,,,-,-,-,,-,,-,
2,2021,2021051,3.0,255,Mercedes,78.24,77.329,-0.859,-1.77,-0.859,-1.77,79.099,-0.911,3.0,-0.911,3,-1.315,-1.3145,-1.315,-1.3145
2,2021,2021051,4.0,256,Mercedes,77.936,77.154,-0.794,-1.576,-0.794,-1.576,78.816,-0.782,3.0,-0.782,3,-1.185,-1.185,-1.185,-1.185
2,2021,2021051,5.0,257,Mercedes,78.221,77.236,-0.366,-1.351,-0.366,-1.351,78.622,-0.985,3.0,-0.985,3,-0.859,-0.8585,-0.859,-0.8585
2,2021,2021051,6.0,258,Mercedes,77.448,76.863,-0.947,-1.532,-0.947,-1.532,78.395,-0.585,3.0,-0.585,3,-1.240,-1.2395,-1.240,-1.2395
2,2021,2021051,7.0,259,Mercedes,77.205,77.082,-0.96,-1.083,-0.96,-1.083,78.181,-0.123,3.0,-0.123,3,-1.022,-1.0215,-1.022,-1.0215
2,2021,2021051,8.0,260,Mercedes,77.009,76.751,-0.913,-1.171,-0.913,-1.171,77.938,-0.258,3.0,-0.258,3,-1.042,-1.042,-1.042,-1.042
2,2021,2021051,9.0,261,Mercedes,76.779,76.961,-1.156,-0.974,-1.156,-0.974,78.018,0.182,1.0,0.182,1,-1.065,-1.065,-1.065,-1.065
2,2021,2021051,10.0,262,Mercedes,76.869,77.012,-0.998,-0.855,-0.998,-0.855,77.917,0.143,1.0,0.143,1,-0.926,-0.9265,-0.926,-0.9265
2,2021,2021051,11.0,263,Mercedes,76.698,76.575,-0.959,-1.082,-0.959,-1.082,77.684,-0.123,3.0,-0.123,3,-1.020,-1.0205,-1.020,-1.0205
2,2021,2021051,12.0,264,Mercedes,76.667,76.54,-0.834,-0.961,-0.834,-0.961,77.501,-0.127,3.0,-0.127,3,-0.897,-0.8975,-0.897,-0.8975
2,2021,2021051,13.0,265,Mercedes,77.07,76.04,-0.269,-1.299,-0.728,-1.299,77.391,-1.030,3.0,-0.571,3,-0.784,-0.784,-1.014,-1.0135
2,2021,2021051,14.0,266,Mercedes,76.555,76.028,-0.57,-1.097,-0.57,-1.097,77.147,-0.527,3.0,-0.527,3,-0.833,-0.8334999999999999,-0.833,-0.8334999999999999
2,2021,2021051,15.0,267,Mercedes,76.262,75.974,-0.78,-1.068,-0.78,-1.068,77.042,-0.288,3.0,-0.288,3,-0.924,-0.924,-0.924,-0.924
2,2021,2021051,16.0,268,Mercedes,76.152,76.275,-0.931,-0.808,-0.931,-0.808,77.083,0.123,1.0,0.123,1,-0.870,-0.8695,-0.870,-0.8695
2,2021,2021051,17.0,269,Mercedes,76.033,75.914,-0.975,-1.094,-0.975,-1.094,77.008,-0.119,3.0,-0.119,3,-1.034,-1.0345,-1.034,-1.0345
2,2021,2021051,18.0,270,Mercedes,75.854,75.706,-1.153,-1.301,-1.153,-1.301,77.036,-0.148,3.0,-0.148,3,-1.227,-1.2269999999999999,-1.227,-1.2269999999999999
2,2021,2021051,19.0,271,Mercedes,76.485,75.908,-0.515,-1.092,-0.515,-1.092,77.063,-0.577,3.0,-0.577,3,-0.804,-0.8035000000000001,-0.804,-0.8035000000000001
2,2021,2021051,20.0,272,Mercedes,76.8,76.335,-0.212,-0.677,-0.212,-0.677,77.012,-0.465,3.0,-0.465,3,-0.445,-0.4445,-0.445,-0.4445
2,2021,2021051,21.0,273,Mercedes,76.395,76.6,-0.674,-0.469,-0.674,-0.469,77.137,0.205,1.0,0.205,1,-0.572,-0.5715,-0.572,-0.5715
2,2021,2021051,22.0,274,Mercedes,76.017,76.471,-1.145,-0.691,-1.145,-0.691,77.179,0.454,1.0,0.454,1,-0.918,-0.9179999999999999,-0.918,-0.9179999999999999
2,2021,2021051,23.0,275,Mercedes,76.096,76.641,-1.196,-0.651,-1.196,-0.651,77.292,0.545,1.0,0.545,1,-0.923,-0.9235,-0.923,-0.9235
2,2021,2021051,24.0,276,Mercedes,76.343,77.198,-1.058,-0.203,-1.058,-0.809,77.606,0.855,1.0,0.249,1,-0.631,-0.6305000000000001,-0.933,-0.9335
2,2021,2021051,25.0,277,Mercedes,76.636,76.543,-0.905,-0.998,-0.905,-0.998,77.612,-0.093,3.0,-0.093,3,-0.952,-0.9515,-0.952,-0.9515
2,2021,2021051,26.0,278,Mercedes,76.497,76.687,-0.901,-0.711,-0.901,-0.711,77.488,0.190,1.0,0.190,1,-0.806,-0.806,-0.806,-0.806
2,2021,2021051,27.0,279,Mercedes,76.622,76.247,-0.871,-1.246,-0.871,-1.246,77.702,-0.375,3.0,-0.375,3,-1.058,-1.0585,-1.058,-1.0585
2,2021,2021051,28.0,280,Mercedes,77.044,76.034,-0.681,-1.691,-0.681,-1.691,77.925,-1.010,3.0,-1.010,3,-1.186,-1.186,-1.186,-1.186
2,2021,2021051,29.0,281,Mercedes,,76.265,,-1.48,,-1.48,78.303,-,-,-,,-,,-,
2,2021,2021051,30.0,282,Mercedes,,,,,,,78.536,-,-,-,,-,,-,
2,2021,2021051,31.0,283,Mercedes,79.326,,1.255,,1.255,,78.795,-,-,-,,-,,-,
2,2021,2021051,32.0,284,Mercedes,78.966,,1.415,,1.415,,77.706,-,-,-,,-,,-,
2,2021,2021051,33.0,285,Mercedes,77.702,,0.674,,0.674,,77.107,-,-,-,,-,,-,
2,2021,2021051,34.0,286,Mercedes,76.42,,-0.01,,-0.01,,76.532,-,-,-,,-,,-,
2,2021,2021051,35.0,287,Mercedes,75.929,,-0.452,,-0.452,,76.508,-,-,-,,-,,-,
2,2021,2021051,36.0,288,Mercedes,76.036,,-0.537,,-0.537,,76.661,-,-,-,,-,,-,
2,2021,2021051,37.0,289,Mercedes,76.621,,0.127,,-0.372,,76.547,-,-,-,,-,,-,
2,2021,2021051,38.0,290,Mercedes,76.209,,-0.37,,-0.37,,76.79,-,-,-,,-,,-,
2,2021,2021051,39.0,291,Mercedes,76.392,,-0.693,,-0.693,,77.309,-,-,-,,-,,-,
2,2021,2021051,40.0,292,Mercedes,76.542,,-0.255,,-0.255,,76.854,-,-,-,,-,,-,
2,2021,2021051,41.0,293,Mercedes,76.349,,-0.004,,-0.004,,76.497,-,-,-,,-,,-,
2,2021,2021051,42.0,294,Mercedes,76.964,,0.361,,0.361,,76.628,-,-,-,,-,,-,
2,2021,2021051,43.0,295,Mercedes,77.853,,1.317,,0.343,,76.878,-,-,-,,-,,-,
2,2021,2021051,44.0,296,Mercedes,76.793,,0.112,,0.112,,76.681,-,-,-,,-,,-,
2,2021,2021051,45.0,297,Mercedes,75.903,,-0.575,,-0.575,,76.682,-,-,-,,-,,-,
2,2021,2021051,46.0,298,Mercedes,75.72,,-0.762,,-0.762,,77.165,-,-,-,,-,,-,
2,2021,2021051,47.0,299,Mercedes,75.277,,-0.954,,-0.954,,76.282,-,-,-,,-,,-,
2,2021,2021051,48.0,300,Mercedes,76.717,,0.584,,-0.33,,76.458,-,-,-,,-,,-,
2,2021,2021051,49.0,301,Mercedes,76.328,,0.194,,0.194,,76.155,-,-,-,,-,,-,
2,2021,2021051,50.0,302,Mercedes,76.216,,0.13,,0.13,,76.161,-,-,-,,-,,-,
2,2021,2021051,51.0,303,Mercedes,76.266,,0.219,,0.219,,76.205,-,-,-,,-,,-,
2,2021,2021051,52.0,304,Mercedes,76.129,,0.134,,0.134,,76.013,-,-,-,,-,,-,
2,2021,2021051,53.0,305,Mercedes,75.641,,-0.308,,-0.308,,76.064,-,-,-,,-,,-,
2,2021,2021051,54.0,306,Mercedes,75.894,,-0.083,,-0.083,,75.996,-,-,-,,-,,-,
2,2021,2021051,55.0,307,Mercedes,75.953,,0.127,,0.127,,75.826,-,-,-,,-,,-,
2,2021,2021051,56.0,308,Mercedes,76.148,,0.164,,0.164,,76.413,-,-,-,,-,,-,
2,2021,2021051,57.0,309,Mercedes,76.877,,0.723,,0.041,,76.228,-,-,-,,-,,-,
2,2021,2021051,58.0,310,Mercedes,76.241,,0.14,,0.14,,76.2,-,-,-,,-,,-,
2,2021,2021051,59.0,311,Mercedes,76.006,,-0.304,,-0.304,,76.563,-,-,-,,-,,-,
2,2021,2021051,60.0,312,Mercedes,76.013,,-0.368,,-0.368,,76.644,-,-,-,,-,,-,
2,2021,2021051,61.0,313,Mercedes,75.858,,-0.415,,-0.415,,76.602,-,-,-,,-,,-,
2,2021,2021051,62.0,314,Mercedes,75.926,,-0.137,,-0.137,,76.063,-,-,-,,-,,-,
2,2021,2021051,63.0,315,Mercedes,75.404,,-0.603,,-0.603,,76.072,-,-,-,,-,,-,
2,2021,2021051,64.0,316,Mercedes,76.498,,0.375,,-0.579,,76.436,-,-,-,,-,,-,
2,2021,2021051,65.0,317,Mercedes,75.684,,-0.568,,-0.568,,76.529,-,-,-,,-,,-,
2,2021,2021051,66.0,318,Mercedes,75.261,,-0.991,,-0.991,,76.729,-,-,-,,-,,-,
2,2021,2021051,67.0,319,Mercedes,,,,,,,76.163,-,-,-,,-,,-,
2,2021,2021051,68.0,320,Mercedes,,,,,,,76.327,-,-,-,,-,,-,
2,2021,2021051,69.0,321,Mercedes,72.909,,-3.08,,-3.08,,75.989,-,-,-,,-,,-,
2,2021,2021051,70.0,322,Mercedes,73.382,,-2.625,,-2.625,,76.023,-,-,-,,-,,-,
2,2021,2021051,71.0,323,Mercedes,74.433,,-1.598,,-1.598,,76.075,-,-,-,,-,,-,
2,2021,2021051,72.0,324,Mercedes,75.081,,-0.91,,-0.91,,76.133,-,-,-,,-,,-,
2,2021,2021051,73.0,325,Mercedes,75.08,,-1.051,,-1.051,,76.274,-,-,-,,-,,-,
2,2021,2021051,74.0,326,Mercedes,75.323,,-0.967,,-0.967,,76.367,-,-,-,,-,,-,
2,2021,2021051,75.0,327,Mercedes,76.795,,0.482,,0.482,,76.313,-,-,-,,-,,-,
2,2021,2021051,76.0,328,Mercedes,74.539,,-1.485,,-1.485,,76.024,-,-,-,,-,,-,
2,2021,2021051,77.0,329,Mercedes,76.05,,-0.448,,-0.448,,76.498,-,-,-,,-,,-,
2,2021,2021051,78.0,330,Mercedes,78.003,,1.464,,1.464,,76.539,-,-,-,,-,,-,
2,2021,2021061,1.0,331,Mercedes,,,,,,,,-,-,-,,-,,-,
2,2021,2021061,2.0,332,Mercedes,,,,,,,,-,-,-,,-,,-,
2,2021,2021061,3.0,333,Mercedes,108.06,109.315,-1.522,-0.267,-1.522,-0.267,109.582,1.255,1.0,1.255,1,-0.895,-0.8945000000000001,-0.895,-0.8945000000000001
2,2021,2021061,4.0,334,Mercedes,107.462,109.208,-1.329,0.417,-1.329,0.417,108.791,1.746,1.0,1.746,1,-0.456,-0.45599999999999996,-0.456,-0.45599999999999996
2,2021,2021061,5.0,335,Mercedes,107.642,108.222,-0.758,-0.178,-0.758,-0.178,108.446,0.580,1.0,0.580,1,-0.468,-0.46799999999999997,-0.468,-0.46799999999999997
2,2021,2021061,6.0,336,Mercedes,107.394,108.335,-1.167,-0.226,-1.167,-0.226,108.581,0.941,1.0,0.941,1,-0.697,-0.6965,-0.697,-0.6965
2,2021,2021061,7.0,337,Mercedes,107.056,108.877,-1.482,0.339,-1.482,0.339,108.58,1.821,1.0,1.821,1,-0.572,-0.5715,-0.572,-0.5715
2,2021,2021061,8.0,338,Mercedes,107.084,108.418,-1.243,0.091,-1.243,0.091,108.327,1.334,1.0,1.334,1,-0.576,-0.5760000000000001,-0.576,-0.5760000000000001
2,2021,2021061,9.0,339,Mercedes,107.399,108.134,-0.472,0.263,-0.472,0.263,107.957,0.735,1.0,0.735,1,-0.104,-0.10449999999999998,-0.104,-0.10449999999999998
2,2021,2021061,10.0,340,Mercedes,107.441,108.326,-0.543,0.342,-0.543,0.342,108.038,0.885,1.0,0.885,1,-0.101,-0.1005,-0.101,-0.1005
2,2021,2021061,11.0,341,Mercedes,,,,,,,108.681,-,-,-,,-,-0.32233333333333336,-,-0.32233333333333336
2,2021,2021061,12.0,342,Mercedes,,,,,,,108.217,-,-,-,,-,-0.5441666666666667,-,-0.5441666666666667
2,2021,2021061,13.0,343,Mercedes,106.6,107.664,-1.298,-0.234,-1.298,-0.234,107.898,1.064,1.0,1.064,1,-0.766,-0.766,-0.766,-0.766
2,2021,2021061,14.0,344,Mercedes,106.67,107.352,-0.962,-0.28,-0.962,-0.28,107.74,0.682,1.0,0.682,1,-0.621,-0.621,-0.621,-0.621
2,2021,2021061,15.0,345,Mercedes,106.913,107.023,-0.551,-0.441,-0.551,-0.441,107.487,0.110,1.0,0.110,1,-0.496,-0.496,-0.496,-0.496
2,2021,2021061,16.0,346,Mercedes,105.675,106.626,-1.688,-0.737,-1.688,-0.737,107.418,0.951,1.0,0.951,1,-1.212,-1.2125,-1.212,-1.2125
2,2021,2021061,17.0,347,Mercedes,106.145,106.612,-1.182,-0.715,-1.608,-0.715,107.419,0.467,1.0,0.893,1,-0.948,-0.9484999999999999,-1.161,-1.1615
2,2021,2021061,18.0,348,Mercedes,105.763,106.253,-1.519,-1.029,-1.519,-1.029,107.324,0.490,1.0,0.490,1,-1.274,-1.274,-1.274,-1.274
2,2021,2021061,19.0,349,Mercedes,106.229,106.172,-0.905,-0.962,-1.298,-0.962,107.156,-0.057,3.0,0.336,1,-0.933,-0.9335,-1.130,-1.13
2,2021,2021061,20.0,350,Mercedes,105.91,106.61,-1.234,-0.534,-1.234,-0.534,107.144,0.700,1.0,0.700,1,-0.884,-0.884,-0.884,-0.884
2,2021,2021061,21.0,351,Mercedes,105.814,107.358,-1.29,0.254,-1.29,0.254,107.121,1.544,1.0,1.544,1,-0.518,-0.518,-0.518,-0.518
2,2021,2021061,22.0,352,Mercedes,106.116,107.513,-0.963,0.434,-0.963,0.434,107.107,1.397,1.0,1.397,1,-0.264,-0.26449999999999996,-0.264,-0.26449999999999996
2,2021,2021061,23.0,353,Mercedes,106.379,107.736,-0.603,0.754,-0.603,0.754,107.185,1.357,1.0,1.357,1,0.076,0.07550000000000001,0.076,0.07550000000000001
2,2021,2021061,24.0,354,Mercedes,106.283,106.903,-0.681,-0.061,-0.681,-0.061,107.683,0.620,1.0,0.620,1,-0.371,-0.371,-0.371,-0.371
2,2021,2021061,25.0,355,Mercedes,105.62,106.77,-1.332,-0.182,-1.332,-0.182,106.952,1.150,1.0,1.150,1,-0.757,-0.757,-0.757,-0.757
2,2021,2021061,26.0,356,Mercedes,106.044,106.336,-0.872,-0.58,-0.872,-0.58,106.988,0.292,1.0,0.292,1,-0.726,-0.726,-0.726,-0.726
2,2021,2021061,27.0,357,Mercedes,106.346,106.385,-0.509,-0.47,-0.509,-0.47,107.076,0.039,1.0,0.039,1,-0.489,-0.4895,-0.489,-0.4895
2,2021,2021061,28.0,358,Mercedes,106.101,106.064,-0.722,-0.759,-0.722,-0.759,106.823,-0.037,3.0,-0.037,3,-0.740,-0.7404999999999999,-0.740,-0.7404999999999999
2,2021,2021061,29.0,359,Mercedes,105.846,106.175,-0.836,-0.507,-0.836,-0.507,106.682,0.329,1.0,0.329,1,-0.671,-0.6715,-0.671,-0.6715
2,2021,2021061,30.0,360,Mercedes,105.592,108.298,-1.304,1.402,-1.304,1.402,106.896,2.706,1.0,2.706,1,0.049,0.04899999999999993,0.049,0.04899999999999993
2,2021,2021061,31.0,361,Mercedes,,,,,,,,-,-,-,,-,-0.027428571428571483,-,-0.027428571428571483
2,2021,2021061,32.0,362,Mercedes,,,,,,,,-,-,-,,-,-0.1038571428571429,-,-0.1038571428571429
2,2021,2021061,33.0,363,Mercedes,,,,,,,,-,-,-,,-,-0.18028571428571433,-,-0.18028571428571433
2,2021,2021061,34.0,364,Mercedes,,,,,,,,-,-,-,,-,,-,
2,2021,2021061,35.0,365,Mercedes,,,,,,,,-,-,-,,-,,-,
2,2021,2021061,36.0,366,Mercedes,,,,,,,,-,-,-,,-,,-,
2,2021,2021061,37.0,367,Mercedes,106.514,108.988,-1.723,0.751,-1.723,0.751,108.237,2.474,1.0,2.474,1,-0.486,-0.48600000000000004,-0.486,-0.48600000000000004
2,2021,2021061,38.0,368,Mercedes,105.215,108.389,-1.807,1.367,-1.807,1.367,107.022,3.174,1.0,3.174,1,-0.220,-0.21999999999999997,-0.220,-0.21999999999999997
2,2021,2021061,39.0,369,Mercedes,106.02,107.724,-0.401,1.303,-1.304,1.303,106.471,1.704,1.0,2.607,1,0.451,0.45099999999999996,-0.001,-0.000500000000000056
2,2021,2021061,40.0,370,Mercedes,105.019,106.432,-1.194,0.219,-1.194,0.219,106.214,1.413,1.0,1.413,1,-0.487,-0.4875,-0.487,-0.4875
2,2021,2021061,41.0,371,Mercedes,105.027,106.362,-0.989,0.346,-0.989,0.346,106.016,1.335,1.0,1.335,1,-0.322,-0.3215,-0.322,-0.3215
2,2021,2021061,42.0,372,Mercedes,105.258,105.976,-0.692,0.026,-0.692,0.026,105.984,0.718,1.0,0.718,1,-0.333,-0.33299999999999996,-0.333,-0.33299999999999996
2,2021,2021061,43.0,373,Mercedes,104.769,105.665,-1.28,-0.384,-1.28,-0.384,106.087,0.896,1.0,0.896,1,-0.832,-0.8320000000000001,-0.832,-0.8320000000000001
2,2021,2021061,44.0,374,Mercedes,104.779,105.817,-0.923,0.115,-0.923,0.115,105.747,1.038,1.0,1.038,1,-0.404,-0.404,-0.404,-0.404
2,2021,2021061,45.0,375,Mercedes,104.857,106.196,-0.891,0.448,-0.891,0.448,105.893,1.339,1.0,1.339,1,-0.222,-0.2215,-0.222,-0.2215
2,2021,2021061,46.0,376,Mercedes,105.104,108.552,-1.904,1.544,-1.904,1.544,107.008,3.448,1.0,3.448,1,-0.180,-0.17999999999999994,-0.180,-0.17999999999999994
2,2021,2021061,47.0,377,Mercedes,,,,,,,,-,-,-,,-,0.3051,-,0.3051
2,2021,2021061,48.0,378,Mercedes,,,,,,,,-,-,-,,-,0.7901999999999999,-,0.7901999999999999
2,2021,2021061,49.0,379,Mercedes,,,,,,,,-,-,-,,-,1.2752999999999999,-,1.2752999999999999
2,2021,2021061,50.0,380,Mercedes,,132.714,,-1.731,,-1.731,134.445,-,-,-,,-,,-,
2,2021,2021061,51.0,381,Mercedes,111.085,106.762,4.407,0.084,4.407,0.084,106.678,-4.323,3.0,-4.323,3,2.245,2.2455,2.245,2.2455
2,2021,2021071,1.0,382,Mercedes,,,,,,,,-,-,-,,-,,-,
2,2021,2021071,2.0,383,Mercedes,,,,,,,,-,-,-,,-,,-,
2,2021,2021071,3.0,384,Mercedes,99.776,99.822,-1.684,-1.638,-1.684,-1.638,101.46,0.046,1.0,0.046,1,-1.661,-1.661,-1.661,-1.661
2,2021,2021071,4.0,385,Mercedes,99.692,99.889,-1.561,-1.364,-1.561,-1.364,101.63,0.197,1.0,0.197,1,-1.462,-1.4625,-1.462,-1.4625
2,2021,2021071,5.0,386,Mercedes,99.549,99.293,-1.25,-1.506,-1.25,-1.506,100.799,-0.256,3.0,-0.256,3,-1.378,-1.3780000000000001,-1.378,-1.3780000000000001
2,2021,2021071,6.0,387,Mercedes,98.787,98.604,-1.552,-1.735,-1.552,-1.735,100.339,-0.183,3.0,-0.183,3,-1.643,-1.6435,-1.643,-1.6435
2,2021,2021071,7.0,388,Mercedes,99.204,99.51,-1.299,-0.993,-1.728,-1.586,100.736,0.306,1.0,0.142,1,-1.146,-1.146,-1.657,-1.657
2,2021,2021071,8.0,389,Mercedes,98.763,99.229,-1.799,-1.333,-1.799,-1.333,100.562,0.466,1.0,0.466,1,-1.566,-1.5659999999999998,-1.566,-1.5659999999999998
2,2021,2021071,9.0,390,Mercedes,99.268,99.264,-1.178,-1.182,-1.676,-1.182,100.552,-0.004,3.0,0.494,1,-1.180,-1.18,-1.429,-1.4289999999999998
2,2021,2021071,10.0,391,Mercedes,98.778,99.018,-1.709,-1.469,-1.709,-1.469,100.533,0.240,1.0,0.240,1,-1.589,-1.589,-1.589,-1.589
2,2021,2021071,11.0,392,Mercedes,98.977,99.29,-1.635,-1.322,-1.635,-1.322,100.724,0.313,1.0,0.313,1,-1.478,-1.4785,-1.478,-1.4785
2,2021,2021071,12.0,393,Mercedes,99.432,100.266,-1.283,-0.449,-1.762,-1.334,100.783,0.834,1.0,0.428,1,-0.866,-0.866,-1.548,-1.548
2,2021,2021071,13.0,394,Mercedes,98.929,99.473,-1.974,-1.43,-1.974,-1.43,101.064,0.544,1.0,0.544,1,-1.702,-1.702,-1.702,-1.702
2,2021,2021071,14.0,395,Mercedes,99.16,99.406,-1.818,-1.572,-1.818,-1.572,101.023,0.246,1.0,0.246,1,-1.695,-1.695,-1.695,-1.695
2,2021,2021071,15.0,396,Mercedes,99.511,99.864,-1.583,-1.23,-1.816,-1.23,101.339,0.353,1.0,0.586,1,-1.406,-1.4064999999999999,-1.523,-1.5230000000000001
2,2021,2021071,16.0,397,Mercedes,99.395,99.239,-1.414,-1.57,-1.414,-1.57,100.882,-0.156,3.0,-0.156,3,-1.492,-1.492,-1.492,-1.492
2,2021,2021071,17.0,398,Mercedes,98.926,,-1.622,,-1.622,,100.548,-,-,-,,-,-1.6764,-,-1.6764
2,2021,2021071,18.0,399,Mercedes,99.035,,-1.103,,-1.103,,100.138,-,-,-,,-,-1.8607999999999998,-,-1.8607999999999998
2,2021,2021071,19.0,400,Mercedes,,96.96,,-2.913,,-2.913,99.964,-,-,-,,-,-2.0452,-,-2.0452
2,2021,2021071,20.0,401,Mercedes,,97.488,,-2.517,,-2.517,100.178,-,-,-,,-,,-,
2,2021,2021071,21.0,402,Mercedes,97.48,97.514,-2.431,-2.397,-2.431,-2.397,99.933,0.034,1.0,0.034,1,-2.414,-2.4139999999999997,-2.414,-2.4139999999999997
2,2021,2021071,22.0,403,Mercedes,97.551,97.377,-2.415,-2.589,-2.415,-2.589,100.046,-0.174,3.0,-0.174,3,-2.502,-2.502,-2.502,-2.502
2,2021,2021071,23.0,404,Mercedes,97.702,97.922,-2.318,-2.098,-2.318,-2.098,100.293,0.220,1.0,0.220,1,-2.208,-2.208,-2.208,-2.208
2,2021,2021071,24.0,405,Mercedes,97.786,97.642,-2.293,-2.437,-2.293,-2.437,100.173,-0.144,3.0,-0.144,3,-2.365,-2.365,-2.365,-2.365
2,2021,2021071,25.0,406,Mercedes,97.947,97.799,-2.135,-2.283,-2.135,-2.283,100.082,-0.148,3.0,-0.148,3,-2.209,-2.2089999999999996,-2.209,-2.2089999999999996
2,2021,2021071,26.0,407,Mercedes,97.905,99.013,-2.022,-0.914,-2.022,-1.992,100.208,1.108,1.0,0.030,1,-1.468,-1.468,-2.007,-2.0069999999999997
2,2021,2021071,27.0,408,Mercedes,97.979,98.071,-1.857,-1.765,-1.857,-1.765,99.836,0.092,1.0,0.092,1,-1.811,-1.811,-1.811,-1.811
2,2021,2021071,28.0,409,Mercedes,97.712,98.291,-2.073,-1.494,-2.073,-1.494,100.261,0.579,1.0,0.579,1,-1.784,-1.7835,-1.784,-1.7835
2,2021,2021071,29.0,410,Mercedes,98.457,98.629,-1.485,-1.313,-1.973,-1.313,100.319,0.172,1.0,0.660,1,-1.399,-1.399,-1.643,-1.643
2,2021,2021071,30.0,411,Mercedes,98.226,98.713,-1.667,-1.18,-1.667,-1.18,99.994,0.487,1.0,0.487,1,-1.423,-1.4235,-1.423,-1.4235
2,2021,2021071,31.0,412,Mercedes,98.503,98.982,-1.216,-0.737,-1.41,-0.737,99.804,0.479,1.0,0.673,1,-0.976,-0.9764999999999999,-1.073,-1.0735
2,2021,2021071,32.0,413,Mercedes,98.392,98.831,-1.305,-0.866,-1.305,-0.866,99.786,0.439,1.0,0.439,1,-1.085,-1.0855,-1.085,-1.0855
2,2021,2021071,33.0,414,Mercedes,98.429,98.346,-0.832,-0.915,-0.832,-0.915,99.458,-0.083,3.0,-0.083,3,-0.873,-0.8734999999999999,-0.873,-0.8734999999999999
2,2021,2021071,34.0,415,Mercedes,98.666,97.702,-0.303,-1.267,-0.549,-1.267,99.027,-0.964,3.0,-0.718,3,-0.785,-0.7849999999999999,-0.908,-0.9079999999999999
2,2021,2021071,35.0,416,Mercedes,98.411,98.392,-0.567,-0.586,-0.567,-1.072,99.108,-0.019,3.0,-0.505,3,-0.577,-0.5765,-0.820,-0.8195
2,2021,2021071,36.0,417,Mercedes,98.565,98.111,-0.468,-0.922,-0.468,-0.922,99.275,-0.454,3.0,-0.454,3,-0.695,-0.6950000000000001,-0.695,-0.6950000000000001
2,2021,2021071,37.0,418,Mercedes,99.137,98.188,0.088,-0.861,-0.941,-0.861,99.103,-0.949,3.0,0.080,1,-0.387,-0.3865,-0.901,-0.901
2,2021,2021071,38.0,419,Mercedes,97.65,97.862,-1.347,-1.135,-1.347,-1.135,98.997,0.212,1.0,0.212,1,-1.241,-1.241,-1.241,-1.241
2,2021,2021071,39.0,420,Mercedes,97.458,98.016,-1.599,-1.041,-1.599,-1.041,99.117,0.558,1.0,0.558,1,-1.320,-1.3199999999999998,-1.320,-1.3199999999999998
2,2021,2021071,40.0,421,Mercedes,98.182,98.738,-0.82,-0.264,-1.43,-0.632,99.079,0.556,1.0,0.798,1,-0.542,-0.542,-1.031,-1.031
2,2021,2021071,41.0,422,Mercedes,97.685,98.724,-1.113,-0.074,-1.113,-0.074,98.862,1.039,1.0,1.039,1,-0.594,-0.5935,-0.594,-0.5935
2,2021,2021071,42.0,423,Mercedes,97.818,98.247,-0.794,-0.365,-0.794,-0.365,98.668,0.429,1.0,0.429,1,-0.580,-0.5795,-0.580,-0.5795
2,2021,2021071,43.0,424,Mercedes,97.64,97.612,-0.849,-0.877,-0.849,-0.877,98.58,-0.028,3.0,-0.028,3,-0.863,-0.863,-0.863,-0.863
2,2021,2021071,44.0,425,Mercedes,97.41,99.479,-1.038,1.031,-1.038,-0.106,98.66,2.069,1.0,0.932,1,-0.004,-0.0035000000000000586,-0.572,-0.5720000000000001
2,2021,2021071,45.0,426,Mercedes,97.542,99.073,-1.047,0.484,-1.047,0.484,98.804,1.531,1.0,1.531,1,-0.281,-0.2815,-0.281,-0.2815
2,2021,2021071,46.0,427,Mercedes,97.545,98.719,-1.127,0.047,-1.127,0.047,98.803,1.174,1.0,1.174,1,-0.540,-0.54,-0.540,-0.54
2,2021,2021071,47.0,428,Mercedes,98.431,97.695,-0.368,-1.104,-0.982,-1.104,99.158,-0.736,3.0,-0.122,3,-0.736,-0.736,-1.043,-1.0430000000000001
2,2021,2021071,48.0,429,Mercedes,98.089,98.768,-0.838,-0.159,-0.838,-0.159,99.126,0.679,1.0,0.679,1,-0.498,-0.4985,-0.498,-0.4985
2,2021,2021071,49.0,430,Mercedes,98.189,101.084,-0.797,2.098,-0.797,0.011,99.205,2.895,1.0,0.808,1,0.650,0.6504999999999999,-0.393,-0.393
2,2021,2021071,50.0,431,Mercedes,97.946,99.226,-1.092,0.188,-1.092,0.188,99.038,1.280,1.0,1.280,1,-0.452,-0.45200000000000007,-0.452,-0.45200000000000007
2,2021,2021071,51.0,432,Mercedes,98.242,98.322,-0.555,-0.475,-0.555,-0.475,99.002,0.080,1.0,0.080,1,-0.515,-0.515,-0.515,-0.515
2,2021,2021071,52.0,433,Mercedes,98.735,98.44,-0.091,-0.386,-0.091,-0.386,98.826,-0.295,3.0,-0.295,3,-0.238,-0.2385,-0.238,-0.2385
2,2021,2021071,53.0,434,Mercedes,99.041,97.86,0.522,-0.659,0.522,-0.659,98.519,-1.181,3.0,-1.181,3,-0.069,-0.0685,-0.069,-0.0685
2,2021,2021081,1.0,435,Mercedes,,,,,,,,-,-,-,,-,,-,
2,2021,2021081,2.0,436,Mercedes,,,,,,,,-,-,-,,-,,-,
2,2021,2021081,3.0,437,Mercedes,70.045,71.394,-1.767,-0.418,-1.767,-0.418,71.812,1.349,1.0,1.349,1,-1.093,-1.0925,-1.093,-1.0925
2,2021,2021081,4.0,438,Mercedes,69.945,70.555,-5.093,-4.483,-5.093,-4.483,75.054,0.610,1.0,0.610,1,-4.788,-4.788,-4.788,-4.788
2,2021,2021081,5.0,439,Mercedes,69.865,70.541,-1.337,-0.661,-1.337,-0.661,71.464,0.676,1.0,0.676,1,-0.999,-0.999,-0.999,-0.999
2,2021,2021081,6.0,440,Mercedes,70.428,70.935,-0.884,-0.377,-1.456,-0.377,71.342,0.507,1.0,1.079,1,-0.631,-0.6305000000000001,-0.916,-0.9165
2,2021,2021081,7.0,441,Mercedes,69.846,71.229,-1.51,-0.127,-1.51,-0.127,71.69,1.383,1.0,1.383,1,-0.819,-0.8185,-0.819,-0.8185
2,2021,2021081,8.0,442,Mercedes,69.921,70.883,-1.502,-0.54,-1.502,-0.54,71.444,0.962,1.0,0.962,1,-1.021,-1.021,-1.021,-1.021
2,2021,2021081,9.0,443,Mercedes,69.923,70.981,-1.498,-0.44,-1.498,-0.44,71.457,1.058,1.0,1.058,1,-0.969,-0.969,-0.969,-0.969
2,2021,2021081,10.0,444,Mercedes,69.752,71.425,-1.748,-0.075,-1.748,-0.403,71.518,1.673,1.0,1.345,1,-0.911,-0.9115,-1.075,-1.0755
2,2021,2021081,11.0,445,Mercedes,70.079,71.214,-1.342,-0.207,-1.647,-0.207,71.6,1.135,1.0,1.440,1,-0.775,-0.7745000000000001,-0.927,-0.927
2,2021,2021081,12.0,446,Mercedes,69.795,70.924,-1.584,-0.455,-1.584,-0.455,71.529,1.129,1.0,1.129,1,-1.020,-1.0195,-1.020,-1.0195
2,2021,2021081,13.0,447,Mercedes,69.695,70.632,-1.657,-0.72,-1.657,-0.72,71.388,0.937,1.0,0.937,1,-1.188,-1.1885,-1.188,-1.1885
2,2021,2021081,14.0,448,Mercedes,69.693,70.122,-1.603,-1.174,-1.603,-1.174,71.336,0.429,1.0,0.429,1,-1.389,-1.3885,-1.389,-1.3885
2,2021,2021081,15.0,449,Mercedes,70.079,70.066,-1.222,-1.235,-1.486,-1.235,71.335,-0.013,3.0,0.251,1,-1.228,-1.2285,-1.361,-1.3605
2,2021,2021081,16.0,450,Mercedes,69.938,70.163,-1.329,-1.104,-1.329,-1.104,71.283,0.225,1.0,0.225,1,-1.216,-1.2165,-1.216,-1.2165
2,2021,2021081,17.0,451,Mercedes,69.892,70.371,-1.445,-0.966,-1.445,-0.966,71.391,0.479,1.0,0.479,1,-1.206,-1.2055,-1.206,-1.2055
2,2021,2021081,18.0,452,Mercedes,70.212,70.319,-1.141,-1.034,-1.141,-1.034,71.393,0.107,1.0,0.107,1,-1.087,-1.0875,-1.087,-1.0875
2,2021,2021081,19.0,453,Mercedes,70.267,70.372,-1.083,-0.978,-1.083,-0.978,71.456,0.105,1.0,0.105,1,-1.030,-1.0305,-1.030,-1.0305
2,2021,2021081,20.0,454,Mercedes,69.866,70.192,-1.318,-0.992,-1.318,-0.992,71.19,0.326,1.0,0.326,1,-1.155,-1.155,-1.155,-1.155
2,2021,2021081,21.0,455,Mercedes,69.613,69.921,-1.46,-1.152,-1.46,-1.152,71.108,0.308,1.0,0.308,1,-1.306,-1.306,-1.306,-1.306
2,2021,2021081,22.0,456,Mercedes,69.877,69.846,-1.154,-1.185,-1.154,-1.185,71.031,-0.031,3.0,-0.031,3,-1.169,-1.1695,-1.169,-1.1695
2,2021,2021081,23.0,457,Mercedes,69.767,70.362,-1.247,-0.652,-1.247,-0.956,71.142,0.595,1.0,0.291,1,-0.950,-0.9495,-1.102,-1.1015000000000001
2,2021,2021081,24.0,458,Mercedes,69.904,70.27,-1.152,-0.786,-1.152,-0.786,71.169,0.366,1.0,0.366,1,-0.969,-0.969,-0.969,-0.969
2,2021,2021081,25.0,459,Mercedes,70.594,70.199,-0.508,-0.903,-1.332,-0.903,71.273,-0.395,3.0,0.429,1,-0.706,-0.7055,-1.118,-1.1175000000000002
2,2021,2021081,26.0,460,Mercedes,69.635,70.561,-1.514,-0.588,-1.514,-0.588,71.19,0.926,1.0,0.926,1,-1.051,-1.051,-1.051,-1.051
2,2021,2021081,27.0,461,Mercedes,70.234,,-0.994,,-0.994,,71.228,-,-,-,,-,-1.113125,-,-1.1392499999999999
2,2021,2021081,28.0,462,Mercedes,,,,,,,71.246,-,-,-,,-,-1.1752500000000001,-,-1.2275
2,2021,2021081,29.0,463,Mercedes,,69.071,,-1.565,,-1.565,70.643,-,-,-,,-,-1.2373750000000001,-,-1.31575
2,2021,2021081,30.0,464,Mercedes,69.066,69.363,-1.448,-1.151,-1.448,-1.36,70.577,0.297,1.0,0.088,1,-1.300,-1.2995,-1.404,-1.404
2,2021,2021081,31.0,465,Mercedes,69.145,69.237,-1.233,-1.141,-1.233,-1.141,70.378,0.092,1.0,0.092,1,-1.187,-1.187,-1.187,-1.187
2,2021,2021081,32.0,466,Mercedes,69.287,69.277,-1.146,-1.156,-1.146,-1.156,70.616,-0.010,3.0,-0.010,3,-1.151,-1.1509999999999998,-1.151,-1.1509999999999998
2,2021,2021081,33.0,467,Mercedes,68.362,68.782,-1.996,-1.576,-1.996,-1.576,70.399,0.420,1.0,0.420,1,-1.786,-1.786,-1.786,-1.786
2,2021,2021081,34.0,468,Mercedes,69.132,69.126,-0.996,-1.002,-1.592,-1.002,70.161,-0.006,3.0,0.590,1,-0.999,-0.999,-1.297,-1.2970000000000002
2,2021,2021081,35.0,469,Mercedes,68.71,69.592,-1.48,-0.598,-1.48,-1.049,70.214,0.882,1.0,0.431,1,-1.039,-1.039,-1.264,-1.2645
2,2021,2021081,36.0,470,Mercedes,68.477,69.156,-1.639,-0.96,-1.639,-0.96,70.221,0.679,1.0,0.679,1,-1.300,-1.2995,-1.300,-1.2995
2,2021,2021081,37.0,471,Mercedes,68.517,69.345,-1.497,-0.669,-1.497,-0.669,70.014,0.828,1.0,0.828,1,-1.083,-1.0830000000000002,-1.083,-1.0830000000000002
2,2021,2021081,38.0,472,Mercedes,68.764,68.876,-1.188,-1.076,-1.188,-1.076,70.097,0.112,1.0,0.112,1,-1.132,-1.1320000000000001,-1.132,-1.1320000000000001
2,2021,2021081,39.0,473,Mercedes,68.922,68.799,-0.928,-1.051,-0.928,-1.051,70.136,-0.123,3.0,-0.123,3,-0.990,-0.9895,-0.990,-0.9895
2,2021,2021081,40.0,474,Mercedes,68.792,68.772,-1.026,-1.046,-1.026,-1.046,69.923,-0.020,3.0,-0.020,3,-1.036,-1.036,-1.036,-1.036
2,2021,2021081,41.0,475,Mercedes,68.553,68.904,-1.216,-0.865,-1.216,-0.865,70.169,0.351,1.0,0.351,1,-1.040,-1.0405,-1.040,-1.0405
2,2021,2021081,42.0,476,Mercedes,68.482,68.874,-1.364,-0.972,-1.364,-0.972,70.084,0.392,1.0,0.392,1,-1.168,-1.1680000000000001,-1.168,-1.1680000000000001
2,2021,2021081,43.0,477,Mercedes,68.88,68.619,-0.922,-1.183,-1.244,-1.183,69.894,-0.261,3.0,0.061,1,-1.052,-1.0525,-1.214,-1.2135
2,2021,2021081,44.0,478,Mercedes,68.633,69.104,-1.149,-0.678,-1.149,-0.678,69.932,0.471,1.0,0.471,1,-0.913,-0.9135,-0.913,-0.9135
2,2021,2021081,45.0,479,Mercedes,69.365,69.46,-0.439,-0.344,-1.105,-0.577,70.089,0.095,1.0,0.528,1,-0.391,-0.39149999999999996,-0.841,-0.841
2,2021,2021081,46.0,480,Mercedes,68.764,69.35,-1.164,-0.578,-1.164,-0.578,69.989,0.586,1.0,0.586,1,-0.871,-0.871,-0.871,-0.871
2,2021,2021081,47.0,481,Mercedes,68.837,69.603,-1.044,-0.278,-1.044,-0.676,69.934,0.766,1.0,0.368,1,-0.661,-0.661,-0.860,-0.8600000000000001
2,2021,2021081,48.0,482,Mercedes,68.888,69.06,-1.014,-0.842,-1.014,-0.842,69.978,0.172,1.0,0.172,1,-0.928,-0.9279999999999999,-0.928,-0.9279999999999999
2,2021,2021081,49.0,483,Mercedes,68.934,69.104,-0.998,-0.828,-0.998,-0.828,70.057,0.170,1.0,0.170,1,-0.913,-0.913,-0.913,-0.913
2,2021,2021081,50.0,484,Mercedes,68.701,69.254,-1.24,-0.687,-1.24,-0.687,70.016,0.553,1.0,0.553,1,-0.964,-0.9635,-0.964,-0.9635
2,2021,2021081,51.0,485,Mercedes,69.481,69.35,-0.489,-0.62,-1.124,-0.62,70.068,-0.131,3.0,0.504,1,-0.554,-0.5545,-0.872,-0.8720000000000001
2,2021,2021081,52.0,486,Mercedes,68.992,69.328,-1.03,-0.694,-1.03,-0.694,70.042,0.336,1.0,0.336,1,-0.862,-0.862,-0.862,-0.862
2,2021,2021081,53.0,487,Mercedes,69.263,69.605,-0.873,-0.531,-1.05,-0.723,70.178,0.342,1.0,0.327,1,-0.702,-0.702,-0.887,-0.8865000000000001
2,2021,2021081,54.0,488,Mercedes,69.18,69.497,-1.03,-0.713,-1.03,-0.713,70.516,0.317,1.0,0.317,1,-0.871,-0.8714999999999999,-0.871,-0.8714999999999999
2,2021,2021081,55.0,489,Mercedes,69.023,69.612,-1.136,-0.547,-1.136,-0.547,70.185,0.589,1.0,0.589,1,-0.841,-0.8414999999999999,-0.841,-0.8414999999999999
2,2021,2021081,56.0,490,Mercedes,68.969,69.529,-0.843,-0.283,-0.843,-0.283,69.835,0.560,1.0,0.560,1,-0.563,-0.563,-0.563,-0.563
2,2021,2021081,57.0,491,Mercedes,69.001,70.553,-0.722,0.83,-0.722,-0.027,69.77,1.552,1.0,0.695,1,0.054,0.05399999999999999,-0.374,-0.3745
2,2021,2021081,58.0,492,Mercedes,69.424,69.862,-0.376,0.062,-0.695,0.062,69.885,0.438,1.0,0.757,1,-0.157,-0.157,-0.317,-0.3165
2,2021,2021081,59.0,493,Mercedes,69.208,69.628,-0.733,-0.313,-0.733,-0.313,70.015,0.420,1.0,0.420,1,-0.523,-0.523,-0.523,-0.523
2,2021,2021081,60.0,494,Mercedes,69.394,69.559,-0.534,-0.369,-0.534,-0.369,69.958,0.165,1.0,0.165,1,-0.452,-0.4515,-0.452,-0.4515
2,2021,2021081,61.0,495,Mercedes,69.3,69.717,-0.506,-0.089,-0.506,-0.089,69.965,0.417,1.0,0.417,1,-0.297,-0.2975,-0.297,-0.2975
2,2021,2021081,62.0,496,Mercedes,69.587,69.74,-0.237,-0.084,-0.468,-0.084,69.931,0.153,1.0,0.384,1,-0.161,-0.1605,-0.276,-0.276
2,2021,2021081,63.0,497,Mercedes,69.412,69.524,-0.374,-0.262,-0.374,-0.262,69.883,0.112,1.0,0.112,1,-0.318,-0.318,-0.318,-0.318
2,2021,2021081,64.0,498,Mercedes,69.383,69.398,-0.35,-0.335,-0.35,-0.335,69.844,0.015,1.0,0.015,1,-0.343,-0.3425,-0.343,-0.3425
2,2021,2021081,65.0,499,Mercedes,70.602,69.824,0.709,-0.069,-0.308,-0.341,70.056,-0.778,3.0,-0.033,3,0.320,0.31999999999999995,-0.325,-0.3245
2,2021,2021081,66.0,500,Mercedes,69.787,69.707,-0.239,-0.319,-0.239,-0.319,70.073,-0.080,3.0,-0.080,3,-0.279,-0.279,-0.279,-0.279
2,2021,2021081,67.0,501,Mercedes,69.765,69.851,-0.059,0.027,-0.059,0.027,69.974,0.086,1.0,0.086,1,-0.016,-0.016,-0.016,-0.016
2,2021,2021081,68.0,502,Mercedes,69.454,70.285,-0.508,0.323,-0.508,0.081,70.012,0.831,1.0,0.589,1,-0.092,-0.0925,-0.213,-0.2135
2,2021,2021081,69.0,503,Mercedes,,70.236,,0.246,,0.246,70.424,-,-,-,,-,-0.2866666666666667,-,-0.36733333333333335
2,2021,2021081,70.0,504,Mercedes,,69.914,,0.151,,0.151,69.763,-,-,-,,-,-0.48083333333333333,-,-0.5211666666666667
2,2021,2021081,71.0,505,Mercedes,67.058,69.693,-1.992,0.642,-1.992,0.642,69.05,2.634,1.0,2.634,1,-0.675,-0.675,-0.675,-0.675
2,2021,2021091,1.0,506,Mercedes,,,,,,,,-,-,-,,-,,-,
2,2021,2021091,2.0,507,Mercedes,,,,,,,,-,-,-,,-,,-,
2,2021,2021091,3.0,508,Mercedes,,,,,,,,-,-,-,,-,,-,
2,2021,2021091,4.0,509,Mercedes,,,,,,,,-,-,-,,-,,-,
2,2021,2021091,5.0,510,Mercedes,70.109,70.598,-1.784,-1.295,-1.784,-1.295,71.893,0.489,1.0,0.489,1,-1.539,-1.5394999999999999,-1.539,-1.5394999999999999
2,2021,2021091,6.0,511,Mercedes,70.058,70.019,-1.431,-1.47,-1.431,-1.47,71.489,-0.039,3.0,-0.039,3,-1.450,-1.4505,-1.450,-1.4505
2,2021,2021091,7.0,512,Mercedes,69.649,69.608,-1.188,-1.229,-1.188,-1.229,70.837,-0.041,3.0,-0.041,3,-1.208,-1.2085,-1.208,-1.2085
2,2021,2021091,8.0,513,Mercedes,69.746,69.894,-1.185,-1.037,-1.185,-1.037,70.942,0.148,1.0,0.148,1,-1.111,-1.111,-1.111,-1.111
2,2021,2021091,9.0,514,Mercedes,69.293,70.339,-1.646,-0.6,-1.646,-0.6,70.969,1.046,1.0,1.046,1,-1.123,-1.123,-1.123,-1.123
2,2021,2021091,10.0,515,Mercedes,69.838,70.433,-1.188,-0.593,-1.643,-0.593,71.109,0.595,1.0,1.050,1,-0.890,-0.8905,-1.118,-1.1179999999999999
2,2021,2021091,11.0,516,Mercedes,69.473,69.96,-1.532,-1.045,-1.532,-1.045,71.005,0.487,1.0,0.487,1,-1.288,-1.2885,-1.288,-1.2885
2,2021,2021091,12.0,517,Mercedes,69.849,69.864,-1.113,-1.098,-1.471,-1.098,71.136,0.015,1.0,0.373,1,-1.106,-1.1055000000000001,-1.284,-1.2845
2,2021,2021091,13.0,518,Mercedes,69.509,69.999,-1.552,-1.062,-1.552,-1.062,71.061,0.490,1.0,0.490,1,-1.307,-1.307,-1.307,-1.307
2,2021,2021091,14.0,519,Mercedes,69.601,69.568,-1.421,-1.454,-1.421,-1.454,71.191,-0.033,3.0,-0.033,3,-1.438,-1.4375,-1.438,-1.4375
2,2021,2021091,15.0,520,Mercedes,69.508,69.338,-1.286,-1.456,-1.286,-1.456,70.814,-0.170,3.0,-0.170,3,-1.371,-1.371,-1.371,-1.371
2,2021,2021091,16.0,521,Mercedes,69.511,69.459,-1.232,-1.284,-1.232,-1.284,70.76,-0.052,3.0,-0.052,3,-1.258,-1.258,-1.258,-1.258
2,2021,2021091,17.0,522,Mercedes,69.793,69.503,-0.895,-1.185,-1.216,-1.185,70.811,-0.290,3.0,0.031,1,-1.040,-1.04,-1.200,-1.2005
2,2021,2021091,18.0,523,Mercedes,69.434,69.445,-1.163,-1.152,-1.163,-1.152,70.71,0.011,1.0,0.011,1,-1.157,-1.1575,-1.157,-1.1575
2,2021,2021091,19.0,524,Mercedes,69.645,69.881,-1.048,-0.812,-1.246,-0.812,70.704,0.236,1.0,0.434,1,-0.930,-0.93,-1.029,-1.029
2,2021,2021091,20.0,525,Mercedes,69.46,69.994,-1.207,-0.673,-1.207,-0.673,70.785,0.534,1.0,0.534,1,-0.940,-0.9400000000000001,-0.940,-0.9400000000000001
2,2021,2021091,21.0,526,Mercedes,69.707,70.051,-0.828,-0.484,-1.047,-0.484,70.546,0.344,1.0,0.563,1,-0.656,-0.6559999999999999,-0.765,-0.7655
2,2021,2021091,22.0,527,Mercedes,69.516,69.912,-0.989,-0.593,-0.989,-0.593,70.521,0.396,1.0,0.396,1,-0.791,-0.7909999999999999,-0.791,-0.7909999999999999
2,2021,2021091,23.0,528,Mercedes,69.686,70.203,-0.765,-0.248,-0.765,-0.248,70.521,0.517,1.0,0.517,1,-0.506,-0.5065,-0.506,-0.5065
2,2021,2021091,24.0,529,Mercedes,69.42,69.787,-1.037,-0.67,-1.037,-0.67,70.457,0.367,1.0,0.367,1,-0.853,-0.8534999999999999,-0.853,-0.8534999999999999
2,2021,2021091,25.0,530,Mercedes,69.346,69.671,-0.944,-0.619,-0.944,-0.619,70.441,0.325,1.0,0.325,1,-0.781,-0.7815,-0.781,-0.7815
2,2021,2021091,26.0,531,Mercedes,69.594,69.682,-0.696,-0.608,-0.85,-0.608,70.325,0.088,1.0,0.242,1,-0.652,-0.6519999999999999,-0.729,-0.729
2,2021,2021091,27.0,532,Mercedes,69.533,69.726,-0.747,-0.554,-0.747,-0.554,70.365,0.193,1.0,0.193,1,-0.651,-0.6505000000000001,-0.651,-0.6505000000000001
2,2021,2021091,28.0,533,Mercedes,69.776,70.037,-0.551,-0.29,-0.753,-0.29,70.351,0.261,1.0,0.463,1,-0.420,-0.4205,-0.521,-0.5215
2,2021,2021091,29.0,534,Mercedes,69.615,69.692,-0.773,-0.696,-0.773,-0.696,70.388,0.077,1.0,0.077,1,-0.734,-0.7344999999999999,-0.734,-0.7344999999999999
2,2021,2021091,30.0,535,Mercedes,70.3,,-0.102,,-0.102,,70.441,-,-,-,,-,-0.78,-,-0.78
2,2021,2021091,31.0,536,Mercedes,,,,,,,70.448,-,-,-,,-,-0.8255,-,-0.8255
2,2021,2021091,32.0,537,Mercedes,,69.325,,-0.887,,-0.887,70.264,-,-,-,,-,-0.871,-,-0.871
2,2021,2021091,33.0,538,Mercedes,69.194,68.689,-0.664,-1.169,-0.664,-1.169,69.924,-0.505,3.0,-0.505,3,-0.917,-0.9165000000000001,-0.917,-0.9165000000000001
2,2021,2021091,34.0,539,Mercedes,69.235,68.73,-0.3,-0.805,-0.3,-0.805,69.544,-0.505,3.0,-0.505,3,-0.552,-0.5525,-0.552,-0.5525
2,2021,2021091,35.0,540,Mercedes,69.171,69.017,-0.463,-0.617,-0.463,-0.869,69.649,-0.154,3.0,-0.406,3,-0.540,-0.54,-0.666,-0.666
2,2021,2021091,36.0,541,Mercedes,69.269,68.801,-0.454,-0.922,-0.454,-0.922,69.763,-0.468,3.0,-0.468,3,-0.688,-0.6880000000000001,-0.688,-0.6880000000000001
2,2021,2021091,37.0,542,Mercedes,69.155,69.001,-0.507,-0.661,-0.507,-0.858,69.881,-0.154,3.0,-0.351,3,-0.584,-0.5840000000000001,-0.682,-0.6825
2,2021,2021091,38.0,543,Mercedes,69.209,68.807,-0.41,-0.812,-0.41,-0.812,69.619,-0.402,3.0,-0.402,3,-0.611,-0.611,-0.611,-0.611
2,2021,2021091,39.0,544,Mercedes,69.596,68.935,-0.159,-0.82,-0.469,-0.82,69.777,-0.661,3.0,-0.351,3,-0.489,-0.4895,-0.644,-0.6445
2,2021,2021091,40.0,545,Mercedes,69.363,68.874,-0.376,-0.865,-0.376,-0.865,69.837,-0.489,3.0,-0.489,3,-0.621,-0.6205,-0.621,-0.6205
2,2021,2021091,41.0,546,Mercedes,69.376,69.02,-0.279,-0.635,-0.279,-0.635,69.655,-0.356,3.0,-0.356,3,-0.457,-0.457,-0.457,-0.457
2,2021,2021091,42.0,547,Mercedes,69.4,69.071,-0.279,-0.608,-0.279,-0.608,69.72,-0.329,3.0,-0.329,3,-0.444,-0.4435,-0.444,-0.4435
2,2021,2021091,43.0,548,Mercedes,69.214,69.038,-0.516,-0.692,-0.516,-0.692,69.738,-0.176,3.0,-0.176,3,-0.604,-0.604,-0.604,-0.604
2,2021,2021091,44.0,549,Mercedes,69.241,69.216,-0.541,-0.566,-0.541,-0.716,69.96,-0.025,3.0,-0.175,3,-0.553,-0.5535,-0.629,-0.6285000000000001
2,2021,2021091,45.0,550,Mercedes,69.449,69.094,-0.33,-0.685,-0.33,-0.685,69.875,-0.355,3.0,-0.355,3,-0.508,-0.5075000000000001,-0.508,-0.5075000000000001
2,2021,2021091,46.0,551,Mercedes,69.534,69.214,-0.216,-0.536,-0.216,-0.536,70.143,-0.320,3.0,-0.320,3,-0.376,-0.376,-0.376,-0.376
2,2021,2021091,47.0,552,Mercedes,69.078,69.928,-0.611,0.239,-0.611,-0.376,69.744,0.850,1.0,0.235,1,-0.186,-0.186,-0.493,-0.4935
2,2021,2021091,48.0,553,Mercedes,69.692,69.412,0.118,-0.162,-0.512,-0.162,69.671,-0.280,3.0,0.350,1,-0.022,-0.022000000000000006,-0.337,-0.337
2,2021,2021091,49.0,554,Mercedes,69.046,68.833,-0.39,-0.603,-0.39,-0.603,69.512,-0.213,3.0,-0.213,3,-0.496,-0.4965,-0.496,-0.4965
2,2021,2021091,50.0,555,Mercedes,69.023,68.962,-0.275,-0.336,-0.275,-0.336,69.365,-0.061,3.0,-0.061,3,-0.305,-0.3055,-0.305,-0.3055
2,2021,2021091,51.0,556,Mercedes,69.043,68.776,-0.131,-0.398,-0.131,-0.398,69.196,-0.267,3.0,-0.267,3,-0.265,-0.2645,-0.265,-0.2645
2,2021,2021091,52.0,557,Mercedes,70.286,68.374,1.112,-0.8,1.112,-0.8,69.401,-1.912,3.0,-1.912,3,0.156,0.15600000000000003,0.156,0.15600000000000003
2,2021,2021091,53.0,558,Mercedes,,68.884,,-0.099,,-0.413,69.033,-,-,-,,-,-0.012666666666666632,-,-0.012666666666666632
2,2021,2021091,54.0,559,Mercedes,,68.766,,-0.162,,-0.162,68.928,-,-,-,,-,-0.1813333333333333,-,-0.1813333333333333
2,2021,2021091,55.0,560,Mercedes,68.126,68.854,-0.714,0.014,-0.714,0.014,69.017,0.728,1.0,0.728,1,-0.350,-0.35,-0.350,-0.35
2,2021,2021091,56.0,561,Mercedes,68.272,68.86,-0.587,0.001,-0.587,0.001,68.914,0.588,1.0,0.588,1,-0.293,-0.293,-0.293,-0.293
2,2021,2021091,57.0,562,Mercedes,68.389,68.617,-0.556,-0.328,-0.556,-0.328,69.019,0.228,1.0,0.228,1,-0.442,-0.44200000000000006,-0.442,-0.44200000000000006
2,2021,2021091,58.0,563,Mercedes,68.885,68.673,-0.071,-0.283,-0.071,-0.283,68.956,-0.212,3.0,-0.212,3,-0.177,-0.177,-0.177,-0.177
2,2021,2021091,59.0,564,Mercedes,69.355,68.62,0.234,-0.501,0.234,-0.501,69.247,-0.735,3.0,-0.735,3,-0.134,-0.1335,-0.134,-0.1335
2,2021,2021091,60.0,565,Mercedes,69.161,68.679,-0.001,-0.483,-0.001,-0.483,69.36,-0.482,3.0,-0.482,3,-0.242,-0.242,-0.242,-0.242
2,2021,2021091,61.0,566,Mercedes,69.093,68.71,0.013,-0.37,0.013,-0.37,69.335,-0.383,3.0,-0.383,3,-0.178,-0.1785,-0.178,-0.1785
2,2021,2021091,62.0,567,Mercedes,69.255,68.455,0.403,-0.397,0.403,-0.397,68.996,-0.800,3.0,-0.800,3,0.003,0.0030000000000000027,0.003,0.0030000000000000027
2,2021,2021091,63.0,568,Mercedes,69.331,68.38,0.362,-0.589,0.362,-0.589,69.152,-0.951,3.0,-0.951,3,-0.113,-0.11349999999999999,-0.113,-0.11349999999999999
2,2021,2021091,64.0,569,Mercedes,68.904,68.619,-0.166,-0.451,-0.166,-0.451,69.336,-0.285,3.0,-0.285,3,-0.308,-0.3085,-0.308,-0.3085
2,2021,2021091,65.0,570,Mercedes,69.302,68.646,0.2,-0.456,0.2,-0.456,69.176,-0.656,3.0,-0.656,3,-0.128,-0.128,-0.128,-0.128
2,2021,2021091,66.0,571,Mercedes,69.852,68.623,0.73,-0.499,0.101,-0.499,69.281,-1.229,3.0,-0.600,3,0.115,0.11549999999999999,-0.199,-0.199
2,2021,2021091,67.0,572,Mercedes,69.144,68.896,0.039,-0.209,0.039,-0.209,69.292,-0.248,3.0,-0.248,3,-0.085,-0.08499999999999999,-0.085,-0.08499999999999999
2,2021,2021091,68.0,573,Mercedes,68.916,69.015,-0.284,-0.185,-0.284,-0.185,69.276,0.099,1.0,0.099,1,-0.234,-0.2345,-0.234,-0.2345
2,2021,2021091,69.0,574,Mercedes,68.974,68.982,-0.332,-0.324,-0.332,-0.324,69.306,0.008,1.0,0.008,1,-0.328,-0.328,-0.328,-0.328
2,2021,2021091,70.0,575,Mercedes,69.429,69.302,-1.681,-1.808,-1.681,-1.808,71.11,-0.127,3.0,-0.127,3,-1.744,-1.7445,-1.744,-1.7445
2,2021,2021091,71.0,576,Mercedes,70.846,69.459,1.166,-0.221,1.166,-0.221,69.68,-1.387,3.0,-1.387,3,0.472,0.4725,0.472,0.4725
2,2021,2021100,1.0,577,Mercedes,,,,,,,,-,-,-,,-,,-,
2,2021,2021100,2.0,578,Mercedes,,,,,,,,-,-,-,,-,,-,
2,2021,2021100,3.0,579,Mercedes,90.594,90.548,-2.069,-2.115,-2.069,-2.115,92.663,-0.046,3.0,-0.046,3,-2.092,-2.092,-2.092,-2.092
2,2021,2021100,4.0,580,Mercedes,90.691,90.879,-1.808,-1.62,-1.808,-1.62,92.536,0.188,1.0,0.188,1,-1.714,-1.714,-1.714,-1.714
2,2021,2021100,5.0,581,Mercedes,90.321,90.943,-2.214,-1.592,-2.214,-1.592,93.492,0.622,1.0,0.622,1,-1.903,-1.903,-1.903,-1.903
2,2021,2021100,6.0,582,Mercedes,90.451,90.922,-2.09,-1.619,-2.09,-1.619,92.571,0.471,1.0,0.471,1,-1.854,-1.8544999999999998,-1.854,-1.8544999999999998
2,2021,2021100,7.0,583,Mercedes,90.608,91.015,-1.916,-1.509,-1.916,-1.509,92.542,0.407,1.0,0.407,1,-1.712,-1.7125,-1.712,-1.7125
2,2021,2021100,8.0,584,Mercedes,90.305,91.126,-2.177,-1.356,-2.177,-1.356,92.482,0.821,1.0,0.821,1,-1.767,-1.7665000000000002,-1.767,-1.7665000000000002
2,2021,2021100,9.0,585,Mercedes,90.442,90.936,-2.024,-1.53,-2.024,-1.53,92.665,0.494,1.0,0.494,1,-1.777,-1.7770000000000001,-1.777,-1.7770000000000001
2,2021,2021100,10.0,586,Mercedes,90.065,90.863,-2.318,-1.52,-2.318,-1.52,92.389,0.798,1.0,0.798,1,-1.919,-1.919,-1.919,-1.919
2,2021,2021100,11.0,587,Mercedes,90.307,90.831,-1.906,-1.382,-1.906,-1.382,92.268,0.524,1.0,0.524,1,-1.644,-1.644,-1.644,-1.644
2,2021,2021100,12.0,588,Mercedes,90.377,90.585,-1.769,-1.561,-1.769,-1.561,92.233,0.208,1.0,0.208,1,-1.665,-1.665,-1.665,-1.665
2,2021,2021100,13.0,589,Mercedes,90.224,90.488,-1.883,-1.619,-1.883,-1.619,92.147,0.264,1.0,0.264,1,-1.751,-1.751,-1.751,-1.751
2,2021,2021100,14.0,590,Mercedes,90.574,90.259,-1.459,-1.774,-1.459,-1.774,92.061,-0.315,3.0,-0.315,3,-1.617,-1.6165,-1.617,-1.6165
2,2021,2021100,15.0,591,Mercedes,90.583,90.505,-1.433,-1.511,-1.433,-1.771,92.067,-0.078,3.0,-0.338,3,-1.472,-1.472,-1.602,-1.6019999999999999
2,2021,2021100,16.0,592,Mercedes,90.126,90.231,-1.762,-1.657,-1.762,-1.657,91.921,0.105,1.0,0.105,1,-1.710,-1.7095,-1.710,-1.7095
2,2021,2021100,17.0,593,Mercedes,89.937,89.958,-1.858,-1.837,-1.858,-1.837,91.795,0.021,1.0,0.021,1,-1.848,-1.8475000000000001,-1.848,-1.8475000000000001
2,2021,2021101,1.0,594,Mercedes,,,,,,,,-,-,-,,-,,-,
2,2021,2021101,2.0,595,Mercedes,,,,,,,,-,-,-,,-,,-,
2,2021,2021101,3.0,596,Mercedes,,,,,,,,-,-,-,,-,,-,
2,2021,2021101,4.0,597,Mercedes,,,,,,,125.887,-,-,-,,-,,-,
2,2021,2021101,5.0,598,Mercedes,93.049,93.727,-2.569,-1.891,-2.569,-1.891,95.618,0.678,1.0,0.678,1,-2.230,-2.23,-2.230,-2.23
2,2021,2021101,6.0,599,Mercedes,93.113,93.577,-1.675,-1.211,-1.675,-1.211,94.788,0.464,1.0,0.464,1,-1.443,-1.443,-1.443,-1.443
2,2021,2021101,7.0,600,Mercedes,92.738,93.543,-2.021,-1.216,-2.021,-1.216,94.946,0.805,1.0,0.805,1,-1.619,-1.6185,-1.619,-1.6185
2,2021,2021101,8.0,601,Mercedes,92.928,93.571,-1.932,-1.289,-1.932,-1.289,94.86,0.643,1.0,0.643,1,-1.611,-1.6105,-1.611,-1.6105
2,2021,2021101,9.0,602,Mercedes,93.013,93.096,-1.538,-1.455,-1.538,-1.455,94.604,0.083,1.0,0.083,1,-1.497,-1.4965000000000002,-1.497,-1.4965000000000002
2,2021,2021101,10.0,603,Mercedes,93.458,93.312,-0.913,-1.059,-1.39,-1.059,94.43,-0.146,3.0,0.331,1,-0.986,-0.986,-1.224,-1.2245
2,2021,2021101,11.0,604,Mercedes,92.95,93.397,-1.43,-0.983,-1.43,-0.983,94.387,0.447,1.0,0.447,1,-1.206,-1.2065,-1.206,-1.2065
2,2021,2021101,12.0,605,Mercedes,92.943,93.423,-1.511,-1.031,-1.511,-1.031,94.513,0.480,1.0,0.480,1,-1.271,-1.271,-1.271,-1.271
2,2021,2021101,13.0,606,Mercedes,93.158,93.38,-1.308,-1.086,-1.308,-1.086,94.533,0.222,1.0,0.222,1,-1.197,-1.197,-1.197,-1.197
2,2021,2021101,14.0,607,Mercedes,92.749,93.34,-1.537,-0.946,-1.537,-0.946,94.286,0.591,1.0,0.591,1,-1.241,-1.2414999999999998,-1.241,-1.2414999999999998
2,2021,2021101,15.0,608,Mercedes,92.713,92.694,-1.322,-1.341,-1.322,-1.341,94.066,-0.019,3.0,-0.019,3,-1.332,-1.3315000000000001,-1.332,-1.3315000000000001
2,2021,2021101,16.0,609,Mercedes,92.473,92.415,-1.526,-1.584,-1.526,-1.584,93.999,-0.058,3.0,-0.058,3,-1.555,-1.5550000000000002,-1.555,-1.5550000000000002
2,2021,2021101,17.0,610,Mercedes,92.291,92.454,-1.506,-1.343,-1.506,-1.343,93.797,0.163,1.0,0.163,1,-1.425,-1.4245,-1.425,-1.4245
2,2021,2021101,18.0,611,Mercedes,92.548,92.543,-1.177,-1.182,-1.177,-1.182,93.744,-0.005,3.0,-0.005,3,-1.179,-1.1795,-1.179,-1.1795
2,2021,2021101,19.0,612,Mercedes,92.597,92.639,-0.882,-0.84,-0.882,-0.84,93.604,0.042,1.0,0.042,1,-0.861,-0.861,-0.861,-0.861
2,2021,2021101,20.0,613,Mercedes,92.076,92.409,-1.221,-0.888,-1.221,-0.888,93.297,0.333,1.0,0.333,1,-1.054,-1.0545,-1.054,-1.0545
2,2021,2021101,21.0,614,Mercedes,92.297,92.488,-1.035,-0.844,-1.035,-0.844,93.369,0.191,1.0,0.191,1,-0.940,-0.9395,-0.940,-0.9395
2,2021,2021101,22.0,615,Mercedes,92.189,,-1.182,,-1.182,,93.43,-,-,-,,-,-0.8423333333333334,-,-0.9211666666666667
2,2021,2021101,23.0,616,Mercedes,92.311,,-1.129,,-1.129,,93.44,-,-,-,,-,-0.7451666666666666,-,-0.9028333333333334
2,2021,2021101,24.0,617,Mercedes,92.686,91.988,-0.299,-0.997,-0.772,-0.997,93.057,-0.698,3.0,-0.225,3,-0.648,-0.648,-0.885,-0.8845000000000001
2,2021,2021101,25.0,618,Mercedes,92.115,91.415,-0.621,-1.321,-0.621,-1.321,92.736,-0.700,3.0,-0.700,3,-0.971,-0.971,-0.971,-0.971
2,2021,2021101,26.0,619,Mercedes,91.854,91.52,-0.923,-1.257,-0.923,-1.257,92.79,-0.334,3.0,-0.334,3,-1.090,-1.0899999999999999,-1.090,-1.0899999999999999
2,2021,2021101,27.0,620,Mercedes,,91.804,,-1.237,,-1.237,93.041,-,-,-,,-,-1.383,-,-1.383
2,2021,2021101,28.0,621,Mercedes,,91.651,,-1.553,,-1.553,93.252,-,-,-,,-,-1.6760000000000002,-,-1.6760000000000002
2,2021,2021101,29.0,622,Mercedes,90.762,92.16,-2.668,-1.27,-2.668,-1.27,93.57,1.398,1.0,1.398,1,-1.969,-1.969,-1.969,-1.969
2,2021,2021101,30.0,623,Mercedes,91.113,92.48,-2.22,-0.853,-2.22,-0.853,93.41,1.367,1.0,1.367,1,-1.537,-1.5365000000000002,-1.537,-1.5365000000000002
2,2021,2021101,31.0,624,Mercedes,91.257,92.683,-1.902,-0.476,-1.902,-0.476,93.4,1.426,1.0,1.426,1,-1.189,-1.189,-1.189,-1.189
2,2021,2021101,32.0,625,Mercedes,92.488,92.191,-0.62,-0.917,-1.46,-0.917,93.152,-0.297,3.0,0.543,1,-0.768,-0.7685,-1.188,-1.1885
2,2021,2021101,33.0,626,Mercedes,92.038,91.72,-0.929,-1.247,-0.929,-1.247,93.013,-0.318,3.0,-0.318,3,-1.088,-1.088,-1.088,-1.088
2,2021,2021101,34.0,627,Mercedes,91.219,91.799,-1.697,-1.117,-1.697,-1.117,92.962,0.580,1.0,0.580,1,-1.407,-1.407,-1.407,-1.407
2,2021,2021101,35.0,628,Mercedes,90.817,91.252,-1.992,-1.557,-1.992,-1.557,92.809,0.435,1.0,0.435,1,-1.774,-1.7745,-1.774,-1.7745
2,2021,2021101,36.0,629,Mercedes,91.025,91.435,-1.859,-1.449,-1.859,-1.449,92.896,0.410,1.0,0.410,1,-1.654,-1.654,-1.654,-1.654
2,2021,2021101,37.0,630,Mercedes,90.807,91.094,-2.104,-1.817,-2.104,-1.817,92.911,0.287,1.0,0.287,1,-1.961,-1.9605000000000001,-1.961,-1.9605000000000001
2,2021,2021101,38.0,631,Mercedes,90.594,91.066,-2.15,-1.678,-2.15,-1.678,92.99,0.472,1.0,0.472,1,-1.914,-1.914,-1.914,-1.914
2,2021,2021101,39.0,632,Mercedes,90.859,91.146,-1.971,-1.684,-1.971,-1.684,92.83,0.287,1.0,0.287,1,-1.828,-1.8275000000000001,-1.828,-1.8275000000000001
2,2021,2021101,40.0,633,Mercedes,90.443,93.278,-1.987,0.848,-1.987,-1.135,92.578,2.835,1.0,0.852,1,-0.570,-0.5695000000000001,-1.561,-1.561
2,2021,2021101,41.0,634,Mercedes,90.468,91.445,-1.943,-0.966,-1.943,-0.966,92.514,0.977,1.0,0.977,1,-1.454,-1.4545,-1.454,-1.4545
2,2021,2021101,42.0,635,Mercedes,90.16,91.084,-2.284,-1.36,-2.284,-1.36,92.444,0.924,1.0,0.924,1,-1.822,-1.822,-1.822,-1.822
2,2021,2021101,43.0,636,Mercedes,90.258,91.161,-1.985,-1.082,-1.985,-1.082,92.312,0.903,1.0,0.903,1,-1.534,-1.5335,-1.534,-1.5335
2,2021,2021101,44.0,637,Mercedes,89.801,90.688,-2.329,-1.442,-2.329,-1.442,92.13,0.887,1.0,0.887,1,-1.885,-1.8855,-1.885,-1.8855
2,2021,2021101,45.0,638,Mercedes,89.699,90.524,-2.401,-1.576,-2.401,-1.576,92.1,0.825,1.0,0.825,1,-1.988,-1.9885,-1.988,-1.9885
2,2021,2021101,46.0,639,Mercedes,89.701,90.641,-2.557,-1.617,-2.557,-1.617,92.735,0.940,1.0,0.940,1,-2.087,-2.0869999999999997,-2.087,-2.0869999999999997
2,2021,2021101,47.0,640,Mercedes,90.52,90.872,-1.834,-1.482,-2.252,-1.482,92.401,0.352,1.0,0.770,1,-1.658,-1.658,-1.867,-1.867
2,2021,2021101,48.0,641,Mercedes,90.503,91.181,-1.443,-0.765,-1.443,-0.765,92.102,0.678,1.0,0.678,1,-1.104,-1.104,-1.104,-1.104
2,2021,2021101,49.0,642,Mercedes,90.525,91.473,-1.427,-0.479,-1.427,-0.479,92.106,0.948,1.0,0.948,1,-0.953,-0.9530000000000001,-0.953,-0.9530000000000001
2,2021,2021101,50.0,643,Mercedes,90.9,92.153,-1.066,0.187,-1.066,-0.38,92.061,1.253,1.0,0.686,1,-0.440,-0.4395,-0.723,-0.7230000000000001
2,2021,2021101,51.0,644,Mercedes,91.037,91.698,-1.229,-0.568,-1.229,-0.568,92.266,0.661,1.0,0.661,1,-0.899,-0.8985000000000001,-0.899,-0.8985000000000001
2,2021,2021101,52.0,645,Mercedes,91.635,92.424,-0.368,0.421,-0.368,0.421,92.003,0.789,1.0,0.789,1,0.026,0.026499999999999996,0.026,0.026499999999999996
2,2021,2021111,1.0,646,Mercedes,,,,,,,,-,-,-,,-,,-,
2,2021,2021111,2.0,647,Mercedes,,,,,,,,-,-,-,,-,,-,
2,2021,2021111,3.0,648,Mercedes,,,,,,,,-,-,-,,-,,-,
2,2021,2021111,4.0,649,Mercedes,,,,,,,,-,-,-,,-,,-,
2,2021,2021111,5.0,650,Mercedes,,,,,,,86.347,-,-,-,,-,,-,
2,2021,2021111,6.0,651,Mercedes,83.637,,-2.019,,-2.019,,85.656,-,-,-,,-,,-,
2,2021,2021111,7.0,652,Mercedes,85.597,,0.045,,0.045,,85.552,-,-,-,,-,,-,
2,2021,2021111,8.0,653,Mercedes,85.736,,0.543,,0.543,,85.193,-,-,-,,-,,-,
2,2021,2021111,9.0,654,Mercedes,85.71,,0.586,,0.586,,85.124,-,-,-,,-,,-,
2,2021,2021111,10.0,655,Mercedes,84.966,,-0.109,,-0.109,,85.191,-,-,-,,-,,-,
2,2021,2021111,11.0,656,Mercedes,85.237,,0.297,,0.297,,84.964,-,-,-,,-,,-,
2,2021,2021111,12.0,657,Mercedes,85.421,,0.532,,0.532,,84.917,-,-,-,,-,,-,
2,2021,2021111,13.0,658,Mercedes,85.255,,0.439,,0.439,,84.933,-,-,-,,-,,-,
2,2021,2021111,14.0,659,Mercedes,86.772,,2.008,,0.67,,85.11,-,-,-,,-,,-,
2,2021,2021111,15.0,660,Mercedes,85.614,,0.97,,0.97,,84.644,-,-,-,,-,,-,
2,2021,2021111,16.0,661,Mercedes,83.219,,-1.071,,-1.071,,84.29,-,-,-,,-,,-,
2,2021,2021111,17.0,662,Mercedes,83.432,,-0.692,,-0.692,,84.163,-,-,-,,-,,-,
2,2021,2021111,18.0,663,Mercedes,83.596,,-0.623,,-0.623,,84.391,-,-,-,,-,,-,
2,2021,2021111,19.0,664,Mercedes,,,,,,,84.397,-,-,-,,-,,-,
2,2021,2021111,20.0,665,Mercedes,,,,,,,84.373,-,-,-,,-,,-,
2,2021,2021111,21.0,666,Mercedes,81.531,,-2.291,,-2.291,,83.822,-,-,-,,-,,-,
2,2021,2021111,22.0,667,Mercedes,81.076,,-2.661,,-2.661,,83.796,-,-,-,,-,,-,
2,2021,2021111,23.0,668,Mercedes,84.186,,0.912,,-2.432,,83.553,-,-,-,,-,,-,
2,2021,2021111,24.0,669,Mercedes,80.609,,-2.621,,-2.621,,83.326,-,-,-,,-,,-,
2,2021,2021111,25.0,670,Mercedes,81.223,,-2.008,,-2.008,,83.231,-,-,-,,-,,-,
2,2021,2021111,26.0,671,Mercedes,82.812,,-0.427,,-1.86,,83.417,-,-,-,,-,,-,
2,2021,2021111,27.0,672,Mercedes,81.534,,-1.8,,-1.8,,83.395,-,-,-,,-,,-,
2,2021,2021111,28.0,673,Mercedes,82.594,,-0.87,,-0.87,,83.464,-,-,-,,-,,-,
2,2021,2021111,29.0,674,Mercedes,83.111,,-0.555,,-0.824,,83.686,-,-,-,,-,,-,
2,2021,2021111,30.0,675,Mercedes,83.091,,-0.654,,-0.654,,83.855,-,-,-,,-,,-,
2,2021,2021111,31.0,676,Mercedes,82.977,,-0.57,,-0.57,,83.547,-,-,-,,-,,-,
2,2021,2021111,32.0,677,Mercedes,81.596,,-1.895,,-1.895,,83.596,-,-,-,,-,,-,
2,2021,2021111,33.0,678,Mercedes,81.422,,-2.242,,-2.242,,83.89,-,-,-,,-,,-,
2,2021,2021111,34.0,679,Mercedes,81.237,,-1.759,,-1.759,,83.153,-,-,-,,-,,-,
2,2021,2021111,35.0,680,Mercedes,81.494,,-1.337,,-1.337,,82.831,-,-,-,,-,,-,
2,2021,2021111,36.0,681,Mercedes,81.174,,-1.523,,-1.523,,82.717,-,-,-,,-,,-,
2,2021,2021111,37.0,682,Mercedes,81.584,,-1.238,,-1.238,,82.961,-,-,-,,-,,-,
2,2021,2021111,38.0,683,Mercedes,82.101,,-0.736,,-1.221,,82.874,-,-,-,,-,,-,
2,2021,2021111,39.0,684,Mercedes,81.649,,-1.074,,-1.074,,82.807,-,-,-,,-,,-,
2,2021,2021111,40.0,685,Mercedes,81.439,,-1.226,,-1.226,,82.792,-,-,-,,-,,-,
2,2021,2021111,41.0,686,Mercedes,81.612,,-0.876,,-0.876,,82.488,-,-,-,,-,,-,
2,2021,2021111,42.0,687,Mercedes,81.509,,-0.807,,-0.807,,82.423,-,-,-,,-,,-,
2,2021,2021111,43.0,688,Mercedes,81.628,,-0.695,,-0.695,,82.323,-,-,-,,-,,-,
2,2021,2021111,44.0,689,Mercedes,81.733,,-0.593,,-0.593,,82.337,-,-,-,,-,,-,
2,2021,2021111,45.0,690,Mercedes,82.307,,-0.145,,-0.609,,82.617,-,-,-,,-,,-,
2,2021,2021111,46.0,691,Mercedes,81.954,,-0.664,,-0.664,,82.618,-,-,-,,-,,-,
2,2021,2021111,47.0,692,Mercedes,,,,,,,82.705,-,-,-,,-,,-,
2,2021,2021111,48.0,693,Mercedes,,,,,,,82.903,-,-,-,,-,,-,
2,2021,2021111,49.0,694,Mercedes,78.715,,-3.637,,-3.637,,82.66,-,-,-,,-,,-,
2,2021,2021111,50.0,695,Mercedes,79.028,,-3.339,,-3.339,,82.952,-,-,-,,-,,-,
2,2021,2021111,51.0,696,Mercedes,79.104,,-3.355,,-3.355,,82.582,-,-,-,,-,,-,
2,2021,2021111,52.0,697,Mercedes,79.652,,-2.859,,-2.859,,82.851,-,-,-,,-,,-,
2,2021,2021111,53.0,698,Mercedes,80.344,,-2.146,,-2.146,,82.715,-,-,-,,-,,-,
2,2021,2021111,54.0,699,Mercedes,80.55,,-1.787,,-1.787,,82.411,-,-,-,,-,,-,
2,2021,2021111,55.0,700,Mercedes,82.538,,0.216,,-1.47,,82.535,-,-,-,,-,,-,
2,2021,2021111,56.0,701,Mercedes,81.155,,-1.212,,-1.212,,82.409,-,-,-,,-,,-,
2,2021,2021111,57.0,702,Mercedes,82.207,,-0.159,,-1.138,,82.496,-,-,-,,-,,-,
2,2021,2021111,58.0,703,Mercedes,81.301,,-1.008,,-1.008,,82.309,-,-,-,,-,,-,
2,2021,2021111,59.0,704,Mercedes,81.316,,-0.953,,-0.953,,82.269,-,-,-,,-,,-,
2,2021,2021111,60.0,705,Mercedes,81.725,,-0.619,,-0.619,,82.437,-,-,-,,-,,-,
2,2021,2021111,61.0,706,Mercedes,81.755,,-0.605,,-0.605,,82.397,-,-,-,,-,,-,
2,2021,2021111,62.0,707,Mercedes,81.386,,-0.875,,-0.875,,82.261,-,-,-,,-,,-,
2,2021,2021111,63.0,708,Mercedes,82.57,,0.15,,-0.884,,83.621,-,-,-,,-,,-,
2,2021,2021111,64.0,709,Mercedes,81.687,,-0.84,,-0.84,,82.527,-,-,-,,-,,-,
2,2021,2021111,65.0,710,Mercedes,80.809,,-1.701,,-1.701,,82.566,-,-,-,,-,,-,
2,2021,2021111,66.0,711,Mercedes,82.95,,0.284,,-2.022,,83.275,-,-,-,,-,,-,
2,2021,2021111,67.0,712,Mercedes,80.479,,-2.278,,-2.278,,83.039,-,-,-,,-,,-,
2,2021,2021111,68.0,713,Mercedes,79.306,,-3.277,,-3.277,,82.625,-,-,-,,-,,-,
2,2021,2021111,69.0,714,Mercedes,79.663,,-3.133,,-3.133,,82.796,-,-,-,,-,,-,
2,2021,2021111,70.0,715,Mercedes,80.111,,-2.378,,-2.378,,82.489,-,-,-,,-,,-,
2,2021,2021121,1.0,716,Mercedes,,,,,,,,-,-,-,,-,,-,
2,2021,2021121,2.0,717,Mercedes,,,,,,,,-,-,-,,-,,-,
2,2021,2021121,3.0,718,Mercedes,,,,,,,,-,-,-,,-,,-,
2,2021,2021131,1.0,719,Mercedes,,,,,,,,-,-,-,,-,,-,
2,2021,2021131,2.0,720,Mercedes,,,,,,,,-,-,-,,-,,-,
2,2021,2021131,3.0,721,Mercedes,75.045,75.699,-2.616,-1.962,-2.616,-1.962,77.661,0.654,1.0,0.654,1,-2.289,-2.289,-2.289,-2.289
2,2021,2021131,4.0,722,Mercedes,74.825,75.152,-2.492,-2.165,-2.492,-2.165,77.392,0.327,1.0,0.327,1,-2.329,-2.3285,-2.329,-2.3285
2,2021,2021131,5.0,723,Mercedes,75.102,75.169,-2.185,-2.118,-2.185,-2.118,77.321,0.067,1.0,0.067,1,-2.151,-2.1515,-2.151,-2.1515
2,2021,2021131,6.0,724,Mercedes,75.118,75.53,-2.326,-1.913,-2.326,-1.913,77.518,0.413,1.0,0.413,1,-2.119,-2.1195,-2.119,-2.1195
2,2021,2021131,7.0,725,Mercedes,75.43,75.635,-1.989,-1.784,-2.181,-1.784,77.587,0.205,1.0,0.397,1,-1.887,-1.8865,-1.982,-1.9825
2,2021,2021131,8.0,726,Mercedes,75.358,75.237,-2.03,-2.151,-2.03,-2.151,77.432,-0.121,3.0,-0.121,3,-2.090,-2.0904999999999996,-2.090,-2.0904999999999996
2,2021,2021131,9.0,727,Mercedes,74.75,75.755,-2.679,-1.674,-2.679,-1.983,77.518,1.005,1.0,0.696,1,-2.176,-2.1765,-2.331,-2.331
2,2021,2021131,10.0,728,Mercedes,75.126,75.656,-2.154,-1.624,-2.154,-1.624,77.327,0.530,1.0,0.530,1,-1.889,-1.889,-1.889,-1.889
2,2021,2021131,11.0,729,Mercedes,75.182,75.685,-2.183,-1.68,-2.183,-1.68,77.378,0.503,1.0,0.503,1,-1.931,-1.9314999999999998,-1.931,-1.9314999999999998
2,2021,2021131,12.0,730,Mercedes,75.0,75.511,-2.139,-1.628,-2.139,-1.628,77.139,0.511,1.0,0.511,1,-1.883,-1.8834999999999997,-1.883,-1.8834999999999997
2,2021,2021131,13.0,731,Mercedes,75.109,75.509,-1.982,-1.582,-1.982,-1.582,77.166,0.400,1.0,0.400,1,-1.782,-1.782,-1.782,-1.782
2,2021,2021131,14.0,732,Mercedes,75.526,75.476,-1.615,-1.665,-2.017,-1.665,77.171,-0.050,3.0,0.352,1,-1.640,-1.6400000000000001,-1.841,-1.841
2,2021,2021131,15.0,733,Mercedes,75.139,75.566,-1.812,-1.385,-1.812,-1.385,77.115,0.427,1.0,0.427,1,-1.599,-1.5985,-1.599,-1.5985
2,2021,2021131,16.0,734,Mercedes,75.161,75.706,-1.768,-1.223,-1.768,-1.223,77.035,0.545,1.0,0.545,1,-1.496,-1.4955,-1.496,-1.4955
2,2021,2021131,17.0,735,Mercedes,75.418,75.695,-1.576,-1.299,-1.576,-1.299,77.003,0.277,1.0,0.277,1,-1.438,-1.4375,-1.438,-1.4375
2,2021,2021131,18.0,736,Mercedes,75.476,75.499,-1.437,-1.414,-1.437,-1.414,76.977,0.023,1.0,0.023,1,-1.425,-1.4255,-1.425,-1.4255
2,2021,2021131,19.0,737,Mercedes,75.619,75.724,-1.372,-1.267,-1.372,-1.267,77.124,0.105,1.0,0.105,1,-1.320,-1.3195000000000001,-1.320,-1.3195000000000001
2,2021,2021131,20.0,738,Mercedes,,75.416,,-1.483,,-1.483,76.959,-,-,-,,-,-1.5310000000000001,-,-1.5310000000000001
2,2021,2021131,21.0,739,Mercedes,,75.496,,-1.432,,-1.432,76.974,-,-,-,,-,-1.7425,-,-1.7425
2,2021,2021131,22.0,740,Mercedes,73.757,75.593,-2.872,-1.036,-2.872,-1.036,76.646,1.836,1.0,1.836,1,-1.954,-1.954,-1.954,-1.954
2,2021,2021131,23.0,741,Mercedes,74.234,75.958,-2.51,-0.786,-2.51,-0.786,76.891,1.724,1.0,1.724,1,-1.648,-1.648,-1.648,-1.648
2,2021,2021131,24.0,742,Mercedes,74.238,76.486,-2.808,-0.56,-2.808,-0.998,77.124,2.248,1.0,1.810,1,-1.684,-1.684,-1.903,-1.903
2,2021,2021131,25.0,743,Mercedes,74.418,76.139,-2.599,-0.878,-2.599,-0.878,77.177,1.721,1.0,1.721,1,-1.739,-1.7385000000000002,-1.739,-1.7385000000000002
2,2021,2021131,26.0,744,Mercedes,74.927,75.82,-1.761,-0.868,-2.086,-0.868,76.898,0.893,1.0,1.218,1,-1.315,-1.3145,-1.477,-1.4769999999999999
2,2021,2021131,27.0,745,Mercedes,74.787,75.508,-1.717,-0.996,-1.717,-0.996,76.577,0.721,1.0,0.721,1,-1.357,-1.3565,-1.357,-1.3565
2,2021,2021131,28.0,746,Mercedes,74.574,75.963,-1.927,-0.538,-1.927,-0.538,76.585,1.389,1.0,1.389,1,-1.232,-1.2325,-1.232,-1.2325
2,2021,2021131,29.0,747,Mercedes,76.203,76.043,-0.357,-0.517,-2.01,-0.517,76.724,-0.160,3.0,1.493,1,-0.437,-0.437,-1.263,-1.2634999999999998
2,2021,2021131,30.0,748,Mercedes,74.526,76.974,-2.089,0.359,-2.089,0.359,76.754,2.448,1.0,2.448,1,-0.865,-0.865,-0.865,-0.865
2,2021,2021131,31.0,749,Mercedes,76.033,,-0.673,,-1.941,,76.981,-,-,-,,-,-1.0658333333333332,-,-1.0658333333333332
2,2021,2021131,32.0,750,Mercedes,75.003,,-1.817,,-1.817,,76.969,-,-,-,,-,-1.2666666666666666,-,-1.2666666666666666
2,2021,2021131,33.0,751,Mercedes,74.728,75.049,-1.628,-1.307,-1.628,-1.307,76.416,0.321,1.0,0.321,1,-1.467,-1.4674999999999998,-1.467,-1.4674999999999998
2,2021,2021131,34.0,752,Mercedes,74.579,74.025,-1.55,-2.104,-1.55,-2.104,76.377,-0.554,3.0,-0.554,3,-1.827,-1.827,-1.827,-1.827
2,2021,2021131,35.0,753,Mercedes,74.809,74.142,-1.38,-2.047,-1.38,-2.047,76.261,-0.667,3.0,-0.667,3,-1.714,-1.7135,-1.714,-1.7135
2,2021,2021131,36.0,754,Mercedes,74.721,74.922,-1.332,-1.131,-1.332,-1.131,76.562,0.201,1.0,0.201,1,-1.232,-1.2315,-1.232,-1.2315
2,2021,2021131,37.0,755,Mercedes,74.516,75.694,-1.457,-0.279,-1.457,-1.358,76.332,1.178,1.0,0.099,1,-0.868,-0.8680000000000001,-1.408,-1.4075000000000002
2,2021,2021131,38.0,756,Mercedes,74.788,74.307,-1.389,-1.87,-1.389,-1.87,76.399,-0.481,3.0,-0.481,3,-1.630,-1.6295000000000002,-1.630,-1.6295000000000002
2,2021,2021131,39.0,757,Mercedes,,74.199,,-2.143,,-2.143,76.461,-,-,-,,-,-1.7633333333333334,-,-1.7633333333333334
2,2021,2021131,40.0,758,Mercedes,,75.397,,-0.95,,-1.768,76.5,-,-,-,,-,-1.897166666666667,-,-1.897166666666667
2,2021,2021131,41.0,759,Mercedes,73.292,74.96,-2.865,-1.197,-2.865,-1.197,76.237,1.668,1.0,1.668,1,-2.031,-2.031,-2.031,-2.031
2,2021,2021131,42.0,760,Mercedes,73.428,74.601,-2.508,-1.335,-2.508,-1.335,75.987,1.173,1.0,1.173,1,-1.921,-1.9215,-1.921,-1.9215
2,2021,2021131,43.0,761,Mercedes,73.806,74.632,-1.955,-1.129,-2.208,-1.129,75.905,0.826,1.0,1.079,1,-1.542,-1.542,-1.669,-1.6685
2,2021,2021131,44.0,762,Mercedes,73.678,74.646,-1.951,-0.983,-1.951,-0.983,75.89,0.968,1.0,0.968,1,-1.467,-1.467,-1.467,-1.467
2,2021,2021131,45.0,763,Mercedes,74.505,74.412,-1.106,-1.199,-1.679,-1.199,75.759,-0.093,3.0,0.480,1,-1.153,-1.1525,-1.439,-1.439
2,2021,2021131,46.0,764,Mercedes,74.185,74.349,-1.456,-1.292,-1.456,-1.292,75.641,0.164,1.0,0.164,1,-1.374,-1.374,-1.374,-1.374
2,2021,2021131,47.0,765,Mercedes,74.123,74.366,-1.336,-1.093,-1.336,-1.093,75.581,0.243,1.0,0.243,1,-1.215,-1.2145000000000001,-1.215,-1.2145000000000001
2,2021,2021131,48.0,766,Mercedes,73.619,74.383,-1.836,-1.072,-1.836,-1.072,75.503,0.764,1.0,0.764,1,-1.454,-1.4540000000000002,-1.454,-1.4540000000000002
2,2021,2021131,49.0,767,Mercedes,73.124,74.857,-2.266,-0.533,-2.266,-0.533,75.626,1.733,1.0,1.733,1,-1.399,-1.3995,-1.399,-1.3995
2,2021,2021131,50.0,768,Mercedes,73.475,74.9,-1.94,-0.515,-2.191,-0.515,75.497,1.425,1.0,1.676,1,-1.228,-1.2275,-1.353,-1.353
2,2021,2021131,51.0,769,Mercedes,73.324,74.722,-2.116,-0.718,-2.116,-0.718,75.58,1.398,1.0,1.398,1,-1.417,-1.417,-1.417,-1.417
2,2021,2021131,52.0,770,Mercedes,73.511,74.365,-1.995,-1.141,-1.995,-1.141,75.569,0.854,1.0,0.854,1,-1.568,-1.568,-1.568,-1.568
2,2021,2021131,53.0,771,Mercedes,73.524,74.334,-1.952,-1.142,-1.952,-1.142,75.805,0.810,1.0,0.810,1,-1.547,-1.547,-1.547,-1.547
2,2021,2021131,54.0,772,Mercedes,73.683,74.791,-1.791,-0.683,-1.791,-1.17,75.661,1.108,1.0,0.621,1,-1.237,-1.237,-1.480,-1.4805
2,2021,2021131,55.0,773,Mercedes,75.27,74.273,-0.098,-1.095,-1.635,-1.095,75.47,-0.997,3.0,0.540,1,-0.597,-0.5965,-1.365,-1.365
2,2021,2021131,56.0,774,Mercedes,73.783,75.005,-1.447,-0.225,-1.447,-1.04,75.346,1.222,1.0,0.407,1,-0.836,-0.8360000000000001,-1.244,-1.2435
2,2021,2021131,57.0,775,Mercedes,73.45,74.108,-1.714,-1.056,-1.714,-1.056,75.341,0.658,1.0,0.658,1,-1.385,-1.385,-1.385,-1.385
2,2021,2021131,58.0,776,Mercedes,73.525,74.064,-1.618,-1.079,-1.618,-1.079,75.157,0.539,1.0,0.539,1,-1.349,-1.3485,-1.349,-1.3485
2,2021,2021131,59.0,777,Mercedes,74.547,74.366,-0.599,-0.78,-1.547,-0.78,75.199,-0.181,3.0,0.767,1,-0.690,-0.6895,-1.163,-1.1635
2,2021,2021131,60.0,778,Mercedes,73.674,74.295,-1.544,-0.923,-1.544,-0.923,75.554,0.621,1.0,0.621,1,-1.234,-1.2335,-1.234,-1.2335
2,2021,2021131,61.0,779,Mercedes,74.462,74.555,-0.993,-0.9,-1.701,-0.9,75.53,0.093,1.0,0.801,1,-0.947,-0.9465,-1.300,-1.3005
2,2021,2021131,62.0,780,Mercedes,73.835,75.026,-1.464,-0.273,-1.464,-0.273,75.628,1.191,1.0,1.191,1,-0.869,-0.8685,-0.869,-0.8685
2,2021,2021131,63.0,781,Mercedes,73.711,76.27,-1.76,0.799,-1.76,-0.819,75.668,2.559,1.0,0.941,1,-0.480,-0.4805,-1.289,-1.2894999999999999
2,2021,2021131,64.0,782,Mercedes,73.705,74.279,-1.794,-1.22,-1.794,-1.22,75.645,0.574,1.0,0.574,1,-1.507,-1.5070000000000001,-1.507,-1.5070000000000001
2,2021,2021131,65.0,783,Mercedes,73.841,75.52,-1.777,-0.098,-1.777,-1.065,75.861,1.679,1.0,0.712,1,-0.938,-0.9375,-1.421,-1.4209999999999998
2,2021,2021131,66.0,784,Mercedes,73.662,74.826,-2.184,-1.02,-2.184,-1.02,76.254,1.164,1.0,1.164,1,-1.602,-1.602,-1.602,-1.602
2,2021,2021131,67.0,785,Mercedes,73.509,,-2.813,,-2.813,,76.578,-,-,-,,-,-1.9383333333333332,-,-1.9383333333333332
2,2021,2021131,68.0,786,Mercedes,74.884,,-1.235,,-2.374,,76.291,-,-,-,,-,-2.2746666666666666,-,-2.2746666666666666
2,2021,2021131,69.0,787,Mercedes,73.981,72.549,-1.895,-3.327,-1.895,-3.327,76.028,-1.432,3.0,-1.432,3,-2.611,-2.6109999999999998,-2.611,-2.6109999999999998
2,2021,2021131,70.0,788,Mercedes,,73.881,,-2.248,,-2.248,76.174,-,-,-,,-,-1.9218333333333333,-,-1.9218333333333333
2,2021,2021131,71.0,789,Mercedes,,75.369,,-0.818,,-0.818,76.187,-,-,-,,-,-1.2326666666666666,-,-1.2326666666666666
2,2021,2021131,72.0,790,Mercedes,71.097,75.152,-2.571,1.484,-2.571,1.484,73.668,4.055,1.0,4.055,1,-0.544,-0.5435000000000001,-0.544,-0.5435000000000001
2,2021,2021140,1.0,791,Mercedes,,,,,,,,-,-,-,,-,,-,
2,2021,2021140,2.0,792,Mercedes,,,,,,,,-,-,-,,-,,-,
2,2021,2021140,3.0,793,Mercedes,,,,,,,,-,-,-,,-,,-,
2,2021,2021140,4.0,794,Mercedes,,,,,,,,-,-,-,,-,,-,
2,2021,2021140,5.0,795,Mercedes,85.022,83.796,-1.148,-2.374,-1.148,-2.374,86.17,-1.226,3.0,-1.226,3,-1.761,-1.7610000000000001,-1.761,-1.7610000000000001
2,2021,2021140,6.0,796,Mercedes,84.89,83.809,-0.778,-1.859,-0.778,-1.859,85.756,-1.081,3.0,-1.081,3,-1.319,-1.3185,-1.319,-1.3185
2,2021,2021140,7.0,797,Mercedes,84.837,83.592,-0.603,-1.849,-0.603,-1.849,85.462,-1.246,3.0,-1.246,3,-1.226,-1.226,-1.226,-1.226
2,2021,2021140,8.0,798,Mercedes,85.045,83.708,-0.339,-1.676,-0.339,-1.676,85.483,-1.337,3.0,-1.337,3,-1.008,-1.0075,-1.008,-1.0075
2,2021,2021140,9.0,799,Mercedes,84.253,83.54,-1.226,-1.939,-1.226,-1.939,85.71,-0.713,3.0,-0.713,3,-1.583,-1.5825,-1.583,-1.5825
2,2021,2021140,10.0,800,Mercedes,84.693,83.649,-0.89,-1.934,-0.89,-1.934,85.646,-1.044,3.0,-1.044,3,-1.412,-1.412,-1.412,-1.412
2,2021,2021140,11.0,801,Mercedes,84.711,83.622,-0.85,-1.939,-0.85,-1.939,85.627,-1.089,3.0,-1.089,3,-1.395,-1.3945,-1.395,-1.3945
2,2021,2021140,12.0,802,Mercedes,84.859,83.822,-0.666,-1.703,-0.666,-1.916,85.56,-1.037,3.0,-1.250,3,-1.185,-1.1845,-1.291,-1.291
2,2021,2021140,13.0,803,Mercedes,84.946,83.596,-0.629,-1.979,-0.629,-1.979,85.637,-1.350,3.0,-1.350,3,-1.304,-1.304,-1.304,-1.304
2,2021,2021140,14.0,804,Mercedes,84.906,83.721,-0.754,-1.939,-0.754,-1.939,85.674,-1.185,3.0,-1.185,3,-1.347,-1.3465,-1.347,-1.3465
2,2021,2021140,15.0,805,Mercedes,84.539,83.702,-1.045,-1.882,-1.045,-1.882,85.584,-0.837,3.0,-0.837,3,-1.463,-1.4634999999999998,-1.463,-1.4634999999999998
2,2021,2021140,16.0,806,Mercedes,84.725,83.839,-0.848,-1.734,-0.848,-1.734,85.624,-0.886,3.0,-0.886,3,-1.291,-1.291,-1.291,-1.291
2,2021,2021140,17.0,807,Mercedes,84.729,84.05,-0.905,-1.584,-0.905,-1.838,85.665,-0.679,3.0,-0.933,3,-1.244,-1.2445,-1.372,-1.3715000000000002
2,2021,2021140,18.0,808,Mercedes,85.634,83.753,-0.169,-2.05,-0.169,-2.05,85.803,-1.881,3.0,-1.881,3,-1.109,-1.1095,-1.109,-1.1095
2,2021,2021141,1.0,809,Mercedes,,,,,,,,-,-,-,,-,,-,
2,2021,2021141,2.0,810,Mercedes,,,,,,,,-,-,-,,-,,-,
2,2021,2021141,3.0,811,Mercedes,85.87,86.545,-1.21,-0.535,-1.21,-0.535,87.08,0.675,1.0,0.675,1,-0.873,-0.8725,-0.873,-0.8725
2,2021,2021141,4.0,812,Mercedes,86.252,87.601,-0.771,0.578,-1.075,-0.561,87.233,1.349,1.0,0.514,1,-0.097,-0.09650000000000003,-0.818,-0.8180000000000001
2,2021,2021141,5.0,813,Mercedes,86.026,86.378,-1.071,-0.719,-1.071,-0.719,87.134,0.352,1.0,0.352,1,-0.895,-0.895,-0.895,-0.895
2,2021,2021141,6.0,814,Mercedes,86.778,86.18,-0.373,-0.971,-0.373,-0.971,87.173,-0.598,3.0,-0.598,3,-0.672,-0.6719999999999999,-0.672,-0.6719999999999999
2,2021,2021141,7.0,815,Mercedes,86.846,86.771,-0.429,-0.504,-0.429,-0.504,87.431,-0.075,3.0,-0.075,3,-0.467,-0.4665,-0.467,-0.4665
2,2021,2021141,8.0,816,Mercedes,86.413,88.351,-0.897,1.041,-0.897,-0.431,87.417,1.938,1.0,0.466,1,0.072,0.07199999999999995,-0.664,-0.664
2,2021,2021141,9.0,817,Mercedes,86.595,86.988,-0.716,-0.323,-0.716,-0.323,87.565,0.393,1.0,0.393,1,-0.519,-0.5195,-0.519,-0.5195
2,2021,2021141,10.0,818,Mercedes,86.497,87.445,-0.908,0.04,-0.908,0.04,87.431,0.948,1.0,0.948,1,-0.434,-0.434,-0.434,-0.434
2,2021,2021141,11.0,819,Mercedes,86.368,86.7,-0.966,-0.634,-0.966,-0.634,87.376,0.332,1.0,0.332,1,-0.800,-0.8,-0.800,-0.8
2,2021,2021141,12.0,820,Mercedes,87.39,87.456,0.006,0.072,0.006,-0.736,87.439,0.066,1.0,-0.742,3,0.039,0.039,-0.365,-0.365
2,2021,2021141,13.0,821,Mercedes,87.44,86.596,0.062,-0.782,0.062,-0.782,87.441,-0.844,3.0,-0.844,3,-0.360,-0.36,-0.360,-0.36
2,2021,2021141,14.0,822,Mercedes,87.472,86.871,0.053,-0.548,0.053,-0.548,87.431,-0.601,3.0,-0.601,3,-0.248,-0.24750000000000003,-0.248,-0.24750000000000003
2,2021,2021141,15.0,823,Mercedes,86.757,86.951,-0.612,-0.418,-0.612,-0.418,87.475,0.194,1.0,0.194,1,-0.515,-0.515,-0.515,-0.515
2,2021,2021141,16.0,824,Mercedes,86.58,86.964,-0.735,-0.351,-0.735,-0.351,87.33,0.384,1.0,0.384,1,-0.543,-0.5429999999999999,-0.543,-0.5429999999999999
2,2021,2021141,17.0,825,Mercedes,87.01,86.777,-0.377,-0.61,-0.708,-0.61,87.501,-0.233,3.0,0.098,1,-0.493,-0.4935,-0.659,-0.659
2,2021,2021141,18.0,826,Mercedes,86.778,86.631,-0.594,-0.741,-0.594,-0.741,87.384,-0.147,3.0,-0.147,3,-0.667,-0.6675,-0.667,-0.6675
2,2021,2021141,19.0,827,Mercedes,86.826,86.664,-0.503,-0.665,-0.503,-0.665,87.329,-0.162,3.0,-0.162,3,-0.584,-0.5840000000000001,-0.584,-0.5840000000000001
2,2021,2021141,20.0,828,Mercedes,86.609,87.056,-0.885,-0.438,-0.885,-0.438,87.51,0.447,1.0,0.447,1,-0.661,-0.6615,-0.661,-0.6615
2,2021,2021141,21.0,829,Mercedes,86.952,88.008,-0.692,0.364,-0.868,-0.897,87.836,1.056,1.0,-0.029,3,-0.164,-0.16399999999999998,-0.883,-0.8825000000000001
2,2021,2021141,22.0,830,Mercedes,86.943,86.438,-0.725,-1.23,-0.725,-1.23,87.764,-0.505,3.0,-0.505,3,-0.978,-0.9775,-0.978,-0.9775
2,2021,2021141,23.0,831,Mercedes,87.032,86.638,-0.523,-0.917,-0.523,-0.917,87.555,-0.394,3.0,-0.394,3,-0.720,-0.72,-0.720,-0.72
2,2021,2021141,24.0,832,Mercedes,86.586,86.248,-0.727,-1.065,-0.727,-1.065,87.313,-0.338,3.0,-0.338,3,-0.896,-0.8959999999999999,-0.896,-0.8959999999999999
2,2021,2021141,25.0,833,Mercedes,,86.821,,-0.248,,-0.248,87.069,-,-,-,,-,,-,
2,2021,2021141,26.0,834,Mercedes,,,,,,,,-,-,-,,-,,-,
2,2021,2021141,27.0,835,Mercedes,,,,,,,,-,-,-,,-,,-,
2,2021,2021141,28.0,836,Mercedes,,,,,,,,-,-,-,,-,,-,
2,2021,2021141,29.0,837,Mercedes,,,,,,,,-,-,-,,-,,-,
2,2021,2021141,30.0,838,Mercedes,,,,,,,,-,-,-,,-,,-,
2,2021,2021141,31.0,839,Mercedes,,,,,,,,-,-,-,,-,,-,
2,2021,2021141,32.0,840,Mercedes,,86.597,,-1.986,,-1.986,88.583,-,-,-,,-,,-,
2,2021,2021141,33.0,841,Mercedes,,86.669,,-0.291,,-0.291,86.96,-,-,-,,-,,-,
2,2021,2021141,34.0,842,Mercedes,,84.827,,-1.767,,-1.767,86.65,-,-,-,,-,,-,
2,2021,2021141,35.0,843,Mercedes,,85.756,,-0.652,,-0.652,86.56,-,-,-,,-,,-,
2,2021,2021141,36.0,844,Mercedes,,85.971,,-0.504,,-0.504,86.513,-,-,-,,-,,-,
2,2021,2021141,37.0,845,Mercedes,,86.197,,-0.261,,-0.261,86.496,-,-,-,,-,,-,
2,2021,2021141,38.0,846,Mercedes,,86.549,,0.271,,-0.256,86.337,-,-,-,,-,,-,
2,2021,2021141,39.0,847,Mercedes,,85.848,,-0.394,,-0.394,86.351,-,-,-,,-,,-,
2,2021,2021141,40.0,848,Mercedes,,85.942,,-0.299,,-0.299,86.288,-,-,-,,-,,-,
2,2021,2021141,41.0,849,Mercedes,,85.928,,-0.275,,-0.275,86.203,-,-,-,,-,,-,
2,2021,2021141,42.0,850,Mercedes,,85.692,,-0.546,,-0.546,86.263,-,-,-,,-,,-,
2,2021,2021141,43.0,851,Mercedes,,87.569,,0.626,,0.626,86.943,-,-,-,,-,,-,
2,2021,2021141,44.0,852,Mercedes,,,,,,,,-,-,-,,-,,-,
2,2021,2021141,45.0,853,Mercedes,,85.5,,-1.008,,-1.008,86.508,-,-,-,,-,,-,
2,2021,2021141,46.0,854,Mercedes,,85.723,,-0.489,,-0.489,86.275,-,-,-,,-,,-,
2,2021,2021141,47.0,855,Mercedes,,85.632,,-0.621,,-0.621,86.27,-,-,-,,-,,-,
2,2021,2021141,48.0,856,Mercedes,,85.726,,-0.491,,-0.491,86.232,-,-,-,,-,,-,
2,2021,2021141,49.0,857,Mercedes,,85.287,,-0.745,,-0.745,86.172,-,-,-,,-,,-,
2,2021,2021141,50.0,858,Mercedes,,85.593,,-0.286,,-0.286,85.9,-,-,-,,-,,-,
2,2021,2021141,51.0,859,Mercedes,,85.649,,-0.273,,-0.273,85.942,-,-,-,,-,,-,
2,2021,2021141,52.0,860,Mercedes,,85.191,,-0.657,,-0.657,85.848,-,-,-,,-,,-,
2,2021,2021141,53.0,861,Mercedes,,85.27,,-0.413,,-0.413,85.683,-,-,-,,-,,-,
2,2021,2021151,1.0,862,Mercedes,,,,,,,,-,-,-,,-,,-,
2,2021,2021151,2.0,863,Mercedes,,,,,,,,-,-,-,,-,,-,
2,2021,2021151,3.0,864,Mercedes,102.1,103.892,-1.032,0.76,-1.032,0.76,103.132,1.792,1.0,1.792,1,-0.136,-0.136,-0.136,-0.136
2,2021,2021151,4.0,865,Mercedes,102.734,101.437,0.113,-1.184,-0.212,-1.184,102.647,-1.297,3.0,-0.972,3,-0.535,-0.5355,-0.698,-0.698
2,2021,2021151,5.0,866,Mercedes,102.718,102.259,0.095,-0.364,0.095,-0.364,102.688,-0.459,3.0,-0.459,3,-0.135,-0.1345,-0.135,-0.1345
2,2021,2021151,6.0,867,Mercedes,102.414,103.825,-0.249,1.162,-0.249,-0.351,102.804,1.411,1.0,-0.102,3,0.456,0.45649999999999996,-0.300,-0.3
2,2021,2021151,7.0,868,Mercedes,102.3,102.366,-0.434,-0.368,-0.434,-0.368,102.767,0.066,1.0,0.066,1,-0.401,-0.401,-0.401,-0.401
2,2021,2021151,8.0,869,Mercedes,102.076,102.839,-0.691,0.072,-0.691,0.072,103.074,0.763,1.0,0.763,1,-0.309,-0.3095,-0.309,-0.3095
2,2021,2021151,9.0,870,Mercedes,102.134,102.203,-0.529,-0.46,-0.529,-0.46,102.663,0.069,1.0,0.069,1,-0.495,-0.49450000000000005,-0.495,-0.49450000000000005
2,2021,2021151,10.0,871,Mercedes,102.211,103.615,-0.429,0.975,-0.429,-0.445,103.043,1.404,1.0,-0.016,3,0.273,0.273,-0.437,-0.437
2,2021,2021151,11.0,872,Mercedes,102.348,102.188,-0.364,-0.524,-0.364,-0.524,102.921,-0.160,3.0,-0.160,3,-0.444,-0.444,-0.444,-0.444
2,2021,2021151,12.0,873,Mercedes,102.263,102.112,-0.588,-0.739,-0.588,-0.739,102.876,-0.151,3.0,-0.151,3,-0.663,-0.6635,-0.663,-0.6635
2,2021,2021151,13.0,874,Mercedes,101.953,102.309,-0.565,-0.209,-0.565,-0.209,102.563,0.356,1.0,0.356,1,-0.387,-0.38699999999999996,-0.387,-0.38699999999999996
2,2021,2021151,14.0,875,Mercedes,101.942,102.953,-0.164,0.847,-0.164,0.331,102.186,1.011,1.0,0.495,1,0.341,0.34149999999999997,0.084,0.0835
2,2021,2021151,15.0,876,Mercedes,101.434,102.565,-0.527,0.604,-0.527,0.604,102.08,1.131,1.0,1.131,1,0.038,0.03849999999999998,0.038,0.03849999999999998
2,2021,2021151,16.0,877,Mercedes,101.491,102.461,-0.304,0.666,-0.304,0.666,101.795,0.970,1.0,0.970,1,0.181,0.18100000000000002,0.181,0.18100000000000002
2,2021,2021151,17.0,878,Mercedes,101.552,101.8,0.108,0.356,0.108,0.356,101.444,0.248,1.0,0.248,1,0.232,0.23199999999999998,0.232,0.23199999999999998
2,2021,2021151,18.0,879,Mercedes,101.478,101.449,0.137,0.108,0.137,0.108,101.366,-0.029,3.0,-0.029,3,0.122,0.1225,0.122,0.1225
2,2021,2021151,19.0,880,Mercedes,101.642,101.474,0.22,0.052,0.22,0.052,101.455,-0.168,3.0,-0.168,3,0.136,0.136,0.136,0.136
2,2021,2021151,20.0,881,Mercedes,101.799,101.694,0.432,0.327,0.432,0.327,101.479,-0.105,3.0,-0.105,3,0.380,0.3795,0.380,0.3795
2,2021,2021151,21.0,882,Mercedes,101.787,101.606,0.489,0.308,0.489,0.308,101.306,-0.181,3.0,-0.181,3,0.398,0.39849999999999997,0.398,0.39849999999999997
2,2021,2021151,22.0,883,Mercedes,101.381,101.56,0.116,0.295,0.116,0.295,101.364,0.179,1.0,0.179,1,0.205,0.2055,0.205,0.2055
2,2021,2021151,23.0,884,Mercedes,100.281,101.011,-0.916,-0.186,-0.916,-0.186,101.219,0.730,1.0,0.730,1,-0.551,-0.551,-0.551,-0.551
2,2021,2021151,24.0,885,Mercedes,99.908,101.286,-1.088,0.29,-1.088,0.29,101.112,1.378,1.0,1.378,1,-0.399,-0.399,-0.399,-0.399
2,2021,2021151,25.0,886,Mercedes,100.051,101.438,-0.984,0.403,-0.984,0.403,101.064,1.387,1.0,1.387,1,-0.290,-0.2905,-0.290,-0.2905
2,2021,2021151,26.0,887,Mercedes,,101.932,,0.86,,0.86,101.109,-,-,-,,-,-0.5457,-,-0.5457
2,2021,2021151,27.0,888,Mercedes,,102.362,,1.34,,1.34,101.132,-,-,-,,-,-0.8009,-,-0.8009
2,2021,2021151,28.0,889,Mercedes,100.471,,-0.118,,-0.118,,100.609,-,-,-,,-,-1.0560999999999998,-,-1.0560999999999998
2,2021,2021151,29.0,890,Mercedes,98.844,,-1.727,,-1.727,,100.828,-,-,-,,-,,-,
2,2021,2021151,30.0,891,Mercedes,98.244,99.547,-2.218,-0.915,-2.218,-0.915,100.533,1.303,1.0,1.303,1,-1.567,-1.5665,-1.567,-1.5665
2,2021,2021151,31.0,892,Mercedes,98.009,98.216,-2.451,-2.244,-2.451,-2.244,100.721,0.207,1.0,0.207,1,-2.348,-2.3475,-2.348,-2.3475
2,2021,2021151,32.0,893,Mercedes,98.134,98.931,-2.363,-1.566,-2.363,-1.964,100.526,0.797,1.0,0.399,1,-1.965,-1.9645000000000001,-2.163,-2.1635
2,2021,2021151,33.0,894,Mercedes,98.316,98.849,-2.1,-1.567,-2.1,-1.567,100.535,0.533,1.0,0.533,1,-1.833,-1.8335,-1.833,-1.8335
2,2021,2021151,34.0,895,Mercedes,98.007,99.783,-2.41,-0.634,-2.41,-0.634,100.44,1.776,1.0,1.776,1,-1.522,-1.522,-1.522,-1.522
2,2021,2021151,35.0,896,Mercedes,98.2,100.24,-2.055,-0.015,-2.055,-0.015,100.255,2.040,1.0,2.040,1,-1.035,-1.0350000000000001,-1.035,-1.0350000000000001
2,2021,2021151,36.0,897,Mercedes,98.273,101.236,-2.02,0.943,-2.02,0.164,100.374,2.963,1.0,2.184,1,-0.538,-0.5385,-0.928,-0.928
2,2021,2021151,37.0,898,Mercedes,97.77,100.674,-2.533,0.371,-2.533,0.371,100.34,2.904,1.0,2.904,1,-1.081,-1.081,-1.081,-1.081
2,2021,2021151,38.0,899,Mercedes,97.689,100.613,-2.515,0.409,-2.515,0.409,100.334,2.924,1.0,2.924,1,-1.053,-1.0530000000000002,-1.053,-1.0530000000000002
2,2021,2021151,39.0,900,Mercedes,97.719,100.76,-2.401,0.64,-2.401,0.64,100.12,3.041,1.0,3.041,1,-0.880,-0.8804999999999998,-0.880,-0.8804999999999998
2,2021,2021151,40.0,901,Mercedes,97.608,101.316,-2.458,1.25,-2.458,0.497,100.239,3.708,1.0,2.955,1,-0.604,-0.6040000000000001,-0.981,-0.9805000000000001
2,2021,2021151,41.0,902,Mercedes,97.832,100.366,-2.352,0.182,-2.352,0.182,100.184,2.534,1.0,2.534,1,-1.085,-1.085,-1.085,-1.085
2,2021,2021151,42.0,903,Mercedes,97.678,101.106,-2.407,1.021,-2.407,1.021,100.182,3.428,1.0,3.428,1,-0.693,-0.6930000000000001,-0.693,-0.6930000000000001
2,2021,2021151,43.0,904,Mercedes,97.575,101.933,-2.54,1.818,-2.54,1.016,100.257,4.358,1.0,3.556,1,-0.361,-0.361,-0.762,-0.762
2,2021,2021151,44.0,905,Mercedes,97.789,101.155,-2.481,0.885,-2.481,0.885,100.881,3.366,1.0,3.366,1,-0.798,-0.7979999999999999,-0.798,-0.7979999999999999
2,2021,2021151,45.0,906,Mercedes,98.092,101.185,-2.596,0.497,-2.596,0.497,100.728,3.093,1.0,3.093,1,-1.050,-1.0495,-1.050,-1.0495
2,2021,2021151,46.0,907,Mercedes,98.942,102.242,-2.345,0.955,-2.345,0.955,101.287,3.300,1.0,3.300,1,-0.695,-0.6950000000000001,-0.695,-0.6950000000000001
2,2021,2021151,47.0,908,Mercedes,102.612,,-4.812,,-4.812,,108.055,-,-,-,,-,-1.1429,-,-1.1429
2,2021,2021151,48.0,909,Mercedes,115.73,,3.017,,3.017,,118.496,-,-,-,,-,-1.5907999999999998,-,-1.5907999999999998
2,2021,2021151,49.0,910,Mercedes,,109.681,,-5.411,,-5.411,115.092,-,-,-,,-,-2.0386999999999995,-,-2.0386999999999995
2,2021,2021151,50.0,911,Mercedes,,115.759,,-2.198,,-7.312,118.468,-,-,-,,-,,-,
2,2021,2021151,51.0,912,Mercedes,113.532,111.609,-1.973,-3.896,-1.973,-3.896,115.505,-1.923,3.0,-1.923,3,-2.934,-2.9345,-2.934,-2.9345
2,2021,2021151,52.0,913,Mercedes,112.659,111.263,-0.479,-1.875,-0.479,-1.875,113.138,-1.396,3.0,-1.396,3,-1.177,-1.177,-1.177,-1.177
2,2021,2021151,53.0,914,Mercedes,111.465,110.305,-1.365,-2.525,-1.365,-2.525,112.83,-1.160,3.0,-1.160,3,-1.945,-1.9449999999999998,-1.945,-1.9449999999999998
2,2021,2021161,1.0,915,Mercedes,,,,,,,,-,-,-,,-,,-,
2,2021,2021161,2.0,916,Mercedes,,,,,,,,-,-,-,,-,,-,
2,2021,2021161,3.0,917,Mercedes,96.047,94.493,-0.501,-2.055,-0.501,-2.055,96.548,-1.554,3.0,-1.554,3,-1.278,-1.278,-1.278,-1.278
2,2021,2021161,4.0,918,Mercedes,96.316,94.654,-0.14,-1.802,-0.14,-1.802,96.468,-1.662,3.0,-1.662,3,-0.971,-0.9710000000000001,-0.971,-0.9710000000000001
2,2021,2021161,5.0,919,Mercedes,96.014,94.716,-0.652,-1.95,-0.652,-1.95,96.678,-1.298,3.0,-1.298,3,-1.301,-1.301,-1.301,-1.301
2,2021,2021161,6.0,920,Mercedes,96.475,94.851,-0.246,-1.87,-0.246,-1.87,96.939,-1.624,3.0,-1.624,3,-1.058,-1.058,-1.058,-1.058
2,2021,2021161,7.0,921,Mercedes,96.602,94.647,0.105,-1.85,0.105,-1.85,96.527,-1.955,3.0,-1.955,3,-0.873,-0.8725,-0.873,-0.8725
2,2021,2021161,8.0,922,Mercedes,95.446,94.76,-1.029,-1.715,-1.029,-1.715,96.594,-0.686,3.0,-0.686,3,-1.372,-1.3719999999999999,-1.372,-1.3719999999999999
2,2021,2021161,9.0,923,Mercedes,94.418,94.371,-1.835,-1.882,-1.835,-1.882,96.293,-0.047,3.0,-0.047,3,-1.858,-1.8584999999999998,-1.858,-1.8584999999999998
2,2021,2021161,10.0,924,Mercedes,94.206,94.562,-1.909,-1.553,-1.909,-1.553,96.14,0.356,1.0,0.356,1,-1.731,-1.7309999999999999,-1.731,-1.7309999999999999
2,2021,2021161,11.0,925,Mercedes,93.45,94.281,-2.372,-1.541,-2.372,-1.541,95.878,0.831,1.0,0.831,1,-1.956,-1.9565,-1.956,-1.9565
2,2021,2021161,12.0,926,Mercedes,93.428,93.963,-2.052,-1.517,-2.052,-1.517,95.48,0.535,1.0,0.535,1,-1.784,-1.7845,-1.784,-1.7845
2,2021,2021161,13.0,927,Mercedes,93.742,93.679,-1.508,-1.571,-1.508,-1.571,95.356,-0.063,3.0,-0.063,3,-1.539,-1.5394999999999999,-1.539,-1.5394999999999999
2,2021,2021161,14.0,928,Mercedes,93.803,93.691,-1.362,-1.474,-1.362,-1.474,95.239,-0.112,3.0,-0.112,3,-1.418,-1.4180000000000001,-1.418,-1.4180000000000001
2,2021,2021161,15.0,929,Mercedes,93.353,93.803,-1.672,-1.222,-1.672,-1.222,95.025,0.450,1.0,0.450,1,-1.447,-1.447,-1.447,-1.447
2,2021,2021161,16.0,930,Mercedes,93.717,93.735,-1.215,-1.197,-1.215,-1.197,94.987,0.018,1.0,0.018,1,-1.206,-1.206,-1.206,-1.206
2,2021,2021161,17.0,931,Mercedes,93.366,93.355,-1.307,-1.318,-1.307,-1.318,94.711,-0.011,3.0,-0.011,3,-1.312,-1.3125,-1.312,-1.3125
2,2021,2021161,18.0,932,Mercedes,93.486,93.146,-1.147,-1.487,-1.147,-1.487,94.656,-0.340,3.0,-0.340,3,-1.317,-1.3170000000000002,-1.317,-1.3170000000000002
2,2021,2021161,19.0,933,Mercedes,93.403,93.791,-1.055,-0.667,-1.055,-1.206,94.578,0.388,1.0,-0.151,3,-0.861,-0.861,-1.131,-1.1305
2,2021,2021161,20.0,934,Mercedes,93.019,93.359,-1.476,-1.136,-1.476,-1.136,94.527,0.340,1.0,0.340,1,-1.306,-1.306,-1.306,-1.306
2,2021,2021161,21.0,935,Mercedes,93.02,93.436,-1.403,-0.987,-1.403,-0.987,94.45,0.416,1.0,0.416,1,-1.195,-1.195,-1.195,-1.195
2,2021,2021161,22.0,936,Mercedes,93.306,93.302,-1.186,-1.19,-1.186,-1.19,95.115,-0.004,3.0,-0.004,3,-1.188,-1.188,-1.188,-1.188
2,2021,2021161,23.0,937,Mercedes,93.218,93.336,-1.18,-1.062,-1.18,-1.062,94.445,0.118,1.0,0.118,1,-1.121,-1.121,-1.121,-1.121
2,2021,2021161,24.0,938,Mercedes,93.148,93.883,-1.53,-0.795,-1.53,-0.795,95.055,0.735,1.0,0.735,1,-1.163,-1.1625,-1.163,-1.1625
2,2021,2021161,25.0,939,Mercedes,93.708,94.323,-1.191,-0.576,-1.191,-1.17,95.029,0.615,1.0,0.021,1,-0.883,-0.8835,-1.180,-1.1804999999999999
2,2021,2021161,26.0,940,Mercedes,94.212,93.575,-0.705,-1.342,-0.705,-1.342,95.144,-0.637,3.0,-0.637,3,-1.024,-1.0235,-1.024,-1.0235
2,2021,2021161,27.0,941,Mercedes,94.645,93.457,-0.312,-1.5,-0.312,-1.5,95.128,-1.188,3.0,-1.188,3,-0.906,-0.906,-0.906,-0.906
2,2021,2021161,28.0,942,Mercedes,94.749,93.411,-0.327,-1.665,-0.327,-1.665,95.179,-1.338,3.0,-1.338,3,-0.996,-0.996,-0.996,-0.996
2,2021,2021161,29.0,943,Mercedes,94.093,93.682,-0.874,-1.285,-0.874,-1.285,94.967,-0.411,3.0,-0.411,3,-1.079,-1.0795,-1.079,-1.0795
2,2021,2021161,30.0,944,Mercedes,94.059,94.109,-1.032,-0.982,-1.032,-1.382,95.341,0.050,1.0,-0.350,3,-1.007,-1.0070000000000001,-1.207,-1.2069999999999999
2,2021,2021161,31.0,945,Mercedes,94.705,93.737,-0.646,-1.614,-0.646,-1.614,95.414,-0.968,3.0,-0.968,3,-1.130,-1.1300000000000001,-1.130,-1.1300000000000001
2,2021,2021161,32.0,946,Mercedes,94.755,93.885,-0.677,-1.547,-0.677,-1.547,95.608,-0.870,3.0,-0.870,3,-1.112,-1.112,-1.112,-1.112
2,2021,2021161,33.0,947,Mercedes,94.845,94.009,-0.824,-1.66,-0.824,-1.66,95.98,-0.836,3.0,-0.836,3,-1.242,-1.242,-1.242,-1.242
2,2021,2021161,34.0,948,Mercedes,95.973,94.646,0.078,-1.249,0.078,-1.954,96.015,-1.327,3.0,-2.032,3,-0.586,-0.5855,-0.938,-0.938
2,2021,2021161,35.0,949,Mercedes,97.402,93.872,1.893,-1.637,-0.205,-1.637,95.775,-3.530,3.0,-1.432,3,0.128,0.128,-0.921,-0.921
2,2021,2021161,36.0,950,Mercedes,94.635,94.019,-0.371,-0.987,-0.371,-0.987,95.006,-0.616,3.0,-0.616,3,-0.679,-0.679,-0.679,-0.679
2,2021,2021161,37.0,951,Mercedes,95.043,,-0.188,,-0.188,,95.733,-,-,-,,-,-0.6910000000000001,-,-0.6910000000000001
2,2021,2021161,38.0,952,Mercedes,94.529,,-0.836,,-0.836,,95.364,-,-,-,,-,-0.703,-,-0.703
2,2021,2021161,39.0,953,Mercedes,94.82,93.922,-0.266,-1.164,-0.266,-1.164,95.304,-0.898,3.0,-0.898,3,-0.715,-0.715,-0.715,-0.715
2,2021,2021161,40.0,954,Mercedes,95.186,93.949,0.11,-1.127,0.11,-1.127,95.208,-1.237,3.0,-1.237,3,-0.508,-0.5085,-0.508,-0.5085
2,2021,2021161,41.0,955,Mercedes,94.736,94.444,-0.457,-0.749,-0.457,-0.749,95.193,-0.292,3.0,-0.292,3,-0.603,-0.603,-0.603,-0.603
2,2021,2021161,42.0,956,Mercedes,94.585,93.869,-0.642,-1.358,-0.642,-1.358,95.436,-0.716,3.0,-0.716,3,-1.000,-1.0,-1.000,-1.0
2,2021,2021161,43.0,957,Mercedes,94.881,94.151,-0.481,-1.211,-0.481,-1.211,95.517,-0.730,3.0,-0.730,3,-0.846,-0.8460000000000001,-0.846,-0.8460000000000001
2,2021,2021161,44.0,958,Mercedes,94.59,94.697,-0.814,-0.707,-0.814,-0.707,95.493,0.107,1.0,0.107,1,-0.760,-0.7605,-0.760,-0.7605
2,2021,2021161,45.0,959,Mercedes,94.068,94.869,-1.19,-0.389,-1.19,-0.389,95.332,0.801,1.0,0.801,1,-0.789,-0.7895,-0.789,-0.7895
2,2021,2021161,46.0,960,Mercedes,95.074,95.253,0.218,0.397,-0.497,0.397,95.108,0.179,1.0,0.894,1,0.307,0.3075,-0.050,-0.04999999999999999
2,2021,2021161,47.0,961,Mercedes,94.651,94.094,0.093,-0.464,0.093,-0.464,94.6,-0.557,3.0,-0.557,3,-0.185,-0.1855,-0.185,-0.1855
2,2021,2021161,48.0,962,Mercedes,95.046,93.753,0.577,-0.716,0.577,-0.716,94.524,-1.293,3.0,-1.293,3,-0.070,-0.0695,-0.070,-0.0695
2,2021,2021161,49.0,963,Mercedes,94.708,93.326,0.4,-0.982,0.4,-0.982,94.308,-1.382,3.0,-1.382,3,-0.291,-0.291,-0.291,-0.291
2,2021,2021161,50.0,964,Mercedes,,92.896,,-1.216,,-1.216,94.396,-,-,-,,-,-0.5336666666666667,-,-0.5336666666666667
2,2021,2021161,51.0,965,Mercedes,,94.608,,0.457,,-1.143,94.729,-,-,-,,-,-0.7763333333333334,-,-0.7763333333333334
2,2021,2021161,52.0,966,Mercedes,92.763,93.119,-1.197,-0.841,-1.197,-0.841,93.96,0.356,1.0,0.356,1,-1.019,-1.0190000000000001,-1.019,-1.0190000000000001
2,2021,2021161,53.0,967,Mercedes,95.229,92.126,1.377,-1.726,0.141,-1.726,93.98,-3.103,3.0,-1.867,3,-0.174,-0.1745,-0.792,-0.7925
2,2021,2021161,54.0,968,Mercedes,95.223,92.427,1.081,-1.715,1.081,-1.715,94.438,-2.796,3.0,-2.796,3,-0.317,-0.31700000000000006,-0.317,-0.31700000000000006
2,2021,2021161,55.0,969,Mercedes,94.353,93.674,-0.009,-0.688,-0.009,-2.637,94.625,-0.679,3.0,-2.628,3,-0.348,-0.3485,-1.323,-1.323
2,2021,2021161,56.0,970,Mercedes,93.657,91.023,-0.683,-3.317,-0.683,-3.317,94.612,-2.634,3.0,-2.634,3,-2.000,-2.0,-2.000,-2.0
2,2021,2021161,57.0,971,Mercedes,93.068,94.341,-0.978,0.295,-0.978,-3.318,94.441,1.273,1.0,-2.340,3,-0.342,-0.3415,-2.148,-2.148
2,2021,2021161,58.0,972,Mercedes,92.898,90.432,-0.273,-2.739,-0.273,-2.739,93.171,-2.466,3.0,-2.466,3,-1.506,-1.506,-1.506,-1.506
2,2021,2021171,1.0,973,Mercedes,,,,,,,,-,-,-,,-,,-,
2,2021,2021171,2.0,974,Mercedes,,,,,,,,-,-,-,,-,,-,
2,2021,2021171,3.0,975,Mercedes,101.25,105.047,-2.987,0.81,-2.987,0.81,104.237,3.797,1.0,3.797,1,-1.089,-1.0885,-1.089,-1.0885
2,2021,2021171,4.0,976,Mercedes,101.071,104.057,-2.617,0.369,-2.617,0.369,103.688,2.986,1.0,2.986,1,-1.124,-1.124,-1.124,-1.124
2,2021,2021171,5.0,977,Mercedes,101.628,103.705,-2.013,0.064,-2.013,0.064,103.641,2.077,1.0,2.077,1,-0.974,-0.9744999999999999,-0.974,-0.9744999999999999
2,2021,2021171,6.0,978,Mercedes,101.906,103.866,-1.851,0.109,-2.105,0.109,103.881,1.960,1.0,2.214,1,-0.871,-0.871,-0.998,-0.998
2,2021,2021171,7.0,979,Mercedes,101.677,104.2,-2.08,0.443,-2.08,0.443,103.757,2.523,1.0,2.523,1,-0.819,-0.8185,-0.819,-0.8185
2,2021,2021171,8.0,980,Mercedes,101.763,104.276,-1.981,0.532,-1.981,0.532,103.994,2.513,1.0,2.513,1,-0.725,-0.7245,-0.725,-0.7245
2,2021,2021171,9.0,981,Mercedes,101.59,104.381,-1.862,0.929,-1.862,0.929,103.452,2.791,1.0,2.791,1,-0.467,-0.4665,-0.467,-0.4665
2,2021,2021171,10.0,982,Mercedes,101.732,104.082,-1.551,0.799,-1.551,0.799,103.432,2.350,1.0,2.350,1,-0.376,-0.37599999999999995,-0.376,-0.37599999999999995
2,2021,2021171,11.0,983,Mercedes,101.822,102.186,-1.156,-0.792,-1.156,-0.792,102.991,0.364,1.0,0.364,1,-0.974,-0.974,-0.974,-0.974
2,2021,2021171,12.0,984,Mercedes,102.073,102.494,-0.926,-0.505,-0.926,-0.505,103.224,0.421,1.0,0.421,1,-0.716,-0.7155,-0.716,-0.7155
2,2021,2021171,13.0,985,Mercedes,,103.775,,0.463,,-0.564,103.414,-,-,-,,-,-0.8474,-,-0.8474
2,2021,2021171,14.0,986,Mercedes,,103.002,,0.083,,0.083,102.963,-,-,-,,-,-0.9793000000000001,-,-0.9793000000000001
2,2021,2021171,15.0,987,Mercedes,100.336,,-2.68,,-2.68,,103.033,-,-,-,,-,-1.1112,-,-1.1112
2,2021,2021171,16.0,988,Mercedes,100.808,,-2.381,,-2.381,,103.276,-,-,-,,-,,-,
2,2021,2021171,17.0,989,Mercedes,100.906,102.018,-1.931,-0.819,-1.931,-0.819,102.837,1.112,1.0,1.112,1,-1.375,-1.375,-1.375,-1.375
2,2021,2021171,18.0,990,Mercedes,100.559,103.136,-2.076,0.501,-2.076,-0.843,102.746,2.577,1.0,1.233,1,-0.788,-0.7875000000000001,-1.460,-1.4595
2,2021,2021171,19.0,991,Mercedes,100.85,101.567,-1.86,-1.143,-1.86,-1.143,102.817,0.717,1.0,0.717,1,-1.502,-1.5015,-1.502,-1.5015
2,2021,2021171,20.0,992,Mercedes,100.432,101.281,-2.364,-1.515,-2.364,-1.515,102.863,0.849,1.0,0.849,1,-1.939,-1.9394999999999998,-1.939,-1.9394999999999998
2,2021,2021171,21.0,993,Mercedes,100.807,101.544,-2.139,-1.402,-2.346,-1.402,103.002,0.737,1.0,0.944,1,-1.770,-1.7704999999999997,-1.874,-1.874
2,2021,2021171,22.0,994,Mercedes,100.768,101.498,-2.012,-1.282,-2.012,-1.282,102.81,0.730,1.0,0.730,1,-1.647,-1.647,-1.647,-1.647
2,2021,2021171,23.0,995,Mercedes,100.196,100.737,-2.501,-1.96,-2.501,-1.96,102.898,0.541,1.0,0.541,1,-2.231,-2.2305,-2.231,-2.2305
2,2021,2021171,24.0,996,Mercedes,100.422,100.733,-2.171,-1.86,-2.171,-1.86,102.638,0.311,1.0,0.311,1,-2.015,-2.0155,-2.015,-2.0155
2,2021,2021171,25.0,997,Mercedes,100.242,101.161,-2.349,-1.43,-2.349,-1.43,102.731,0.919,1.0,0.919,1,-1.889,-1.8895,-1.889,-1.8895
2,2021,2021171,26.0,998,Mercedes,100.878,100.852,-1.447,-1.473,-1.447,-1.473,102.364,-0.026,3.0,-0.026,3,-1.460,-1.46,-1.460,-1.46
2,2021,2021171,27.0,999,Mercedes,101.212,,-0.608,,-0.608,,101.82,-,-,-,,-,-1.5368333333333333,-,-1.5368333333333333
2,2021,2021171,28.0,1000,Mercedes,,100.626,,-1.833,,-1.833,102.497,-,-,-,,-,-1.6136666666666668,-,-1.6136666666666668
2,2021,2021171,29.0,1001,Mercedes,100.504,100.829,-1.853,-1.528,-1.853,-1.528,102.46,0.325,1.0,0.325,1,-1.691,-1.6905000000000001,-1.691,-1.6905000000000001
2,2021,2021171,30.0,1002,Mercedes,100.081,101.162,-2.405,-1.324,-2.405,-1.324,102.97,1.081,1.0,1.081,1,-1.865,-1.8645,-1.865,-1.8645
2,2021,2021171,31.0,1003,Mercedes,100.582,100.631,-1.652,-1.603,-1.652,-1.603,102.454,0.049,1.0,0.049,1,-1.627,-1.6275,-1.627,-1.6275
2,2021,2021171,32.0,1004,Mercedes,100.866,100.703,-0.984,-1.147,-0.984,-1.147,101.899,-0.163,3.0,-0.163,3,-1.066,-1.0655000000000001,-1.066,-1.0655000000000001
2,2021,2021171,33.0,1005,Mercedes,100.796,102.111,-1.278,0.037,-1.278,0.037,102.074,1.315,1.0,1.315,1,-0.621,-0.6205,-0.621,-0.6205
2,2021,2021171,34.0,1006,Mercedes,101.465,,-0.299,,-0.754,,101.935,-,-,-,,-,-0.6263333333333334,-,-0.6263333333333334
2,2021,2021171,35.0,1007,Mercedes,101.225,,-0.495,,-0.495,,101.738,-,-,-,,-,-0.6321666666666667,-,-0.6321666666666667
2,2021,2021171,36.0,1008,Mercedes,101.373,100.165,-0.034,-1.242,-0.034,-1.242,101.407,-1.208,3.0,-1.208,3,-0.638,-0.638,-0.638,-0.638
2,2021,2021171,37.0,1009,Mercedes,,100.216,,-1.069,,-1.069,101.285,-,-,-,,-,-0.8508333333333333,-,-0.8508333333333333
2,2021,2021171,38.0,1010,Mercedes,,100.249,,-1.131,,-1.131,101.683,-,-,-,,-,-1.0636666666666668,-,-1.0636666666666668
2,2021,2021171,39.0,1011,Mercedes,100.304,100.247,-1.248,-1.305,-1.248,-1.305,101.676,-0.057,3.0,-0.057,3,-1.276,-1.2765,-1.276,-1.2765
2,2021,2021171,40.0,1012,Mercedes,99.668,100.181,-1.666,-1.153,-1.666,-1.153,101.334,0.513,1.0,0.513,1,-1.409,-1.4095,-1.409,-1.4095
2,2021,2021171,41.0,1013,Mercedes,98.485,100.147,-2.683,-1.021,-2.683,-1.021,101.447,1.662,1.0,1.662,1,-1.852,-1.8519999999999999,-1.852,-1.8519999999999999
2,2021,2021171,42.0,1014,Mercedes,98.808,100.676,-2.571,-0.703,-2.571,-0.703,102.02,1.868,1.0,1.868,1,-1.637,-1.637,-1.637,-1.637
2,2021,2021171,43.0,1015,Mercedes,99.781,100.464,-1.403,-0.721,-2.166,-0.721,101.42,0.682,1.0,1.445,1,-1.062,-1.062,-1.444,-1.4435
2,2021,2021171,44.0,1016,Mercedes,99.229,100.326,-1.805,-0.708,-1.805,-0.708,101.152,1.097,1.0,1.097,1,-1.256,-1.2565,-1.256,-1.2565
2,2021,2021171,45.0,1017,Mercedes,99.025,101.268,-1.954,0.289,-1.954,-0.527,101.099,2.243,1.0,1.427,1,-0.833,-0.8325,-1.240,-1.2405
2,2021,2021171,46.0,1018,Mercedes,98.892,100.578,-2.041,-0.355,-2.041,-0.355,100.998,1.686,1.0,1.686,1,-1.198,-1.198,-1.198,-1.198
2,2021,2021171,47.0,1019,Mercedes,98.807,101.358,-2.253,0.298,-2.253,0.298,101.06,2.551,1.0,2.551,1,-0.978,-0.9775,-0.978,-0.9775
2,2021,2021171,48.0,1020,Mercedes,98.845,101.813,-2.36,0.608,-2.36,0.608,101.266,2.968,1.0,2.968,1,-0.876,-0.8759999999999999,-0.876,-0.8759999999999999
2,2021,2021171,49.0,1021,Mercedes,98.923,101.138,-2.453,-0.238,-2.453,-0.238,101.507,2.215,1.0,2.215,1,-1.345,-1.3455,-1.345,-1.3455
2,2021,2021171,50.0,1022,Mercedes,98.878,100.244,-2.568,-1.202,-2.568,-1.202,101.774,1.366,1.0,1.366,1,-1.885,-1.885,-1.885,-1.885
2,2021,2021171,51.0,1023,Mercedes,99.601,101.414,-2.042,-0.229,-2.571,-0.229,102.075,1.813,1.0,2.342,1,-1.135,-1.1355,-1.400,-1.4000000000000001
2,2021,2021171,52.0,1024,Mercedes,99.265,101.905,-2.642,-0.002,-2.642,-0.002,102.562,2.640,1.0,2.640,1,-1.322,-1.3219999999999998,-1.322,-1.3219999999999998
2,2021,2021171,53.0,1025,Mercedes,99.17,101.781,-3.048,-0.437,-3.048,-0.437,102.515,2.611,1.0,2.611,1,-1.742,-1.7425,-1.742,-1.7425
2,2021,2021171,54.0,1026,Mercedes,99.423,102.807,-2.731,0.653,-2.731,-1.118,102.445,3.384,1.0,1.613,1,-1.039,-1.039,-1.925,-1.9245
2,2021,2021171,55.0,1027,Mercedes,99.962,100.291,-2.385,-2.056,-2.385,-2.056,102.383,0.329,1.0,0.329,1,-2.220,-2.2205,-2.220,-2.2205
2,2021,2021171,56.0,1028,Mercedes,100.122,100.805,-1.394,-0.711,-1.394,-0.711,101.516,0.683,1.0,0.683,1,-1.052,-1.0525,-1.052,-1.0525
2,2021,2021181,1.0,1029,Mercedes,,,,,,,,-,-,-,,-,,-,
2,2021,2021181,2.0,1030,Mercedes,,,,,,,,-,-,-,,-,,-,
2,2021,2021181,3.0,1031,Mercedes,,,,,,,,-,-,-,,-,,-,
2,2021,2021181,4.0,1032,Mercedes,,,,,,,,-,-,-,,-,,-,
2,2021,2021181,5.0,1033,Mercedes,,,,,,,,-,-,-,,-,,-,
2,2021,2021181,6.0,1034,Mercedes,82.254,84.49,-1.698,0.538,-1.698,0.538,83.952,2.236,1.0,2.236,1,-0.580,-0.58,-0.580,-0.58
2,2021,2021181,7.0,1035,Mercedes,81.947,84.597,-1.896,0.754,-1.896,0.754,83.879,2.650,1.0,2.650,1,-0.571,-0.571,-0.571,-0.571
2,2021,2021181,8.0,1036,Mercedes,81.735,84.159,-1.941,0.483,-1.941,0.483,83.705,2.424,1.0,2.424,1,-0.729,-0.7290000000000001,-0.729,-0.7290000000000001
2,2021,2021181,9.0,1037,Mercedes,81.52,84.93,-2.073,1.337,-2.073,1.337,83.593,3.410,1.0,3.410,1,-0.368,-0.368,-0.368,-0.368
2,2021,2021181,10.0,1038,Mercedes,81.105,85.882,-2.565,2.212,-2.565,1.724,83.744,4.777,1.0,4.289,1,-0.176,-0.17649999999999988,-0.420,-0.4205
2,2021,2021181,11.0,1039,Mercedes,81.141,85.858,-2.147,2.57,-2.147,2.57,83.302,4.717,1.0,4.717,1,0.212,0.21150000000000002,0.212,0.21150000000000002
2,2021,2021181,12.0,1040,Mercedes,81.261,84.191,-1.812,1.118,-1.812,1.118,83.147,2.930,1.0,2.930,1,-0.347,-0.347,-0.347,-0.347
2,2021,2021181,13.0,1041,Mercedes,81.985,83.715,-1.014,0.716,-1.378,0.716,83.106,1.730,1.0,2.094,1,-0.149,-0.14900000000000002,-0.331,-0.33099999999999996
2,2021,2021181,14.0,1042,Mercedes,81.981,83.201,-0.793,0.427,-0.793,0.427,82.856,1.220,1.0,1.220,1,-0.183,-0.18300000000000002,-0.183,-0.18300000000000002
2,2021,2021181,15.0,1043,Mercedes,81.575,83.181,-0.964,0.642,-0.964,0.642,82.576,1.606,1.0,1.606,1,-0.161,-0.16099999999999998,-0.161,-0.16099999999999998
2,2021,2021181,16.0,1044,Mercedes,81.526,82.954,-1.005,0.423,-1.005,0.423,82.579,1.428,1.0,1.428,1,-0.291,-0.2909999999999999,-0.291,-0.2909999999999999
2,2021,2021181,17.0,1045,Mercedes,81.274,83.342,-1.252,0.816,-1.252,0.816,82.526,2.068,1.0,2.068,1,-0.218,-0.21800000000000003,-0.218,-0.21800000000000003
2,2021,2021181,18.0,1046,Mercedes,81.203,83.035,-1.338,0.494,-1.338,0.494,82.56,1.832,1.0,1.832,1,-0.422,-0.42200000000000004,-0.422,-0.42200000000000004
2,2021,2021181,19.0,1047,Mercedes,81.619,83.734,-0.991,1.124,-0.991,0.737,82.724,2.115,1.0,1.728,1,0.067,0.06650000000000006,-0.127,-0.127
2,2021,2021181,20.0,1048,Mercedes,82.03,83.658,-0.672,0.956,-0.672,0.956,82.887,1.628,1.0,1.628,1,0.142,0.14199999999999996,0.142,0.14199999999999996
2,2021,2021181,21.0,1049,Mercedes,81.387,82.769,-1.308,0.074,-1.308,0.074,82.695,1.382,1.0,1.382,1,-0.617,-0.617,-0.617,-0.617
2,2021,2021181,22.0,1050,Mercedes,81.93,83.117,-0.806,0.381,-1.229,0.381,82.794,1.187,1.0,1.610,1,-0.213,-0.21250000000000002,-0.424,-0.42400000000000004
2,2021,2021181,23.0,1051,Mercedes,81.627,83.338,-1.081,0.63,-1.081,0.63,82.717,1.711,1.0,1.711,1,-0.225,-0.22549999999999998,-0.225,-0.22549999999999998
2,2021,2021181,24.0,1052,Mercedes,81.398,83.16,-1.433,0.329,-1.433,0.329,82.953,1.762,1.0,1.762,1,-0.552,-0.552,-0.552,-0.552
2,2021,2021181,25.0,1053,Mercedes,81.43,83.951,-1.449,1.072,-1.449,0.201,83.078,2.521,1.0,1.650,1,-0.189,-0.1885,-0.624,-0.624
2,2021,2021181,26.0,1054,Mercedes,81.846,83.0,-0.777,0.377,-0.777,0.377,82.746,1.154,1.0,1.154,1,-0.200,-0.2,-0.200,-0.2
2,2021,2021181,27.0,1055,Mercedes,81.394,83.878,-1.105,1.379,-1.105,0.847,82.529,2.484,1.0,1.952,1,0.137,0.137,-0.129,-0.129
2,2021,2021181,28.0,1056,Mercedes,81.595,83.691,-0.999,1.097,-0.999,1.097,82.669,2.096,1.0,2.096,1,0.049,0.04899999999999999,0.049,0.04899999999999999
2,2021,2021181,29.0,1057,Mercedes,,82.748,,0.099,,0.099,82.816,-,-,-,,-,-0.5466666666666666,-,-0.5466666666666666
2,2021,2021181,30.0,1058,Mercedes,,82.828,,-0.075,,-0.075,83.181,-,-,-,,-,-1.1423333333333334,-,-1.1423333333333334
2,2021,2021181,31.0,1059,Mercedes,79.953,82.153,-2.838,-0.638,-2.838,-0.638,82.836,2.200,1.0,2.200,1,-1.738,-1.738,-1.738,-1.738
2,2021,2021181,32.0,1060,Mercedes,80.218,83.215,-2.223,0.774,-2.223,0.107,82.785,2.997,1.0,2.330,1,-0.724,-0.7244999999999999,-1.058,-1.0579999999999998
2,2021,2021181,33.0,1061,Mercedes,80.456,82.943,-1.941,0.546,-1.941,0.546,82.397,2.487,1.0,2.487,1,-0.698,-0.6975,-0.698,-0.6975
2,2021,2021181,34.0,1062,Mercedes,80.526,82.624,-1.744,0.354,-1.744,0.354,82.283,2.098,1.0,2.098,1,-0.695,-0.6950000000000001,-0.695,-0.6950000000000001
2,2021,2021181,35.0,1063,Mercedes,80.527,82.554,-1.47,0.557,-1.47,0.557,82.102,2.027,1.0,2.027,1,-0.456,-0.45649999999999996,-0.456,-0.45649999999999996
2,2021,2021181,36.0,1064,Mercedes,80.312,81.846,-1.616,-0.082,-1.616,-0.082,82.012,1.534,1.0,1.534,1,-0.849,-0.8490000000000001,-0.849,-0.8490000000000001
2,2021,2021181,37.0,1065,Mercedes,80.542,81.87,-1.514,-0.186,-1.514,-0.186,82.339,1.328,1.0,1.328,1,-0.850,-0.85,-0.850,-0.85
2,2021,2021181,38.0,1066,Mercedes,81.57,83.676,-0.658,1.448,-1.485,-0.731,82.488,2.106,1.0,0.754,1,0.395,0.39499999999999996,-1.108,-1.108
2,2021,2021181,39.0,1067,Mercedes,80.944,81.125,-1.181,-1.0,-1.181,-1.0,82.191,0.181,1.0,0.181,1,-1.091,-1.0905,-1.091,-1.0905
2,2021,2021181,40.0,1068,Mercedes,80.209,,-1.72,,-1.72,,81.929,-,-,-,,-,-1.1245,-,-1.1245
2,2021,2021181,41.0,1069,Mercedes,80.378,,-1.48,,-1.48,,82.009,-,-,-,,-,-1.1584999999999999,-,-1.1584999999999999
2,2021,2021181,42.0,1070,Mercedes,80.412,80.199,-1.086,-1.299,-1.086,-1.299,81.604,-0.213,3.0,-0.213,3,-1.192,-1.1925,-1.192,-1.1925
2,2021,2021181,43.0,1071,Mercedes,80.209,80.213,-1.367,-1.363,-1.367,-1.363,81.875,0.004,1.0,0.004,1,-1.365,-1.365,-1.365,-1.365
2,2021,2021181,44.0,1072,Mercedes,80.965,80.049,-0.515,-1.431,-1.458,-1.431,81.683,-0.916,3.0,0.027,1,-0.973,-0.9730000000000001,-1.445,-1.4445000000000001
2,2021,2021181,45.0,1073,Mercedes,79.834,80.747,-1.607,-0.694,-1.607,-0.694,81.599,0.913,1.0,0.913,1,-1.151,-1.1505,-1.151,-1.1505
2,2021,2021181,46.0,1074,Mercedes,80.683,79.761,-0.882,-1.804,-0.882,-1.804,81.622,-0.922,3.0,-0.922,3,-1.343,-1.343,-1.343,-1.343
2,2021,2021181,47.0,1075,Mercedes,80.97,80.514,-0.807,-1.263,-1.226,-1.263,81.976,-0.456,3.0,-0.037,3,-1.035,-1.035,-1.244,-1.2445
2,2021,2021181,48.0,1076,Mercedes,80.419,80.952,-1.347,-0.814,-1.347,-0.814,82.018,0.533,1.0,0.533,1,-1.081,-1.0805,-1.081,-1.0805
2,2021,2021181,49.0,1077,Mercedes,80.672,81.26,-0.872,-0.284,-0.872,-0.284,81.734,0.588,1.0,0.588,1,-0.578,-0.578,-0.578,-0.578
2,2021,2021181,50.0,1078,Mercedes,80.461,80.545,-0.945,-0.861,-0.945,-0.861,81.484,0.084,1.0,0.084,1,-0.903,-0.903,-0.903,-0.903
2,2021,2021181,51.0,1079,Mercedes,80.111,81.314,-1.291,-0.088,-1.291,-0.088,81.523,1.203,1.0,1.203,1,-0.690,-0.6895,-0.690,-0.6895
2,2021,2021181,52.0,1080,Mercedes,80.224,81.848,-1.237,0.387,-1.237,0.387,81.496,1.624,1.0,1.624,1,-0.425,-0.42500000000000004,-0.425,-0.42500000000000004
2,2021,2021181,53.0,1081,Mercedes,80.13,82.228,-1.387,0.711,-1.387,0.711,82.066,2.098,1.0,2.098,1,-0.338,-0.338,-0.338,-0.338
2,2021,2021181,54.0,1082,Mercedes,80.628,82.038,-0.945,0.465,-1.367,0.465,81.656,1.410,1.0,1.832,1,-0.240,-0.23999999999999996,-0.451,-0.45099999999999996
2,2021,2021181,55.0,1083,Mercedes,80.281,81.488,-1.204,0.003,-1.204,0.003,81.708,1.207,1.0,1.207,1,-0.601,-0.6005,-0.601,-0.6005
2,2021,2021181,56.0,1084,Mercedes,80.577,81.829,-1.062,0.19,-1.062,0.19,81.809,1.252,1.0,1.252,1,-0.436,-0.43600000000000005,-0.436,-0.43600000000000005
2,2021,2021181,57.0,1085,Mercedes,81.141,82.037,-0.432,0.464,-1.071,0.464,81.764,0.896,1.0,1.535,1,0.016,0.016000000000000014,-0.303,-0.3035
2,2021,2021181,58.0,1086,Mercedes,80.427,81.99,-1.015,0.548,-1.015,0.548,81.564,1.563,1.0,1.563,1,-0.233,-0.23349999999999993,-0.233,-0.23349999999999993
2,2021,2021181,59.0,1087,Mercedes,80.727,83.225,-0.87,1.628,-0.87,1.628,81.7,2.498,1.0,2.498,1,0.379,0.37899999999999995,0.379,0.37899999999999995
2,2021,2021181,60.0,1088,Mercedes,80.749,83.797,-0.98,2.068,-0.98,2.068,81.772,3.048,1.0,3.048,1,0.544,0.544,0.544,0.544
2,2021,2021181,61.0,1089,Mercedes,80.961,82.889,-0.429,1.499,-0.429,1.499,81.62,1.928,1.0,1.928,1,0.535,0.535,0.535,0.535
2,2021,2021181,62.0,1090,Mercedes,80.22,82.045,-0.998,0.827,-0.998,0.827,81.371,1.825,1.0,1.825,1,-0.086,-0.08550000000000002,-0.086,-0.08550000000000002
2,2021,2021181,63.0,1091,Mercedes,79.981,,-1.068,,-1.068,,81.635,-,-,-,,-,-0.3921666666666667,-,-0.3921666666666667
2,2021,2021181,64.0,1092,Mercedes,80.33,,-0.822,,-1.002,,81.415,-,-,-,,-,-0.6988333333333334,-,-0.6988333333333334
2,2021,2021181,65.0,1093,Mercedes,80.32,79.829,-0.76,-1.251,-0.76,-1.251,81.133,-0.491,3.0,-0.491,3,-1.006,-1.0055,-1.006,-1.0055
2,2021,2021181,66.0,1094,Mercedes,79.82,79.941,-1.218,-1.097,-1.218,-1.097,81.064,0.121,1.0,0.121,1,-1.157,-1.1575,-1.157,-1.1575
2,2021,2021181,67.0,1095,Mercedes,80.127,,-1.027,,-1.027,,81.319,-,-,-,,-,-1.44,-,-1.44
2,2021,2021181,68.0,1096,Mercedes,80.43,,-0.896,,-1.144,,81.396,-,-,-,,-,-1.7225,-,-1.7225
2,2021,2021181,69.0,1097,Mercedes,80.236,77.774,-0.774,-3.236,-0.774,-3.236,81.394,-2.462,3.0,-2.462,3,-2.005,-2.005,-2.005,-2.005
2,2021,2021181,70.0,1098,Mercedes,80.319,,-1.062,,-1.062,,81.381,-,-,-,,-,,-,
2,2021,2021181,71.0,1099,Mercedes,80.772,,-0.498,,-0.498,,81.27,-,-,-,,-,,-,
2,2021,2021190,1.0,1100,Mercedes,,,,,,,,-,-,-,,-,,-,
2,2021,2021190,2.0,1101,Mercedes,,,,,,,,-,-,-,,-,,-,
2,2021,2021190,3.0,1102,Mercedes,73.913,72.833,-0.157,-1.237,-0.157,-1.237,74.07,-1.080,3.0,-1.080,3,-0.697,-0.6970000000000001,-0.697,-0.6970000000000001
2,2021,2021190,4.0,1103,Mercedes,73.992,72.553,0.206,-1.233,0.206,-1.233,73.953,-1.439,3.0,-1.439,3,-0.514,-0.5135000000000001,-0.514,-0.5135000000000001
2,2021,2021190,5.0,1104,Mercedes,72.357,72.646,-1.358,-1.069,-1.358,-1.069,73.834,0.289,1.0,0.289,1,-1.214,-1.2135,-1.214,-1.2135
2,2021,2021190,6.0,1105,Mercedes,73.829,72.43,0.068,-1.331,-0.834,-1.331,73.956,-1.399,3.0,-0.497,3,-0.631,-0.6315,-1.083,-1.0825
2,2021,2021190,7.0,1106,Mercedes,73.497,72.545,-0.328,-1.28,-0.328,-1.28,73.926,-0.952,3.0,-0.952,3,-0.804,-0.804,-0.804,-0.804
2,2021,2021190,8.0,1107,Mercedes,73.26,72.3,-0.396,-1.356,-0.396,-1.356,73.698,-0.960,3.0,-0.960,3,-0.876,-0.8760000000000001,-0.876,-0.8760000000000001
2,2021,2021190,9.0,1108,Mercedes,73.588,72.464,-0.065,-1.189,-0.065,-1.189,73.755,-1.124,3.0,-1.124,3,-0.627,-0.627,-0.627,-0.627
2,2021,2021190,10.0,1109,Mercedes,73.687,72.366,-0.01,-1.331,-0.01,-1.331,73.764,-1.321,3.0,-1.321,3,-0.670,-0.6705,-0.670,-0.6705
2,2021,2021190,11.0,1110,Mercedes,73.72,72.387,0.079,-1.254,0.079,-1.254,73.641,-1.333,3.0,-1.333,3,-0.588,-0.5875,-0.588,-0.5875
2,2021,2021190,12.0,1111,Mercedes,73.367,72.393,-0.34,-1.314,-0.34,-1.314,73.782,-0.974,3.0,-0.974,3,-0.827,-0.8270000000000001,-0.827,-0.8270000000000001
2,2021,2021190,13.0,1112,Mercedes,73.922,72.62,0.148,-1.154,-0.345,-1.154,73.86,-1.302,3.0,-0.809,3,-0.503,-0.503,-0.749,-0.7494999999999999
2,2021,2021190,14.0,1113,Mercedes,73.49,72.699,-0.316,-1.107,-0.316,-1.107,73.829,-0.791,3.0,-0.791,3,-0.712,-0.7115,-0.712,-0.7115
2,2021,2021190,15.0,1114,Mercedes,73.117,72.605,-0.697,-1.209,-0.697,-1.209,73.842,-0.512,3.0,-0.512,3,-0.953,-0.9530000000000001,-0.953,-0.9530000000000001
2,2021,2021190,16.0,1115,Mercedes,73.003,73.013,-0.883,-0.873,-0.883,-1.277,74.04,0.010,1.0,-0.394,3,-0.878,-0.878,-1.080,-1.08
2,2021,2021190,17.0,1116,Mercedes,72.379,72.613,-1.483,-1.249,-1.483,-1.249,73.897,0.234,1.0,0.234,1,-1.366,-1.366,-1.366,-1.366
2,2021,2021190,18.0,1117,Mercedes,72.424,73.089,-1.431,-0.766,-1.431,-1.068,73.9,0.665,1.0,0.363,1,-1.099,-1.0985,-1.250,-1.2495
2,2021,2021190,19.0,1118,Mercedes,72.427,72.96,-1.499,-0.966,-1.499,-0.966,73.953,0.533,1.0,0.533,1,-1.232,-1.2325,-1.232,-1.2325
2,2021,2021190,20.0,1119,Mercedes,73.451,73.05,-0.532,-0.933,-1.371,-0.933,74.139,-0.401,3.0,0.438,1,-0.733,-0.7325,-1.152,-1.1520000000000001
2,2021,2021190,21.0,1120,Mercedes,72.798,72.905,-1.164,-1.057,-1.164,-1.057,73.962,0.107,1.0,0.107,1,-1.111,-1.1105,-1.111,-1.1105
2,2021,2021190,22.0,1121,Mercedes,72.535,73.133,-1.51,-0.912,-1.51,-0.912,74.052,0.598,1.0,0.598,1,-1.211,-1.211,-1.211,-1.211
2,2021,2021190,23.0,1122,Mercedes,73.24,73.453,-1.076,-0.863,-1.53,-0.863,74.339,0.213,1.0,0.667,1,-0.970,-0.9695,-1.196,-1.1965
2,2021,2021190,24.0,1123,Mercedes,73.036,73.584,-1.734,-1.186,-1.734,-1.186,74.77,0.548,1.0,0.548,1,-1.460,-1.46,-1.460,-1.46
2,2021,2021191,1.0,1124,Mercedes,,,,,,,,-,-,-,,-,,-,
2,2021,2021191,2.0,1125,Mercedes,,,,,,,,-,-,-,,-,,-,
2,2021,2021191,3.0,1126,Mercedes,74.254,74.954,-2.023,-1.323,-2.023,-1.323,76.277,0.700,1.0,0.700,1,-1.673,-1.673,-1.673,-1.673
2,2021,2021191,4.0,1127,Mercedes,74.307,74.837,-1.856,-1.326,-1.856,-1.326,76.229,0.530,1.0,0.530,1,-1.591,-1.5910000000000002,-1.591,-1.5910000000000002
2,2021,2021191,5.0,1128,Mercedes,74.172,77.488,-2.134,1.182,-2.134,1.182,76.306,3.316,1.0,3.316,1,-0.476,-0.476,-0.476,-0.476
2,2021,2021191,6.0,1129,Mercedes,,,,,,,,-,-,-,,-,-0.7679166666666666,-,-0.7679166666666666
2,2021,2021191,7.0,1130,Mercedes,,,,,,,,-,-,-,,-,-1.0598333333333332,-,-1.0598333333333332
2,2021,2021191,8.0,1131,Mercedes,,,,,,,,-,-,-,,-,-1.35175,-,-1.35175
2,2021,2021191,9.0,1132,Mercedes,,,,,,,,-,-,-,,-,,-,
2,2021,2021191,10.0,1133,Mercedes,,,,,,,,-,-,-,,-,,-,
2,2021,2021191,11.0,1134,Mercedes,74.607,75.0,-2.424,-2.031,-2.424,-2.031,77.031,0.393,1.0,0.393,1,-2.228,-2.2275,-2.228,-2.2275
2,2021,2021191,12.0,1135,Mercedes,,,,,,,,-,-,-,,-,-1.981125,-,-1.981125
2,2021,2021191,13.0,1136,Mercedes,,,,,,,,-,-,-,,-,-1.73475,-,-1.73475
2,2021,2021191,14.0,1137,Mercedes,,,,,,,74.891,-,-,-,,-,-1.488375,-,-1.488375
2,2021,2021191,15.0,1138,Mercedes,74.337,74.489,-1.318,-1.166,-1.318,-1.166,75.655,0.152,1.0,0.152,1,-1.242,-1.242,-1.242,-1.242
2,2021,2021191,16.0,1139,Mercedes,74.534,74.322,-1.178,-1.39,-1.178,-1.39,75.829,-0.212,3.0,-0.212,3,-1.284,-1.2839999999999998,-1.284,-1.2839999999999998
2,2021,2021191,17.0,1140,Mercedes,74.747,75.097,-1.082,-0.732,-1.082,-0.732,75.875,0.350,1.0,0.350,1,-0.907,-0.907,-0.907,-0.907
2,2021,2021191,18.0,1141,Mercedes,75.716,75.231,-0.211,-0.696,-1.404,-0.696,76.062,-0.485,3.0,0.708,1,-0.453,-0.45349999999999996,-1.050,-1.0499999999999998
2,2021,2021191,19.0,1142,Mercedes,74.3,75.404,-1.63,-0.526,-1.63,-0.526,75.93,1.104,1.0,1.104,1,-1.078,-1.0779999999999998,-1.078,-1.0779999999999998
2,2021,2021191,20.0,1143,Mercedes,74.424,75.67,-1.541,-0.295,-1.541,-0.295,76.151,1.246,1.0,1.246,1,-0.918,-0.9179999999999999,-0.918,-0.9179999999999999
2,2021,2021191,21.0,1144,Mercedes,74.533,75.067,-1.427,-0.893,-1.427,-0.893,75.982,0.534,1.0,0.534,1,-1.160,-1.1600000000000001,-1.160,-1.1600000000000001
2,2021,2021191,22.0,1145,Mercedes,74.531,75.409,-1.348,-0.47,-1.348,-0.776,75.915,0.878,1.0,0.572,1,-0.909,-0.909,-1.062,-1.062
2,2021,2021191,23.0,1146,Mercedes,74.775,75.139,-1.107,-0.743,-1.107,-0.743,75.882,0.364,1.0,0.364,1,-0.925,-0.925,-0.925,-0.925
2,2021,2021191,24.0,1147,Mercedes,75.124,75.021,-0.858,-0.961,-0.858,-0.961,76.01,-0.103,3.0,-0.103,3,-0.909,-0.9095,-0.909,-0.9095
2,2021,2021191,25.0,1148,Mercedes,74.976,75.019,-1.002,-0.959,-1.002,-0.959,76.134,0.043,1.0,0.043,1,-0.980,-0.9804999999999999,-0.980,-0.9804999999999999
2,2021,2021191,26.0,1149,Mercedes,,75.146,,-0.958,,-0.958,76.104,-,-,-,,-,-1.3163333333333334,-,-1.3163333333333334
2,2021,2021191,27.0,1150,Mercedes,,75.242,,-1.069,,-1.069,76.464,-,-,-,,-,-1.6521666666666666,-,-1.6521666666666666
2,2021,2021191,28.0,1151,Mercedes,73.364,75.334,-2.973,-1.003,-2.973,-1.003,76.53,1.970,1.0,1.970,1,-1.988,-1.988,-1.988,-1.988
2,2021,2021191,29.0,1152,Mercedes,73.162,74.672,-2.636,-1.126,-2.636,-1.126,75.798,1.510,1.0,1.510,1,-1.881,-1.881,-1.881,-1.881
2,2021,2021191,30.0,1153,Mercedes,,,,,,,,-,-,-,,-,-1.9238333333333333,-,-1.9238333333333333
2,2021,2021191,31.0,1154,Mercedes,,,,,,,75.895,-,-,-,,-,-1.9666666666666668,-,-1.9666666666666668
2,2021,2021191,32.0,1155,Mercedes,73.225,73.002,-1.898,-2.121,-1.898,-2.121,75.123,-0.223,3.0,-0.223,3,-2.010,-2.0095,-2.010,-2.0095
2,2021,2021191,33.0,1156,Mercedes,73.291,73.583,-1.863,-1.571,-1.863,-2.11,75.385,0.292,1.0,-0.247,3,-1.717,-1.717,-1.986,-1.9865
2,2021,2021191,34.0,1157,Mercedes,73.491,73.085,-1.451,-1.857,-1.451,-1.857,74.961,-0.406,3.0,-0.406,3,-1.654,-1.654,-1.654,-1.654
2,2021,2021191,35.0,1158,Mercedes,73.47,73.358,-1.474,-1.586,-1.474,-1.586,74.958,-0.112,3.0,-0.112,3,-1.530,-1.53,-1.530,-1.53
2,2021,2021191,36.0,1159,Mercedes,73.515,73.553,-1.429,-1.391,-1.429,-1.509,75.077,0.038,1.0,-0.080,3,-1.410,-1.4100000000000001,-1.469,-1.4689999999999999
2,2021,2021191,37.0,1160,Mercedes,73.967,73.511,-1.023,-1.479,-1.535,-1.479,75.072,-0.456,3.0,0.056,1,-1.251,-1.251,-1.507,-1.5070000000000001
2,2021,2021191,38.0,1161,Mercedes,73.395,73.53,-1.701,-1.566,-1.701,-1.566,75.189,0.135,1.0,0.135,1,-1.634,-1.6335000000000002,-1.634,-1.6335000000000002
2,2021,2021191,39.0,1162,Mercedes,73.466,73.584,-1.468,-1.35,-1.468,-1.35,74.995,0.118,1.0,0.118,1,-1.409,-1.409,-1.409,-1.409
2,2021,2021191,40.0,1163,Mercedes,73.584,73.661,-1.353,-1.276,-1.353,-1.276,75.055,0.077,1.0,0.077,1,-1.315,-1.3145,-1.315,-1.3145
2,2021,2021191,41.0,1164,Mercedes,73.577,,-1.676,,-1.676,,75.4,-,-,-,,-,-1.437,-,-1.437
2,2021,2021191,42.0,1165,Mercedes,73.394,,-1.521,,-1.521,,75.163,-,-,-,,-,-1.5595,-,-1.5595
2,2021,2021191,43.0,1166,Mercedes,,72.862,,-1.919,,-1.919,74.817,-,-,-,,-,-1.682,-,-1.682
2,2021,2021191,44.0,1167,Mercedes,,72.966,,-1.692,,-1.692,74.922,-,-,-,,-,,-,
2,2021,2021191,45.0,1168,Mercedes,72.135,73.201,-2.46,-1.394,-2.46,-1.394,74.738,1.066,1.0,1.066,1,-1.927,-1.927,-1.927,-1.927
2,2021,2021191,46.0,1169,Mercedes,71.982,73.063,-2.488,-1.407,-2.488,-1.407,74.579,1.081,1.0,1.081,1,-1.948,-1.9475,-1.948,-1.9475
2,2021,2021191,47.0,1170,Mercedes,72.384,73.177,-2.055,-1.262,-2.055,-1.262,74.705,0.793,1.0,0.793,1,-1.659,-1.6585,-1.659,-1.6585
2,2021,2021191,48.0,1171,Mercedes,74.577,73.441,0.049,-1.087,-1.977,-1.087,74.734,-1.136,3.0,0.890,1,-0.519,-0.519,-1.532,-1.532
2,2021,2021191,49.0,1172,Mercedes,72.719,72.526,-1.713,-1.906,-1.713,-1.906,74.451,-0.193,3.0,-0.193,3,-1.809,-1.8094999999999999,-1.809,-1.8094999999999999
2,2021,2021191,50.0,1173,Mercedes,72.559,73.41,-1.825,-0.974,-1.825,-1.514,74.494,0.851,1.0,0.311,1,-1.399,-1.3995,-1.669,-1.6695
2,2021,2021191,51.0,1174,Mercedes,72.971,73.214,-1.475,-1.232,-1.924,-1.232,74.603,0.243,1.0,0.692,1,-1.353,-1.3535,-1.578,-1.5779999999999998
2,2021,2021191,52.0,1175,Mercedes,72.486,73.074,-1.946,-1.358,-1.946,-1.358,74.845,0.588,1.0,0.588,1,-1.652,-1.6520000000000001,-1.652,-1.6520000000000001
2,2021,2021191,53.0,1176,Mercedes,72.65,72.967,-1.557,-1.24,-1.557,-1.24,74.24,0.317,1.0,0.317,1,-1.398,-1.3984999999999999,-1.398,-1.3984999999999999
2,2021,2021191,54.0,1177,Mercedes,72.832,73.151,-1.406,-1.087,-1.406,-1.087,74.326,0.319,1.0,0.319,1,-1.246,-1.2465,-1.246,-1.2465
2,2021,2021191,55.0,1178,Mercedes,72.563,72.955,-1.728,-1.336,-1.728,-1.336,74.489,0.392,1.0,0.392,1,-1.532,-1.532,-1.532,-1.532
2,2021,2021191,56.0,1179,Mercedes,72.424,73.421,-1.812,-0.815,-1.812,-1.272,74.395,0.997,1.0,0.540,1,-1.313,-1.3135,-1.542,-1.542
2,2021,2021191,57.0,1180,Mercedes,72.387,72.972,-1.833,-1.248,-1.833,-1.248,74.33,0.585,1.0,0.585,1,-1.540,-1.5405,-1.540,-1.5405
2,2021,2021191,58.0,1181,Mercedes,73.4,72.931,-0.839,-1.308,-1.856,-1.308,74.452,-0.469,3.0,0.548,1,-1.074,-1.0735000000000001,-1.582,-1.582
2,2021,2021191,59.0,1182,Mercedes,72.379,73.285,-1.848,-0.942,-1.848,-1.346,74.44,0.906,1.0,0.502,1,-1.395,-1.395,-1.597,-1.597
2,2021,2021191,60.0,1183,Mercedes,72.581,72.83,-1.868,-1.619,-1.868,-1.619,74.449,0.249,1.0,0.249,1,-1.744,-1.7435,-1.744,-1.7435
2,2021,2021191,61.0,1184,Mercedes,72.869,72.888,-1.382,-1.363,-1.382,-1.363,74.303,0.019,1.0,0.019,1,-1.373,-1.3725,-1.373,-1.3725
2,2021,2021191,62.0,1185,Mercedes,73.29,73.585,-0.744,-0.449,-1.004,-0.898,74.121,0.295,1.0,0.106,1,-0.597,-0.5965,-0.951,-0.9510000000000001
2,2021,2021191,63.0,1186,Mercedes,73.19,73.383,-1.008,-0.815,-1.008,-0.815,74.537,0.193,1.0,0.193,1,-0.911,-0.9115,-0.911,-0.9115
2,2021,2021191,64.0,1187,Mercedes,72.834,74.047,-1.45,-0.237,-1.45,-0.92,74.385,1.213,1.0,0.530,1,-0.843,-0.8434999999999999,-1.185,-1.185
2,2021,2021191,65.0,1188,Mercedes,72.947,73.346,-1.259,-0.86,-1.259,-0.86,74.378,0.399,1.0,0.399,1,-1.059,-1.0594999999999999,-1.059,-1.0594999999999999
2,2021,2021191,66.0,1189,Mercedes,73.174,73.622,-1.049,-0.601,-1.049,-0.601,74.249,0.448,1.0,0.448,1,-0.825,-0.825,-0.825,-0.825
2,2021,2021191,67.0,1190,Mercedes,73.233,73.427,-1.136,-0.942,-1.136,-0.942,74.469,0.194,1.0,0.194,1,-1.039,-1.039,-1.039,-1.039
2,2021,2021191,68.0,1191,Mercedes,73.416,73.877,-0.885,-0.424,-0.885,-1.006,74.47,0.461,1.0,-0.121,3,-0.654,-0.6545,-0.946,-0.9455
2,2021,2021191,69.0,1192,Mercedes,73.557,73.163,-0.8,-1.194,-0.8,-1.194,74.367,-0.394,3.0,-0.394,3,-0.997,-0.997,-0.997,-0.997
2,2021,2021191,70.0,1193,Mercedes,73.602,73.371,-1.363,-1.594,-1.363,-1.594,74.965,-0.231,3.0,-0.231,3,-1.478,-1.4785,-1.478,-1.4785
2,2021,2021191,71.0,1194,Mercedes,73.86,73.454,0.397,-0.009,0.397,-0.009,73.463,-0.406,3.0,-0.406,3,0.194,0.194,0.194,0.194
2,2021,2021201,1.0,1195,Mercedes,,,,,,,,-,-,-,,-,,-,
2,2021,2021201,2.0,1196,Mercedes,,,,,,,,-,-,-,,-,,-,
2,2021,2021201,3.0,1197,Mercedes,90.575,90.982,-0.855,-0.448,-0.855,-0.448,91.43,0.407,1.0,0.407,1,-0.651,-0.6515,-0.651,-0.6515
2,2021,2021201,4.0,1198,Mercedes,88.807,91.274,-2.323,0.144,-2.323,0.144,91.143,2.467,1.0,2.467,1,-1.089,-1.0895,-1.089,-1.0895
2,2021,2021201,5.0,1199,Mercedes,88.815,91.471,-2.257,0.399,-2.257,0.399,91.121,2.656,1.0,2.656,1,-0.929,-0.929,-0.929,-0.929
2,2021,2021201,6.0,1200,Mercedes,88.301,91.507,-2.765,0.441,-2.765,0.441,91.227,3.206,1.0,3.206,1,-1.162,-1.1620000000000001,-1.162,-1.1620000000000001
2,2021,2021201,7.0,1201,Mercedes,88.207,91.74,-2.972,0.561,-2.972,0.561,91.327,3.533,1.0,3.533,1,-1.206,-1.2055,-1.206,-1.2055
2,2021,2021201,8.0,1202,Mercedes,88.359,92.173,-3.008,0.806,-3.008,0.806,91.526,3.814,1.0,3.814,1,-1.101,-1.101,-1.101,-1.101
2,2021,2021201,9.0,1203,Mercedes,88.127,90.315,-2.876,-0.688,-2.876,-0.688,91.175,2.188,1.0,2.188,1,-1.782,-1.782,-1.782,-1.782
2,2021,2021201,10.0,1204,Mercedes,87.906,88.095,-2.565,-2.376,-2.565,-2.376,90.611,0.189,1.0,0.189,1,-2.470,-2.4705,-2.470,-2.4705
2,2021,2021201,11.0,1205,Mercedes,88.08,89.523,-2.318,-0.875,-2.318,-0.875,90.398,1.443,1.0,1.443,1,-1.597,-1.5965,-1.597,-1.5965
2,2021,2021201,12.0,1206,Mercedes,87.943,90.527,-2.487,0.097,-2.487,0.097,90.43,2.584,1.0,2.584,1,-1.195,-1.195,-1.195,-1.195
2,2021,2021201,13.0,1207,Mercedes,87.982,91.106,-2.333,0.791,-2.333,-0.065,90.394,3.124,1.0,2.268,1,-0.771,-0.7710000000000001,-1.199,-1.199
2,2021,2021201,14.0,1208,Mercedes,87.943,89.972,-2.251,-0.222,-2.251,-0.222,90.233,2.029,1.0,2.029,1,-1.236,-1.2365,-1.236,-1.2365
2,2021,2021201,15.0,1209,Mercedes,87.779,89.19,-2.247,-0.836,-2.247,-0.836,90.184,1.411,1.0,1.411,1,-1.541,-1.5414999999999999,-1.541,-1.5414999999999999
2,2021,2021201,16.0,1210,Mercedes,87.625,89.434,-2.233,-0.424,-2.233,-0.424,89.97,1.809,1.0,1.809,1,-1.329,-1.3285,-1.329,-1.3285
2,2021,2021201,17.0,1211,Mercedes,87.514,88.361,-2.316,-1.469,-2.316,-1.469,89.965,0.847,1.0,0.847,1,-1.893,-1.8925,-1.893,-1.8925
2,2021,2021201,18.0,1212,Mercedes,,89.468,,-0.357,,-1.081,90.01,-,-,-,,-,-1.6438333333333333,-,-1.6438333333333333
2,2021,2021201,19.0,1213,Mercedes,,89.128,,-0.558,,-0.558,89.686,-,-,-,,-,-1.3951666666666667,-,-1.3951666666666667
2,2021,2021201,20.0,1214,Mercedes,87.495,89.35,-2.074,-0.219,-2.074,-0.219,89.602,1.855,1.0,1.855,1,-1.146,-1.1464999999999999,-1.146,-1.1464999999999999
2,2021,2021201,21.0,1215,Mercedes,87.773,90.169,-1.732,0.664,-1.732,-0.211,89.656,2.396,1.0,1.521,1,-0.534,-0.534,-0.972,-0.9715
2,2021,2021201,22.0,1216,Mercedes,87.145,89.239,-2.207,-0.113,-2.207,-0.113,89.434,2.094,1.0,2.094,1,-1.160,-1.16,-1.160,-1.16
2,2021,2021201,23.0,1217,Mercedes,87.423,88.422,-1.852,-0.853,-1.852,-0.853,89.517,0.999,1.0,0.999,1,-1.353,-1.3525,-1.353,-1.3525
2,2021,2021201,24.0,1218,Mercedes,87.862,88.215,-1.487,-1.134,-2.139,-1.134,89.648,0.353,1.0,1.005,1,-1.310,-1.3105,-1.636,-1.6364999999999998
2,2021,2021201,25.0,1219,Mercedes,86.996,88.089,-2.177,-1.084,-2.177,-1.084,89.279,1.093,1.0,1.093,1,-1.631,-1.6305,-1.631,-1.6305
2,2021,2021201,26.0,1220,Mercedes,87.018,87.907,-1.983,-1.094,-1.983,-1.094,89.081,0.889,1.0,0.889,1,-1.538,-1.5385,-1.538,-1.5385
2,2021,2021201,27.0,1221,Mercedes,87.529,87.851,-1.545,-1.223,-1.827,-1.223,89.268,0.322,1.0,0.604,1,-1.384,-1.384,-1.525,-1.525
2,2021,2021201,28.0,1222,Mercedes,87.477,87.909,-1.756,-1.324,-1.756,-1.324,89.27,0.432,1.0,0.432,1,-1.540,-1.54,-1.540,-1.54
2,2021,2021201,29.0,1223,Mercedes,86.84,87.991,-2.078,-0.927,-2.078,-0.927,88.98,1.151,1.0,1.151,1,-1.502,-1.5025,-1.502,-1.5025
2,2021,2021201,30.0,1224,Mercedes,87.158,87.886,-1.736,-1.008,-1.736,-1.008,89.172,0.728,1.0,0.728,1,-1.372,-1.3719999999999999,-1.372,-1.3719999999999999
2,2021,2021201,31.0,1225,Mercedes,87.742,87.945,-0.818,-0.615,-1.444,-0.615,88.712,0.203,1.0,0.829,1,-0.716,-0.7164999999999999,-1.030,-1.0295
2,2021,2021201,32.0,1226,Mercedes,87.074,87.99,-1.277,-0.361,-1.277,-0.361,88.431,0.916,1.0,0.916,1,-0.819,-0.819,-0.819,-0.819
2,2021,2021201,33.0,1227,Mercedes,86.47,,-2.132,,-2.132,,89.063,-,-,-,,-,-0.7143333333333333,-,-0.7143333333333333
2,2021,2021201,34.0,1228,Mercedes,86.982,,-1.491,,-1.961,,88.674,-,-,-,,-,-0.6096666666666667,-,-0.6096666666666667
2,2021,2021201,35.0,1229,Mercedes,86.554,89.218,-1.837,0.827,-1.837,0.827,88.525,2.664,1.0,2.664,1,-0.505,-0.505,-0.505,-0.505
2,2021,2021201,36.0,1230,Mercedes,86.669,88.39,-1.801,-0.08,-1.801,-0.08,88.529,1.721,1.0,1.721,1,-0.941,-0.9405,-0.941,-0.9405
2,2021,2021201,37.0,1231,Mercedes,86.501,87.623,-1.874,-0.752,-1.874,-0.752,88.497,1.122,1.0,1.122,1,-1.313,-1.3130000000000002,-1.313,-1.3130000000000002
2,2021,2021201,38.0,1232,Mercedes,86.919,87.351,-1.279,-0.847,-1.588,-0.847,88.259,0.432,1.0,0.741,1,-1.063,-1.063,-1.218,-1.2175
2,2021,2021201,39.0,1233,Mercedes,86.72,87.246,-1.458,-0.932,-1.458,-0.932,88.446,0.526,1.0,0.526,1,-1.195,-1.195,-1.195,-1.195
2,2021,2021201,40.0,1234,Mercedes,86.876,88.108,-1.311,-0.079,-1.311,-0.608,88.28,1.232,1.0,0.703,1,-0.695,-0.695,-0.960,-0.9595
2,2021,2021201,41.0,1235,Mercedes,86.648,87.913,-1.378,-0.113,-1.378,-0.113,88.044,1.265,1.0,1.265,1,-0.745,-0.7454999999999999,-0.745,-0.7454999999999999
2,2021,2021201,42.0,1236,Mercedes,,87.783,,-0.262,,-0.262,88.324,-,-,-,,-,-0.6501666666666666,-,-0.6501666666666666
2,2021,2021201,43.0,1237,Mercedes,,87.775,,-0.059,,-0.059,87.905,-,-,-,,-,-0.5548333333333333,-,-0.5548333333333333
2,2021,2021201,44.0,1238,Mercedes,86.361,88.084,-1.321,0.402,-1.321,0.402,88.023,1.723,1.0,1.723,1,-0.459,-0.45949999999999996,-0.459,-0.45949999999999996
2,2021,2021201,45.0,1239,Mercedes,85.295,89.538,-2.367,1.876,-2.367,0.829,87.75,4.243,1.0,3.196,1,-0.246,-0.24550000000000005,-0.769,-0.769
2,2021,2021201,46.0,1240,Mercedes,86.043,88.898,-1.48,1.375,-1.914,1.375,87.675,2.855,1.0,3.289,1,-0.052,-0.05249999999999999,-0.269,-0.26949999999999996
2,2021,2021201,47.0,1241,Mercedes,85.923,88.492,-1.769,0.8,-1.769,0.8,87.855,2.569,1.0,2.569,1,-0.484,-0.48449999999999993,-0.484,-0.48449999999999993
2,2021,2021201,48.0,1242,Mercedes,85.963,88.74,-1.619,1.158,-1.619,1.158,87.641,2.777,1.0,2.777,1,-0.231,-0.23050000000000004,-0.231,-0.23050000000000004
2,2021,2021201,49.0,1243,Mercedes,86.499,,-0.922,,-1.898,,87.499,-,-,-,,-,,-,
2,2021,2021201,50.0,1244,Mercedes,85.084,,-2.391,,-2.391,,87.617,-,-,-,,-,,-,
2,2021,2021201,51.0,1245,Mercedes,85.978,,-1.222,,-1.824,,87.296,-,-,-,,-,,-,
2,2021,2021201,52.0,1246,Mercedes,85.668,,-1.692,,-1.692,,87.458,-,-,-,,-,,-,
2,2021,2021201,53.0,1247,Mercedes,85.956,,-1.086,,-1.086,,87.042,-,-,-,,-,,-,
2,2021,2021201,54.0,1248,Mercedes,86.394,,1.181,,1.181,,85.212,-,-,-,,-,,-,
2,2021,2021201,55.0,1249,Mercedes,,,,,,,86.554,-,-,-,,-,,-,
2,2021,2021201,56.0,1250,Mercedes,,,,,,,88.947,-,-,-,,-,,-,
2,2021,2021201,57.0,1251,Mercedes,,,,,,,87.054,-,-,-,,-,,-,
2,2021,2021211,1.0,1252,Mercedes,,,,,,,,-,-,-,,-,,-,
2,2021,2021211,2.0,1253,Mercedes,,,,,,,,-,-,-,,-,,-,
2,2021,2021211,3.0,1254,Mercedes,93.782,94.138,-2.372,-2.016,-2.372,-2.016,96.154,0.356,1.0,0.356,1,-2.194,-2.194,-2.194,-2.194
2,2021,2021211,4.0,1255,Mercedes,93.792,93.585,-1.904,-2.111,-1.904,-2.111,95.696,-0.207,3.0,-0.207,3,-2.008,-2.0075000000000003,-2.008,-2.0075000000000003
2,2021,2021211,5.0,1256,Mercedes,93.397,93.676,-2.035,-1.756,-2.035,-1.756,95.471,0.279,1.0,0.279,1,-1.896,-1.8955000000000002,-1.896,-1.8955000000000002
2,2021,2021211,6.0,1257,Mercedes,93.26,93.465,-2.049,-1.844,-2.049,-1.844,95.336,0.205,1.0,0.205,1,-1.946,-1.9465,-1.946,-1.9465
2,2021,2021211,7.0,1258,Mercedes,93.72,93.639,-1.69,-1.771,-2.173,-1.771,95.584,-0.081,3.0,0.402,1,-1.730,-1.7305,-1.972,-1.972
2,2021,2021211,8.0,1259,Mercedes,93.214,93.655,-2.149,-1.708,-2.149,-1.708,95.427,0.441,1.0,0.441,1,-1.929,-1.9285,-1.929,-1.9285
2,2021,2021211,9.0,1260,Mercedes,93.15,93.701,-1.426,-0.875,-1.426,-0.875,94.576,0.551,1.0,0.551,1,-1.151,-1.1505,-1.151,-1.1505
2,2021,2021211,10.0,1261,Mercedes,,,,,,,,-,-,-,,-,-1.2342222222222223,-,-1.2342222222222223
2,2021,2021211,11.0,1262,Mercedes,,,,,,,,-,-,-,,-,-1.3179444444444446,-,-1.3179444444444446
2,2021,2021211,12.0,1263,Mercedes,,,,,,,,-,-,-,,-,-1.4016666666666666,-,-1.4016666666666666
2,2021,2021211,13.0,1264,Mercedes,,,,,,,,-,-,-,,-,,-,
2,2021,2021211,14.0,1265,Mercedes,,,,,,,,-,-,-,,-,,-,
2,2021,2021211,15.0,1266,Mercedes,,,,,,,,-,-,-,,-,,-,
2,2021,2021211,16.0,1267,Mercedes,,,,,,,,-,-,-,,-,,-,
2,2021,2021211,17.0,1268,Mercedes,,148.734,,13.185,,13.185,135.549,-,-,-,,-,,-,
2,2021,2021211,18.0,1269,Mercedes,93.056,94.794,-2.773,-1.035,-2.773,-1.035,95.829,1.738,1.0,1.738,1,-1.904,-1.904,-1.904,-1.904
2,2021,2021211,19.0,1270,Mercedes,92.974,94.141,-1.873,-0.706,-1.873,-0.706,94.847,1.167,1.0,1.167,1,-1.289,-1.2894999999999999,-1.289,-1.2894999999999999
2,2021,2021211,20.0,1271,Mercedes,92.532,93.489,-1.845,-0.888,-1.845,-0.888,94.377,0.957,1.0,0.957,1,-1.367,-1.3665,-1.367,-1.3665
2,2021,2021211,21.0,1272,Mercedes,92.13,93.908,-2.135,-0.357,-2.135,-0.357,94.291,1.778,1.0,1.778,1,-1.246,-1.246,-1.246,-1.246
2,2021,2021211,22.0,1273,Mercedes,92.674,93.288,-1.294,-0.68,-1.294,-0.68,93.968,0.614,1.0,0.614,1,-0.987,-0.9870000000000001,-0.987,-0.9870000000000001
2,2021,2021211,23.0,1274,Mercedes,,,,,,,,-,-,-,,-,-1.4788333333333334,-,-1.4788333333333334
2,2021,2021211,24.0,1275,Mercedes,,,,,,,,-,-,-,,-,-1.9706666666666668,-,-1.9706666666666668
2,2021,2021211,25.0,1276,Mercedes,91.502,93.299,-3.361,-1.564,-3.361,-1.564,94.863,1.797,1.0,1.797,1,-2.463,-2.4625000000000004,-2.463,-2.4625000000000004
2,2021,2021211,26.0,1277,Mercedes,91.809,94.453,-2.944,-0.3,-2.944,-0.3,94.753,2.644,1.0,2.644,1,-1.622,-1.6219999999999999,-1.622,-1.6219999999999999
2,2021,2021211,27.0,1278,Mercedes,,,,,,,91.883,-,-,-,,-,-1.5611875,-,-1.5611875
2,2021,2021211,28.0,1279,Mercedes,,,,,,,94.526,-,-,-,,-,-1.500375,-,-1.500375
2,2021,2021211,29.0,1280,Mercedes,,,,,,,,-,-,-,,-,-1.4395624999999999,-,-1.4395624999999999
2,2021,2021211,30.0,1281,Mercedes,,,,,,,,-,-,-,,-,,-,
2,2021,2021211,31.0,1282,Mercedes,,,,,,,,-,-,-,,-,,-,
2,2021,2021211,32.0,1283,Mercedes,,,,,,,,-,-,-,,-,,-,
2,2021,2021211,33.0,1284,Mercedes,,,,,,,93.7,-,-,-,,-,,-,
2,2021,2021211,34.0,1285,Mercedes,91.411,92.602,-1.731,-0.54,-1.731,-0.54,93.142,1.191,1.0,1.191,1,-1.135,-1.1355,-1.135,-1.1355
2,2021,2021211,35.0,1286,Mercedes,91.199,,-0.145,,-0.145,,91.344,-,-,-,,-,-0.1825,-,-0.1825
2,2021,2021211,36.0,1287,Mercedes,,,,,,,93.603,-,-,-,,-,0.7705,-,0.7705
2,2021,2021211,37.0,1288,Mercedes,97.056,93.439,3.532,-0.085,3.532,-0.085,93.679,-3.617,3.0,-3.617,3,1.724,1.7235,1.724,1.7235
2,2021,2021211,38.0,1289,Mercedes,92.069,93.522,-1.013,0.44,-1.013,0.44,93.151,1.453,1.0,1.453,1,-0.286,-0.2865,-0.286,-0.2865
2,2021,2021211,39.0,1290,Mercedes,91.549,94.887,-1.503,1.835,-1.503,0.072,93.21,3.338,1.0,1.575,1,0.166,0.16600000000000004,-0.715,-0.7154999999999999
2,2021,2021211,40.0,1291,Mercedes,91.536,92.726,-1.489,-0.299,-1.489,-0.299,93.042,1.190,1.0,1.190,1,-0.894,-0.894,-0.894,-0.894
2,2021,2021211,41.0,1292,Mercedes,91.089,92.108,-1.691,-0.672,-1.691,-0.672,92.9,1.019,1.0,1.019,1,-1.181,-1.1815,-1.181,-1.1815
2,2021,2021211,42.0,1293,Mercedes,91.964,91.825,-0.848,-0.987,-1.32,-0.987,92.892,-0.139,3.0,0.333,1,-0.917,-0.9175,-1.153,-1.1535
2,2021,2021211,43.0,1294,Mercedes,91.896,91.677,-1.044,-1.263,-1.044,-1.263,92.963,-0.219,3.0,-0.219,3,-1.153,-1.1535,-1.153,-1.1535
2,2021,2021211,44.0,1295,Mercedes,91.338,91.593,-1.127,-0.872,-1.127,-0.872,92.537,0.255,1.0,0.255,1,-1.000,-0.9995,-1.000,-0.9995
2,2021,2021211,45.0,1296,Mercedes,90.854,91.734,-1.553,-0.673,-1.553,-0.673,92.438,0.880,1.0,0.880,1,-1.113,-1.113,-1.113,-1.113
2,2021,2021211,46.0,1297,Mercedes,91.61,91.797,-0.788,-0.601,-1.604,-0.601,92.718,0.187,1.0,1.003,1,-0.695,-0.6945,-1.103,-1.1025
2,2021,2021211,47.0,1298,Mercedes,90.734,91.408,-1.89,-1.216,-1.89,-1.216,92.624,0.674,1.0,0.674,1,-1.553,-1.553,-1.553,-1.553
2,2021,2021211,48.0,1299,Mercedes,91.588,92.505,-1.379,-0.462,-1.379,-1.028,93.088,0.917,1.0,0.351,1,-0.920,-0.9205,-1.204,-1.2035
2,2021,2021211,49.0,1300,Mercedes,93.707,92.47,0.754,-0.483,0.754,-0.483,93.001,-1.237,3.0,-1.237,3,0.136,0.1355,0.136,0.1355
2,2021,2021211,50.0,1301,Mercedes,95.604,92.647,1.959,-0.998,1.959,-0.998,93.645,-2.957,3.0,-2.957,3,0.481,0.48050000000000004,0.481,0.48050000000000004
2,2021,2021221,1.0,1302,Mercedes,,,,,,,,-,-,-,,-,,-,
2,2021,2021221,2.0,1303,Mercedes,,,,,,,,-,-,-,,-,,-,
2,2021,2021221,3.0,1304,Mercedes,88.587,90.683,-2.645,-0.549,-2.645,-0.549,91.232,2.096,1.0,2.096,1,-1.597,-1.597,-1.597,-1.597
2,2021,2021221,4.0,1305,Mercedes,88.789,90.997,-2.212,-0.004,-2.392,-0.004,91.042,2.208,1.0,2.388,1,-1.108,-1.108,-1.198,-1.198
2,2021,2021221,5.0,1306,Mercedes,88.63,90.644,-2.193,-0.179,-2.193,-0.179,90.903,2.014,1.0,2.014,1,-1.186,-1.186,-1.186,-1.186
2,2021,2021221,6.0,1307,Mercedes,88.593,90.639,-2.14,-0.094,-2.14,-0.094,90.8,2.046,1.0,2.046,1,-1.117,-1.117,-1.117,-1.117
2,2021,2021221,7.0,1308,Mercedes,88.55,90.195,-1.941,-0.296,-1.941,-0.296,90.499,1.645,1.0,1.645,1,-1.119,-1.1185,-1.119,-1.1185
2,2021,2021221,8.0,1309,Mercedes,88.585,90.533,-2.011,-0.063,-2.011,-0.241,90.665,1.948,1.0,1.770,1,-1.037,-1.0370000000000001,-1.126,-1.1260000000000001
2,2021,2021221,9.0,1310,Mercedes,88.356,90.515,-2.203,-0.044,-2.203,-0.044,90.559,2.159,1.0,2.159,1,-1.123,-1.1235,-1.123,-1.1235
2,2021,2021221,10.0,1311,Mercedes,88.216,90.704,-2.209,0.279,-2.209,0.279,90.425,2.488,1.0,2.488,1,-0.965,-0.9650000000000001,-0.965,-0.9650000000000001
2,2021,2021221,11.0,1312,Mercedes,88.134,90.592,-2.146,0.312,-2.146,0.312,90.28,2.458,1.0,2.458,1,-0.917,-0.9169999999999999,-0.917,-0.9169999999999999
2,2021,2021221,12.0,1313,Mercedes,88.566,90.252,-1.685,0.001,-2.055,0.001,90.306,1.686,1.0,2.056,1,-0.842,-0.8420000000000001,-1.027,-1.0270000000000001
2,2021,2021221,13.0,1314,Mercedes,88.258,90.079,-2.09,-0.269,-2.09,-0.269,90.382,1.821,1.0,1.821,1,-1.179,-1.1795,-1.179,-1.1795
2,2021,2021221,14.0,1315,Mercedes,,90.595,,-0.028,,-0.028,90.743,-,-,-,,-,-1.2435,-,-1.2435
2,2021,2021221,15.0,1316,Mercedes,,91.079,,0.727,,-0.177,90.43,-,-,-,,-,-1.3074999999999999,-,-1.3074999999999999
2,2021,2021221,16.0,1317,Mercedes,87.833,89.754,-2.332,-0.411,-2.332,-0.411,90.226,1.921,1.0,1.921,1,-1.371,-1.3715,-1.371,-1.3715
2,2021,2021221,17.0,1318,Mercedes,87.78,89.692,-2.292,-0.38,-2.292,-0.38,90.144,1.912,1.0,1.912,1,-1.336,-1.3359999999999999,-1.336,-1.3359999999999999
2,2021,2021221,18.0,1319,Mercedes,87.889,89.478,-2.194,-0.605,-2.194,-0.605,90.165,1.589,1.0,1.589,1,-1.399,-1.3995,-1.399,-1.3995
2,2021,2021221,19.0,1320,Mercedes,88.232,89.652,-1.825,-0.405,-1.825,-0.405,90.126,1.420,1.0,1.420,1,-1.115,-1.115,-1.115,-1.115
2,2021,2021221,20.0,1321,Mercedes,93.443,89.62,3.227,-0.596,-0.857,-0.596,90.594,-3.823,3.0,0.261,1,1.315,1.3155,-0.726,-0.7264999999999999
2,2021,2021221,21.0,1322,Mercedes,90.485,89.647,0.571,-0.267,0.571,-0.267,90.036,-0.838,3.0,-0.838,3,0.152,0.15199999999999997,0.152,0.15199999999999997
2,2021,2021221,22.0,1323,Mercedes,88.006,89.559,-1.673,-0.12,-1.673,-0.12,89.776,1.553,1.0,1.553,1,-0.897,-0.8965000000000001,-0.897,-0.8965000000000001
2,2021,2021221,23.0,1324,Mercedes,87.663,89.984,-1.86,0.461,-1.86,-0.195,89.592,2.321,1.0,1.665,1,-0.700,-0.6995,-1.028,-1.0275
2,2021,2021221,24.0,1325,Mercedes,87.979,89.097,-1.691,-0.573,-1.691,-0.573,89.731,1.118,1.0,1.118,1,-1.132,-1.1320000000000001,-1.132,-1.1320000000000001
2,2021,2021221,25.0,1326,Mercedes,87.87,88.871,-1.708,-0.707,-1.708,-0.707,89.611,1.001,1.0,1.001,1,-1.208,-1.2075,-1.208,-1.2075
2,2021,2021221,26.0,1327,Mercedes,88.077,89.636,-1.34,0.219,-1.34,-0.518,89.532,1.559,1.0,0.822,1,-0.560,-0.5605,-0.929,-0.929
2,2021,2021221,27.0,1328,Mercedes,87.975,88.927,-1.527,-0.575,-1.527,-0.575,89.565,0.952,1.0,0.952,1,-1.051,-1.051,-1.051,-1.051
2,2021,2021221,28.0,1329,Mercedes,88.143,89.131,-1.077,-0.089,-1.077,-0.089,89.333,0.988,1.0,0.988,1,-0.583,-0.583,-0.583,-0.583
2,2021,2021221,29.0,1330,Mercedes,87.484,89.204,-1.567,0.153,-1.567,0.153,89.051,1.720,1.0,1.720,1,-0.707,-0.707,-0.707,-0.707
2,2021,2021221,30.0,1331,Mercedes,87.508,,-1.637,,-1.637,,89.18,-,-,-,,-,-0.7573333333333333,-,-0.7573333333333333
2,2021,2021221,31.0,1332,Mercedes,87.495,,-1.658,,-1.658,,89.266,-,-,-,,-,-0.8076666666666666,-,-0.8076666666666666
2,2021,2021221,32.0,1333,Mercedes,87.444,88.776,-1.524,-0.192,-1.524,-0.192,88.98,1.332,1.0,1.332,1,-0.858,-0.858,-0.858,-0.858
2,2021,2021221,33.0,1334,Mercedes,87.742,88.961,-1.241,-0.022,-1.241,-0.022,88.983,1.219,1.0,1.219,1,-0.632,-0.6315000000000001,-0.632,-0.6315000000000001
2,2021,2021221,34.0,1335,Mercedes,87.201,87.918,-1.558,-0.841,-1.558,-0.841,88.759,0.717,1.0,0.717,1,-1.200,-1.1995,-1.200,-1.1995
2,2021,2021221,35.0,1336,Mercedes,87.591,,-0.001,,-0.001,,87.592,-,-,-,,-,-1.1792,-,-1.1792
2,2021,2021221,36.0,1337,Mercedes,,,,,,,,-,-,-,,-,-1.1589,-,-1.1589
2,2021,2021221,37.0,1338,Mercedes,,,,,,,91.721,-,-,-,,-,-1.1386,-,-1.1386
2,2021,2021221,38.0,1339,Mercedes,,87.886,,-0.948,,-0.948,88.834,-,-,-,,-,,-,
2,2021,2021221,39.0,1340,Mercedes,86.762,87.96,-1.697,-0.499,-1.697,-0.499,88.61,1.198,1.0,1.198,1,-1.098,-1.098,-1.098,-1.098
2,2021,2021221,40.0,1341,Mercedes,87.387,88.481,-1.025,0.069,-1.672,-0.32,88.498,1.094,1.0,1.352,1,-0.478,-0.478,-0.996,-0.996
2,2021,2021221,41.0,1342,Mercedes,86.718,88.224,-1.666,-0.16,-1.666,-0.16,88.456,1.506,1.0,1.506,1,-0.913,-0.9129999999999999,-0.913,-0.9129999999999999
2,2021,2021221,42.0,1343,Mercedes,86.782,88.36,-1.618,-0.04,-1.618,-0.04,88.441,1.578,1.0,1.578,1,-0.829,-0.8290000000000001,-0.829,-0.8290000000000001
2,2021,2021221,43.0,1344,Mercedes,86.615,88.327,-1.715,-0.002,-1.715,-0.002,88.33,1.713,1.0,1.713,1,-0.859,-0.8585,-0.859,-0.8585
2,2021,2021221,44.0,1345,Mercedes,87.02,88.27,-1.36,-0.11,-1.589,-0.11,88.507,1.250,1.0,1.479,1,-0.735,-0.7350000000000001,-0.850,-0.8495
2,2021,2021221,45.0,1346,Mercedes,86.966,87.839,-1.375,-0.502,-1.375,-0.502,88.64,0.873,1.0,0.873,1,-0.939,-0.9385,-0.939,-0.9385
2,2021,2021221,46.0,1347,Mercedes,87.27,88.039,-1.104,-0.335,-1.104,-0.335,88.578,0.769,1.0,0.769,1,-0.720,-0.7195,-0.720,-0.7195
2,2021,2021221,47.0,1348,Mercedes,87.683,87.849,-0.638,-0.472,-0.909,-0.472,88.413,0.166,1.0,0.437,1,-0.555,-0.5549999999999999,-0.691,-0.6905
2,2021,2021221,48.0,1349,Mercedes,87.553,88.527,-0.593,0.381,-0.593,-0.602,88.337,0.974,1.0,-0.009,3,-0.106,-0.10599999999999998,-0.597,-0.5974999999999999
2,2021,2021221,49.0,1350,Mercedes,86.875,87.239,-1.183,-0.819,-1.183,-0.819,88.175,0.364,1.0,0.364,1,-1.001,-1.001,-1.001,-1.001
2,2021,2021221,50.0,1351,Mercedes,86.784,87.13,-1.243,-0.898,-1.243,-0.898,88.079,0.345,1.0,0.345,1,-1.071,-1.0705,-1.071,-1.0705
2,2021,2021221,51.0,1352,Mercedes,86.934,86.862,-1.098,-1.17,-1.098,-1.17,88.032,-0.072,3.0,-0.072,3,-1.134,-1.134,-1.134,-1.134
2,2021,2021221,52.0,1353,Mercedes,86.833,,-0.693,,-0.693,,87.526,-,-,-,,-,,-,
2,2021,2021221,53.0,1354,Mercedes,,,,,,,,-,-,-,,-,,-,
2,2021,2021221,54.0,1355,Mercedes,,,,,,,,-,-,-,,-,,-,
2,2021,2021221,55.0,1356,Mercedes,,,,,,,,-,-,-,,-,,-,
2,2021,2021221,56.0,1357,Mercedes,,,,,,,,-,-,-,,-,,-,
2,2021,2021221,57.0,1358,Mercedes,,,,,,,,-,-,-,,-,,-,
2,2021,2021221,58.0,1359,Mercedes,,,,,,,,-,-,-,,-,,-,
