SprintIndex,SeasonID,RaceID,LapNumber,LapNumberFlow,Team,2_Laptime,5_Laptime,2_PaceDiff,5_PaceDiff,2_PaceDiffClear,5_PaceDiffClear,PaceMarker,PaceDiffTeammateDelta,PaceDiffTeammateBetter,PaceDiffClearTeammateDelta,PaceDiffClearTeammateBetter,PaceDiffTeammateMean,PaceDiffTeammateMeanInt,PaceDiffClearTeammateMean,PaceDiffClearTeammateMeanInt
2,2022,2022011,1.0,1,Red Bull Racing,,,,,,,,-,-,-,,-,,-,
2,2022,2022011,2.0,2,Red Bull Racing,,,,,,,,-,-,-,,-,,-,
2,2022,2022011,3.0,3,Red Bull Racing,98.357,99.473,-1.906,-0.79,-1.906,-0.79,100.262,1.116,2.0,1.116,2,-1.348,-1.3479999999999999,-1.348,-1.3479999999999999
2,2022,2022011,4.0,4,Red Bull Racing,98.566,98.741,-1.705,-1.53,-1.705,-1.53,100.326,0.175,2.0,0.175,2,-1.618,-1.6175000000000002,-1.618,-1.6175000000000002
2,2022,2022011,5.0,5,Red Bull Racing,98.877,98.861,-1.563,-1.579,-1.563,-1.579,100.658,-0.016,5.0,-0.016,5,-1.571,-1.571,-1.571,-1.571
2,2022,2022011,6.0,6,Red Bull Racing,98.94,99.218,-1.739,-1.461,-1.739,-1.461,100.765,0.278,2.0,0.278,2,-1.600,-1.6,-1.600,-1.6
2,2022,2022011,7.0,7,Red Bull Racing,99.062,99.264,-1.701,-1.499,-1.701,-1.499,100.841,0.202,2.0,0.202,2,-1.600,-1.6,-1.600,-1.6
2,2022,2022011,8.0,8,Red Bull Racing,99.092,99.825,-1.812,-1.079,-1.812,-1.079,101.054,0.733,2.0,0.733,2,-1.446,-1.4455,-1.446,-1.4455
2,2022,2022011,9.0,9,Red Bull Racing,99.251,100.215,-1.83,-0.866,-1.83,-1.265,101.154,0.964,2.0,0.565,2,-1.348,-1.348,-1.547,-1.5474999999999999
2,2022,2022011,10.0,10,Red Bull Racing,99.392,99.806,-1.91,-1.496,-1.91,-1.496,101.505,0.414,2.0,0.414,2,-1.703,-1.7029999999999998,-1.703,-1.7029999999999998
2,2022,2022011,11.0,11,Red Bull Racing,99.479,99.931,-1.873,-1.421,-1.873,-1.421,101.352,0.452,2.0,0.452,2,-1.647,-1.647,-1.647,-1.647
2,2022,2022011,12.0,12,Red Bull Racing,99.41,99.754,-1.822,-1.478,-1.822,-1.478,101.267,0.344,2.0,0.344,2,-1.650,-1.65,-1.650,-1.65
2,2022,2022011,13.0,13,Red Bull Racing,99.534,99.992,-1.429,-0.971,-1.429,-0.971,100.989,0.458,2.0,0.458,2,-1.200,-1.2,-1.200,-1.2
2,2022,2022011,14.0,14,Red Bull Racing,,100.035,,-0.728,,-0.728,100.811,-,-,-,,-,-1.45725,-,-1.45725
2,2022,2022011,15.0,15,Red Bull Racing,,,,,,,100.942,-,-,-,,-,-1.7145000000000001,-,-1.7145000000000001
2,2022,2022011,16.0,16,Red Bull Racing,96.905,,-3.164,,-3.164,,100.118,-,-,-,,-,-1.9717500000000001,-,-1.9717500000000001
2,2022,2022011,17.0,17,Red Bull Racing,97.587,96.634,-1.752,-2.706,-1.752,-2.706,99.451,-0.954,5.0,-0.954,5,-2.229,-2.229,-2.229,-2.229
2,2022,2022011,18.0,18,Red Bull Racing,97.717,96.852,-1.374,-2.239,-1.374,-2.239,99.26,-0.865,5.0,-0.865,5,-1.806,-1.8065,-1.806,-1.8065
2,2022,2022011,19.0,19,Red Bull Racing,97.728,97.214,-1.198,-1.712,-1.198,-1.712,99.053,-0.514,5.0,-0.514,5,-1.455,-1.455,-1.455,-1.455
2,2022,2022011,20.0,20,Red Bull Racing,98.257,97.532,-0.765,-1.49,-0.765,-1.49,99.06,-0.725,5.0,-0.725,5,-1.127,-1.1275,-1.127,-1.1275
2,2022,2022011,21.0,21,Red Bull Racing,98.294,97.629,-0.892,-1.557,-0.892,-1.557,99.281,-0.665,5.0,-0.665,5,-1.224,-1.2245,-1.224,-1.2245
2,2022,2022011,22.0,22,Red Bull Racing,98.243,97.862,-1.145,-1.526,-1.145,-1.526,99.492,-0.381,5.0,-0.381,5,-1.336,-1.3355000000000001,-1.336,-1.3355000000000001
2,2022,2022011,23.0,23,Red Bull Racing,98.091,97.96,-1.364,-1.495,-1.364,-1.495,99.492,-0.131,5.0,-0.131,5,-1.429,-1.4295,-1.429,-1.4295
2,2022,2022011,24.0,24,Red Bull Racing,98.187,98.155,-1.288,-1.32,-1.288,-1.32,99.498,-0.032,5.0,-0.032,5,-1.304,-1.304,-1.304,-1.304
2,2022,2022011,25.0,25,Red Bull Racing,98.372,98.419,-1.199,-1.152,-1.199,-1.152,99.657,0.047,2.0,0.047,2,-1.175,-1.1755,-1.175,-1.1755
2,2022,2022011,26.0,26,Red Bull Racing,98.476,98.693,-1.165,-0.948,-1.165,-0.948,99.661,0.217,2.0,0.217,2,-1.056,-1.0565,-1.056,-1.0565
2,2022,2022011,27.0,27,Red Bull Racing,98.823,98.563,-0.874,-1.134,-1.068,-1.134,99.833,-0.260,5.0,-0.066,5,-1.004,-1.004,-1.101,-1.101
2,2022,2022011,28.0,28,Red Bull Racing,98.782,98.697,-1.063,-1.148,-1.063,-1.148,100.022,-0.085,5.0,-0.085,5,-1.105,-1.1055,-1.105,-1.1055
2,2022,2022011,29.0,29,Red Bull Racing,99.384,98.99,-0.5,-0.894,-0.5,-0.894,99.968,-0.394,5.0,-0.394,5,-0.697,-0.6970000000000001,-0.697,-0.6970000000000001
2,2022,2022011,30.0,30,Red Bull Racing,,98.879,,-0.951,,-0.951,99.87,-,-,-,,-,-0.9808333333333334,-,-0.9808333333333334
2,2022,2022011,31.0,31,Red Bull Racing,,99.292,,-0.56,,-0.802,99.887,-,-,-,,-,-1.2646666666666668,-,-1.2646666666666668
2,2022,2022011,32.0,32,Red Bull Racing,96.527,99.222,-2.896,-0.201,-2.896,-0.201,99.638,2.695,2.0,2.695,2,-1.548,-1.5485,-1.548,-1.5485
2,2022,2022011,33.0,33,Red Bull Racing,96.347,,-2.763,,-2.763,,99.203,-,-,-,,-,-1.7175,-,-1.7175
2,2022,2022011,34.0,34,Red Bull Racing,96.384,,-2.642,,-2.642,,99.309,-,-,-,,-,-1.8864999999999998,-,-1.8864999999999998
2,2022,2022011,35.0,35,Red Bull Racing,96.731,96.302,-1.841,-2.27,-1.841,-2.27,98.596,-0.429,5.0,-0.429,5,-2.055,-2.0555,-2.055,-2.0555
2,2022,2022011,36.0,36,Red Bull Racing,96.92,96.511,-1.628,-2.037,-1.628,-2.037,98.622,-0.409,5.0,-0.409,5,-1.833,-1.8325,-1.833,-1.8325
2,2022,2022011,37.0,37,Red Bull Racing,96.962,97.119,-1.284,-1.127,-1.284,-1.613,98.404,0.157,2.0,-0.329,5,-1.206,-1.2055,-1.449,-1.4485000000000001
2,2022,2022011,38.0,38,Red Bull Racing,96.898,96.755,-1.148,-1.291,-1.148,-1.291,98.088,-0.143,5.0,-0.143,5,-1.220,-1.2195,-1.220,-1.2195
2,2022,2022011,39.0,39,Red Bull Racing,97.255,96.987,-0.92,-1.188,-0.92,-1.188,98.187,-0.268,5.0,-0.268,5,-1.054,-1.054,-1.054,-1.054
2,2022,2022011,40.0,40,Red Bull Racing,97.308,97.178,-1.031,-1.161,-1.031,-1.161,98.339,-0.130,5.0,-0.130,5,-1.096,-1.096,-1.096,-1.096
2,2022,2022011,41.0,41,Red Bull Racing,97.284,97.639,-0.844,-0.489,-0.844,-0.912,98.161,0.355,2.0,-0.068,5,-0.666,-0.6665,-0.878,-0.878
2,2022,2022011,42.0,42,Red Bull Racing,97.855,97.255,-0.407,-1.007,-0.407,-1.007,98.398,-0.600,5.0,-0.600,5,-0.707,-0.707,-0.707,-0.707
2,2022,2022011,43.0,43,Red Bull Racing,,,,,,,98.635,-,-,-,,-,-0.77765,-,-0.77765
2,2022,2022011,44.0,44,Red Bull Racing,,,,,,,98.048,-,-,-,,-,-0.8482999999999999,-,-0.8482999999999999
2,2022,2022011,45.0,45,Red Bull Racing,95.747,,-0.833,,-0.833,,96.58,-,-,-,,-,-0.9189499999999999,-,-0.9189499999999999
2,2022,2022011,46.0,46,Red Bull Racing,,,,,,,,-,-,-,,-,,-,
2,2022,2022011,47.0,47,Red Bull Racing,,,,,,,,-,-,-,,-,,-,
2,2022,2022011,48.0,48,Red Bull Racing,,,,,,,,-,-,-,,-,,-,
2,2022,2022011,49.0,49,Red Bull Racing,,,,,,,,-,-,-,,-,,-,
2,2022,2022011,50.0,50,Red Bull Racing,,,,,,,,-,-,-,,-,,-,
2,2022,2022011,51.0,51,Red Bull Racing,,,,,,,,-,-,-,,-,,-,
2,2022,2022011,52.0,52,Red Bull Racing,95.462,96.089,-1.727,-1.1,-1.727,-1.1,97.189,0.627,2.0,0.627,2,-1.413,-1.4135,-1.413,-1.4135
2,2022,2022011,53.0,53,Red Bull Racing,95.927,96.113,-1.128,-0.942,-1.128,-0.942,97.104,0.186,2.0,0.186,2,-1.035,-1.035,-1.035,-1.035
2,2022,2022011,54.0,54,Red Bull Racing,,96.755,,-0.558,,-1.038,97.394,-,-,-,,-,,-,
2,2022,2022011,55.0,55,Red Bull Racing,,96.436,,-1.091,,-1.091,97.577,-,-,-,,-,,-,
2,2022,2022011,56.0,56,Red Bull Racing,,96.286,,-1.387,,-1.387,97.673,-,-,-,,-,,-,
2,2022,2022011,57.0,57,Red Bull Racing,,,,,,,98.87,-,-,-,,-,,-,
2,2022,2022021,1.0,58,Red Bull Racing,,,,,,,,-,-,-,,-,,-,
2,2022,2022021,2.0,59,Red Bull Racing,,,,,,,,-,-,-,,-,,-,
2,2022,2022021,3.0,60,Red Bull Racing,94.89,94.596,-1.855,-2.149,-1.855,-2.149,96.745,-0.294,5.0,-0.294,5,-2.002,-2.002,-2.002,-2.002
2,2022,2022021,4.0,61,Red Bull Racing,94.7,94.44,-2.103,-2.363,-2.103,-2.363,96.883,-0.260,5.0,-0.260,5,-2.233,-2.233,-2.233,-2.233
2,2022,2022021,5.0,62,Red Bull Racing,94.809,94.496,-2.0,-2.313,-2.0,-2.313,97.034,-0.313,5.0,-0.313,5,-2.157,-2.1565000000000003,-2.157,-2.1565000000000003
2,2022,2022021,6.0,63,Red Bull Racing,94.84,94.481,-1.724,-2.083,-1.724,-2.083,96.564,-0.359,5.0,-0.359,5,-1.904,-1.9035000000000002,-1.904,-1.9035000000000002
2,2022,2022021,7.0,64,Red Bull Racing,94.634,94.821,-2.016,-1.829,-2.016,-2.1,96.715,0.187,2.0,-0.084,5,-1.922,-1.9224999999999999,-2.058,-2.058
2,2022,2022021,8.0,65,Red Bull Racing,94.821,94.619,-1.771,-1.973,-1.771,-1.973,96.739,-0.202,5.0,-0.202,5,-1.872,-1.8719999999999999,-1.872,-1.8719999999999999
2,2022,2022021,9.0,66,Red Bull Racing,94.832,94.825,-1.634,-1.641,-1.634,-1.641,96.571,-0.007,5.0,-0.007,5,-1.637,-1.6375,-1.637,-1.6375
2,2022,2022021,10.0,67,Red Bull Racing,95.252,94.836,-1.105,-1.521,-1.461,-1.521,96.44,-0.416,5.0,-0.060,5,-1.313,-1.313,-1.491,-1.491
2,2022,2022021,11.0,68,Red Bull Racing,94.959,94.545,-1.412,-1.826,-1.412,-1.826,96.561,-0.414,5.0,-0.414,5,-1.619,-1.619,-1.619,-1.619
2,2022,2022021,12.0,69,Red Bull Racing,95.191,94.671,-1.222,-1.742,-1.443,-1.742,96.472,-0.520,5.0,-0.299,5,-1.482,-1.482,-1.593,-1.5925
2,2022,2022021,13.0,70,Red Bull Racing,94.982,95.214,-1.201,-0.969,-1.201,-0.969,96.183,0.232,2.0,0.232,2,-1.085,-1.085,-1.085,-1.085
2,2022,2022021,14.0,71,Red Bull Racing,95.093,95.316,-1.264,-1.041,-1.264,-1.041,96.378,0.223,2.0,0.223,2,-1.152,-1.1524999999999999,-1.152,-1.1524999999999999
2,2022,2022021,15.0,72,Red Bull Racing,95.37,,-1.012,,-1.012,,96.382,-,-,-,,-,-1.2344374999999999,-,-1.2344374999999999
2,2022,2022021,16.0,73,Red Bull Racing,,,,,,,,-,-,-,,-,-1.3163749999999999,-,-1.3163749999999999
2,2022,2022021,17.0,74,Red Bull Racing,,,,,,,,-,-,-,,-,-1.3983124999999998,-,-1.3983124999999998
2,2022,2022021,18.0,75,Red Bull Racing,,,,,,,,-,-,-,,-,,-,
2,2022,2022021,19.0,76,Red Bull Racing,,,,,,,,-,-,-,,-,,-,
2,2022,2022021,20.0,77,Red Bull Racing,,,,,,,,-,-,-,,-,,-,
2,2022,2022021,21.0,78,Red Bull Racing,,,,,,,,-,-,-,,-,,-,
2,2022,2022021,22.0,79,Red Bull Racing,94.167,94.659,-2.054,-1.562,-2.054,-1.562,96.221,0.492,2.0,0.492,2,-1.808,-1.8079999999999998,-1.808,-1.8079999999999998
2,2022,2022021,23.0,80,Red Bull Racing,93.688,93.699,-1.615,-1.604,-1.615,-1.604,95.303,0.011,2.0,0.011,2,-1.610,-1.6095000000000002,-1.610,-1.6095000000000002
2,2022,2022021,24.0,81,Red Bull Racing,93.445,93.815,-1.788,-1.418,-1.788,-1.418,95.41,0.370,2.0,0.370,2,-1.603,-1.603,-1.603,-1.603
2,2022,2022021,25.0,82,Red Bull Racing,93.301,93.697,-1.925,-1.529,-1.925,-1.529,95.272,0.396,2.0,0.396,2,-1.727,-1.7269999999999999,-1.727,-1.7269999999999999
2,2022,2022021,26.0,83,Red Bull Racing,93.304,93.608,-1.716,-1.412,-1.716,-1.412,95.02,0.304,2.0,0.304,2,-1.564,-1.564,-1.564,-1.564
2,2022,2022021,27.0,84,Red Bull Racing,93.059,93.547,-1.744,-1.256,-1.744,-1.256,94.834,0.488,2.0,0.488,2,-1.500,-1.5,-1.500,-1.5
2,2022,2022021,28.0,85,Red Bull Racing,93.03,93.407,-1.684,-1.307,-1.684,-1.307,94.788,0.377,2.0,0.377,2,-1.495,-1.4954999999999998,-1.495,-1.4954999999999998
2,2022,2022021,29.0,86,Red Bull Racing,92.93,93.313,-1.738,-1.355,-1.738,-1.355,94.695,0.383,2.0,0.383,2,-1.546,-1.5465,-1.546,-1.5465
2,2022,2022021,30.0,87,Red Bull Racing,92.778,93.647,-1.631,-0.762,-1.631,-1.202,94.435,0.869,2.0,0.429,2,-1.196,-1.1965,-1.417,-1.4165
2,2022,2022021,31.0,88,Red Bull Racing,92.897,93.102,-1.408,-1.203,-1.408,-1.203,94.34,0.205,2.0,0.205,2,-1.305,-1.3054999999999999,-1.305,-1.3054999999999999
2,2022,2022021,32.0,89,Red Bull Racing,92.887,93.151,-1.359,-1.095,-1.359,-1.095,94.284,0.264,2.0,0.264,2,-1.227,-1.2269999999999999,-1.227,-1.2269999999999999
2,2022,2022021,33.0,90,Red Bull Racing,92.855,93.122,-1.365,-1.098,-1.365,-1.098,94.22,0.267,2.0,0.267,2,-1.232,-1.2315,-1.232,-1.2315
2,2022,2022021,34.0,91,Red Bull Racing,92.827,92.935,-1.314,-1.206,-1.314,-1.206,94.171,0.108,2.0,0.108,2,-1.260,-1.26,-1.260,-1.26
2,2022,2022021,35.0,92,Red Bull Racing,92.474,93.529,-1.666,-0.611,-1.666,-1.233,94.178,1.055,2.0,0.433,2,-1.139,-1.1385,-1.450,-1.4495
2,2022,2022021,36.0,93,Red Bull Racing,92.543,92.878,-1.484,-1.149,-1.484,-1.149,94.09,0.335,2.0,0.335,2,-1.317,-1.3165,-1.317,-1.3165
2,2022,2022021,37.0,94,Red Bull Racing,93.124,93.008,-1.413,-1.529,-1.413,-1.529,94.537,-0.116,5.0,-0.116,5,-1.471,-1.471,-1.471,-1.471
2,2022,2022021,38.0,95,Red Bull Racing,,,,,,,,-,-,-,,-,-1.3826,-,-1.3826
2,2022,2022021,39.0,96,Red Bull Racing,,,,,,,,-,-,-,,-,-1.2942,-,-1.2942
2,2022,2022021,40.0,97,Red Bull Racing,,,,,,,,-,-,-,,-,-1.2058,-,-1.2058
2,2022,2022021,41.0,98,Red Bull Racing,,,,,,,94.019,-,-,-,,-,,-,
2,2022,2022021,42.0,99,Red Bull Racing,92.755,92.205,-0.754,-1.304,-0.754,-1.304,93.6,-0.550,5.0,-0.550,5,-1.029,-1.029,-1.029,-1.029
2,2022,2022021,43.0,100,Red Bull Racing,94.644,92.41,1.164,-1.07,-0.952,-1.07,93.732,-2.234,5.0,-0.118,5,0.047,0.04699999999999993,-1.011,-1.0110000000000001
2,2022,2022021,44.0,101,Red Bull Racing,92.302,92.044,-1.16,-1.418,-1.16,-1.418,93.462,-0.258,5.0,-0.258,5,-1.289,-1.289,-1.289,-1.289
2,2022,2022021,45.0,102,Red Bull Racing,92.063,92.093,-1.222,-1.192,-1.222,-1.192,93.31,0.030,2.0,0.030,2,-1.207,-1.2069999999999999,-1.207,-1.2069999999999999
2,2022,2022021,46.0,103,Red Bull Racing,92.737,92.042,-0.498,-1.193,-1.314,-1.193,93.386,-0.695,5.0,0.121,2,-0.846,-0.8455,-1.254,-1.2535
2,2022,2022021,47.0,104,Red Bull Racing,91.779,92.26,-1.482,-1.001,-1.482,-1.001,93.261,0.481,2.0,0.481,2,-1.241,-1.2414999999999998,-1.241,-1.2414999999999998
2,2022,2022021,48.0,105,Red Bull Racing,91.861,92.333,-1.668,-1.196,-1.668,-1.196,95.646,0.472,2.0,0.472,2,-1.432,-1.432,-1.432,-1.432
2,2022,2022021,49.0,106,Red Bull Racing,92.079,92.485,-1.982,-1.576,-1.982,-1.576,94.325,0.406,2.0,0.406,2,-1.779,-1.779,-1.779,-1.779
2,2022,2022021,50.0,107,Red Bull Racing,91.772,93.16,-2.153,-0.765,-2.153,-0.765,93.925,1.388,2.0,1.388,2,-1.459,-1.459,-1.459,-1.459
2,2022,2022031,1.0,108,Red Bull Racing,,,,,,,,-,-,-,,-,,-,
2,2022,2022031,2.0,109,Red Bull Racing,,,,,,,,-,-,-,,-,,-,
2,2022,2022031,3.0,110,Red Bull Racing,,,,,,,,-,-,-,,-,,-,
2,2022,2022031,4.0,111,Red Bull Racing,,,,,,,,-,-,-,,-,,-,
2,2022,2022031,5.0,112,Red Bull Racing,,,,,,,,-,-,-,,-,,-,
2,2022,2022031,6.0,113,Red Bull Racing,,,,,,,,-,-,-,,-,,-,
2,2022,2022031,7.0,114,Red Bull Racing,,,,,,,,-,-,-,,-,,-,
2,2022,2022031,8.0,115,Red Bull Racing,83.966,84.69,-1.784,-1.06,-1.784,-1.06,85.75,0.724,2.0,0.724,2,-1.422,-1.4220000000000002,-1.422,-1.4220000000000002
2,2022,2022031,9.0,116,Red Bull Racing,83.78,85.126,-1.593,-0.247,-1.593,-0.881,85.406,1.346,2.0,0.712,2,-0.920,-0.9199999999999999,-1.237,-1.237
2,2022,2022031,10.0,117,Red Bull Racing,83.754,84.294,-1.356,-0.816,-1.356,-0.816,85.581,0.540,2.0,0.540,2,-1.086,-1.086,-1.086,-1.086
2,2022,2022031,11.0,118,Red Bull Racing,84.634,84.501,-0.864,-0.997,-1.344,-0.997,85.644,-0.133,5.0,0.347,2,-0.930,-0.9305,-1.171,-1.1705
2,2022,2022031,12.0,119,Red Bull Racing,84.554,84.46,-1.11,-1.204,-1.11,-1.204,85.774,-0.094,5.0,-0.094,5,-1.157,-1.157,-1.157,-1.157
2,2022,2022031,13.0,120,Red Bull Racing,84.658,84.608,-0.816,-0.866,-0.935,-0.866,85.583,-0.050,5.0,0.069,2,-0.841,-0.841,-0.901,-0.9005000000000001
2,2022,2022031,14.0,121,Red Bull Racing,84.525,84.561,-0.791,-0.755,-0.791,-0.755,85.335,0.036,2.0,0.036,2,-0.773,-0.773,-0.773,-0.773
2,2022,2022031,15.0,122,Red Bull Racing,84.556,84.699,-0.64,-0.497,-0.64,-0.497,85.196,0.143,2.0,0.143,2,-0.569,-0.5685,-0.569,-0.5685
2,2022,2022031,16.0,123,Red Bull Racing,84.572,84.913,-0.683,-0.342,-0.683,-0.342,85.485,0.341,2.0,0.341,2,-0.513,-0.5125000000000001,-0.513,-0.5125000000000001
2,2022,2022031,17.0,124,Red Bull Racing,84.508,85.267,-0.626,0.133,-0.626,-0.196,85.227,0.759,2.0,0.430,2,-0.246,-0.2465,-0.411,-0.41100000000000003
2,2022,2022031,18.0,125,Red Bull Racing,,84.964,,-0.137,,-0.137,85.116,-,-,-,,-,-0.6304000000000001,-,-0.762
2,2022,2022031,19.0,126,Red Bull Racing,,85.454,,0.208,,0.208,85.447,-,-,-,,-,-1.0143,-,-1.113
2,2022,2022031,20.0,127,Red Bull Racing,83.217,,-1.907,,-1.907,,85.18,-,-,-,,-,-1.3981999999999999,-,-1.464
2,2022,2022031,21.0,128,Red Bull Racing,83.129,,-1.859,,-1.859,,84.988,-,-,-,,-,,-,
2,2022,2022031,22.0,129,Red Bull Racing,82.533,83.645,-2.722,-1.61,-2.722,-1.61,85.255,1.112,2.0,1.112,2,-2.166,-2.166,-2.166,-2.166
2,2022,2022031,23.0,130,Red Bull Racing,,,,,,,,-,-,-,,-,-1.9899166666666666,-,-1.9899166666666666
2,2022,2022031,24.0,131,Red Bull Racing,,,,,,,,-,-,-,,-,-1.8138333333333332,-,-1.8138333333333332
2,2022,2022031,25.0,132,Red Bull Racing,,,,,,,,-,-,-,,-,-1.63775,-,-1.63775
2,2022,2022031,26.0,133,Red Bull Racing,,,,,,,,-,-,-,,-,,-,
2,2022,2022031,27.0,134,Red Bull Racing,,,,,,,,-,-,-,,-,,-,
2,2022,2022031,28.0,135,Red Bull Racing,84.187,84.832,-1.432,-0.787,-1.432,-0.787,85.619,0.645,2.0,0.645,2,-1.109,-1.1095,-1.109,-1.1095
2,2022,2022031,29.0,136,Red Bull Racing,83.448,84.018,-1.322,-0.752,-1.322,-0.752,84.77,0.570,2.0,0.570,2,-1.037,-1.037,-1.037,-1.037
2,2022,2022031,30.0,137,Red Bull Racing,83.125,83.115,-1.112,-1.122,-1.112,-1.122,84.278,-0.010,5.0,-0.010,5,-1.117,-1.117,-1.117,-1.117
2,2022,2022031,31.0,138,Red Bull Racing,82.981,82.805,-1.28,-1.456,-1.28,-1.456,84.306,-0.176,5.0,-0.176,5,-1.368,-1.3679999999999999,-1.368,-1.3679999999999999
2,2022,2022031,32.0,139,Red Bull Racing,82.657,82.718,-1.387,-1.326,-1.387,-1.326,84.044,0.061,2.0,0.061,2,-1.357,-1.3565,-1.357,-1.3565
2,2022,2022031,33.0,140,Red Bull Racing,82.752,82.635,-1.28,-1.397,-1.28,-1.397,84.1,-0.117,5.0,-0.117,5,-1.339,-1.3385,-1.339,-1.3385
2,2022,2022031,34.0,141,Red Bull Racing,82.46,82.769,-1.729,-1.42,-1.729,-1.42,84.351,0.309,2.0,0.309,2,-1.575,-1.5745,-1.575,-1.5745
2,2022,2022031,35.0,142,Red Bull Racing,82.846,83.205,-1.379,-1.02,-1.379,-1.02,84.314,0.359,2.0,0.359,2,-1.200,-1.1995,-1.200,-1.1995
2,2022,2022031,36.0,143,Red Bull Racing,82.335,83.525,-1.624,-0.434,-1.624,-0.434,84.018,1.190,2.0,1.190,2,-1.029,-1.0290000000000001,-1.029,-1.0290000000000001
2,2022,2022031,37.0,144,Red Bull Racing,81.677,82.236,-2.132,-1.573,-2.132,-1.573,83.832,0.559,2.0,0.559,2,-1.853,-1.8525,-1.853,-1.8525
2,2022,2022031,38.0,145,Red Bull Racing,83.306,82.406,-0.563,-1.463,-0.563,-1.463,83.869,-0.900,5.0,-0.900,5,-1.013,-1.013,-1.013,-1.013
2,2022,2022031,39.0,146,Red Bull Racing,,,,,,,,-,-,-,,-,,-,
2,2022,2022031,40.0,147,Red Bull Racing,,,,,,,,-,-,-,,-,,-,
2,2022,2022031,41.0,148,Red Bull Racing,,82.279,,-1.049,,-1.049,83.328,-,-,-,,-,,-,
2,2022,2022031,42.0,149,Red Bull Racing,,82.189,,-1.011,,-1.011,83.278,-,-,-,,-,,-,
2,2022,2022031,43.0,150,Red Bull Racing,,82.035,,-1.144,,-1.144,83.205,-,-,-,,-,,-,
2,2022,2022031,44.0,151,Red Bull Racing,,81.93,,-1.293,,-1.293,83.223,-,-,-,,-,,-,
2,2022,2022031,45.0,152,Red Bull Racing,,81.761,,-1.589,,-1.589,83.585,-,-,-,,-,,-,
2,2022,2022031,46.0,153,Red Bull Racing,,81.971,,-1.398,,-1.398,83.369,-,-,-,,-,,-,
2,2022,2022031,47.0,154,Red Bull Racing,,82.161,,-1.012,,-1.012,83.188,-,-,-,,-,,-,
2,2022,2022031,48.0,155,Red Bull Racing,,81.887,,-1.186,,-1.186,83.073,-,-,-,,-,,-,
2,2022,2022031,49.0,156,Red Bull Racing,,81.924,,-1.234,,-1.234,83.158,-,-,-,,-,,-,
2,2022,2022031,50.0,157,Red Bull Racing,,83.974,,0.668,,-1.131,83.799,-,-,-,,-,,-,
2,2022,2022031,51.0,158,Red Bull Racing,,82.425,,-0.885,,-0.885,83.332,-,-,-,,-,,-,
2,2022,2022031,52.0,159,Red Bull Racing,,81.909,,-1.343,,-1.343,83.252,-,-,-,,-,,-,
2,2022,2022031,53.0,160,Red Bull Racing,,81.753,,-1.128,,-1.128,83.152,-,-,-,,-,,-,
2,2022,2022031,54.0,161,Red Bull Racing,,81.959,,-0.881,,-0.881,82.94,-,-,-,,-,,-,
2,2022,2022031,55.0,162,Red Bull Racing,,81.911,,-0.759,,-0.759,82.848,-,-,-,,-,,-,
2,2022,2022031,56.0,163,Red Bull Racing,,81.791,,-1.004,,-1.004,83.489,-,-,-,,-,,-,
2,2022,2022031,57.0,164,Red Bull Racing,,81.69,,-1.273,,-1.273,83.113,-,-,-,,-,,-,
2,2022,2022031,58.0,165,Red Bull Racing,,81.094,,-1.924,,-1.924,83.018,-,-,-,,-,,-,
2,2022,2022040,1.0,166,Red Bull Racing,,,,,,,,-,-,-,,-,,-,
2,2022,2022040,2.0,167,Red Bull Racing,,,,,,,,-,-,-,,-,,-,
2,2022,2022040,3.0,168,Red Bull Racing,,,,,,,,-,-,-,,-,,-,
2,2022,2022040,4.0,169,Red Bull Racing,,,,,,,,-,-,-,,-,,-,
2,2022,2022040,5.0,170,Red Bull Racing,,,,,,,,-,-,-,,-,,-,
2,2022,2022040,6.0,171,Red Bull Racing,79.396,80.703,-1.989,-0.682,-1.989,-0.682,81.385,1.307,2.0,1.307,2,-1.336,-1.3355000000000001,-1.336,-1.3355000000000001
2,2022,2022040,7.0,172,Red Bull Racing,79.486,80.726,-1.623,-0.383,-1.623,-0.383,81.162,1.240,2.0,1.240,2,-1.003,-1.0030000000000001,-1.003,-1.0030000000000001
2,2022,2022040,8.0,173,Red Bull Racing,79.375,79.207,-1.445,-1.613,-1.445,-1.613,80.908,-0.168,5.0,-0.168,5,-1.529,-1.529,-1.529,-1.529
2,2022,2022040,9.0,174,Red Bull Racing,79.289,79.391,-1.496,-1.394,-1.496,-1.394,80.869,0.102,2.0,0.102,2,-1.445,-1.4449999999999998,-1.445,-1.4449999999999998
2,2022,2022040,10.0,175,Red Bull Racing,79.245,79.707,-1.575,-1.113,-1.575,-1.584,80.917,0.462,2.0,-0.009,5,-1.344,-1.3439999999999999,-1.579,-1.5795
2,2022,2022040,11.0,176,Red Bull Racing,79.238,79.081,-1.47,-1.627,-1.47,-1.627,80.877,-0.157,5.0,-0.157,5,-1.548,-1.5485,-1.548,-1.5485
2,2022,2022040,12.0,177,Red Bull Racing,79.263,79.366,-1.471,-1.368,-1.471,-1.624,80.79,0.103,2.0,-0.153,5,-1.420,-1.4195000000000002,-1.548,-1.5475
2,2022,2022040,13.0,178,Red Bull Racing,79.297,79.137,-1.453,-1.612,-1.453,-1.612,80.799,-0.159,5.0,-0.159,5,-1.533,-1.5325000000000002,-1.533,-1.5325000000000002
2,2022,2022040,14.0,179,Red Bull Racing,79.154,79.012,-1.425,-1.567,-1.425,-1.567,80.608,-0.142,5.0,-0.142,5,-1.496,-1.496,-1.496,-1.496
2,2022,2022040,15.0,180,Red Bull Racing,79.289,79.687,-1.531,-1.133,-1.531,-1.669,80.9,0.398,2.0,-0.138,5,-1.332,-1.3319999999999999,-1.600,-1.6
2,2022,2022040,16.0,181,Red Bull Racing,79.201,79.289,-1.686,-1.598,-1.686,-1.598,81.003,0.088,2.0,0.088,2,-1.642,-1.642,-1.642,-1.642
2,2022,2022040,17.0,182,Red Bull Racing,79.537,79.413,-1.26,-1.384,-1.26,-1.384,80.854,-0.124,5.0,-0.124,5,-1.322,-1.322,-1.322,-1.322
2,2022,2022040,18.0,183,Red Bull Racing,79.822,79.635,-1.18,-1.367,-1.18,-1.367,81.082,-0.187,5.0,-0.187,5,-1.273,-1.2734999999999999,-1.273,-1.2734999999999999
2,2022,2022040,19.0,184,Red Bull Racing,80.75,79.7,-0.469,-1.519,-1.424,-1.519,81.503,-1.050,5.0,-0.095,5,-0.994,-0.994,-1.471,-1.4714999999999998
2,2022,2022040,20.0,185,Red Bull Racing,79.769,79.797,-1.592,-1.564,-1.592,-1.564,81.429,0.028,2.0,0.028,2,-1.578,-1.578,-1.578,-1.578
2,2022,2022040,21.0,186,Red Bull Racing,79.951,79.61,-1.495,-1.836,-1.495,-1.836,81.446,-0.341,5.0,-0.341,5,-1.666,-1.6655000000000002,-1.666,-1.6655000000000002
2,2022,2022041,1.0,187,Red Bull Racing,,,,,,,,-,-,-,,-,,-,
2,2022,2022041,2.0,188,Red Bull Racing,,,,,,,,-,-,-,,-,,-,
2,2022,2022041,3.0,189,Red Bull Racing,,,,,,,,-,-,-,,-,,-,
2,2022,2022041,4.0,190,Red Bull Racing,,,,,,,,-,-,-,,-,,-,
2,2022,2022041,5.0,191,Red Bull Racing,,,,,,,,-,-,-,,-,,-,
2,2022,2022041,6.0,192,Red Bull Racing,90.444,91.004,-3.126,-2.566,-3.126,-2.566,93.57,0.560,2.0,0.560,2,-2.846,-2.846,-2.846,-2.846
2,2022,2022041,7.0,193,Red Bull Racing,90.119,90.998,-2.235,-1.356,-2.235,-1.356,92.354,0.879,2.0,0.879,2,-1.796,-1.7955,-1.796,-1.7955
2,2022,2022041,8.0,194,Red Bull Racing,90.177,90.22,-1.785,-1.742,-1.785,-1.742,92.075,0.043,2.0,0.043,2,-1.764,-1.7635,-1.764,-1.7635
2,2022,2022041,9.0,195,Red Bull Racing,89.917,90.562,-1.884,-1.239,-1.884,-1.493,91.847,0.645,2.0,0.391,2,-1.562,-1.5615,-1.688,-1.6885
2,2022,2022041,10.0,196,Red Bull Racing,90.351,90.397,-1.758,-1.712,-1.981,-1.712,92.122,0.046,2.0,0.269,2,-1.735,-1.7349999999999999,-1.847,-1.8465
2,2022,2022041,11.0,197,Red Bull Racing,90.339,91.029,-2.37,-1.68,-2.37,-1.68,92.755,0.690,2.0,0.690,2,-2.025,-2.025,-2.025,-2.025
2,2022,2022041,12.0,198,Red Bull Racing,90.969,91.797,-2.434,-1.606,-2.434,-2.154,93.604,0.828,2.0,0.280,2,-2.020,-2.02,-2.294,-2.294
2,2022,2022041,13.0,199,Red Bull Racing,91.325,91.469,-2.449,-2.305,-2.449,-2.305,93.844,0.144,2.0,0.144,2,-2.377,-2.377,-2.377,-2.377
2,2022,2022041,14.0,200,Red Bull Racing,91.889,91.802,-2.383,-2.47,-2.383,-2.47,94.464,-0.087,5.0,-0.087,5,-2.426,-2.4265,-2.426,-2.4265
2,2022,2022041,15.0,201,Red Bull Racing,92.039,92.748,-2.412,-1.703,-2.412,-2.407,94.49,0.709,2.0,0.005,2,-2.058,-2.0575,-2.409,-2.4095
2,2022,2022041,16.0,202,Red Bull Racing,92.072,92.286,-2.295,-2.081,-2.295,-2.081,94.485,0.214,2.0,0.214,2,-2.188,-2.1879999999999997,-2.188,-2.1879999999999997
2,2022,2022041,17.0,203,Red Bull Racing,92.079,92.322,-1.693,-1.45,-1.693,-1.45,93.772,0.243,2.0,0.243,2,-1.571,-1.5715,-1.571,-1.5715
2,2022,2022041,18.0,204,Red Bull Racing,91.44,,0.477,,0.477,,90.963,-,-,-,,-,-1.2014999999999998,-,-1.2014999999999998
2,2022,2022041,19.0,205,Red Bull Racing,,,,,,,89.67,-,-,-,,-,-0.8314999999999999,-,-0.8314999999999999
2,2022,2022041,20.0,206,Red Bull Racing,,88.35,,0.712,,0.712,87.638,-,-,-,,-,-0.4615,-,-0.4615
2,2022,2022041,21.0,207,Red Bull Racing,85.451,85.528,-0.13,-0.053,-0.13,-0.053,85.581,0.077,2.0,0.077,2,-0.091,-0.0915,-0.091,-0.0915
2,2022,2022041,22.0,208,Red Bull Racing,83.794,84.202,-0.794,-0.386,-0.794,-0.386,84.588,0.408,2.0,0.408,2,-0.590,-0.5900000000000001,-0.590,-0.5900000000000001
2,2022,2022041,23.0,209,Red Bull Racing,82.869,82.583,-0.998,-1.284,-0.998,-1.284,83.867,-0.286,5.0,-0.286,5,-1.141,-1.141,-1.141,-1.141
2,2022,2022041,24.0,210,Red Bull Racing,82.451,81.877,-0.909,-1.483,-0.909,-1.483,83.96,-0.574,5.0,-0.574,5,-1.196,-1.1960000000000002,-1.196,-1.1960000000000002
2,2022,2022041,25.0,211,Red Bull Racing,82.156,81.982,-1.076,-1.25,-1.076,-1.25,83.328,-0.174,5.0,-0.174,5,-1.163,-1.163,-1.163,-1.163
2,2022,2022041,26.0,212,Red Bull Racing,81.653,81.337,-1.294,-1.61,-1.294,-1.61,83.225,-0.316,5.0,-0.316,5,-1.452,-1.452,-1.452,-1.452
2,2022,2022041,27.0,213,Red Bull Racing,81.095,81.181,-1.507,-1.421,-1.507,-1.421,82.602,0.086,2.0,0.086,2,-1.464,-1.464,-1.464,-1.464
2,2022,2022041,28.0,214,Red Bull Racing,80.692,82.805,-1.687,0.426,-1.687,-1.123,82.465,2.113,2.0,0.564,2,-0.631,-0.6305000000000001,-1.405,-1.405
2,2022,2022041,29.0,215,Red Bull Racing,80.713,81.33,-1.577,-0.96,-1.577,-0.96,82.42,0.617,2.0,0.617,2,-1.268,-1.2685,-1.268,-1.2685
2,2022,2022041,30.0,216,Red Bull Racing,80.912,81.383,-1.243,-0.772,-1.243,-0.772,82.261,0.471,2.0,0.471,2,-1.008,-1.0075,-1.008,-1.0075
2,2022,2022041,31.0,217,Red Bull Racing,80.81,81.153,-1.185,-0.842,-1.185,-0.842,82.305,0.343,2.0,0.343,2,-1.014,-1.0135,-1.014,-1.0135
2,2022,2022041,32.0,218,Red Bull Racing,80.587,80.878,-1.434,-1.143,-1.434,-1.143,82.062,0.291,2.0,0.291,2,-1.288,-1.2885,-1.288,-1.2885
2,2022,2022041,33.0,219,Red Bull Racing,80.55,80.811,-1.312,-1.051,-1.312,-1.051,81.956,0.261,2.0,0.261,2,-1.181,-1.1815,-1.181,-1.1815
2,2022,2022041,34.0,220,Red Bull Racing,80.56,80.685,-1.212,-1.087,-1.212,-1.087,81.772,0.125,2.0,0.125,2,-1.149,-1.1495,-1.149,-1.1495
2,2022,2022041,35.0,221,Red Bull Racing,80.607,80.704,-1.085,-0.988,-1.085,-0.988,81.772,0.097,2.0,0.097,2,-1.036,-1.0365,-1.036,-1.0365
2,2022,2022041,36.0,222,Red Bull Racing,80.293,80.851,-1.399,-0.841,-1.399,-0.841,81.856,0.558,2.0,0.558,2,-1.120,-1.12,-1.120,-1.12
2,2022,2022041,37.0,223,Red Bull Racing,80.361,81.348,-1.38,-0.393,-1.38,-0.393,81.848,0.987,2.0,0.987,2,-0.886,-0.8865,-0.886,-0.8865
2,2022,2022041,38.0,224,Red Bull Racing,80.582,80.648,-1.015,-0.949,-1.015,-0.949,81.597,0.066,2.0,0.066,2,-0.982,-0.982,-0.982,-0.982
2,2022,2022041,39.0,225,Red Bull Racing,80.759,80.436,-0.828,-1.151,-0.828,-1.151,81.604,-0.323,5.0,-0.323,5,-0.990,-0.9895,-0.990,-0.9895
2,2022,2022041,40.0,226,Red Bull Racing,81.095,80.434,-0.501,-1.162,-0.501,-1.162,81.754,-0.661,5.0,-0.661,5,-0.831,-0.8314999999999999,-0.831,-0.8314999999999999
2,2022,2022041,41.0,227,Red Bull Racing,80.967,80.752,-0.616,-0.831,-0.616,-0.831,81.709,-0.215,5.0,-0.215,5,-0.724,-0.7235,-0.724,-0.7235
2,2022,2022041,42.0,228,Red Bull Racing,80.224,80.478,-1.337,-1.083,-1.337,-1.083,81.848,0.254,2.0,0.254,2,-1.210,-1.21,-1.210,-1.21
2,2022,2022041,43.0,229,Red Bull Racing,80.974,80.566,-0.628,-1.036,-1.212,-1.036,81.634,-0.408,5.0,0.176,2,-0.832,-0.8320000000000001,-1.124,-1.124
2,2022,2022041,44.0,230,Red Bull Racing,80.557,80.681,-1.078,-0.954,-1.078,-0.954,81.65,0.124,2.0,0.124,2,-1.016,-1.016,-1.016,-1.016
2,2022,2022041,45.0,231,Red Bull Racing,80.491,80.992,-1.102,-0.601,-1.102,-0.601,81.593,0.501,2.0,0.501,2,-0.852,-0.8515,-0.852,-0.8515
2,2022,2022041,46.0,232,Red Bull Racing,80.442,80.87,-1.079,-0.651,-1.079,-0.651,81.655,0.428,2.0,0.428,2,-0.865,-0.865,-0.865,-0.865
2,2022,2022041,47.0,233,Red Bull Racing,80.356,80.908,-1.148,-0.596,-1.148,-0.596,81.624,0.552,2.0,0.552,2,-0.872,-0.8719999999999999,-0.872,-0.8719999999999999
2,2022,2022041,48.0,234,Red Bull Racing,80.69,81.269,-0.881,-0.302,-0.881,-0.302,81.688,0.579,2.0,0.579,2,-0.592,-0.5915,-0.592,-0.5915
2,2022,2022041,49.0,235,Red Bull Racing,80.776,81.473,-0.808,-0.111,-0.808,-0.111,81.595,0.697,2.0,0.697,2,-0.460,-0.4595,-0.460,-0.4595
2,2022,2022041,50.0,236,Red Bull Racing,81.019,,-0.635,,-0.635,,81.807,-,-,-,,-,-0.8295,-,-0.86425
2,2022,2022041,51.0,237,Red Bull Racing,,,,,,,81.599,-,-,-,,-,-1.1995,-,-1.2690000000000001
2,2022,2022041,52.0,238,Red Bull Racing,,78.949,,-2.4,,-2.4,81.426,-,-,-,,-,-1.5695,-,-1.67375
2,2022,2022041,53.0,239,Red Bull Racing,79.309,79.436,-2.003,-1.876,-2.003,-2.154,81.51,0.127,2.0,-0.151,5,-1.940,-1.9395,-2.079,-2.0785
2,2022,2022041,54.0,240,Red Bull Racing,81.152,79.368,-0.132,-1.916,-2.407,-1.916,81.515,-1.784,5.0,0.491,2,-1.024,-1.024,-2.162,-2.1615
2,2022,2022041,55.0,241,Red Bull Racing,78.446,80.21,-2.664,-0.9,-2.664,-1.486,81.143,1.764,2.0,1.178,2,-1.782,-1.782,-2.075,-2.075
2,2022,2022041,56.0,242,Red Bull Racing,79.503,79.881,-1.632,-1.254,-1.632,-1.254,81.351,0.378,2.0,0.378,2,-1.443,-1.443,-1.443,-1.443
2,2022,2022041,57.0,243,Red Bull Racing,80.582,79.792,-0.556,-1.346,-1.724,-1.346,81.411,-0.790,5.0,0.378,2,-0.951,-0.9510000000000001,-1.535,-1.5350000000000001
2,2022,2022041,58.0,244,Red Bull Racing,79.326,80.036,-1.853,-1.143,-1.853,-1.143,81.179,0.710,2.0,0.710,2,-1.498,-1.498,-1.498,-1.498
2,2022,2022041,59.0,245,Red Bull Racing,79.841,79.84,-1.268,-1.269,-1.268,-1.269,81.355,-0.001,5.0,-0.001,5,-1.268,-1.2685,-1.268,-1.2685
2,2022,2022041,60.0,246,Red Bull Racing,79.869,79.916,-1.275,-1.228,-1.275,-1.228,81.144,0.047,2.0,0.047,2,-1.252,-1.2515,-1.252,-1.2515
2,2022,2022041,61.0,247,Red Bull Racing,79.947,80.104,-1.246,-1.089,-1.246,-1.089,81.193,0.157,2.0,0.157,2,-1.167,-1.1675,-1.167,-1.1675
2,2022,2022041,62.0,248,Red Bull Racing,79.609,80.752,-2.042,-0.899,-2.042,-0.899,81.718,1.143,2.0,1.143,2,-1.470,-1.4705,-1.470,-1.4705
2,2022,2022041,63.0,249,Red Bull Racing,80.155,81.767,-0.887,0.725,-0.887,0.725,81.042,1.612,2.0,1.612,2,-0.081,-0.08100000000000002,-0.081,-0.08100000000000002
2,2022,2022051,1.0,250,Red Bull Racing,,,,,,,,-,-,-,,-,,-,
2,2022,2022051,2.0,251,Red Bull Racing,,,,,,,,-,-,-,,-,,-,
2,2022,2022051,3.0,252,Red Bull Racing,94.55,94.94,-1.608,-1.218,-1.608,-1.218,96.158,0.390,2.0,0.390,2,-1.413,-1.413,-1.413,-1.413
2,2022,2022051,4.0,253,Red Bull Racing,94.287,94.831,-1.422,-0.878,-1.422,-0.878,95.725,0.544,2.0,0.544,2,-1.150,-1.15,-1.150,-1.15
2,2022,2022051,5.0,254,Red Bull Racing,94.32,94.71,-1.516,-1.126,-1.516,-1.126,95.836,0.390,2.0,0.390,2,-1.321,-1.321,-1.321,-1.321
2,2022,2022051,6.0,255,Red Bull Racing,94.227,94.711,-1.755,-1.271,-1.755,-1.271,96.552,0.484,2.0,0.484,2,-1.513,-1.513,-1.513,-1.513
2,2022,2022051,7.0,256,Red Bull Racing,94.267,94.826,-1.817,-1.258,-1.817,-1.258,96.129,0.559,2.0,0.559,2,-1.538,-1.5375,-1.538,-1.5375
2,2022,2022051,8.0,257,Red Bull Racing,94.318,95.136,-1.765,-0.947,-1.765,-1.213,96.193,0.818,2.0,0.552,2,-1.356,-1.3559999999999999,-1.489,-1.4889999999999999
2,2022,2022051,9.0,258,Red Bull Racing,95.415,94.914,-0.56,-1.061,-1.762,-1.061,96.153,-0.501,5.0,0.701,2,-0.810,-0.8105,-1.411,-1.4115
2,2022,2022051,10.0,259,Red Bull Racing,94.107,94.461,-1.613,-1.259,-1.613,-1.259,95.766,0.354,2.0,0.354,2,-1.436,-1.436,-1.436,-1.436
2,2022,2022051,11.0,260,Red Bull Racing,94.466,94.522,-1.222,-1.166,-1.639,-1.166,95.861,0.056,2.0,0.473,2,-1.194,-1.194,-1.402,-1.4024999999999999
2,2022,2022051,12.0,261,Red Bull Racing,93.991,94.522,-1.586,-1.055,-1.586,-1.055,95.617,0.531,2.0,0.531,2,-1.321,-1.3205,-1.321,-1.3205
2,2022,2022051,13.0,262,Red Bull Racing,94.09,94.586,-1.307,-0.811,-1.307,-0.811,95.442,0.496,2.0,0.496,2,-1.059,-1.059,-1.059,-1.059
2,2022,2022051,14.0,263,Red Bull Racing,93.866,94.375,-1.405,-0.896,-1.405,-0.896,95.322,0.509,2.0,0.509,2,-1.151,-1.1505,-1.151,-1.1505
2,2022,2022051,15.0,264,Red Bull Racing,93.51,93.831,-1.808,-1.487,-1.808,-1.487,95.318,0.321,2.0,0.321,2,-1.647,-1.6475,-1.647,-1.6475
2,2022,2022051,16.0,265,Red Bull Racing,94.225,94.128,-1.099,-1.196,-1.698,-1.196,95.576,-0.097,5.0,0.502,2,-1.147,-1.1475,-1.447,-1.447
2,2022,2022051,17.0,266,Red Bull Racing,93.742,93.865,-1.445,-1.322,-1.445,-1.322,95.187,0.123,2.0,0.123,2,-1.384,-1.3835000000000002,-1.384,-1.3835000000000002
2,2022,2022051,18.0,267,Red Bull Racing,93.946,94.378,-1.104,-0.672,-1.337,-0.672,95.063,0.432,2.0,0.665,2,-0.888,-0.8880000000000001,-1.004,-1.0045
2,2022,2022051,19.0,268,Red Bull Racing,93.684,98.146,-1.336,3.126,-1.336,0.034,95.344,4.462,2.0,1.370,2,0.895,0.8949999999999999,-0.651,-0.651
2,2022,2022051,20.0,269,Red Bull Racing,93.249,95.73,-1.759,0.722,-1.759,0.722,95.128,2.481,2.0,2.481,2,-0.518,-0.5185,-0.518,-0.5185
2,2022,2022051,21.0,270,Red Bull Racing,93.347,94.674,-1.557,-0.23,-1.557,-0.23,94.995,1.327,2.0,1.327,2,-0.893,-0.8935,-0.893,-0.8935
2,2022,2022051,22.0,271,Red Bull Racing,93.193,94.158,-1.527,-0.562,-1.527,-0.562,94.74,0.965,2.0,0.965,2,-1.044,-1.0445,-1.044,-1.0445
2,2022,2022051,23.0,272,Red Bull Racing,93.275,94.275,-1.496,-0.496,-1.496,-0.496,94.873,1.000,2.0,1.000,2,-0.996,-0.996,-0.996,-0.996
2,2022,2022051,24.0,273,Red Bull Racing,93.487,93.918,-1.222,-0.791,-1.428,-0.791,94.971,0.431,2.0,0.637,2,-1.006,-1.0065,-1.109,-1.1095
2,2022,2022051,25.0,274,Red Bull Racing,93.286,94.365,-1.409,-0.33,-1.409,-0.33,94.8,1.079,2.0,1.079,2,-0.870,-0.8695,-0.870,-0.8695
2,2022,2022051,26.0,275,Red Bull Racing,,94.8,,0.035,,0.035,94.797,-,-,-,,-,-0.9770000000000001,-,-0.9770000000000001
2,2022,2022051,27.0,276,Red Bull Racing,,,,,,,94.893,-,-,-,,-,-1.0845,-,-1.0845
2,2022,2022051,28.0,277,Red Bull Racing,93.135,,-1.401,,-1.401,,94.64,-,-,-,,-,-1.1920000000000002,-,-1.1920000000000002
2,2022,2022051,29.0,278,Red Bull Racing,92.779,93.224,-1.522,-1.077,-1.522,-1.077,94.395,0.445,2.0,0.445,2,-1.300,-1.2995,-1.300,-1.2995
2,2022,2022051,30.0,279,Red Bull Racing,93.216,93.89,-1.261,-0.587,-1.571,-0.946,94.593,0.674,2.0,0.625,2,-0.924,-0.9239999999999999,-1.258,-1.2585
2,2022,2022051,31.0,280,Red Bull Racing,93.033,93.838,-1.512,-0.707,-1.512,-0.707,94.757,0.805,2.0,0.805,2,-1.109,-1.1095,-1.109,-1.1095
2,2022,2022051,32.0,281,Red Bull Racing,92.742,93.368,-1.733,-1.107,-1.733,-1.107,94.515,0.626,2.0,0.626,2,-1.420,-1.42,-1.420,-1.42
2,2022,2022051,33.0,282,Red Bull Racing,92.813,93.542,-1.48,-0.751,-1.48,-0.751,94.369,0.729,2.0,0.729,2,-1.115,-1.1155,-1.115,-1.1155
2,2022,2022051,34.0,283,Red Bull Racing,92.714,93.237,-1.404,-0.881,-1.404,-0.881,94.141,0.523,2.0,0.523,2,-1.143,-1.1425,-1.143,-1.1425
2,2022,2022051,35.0,284,Red Bull Racing,92.696,93.688,-1.319,-0.327,-1.319,-0.722,94.281,0.992,2.0,0.597,2,-0.823,-0.823,-1.020,-1.0205
2,2022,2022051,36.0,285,Red Bull Racing,92.596,93.35,-1.461,-0.707,-1.461,-0.707,94.057,0.754,2.0,0.754,2,-1.084,-1.084,-1.084,-1.084
2,2022,2022051,37.0,286,Red Bull Racing,92.325,93.65,-1.476,-0.151,-1.476,-0.151,93.801,1.325,2.0,1.325,2,-0.814,-0.8135,-0.814,-0.8135
2,2022,2022051,38.0,287,Red Bull Racing,92.417,93.904,-1.435,0.052,-1.435,0.052,93.96,1.487,2.0,1.487,2,-0.692,-0.6915,-0.692,-0.6915
2,2022,2022051,39.0,288,Red Bull Racing,92.415,93.083,-1.55,-0.882,-1.55,-0.882,93.965,0.668,2.0,0.668,2,-1.216,-1.216,-1.216,-1.216
2,2022,2022051,40.0,289,Red Bull Racing,92.444,,-0.125,,-0.125,,92.569,-,-,-,,-,-1.2194444444444443,-,-1.2194444444444443
2,2022,2022051,41.0,290,Red Bull Racing,,,,,,,,-,-,-,,-,-1.222888888888889,-,-1.222888888888889
2,2022,2022051,42.0,291,Red Bull Racing,,,,,,,,-,-,-,,-,-1.2263333333333333,-,-1.2263333333333333
2,2022,2022051,43.0,292,Red Bull Racing,,,,,,,,-,-,-,,-,,-,
2,2022,2022051,44.0,293,Red Bull Racing,,,,,,,,-,-,-,,-,,-,
2,2022,2022051,45.0,294,Red Bull Racing,,,,,,,,-,-,-,,-,,-,
2,2022,2022051,46.0,295,Red Bull Racing,,,,,,,,-,-,-,,-,,-,
2,2022,2022051,47.0,296,Red Bull Racing,,,,,,,,-,-,-,,-,,-,
2,2022,2022051,48.0,297,Red Bull Racing,92.397,93.375,-1.736,-0.758,-1.736,-0.758,94.133,0.978,2.0,0.978,2,-1.247,-1.2469999999999999,-1.247,-1.2469999999999999
2,2022,2022051,49.0,298,Red Bull Racing,92.292,92.601,-1.39,-1.081,-1.39,-1.081,93.858,0.309,2.0,0.309,2,-1.236,-1.2355,-1.236,-1.2355
2,2022,2022051,50.0,299,Red Bull Racing,91.878,92.886,-2.033,-1.025,-2.033,-1.025,94.068,1.008,2.0,1.008,2,-1.529,-1.529,-1.529,-1.529
2,2022,2022051,51.0,300,Red Bull Racing,92.05,92.643,-1.428,-0.835,-1.52,-0.835,93.535,0.593,2.0,0.685,2,-1.131,-1.1315,-1.177,-1.1775
2,2022,2022051,52.0,301,Red Bull Racing,92.037,93.798,-1.265,0.496,-1.265,-1.003,93.422,1.761,2.0,0.262,2,-0.384,-0.38449999999999995,-1.134,-1.134
2,2022,2022051,53.0,302,Red Bull Racing,91.456,91.956,-1.967,-1.467,-1.967,-1.467,93.583,0.500,2.0,0.500,2,-1.717,-1.717,-1.717,-1.717
2,2022,2022051,54.0,303,Red Bull Racing,91.361,91.819,-1.903,-1.445,-1.903,-1.445,93.78,0.458,2.0,0.458,2,-1.674,-1.674,-1.674,-1.674
2,2022,2022051,55.0,304,Red Bull Racing,91.75,91.971,-1.311,-1.09,-1.51,-1.09,93.074,0.221,2.0,0.420,2,-1.200,-1.2005,-1.300,-1.3
2,2022,2022051,56.0,305,Red Bull Racing,91.74,91.863,-1.56,-1.437,-1.56,-1.437,93.3,0.123,2.0,0.123,2,-1.498,-1.4985,-1.498,-1.4985
2,2022,2022051,57.0,306,Red Bull Racing,91.458,93.202,-1.906,-0.162,-1.906,-0.162,93.364,1.744,2.0,1.744,2,-1.034,-1.034,-1.034,-1.034
2,2022,2022061,1.0,307,Red Bull Racing,,,,,,,,-,-,-,,-,,-,
2,2022,2022061,2.0,308,Red Bull Racing,,,,,,,,-,-,-,,-,,-,
2,2022,2022061,3.0,309,Red Bull Racing,87.574,87.942,-1.631,-1.263,-1.631,-1.263,89.205,0.368,2.0,0.368,2,-1.447,-1.447,-1.447,-1.447
2,2022,2022061,4.0,310,Red Bull Racing,87.601,88.119,-1.463,-0.945,-1.463,-0.945,89.11,0.518,2.0,0.518,2,-1.204,-1.204,-1.204,-1.204
2,2022,2022061,5.0,311,Red Bull Racing,87.937,88.534,-1.424,-0.826,-1.424,-0.826,89.5,0.598,2.0,0.598,2,-1.125,-1.125,-1.125,-1.125
2,2022,2022061,6.0,312,Red Bull Racing,87.761,88.708,-1.8,-0.853,-1.8,-0.853,89.647,0.947,2.0,0.947,2,-1.327,-1.3265,-1.327,-1.3265
2,2022,2022061,7.0,313,Red Bull Racing,88.07,88.456,-1.692,-1.306,-1.692,-1.306,90.676,0.386,2.0,0.386,2,-1.499,-1.499,-1.499,-1.499
2,2022,2022061,8.0,314,Red Bull Racing,88.115,88.703,-1.707,-1.119,-1.707,-1.119,89.871,0.588,2.0,0.588,2,-1.413,-1.413,-1.413,-1.413
2,2022,2022061,9.0,315,Red Bull Racing,96.463,89.475,6.29,-0.698,-1.485,-0.698,90.673,-6.988,5.0,0.787,2,2.796,2.7960000000000003,-1.091,-1.0915
2,2022,2022061,10.0,316,Red Bull Racing,89.262,89.546,-0.97,-0.686,-0.97,-0.686,90.313,0.284,2.0,0.284,2,-0.828,-0.8280000000000001,-0.828,-0.8280000000000001
2,2022,2022061,11.0,317,Red Bull Racing,89.192,90.777,-0.694,0.891,-0.694,-0.327,90.032,1.585,2.0,0.367,2,0.099,0.09850000000000003,-0.510,-0.5105
2,2022,2022061,12.0,318,Red Bull Racing,89.055,89.571,-0.194,0.322,-0.194,0.322,89.249,0.516,2.0,0.516,2,0.064,0.064,0.064,0.064
2,2022,2022061,13.0,319,Red Bull Racing,,89.348,,0.095,,0.095,89.459,-,-,-,,-,-0.24066666666666664,-,-0.24066666666666664
2,2022,2022061,14.0,320,Red Bull Racing,,89.176,,-0.224,,-0.224,89.438,-,-,-,,-,-0.5453333333333332,-,-0.5453333333333332
2,2022,2022061,15.0,321,Red Bull Racing,87.317,89.283,-1.833,0.133,-1.833,0.133,89.15,1.966,2.0,1.966,2,-0.850,-0.85,-0.850,-0.85
2,2022,2022061,16.0,322,Red Bull Racing,88.085,89.234,-1.215,-0.066,-1.215,-0.066,89.429,1.149,2.0,1.149,2,-0.641,-0.6405000000000001,-0.641,-0.6405000000000001
2,2022,2022061,17.0,323,Red Bull Racing,88.13,,-1.281,,-1.281,,89.544,-,-,-,,-,-1.0421666666666667,-,-1.0421666666666667
2,2022,2022061,18.0,324,Red Bull Racing,88.336,,-1.133,,-1.133,,89.487,-,-,-,,-,-1.4438333333333333,-,-1.4438333333333333
2,2022,2022061,19.0,325,Red Bull Racing,87.954,87.169,-1.453,-2.238,-1.453,-2.238,89.51,-0.785,5.0,-0.785,5,-1.845,-1.8455,-1.845,-1.8455
2,2022,2022061,20.0,326,Red Bull Racing,88.275,87.312,-1.344,-2.307,-1.595,-2.307,89.695,-0.963,5.0,-0.712,5,-1.825,-1.8255,-1.951,-1.951
2,2022,2022061,21.0,327,Red Bull Racing,88.094,87.383,-1.564,-2.275,-1.564,-2.275,89.676,-0.711,5.0,-0.711,5,-1.919,-1.9195,-1.919,-1.9195
2,2022,2022061,22.0,328,Red Bull Racing,88.207,87.419,-1.342,-2.13,-1.342,-2.13,89.67,-0.788,5.0,-0.788,5,-1.736,-1.736,-1.736,-1.736
2,2022,2022061,23.0,329,Red Bull Racing,88.466,88.06,-0.954,-1.36,-0.954,-1.85,89.514,-0.406,5.0,-0.896,5,-1.157,-1.157,-1.402,-1.4020000000000001
2,2022,2022061,24.0,330,Red Bull Racing,89.602,87.722,0.242,-1.638,-0.648,-1.638,89.483,-1.880,5.0,-0.990,5,-0.698,-0.698,-1.143,-1.143
2,2022,2022061,25.0,331,Red Bull Racing,88.957,88.409,-0.455,-1.003,-0.455,-1.003,89.479,-0.548,5.0,-0.548,5,-0.729,-0.729,-0.729,-0.729
2,2022,2022061,26.0,332,Red Bull Racing,88.486,88.498,-0.919,-0.907,-0.919,-0.907,89.467,0.012,2.0,0.012,2,-0.913,-0.913,-0.913,-0.913
2,2022,2022061,27.0,333,Red Bull Racing,88.533,88.642,-0.812,-0.703,-0.812,-0.703,89.509,0.109,2.0,0.109,2,-0.758,-0.7575000000000001,-0.758,-0.7575000000000001
2,2022,2022061,28.0,334,Red Bull Racing,,88.61,,-0.799,,-0.799,89.527,-,-,-,,-,-1.125,-,-1.1886666666666668
2,2022,2022061,29.0,335,Red Bull Racing,,87.972,,-1.296,,-1.296,89.448,-,-,-,,-,-1.4925,-,-1.6198333333333335
2,2022,2022061,30.0,336,Red Bull Racing,85.732,88.328,-3.158,-0.562,-3.158,-0.944,88.915,2.596,2.0,2.214,2,-1.860,-1.8599999999999999,-2.051,-2.051
2,2022,2022061,31.0,337,Red Bull Racing,87.0,87.92,-1.57,-0.65,-2.717,-0.65,88.989,0.920,2.0,2.067,2,-1.110,-1.11,-1.683,-1.6835
2,2022,2022061,32.0,338,Red Bull Racing,85.974,88.276,-2.483,-0.181,-2.483,-0.181,88.457,2.302,2.0,2.302,2,-1.332,-1.332,-1.332,-1.332
2,2022,2022061,33.0,339,Red Bull Racing,86.799,88.393,-1.539,0.055,-2.092,0.055,88.582,1.594,2.0,2.147,2,-0.742,-0.742,-1.018,-1.0185
2,2022,2022061,34.0,340,Red Bull Racing,86.517,88.047,-1.809,-0.279,-1.809,-0.279,88.326,1.530,2.0,1.530,2,-1.044,-1.044,-1.044,-1.044
2,2022,2022061,35.0,341,Red Bull Racing,86.951,88.288,-1.373,-0.036,-1.373,-0.036,88.558,1.337,2.0,1.337,2,-0.705,-0.7045,-0.705,-0.7045
2,2022,2022061,36.0,342,Red Bull Racing,87.255,88.433,-0.95,0.228,-0.95,0.228,88.281,1.178,2.0,1.178,2,-0.361,-0.361,-0.361,-0.361
2,2022,2022061,37.0,343,Red Bull Racing,86.773,,-1.283,,-1.283,,88.157,-,-,-,,-,-0.7455,-,-0.7455
2,2022,2022061,38.0,344,Red Bull Racing,86.586,,-1.607,,-1.607,,88.272,-,-,-,,-,-1.13,-,-1.13
2,2022,2022061,39.0,345,Red Bull Racing,86.776,86.649,-1.451,-1.578,-1.451,-1.578,88.272,-0.127,5.0,-0.127,5,-1.514,-1.5145,-1.514,-1.5145
2,2022,2022061,40.0,346,Red Bull Racing,86.93,86.9,-1.369,-1.399,-1.369,-1.566,88.532,-0.030,5.0,-0.197,5,-1.384,-1.384,-1.468,-1.4675
2,2022,2022061,41.0,347,Red Bull Racing,87.455,86.816,-0.891,-1.53,-1.293,-1.53,88.725,-0.639,5.0,-0.237,5,-1.211,-1.2105000000000001,-1.411,-1.4115
2,2022,2022061,42.0,348,Red Bull Racing,87.176,87.184,-1.185,-1.177,-1.185,-1.474,88.494,0.008,2.0,-0.289,5,-1.181,-1.181,-1.329,-1.3295
2,2022,2022061,43.0,349,Red Bull Racing,87.134,86.957,-1.28,-1.457,-1.28,-1.457,88.501,-0.177,5.0,-0.177,5,-1.369,-1.3685,-1.369,-1.3685
2,2022,2022061,44.0,350,Red Bull Racing,,86.945,,-1.511,,-1.511,88.637,-,-,-,,-,-1.59,-,-1.59
2,2022,2022061,45.0,351,Red Bull Racing,,86.913,,-1.632,,-1.632,88.688,-,-,-,,-,-1.8114999999999999,-,-1.8114999999999999
2,2022,2022061,46.0,352,Red Bull Racing,85.456,86.808,-2.709,-1.357,-2.709,-1.357,88.309,1.352,2.0,1.352,2,-2.033,-2.033,-2.033,-2.033
2,2022,2022061,47.0,353,Red Bull Racing,85.704,87.183,-2.354,-0.875,-2.354,-1.197,88.135,1.479,2.0,1.157,2,-1.615,-1.6145,-1.776,-1.7755
2,2022,2022061,48.0,354,Red Bull Racing,85.755,86.915,-2.202,-1.042,-2.202,-1.042,87.957,1.160,2.0,1.160,2,-1.622,-1.6219999999999999,-1.622,-1.6219999999999999
2,2022,2022061,49.0,355,Red Bull Racing,86.242,88.557,-1.79,0.525,-1.79,-0.88,88.268,2.315,2.0,0.910,2,-0.633,-0.6325000000000001,-1.335,-1.335
2,2022,2022061,50.0,356,Red Bull Racing,86.491,87.39,-1.545,-0.646,-1.545,-0.646,88.036,0.899,2.0,0.899,2,-1.095,-1.0955,-1.095,-1.0955
2,2022,2022061,51.0,357,Red Bull Racing,86.66,87.607,-1.214,-0.267,-1.214,-0.267,88.052,0.947,2.0,0.947,2,-0.740,-0.7404999999999999,-0.740,-0.7404999999999999
2,2022,2022061,52.0,358,Red Bull Racing,86.785,87.648,-0.916,-0.053,-0.916,-0.053,87.995,0.863,2.0,0.863,2,-0.485,-0.48450000000000004,-0.485,-0.48450000000000004
2,2022,2022061,53.0,359,Red Bull Racing,86.656,,-0.677,,-0.677,,87.607,-,-,-,,-,-0.8921666666666667,-,-0.8921666666666667
2,2022,2022061,54.0,360,Red Bull Racing,86.935,,-0.196,,-0.196,,87.131,-,-,-,,-,-1.2998333333333334,-,-1.2998333333333334
2,2022,2022061,55.0,361,Red Bull Racing,87.015,84.108,-0.254,-3.161,-0.254,-3.161,87.32,-2.907,5.0,-2.907,5,-1.708,-1.7075,-1.708,-1.7075
2,2022,2022061,56.0,362,Red Bull Racing,87.038,85.885,-0.558,-1.711,-0.558,-2.758,87.654,-1.153,5.0,-2.200,5,-1.135,-1.1345,-1.658,-1.658
2,2022,2022061,57.0,363,Red Bull Racing,86.618,85.567,-0.935,-1.986,-0.935,-1.986,87.731,-1.051,5.0,-1.051,5,-1.461,-1.4605000000000001,-1.461,-1.4605000000000001
2,2022,2022061,58.0,364,Red Bull Racing,86.621,85.714,-0.992,-1.899,-0.992,-1.899,87.836,-0.907,5.0,-0.907,5,-1.446,-1.4455,-1.446,-1.4455
2,2022,2022061,59.0,365,Red Bull Racing,86.863,86.108,-0.906,-1.661,-0.906,-1.899,88.009,-0.755,5.0,-0.993,5,-1.284,-1.2835,-1.403,-1.4025
2,2022,2022061,60.0,366,Red Bull Racing,86.59,86.026,-1.2,-1.764,-1.2,-1.764,88.08,-0.564,5.0,-0.564,5,-1.482,-1.482,-1.482,-1.482
2,2022,2022061,61.0,367,Red Bull Racing,86.819,86.367,-1.183,-1.635,-1.183,-1.971,88.129,-0.452,5.0,-0.788,5,-1.409,-1.409,-1.577,-1.577
2,2022,2022061,62.0,368,Red Bull Racing,86.924,86.036,-1.235,-2.123,-1.235,-2.123,88.349,-0.888,5.0,-0.888,5,-1.679,-1.6790000000000003,-1.679,-1.6790000000000003
2,2022,2022061,63.0,369,Red Bull Racing,87.205,86.218,-1.241,-2.228,-1.241,-2.228,88.627,-0.987,5.0,-0.987,5,-1.735,-1.7345000000000002,-1.735,-1.7345000000000002
2,2022,2022061,64.0,370,Red Bull Racing,87.345,85.752,-1.384,-2.977,-1.384,-2.977,88.823,-1.593,5.0,-1.593,5,-2.180,-2.1805,-2.180,-2.1805
2,2022,2022061,65.0,371,Red Bull Racing,87.611,86.096,-1.124,-2.639,-1.124,-2.831,88.748,-1.515,5.0,-1.707,5,-1.881,-1.8815,-1.978,-1.9775
2,2022,2022061,66.0,372,Red Bull Racing,87.437,86.056,-1.864,-3.245,-1.864,-3.245,89.301,-1.381,5.0,-1.381,5,-2.554,-2.5545,-2.554,-2.5545
2,2022,2022071,1.0,373,Red Bull Racing,,,,,,,,-,-,-,,-,,-,
2,2022,2022071,2.0,374,Red Bull Racing,,,,,,,,-,-,-,,-,,-,
2,2022,2022071,3.0,375,Red Bull Racing,105.603,104.57,-1.647,-2.68,-1.647,-2.68,107.25,-1.033,5.0,-1.033,5,-2.163,-2.1635,-2.163,-2.1635
2,2022,2022071,4.0,376,Red Bull Racing,101.426,102.377,-2.296,-1.345,-2.296,-1.345,103.722,0.951,2.0,0.951,2,-1.821,-1.8205,-1.821,-1.8205
2,2022,2022071,5.0,377,Red Bull Racing,100.918,100.229,-0.919,-1.608,-0.919,-1.608,101.837,-0.689,5.0,-0.689,5,-1.264,-1.2635,-1.264,-1.2635
2,2022,2022071,6.0,378,Red Bull Racing,98.151,98.27,-2.701,-2.582,-2.701,-2.582,100.852,0.119,2.0,0.119,2,-2.641,-2.6414999999999997,-2.641,-2.6414999999999997
2,2022,2022071,7.0,379,Red Bull Racing,98.028,98.134,-1.683,-1.577,-1.683,-1.577,99.711,0.106,2.0,0.106,2,-1.630,-1.63,-1.630,-1.63
2,2022,2022071,8.0,380,Red Bull Racing,97.715,97.285,-1.58,-2.01,-1.58,-2.01,99.295,-0.430,5.0,-0.430,5,-1.795,-1.795,-1.795,-1.795
2,2022,2022071,9.0,381,Red Bull Racing,96.951,96.854,-1.461,-1.558,-1.461,-1.558,98.412,-0.097,5.0,-0.097,5,-1.510,-1.5095,-1.510,-1.5095
2,2022,2022071,10.0,382,Red Bull Racing,96.834,96.883,-1.002,-0.953,-1.002,-0.953,98.214,0.049,2.0,0.049,2,-0.978,-0.9775,-0.978,-0.9775
2,2022,2022071,11.0,383,Red Bull Racing,95.808,95.987,-1.419,-1.24,-1.419,-1.24,97.64,0.179,2.0,0.179,2,-1.329,-1.3295,-1.329,-1.3295
2,2022,2022071,12.0,384,Red Bull Racing,95.414,95.597,-1.605,-1.422,-1.605,-1.422,97.019,0.183,2.0,0.183,2,-1.514,-1.5135,-1.514,-1.5135
2,2022,2022071,13.0,385,Red Bull Racing,94.257,94.104,-2.022,-2.175,-2.022,-2.175,96.393,-0.153,5.0,-0.153,5,-2.098,-2.0984999999999996,-2.098,-2.0984999999999996
2,2022,2022071,14.0,386,Red Bull Racing,94.031,93.245,-1.057,-1.843,-1.057,-1.843,95.088,-0.786,5.0,-0.786,5,-1.450,-1.45,-1.450,-1.45
2,2022,2022071,15.0,387,Red Bull Racing,92.702,92.815,-1.874,-1.761,-1.874,-1.761,94.576,0.113,2.0,0.113,2,-1.817,-1.8175,-1.817,-1.8175
2,2022,2022071,16.0,388,Red Bull Racing,92.113,,-2.278,,-2.278,,94.391,-,-,-,,-,-2.1582999999999997,-,-2.1582999999999997
2,2022,2022071,17.0,389,Red Bull Racing,91.38,,-2.534,,-2.534,,93.914,-,-,-,,-,-2.4991,-,-2.4991
2,2022,2022071,18.0,390,Red Bull Racing,,85.215,,-8.064,,-8.064,93.489,-,-,-,,-,-2.8398999999999996,-,-2.8398999999999996
2,2022,2022071,19.0,391,Red Bull Racing,,86.966,,-4.857,,-4.857,91.823,-,-,-,,-,,-,
2,2022,2022071,20.0,392,Red Bull Racing,84.805,88.792,-5.515,-1.528,-5.515,-1.528,90.515,3.987,2.0,3.987,2,-3.521,-3.5214999999999996,-3.521,-3.5214999999999996
2,2022,2022071,21.0,393,Red Bull Racing,87.259,89.371,-2.884,-0.772,-2.884,-0.772,90.143,2.112,2.0,2.112,2,-1.828,-1.8279999999999998,-1.828,-1.8279999999999998
2,2022,2022071,22.0,394,Red Bull Racing,,,,,,,90.596,-,-,-,,-,-1.1741666666666666,-,-1.1741666666666666
2,2022,2022071,23.0,395,Red Bull Racing,,,,,,,88.049,-,-,-,,-,-0.5203333333333333,-,-0.5203333333333333
2,2022,2022071,24.0,396,Red Bull Racing,84.584,85.539,-0.344,0.611,-0.344,0.611,84.928,0.955,2.0,0.955,2,0.134,0.1335,0.134,0.1335
2,2022,2022071,25.0,397,Red Bull Racing,82.965,82.206,-0.198,-0.957,-0.198,-0.957,83.163,-0.759,5.0,-0.759,5,-0.578,-0.5775,-0.578,-0.5775
2,2022,2022071,26.0,398,Red Bull Racing,,84.06,,0.0,,0.0,84.06,-,-,-,,-,1.6402857142857141,-,1.6402857142857141
2,2022,2022071,27.0,399,Red Bull Racing,,,,,,,,-,-,-,,-,3.8580714285714284,-,3.8580714285714284
2,2022,2022071,28.0,400,Red Bull Racing,,,,,,,,-,-,-,,-,6.075857142857143,-,6.075857142857143
2,2022,2022071,29.0,401,Red Bull Racing,,,,,,,,-,-,-,,-,,-,
2,2022,2022071,30.0,402,Red Bull Racing,,,,,,,,-,-,-,,-,,-,
2,2022,2022071,31.0,403,Red Bull Racing,,,,,,,87.98,-,-,-,,-,,-,
2,2022,2022071,32.0,404,Red Bull Racing,122.493,123.485,14.451,15.443,14.451,15.443,109.705,0.992,2.0,0.992,2,14.947,14.947,14.947,14.947
2,2022,2022071,33.0,405,Red Bull Racing,83.603,83.415,-0.407,-0.595,-0.407,-0.595,84.01,-0.188,5.0,-0.188,5,-0.501,-0.501,-0.501,-0.501
2,2022,2022071,34.0,406,Red Bull Racing,81.169,80.677,-0.995,-1.487,-0.995,-1.487,82.164,-0.492,5.0,-0.492,5,-1.241,-1.241,-1.241,-1.241
2,2022,2022071,35.0,407,Red Bull Racing,79.85,79.801,-1.527,-1.576,-1.527,-1.576,81.377,-0.049,5.0,-0.049,5,-1.551,-1.5514999999999999,-1.551,-1.5514999999999999
2,2022,2022071,36.0,408,Red Bull Racing,79.018,79.027,-1.92,-1.911,-1.92,-1.911,80.938,0.009,2.0,0.009,2,-1.915,-1.9155,-1.915,-1.9155
2,2022,2022071,37.0,409,Red Bull Racing,78.481,78.347,-1.956,-2.09,-1.956,-2.09,80.437,-0.134,5.0,-0.134,5,-2.023,-2.0229999999999997,-2.023,-2.0229999999999997
2,2022,2022071,38.0,410,Red Bull Racing,77.542,77.081,-2.334,-2.795,-2.334,-2.795,79.876,-0.461,5.0,-0.461,5,-2.564,-2.5645,-2.564,-2.5645
2,2022,2022071,39.0,411,Red Bull Racing,77.044,77.143,-2.208,-2.109,-2.208,-2.109,79.304,0.099,2.0,0.099,2,-2.159,-2.1585,-2.159,-2.1585
2,2022,2022071,40.0,412,Red Bull Racing,76.543,76.473,-2.363,-2.433,-2.363,-2.433,78.906,-0.070,5.0,-0.070,5,-2.398,-2.3979999999999997,-2.398,-2.3979999999999997
2,2022,2022071,41.0,413,Red Bull Racing,76.273,76.434,-2.524,-2.363,-2.524,-2.363,78.856,0.161,2.0,0.161,2,-2.444,-2.4435000000000002,-2.444,-2.4435000000000002
2,2022,2022071,42.0,414,Red Bull Racing,76.962,76.26,-1.797,-2.499,-1.797,-2.499,78.844,-0.702,5.0,-0.702,5,-2.148,-2.148,-2.148,-2.148
2,2022,2022071,43.0,415,Red Bull Racing,77.426,76.479,-1.051,-1.998,-1.051,-1.998,78.477,-0.947,5.0,-0.947,5,-1.524,-1.5245,-1.524,-1.5245
2,2022,2022071,44.0,416,Red Bull Racing,77.092,76.73,-1.514,-1.876,-1.514,-1.876,78.63,-0.362,5.0,-0.362,5,-1.695,-1.6949999999999998,-1.695,-1.6949999999999998
2,2022,2022071,45.0,417,Red Bull Racing,76.761,76.773,-1.748,-1.736,-1.748,-1.736,78.544,0.012,2.0,0.012,2,-1.742,-1.742,-1.742,-1.742
2,2022,2022071,46.0,418,Red Bull Racing,76.758,76.028,-1.615,-2.345,-1.615,-2.345,78.373,-0.730,5.0,-0.730,5,-1.980,-1.98,-1.980,-1.98
2,2022,2022071,47.0,419,Red Bull Racing,76.052,76.682,-2.212,-1.582,-2.212,-2.137,78.295,0.630,2.0,0.075,2,-1.897,-1.8970000000000002,-2.175,-2.1745
2,2022,2022071,48.0,420,Red Bull Racing,76.195,76.227,-2.022,-1.99,-2.022,-1.99,78.285,0.032,2.0,0.032,2,-2.006,-2.006,-2.006,-2.006
2,2022,2022071,49.0,421,Red Bull Racing,76.906,76.602,-1.206,-1.51,-1.206,-1.51,78.771,-0.304,5.0,-0.304,5,-1.358,-1.358,-1.358,-1.358
2,2022,2022071,50.0,422,Red Bull Racing,76.832,77.922,-1.034,0.056,-1.034,-0.676,77.962,1.090,2.0,0.358,2,-0.489,-0.489,-0.855,-0.855
2,2022,2022071,51.0,423,Red Bull Racing,77.503,77.778,-0.379,-0.104,-0.379,-0.104,77.882,0.275,2.0,0.275,2,-0.241,-0.2415,-0.241,-0.2415
2,2022,2022071,52.0,424,Red Bull Racing,77.241,78.028,-0.783,0.004,-0.783,0.004,78.092,0.787,2.0,0.787,2,-0.390,-0.3895,-0.390,-0.3895
2,2022,2022071,53.0,425,Red Bull Racing,77.668,78.197,-0.489,0.04,-0.489,0.04,78.185,0.529,2.0,0.529,2,-0.225,-0.2245,-0.225,-0.2245
2,2022,2022071,54.0,426,Red Bull Racing,77.692,78.205,-0.335,0.178,-0.335,0.178,78.051,0.513,2.0,0.513,2,-0.079,-0.07850000000000001,-0.079,-0.07850000000000001
2,2022,2022071,55.0,427,Red Bull Racing,78.227,78.491,0.145,0.409,0.145,0.409,78.082,0.264,2.0,0.264,2,0.277,0.27699999999999997,0.277,0.27699999999999997
2,2022,2022071,56.0,428,Red Bull Racing,78.731,78.898,0.518,0.685,0.518,0.685,78.276,0.167,2.0,0.167,2,0.602,0.6015,0.602,0.6015
2,2022,2022071,57.0,429,Red Bull Racing,78.916,78.873,0.736,0.693,0.736,0.693,78.257,-0.043,5.0,-0.043,5,0.714,0.7144999999999999,0.714,0.7144999999999999
2,2022,2022071,58.0,430,Red Bull Racing,79.15,79.457,0.968,1.275,0.968,0.639,78.313,0.307,2.0,-0.329,5,1.121,1.1215,0.803,0.8035
2,2022,2022071,59.0,431,Red Bull Racing,79.015,78.77,1.024,0.779,1.024,0.779,78.909,-0.245,5.0,-0.245,5,0.901,0.9015,0.901,0.9015
2,2022,2022071,60.0,432,Red Bull Racing,78.67,78.977,0.488,0.795,0.488,0.795,78.282,0.307,2.0,0.307,2,0.641,0.6415,0.641,0.6415
2,2022,2022071,61.0,433,Red Bull Racing,78.904,78.635,0.786,0.517,0.786,0.517,78.474,-0.269,5.0,-0.269,5,0.651,0.6515,0.651,0.6515
2,2022,2022071,62.0,434,Red Bull Racing,78.123,77.997,0.066,-0.06,0.066,-0.06,78.107,-0.126,5.0,-0.126,5,0.003,0.0030000000000000027,0.003,0.0030000000000000027
2,2022,2022071,63.0,435,Red Bull Racing,77.768,77.7,-0.258,-0.326,-0.258,-0.326,78.026,-0.068,5.0,-0.068,5,-0.292,-0.29200000000000004,-0.292,-0.29200000000000004
2,2022,2022071,64.0,436,Red Bull Racing,77.965,77.917,-0.431,-0.479,-0.431,-0.479,78.396,-0.048,5.0,-0.048,5,-0.455,-0.45499999999999996,-0.455,-0.45499999999999996
2,2022,2022081,1.0,437,Red Bull Racing,,,,,,,,-,-,-,,-,,-,
2,2022,2022081,2.0,438,Red Bull Racing,,,,,,,,-,-,-,,-,,-,
2,2022,2022081,3.0,439,Red Bull Racing,108.69,108.245,-1.954,-2.399,-1.954,-2.399,110.644,-0.445,5.0,-0.445,5,-2.176,-2.1765,-2.176,-2.1765
2,2022,2022081,4.0,440,Red Bull Racing,108.248,108.517,-2.264,-1.995,-2.264,-2.17,110.521,0.269,2.0,0.094,2,-2.130,-2.1295,-2.217,-2.2169999999999996
2,2022,2022081,5.0,441,Red Bull Racing,108.312,108.439,-2.15,-2.023,-2.15,-2.023,110.472,0.127,2.0,0.127,2,-2.087,-2.0865,-2.087,-2.0865
2,2022,2022081,6.0,442,Red Bull Racing,108.566,108.651,-1.945,-1.86,-1.945,-1.86,110.564,0.085,2.0,0.085,2,-1.903,-1.9025,-1.903,-1.9025
2,2022,2022081,7.0,443,Red Bull Racing,108.775,108.779,-1.739,-1.735,-1.739,-1.735,110.543,0.004,2.0,0.004,2,-1.737,-1.737,-1.737,-1.737
2,2022,2022081,8.0,444,Red Bull Racing,108.907,108.824,-1.708,-1.791,-1.708,-1.791,110.615,-0.083,5.0,-0.083,5,-1.749,-1.7494999999999998,-1.749,-1.7494999999999998
2,2022,2022081,9.0,445,Red Bull Racing,,,,,,,,-,-,-,,-,-1.6168333333333333,-,-1.6168333333333333
2,2022,2022081,10.0,446,Red Bull Racing,,,,,,,,-,-,-,,-,-1.4841666666666666,-,-1.4841666666666666
2,2022,2022081,11.0,447,Red Bull Racing,108.416,108.793,-1.54,-1.163,-1.54,-1.163,109.956,0.377,2.0,0.377,2,-1.352,-1.3515000000000001,-1.352,-1.3515000000000001
2,2022,2022081,12.0,448,Red Bull Racing,108.502,108.627,-1.255,-1.13,-1.255,-1.13,109.757,0.125,2.0,0.125,2,-1.192,-1.1925,-1.192,-1.1925
2,2022,2022081,13.0,449,Red Bull Racing,108.507,108.835,-1.519,-1.191,-1.519,-1.191,110.58,0.328,2.0,0.328,2,-1.355,-1.355,-1.355,-1.355
2,2022,2022081,14.0,450,Red Bull Racing,108.692,109.685,-1.582,-0.589,-1.582,-0.589,110.305,0.993,2.0,0.993,2,-1.086,-1.0855000000000001,-1.086,-1.0855000000000001
2,2022,2022081,15.0,451,Red Bull Racing,109.087,111.718,-1.421,1.21,-1.421,1.21,110.545,2.631,2.0,2.631,2,-0.106,-0.10550000000000004,-0.106,-0.10550000000000004
2,2022,2022081,16.0,452,Red Bull Racing,109.274,,-1.279,,-1.279,,110.576,-,-,-,,-,-0.6700999999999999,-,-0.6700999999999999
2,2022,2022081,17.0,453,Red Bull Racing,109.131,,-1.34,,-1.34,,110.52,-,-,-,,-,-1.2346999999999997,-,-1.2346999999999997
2,2022,2022081,18.0,454,Red Bull Racing,,107.522,,-2.653,,-2.653,110.272,-,-,-,,-,-1.7992999999999997,-,-1.7992999999999997
2,2022,2022081,19.0,455,Red Bull Racing,,107.558,,-2.683,,-2.683,110.314,-,-,-,,-,,-,
2,2022,2022081,20.0,456,Red Bull Racing,106.898,107.471,-3.215,-2.642,-3.215,-2.642,110.206,0.573,2.0,0.573,2,-2.928,-2.9284999999999997,-2.928,-2.9284999999999997
2,2022,2022081,21.0,457,Red Bull Racing,107.366,108.067,-4.221,-3.52,-4.221,-3.52,111.686,0.701,2.0,0.701,2,-3.870,-3.8705,-3.870,-3.8705
2,2022,2022081,22.0,458,Red Bull Racing,108.153,108.191,-2.203,-2.165,-2.71,-2.165,110.474,0.038,2.0,0.545,2,-2.184,-2.184,-2.438,-2.4375
2,2022,2022081,23.0,459,Red Bull Racing,107.927,109.041,-2.134,-1.02,-2.134,-2.031,110.124,1.114,2.0,0.103,2,-1.577,-1.577,-2.083,-2.0825
2,2022,2022081,24.0,460,Red Bull Racing,107.886,107.87,-2.04,-2.056,-2.04,-2.056,110.017,-0.016,5.0,-0.016,5,-2.048,-2.048,-2.048,-2.048
2,2022,2022081,25.0,461,Red Bull Racing,107.631,108.035,-2.206,-1.802,-2.206,-1.802,109.884,0.404,2.0,0.404,2,-2.004,-2.004,-2.004,-2.004
2,2022,2022081,26.0,462,Red Bull Racing,107.713,108.189,-2.028,-1.552,-2.028,-1.552,109.907,0.476,2.0,0.476,2,-1.790,-1.79,-1.790,-1.79
2,2022,2022081,27.0,463,Red Bull Racing,107.801,108.056,-1.856,-1.601,-1.856,-1.601,109.972,0.255,2.0,0.255,2,-1.728,-1.7285,-1.728,-1.7285
2,2022,2022081,28.0,464,Red Bull Racing,107.643,107.764,-1.917,-1.796,-1.917,-1.796,109.643,0.121,2.0,0.121,2,-1.857,-1.8565,-1.857,-1.8565
2,2022,2022081,29.0,465,Red Bull Racing,107.493,107.799,-1.962,-1.656,-1.962,-1.656,109.578,0.306,2.0,0.306,2,-1.809,-1.809,-1.809,-1.809
2,2022,2022081,30.0,466,Red Bull Racing,107.459,108.493,-1.864,-0.83,-1.864,-1.33,109.381,1.034,2.0,0.534,2,-1.347,-1.347,-1.597,-1.597
2,2022,2022081,31.0,467,Red Bull Racing,107.7,108.188,-1.678,-1.19,-1.888,-1.19,109.471,0.488,2.0,0.698,2,-1.434,-1.434,-1.539,-1.539
2,2022,2022081,32.0,468,Red Bull Racing,107.522,108.151,-1.654,-1.025,-1.654,-1.025,109.176,0.629,2.0,0.629,2,-1.339,-1.3395,-1.339,-1.3395
2,2022,2022081,33.0,469,Red Bull Racing,,,,,,,,-,-,-,,-,-1.57025,-,-1.57025
2,2022,2022081,34.0,470,Red Bull Racing,,,,,,,,-,-,-,,-,-1.8010000000000002,-,-1.8010000000000002
2,2022,2022081,35.0,471,Red Bull Racing,,,,,,,109.276,-,-,-,,-,-2.03175,-,-2.03175
2,2022,2022081,36.0,472,Red Bull Racing,106.523,106.046,-2.024,-2.501,-2.024,-2.501,108.547,-0.477,5.0,-0.477,5,-2.263,-2.2625,-2.263,-2.2625
2,2022,2022081,37.0,473,Red Bull Racing,106.367,108.168,-1.91,-0.109,-1.91,-1.366,108.526,1.801,2.0,0.544,2,-1.010,-1.0095,-1.638,-1.638
2,2022,2022081,38.0,474,Red Bull Racing,106.929,107.777,-1.414,-0.566,-1.701,-0.566,108.362,0.848,2.0,1.135,2,-0.990,-0.99,-1.133,-1.1335
2,2022,2022081,39.0,475,Red Bull Racing,106.918,107.548,-1.415,-0.785,-1.415,-0.785,108.422,0.630,2.0,0.630,2,-1.100,-1.1,-1.100,-1.1
2,2022,2022081,40.0,476,Red Bull Racing,106.959,107.12,-1.449,-1.288,-1.449,-1.288,108.433,0.161,2.0,0.161,2,-1.369,-1.3685,-1.369,-1.3685
2,2022,2022081,41.0,477,Red Bull Racing,107.257,106.966,-1.087,-1.378,-1.087,-1.378,108.344,-0.291,5.0,-0.291,5,-1.232,-1.2325,-1.232,-1.2325
2,2022,2022081,42.0,478,Red Bull Racing,106.549,106.985,-1.774,-1.338,-1.774,-1.338,108.4,0.436,2.0,0.436,2,-1.556,-1.556,-1.556,-1.556
2,2022,2022081,43.0,479,Red Bull Racing,106.48,107.203,-2.051,-1.328,-2.051,-1.328,108.664,0.723,2.0,0.723,2,-1.690,-1.6895000000000002,-1.690,-1.6895000000000002
2,2022,2022081,44.0,480,Red Bull Racing,106.494,107.433,-2.062,-1.123,-2.062,-1.123,108.742,0.939,2.0,0.939,2,-1.592,-1.5924999999999998,-1.592,-1.5924999999999998
2,2022,2022081,45.0,481,Red Bull Racing,106.846,107.234,-1.731,-1.343,-1.731,-1.343,108.604,0.388,2.0,0.388,2,-1.537,-1.537,-1.537,-1.537
2,2022,2022081,46.0,482,Red Bull Racing,107.09,107.204,-1.342,-1.228,-1.342,-1.228,108.555,0.114,2.0,0.114,2,-1.285,-1.2850000000000001,-1.285,-1.2850000000000001
2,2022,2022081,47.0,483,Red Bull Racing,106.863,107.801,-1.469,-0.531,-1.469,-1.089,108.867,0.938,2.0,0.380,2,-1.000,-1.0,-1.279,-1.279
2,2022,2022081,48.0,484,Red Bull Racing,107.018,107.282,-1.307,-1.043,-1.307,-1.043,108.35,0.264,2.0,0.264,2,-1.175,-1.1749999999999998,-1.175,-1.1749999999999998
2,2022,2022081,49.0,485,Red Bull Racing,106.855,107.168,-1.493,-1.18,-1.493,-1.18,108.368,0.313,2.0,0.313,2,-1.337,-1.3365,-1.337,-1.3365
2,2022,2022081,50.0,486,Red Bull Racing,106.05,107.197,-2.546,-1.399,-2.546,-1.399,108.606,1.147,2.0,1.147,2,-1.972,-1.9725,-1.972,-1.9725
2,2022,2022081,51.0,487,Red Bull Racing,107.774,107.806,-0.97,-0.938,-0.97,-0.938,108.744,0.032,2.0,0.032,2,-0.954,-0.954,-0.954,-0.954
2,2022,2022091,1.0,488,Red Bull Racing,,,,,,,,-,-,-,,-,,-,
2,2022,2022091,2.0,489,Red Bull Racing,,,,,,,,-,-,-,,-,,-,
2,2022,2022091,3.0,490,Red Bull Racing,78.818,79.654,-1.129,-0.293,-1.129,-0.293,79.947,0.836,2.0,0.836,2,-0.711,-0.711,-0.711,-0.711
2,2022,2022091,4.0,491,Red Bull Racing,78.393,79.428,-1.111,-0.076,-1.111,-0.076,79.537,1.035,2.0,1.035,2,-0.594,-0.5935,-0.594,-0.5935
2,2022,2022091,5.0,492,Red Bull Racing,78.293,79.787,-1.024,0.47,-1.024,0.097,79.436,1.494,2.0,1.121,2,-0.277,-0.277,-0.464,-0.4635
2,2022,2022091,6.0,493,Red Bull Racing,78.275,79.4,-0.873,0.252,-0.873,0.252,79.209,1.125,2.0,1.125,2,-0.310,-0.3105,-0.310,-0.3105
2,2022,2022091,7.0,494,Red Bull Racing,77.828,78.844,-1.161,-0.145,-1.161,-0.145,79.071,1.016,2.0,1.016,2,-0.653,-0.653,-0.653,-0.653
2,2022,2022091,8.0,495,Red Bull Racing,77.757,,-1.234,,-1.234,,78.991,-,-,-,,-,,-,
2,2022,2022091,9.0,496,Red Bull Racing,,,,,,,,-,-,-,,-,,-,
2,2022,2022091,10.0,497,Red Bull Racing,,,,,,,,-,-,-,,-,,-,
2,2022,2022091,11.0,498,Red Bull Racing,77.808,,-1.315,,-1.315,,79.123,-,-,-,,-,,-,
2,2022,2022091,12.0,499,Red Bull Racing,77.37,,-1.531,,-1.531,,78.935,-,-,-,,-,,-,
2,2022,2022091,13.0,500,Red Bull Racing,77.518,,-1.298,,-1.298,,78.845,-,-,-,,-,,-,
2,2022,2022091,14.0,501,Red Bull Racing,77.791,,-1.106,,-1.106,,78.956,-,-,-,,-,,-,
2,2022,2022091,15.0,502,Red Bull Racing,78.076,,-0.911,,-1.363,,79.105,-,-,-,,-,,-,
2,2022,2022091,16.0,503,Red Bull Racing,77.457,,-1.61,,-1.61,,79.196,-,-,-,,-,,-,
2,2022,2022091,17.0,504,Red Bull Racing,77.356,,-1.795,,-1.795,,79.151,-,-,-,,-,,-,
2,2022,2022091,18.0,505,Red Bull Racing,77.45,,-1.475,,-1.475,,78.925,-,-,-,,-,,-,
2,2022,2022091,19.0,506,Red Bull Racing,77.458,,-0.709,,-0.709,,78.167,-,-,-,,-,,-,
2,2022,2022091,20.0,507,Red Bull Racing,,,,,,,,-,-,-,,-,,-,
2,2022,2022091,21.0,508,Red Bull Racing,,,,,,,79.144,-,-,-,,-,,-,
2,2022,2022091,22.0,509,Red Bull Racing,77.592,,-1.405,,-1.405,,79.044,-,-,-,,-,,-,
2,2022,2022091,23.0,510,Red Bull Racing,77.634,,-1.229,,-1.229,,78.901,-,-,-,,-,,-,
2,2022,2022091,24.0,511,Red Bull Racing,77.581,,-1.169,,-1.169,,78.75,-,-,-,,-,,-,
2,2022,2022091,25.0,512,Red Bull Racing,77.676,,-0.976,,-0.976,,78.692,-,-,-,,-,,-,
2,2022,2022091,26.0,513,Red Bull Racing,77.418,,-1.199,,-1.199,,78.617,-,-,-,,-,,-,
2,2022,2022091,27.0,514,Red Bull Racing,77.528,,-1.223,,-1.327,,78.769,-,-,-,,-,,-,
2,2022,2022091,28.0,515,Red Bull Racing,77.43,,-1.367,,-1.367,,78.819,-,-,-,,-,,-,
2,2022,2022091,29.0,516,Red Bull Racing,77.426,,-1.436,,-1.436,,78.862,-,-,-,,-,,-,
2,2022,2022091,30.0,517,Red Bull Racing,77.541,,-1.409,,-1.508,,79.083,-,-,-,,-,,-,
2,2022,2022091,31.0,518,Red Bull Racing,77.458,,-1.488,,-1.488,,79.025,-,-,-,,-,,-,
2,2022,2022091,32.0,519,Red Bull Racing,77.866,,-1.03,,-1.305,,78.925,-,-,-,,-,,-,
2,2022,2022091,33.0,520,Red Bull Racing,77.724,,-0.967,,-0.967,,78.781,-,-,-,,-,,-,
2,2022,2022091,34.0,521,Red Bull Racing,77.595,,-1.151,,-1.151,,78.798,-,-,-,,-,,-,
2,2022,2022091,35.0,522,Red Bull Racing,77.634,,-1.109,,-1.109,,78.849,-,-,-,,-,,-,
2,2022,2022091,36.0,523,Red Bull Racing,77.817,,-0.973,,-1.112,,78.877,-,-,-,,-,,-,
2,2022,2022091,37.0,524,Red Bull Racing,77.722,,-0.954,,-0.954,,78.781,-,-,-,,-,,-,
2,2022,2022091,38.0,525,Red Bull Racing,77.695,,-0.942,,-0.942,,78.646,-,-,-,,-,,-,
2,2022,2022091,39.0,526,Red Bull Racing,77.707,,-0.974,,-0.974,,78.717,-,-,-,,-,,-,
2,2022,2022091,40.0,527,Red Bull Racing,77.809,,-0.796,,-0.796,,78.868,-,-,-,,-,,-,
2,2022,2022091,41.0,528,Red Bull Racing,78.371,,-0.399,,-0.77,,78.833,-,-,-,,-,,-,
2,2022,2022091,42.0,529,Red Bull Racing,78.191,,-0.497,,-0.497,,78.743,-,-,-,,-,,-,
2,2022,2022091,43.0,530,Red Bull Racing,,,,,,,79.055,-,-,-,,-,,-,
2,2022,2022091,44.0,531,Red Bull Racing,,,,,,,78.847,-,-,-,,-,,-,
2,2022,2022091,45.0,532,Red Bull Racing,76.959,,-1.65,,-1.65,,78.65,-,-,-,,-,,-,
2,2022,2022091,46.0,533,Red Bull Racing,76.83,,-1.651,,-1.651,,78.531,-,-,-,,-,,-,
2,2022,2022091,47.0,534,Red Bull Racing,77.087,,-1.525,,-1.817,,78.63,-,-,-,,-,,-,
2,2022,2022091,48.0,535,Red Bull Racing,76.759,,-0.987,,-0.987,,77.746,-,-,-,,-,,-,
2,2022,2022091,49.0,536,Red Bull Racing,,,,,,,,-,-,-,,-,,-,
2,2022,2022091,50.0,537,Red Bull Racing,,,,,,,,-,-,-,,-,,-,
2,2022,2022091,51.0,538,Red Bull Racing,,,,,,,,-,-,-,,-,,-,
2,2022,2022091,52.0,539,Red Bull Racing,,,,,,,,-,-,-,,-,,-,
2,2022,2022091,53.0,540,Red Bull Racing,,,,,,,,-,-,-,,-,,-,
2,2022,2022091,54.0,541,Red Bull Racing,,,,,,,,-,-,-,,-,,-,
2,2022,2022091,55.0,542,Red Bull Racing,,,,,,,,-,-,-,,-,,-,
2,2022,2022091,56.0,543,Red Bull Racing,76.293,,-2.18,,-2.18,,78.473,-,-,-,,-,,-,
2,2022,2022091,57.0,544,Red Bull Racing,76.389,,-1.78,,-1.78,,78.426,-,-,-,,-,,-,
2,2022,2022091,58.0,545,Red Bull Racing,76.268,,-1.538,,-1.538,,77.834,-,-,-,,-,,-,
2,2022,2022091,59.0,546,Red Bull Racing,76.196,,-1.37,,-1.37,,77.672,-,-,-,,-,,-,
2,2022,2022091,60.0,547,Red Bull Racing,76.063,,-1.45,,-1.45,,77.609,-,-,-,,-,,-,
2,2022,2022091,61.0,548,Red Bull Racing,76.027,,-1.448,,-1.448,,77.503,-,-,-,,-,,-,
2,2022,2022091,62.0,549,Red Bull Racing,76.09,,-1.29,,-1.29,,77.449,-,-,-,,-,,-,
2,2022,2022091,63.0,550,Red Bull Racing,76.062,,-1.257,,-1.257,,77.394,-,-,-,,-,,-,
2,2022,2022091,64.0,551,Red Bull Racing,75.839,,-1.513,,-1.513,,77.352,-,-,-,,-,,-,
2,2022,2022091,65.0,552,Red Bull Racing,75.924,,-1.578,,-1.578,,77.51,-,-,-,,-,,-,
2,2022,2022091,66.0,553,Red Bull Racing,75.98,,-1.693,,-1.693,,77.694,-,-,-,,-,,-,
2,2022,2022091,67.0,554,Red Bull Racing,75.93,,-1.863,,-1.863,,77.847,-,-,-,,-,,-,
2,2022,2022091,68.0,555,Red Bull Racing,76.338,,-1.398,,-1.773,,77.871,-,-,-,,-,,-,
2,2022,2022091,69.0,556,Red Bull Racing,75.997,,-1.663,,-1.663,,77.66,-,-,-,,-,,-,
2,2022,2022091,70.0,557,Red Bull Racing,75.916,,-2.095,,-2.095,,78.011,-,-,-,,-,,-,
2,2022,2022101,1.0,558,Red Bull Racing,,,,,,,,-,-,-,,-,,-,
2,2022,2022101,2.0,559,Red Bull Racing,,,,,,,,-,-,-,,-,,-,
2,2022,2022101,3.0,560,Red Bull Racing,,,,,,,,-,-,-,,-,,-,
2,2022,2022101,4.0,561,Red Bull Racing,,,,,,,,-,-,-,,-,,-,
2,2022,2022101,5.0,562,Red Bull Racing,93.489,,-1.852,,-1.852,,95.341,-,-,-,,-,,-,
2,2022,2022101,6.0,563,Red Bull Racing,93.539,,-1.446,,-1.446,,94.985,-,-,-,,-,,-,
2,2022,2022101,7.0,564,Red Bull Racing,93.762,93.455,-1.114,-1.421,-1.381,-1.421,94.932,-0.307,5.0,-0.040,5,-1.268,-1.2675,-1.401,-1.401
2,2022,2022101,8.0,565,Red Bull Racing,93.451,93.435,-1.446,-1.462,-1.446,-1.462,94.913,-0.016,5.0,-0.016,5,-1.454,-1.454,-1.454,-1.454
2,2022,2022101,9.0,566,Red Bull Racing,93.606,93.362,-1.254,-1.498,-1.391,-1.498,94.93,-0.244,5.0,-0.107,5,-1.376,-1.376,-1.445,-1.4445000000000001
2,2022,2022101,10.0,567,Red Bull Racing,93.486,93.395,-1.345,-1.436,-1.345,-1.436,94.944,-0.091,5.0,-0.091,5,-1.390,-1.3904999999999998,-1.390,-1.3904999999999998
2,2022,2022101,11.0,568,Red Bull Racing,93.632,93.678,-1.23,-1.184,-1.23,-1.184,95.901,0.046,2.0,0.046,2,-1.207,-1.2069999999999999,-1.207,-1.2069999999999999
2,2022,2022101,12.0,569,Red Bull Racing,,93.845,,-1.096,,-1.096,94.992,-,-,-,,-,-0.9986666666666666,-,-0.9986666666666666
2,2022,2022101,13.0,570,Red Bull Racing,,94.869,,0.081,,-0.947,94.88,-,-,-,,-,-0.7903333333333333,-,-0.7903333333333333
2,2022,2022101,14.0,571,Red Bull Racing,94.388,93.838,-0.307,-0.857,-0.307,-0.857,94.709,-0.550,5.0,-0.550,5,-0.582,-0.582,-0.582,-0.582
2,2022,2022101,15.0,572,Red Bull Racing,94.806,94.293,0.104,-0.409,0.104,-0.409,94.803,-0.513,5.0,-0.513,5,-0.152,-0.1525,-0.152,-0.1525
2,2022,2022101,16.0,573,Red Bull Racing,95.015,94.301,0.408,-0.306,0.293,-0.306,94.699,-0.714,5.0,-0.599,5,0.051,0.05099999999999999,-0.007,-0.006500000000000006
2,2022,2022101,17.0,574,Red Bull Racing,94.994,93.657,0.276,-1.061,0.276,-1.061,94.77,-1.337,5.0,-1.337,5,-0.392,-0.39249999999999996,-0.392,-0.39249999999999996
2,2022,2022101,18.0,575,Red Bull Racing,94.973,93.816,0.442,-0.715,0.442,-0.715,94.549,-1.157,5.0,-1.157,5,-0.136,-0.13649999999999998,-0.136,-0.13649999999999998
2,2022,2022101,19.0,576,Red Bull Racing,94.996,94.38,0.743,0.127,0.743,-0.316,94.285,-0.616,5.0,-1.059,5,0.435,0.435,0.213,0.2135
2,2022,2022101,20.0,577,Red Bull Racing,94.87,94.059,0.403,-0.408,0.403,-0.408,94.539,-0.811,5.0,-0.811,5,-0.002,-0.0024999999999999745,-0.002,-0.0024999999999999745
2,2022,2022101,21.0,578,Red Bull Racing,94.963,93.291,0.593,-1.079,0.593,-1.079,94.399,-1.672,5.0,-1.672,5,-0.243,-0.243,-0.243,-0.243
2,2022,2022101,22.0,579,Red Bull Racing,94.826,93.104,0.822,-0.9,0.822,-0.9,94.004,-1.722,5.0,-1.722,5,-0.039,-0.039000000000000035,-0.039,-0.039000000000000035
2,2022,2022101,23.0,580,Red Bull Racing,,93.02,,-0.965,,-0.965,94.0,-,-,-,,-,-0.05300000000000005,-,-0.05300000000000005
2,2022,2022101,24.0,581,Red Bull Racing,,93.137,,-1.032,,-1.032,94.357,-,-,-,,-,-0.06700000000000006,-,-0.06700000000000006
2,2022,2022101,25.0,582,Red Bull Racing,95.405,93.101,1.071,-1.233,1.071,-1.233,94.384,-2.304,5.0,-2.304,5,-0.081,-0.08100000000000007,-0.081,-0.08100000000000007
2,2022,2022101,26.0,583,Red Bull Racing,94.441,92.666,0.434,-1.341,0.434,-1.341,94.007,-1.775,5.0,-1.775,5,-0.454,-0.4535,-0.454,-0.4535
2,2022,2022101,27.0,584,Red Bull Racing,94.67,92.948,0.753,-0.969,0.753,-1.161,93.979,-1.722,5.0,-1.914,5,-0.108,-0.10799999999999998,-0.204,-0.20400000000000001
2,2022,2022101,28.0,585,Red Bull Racing,94.482,92.847,0.58,-1.055,0.58,-1.055,93.91,-1.635,5.0,-1.635,5,-0.237,-0.2375,-0.237,-0.2375
2,2022,2022101,29.0,586,Red Bull Racing,94.404,93.014,0.452,-0.938,0.452,-0.938,94.084,-1.390,5.0,-1.390,5,-0.243,-0.24299999999999997,-0.243,-0.24299999999999997
2,2022,2022101,30.0,587,Red Bull Racing,94.488,92.925,0.419,-1.144,0.419,-1.144,94.257,-1.563,5.0,-1.563,5,-0.362,-0.36249999999999993,-0.362,-0.36249999999999993
2,2022,2022101,31.0,588,Red Bull Racing,94.171,92.655,0.391,-1.125,0.391,-1.125,93.862,-1.516,5.0,-1.516,5,-0.367,-0.367,-0.367,-0.367
2,2022,2022101,32.0,589,Red Bull Racing,94.415,92.886,0.663,-0.866,0.663,-0.866,93.954,-1.529,5.0,-1.529,5,-0.101,-0.10149999999999998,-0.101,-0.10149999999999998
2,2022,2022101,33.0,590,Red Bull Racing,94.503,92.926,0.607,-0.97,0.607,-0.97,93.896,-1.577,5.0,-1.577,5,-0.181,-0.1815,-0.181,-0.1815
2,2022,2022101,34.0,591,Red Bull Racing,94.21,92.727,0.509,-0.974,0.509,-0.974,93.739,-1.483,5.0,-1.483,5,-0.232,-0.23249999999999998,-0.232,-0.23249999999999998
2,2022,2022101,35.0,592,Red Bull Racing,94.068,92.305,0.686,-1.077,0.686,-1.077,93.504,-1.763,5.0,-1.763,5,-0.195,-0.19549999999999995,-0.195,-0.19549999999999995
2,2022,2022101,36.0,593,Red Bull Racing,94.924,92.323,1.68,-0.921,0.801,-0.921,93.345,-2.601,5.0,-1.722,5,0.379,0.37949999999999995,-0.060,-0.06
2,2022,2022101,37.0,594,Red Bull Racing,94.023,92.401,0.896,-0.726,0.896,-0.726,93.127,-1.622,5.0,-1.622,5,0.085,0.08500000000000002,0.085,0.08500000000000002
2,2022,2022101,38.0,595,Red Bull Racing,,92.759,,0.449,,0.449,92.31,-,-,-,,-,-0.032214285714285695,-,-0.032214285714285695
2,2022,2022101,39.0,596,Red Bull Racing,,,,,,,,-,-,-,,-,-0.1494285714285714,-,-0.1494285714285714
2,2022,2022101,40.0,597,Red Bull Racing,,,,,,,,-,-,-,,-,-0.2666428571428571,-,-0.2666428571428571
2,2022,2022101,41.0,598,Red Bull Racing,,,,,,,,-,-,-,,-,,-,
2,2022,2022101,42.0,599,Red Bull Racing,,,,,,,,-,-,-,,-,,-,
2,2022,2022101,43.0,600,Red Bull Racing,,,,,,,,-,-,-,,-,,-,
2,2022,2022101,44.0,601,Red Bull Racing,92.354,92.091,-0.604,-0.867,-0.604,-0.867,92.958,-0.263,5.0,-0.263,5,-0.736,-0.7355,-0.736,-0.7355
2,2022,2022101,45.0,602,Red Bull Racing,92.135,92.207,-0.479,-0.407,-0.479,-0.407,92.695,0.072,2.0,0.072,2,-0.443,-0.44299999999999995,-0.443,-0.44299999999999995
2,2022,2022101,46.0,603,Red Bull Racing,92.516,91.466,-0.048,-1.098,-0.048,-1.098,92.814,-1.050,5.0,-1.050,5,-0.573,-0.5730000000000001,-0.573,-0.5730000000000001
2,2022,2022101,47.0,604,Red Bull Racing,92.584,90.937,0.067,-1.58,0.067,-1.58,92.517,-1.647,5.0,-1.647,5,-0.757,-0.7565000000000001,-0.757,-0.7565000000000001
2,2022,2022101,48.0,605,Red Bull Racing,92.566,91.296,0.115,-1.155,0.115,-1.484,92.695,-1.270,5.0,-1.599,5,-0.520,-0.52,-0.684,-0.6845
2,2022,2022101,49.0,606,Red Bull Racing,92.964,90.997,0.482,-1.485,0.482,-1.485,92.702,-1.967,5.0,-1.967,5,-0.502,-0.5015000000000001,-0.502,-0.5015000000000001
2,2022,2022101,50.0,607,Red Bull Racing,93.051,91.102,0.507,-1.442,0.507,-1.442,92.596,-1.949,5.0,-1.949,5,-0.467,-0.46749999999999997,-0.467,-0.46749999999999997
2,2022,2022101,51.0,608,Red Bull Racing,92.858,91.976,0.183,-0.699,0.183,-1.429,92.824,-0.882,5.0,-1.612,5,-0.258,-0.258,-0.623,-0.623
2,2022,2022101,52.0,609,Red Bull Racing,93.581,91.391,0.962,-1.228,0.962,-1.228,92.619,-2.190,5.0,-2.190,5,-0.133,-0.133,-0.133,-0.133
2,2022,2022110,1.0,610,Red Bull Racing,,,,,,,,-,-,-,,-,,-,
2,2022,2022110,2.0,611,Red Bull Racing,,,,,,,,-,-,-,,-,,-,
2,2022,2022110,3.0,612,Red Bull Racing,68.654,70.018,-1.622,-0.258,-1.622,-0.258,70.276,1.364,2.0,1.364,2,-0.940,-0.9400000000000001,-0.940,-0.9400000000000001
2,2022,2022110,4.0,613,Red Bull Racing,68.461,69.492,-1.259,-0.228,-1.259,-0.228,69.764,1.031,2.0,1.031,2,-0.743,-0.7434999999999999,-0.743,-0.7434999999999999
2,2022,2022110,5.0,614,Red Bull Racing,68.455,69.689,-1.412,-0.178,-1.412,-0.178,69.988,1.234,2.0,1.234,2,-0.795,-0.7949999999999999,-0.795,-0.7949999999999999
2,2022,2022110,6.0,615,Red Bull Racing,68.498,69.986,-1.495,-0.007,-1.495,-0.177,70.176,1.488,2.0,1.318,2,-0.751,-0.751,-0.836,-0.8360000000000001
2,2022,2022110,7.0,616,Red Bull Racing,68.668,69.942,-1.387,-0.113,-1.387,-0.113,70.154,1.274,2.0,1.274,2,-0.750,-0.75,-0.750,-0.75
2,2022,2022110,8.0,617,Red Bull Racing,68.741,69.945,-1.486,-0.282,-1.486,-0.282,70.323,1.204,2.0,1.204,2,-0.884,-0.884,-0.884,-0.884
2,2022,2022110,9.0,618,Red Bull Racing,68.948,70.087,-1.397,-0.258,-1.397,-0.661,70.453,1.139,2.0,0.736,2,-0.828,-0.8275,-1.029,-1.029
2,2022,2022110,10.0,619,Red Bull Racing,69.059,69.423,-1.32,-0.956,-1.32,-0.956,71.955,0.364,2.0,0.364,2,-1.138,-1.138,-1.138,-1.138
2,2022,2022110,11.0,620,Red Bull Racing,69.057,69.503,-1.194,-0.748,-1.194,-0.748,70.251,0.446,2.0,0.446,2,-0.971,-0.971,-0.971,-0.971
2,2022,2022110,12.0,621,Red Bull Racing,69.044,69.501,-1.191,-0.734,-1.191,-0.734,70.335,0.457,2.0,0.457,2,-0.963,-0.9625,-0.963,-0.9625
2,2022,2022110,13.0,622,Red Bull Racing,69.172,69.285,-1.077,-0.964,-1.077,-0.964,70.249,0.113,2.0,0.113,2,-1.020,-1.0205,-1.020,-1.0205
2,2022,2022110,14.0,623,Red Bull Racing,69.031,69.137,-1.275,-1.169,-1.275,-1.169,70.317,0.106,2.0,0.106,2,-1.222,-1.222,-1.222,-1.222
2,2022,2022110,15.0,624,Red Bull Racing,69.082,69.16,-1.209,-1.131,-1.209,-1.131,70.35,0.078,2.0,0.078,2,-1.170,-1.17,-1.170,-1.17
2,2022,2022110,16.0,625,Red Bull Racing,69.048,69.085,-1.172,-1.135,-1.172,-1.135,70.3,0.037,2.0,0.037,2,-1.153,-1.1535,-1.153,-1.1535
2,2022,2022110,17.0,626,Red Bull Racing,69.203,69.219,-1.136,-1.12,-1.136,-1.12,70.387,0.016,2.0,0.016,2,-1.128,-1.1280000000000001,-1.128,-1.1280000000000001
2,2022,2022110,18.0,627,Red Bull Racing,69.378,69.735,-1.023,-0.666,-1.023,-0.931,70.415,0.357,2.0,0.092,2,-0.845,-0.8445,-0.977,-0.977
2,2022,2022110,19.0,628,Red Bull Racing,69.631,69.722,-0.861,-0.77,-1.25,-0.77,70.798,0.091,2.0,0.480,2,-0.816,-0.8155,-1.010,-1.01
2,2022,2022110,20.0,629,Red Bull Racing,69.106,69.82,-1.468,-0.754,-1.468,-0.754,70.574,0.714,2.0,0.714,2,-1.111,-1.111,-1.111,-1.111
2,2022,2022110,21.0,630,Red Bull Racing,69.335,69.584,-1.1,-0.851,-1.287,-0.851,70.561,0.249,2.0,0.436,2,-0.976,-0.9755,-1.069,-1.069
2,2022,2022110,22.0,631,Red Bull Racing,69.19,69.755,-1.243,-0.678,-1.243,-0.841,70.505,0.565,2.0,0.402,2,-0.961,-0.9605000000000001,-1.042,-1.042
2,2022,2022110,23.0,632,Red Bull Racing,69.65,69.599,-0.917,-0.968,-0.917,-0.968,70.567,-0.051,5.0,-0.051,5,-0.943,-0.9425,-0.943,-0.9425
2,2022,2022111,1.0,633,Red Bull Racing,,,,,,,,-,-,-,,-,,-,
2,2022,2022111,2.0,634,Red Bull Racing,,,,,,,,-,-,-,,-,,-,
2,2022,2022111,3.0,635,Red Bull Racing,70.165,71.899,-1.395,0.339,-1.395,0.339,71.56,1.734,2.0,1.734,2,-0.528,-0.528,-0.528,-0.528
2,2022,2022111,4.0,636,Red Bull Racing,70.128,71.854,-1.213,0.513,-1.213,0.513,71.373,1.726,2.0,1.726,2,-0.350,-0.35000000000000003,-0.350,-0.35000000000000003
2,2022,2022111,5.0,637,Red Bull Racing,70.26,71.843,-1.16,0.423,-1.16,0.423,71.505,1.583,2.0,1.583,2,-0.368,-0.36849999999999994,-0.368,-0.36849999999999994
2,2022,2022111,6.0,638,Red Bull Racing,70.357,72.421,-1.213,0.851,-1.213,0.851,71.603,2.064,2.0,2.064,2,-0.181,-0.18100000000000005,-0.181,-0.18100000000000005
2,2022,2022111,7.0,639,Red Bull Racing,70.559,75.064,-1.115,3.39,-1.115,1.244,71.812,4.505,2.0,2.359,2,1.138,1.1375000000000002,0.065,0.0645
2,2022,2022111,8.0,640,Red Bull Racing,70.763,73.415,-0.927,1.725,-0.927,1.725,71.69,2.652,2.0,2.652,2,0.399,0.399,0.399,0.399
2,2022,2022111,9.0,641,Red Bull Racing,70.847,72.798,-0.839,1.112,-0.839,1.112,71.715,1.951,2.0,1.951,2,0.137,0.13650000000000007,0.137,0.13650000000000007
2,2022,2022111,10.0,642,Red Bull Racing,71.396,72.81,-0.363,1.051,-0.876,1.051,71.828,1.414,2.0,1.927,2,0.344,0.344,0.087,0.08749999999999997
2,2022,2022111,11.0,643,Red Bull Racing,70.918,72.769,-0.877,0.974,-0.877,0.974,71.795,1.851,2.0,1.851,2,0.048,0.04849999999999999,0.048,0.04849999999999999
2,2022,2022111,12.0,644,Red Bull Racing,71.912,72.818,0.002,0.908,0.002,0.908,71.91,0.906,2.0,0.906,2,0.455,0.455,0.455,0.455
2,2022,2022111,13.0,645,Red Bull Racing,,72.758,,0.959,,0.959,71.967,-,-,-,,-,0.3325,-,0.3325
2,2022,2022111,14.0,646,Red Bull Racing,,72.437,,0.826,,0.826,71.663,-,-,-,,-,0.21000000000000002,-,0.21000000000000002
2,2022,2022111,15.0,647,Red Bull Racing,70.365,72.686,-1.073,1.248,-1.073,1.248,71.534,2.321,2.0,2.321,2,0.088,0.08750000000000002,0.088,0.08750000000000002
2,2022,2022111,16.0,648,Red Bull Racing,70.024,75.039,-1.254,3.761,-1.254,1.672,71.446,5.015,2.0,2.926,2,1.254,1.2535,0.209,0.20899999999999996
2,2022,2022111,17.0,649,Red Bull Racing,70.361,73.213,-0.979,1.873,-0.979,1.873,71.428,2.852,2.0,2.852,2,0.447,0.447,0.447,0.447
2,2022,2022111,18.0,650,Red Bull Racing,70.46,72.88,-0.75,1.67,-0.75,1.67,71.266,2.420,2.0,2.420,2,0.460,0.45999999999999996,0.460,0.45999999999999996
2,2022,2022111,19.0,651,Red Bull Racing,69.895,72.977,-1.349,1.733,-1.349,1.733,71.339,3.082,2.0,3.082,2,0.192,0.19200000000000006,0.192,0.19200000000000006
2,2022,2022111,20.0,652,Red Bull Racing,69.895,72.934,-1.385,1.654,-1.385,1.654,71.37,3.039,2.0,3.039,2,0.134,0.13449999999999995,0.134,0.13449999999999995
2,2022,2022111,21.0,653,Red Bull Racing,69.936,73.071,-1.44,1.695,-1.44,1.695,71.491,3.135,2.0,3.135,2,0.128,0.12750000000000006,0.128,0.12750000000000006
2,2022,2022111,22.0,654,Red Bull Racing,69.846,73.54,-1.679,2.015,-1.679,2.015,71.525,3.694,2.0,3.694,2,0.168,0.16800000000000004,0.168,0.16800000000000004
2,2022,2022111,23.0,655,Red Bull Racing,70.103,74.844,-1.783,2.958,-1.783,2.958,72.032,4.741,2.0,4.741,2,0.588,0.5875000000000001,0.588,0.5875000000000001
2,2022,2022111,24.0,656,Red Bull Racing,70.457,,-1.286,,-1.286,,71.964,-,-,-,,-,,-,
2,2022,2022111,25.0,657,Red Bull Racing,70.715,,-0.907,,-0.907,,71.683,-,-,-,,-,,-,
2,2022,2022111,26.0,658,Red Bull Racing,70.312,,-1.154,,-1.154,,71.466,-,-,-,,-,,-,
2,2022,2022111,27.0,659,Red Bull Racing,70.355,,-1.261,,-1.261,,71.715,-,-,-,,-,,-,
2,2022,2022111,28.0,660,Red Bull Racing,70.572,,-0.829,,-0.829,,71.45,-,-,-,,-,,-,
2,2022,2022111,29.0,661,Red Bull Racing,70.485,,-0.633,,-0.633,,71.211,-,-,-,,-,,-,
2,2022,2022111,30.0,662,Red Bull Racing,70.609,,-0.579,,-0.579,,71.188,-,-,-,,-,,-,
2,2022,2022111,31.0,663,Red Bull Racing,70.897,,-0.322,,-0.322,,71.29,-,-,-,,-,,-,
2,2022,2022111,32.0,664,Red Bull Racing,71.073,,-0.242,,-0.242,,71.478,-,-,-,,-,,-,
2,2022,2022111,33.0,665,Red Bull Racing,71.636,,0.257,,-0.248,,71.545,-,-,-,,-,,-,
2,2022,2022111,34.0,666,Red Bull Racing,71.19,,-0.017,,-0.017,,71.227,-,-,-,,-,,-,
2,2022,2022111,35.0,667,Red Bull Racing,71.173,,0.1,,0.1,,71.073,-,-,-,,-,,-,
2,2022,2022111,36.0,668,Red Bull Racing,,,,,,,71.219,-,-,-,,-,,-,
2,2022,2022111,37.0,669,Red Bull Racing,,,,,,,71.479,-,-,-,,-,,-,
2,2022,2022111,38.0,670,Red Bull Racing,69.226,,-2.112,,-2.112,,71.338,-,-,-,,-,,-,
2,2022,2022111,39.0,671,Red Bull Racing,69.636,,-1.893,,-1.893,,72.713,-,-,-,,-,,-,
2,2022,2022111,40.0,672,Red Bull Racing,69.809,,-1.784,,-1.784,,71.81,-,-,-,,-,,-,
2,2022,2022111,41.0,673,Red Bull Racing,69.971,,-1.298,,-1.298,,71.319,-,-,-,,-,,-,
2,2022,2022111,42.0,674,Red Bull Racing,69.84,,-1.356,,-1.356,,71.304,-,-,-,,-,,-,
2,2022,2022111,43.0,675,Red Bull Racing,69.863,,-1.25,,-1.25,,71.284,-,-,-,,-,,-,
2,2022,2022111,44.0,676,Red Bull Racing,69.642,,-1.231,,-1.231,,71.105,-,-,-,,-,,-,
2,2022,2022111,45.0,677,Red Bull Racing,69.766,,-1.109,,-1.109,,70.897,-,-,-,,-,,-,
2,2022,2022111,46.0,678,Red Bull Racing,70.104,,-0.743,,-0.97,,70.971,-,-,-,,-,,-,
2,2022,2022111,47.0,679,Red Bull Racing,69.989,,-0.8,,-0.8,,70.789,-,-,-,,-,,-,
2,2022,2022111,48.0,680,Red Bull Racing,70.17,,-0.197,,-0.197,,70.42,-,-,-,,-,,-,
2,2022,2022111,49.0,681,Red Bull Racing,70.244,,-0.118,,-0.118,,70.362,-,-,-,,-,,-,
2,2022,2022111,50.0,682,Red Bull Racing,70.347,,0.043,,0.043,,70.357,-,-,-,,-,,-,
2,2022,2022111,51.0,683,Red Bull Racing,70.232,,0.01,,0.01,,70.295,-,-,-,,-,,-,
2,2022,2022111,52.0,684,Red Bull Racing,70.193,,-0.023,,-0.023,,70.614,-,-,-,,-,,-,
2,2022,2022111,53.0,685,Red Bull Racing,70.828,,0.588,,-0.011,,70.273,-,-,-,,-,,-,
2,2022,2022111,54.0,686,Red Bull Racing,70.265,,0.02,,0.02,,70.485,-,-,-,,-,,-,
2,2022,2022111,55.0,687,Red Bull Racing,70.109,,0.066,,0.066,,70.101,-,-,-,,-,,-,
2,2022,2022111,56.0,688,Red Bull Racing,69.733,,-0.316,,-0.316,,70.049,-,-,-,,-,,-,
2,2022,2022111,57.0,689,Red Bull Racing,69.843,,0.5,,0.5,,69.343,-,-,-,,-,,-,
2,2022,2022111,58.0,690,Red Bull Racing,,,,,,,,-,-,-,,-,,-,
2,2022,2022111,59.0,691,Red Bull Racing,,,,,,,70.355,-,-,-,,-,,-,
2,2022,2022111,60.0,692,Red Bull Racing,69.218,,-0.728,,-0.728,,69.971,-,-,-,,-,,-,
2,2022,2022111,61.0,693,Red Bull Racing,67.804,,-1.671,,-1.671,,69.603,-,-,-,,-,,-,
2,2022,2022111,62.0,694,Red Bull Racing,67.275,,-2.272,,-2.272,,69.638,-,-,-,,-,,-,
2,2022,2022111,63.0,695,Red Bull Racing,67.938,,-1.951,,-1.951,,69.971,-,-,-,,-,,-,
2,2022,2022111,64.0,696,Red Bull Racing,68.7,,-1.35,,-1.791,,70.171,-,-,-,,-,,-,
2,2022,2022111,65.0,697,Red Bull Racing,68.58,,-1.575,,-1.575,,70.216,-,-,-,,-,,-,
2,2022,2022111,66.0,698,Red Bull Racing,68.445,,-1.794,,-1.794,,70.303,-,-,-,,-,,-,
2,2022,2022111,67.0,699,Red Bull Racing,68.537,,-1.702,,-1.702,,70.47,-,-,-,,-,,-,
2,2022,2022111,68.0,700,Red Bull Racing,68.9,,-1.254,,-1.449,,70.185,-,-,-,,-,,-,
2,2022,2022111,69.0,701,Red Bull Racing,68.873,,-1.245,,-1.245,,70.118,-,-,-,,-,,-,
2,2022,2022111,70.0,702,Red Bull Racing,68.169,,-1.832,,-1.832,,70.001,-,-,-,,-,,-,
2,2022,2022111,71.0,703,Red Bull Racing,68.539,,-1.146,,-1.146,,69.685,-,-,-,,-,,-,
2,2022,2022121,1.0,704,Red Bull Racing,,,,,,,,-,-,-,,-,,-,
2,2022,2022121,2.0,705,Red Bull Racing,,,,,,,,-,-,-,,-,,-,
2,2022,2022121,3.0,706,Red Bull Racing,98.117,99.427,-2.175,-0.865,-2.175,-0.865,100.292,1.310,2.0,1.310,2,-1.520,-1.52,-1.520,-1.52
2,2022,2022121,4.0,707,Red Bull Racing,98.39,98.92,-1.553,-1.023,-1.553,-1.023,99.952,0.530,2.0,0.530,2,-1.288,-1.2879999999999998,-1.288,-1.2879999999999998
2,2022,2022121,5.0,708,Red Bull Racing,98.72,99.683,-1.331,-0.368,-1.539,-0.368,100.191,0.963,2.0,1.171,2,-0.849,-0.8494999999999999,-0.954,-0.9535
2,2022,2022121,6.0,709,Red Bull Racing,98.634,99.774,-1.544,-0.404,-1.544,-0.404,100.191,1.140,2.0,1.140,2,-0.974,-0.974,-0.974,-0.974
2,2022,2022121,7.0,710,Red Bull Racing,99.219,99.715,-1.102,-0.606,-1.425,-0.606,100.518,0.496,2.0,0.819,2,-0.854,-0.8540000000000001,-1.016,-1.0155
2,2022,2022121,8.0,711,Red Bull Racing,99.159,99.188,-0.977,-0.948,-0.977,-0.948,100.136,0.029,2.0,0.029,2,-0.962,-0.9624999999999999,-0.962,-0.9624999999999999
2,2022,2022121,9.0,712,Red Bull Racing,99.13,99.681,-0.996,-0.445,-0.996,-0.712,100.155,0.551,2.0,0.284,2,-0.721,-0.7205,-0.854,-0.854
2,2022,2022121,10.0,713,Red Bull Racing,99.043,99.639,-1.251,-0.655,-1.251,-0.655,100.331,0.596,2.0,0.596,2,-0.953,-0.953,-0.953,-0.953
2,2022,2022121,11.0,714,Red Bull Racing,99.285,99.644,-0.962,-0.603,-1.171,-0.603,100.33,0.359,2.0,0.568,2,-0.782,-0.7825,-0.887,-0.887
2,2022,2022121,12.0,715,Red Bull Racing,99.109,99.434,-1.012,-0.687,-1.012,-0.687,100.173,0.325,2.0,0.325,2,-0.850,-0.8495,-0.850,-0.8495
2,2022,2022121,13.0,716,Red Bull Racing,99.026,99.343,-1.327,-1.01,-1.327,-1.01,100.421,0.317,2.0,0.317,2,-1.168,-1.1684999999999999,-1.168,-1.1684999999999999
2,2022,2022121,14.0,717,Red Bull Racing,99.276,99.451,-1.159,-0.984,-1.371,-0.984,100.607,0.175,2.0,0.387,2,-1.071,-1.0715,-1.177,-1.1775
2,2022,2022121,15.0,718,Red Bull Racing,99.102,99.462,-1.18,-0.82,-1.18,-0.82,100.282,0.360,2.0,0.360,2,-1.000,-1.0,-1.000,-1.0
2,2022,2022121,16.0,719,Red Bull Racing,,99.513,,-0.922,,-0.922,100.494,-,-,-,,-,-1.2065,-,-1.2065
2,2022,2022121,17.0,720,Red Bull Racing,,99.755,,-0.893,,-0.893,100.648,-,-,-,,-,-1.413,-,-1.413
2,2022,2022121,18.0,721,Red Bull Racing,,,,,,,,-,-,-,,-,-1.6195,-,-1.6195
2,2022,2022121,19.0,722,Red Bull Racing,,,,,,,,-,-,-,,-,,-,
2,2022,2022121,20.0,723,Red Bull Racing,,,,,,,,-,-,-,,-,,-,
2,2022,2022121,21.0,724,Red Bull Racing,,,,,,,,-,-,-,,-,,-,
2,2022,2022121,22.0,725,Red Bull Racing,97.774,98.161,-2.639,-2.252,-2.639,-2.252,100.413,0.387,2.0,0.387,2,-2.446,-2.4455,-2.446,-2.4455
2,2022,2022121,23.0,726,Red Bull Racing,98.273,98.793,-1.326,-0.806,-1.708,-1.307,99.727,0.520,2.0,0.401,2,-1.066,-1.066,-1.507,-1.5074999999999998
2,2022,2022121,24.0,727,Red Bull Racing,98.009,98.423,-1.38,-0.966,-1.38,-0.966,99.416,0.414,2.0,0.414,2,-1.173,-1.173,-1.173,-1.173
2,2022,2022121,25.0,728,Red Bull Racing,98.344,98.605,-0.975,-0.714,-1.339,-0.714,99.369,0.261,2.0,0.625,2,-0.845,-0.8445,-1.026,-1.0265
2,2022,2022121,26.0,729,Red Bull Racing,97.95,98.368,-1.341,-0.923,-1.341,-0.923,99.291,0.418,2.0,0.418,2,-1.132,-1.1320000000000001,-1.132,-1.1320000000000001
2,2022,2022121,27.0,730,Red Bull Racing,97.967,98.175,-1.218,-1.01,-1.218,-1.01,99.185,0.208,2.0,0.208,2,-1.114,-1.1139999999999999,-1.114,-1.1139999999999999
2,2022,2022121,28.0,731,Red Bull Racing,97.696,98.006,-1.421,-1.111,-1.421,-1.111,99.273,0.310,2.0,0.310,2,-1.266,-1.266,-1.266,-1.266
2,2022,2022121,29.0,732,Red Bull Racing,97.695,98.117,-1.474,-1.052,-1.474,-1.052,99.221,0.422,2.0,0.422,2,-1.263,-1.263,-1.263,-1.263
2,2022,2022121,30.0,733,Red Bull Racing,97.491,98.021,-1.774,-1.244,-1.774,-1.244,99.372,0.530,2.0,0.530,2,-1.509,-1.509,-1.509,-1.509
2,2022,2022121,31.0,734,Red Bull Racing,97.786,98.24,-1.568,-1.114,-1.568,-1.114,99.434,0.454,2.0,0.454,2,-1.341,-1.3410000000000002,-1.341,-1.3410000000000002
2,2022,2022121,32.0,735,Red Bull Racing,97.804,98.363,-1.486,-0.927,-1.486,-0.927,99.339,0.559,2.0,0.559,2,-1.207,-1.2065000000000001,-1.207,-1.2065000000000001
2,2022,2022121,33.0,736,Red Bull Racing,97.9,98.284,-1.453,-1.069,-1.453,-1.069,99.47,0.384,2.0,0.384,2,-1.261,-1.2610000000000001,-1.261,-1.2610000000000001
2,2022,2022121,34.0,737,Red Bull Racing,97.911,98.525,-1.506,-0.892,-1.506,-0.892,99.45,0.614,2.0,0.614,2,-1.199,-1.199,-1.199,-1.199
2,2022,2022121,35.0,738,Red Bull Racing,98.301,98.671,-1.273,-0.903,-1.592,-0.903,99.674,0.370,2.0,0.689,2,-1.088,-1.088,-1.248,-1.2475
2,2022,2022121,36.0,739,Red Bull Racing,98.053,98.995,-1.534,-0.592,-1.534,-0.592,99.695,0.942,2.0,0.942,2,-1.063,-1.063,-1.063,-1.063
2,2022,2022121,37.0,740,Red Bull Racing,98.27,98.446,-1.185,-1.009,-1.185,-1.009,99.541,0.176,2.0,0.176,2,-1.097,-1.097,-1.097,-1.097
2,2022,2022121,38.0,741,Red Bull Racing,97.683,98.271,-1.545,-0.957,-1.545,-0.957,99.411,0.588,2.0,0.588,2,-1.251,-1.251,-1.251,-1.251
2,2022,2022121,39.0,742,Red Bull Racing,98.027,98.663,-1.135,-0.499,-1.402,-0.822,99.282,0.636,2.0,0.580,2,-0.817,-0.817,-1.112,-1.1119999999999999
2,2022,2022121,40.0,743,Red Bull Racing,97.838,98.41,-1.388,-0.816,-1.388,-0.816,99.226,0.572,2.0,0.572,2,-1.102,-1.1019999999999999,-1.102,-1.1019999999999999
2,2022,2022121,41.0,744,Red Bull Racing,97.736,99.672,-1.452,0.484,-1.452,0.484,99.468,1.936,2.0,1.936,2,-0.484,-0.484,-0.484,-0.484
2,2022,2022121,42.0,745,Red Bull Racing,97.836,100.737,-1.31,1.591,-1.31,-0.086,99.41,2.901,2.0,1.224,2,0.140,0.14049999999999996,-0.698,-0.6980000000000001
2,2022,2022121,43.0,746,Red Bull Racing,97.642,98.448,-1.392,-0.586,-1.392,-0.586,99.051,0.806,2.0,0.806,2,-0.989,-0.9889999999999999,-0.989,-0.9889999999999999
2,2022,2022121,44.0,747,Red Bull Racing,98.019,98.31,-0.918,-0.627,-1.188,-0.627,99.068,0.291,2.0,0.561,2,-0.772,-0.7725,-0.907,-0.9075
2,2022,2022121,45.0,748,Red Bull Racing,97.856,97.78,-0.983,-1.059,-0.983,-1.059,98.973,-0.076,5.0,-0.076,5,-1.021,-1.021,-1.021,-1.021
2,2022,2022121,46.0,749,Red Bull Racing,98.242,97.977,-0.553,-0.818,-0.831,-0.818,98.829,-0.265,5.0,0.013,2,-0.685,-0.6855,-0.825,-0.8245
2,2022,2022121,47.0,750,Red Bull Racing,98.073,98.067,-0.821,-0.827,-0.821,-0.827,99.094,-0.006,5.0,-0.006,5,-0.824,-0.824,-0.824,-0.824
2,2022,2022121,48.0,751,Red Bull Racing,97.945,98.507,-0.791,-0.229,-0.791,-0.229,98.736,0.562,2.0,0.562,2,-0.510,-0.51,-0.510,-0.51
2,2022,2022121,49.0,752,Red Bull Racing,98.732,,-0.008,,-0.008,,98.74,-,-,-,,-,-0.43916666666666665,-,-0.43916666666666665
2,2022,2022121,50.0,753,Red Bull Racing,,,,,,,,-,-,-,,-,-0.3683333333333333,-,-0.3683333333333333
2,2022,2022121,51.0,754,Red Bull Racing,99.093,97.964,0.267,-0.862,0.267,-0.862,98.826,-1.129,5.0,-1.129,5,-0.297,-0.2975,-0.297,-0.2975
2,2022,2022121,52.0,755,Red Bull Racing,98.288,97.952,-0.384,-0.72,-0.384,-0.72,98.71,-0.336,5.0,-0.336,5,-0.552,-0.552,-0.552,-0.552
2,2022,2022121,53.0,756,Red Bull Racing,98.442,98.306,-0.588,-0.724,-0.588,-0.724,99.03,-0.136,5.0,-0.136,5,-0.656,-0.6559999999999999,-0.656,-0.6559999999999999
2,2022,2022131,1.0,757,Red Bull Racing,,,,,,,,-,-,-,,-,,-,
2,2022,2022131,2.0,758,Red Bull Racing,,,,,,,,-,-,-,,-,,-,
2,2022,2022131,3.0,759,Red Bull Racing,,,,,,,,-,-,-,,-,,-,
2,2022,2022131,4.0,760,Red Bull Racing,85.058,84.689,0.213,-0.156,0.213,-0.156,84.845,-0.369,5.0,-0.369,5,0.028,0.028499999999999998,0.028,0.028499999999999998
2,2022,2022131,5.0,761,Red Bull Racing,84.121,85.039,-0.755,0.163,-0.755,-0.025,84.961,0.918,2.0,0.730,2,-0.296,-0.296,-0.390,-0.39
2,2022,2022131,6.0,762,Red Bull Racing,84.804,85.012,-0.133,0.075,-0.837,0.075,85.054,0.208,2.0,0.912,2,-0.029,-0.029000000000000005,-0.381,-0.381
2,2022,2022131,7.0,763,Red Bull Racing,84.079,84.863,-0.906,-0.122,-0.906,-0.122,85.145,0.784,2.0,0.784,2,-0.514,-0.514,-0.514,-0.514
2,2022,2022131,8.0,764,Red Bull Racing,84.156,85.016,-1.02,-0.16,-1.02,-0.16,85.251,0.860,2.0,0.860,2,-0.590,-0.59,-0.590,-0.59
2,2022,2022131,9.0,765,Red Bull Racing,84.097,84.025,-0.966,-1.038,-0.966,-1.038,85.13,-0.072,5.0,-0.072,5,-1.002,-1.002,-1.002,-1.002
2,2022,2022131,10.0,766,Red Bull Racing,84.566,84.655,-0.712,-0.623,-0.712,-1.218,85.449,0.089,2.0,-0.506,5,-0.667,-0.6675,-0.965,-0.965
2,2022,2022131,11.0,767,Red Bull Racing,85.356,84.095,0.043,-1.218,-0.727,-1.218,85.41,-1.261,5.0,-0.491,5,-0.588,-0.5875,-0.972,-0.9724999999999999
2,2022,2022131,12.0,768,Red Bull Racing,84.605,84.784,-0.819,-0.64,-0.819,-1.13,85.548,0.179,2.0,-0.311,5,-0.730,-0.7295,-0.974,-0.9744999999999999
2,2022,2022131,13.0,769,Red Bull Racing,84.529,84.494,-1.012,-1.047,-1.012,-1.047,85.587,-0.035,5.0,-0.035,5,-1.030,-1.0295,-1.030,-1.0295
2,2022,2022131,14.0,770,Red Bull Racing,84.68,85.443,-0.976,-0.213,-0.976,-0.91,85.75,0.763,2.0,0.066,2,-0.595,-0.5945,-0.943,-0.9430000000000001
2,2022,2022131,15.0,771,Red Bull Racing,84.647,84.998,-0.792,-0.441,-0.792,-0.441,85.625,0.351,2.0,0.351,2,-0.617,-0.6165,-0.617,-0.6165
2,2022,2022131,16.0,772,Red Bull Racing,,85.322,,-0.038,,-0.038,85.417,-,-,-,,-,-0.6017,-,-0.6683
2,2022,2022131,17.0,773,Red Bull Racing,,85.58,,0.129,,0.129,85.56,-,-,-,,-,-0.5869,-,-0.7201
2,2022,2022131,18.0,774,Red Bull Racing,83.082,,-2.106,,-2.106,,85.266,-,-,-,,-,-0.5721,-,-0.7719
2,2022,2022131,19.0,775,Red Bull Racing,83.471,,-1.779,,-1.779,,85.284,-,-,-,,-,,-,
2,2022,2022131,20.0,776,Red Bull Racing,83.954,85.547,-1.339,0.254,-2.005,0.254,85.478,1.593,2.0,2.259,2,-0.542,-0.5425,-0.875,-0.8755
2,2022,2022131,21.0,777,Red Bull Racing,83.105,84.239,-1.919,-0.785,-1.919,-0.785,85.06,1.134,2.0,1.134,2,-1.352,-1.352,-1.352,-1.352
2,2022,2022131,22.0,778,Red Bull Racing,83.184,83.998,-1.477,-0.663,-1.477,-0.663,84.788,0.814,2.0,0.814,2,-1.070,-1.07,-1.070,-1.07
2,2022,2022131,23.0,779,Red Bull Racing,83.489,83.418,-1.164,-1.235,-1.164,-1.235,84.725,-0.071,5.0,-0.071,5,-1.200,-1.1995,-1.200,-1.1995
2,2022,2022131,24.0,780,Red Bull Racing,83.775,83.391,-0.974,-1.358,-0.974,-1.358,84.945,-0.384,5.0,-0.384,5,-1.166,-1.166,-1.166,-1.166
2,2022,2022131,25.0,781,Red Bull Racing,83.543,83.551,-1.245,-1.237,-1.245,-1.237,84.808,0.008,2.0,0.008,2,-1.241,-1.241,-1.241,-1.241
2,2022,2022131,26.0,782,Red Bull Racing,83.72,83.372,-1.054,-1.402,-1.054,-1.402,84.866,-0.348,5.0,-0.348,5,-1.228,-1.228,-1.228,-1.228
2,2022,2022131,27.0,783,Red Bull Racing,83.565,83.853,-1.203,-0.915,-1.203,-1.356,84.793,0.288,2.0,-0.153,5,-1.059,-1.0590000000000002,-1.280,-1.2795
2,2022,2022131,28.0,784,Red Bull Racing,83.691,83.453,-1.05,-1.288,-1.05,-1.288,84.948,-0.238,5.0,-0.238,5,-1.169,-1.169,-1.169,-1.169
2,2022,2022131,29.0,785,Red Bull Racing,84.173,84.209,-0.666,-0.63,-1.074,-1.208,84.976,0.036,2.0,-0.134,5,-0.648,-0.648,-1.141,-1.141
2,2022,2022131,30.0,786,Red Bull Racing,83.84,83.81,-0.978,-1.008,-0.978,-1.008,84.905,-0.030,5.0,-0.030,5,-0.993,-0.993,-0.993,-0.993
2,2022,2022131,31.0,787,Red Bull Racing,83.728,83.795,-1.05,-0.983,-1.05,-0.983,84.895,0.067,2.0,0.067,2,-1.016,-1.0165,-1.016,-1.0165
2,2022,2022131,32.0,788,Red Bull Racing,84.331,84.199,-0.425,-0.557,-1.038,-0.861,84.921,-0.132,5.0,0.177,2,-0.491,-0.491,-0.950,-0.9495
2,2022,2022131,33.0,789,Red Bull Racing,83.709,83.995,-0.968,-0.682,-0.968,-0.682,84.946,0.286,2.0,0.286,2,-0.825,-0.825,-0.825,-0.825
2,2022,2022131,34.0,790,Red Bull Racing,83.507,83.695,-1.193,-1.005,-1.193,-1.005,84.7,0.188,2.0,0.188,2,-1.099,-1.099,-1.099,-1.099
2,2022,2022131,35.0,791,Red Bull Racing,83.591,83.9,-1.196,-0.887,-1.196,-0.887,84.87,0.309,2.0,0.309,2,-1.042,-1.0415,-1.042,-1.0415
2,2022,2022131,36.0,792,Red Bull Racing,83.777,83.854,-0.953,-0.876,-0.953,-0.876,84.818,0.077,2.0,0.077,2,-0.914,-0.9145,-0.914,-0.9145
2,2022,2022131,37.0,793,Red Bull Racing,84.112,84.096,-0.532,-0.548,-0.532,-0.548,84.766,-0.016,5.0,-0.016,5,-0.540,-0.54,-0.540,-0.54
2,2022,2022131,38.0,794,Red Bull Racing,,84.026,,-0.791,,-0.791,85.154,-,-,-,,-,-0.35583333333333333,-,-0.6316666666666667
2,2022,2022131,39.0,795,Red Bull Racing,,84.485,,-0.378,,-0.378,84.863,-,-,-,,-,-0.1716666666666667,-,-0.7233333333333334
2,2022,2022131,40.0,796,Red Bull Racing,82.789,86.716,-1.951,1.976,-1.951,0.321,84.892,3.927,2.0,2.272,2,0.012,0.012499999999999956,-0.815,-0.8150000000000001
2,2022,2022131,41.0,797,Red Bull Racing,86.874,85.636,2.021,0.783,-1.943,0.783,85.225,-1.238,5.0,2.726,2,1.402,1.402,-0.580,-0.5800000000000001
2,2022,2022131,42.0,798,Red Bull Racing,83.031,,-1.424,,-1.424,,84.499,-,-,-,,-,0.31733333333333347,-,-1.0911666666666666
2,2022,2022131,43.0,799,Red Bull Racing,82.128,,-2.048,,-2.048,,84.176,-,-,-,,-,-0.767333333333333,-,-1.6023333333333334
2,2022,2022131,44.0,800,Red Bull Racing,82.65,81.94,-1.497,-2.207,-2.02,-2.207,84.19,-0.710,5.0,-0.187,5,-1.852,-1.8519999999999999,-2.114,-2.1135
2,2022,2022131,45.0,801,Red Bull Racing,82.126,82.555,-2.066,-1.637,-2.066,-1.637,84.328,0.429,2.0,0.429,2,-1.851,-1.8515,-1.851,-1.8515
2,2022,2022131,46.0,802,Red Bull Racing,82.754,82.742,-1.201,-1.213,-1.569,-1.213,84.046,-0.012,5.0,0.356,2,-1.207,-1.207,-1.391,-1.391
2,2022,2022131,47.0,803,Red Bull Racing,82.646,82.97,-1.342,-1.018,-1.342,-1.018,84.371,0.324,2.0,0.324,2,-1.180,-1.1800000000000002,-1.180,-1.1800000000000002
2,2022,2022131,48.0,804,Red Bull Racing,83.177,82.839,-1.506,-1.844,-1.506,-1.844,84.845,-0.338,5.0,-0.338,5,-1.675,-1.675,-1.675,-1.675
2,2022,2022131,49.0,805,Red Bull Racing,83.373,82.679,-0.973,-1.667,-0.973,-1.667,84.44,-0.694,5.0,-0.694,5,-1.320,-1.32,-1.320,-1.32
2,2022,2022131,50.0,806,Red Bull Racing,83.098,82.991,-1.134,-1.241,-1.134,-1.241,84.257,-0.107,5.0,-0.107,5,-1.188,-1.1875,-1.188,-1.1875
2,2022,2022131,51.0,807,Red Bull Racing,82.846,83.015,-0.811,-0.642,-0.811,-0.642,83.824,0.169,2.0,0.169,2,-0.727,-0.7265,-0.727,-0.7265
2,2022,2022131,52.0,808,Red Bull Racing,82.586,82.838,-1.091,-0.839,-1.091,-0.839,84.106,0.252,2.0,0.252,2,-0.965,-0.965,-0.965,-0.965
2,2022,2022131,53.0,809,Red Bull Racing,82.708,83.21,-1.197,-0.695,-1.197,-1.3,83.98,0.502,2.0,-0.103,5,-0.946,-0.946,-1.248,-1.2485
2,2022,2022131,54.0,810,Red Bull Racing,82.777,82.371,-1.044,-1.45,-1.044,-1.45,84.156,-0.406,5.0,-0.406,5,-1.247,-1.2469999999999999,-1.247,-1.2469999999999999
2,2022,2022131,55.0,811,Red Bull Racing,83.01,82.864,-1.098,-1.244,-1.098,-1.532,84.123,-0.146,5.0,-0.434,5,-1.171,-1.171,-1.315,-1.315
2,2022,2022131,56.0,812,Red Bull Racing,83.013,82.78,-0.844,-1.077,-0.844,-1.077,83.963,-0.233,5.0,-0.233,5,-0.960,-0.9604999999999999,-0.960,-0.9604999999999999
2,2022,2022131,57.0,813,Red Bull Racing,82.827,82.393,-0.689,-1.123,-0.689,-1.123,83.746,-0.434,5.0,-0.434,5,-0.906,-0.9059999999999999,-0.906,-0.9059999999999999
2,2022,2022131,58.0,814,Red Bull Racing,82.868,82.658,-0.659,-0.869,-0.659,-1.159,83.664,-0.210,5.0,-0.500,5,-0.764,-0.764,-0.909,-0.909
2,2022,2022131,59.0,815,Red Bull Racing,83.074,82.344,-0.391,-1.121,-0.391,-1.121,83.557,-0.730,5.0,-0.730,5,-0.756,-0.756,-0.756,-0.756
2,2022,2022131,60.0,816,Red Bull Racing,82.732,82.32,-0.741,-1.153,-0.741,-1.153,83.727,-0.412,5.0,-0.412,5,-0.947,-0.9470000000000001,-0.947,-0.9470000000000001
2,2022,2022131,61.0,817,Red Bull Racing,82.831,82.413,-0.894,-1.312,-0.894,-1.312,83.903,-0.418,5.0,-0.418,5,-1.103,-1.103,-1.103,-1.103
2,2022,2022131,62.0,818,Red Bull Racing,83.454,82.555,-0.41,-1.309,-0.943,-1.309,84.127,-0.899,5.0,-0.366,5,-0.859,-0.8594999999999999,-1.126,-1.126
2,2022,2022131,63.0,819,Red Bull Racing,83.01,82.235,-0.69,-1.465,-0.69,-1.465,84.126,-0.775,5.0,-0.775,5,-1.078,-1.0775000000000001,-1.078,-1.0775000000000001
2,2022,2022131,64.0,820,Red Bull Racing,82.978,82.39,-0.787,-1.375,-0.787,-1.375,83.91,-0.588,5.0,-0.588,5,-1.081,-1.081,-1.081,-1.081
2,2022,2022131,65.0,821,Red Bull Racing,82.667,82.027,-1.806,-2.447,-1.806,-2.447,84.698,-0.641,5.0,-0.641,5,-2.127,-2.1265,-2.127,-2.1265
2,2022,2022131,66.0,822,Red Bull Racing,83.097,82.928,-1.053,-1.222,-1.053,-1.918,84.196,-0.169,5.0,-0.865,5,-1.137,-1.1375,-1.486,-1.4855
2,2022,2022131,67.0,823,Red Bull Racing,83.287,82.437,-0.029,-0.879,-0.029,-0.879,83.316,-0.850,5.0,-0.850,5,-0.454,-0.454,-0.454,-0.454
2,2022,2022131,68.0,824,Red Bull Racing,,,,,,,91.166,-,-,-,,-,-0.5438333333333334,-,-0.5438333333333334
2,2022,2022131,69.0,825,Red Bull Racing,,,,,,,89.157,-,-,-,,-,-0.6336666666666667,-,-0.6336666666666667
2,2022,2022131,70.0,826,Red Bull Racing,88.244,85.113,0.842,-2.289,0.842,-2.289,87.402,-3.131,5.0,-3.131,5,-0.724,-0.7235,-0.724,-0.7235
2,2022,2022141,1.0,827,Red Bull Racing,,,,,,,,-,-,-,,-,,-,
2,2022,2022141,2.0,828,Red Bull Racing,,,,,,,,-,-,-,,-,,-,
2,2022,2022141,3.0,829,Red Bull Racing,,,,,,,,-,-,-,,-,,-,
2,2022,2022141,4.0,830,Red Bull Racing,,,,,,,,-,-,-,,-,,-,
2,2022,2022141,5.0,831,Red Bull Racing,,,,,,,,-,-,-,,-,,-,
2,2022,2022141,6.0,832,Red Bull Racing,113.748,112.708,-1.199,-2.239,-1.199,-2.239,114.947,-1.040,5.0,-1.040,5,-1.719,-1.7189999999999999,-1.719,-1.7189999999999999
2,2022,2022141,7.0,833,Red Bull Racing,111.954,113.008,-2.741,-1.687,-2.741,-1.687,114.695,1.054,2.0,1.054,2,-2.214,-2.214,-2.214,-2.214
2,2022,2022141,8.0,834,Red Bull Racing,112.641,113.535,-2.804,-1.91,-2.804,-1.91,115.524,0.894,2.0,0.894,2,-2.357,-2.3569999999999998,-2.357,-2.3569999999999998
2,2022,2022141,9.0,835,Red Bull Racing,113.532,114.803,-2.364,-1.093,-2.364,-1.843,116.012,1.271,2.0,0.521,2,-1.728,-1.7285,-2.103,-2.1035
2,2022,2022141,10.0,836,Red Bull Racing,113.969,114.571,-1.969,-1.367,-1.969,-1.367,116.007,0.602,2.0,0.602,2,-1.668,-1.6680000000000001,-1.668,-1.6680000000000001
2,2022,2022141,11.0,837,Red Bull Racing,114.634,114.843,-1.081,-0.872,-1.081,-0.872,115.778,0.209,2.0,0.209,2,-0.976,-0.9764999999999999,-0.976,-0.9764999999999999
2,2022,2022141,12.0,838,Red Bull Racing,113.158,115.163,-2.142,-0.137,-2.142,-0.137,115.412,2.005,2.0,2.005,2,-1.139,-1.1395,-1.139,-1.1395
2,2022,2022141,13.0,839,Red Bull Racing,113.728,115.277,-1.625,-0.076,-1.625,-0.076,115.446,1.549,2.0,1.549,2,-0.851,-0.8505,-0.851,-0.8505
2,2022,2022141,14.0,840,Red Bull Racing,113.898,,-1.157,,-1.157,,115.135,-,-,-,,-,-1.272625,-,-1.272625
2,2022,2022141,15.0,841,Red Bull Racing,,,,,,,114.614,-,-,-,,-,-1.69475,-,-1.69475
2,2022,2022141,16.0,842,Red Bull Racing,,111.556,,-2.313,,-2.313,114.108,-,-,-,,-,-2.116875,-,-2.116875
2,2022,2022141,17.0,843,Red Bull Racing,110.747,111.689,-3.01,-2.068,-3.01,-2.068,113.827,0.942,2.0,0.942,2,-2.539,-2.5389999999999997,-2.539,-2.5389999999999997
2,2022,2022141,18.0,844,Red Bull Racing,111.048,112.249,-3.087,-1.886,-3.087,-1.886,114.23,1.201,2.0,1.201,2,-2.486,-2.4865,-2.486,-2.4865
2,2022,2022141,19.0,845,Red Bull Racing,111.913,112.557,-2.553,-1.909,-2.553,-1.909,114.611,0.644,2.0,0.644,2,-2.231,-2.231,-2.231,-2.231
2,2022,2022141,20.0,846,Red Bull Racing,112.208,113.665,-2.445,-0.988,-2.609,-1.972,114.82,1.457,2.0,0.637,2,-1.716,-1.7165,-2.290,-2.2904999999999998
2,2022,2022141,21.0,847,Red Bull Racing,112.175,112.805,-2.541,-1.911,-2.541,-1.911,114.78,0.630,2.0,0.630,2,-2.226,-2.226,-2.226,-2.226
2,2022,2022141,22.0,848,Red Bull Racing,112.382,113.123,-2.277,-1.536,-2.435,-1.536,114.71,0.741,2.0,0.899,2,-1.907,-1.9065,-1.986,-1.9855
2,2022,2022141,23.0,849,Red Bull Racing,112.273,113.383,-2.379,-1.269,-2.379,-1.269,114.652,1.110,2.0,1.110,2,-1.824,-1.8239999999999998,-1.824,-1.8239999999999998
2,2022,2022141,24.0,850,Red Bull Racing,112.467,113.474,-2.245,-1.238,-2.245,-1.238,114.781,1.007,2.0,1.007,2,-1.742,-1.7415,-1.742,-1.7415
2,2022,2022141,25.0,851,Red Bull Racing,112.555,113.351,-2.376,-1.58,-2.376,-1.58,114.965,0.796,2.0,0.796,2,-1.978,-1.978,-1.978,-1.978
2,2022,2022141,26.0,852,Red Bull Racing,112.526,113.73,-2.364,-1.16,-2.364,-1.16,114.986,1.204,2.0,1.204,2,-1.762,-1.762,-1.762,-1.762
2,2022,2022141,27.0,853,Red Bull Racing,112.869,,-1.328,,-1.579,,114.215,-,-,-,,-,-1.823,-,-1.823
2,2022,2022141,28.0,854,Red Bull Racing,112.71,,-1.138,,-1.138,,113.908,-,-,-,,-,-1.884,-,-1.884
2,2022,2022141,29.0,855,Red Bull Racing,112.762,110.764,-0.946,-2.944,-0.946,-2.944,113.964,-1.998,5.0,-1.998,5,-1.945,-1.9449999999999998,-1.945,-1.9449999999999998
2,2022,2022141,30.0,856,Red Bull Racing,,111.225,,-2.387,,-2.387,113.689,-,-,-,,-,-2.0666666666666664,-,-2.0666666666666664
2,2022,2022141,31.0,857,Red Bull Racing,,111.285,,-2.0,,-2.0,113.473,-,-,-,,-,-2.1883333333333335,-,-2.1883333333333335
2,2022,2022141,32.0,858,Red Bull Racing,109.354,111.66,-3.463,-1.157,-3.463,-1.157,112.817,2.306,2.0,2.306,2,-2.310,-2.31,-2.310,-2.31
2,2022,2022141,33.0,859,Red Bull Racing,111.144,111.885,-1.808,-1.067,-2.758,-1.067,113.026,0.741,2.0,1.691,2,-1.438,-1.4375,-1.913,-1.9125
2,2022,2022141,34.0,860,Red Bull Racing,111.034,112.147,-1.914,-0.801,-1.914,-1.029,113.072,1.113,2.0,0.885,2,-1.357,-1.3575,-1.471,-1.4714999999999998
2,2022,2022141,35.0,861,Red Bull Racing,111.469,111.953,-1.634,-1.15,-1.634,-1.15,113.219,0.484,2.0,0.484,2,-1.392,-1.392,-1.392,-1.392
2,2022,2022141,36.0,862,Red Bull Racing,111.551,112.531,-1.567,-0.587,-1.567,-0.966,113.201,0.980,2.0,0.601,2,-1.077,-1.077,-1.266,-1.2665
2,2022,2022141,37.0,863,Red Bull Racing,111.587,112.35,-1.646,-0.883,-1.646,-0.883,113.257,0.763,2.0,0.763,2,-1.264,-1.2645,-1.264,-1.2645
2,2022,2022141,38.0,864,Red Bull Racing,111.513,112.412,-1.775,-0.876,-1.775,-0.876,113.355,0.899,2.0,0.899,2,-1.325,-1.3255,-1.325,-1.3255
2,2022,2022141,39.0,865,Red Bull Racing,112.26,112.549,-1.005,-0.716,-1.564,-0.716,113.353,0.289,2.0,0.848,2,-0.860,-0.8604999999999999,-1.140,-1.1400000000000001
2,2022,2022141,40.0,866,Red Bull Racing,111.889,112.271,-1.399,-1.017,-1.399,-1.017,113.288,0.382,2.0,0.382,2,-1.208,-1.208,-1.208,-1.208
2,2022,2022141,41.0,867,Red Bull Racing,112.165,112.452,-1.3,-1.013,-1.3,-1.013,113.51,0.287,2.0,0.287,2,-1.156,-1.1564999999999999,-1.156,-1.1564999999999999
2,2022,2022141,42.0,868,Red Bull Racing,112.157,113.04,-1.533,-0.65,-1.533,-1.129,113.962,0.883,2.0,0.404,2,-1.091,-1.0915,-1.331,-1.331
2,2022,2022141,43.0,869,Red Bull Racing,112.731,112.671,-1.222,-1.282,-1.222,-1.282,113.968,-0.060,5.0,-0.060,5,-1.252,-1.252,-1.252,-1.252
2,2022,2022141,44.0,870,Red Bull Racing,113.149,112.843,-0.412,-0.718,-0.412,-0.718,113.561,-0.306,5.0,-0.306,5,-0.565,-0.565,-0.565,-0.565
2,2022,2022151,1.0,871,Red Bull Racing,,,,,,,,-,-,-,,-,,-,
2,2022,2022151,2.0,872,Red Bull Racing,,,,,,,,-,-,-,,-,,-,
2,2022,2022151,3.0,873,Red Bull Racing,76.523,77.127,-1.33,-0.726,-1.33,-0.726,77.853,0.604,2.0,0.604,2,-1.028,-1.028,-1.028,-1.028
2,2022,2022151,4.0,874,Red Bull Racing,76.656,76.901,-0.972,-0.727,-0.972,-0.727,77.717,0.245,2.0,0.245,2,-0.849,-0.8494999999999999,-0.849,-0.8494999999999999
2,2022,2022151,5.0,875,Red Bull Racing,76.449,76.873,-1.092,-0.668,-1.092,-0.668,77.562,0.424,2.0,0.424,2,-0.880,-0.8800000000000001,-0.880,-0.8800000000000001
2,2022,2022151,6.0,876,Red Bull Racing,76.35,76.796,-1.243,-0.797,-1.243,-0.797,77.65,0.446,2.0,0.446,2,-1.020,-1.02,-1.020,-1.02
2,2022,2022151,7.0,877,Red Bull Racing,76.253,77.028,-1.365,-0.59,-1.365,-0.786,77.676,0.775,2.0,0.579,2,-0.978,-0.9775,-1.075,-1.0755
2,2022,2022151,8.0,878,Red Bull Racing,76.486,76.868,-1.262,-0.88,-1.262,-0.88,77.83,0.382,2.0,0.382,2,-1.071,-1.071,-1.071,-1.071
2,2022,2022151,9.0,879,Red Bull Racing,76.51,77.147,-1.356,-0.719,-1.356,-0.719,77.913,0.637,2.0,0.637,2,-1.038,-1.0375,-1.038,-1.0375
2,2022,2022151,10.0,880,Red Bull Racing,76.636,77.452,-1.334,-0.518,-1.334,-0.518,77.97,0.816,2.0,0.816,2,-0.926,-0.926,-0.926,-0.926
2,2022,2022151,11.0,881,Red Bull Racing,76.671,77.563,-1.281,-0.389,-1.281,-0.389,78.043,0.892,2.0,0.892,2,-0.835,-0.835,-0.835,-0.835
2,2022,2022151,12.0,882,Red Bull Racing,76.698,77.521,-1.239,-0.416,-1.239,-0.416,78.1,0.823,2.0,0.823,2,-0.828,-0.8275,-0.828,-0.8275
2,2022,2022151,13.0,883,Red Bull Racing,76.521,77.499,-1.032,-0.054,-1.032,-0.054,77.584,0.978,2.0,0.978,2,-0.543,-0.543,-0.543,-0.543
2,2022,2022151,14.0,884,Red Bull Racing,76.461,,-0.98,,-0.98,,77.544,-,-,-,,-,-0.672,-,-0.672
2,2022,2022151,15.0,885,Red Bull Racing,76.519,,-1.037,,-1.037,,77.596,-,-,-,,-,-0.8009999999999999,-,-0.8009999999999999
2,2022,2022151,16.0,886,Red Bull Racing,76.537,76.419,-0.871,-0.989,-0.871,-0.989,77.42,-0.118,5.0,-0.118,5,-0.930,-0.9299999999999999,-0.930,-0.9299999999999999
2,2022,2022151,17.0,887,Red Bull Racing,76.492,76.497,-0.908,-0.903,-0.908,-0.903,77.456,0.005,2.0,0.005,2,-0.905,-0.9055,-0.905,-0.9055
2,2022,2022151,18.0,888,Red Bull Racing,,76.417,,-1.093,,-1.093,77.527,-,-,-,,-,-1.0206666666666666,-,-1.0206666666666666
2,2022,2022151,19.0,889,Red Bull Racing,,76.138,,-1.132,,-1.132,77.401,-,-,-,,-,-1.1358333333333333,-,-1.1358333333333333
2,2022,2022151,20.0,890,Red Bull Racing,75.904,76.22,-1.409,-1.093,-1.409,-1.093,77.355,0.316,2.0,0.316,2,-1.251,-1.251,-1.251,-1.251
2,2022,2022151,21.0,891,Red Bull Racing,76.259,76.026,-0.865,-1.098,-1.174,-1.098,77.14,-0.233,5.0,0.076,2,-0.982,-0.9815,-1.136,-1.1360000000000001
2,2022,2022151,22.0,892,Red Bull Racing,75.996,76.405,-1.174,-0.765,-1.174,-1.037,77.266,0.409,2.0,0.137,2,-0.970,-0.9695,-1.105,-1.1055
2,2022,2022151,23.0,893,Red Bull Racing,76.164,76.24,-1.041,-0.965,-1.041,-0.965,77.205,0.076,2.0,0.076,2,-1.003,-1.003,-1.003,-1.003
2,2022,2022151,24.0,894,Red Bull Racing,76.224,76.569,-0.962,-0.617,-0.962,-0.883,77.21,0.345,2.0,0.079,2,-0.789,-0.7895,-0.922,-0.9225
2,2022,2022151,25.0,895,Red Bull Racing,76.102,76.366,-1.071,-0.807,-1.071,-0.807,77.179,0.264,2.0,0.264,2,-0.939,-0.9390000000000001,-0.939,-0.9390000000000001
2,2022,2022151,26.0,896,Red Bull Racing,76.083,76.192,-1.044,-0.935,-1.044,-0.935,77.185,0.109,2.0,0.109,2,-0.990,-0.9895,-0.990,-0.9895
2,2022,2022151,27.0,897,Red Bull Racing,75.725,76.299,-1.422,-0.848,-1.422,-0.848,77.201,0.574,2.0,0.574,2,-1.135,-1.135,-1.135,-1.135
2,2022,2022151,28.0,898,Red Bull Racing,76.051,76.251,-1.124,-0.924,-1.124,-0.924,77.257,0.200,2.0,0.200,2,-1.024,-1.024,-1.024,-1.024
2,2022,2022151,29.0,899,Red Bull Racing,76.127,76.394,-1.06,-0.793,-1.06,-0.793,77.247,0.267,2.0,0.267,2,-0.927,-0.9265000000000001,-0.927,-0.9265000000000001
2,2022,2022151,30.0,900,Red Bull Racing,76.359,76.585,-0.82,-0.594,-0.82,-0.594,77.202,0.226,2.0,0.226,2,-0.707,-0.707,-0.707,-0.707
2,2022,2022151,31.0,901,Red Bull Racing,76.553,76.805,-0.672,-0.42,-0.672,-0.42,77.458,0.252,2.0,0.252,2,-0.546,-0.546,-0.546,-0.546
2,2022,2022151,32.0,902,Red Bull Racing,76.327,76.921,-0.895,-0.301,-0.895,-0.301,77.232,0.594,2.0,0.594,2,-0.598,-0.598,-0.598,-0.598
2,2022,2022151,33.0,903,Red Bull Racing,76.269,76.651,-0.734,-0.352,-0.734,-0.352,77.02,0.382,2.0,0.382,2,-0.543,-0.5429999999999999,-0.543,-0.5429999999999999
2,2022,2022151,34.0,904,Red Bull Racing,76.279,76.669,-0.591,-0.201,-0.591,-0.201,77.111,0.390,2.0,0.390,2,-0.396,-0.396,-0.396,-0.396
2,2022,2022151,35.0,905,Red Bull Racing,76.334,76.871,-0.701,-0.164,-0.701,-0.164,77.101,0.537,2.0,0.537,2,-0.432,-0.4325,-0.432,-0.4325
2,2022,2022151,36.0,906,Red Bull Racing,76.096,77.613,-1.239,0.278,-1.239,0.278,77.364,1.517,2.0,1.517,2,-0.481,-0.48050000000000004,-0.481,-0.48050000000000004
2,2022,2022151,37.0,907,Red Bull Racing,76.102,79.807,-1.137,2.568,-1.137,-0.002,77.426,3.705,2.0,1.135,2,0.716,0.7155,-0.570,-0.5695
2,2022,2022151,38.0,908,Red Bull Racing,76.119,76.862,-0.798,-0.055,-0.798,-0.055,76.927,0.743,2.0,0.743,2,-0.427,-0.42650000000000005,-0.427,-0.42650000000000005
2,2022,2022151,39.0,909,Red Bull Racing,76.035,77.718,-0.778,0.905,-0.778,0.905,76.859,1.683,2.0,1.683,2,0.064,0.0635,0.064,0.0635
2,2022,2022151,40.0,910,Red Bull Racing,75.84,,-0.851,,-0.851,,76.827,-,-,-,,-,-0.30599999999999994,-,-0.30599999999999994
2,2022,2022151,41.0,911,Red Bull Racing,76.097,,-0.652,,-0.859,,76.864,-,-,-,,-,-0.6754999999999999,-,-0.6754999999999999
2,2022,2022151,42.0,912,Red Bull Racing,75.94,74.93,-0.54,-1.55,-0.54,-1.55,76.502,-1.010,5.0,-1.010,5,-1.045,-1.045,-1.045,-1.045
2,2022,2022151,43.0,913,Red Bull Racing,76.578,76.586,0.098,0.106,-0.682,-1.15,76.658,0.008,2.0,-0.468,5,0.102,0.10200000000000001,-0.916,-0.9159999999999999
2,2022,2022151,44.0,914,Red Bull Racing,75.656,75.729,-0.939,-0.866,-0.939,-0.866,76.939,0.073,2.0,0.073,2,-0.902,-0.9025,-0.902,-0.9025
2,2022,2022151,45.0,915,Red Bull Racing,77.222,75.111,0.665,-1.446,-0.93,-1.446,76.646,-2.111,5.0,-0.516,5,-0.390,-0.39049999999999996,-1.188,-1.188
2,2022,2022151,46.0,916,Red Bull Racing,75.599,75.096,-0.306,-0.809,-0.306,-0.809,75.905,-0.503,5.0,-0.503,5,-0.557,-0.5575,-0.557,-0.5575
2,2022,2022151,47.0,917,Red Bull Racing,75.756,,0.475,,0.475,,75.281,-,-,-,,-,-0.6288,-,-0.6288
2,2022,2022151,48.0,918,Red Bull Racing,,,,,,,,-,-,-,,-,-0.7001,-,-0.7001
2,2022,2022151,49.0,919,Red Bull Racing,,,,,,,76.497,-,-,-,,-,-0.7714,-,-0.7714
2,2022,2022151,50.0,920,Red Bull Racing,,75.777,,-0.43,,-0.43,76.207,-,-,-,,-,,-,
2,2022,2022151,51.0,921,Red Bull Racing,74.454,74.908,-1.141,-0.687,-1.141,-0.687,75.714,0.454,2.0,0.454,2,-0.914,-0.914,-0.914,-0.914
2,2022,2022151,52.0,922,Red Bull Racing,74.649,75.118,-1.017,-0.548,-1.216,-0.548,75.833,0.469,2.0,0.668,2,-0.782,-0.7825,-0.882,-0.882
2,2022,2022151,53.0,923,Red Bull Racing,74.445,75.121,-1.285,-0.609,-1.285,-0.609,75.942,0.676,2.0,0.676,2,-0.947,-0.947,-0.947,-0.947
2,2022,2022151,54.0,924,Red Bull Racing,74.54,75.606,-1.016,0.05,-1.016,-0.442,75.585,1.066,2.0,0.574,2,-0.483,-0.483,-0.729,-0.729
2,2022,2022151,55.0,925,Red Bull Racing,74.843,75.107,-0.275,-0.011,-0.275,-0.011,75.118,0.264,2.0,0.264,2,-0.143,-0.14300000000000002,-0.143,-0.14300000000000002
2,2022,2022151,56.0,926,Red Bull Racing,,,,,,,,-,-,-,,-,-0.29992857142857143,-,-0.29992857142857143
2,2022,2022151,57.0,927,Red Bull Racing,,,,,,,,-,-,-,,-,-0.4568571428571429,-,-0.4568571428571429
2,2022,2022151,58.0,928,Red Bull Racing,,,,,,,,-,-,-,,-,-0.6137857142857144,-,-0.6137857142857144
2,2022,2022151,59.0,929,Red Bull Racing,,,,,,,,-,-,-,,-,,-,
2,2022,2022151,60.0,930,Red Bull Racing,,,,,,,,-,-,-,,-,,-,
2,2022,2022151,61.0,931,Red Bull Racing,,,,,,,78.456,-,-,-,,-,,-,
2,2022,2022151,62.0,932,Red Bull Racing,73.652,74.841,-1.836,-0.647,-1.836,-0.647,75.488,1.189,2.0,1.189,2,-1.242,-1.2415,-1.242,-1.2415
2,2022,2022151,63.0,933,Red Bull Racing,73.78,74.404,-1.356,-0.732,-1.356,-0.732,75.136,0.624,2.0,0.624,2,-1.044,-1.044,-1.044,-1.044
2,2022,2022151,64.0,934,Red Bull Racing,73.891,74.992,-1.335,-0.234,-1.335,-0.234,75.329,1.101,2.0,1.101,2,-0.784,-0.7845,-0.784,-0.7845
2,2022,2022151,65.0,935,Red Bull Racing,73.929,75.028,-1.37,-0.271,-1.37,-0.271,75.315,1.099,2.0,1.099,2,-0.821,-0.8205,-0.821,-0.8205
2,2022,2022151,66.0,936,Red Bull Racing,73.96,75.198,-1.386,-0.148,-1.386,-0.148,75.409,1.238,2.0,1.238,2,-0.767,-0.7669999999999999,-0.767,-0.7669999999999999
2,2022,2022151,67.0,937,Red Bull Racing,73.968,75.436,-1.509,-0.041,-1.509,-0.041,75.586,1.468,2.0,1.468,2,-0.775,-0.7749999999999999,-0.775,-0.7749999999999999
2,2022,2022151,68.0,938,Red Bull Racing,73.948,75.9,-1.642,0.31,-1.642,0.31,75.623,1.952,2.0,1.952,2,-0.666,-0.6659999999999999,-0.666,-0.6659999999999999
2,2022,2022151,69.0,939,Red Bull Racing,74.027,75.126,-1.58,-0.481,-1.58,-0.481,75.64,1.099,2.0,1.099,2,-1.030,-1.0305,-1.030,-1.0305
2,2022,2022151,70.0,940,Red Bull Racing,74.23,76.759,-1.458,1.071,-1.458,-0.423,75.911,2.529,2.0,1.035,2,-0.194,-0.1935,-0.941,-0.9405
2,2022,2022151,71.0,941,Red Bull Racing,74.352,75.403,-1.502,-0.451,-1.502,-0.451,75.984,1.051,2.0,1.051,2,-0.977,-0.9765,-0.977,-0.9765
2,2022,2022151,72.0,942,Red Bull Racing,75.061,75.349,-0.802,-0.514,-0.802,-0.514,75.863,0.288,2.0,0.288,2,-0.658,-0.658,-0.658,-0.658
2,2022,2022161,1.0,943,Red Bull Racing,,,,,,,,-,-,-,,-,,-,
2,2022,2022161,2.0,944,Red Bull Racing,,,,,,,,-,-,-,,-,,-,
2,2022,2022161,3.0,945,Red Bull Racing,86.181,87.557,-1.806,-0.43,-1.806,-0.43,87.987,1.376,2.0,1.376,2,-1.118,-1.118,-1.118,-1.118
2,2022,2022161,4.0,946,Red Bull Racing,85.782,87.263,-1.622,-0.141,-1.622,-0.141,87.456,1.481,2.0,1.481,2,-0.882,-0.8815000000000001,-0.882,-0.8815000000000001
2,2022,2022161,5.0,947,Red Bull Racing,85.512,87.266,-1.774,-0.02,-1.774,-0.02,87.353,1.754,2.0,1.754,2,-0.897,-0.897,-0.897,-0.897
2,2022,2022161,6.0,948,Red Bull Racing,85.66,87.535,-1.607,0.268,-1.607,0.268,87.309,1.875,2.0,1.875,2,-0.669,-0.6695,-0.669,-0.6695
2,2022,2022161,7.0,949,Red Bull Racing,85.297,,-1.936,,-1.936,,87.253,-,-,-,,-,-0.732,-,-0.732
2,2022,2022161,8.0,950,Red Bull Racing,85.618,,-1.731,,-1.731,,87.419,-,-,-,,-,-0.7945,-,-0.7945
2,2022,2022161,9.0,951,Red Bull Racing,85.886,87.176,-1.502,-0.212,-1.502,-0.212,87.533,1.290,2.0,1.290,2,-0.857,-0.857,-0.857,-0.857
2,2022,2022161,10.0,952,Red Bull Racing,85.953,86.794,-1.454,-0.613,-1.454,-0.613,87.458,0.841,2.0,0.841,2,-1.034,-1.0335,-1.034,-1.0335
2,2022,2022161,11.0,953,Red Bull Racing,85.858,,-1.727,,-1.727,,87.585,-,-,-,,-,-1.13625,-,-1.13625
2,2022,2022161,12.0,954,Red Bull Racing,,,,,,,,-,-,-,,-,-1.239,-,-1.239
2,2022,2022161,13.0,955,Red Bull Racing,,86.068,,-1.688,,-1.688,87.756,-,-,-,,-,-1.3417500000000002,-,-1.3417500000000002
2,2022,2022161,14.0,956,Red Bull Racing,85.615,86.154,-1.714,-1.175,-1.714,-1.175,87.364,0.539,2.0,0.539,2,-1.445,-1.4445000000000001,-1.445,-1.4445000000000001
2,2022,2022161,15.0,957,Red Bull Racing,85.794,86.102,-1.504,-1.196,-1.504,-1.196,87.374,0.308,2.0,0.308,2,-1.350,-1.35,-1.350,-1.35
2,2022,2022161,16.0,958,Red Bull Racing,85.903,86.205,-1.356,-1.054,-1.356,-1.054,87.286,0.302,2.0,0.302,2,-1.205,-1.205,-1.205,-1.205
2,2022,2022161,17.0,959,Red Bull Racing,85.87,85.969,-1.325,-1.226,-1.325,-1.226,87.195,0.099,2.0,0.099,2,-1.276,-1.2755,-1.276,-1.2755
2,2022,2022161,18.0,960,Red Bull Racing,85.985,86.902,-1.145,-0.228,-1.145,-0.988,87.307,0.917,2.0,0.157,2,-0.686,-0.6865,-1.067,-1.0665
2,2022,2022161,19.0,961,Red Bull Racing,85.799,86.315,-1.064,-0.548,-1.064,-0.548,86.899,0.516,2.0,0.516,2,-0.806,-0.806,-0.806,-0.806
2,2022,2022161,20.0,962,Red Bull Racing,85.75,86.346,-1.332,-0.736,-1.332,-0.736,87.2,0.596,2.0,0.596,2,-1.034,-1.034,-1.034,-1.034
2,2022,2022161,21.0,963,Red Bull Racing,85.79,87.185,-1.329,0.066,-1.329,-0.571,87.169,1.395,2.0,0.758,2,-0.631,-0.6315,-0.950,-0.95
2,2022,2022161,22.0,964,Red Bull Racing,85.901,86.75,-1.163,-0.314,-1.163,-0.314,87.153,0.849,2.0,0.849,2,-0.739,-0.7385,-0.739,-0.7385
2,2022,2022161,23.0,965,Red Bull Racing,85.719,87.262,-1.323,0.22,-1.323,-0.296,87.089,1.543,2.0,1.027,2,-0.551,-0.5515,-0.809,-0.8095
2,2022,2022161,24.0,966,Red Bull Racing,85.8,86.742,-1.219,-0.277,-1.219,-0.277,87.206,0.942,2.0,0.942,2,-0.748,-0.748,-0.748,-0.748
2,2022,2022161,25.0,967,Red Bull Racing,,86.109,,-0.819,,-0.819,86.928,-,-,-,,-,-0.911,-,-0.911
2,2022,2022161,26.0,968,Red Bull Racing,,86.255,,-0.734,,-0.734,87.024,-,-,-,,-,-1.074,-,-1.074
2,2022,2022161,27.0,969,Red Bull Racing,85.012,86.13,-1.796,-0.678,-1.796,-0.678,86.939,1.118,2.0,1.118,2,-1.237,-1.237,-1.237,-1.237
2,2022,2022161,28.0,970,Red Bull Racing,85.19,86.084,-1.629,-0.735,-1.629,-0.735,86.827,0.894,2.0,0.894,2,-1.182,-1.182,-1.182,-1.182
2,2022,2022161,29.0,971,Red Bull Racing,84.829,86.096,-2.006,-0.739,-2.006,-0.739,86.9,1.267,2.0,1.267,2,-1.372,-1.3724999999999998,-1.372,-1.3724999999999998
2,2022,2022161,30.0,972,Red Bull Racing,84.798,86.19,-2.031,-0.639,-2.031,-0.639,86.829,1.392,2.0,1.392,2,-1.335,-1.335,-1.335,-1.335
2,2022,2022161,31.0,973,Red Bull Racing,85.071,86.351,-1.768,-0.488,-1.981,-0.488,86.999,1.280,2.0,1.493,2,-1.128,-1.1280000000000001,-1.235,-1.2345000000000002
2,2022,2022161,32.0,974,Red Bull Racing,84.918,85.985,-1.858,-0.791,-1.858,-0.791,86.812,1.067,2.0,1.067,2,-1.325,-1.3245,-1.325,-1.3245
2,2022,2022161,33.0,975,Red Bull Racing,85.095,87.146,-1.611,0.44,-1.611,-0.627,86.811,2.051,2.0,0.984,2,-0.586,-0.5855,-1.119,-1.119
2,2022,2022161,34.0,976,Red Bull Racing,84.857,86.172,-1.853,-0.538,-1.853,-0.538,86.742,1.315,2.0,1.315,2,-1.196,-1.1955,-1.196,-1.1955
2,2022,2022161,35.0,977,Red Bull Racing,84.831,86.025,-1.655,-0.461,-1.655,-0.461,86.486,1.194,2.0,1.194,2,-1.058,-1.058,-1.058,-1.058
2,2022,2022161,36.0,978,Red Bull Racing,84.919,86.165,-1.647,-0.401,-1.647,-0.401,86.764,1.246,2.0,1.246,2,-1.024,-1.024,-1.024,-1.024
2,2022,2022161,37.0,979,Red Bull Racing,84.829,85.933,-1.516,-0.412,-1.516,-0.412,86.504,1.104,2.0,1.104,2,-0.964,-0.964,-0.964,-0.964
2,2022,2022161,38.0,980,Red Bull Racing,84.745,85.868,-1.4,-0.277,-1.4,-0.277,86.191,1.123,2.0,1.123,2,-0.839,-0.8385,-0.839,-0.8385
2,2022,2022161,39.0,981,Red Bull Racing,84.815,85.57,-1.261,-0.506,-1.261,-0.506,86.101,0.755,2.0,0.755,2,-0.883,-0.8835,-0.883,-0.8835
2,2022,2022161,40.0,982,Red Bull Racing,84.905,85.572,-1.179,-0.512,-1.179,-0.512,86.14,0.667,2.0,0.667,2,-0.846,-0.8455,-0.846,-0.8455
2,2022,2022161,41.0,983,Red Bull Racing,85.078,85.7,-0.973,-0.351,-0.973,-0.351,86.142,0.622,2.0,0.622,2,-0.662,-0.6619999999999999,-0.662,-0.6619999999999999
2,2022,2022161,42.0,984,Red Bull Racing,84.926,,-1.272,,-1.272,,86.232,-,-,-,,-,-0.8941666666666667,-,-0.8941666666666667
2,2022,2022161,43.0,985,Red Bull Racing,85.01,,-1.066,,-1.066,,86.19,-,-,-,,-,-1.1263333333333334,-,-1.1263333333333334
2,2022,2022161,44.0,986,Red Bull Racing,85.122,84.457,-1.026,-1.691,-1.026,-1.691,86.262,-0.665,5.0,-0.665,5,-1.359,-1.3585,-1.359,-1.3585
2,2022,2022161,45.0,987,Red Bull Racing,84.824,84.566,-1.327,-1.585,-1.327,-1.585,86.264,-0.258,5.0,-0.258,5,-1.456,-1.456,-1.456,-1.456
2,2022,2022161,46.0,988,Red Bull Racing,85.257,84.03,-0.756,-1.983,-1.226,-1.983,86.045,-1.227,5.0,-0.757,5,-1.369,-1.3695,-1.605,-1.6045
2,2022,2022161,47.0,989,Red Bull Racing,84.75,,-0.287,,-0.287,,85.038,-,-,-,,-,,-,
2,2022,2022161,48.0,990,Red Bull Racing,,,,,,,,-,-,-,,-,,-,
2,2022,2022161,49.0,991,Red Bull Racing,,,,,,,,-,-,-,,-,,-,
2,2022,2022161,50.0,992,Red Bull Racing,,,,,,,,-,-,-,,-,,-,
2,2022,2022161,51.0,993,Red Bull Racing,,,,,,,,-,-,-,,-,,-,
2,2022,2022161,52.0,994,Red Bull Racing,,,,,,,,-,-,-,,-,,-,
2,2022,2022161,53.0,995,Red Bull Racing,,,,,,,,-,-,-,,-,,-,
2,2022,2022171,1.0,996,Red Bull Racing,,,,,,,,-,-,-,,-,,-,
2,2022,2022171,2.0,997,Red Bull Racing,,,,,,,,-,-,-,,-,,-,
2,2022,2022171,3.0,998,Red Bull Racing,123.369,120.875,-1.316,-3.81,-1.316,-3.81,124.685,-2.494,5.0,-2.494,5,-2.563,-2.563,-2.563,-2.563
2,2022,2022171,4.0,999,Red Bull Racing,123.238,120.31,-0.581,-3.509,-0.581,-3.509,123.819,-2.928,5.0,-2.928,5,-2.045,-2.045,-2.045,-2.045
2,2022,2022171,5.0,1000,Red Bull Racing,122.703,120.267,-0.711,-3.147,-0.711,-3.147,123.414,-2.436,5.0,-2.436,5,-1.929,-1.9289999999999998,-1.929,-1.9289999999999998
2,2022,2022171,6.0,1001,Red Bull Racing,123.027,120.094,-0.25,-3.183,-0.25,-3.183,123.31,-2.933,5.0,-2.933,5,-1.716,-1.7165,-1.716,-1.7165
2,2022,2022171,7.0,1002,Red Bull Racing,123.289,120.714,0.015,-2.56,0.015,-2.56,123.274,-2.575,5.0,-2.575,5,-1.272,-1.2725,-1.272,-1.2725
2,2022,2022171,8.0,1003,Red Bull Racing,,,,,,,,-,-,-,,-,-1.3588,-,-1.3588
2,2022,2022171,9.0,1004,Red Bull Racing,,,,,,,,-,-,-,,-,-1.4451,-,-1.4451
2,2022,2022171,10.0,1005,Red Bull Racing,,,,,,,,-,-,-,,-,-1.5314,-,-1.5314
2,2022,2022171,11.0,1006,Red Bull Racing,,,,,,,,-,-,-,,-,,-,
2,2022,2022171,12.0,1007,Red Bull Racing,120.967,119.473,-0.957,-2.451,-0.957,-2.451,121.924,-1.494,5.0,-1.494,5,-1.704,-1.704,-1.704,-1.704
2,2022,2022171,13.0,1008,Red Bull Racing,121.842,119.434,-0.151,-2.559,-0.731,-2.559,122.036,-2.408,5.0,-1.828,5,-1.355,-1.355,-1.645,-1.645
2,2022,2022171,14.0,1009,Red Bull Racing,121.558,119.429,-0.465,-2.594,-0.465,-2.594,122.126,-2.129,5.0,-2.129,5,-1.529,-1.5294999999999999,-1.529,-1.5294999999999999
2,2022,2022171,15.0,1010,Red Bull Racing,121.407,119.018,-0.373,-2.762,-0.373,-2.762,121.78,-2.389,5.0,-2.389,5,-1.567,-1.5675,-1.567,-1.5675
2,2022,2022171,16.0,1011,Red Bull Racing,121.138,119.358,-0.551,-2.331,-0.551,-2.331,121.689,-1.780,5.0,-1.780,5,-1.441,-1.441,-1.441,-1.441
2,2022,2022171,17.0,1012,Red Bull Racing,120.909,119.238,-0.722,-2.393,-0.722,-2.393,121.642,-1.671,5.0,-1.671,5,-1.557,-1.5574999999999999,-1.557,-1.5574999999999999
2,2022,2022171,18.0,1013,Red Bull Racing,120.807,118.905,-0.568,-2.47,-0.568,-2.47,121.375,-1.902,5.0,-1.902,5,-1.519,-1.5190000000000001,-1.519,-1.5190000000000001
2,2022,2022171,19.0,1014,Red Bull Racing,120.52,118.717,-0.589,-2.392,-0.589,-2.392,121.131,-1.803,5.0,-1.803,5,-1.490,-1.4905,-1.490,-1.4905
2,2022,2022171,20.0,1015,Red Bull Racing,120.559,118.519,-0.527,-2.567,-0.527,-2.567,121.086,-2.040,5.0,-2.040,5,-1.547,-1.5470000000000002,-1.547,-1.5470000000000002
2,2022,2022171,21.0,1016,Red Bull Racing,,118.78,,-0.333,,-0.333,119.113,-,-,-,,-,-1.598,-,-1.598
2,2022,2022171,22.0,1017,Red Bull Racing,,,,,,,,-,-,-,,-,-1.649,-,-1.649
2,2022,2022171,23.0,1018,Red Bull Racing,118.377,,-3.0,,-3.0,,121.377,-,-,-,,-,-1.7,-,-1.7
2,2022,2022171,24.0,1019,Red Bull Racing,118.784,118.332,-1.525,-1.977,-1.525,-1.977,120.309,-0.452,5.0,-0.452,5,-1.751,-1.751,-1.751,-1.751
2,2022,2022171,25.0,1020,Red Bull Racing,119.689,118.161,-0.241,-1.769,-0.241,-1.769,119.93,-1.528,5.0,-1.528,5,-1.005,-1.005,-1.005,-1.005
2,2022,2022171,26.0,1021,Red Bull Racing,,,,,,,,-,-,-,,-,-0.8999999999999999,-,-0.8999999999999999
2,2022,2022171,27.0,1022,Red Bull Racing,,,,,,,120.16,-,-,-,,-,-0.7949999999999999,-,-0.7949999999999999
2,2022,2022171,28.0,1023,Red Bull Racing,,,,,,,,-,-,-,,-,-0.69,-,-0.69
2,2022,2022171,29.0,1024,Red Bull Racing,,,,,,,,-,-,-,,-,,-,
2,2022,2022171,30.0,1025,Red Bull Racing,,,,,,,120.006,-,-,-,,-,,-,
2,2022,2022171,31.0,1026,Red Bull Racing,119.035,117.451,0.417,-1.167,0.417,-1.167,118.618,-1.584,5.0,-1.584,5,-0.375,-0.375,-0.375,-0.375
2,2022,2022171,32.0,1027,Red Bull Racing,118.925,117.603,0.468,-0.854,0.468,-0.854,118.503,-1.322,5.0,-1.322,5,-0.193,-0.19299999999999998,-0.193,-0.19299999999999998
2,2022,2022171,33.0,1028,Red Bull Racing,119.987,116.945,0.182,-2.86,-0.478,-2.86,119.94,-3.042,5.0,-2.382,5,-1.339,-1.339,-1.669,-1.669
2,2022,2022171,34.0,1029,Red Bull Racing,119.73,116.267,1.83,-1.633,1.83,-1.633,117.9,-3.463,5.0,-3.463,5,0.099,0.09850000000000003,0.099,0.09850000000000003
2,2022,2022171,35.0,1030,Red Bull Racing,,,,,,,119.794,-,-,-,,-,-0.09412499999999996,-,-0.09412499999999996
2,2022,2022171,36.0,1031,Red Bull Racing,,,,,,,,-,-,-,,-,-0.28674999999999995,-,-0.28674999999999995
2,2022,2022171,37.0,1032,Red Bull Racing,,,,,,,,-,-,-,,-,-0.4793749999999999,-,-0.4793749999999999
2,2022,2022171,38.0,1033,Red Bull Racing,,,,,,,,-,-,-,,-,,-,
2,2022,2022171,39.0,1034,Red Bull Racing,,,,,,,,-,-,-,,-,,-,
2,2022,2022171,40.0,1035,Red Bull Racing,,,,,,,,-,-,-,,-,,-,
2,2022,2022171,41.0,1036,Red Bull Racing,,113.693,,-2.354,,-2.354,116.047,-,-,-,,-,,-,
2,2022,2022171,42.0,1037,Red Bull Racing,113.17,112.701,-1.208,-1.677,-1.208,-1.677,114.378,-0.469,5.0,-0.469,5,-1.442,-1.4425,-1.442,-1.4425
2,2022,2022171,43.0,1038,Red Bull Racing,111.37,111.903,-3.059,-2.526,-3.059,-2.526,114.535,0.533,2.0,0.533,2,-2.792,-2.7925,-2.792,-2.7925
2,2022,2022171,44.0,1039,Red Bull Racing,110.616,111.355,-3.242,-2.503,-3.242,-2.503,114.728,0.739,2.0,0.739,2,-2.873,-2.8725,-2.873,-2.8725
2,2022,2022171,45.0,1040,Red Bull Racing,110.049,110.538,-2.93,-2.441,-2.93,-2.441,113.638,0.489,2.0,0.489,2,-2.686,-2.6855,-2.686,-2.6855
2,2022,2022171,46.0,1041,Red Bull Racing,111.824,110.363,-0.862,-2.323,-1.934,-2.323,112.763,-1.461,5.0,-0.389,5,-1.593,-1.5925,-2.128,-2.1285
2,2022,2022171,47.0,1042,Red Bull Racing,111.455,110.501,-0.472,-1.426,-0.472,-1.426,112.032,-0.954,5.0,-0.954,5,-0.949,-0.949,-0.949,-0.949
2,2022,2022171,48.0,1043,Red Bull Racing,110.508,109.5,-1.176,-2.184,-1.176,-2.184,111.684,-1.008,5.0,-1.008,5,-1.680,-1.6800000000000002,-1.680,-1.6800000000000002
2,2022,2022171,49.0,1044,Red Bull Racing,109.944,109.189,-1.272,-2.027,-1.272,-2.027,111.941,-0.755,5.0,-0.755,5,-1.650,-1.6495000000000002,-1.650,-1.6495000000000002
2,2022,2022171,50.0,1045,Red Bull Racing,110.25,109.285,-0.723,-1.688,-0.723,-1.688,111.04,-0.965,5.0,-0.965,5,-1.206,-1.2055,-1.206,-1.2055
2,2022,2022171,51.0,1046,Red Bull Racing,109.846,109.565,-1.485,-1.766,-1.485,-1.766,111.586,-0.281,5.0,-0.281,5,-1.626,-1.6255000000000002,-1.626,-1.6255000000000002
2,2022,2022171,52.0,1047,Red Bull Racing,109.142,108.841,-1.633,-1.934,-1.633,-1.934,110.775,-0.301,5.0,-0.301,5,-1.784,-1.7835,-1.784,-1.7835
2,2022,2022171,53.0,1048,Red Bull Racing,109.979,108.578,-0.671,-2.072,-0.671,-2.072,110.711,-1.401,5.0,-1.401,5,-1.372,-1.3715000000000002,-1.372,-1.3715000000000002
2,2022,2022171,54.0,1049,Red Bull Racing,110.89,108.576,0.428,-1.886,-0.034,-1.886,110.495,-2.314,5.0,-1.852,5,-0.729,-0.729,-0.960,-0.96
2,2022,2022171,55.0,1050,Red Bull Racing,110.878,108.645,0.034,-2.199,0.034,-2.199,110.844,-2.233,5.0,-2.233,5,-1.083,-1.0825,-1.083,-1.0825
2,2022,2022171,56.0,1051,Red Bull Racing,110.652,108.251,-0.364,-2.765,-0.364,-2.765,111.016,-2.401,5.0,-2.401,5,-1.565,-1.5645,-1.565,-1.5645
2,2022,2022171,57.0,1052,Red Bull Racing,110.934,108.165,0.143,-2.626,0.143,-2.626,111.085,-2.769,5.0,-2.769,5,-1.242,-1.2415,-1.242,-1.2415
2,2022,2022171,58.0,1053,Red Bull Racing,110.597,109.009,-0.256,-1.844,-0.256,-1.844,111.232,-1.588,5.0,-1.588,5,-1.050,-1.05,-1.050,-1.05
2,2022,2022171,59.0,1054,Red Bull Racing,111.068,109.652,-0.469,-1.885,-0.469,-1.885,111.537,-1.416,5.0,-1.416,5,-1.177,-1.177,-1.177,-1.177
2,2022,2022181,1.0,1055,Red Bull Racing,,,,,,,,-,-,-,,-,,-,
2,2022,2022181,2.0,1056,Red Bull Racing,,,,,,,,-,-,-,,-,,-,
2,2022,2022181,3.0,1057,Red Bull Racing,,,,,,,,-,-,-,,-,,-,
2,2022,2022181,4.0,1058,Red Bull Racing,,,,,,,,-,-,-,,-,,-,
2,2022,2022181,5.0,1059,Red Bull Racing,,,,,,,,-,-,-,,-,,-,
2,2022,2022181,6.0,1060,Red Bull Racing,110.761,113.662,-5.779,-2.878,-5.779,-2.878,116.54,2.901,2.0,2.901,2,-4.329,-4.3285,-4.329,-4.3285
2,2022,2022181,7.0,1061,Red Bull Racing,,,,,,,112.411,-,-,-,,-,-3.6703333333333332,-,-3.6703333333333332
2,2022,2022181,8.0,1062,Red Bull Racing,,,,,,,110.918,-,-,-,,-,-3.0121666666666664,-,-3.0121666666666664
2,2022,2022181,9.0,1063,Red Bull Racing,105.148,107.73,-3.645,-1.063,-3.645,-1.063,109.068,2.582,2.0,2.582,2,-2.354,-2.354,-2.354,-2.354
2,2022,2022181,10.0,1064,Red Bull Racing,104.911,107.088,-3.323,-1.146,-3.323,-1.146,108.412,2.177,2.0,2.177,2,-2.234,-2.2344999999999997,-2.234,-2.2344999999999997
2,2022,2022181,11.0,1065,Red Bull Racing,105.011,106.12,-2.417,-1.308,-2.417,-1.308,107.87,1.109,2.0,1.109,2,-1.862,-1.8624999999999998,-1.862,-1.8624999999999998
2,2022,2022181,12.0,1066,Red Bull Racing,105.403,106.165,-2.366,-1.604,-2.366,-1.604,107.838,0.762,2.0,0.762,2,-1.985,-1.985,-1.985,-1.985
2,2022,2022181,13.0,1067,Red Bull Racing,105.802,107.12,-2.1,-0.782,-2.1,-0.782,107.902,1.318,2.0,1.318,2,-1.441,-1.441,-1.441,-1.441
2,2022,2022181,14.0,1068,Red Bull Racing,106.813,107.253,-1.548,-1.108,-1.548,-1.108,108.446,0.440,2.0,0.440,2,-1.328,-1.328,-1.328,-1.328
2,2022,2022181,15.0,1069,Red Bull Racing,107.348,107.387,-1.459,-1.42,-1.459,-1.42,108.902,0.039,2.0,0.039,2,-1.440,-1.4395,-1.440,-1.4395
2,2022,2022181,16.0,1070,Red Bull Racing,107.516,107.885,-1.614,-1.245,-1.614,-1.245,109.256,0.369,2.0,0.369,2,-1.429,-1.4295,-1.429,-1.4295
2,2022,2022181,17.0,1071,Red Bull Racing,107.416,108.246,-1.916,-1.086,-1.916,-1.086,109.417,0.830,2.0,0.830,2,-1.501,-1.501,-1.501,-1.501
2,2022,2022181,18.0,1072,Red Bull Racing,107.598,108.133,-1.75,-1.215,-1.75,-1.215,109.387,0.535,2.0,0.535,2,-1.482,-1.4825,-1.482,-1.4825
2,2022,2022181,19.0,1073,Red Bull Racing,107.654,108.126,-1.58,-1.108,-1.58,-1.108,109.297,0.472,2.0,0.472,2,-1.344,-1.344,-1.344,-1.344
2,2022,2022181,20.0,1074,Red Bull Racing,107.742,107.338,-1.123,-1.527,-1.123,-1.527,108.919,-0.404,5.0,-0.404,5,-1.325,-1.325,-1.325,-1.325
2,2022,2022181,21.0,1075,Red Bull Racing,107.563,108.221,-0.923,-0.265,-0.923,-1.022,108.531,0.658,2.0,-0.099,5,-0.594,-0.5940000000000001,-0.973,-0.9725
2,2022,2022181,22.0,1076,Red Bull Racing,107.35,107.591,-1.077,-0.836,-1.077,-0.836,108.632,0.241,2.0,0.241,2,-0.956,-0.9564999999999999,-0.956,-0.9564999999999999
2,2022,2022181,23.0,1077,Red Bull Racing,107.651,108.819,-1.249,-0.081,-1.249,-0.081,108.949,1.168,2.0,1.168,2,-0.665,-0.665,-0.665,-0.665
2,2022,2022181,24.0,1078,Red Bull Racing,107.582,109.857,-1.265,1.01,-1.265,0.145,109.311,2.275,2.0,1.410,2,-0.127,-0.12749999999999995,-0.560,-0.5599999999999999
2,2022,2022181,25.0,1079,Red Bull Racing,107.794,109.165,-1.272,0.099,-1.272,0.099,109.114,1.371,2.0,1.371,2,-0.587,-0.5865,-0.587,-0.5865
2,2022,2022181,26.0,1080,Red Bull Racing,107.991,109.258,-1.111,0.156,-1.111,0.156,109.125,1.267,2.0,1.267,2,-0.477,-0.4775,-0.477,-0.4775
2,2022,2022181,27.0,1081,Red Bull Racing,108.249,109.491,-1.138,0.104,-1.138,0.104,109.432,1.242,2.0,1.242,2,-0.517,-0.5169999999999999,-0.517,-0.5169999999999999
2,2022,2022181,28.0,1082,Red Bull Racing,108.944,110.319,-0.825,0.55,-0.825,0.55,109.769,1.375,2.0,1.375,2,-0.137,-0.13749999999999996,-0.137,-0.13749999999999996
2,2022,2022181,29.0,1083,Red Bull Racing,,,,,,,,-,-,-,,-,,-,
2,2022,2022191,1.0,1084,Red Bull Racing,,,,,,,,-,-,-,,-,,-,
2,2022,2022191,2.0,1085,Red Bull Racing,,,,,,,,-,-,-,,-,,-,
2,2022,2022191,3.0,1086,Red Bull Racing,101.893,102.47,-2.008,-1.431,-2.008,-1.431,103.901,0.577,2.0,0.577,2,-1.720,-1.7195,-1.720,-1.7195
2,2022,2022191,4.0,1087,Red Bull Racing,102.581,102.679,-1.41,-1.312,-1.41,-1.312,104.016,0.098,2.0,0.098,2,-1.361,-1.361,-1.361,-1.361
2,2022,2022191,5.0,1088,Red Bull Racing,102.87,103.791,-1.457,-0.536,-1.623,-1.611,104.739,0.921,2.0,0.012,2,-0.997,-0.9965,-1.617,-1.617
2,2022,2022191,6.0,1089,Red Bull Racing,102.826,102.752,-1.274,-1.348,-1.274,-1.348,104.1,-0.074,5.0,-0.074,5,-1.311,-1.311,-1.311,-1.311
2,2022,2022191,7.0,1090,Red Bull Racing,102.314,102.738,-1.525,-1.101,-1.525,-1.101,103.87,0.424,2.0,0.424,2,-1.313,-1.313,-1.313,-1.313
2,2022,2022191,8.0,1091,Red Bull Racing,102.83,103.075,-1.426,-1.181,-1.893,-1.181,104.501,0.245,2.0,0.712,2,-1.304,-1.3035,-1.537,-1.537
2,2022,2022191,9.0,1092,Red Bull Racing,102.412,103.178,-1.865,-1.099,-1.865,-1.099,104.277,0.766,2.0,0.766,2,-1.482,-1.482,-1.482,-1.482
2,2022,2022191,10.0,1093,Red Bull Racing,102.492,103.321,-1.386,-0.557,-1.386,-0.557,103.958,0.829,2.0,0.829,2,-0.972,-0.9715,-0.972,-0.9715
2,2022,2022191,11.0,1094,Red Bull Racing,102.583,103.424,-1.231,-0.39,-1.231,-0.39,103.814,0.841,2.0,0.841,2,-0.810,-0.8105,-0.810,-0.8105
2,2022,2022191,12.0,1095,Red Bull Racing,103.011,103.527,-0.958,-0.442,-0.958,-0.442,104.017,0.516,2.0,0.516,2,-0.700,-0.7,-0.700,-0.7
2,2022,2022191,13.0,1096,Red Bull Racing,,103.747,,-0.585,,-0.585,104.578,-,-,-,,-,-0.9601249999999999,-,-0.9601249999999999
2,2022,2022191,14.0,1097,Red Bull Racing,,,,,,,104.047,-,-,-,,-,-1.22025,-,-1.22025
2,2022,2022191,15.0,1098,Red Bull Racing,102.424,,-1.298,,-1.298,,103.795,-,-,-,,-,-1.480375,-,-1.480375
2,2022,2022191,16.0,1099,Red Bull Racing,101.905,101.952,-1.764,-1.717,-1.764,-1.717,103.79,0.047,2.0,0.047,2,-1.740,-1.7405,-1.740,-1.7405
2,2022,2022191,17.0,1100,Red Bull Racing,102.483,102.513,-1.369,-1.339,-1.369,-1.339,103.852,0.030,2.0,0.030,2,-1.354,-1.354,-1.354,-1.354
2,2022,2022191,18.0,1101,Red Bull Racing,,,,,,,,-,-,-,,-,-1.3949,-,-1.3949
2,2022,2022191,19.0,1102,Red Bull Racing,,,,,,,,-,-,-,,-,-1.4358,-,-1.4358
2,2022,2022191,20.0,1103,Red Bull Racing,,,,,,,,-,-,-,,-,-1.4767000000000001,-,-1.4767000000000001
2,2022,2022191,21.0,1104,Red Bull Racing,,,,,,,,-,-,-,,-,,-,
2,2022,2022191,22.0,1105,Red Bull Racing,,,,,,,,-,-,-,,-,,-,
2,2022,2022191,23.0,1106,Red Bull Racing,,,,,,,,-,-,-,,-,,-,
2,2022,2022191,24.0,1107,Red Bull Racing,,,,,,,,-,-,-,,-,,-,
2,2022,2022191,25.0,1108,Red Bull Racing,,,,,,,,-,-,-,,-,,-,
2,2022,2022191,26.0,1109,Red Bull Racing,,,,,,,,-,-,-,,-,,-,
2,2022,2022191,27.0,1110,Red Bull Racing,101.505,101.809,-1.915,-1.611,-1.915,-1.611,103.42,0.304,2.0,0.304,2,-1.763,-1.763,-1.763,-1.763
2,2022,2022191,28.0,1111,Red Bull Racing,101.538,101.677,-1.58,-1.441,-1.58,-1.441,103.261,0.139,2.0,0.139,2,-1.510,-1.5105,-1.510,-1.5105
2,2022,2022191,29.0,1112,Red Bull Racing,101.045,102.312,-1.997,-0.73,-1.997,-0.73,103.084,1.267,2.0,1.267,2,-1.364,-1.3635000000000002,-1.364,-1.3635000000000002
2,2022,2022191,30.0,1113,Red Bull Racing,101.184,103.39,-1.827,0.379,-1.827,-0.993,103.178,2.206,2.0,0.834,2,-0.724,-0.724,-1.410,-1.41
2,2022,2022191,31.0,1114,Red Bull Racing,101.411,101.724,-1.659,-1.346,-1.659,-1.346,103.113,0.313,2.0,0.313,2,-1.502,-1.5025,-1.502,-1.5025
2,2022,2022191,32.0,1115,Red Bull Racing,101.338,102.237,-1.68,-0.781,-1.68,-0.781,103.077,0.899,2.0,0.899,2,-1.230,-1.2305,-1.230,-1.2305
2,2022,2022191,33.0,1116,Red Bull Racing,101.721,102.044,-1.338,-1.015,-1.338,-1.015,103.124,0.323,2.0,0.323,2,-1.176,-1.1764999999999999,-1.176,-1.1764999999999999
2,2022,2022191,34.0,1117,Red Bull Racing,101.242,101.595,-1.499,-1.146,-1.499,-1.146,102.741,0.353,2.0,0.353,2,-1.323,-1.3225,-1.323,-1.3225
2,2022,2022191,35.0,1118,Red Bull Racing,,101.942,,-0.743,,-0.743,102.685,-,-,-,,-,-1.4593333333333334,-,-1.4593333333333334
2,2022,2022191,36.0,1119,Red Bull Racing,,102.246,,-0.495,,-0.495,102.758,-,-,-,,-,-1.5961666666666667,-,-1.5961666666666667
2,2022,2022191,37.0,1120,Red Bull Racing,99.541,101.657,-2.791,-0.675,-2.791,-0.675,102.332,2.116,2.0,2.116,2,-1.733,-1.733,-1.733,-1.733
2,2022,2022191,38.0,1121,Red Bull Racing,100.211,,-2.019,,-2.019,,102.4,-,-,-,,-,-1.8230000000000002,-,-1.8230000000000002
2,2022,2022191,39.0,1122,Red Bull Racing,100.337,,-1.814,,-1.814,,102.336,-,-,-,,-,-1.913,-,-1.913
2,2022,2022191,40.0,1123,Red Bull Racing,100.108,100.156,-2.027,-1.979,-2.027,-1.979,102.346,0.048,2.0,0.048,2,-2.003,-2.003,-2.003,-2.003
2,2022,2022191,41.0,1124,Red Bull Racing,100.077,100.307,-2.116,-1.886,-2.116,-1.886,102.231,0.230,2.0,0.230,2,-2.001,-2.001,-2.001,-2.001
2,2022,2022191,42.0,1125,Red Bull Racing,100.01,99.657,-1.987,-2.34,-1.987,-2.34,102.053,-0.353,5.0,-0.353,5,-2.163,-2.1635,-2.163,-2.1635
2,2022,2022191,43.0,1126,Red Bull Racing,99.776,99.901,-2.269,-2.144,-2.269,-2.144,102.045,0.125,2.0,0.125,2,-2.207,-2.2065,-2.207,-2.2065
2,2022,2022191,44.0,1127,Red Bull Racing,100.41,99.563,-1.745,-2.592,-2.274,-2.592,102.243,-0.847,5.0,-0.318,5,-2.168,-2.1685,-2.433,-2.433
2,2022,2022191,45.0,1128,Red Bull Racing,99.986,100.31,-2.062,-1.738,-2.062,-2.114,102.104,0.324,2.0,-0.052,5,-1.900,-1.9,-2.088,-2.088
2,2022,2022191,46.0,1129,Red Bull Racing,99.945,100.305,-2.058,-1.698,-2.058,-1.698,102.083,0.360,2.0,0.360,2,-1.878,-1.878,-1.878,-1.878
2,2022,2022191,47.0,1130,Red Bull Racing,100.058,99.936,-1.905,-2.027,-1.905,-2.027,102.059,-0.122,5.0,-0.122,5,-1.966,-1.9660000000000002,-1.966,-1.9660000000000002
2,2022,2022191,48.0,1131,Red Bull Racing,100.271,100.042,-1.718,-1.947,-1.718,-1.947,101.989,-0.229,5.0,-0.229,5,-1.833,-1.8325,-1.833,-1.8325
2,2022,2022191,49.0,1132,Red Bull Racing,100.23,100.08,-1.838,-1.988,-1.838,-1.988,102.119,-0.150,5.0,-0.150,5,-1.913,-1.913,-1.913,-1.913
2,2022,2022191,50.0,1133,Red Bull Racing,100.83,100.727,-1.278,-1.381,-1.917,-1.812,102.267,-0.103,5.0,0.105,2,-1.329,-1.3295,-1.865,-1.8645
2,2022,2022191,51.0,1134,Red Bull Racing,100.152,100.511,-1.922,-1.563,-1.922,-1.563,102.483,0.359,2.0,0.359,2,-1.742,-1.7425,-1.742,-1.7425
2,2022,2022191,52.0,1135,Red Bull Racing,100.431,100.855,-1.798,-1.374,-1.798,-1.654,102.287,0.424,2.0,0.144,2,-1.586,-1.586,-1.726,-1.726
2,2022,2022191,53.0,1136,Red Bull Racing,100.297,100.639,-2.035,-1.693,-2.035,-1.693,102.616,0.342,2.0,0.342,2,-1.864,-1.864,-1.864,-1.864
2,2022,2022191,54.0,1137,Red Bull Racing,100.168,100.724,-2.237,-1.681,-2.237,-1.681,102.594,0.556,2.0,0.556,2,-1.959,-1.959,-1.959,-1.959
2,2022,2022191,55.0,1138,Red Bull Racing,100.674,100.433,-1.575,-1.816,-1.838,-1.816,102.373,-0.241,5.0,0.022,2,-1.696,-1.6955,-1.827,-1.827
2,2022,2022191,56.0,1139,Red Bull Racing,100.654,100.772,-1.775,-1.657,-1.775,-1.657,102.429,0.118,2.0,0.118,2,-1.716,-1.716,-1.716,-1.716
2,2022,2022201,1.0,1140,Red Bull Racing,,,,,,,,-,-,-,,-,,-,
2,2022,2022201,2.0,1141,Red Bull Racing,,,,,,,,-,-,-,,-,,-,
2,2022,2022201,3.0,1142,Red Bull Racing,83.079,83.343,-2.071,-1.807,-2.071,-1.807,85.15,0.264,2.0,0.264,2,-1.939,-1.939,-1.939,-1.939
2,2022,2022201,4.0,1143,Red Bull Racing,83.566,83.207,-1.243,-1.602,-1.656,-1.602,84.83,-0.359,5.0,0.054,2,-1.423,-1.4225,-1.629,-1.629
2,2022,2022201,5.0,1144,Red Bull Racing,83.226,83.231,-1.422,-1.417,-1.422,-1.417,84.783,0.005,2.0,0.005,2,-1.419,-1.4195,-1.419,-1.4195
2,2022,2022201,6.0,1145,Red Bull Racing,83.294,83.285,-1.205,-1.214,-1.205,-1.214,84.514,-0.009,5.0,-0.009,5,-1.210,-1.2095,-1.210,-1.2095
2,2022,2022201,7.0,1146,Red Bull Racing,83.115,83.409,-1.483,-1.189,-1.483,-1.189,84.782,0.294,2.0,0.294,2,-1.336,-1.336,-1.336,-1.336
2,2022,2022201,8.0,1147,Red Bull Racing,83.292,83.277,-1.409,-1.424,-1.52,-1.424,84.744,-0.015,5.0,0.096,2,-1.417,-1.4165,-1.472,-1.472
2,2022,2022201,9.0,1148,Red Bull Racing,83.246,83.538,-1.41,-1.118,-1.41,-1.118,84.833,0.292,2.0,0.292,2,-1.264,-1.264,-1.264,-1.264
2,2022,2022201,10.0,1149,Red Bull Racing,83.257,83.761,-1.268,-0.764,-1.268,-1.071,84.541,0.504,2.0,0.197,2,-1.016,-1.016,-1.169,-1.1695
2,2022,2022201,11.0,1150,Red Bull Racing,83.164,83.37,-1.373,-1.167,-1.373,-1.167,84.55,0.206,2.0,0.206,2,-1.270,-1.27,-1.270,-1.27
2,2022,2022201,12.0,1151,Red Bull Racing,83.076,83.918,-1.466,-0.624,-1.466,-1.256,84.639,0.842,2.0,0.210,2,-1.045,-1.045,-1.361,-1.361
2,2022,2022201,13.0,1152,Red Bull Racing,83.109,83.202,-1.334,-1.241,-1.334,-1.241,84.751,0.093,2.0,0.093,2,-1.288,-1.2875,-1.288,-1.2875
2,2022,2022201,14.0,1153,Red Bull Racing,83.056,83.298,-1.369,-1.127,-1.369,-1.127,84.433,0.242,2.0,0.242,2,-1.248,-1.248,-1.248,-1.248
2,2022,2022201,15.0,1154,Red Bull Racing,82.971,82.991,-1.384,-1.364,-1.384,-1.364,84.361,0.020,2.0,0.020,2,-1.374,-1.374,-1.374,-1.374
2,2022,2022201,16.0,1155,Red Bull Racing,83.076,83.29,-1.35,-1.136,-1.35,-1.136,84.474,0.214,2.0,0.214,2,-1.243,-1.2429999999999999,-1.243,-1.2429999999999999
2,2022,2022201,17.0,1156,Red Bull Racing,83.161,83.59,-1.293,-0.864,-1.293,-1.06,84.555,0.429,2.0,0.233,2,-1.079,-1.0785,-1.176,-1.1764999999999999
2,2022,2022201,18.0,1157,Red Bull Racing,83.288,83.498,-1.184,-0.974,-1.184,-0.974,84.495,0.210,2.0,0.210,2,-1.079,-1.079,-1.079,-1.079
2,2022,2022201,19.0,1158,Red Bull Racing,83.432,83.533,-1.078,-0.977,-1.078,-0.977,84.51,0.101,2.0,0.101,2,-1.028,-1.0275,-1.028,-1.0275
2,2022,2022201,20.0,1159,Red Bull Racing,83.674,83.496,-0.819,-0.997,-1.13,-0.997,84.538,-0.178,5.0,0.133,2,-0.908,-0.9079999999999999,-1.063,-1.0635
2,2022,2022201,21.0,1160,Red Bull Racing,83.295,83.461,-1.261,-1.095,-1.261,-1.095,84.684,0.166,2.0,0.166,2,-1.178,-1.178,-1.178,-1.178
2,2022,2022201,22.0,1161,Red Bull Racing,83.597,83.566,-1.043,-1.074,-1.043,-1.074,84.658,-0.031,5.0,-0.031,5,-1.058,-1.0585,-1.058,-1.0585
2,2022,2022201,23.0,1162,Red Bull Racing,83.655,,-1.055,,-1.055,,84.741,-,-,-,,-,-1.2283,-,-1.2283
2,2022,2022201,24.0,1163,Red Bull Racing,83.861,,-0.761,,-0.761,,84.697,-,-,-,,-,-1.3981,-,-1.3981
2,2022,2022201,25.0,1164,Red Bull Racing,,81.995,,-2.556,,-2.556,84.551,-,-,-,,-,-1.5679,-,-1.5679
2,2022,2022201,26.0,1165,Red Bull Racing,,84.557,,0.076,,-2.358,84.661,-,-,-,,-,,-,
2,2022,2022201,27.0,1166,Red Bull Racing,82.494,82.251,-1.786,-2.029,-1.786,-2.029,84.28,-0.243,5.0,-0.243,5,-1.907,-1.9075,-1.907,-1.9075
2,2022,2022201,28.0,1167,Red Bull Racing,82.54,82.192,-1.671,-2.019,-1.671,-2.019,84.313,-0.348,5.0,-0.348,5,-1.845,-1.8450000000000002,-1.845,-1.8450000000000002
2,2022,2022201,29.0,1168,Red Bull Racing,82.472,83.818,-1.699,-0.353,-1.699,-2.188,84.302,1.346,2.0,-0.489,5,-1.026,-1.026,-1.944,-1.9435000000000002
2,2022,2022201,30.0,1169,Red Bull Racing,82.289,81.775,-1.823,-2.337,-1.823,-2.337,84.186,-0.514,5.0,-0.514,5,-2.080,-2.08,-2.080,-2.08
2,2022,2022201,31.0,1170,Red Bull Racing,82.365,82.756,-1.599,-1.208,-1.599,-2.166,84.056,0.391,2.0,-0.567,5,-1.403,-1.4035,-1.882,-1.8824999999999998
2,2022,2022201,32.0,1171,Red Bull Racing,82.166,81.82,-1.718,-2.064,-1.718,-2.064,83.987,-0.346,5.0,-0.346,5,-1.891,-1.891,-1.891,-1.891
2,2022,2022201,33.0,1172,Red Bull Racing,82.316,82.437,-1.617,-1.496,-1.756,-1.889,84.097,0.121,2.0,-0.133,5,-1.556,-1.5565,-1.823,-1.8225
2,2022,2022201,34.0,1173,Red Bull Racing,82.188,82.268,-1.809,-1.729,-1.809,-1.729,84.053,0.080,2.0,0.080,2,-1.769,-1.7690000000000001,-1.769,-1.7690000000000001
2,2022,2022201,35.0,1174,Red Bull Racing,82.054,82.277,-1.86,-1.637,-1.86,-1.637,84.138,0.223,2.0,0.223,2,-1.748,-1.7485,-1.748,-1.7485
2,2022,2022201,36.0,1175,Red Bull Racing,82.046,82.169,-1.808,-1.686,-1.808,-1.686,83.888,0.122,2.0,0.122,2,-1.747,-1.7469999999999999,-1.747,-1.7469999999999999
2,2022,2022201,37.0,1176,Red Bull Racing,82.329,82.298,-1.673,-1.704,-1.673,-1.704,84.168,-0.031,5.0,-0.031,5,-1.688,-1.6885,-1.688,-1.6885
2,2022,2022201,38.0,1177,Red Bull Racing,82.685,83.023,-1.217,-0.879,-1.547,-1.412,84.19,0.338,2.0,0.135,2,-1.048,-1.048,-1.479,-1.4794999999999998
2,2022,2022201,39.0,1178,Red Bull Racing,82.382,82.683,-1.576,-1.275,-1.576,-1.275,84.034,0.301,2.0,0.301,2,-1.425,-1.4255,-1.425,-1.4255
2,2022,2022201,40.0,1179,Red Bull Racing,82.466,83.141,-1.601,-0.926,-1.601,-0.926,84.093,0.675,2.0,0.675,2,-1.264,-1.2635,-1.264,-1.2635
2,2022,2022201,41.0,1180,Red Bull Racing,82.436,83.441,-1.635,-0.63,-1.635,-0.63,84.17,1.005,2.0,1.005,2,-1.133,-1.1325,-1.133,-1.1325
2,2022,2022201,42.0,1181,Red Bull Racing,82.465,82.57,-1.143,-1.038,-1.143,-1.038,83.671,0.105,2.0,0.105,2,-1.091,-1.0905,-1.091,-1.0905
2,2022,2022201,43.0,1182,Red Bull Racing,82.405,82.534,-1.042,-0.913,-1.042,-0.913,83.454,0.129,2.0,0.129,2,-0.978,-0.9775,-0.978,-0.9775
2,2022,2022201,44.0,1183,Red Bull Racing,82.285,82.18,-1.015,-1.12,-1.015,-1.12,83.526,-0.105,5.0,-0.105,5,-1.067,-1.0675,-1.067,-1.0675
2,2022,2022201,45.0,1184,Red Bull Racing,82.426,82.609,-0.854,-0.671,-0.854,-0.671,83.419,0.183,2.0,0.183,2,-0.762,-0.7625,-0.762,-0.7625
2,2022,2022201,46.0,1185,Red Bull Racing,82.568,82.731,-0.713,-0.55,-0.834,-0.55,83.485,0.163,2.0,0.284,2,-0.631,-0.6315,-0.692,-0.692
2,2022,2022201,47.0,1186,Red Bull Racing,82.468,82.652,-0.708,-0.524,-0.708,-0.524,83.192,0.184,2.0,0.184,2,-0.616,-0.616,-0.616,-0.616
2,2022,2022201,48.0,1187,Red Bull Racing,82.733,82.299,-0.37,-0.804,-0.597,-0.804,83.296,-0.434,5.0,-0.207,5,-0.587,-0.587,-0.701,-0.7005
2,2022,2022201,49.0,1188,Red Bull Racing,82.544,82.252,-0.676,-0.968,-0.676,-0.968,83.349,-0.292,5.0,-0.292,5,-0.822,-0.8220000000000001,-0.822,-0.8220000000000001
2,2022,2022201,50.0,1189,Red Bull Racing,82.576,82.554,-0.868,-0.89,-0.868,-0.89,83.797,-0.022,5.0,-0.022,5,-0.879,-0.879,-0.879,-0.879
2,2022,2022201,51.0,1190,Red Bull Racing,82.308,83.187,-1.39,-0.511,-1.39,-1.058,83.809,0.879,2.0,0.332,2,-0.950,-0.9504999999999999,-1.224,-1.224
2,2022,2022201,52.0,1191,Red Bull Racing,82.497,82.725,-0.87,-0.642,-0.87,-0.642,83.377,0.228,2.0,0.228,2,-0.756,-0.756,-0.756,-0.756
2,2022,2022201,53.0,1192,Red Bull Racing,82.502,82.558,-0.949,-0.893,-0.949,-0.893,83.769,0.056,2.0,0.056,2,-0.921,-0.921,-0.921,-0.921
2,2022,2022201,54.0,1193,Red Bull Racing,82.515,82.801,-1.21,-0.924,-1.21,-0.924,83.832,0.286,2.0,0.286,2,-1.067,-1.067,-1.067,-1.067
2,2022,2022201,55.0,1194,Red Bull Racing,82.786,83.202,-0.749,-0.333,-1.225,-0.872,83.709,0.416,2.0,0.353,2,-0.541,-0.541,-1.048,-1.0485
2,2022,2022201,56.0,1195,Red Bull Racing,82.105,82.526,-1.475,-1.054,-1.475,-1.054,83.699,0.421,2.0,0.421,2,-1.264,-1.2645,-1.264,-1.2645
2,2022,2022201,57.0,1196,Red Bull Racing,82.425,82.662,-1.034,-0.797,-1.25,-0.797,83.674,0.237,2.0,0.453,2,-0.915,-0.9155,-1.024,-1.0235
2,2022,2022201,58.0,1197,Red Bull Racing,82.313,82.792,-1.34,-0.861,-1.34,-0.861,83.874,0.479,2.0,0.479,2,-1.101,-1.1005,-1.101,-1.1005
2,2022,2022201,59.0,1198,Red Bull Racing,82.428,83.125,-1.247,-0.55,-1.247,-0.55,83.791,0.697,2.0,0.697,2,-0.899,-0.8985000000000001,-0.899,-0.8985000000000001
2,2022,2022201,60.0,1199,Red Bull Racing,82.698,83.701,-1.004,-0.001,-1.288,-0.662,83.82,1.003,2.0,0.626,2,-0.502,-0.5025,-0.975,-0.9750000000000001
2,2022,2022201,61.0,1200,Red Bull Racing,82.4,82.954,-1.316,-0.762,-1.316,-0.762,83.964,0.554,2.0,0.554,2,-1.039,-1.0390000000000001,-1.039,-1.0390000000000001
2,2022,2022201,62.0,1201,Red Bull Racing,82.51,83.328,-1.391,-0.573,-1.391,-0.573,83.901,0.818,2.0,0.818,2,-0.982,-0.982,-0.982,-0.982
2,2022,2022201,63.0,1202,Red Bull Racing,82.72,83.045,-0.837,-0.512,-1.064,-0.512,83.588,0.325,2.0,0.552,2,-0.674,-0.6745,-0.788,-0.788
2,2022,2022201,64.0,1203,Red Bull Racing,82.476,82.848,-0.677,-0.305,-0.677,-0.305,83.153,0.372,2.0,0.372,2,-0.491,-0.491,-0.491,-0.491
2,2022,2022201,65.0,1204,Red Bull Racing,,,,,,,83.966,-,-,-,,-,-0.619,-,-0.619
2,2022,2022201,66.0,1205,Red Bull Racing,,,,,,,83.585,-,-,-,,-,-0.747,-,-0.747
2,2022,2022201,67.0,1206,Red Bull Racing,82.302,82.666,-1.057,-0.693,-1.057,-0.693,83.395,0.364,2.0,0.364,2,-0.875,-0.875,-0.875,-0.875
2,2022,2022201,68.0,1207,Red Bull Racing,82.549,82.321,-0.932,-1.16,-0.932,-1.16,83.715,-0.228,5.0,-0.228,5,-1.046,-1.046,-1.046,-1.046
2,2022,2022201,69.0,1208,Red Bull Racing,82.794,82.718,-0.935,-1.011,-1.114,-1.323,83.958,-0.076,5.0,-0.209,5,-0.973,-0.973,-1.219,-1.2185000000000001
2,2022,2022201,70.0,1209,Red Bull Racing,82.681,82.491,-1.42,-1.61,-1.42,-1.61,84.12,-0.190,5.0,-0.190,5,-1.515,-1.5150000000000001,-1.515,-1.5150000000000001
2,2022,2022201,71.0,1210,Red Bull Racing,82.917,82.707,-0.203,-0.413,-0.203,-0.413,83.12,-0.210,5.0,-0.210,5,-0.308,-0.308,-0.308,-0.308
2,2022,2022210,1.0,1211,Red Bull Racing,,,,,,,,-,-,-,,-,,-,
2,2022,2022210,2.0,1212,Red Bull Racing,,,,,,,,-,-,-,,-,,-,
2,2022,2022210,3.0,1213,Red Bull Racing,74.552,75.436,-1.521,-0.637,-1.521,-0.637,76.073,0.884,2.0,0.884,2,-1.079,-1.079,-1.079,-1.079
2,2022,2022210,4.0,1214,Red Bull Racing,74.524,75.016,-1.021,-0.529,-1.021,-0.529,75.597,0.492,2.0,0.492,2,-0.775,-0.7749999999999999,-0.775,-0.7749999999999999
2,2022,2022210,5.0,1215,Red Bull Racing,74.507,74.699,-1.114,-0.922,-1.114,-0.922,75.732,0.192,2.0,0.192,2,-1.018,-1.018,-1.018,-1.018
2,2022,2022210,6.0,1216,Red Bull Racing,74.644,74.84,-1.235,-1.039,-1.235,-1.039,76.097,0.196,2.0,0.196,2,-1.137,-1.137,-1.137,-1.137
2,2022,2022210,7.0,1217,Red Bull Racing,74.839,75.614,-1.204,-0.429,-1.204,-0.952,76.097,0.775,2.0,0.252,2,-0.817,-0.8165,-1.078,-1.0779999999999998
2,2022,2022210,8.0,1218,Red Bull Racing,74.886,75.343,-1.203,-0.746,-1.203,-0.746,76.199,0.457,2.0,0.457,2,-0.975,-0.9745,-0.975,-0.9745
2,2022,2022210,9.0,1219,Red Bull Racing,75.194,75.026,-1.003,-1.171,-1.003,-1.171,76.252,-0.168,5.0,-0.168,5,-1.087,-1.087,-1.087,-1.087
2,2022,2022210,10.0,1220,Red Bull Racing,75.124,75.588,-1.083,-0.619,-1.083,-0.619,76.244,0.464,2.0,0.464,2,-0.851,-0.851,-0.851,-0.851
2,2022,2022210,11.0,1221,Red Bull Racing,75.456,75.807,-0.833,-0.482,-0.833,-0.482,76.303,0.351,2.0,0.351,2,-0.657,-0.6575,-0.657,-0.6575
2,2022,2022210,12.0,1222,Red Bull Racing,76.225,75.84,-0.29,-0.675,-0.29,-0.675,76.56,-0.385,5.0,-0.385,5,-0.483,-0.48250000000000004,-0.483,-0.48250000000000004
2,2022,2022210,13.0,1223,Red Bull Racing,76.566,75.704,-0.035,-0.897,-0.035,-0.897,76.904,-0.862,5.0,-0.862,5,-0.466,-0.466,-0.466,-0.466
2,2022,2022210,14.0,1224,Red Bull Racing,75.978,75.96,-0.702,-0.72,-0.702,-0.981,76.719,-0.018,5.0,-0.279,5,-0.711,-0.711,-0.841,-0.8414999999999999
2,2022,2022210,15.0,1225,Red Bull Racing,76.849,75.694,0.347,-0.808,-0.431,-0.808,76.665,-1.155,5.0,-0.377,5,-0.231,-0.23050000000000004,-0.620,-0.6195
2,2022,2022210,16.0,1226,Red Bull Racing,76.163,76.063,-0.408,-0.508,-0.408,-0.763,76.674,-0.100,5.0,-0.355,5,-0.458,-0.45799999999999996,-0.586,-0.5855
2,2022,2022210,17.0,1227,Red Bull Racing,76.048,75.923,-0.541,-0.666,-0.541,-0.666,76.611,-0.125,5.0,-0.125,5,-0.604,-0.6035,-0.604,-0.6035
2,2022,2022210,18.0,1228,Red Bull Racing,75.949,75.585,-0.557,-0.921,-0.557,-0.921,76.506,-0.364,5.0,-0.364,5,-0.739,-0.7390000000000001,-0.739,-0.7390000000000001
2,2022,2022210,19.0,1229,Red Bull Racing,77.885,75.88,1.334,-0.671,-0.01,-0.671,76.726,-2.005,5.0,-0.661,5,0.332,0.3315,-0.341,-0.3405
2,2022,2022210,20.0,1230,Red Bull Racing,77.134,75.974,0.454,-0.706,0.454,-0.706,76.797,-1.160,5.0,-1.160,5,-0.126,-0.12599999999999997,-0.126,-0.12599999999999997
2,2022,2022210,21.0,1231,Red Bull Racing,76.507,75.903,-0.099,-0.703,-0.099,-0.703,76.653,-0.604,5.0,-0.604,5,-0.401,-0.40099999999999997,-0.401,-0.40099999999999997
2,2022,2022210,22.0,1232,Red Bull Racing,76.443,76.169,-0.18,-0.454,-0.18,-0.625,76.725,-0.274,5.0,-0.445,5,-0.317,-0.317,-0.402,-0.40249999999999997
2,2022,2022210,23.0,1233,Red Bull Racing,76.218,76.092,-0.377,-0.504,-0.377,-0.504,76.608,-0.127,5.0,-0.127,5,-0.441,-0.4405,-0.441,-0.4405
2,2022,2022210,24.0,1234,Red Bull Racing,76.535,76.135,-0.24,-0.64,-0.24,-0.64,76.775,-0.400,5.0,-0.400,5,-0.440,-0.44,-0.440,-0.44
2,2022,2022211,1.0,1235,Red Bull Racing,,,,,,,,-,-,-,,-,,-,
2,2022,2022211,2.0,1236,Red Bull Racing,,,,,,,,-,-,-,,-,,-,
2,2022,2022211,3.0,1237,Red Bull Racing,,,,,,,,-,-,-,,-,,-,
2,2022,2022211,4.0,1238,Red Bull Racing,,,,,,,,-,-,-,,-,,-,
2,2022,2022211,5.0,1239,Red Bull Racing,,,,,,,,-,-,-,,-,,-,
2,2022,2022211,6.0,1240,Red Bull Racing,,,,,,,,-,-,-,,-,,-,
2,2022,2022211,7.0,1241,Red Bull Racing,,,,,,,,-,-,-,,-,,-,
2,2022,2022211,8.0,1242,Red Bull Racing,,76.083,,-1.461,,-1.461,77.544,-,-,-,,-,,-,
2,2022,2022211,9.0,1243,Red Bull Racing,75.564,76.224,-1.302,-0.641,-1.302,-0.641,76.866,0.661,2.0,0.661,2,-0.972,-0.9715,-0.972,-0.9715
2,2022,2022211,10.0,1244,Red Bull Racing,75.866,76.22,-0.984,-0.63,-0.984,-0.63,76.868,0.354,2.0,0.354,2,-0.807,-0.8069999999999999,-0.807,-0.8069999999999999
2,2022,2022211,11.0,1245,Red Bull Racing,76.204,76.142,-0.914,-0.976,-0.914,-0.976,77.163,-0.062,5.0,-0.062,5,-0.945,-0.9450000000000001,-0.945,-0.9450000000000001
2,2022,2022211,12.0,1246,Red Bull Racing,76.434,76.331,-0.881,-0.984,-0.881,-0.984,77.4,-0.103,5.0,-0.103,5,-0.932,-0.9325,-0.932,-0.9325
2,2022,2022211,13.0,1247,Red Bull Racing,76.444,76.519,-1.04,-0.965,-1.04,-0.965,77.596,0.075,2.0,0.075,2,-1.002,-1.0025,-1.002,-1.0025
2,2022,2022211,14.0,1248,Red Bull Racing,76.353,76.602,-1.137,-0.888,-1.137,-0.888,77.522,0.249,2.0,0.249,2,-1.012,-1.0125,-1.012,-1.0125
2,2022,2022211,15.0,1249,Red Bull Racing,76.468,76.225,-0.913,-1.156,-0.913,-1.156,77.402,-0.243,5.0,-0.243,5,-1.034,-1.0345,-1.034,-1.0345
2,2022,2022211,16.0,1250,Red Bull Racing,76.688,76.563,-0.652,-0.777,-0.652,-1.027,77.428,-0.125,5.0,-0.375,5,-0.715,-0.7145,-0.839,-0.8394999999999999
2,2022,2022211,17.0,1251,Red Bull Racing,77.05,76.401,-0.331,-0.98,-0.612,-0.98,77.496,-0.649,5.0,-0.368,5,-0.655,-0.6555,-0.796,-0.796
2,2022,2022211,18.0,1252,Red Bull Racing,76.851,76.429,-0.557,-0.979,-0.557,-0.979,77.408,-0.422,5.0,-0.422,5,-0.768,-0.768,-0.768,-0.768
2,2022,2022211,19.0,1253,Red Bull Racing,77.837,76.689,0.455,-0.693,-0.295,-0.693,77.434,-1.148,5.0,-0.398,5,-0.119,-0.11899999999999997,-0.494,-0.494
2,2022,2022211,20.0,1254,Red Bull Racing,77.323,76.885,-0.013,-0.451,-0.013,-0.451,77.417,-0.438,5.0,-0.438,5,-0.232,-0.232,-0.232,-0.232
2,2022,2022211,21.0,1255,Red Bull Racing,77.484,76.993,0.12,-0.371,-0.056,-0.371,77.468,-0.491,5.0,-0.315,5,-0.126,-0.1255,-0.213,-0.2135
2,2022,2022211,22.0,1256,Red Bull Racing,77.293,77.085,-0.133,-0.341,-0.133,-0.341,77.426,-0.208,5.0,-0.208,5,-0.237,-0.23700000000000002,-0.237,-0.23700000000000002
2,2022,2022211,23.0,1257,Red Bull Racing,,,,,,,77.36,-,-,-,,-,-0.5425,-,-0.5425
2,2022,2022211,24.0,1258,Red Bull Racing,,,,,,,77.341,-,-,-,,-,-0.848,-,-0.848
2,2022,2022211,25.0,1259,Red Bull Racing,76.05,75.839,-1.048,-1.259,-1.048,-1.259,77.132,-0.211,5.0,-0.211,5,-1.153,-1.1535,-1.153,-1.1535
2,2022,2022211,26.0,1260,Red Bull Racing,76.145,76.291,-0.555,-0.409,-0.555,-0.724,76.752,0.146,2.0,-0.169,5,-0.482,-0.482,-0.639,-0.6395
2,2022,2022211,27.0,1261,Red Bull Racing,75.991,76.113,-0.735,-0.613,-0.735,-0.613,76.792,0.122,2.0,0.122,2,-0.674,-0.6739999999999999,-0.674,-0.6739999999999999
2,2022,2022211,28.0,1262,Red Bull Racing,75.83,76.13,-1.022,-0.722,-1.022,-0.722,76.876,0.300,2.0,0.300,2,-0.872,-0.872,-0.872,-0.872
2,2022,2022211,29.0,1263,Red Bull Racing,76.37,76.166,-0.468,-0.672,-0.837,-0.672,77.024,-0.204,5.0,0.165,2,-0.570,-0.5700000000000001,-0.754,-0.7545
2,2022,2022211,30.0,1264,Red Bull Racing,76.171,76.231,-0.681,-0.621,-0.681,-0.621,76.927,0.060,2.0,0.060,2,-0.651,-0.651,-0.651,-0.651
2,2022,2022211,31.0,1265,Red Bull Racing,76.275,76.329,-0.482,-0.428,-0.482,-0.428,76.757,0.054,2.0,0.054,2,-0.455,-0.45499999999999996,-0.455,-0.45499999999999996
2,2022,2022211,32.0,1266,Red Bull Racing,76.521,76.307,-0.267,-0.481,-0.267,-0.481,76.849,-0.214,5.0,-0.214,5,-0.374,-0.374,-0.374,-0.374
2,2022,2022211,33.0,1267,Red Bull Racing,76.998,76.328,0.153,-0.517,-0.535,-0.517,76.908,-0.670,5.0,0.018,2,-0.182,-0.182,-0.526,-0.526
2,2022,2022211,34.0,1268,Red Bull Racing,76.099,76.362,-0.8,-0.537,-0.8,-0.537,76.945,0.263,2.0,0.263,2,-0.669,-0.6685000000000001,-0.669,-0.6685000000000001
2,2022,2022211,35.0,1269,Red Bull Racing,76.476,76.284,-0.305,-0.497,-0.543,-0.497,76.886,-0.192,5.0,0.046,2,-0.401,-0.401,-0.520,-0.52
2,2022,2022211,36.0,1270,Red Bull Racing,76.377,76.174,-0.388,-0.591,-0.388,-0.591,76.857,-0.203,5.0,-0.203,5,-0.489,-0.4895,-0.489,-0.4895
2,2022,2022211,37.0,1271,Red Bull Racing,76.028,76.26,-0.62,-0.388,-0.62,-0.388,76.69,0.232,2.0,0.232,2,-0.504,-0.504,-0.504,-0.504
2,2022,2022211,38.0,1272,Red Bull Racing,76.32,76.173,-0.237,-0.384,-0.237,-0.384,76.605,-0.147,5.0,-0.147,5,-0.310,-0.3105,-0.310,-0.3105
2,2022,2022211,39.0,1273,Red Bull Racing,76.484,76.371,-0.155,-0.268,-0.155,-0.268,76.663,-0.113,5.0,-0.113,5,-0.212,-0.21150000000000002,-0.212,-0.21150000000000002
2,2022,2022211,40.0,1274,Red Bull Racing,76.259,76.628,-0.346,0.023,-0.346,-0.203,76.728,0.369,2.0,0.143,2,-0.161,-0.16149999999999998,-0.274,-0.27449999999999997
2,2022,2022211,41.0,1275,Red Bull Racing,76.333,76.434,-0.339,-0.238,-0.339,-0.238,76.823,0.101,2.0,0.101,2,-0.288,-0.2885,-0.288,-0.2885
2,2022,2022211,42.0,1276,Red Bull Racing,76.115,76.299,-0.507,-0.323,-0.507,-0.323,76.646,0.184,2.0,0.184,2,-0.415,-0.41500000000000004,-0.415,-0.41500000000000004
2,2022,2022211,43.0,1277,Red Bull Racing,76.22,76.571,-0.426,-0.075,-0.426,-0.075,76.722,0.351,2.0,0.351,2,-0.251,-0.2505,-0.251,-0.2505
2,2022,2022211,44.0,1278,Red Bull Racing,76.193,77.163,-0.547,0.423,-0.547,0.423,76.841,0.970,2.0,0.970,2,-0.062,-0.06200000000000003,-0.062,-0.06200000000000003
2,2022,2022211,45.0,1279,Red Bull Racing,77.223,77.513,0.559,0.849,-0.591,0.439,76.786,0.290,2.0,1.030,2,0.704,0.704,-0.076,-0.07599999999999998
2,2022,2022211,46.0,1280,Red Bull Racing,75.954,77.043,-0.573,0.516,-0.573,0.516,76.639,1.089,2.0,1.089,2,-0.028,-0.02849999999999997,-0.028,-0.02849999999999997
2,2022,2022211,47.0,1281,Red Bull Racing,76.31,,-0.359,,-0.359,,76.694,-,-,-,,-,-0.23774999999999996,-,-0.23774999999999996
2,2022,2022211,48.0,1282,Red Bull Racing,,,,,,,76.387,-,-,-,,-,-0.44699999999999995,-,-0.44699999999999995
2,2022,2022211,49.0,1283,Red Bull Racing,,75.23,,-0.876,,-0.876,76.147,-,-,-,,-,-0.65625,-,-0.65625
2,2022,2022211,50.0,1284,Red Bull Racing,74.709,75.28,-1.151,-0.58,-1.151,-0.58,75.942,0.571,2.0,0.571,2,-0.865,-0.8654999999999999,-0.865,-0.8654999999999999
2,2022,2022211,51.0,1285,Red Bull Racing,75.054,75.159,-0.856,-0.751,-0.856,-0.751,75.91,0.105,2.0,0.105,2,-0.803,-0.8035,-0.803,-0.8035
2,2022,2022211,52.0,1286,Red Bull Racing,,75.479,,-0.084,,-0.084,75.563,-,-,-,,-,-0.795,-,-0.795
2,2022,2022211,53.0,1287,Red Bull Racing,,,,,,,,-,-,-,,-,-0.7865,-,-0.7865
2,2022,2022211,54.0,1288,Red Bull Racing,,,,,,,,-,-,-,,-,-0.778,-,-0.778
2,2022,2022211,55.0,1289,Red Bull Racing,,,,,,,,-,-,-,,-,,-,
2,2022,2022211,56.0,1290,Red Bull Racing,,,,,,,,-,-,-,,-,,-,
2,2022,2022211,57.0,1291,Red Bull Racing,,,,,,,,-,-,-,,-,,-,
2,2022,2022211,58.0,1292,Red Bull Racing,,,,,,,,-,-,-,,-,,-,
2,2022,2022211,59.0,1293,Red Bull Racing,,,,,,,,-,-,-,,-,,-,
2,2022,2022211,60.0,1294,Red Bull Racing,,,,,,,76.867,-,-,-,,-,,-,
2,2022,2022211,61.0,1295,Red Bull Racing,75.448,74.911,-0.45,-0.987,-0.45,-0.987,75.898,-0.537,5.0,-0.537,5,-0.719,-0.7185,-0.719,-0.7185
2,2022,2022211,62.0,1296,Red Bull Racing,75.305,74.283,0.09,-0.932,0.09,-0.932,75.225,-1.022,5.0,-1.022,5,-0.421,-0.42100000000000004,-0.421,-0.42100000000000004
2,2022,2022211,63.0,1297,Red Bull Racing,74.278,75.588,-0.907,0.403,-0.907,0.403,75.291,1.310,2.0,1.310,2,-0.252,-0.252,-0.252,-0.252
2,2022,2022211,64.0,1298,Red Bull Racing,74.195,75.661,-0.952,0.514,-0.952,0.514,75.164,1.466,2.0,1.466,2,-0.219,-0.21899999999999997,-0.219,-0.21899999999999997
2,2022,2022211,65.0,1299,Red Bull Racing,74.284,76.051,-0.911,0.856,-0.911,0.069,75.322,1.767,2.0,0.980,2,-0.028,-0.027500000000000024,-0.421,-0.42100000000000004
2,2022,2022211,66.0,1300,Red Bull Racing,74.56,74.866,-0.68,-0.374,-0.68,-0.374,75.375,0.306,2.0,0.306,2,-0.527,-0.527,-0.527,-0.527
2,2022,2022211,67.0,1301,Red Bull Racing,74.195,75.715,-1.072,0.448,-1.072,-0.283,75.328,1.520,2.0,0.789,2,-0.312,-0.31200000000000006,-0.677,-0.6775
2,2022,2022211,68.0,1302,Red Bull Racing,74.628,75.103,-0.753,-0.278,-0.753,-0.278,75.467,0.475,2.0,0.475,2,-0.516,-0.5155000000000001,-0.516,-0.5155000000000001
2,2022,2022211,69.0,1303,Red Bull Racing,74.776,75.188,-0.648,-0.236,-0.648,-0.236,75.433,0.412,2.0,0.412,2,-0.442,-0.442,-0.442,-0.442
2,2022,2022211,70.0,1304,Red Bull Racing,74.547,75.042,-0.949,-0.454,-0.949,-0.454,75.507,0.495,2.0,0.495,2,-0.702,-0.7015,-0.702,-0.7015
2,2022,2022211,71.0,1305,Red Bull Racing,74.387,75.799,-1.219,0.193,-1.219,0.193,75.606,1.412,2.0,1.412,2,-0.513,-0.513,-0.513,-0.513
2,2022,2022221,1.0,1306,Red Bull Racing,,,,,,,,-,-,-,,-,,-,
2,2022,2022221,2.0,1307,Red Bull Racing,,,,,,,,-,-,-,,-,,-,
2,2022,2022221,3.0,1308,Red Bull Racing,89.968,90.272,-1.715,-1.411,-1.715,-1.411,91.683,0.304,2.0,0.304,2,-1.563,-1.5630000000000002,-1.563,-1.5630000000000002
2,2022,2022221,4.0,1309,Red Bull Racing,90.368,90.879,-1.389,-0.877,-1.389,-0.877,91.991,0.512,2.0,0.512,2,-1.133,-1.133,-1.133,-1.133
2,2022,2022221,5.0,1310,Red Bull Racing,90.502,90.927,-1.376,-0.951,-1.376,-0.951,91.952,0.425,2.0,0.425,2,-1.163,-1.1635,-1.163,-1.1635
2,2022,2022221,6.0,1311,Red Bull Racing,90.567,90.635,-1.356,-1.288,-1.356,-1.288,92.005,0.068,2.0,0.068,2,-1.322,-1.322,-1.322,-1.322
2,2022,2022221,7.0,1312,Red Bull Racing,90.661,90.612,-1.152,-1.201,-1.152,-1.201,91.813,-0.049,5.0,-0.049,5,-1.176,-1.1764999999999999,-1.176,-1.1764999999999999
2,2022,2022221,8.0,1313,Red Bull Racing,90.691,90.666,-1.32,-1.345,-1.32,-1.345,92.099,-0.025,5.0,-0.025,5,-1.333,-1.3325,-1.333,-1.3325
2,2022,2022221,9.0,1314,Red Bull Racing,90.601,90.971,-1.478,-1.108,-1.478,-1.108,92.114,0.370,2.0,0.370,2,-1.293,-1.2930000000000001,-1.293,-1.2930000000000001
2,2022,2022221,10.0,1315,Red Bull Racing,90.621,91.071,-1.573,-1.123,-1.573,-1.123,92.223,0.450,2.0,0.450,2,-1.348,-1.3479999999999999,-1.348,-1.3479999999999999
2,2022,2022221,11.0,1316,Red Bull Racing,90.798,91.167,-1.558,-1.189,-1.558,-1.189,92.381,0.369,2.0,0.369,2,-1.373,-1.3735,-1.373,-1.3735
2,2022,2022221,12.0,1317,Red Bull Racing,90.921,91.407,-1.458,-0.972,-1.458,-0.972,92.379,0.486,2.0,0.486,2,-1.215,-1.2149999999999999,-1.215,-1.2149999999999999
2,2022,2022221,13.0,1318,Red Bull Racing,90.747,91.494,-1.569,-0.822,-1.569,-0.822,92.316,0.747,2.0,0.747,2,-1.196,-1.1955,-1.196,-1.1955
2,2022,2022221,14.0,1319,Red Bull Racing,90.966,91.99,-1.297,-0.273,-1.297,-0.273,92.289,1.024,2.0,1.024,2,-0.785,-0.7849999999999999,-0.785,-0.7849999999999999
2,2022,2022221,15.0,1320,Red Bull Racing,91.023,,-0.94,,-0.94,,92.013,-,-,-,,-,-0.7556666666666666,-,-0.7556666666666666
2,2022,2022221,16.0,1321,Red Bull Racing,91.245,,-0.531,,-0.531,,91.919,-,-,-,,-,-0.7263333333333333,-,-0.7263333333333333
2,2022,2022221,17.0,1322,Red Bull Racing,91.592,90.226,-0.014,-1.38,-0.014,-1.38,91.606,-1.366,5.0,-1.366,5,-0.697,-0.697,-0.697,-0.697
2,2022,2022221,18.0,1323,Red Bull Racing,91.598,90.185,-0.016,-1.429,-0.016,-1.429,91.688,-1.413,5.0,-1.413,5,-0.723,-0.7225,-0.723,-0.7225
2,2022,2022221,19.0,1324,Red Bull Racing,91.882,89.798,0.282,-1.802,0.282,-1.802,91.665,-2.084,5.0,-2.084,5,-0.760,-0.76,-0.760,-0.76
2,2022,2022221,20.0,1325,Red Bull Racing,,90.583,,-1.08,,-1.08,91.795,-,-,-,,-,-0.678,-,-0.7438333333333333
2,2022,2022221,21.0,1326,Red Bull Racing,,90.673,,-0.989,,-0.989,91.724,-,-,-,,-,-0.596,-,-0.7276666666666667
2,2022,2022221,22.0,1327,Red Bull Racing,90.66,91.316,-0.842,-0.186,-0.842,-0.581,91.547,0.656,2.0,0.261,2,-0.514,-0.514,-0.712,-0.7115
2,2022,2022221,23.0,1328,Red Bull Racing,90.671,91.17,-0.766,-0.267,-0.766,-0.267,91.674,0.499,2.0,0.499,2,-0.516,-0.5165,-0.516,-0.5165
2,2022,2022221,24.0,1329,Red Bull Racing,90.955,90.927,-0.532,-0.56,-0.75,-0.56,91.637,-0.028,5.0,0.190,2,-0.546,-0.546,-0.655,-0.655
2,2022,2022221,25.0,1330,Red Bull Racing,90.803,90.833,-0.677,-0.647,-0.677,-0.647,91.598,0.030,2.0,0.030,2,-0.662,-0.662,-0.662,-0.662
2,2022,2022221,26.0,1331,Red Bull Racing,90.892,90.362,-0.467,-0.997,-0.467,-0.997,91.359,-0.530,5.0,-0.530,5,-0.732,-0.732,-0.732,-0.732
2,2022,2022221,27.0,1332,Red Bull Racing,90.61,90.697,-0.644,-0.557,-0.644,-0.557,91.265,0.087,2.0,0.087,2,-0.601,-0.6005,-0.601,-0.6005
2,2022,2022221,28.0,1333,Red Bull Racing,90.443,90.538,-0.667,-0.572,-0.667,-0.572,91.161,0.095,2.0,0.095,2,-0.619,-0.6194999999999999,-0.619,-0.6194999999999999
2,2022,2022221,29.0,1334,Red Bull Racing,90.271,90.47,-0.885,-0.686,-0.885,-0.686,91.205,0.199,2.0,0.199,2,-0.786,-0.7855000000000001,-0.786,-0.7855000000000001
2,2022,2022221,30.0,1335,Red Bull Racing,89.936,90.034,-1.196,-1.098,-1.196,-1.098,91.171,0.098,2.0,0.098,2,-1.147,-1.147,-1.147,-1.147
2,2022,2022221,31.0,1336,Red Bull Racing,90.063,90.142,-0.913,-0.834,-0.913,-0.834,91.036,0.079,2.0,0.079,2,-0.873,-0.8734999999999999,-0.873,-0.8734999999999999
2,2022,2022221,32.0,1337,Red Bull Racing,89.924,90.338,-1.085,-0.671,-1.085,-0.671,91.025,0.414,2.0,0.414,2,-0.878,-0.878,-0.878,-0.878
2,2022,2022221,33.0,1338,Red Bull Racing,89.808,,-1.233,,-1.233,,91.057,-,-,-,,-,-0.9778333333333333,-,-1.0146666666666666
2,2022,2022221,34.0,1339,Red Bull Racing,89.891,,-1.154,,-1.154,,91.056,-,-,-,,-,-1.0776666666666666,-,-1.151333333333333
2,2022,2022221,35.0,1340,Red Bull Racing,90.109,89.212,-0.729,-1.626,-0.95,-1.626,90.918,-0.897,5.0,-0.676,5,-1.177,-1.1775,-1.288,-1.2879999999999998
2,2022,2022221,36.0,1341,Red Bull Racing,89.886,89.199,-0.976,-1.663,-0.976,-1.663,90.922,-0.687,5.0,-0.687,5,-1.320,-1.3195000000000001,-1.320,-1.3195000000000001
2,2022,2022221,37.0,1342,Red Bull Racing,90.116,89.065,-0.671,-1.722,-0.671,-1.722,90.787,-1.051,5.0,-1.051,5,-1.196,-1.1965,-1.196,-1.1965
2,2022,2022221,38.0,1343,Red Bull Racing,90.16,89.153,-0.522,-1.529,-0.522,-1.529,91.316,-1.007,5.0,-1.007,5,-1.026,-1.0255,-1.026,-1.0255
2,2022,2022221,39.0,1344,Red Bull Racing,90.027,89.471,-0.686,-1.242,-0.686,-1.459,90.82,-0.556,5.0,-0.773,5,-0.964,-0.964,-1.073,-1.0725
2,2022,2022221,40.0,1345,Red Bull Racing,90.019,89.355,-0.606,-1.27,-0.606,-1.27,90.648,-0.664,5.0,-0.664,5,-0.938,-0.938,-0.938,-0.938
2,2022,2022221,41.0,1346,Red Bull Racing,90.048,89.192,-0.396,-1.252,-0.396,-1.252,90.444,-0.856,5.0,-0.856,5,-0.824,-0.8240000000000001,-0.824,-0.8240000000000001
2,2022,2022221,42.0,1347,Red Bull Racing,89.885,89.15,-0.476,-1.211,-0.476,-1.211,90.525,-0.735,5.0,-0.735,5,-0.844,-0.8435,-0.844,-0.8435
2,2022,2022221,43.0,1348,Red Bull Racing,89.897,89.26,-0.541,-1.178,-0.541,-1.178,90.672,-0.637,5.0,-0.637,5,-0.859,-0.8594999999999999,-0.859,-0.8594999999999999
2,2022,2022221,44.0,1349,Red Bull Racing,89.883,89.522,-0.349,-0.71,-0.349,-0.71,90.323,-0.361,5.0,-0.361,5,-0.529,-0.5295,-0.529,-0.5295
2,2022,2022221,45.0,1350,Red Bull Racing,89.929,90.257,-0.252,0.076,-0.252,-0.733,90.226,0.328,2.0,-0.481,5,-0.088,-0.088,-0.492,-0.4925
2,2022,2022221,46.0,1351,Red Bull Racing,89.725,89.373,-0.518,-0.87,-0.518,-0.87,90.466,-0.352,5.0,-0.352,5,-0.694,-0.694,-0.694,-0.694
2,2022,2022221,47.0,1352,Red Bull Racing,90.019,89.217,-0.227,-1.029,-0.398,-1.029,90.435,-0.802,5.0,-0.631,5,-0.628,-0.628,-0.714,-0.7135
2,2022,2022221,48.0,1353,Red Bull Racing,89.971,89.234,-0.32,-1.057,-0.32,-1.057,90.457,-0.737,5.0,-0.737,5,-0.689,-0.6885,-0.689,-0.6885
2,2022,2022221,49.0,1354,Red Bull Racing,89.959,89.089,-0.489,-1.359,-0.489,-1.359,90.746,-0.870,5.0,-0.870,5,-0.924,-0.9239999999999999,-0.924,-0.9239999999999999
2,2022,2022221,50.0,1355,Red Bull Racing,89.803,89.253,-0.688,-1.238,-0.688,-1.238,90.577,-0.550,5.0,-0.550,5,-0.963,-0.963,-0.963,-0.963
2,2022,2022221,51.0,1356,Red Bull Racing,89.666,89.159,-0.937,-1.444,-0.937,-1.444,90.643,-0.507,5.0,-0.507,5,-1.191,-1.1905000000000001,-1.191,-1.1905000000000001
2,2022,2022221,52.0,1357,Red Bull Racing,90.461,88.972,-0.251,-1.74,-0.846,-1.74,90.901,-1.489,5.0,-0.894,5,-0.996,-0.9955,-1.293,-1.293
2,2022,2022221,53.0,1358,Red Bull Racing,90.065,89.096,-0.829,-1.798,-0.829,-1.798,91.01,-0.969,5.0,-0.969,5,-1.313,-1.3135,-1.313,-1.3135
2,2022,2022221,54.0,1359,Red Bull Racing,89.392,89.152,-1.973,-2.213,-1.973,-2.213,91.365,-0.240,5.0,-0.240,5,-2.093,-2.093,-2.093,-2.093
2,2022,2022221,55.0,1360,Red Bull Racing,89.715,89.205,-1.395,-1.905,-1.395,-1.905,91.254,-0.510,5.0,-0.510,5,-1.650,-1.65,-1.650,-1.65
2,2022,2022221,56.0,1361,Red Bull Racing,89.844,89.446,-1.424,-1.822,-1.424,-1.822,91.403,-0.398,5.0,-0.398,5,-1.623,-1.623,-1.623,-1.623
2,2022,2022221,57.0,1362,Red Bull Racing,89.891,89.573,-1.379,-1.697,-1.379,-1.697,91.337,-0.318,5.0,-0.318,5,-1.538,-1.538,-1.538,-1.538
2,2022,2022221,58.0,1363,Red Bull Racing,89.797,89.856,-0.893,-0.834,-0.893,-0.834,90.69,0.059,2.0,0.059,2,-0.863,-0.8634999999999999,-0.863,-0.8634999999999999
