SprintIndex,SeasonID,RaceID,EventIndex,Team,DriverID,Abbreviation,FullName,Number,Color,LapNumber,LapNumberFlow,Laptime,LaptimeClear,LaptimeMistake,LaptimeNaN,LaptimeClearPace,LaptimeDiff,PaceDiff,PaceDiffDelta,PaceDiffMean,PaceDiffValueBetterID,PaceDiffClear,PaceDiffClearDelta,PaceDiffClearMean,PaceDiffClearValueBetterID,PaceDiffTeammate,Compound,CompoundColor,TyreLife,Stint,StintVerticalLine,StintLabel,StintMeanConsistency,SafetyCarLeave,SafetyCarEnter,VirtualSafetyCarLeave,VirtualSafetyCarEnter,Overtakes,Position
1,2021,2021011,0,Haas F1 Team,16,MSC,Mick Schumacher,47,#505050,1.0,1,-,-,0,1,-,-,-,-,-,-,-,-,-,-,,M,#F0E628,1,1.0,0,0,0.191,0,1,0,0,,18
1,2021,2021011,0,Haas F1 Team,16,MSC,Mick Schumacher,47,#505050,2.0,2,-,-,0,1,-,-,-,-,-,-,-,-,-,-,,M,#F0E628,2,1.0,0,0,0.191,0,0,0,0,0.0,18
1,2021,2021011,0,Haas F1 Team,16,MSC,Mick Schumacher,47,#505050,3.0,3,-,-,0,1,-,-,-,-,-,-,-,-,-,-,,M,#F0E628,3,1.0,0,0,0.191,1,0,0,0,0.0,18
1,2021,2021011,0,Haas F1 Team,16,MSC,Mick Schumacher,47,#505050,4.0,4,-,-,0,1,-,-,-,-,-,-,-,-,-,-,,M,#F0E628,4,1.0,0,0,0.191,0,0,0,1,0.0,19
1,2021,2021011,0,Haas F1 Team,16,MSC,Mick Schumacher,47,#505050,5.0,5,-,-,0,1,-,-,-,-,-,-,-,-,-,-,,M,#F0E628,5,1.0,0,0,0.191,0,0,1,0,0.0,18
1,2021,2021011,0,Haas F1 Team,16,MSC,Mick Schumacher,47,#505050,6.0,6,98.744,98.744,0,0,-,-,-1.037,-,-,-,-1.037,-,-,-,,M,#F0E628,6,1.0,0,0,0.191,0,0,0,0,0.0,18
1,2021,2021011,0,Haas F1 Team,16,MSC,Mick Schumacher,47,#505050,7.0,7,99.134,99.134,0,0,98.939,0.390,-1.647,-,-,-,-1.647,-,-,-,,M,#F0E628,7,1.0,0,0,0.191,0,0,0,0,0.0,18
1,2021,2021011,0,Haas F1 Team,16,MSC,Mick Schumacher,47,#505050,8.0,8,99.272,99.272,0,0,99.203,0.138,-1.63,-,-,-,-1.630,-,-,-,,M,#F0E628,8,1.0,0,0,0.191,0,0,0,0,0.0,18
1,2021,2021011,0,Haas F1 Team,16,MSC,Mick Schumacher,47,#505050,9.0,9,99.164,99.164,0,0,99.218,0.108,-1.457,-,-,-,-1.457,-,-,-,,M,#F0E628,9,1.0,0,1,0.191,0,0,0,0,0.0,18
1,2021,2021011,0,Haas F1 Team,16,MSC,Mick Schumacher,47,#505050,10.0,10,98.955,98.955,0,0,99.06,0.209,-1.397,-,-,-,-1.397,-,-,-,,M,#F0E628,10,1.0,0,0,0.191,0,0,0,0,0.0,18
1,2021,2021011,0,Haas F1 Team,16,MSC,Mick Schumacher,47,#505050,11.0,11,99.18,99.18,0,0,99.068,0.225,-1.598,-,-,-,-1.598,-,-,-,,M,#F0E628,11,1.0,0,0,0.191,0,0,0,0,0.0,18
1,2021,2021011,0,Haas F1 Team,16,MSC,Mick Schumacher,47,#505050,12.0,12,99.979,99.432,1,0,99.306,0.799,-2.165,-,-,-,-1.619,-,-,-,,M,#F0E628,12,1.0,0,0,0.191,0,0,0,0,0.0,18
1,2021,2021011,0,Haas F1 Team,16,MSC,Mick Schumacher,47,#505050,13.0,13,99.685,99.685,0,0,99.559,0.294,-2.067,-,-,-,-2.067,-,-,-,,M,#F0E628,13,1.0,0,0,0.191,0,0,0,0,0.0,17
1,2021,2021011,0,Haas F1 Team,16,MSC,Mick Schumacher,47,#505050,14.0,14,-,-,0,1,-,-,-,-,-,-,-,-,-,-,,M,#F0E628,14,1.0,1,0,0.191,0,0,0,0,0.0,17
1,2021,2021011,0,Haas F1 Team,16,MSC,Mick Schumacher,47,#505050,15.0,15,-,-,0,1,-,-,-,-,-,-,-,-,-,-,,M,#F0E628,1,2.0,0,0,0.199,0,0,0,0,0.0,19
1,2021,2021011,0,Haas F1 Team,16,MSC,Mick Schumacher,47,#505050,16.0,16,97.351,97.351,0,0,-,-,-0.521,-,-,-,-0.521,-,-,-,,M,#F0E628,2,2.0,0,0,0.199,0,0,0,0,0.0,19
1,2021,2021011,0,Haas F1 Team,16,MSC,Mick Schumacher,47,#505050,17.0,17,97.627,97.627,0,0,97.489,0.276,-0.685,-,-,-,-0.685,-,-,-,,M,#F0E628,3,2.0,0,0,0.199,0,0,0,0,0.0,19
1,2021,2021011,0,Haas F1 Team,16,MSC,Mick Schumacher,47,#505050,18.0,18,97.74,97.74,0,0,97.684,0.113,-0.76,-,-,-,-0.760,-,-,-,,M,#F0E628,4,2.0,0,0,0.199,0,0,0,0,0.0,19
1,2021,2021011,0,Haas F1 Team,16,MSC,Mick Schumacher,47,#505050,19.0,19,97.944,97.944,0,0,97.842,0.204,-1.329,-,-,-,-1.329,-,-,-,,M,#F0E628,5,2.0,0,0,0.199,0,0,0,0,0.0,19
1,2021,2021011,0,Haas F1 Team,16,MSC,Mick Schumacher,47,#505050,20.0,20,98.231,98.231,0,0,98.088,0.287,-1.253,-,-,-,-1.253,-,-,-,,M,#F0E628,6,2.0,0,0,0.199,0,0,0,0,0.0,18
1,2021,2021011,0,Haas F1 Team,16,MSC,Mick Schumacher,47,#505050,21.0,21,98.02,98.02,0,0,98.125,0.211,-1.021,-,-,-,-1.021,-,-,-,,M,#F0E628,7,2.0,0,0,0.199,0,0,0,0,0.0,18
1,2021,2021011,0,Haas F1 Team,16,MSC,Mick Schumacher,47,#505050,22.0,22,97.67,97.67,0,0,97.845,0.350,-0.772,-,-,-,-0.772,-,-,-,,M,#F0E628,8,2.0,0,0,0.199,0,0,0,0,0.0,18
1,2021,2021011,0,Haas F1 Team,16,MSC,Mick Schumacher,47,#505050,23.0,23,97.578,97.578,0,0,97.624,0.092,-0.897,-,-,-,-0.897,-,-,-,,M,#F0E628,9,2.0,0,0,0.199,0,0,0,0,0.0,18
1,2021,2021011,0,Haas F1 Team,16,MSC,Mick Schumacher,47,#505050,24.0,24,97.595,97.595,0,0,97.586,0.017,-1.079,-,-,-,-1.079,-,-,-,,M,#F0E628,10,2.0,0,1,0.199,0,0,0,0,0.0,18
1,2021,2021011,0,Haas F1 Team,16,MSC,Mick Schumacher,47,#505050,25.0,25,97.779,97.779,0,0,97.687,0.184,-1.252,-,-,-,-1.252,-,-,-,,M,#F0E628,11,2.0,0,0,0.199,0,0,0,0,0.0,18
1,2021,2021011,0,Haas F1 Team,16,MSC,Mick Schumacher,47,#505050,26.0,26,98.144,98.144,0,0,97.962,0.365,-1.609,-,-,-,-1.609,-,-,-,,M,#F0E628,12,2.0,0,0,0.199,0,0,0,0,0.0,18
1,2021,2021011,0,Haas F1 Team,16,MSC,Mick Schumacher,47,#505050,27.0,27,98.957,97.911,1,0,98.027,0.813,-2.32,-,-,-,-1.273,-,-,-,,M,#F0E628,13,2.0,0,0,0.199,0,0,0,0,-1.0,19
1,2021,2021011,0,Haas F1 Team,16,MSC,Mick Schumacher,47,#505050,28.0,28,97.677,97.677,0,0,97.794,1.280,-1.02,-,-,-,-1.020,-,-,-,,M,#F0E628,14,2.0,0,0,0.199,0,0,0,0,0.0,19
1,2021,2021011,0,Haas F1 Team,16,MSC,Mick Schumacher,47,#505050,29.0,29,98.25,98.25,0,0,97.964,0.573,-1.518,-,-,-,-1.518,-,-,-,,M,#F0E628,15,2.0,0,0,0.199,0,0,0,0,0.0,19
1,2021,2021011,0,Haas F1 Team,16,MSC,Mick Schumacher,47,#505050,30.0,30,98.899,98.286,1,0,98.268,0.649,-2.332,-,-,-,-1.719,-,-,-,,M,#F0E628,16,2.0,0,0,0.199,0,0,0,0,0.0,19
1,2021,2021011,0,Haas F1 Team,16,MSC,Mick Schumacher,47,#505050,31.0,31,98.322,98.322,0,0,98.304,0.577,-1.781,-,-,-,-1.781,-,-,-,,M,#F0E628,17,2.0,0,0,0.199,0,0,0,0,0.0,19
1,2021,2021011,0,Haas F1 Team,16,MSC,Mick Schumacher,47,#505050,32.0,32,98.641,98.641,0,0,98.482,0.319,-2.474,-,-,-,-2.474,-,-,-,,M,#F0E628,18,2.0,0,0,0.199,0,0,0,0,0.0,19
1,2021,2021011,0,Haas F1 Team,16,MSC,Mick Schumacher,47,#505050,33.0,33,-,-,0,1,-,-,-,-,-,-,-,-,-,-,,M,#F0E628,19,2.0,1,0,0.199,0,0,0,0,0.0,17
1,2021,2021011,0,Haas F1 Team,16,MSC,Mick Schumacher,47,#505050,34.0,34,-,-,0,1,-,-,-,-,-,-,-,-,-,-,,H,#A5AFB9,1,3.0,0,0,0.589,0,0,0,0,0.0,18
1,2021,2021011,0,Haas F1 Team,16,MSC,Mick Schumacher,47,#505050,35.0,35,96.711,96.711,0,0,-,-,-0.778,-,-,-,-0.778,-,-,-,,H,#A5AFB9,2,3.0,0,0,0.589,0,0,0,0,0.0,18
1,2021,2021011,0,Haas F1 Team,16,MSC,Mick Schumacher,47,#505050,36.0,36,96.722,96.722,0,0,96.716,0.011,-0.947,-,-,-,-0.947,-,-,-,,H,#A5AFB9,3,3.0,0,0,0.589,0,0,0,0,0.0,18
1,2021,2021011,0,Haas F1 Team,16,MSC,Mick Schumacher,47,#505050,37.0,37,98.714,96.428,1,0,96.575,1.992,-3.013,-,-,-,-0.727,-,-,-,,H,#A5AFB9,4,3.0,0,0,0.589,0,0,0,0,0.0,18
1,2021,2021011,0,Haas F1 Team,16,MSC,Mick Schumacher,47,#505050,38.0,38,96.134,96.134,0,0,96.281,2.580,-0.419,-,-,-,-0.419,-,-,-,,H,#A5AFB9,5,3.0,0,0,0.589,0,0,0,0,0.0,18
1,2021,2021011,0,Haas F1 Team,16,MSC,Mick Schumacher,47,#505050,39.0,39,96.786,96.786,0,0,96.46,0.652,-1.048,-,-,-,-1.048,-,-,-,,H,#A5AFB9,6,3.0,0,0,0.589,0,0,0,0,0.0,18
1,2021,2021011,0,Haas F1 Team,16,MSC,Mick Schumacher,47,#505050,40.0,40,96.843,96.843,0,0,96.815,0.057,-1.118,-,-,-,-1.118,-,-,-,,H,#A5AFB9,7,3.0,0,0,0.589,0,0,0,0,0.0,18
1,2021,2021011,0,Haas F1 Team,16,MSC,Mick Schumacher,47,#505050,41.0,41,96.674,96.674,0,0,96.758,0.169,-1.244,-,-,-,-1.244,-,-,-,,H,#A5AFB9,8,3.0,0,0,0.589,0,0,0,0,0.0,18
1,2021,2021011,0,Haas F1 Team,16,MSC,Mick Schumacher,47,#505050,42.0,42,97.962,96.542,1,0,96.608,1.288,-2.515,-,-,-,-1.094,-,-,-,,H,#A5AFB9,9,3.0,0,0,0.589,0,0,0,0,0.0,18
1,2021,2021011,0,Haas F1 Team,16,MSC,Mick Schumacher,47,#505050,43.0,43,96.409,96.409,0,0,96.475,1.553,-1.105,-,-,-,-1.105,-,-,-,,H,#A5AFB9,10,3.0,0,0,0.589,0,0,0,0,0.0,18
1,2021,2021011,0,Haas F1 Team,16,MSC,Mick Schumacher,47,#505050,44.0,44,98.628,96.399,1,0,96.404,2.219,-3.218,-,-,-,-0.989,-,-,-,,H,#A5AFB9,11,3.0,0,0,0.589,0,0,0,0,0.0,18
1,2021,2021011,0,Haas F1 Team,16,MSC,Mick Schumacher,47,#505050,45.0,45,96.389,96.389,0,0,96.394,2.239,-0.887,-,-,-,-0.887,-,-,-,,H,#A5AFB9,12,3.0,0,1,0.589,0,0,0,0,0.0,18
1,2021,2021011,0,Haas F1 Team,16,MSC,Mick Schumacher,47,#505050,46.0,46,96.58,96.58,0,0,96.484,0.191,-1.024,-,-,-,-1.024,-,-,-,,H,#A5AFB9,13,3.0,0,0,0.589,0,0,0,0,0.0,18
1,2021,2021011,0,Haas F1 Team,16,MSC,Mick Schumacher,47,#505050,47.0,47,97.997,96.637,1,0,96.609,1.417,-2.375,-,-,-,-1.015,-,-,-,,H,#A5AFB9,14,3.0,0,0,0.589,0,0,0,0,0.0,18
1,2021,2021011,0,Haas F1 Team,16,MSC,Mick Schumacher,47,#505050,48.0,48,96.695,96.695,0,0,96.666,1.302,-1.27,-,-,-,-1.270,-,-,-,,H,#A5AFB9,15,3.0,0,0,0.589,0,0,0,0,0.0,18
1,2021,2021011,0,Haas F1 Team,16,MSC,Mick Schumacher,47,#505050,49.0,49,98.802,97.736,1,0,97.215,2.107,-3.308,-,-,-,-2.242,-,-,-,,H,#A5AFB9,16,3.0,0,0,0.589,0,0,0,0,0.0,18
1,2021,2021011,0,Haas F1 Team,16,MSC,Mick Schumacher,47,#505050,50.0,50,98.777,98.777,0,0,98.256,0.025,-2.657,-,-,-,-2.657,-,-,-,,H,#A5AFB9,17,3.0,0,0,0.589,0,0,0,0,1.0,17
1,2021,2021011,0,Haas F1 Team,16,MSC,Mick Schumacher,47,#505050,51.0,51,96.652,96.652,0,0,97.714,2.125,-1.164,-,-,-,-1.164,-,-,-,,H,#A5AFB9,18,3.0,0,0,0.589,0,0,0,0,0.0,17
1,2021,2021011,0,Haas F1 Team,16,MSC,Mick Schumacher,47,#505050,52.0,52,97.229,97.229,0,0,96.94,0.577,-1.439,-,-,-,-1.439,-,-,-,,H,#A5AFB9,19,3.0,0,0,0.589,0,0,0,0,0.0,17
1,2021,2021011,0,Haas F1 Team,16,MSC,Mick Schumacher,47,#505050,53.0,53,96.856,96.856,0,0,97.042,0.373,-1.051,-,-,-,-1.051,-,-,-,,H,#A5AFB9,20,3.0,0,0,0.589,0,0,0,0,0.0,16
1,2021,2021011,0,Haas F1 Team,16,MSC,Mick Schumacher,47,#505050,54.0,54,97.118,97.118,0,0,96.987,0.262,-1.133,-,-,-,-1.133,-,-,-,,H,#A5AFB9,21,3.0,0,0,0.589,0,0,0,0,0.0,16
1,2021,2021011,0,Haas F1 Team,16,MSC,Mick Schumacher,47,#505050,55.0,55,97.351,97.351,0,0,97.234,0.233,-1.348,-,-,-,-1.348,-,-,-,,H,#A5AFB9,22,3.0,0,0,0.589,0,0,0,0,0.0,16
1,2021,2021011,0,Haas F1 Team,20,MAZ,Nikita Mazepin,9,#505050,1.0,1,-,-,0,1,-,-,-,-,-,-,-,-,-,-,,M,#F0E628,1,1.0,0,0,-,0,1,0,0,,-
1,2021,2021021,1,Haas F1 Team,16,MSC,Mick Schumacher,47,#505050,1.0,58,-,-,0,1,-,-,-,-,-,-,-,-,-,-,,W,#4682C8,1,1.0,0,0,-,0,1,0,0,,16
1,2021,2021021,1,Haas F1 Team,16,MSC,Mick Schumacher,47,#505050,2.0,59,-,-,0,1,-,-,-,-,-,-,-,-,-,-,,W,#4682C8,2,1.0,0,0,-,0,0,0,0,0.0,15
1,2021,2021021,1,Haas F1 Team,16,MSC,Mick Schumacher,47,#505050,3.0,60,-,-,0,1,-,-,-,-,-,-,-,-,-,-,,W,#4682C8,3,1.0,0,0,-,0,0,0,0,0.0,15
1,2021,2021021,1,Haas F1 Team,16,MSC,Mick Schumacher,47,#505050,4.0,61,-,-,0,1,-,-,-,-,-,-,-,-,-,-,,W,#4682C8,4,1.0,0,0,-,0,0,0,0,-4.0,19
1,2021,2021021,1,Haas F1 Team,16,MSC,Mick Schumacher,47,#505050,5.0,62,-,-,0,1,-,-,-,-,-,-,-,-,-,-,,W,#4682C8,5,1.0,1,0,-,0,0,0,0,0.0,19
1,2021,2021021,1,Haas F1 Team,16,MSC,Mick Schumacher,47,#505050,6.0,63,-,-,0,1,-,-,-,-,-,-,-,-,-,-,,I,#50A078,1,2.0,0,0,1.054,1,0,0,0,0.0,19
1,2021,2021021,1,Haas F1 Team,16,MSC,Mick Schumacher,47,#505050,7.0,64,-,-,0,1,-,-,-,-,-,-,-,-,-,-,,I,#50A078,2,2.0,0,0,1.054,0,0,0,0,0.0,19
1,2021,2021021,1,Haas F1 Team,16,MSC,Mick Schumacher,47,#505050,8.0,65,101.258,101.258,0,0,-,-,-1.561,2.341,-2.732,16.0,-1.561,2.341,-2.732,16.0,-3.902,I,#50A078,3,2.0,0,0,1.054,0,0,0,0,0.0,19
1,2021,2021021,1,Haas F1 Team,16,MSC,Mick Schumacher,47,#505050,9.0,66,98.3,98.3,0,0,99.779,2.958,-1.131,3.607,-2.935,16.0,-1.131,3.607,-2.935,16.0,-4.738,I,#50A078,4,2.0,0,0,1.054,0,0,0,0,0.0,19
1,2021,2021021,1,Haas F1 Team,16,MSC,Mick Schumacher,47,#505050,10.0,67,96.089,96.089,0,0,97.194,2.211,-0.485,4.720,-2.845,16.0,-0.485,4.720,-2.845,16.0,-5.205,I,#50A078,5,2.0,0,0,1.054,0,0,0,0,0.0,19
1,2021,2021021,1,Haas F1 Team,16,MSC,Mick Schumacher,47,#505050,11.0,68,94.933,94.933,0,0,95.511,1.156,-0.283,6.778,-3.672,16.0,-0.283,6.778,-3.672,16.0,-7.061,I,#50A078,6,2.0,0,0,1.054,0,0,0,0,0.0,19
1,2021,2021021,1,Haas F1 Team,16,MSC,Mick Schumacher,47,#505050,12.0,69,93.667,93.667,0,0,94.3,1.266,-0.382,-,-,-,-0.382,-,-,-,,I,#50A078,7,2.0,0,0,1.054,0,0,0,0,0.0,19
1,2021,2021021,1,Haas F1 Team,16,MSC,Mick Schumacher,47,#505050,13.0,70,97.606,93.422,1,0,93.545,3.939,-4.806,-,-,-,-0.623,-,-,-,,I,#50A078,8,2.0,0,0,1.054,0,0,0,0,0.0,18
1,2021,2021021,1,Haas F1 Team,16,MSC,Mick Schumacher,47,#505050,14.0,71,93.178,93.178,0,0,93.3,4.428,-1.74,5.216,-4.348,16.0,-1.740,5.216,-4.348,16.0,-6.956,I,#50A078,9,2.0,0,1,1.054,0,0,0,0,0.0,18
1,2021,2021021,1,Haas F1 Team,16,MSC,Mick Schumacher,47,#505050,15.0,72,93.651,93.651,0,0,93.414,0.473,-3.072,3.527,-4.835,16.0,-3.072,3.527,-4.835,16.0,-6.599,I,#50A078,10,2.0,0,0,1.054,0,0,0,0,0.0,17
1,2021,2021021,1,Haas F1 Team,16,MSC,Mick Schumacher,47,#505050,16.0,73,91.196,91.196,0,0,92.423,2.455,-1.558,3.345,-3.231,16.0,-1.558,3.345,-3.231,16.0,-4.903,I,#50A078,11,2.0,0,0,1.054,0,0,0,0,0.0,17
1,2021,2021021,1,Haas F1 Team,16,MSC,Mick Schumacher,47,#505050,17.0,74,90.704,90.704,0,0,90.95,0.492,-1.414,5.218,-4.023,16.0,-1.414,5.218,-4.023,16.0,-6.632,I,#50A078,12,2.0,0,0,1.054,0,0,0,0,0.0,17
1,2021,2021021,1,Haas F1 Team,16,MSC,Mick Schumacher,47,#505050,18.0,75,91.33,91.33,0,0,91.017,0.626,-2.336,0.760,-2.716,16.0,-2.336,0.760,-2.716,16.0,-3.096,I,#50A078,13,2.0,0,0,1.054,0,0,0,0,0.0,17
1,2021,2021021,1,Haas F1 Team,16,MSC,Mick Schumacher,47,#505050,19.0,76,90.214,90.214,0,0,90.772,1.116,-1.426,7.421,-5.136,16.0,-1.426,1.982,-2.417,16.0,-8.847,I,#50A078,14,2.0,0,0,1.054,0,0,0,0,0.0,17
1,2021,2021021,1,Haas F1 Team,16,MSC,Mick Schumacher,47,#505050,20.0,77,94.379,94.379,0,0,92.297,4.165,-5.382,-2.078,-4.343,20.0,-5.382,-2.078,-4.343,20.0,-3.304,I,#50A078,15,2.0,0,0,1.054,0,0,0,0,-1.0,18
1,2021,2021021,1,Haas F1 Team,16,MSC,Mick Schumacher,47,#505050,21.0,78,-,-,0,1,-,-,-,-,-,-,-,-,-,-,-2.82,I,#50A078,16,2.0,1,0,1.054,0,0,0,0,0.0,18
1,2021,2021021,1,Haas F1 Team,16,MSC,Mick Schumacher,47,#505050,22.0,79,-,-,0,1,-,-,-,-,-,-,-,-,-,-,-6.89,S,#CD3C3C,4,3.0,0,0,1.829,0,0,0,0,0.0,18
1,2021,2021021,1,Haas F1 Team,16,MSC,Mick Schumacher,47,#505050,23.0,80,96.313,96.313,0,0,-,-,-6.433,-,-,-,-6.433,-,-,-,,S,#CD3C3C,5,3.0,0,0,1.829,0,0,0,0,0.0,18
1,2021,2021021,1,Haas F1 Team,16,MSC,Mick Schumacher,47,#505050,24.0,81,92.818,92.818,0,0,94.566,3.495,-2.762,-,-,-,-2.762,-,-,-,,S,#CD3C3C,6,3.0,0,0,1.829,0,0,0,0,0.0,18
1,2021,2021021,1,Haas F1 Team,16,MSC,Mick Schumacher,47,#505050,25.0,82,88.198,88.198,0,0,90.508,4.620,1.009,2.037,-0.009,16.0,1.009,2.037,-0.009,16.0,-1.028,S,#CD3C3C,7,3.0,0,0,1.829,0,0,0,0,0.0,18
1,2021,2021021,1,Haas F1 Team,16,MSC,Mick Schumacher,47,#505050,26.0,83,86.717,86.717,0,0,87.458,1.481,2.024,1.412,1.318,16.0,2.024,1.412,1.318,16.0,0.612,S,#CD3C3C,8,3.0,0,1,1.829,0,0,0,0,0.0,18
1,2021,2021021,1,Haas F1 Team,16,MSC,Mick Schumacher,47,#505050,27.0,84,91.879,88.656,1,0,87.687,5.162,-3.92,-5.516,-1.162,20.0,-0.697,-2.293,0.450,20.0,1.596,S,#CD3C3C,9,3.0,0,0,1.829,0,0,0,0,0.0,18
1,2021,2021021,1,Haas F1 Team,16,MSC,Mick Schumacher,47,#505050,28.0,85,90.596,90.596,0,0,89.626,1.283,-3.304,-4.653,-0.978,20.0,-3.304,-4.653,-0.978,20.0,1.349,S,#CD3C3C,10,3.0,0,0,1.829,0,0,0,0,0.0,18
1,2021,2021021,1,Haas F1 Team,16,MSC,Mick Schumacher,47,#505050,29.0,86,88.569,88.569,0,0,89.583,2.027,-2.644,-,-,-,-2.644,-,-,-,,S,#CD3C3C,11,3.0,0,0,1.829,0,0,0,0,0.0,18
1,2021,2021021,1,Haas F1 Team,16,MSC,Mick Schumacher,47,#505050,30.0,87,-,-,0,1,-,-,-,-,-,-,-,-,-,-,,S,#CD3C3C,12,3.0,0,0,1.829,0,1,0,0,0.0,18
1,2021,2021021,1,Haas F1 Team,16,MSC,Mick Schumacher,47,#505050,31.0,88,-,-,0,1,-,-,-,-,-,-,-,-,-,-,,S,#CD3C3C,13,3.0,1,0,1.829,0,0,0,0,0.0,16
1,2021,2021021,1,Haas F1 Team,16,MSC,Mick Schumacher,47,#505050,32.0,89,-,-,0,1,-,-,-,-,-,-,-,-,-,-,,M,#F0E628,1,4.0,1,0,-,0,0,0,0,0.0,16
1,2021,2021021,1,Haas F1 Team,16,MSC,Mick Schumacher,47,#505050,33.0,90,-,-,0,1,-,-,-,-,-,-,-,-,-,-,,M,#F0E628,2,5.0,0,0,0.425,0,0,0,0,0.0,16
1,2021,2021021,1,Haas F1 Team,16,MSC,Mick Schumacher,47,#505050,34.0,91,90.136,90.136,0,0,-,-,1.549,3.099,-0.001,16.0,1.549,3.099,-0.001,16.0,-1.55,M,#F0E628,3,5.0,0,0,0.425,0,0,0,0,0.0,16
1,2021,2021021,1,Haas F1 Team,16,MSC,Mick Schumacher,47,#505050,35.0,92,84.263,84.263,0,0,87.2,5.873,4.571,5.361,1.891,16.0,4.571,5.361,1.891,16.0,-0.79,M,#F0E628,4,5.0,0,0,0.425,0,0,0,0,0.0,16
1,2021,2021021,1,Haas F1 Team,16,MSC,Mick Schumacher,47,#505050,36.0,93,83.719,83.719,0,0,83.991,0.544,-0.79,1.787,-1.683,16.0,-0.790,1.787,-1.683,16.0,-2.577,M,#F0E628,5,5.0,0,0,0.425,0,0,0,0,0.0,16
1,2021,2021021,1,Haas F1 Team,16,MSC,Mick Schumacher,47,#505050,37.0,94,83.893,83.893,0,0,83.806,0.174,-2.087,-0.266,-1.954,20.0,-2.087,-0.266,-1.954,20.0,-1.821,M,#F0E628,6,5.0,0,0,0.425,0,0,0,0,0.0,16
1,2021,2021021,1,Haas F1 Team,16,MSC,Mick Schumacher,47,#505050,38.0,95,81.789,81.789,0,0,82.841,2.104,-0.229,2.880,-1.669,16.0,-0.229,2.880,-1.669,16.0,-3.109,M,#F0E628,7,5.0,0,0,0.425,0,0,0,0,0.0,16
1,2021,2021021,1,Haas F1 Team,16,MSC,Mick Schumacher,47,#505050,39.0,96,81.534,81.534,0,0,81.662,0.255,-0.69,1.074,-1.227,16.0,-0.690,1.074,-1.227,16.0,-1.764,M,#F0E628,8,5.0,0,0,0.425,0,0,0,0,0.0,16
1,2021,2021021,1,Haas F1 Team,16,MSC,Mick Schumacher,47,#505050,40.0,97,82.612,81.27,1,0,81.402,1.078,-2.164,0.412,-2.370,16.0,-0.822,1.754,-1.699,16.0,-2.576,M,#F0E628,9,5.0,0,0,0.425,0,0,0,0,0.0,16
1,2021,2021021,1,Haas F1 Team,16,MSC,Mick Schumacher,47,#505050,41.0,98,81.006,81.006,0,0,81.138,1.606,-0.755,1.758,-1.634,16.0,-0.755,1.758,-1.634,16.0,-2.513,M,#F0E628,10,5.0,0,0,0.425,0,0,0,0,0.0,16
1,2021,2021021,1,Haas F1 Team,16,MSC,Mick Schumacher,47,#505050,42.0,99,80.496,80.496,0,0,80.751,0.510,-0.479,4.497,-2.728,16.0,-0.479,2.089,-1.524,16.0,-4.976,M,#F0E628,11,5.0,0,0,0.425,0,0,0,0,0.0,16
1,2021,2021021,1,Haas F1 Team,16,MSC,Mick Schumacher,47,#505050,43.0,100,80.823,80.823,0,0,80.66,0.327,-0.889,1.584,-1.681,16.0,-0.889,1.584,-1.681,16.0,-2.473,M,#F0E628,12,5.0,0,0,0.425,0,0,0,0,0.0,16
1,2021,2021021,1,Haas F1 Team,16,MSC,Mick Schumacher,47,#505050,44.0,101,80.874,80.874,0,0,80.848,0.051,-0.85,1.472,-1.586,16.0,-0.850,1.472,-1.586,16.0,-2.322,M,#F0E628,13,5.0,0,0,0.425,0,0,0,0,0.0,16
1,2021,2021021,1,Haas F1 Team,16,MSC,Mick Schumacher,47,#505050,45.0,102,82.309,80.638,1,0,80.756,1.435,-2.297,-0.506,-2.044,20.0,-0.626,1.165,-1.208,16.0,-1.791,M,#F0E628,14,5.0,0,0,0.425,0,0,0,0,0.0,16
1,2021,2021021,1,Haas F1 Team,16,MSC,Mick Schumacher,47,#505050,46.0,103,80.402,80.402,0,0,80.52,1.907,-0.594,0.954,-1.071,16.0,-0.594,0.954,-1.071,16.0,-1.548,M,#F0E628,15,5.0,0,0,0.425,0,0,0,0,0.0,16
1,2021,2021021,1,Haas F1 Team,16,MSC,Mick Schumacher,47,#505050,47.0,104,80.314,80.314,0,0,80.358,0.088,-0.552,1.434,-1.269,16.0,-0.552,1.434,-1.269,16.0,-1.986,M,#F0E628,16,5.0,0,1,0.425,0,0,0,0,0.0,16
1,2021,2021021,1,Haas F1 Team,16,MSC,Mick Schumacher,47,#505050,48.0,105,79.882,79.882,0,0,80.098,0.432,-0.008,3.530,-1.773,16.0,-0.008,3.530,-1.773,16.0,-3.538,M,#F0E628,17,5.0,0,0,0.425,0,0,0,0,0.0,16
1,2021,2021021,1,Haas F1 Team,16,MSC,Mick Schumacher,47,#505050,49.0,106,80.277,80.277,0,0,80.08,0.395,-0.595,0.904,-1.047,16.0,-0.595,0.904,-1.047,16.0,-1.499,M,#F0E628,18,5.0,0,0,0.425,0,0,0,0,0.0,16
1,2021,2021021,1,Haas F1 Team,16,MSC,Mick Schumacher,47,#505050,50.0,107,80.498,80.498,0,0,80.388,0.221,-1.015,0.167,-1.099,16.0,-1.015,0.167,-1.099,16.0,-1.182,M,#F0E628,19,5.0,0,0,0.425,0,0,0,0,0.0,16
1,2021,2021021,1,Haas F1 Team,16,MSC,Mick Schumacher,47,#505050,51.0,108,80.702,80.702,0,0,80.6,0.204,-1.17,0.217,-1.278,16.0,-1.170,0.217,-1.278,16.0,-1.387,M,#F0E628,20,5.0,0,0,0.425,0,0,0,0,0.0,16
1,2021,2021021,1,Haas F1 Team,16,MSC,Mick Schumacher,47,#505050,52.0,109,80.26,80.26,0,0,80.481,0.442,-0.787,0.813,-1.194,16.0,-0.787,0.813,-1.194,16.0,-1.6,M,#F0E628,21,5.0,0,0,0.425,0,0,0,0,0.0,16
1,2021,2021021,1,Haas F1 Team,16,MSC,Mick Schumacher,47,#505050,53.0,110,80.306,80.306,0,0,80.283,0.046,-0.721,7.385,-4.413,16.0,-0.721,0.542,-0.992,16.0,-8.106,M,#F0E628,22,5.0,0,0,0.425,0,0,0,0,0.0,16
1,2021,2021021,1,Haas F1 Team,16,MSC,Mick Schumacher,47,#505050,54.0,111,79.553,79.553,0,0,79.929,0.753,-0.016,1.069,-0.550,16.0,-0.016,1.069,-0.550,16.0,-1.085,M,#F0E628,23,5.0,0,0,0.425,0,0,0,0,0.0,16
1,2021,2021021,1,Haas F1 Team,16,MSC,Mick Schumacher,47,#505050,55.0,112,80.025,80.025,0,0,79.789,0.472,-0.585,0.377,-0.773,16.0,-0.585,0.377,-0.773,16.0,-0.962,M,#F0E628,24,5.0,0,0,0.425,0,0,0,0,0.0,16
1,2021,2021021,1,Haas F1 Team,16,MSC,Mick Schumacher,47,#505050,56.0,113,79.735,79.735,0,0,79.88,0.290,-0.406,0.939,-0.875,16.0,-0.406,0.939,-0.875,16.0,-1.345,M,#F0E628,25,5.0,0,0,0.425,0,0,0,0,0.0,16
1,2021,2021021,1,Haas F1 Team,16,MSC,Mick Schumacher,47,#505050,57.0,114,79.875,79.875,0,0,79.805,0.140,-0.59,0.599,-0.889,16.0,-0.590,0.599,-0.889,16.0,-1.189,M,#F0E628,26,5.0,0,0,0.425,0,0,0,0,0.0,16
1,2021,2021021,1,Haas F1 Team,16,MSC,Mick Schumacher,47,#505050,58.0,115,79.193,79.193,0,0,79.534,0.682,0.139,1.488,-0.605,16.0,0.139,1.488,-0.605,16.0,-1.349,M,#F0E628,27,5.0,0,0,0.425,0,0,0,0,0.0,16
1,2021,2021021,1,Haas F1 Team,16,MSC,Mick Schumacher,47,#505050,59.0,116,79.886,79.886,0,0,79.54,0.693,-0.499,15.326,-8.162,16.0,-0.499,2.180,-1.589,16.0,-15.825,M,#F0E628,28,5.0,0,0,0.425,0,0,0,0,0.0,16
1,2021,2021021,1,Haas F1 Team,16,MSC,Mick Schumacher,47,#505050,60.0,117,79.991,79.991,0,0,79.938,0.105,-0.648,3.461,-2.378,16.0,-0.648,3.461,-2.378,16.0,-4.109,M,#F0E628,29,5.0,0,0,0.425,0,0,0,0,0.0,16
1,2021,2021021,1,Haas F1 Team,16,MSC,Mick Schumacher,47,#505050,61.0,118,82.102,82.102,0,0,81.047,2.111,-2.329,5.869,-5.264,16.0,-2.329,5.869,-5.264,16.0,-8.198,M,#F0E628,30,5.0,0,0,0.425,0,0,0,0,0.0,16
1,2021,2021021,1,Haas F1 Team,20,MAZ,Nikita Mazepin,9,#505050,1.0,58,-,-,0,1,-,-,-,-,-,-,-,-,-,-,,W,#4682C8,1,1.0,0,0,0.615,0,1,0,0,,19
1,2021,2021021,1,Haas F1 Team,20,MAZ,Nikita Mazepin,9,#505050,2.0,59,-,-,0,1,-,-,-,-,-,-,-,-,-,-,,W,#4682C8,2,1.0,0,0,0.615,0,0,0,0,0.0,18
1,2021,2021021,1,Haas F1 Team,20,MAZ,Nikita Mazepin,9,#505050,3.0,60,-,-,0,1,-,-,-,-,-,-,-,-,-,-,,W,#4682C8,3,1.0,0,0,0.615,0,0,0,0,0.0,17
1,2021,2021021,1,Haas F1 Team,20,MAZ,Nikita Mazepin,9,#505050,4.0,61,-,-,0,1,-,-,-,-,-,-,-,-,-,-,,W,#4682C8,4,1.0,0,0,0.615,0,0,0,0,1.0,16
1,2021,2021021,1,Haas F1 Team,20,MAZ,Nikita Mazepin,9,#505050,5.0,62,-,-,0,1,-,-,-,-,-,-,-,-,-,-,,W,#4682C8,5,1.0,0,0,0.615,0,0,0,0,0.0,16
1,2021,2021021,1,Haas F1 Team,20,MAZ,Nikita Mazepin,9,#505050,6.0,63,-,-,0,1,-,-,-,-,-,-,-,-,-,-,,W,#4682C8,6,1.0,0,0,0.615,1,0,0,0,0.0,16
1,2021,2021021,1,Haas F1 Team,20,MAZ,Nikita Mazepin,9,#505050,7.0,64,-,-,0,1,-,-,-,-,-,-,-,-,-,-,,W,#4682C8,7,1.0,0,0,0.615,0,0,0,0,0.0,18
1,2021,2021021,1,Haas F1 Team,20,MAZ,Nikita Mazepin,9,#505050,8.0,65,103.599,103.599,0,0,-,-,-3.902,2.341,-2.732,16.0,-3.902,2.341,-2.732,16.0,-1.561,W,#4682C8,8,1.0,0,0,0.615,0,0,0,0,0.0,18
1,2021,2021021,1,Haas F1 Team,20,MAZ,Nikita Mazepin,9,#505050,9.0,66,101.907,101.907,0,0,102.753,1.692,-4.738,3.607,-2.935,16.0,-4.738,3.607,-2.935,16.0,-1.131,W,#4682C8,9,1.0,0,1,0.615,0,0,0,0,0.0,18
1,2021,2021021,1,Haas F1 Team,20,MAZ,Nikita Mazepin,9,#505050,10.0,67,100.809,100.809,0,0,101.358,1.098,-5.205,4.720,-2.845,16.0,-5.205,4.720,-2.845,16.0,-0.485,W,#4682C8,10,1.0,0,0,0.615,0,0,0,0,0.0,18
1,2021,2021021,1,Haas F1 Team,20,MAZ,Nikita Mazepin,9,#505050,11.0,68,101.711,101.711,0,0,101.26,0.902,-7.061,6.778,-3.672,16.0,-7.061,6.778,-3.672,16.0,-0.283,W,#4682C8,11,1.0,0,0,0.615,0,0,0,0,0.0,18
1,2021,2021021,1,Haas F1 Team,20,MAZ,Nikita Mazepin,9,#505050,12.0,69,-,-,0,1,-,-,-,-,-,-,-,-,-,-,-0.382,W,#4682C8,12,1.0,1,0,0.615,0,0,0,0,0.0,18
1,2021,2021021,1,Haas F1 Team,20,MAZ,Nikita Mazepin,9,#505050,13.0,70,-,-,0,1,-,-,-,-,-,-,-,-,-,-,-4.806,I,#50A078,1,2.0,0,0,1.584,0,0,0,0,0.0,19
1,2021,2021021,1,Haas F1 Team,20,MAZ,Nikita Mazepin,9,#505050,14.0,71,98.394,98.394,0,0,-,-,-6.956,5.216,-4.348,16.0,-6.956,5.216,-4.348,16.0,-1.74,I,#50A078,2,2.0,0,0,1.584,0,0,0,0,0.0,19
1,2021,2021021,1,Haas F1 Team,20,MAZ,Nikita Mazepin,9,#505050,15.0,72,97.178,97.178,0,0,97.786,1.216,-6.599,3.527,-4.835,16.0,-6.599,3.527,-4.835,16.0,-3.072,I,#50A078,3,2.0,0,0,1.584,0,0,0,0,0.0,19
1,2021,2021021,1,Haas F1 Team,20,MAZ,Nikita Mazepin,9,#505050,16.0,73,94.541,94.541,0,0,95.86,2.637,-4.903,3.345,-3.231,16.0,-4.903,3.345,-3.231,16.0,-1.558,I,#50A078,4,2.0,0,0,1.584,0,0,0,0,0.0,19
1,2021,2021021,1,Haas F1 Team,20,MAZ,Nikita Mazepin,9,#505050,17.0,74,95.922,95.922,0,0,95.232,1.381,-6.632,5.218,-4.023,16.0,-6.632,5.218,-4.023,16.0,-1.414,I,#50A078,5,2.0,0,0,1.584,0,0,0,0,0.0,19
1,2021,2021021,1,Haas F1 Team,20,MAZ,Nikita Mazepin,9,#505050,18.0,75,92.09,92.09,0,0,94.006,3.832,-3.096,0.760,-2.716,16.0,-3.096,0.760,-2.716,16.0,-2.336,I,#50A078,6,2.0,0,1,1.584,0,0,0,0,0.0,19
1,2021,2021021,1,Haas F1 Team,20,MAZ,Nikita Mazepin,9,#505050,19.0,76,97.635,92.196,1,0,92.143,5.545,-8.847,7.421,-5.136,16.0,-3.408,1.982,-2.417,16.0,-1.426,I,#50A078,7,2.0,0,0,1.584,0,0,0,0,0.0,19
1,2021,2021021,1,Haas F1 Team,20,MAZ,Nikita Mazepin,9,#505050,20.0,77,92.301,92.301,0,0,92.248,5.334,-3.304,-2.078,-4.343,20.0,-3.304,-2.078,-4.343,20.0,-5.382,I,#50A078,8,2.0,0,0,1.584,0,0,0,0,0.0,19
1,2021,2021021,1,Haas F1 Team,20,MAZ,Nikita Mazepin,9,#505050,21.0,78,91.792,91.792,0,0,92.047,0.509,-2.82,-,-,-,-2.820,-,-,-,,I,#50A078,9,2.0,0,0,1.584,0,0,0,0,0.0,19
1,2021,2021021,1,Haas F1 Team,20,MAZ,Nikita Mazepin,9,#505050,22.0,79,96.466,96.466,0,0,94.129,4.674,-6.89,-,-,-,-6.890,-,-,-,,I,#50A078,10,2.0,0,0,1.584,0,0,0,0,0.0,19
1,2021,2021021,1,Haas F1 Team,20,MAZ,Nikita Mazepin,9,#505050,23.0,80,-,-,0,1,-,-,-,-,-,-,-,-,-,-,-6.433,I,#50A078,11,2.0,1,0,1.584,0,0,0,0,0.0,19
1,2021,2021021,1,Haas F1 Team,20,MAZ,Nikita Mazepin,9,#505050,24.0,81,-,-,0,1,-,-,-,-,-,-,-,-,-,-,-2.762,S,#CD3C3C,4,3.0,0,0,0.715,0,0,0,0,0.0,19
1,2021,2021021,1,Haas F1 Team,20,MAZ,Nikita Mazepin,9,#505050,25.0,82,90.235,90.235,0,0,-,-,-1.028,2.037,-0.009,16.0,-1.028,2.037,-0.009,16.0,1.009,S,#CD3C3C,5,3.0,0,0,0.715,0,0,0,0,0.0,19
1,2021,2021021,1,Haas F1 Team,20,MAZ,Nikita Mazepin,9,#505050,26.0,83,88.129,88.129,0,0,89.182,2.106,0.612,1.412,1.318,16.0,0.612,1.412,1.318,16.0,2.024,S,#CD3C3C,6,3.0,0,1,0.715,0,0,0,0,0.0,19
1,2021,2021021,1,Haas F1 Team,20,MAZ,Nikita Mazepin,9,#505050,27.0,84,86.363,86.363,0,0,87.246,1.766,1.596,-5.516,-1.162,20.0,1.596,-2.293,0.450,20.0,-3.92,S,#CD3C3C,7,3.0,0,0,0.715,0,0,0,0,0.0,19
1,2021,2021021,1,Haas F1 Team,20,MAZ,Nikita Mazepin,9,#505050,28.0,85,85.943,85.943,0,0,86.153,0.420,1.349,-4.653,-0.978,20.0,1.349,-4.653,-0.978,20.0,-3.304,S,#CD3C3C,8,3.0,0,0,0.715,0,0,0,0,0.0,19
1,2021,2021021,1,Haas F1 Team,20,MAZ,Nikita Mazepin,9,#505050,29.0,86,-,-,0,1,-,-,-,-,-,-,-,-,-,-,-2.644,S,#CD3C3C,9,3.0,0,0,0.715,0,1,0,0,0.0,19
1,2021,2021021,1,Haas F1 Team,20,MAZ,Nikita Mazepin,9,#505050,30.0,87,-,-,0,1,-,-,-,-,-,-,-,-,-,-,,S,#CD3C3C,10,3.0,0,0,0.715,0,0,0,0,0.0,19
1,2021,2021021,1,Haas F1 Team,20,MAZ,Nikita Mazepin,9,#505050,31.0,88,-,-,0,1,-,-,-,-,-,-,-,-,-,-,,S,#CD3C3C,11,3.0,1,0,0.715,0,0,0,0,0.0,17
1,2021,2021021,1,Haas F1 Team,20,MAZ,Nikita Mazepin,9,#505050,32.0,89,-,-,0,1,-,-,-,-,-,-,-,-,-,-,,M,#F0E628,1,4.0,1,0,-,0,0,0,0,0.0,17
1,2021,2021021,1,Haas F1 Team,20,MAZ,Nikita Mazepin,9,#505050,33.0,90,-,-,0,1,-,-,-,-,-,-,-,-,-,-,,M,#F0E628,2,5.0,0,0,1.345,0,0,0,0,0.0,17
1,2021,2021021,1,Haas F1 Team,20,MAZ,Nikita Mazepin,9,#505050,34.0,91,93.235,93.235,0,0,-,-,-1.55,3.099,-0.001,16.0,-1.550,3.099,-0.001,16.0,1.549,M,#F0E628,3,5.0,0,0,1.345,0,0,0,0,0.0,17
1,2021,2021021,1,Haas F1 Team,20,MAZ,Nikita Mazepin,9,#505050,35.0,92,89.624,89.624,0,0,91.429,3.611,-0.79,5.361,1.891,16.0,-0.790,5.361,1.891,16.0,4.571,M,#F0E628,4,5.0,0,0,1.345,0,0,0,0,0.0,17
1,2021,2021021,1,Haas F1 Team,20,MAZ,Nikita Mazepin,9,#505050,36.0,93,85.506,85.506,0,0,87.565,4.118,-2.577,1.787,-1.683,16.0,-2.577,1.787,-1.683,16.0,-0.79,M,#F0E628,5,5.0,0,0,1.345,0,0,0,0,0.0,17
1,2021,2021021,1,Haas F1 Team,20,MAZ,Nikita Mazepin,9,#505050,37.0,94,83.627,83.627,0,0,84.566,1.879,-1.821,-0.266,-1.954,20.0,-1.821,-0.266,-1.954,20.0,-2.087,M,#F0E628,6,5.0,0,0,1.345,0,0,0,0,0.0,17
1,2021,2021021,1,Haas F1 Team,20,MAZ,Nikita Mazepin,9,#505050,38.0,95,84.669,84.669,0,0,84.148,1.042,-3.109,2.880,-1.669,16.0,-3.109,2.880,-1.669,16.0,-0.229,M,#F0E628,7,5.0,0,0,1.345,0,0,0,0,0.0,17
1,2021,2021021,1,Haas F1 Team,20,MAZ,Nikita Mazepin,9,#505050,39.0,96,82.608,82.608,0,0,83.638,2.061,-1.764,1.074,-1.227,16.0,-1.764,1.074,-1.227,16.0,-0.69,M,#F0E628,8,5.0,0,0,1.345,0,0,0,0,0.0,17
1,2021,2021021,1,Haas F1 Team,20,MAZ,Nikita Mazepin,9,#505050,40.0,97,83.024,83.024,0,0,82.816,0.416,-2.576,0.412,-2.370,16.0,-2.576,1.754,-1.699,16.0,-2.164,M,#F0E628,9,5.0,0,0,1.345,0,0,0,0,0.0,17
1,2021,2021021,1,Haas F1 Team,20,MAZ,Nikita Mazepin,9,#505050,41.0,98,82.763,82.763,0,0,82.894,0.261,-2.513,1.758,-1.634,16.0,-2.513,1.758,-1.634,16.0,-0.755,M,#F0E628,10,5.0,0,0,1.345,0,0,0,0,0.0,17
1,2021,2021021,1,Haas F1 Team,20,MAZ,Nikita Mazepin,9,#505050,42.0,99,84.993,82.585,1,0,82.674,2.230,-4.976,4.497,-2.728,16.0,-2.568,2.089,-1.524,16.0,-0.479,M,#F0E628,11,5.0,0,0,1.345,0,0,0,0,0.0,17
1,2021,2021021,1,Haas F1 Team,20,MAZ,Nikita Mazepin,9,#505050,43.0,100,82.407,82.407,0,0,82.496,2.586,-2.473,1.584,-1.681,16.0,-2.473,1.584,-1.681,16.0,-0.889,M,#F0E628,12,5.0,0,0,1.345,0,0,0,0,0.0,17
1,2021,2021021,1,Haas F1 Team,20,MAZ,Nikita Mazepin,9,#505050,44.0,101,82.346,82.346,0,0,82.376,0.061,-2.322,1.472,-1.586,16.0,-2.322,1.472,-1.586,16.0,-0.85,M,#F0E628,13,5.0,0,0,1.345,0,0,0,0,0.0,17
1,2021,2021021,1,Haas F1 Team,20,MAZ,Nikita Mazepin,9,#505050,45.0,102,81.803,81.803,0,0,82.074,0.543,-1.791,-0.506,-2.044,20.0,-1.791,1.165,-1.208,16.0,-2.297,M,#F0E628,14,5.0,0,0,1.345,0,0,0,0,0.0,17
1,2021,2021021,1,Haas F1 Team,20,MAZ,Nikita Mazepin,9,#505050,46.0,103,81.356,81.356,0,0,81.58,0.447,-1.548,0.954,-1.071,16.0,-1.548,0.954,-1.071,16.0,-0.594,M,#F0E628,15,5.0,0,0,1.345,0,0,0,0,0.0,17
1,2021,2021021,1,Haas F1 Team,20,MAZ,Nikita Mazepin,9,#505050,47.0,104,81.748,81.748,0,0,81.552,0.392,-1.986,1.434,-1.269,16.0,-1.986,1.434,-1.269,16.0,-0.552,M,#F0E628,16,5.0,0,1,1.345,0,0,0,0,0.0,17
1,2021,2021021,1,Haas F1 Team,20,MAZ,Nikita Mazepin,9,#505050,48.0,105,83.412,83.412,0,0,82.58,1.664,-3.538,3.530,-1.773,16.0,-3.538,3.530,-1.773,16.0,-0.008,M,#F0E628,17,5.0,0,0,1.345,0,0,0,0,0.0,17
1,2021,2021021,1,Haas F1 Team,20,MAZ,Nikita Mazepin,9,#505050,49.0,106,81.181,81.181,0,0,82.297,2.231,-1.499,0.904,-1.047,16.0,-1.499,0.904,-1.047,16.0,-0.595,M,#F0E628,18,5.0,0,0,1.345,0,0,0,0,0.0,17
1,2021,2021021,1,Haas F1 Team,20,MAZ,Nikita Mazepin,9,#505050,50.0,107,80.665,80.665,0,0,80.923,0.516,-1.182,0.167,-1.099,16.0,-1.182,0.167,-1.099,16.0,-1.015,M,#F0E628,19,5.0,0,0,1.345,0,0,0,0,0.0,17
1,2021,2021021,1,Haas F1 Team,20,MAZ,Nikita Mazepin,9,#505050,51.0,108,80.919,80.919,0,0,80.792,0.254,-1.387,0.217,-1.278,16.0,-1.387,0.217,-1.278,16.0,-1.17,M,#F0E628,20,5.0,0,0,1.345,0,0,0,0,0.0,17
1,2021,2021021,1,Haas F1 Team,20,MAZ,Nikita Mazepin,9,#505050,52.0,109,81.073,81.073,0,0,80.996,0.154,-1.6,0.813,-1.194,16.0,-1.600,0.813,-1.194,16.0,-0.787,M,#F0E628,21,5.0,0,0,1.345,0,0,0,0,0.0,17
1,2021,2021021,1,Haas F1 Team,20,MAZ,Nikita Mazepin,9,#505050,53.0,110,87.691,80.848,1,0,80.96,6.618,-8.106,7.385,-4.413,16.0,-1.263,0.542,-0.992,16.0,-0.721,M,#F0E628,22,5.0,0,0,1.345,0,0,0,0,0.0,17
1,2021,2021021,1,Haas F1 Team,20,MAZ,Nikita Mazepin,9,#505050,54.0,111,80.622,80.622,0,0,80.735,7.069,-1.085,1.069,-0.550,16.0,-1.085,1.069,-0.550,16.0,-0.016,M,#F0E628,23,5.0,0,0,1.345,0,0,0,0,0.0,17
1,2021,2021021,1,Haas F1 Team,20,MAZ,Nikita Mazepin,9,#505050,55.0,112,80.402,80.402,0,0,80.512,0.220,-0.962,0.377,-0.773,16.0,-0.962,0.377,-0.773,16.0,-0.585,M,#F0E628,24,5.0,0,0,1.345,0,0,0,0,0.0,17
1,2021,2021021,1,Haas F1 Team,20,MAZ,Nikita Mazepin,9,#505050,56.0,113,80.674,80.674,0,0,80.538,0.272,-1.345,0.939,-0.875,16.0,-1.345,0.939,-0.875,16.0,-0.406,M,#F0E628,25,5.0,0,0,1.345,0,0,0,0,0.0,17
1,2021,2021021,1,Haas F1 Team,20,MAZ,Nikita Mazepin,9,#505050,57.0,114,80.474,80.474,0,0,80.574,0.200,-1.189,0.599,-0.889,16.0,-1.189,0.599,-0.889,16.0,-0.59,M,#F0E628,26,5.0,0,0,1.345,0,0,0,0,0.0,17
1,2021,2021021,1,Haas F1 Team,20,MAZ,Nikita Mazepin,9,#505050,58.0,115,80.681,80.681,0,0,80.578,0.207,-1.349,1.488,-0.605,16.0,-1.349,1.488,-0.605,16.0,0.139,M,#F0E628,27,5.0,0,0,1.345,0,0,0,0,0.0,17
1,2021,2021021,1,Haas F1 Team,20,MAZ,Nikita Mazepin,9,#505050,59.0,116,95.212,82.066,1,0,81.374,14.531,-15.825,15.326,-8.162,16.0,-2.679,2.180,-1.589,16.0,-0.499,M,#F0E628,28,5.0,0,0,1.345,0,0,0,0,0.0,17
1,2021,2021021,1,Haas F1 Team,20,MAZ,Nikita Mazepin,9,#505050,60.0,117,83.452,83.452,0,0,82.759,11.760,-4.109,3.461,-2.378,16.0,-4.109,3.461,-2.378,16.0,-0.648,M,#F0E628,29,5.0,0,0,1.345,0,0,0,0,0.0,17
1,2021,2021021,1,Haas F1 Team,20,MAZ,Nikita Mazepin,9,#505050,61.0,118,87.971,87.971,0,0,85.712,4.519,-8.198,5.869,-5.264,16.0,-8.198,5.869,-5.264,16.0,-2.329,M,#F0E628,30,5.0,0,0,1.345,0,0,0,0,0.0,17
1,2021,2021031,2,Haas F1 Team,16,MSC,Mick Schumacher,47,#505050,1.0,121,-,-,0,1,-,-,-,-,-,-,-,-,-,-,,M,#F0E628,1,1.0,0,0,-,0,0,0,0,,19
1,2021,2021031,2,Haas F1 Team,16,MSC,Mick Schumacher,47,#505050,2.0,122,-,-,0,1,-,-,-,-,-,-,-,-,-,-,,M,#F0E628,2,1.0,1,0,-,0,1,0,0,0.0,18
1,2021,2021031,2,Haas F1 Team,16,MSC,Mick Schumacher,47,#505050,3.0,123,-,-,0,1,-,-,-,-,-,-,-,-,-,-,,M,#F0E628,3,2.0,1,0,-,0,0,0,0,0.0,18
1,2021,2021031,2,Haas F1 Team,16,MSC,Mick Schumacher,47,#505050,4.0,124,-,-,0,1,-,-,-,-,-,-,-,-,-,-,,M,#F0E628,4,3.0,0,0,0.321,0,0,0,0,0.0,18
1,2021,2021031,2,Haas F1 Team,16,MSC,Mick Schumacher,47,#505050,5.0,125,-,-,0,1,-,-,-,-,-,-,-,-,-,-,,M,#F0E628,5,3.0,0,0,0.321,0,0,0,0,0.0,18
1,2021,2021031,2,Haas F1 Team,16,MSC,Mick Schumacher,47,#505050,6.0,126,-,-,0,1,-,-,-,-,-,-,-,-,-,-,,M,#F0E628,6,3.0,0,0,0.321,1,0,0,0,0.0,18
1,2021,2021031,2,Haas F1 Team,16,MSC,Mick Schumacher,47,#505050,7.0,127,-,-,0,1,-,-,-,-,-,-,-,-,-,-,,M,#F0E628,7,3.0,0,0,0.321,0,0,0,0,0.0,19
1,2021,2021031,2,Haas F1 Team,16,MSC,Mick Schumacher,47,#505050,8.0,128,87.895,87.895,0,0,-,-,-2.211,0.682,-2.552,16.0,-2.211,0.682,-2.552,16.0,-2.893,M,#F0E628,8,3.0,0,0,0.321,0,0,0,0,1.0,18
1,2021,2021031,2,Haas F1 Team,16,MSC,Mick Schumacher,47,#505050,9.0,129,86.441,86.441,0,0,87.168,1.454,-1.702,0.177,-1.790,16.0,-1.702,0.177,-1.790,16.0,-1.879,M,#F0E628,9,3.0,0,0,0.321,0,0,0,0,0.0,18
1,2021,2021031,2,Haas F1 Team,16,MSC,Mick Schumacher,47,#505050,10.0,130,85.882,85.882,0,0,86.162,0.559,-1.46,0.307,-1.613,16.0,-1.460,0.307,-1.613,16.0,-1.767,M,#F0E628,10,3.0,0,0,0.321,0,0,0,0,0.0,18
1,2021,2021031,2,Haas F1 Team,16,MSC,Mick Schumacher,47,#505050,11.0,131,85.244,85.244,0,0,85.563,0.638,-1.105,0.551,-1.381,16.0,-1.105,0.551,-1.381,16.0,-1.656,M,#F0E628,11,3.0,0,0,0.321,0,0,0,0,0.0,18
1,2021,2021031,2,Haas F1 Team,16,MSC,Mick Schumacher,47,#505050,12.0,132,84.628,84.628,0,0,84.936,0.616,-0.793,0.680,-1.133,16.0,-0.793,0.680,-1.133,16.0,-1.473,M,#F0E628,12,3.0,0,0,0.321,0,0,0,0,0.0,18
1,2021,2021031,2,Haas F1 Team,16,MSC,Mick Schumacher,47,#505050,13.0,133,85.425,84.786,1,0,84.707,0.797,-1.407,0.316,-1.565,16.0,-0.768,0.955,-1.246,16.0,-1.723,M,#F0E628,13,3.0,0,0,0.321,0,0,0,0,0.0,18
1,2021,2021031,2,Haas F1 Team,16,MSC,Mick Schumacher,47,#505050,14.0,134,84.943,84.943,0,0,84.864,0.482,-0.835,0.773,-1.222,16.0,-0.835,0.773,-1.222,16.0,-1.608,M,#F0E628,14,3.0,0,0,0.321,0,0,0,0,0.0,18
1,2021,2021031,2,Haas F1 Team,16,MSC,Mick Schumacher,47,#505050,15.0,135,84.966,84.966,0,0,84.954,0.023,-0.989,0.335,-1.157,16.0,-0.989,0.335,-1.157,16.0,-1.324,M,#F0E628,15,3.0,0,0,0.321,0,0,0,0,0.0,18
1,2021,2021031,2,Haas F1 Team,16,MSC,Mick Schumacher,47,#505050,16.0,136,85.456,85.1,1,0,85.033,0.490,-1.58,0.148,-1.654,16.0,-1.224,0.504,-1.476,16.0,-1.728,M,#F0E628,16,3.0,0,0,0.321,0,0,0,0,0.0,18
1,2021,2021031,2,Haas F1 Team,16,MSC,Mick Schumacher,47,#505050,17.0,137,85.235,85.235,0,0,85.168,0.221,-1.416,0.201,-1.516,16.0,-1.416,0.201,-1.516,16.0,-1.617,M,#F0E628,17,3.0,0,0,0.321,0,0,0,0,0.0,18
1,2021,2021031,2,Haas F1 Team,16,MSC,Mick Schumacher,47,#505050,18.0,138,85.481,85.481,0,0,85.358,0.246,-1.696,-0.178,-1.607,20.0,-1.696,-0.178,-1.607,20.0,-1.518,M,#F0E628,18,3.0,0,0,0.321,0,0,0,0,0.0,18
1,2021,2021031,2,Haas F1 Team,16,MSC,Mick Schumacher,47,#505050,19.0,139,85.13,85.13,0,0,85.306,0.351,-1.276,-0.068,-1.242,20.0,-1.276,-0.068,-1.242,20.0,-1.208,M,#F0E628,19,3.0,0,1,0.321,0,0,0,0,0.0,18
1,2021,2021031,2,Haas F1 Team,16,MSC,Mick Schumacher,47,#505050,20.0,140,85.067,85.067,0,0,85.098,0.063,-1.086,0.194,-1.183,16.0,-1.086,0.194,-1.183,16.0,-1.28,M,#F0E628,20,3.0,0,0,0.321,0,0,0,0,0.0,18
1,2021,2021031,2,Haas F1 Team,16,MSC,Mick Schumacher,47,#505050,21.0,141,85.072,85.072,0,0,85.07,0.005,-1.052,0.069,-1.087,16.0,-1.052,0.069,-1.087,16.0,-1.121,M,#F0E628,21,3.0,0,0,0.321,0,0,0,0,0.0,18
1,2021,2021031,2,Haas F1 Team,16,MSC,Mick Schumacher,47,#505050,22.0,142,84.771,84.771,0,0,84.922,0.301,-0.885,0.759,-1.264,16.0,-0.885,0.759,-1.264,16.0,-1.644,M,#F0E628,22,3.0,0,0,0.321,0,0,0,0,0.0,17
1,2021,2021031,2,Haas F1 Team,16,MSC,Mick Schumacher,47,#505050,23.0,143,85.63,84.791,1,0,84.781,0.859,-1.924,1.363,-2.606,16.0,-1.084,0.645,-1.407,16.0,-3.287,M,#F0E628,23,3.0,0,0,0.321,0,0,0,0,0.0,15
1,2021,2021031,2,Haas F1 Team,16,MSC,Mick Schumacher,47,#505050,24.0,144,84.81,84.81,0,0,84.8,0.820,-1.132,0.530,-1.397,16.0,-1.132,0.530,-1.397,16.0,-1.662,M,#F0E628,24,3.0,0,0,0.321,0,0,0,0,0.0,14
1,2021,2021031,2,Haas F1 Team,16,MSC,Mick Schumacher,47,#505050,25.0,145,86.159,84.6,1,0,84.705,1.349,-2.7,-0.933,-2.234,20.0,-1.141,0.626,-1.454,16.0,-1.767,M,#F0E628,25,3.0,0,0,0.321,0,0,0,0,-1.0,15
1,2021,2021031,2,Haas F1 Team,16,MSC,Mick Schumacher,47,#505050,26.0,146,84.389,84.389,0,0,84.494,1.770,-0.923,0.266,-1.056,16.0,-0.923,0.266,-1.056,16.0,-1.189,M,#F0E628,26,3.0,0,0,0.321,0,0,0,0,0.0,15
1,2021,2021031,2,Haas F1 Team,16,MSC,Mick Schumacher,47,#505050,27.0,147,85.493,84.538,1,0,84.464,1.104,-1.976,-0.443,-1.754,20.0,-1.021,0.512,-1.277,16.0,-1.533,M,#F0E628,27,3.0,0,0,0.321,0,0,0,0,-1.0,16
1,2021,2021031,2,Haas F1 Team,16,MSC,Mick Schumacher,47,#505050,28.0,148,84.687,84.687,0,0,84.612,0.806,-1.373,1.633,-2.189,16.0,-1.373,0.404,-1.575,16.0,-3.006,M,#F0E628,28,3.0,0,0,0.321,0,0,0,0,0.0,15
1,2021,2021031,2,Haas F1 Team,16,MSC,Mick Schumacher,47,#505050,29.0,149,83.993,83.993,0,0,84.34,0.694,-0.742,1.140,-1.312,16.0,-0.742,1.140,-1.312,16.0,-1.882,M,#F0E628,29,3.0,0,0,0.321,0,0,0,0,0.0,15
1,2021,2021031,2,Haas F1 Team,16,MSC,Mick Schumacher,47,#505050,30.0,150,83.977,83.977,0,0,83.985,0.016,-0.711,0.491,-0.957,16.0,-0.711,0.491,-0.957,16.0,-1.202,M,#F0E628,30,3.0,0,0,0.321,0,0,0,0,0.0,15
1,2021,2021031,2,Haas F1 Team,16,MSC,Mick Schumacher,47,#505050,31.0,151,83.783,83.783,0,0,83.88,0.194,-0.577,-,-,-,-0.577,-,-,-,,M,#F0E628,31,3.0,0,0,0.321,0,0,0,0,0.0,15
1,2021,2021031,2,Haas F1 Team,16,MSC,Mick Schumacher,47,#505050,32.0,152,-,-,0,1,-,-,-,-,-,-,-,-,-,-,,M,#F0E628,32,3.0,1,0,0.321,0,0,0,0,0.0,15
1,2021,2021031,2,Haas F1 Team,16,MSC,Mick Schumacher,47,#505050,33.0,153,-,-,0,1,-,-,-,-,-,-,-,-,-,-,-1.822,H,#A5AFB9,1,4.0,0,0,0.511,0,0,0,0,0.0,18
1,2021,2021031,2,Haas F1 Team,16,MSC,Mick Schumacher,47,#505050,34.0,154,84.125,84.125,0,0,-,-,-1.262,0.007,-1.265,16.0,-1.262,0.007,-1.265,16.0,-1.269,H,#A5AFB9,2,4.0,0,0,0.511,0,0,0,0,0.0,18
1,2021,2021031,2,Haas F1 Team,16,MSC,Mick Schumacher,47,#505050,35.0,155,84.113,84.113,0,0,84.119,0.012,-1.017,4.470,-3.252,16.0,-1.017,0.161,-1.097,16.0,-5.487,H,#A5AFB9,3,4.0,0,0,0.511,0,0,0,0,0.0,18
1,2021,2021031,2,Haas F1 Team,16,MSC,Mick Schumacher,47,#505050,36.0,156,83.85,83.85,0,0,83.982,0.263,-0.664,0.566,-0.947,16.0,-0.664,0.566,-0.947,16.0,-1.23,H,#A5AFB9,4,4.0,0,0,0.511,0,0,0,0,0.0,18
1,2021,2021031,2,Haas F1 Team,16,MSC,Mick Schumacher,47,#505050,37.0,157,85.241,85.241,0,0,84.546,1.391,-2.02,-0.616,-1.712,20.0,-2.020,-0.616,-1.712,20.0,-1.404,H,#A5AFB9,5,4.0,0,0,0.511,0,0,0,0,0.0,18
1,2021,2021031,2,Haas F1 Team,16,MSC,Mick Schumacher,47,#505050,38.0,158,85.805,85.805,0,0,85.523,0.564,-2.604,-1.402,-1.903,20.0,-2.604,-1.402,-1.903,20.0,-1.202,H,#A5AFB9,6,4.0,0,0,0.511,0,0,0,0,0.0,18
1,2021,2021031,2,Haas F1 Team,16,MSC,Mick Schumacher,47,#505050,39.0,159,84.515,84.515,0,0,85.16,1.290,-1.451,-0.143,-1.380,20.0,-1.451,-0.143,-1.380,20.0,-1.308,H,#A5AFB9,7,4.0,0,0,0.511,0,0,0,0,0.0,18
1,2021,2021031,2,Haas F1 Team,16,MSC,Mick Schumacher,47,#505050,40.0,160,84.131,84.131,0,0,84.323,0.384,-1.198,0.009,-1.202,16.0,-1.198,0.009,-1.202,16.0,-1.207,H,#A5AFB9,8,4.0,0,0,0.511,0,0,0,0,0.0,18
1,2021,2021031,2,Haas F1 Team,16,MSC,Mick Schumacher,47,#505050,41.0,161,84.46,84.46,0,0,84.296,0.329,-1.384,1.683,-2.226,16.0,-1.384,1.683,-2.226,16.0,-3.067,H,#A5AFB9,9,4.0,0,0,0.511,0,0,0,0,0.0,18
1,2021,2021031,2,Haas F1 Team,16,MSC,Mick Schumacher,47,#505050,42.0,162,84.034,84.034,0,0,84.247,0.426,-0.931,4.436,-3.149,16.0,-0.931,4.436,-3.149,16.0,-5.367,H,#A5AFB9,10,4.0,0,0,0.511,0,0,0,0,0.0,18
1,2021,2021031,2,Haas F1 Team,16,MSC,Mick Schumacher,47,#505050,43.0,163,84.206,84.206,0,0,84.12,0.172,-1.423,-,-,-,-1.423,-,-,-,,H,#A5AFB9,11,4.0,0,0,0.511,0,0,0,0,0.0,18
1,2021,2021031,2,Haas F1 Team,16,MSC,Mick Schumacher,47,#505050,44.0,164,84.601,84.601,0,0,84.404,0.395,-1.811,-,-,-,-1.811,-,-,-,,H,#A5AFB9,12,4.0,0,0,0.511,0,0,0,0,0.0,18
1,2021,2021031,2,Haas F1 Team,16,MSC,Mick Schumacher,47,#505050,45.0,165,83.825,83.825,0,0,84.213,0.776,-0.924,4.559,-3.204,16.0,-0.924,4.559,-3.204,16.0,-5.483,H,#A5AFB9,13,4.0,0,0,0.511,0,0,0,0,0.0,18
1,2021,2021031,2,Haas F1 Team,16,MSC,Mick Schumacher,47,#505050,46.0,166,84.221,84.221,0,0,84.023,0.396,-1.574,-0.193,-1.478,20.0,-1.574,-0.193,-1.478,20.0,-1.381,H,#A5AFB9,14,4.0,0,0,0.511,0,0,0,0,0.0,18
1,2021,2021031,2,Haas F1 Team,16,MSC,Mick Schumacher,47,#505050,47.0,167,84.001,84.001,0,0,84.111,0.220,-1.377,0.139,-1.446,16.0,-1.377,0.139,-1.446,16.0,-1.516,H,#A5AFB9,15,4.0,0,0,0.511,0,0,0,0,0.0,18
1,2021,2021031,2,Haas F1 Team,16,MSC,Mick Schumacher,47,#505050,48.0,168,84.414,84.414,0,0,84.208,0.413,-1.68,-0.317,-1.522,20.0,-1.680,-0.317,-1.522,20.0,-1.363,H,#A5AFB9,16,4.0,0,0,0.511,0,0,0,0,0.0,18
1,2021,2021031,2,Haas F1 Team,16,MSC,Mick Schumacher,47,#505050,49.0,169,84.037,84.037,0,0,84.226,0.377,-1.301,0.194,-1.398,16.0,-1.301,0.194,-1.398,16.0,-1.495,H,#A5AFB9,17,4.0,0,1,0.511,0,0,0,0,0.0,18
1,2021,2021031,2,Haas F1 Team,16,MSC,Mick Schumacher,47,#505050,50.0,170,85.023,85.023,0,0,84.53,0.986,-2.256,-1.275,-1.618,20.0,-2.256,-1.275,-1.618,20.0,-0.981,H,#A5AFB9,18,4.0,0,0,0.511,0,0,0,0,0.0,18
1,2021,2021031,2,Haas F1 Team,16,MSC,Mick Schumacher,47,#505050,51.0,171,85.85,85.85,0,0,85.436,0.827,-3.099,-1.741,-2.229,20.0,-3.099,-1.741,-2.229,20.0,-1.358,H,#A5AFB9,19,4.0,0,0,0.511,0,0,0,0,0.0,18
1,2021,2021031,2,Haas F1 Team,16,MSC,Mick Schumacher,47,#505050,52.0,172,83.757,83.757,0,0,84.804,2.093,-1.224,0.445,-1.446,16.0,-1.224,0.445,-1.446,16.0,-1.669,H,#A5AFB9,20,4.0,0,0,0.511,0,0,0,0,0.0,18
1,2021,2021031,2,Haas F1 Team,16,MSC,Mick Schumacher,47,#505050,53.0,173,84.497,84.497,0,0,84.127,0.740,-1.936,-0.138,-1.867,20.0,-1.936,-0.138,-1.867,20.0,-1.798,H,#A5AFB9,21,4.0,0,0,0.511,0,0,0,0,0.0,18
1,2021,2021031,2,Haas F1 Team,16,MSC,Mick Schumacher,47,#505050,54.0,174,85.234,85.234,0,0,84.866,0.737,-2.546,-0.356,-2.368,20.0,-2.546,-0.356,-2.368,20.0,-2.19,H,#A5AFB9,22,4.0,0,0,0.511,0,0,0,0,0.0,18
1,2021,2021031,2,Haas F1 Team,16,MSC,Mick Schumacher,47,#505050,55.0,175,83.597,83.597,0,0,84.416,1.637,-1.168,2.596,-2.466,16.0,-1.168,0.863,-1.599,16.0,-3.764,H,#A5AFB9,23,4.0,0,0,0.511,0,0,0,0,0.0,18
1,2021,2021031,2,Haas F1 Team,16,MSC,Mick Schumacher,47,#505050,56.0,176,83.831,83.831,0,0,83.714,0.234,-1.44,0.212,-1.546,16.0,-1.440,0.212,-1.546,16.0,-1.652,H,#A5AFB9,24,4.0,0,0,0.511,0,0,0,0,0.0,18
1,2021,2021031,2,Haas F1 Team,16,MSC,Mick Schumacher,47,#505050,57.0,177,86.16,86.16,0,0,84.996,2.329,-3.531,-2.233,-2.415,20.0,-3.531,-2.233,-2.415,20.0,-1.298,H,#A5AFB9,25,4.0,0,0,0.511,0,0,0,0,0.0,18
1,2021,2021031,2,Haas F1 Team,16,MSC,Mick Schumacher,47,#505050,58.0,178,86.492,86.492,0,0,86.326,0.332,-3.757,-2.506,-2.504,20.0,-3.757,-2.506,-2.504,20.0,-1.251,H,#A5AFB9,26,4.0,0,0,0.511,0,0,0,0,0.0,18
1,2021,2021031,2,Haas F1 Team,16,MSC,Mick Schumacher,47,#505050,59.0,179,83.339,83.339,0,0,84.916,3.153,-0.833,2.151,-1.909,16.0,-0.833,2.151,-1.909,16.0,-2.984,H,#A5AFB9,27,4.0,0,0,0.511,0,0,0,0,0.0,18
1,2021,2021031,2,Haas F1 Team,16,MSC,Mick Schumacher,47,#505050,60.0,180,83.33,83.33,0,0,83.334,0.009,-1.131,3.642,-2.952,16.0,-1.131,1.277,-1.770,16.0,-4.773,H,#A5AFB9,28,4.0,0,0,0.511,0,0,0,0,0.0,18
1,2021,2021031,2,Haas F1 Team,16,MSC,Mick Schumacher,47,#505050,61.0,181,82.755,82.755,0,0,83.042,0.575,-0.425,0.970,-0.910,16.0,-0.425,0.970,-0.910,16.0,-1.395,H,#A5AFB9,29,4.0,0,0,0.511,0,0,0,0,1.0,17
1,2021,2021031,2,Haas F1 Team,16,MSC,Mick Schumacher,47,#505050,62.0,182,86.664,84.26,1,0,83.508,3.909,-4.142,0.789,-4.537,16.0,-1.738,0.459,-1.968,16.0,-4.931,H,#A5AFB9,30,4.0,0,0,0.511,0,0,0,0,0.0,17
1,2021,2021031,2,Haas F1 Team,16,MSC,Mick Schumacher,47,#505050,63.0,183,85.765,85.765,0,0,85.012,0.899,-2.917,-0.052,-2.891,20.0,-2.917,-0.052,-2.891,20.0,-2.865,H,#A5AFB9,31,4.0,0,0,0.511,0,0,0,0,0.0,17
1,2021,2021031,2,Haas F1 Team,16,MSC,Mick Schumacher,47,#505050,64.0,184,83.961,83.961,0,0,84.863,1.804,-1.276,-0.320,-1.116,20.0,-1.276,-0.320,-1.116,20.0,-0.956,H,#A5AFB9,32,4.0,0,0,0.511,0,0,0,0,0.0,17
1,2021,2021031,2,Haas F1 Team,20,MAZ,Nikita Mazepin,9,#505050,1.0,121,-,-,0,1,-,-,-,-,-,-,-,-,-,-,,M,#F0E628,1,1.0,0,0,-,0,0,0,0,,20
1,2021,2021031,2,Haas F1 Team,20,MAZ,Nikita Mazepin,9,#505050,2.0,122,-,-,0,1,-,-,-,-,-,-,-,-,-,-,,M,#F0E628,2,1.0,1,0,-,0,1,0,0,0.0,19
1,2021,2021031,2,Haas F1 Team,20,MAZ,Nikita Mazepin,9,#505050,3.0,123,-,-,0,1,-,-,-,-,-,-,-,-,-,-,,M,#F0E628,3,2.0,1,0,-,0,0,0,0,0.0,19
1,2021,2021031,2,Haas F1 Team,20,MAZ,Nikita Mazepin,9,#505050,4.0,124,-,-,0,1,-,-,-,-,-,-,-,-,-,-,,M,#F0E628,4,3.0,0,0,0.298,0,0,0,0,0.0,19
1,2021,2021031,2,Haas F1 Team,20,MAZ,Nikita Mazepin,9,#505050,5.0,125,-,-,0,1,-,-,-,-,-,-,-,-,-,-,,M,#F0E628,5,3.0,0,0,0.298,0,0,0,0,0.0,19
1,2021,2021031,2,Haas F1 Team,20,MAZ,Nikita Mazepin,9,#505050,6.0,126,-,-,0,1,-,-,-,-,-,-,-,-,-,-,,M,#F0E628,6,3.0,0,0,0.298,1,0,0,0,0.0,19
1,2021,2021031,2,Haas F1 Team,20,MAZ,Nikita Mazepin,9,#505050,7.0,127,-,-,0,1,-,-,-,-,-,-,-,-,-,-,,M,#F0E628,7,3.0,0,0,0.298,0,0,0,0,0.0,18
1,2021,2021031,2,Haas F1 Team,20,MAZ,Nikita Mazepin,9,#505050,8.0,128,88.577,88.577,0,0,-,-,-2.893,0.682,-2.552,16.0,-2.893,0.682,-2.552,16.0,-2.211,M,#F0E628,8,3.0,0,0,0.298,0,0,0,0,-1.0,19
1,2021,2021031,2,Haas F1 Team,20,MAZ,Nikita Mazepin,9,#505050,9.0,129,86.618,86.618,0,0,87.598,1.959,-1.879,0.177,-1.790,16.0,-1.879,0.177,-1.790,16.0,-1.702,M,#F0E628,9,3.0,0,0,0.298,0,0,0,0,0.0,19
1,2021,2021031,2,Haas F1 Team,20,MAZ,Nikita Mazepin,9,#505050,10.0,130,86.189,86.189,0,0,86.404,0.429,-1.767,0.307,-1.613,16.0,-1.767,0.307,-1.613,16.0,-1.46,M,#F0E628,10,3.0,0,0,0.298,0,0,0,0,0.0,19
1,2021,2021031,2,Haas F1 Team,20,MAZ,Nikita Mazepin,9,#505050,11.0,131,85.795,85.795,0,0,85.992,0.394,-1.656,0.551,-1.381,16.0,-1.656,0.551,-1.381,16.0,-1.105,M,#F0E628,11,3.0,0,0,0.298,0,0,0,0,0.0,19
1,2021,2021031,2,Haas F1 Team,20,MAZ,Nikita Mazepin,9,#505050,12.0,132,85.308,85.308,0,0,85.552,0.487,-1.473,0.680,-1.133,16.0,-1.473,0.680,-1.133,16.0,-0.793,M,#F0E628,12,3.0,0,0,0.298,0,0,0,0,0.0,19
1,2021,2021031,2,Haas F1 Team,20,MAZ,Nikita Mazepin,9,#505050,13.0,133,85.741,85.741,0,0,85.524,0.433,-1.723,0.316,-1.565,16.0,-1.723,0.955,-1.246,16.0,-1.407,M,#F0E628,13,3.0,0,0,0.298,0,0,0,0,0.0,19
1,2021,2021031,2,Haas F1 Team,20,MAZ,Nikita Mazepin,9,#505050,14.0,134,85.716,85.716,0,0,85.728,0.025,-1.608,0.773,-1.222,16.0,-1.608,0.773,-1.222,16.0,-0.835,M,#F0E628,14,3.0,0,0,0.298,0,0,0,0,0.0,19
1,2021,2021031,2,Haas F1 Team,20,MAZ,Nikita Mazepin,9,#505050,15.0,135,85.301,85.301,0,0,85.508,0.415,-1.324,0.335,-1.157,16.0,-1.324,0.335,-1.157,16.0,-0.989,M,#F0E628,15,3.0,0,0,0.298,0,0,0,0,0.0,19
1,2021,2021031,2,Haas F1 Team,20,MAZ,Nikita Mazepin,9,#505050,16.0,136,85.604,85.604,0,0,85.452,0.303,-1.728,0.148,-1.654,16.0,-1.728,0.504,-1.476,16.0,-1.58,M,#F0E628,16,3.0,0,0,0.298,0,0,0,0,0.0,19
1,2021,2021031,2,Haas F1 Team,20,MAZ,Nikita Mazepin,9,#505050,17.0,137,85.436,85.436,0,0,85.52,0.168,-1.617,0.201,-1.516,16.0,-1.617,0.201,-1.516,16.0,-1.416,M,#F0E628,17,3.0,0,0,0.298,0,0,0,0,0.0,19
1,2021,2021031,2,Haas F1 Team,20,MAZ,Nikita Mazepin,9,#505050,18.0,138,85.303,85.303,0,0,85.37,0.133,-1.518,-0.178,-1.607,20.0,-1.518,-0.178,-1.607,20.0,-1.696,M,#F0E628,18,3.0,0,0,0.298,0,0,0,0,0.0,19
1,2021,2021031,2,Haas F1 Team,20,MAZ,Nikita Mazepin,9,#505050,19.0,139,85.062,85.062,0,0,85.182,0.241,-1.208,-0.068,-1.242,20.0,-1.208,-0.068,-1.242,20.0,-1.276,M,#F0E628,19,3.0,0,1,0.298,0,0,0,0,0.0,19
1,2021,2021031,2,Haas F1 Team,20,MAZ,Nikita Mazepin,9,#505050,20.0,140,85.261,85.261,0,0,85.161,0.199,-1.28,0.194,-1.183,16.0,-1.280,0.194,-1.183,16.0,-1.086,M,#F0E628,20,3.0,0,0,0.298,0,0,0,0,0.0,19
1,2021,2021031,2,Haas F1 Team,20,MAZ,Nikita Mazepin,9,#505050,21.0,141,85.141,85.141,0,0,85.201,0.120,-1.121,0.069,-1.087,16.0,-1.121,0.069,-1.087,16.0,-1.052,M,#F0E628,21,3.0,0,0,0.298,0,0,0,0,0.0,19
1,2021,2021031,2,Haas F1 Team,20,MAZ,Nikita Mazepin,9,#505050,22.0,142,85.53,85.53,0,0,85.336,0.389,-1.644,0.759,-1.264,16.0,-1.644,0.759,-1.264,16.0,-0.885,M,#F0E628,22,3.0,0,0,0.298,0,0,0,0,0.0,18
1,2021,2021031,2,Haas F1 Team,20,MAZ,Nikita Mazepin,9,#505050,23.0,143,86.993,85.435,1,0,85.482,1.463,-3.287,1.363,-2.606,16.0,-1.729,0.645,-1.407,16.0,-1.924,M,#F0E628,23,3.0,0,0,0.298,0,0,0,0,0.0,18
1,2021,2021031,2,Haas F1 Team,20,MAZ,Nikita Mazepin,9,#505050,24.0,144,85.34,85.34,0,0,85.388,1.653,-1.662,0.530,-1.397,16.0,-1.662,0.530,-1.397,16.0,-1.132,M,#F0E628,24,3.0,0,0,0.298,0,0,0,0,0.0,18
1,2021,2021031,2,Haas F1 Team,20,MAZ,Nikita Mazepin,9,#505050,25.0,145,85.226,85.226,0,0,85.283,0.114,-1.767,-0.933,-2.234,20.0,-1.767,0.626,-1.454,16.0,-2.7,M,#F0E628,25,3.0,0,0,0.298,0,0,0,0,0.0,17
1,2021,2021031,2,Haas F1 Team,20,MAZ,Nikita Mazepin,9,#505050,26.0,146,84.655,84.655,0,0,84.94,0.571,-1.189,0.266,-1.056,16.0,-1.189,0.266,-1.056,16.0,-0.923,M,#F0E628,26,3.0,0,0,0.298,0,0,0,0,0.0,17
1,2021,2021031,2,Haas F1 Team,20,MAZ,Nikita Mazepin,9,#505050,27.0,147,85.05,85.05,0,0,84.852,0.395,-1.533,-0.443,-1.754,20.0,-1.533,0.512,-1.277,16.0,-1.976,M,#F0E628,27,3.0,0,0,0.298,0,0,0,0,0.0,17
1,2021,2021031,2,Haas F1 Team,20,MAZ,Nikita Mazepin,9,#505050,28.0,148,86.32,85.092,1,0,85.071,1.270,-3.006,1.633,-2.189,16.0,-1.777,0.404,-1.575,16.0,-1.373,M,#F0E628,28,3.0,0,0,0.298,0,0,0,0,-1.0,18
1,2021,2021031,2,Haas F1 Team,20,MAZ,Nikita Mazepin,9,#505050,29.0,149,85.133,85.133,0,0,85.112,1.187,-1.882,1.140,-1.312,16.0,-1.882,1.140,-1.312,16.0,-0.742,M,#F0E628,29,3.0,0,0,0.298,0,0,0,0,0.0,17
1,2021,2021031,2,Haas F1 Team,20,MAZ,Nikita Mazepin,9,#505050,30.0,150,84.468,84.468,0,0,84.8,0.665,-1.202,0.491,-0.957,16.0,-1.202,0.491,-0.957,16.0,-0.711,M,#F0E628,30,3.0,0,0,0.298,0,0,0,0,0.0,17
1,2021,2021031,2,Haas F1 Team,20,MAZ,Nikita Mazepin,9,#505050,31.0,151,-,-,0,1,-,-,-,-,-,-,-,-,-,-,-0.577,M,#F0E628,31,3.0,1,0,0.298,0,0,0,0,0.0,17
1,2021,2021031,2,Haas F1 Team,20,MAZ,Nikita Mazepin,9,#505050,32.0,152,-,-,0,1,-,-,-,-,-,-,-,-,-,-,,H,#A5AFB9,1,4.0,0,0,0.815,0,0,0,0,0.0,19
1,2021,2021031,2,Haas F1 Team,20,MAZ,Nikita Mazepin,9,#505050,33.0,153,84.885,84.885,0,0,-,-,-1.822,-,-,-,-1.822,-,-,-,,H,#A5AFB9,2,4.0,0,0,0.815,0,0,0,0,0.0,19
1,2021,2021031,2,Haas F1 Team,20,MAZ,Nikita Mazepin,9,#505050,34.0,154,84.132,84.132,0,0,84.508,0.753,-1.269,0.007,-1.265,16.0,-1.269,0.007,-1.265,16.0,-1.262,H,#A5AFB9,3,4.0,0,0,0.815,0,0,0,0,0.0,19
1,2021,2021031,2,Haas F1 Team,20,MAZ,Nikita Mazepin,9,#505050,35.0,155,88.583,84.274,1,0,84.203,4.451,-5.487,4.470,-3.252,16.0,-1.178,0.161,-1.097,16.0,-1.017,H,#A5AFB9,4,4.0,0,0,0.815,0,0,0,0,0.0,19
1,2021,2021031,2,Haas F1 Team,20,MAZ,Nikita Mazepin,9,#505050,36.0,156,84.416,84.416,0,0,84.345,4.167,-1.23,0.566,-0.947,16.0,-1.230,0.566,-0.947,16.0,-0.664,H,#A5AFB9,5,4.0,0,0,0.815,0,0,0,0,0.0,19
1,2021,2021031,2,Haas F1 Team,20,MAZ,Nikita Mazepin,9,#505050,37.0,157,84.625,84.625,0,0,84.52,0.209,-1.404,-0.616,-1.712,20.0,-1.404,-0.616,-1.712,20.0,-2.02,H,#A5AFB9,6,4.0,0,1,0.815,0,0,0,0,0.0,19
1,2021,2021031,2,Haas F1 Team,20,MAZ,Nikita Mazepin,9,#505050,38.0,158,84.403,84.403,0,0,84.514,0.222,-1.202,-1.402,-1.903,20.0,-1.202,-1.402,-1.903,20.0,-2.604,H,#A5AFB9,7,4.0,0,0,0.815,0,0,0,0,0.0,19
1,2021,2021031,2,Haas F1 Team,20,MAZ,Nikita Mazepin,9,#505050,39.0,159,84.372,84.372,0,0,84.388,0.031,-1.308,-0.143,-1.380,20.0,-1.308,-0.143,-1.380,20.0,-1.451,H,#A5AFB9,8,4.0,0,0,0.815,0,0,0,0,0.0,19
1,2021,2021031,2,Haas F1 Team,20,MAZ,Nikita Mazepin,9,#505050,40.0,160,84.14,84.14,0,0,84.256,0.232,-1.207,0.009,-1.202,16.0,-1.207,0.009,-1.202,16.0,-1.198,H,#A5AFB9,9,4.0,0,0,0.815,0,0,0,0,0.0,19
1,2021,2021031,2,Haas F1 Team,20,MAZ,Nikita Mazepin,9,#505050,41.0,161,86.143,86.143,0,0,85.142,2.003,-3.067,1.683,-2.226,16.0,-3.067,1.683,-2.226,16.0,-1.384,H,#A5AFB9,10,4.0,0,0,0.815,0,0,0,0,0.0,19
1,2021,2021031,2,Haas F1 Team,20,MAZ,Nikita Mazepin,9,#505050,42.0,162,88.47,88.47,0,0,87.306,2.327,-5.367,4.436,-3.149,16.0,-5.367,4.436,-3.149,16.0,-0.931,H,#A5AFB9,11,4.0,0,0,0.815,0,0,0,0,0.0,19
1,2021,2021031,2,Haas F1 Team,20,MAZ,Nikita Mazepin,9,#505050,43.0,163,-,-,0,1,-,-,-,-,-,-,-,-,-,-,-1.423,H,#A5AFB9,12,4.0,1,0,0.815,0,0,0,0,0.0,19
1,2021,2021031,2,Haas F1 Team,20,MAZ,Nikita Mazepin,9,#505050,44.0,164,-,-,0,1,-,-,-,-,-,-,-,-,-,-,-1.811,S,#CD3C3C,1,5.0,0,0,0.675,0,0,0,0,0.0,19
1,2021,2021031,2,Haas F1 Team,20,MAZ,Nikita Mazepin,9,#505050,45.0,165,88.384,88.384,0,0,-,-,-5.483,4.559,-3.204,16.0,-5.483,4.559,-3.204,16.0,-0.924,S,#CD3C3C,2,5.0,0,0,0.675,0,0,0,0,0.0,19
1,2021,2021031,2,Haas F1 Team,20,MAZ,Nikita Mazepin,9,#505050,46.0,166,84.028,84.028,0,0,86.206,4.356,-1.381,-0.193,-1.478,20.0,-1.381,-0.193,-1.478,20.0,-1.574,S,#CD3C3C,3,5.0,0,0,0.675,0,0,0,0,0.0,19
1,2021,2021031,2,Haas F1 Team,20,MAZ,Nikita Mazepin,9,#505050,47.0,167,84.14,84.14,0,0,84.084,0.112,-1.516,0.139,-1.446,16.0,-1.516,0.139,-1.446,16.0,-1.377,S,#CD3C3C,4,5.0,0,0,0.675,0,0,0,0,0.0,19
1,2021,2021031,2,Haas F1 Team,20,MAZ,Nikita Mazepin,9,#505050,48.0,168,84.097,84.097,0,0,84.118,0.043,-1.363,-0.317,-1.522,20.0,-1.363,-0.317,-1.522,20.0,-1.68,S,#CD3C3C,5,5.0,0,0,0.675,0,0,0,0,0.0,19
1,2021,2021031,2,Haas F1 Team,20,MAZ,Nikita Mazepin,9,#505050,49.0,169,84.231,84.231,0,0,84.164,0.134,-1.495,0.194,-1.398,16.0,-1.495,0.194,-1.398,16.0,-1.301,S,#CD3C3C,6,5.0,0,0,0.675,0,0,0,0,0.0,19
1,2021,2021031,2,Haas F1 Team,20,MAZ,Nikita Mazepin,9,#505050,50.0,170,83.748,83.748,0,0,83.989,0.483,-0.981,-1.275,-1.618,20.0,-0.981,-1.275,-1.618,20.0,-2.256,S,#CD3C3C,7,5.0,0,0,0.675,0,0,0,0,0.0,19
1,2021,2021031,2,Haas F1 Team,20,MAZ,Nikita Mazepin,9,#505050,51.0,171,84.109,84.109,0,0,83.928,0.361,-1.358,-1.741,-2.229,20.0,-1.358,-1.741,-2.229,20.0,-3.099,S,#CD3C3C,8,5.0,0,0,0.675,0,0,0,0,0.0,19
1,2021,2021031,2,Haas F1 Team,20,MAZ,Nikita Mazepin,9,#505050,52.0,172,84.202,84.202,0,0,84.155,0.093,-1.669,0.445,-1.446,16.0,-1.669,0.445,-1.446,16.0,-1.224,S,#CD3C3C,9,5.0,0,0,0.675,0,0,0,0,0.0,19
1,2021,2021031,2,Haas F1 Team,20,MAZ,Nikita Mazepin,9,#505050,53.0,173,84.359,84.359,0,0,84.28,0.157,-1.798,-0.138,-1.867,20.0,-1.798,-0.138,-1.867,20.0,-1.936,S,#CD3C3C,10,5.0,0,0,0.675,0,0,0,0,0.0,19
1,2021,2021031,2,Haas F1 Team,20,MAZ,Nikita Mazepin,9,#505050,54.0,174,84.878,84.878,0,0,84.618,0.519,-2.19,-0.356,-2.368,20.0,-2.190,-0.356,-2.368,20.0,-2.546,S,#CD3C3C,11,5.0,0,1,0.675,0,0,0,0,0.0,19
1,2021,2021031,2,Haas F1 Team,20,MAZ,Nikita Mazepin,9,#505050,55.0,175,86.193,84.46,1,0,84.669,1.315,-3.764,2.596,-2.466,16.0,-2.031,0.863,-1.599,16.0,-1.168,S,#CD3C3C,12,5.0,0,0,0.675,0,0,0,0,0.0,19
1,2021,2021031,2,Haas F1 Team,20,MAZ,Nikita Mazepin,9,#505050,56.0,176,84.043,84.043,0,0,84.252,2.150,-1.652,0.212,-1.546,16.0,-1.652,0.212,-1.546,16.0,-1.44,S,#CD3C3C,13,5.0,0,0,0.675,0,0,0,0,0.0,19
1,2021,2021031,2,Haas F1 Team,20,MAZ,Nikita Mazepin,9,#505050,57.0,177,83.927,83.927,0,0,83.985,0.116,-1.298,-2.233,-2.415,20.0,-1.298,-2.233,-2.415,20.0,-3.531,S,#CD3C3C,14,5.0,0,0,0.675,0,0,0,0,0.0,19
1,2021,2021031,2,Haas F1 Team,20,MAZ,Nikita Mazepin,9,#505050,58.0,178,83.986,83.986,0,0,83.956,0.059,-1.251,-2.506,-2.504,20.0,-1.251,-2.506,-2.504,20.0,-3.757,S,#CD3C3C,15,5.0,0,0,0.675,0,0,0,0,0.0,19
1,2021,2021031,2,Haas F1 Team,20,MAZ,Nikita Mazepin,9,#505050,59.0,179,85.49,85.49,0,0,84.738,1.504,-2.984,2.151,-1.909,16.0,-2.984,2.151,-1.909,16.0,-0.833,S,#CD3C3C,16,5.0,0,0,0.675,0,0,0,0,0.0,19
1,2021,2021031,2,Haas F1 Team,20,MAZ,Nikita Mazepin,9,#505050,60.0,180,86.972,84.607,1,0,85.049,1.482,-4.773,3.642,-2.952,16.0,-2.408,1.277,-1.770,16.0,-1.131,S,#CD3C3C,17,5.0,0,0,0.675,0,0,0,0,0.0,19
1,2021,2021031,2,Haas F1 Team,20,MAZ,Nikita Mazepin,9,#505050,61.0,181,83.725,83.725,0,0,84.166,3.247,-1.395,0.970,-0.910,16.0,-1.395,0.970,-0.910,16.0,-0.425,S,#CD3C3C,18,5.0,0,0,0.675,0,0,0,0,0.0,19
1,2021,2021031,2,Haas F1 Team,20,MAZ,Nikita Mazepin,9,#505050,62.0,182,87.453,84.719,1,0,84.222,3.728,-4.931,0.789,-4.537,16.0,-2.197,0.459,-1.968,16.0,-4.142,S,#CD3C3C,19,5.0,0,0,0.675,0,0,0,0,0.0,19
1,2021,2021031,2,Haas F1 Team,20,MAZ,Nikita Mazepin,9,#505050,63.0,183,85.713,85.713,0,0,85.216,1.740,-2.865,-0.052,-2.891,20.0,-2.865,-0.052,-2.891,20.0,-2.917,S,#CD3C3C,20,5.0,0,0,0.675,0,0,0,0,0.0,19
1,2021,2021031,2,Haas F1 Team,20,MAZ,Nikita Mazepin,9,#505050,64.0,184,83.641,83.641,0,0,84.677,2.072,-0.956,-0.320,-1.116,20.0,-0.956,-0.320,-1.116,20.0,-1.276,S,#CD3C3C,21,5.0,0,0,0.675,0,0,0,0,0.0,19
1,2021,2021041,3,Haas F1 Team,16,MSC,Mick Schumacher,47,#505050,1.0,187,-,-,0,1,-,-,-,-,-,-,-,-,-,-,,S,#CD3C3C,1,1.0,0,0,0.457,0,0,0,0,,16
1,2021,2021041,3,Haas F1 Team,16,MSC,Mick Schumacher,47,#505050,2.0,188,-,-,0,1,-,-,-,-,-,-,-,-,-,-,,S,#CD3C3C,2,1.0,0,0,0.457,0,0,0,0,0.0,16
1,2021,2021041,3,Haas F1 Team,16,MSC,Mick Schumacher,47,#505050,3.0,189,86.736,86.736,0,0,-,-,-1.117,0.573,-1.403,16.0,-1.117,0.573,-1.403,16.0,-1.69,S,#CD3C3C,3,1.0,0,0,0.457,0,0,0,0,0.0,16
1,2021,2021041,3,Haas F1 Team,16,MSC,Mick Schumacher,47,#505050,4.0,190,86.209,86.209,0,0,86.472,0.527,-1.101,0.159,-1.181,16.0,-1.101,0.159,-1.181,16.0,-1.26,S,#CD3C3C,4,1.0,0,0,0.457,0,0,0,0,0.0,16
1,2021,2021041,3,Haas F1 Team,16,MSC,Mick Schumacher,47,#505050,5.0,191,87.216,86.12,1,0,86.165,1.007,-2.264,-0.271,-2.128,20.0,-1.169,0.515,-1.427,16.0,-1.993,S,#CD3C3C,5,1.0,0,0,0.457,0,0,0,0,-1.0,17
1,2021,2021041,3,Haas F1 Team,16,MSC,Mick Schumacher,47,#505050,6.0,192,86.032,86.032,0,0,86.076,1.184,-1.043,0.872,-1.479,16.0,-1.043,0.872,-1.479,16.0,-1.915,S,#CD3C3C,6,1.0,0,0,0.457,0,0,0,0,0.0,17
1,2021,2021041,3,Haas F1 Team,16,MSC,Mick Schumacher,47,#505050,7.0,193,86.324,86.324,0,0,86.178,0.292,-1.452,0.136,-1.520,16.0,-1.452,0.136,-1.520,16.0,-1.588,S,#CD3C3C,7,1.0,0,0,0.457,0,0,0,0,0.0,16
1,2021,2021041,3,Haas F1 Team,16,MSC,Mick Schumacher,47,#505050,8.0,194,-,-,0,1,-,-,-,-,-,-,-,-,-,-,,S,#CD3C3C,8,1.0,0,0,0.457,0,1,0,0,-1.0,17
1,2021,2021041,3,Haas F1 Team,16,MSC,Mick Schumacher,47,#505050,9.0,195,-,-,0,1,-,-,-,-,-,-,-,-,-,-,,S,#CD3C3C,9,1.0,0,0,0.457,0,0,0,0,0.0,16
1,2021,2021041,3,Haas F1 Team,16,MSC,Mick Schumacher,47,#505050,10.0,196,-,-,0,1,-,-,-,-,-,-,-,-,-,-,,S,#CD3C3C,10,1.0,0,0,0.457,1,0,0,0,0.0,15
1,2021,2021041,3,Haas F1 Team,16,MSC,Mick Schumacher,47,#505050,11.0,197,-,-,0,1,-,-,-,-,-,-,-,-,-,-,,S,#CD3C3C,11,1.0,0,0,0.457,0,0,0,0,0.0,15
1,2021,2021041,3,Haas F1 Team,16,MSC,Mick Schumacher,47,#505050,12.0,198,88.065,88.065,0,0,-,-,-2.413,-0.311,-2.257,20.0,-2.413,-0.311,-2.257,20.0,-2.102,S,#CD3C3C,12,1.0,0,0,0.457,0,0,0,0,-1.0,16
1,2021,2021041,3,Haas F1 Team,16,MSC,Mick Schumacher,47,#505050,13.0,199,86.496,86.496,0,0,87.28,1.569,-1.369,0.546,-1.642,16.0,-1.369,0.546,-1.642,16.0,-1.915,S,#CD3C3C,13,1.0,0,0,0.457,0,0,0,0,0.0,16
1,2021,2021041,3,Haas F1 Team,16,MSC,Mick Schumacher,47,#505050,14.0,200,86.657,86.657,0,0,86.576,0.161,-1.553,0.554,-1.830,16.0,-1.553,0.554,-1.830,16.0,-2.107,S,#CD3C3C,14,1.0,0,1,0.457,0,0,0,0,0.0,16
1,2021,2021041,3,Haas F1 Team,16,MSC,Mick Schumacher,47,#505050,15.0,201,87.827,86.504,1,0,86.581,1.170,-2.781,-0.936,-2.313,20.0,-1.459,0.386,-1.652,16.0,-1.845,S,#CD3C3C,15,1.0,0,0,0.457,0,0,0,0,-1.0,17
1,2021,2021041,3,Haas F1 Team,16,MSC,Mick Schumacher,47,#505050,16.0,202,86.352,86.352,0,0,86.428,1.475,-1.354,1.295,-2.002,16.0,-1.354,0.465,-1.587,16.0,-2.649,S,#CD3C3C,16,1.0,0,0,0.457,0,0,0,0,0.0,17
1,2021,2021041,3,Haas F1 Team,16,MSC,Mick Schumacher,47,#505050,17.0,203,85.773,85.773,0,0,86.062,0.579,-0.937,0.971,-1.423,16.0,-0.937,0.971,-1.423,16.0,-1.908,S,#CD3C3C,17,1.0,0,0,0.457,0,0,0,0,0.0,17
1,2021,2021041,3,Haas F1 Team,16,MSC,Mick Schumacher,47,#505050,18.0,204,87.943,85.966,1,0,85.87,2.170,-3.073,-1.062,-2.542,20.0,-1.096,0.915,-1.554,16.0,-2.011,S,#CD3C3C,18,1.0,0,0,0.457,0,0,0,0,-1.0,18
1,2021,2021041,3,Haas F1 Team,16,MSC,Mick Schumacher,47,#505050,19.0,205,86.159,86.159,0,0,86.062,1.784,-1.341,0.468,-1.575,16.0,-1.341,0.468,-1.575,16.0,-1.809,S,#CD3C3C,19,1.0,0,0,0.457,0,0,0,0,0.0,17
1,2021,2021041,3,Haas F1 Team,16,MSC,Mick Schumacher,47,#505050,20.0,206,85.978,85.978,0,0,86.068,0.181,-1.175,0.570,-1.460,16.0,-1.175,0.570,-1.460,16.0,-1.745,S,#CD3C3C,20,1.0,0,0,0.457,0,0,0,0,0.0,17
1,2021,2021041,3,Haas F1 Team,16,MSC,Mick Schumacher,47,#505050,21.0,207,86.076,86.076,0,0,86.027,0.098,-1.292,0.706,-1.645,16.0,-1.292,0.706,-1.645,16.0,-1.998,S,#CD3C3C,21,1.0,0,0,0.457,0,0,0,0,0.0,17
1,2021,2021041,3,Haas F1 Team,16,MSC,Mick Schumacher,47,#505050,22.0,208,86.3,86.3,0,0,86.188,0.224,-1.616,-,-,-,-1.616,-,-,-,,S,#CD3C3C,22,1.0,0,0,0.457,0,0,0,0,0.0,15
1,2021,2021041,3,Haas F1 Team,16,MSC,Mick Schumacher,47,#505050,23.0,209,-,-,0,1,-,-,-,-,-,-,-,-,-,-,,S,#CD3C3C,23,1.0,1,0,0.457,0,0,0,0,0.0,16
1,2021,2021041,3,Haas F1 Team,16,MSC,Mick Schumacher,47,#505050,24.0,210,-,-,0,1,-,-,-,-,-,-,-,-,-,-,-0.057,M,#F0E628,1,2.0,0,0,0.437,0,0,0,0,0.0,18
1,2021,2021041,3,Haas F1 Team,16,MSC,Mick Schumacher,47,#505050,25.0,211,84.244,84.244,0,0,-,-,-0.067,2.517,-1.325,16.0,-0.067,0.351,-0.242,16.0,-2.584,M,#F0E628,2,2.0,0,0,0.437,0,0,0,0,0.0,18
1,2021,2021041,3,Haas F1 Team,16,MSC,Mick Schumacher,47,#505050,26.0,212,84.435,84.435,0,0,84.34,0.191,-0.302,0.371,-0.487,16.0,-0.302,0.371,-0.487,16.0,-0.673,M,#F0E628,3,2.0,0,0,0.437,0,0,0,0,0.0,18
1,2021,2021041,3,Haas F1 Team,16,MSC,Mick Schumacher,47,#505050,27.0,213,84.419,84.419,0,0,84.427,0.016,-0.244,0.425,-0.457,16.0,-0.244,0.425,-0.457,16.0,-0.669,M,#F0E628,4,2.0,0,0,0.437,0,0,0,0,0.0,18
1,2021,2021041,3,Haas F1 Team,16,MSC,Mick Schumacher,47,#505050,28.0,214,84.372,84.372,0,0,84.396,0.047,-0.304,0.490,-0.549,16.0,-0.304,0.490,-0.549,16.0,-0.794,M,#F0E628,5,2.0,0,0,0.437,0,0,0,0,0.0,18
1,2021,2021041,3,Haas F1 Team,16,MSC,Mick Schumacher,47,#505050,29.0,215,83.989,83.989,0,0,84.18,0.383,0.024,0.765,-0.358,16.0,0.024,0.765,-0.358,16.0,-0.741,M,#F0E628,6,2.0,0,0,0.437,0,0,0,0,0.0,18
1,2021,2021041,3,Haas F1 Team,16,MSC,Mick Schumacher,47,#505050,30.0,216,83.959,83.959,0,0,83.974,0.030,-0.146,0.871,-0.581,16.0,-0.146,0.871,-0.581,16.0,-1.017,M,#F0E628,7,2.0,0,0,0.437,0,0,0,0,0.0,18
1,2021,2021041,3,Haas F1 Team,16,MSC,Mick Schumacher,47,#505050,31.0,217,84.029,84.029,0,0,83.994,0.070,-0.289,1.078,-0.828,16.0,-0.289,1.078,-0.828,16.0,-1.367,M,#F0E628,8,2.0,0,0,0.437,0,0,0,0,0.0,18
1,2021,2021041,3,Haas F1 Team,16,MSC,Mick Schumacher,47,#505050,32.0,218,84.569,84.569,0,0,84.299,0.540,-0.777,3.237,-2.396,16.0,-0.777,0.718,-1.136,16.0,-4.014,M,#F0E628,9,2.0,0,0,0.437,0,0,0,0,0.0,18
1,2021,2021041,3,Haas F1 Team,16,MSC,Mick Schumacher,47,#505050,33.0,219,83.962,83.962,0,0,84.266,0.607,-0.313,1.504,-1.065,16.0,-0.313,1.504,-1.065,16.0,-1.817,M,#F0E628,10,2.0,0,0,0.437,0,0,0,0,0.0,18
1,2021,2021041,3,Haas F1 Team,16,MSC,Mick Schumacher,47,#505050,34.0,220,84.267,84.267,0,0,84.114,0.305,-0.634,3.463,-2.366,16.0,-0.634,1.116,-1.192,16.0,-4.097,M,#F0E628,11,2.0,0,0,0.437,0,0,0,0,0.0,18
1,2021,2021041,3,Haas F1 Team,16,MSC,Mick Schumacher,47,#505050,35.0,221,84.238,84.238,0,0,84.252,0.029,-0.571,1.061,-1.101,16.0,-0.571,1.061,-1.101,16.0,-1.632,M,#F0E628,12,2.0,0,0,0.437,0,0,0,0,0.0,18
1,2021,2021041,3,Haas F1 Team,16,MSC,Mick Schumacher,47,#505050,36.0,222,84.381,84.381,0,0,84.31,0.143,-0.642,0.766,-1.025,16.0,-0.642,0.766,-1.025,16.0,-1.408,M,#F0E628,13,2.0,0,0,0.437,0,0,0,0,0.0,18
1,2021,2021041,3,Haas F1 Team,16,MSC,Mick Schumacher,47,#505050,37.0,223,87.523,84.93,1,0,84.656,3.142,-3.925,-2.302,-2.774,20.0,-1.333,0.290,-1.478,16.0,-1.623,M,#F0E628,14,2.0,0,1,0.437,0,0,0,0,0.0,18
1,2021,2021041,3,Haas F1 Team,16,MSC,Mick Schumacher,47,#505050,38.0,224,85.48,85.48,0,0,85.205,2.043,-1.865,1.332,-2.531,16.0,-1.865,-0.141,-1.794,20.0,-3.197,M,#F0E628,15,2.0,0,0,0.437,0,0,0,0,0.0,18
1,2021,2021041,3,Haas F1 Team,16,MSC,Mick Schumacher,47,#505050,39.0,225,86.294,85.229,1,0,85.354,0.814,-2.886,-0.837,-2.467,20.0,-1.821,0.228,-1.935,16.0,-2.049,M,#F0E628,16,2.0,0,0,0.437,0,0,0,0,0.0,18
1,2021,2021041,3,Haas F1 Team,16,MSC,Mick Schumacher,47,#505050,40.0,226,84.978,84.978,0,0,85.104,1.316,-1.606,0.831,-2.022,16.0,-1.606,0.831,-2.022,16.0,-2.437,M,#F0E628,17,2.0,0,0,0.437,0,0,0,0,0.0,17
1,2021,2021041,3,Haas F1 Team,16,MSC,Mick Schumacher,47,#505050,41.0,227,84.258,84.258,0,0,84.618,0.720,-0.968,1.051,-1.494,16.0,-0.968,1.051,-1.494,16.0,-2.019,M,#F0E628,18,2.0,0,0,0.437,0,0,0,0,0.0,17
1,2021,2021041,3,Haas F1 Team,16,MSC,Mick Schumacher,47,#505050,42.0,228,84.398,84.398,0,0,84.328,0.140,-1.094,-,-,-,-1.094,-,-,-,,M,#F0E628,19,2.0,0,0,0.437,0,0,0,0,0.0,17
1,2021,2021041,3,Haas F1 Team,16,MSC,Mick Schumacher,47,#505050,43.0,229,86.013,84.391,1,0,84.394,1.615,-2.702,-,-,-,-1.080,-,-,-,,M,#F0E628,20,2.0,0,0,0.437,0,0,0,0,0.0,17
1,2021,2021041,3,Haas F1 Team,16,MSC,Mick Schumacher,47,#505050,44.0,230,84.384,84.384,0,0,84.387,1.629,-1.245,0.458,-1.474,16.0,-1.245,0.458,-1.474,16.0,-1.703,M,#F0E628,21,2.0,0,0,0.437,0,0,0,0,0.0,17
1,2021,2021041,3,Haas F1 Team,16,MSC,Mick Schumacher,47,#505050,45.0,231,84.092,84.092,0,0,84.238,0.292,-0.875,-0.052,-0.849,20.0,-0.875,-0.052,-0.849,20.0,-0.823,M,#F0E628,22,2.0,0,0,0.437,0,0,0,0,0.0,17
1,2021,2021041,3,Haas F1 Team,16,MSC,Mick Schumacher,47,#505050,46.0,232,84.223,84.223,0,0,84.158,0.131,-0.786,0.169,-0.871,16.0,-0.786,0.169,-0.871,16.0,-0.955,M,#F0E628,23,2.0,0,0,0.437,0,0,0,0,0.0,17
1,2021,2021041,3,Haas F1 Team,16,MSC,Mick Schumacher,47,#505050,47.0,233,86.973,84.476,1,0,84.349,2.750,-3.51,-2.434,-2.293,20.0,-1.013,0.063,-1.044,16.0,-1.076,M,#F0E628,24,2.0,0,0,0.437,0,0,0,0,0.0,17
1,2021,2021041,3,Haas F1 Team,16,MSC,Mick Schumacher,47,#505050,48.0,234,84.728,84.728,0,0,84.602,2.245,-1.333,-0.347,-1.159,20.0,-1.333,-0.347,-1.159,20.0,-0.986,M,#F0E628,25,2.0,0,0,0.437,0,0,0,0,0.0,17
1,2021,2021041,3,Haas F1 Team,16,MSC,Mick Schumacher,47,#505050,49.0,235,84.56,84.56,0,0,84.644,0.168,-1.258,1.881,-2.199,16.0,-1.258,-0.137,-1.190,20.0,-3.139,M,#F0E628,26,2.0,0,0,0.437,0,0,0,0,0.0,17
1,2021,2021041,3,Haas F1 Team,16,MSC,Mick Schumacher,47,#505050,50.0,236,-,-,0,1,-,-,-,-,-,-,-,-,-,-,-1.498,M,#F0E628,27,2.0,1,0,0.437,0,0,0,0,0.0,18
1,2021,2021041,3,Haas F1 Team,16,MSC,Mick Schumacher,47,#505050,51.0,237,-,-,0,1,-,-,-,-,-,-,-,-,-,-,-0.916,M,#F0E628,1,3.0,0,0,0.672,0,0,0,0,0.0,18
1,2021,2021041,3,Haas F1 Team,16,MSC,Mick Schumacher,47,#505050,52.0,238,82.97,82.97,0,0,-,-,0.243,1.234,-0.374,16.0,0.243,1.234,-0.374,16.0,-0.991,M,#F0E628,2,3.0,0,0,0.672,0,0,0,0,0.0,18
1,2021,2021041,3,Haas F1 Team,16,MSC,Mick Schumacher,47,#505050,53.0,239,82.752,82.752,0,0,82.861,0.218,0.23,3.476,-1.508,16.0,0.230,1.762,-0.651,16.0,-3.246,M,#F0E628,3,3.0,0,0,0.672,0,0,0,0,0.0,18
1,2021,2021041,3,Haas F1 Team,16,MSC,Mick Schumacher,47,#505050,54.0,240,82.637,82.637,0,0,82.694,0.115,0.425,2.187,-0.668,16.0,0.425,2.187,-0.668,16.0,-1.762,M,#F0E628,4,3.0,0,0,0.672,0,0,0,0,0.0,18
1,2021,2021041,3,Haas F1 Team,16,MSC,Mick Schumacher,47,#505050,55.0,241,82.649,82.649,0,0,82.643,0.012,0.431,1.771,-0.455,16.0,0.431,1.771,-0.455,16.0,-1.34,M,#F0E628,5,3.0,0,0,0.672,0,0,0,0,0.0,18
1,2021,2021041,3,Haas F1 Team,16,MSC,Mick Schumacher,47,#505050,56.0,242,82.646,82.646,0,0,82.648,0.003,0.431,3.928,-1.533,16.0,0.431,2.039,-0.589,16.0,-3.497,M,#F0E628,6,3.0,0,0,0.672,0,0,0,0,0.0,18
1,2021,2021041,3,Haas F1 Team,16,MSC,Mick Schumacher,47,#505050,57.0,243,83.567,83.567,0,0,83.106,0.921,-0.316,1.382,-1.007,16.0,-0.316,1.382,-1.007,16.0,-1.698,M,#F0E628,7,3.0,0,0,0.672,0,0,0,0,0.0,18
1,2021,2021041,3,Haas F1 Team,16,MSC,Mick Schumacher,47,#505050,58.0,244,86.684,84.994,1,0,84.281,3.117,-3.041,-1.986,-2.048,20.0,-1.351,-0.296,-1.203,20.0,-1.055,M,#F0E628,8,3.0,0,1,0.672,0,0,0,0,0.0,18
1,2021,2021041,3,Haas F1 Team,16,MSC,Mick Schumacher,47,#505050,59.0,245,86.422,86.422,0,0,85.708,0.262,-2.346,0.188,-2.440,16.0,-2.346,0.188,-2.440,16.0,-2.534,M,#F0E628,9,3.0,0,0,0.672,0,0,0,0,0.0,18
1,2021,2021041,3,Haas F1 Team,16,MSC,Mick Schumacher,47,#505050,60.0,246,83.102,83.102,0,0,84.762,3.320,0.572,4.014,-1.435,16.0,0.572,4.014,-1.435,16.0,-3.442,M,#F0E628,10,3.0,0,0,0.672,0,0,0,0,0.0,18
1,2021,2021041,3,Haas F1 Team,16,MSC,Mick Schumacher,47,#505050,61.0,247,83.825,83.825,0,0,83.464,0.723,-0.408,6.222,-3.519,16.0,-0.408,3.433,-2.125,16.0,-6.63,M,#F0E628,11,3.0,0,0,0.672,0,0,0,0,0.0,18
1,2021,2021041,3,Haas F1 Team,16,MSC,Mick Schumacher,47,#505050,62.0,248,83.547,83.547,0,0,83.686,0.278,-0.69,3.852,-2.616,16.0,-0.690,3.852,-2.616,16.0,-4.542,M,#F0E628,12,3.0,0,0,0.672,0,0,0,0,0.0,18
1,2021,2021041,3,Haas F1 Team,16,MSC,Mick Schumacher,47,#505050,63.0,249,85.695,83.566,1,0,83.556,2.148,-3.118,-0.956,-2.640,20.0,-0.989,1.173,-1.575,16.0,-2.162,M,#F0E628,13,3.0,0,0,0.672,0,0,0,0,0.0,18
1,2021,2021041,3,Haas F1 Team,16,MSC,Mick Schumacher,47,#505050,64.0,250,83.585,83.585,0,0,83.576,2.110,-0.981,0.886,-1.424,16.0,-0.981,0.886,-1.424,16.0,-1.867,M,#F0E628,14,3.0,0,0,0.672,0,0,0,0,0.0,18
1,2021,2021041,3,Haas F1 Team,20,MAZ,Nikita Mazepin,9,#505050,1.0,187,-,-,0,1,-,-,-,-,-,-,-,-,-,-,,S,#CD3C3C,1,1.0,0,0,0.235,0,0,0,0,,20
1,2021,2021041,3,Haas F1 Team,20,MAZ,Nikita Mazepin,9,#505050,2.0,188,-,-,0,1,-,-,-,-,-,-,-,-,-,-,,S,#CD3C3C,2,1.0,0,0,0.235,0,0,0,0,0.0,20
1,2021,2021041,3,Haas F1 Team,20,MAZ,Nikita Mazepin,9,#505050,3.0,189,87.309,87.309,0,0,-,-,-1.69,0.573,-1.403,16.0,-1.690,0.573,-1.403,16.0,-1.117,S,#CD3C3C,3,1.0,0,0,0.235,0,0,0,0,0.0,20
1,2021,2021041,3,Haas F1 Team,20,MAZ,Nikita Mazepin,9,#505050,4.0,190,86.368,86.368,0,0,86.838,0.941,-1.26,0.159,-1.181,16.0,-1.260,0.159,-1.181,16.0,-1.101,S,#CD3C3C,4,1.0,0,0,0.235,0,0,0,0,0.0,20
1,2021,2021041,3,Haas F1 Team,20,MAZ,Nikita Mazepin,9,#505050,5.0,191,86.945,86.636,1,0,86.502,0.577,-1.993,-0.271,-2.128,20.0,-1.684,0.515,-1.427,16.0,-2.264,S,#CD3C3C,5,1.0,0,0,0.235,0,0,0,0,0.0,20
1,2021,2021041,3,Haas F1 Team,20,MAZ,Nikita Mazepin,9,#505050,6.0,192,86.904,86.904,0,0,86.77,0.041,-1.915,0.872,-1.479,16.0,-1.915,0.872,-1.479,16.0,-1.043,S,#CD3C3C,6,1.0,0,0,0.235,0,0,0,0,0.0,20
1,2021,2021041,3,Haas F1 Team,20,MAZ,Nikita Mazepin,9,#505050,7.0,193,86.46,86.46,0,0,86.682,0.444,-1.588,0.136,-1.520,16.0,-1.588,0.136,-1.520,16.0,-1.452,S,#CD3C3C,7,1.0,0,0,0.235,0,0,0,0,0.0,19
1,2021,2021041,3,Haas F1 Team,20,MAZ,Nikita Mazepin,9,#505050,8.0,194,-,-,0,1,-,-,-,-,-,-,-,-,-,-,,S,#CD3C3C,8,1.0,0,0,0.235,0,1,0,0,0.0,19
1,2021,2021041,3,Haas F1 Team,20,MAZ,Nikita Mazepin,9,#505050,9.0,195,-,-,0,1,-,-,-,-,-,-,-,-,-,-,,S,#CD3C3C,9,1.0,0,0,0.235,0,0,0,0,0.0,17
1,2021,2021041,3,Haas F1 Team,20,MAZ,Nikita Mazepin,9,#505050,10.0,196,-,-,0,1,-,-,-,-,-,-,-,-,-,-,,S,#CD3C3C,10,1.0,0,0,0.235,1,0,0,0,0.0,16
1,2021,2021041,3,Haas F1 Team,20,MAZ,Nikita Mazepin,9,#505050,11.0,197,-,-,0,1,-,-,-,-,-,-,-,-,-,-,,S,#CD3C3C,11,1.0,0,0,0.235,0,0,0,0,0.0,18
1,2021,2021041,3,Haas F1 Team,20,MAZ,Nikita Mazepin,9,#505050,12.0,198,87.754,87.754,0,0,-,-,-2.102,-0.311,-2.257,20.0,-2.102,-0.311,-2.257,20.0,-2.413,S,#CD3C3C,12,1.0,0,0,0.235,0,0,0,0,0.0,18
1,2021,2021041,3,Haas F1 Team,20,MAZ,Nikita Mazepin,9,#505050,13.0,199,87.042,87.042,0,0,87.398,0.712,-1.915,0.546,-1.642,16.0,-1.915,0.546,-1.642,16.0,-1.369,S,#CD3C3C,13,1.0,0,0,0.235,0,0,0,0,0.0,18
1,2021,2021041,3,Haas F1 Team,20,MAZ,Nikita Mazepin,9,#505050,14.0,200,87.211,87.211,0,0,87.126,0.169,-2.107,0.554,-1.830,16.0,-2.107,0.554,-1.830,16.0,-1.553,S,#CD3C3C,14,1.0,0,1,0.235,0,0,0,0,0.0,18
1,2021,2021041,3,Haas F1 Team,20,MAZ,Nikita Mazepin,9,#505050,15.0,201,86.891,86.891,0,0,87.051,0.320,-1.845,-0.936,-2.313,20.0,-1.845,0.386,-1.652,16.0,-2.781,S,#CD3C3C,15,1.0,0,0,0.235,0,0,0,0,0.0,18
1,2021,2021041,3,Haas F1 Team,20,MAZ,Nikita Mazepin,9,#505050,16.0,202,87.647,86.818,1,0,86.854,0.756,-2.649,1.295,-2.002,16.0,-1.819,0.465,-1.587,16.0,-1.354,S,#CD3C3C,16,1.0,0,0,0.235,0,0,0,0,-1.0,19
1,2021,2021041,3,Haas F1 Team,20,MAZ,Nikita Mazepin,9,#505050,17.0,203,86.744,86.744,0,0,86.781,0.903,-1.908,0.971,-1.423,16.0,-1.908,0.971,-1.423,16.0,-0.937,S,#CD3C3C,17,1.0,0,0,0.235,0,0,0,0,0.0,19
1,2021,2021041,3,Haas F1 Team,20,MAZ,Nikita Mazepin,9,#505050,18.0,204,86.881,86.881,0,0,86.812,0.137,-2.011,-1.062,-2.542,20.0,-2.011,0.915,-1.554,16.0,-3.073,S,#CD3C3C,18,1.0,0,0,0.235,0,0,0,0,0.0,19
1,2021,2021041,3,Haas F1 Team,20,MAZ,Nikita Mazepin,9,#505050,19.0,205,86.627,86.627,0,0,86.754,0.254,-1.809,0.468,-1.575,16.0,-1.809,0.468,-1.575,16.0,-1.341,S,#CD3C3C,19,1.0,0,0,0.235,0,0,0,0,0.0,18
1,2021,2021041,3,Haas F1 Team,20,MAZ,Nikita Mazepin,9,#505050,20.0,206,86.548,86.548,0,0,86.588,0.079,-1.745,0.570,-1.460,16.0,-1.745,0.570,-1.460,16.0,-1.175,S,#CD3C3C,20,1.0,0,0,0.235,0,0,0,0,0.0,18
1,2021,2021041,3,Haas F1 Team,20,MAZ,Nikita Mazepin,9,#505050,21.0,207,86.782,86.782,0,0,86.665,0.234,-1.998,0.706,-1.645,16.0,-1.998,0.706,-1.645,16.0,-1.292,S,#CD3C3C,21,1.0,0,0,0.235,0,0,0,0,0.0,18
1,2021,2021041,3,Haas F1 Team,20,MAZ,Nikita Mazepin,9,#505050,22.0,208,-,-,0,1,-,-,-,-,-,-,-,-,-,-,-1.616,S,#CD3C3C,22,1.0,1,0,0.235,0,0,0,0,0.0,19
1,2021,2021041,3,Haas F1 Team,20,MAZ,Nikita Mazepin,9,#505050,23.0,209,-,-,0,1,-,-,-,-,-,-,-,-,-,-,,M,#F0E628,1,2.0,0,0,0.577,0,0,0,0,0.0,19
1,2021,2021041,3,Haas F1 Team,20,MAZ,Nikita Mazepin,9,#505050,24.0,210,84.384,84.384,0,0,-,-,-0.057,-,-,-,-0.057,-,-,-,,M,#F0E628,2,2.0,0,0,0.577,0,0,0,0,0.0,19
1,2021,2021041,3,Haas F1 Team,20,MAZ,Nikita Mazepin,9,#505050,25.0,211,86.761,84.595,1,0,84.489,2.377,-2.584,2.517,-1.325,16.0,-0.418,0.351,-0.242,16.0,-0.067,M,#F0E628,3,2.0,0,0,0.577,0,0,0,0,0.0,19
1,2021,2021041,3,Haas F1 Team,20,MAZ,Nikita Mazepin,9,#505050,26.0,212,84.806,84.806,0,0,84.7,1.955,-0.673,0.371,-0.487,16.0,-0.673,0.371,-0.487,16.0,-0.302,M,#F0E628,4,2.0,0,0,0.577,0,0,0,0,0.0,19
1,2021,2021041,3,Haas F1 Team,20,MAZ,Nikita Mazepin,9,#505050,27.0,213,84.844,84.844,0,0,84.825,0.038,-0.669,0.425,-0.457,16.0,-0.669,0.425,-0.457,16.0,-0.244,M,#F0E628,5,2.0,0,0,0.577,0,0,0,0,0.0,19
1,2021,2021041,3,Haas F1 Team,20,MAZ,Nikita Mazepin,9,#505050,28.0,214,84.862,84.862,0,0,84.853,0.018,-0.794,0.490,-0.549,16.0,-0.794,0.490,-0.549,16.0,-0.304,M,#F0E628,6,2.0,0,0,0.577,0,0,0,0,0.0,19
1,2021,2021041,3,Haas F1 Team,20,MAZ,Nikita Mazepin,9,#505050,29.0,215,84.754,84.754,0,0,84.808,0.108,-0.741,0.765,-0.358,16.0,-0.741,0.765,-0.358,16.0,0.024,M,#F0E628,7,2.0,0,0,0.577,0,0,0,0,0.0,19
1,2021,2021041,3,Haas F1 Team,20,MAZ,Nikita Mazepin,9,#505050,30.0,216,84.83,84.83,0,0,84.792,0.076,-1.017,0.871,-0.581,16.0,-1.017,0.871,-0.581,16.0,-0.146,M,#F0E628,8,2.0,0,0,0.577,0,0,0,0,0.0,19
1,2021,2021041,3,Haas F1 Team,20,MAZ,Nikita Mazepin,9,#505050,31.0,217,85.107,85.107,0,0,84.968,0.277,-1.367,1.078,-0.828,16.0,-1.367,1.078,-0.828,16.0,-0.289,M,#F0E628,9,2.0,0,0,0.577,0,0,0,0,0.0,19
1,2021,2021041,3,Haas F1 Team,20,MAZ,Nikita Mazepin,9,#505050,32.0,218,87.806,85.286,1,0,85.197,2.699,-4.014,3.237,-2.396,16.0,-1.495,0.718,-1.136,16.0,-0.777,M,#F0E628,10,2.0,0,1,0.577,0,0,0,0,0.0,19
1,2021,2021041,3,Haas F1 Team,20,MAZ,Nikita Mazepin,9,#505050,33.0,219,85.466,85.466,0,0,85.376,2.340,-1.817,1.504,-1.065,16.0,-1.817,1.504,-1.065,16.0,-0.313,M,#F0E628,11,2.0,0,0,0.577,0,0,0,0,0.0,19
1,2021,2021041,3,Haas F1 Team,20,MAZ,Nikita Mazepin,9,#505050,34.0,220,87.73,85.382,1,0,85.424,2.264,-4.097,3.463,-2.366,16.0,-1.750,1.116,-1.192,16.0,-0.634,M,#F0E628,12,2.0,0,0,0.577,0,0,0,0,0.0,19
1,2021,2021041,3,Haas F1 Team,20,MAZ,Nikita Mazepin,9,#505050,35.0,221,85.299,85.299,0,0,85.341,2.431,-1.632,1.061,-1.101,16.0,-1.632,1.061,-1.101,16.0,-0.571,M,#F0E628,13,2.0,0,0,0.577,0,0,0,0,0.0,19
1,2021,2021041,3,Haas F1 Team,20,MAZ,Nikita Mazepin,9,#505050,36.0,222,85.147,85.147,0,0,85.223,0.152,-1.408,0.766,-1.025,16.0,-1.408,0.766,-1.025,16.0,-0.642,M,#F0E628,14,2.0,0,0,0.577,0,0,0,0,0.0,19
1,2021,2021041,3,Haas F1 Team,20,MAZ,Nikita Mazepin,9,#505050,37.0,223,85.221,85.221,0,0,85.184,0.074,-1.623,-2.302,-2.774,20.0,-1.623,0.290,-1.478,16.0,-3.925,M,#F0E628,15,2.0,0,0,0.577,0,0,0,0,0.0,19
1,2021,2021041,3,Haas F1 Team,20,MAZ,Nikita Mazepin,9,#505050,38.0,224,86.812,85.339,1,0,85.28,1.591,-3.197,1.332,-2.531,16.0,-1.724,-0.141,-1.794,20.0,-1.865,M,#F0E628,16,2.0,0,0,0.577,0,0,0,0,0.0,19
1,2021,2021041,3,Haas F1 Team,20,MAZ,Nikita Mazepin,9,#505050,39.0,225,85.457,85.457,0,0,85.398,1.355,-2.049,-0.837,-2.467,20.0,-2.049,0.228,-1.935,16.0,-2.886,M,#F0E628,17,2.0,0,0,0.577,0,0,0,0,0.0,19
1,2021,2021041,3,Haas F1 Team,20,MAZ,Nikita Mazepin,9,#505050,40.0,226,85.809,85.809,0,0,85.633,0.352,-2.437,0.831,-2.022,16.0,-2.437,0.831,-2.022,16.0,-1.606,M,#F0E628,18,2.0,0,0,0.577,0,0,0,0,0.0,19
1,2021,2021041,3,Haas F1 Team,20,MAZ,Nikita Mazepin,9,#505050,41.0,227,85.309,85.309,0,0,85.559,0.500,-2.019,1.051,-1.494,16.0,-2.019,1.051,-1.494,16.0,-0.968,M,#F0E628,19,2.0,0,0,0.577,0,0,0,0,0.0,19
1,2021,2021041,3,Haas F1 Team,20,MAZ,Nikita Mazepin,9,#505050,42.0,228,-,-,0,1,-,-,-,-,-,-,-,-,-,-,-1.094,M,#F0E628,20,2.0,1,0,0.577,0,0,0,0,0.0,19
1,2021,2021041,3,Haas F1 Team,20,MAZ,Nikita Mazepin,9,#505050,43.0,229,-,-,0,1,-,-,-,-,-,-,-,-,-,-,-2.702,M,#F0E628,1,3.0,0,0,0.659,0,0,0,0,0.0,19
1,2021,2021041,3,Haas F1 Team,20,MAZ,Nikita Mazepin,9,#505050,44.0,230,84.842,84.842,0,0,-,-,-1.703,0.458,-1.474,16.0,-1.703,0.458,-1.474,16.0,-1.245,M,#F0E628,2,3.0,0,0,0.659,0,0,0,0,0.0,19
1,2021,2021041,3,Haas F1 Team,20,MAZ,Nikita Mazepin,9,#505050,45.0,231,84.04,84.04,0,0,84.441,0.802,-0.823,-0.052,-0.849,20.0,-0.823,-0.052,-0.849,20.0,-0.875,M,#F0E628,3,3.0,0,0,0.659,0,0,0,0,0.0,19
1,2021,2021041,3,Haas F1 Team,20,MAZ,Nikita Mazepin,9,#505050,46.0,232,84.392,84.392,0,0,84.216,0.352,-0.955,0.169,-0.871,16.0,-0.955,0.169,-0.871,16.0,-0.786,M,#F0E628,4,3.0,0,0,0.659,0,0,0,0,0.0,19
1,2021,2021041,3,Haas F1 Team,20,MAZ,Nikita Mazepin,9,#505050,47.0,233,84.539,84.539,0,0,84.465,0.147,-1.076,-2.434,-2.293,20.0,-1.076,0.063,-1.044,16.0,-3.51,M,#F0E628,5,3.0,0,0,0.659,0,0,0,0,0.0,19
1,2021,2021041,3,Haas F1 Team,20,MAZ,Nikita Mazepin,9,#505050,48.0,234,84.381,84.381,0,0,84.46,0.158,-0.986,-0.347,-1.159,20.0,-0.986,-0.347,-1.159,20.0,-1.333,M,#F0E628,6,3.0,0,0,0.659,0,0,0,0,0.0,19
1,2021,2021041,3,Haas F1 Team,20,MAZ,Nikita Mazepin,9,#505050,49.0,235,86.441,84.423,1,0,84.402,2.060,-3.139,1.881,-2.199,16.0,-1.121,-0.137,-1.190,20.0,-1.258,M,#F0E628,7,3.0,0,0,0.659,0,0,0,0,0.0,19
1,2021,2021041,3,Haas F1 Team,20,MAZ,Nikita Mazepin,9,#505050,50.0,236,84.465,84.465,0,0,84.444,1.976,-1.498,-,-,-,-1.498,-,-,-,,M,#F0E628,8,3.0,0,0,0.659,0,0,0,0,0.0,19
1,2021,2021041,3,Haas F1 Team,20,MAZ,Nikita Mazepin,9,#505050,51.0,237,84.053,84.053,0,0,84.259,0.412,-0.916,-,-,-,-0.916,-,-,-,,M,#F0E628,9,3.0,0,0,0.659,0,0,0,0,0.0,19
1,2021,2021041,3,Haas F1 Team,20,MAZ,Nikita Mazepin,9,#505050,52.0,238,84.204,84.204,0,0,84.128,0.151,-0.991,1.234,-0.374,16.0,-0.991,1.234,-0.374,16.0,0.243,M,#F0E628,10,3.0,0,0,0.659,0,0,0,0,0.0,19
1,2021,2021041,3,Haas F1 Team,20,MAZ,Nikita Mazepin,9,#505050,53.0,239,86.228,84.514,1,0,84.359,2.024,-3.246,3.476,-1.508,16.0,-1.532,1.762,-0.651,16.0,0.23,M,#F0E628,11,3.0,0,0,0.659,0,0,0,0,0.0,19
1,2021,2021041,3,Haas F1 Team,20,MAZ,Nikita Mazepin,9,#505050,54.0,240,84.824,84.824,0,0,84.669,1.404,-1.762,2.187,-0.668,16.0,-1.762,2.187,-0.668,16.0,0.425,M,#F0E628,12,3.0,0,1,0.659,0,0,0,0,0.0,19
1,2021,2021041,3,Haas F1 Team,20,MAZ,Nikita Mazepin,9,#505050,55.0,241,84.42,84.42,0,0,84.622,0.404,-1.34,1.771,-0.455,16.0,-1.340,1.771,-0.455,16.0,0.431,M,#F0E628,13,3.0,0,0,0.659,0,0,0,0,0.0,19
1,2021,2021041,3,Haas F1 Team,20,MAZ,Nikita Mazepin,9,#505050,56.0,242,86.574,84.684,1,0,84.552,2.154,-3.497,3.928,-1.533,16.0,-1.608,2.039,-0.589,16.0,0.431,M,#F0E628,14,3.0,0,0,0.659,0,0,0,0,0.0,19
1,2021,2021041,3,Haas F1 Team,20,MAZ,Nikita Mazepin,9,#505050,57.0,243,84.949,84.949,0,0,84.817,1.625,-1.698,1.382,-1.007,16.0,-1.698,1.382,-1.007,16.0,-0.316,M,#F0E628,15,3.0,0,0,0.659,0,0,0,0,0.0,19
1,2021,2021041,3,Haas F1 Team,20,MAZ,Nikita Mazepin,9,#505050,58.0,244,84.698,84.698,0,0,84.824,0.251,-1.055,-1.986,-2.048,20.0,-1.055,-0.296,-1.203,20.0,-3.041,M,#F0E628,16,3.0,0,0,0.659,0,0,0,0,0.0,19
1,2021,2021041,3,Haas F1 Team,20,MAZ,Nikita Mazepin,9,#505050,59.0,245,86.61,86.61,0,0,85.654,1.912,-2.534,0.188,-2.440,16.0,-2.534,0.188,-2.440,16.0,-2.346,M,#F0E628,17,3.0,0,0,0.659,0,0,0,0,0.0,19
1,2021,2021041,3,Haas F1 Team,20,MAZ,Nikita Mazepin,9,#505050,60.0,246,87.116,87.116,0,0,86.863,0.506,-3.442,4.014,-1.435,16.0,-3.442,4.014,-1.435,16.0,0.572,M,#F0E628,18,3.0,0,0,0.659,0,0,0,0,0.0,19
1,2021,2021041,3,Haas F1 Team,20,MAZ,Nikita Mazepin,9,#505050,61.0,247,90.047,87.258,1,0,87.187,2.931,-6.63,6.222,-3.519,16.0,-3.841,3.433,-2.125,16.0,-0.408,M,#F0E628,19,3.0,0,0,0.659,0,0,0,0,0.0,19
1,2021,2021041,3,Haas F1 Team,20,MAZ,Nikita Mazepin,9,#505050,62.0,248,87.399,87.399,0,0,87.328,2.648,-4.542,3.852,-2.616,16.0,-4.542,3.852,-2.616,16.0,-0.69,M,#F0E628,20,3.0,0,0,0.659,0,0,0,0,0.0,19
1,2021,2021041,3,Haas F1 Team,20,MAZ,Nikita Mazepin,9,#505050,63.0,249,84.739,84.739,0,0,86.069,2.660,-2.162,-0.956,-2.640,20.0,-2.162,1.173,-1.575,16.0,-3.118,M,#F0E628,21,3.0,0,0,0.659,0,0,0,0,0.0,19
1,2021,2021041,3,Haas F1 Team,20,MAZ,Nikita Mazepin,9,#505050,64.0,250,84.471,84.471,0,0,84.605,0.268,-1.867,0.886,-1.424,16.0,-1.867,0.886,-1.424,16.0,-0.981,M,#F0E628,22,3.0,0,0,0.659,0,0,0,0,0.0,19
1,2021,2021051,4,Haas F1 Team,16,MSC,Mick Schumacher,47,#505050,1.0,253,-,-,0,1,-,-,-,-,-,-,-,-,-,-,,S,#CD3C3C,1,1.0,0,0,0.742,0,0,0,0,,18
1,2021,2021051,4,Haas F1 Team,16,MSC,Mick Schumacher,47,#505050,2.0,254,-,-,0,1,-,-,-,-,-,-,-,-,-,-,,S,#CD3C3C,2,1.0,0,0,0.742,0,0,0,0,0.0,18
1,2021,2021051,4,Haas F1 Team,16,MSC,Mick Schumacher,47,#505050,3.0,255,80.586,80.586,0,0,-,-,-1.487,-0.144,-1.559,16.0,-1.487,-0.144,-1.559,16.0,-1.631,S,#CD3C3C,3,1.0,0,0,0.742,0,0,0,0,0.0,18
1,2021,2021051,4,Haas F1 Team,16,MSC,Mick Schumacher,47,#505050,4.0,256,79.93,79.93,0,0,80.258,0.656,-1.2,0.125,-1.137,20.0,-1.200,0.125,-1.137,20.0,-1.075,S,#CD3C3C,4,1.0,0,0,0.742,0,0,0,0,0.0,18
1,2021,2021051,4,Haas F1 Team,16,MSC,Mick Schumacher,47,#505050,5.0,257,79.362,79.362,0,0,79.646,0.568,-0.775,-0.236,-0.893,16.0,-0.775,-0.236,-0.893,16.0,-1.011,S,#CD3C3C,5,1.0,0,0,0.742,0,0,0,0,0.0,18
1,2021,2021051,4,Haas F1 Team,16,MSC,Mick Schumacher,47,#505050,6.0,258,79.782,79.782,0,0,79.572,0.420,-1.387,-0.057,-1.415,16.0,-1.387,-0.057,-1.415,16.0,-1.444,S,#CD3C3C,6,1.0,0,0,0.742,0,0,0,0,0.0,18
1,2021,2021051,4,Haas F1 Team,16,MSC,Mick Schumacher,47,#505050,7.0,259,79.247,79.247,0,0,79.514,0.535,-1.082,-0.288,-1.226,16.0,-1.082,-0.288,-1.226,16.0,-1.37,S,#CD3C3C,7,1.0,0,0,0.742,0,0,0,0,0.0,18
1,2021,2021051,4,Haas F1 Team,16,MSC,Mick Schumacher,47,#505050,8.0,260,79.041,79.041,0,0,79.144,0.206,-1.119,-0.240,-1.239,16.0,-1.119,-0.240,-1.239,16.0,-1.359,S,#CD3C3C,8,1.0,0,0,0.742,0,0,0,0,0.0,18
1,2021,2021051,4,Haas F1 Team,16,MSC,Mick Schumacher,47,#505050,9.0,261,79.004,79.004,0,0,79.023,0.037,-1.069,0.072,-1.033,20.0,-1.069,0.072,-1.033,20.0,-0.997,S,#CD3C3C,9,1.0,0,0,0.742,0,0,0,0,0.0,18
1,2021,2021051,4,Haas F1 Team,16,MSC,Mick Schumacher,47,#505050,10.0,262,78.672,78.672,0,0,78.838,0.332,-0.805,-0.200,-0.905,16.0,-0.805,-0.200,-0.905,16.0,-1.005,S,#CD3C3C,10,1.0,0,0,0.742,0,0,0,0,0.0,18
1,2021,2021051,4,Haas F1 Team,16,MSC,Mick Schumacher,47,#505050,11.0,263,78.575,78.575,0,0,78.624,0.097,-0.918,-0.443,-1.139,16.0,-0.918,-0.443,-1.139,16.0,-1.361,S,#CD3C3C,11,1.0,0,0,0.742,0,0,0,0,0.0,18
1,2021,2021051,4,Haas F1 Team,16,MSC,Mick Schumacher,47,#505050,12.0,264,78.674,78.674,0,0,78.625,0.099,-1.173,-0.230,-1.288,16.0,-1.173,-0.230,-1.288,16.0,-1.403,S,#CD3C3C,12,1.0,0,0,0.742,0,0,0,0,0.0,18
1,2021,2021051,4,Haas F1 Team,16,MSC,Mick Schumacher,47,#505050,13.0,265,78.992,78.992,0,0,78.833,0.318,-1.653,-0.295,-1.800,16.0,-1.653,-0.295,-1.800,16.0,-1.948,S,#CD3C3C,13,1.0,0,0,0.742,0,0,0,0,0.0,18
1,2021,2021051,4,Haas F1 Team,16,MSC,Mick Schumacher,47,#505050,14.0,266,78.579,78.579,0,0,78.786,0.413,-1.454,-0.843,-1.875,16.0,-1.454,-0.843,-1.875,16.0,-2.297,S,#CD3C3C,14,1.0,0,0,0.742,0,0,0,0,0.0,18
1,2021,2021051,4,Haas F1 Team,16,MSC,Mick Schumacher,47,#505050,15.0,267,78.294,78.294,0,0,78.436,0.285,-1.252,-0.655,-1.579,16.0,-1.252,-0.655,-1.579,16.0,-1.907,S,#CD3C3C,15,1.0,0,0,0.742,0,0,0,0,0.0,18
1,2021,2021051,4,Haas F1 Team,16,MSC,Mick Schumacher,47,#505050,16.0,268,78.751,78.751,0,0,78.523,0.457,-1.668,-0.053,-1.694,16.0,-1.668,-0.053,-1.694,16.0,-1.721,S,#CD3C3C,16,1.0,0,0,0.742,0,0,0,0,0.0,18
1,2021,2021051,4,Haas F1 Team,16,MSC,Mick Schumacher,47,#505050,17.0,269,78.58,78.58,0,0,78.666,0.171,-1.572,-0.669,-1.907,16.0,-1.572,-0.669,-1.907,16.0,-2.241,S,#CD3C3C,17,1.0,0,0,0.742,0,0,0,0,0.0,18
1,2021,2021051,4,Haas F1 Team,16,MSC,Mick Schumacher,47,#505050,18.0,270,78.621,78.621,0,0,78.6,0.041,-1.614,-0.542,-1.885,16.0,-1.614,-0.542,-1.885,16.0,-2.156,S,#CD3C3C,18,1.0,0,0,0.742,0,0,0,0,0.0,18
1,2021,2021051,4,Haas F1 Team,16,MSC,Mick Schumacher,47,#505050,19.0,271,78.909,78.909,0,0,78.765,0.288,-1.909,0.235,-1.792,20.0,-1.909,0.235,-1.792,20.0,-1.674,S,#CD3C3C,19,1.0,0,1,0.742,0,0,0,0,0.0,18
1,2021,2021051,4,Haas F1 Team,16,MSC,Mick Schumacher,47,#505050,20.0,272,78.533,78.533,0,0,78.721,0.376,-1.521,-0.329,-1.685,16.0,-1.521,-0.329,-1.685,16.0,-1.85,S,#CD3C3C,20,1.0,0,0,0.742,0,0,0,0,0.0,18
1,2021,2021051,4,Haas F1 Team,16,MSC,Mick Schumacher,47,#505050,21.0,273,78.533,78.533,0,0,78.533,0.000,-1.464,-0.577,-1.752,16.0,-1.464,-0.577,-1.752,16.0,-2.041,S,#CD3C3C,21,1.0,0,0,0.742,0,0,0,0,0.0,18
1,2021,2021051,4,Haas F1 Team,16,MSC,Mick Schumacher,47,#505050,22.0,274,78.759,78.759,0,0,78.646,0.226,-1.597,-2.066,-2.630,16.0,-1.597,-2.066,-2.630,16.0,-3.663,S,#CD3C3C,22,1.0,0,0,0.742,0,0,0,0,0.0,18
1,2021,2021051,4,Haas F1 Team,16,MSC,Mick Schumacher,47,#505050,23.0,275,78.495,78.495,0,0,78.627,0.264,-1.203,-3.582,-2.994,16.0,-1.203,-3.582,-2.994,16.0,-4.785,S,#CD3C3C,23,1.0,0,0,0.742,0,0,0,0,0.0,18
1,2021,2021051,4,Haas F1 Team,16,MSC,Mick Schumacher,47,#505050,24.0,276,80.781,80.781,0,0,79.638,2.286,-3.38,-4.165,-5.463,16.0,-3.380,-1.636,-4.198,16.0,-7.545,S,#CD3C3C,24,1.0,0,0,0.742,0,0,0,0,0.0,18
1,2021,2021051,4,Haas F1 Team,16,MSC,Mick Schumacher,47,#505050,25.0,277,82.457,82.457,0,0,81.619,1.676,-4.916,-0.299,-5.066,16.0,-4.916,-0.299,-5.066,16.0,-5.215,S,#CD3C3C,25,1.0,0,0,0.742,0,0,0,0,0.0,18
1,2021,2021051,4,Haas F1 Team,16,MSC,Mick Schumacher,47,#505050,26.0,278,83.437,83.437,0,0,82.947,0.980,-6.039,4.373,-3.853,20.0,-6.039,4.373,-3.853,20.0,-1.666,S,#CD3C3C,26,1.0,0,0,0.742,0,0,0,0,0.0,18
1,2021,2021051,4,Haas F1 Team,16,MSC,Mick Schumacher,47,#505050,27.0,279,89.167,85.701,1,0,84.569,5.730,-11.674,10.472,-6.438,20.0,-8.208,7.006,-4.705,20.0,-1.202,S,#CD3C3C,27,1.0,0,0,0.742,0,0,0,0,0.0,18
1,2021,2021051,4,Haas F1 Team,16,MSC,Mick Schumacher,47,#505050,28.0,280,87.965,87.965,0,0,86.833,1.202,-10.24,8.462,-6.009,20.0,-10.240,8.973,-5.753,20.0,-1.778,S,#CD3C3C,28,1.0,0,0,0.742,0,0,0,0,-1.0,19
1,2021,2021051,4,Haas F1 Team,16,MSC,Mick Schumacher,47,#505050,29.0,281,91.596,85.958,1,0,86.962,3.631,-13.851,12.307,-7.698,20.0,-8.213,6.669,-4.878,20.0,-1.544,S,#CD3C3C,29,1.0,0,0,0.742,0,0,0,0,0.0,19
1,2021,2021051,4,Haas F1 Team,16,MSC,Mick Schumacher,47,#505050,30.0,282,83.951,83.951,0,0,84.954,7.645,-5.774,1.232,-5.158,20.0,-5.774,1.232,-5.158,20.0,-4.542,S,#CD3C3C,30,1.0,0,0,0.742,0,0,0,0,0.0,19
1,2021,2021051,4,Haas F1 Team,16,MSC,Mick Schumacher,47,#505050,31.0,283,86.779,82.021,1,0,82.986,2.828,-8.708,2.996,-7.210,20.0,-3.950,1.047,-3.426,20.0,-5.712,S,#CD3C3C,31,1.0,0,0,0.742,0,0,0,0,0.0,18
1,2021,2021051,4,Haas F1 Team,16,MSC,Mick Schumacher,47,#505050,32.0,284,80.091,80.091,0,0,81.056,6.688,-2.54,0.861,-2.110,20.0,-2.540,0.861,-2.110,20.0,-1.679,S,#CD3C3C,32,1.0,0,0,0.742,0,0,0,0,0.0,18
1,2021,2021051,4,Haas F1 Team,16,MSC,Mick Schumacher,47,#505050,33.0,285,77.77,77.77,0,0,78.93,2.321,-0.742,-1.268,-1.376,16.0,-0.742,-1.268,-1.376,16.0,-2.01,S,#CD3C3C,33,1.0,0,0,0.742,0,0,0,0,0.0,18
1,2021,2021051,4,Haas F1 Team,16,MSC,Mick Schumacher,47,#505050,34.0,286,77.438,77.438,0,0,77.604,0.332,-1.008,-,-,-,-1.008,-,-,-,,S,#CD3C3C,34,1.0,0,0,0.742,0,0,0,0,0.0,18
1,2021,2021051,4,Haas F1 Team,16,MSC,Mick Schumacher,47,#505050,35.0,287,79.106,78.052,1,0,77.745,1.668,-2.725,-,-,-,-1.671,-,-,-,,S,#CD3C3C,35,1.0,0,0,0.742,0,0,0,0,0.0,18
1,2021,2021051,4,Haas F1 Team,16,MSC,Mick Schumacher,47,#505050,36.0,288,78.665,78.665,0,0,78.358,0.441,-2.092,0.004,-2.090,20.0,-2.092,0.004,-2.090,20.0,-2.088,S,#CD3C3C,36,1.0,0,0,0.742,0,0,0,0,0.0,18
1,2021,2021051,4,Haas F1 Team,16,MSC,Mick Schumacher,47,#505050,37.0,289,-,-,0,1,-,-,-,-,-,-,-,-,-,-,-1.279,S,#CD3C3C,37,1.0,1,0,0.742,0,0,0,0,0.0,18
1,2021,2021051,4,Haas F1 Team,16,MSC,Mick Schumacher,47,#505050,38.0,290,-,-,0,1,-,-,-,-,-,-,-,-,-,-,-1.397,H,#A5AFB9,1,2.0,0,0,0.424,0,0,0,0,0.0,18
1,2021,2021051,4,Haas F1 Team,16,MSC,Mick Schumacher,47,#505050,39.0,291,84.818,84.818,0,0,-,-,-7.733,3.609,-5.928,20.0,-7.733,5.770,-4.848,20.0,-4.124,H,#A5AFB9,2,2.0,0,0,0.424,0,0,0,0,0.0,18
1,2021,2021051,4,Haas F1 Team,16,MSC,Mick Schumacher,47,#505050,40.0,292,81.03,81.03,0,0,82.924,3.788,-4.233,0.910,-3.778,20.0,-4.233,0.910,-3.778,20.0,-3.323,H,#A5AFB9,3,2.0,0,0,0.424,0,0,0,0,0.0,18
1,2021,2021051,4,Haas F1 Team,16,MSC,Mick Schumacher,47,#505050,41.0,293,77.591,77.591,0,0,79.31,3.439,-1.238,-2.427,-2.451,16.0,-1.238,-2.427,-2.451,16.0,-3.665,H,#A5AFB9,4,2.0,0,0,0.424,0,0,0,0,0.0,18
1,2021,2021051,4,Haas F1 Team,16,MSC,Mick Schumacher,47,#505050,42.0,294,76.814,76.814,0,0,77.202,0.777,-0.211,-3.741,-2.082,16.0,-0.211,-3.741,-2.082,16.0,-3.952,H,#A5AFB9,5,2.0,0,0,0.424,0,0,0,0,0.0,18
1,2021,2021051,4,Haas F1 Team,16,MSC,Mick Schumacher,47,#505050,43.0,295,77.825,77.825,0,0,77.32,1.011,-1.289,-4.932,-3.755,16.0,-1.289,-3.175,-2.877,16.0,-6.221,H,#A5AFB9,6,2.0,0,0,0.424,0,0,0,0,0.0,18
1,2021,2021051,4,Haas F1 Team,16,MSC,Mick Schumacher,47,#505050,44.0,296,77.867,77.867,0,0,77.846,0.042,-1.186,-3.578,-2.975,16.0,-1.186,-3.578,-2.975,16.0,-4.764,H,#A5AFB9,7,2.0,0,0,0.424,0,0,0,0,0.0,18
1,2021,2021051,4,Haas F1 Team,16,MSC,Mick Schumacher,47,#505050,45.0,297,77.852,77.852,0,0,77.86,0.015,-1.374,-6.089,-4.418,16.0,-1.374,-4.130,-3.439,16.0,-7.463,H,#A5AFB9,8,2.0,0,0,0.424,0,0,0,0,0.0,18
1,2021,2021051,4,Haas F1 Team,16,MSC,Mick Schumacher,47,#505050,46.0,298,77.289,77.289,0,0,77.571,0.563,-0.807,-5.230,-3.422,16.0,-0.807,-5.230,-3.422,16.0,-6.037,H,#A5AFB9,9,2.0,0,0,0.424,0,0,0,0,0.0,18
1,2021,2021051,4,Haas F1 Team,16,MSC,Mick Schumacher,47,#505050,47.0,299,77.434,77.434,0,0,77.362,0.145,-1.203,-0.217,-1.312,16.0,-1.203,-0.217,-1.312,16.0,-1.42,H,#A5AFB9,10,2.0,0,0,0.424,0,0,0,0,0.0,18
1,2021,2021051,4,Haas F1 Team,16,MSC,Mick Schumacher,47,#505050,48.0,300,77.682,77.682,0,0,77.558,0.248,-1.549,0.275,-1.411,20.0,-1.549,0.275,-1.411,20.0,-1.274,H,#A5AFB9,11,2.0,0,0,0.424,0,0,0,0,0.0,18
1,2021,2021051,4,Haas F1 Team,16,MSC,Mick Schumacher,47,#505050,49.0,301,76.94,76.94,0,0,77.311,0.742,-0.806,-0.281,-0.947,16.0,-0.806,-0.281,-0.947,16.0,-1.087,H,#A5AFB9,12,2.0,0,0,0.424,0,0,0,0,0.0,18
1,2021,2021051,4,Haas F1 Team,16,MSC,Mick Schumacher,47,#505050,50.0,302,76.52,76.52,0,0,76.73,0.420,-0.434,-0.397,-0.632,16.0,-0.434,-0.397,-0.632,16.0,-0.831,H,#A5AFB9,13,2.0,0,0,0.424,0,0,0,0,0.0,18
1,2021,2021051,4,Haas F1 Team,16,MSC,Mick Schumacher,47,#505050,51.0,303,76.425,76.425,0,0,76.472,0.095,-0.378,-0.458,-0.607,16.0,-0.378,-0.458,-0.607,16.0,-0.836,H,#A5AFB9,14,2.0,0,0,0.424,0,0,0,0,0.0,18
1,2021,2021051,4,Haas F1 Team,16,MSC,Mick Schumacher,47,#505050,52.0,304,76.805,76.805,0,0,76.615,0.380,-0.81,-0.114,-0.867,16.0,-0.810,-0.114,-0.867,16.0,-0.924,H,#A5AFB9,15,2.0,0,0,0.424,0,0,0,0,0.0,18
1,2021,2021051,4,Haas F1 Team,16,MSC,Mick Schumacher,47,#505050,53.0,305,76.767,76.767,0,0,76.786,0.038,-0.818,-0.134,-0.885,16.0,-0.818,-0.134,-0.885,16.0,-0.952,H,#A5AFB9,16,2.0,0,0,0.424,0,0,0,0,0.0,18
1,2021,2021051,4,Haas F1 Team,16,MSC,Mick Schumacher,47,#505050,54.0,306,76.564,76.564,0,0,76.666,0.203,-0.587,-0.335,-0.754,16.0,-0.587,-0.335,-0.754,16.0,-0.922,H,#A5AFB9,17,2.0,0,0,0.424,0,0,0,0,0.0,18
1,2021,2021051,4,Haas F1 Team,16,MSC,Mick Schumacher,47,#505050,55.0,307,76.624,76.624,0,0,76.594,0.060,-0.798,-0.465,-1.030,16.0,-0.798,-0.465,-1.030,16.0,-1.263,H,#A5AFB9,18,2.0,0,0,0.424,0,0,0,0,0.0,18
1,2021,2021051,4,Haas F1 Team,16,MSC,Mick Schumacher,47,#505050,56.0,308,77.182,77.182,0,0,76.903,0.558,-1.198,-0.456,-1.426,16.0,-1.198,-0.121,-1.258,16.0,-1.654,H,#A5AFB9,19,2.0,0,0,0.424,0,0,0,0,0.0,18
1,2021,2021051,4,Haas F1 Team,16,MSC,Mick Schumacher,47,#505050,57.0,309,77.915,77.915,0,0,77.548,0.733,-1.761,0.398,-1.562,20.0,-1.761,0.398,-1.562,20.0,-1.363,H,#A5AFB9,20,2.0,0,1,0.424,0,0,0,0,0.0,18
1,2021,2021051,4,Haas F1 Team,16,MSC,Mick Schumacher,47,#505050,58.0,310,79.485,77.814,1,0,77.864,1.570,-3.384,1.595,-2.587,20.0,-1.713,-0.076,-1.751,16.0,-1.789,H,#A5AFB9,21,2.0,0,0,0.424,0,0,0,0,0.0,18
1,2021,2021051,4,Haas F1 Team,16,MSC,Mick Schumacher,47,#505050,59.0,311,77.713,77.713,0,0,77.764,1.772,-1.403,-4.280,-3.543,16.0,-1.403,0.018,-1.394,20.0,-5.683,H,#A5AFB9,22,2.0,0,0,0.424,0,0,0,0,0.0,18
1,2021,2021051,4,Haas F1 Team,16,MSC,Mick Schumacher,47,#505050,60.0,312,79.102,77.998,1,0,77.855,1.389,-2.721,1.603,-1.919,20.0,-1.616,0.498,-1.367,20.0,-1.118,H,#A5AFB9,23,2.0,0,0,0.424,0,0,0,0,0.0,18
1,2021,2021051,4,Haas F1 Team,16,MSC,Mick Schumacher,47,#505050,61.0,313,78.282,78.282,0,0,78.14,0.820,-2.009,-1.451,-2.735,16.0,-2.009,0.822,-1.598,20.0,-3.46,H,#A5AFB9,24,2.0,0,0,0.424,0,0,0,0,0.0,18
1,2021,2021051,4,Haas F1 Team,16,MSC,Mick Schumacher,47,#505050,62.0,314,77.745,77.745,0,0,78.014,0.537,-1.682,0.323,-1.520,20.0,-1.682,0.323,-1.520,20.0,-1.359,H,#A5AFB9,25,2.0,0,0,0.424,0,0,0,0,0.0,18
1,2021,2021051,4,Haas F1 Team,16,MSC,Mick Schumacher,47,#505050,63.0,315,77.133,77.133,0,0,77.439,0.612,-1.126,0.265,-0.994,20.0,-1.126,0.265,-0.994,20.0,-0.861,H,#A5AFB9,26,2.0,0,0,0.424,0,0,0,0,0.0,18
1,2021,2021051,4,Haas F1 Team,16,MSC,Mick Schumacher,47,#505050,64.0,316,77.375,77.375,0,0,77.254,0.242,-1.252,0.509,-0.998,20.0,-1.252,0.509,-0.998,20.0,-0.743,H,#A5AFB9,27,2.0,0,0,0.424,0,0,0,0,0.0,18
1,2021,2021051,4,Haas F1 Team,16,MSC,Mick Schumacher,47,#505050,65.0,317,77.779,77.779,0,0,77.577,0.404,-1.527,0.733,-1.161,20.0,-1.527,0.733,-1.161,20.0,-0.794,H,#A5AFB9,28,2.0,0,0,0.424,0,0,0,0,0.0,18
1,2021,2021051,4,Haas F1 Team,16,MSC,Mick Schumacher,47,#505050,66.0,318,81.412,77.68,1,0,77.73,3.633,-5.16,4.305,-3.008,20.0,-1.429,0.574,-1.142,20.0,-0.855,H,#A5AFB9,29,2.0,0,0,0.424,0,0,0,0,0.0,18
1,2021,2021051,4,Haas F1 Team,16,MSC,Mick Schumacher,47,#505050,67.0,319,77.582,77.582,0,0,77.631,3.830,-1.419,0.477,-1.181,20.0,-1.419,0.477,-1.181,20.0,-0.942,H,#A5AFB9,30,2.0,0,0,0.424,0,0,0,0,0.0,18
1,2021,2021051,4,Haas F1 Team,16,MSC,Mick Schumacher,47,#505050,68.0,320,76.719,76.719,0,0,77.15,0.863,-0.625,-3.913,-2.582,16.0,-0.625,-0.400,-0.825,16.0,-4.538,H,#A5AFB9,31,2.0,0,0,0.424,0,0,0,0,0.0,18
1,2021,2021051,4,Haas F1 Team,16,MSC,Mick Schumacher,47,#505050,69.0,321,76.763,76.763,0,0,76.741,0.044,-0.774,-0.370,-0.959,16.0,-0.774,-0.370,-0.959,16.0,-1.144,H,#A5AFB9,32,2.0,0,0,0.424,0,0,0,0,0.0,18
1,2021,2021051,4,Haas F1 Team,16,MSC,Mick Schumacher,47,#505050,70.0,322,76.847,76.847,0,0,76.805,0.084,-0.84,-0.456,-1.068,16.0,-0.840,-0.456,-1.068,16.0,-1.296,H,#A5AFB9,33,2.0,0,0,0.424,0,0,0,0,0.0,18
1,2021,2021051,4,Haas F1 Team,16,MSC,Mick Schumacher,47,#505050,71.0,323,76.778,76.778,0,0,76.812,0.069,-0.747,-0.854,-1.174,16.0,-0.747,-0.854,-1.174,16.0,-1.601,H,#A5AFB9,34,2.0,0,0,0.424,0,0,0,0,0.0,18
1,2021,2021051,4,Haas F1 Team,16,MSC,Mick Schumacher,47,#505050,72.0,324,76.837,76.837,0,0,76.808,0.059,-0.846,-0.439,-1.065,16.0,-0.846,-0.439,-1.065,16.0,-1.285,H,#A5AFB9,35,2.0,0,0,0.424,0,0,0,0,0.0,18
1,2021,2021051,4,Haas F1 Team,16,MSC,Mick Schumacher,47,#505050,73.0,325,77.064,77.064,0,0,76.95,0.227,-0.933,-0.188,-1.027,16.0,-0.933,-0.188,-1.027,16.0,-1.121,H,#A5AFB9,36,2.0,0,0,0.424,0,0,0,0,0.0,18
1,2021,2021051,4,Haas F1 Team,16,MSC,Mick Schumacher,47,#505050,74.0,326,77.162,77.162,0,0,77.113,0.098,-0.872,-0.624,-1.184,16.0,-0.872,-0.041,-0.893,16.0,-1.496,H,#A5AFB9,37,2.0,0,0,0.424,0,0,0,0,0.0,18
1,2021,2021051,4,Haas F1 Team,16,MSC,Mick Schumacher,47,#505050,75.0,327,77.633,77.633,0,0,77.398,0.471,-1.32,0.480,-1.080,20.0,-1.320,0.480,-1.080,20.0,-0.84,H,#A5AFB9,38,2.0,0,0,0.424,0,0,0,0,0.0,18
1,2021,2021051,4,Haas F1 Team,20,MAZ,Nikita Mazepin,9,#505050,1.0,253,-,-,0,1,-,-,-,-,-,-,-,-,-,-,,S,#CD3C3C,1,1.0,0,0,0.480,0,0,0,0,,19
1,2021,2021051,4,Haas F1 Team,20,MAZ,Nikita Mazepin,9,#505050,2.0,254,-,-,0,1,-,-,-,-,-,-,-,-,-,-,,S,#CD3C3C,2,1.0,0,0,0.480,0,0,0,0,0.0,19
1,2021,2021051,4,Haas F1 Team,20,MAZ,Nikita Mazepin,9,#505050,3.0,255,80.73,80.73,0,0,-,-,-1.631,-0.144,-1.559,16.0,-1.631,-0.144,-1.559,16.0,-1.487,S,#CD3C3C,3,1.0,0,0,0.480,0,0,0,0,0.0,19
1,2021,2021051,4,Haas F1 Team,20,MAZ,Nikita Mazepin,9,#505050,4.0,256,79.805,79.805,0,0,80.268,0.925,-1.075,0.125,-1.137,20.0,-1.075,0.125,-1.137,20.0,-1.2,S,#CD3C3C,4,1.0,0,0,0.480,0,0,0,0,0.0,19
1,2021,2021051,4,Haas F1 Team,20,MAZ,Nikita Mazepin,9,#505050,5.0,257,79.598,79.598,0,0,79.702,0.207,-1.011,-0.236,-0.893,16.0,-1.011,-0.236,-0.893,16.0,-0.775,S,#CD3C3C,5,1.0,0,0,0.480,0,0,0,0,0.0,19
1,2021,2021051,4,Haas F1 Team,20,MAZ,Nikita Mazepin,9,#505050,6.0,258,79.839,79.839,0,0,79.718,0.241,-1.444,-0.057,-1.415,16.0,-1.444,-0.057,-1.415,16.0,-1.387,S,#CD3C3C,6,1.0,0,0,0.480,0,0,0,0,0.0,19
1,2021,2021051,4,Haas F1 Team,20,MAZ,Nikita Mazepin,9,#505050,7.0,259,79.535,79.535,0,0,79.687,0.304,-1.37,-0.288,-1.226,16.0,-1.370,-0.288,-1.226,16.0,-1.082,S,#CD3C3C,7,1.0,0,0,0.480,0,0,0,0,0.0,19
1,2021,2021051,4,Haas F1 Team,20,MAZ,Nikita Mazepin,9,#505050,8.0,260,79.281,79.281,0,0,79.408,0.254,-1.359,-0.240,-1.239,16.0,-1.359,-0.240,-1.239,16.0,-1.119,S,#CD3C3C,8,1.0,0,0,0.480,0,0,0,0,0.0,19
1,2021,2021051,4,Haas F1 Team,20,MAZ,Nikita Mazepin,9,#505050,9.0,261,78.932,78.932,0,0,79.107,0.349,-0.997,0.072,-1.033,20.0,-0.997,0.072,-1.033,20.0,-1.069,S,#CD3C3C,9,1.0,0,0,0.480,0,0,0,0,0.0,19
1,2021,2021051,4,Haas F1 Team,20,MAZ,Nikita Mazepin,9,#505050,10.0,262,78.872,78.872,0,0,78.902,0.060,-1.005,-0.200,-0.905,16.0,-1.005,-0.200,-0.905,16.0,-0.805,S,#CD3C3C,10,1.0,0,0,0.480,0,0,0,0,0.0,19
1,2021,2021051,4,Haas F1 Team,20,MAZ,Nikita Mazepin,9,#505050,11.0,263,79.018,79.018,0,0,78.945,0.146,-1.361,-0.443,-1.139,16.0,-1.361,-0.443,-1.139,16.0,-0.918,S,#CD3C3C,11,1.0,0,0,0.480,0,0,0,0,0.0,19
1,2021,2021051,4,Haas F1 Team,20,MAZ,Nikita Mazepin,9,#505050,12.0,264,78.904,78.904,0,0,78.961,0.114,-1.403,-0.230,-1.288,16.0,-1.403,-0.230,-1.288,16.0,-1.173,S,#CD3C3C,12,1.0,0,0,0.480,0,0,0,0,0.0,19
1,2021,2021051,4,Haas F1 Team,20,MAZ,Nikita Mazepin,9,#505050,13.0,265,79.287,79.287,0,0,79.096,0.383,-1.948,-0.295,-1.800,16.0,-1.948,-0.295,-1.800,16.0,-1.653,S,#CD3C3C,13,1.0,0,0,0.480,0,0,0,0,0.0,19
1,2021,2021051,4,Haas F1 Team,20,MAZ,Nikita Mazepin,9,#505050,14.0,266,79.422,79.422,0,0,79.354,0.135,-2.297,-0.843,-1.875,16.0,-2.297,-0.843,-1.875,16.0,-1.454,S,#CD3C3C,14,1.0,0,0,0.480,0,0,0,0,0.0,19
1,2021,2021051,4,Haas F1 Team,20,MAZ,Nikita Mazepin,9,#505050,15.0,267,78.949,78.949,0,0,79.185,0.473,-1.907,-0.655,-1.579,16.0,-1.907,-0.655,-1.579,16.0,-1.252,S,#CD3C3C,15,1.0,0,0,0.480,0,0,0,0,0.0,19
1,2021,2021051,4,Haas F1 Team,20,MAZ,Nikita Mazepin,9,#505050,16.0,268,78.804,78.804,0,0,78.876,0.145,-1.721,-0.053,-1.694,16.0,-1.721,-0.053,-1.694,16.0,-1.668,S,#CD3C3C,16,1.0,0,0,0.480,0,0,0,0,0.0,19
1,2021,2021051,4,Haas F1 Team,20,MAZ,Nikita Mazepin,9,#505050,17.0,269,79.249,79.249,0,0,79.026,0.445,-2.241,-0.669,-1.907,16.0,-2.241,-0.669,-1.907,16.0,-1.572,S,#CD3C3C,17,1.0,0,0,0.480,0,0,0,0,0.0,19
1,2021,2021051,4,Haas F1 Team,20,MAZ,Nikita Mazepin,9,#505050,18.0,270,79.163,79.163,0,0,79.206,0.086,-2.156,-0.542,-1.885,16.0,-2.156,-0.542,-1.885,16.0,-1.614,S,#CD3C3C,18,1.0,0,1,0.480,0,0,0,0,0.0,19
1,2021,2021051,4,Haas F1 Team,20,MAZ,Nikita Mazepin,9,#505050,19.0,271,78.674,78.674,0,0,78.918,0.489,-1.674,0.235,-1.792,20.0,-1.674,0.235,-1.792,20.0,-1.909,S,#CD3C3C,19,1.0,0,0,0.480,0,0,0,0,0.0,19
1,2021,2021051,4,Haas F1 Team,20,MAZ,Nikita Mazepin,9,#505050,20.0,272,78.862,78.862,0,0,78.768,0.188,-1.85,-0.329,-1.685,16.0,-1.850,-0.329,-1.685,16.0,-1.521,S,#CD3C3C,20,1.0,0,0,0.480,0,0,0,0,0.0,19
1,2021,2021051,4,Haas F1 Team,20,MAZ,Nikita Mazepin,9,#505050,21.0,273,79.11,79.11,0,0,78.986,0.248,-2.041,-0.577,-1.752,16.0,-2.041,-0.577,-1.752,16.0,-1.464,S,#CD3C3C,21,1.0,0,0,0.480,0,0,0,0,0.0,19
1,2021,2021051,4,Haas F1 Team,20,MAZ,Nikita Mazepin,9,#505050,22.0,274,80.825,80.825,0,0,79.968,1.715,-3.663,-2.066,-2.630,16.0,-3.663,-2.066,-2.630,16.0,-1.597,S,#CD3C3C,22,1.0,0,0,0.480,0,0,0,0,0.0,19
1,2021,2021051,4,Haas F1 Team,20,MAZ,Nikita Mazepin,9,#505050,23.0,275,82.077,82.077,0,0,81.451,1.252,-4.785,-3.582,-2.994,16.0,-4.785,-3.582,-2.994,16.0,-1.203,S,#CD3C3C,23,1.0,0,0,0.480,0,0,0,0,0.0,19
1,2021,2021051,4,Haas F1 Team,20,MAZ,Nikita Mazepin,9,#505050,24.0,276,84.946,82.416,1,0,82.247,2.869,-7.545,-4.165,-5.463,16.0,-5.016,-1.636,-4.198,16.0,-3.38,S,#CD3C3C,24,1.0,0,0,0.480,0,0,0,0,0.0,19
1,2021,2021051,4,Haas F1 Team,20,MAZ,Nikita Mazepin,9,#505050,25.0,277,82.756,82.756,0,0,82.586,2.190,-5.215,-0.299,-5.066,16.0,-5.215,-0.299,-5.066,16.0,-4.916,S,#CD3C3C,25,1.0,0,0,0.480,0,0,0,0,0.0,19
1,2021,2021051,4,Haas F1 Team,20,MAZ,Nikita Mazepin,9,#505050,26.0,278,79.064,79.064,0,0,80.91,3.692,-1.666,4.373,-3.853,20.0,-1.666,4.373,-3.853,20.0,-6.039,S,#CD3C3C,26,1.0,0,0,0.480,0,0,0,0,0.0,19
1,2021,2021051,4,Haas F1 Team,20,MAZ,Nikita Mazepin,9,#505050,27.0,279,78.695,78.695,0,0,78.88,0.369,-1.202,10.472,-6.438,20.0,-1.202,7.006,-4.705,20.0,-11.674,S,#CD3C3C,27,1.0,0,0,0.480,0,0,0,0,0.0,19
1,2021,2021051,4,Haas F1 Team,20,MAZ,Nikita Mazepin,9,#505050,28.0,280,79.503,78.992,1,0,78.843,0.808,-1.778,8.462,-6.009,20.0,-1.267,8.973,-5.753,20.0,-10.24,S,#CD3C3C,28,1.0,0,0,0.480,0,0,0,0,1.0,18
1,2021,2021051,4,Haas F1 Team,20,MAZ,Nikita Mazepin,9,#505050,29.0,281,79.289,79.289,0,0,79.14,0.214,-1.544,12.307,-7.698,20.0,-1.544,6.669,-4.878,20.0,-13.851,S,#CD3C3C,29,1.0,0,0,0.480,0,0,0,0,0.0,18
1,2021,2021051,4,Haas F1 Team,20,MAZ,Nikita Mazepin,9,#505050,30.0,282,82.719,82.719,0,0,81.004,3.430,-4.542,1.232,-5.158,20.0,-4.542,1.232,-5.158,20.0,-5.774,S,#CD3C3C,30,1.0,0,0,0.480,0,0,0,0,0.0,18
1,2021,2021051,4,Haas F1 Team,20,MAZ,Nikita Mazepin,9,#505050,31.0,283,83.783,80.974,1,0,81.847,1.064,-5.712,2.996,-7.210,20.0,-2.903,1.047,-3.426,20.0,-8.708,S,#CD3C3C,31,1.0,0,0,0.480,0,0,0,0,0.0,17
1,2021,2021051,4,Haas F1 Team,20,MAZ,Nikita Mazepin,9,#505050,32.0,284,79.23,79.23,0,0,80.102,4.553,-1.679,0.861,-2.110,20.0,-1.679,0.861,-2.110,20.0,-2.54,S,#CD3C3C,32,1.0,0,0,0.480,0,0,0,0,0.0,17
1,2021,2021051,4,Haas F1 Team,20,MAZ,Nikita Mazepin,9,#505050,33.0,285,79.038,79.038,0,0,79.134,0.192,-2.01,-1.268,-1.376,16.0,-2.010,-1.268,-1.376,16.0,-0.742,S,#CD3C3C,33,1.0,0,0,0.480,0,0,0,0,0.0,17
1,2021,2021051,4,Haas F1 Team,20,MAZ,Nikita Mazepin,9,#505050,34.0,286,-,-,0,1,-,-,-,-,-,-,-,-,-,-,-1.008,S,#CD3C3C,34,1.0,1,0,0.480,0,0,0,0,0.0,17
1,2021,2021051,4,Haas F1 Team,20,MAZ,Nikita Mazepin,9,#505050,35.0,287,-,-,0,1,-,-,-,-,-,-,-,-,-,-,-2.725,H,#A5AFB9,1,2.0,0,0,0.615,0,0,0,0,0.0,17
1,2021,2021051,4,Haas F1 Team,20,MAZ,Nikita Mazepin,9,#505050,36.0,288,78.661,78.661,0,0,-,-,-2.088,0.004,-2.090,20.0,-2.088,0.004,-2.090,20.0,-2.092,H,#A5AFB9,2,2.0,0,0,0.615,0,0,0,0,0.0,17
1,2021,2021051,4,Haas F1 Team,20,MAZ,Nikita Mazepin,9,#505050,37.0,289,77.773,77.773,0,0,78.217,0.888,-1.279,-,-,-,-1.279,-,-,-,,H,#A5AFB9,3,2.0,0,0,0.615,0,0,0,0,0.0,17
1,2021,2021051,4,Haas F1 Team,20,MAZ,Nikita Mazepin,9,#505050,38.0,290,77.976,77.976,0,0,77.874,0.203,-1.397,-,-,-,-1.397,-,-,-,,H,#A5AFB9,4,2.0,0,0,0.615,0,0,0,0,0.0,17
1,2021,2021051,4,Haas F1 Team,20,MAZ,Nikita Mazepin,9,#505050,39.0,291,81.209,79.048,1,0,78.512,3.233,-4.124,3.609,-5.928,20.0,-1.963,5.770,-4.848,20.0,-7.733,H,#A5AFB9,5,2.0,0,0,0.615,0,0,0,0,0.0,17
1,2021,2021051,4,Haas F1 Team,20,MAZ,Nikita Mazepin,9,#505050,40.0,292,80.12,80.12,0,0,79.584,1.089,-3.323,0.910,-3.778,20.0,-3.323,0.910,-3.778,20.0,-4.233,H,#A5AFB9,6,2.0,0,0,0.615,0,0,0,0,0.0,17
1,2021,2021051,4,Haas F1 Team,20,MAZ,Nikita Mazepin,9,#505050,41.0,293,80.018,80.018,0,0,80.069,0.102,-3.665,-2.427,-2.451,16.0,-3.665,-2.427,-2.451,16.0,-1.238,H,#A5AFB9,7,2.0,0,0,0.615,0,0,0,0,0.0,17
1,2021,2021051,4,Haas F1 Team,20,MAZ,Nikita Mazepin,9,#505050,42.0,294,80.555,80.555,0,0,80.286,0.537,-3.952,-3.741,-2.082,16.0,-3.952,-3.741,-2.082,16.0,-0.211,H,#A5AFB9,8,2.0,0,0,0.615,0,0,0,0,0.0,17
1,2021,2021051,4,Haas F1 Team,20,MAZ,Nikita Mazepin,9,#505050,43.0,295,82.757,81.0,1,0,80.778,2.202,-6.221,-4.932,-3.755,16.0,-4.464,-3.175,-2.877,16.0,-1.289,H,#A5AFB9,9,2.0,0,0,0.615,0,0,0,0,0.0,17
1,2021,2021051,4,Haas F1 Team,20,MAZ,Nikita Mazepin,9,#505050,44.0,296,81.445,81.445,0,0,81.222,1.312,-4.764,-3.578,-2.975,16.0,-4.764,-3.578,-2.975,16.0,-1.186,H,#A5AFB9,10,2.0,0,0,0.615,0,0,0,0,0.0,17
1,2021,2021051,4,Haas F1 Team,20,MAZ,Nikita Mazepin,9,#505050,45.0,297,83.941,81.982,1,0,81.714,2.496,-7.463,-6.089,-4.418,16.0,-5.504,-4.130,-3.439,16.0,-1.374,H,#A5AFB9,11,2.0,0,0,0.615,0,0,0,0,0.0,17
1,2021,2021051,4,Haas F1 Team,20,MAZ,Nikita Mazepin,9,#505050,46.0,298,82.519,82.519,0,0,82.25,1.422,-6.037,-5.230,-3.422,16.0,-6.037,-5.230,-3.422,16.0,-0.807,H,#A5AFB9,12,2.0,0,0,0.615,0,0,0,0,0.0,17
1,2021,2021051,4,Haas F1 Team,20,MAZ,Nikita Mazepin,9,#505050,47.0,299,77.651,77.651,0,0,80.085,4.868,-1.42,-0.217,-1.312,16.0,-1.420,-0.217,-1.312,16.0,-1.203,H,#A5AFB9,13,2.0,0,0,0.615,0,0,0,0,0.0,17
1,2021,2021051,4,Haas F1 Team,20,MAZ,Nikita Mazepin,9,#505050,48.0,300,77.407,77.407,0,0,77.529,0.244,-1.274,0.275,-1.411,20.0,-1.274,0.275,-1.411,20.0,-1.549,H,#A5AFB9,14,2.0,0,0,0.615,0,0,0,0,0.0,17
1,2021,2021051,4,Haas F1 Team,20,MAZ,Nikita Mazepin,9,#505050,49.0,301,77.221,77.221,0,0,77.314,0.186,-1.087,-0.281,-0.947,16.0,-1.087,-0.281,-0.947,16.0,-0.806,H,#A5AFB9,15,2.0,0,0,0.615,0,0,0,0,0.0,17
1,2021,2021051,4,Haas F1 Team,20,MAZ,Nikita Mazepin,9,#505050,50.0,302,76.917,76.917,0,0,77.069,0.304,-0.831,-0.397,-0.632,16.0,-0.831,-0.397,-0.632,16.0,-0.434,H,#A5AFB9,16,2.0,0,0,0.615,0,0,0,0,0.0,17
1,2021,2021051,4,Haas F1 Team,20,MAZ,Nikita Mazepin,9,#505050,51.0,303,76.883,76.883,0,0,76.9,0.034,-0.836,-0.458,-0.607,16.0,-0.836,-0.458,-0.607,16.0,-0.378,H,#A5AFB9,17,2.0,0,0,0.615,0,0,0,0,0.0,17
1,2021,2021051,4,Haas F1 Team,20,MAZ,Nikita Mazepin,9,#505050,52.0,304,76.919,76.919,0,0,76.901,0.036,-0.924,-0.114,-0.867,16.0,-0.924,-0.114,-0.867,16.0,-0.81,H,#A5AFB9,18,2.0,0,0,0.615,0,0,0,0,0.0,17
1,2021,2021051,4,Haas F1 Team,20,MAZ,Nikita Mazepin,9,#505050,53.0,305,76.901,76.901,0,0,76.91,0.018,-0.952,-0.134,-0.885,16.0,-0.952,-0.134,-0.885,16.0,-0.818,H,#A5AFB9,19,2.0,0,0,0.615,0,0,0,0,0.0,17
1,2021,2021051,4,Haas F1 Team,20,MAZ,Nikita Mazepin,9,#505050,54.0,306,76.899,76.899,0,0,76.9,0.002,-0.922,-0.335,-0.754,16.0,-0.922,-0.335,-0.754,16.0,-0.587,H,#A5AFB9,20,2.0,0,0,0.615,0,0,0,0,0.0,17
1,2021,2021051,4,Haas F1 Team,20,MAZ,Nikita Mazepin,9,#505050,55.0,307,77.089,77.089,0,0,76.994,0.190,-1.263,-0.465,-1.030,16.0,-1.263,-0.465,-1.030,16.0,-0.798,H,#A5AFB9,21,2.0,0,1,0.615,0,0,0,0,0.0,17
1,2021,2021051,4,Haas F1 Team,20,MAZ,Nikita Mazepin,9,#505050,56.0,308,77.638,77.303,1,0,77.196,0.549,-1.654,-0.456,-1.426,16.0,-1.319,-0.121,-1.258,16.0,-1.198,H,#A5AFB9,22,2.0,0,0,0.615,0,0,0,0,0.0,17
1,2021,2021051,4,Haas F1 Team,20,MAZ,Nikita Mazepin,9,#505050,57.0,309,77.517,77.517,0,0,77.41,0.121,-1.363,0.398,-1.562,20.0,-1.363,0.398,-1.562,20.0,-1.761,H,#A5AFB9,23,2.0,0,0,0.615,0,0,0,0,0.0,17
1,2021,2021051,4,Haas F1 Team,20,MAZ,Nikita Mazepin,9,#505050,58.0,310,77.89,77.89,0,0,77.703,0.373,-1.789,1.595,-2.587,20.0,-1.789,-0.076,-1.751,16.0,-3.384,H,#A5AFB9,24,2.0,0,0,0.615,0,0,0,0,0.0,17
1,2021,2021051,4,Haas F1 Team,20,MAZ,Nikita Mazepin,9,#505050,59.0,311,81.993,77.694,1,0,77.792,4.103,-5.683,-4.280,-3.543,16.0,-1.385,0.018,-1.394,20.0,-1.403,H,#A5AFB9,25,2.0,0,0,0.615,0,0,0,0,0.0,17
1,2021,2021051,4,Haas F1 Team,20,MAZ,Nikita Mazepin,9,#505050,60.0,312,77.499,77.499,0,0,77.597,4.494,-1.118,1.603,-1.919,20.0,-1.118,0.498,-1.367,20.0,-2.721,H,#A5AFB9,26,2.0,0,0,0.615,0,0,0,0,0.0,17
1,2021,2021051,4,Haas F1 Team,20,MAZ,Nikita Mazepin,9,#505050,61.0,313,79.733,77.46,1,0,77.48,2.234,-3.46,-1.451,-2.735,16.0,-1.187,0.822,-1.598,20.0,-2.009,H,#A5AFB9,27,2.0,0,0,0.615,0,0,0,0,0.0,17
1,2021,2021051,4,Haas F1 Team,20,MAZ,Nikita Mazepin,9,#505050,62.0,314,77.422,77.422,0,0,77.441,2.311,-1.359,0.323,-1.520,20.0,-1.359,0.323,-1.520,20.0,-1.682,H,#A5AFB9,28,2.0,0,0,0.615,0,0,0,0,0.0,17
1,2021,2021051,4,Haas F1 Team,20,MAZ,Nikita Mazepin,9,#505050,63.0,315,76.868,76.868,0,0,77.145,0.554,-0.861,0.265,-0.994,20.0,-0.861,0.265,-0.994,20.0,-1.126,H,#A5AFB9,29,2.0,0,0,0.615,0,0,0,0,0.0,17
1,2021,2021051,4,Haas F1 Team,20,MAZ,Nikita Mazepin,9,#505050,64.0,316,76.866,76.866,0,0,76.867,0.002,-0.743,0.509,-0.998,20.0,-0.743,0.509,-0.998,20.0,-1.252,H,#A5AFB9,30,2.0,0,0,0.615,0,0,0,0,0.0,17
1,2021,2021051,4,Haas F1 Team,20,MAZ,Nikita Mazepin,9,#505050,65.0,317,77.046,77.046,0,0,76.956,0.180,-0.794,0.733,-1.161,20.0,-0.794,0.733,-1.161,20.0,-1.527,H,#A5AFB9,31,2.0,0,0,0.615,0,0,0,0,0.0,17
1,2021,2021051,4,Haas F1 Team,20,MAZ,Nikita Mazepin,9,#505050,66.0,318,77.107,77.107,0,0,77.077,0.061,-0.855,4.305,-3.008,20.0,-0.855,0.574,-1.142,20.0,-5.16,H,#A5AFB9,32,2.0,0,0,0.615,0,0,0,0,0.0,17
1,2021,2021051,4,Haas F1 Team,20,MAZ,Nikita Mazepin,9,#505050,67.0,319,77.105,77.105,0,0,77.106,0.002,-0.942,0.477,-1.181,20.0,-0.942,0.477,-1.181,20.0,-1.419,H,#A5AFB9,33,2.0,0,0,0.615,0,0,0,0,0.0,17
1,2021,2021051,4,Haas F1 Team,20,MAZ,Nikita Mazepin,9,#505050,68.0,320,80.632,77.119,1,0,77.112,3.527,-4.538,-3.913,-2.582,16.0,-1.025,-0.400,-0.825,16.0,-0.625,H,#A5AFB9,34,2.0,0,0,0.615,0,0,0,0,0.0,17
1,2021,2021051,4,Haas F1 Team,20,MAZ,Nikita Mazepin,9,#505050,69.0,321,77.133,77.133,0,0,77.126,3.499,-1.144,-0.370,-0.959,16.0,-1.144,-0.370,-0.959,16.0,-0.774,H,#A5AFB9,35,2.0,0,0,0.615,0,0,0,0,0.0,17
1,2021,2021051,4,Haas F1 Team,20,MAZ,Nikita Mazepin,9,#505050,70.0,322,77.303,77.303,0,0,77.218,0.170,-1.296,-0.456,-1.068,16.0,-1.296,-0.456,-1.068,16.0,-0.84,H,#A5AFB9,36,2.0,0,0,0.615,0,0,0,0,0.0,17
1,2021,2021051,4,Haas F1 Team,20,MAZ,Nikita Mazepin,9,#505050,71.0,323,77.632,77.632,0,0,77.468,0.329,-1.601,-0.854,-1.174,16.0,-1.601,-0.854,-1.174,16.0,-0.747,H,#A5AFB9,37,2.0,0,0,0.615,0,0,0,0,0.0,17
1,2021,2021051,4,Haas F1 Team,20,MAZ,Nikita Mazepin,9,#505050,72.0,324,77.276,77.276,0,0,77.454,0.356,-1.285,-0.439,-1.065,16.0,-1.285,-0.439,-1.065,16.0,-0.846,H,#A5AFB9,38,2.0,0,0,0.615,0,0,0,0,0.0,17
1,2021,2021051,4,Haas F1 Team,20,MAZ,Nikita Mazepin,9,#505050,73.0,325,77.252,77.252,0,0,77.264,0.024,-1.121,-0.188,-1.027,16.0,-1.121,-0.188,-1.027,16.0,-0.933,H,#A5AFB9,39,2.0,0,0,0.615,0,0,0,0,0.0,17
1,2021,2021051,4,Haas F1 Team,20,MAZ,Nikita Mazepin,9,#505050,74.0,326,77.786,77.202,1,0,77.227,0.534,-1.496,-0.624,-1.184,16.0,-0.913,-0.041,-0.893,16.0,-0.872,H,#A5AFB9,40,2.0,0,0,0.615,0,0,0,0,0.0,17
1,2021,2021051,4,Haas F1 Team,20,MAZ,Nikita Mazepin,9,#505050,75.0,327,77.153,77.153,0,0,77.178,0.633,-0.84,0.480,-1.080,20.0,-0.840,0.480,-1.080,20.0,-1.32,H,#A5AFB9,41,2.0,0,0,0.615,0,0,0,0,0.0,17
1,2021,2021061,5,Haas F1 Team,16,MSC,Mick Schumacher,47,#505050,1.0,331,-,-,0,1,-,-,-,-,-,-,-,-,-,-,,S,#CD3C3C,1,1.0,0,0,0.137,0,0,0,0,,18
1,2021,2021061,5,Haas F1 Team,16,MSC,Mick Schumacher,47,#505050,2.0,332,-,-,0,1,-,-,-,-,-,-,-,-,-,-,,S,#CD3C3C,2,1.0,0,0,0.137,0,0,0,0,0.0,17
1,2021,2021061,5,Haas F1 Team,16,MSC,Mick Schumacher,47,#505050,3.0,333,110.49,110.49,0,0,-,-,-0.908,0.730,-1.273,16.0,-0.908,0.730,-1.273,16.0,-1.638,S,#CD3C3C,3,1.0,0,0,0.137,0,0,0,0,0.0,16
1,2021,2021061,5,Haas F1 Team,16,MSC,Mick Schumacher,47,#505050,4.0,334,110.588,110.588,0,0,110.539,0.098,-1.797,-0.633,-1.480,20.0,-1.797,-0.633,-1.480,20.0,-1.164,S,#CD3C3C,4,1.0,0,0,0.137,0,0,0,0,0.0,16
1,2021,2021061,5,Haas F1 Team,16,MSC,Mick Schumacher,47,#505050,5.0,335,110.103,110.103,0,0,110.345,0.485,-1.703,-0.232,-1.587,20.0,-1.703,-0.232,-1.587,20.0,-1.471,S,#CD3C3C,5,1.0,0,1,0.137,0,0,0,0,0.0,16
1,2021,2021061,5,Haas F1 Team,16,MSC,Mick Schumacher,47,#505050,6.0,336,109.707,109.707,0,0,109.905,0.396,-1.146,0.572,-1.432,16.0,-1.146,0.572,-1.432,16.0,-1.718,S,#CD3C3C,6,1.0,0,0,0.137,0,0,0,0,0.0,16
1,2021,2021061,5,Haas F1 Team,16,MSC,Mick Schumacher,47,#505050,7.0,337,109.824,109.824,0,0,109.766,0.117,-1.286,0.840,-1.706,16.0,-1.286,0.840,-1.706,16.0,-2.126,S,#CD3C3C,7,1.0,0,0,0.137,0,0,0,0,0.0,16
1,2021,2021061,5,Haas F1 Team,16,MSC,Mick Schumacher,47,#505050,8.0,338,-,-,0,1,-,-,-,-,-,-,-,-,-,-,-2.664,S,#CD3C3C,8,1.0,1,0,0.137,0,0,0,0,0.0,16
1,2021,2021061,5,Haas F1 Team,16,MSC,Mick Schumacher,47,#505050,9.0,339,-,-,0,1,-,-,-,-,-,-,-,-,-,-,,H,#A5AFB9,1,2.0,0,0,0.223,0,0,0,0,0.0,19
1,2021,2021061,5,Haas F1 Team,16,MSC,Mick Schumacher,47,#505050,10.0,340,107.915,107.915,0,0,-,-,0.069,-,-,-,0.069,-,-,-,,H,#A5AFB9,2,2.0,0,0,0.223,0,0,0,0,0.0,18
1,2021,2021061,5,Haas F1 Team,16,MSC,Mick Schumacher,47,#505050,11.0,341,109.616,108.165,1,0,108.04,1.701,-1.254,1.855,-2.182,16.0,0.197,3.306,-1.456,16.0,-3.109,H,#A5AFB9,3,2.0,0,0,0.223,0,0,0,0,0.0,18
1,2021,2021061,5,Haas F1 Team,16,MSC,Mick Schumacher,47,#505050,12.0,342,108.415,108.415,0,0,108.29,1.201,-0.295,1.192,-0.891,16.0,-0.295,1.192,-0.891,16.0,-1.487,H,#A5AFB9,4,2.0,0,0,0.223,0,0,0,0,0.0,18
1,2021,2021061,5,Haas F1 Team,16,MSC,Mick Schumacher,47,#505050,13.0,343,108.642,108.642,0,0,108.529,0.227,-0.744,0.368,-0.928,16.0,-0.744,0.368,-0.928,16.0,-1.112,H,#A5AFB9,5,2.0,0,0,0.223,0,0,0,0,0.0,18
1,2021,2021061,5,Haas F1 Team,16,MSC,Mick Schumacher,47,#505050,14.0,344,108.641,108.641,0,0,108.642,0.001,-1.009,0.794,-1.406,16.0,-1.009,0.794,-1.406,16.0,-1.803,H,#A5AFB9,6,2.0,0,0,0.223,0,0,0,0,0.0,18
1,2021,2021061,5,Haas F1 Team,16,MSC,Mick Schumacher,47,#505050,15.0,345,108.383,108.383,0,0,108.512,0.258,-0.919,1.341,-1.589,16.0,-0.919,1.341,-1.589,16.0,-2.26,H,#A5AFB9,7,2.0,0,0,0.223,0,0,0,0,0.0,18
1,2021,2021061,5,Haas F1 Team,16,MSC,Mick Schumacher,47,#505050,16.0,346,108.469,108.469,0,0,108.426,0.086,-1.106,0.681,-1.446,16.0,-1.106,0.681,-1.446,16.0,-1.787,H,#A5AFB9,8,2.0,0,0,0.223,0,0,0,0,0.0,18
1,2021,2021061,5,Haas F1 Team,16,MSC,Mick Schumacher,47,#505050,17.0,347,108.203,108.203,0,0,108.336,0.266,-0.876,0.951,-1.351,16.0,-0.876,0.951,-1.351,16.0,-1.827,H,#A5AFB9,9,2.0,0,0,0.223,0,0,0,0,0.0,18
1,2021,2021061,5,Haas F1 Team,16,MSC,Mick Schumacher,47,#505050,18.0,348,108.595,108.119,1,0,108.161,0.392,-1.313,0.438,-1.532,16.0,-0.837,0.914,-1.294,16.0,-1.751,H,#A5AFB9,10,2.0,0,0,0.223,0,0,0,0,0.0,18
1,2021,2021061,5,Haas F1 Team,16,MSC,Mick Schumacher,47,#505050,19.0,349,108.035,108.035,0,0,108.077,0.560,-0.901,0.647,-1.224,16.0,-0.901,0.647,-1.224,16.0,-1.548,H,#A5AFB9,11,2.0,0,1,0.223,0,0,0,0,0.0,18
1,2021,2021061,5,Haas F1 Team,16,MSC,Mick Schumacher,47,#505050,20.0,350,107.971,107.971,0,0,108.003,0.064,-0.827,0.506,-1.080,16.0,-0.827,0.506,-1.080,16.0,-1.333,H,#A5AFB9,12,2.0,0,0,0.223,0,0,0,0,0.0,18
1,2021,2021061,5,Haas F1 Team,16,MSC,Mick Schumacher,47,#505050,21.0,351,107.842,107.842,0,0,107.906,0.129,-0.738,1.201,-1.339,16.0,-0.738,1.201,-1.339,16.0,-1.939,H,#A5AFB9,13,2.0,0,0,0.223,0,0,0,0,0.0,18
1,2021,2021061,5,Haas F1 Team,16,MSC,Mick Schumacher,47,#505050,22.0,352,108.363,107.843,1,0,107.842,0.521,-1.284,0.105,-1.337,16.0,-0.764,0.625,-1.077,16.0,-1.389,H,#A5AFB9,14,2.0,0,0,0.223,0,0,0,0,0.0,18
1,2021,2021061,5,Haas F1 Team,16,MSC,Mick Schumacher,47,#505050,23.0,353,107.844,107.844,0,0,107.843,0.519,-0.862,0.879,-1.302,16.0,-0.862,0.879,-1.302,16.0,-1.741,H,#A5AFB9,15,2.0,0,0,0.223,0,0,0,0,0.0,18
1,2021,2021061,5,Haas F1 Team,16,MSC,Mick Schumacher,47,#505050,24.0,354,108.157,108.157,0,0,108.0,0.313,-1.193,14.988,-8.687,16.0,-1.193,1.958,-2.172,16.0,-16.181,H,#A5AFB9,16,2.0,0,0,0.223,0,0,0,0,0.0,18
1,2021,2021061,5,Haas F1 Team,16,MSC,Mick Schumacher,47,#505050,25.0,355,107.834,107.834,0,0,107.996,0.323,-0.882,3.672,-2.718,16.0,-0.882,3.672,-2.718,16.0,-4.554,H,#A5AFB9,17,2.0,0,0,0.223,0,0,0,0,0.0,18
1,2021,2021061,5,Haas F1 Team,16,MSC,Mick Schumacher,47,#505050,26.0,356,107.943,107.943,0,0,107.888,0.109,-1.027,3.065,-2.559,16.0,-1.027,3.065,-2.559,16.0,-4.092,H,#A5AFB9,18,2.0,0,0,0.223,0,0,0,0,0.0,18
1,2021,2021061,5,Haas F1 Team,16,MSC,Mick Schumacher,47,#505050,27.0,357,108.519,108.216,1,0,108.08,0.576,-1.664,0.493,-1.911,16.0,-1.361,0.796,-1.759,16.0,-2.157,H,#A5AFB9,19,2.0,0,0,0.223,0,0,0,0,0.0,18
1,2021,2021061,5,Haas F1 Team,16,MSC,Mick Schumacher,47,#505050,28.0,358,108.489,108.489,0,0,108.352,0.030,-1.666,0.150,-1.741,16.0,-1.666,0.150,-1.741,16.0,-1.816,H,#A5AFB9,20,2.0,0,0,0.223,0,0,0,0,0.0,18
1,2021,2021061,5,Haas F1 Team,16,MSC,Mick Schumacher,47,#505050,29.0,359,108.33,108.33,0,0,108.41,0.159,-1.648,0.028,-1.662,16.0,-1.648,0.028,-1.662,16.0,-1.676,H,#A5AFB9,21,2.0,0,0,0.223,0,0,0,0,0.0,18
1,2021,2021061,5,Haas F1 Team,16,MSC,Mick Schumacher,47,#505050,30.0,360,-,-,0,1,-,-,-,-,-,-,-,-,-,-,,H,#A5AFB9,22,2.0,0,0,0.223,0,1,0,0,0.0,17
1,2021,2021061,5,Haas F1 Team,16,MSC,Mick Schumacher,47,#505050,31.0,361,-,-,0,1,-,-,-,-,-,-,-,-,-,-,,H,#A5AFB9,23,2.0,0,0,0.223,0,0,0,0,0.0,17
1,2021,2021061,5,Haas F1 Team,16,MSC,Mick Schumacher,47,#505050,32.0,362,-,-,0,1,-,-,-,-,-,-,-,-,-,-,,H,#A5AFB9,24,2.0,0,0,0.223,0,0,0,0,0.0,17
1,2021,2021061,5,Haas F1 Team,16,MSC,Mick Schumacher,47,#505050,33.0,363,-,-,0,1,-,-,-,-,-,-,-,-,-,-,,H,#A5AFB9,25,2.0,0,0,0.223,0,0,0,0,0.0,17
1,2021,2021061,5,Haas F1 Team,16,MSC,Mick Schumacher,47,#505050,34.0,364,-,-,0,1,-,-,-,-,-,-,-,-,-,-,,H,#A5AFB9,26,2.0,1,0,0.223,0,0,0,0,0.0,17
1,2021,2021061,5,Haas F1 Team,16,MSC,Mick Schumacher,47,#505050,35.0,365,-,-,0,1,-,-,-,-,-,-,-,-,-,-,,S,#CD3C3C,3,3.0,0,0,0.328,1,0,0,0,0.0,17
1,2021,2021061,5,Haas F1 Team,16,MSC,Mick Schumacher,47,#505050,36.0,366,-,-,0,1,-,-,-,-,-,-,-,-,-,-,,S,#CD3C3C,4,3.0,0,0,0.328,0,0,0,0,0.0,17
1,2021,2021061,5,Haas F1 Team,16,MSC,Mick Schumacher,47,#505050,37.0,367,109.281,109.281,0,0,-,-,-1.044,-0.966,-0.561,20.0,-1.044,-0.966,-0.561,20.0,-0.078,S,#CD3C3C,5,3.0,0,0,0.328,0,0,0,0,0.0,17
1,2021,2021061,5,Haas F1 Team,16,MSC,Mick Schumacher,47,#505050,38.0,368,108.709,108.709,0,0,108.995,0.572,-1.687,-0.599,-1.388,20.0,-1.687,-0.599,-1.388,20.0,-1.088,S,#CD3C3C,6,3.0,0,0,0.328,0,0,0,0,0.0,17
1,2021,2021061,5,Haas F1 Team,16,MSC,Mick Schumacher,47,#505050,39.0,369,107.784,107.784,0,0,108.246,0.925,-1.363,0.035,-1.381,16.0,-1.363,0.035,-1.381,16.0,-1.398,S,#CD3C3C,7,3.0,0,0,0.328,0,0,0,0,0.0,17
1,2021,2021061,5,Haas F1 Team,16,MSC,Mick Schumacher,47,#505050,40.0,370,108.272,108.272,0,0,108.028,0.488,-2.059,-0.525,-1.796,20.0,-2.059,-0.525,-1.796,20.0,-1.534,S,#CD3C3C,8,3.0,0,1,0.328,0,0,0,0,0.0,17
1,2021,2021061,5,Haas F1 Team,16,MSC,Mick Schumacher,47,#505050,41.0,371,107.624,107.624,0,0,107.948,0.648,-1.608,0.315,-1.766,16.0,-1.608,0.315,-1.766,16.0,-1.923,S,#CD3C3C,9,3.0,0,0,0.328,0,0,0,0,0.0,17
1,2021,2021061,5,Haas F1 Team,16,MSC,Mick Schumacher,47,#505050,42.0,372,107.89,107.89,0,0,107.757,0.266,-1.94,0.956,-2.418,16.0,-1.940,0.956,-2.418,16.0,-2.896,S,#CD3C3C,10,3.0,0,0,0.328,0,0,0,0,0.0,17
1,2021,2021061,5,Haas F1 Team,16,MSC,Mick Schumacher,47,#505050,43.0,373,108.923,108.923,0,0,108.406,1.033,-2.874,1.332,-3.540,16.0,-2.874,1.332,-3.540,16.0,-4.206,S,#CD3C3C,11,3.0,0,0,0.328,0,0,0,0,0.0,17
1,2021,2021061,5,Haas F1 Team,16,MSC,Mick Schumacher,47,#505050,44.0,374,-,-,0,1,-,-,-,-,-,-,-,-,-,-,,S,#CD3C3C,12,3.0,1,0,0.328,0,0,0,0,0.0,17
1,2021,2021061,5,Haas F1 Team,16,MSC,Mick Schumacher,47,#505050,45.0,375,-,-,0,1,-,-,-,-,-,-,-,-,-,-,,S,#CD3C3C,3,4.0,0,0,-,0,0,0,0,0.0,17
1,2021,2021061,5,Haas F1 Team,16,MSC,Mick Schumacher,47,#505050,46.0,376,112.849,112.849,0,0,-,-,-,-,-,-,-,-,-,-,,S,#CD3C3C,4,4.0,0,1,-,0,0,0,0,0.0,16
1,2021,2021061,5,Haas F1 Team,16,MSC,Mick Schumacher,47,#505050,47.0,377,-,-,0,1,-,-,-,-,-,-,-,-,-,-,,S,#CD3C3C,5,4.0,1,0,-,0,1,0,0,0.0,16
1,2021,2021061,5,Haas F1 Team,16,MSC,Mick Schumacher,47,#505050,48.0,378,-,-,0,1,-,-,-,-,-,-,-,-,-,-,,S,#CD3C3C,6,5.0,1,0,-,0,0,0,0,0.0,16
1,2021,2021061,5,Haas F1 Team,16,MSC,Mick Schumacher,47,#505050,49.0,379,-,-,0,1,-,-,-,-,-,-,-,-,-,-,,S,#CD3C3C,4,6.0,0,0,5.086,0,0,0,0,0.0,15
1,2021,2021061,5,Haas F1 Team,16,MSC,Mick Schumacher,47,#505050,50.0,380,117.941,117.941,0,0,-,-,-,-,-,-,-,-,-,-,,S,#CD3C3C,5,6.0,0,1,5.086,0,0,0,0,0.0,15
1,2021,2021061,5,Haas F1 Team,16,MSC,Mick Schumacher,47,#505050,51.0,381,107.769,107.769,0,0,112.855,10.172,-,-,-,-,-,-,-,-,,S,#CD3C3C,6,6.0,0,0,5.086,0,0,0,0,0.0,14
1,2021,2021061,5,Haas F1 Team,20,MAZ,Nikita Mazepin,9,#505050,1.0,331,-,-,0,1,-,-,-,-,-,-,-,-,-,-,,S,#CD3C3C,1,1.0,0,0,0.247,0,0,0,0,,19
1,2021,2021061,5,Haas F1 Team,20,MAZ,Nikita Mazepin,9,#505050,2.0,332,-,-,0,1,-,-,-,-,-,-,-,-,-,-,,S,#CD3C3C,2,1.0,0,0,0.247,0,0,0,0,0.0,19
1,2021,2021061,5,Haas F1 Team,20,MAZ,Nikita Mazepin,9,#505050,3.0,333,111.22,111.22,0,0,-,-,-1.638,0.730,-1.273,16.0,-1.638,0.730,-1.273,16.0,-0.908,S,#CD3C3C,3,1.0,0,0,0.247,0,0,0,0,0.0,17
1,2021,2021061,5,Haas F1 Team,20,MAZ,Nikita Mazepin,9,#505050,4.0,334,109.955,109.955,0,0,110.588,1.265,-1.164,-0.633,-1.480,20.0,-1.164,-0.633,-1.480,20.0,-1.797,S,#CD3C3C,4,1.0,0,0,0.247,0,0,0,0,0.0,17
1,2021,2021061,5,Haas F1 Team,20,MAZ,Nikita Mazepin,9,#505050,5.0,335,109.871,109.871,0,0,109.913,0.084,-1.471,-0.232,-1.587,20.0,-1.471,-0.232,-1.587,20.0,-1.703,S,#CD3C3C,5,1.0,0,1,0.247,0,0,0,0,0.0,17
1,2021,2021061,5,Haas F1 Team,20,MAZ,Nikita Mazepin,9,#505050,6.0,336,110.279,110.279,0,0,110.075,0.408,-1.718,0.572,-1.432,16.0,-1.718,0.572,-1.432,16.0,-1.146,S,#CD3C3C,6,1.0,0,0,0.247,0,0,0,0,0.0,17
1,2021,2021061,5,Haas F1 Team,20,MAZ,Nikita Mazepin,9,#505050,7.0,337,110.664,110.664,0,0,110.471,0.385,-2.126,0.840,-1.706,16.0,-2.126,0.840,-1.706,16.0,-1.286,S,#CD3C3C,7,1.0,0,0,0.247,0,0,0,0,0.0,17
1,2021,2021061,5,Haas F1 Team,20,MAZ,Nikita Mazepin,9,#505050,8.0,338,110.991,110.991,0,0,110.828,0.327,-2.664,-,-,-,-2.664,-,-,-,,S,#CD3C3C,8,1.0,0,0,0.247,0,0,0,0,0.0,15
1,2021,2021061,5,Haas F1 Team,20,MAZ,Nikita Mazepin,9,#505050,9.0,339,-,-,0,1,-,-,-,-,-,-,-,-,-,-,,S,#CD3C3C,9,1.0,1,0,0.247,0,0,0,0,0.0,17
1,2021,2021061,5,Haas F1 Team,20,MAZ,Nikita Mazepin,9,#505050,10.0,340,-,-,0,1,-,-,-,-,-,-,-,-,-,-,0.069,H,#A5AFB9,1,2.0,0,0,1.051,0,0,0,0,0.0,19
1,2021,2021061,5,Haas F1 Team,20,MAZ,Nikita Mazepin,9,#505050,11.0,341,111.471,111.471,0,0,-,-,-3.109,1.855,-2.182,16.0,-3.109,3.306,-1.456,16.0,-1.254,H,#A5AFB9,2,2.0,0,0,1.051,0,0,0,0,0.0,19
1,2021,2021061,5,Haas F1 Team,20,MAZ,Nikita Mazepin,9,#505050,12.0,342,109.607,109.607,0,0,110.539,1.864,-1.487,1.192,-0.891,16.0,-1.487,1.192,-0.891,16.0,-0.295,H,#A5AFB9,3,2.0,0,0,1.051,0,0,0,0,0.0,19
1,2021,2021061,5,Haas F1 Team,20,MAZ,Nikita Mazepin,9,#505050,13.0,343,109.01,109.01,0,0,109.309,0.597,-1.112,0.368,-0.928,16.0,-1.112,0.368,-0.928,16.0,-0.744,H,#A5AFB9,4,2.0,0,0,1.051,0,0,0,0,0.0,19
1,2021,2021061,5,Haas F1 Team,20,MAZ,Nikita Mazepin,9,#505050,14.0,344,109.435,109.435,0,0,109.222,0.425,-1.803,0.794,-1.406,16.0,-1.803,0.794,-1.406,16.0,-1.009,H,#A5AFB9,5,2.0,0,0,1.051,0,0,0,0,0.0,19
1,2021,2021061,5,Haas F1 Team,20,MAZ,Nikita Mazepin,9,#505050,15.0,345,109.724,109.724,0,0,109.58,0.289,-2.26,1.341,-1.589,16.0,-2.260,1.341,-1.589,16.0,-0.919,H,#A5AFB9,6,2.0,0,0,1.051,0,0,0,0,0.0,19
1,2021,2021061,5,Haas F1 Team,20,MAZ,Nikita Mazepin,9,#505050,16.0,346,109.15,109.15,0,0,109.437,0.574,-1.787,0.681,-1.446,16.0,-1.787,0.681,-1.446,16.0,-1.106,H,#A5AFB9,7,2.0,0,0,1.051,0,0,0,0,0.0,19
1,2021,2021061,5,Haas F1 Team,20,MAZ,Nikita Mazepin,9,#505050,17.0,347,109.154,109.154,0,0,109.152,0.004,-1.827,0.951,-1.351,16.0,-1.827,0.951,-1.351,16.0,-0.876,H,#A5AFB9,8,2.0,0,0,1.051,0,0,0,0,0.0,19
1,2021,2021061,5,Haas F1 Team,20,MAZ,Nikita Mazepin,9,#505050,18.0,348,109.033,109.033,0,0,109.094,0.121,-1.751,0.438,-1.532,16.0,-1.751,0.914,-1.294,16.0,-1.313,H,#A5AFB9,9,2.0,0,0,1.051,0,0,0,0,0.0,19
1,2021,2021061,5,Haas F1 Team,20,MAZ,Nikita Mazepin,9,#505050,19.0,349,108.682,108.682,0,0,108.858,0.351,-1.548,0.647,-1.224,16.0,-1.548,0.647,-1.224,16.0,-0.901,H,#A5AFB9,10,2.0,0,0,1.051,0,0,0,0,0.0,19
1,2021,2021061,5,Haas F1 Team,20,MAZ,Nikita Mazepin,9,#505050,20.0,350,108.477,108.477,0,0,108.58,0.205,-1.333,0.506,-1.080,16.0,-1.333,0.506,-1.080,16.0,-0.827,H,#A5AFB9,11,2.0,0,1,1.051,0,0,0,0,0.0,19
1,2021,2021061,5,Haas F1 Team,20,MAZ,Nikita Mazepin,9,#505050,21.0,351,109.043,109.043,0,0,108.76,0.566,-1.939,1.201,-1.339,16.0,-1.939,1.201,-1.339,16.0,-0.738,H,#A5AFB9,12,2.0,0,0,1.051,0,0,0,0,0.0,19
1,2021,2021061,5,Haas F1 Team,20,MAZ,Nikita Mazepin,9,#505050,22.0,352,108.468,108.468,0,0,108.756,0.575,-1.389,0.105,-1.337,16.0,-1.389,0.625,-1.077,16.0,-1.284,H,#A5AFB9,13,2.0,0,0,1.051,0,0,0,0,0.0,19
1,2021,2021061,5,Haas F1 Team,20,MAZ,Nikita Mazepin,9,#505050,23.0,353,108.723,108.723,0,0,108.596,0.255,-1.741,0.879,-1.302,16.0,-1.741,0.879,-1.302,16.0,-0.862,H,#A5AFB9,14,2.0,0,0,1.051,0,0,0,0,0.0,19
1,2021,2021061,5,Haas F1 Team,20,MAZ,Nikita Mazepin,9,#505050,24.0,354,123.145,110.114,1,0,109.419,14.422,-16.181,14.988,-8.687,16.0,-3.151,1.958,-2.172,16.0,-1.193,H,#A5AFB9,15,2.0,0,0,1.051,0,0,0,0,0.0,19
1,2021,2021061,5,Haas F1 Team,20,MAZ,Nikita Mazepin,9,#505050,25.0,355,111.506,111.506,0,0,110.81,11.639,-4.554,3.672,-2.718,16.0,-4.554,3.672,-2.718,16.0,-0.882,H,#A5AFB9,16,2.0,0,0,1.051,0,0,0,0,0.0,19
1,2021,2021061,5,Haas F1 Team,20,MAZ,Nikita Mazepin,9,#505050,26.0,356,111.008,111.008,0,0,111.257,0.498,-4.092,3.065,-2.559,16.0,-4.092,3.065,-2.559,16.0,-1.027,H,#A5AFB9,17,2.0,0,0,1.051,0,0,0,0,0.0,19
1,2021,2021061,5,Haas F1 Team,20,MAZ,Nikita Mazepin,9,#505050,27.0,357,109.012,109.012,0,0,110.01,1.996,-2.157,0.493,-1.911,16.0,-2.157,0.796,-1.759,16.0,-1.664,H,#A5AFB9,18,2.0,0,0,1.051,0,0,0,0,0.0,19
1,2021,2021061,5,Haas F1 Team,20,MAZ,Nikita Mazepin,9,#505050,28.0,358,108.639,108.639,0,0,108.826,0.373,-1.816,0.150,-1.741,16.0,-1.816,0.150,-1.741,16.0,-1.666,H,#A5AFB9,19,2.0,0,0,1.051,0,0,0,0,0.0,19
1,2021,2021061,5,Haas F1 Team,20,MAZ,Nikita Mazepin,9,#505050,29.0,359,108.358,108.358,0,0,108.498,0.281,-1.676,0.028,-1.662,16.0,-1.676,0.028,-1.662,16.0,-1.648,H,#A5AFB9,20,2.0,0,0,1.051,0,0,0,0,0.0,19
1,2021,2021061,5,Haas F1 Team,20,MAZ,Nikita Mazepin,9,#505050,30.0,360,-,-,0,1,-,-,-,-,-,-,-,-,-,-,,H,#A5AFB9,21,2.0,0,0,1.051,0,1,0,0,0.0,18
1,2021,2021061,5,Haas F1 Team,20,MAZ,Nikita Mazepin,9,#505050,31.0,361,-,-,0,1,-,-,-,-,-,-,-,-,-,-,,H,#A5AFB9,22,2.0,0,0,1.051,0,0,0,0,0.0,18
1,2021,2021061,5,Haas F1 Team,20,MAZ,Nikita Mazepin,9,#505050,32.0,362,-,-,0,1,-,-,-,-,-,-,-,-,-,-,,H,#A5AFB9,23,2.0,0,0,1.051,0,0,0,0,0.0,18
1,2021,2021061,5,Haas F1 Team,20,MAZ,Nikita Mazepin,9,#505050,33.0,363,-,-,0,1,-,-,-,-,-,-,-,-,-,-,,H,#A5AFB9,24,2.0,0,0,1.051,0,0,0,0,0.0,18
1,2021,2021061,5,Haas F1 Team,20,MAZ,Nikita Mazepin,9,#505050,34.0,364,-,-,0,1,-,-,-,-,-,-,-,-,-,-,,H,#A5AFB9,25,2.0,1,0,1.051,0,0,0,0,0.0,18
1,2021,2021061,5,Haas F1 Team,20,MAZ,Nikita Mazepin,9,#505050,35.0,365,-,-,0,1,-,-,-,-,-,-,-,-,-,-,,S,#CD3C3C,3,3.0,0,0,0.256,1,0,0,0,0.0,18
1,2021,2021061,5,Haas F1 Team,20,MAZ,Nikita Mazepin,9,#505050,36.0,366,-,-,0,1,-,-,-,-,-,-,-,-,-,-,,S,#CD3C3C,4,3.0,0,0,0.256,0,0,0,0,0.0,18
1,2021,2021061,5,Haas F1 Team,20,MAZ,Nikita Mazepin,9,#505050,37.0,367,108.315,108.315,0,0,-,-,-0.078,-0.966,-0.561,20.0,-0.078,-0.966,-0.561,20.0,-1.044,S,#CD3C3C,5,3.0,0,0,0.256,0,0,0,0,0.0,18
1,2021,2021061,5,Haas F1 Team,20,MAZ,Nikita Mazepin,9,#505050,38.0,368,108.11,108.11,0,0,108.212,0.205,-1.088,-0.599,-1.388,20.0,-1.088,-0.599,-1.388,20.0,-1.687,S,#CD3C3C,6,3.0,0,0,0.256,0,0,0,0,0.0,18
1,2021,2021061,5,Haas F1 Team,20,MAZ,Nikita Mazepin,9,#505050,39.0,369,107.819,107.819,0,0,107.964,0.291,-1.398,0.035,-1.381,16.0,-1.398,0.035,-1.381,16.0,-1.363,S,#CD3C3C,7,3.0,0,0,0.256,0,0,0,0,0.0,18
1,2021,2021061,5,Haas F1 Team,20,MAZ,Nikita Mazepin,9,#505050,40.0,370,107.747,107.747,0,0,107.783,0.072,-1.534,-0.525,-1.796,20.0,-1.534,-0.525,-1.796,20.0,-2.059,S,#CD3C3C,8,3.0,0,1,0.256,0,0,0,0,0.0,18
1,2021,2021061,5,Haas F1 Team,20,MAZ,Nikita Mazepin,9,#505050,41.0,371,107.939,107.939,0,0,107.843,0.192,-1.923,0.315,-1.766,16.0,-1.923,0.315,-1.766,16.0,-1.608,S,#CD3C3C,9,3.0,0,0,0.256,0,0,0,0,0.0,18
1,2021,2021061,5,Haas F1 Team,20,MAZ,Nikita Mazepin,9,#505050,42.0,372,108.846,108.846,0,0,108.392,0.907,-2.896,0.956,-2.418,16.0,-2.896,0.956,-2.418,16.0,-1.94,S,#CD3C3C,10,3.0,0,0,0.256,0,0,0,0,0.0,18
1,2021,2021061,5,Haas F1 Team,20,MAZ,Nikita Mazepin,9,#505050,43.0,373,110.255,110.255,0,0,109.55,1.409,-4.206,1.332,-3.540,16.0,-4.206,1.332,-3.540,16.0,-2.874,S,#CD3C3C,11,3.0,0,0,0.256,0,0,0,0,0.0,18
1,2021,2021061,5,Haas F1 Team,20,MAZ,Nikita Mazepin,9,#505050,44.0,374,-,-,0,1,-,-,-,-,-,-,-,-,-,-,,S,#CD3C3C,12,3.0,1,0,0.256,0,0,0,0,0.0,18
1,2021,2021061,5,Haas F1 Team,20,MAZ,Nikita Mazepin,9,#505050,45.0,375,-,-,0,1,-,-,-,-,-,-,-,-,-,-,,S,#CD3C3C,6,4.0,0,0,-,0,0,0,0,0.0,18
1,2021,2021061,5,Haas F1 Team,20,MAZ,Nikita Mazepin,9,#505050,46.0,376,-,-,0,1,-,-,-,-,-,-,-,-,-,-,,S,#CD3C3C,7,4.0,1,0,-,0,1,0,0,0.0,17
1,2021,2021061,5,Haas F1 Team,20,MAZ,Nikita Mazepin,9,#505050,47.0,377,-,-,0,1,-,-,-,-,-,-,-,-,-,-,,S,#CD3C3C,8,5.0,1,0,-,0,0,0,0,0.0,17
1,2021,2021061,5,Haas F1 Team,20,MAZ,Nikita Mazepin,9,#505050,48.0,378,-,-,0,1,-,-,-,-,-,-,-,-,-,-,,S,#CD3C3C,9,6.0,1,0,-,0,0,0,0,0.0,17
1,2021,2021061,5,Haas F1 Team,20,MAZ,Nikita Mazepin,9,#505050,49.0,379,-,-,0,1,-,-,-,-,-,-,-,-,-,-,,S,#CD3C3C,10,7.0,0,0,4.422,0,0,0,0,0.0,16
1,2021,2021061,5,Haas F1 Team,20,MAZ,Nikita Mazepin,9,#505050,50.0,380,116.968,116.968,0,0,-,-,-,-,-,-,-,-,-,-,,S,#CD3C3C,11,7.0,0,1,4.422,0,0,0,0,2.0,14
1,2021,2021061,5,Haas F1 Team,20,MAZ,Nikita Mazepin,9,#505050,51.0,381,108.123,108.123,0,0,112.546,8.845,-,-,-,-,-,-,-,-,,S,#CD3C3C,12,7.0,0,0,4.422,0,0,0,0,0.0,15
1,2021,2021071,6,Haas F1 Team,16,MSC,Mick Schumacher,47,#505050,1.0,382,-,-,0,1,-,-,-,-,-,-,-,-,-,-,,M,#F0E628,1,1.0,0,0,0.596,0,0,0,0,,19
1,2021,2021071,6,Haas F1 Team,16,MSC,Mick Schumacher,47,#505050,2.0,383,-,-,0,1,-,-,-,-,-,-,-,-,-,-,,M,#F0E628,2,1.0,0,0,0.596,0,0,0,0,0.0,19
1,2021,2021071,6,Haas F1 Team,16,MSC,Mick Schumacher,47,#505050,3.0,384,102.66,102.66,0,0,-,-,-1.2,0.012,-1.206,16.0,-1.200,0.012,-1.206,16.0,-1.212,M,#F0E628,3,1.0,0,0,0.596,0,0,0,0,0.0,19
1,2021,2021071,6,Haas F1 Team,16,MSC,Mick Schumacher,47,#505050,4.0,385,107.603,102.766,1,0,102.713,4.943,-6.35,-5.002,-3.849,20.0,-1.513,-0.165,-1.431,20.0,-1.348,M,#F0E628,4,1.0,0,0,0.596,0,0,0,0,-1.0,20
1,2021,2021071,6,Haas F1 Team,16,MSC,Mick Schumacher,47,#505050,5.0,386,102.872,102.872,0,0,102.819,4.731,-2.073,-0.871,-1.637,20.0,-2.073,-0.871,-1.637,20.0,-1.202,M,#F0E628,5,1.0,0,0,0.596,0,0,0,0,0.0,20
1,2021,2021071,6,Haas F1 Team,16,MSC,Mick Schumacher,47,#505050,6.0,387,102.279,102.279,0,0,102.576,0.593,-1.94,-0.474,-1.703,20.0,-1.940,-0.474,-1.703,20.0,-1.466,M,#F0E628,6,1.0,0,0,0.596,0,0,0,0,0.0,20
1,2021,2021071,6,Haas F1 Team,16,MSC,Mick Schumacher,47,#505050,7.0,388,101.986,101.986,0,0,102.132,0.293,-1.483,-0.155,-1.405,20.0,-1.483,-0.155,-1.405,20.0,-1.328,M,#F0E628,7,1.0,0,0,0.596,0,0,0,0,0.0,20
1,2021,2021071,6,Haas F1 Team,16,MSC,Mick Schumacher,47,#505050,8.0,389,101.31,101.31,0,0,101.648,0.676,-0.748,0.693,-1.095,16.0,-0.748,0.693,-1.095,16.0,-1.441,M,#F0E628,8,1.0,0,1,0.596,0,0,0,0,0.0,20
1,2021,2021071,6,Haas F1 Team,16,MSC,Mick Schumacher,47,#505050,9.0,390,101.098,101.098,0,0,101.204,0.212,-0.652,0.191,-0.748,16.0,-0.652,0.191,-0.748,16.0,-0.843,M,#F0E628,9,1.0,0,0,0.596,0,0,0,0,0.0,20
1,2021,2021071,6,Haas F1 Team,16,MSC,Mick Schumacher,47,#505050,10.0,391,101.318,101.318,0,0,101.208,0.220,-0.831,0.546,-1.104,16.0,-0.831,0.116,-0.889,16.0,-1.377,M,#F0E628,10,1.0,0,0,0.596,0,0,0,0,0.0,20
1,2021,2021071,6,Haas F1 Team,16,MSC,Mick Schumacher,47,#505050,11.0,392,102.069,102.069,0,0,101.694,0.751,-1.457,-0.490,-1.212,20.0,-1.457,-0.490,-1.212,20.0,-0.967,M,#F0E628,11,1.0,0,0,0.596,0,0,0,0,0.0,20
1,2021,2021071,6,Haas F1 Team,16,MSC,Mick Schumacher,47,#505050,12.0,393,102.2,102.2,0,0,102.134,0.131,-1.485,-0.391,-1.290,20.0,-1.485,-0.391,-1.290,20.0,-1.094,M,#F0E628,12,1.0,0,0,0.596,0,0,0,0,0.0,20
1,2021,2021071,6,Haas F1 Team,16,MSC,Mick Schumacher,47,#505050,13.0,394,102.548,102.548,0,0,102.374,0.348,-1.645,-0.732,-1.279,20.0,-1.645,-0.732,-1.279,20.0,-0.913,M,#F0E628,13,1.0,0,0,0.596,0,0,0,0,0.0,20
1,2021,2021071,6,Haas F1 Team,16,MSC,Mick Schumacher,47,#505050,14.0,395,102.549,102.549,0,0,102.548,0.001,-1.571,-0.170,-1.486,20.0,-1.571,-0.170,-1.486,20.0,-1.401,M,#F0E628,14,1.0,0,0,0.596,0,0,0,0,0.0,20
1,2021,2021071,6,Haas F1 Team,16,MSC,Mick Schumacher,47,#505050,15.0,396,-,-,0,1,-,-,-,-,-,-,-,-,-,-,-2.698,M,#F0E628,15,1.0,1,0,0.596,0,0,0,0,0.0,20
1,2021,2021071,6,Haas F1 Team,16,MSC,Mick Schumacher,47,#505050,16.0,397,-,-,0,1,-,-,-,-,-,-,-,-,-,-,-2.019,H,#A5AFB9,1,2.0,0,0,0.413,0,0,0,0,0.0,20
1,2021,2021071,6,Haas F1 Team,16,MSC,Mick Schumacher,47,#505050,17.0,398,100.379,100.379,0,0,-,-,0.169,2.221,-0.942,16.0,0.169,2.221,-0.942,16.0,-2.052,H,#A5AFB9,2,2.0,0,0,0.413,0,0,0,0,0.0,20
1,2021,2021071,6,Haas F1 Team,16,MSC,Mick Schumacher,47,#505050,18.0,399,99.947,99.947,0,0,100.163,0.432,0.191,1.946,-0.782,16.0,0.191,1.946,-0.782,16.0,-1.755,H,#A5AFB9,3,2.0,0,0,0.413,0,0,0,0,0.0,20
1,2021,2021071,6,Haas F1 Team,16,MSC,Mick Schumacher,47,#505050,19.0,400,100.071,100.071,0,0,100.009,0.124,-0.198,2.435,-1.415,16.0,-0.198,2.435,-1.415,16.0,-2.633,H,#A5AFB9,4,2.0,0,0,0.413,0,0,0,0,0.0,20
1,2021,2021071,6,Haas F1 Team,16,MSC,Mick Schumacher,47,#505050,20.0,401,100.997,100.997,0,0,100.534,0.926,-0.992,2.535,-2.260,16.0,-0.992,1.204,-1.594,16.0,-3.527,H,#A5AFB9,5,2.0,0,0,0.413,0,0,0,0,0.0,20
1,2021,2021071,6,Haas F1 Team,16,MSC,Mick Schumacher,47,#505050,21.0,402,101.231,101.231,0,0,101.114,0.234,-1.32,0.666,-1.653,16.0,-1.320,0.666,-1.653,16.0,-1.986,H,#A5AFB9,6,2.0,0,0,0.413,0,0,0,0,0.0,20
1,2021,2021071,6,Haas F1 Team,16,MSC,Mick Schumacher,47,#505050,22.0,403,101.243,101.243,0,0,101.237,0.012,-1.277,0.557,-1.556,16.0,-1.277,0.557,-1.556,16.0,-1.834,H,#A5AFB9,7,2.0,0,0,0.413,0,0,0,0,0.0,20
1,2021,2021071,6,Haas F1 Team,16,MSC,Mick Schumacher,47,#505050,23.0,404,101.2,101.2,0,0,101.221,0.043,-1.18,1.212,-1.786,16.0,-1.180,0.716,-1.538,16.0,-2.392,H,#A5AFB9,8,2.0,0,0,0.413,0,0,0,0,0.0,20
1,2021,2021071,6,Haas F1 Team,16,MSC,Mick Schumacher,47,#505050,24.0,405,101.366,101.366,0,0,101.283,0.166,-1.287,0.666,-1.620,16.0,-1.287,0.666,-1.620,16.0,-1.953,H,#A5AFB9,9,2.0,0,0,0.413,0,0,0,0,0.0,20
1,2021,2021071,6,Haas F1 Team,16,MSC,Mick Schumacher,47,#505050,25.0,406,100.992,100.992,0,0,101.179,0.374,-0.91,0.340,-1.080,16.0,-0.910,0.340,-1.080,16.0,-1.25,H,#A5AFB9,10,2.0,0,0,0.413,0,0,0,0,0.0,20
1,2021,2021071,6,Haas F1 Team,16,MSC,Mick Schumacher,47,#505050,26.0,407,100.736,100.736,0,0,100.864,0.256,-0.809,1.178,-1.398,16.0,-0.809,0.564,-1.091,16.0,-1.987,H,#A5AFB9,11,2.0,0,0,0.413,0,0,0,0,0.0,20
1,2021,2021071,6,Haas F1 Team,16,MSC,Mick Schumacher,47,#505050,27.0,408,101.137,101.137,0,0,100.936,0.401,-1.301,0.131,-1.366,16.0,-1.301,0.131,-1.366,16.0,-1.432,H,#A5AFB9,12,2.0,0,0,0.413,0,0,0,0,0.0,20
1,2021,2021071,6,Haas F1 Team,16,MSC,Mick Schumacher,47,#505050,28.0,409,101.566,101.566,0,0,101.352,0.429,-1.781,-0.149,-1.706,20.0,-1.781,-0.149,-1.706,20.0,-1.632,H,#A5AFB9,13,2.0,0,0,0.413,0,0,0,0,0.0,20
1,2021,2021071,6,Haas F1 Team,16,MSC,Mick Schumacher,47,#505050,29.0,410,107.121,101.096,1,0,101.331,5.555,-7.179,-5.313,-4.522,20.0,-1.154,0.712,-1.510,16.0,-1.866,H,#A5AFB9,14,2.0,0,0,0.413,0,0,0,0,0.0,20
1,2021,2021071,6,Haas F1 Team,16,MSC,Mick Schumacher,47,#505050,30.0,411,100.625,100.625,0,0,100.86,6.496,-0.732,1.167,-1.315,16.0,-0.732,1.167,-1.315,16.0,-1.899,H,#A5AFB9,15,2.0,0,0,0.413,0,0,0,0,0.0,20
1,2021,2021071,6,Haas F1 Team,16,MSC,Mick Schumacher,47,#505050,31.0,412,100.354,100.354,0,0,100.489,0.271,-0.635,-,-,-,-0.635,-,-,-,,H,#A5AFB9,16,2.0,0,0,0.413,0,0,0,0,0.0,19
1,2021,2021071,6,Haas F1 Team,16,MSC,Mick Schumacher,47,#505050,32.0,413,100.75,100.75,0,0,100.552,0.396,-1.053,-,-,-,-1.053,-,-,-,,H,#A5AFB9,17,2.0,0,0,0.413,0,0,0,0,0.0,19
1,2021,2021071,6,Haas F1 Team,16,MSC,Mick Schumacher,47,#505050,33.0,414,103.647,100.332,1,0,100.541,2.897,-4.386,-3.743,-2.514,20.0,-1.070,-0.427,-0.857,20.0,-0.643,H,#A5AFB9,18,2.0,0,0,0.413,0,0,0,0,0.0,19
1,2021,2021071,6,Haas F1 Team,16,MSC,Mick Schumacher,47,#505050,34.0,415,99.913,99.913,0,0,100.122,3.734,-0.944,-0.596,-0.646,20.0,-0.944,-0.596,-0.646,20.0,-0.348,H,#A5AFB9,19,2.0,0,1,0.413,0,0,0,0,0.0,19
1,2021,2021071,6,Haas F1 Team,16,MSC,Mick Schumacher,47,#505050,35.0,416,100.081,100.081,0,0,99.997,0.168,-1.103,-0.507,-0.849,20.0,-1.103,-0.507,-0.849,20.0,-0.596,H,#A5AFB9,20,2.0,0,0,0.413,0,0,0,0,0.0,19
1,2021,2021071,6,Haas F1 Team,16,MSC,Mick Schumacher,47,#505050,36.0,417,99.887,99.887,0,0,99.984,0.194,-0.854,-0.196,-0.756,20.0,-0.854,-0.196,-0.756,20.0,-0.658,H,#A5AFB9,21,2.0,0,0,0.413,0,0,0,0,0.0,19
1,2021,2021071,6,Haas F1 Team,16,MSC,Mick Schumacher,47,#505050,37.0,418,100.204,100.204,0,0,100.046,0.317,-1.155,-0.615,-0.848,20.0,-1.155,-0.615,-0.848,20.0,-0.54,H,#A5AFB9,22,2.0,0,0,0.413,0,0,0,0,0.0,19
1,2021,2021071,6,Haas F1 Team,16,MSC,Mick Schumacher,47,#505050,38.0,419,100.278,100.278,0,0,100.241,0.074,-1.281,-0.235,-1.163,20.0,-1.281,-0.235,-1.163,20.0,-1.046,H,#A5AFB9,23,2.0,0,0,0.413,0,0,0,0,0.0,19
1,2021,2021071,6,Haas F1 Team,16,MSC,Mick Schumacher,47,#505050,39.0,420,99.999,99.999,0,0,100.138,0.279,-0.942,0.233,-1.058,16.0,-0.942,0.233,-1.058,16.0,-1.175,H,#A5AFB9,24,2.0,0,0,0.413,0,0,0,0,0.0,19
1,2021,2021071,6,Haas F1 Team,16,MSC,Mick Schumacher,47,#505050,40.0,421,99.513,99.513,0,0,99.756,0.486,-0.511,0.336,-0.679,16.0,-0.511,0.336,-0.679,16.0,-0.847,H,#A5AFB9,25,2.0,0,0,0.413,0,0,0,0,0.0,19
1,2021,2021071,6,Haas F1 Team,16,MSC,Mick Schumacher,47,#505050,41.0,422,100.356,99.649,1,0,99.581,0.843,-1.558,-0.201,-1.458,20.0,-0.850,0.507,-1.103,16.0,-1.357,H,#A5AFB9,26,2.0,0,0,0.413,0,0,0,0,0.0,19
1,2021,2021071,6,Haas F1 Team,16,MSC,Mick Schumacher,47,#505050,42.0,423,99.784,99.784,0,0,99.716,0.572,-1.172,0.317,-1.331,16.0,-1.172,0.317,-1.331,16.0,-1.489,H,#A5AFB9,27,2.0,0,0,0.413,0,0,0,0,0.0,19
1,2021,2021071,6,Haas F1 Team,16,MSC,Mick Schumacher,47,#505050,43.0,424,99.741,99.741,0,0,99.762,0.043,-1.252,0.147,-1.325,16.0,-1.252,0.147,-1.325,16.0,-1.399,H,#A5AFB9,28,2.0,0,0,0.413,0,0,0,0,0.0,19
1,2021,2021071,6,Haas F1 Team,16,MSC,Mick Schumacher,47,#505050,44.0,425,99.392,99.392,0,0,99.566,0.349,-0.944,0.181,-1.034,16.0,-0.944,0.181,-1.034,16.0,-1.125,H,#A5AFB9,29,2.0,0,0,0.413,0,0,0,0,0.0,19
1,2021,2021071,6,Haas F1 Team,16,MSC,Mick Schumacher,47,#505050,45.0,426,99.717,99.717,0,0,99.554,0.325,-1.128,0.199,-1.228,16.0,-1.128,0.199,-1.228,16.0,-1.327,H,#A5AFB9,30,2.0,0,0,0.413,0,0,0,0,0.0,19
1,2021,2021071,6,Haas F1 Team,16,MSC,Mick Schumacher,47,#505050,46.0,427,99.882,99.882,0,0,99.8,0.165,-1.21,0.629,-1.524,16.0,-1.210,0.184,-1.302,16.0,-1.839,H,#A5AFB9,31,2.0,0,0,0.413,0,0,0,0,0.0,19
1,2021,2021071,6,Haas F1 Team,16,MSC,Mick Schumacher,47,#505050,47.0,428,100.167,100.167,0,0,100.024,0.285,-1.368,0.049,-1.393,16.0,-1.368,0.049,-1.393,16.0,-1.417,H,#A5AFB9,32,2.0,0,0,0.413,0,0,0,0,0.0,19
1,2021,2021071,6,Haas F1 Team,16,MSC,Mick Schumacher,47,#505050,48.0,429,100.115,100.115,0,0,100.141,0.052,-1.188,0.681,-1.528,16.0,-1.188,0.681,-1.528,16.0,-1.869,H,#A5AFB9,33,2.0,0,0,0.413,0,0,0,0,0.0,19
1,2021,2021071,6,Haas F1 Team,16,MSC,Mick Schumacher,47,#505050,49.0,430,100.273,100.273,0,0,100.194,0.158,-1.287,1.207,-1.891,16.0,-1.287,0.657,-1.615,16.0,-2.494,H,#A5AFB9,34,2.0,0,0,0.413,0,0,0,0,0.0,19
1,2021,2021071,6,Haas F1 Team,16,MSC,Mick Schumacher,47,#505050,50.0,431,99.712,99.712,0,0,99.992,0.561,-0.674,1.353,-1.351,16.0,-0.674,1.353,-1.351,16.0,-2.027,H,#A5AFB9,35,2.0,0,0,0.413,0,0,0,0,0.0,19
1,2021,2021071,6,Haas F1 Team,16,MSC,Mick Schumacher,47,#505050,51.0,432,98.847,98.847,0,0,99.28,0.865,-0.05,1.404,-0.752,16.0,-0.050,1.404,-0.752,16.0,-1.454,H,#A5AFB9,36,2.0,0,0,0.413,0,0,0,0,0.0,19
1,2021,2021071,6,Haas F1 Team,16,MSC,Mick Schumacher,47,#505050,52.0,433,99.033,99.033,0,0,98.94,0.186,-0.207,4.307,-2.361,16.0,-0.207,4.307,-2.361,16.0,-4.514,H,#A5AFB9,37,2.0,0,0,0.413,0,0,0,0,0.0,19
1,2021,2021071,6,Haas F1 Team,20,MAZ,Nikita Mazepin,9,#505050,1.0,382,-,-,0,1,-,-,-,-,-,-,-,-,-,-,,H,#A5AFB9,1,1.0,0,0,0.270,0,0,0,0,,20
1,2021,2021071,6,Haas F1 Team,20,MAZ,Nikita Mazepin,9,#505050,2.0,383,-,-,0,1,-,-,-,-,-,-,-,-,-,-,,H,#A5AFB9,2,1.0,0,0,0.270,0,0,0,0,0.0,20
1,2021,2021071,6,Haas F1 Team,20,MAZ,Nikita Mazepin,9,#505050,3.0,384,102.672,102.672,0,0,-,-,-1.212,0.012,-1.206,16.0,-1.212,0.012,-1.206,16.0,-1.2,H,#A5AFB9,3,1.0,0,0,0.270,0,0,0,0,0.0,20
1,2021,2021071,6,Haas F1 Team,20,MAZ,Nikita Mazepin,9,#505050,4.0,385,102.601,102.601,0,0,102.636,0.071,-1.348,-5.002,-3.849,20.0,-1.348,-0.165,-1.431,20.0,-6.35,H,#A5AFB9,4,1.0,0,0,0.270,0,0,0,0,1.0,19
1,2021,2021071,6,Haas F1 Team,20,MAZ,Nikita Mazepin,9,#505050,5.0,386,102.001,102.001,0,0,102.301,0.600,-1.202,-0.871,-1.637,20.0,-1.202,-0.871,-1.637,20.0,-2.073,H,#A5AFB9,5,1.0,0,0,0.270,0,0,0,0,0.0,19
1,2021,2021071,6,Haas F1 Team,20,MAZ,Nikita Mazepin,9,#505050,6.0,387,101.805,101.805,0,0,101.903,0.196,-1.466,-0.474,-1.703,20.0,-1.466,-0.474,-1.703,20.0,-1.94,H,#A5AFB9,6,1.0,0,0,0.270,0,0,0,0,0.0,19
1,2021,2021071,6,Haas F1 Team,20,MAZ,Nikita Mazepin,9,#505050,7.0,388,101.831,101.831,0,0,101.818,0.026,-1.328,-0.155,-1.405,20.0,-1.328,-0.155,-1.405,20.0,-1.483,H,#A5AFB9,7,1.0,0,0,0.270,0,0,0,0,0.0,19
1,2021,2021071,6,Haas F1 Team,20,MAZ,Nikita Mazepin,9,#505050,8.0,389,102.003,102.003,0,0,101.917,0.172,-1.441,0.693,-1.095,16.0,-1.441,0.693,-1.095,16.0,-0.748,H,#A5AFB9,8,1.0,0,0,0.270,0,0,0,0,0.0,19
1,2021,2021071,6,Haas F1 Team,20,MAZ,Nikita Mazepin,9,#505050,9.0,390,101.289,101.289,0,0,101.646,0.714,-0.843,0.191,-0.748,16.0,-0.843,0.191,-0.748,16.0,-0.652,H,#A5AFB9,9,1.0,0,0,0.270,0,0,0,0,0.0,19
1,2021,2021071,6,Haas F1 Team,20,MAZ,Nikita Mazepin,9,#505050,10.0,391,101.864,101.434,1,0,101.362,0.575,-1.377,0.546,-1.104,16.0,-0.947,0.116,-0.889,16.0,-0.831,H,#A5AFB9,10,1.0,0,0,0.270,0,0,0,0,0.0,19
1,2021,2021071,6,Haas F1 Team,20,MAZ,Nikita Mazepin,9,#505050,11.0,392,101.579,101.579,0,0,101.506,0.285,-0.967,-0.490,-1.212,20.0,-0.967,-0.490,-1.212,20.0,-1.457,H,#A5AFB9,11,1.0,0,0,0.270,0,0,0,0,0.0,19
1,2021,2021071,6,Haas F1 Team,20,MAZ,Nikita Mazepin,9,#505050,12.0,393,101.809,101.809,0,0,101.694,0.230,-1.094,-0.391,-1.290,20.0,-1.094,-0.391,-1.290,20.0,-1.485,H,#A5AFB9,12,1.0,0,0,0.270,0,0,0,0,0.0,19
1,2021,2021071,6,Haas F1 Team,20,MAZ,Nikita Mazepin,9,#505050,13.0,394,101.816,101.816,0,0,101.812,0.007,-0.913,-0.732,-1.279,20.0,-0.913,-0.732,-1.279,20.0,-1.645,H,#A5AFB9,13,1.0,0,0,0.270,0,0,0,0,0.0,19
1,2021,2021071,6,Haas F1 Team,20,MAZ,Nikita Mazepin,9,#505050,14.0,395,102.379,102.379,0,0,102.098,0.563,-1.401,-0.170,-1.486,20.0,-1.401,-0.170,-1.486,20.0,-1.571,H,#A5AFB9,14,1.0,0,0,0.270,0,0,0,0,0.0,19
1,2021,2021071,6,Haas F1 Team,20,MAZ,Nikita Mazepin,9,#505050,15.0,396,103.792,102.604,1,0,102.491,1.413,-2.698,-,-,-,-1.510,-,-,-,,H,#A5AFB9,15,1.0,0,0,0.270,0,0,0,0,0.0,18
1,2021,2021071,6,Haas F1 Team,20,MAZ,Nikita Mazepin,9,#505050,16.0,397,102.828,102.828,0,0,102.716,0.964,-2.019,-,-,-,-2.019,-,-,-,,H,#A5AFB9,16,1.0,0,1,0.270,0,0,0,0,0.0,18
1,2021,2021071,6,Haas F1 Team,20,MAZ,Nikita Mazepin,9,#505050,17.0,398,102.6,102.6,0,0,102.714,0.228,-2.052,2.221,-0.942,16.0,-2.052,2.221,-0.942,16.0,0.169,H,#A5AFB9,17,1.0,0,0,0.270,0,0,0,0,0.0,17
1,2021,2021071,6,Haas F1 Team,20,MAZ,Nikita Mazepin,9,#505050,18.0,399,101.893,101.893,0,0,102.246,0.707,-1.755,1.946,-0.782,16.0,-1.755,1.946,-0.782,16.0,0.191,H,#A5AFB9,18,1.0,0,0,0.270,0,0,0,0,0.0,16
1,2021,2021071,6,Haas F1 Team,20,MAZ,Nikita Mazepin,9,#505050,19.0,400,102.506,102.506,0,0,102.2,0.613,-2.633,2.435,-1.415,16.0,-2.633,2.435,-1.415,16.0,-0.198,H,#A5AFB9,19,1.0,0,0,0.270,0,0,0,0,0.0,16
1,2021,2021071,6,Haas F1 Team,20,MAZ,Nikita Mazepin,9,#505050,20.0,401,103.532,102.202,1,0,102.354,1.026,-3.527,2.535,-2.260,16.0,-2.196,1.204,-1.594,16.0,-0.992,H,#A5AFB9,20,1.0,0,0,0.270,0,0,0,0,-2.0,18
1,2021,2021071,6,Haas F1 Team,20,MAZ,Nikita Mazepin,9,#505050,21.0,402,101.897,101.897,0,0,102.049,1.635,-1.986,0.666,-1.653,16.0,-1.986,0.666,-1.653,16.0,-1.32,H,#A5AFB9,21,1.0,0,0,0.270,0,0,0,0,0.0,18
1,2021,2021071,6,Haas F1 Team,20,MAZ,Nikita Mazepin,9,#505050,22.0,403,101.8,101.8,0,0,101.848,0.097,-1.834,0.557,-1.556,16.0,-1.834,0.557,-1.556,16.0,-1.277,H,#A5AFB9,22,1.0,0,0,0.270,0,0,0,0,0.0,18
1,2021,2021071,6,Haas F1 Team,20,MAZ,Nikita Mazepin,9,#505050,23.0,404,102.412,101.916,1,0,101.858,0.612,-2.392,1.212,-1.786,16.0,-1.896,0.716,-1.538,16.0,-1.18,H,#A5AFB9,23,1.0,0,0,0.270,0,0,0,0,-1.0,19
1,2021,2021071,6,Haas F1 Team,20,MAZ,Nikita Mazepin,9,#505050,24.0,405,102.032,102.032,0,0,101.974,0.380,-1.953,0.666,-1.620,16.0,-1.953,0.666,-1.620,16.0,-1.287,H,#A5AFB9,24,1.0,0,0,0.270,0,0,0,0,0.0,19
1,2021,2021071,6,Haas F1 Team,20,MAZ,Nikita Mazepin,9,#505050,25.0,406,101.332,101.332,0,0,101.682,0.700,-1.25,0.340,-1.080,16.0,-1.250,0.340,-1.080,16.0,-0.91,H,#A5AFB9,25,1.0,0,0,0.270,0,0,0,0,0.0,19
1,2021,2021071,6,Haas F1 Team,20,MAZ,Nikita Mazepin,9,#505050,26.0,407,101.914,101.3,1,0,101.316,0.582,-1.987,1.178,-1.398,16.0,-1.373,0.564,-1.091,16.0,-0.809,H,#A5AFB9,26,1.0,0,0,0.270,0,0,0,0,0.0,19
1,2021,2021071,6,Haas F1 Team,20,MAZ,Nikita Mazepin,9,#505050,27.0,408,101.268,101.268,0,0,101.284,0.646,-1.432,0.131,-1.366,16.0,-1.432,0.131,-1.366,16.0,-1.301,H,#A5AFB9,27,1.0,0,0,0.270,0,0,0,0,0.0,19
1,2021,2021071,6,Haas F1 Team,20,MAZ,Nikita Mazepin,9,#505050,28.0,409,101.417,101.417,0,0,101.342,0.149,-1.632,-0.149,-1.706,20.0,-1.632,-0.149,-1.706,20.0,-1.781,H,#A5AFB9,28,1.0,0,0,0.270,0,0,0,0,0.0,19
1,2021,2021071,6,Haas F1 Team,20,MAZ,Nikita Mazepin,9,#505050,29.0,410,101.808,101.808,0,0,101.613,0.391,-1.866,-5.313,-4.522,20.0,-1.866,0.712,-1.510,16.0,-7.179,H,#A5AFB9,29,1.0,0,0,0.270,0,0,0,0,0.0,19
1,2021,2021071,6,Haas F1 Team,20,MAZ,Nikita Mazepin,9,#505050,30.0,411,101.792,101.792,0,0,101.8,0.016,-1.899,1.167,-1.315,16.0,-1.899,1.167,-1.315,16.0,-0.732,H,#A5AFB9,30,1.0,0,0,0.270,0,0,0,0,0.0,19
1,2021,2021071,6,Haas F1 Team,20,MAZ,Nikita Mazepin,9,#505050,31.0,412,-,-,0,1,-,-,-,-,-,-,-,-,-,-,-0.635,H,#A5AFB9,31,1.0,1,0,0.270,0,0,0,0,0.0,20
1,2021,2021071,6,Haas F1 Team,20,MAZ,Nikita Mazepin,9,#505050,32.0,413,-,-,0,1,-,-,-,-,-,-,-,-,-,-,-1.053,M,#F0E628,1,2.0,0,0,0.273,0,0,0,0,0.0,20
1,2021,2021071,6,Haas F1 Team,20,MAZ,Nikita Mazepin,9,#505050,33.0,414,99.904,99.904,0,0,-,-,-0.643,-3.743,-2.514,20.0,-0.643,-0.427,-0.857,20.0,-4.386,M,#F0E628,2,2.0,0,0,0.273,0,0,0,0,0.0,20
1,2021,2021071,6,Haas F1 Team,20,MAZ,Nikita Mazepin,9,#505050,34.0,415,99.317,99.317,0,0,99.61,0.587,-0.348,-0.596,-0.646,20.0,-0.348,-0.596,-0.646,20.0,-0.944,M,#F0E628,3,2.0,0,0,0.273,0,0,0,0,0.0,20
1,2021,2021071,6,Haas F1 Team,20,MAZ,Nikita Mazepin,9,#505050,35.0,416,99.574,99.574,0,0,99.446,0.257,-0.596,-0.507,-0.849,20.0,-0.596,-0.507,-0.849,20.0,-1.103,M,#F0E628,4,2.0,0,0,0.273,0,0,0,0,0.0,20
1,2021,2021071,6,Haas F1 Team,20,MAZ,Nikita Mazepin,9,#505050,36.0,417,99.691,99.691,0,0,99.632,0.117,-0.658,-0.196,-0.756,20.0,-0.658,-0.196,-0.756,20.0,-0.854,M,#F0E628,5,2.0,0,0,0.273,0,0,0,0,0.0,20
1,2021,2021071,6,Haas F1 Team,20,MAZ,Nikita Mazepin,9,#505050,37.0,418,99.589,99.589,0,0,99.64,0.102,-0.54,-0.615,-0.848,20.0,-0.540,-0.615,-0.848,20.0,-1.155,M,#F0E628,6,2.0,0,0,0.273,0,0,0,0,0.0,20
1,2021,2021071,6,Haas F1 Team,20,MAZ,Nikita Mazepin,9,#505050,38.0,419,100.043,100.043,0,0,99.816,0.454,-1.046,-0.235,-1.163,20.0,-1.046,-0.235,-1.163,20.0,-1.281,M,#F0E628,7,2.0,0,0,0.273,0,0,0,0,0.0,20
1,2021,2021071,6,Haas F1 Team,20,MAZ,Nikita Mazepin,9,#505050,39.0,420,100.232,100.232,0,0,100.138,0.189,-1.175,0.233,-1.058,16.0,-1.175,0.233,-1.058,16.0,-0.942,M,#F0E628,8,2.0,0,0,0.273,0,0,0,0,0.0,20
1,2021,2021071,6,Haas F1 Team,20,MAZ,Nikita Mazepin,9,#505050,40.0,421,99.849,99.849,0,0,100.041,0.383,-0.847,0.336,-0.679,16.0,-0.847,0.336,-0.679,16.0,-0.511,M,#F0E628,9,2.0,0,0,0.273,0,0,0,0,0.0,20
1,2021,2021071,6,Haas F1 Team,20,MAZ,Nikita Mazepin,9,#505050,41.0,422,100.155,100.155,0,0,100.002,0.306,-1.357,-0.201,-1.458,20.0,-1.357,0.507,-1.103,16.0,-1.558,M,#F0E628,10,2.0,0,0,0.273,0,0,0,0,0.0,20
1,2021,2021071,6,Haas F1 Team,20,MAZ,Nikita Mazepin,9,#505050,42.0,423,100.101,100.101,0,0,100.128,0.054,-1.489,0.317,-1.331,16.0,-1.489,0.317,-1.331,16.0,-1.172,M,#F0E628,11,2.0,0,1,0.273,0,0,0,0,0.0,20
1,2021,2021071,6,Haas F1 Team,20,MAZ,Nikita Mazepin,9,#505050,43.0,424,99.888,99.888,0,0,99.994,0.213,-1.399,0.147,-1.325,16.0,-1.399,0.147,-1.325,16.0,-1.252,M,#F0E628,12,2.0,0,0,0.273,0,0,0,0,0.0,20
1,2021,2021071,6,Haas F1 Team,20,MAZ,Nikita Mazepin,9,#505050,44.0,425,99.573,99.573,0,0,99.73,0.315,-1.125,0.181,-1.034,16.0,-1.125,0.181,-1.034,16.0,-0.944,M,#F0E628,13,2.0,0,0,0.273,0,0,0,0,0.0,20
1,2021,2021071,6,Haas F1 Team,20,MAZ,Nikita Mazepin,9,#505050,45.0,426,99.916,99.916,0,0,99.744,0.343,-1.327,0.199,-1.228,16.0,-1.327,0.199,-1.228,16.0,-1.128,M,#F0E628,14,2.0,0,0,0.273,0,0,0,0,0.0,20
1,2021,2021071,6,Haas F1 Team,20,MAZ,Nikita Mazepin,9,#505050,46.0,427,100.511,100.066,1,0,99.991,0.595,-1.839,0.629,-1.524,16.0,-1.394,0.184,-1.302,16.0,-1.21,M,#F0E628,15,2.0,0,0,0.273,0,0,0,0,0.0,20
1,2021,2021071,6,Haas F1 Team,20,MAZ,Nikita Mazepin,9,#505050,47.0,428,100.216,100.216,0,0,100.141,0.295,-1.417,0.049,-1.393,16.0,-1.417,0.049,-1.393,16.0,-1.368,M,#F0E628,16,2.0,0,0,0.273,0,0,0,0,0.0,20
1,2021,2021071,6,Haas F1 Team,20,MAZ,Nikita Mazepin,9,#505050,48.0,429,100.796,100.796,0,0,100.506,0.580,-1.869,0.681,-1.528,16.0,-1.869,0.681,-1.528,16.0,-1.188,M,#F0E628,17,2.0,0,0,0.273,0,0,0,0,0.0,20
1,2021,2021071,6,Haas F1 Team,20,MAZ,Nikita Mazepin,9,#505050,49.0,430,101.48,100.93,1,0,100.863,0.684,-2.494,1.207,-1.891,16.0,-1.944,0.657,-1.615,16.0,-1.287,M,#F0E628,18,2.0,0,0,0.273,0,0,0,0,0.0,20
1,2021,2021071,6,Haas F1 Team,20,MAZ,Nikita Mazepin,9,#505050,50.0,431,101.065,101.065,0,0,100.998,0.415,-2.027,1.353,-1.351,16.0,-2.027,1.353,-1.351,16.0,-0.674,M,#F0E628,19,2.0,0,0,0.273,0,0,0,0,0.0,20
1,2021,2021071,6,Haas F1 Team,20,MAZ,Nikita Mazepin,9,#505050,51.0,432,100.251,100.251,0,0,100.658,0.814,-1.454,1.404,-0.752,16.0,-1.454,1.404,-0.752,16.0,-0.05,M,#F0E628,20,2.0,0,0,0.273,0,0,0,0,0.0,20
1,2021,2021071,6,Haas F1 Team,20,MAZ,Nikita Mazepin,9,#505050,52.0,433,103.34,103.34,0,0,101.796,3.089,-4.514,4.307,-2.361,16.0,-4.514,4.307,-2.361,16.0,-0.207,M,#F0E628,21,2.0,0,0,0.273,0,0,0,0,0.0,20
1,2021,2021081,7,Haas F1 Team,16,MSC,Mick Schumacher,47,#505050,1.0,435,-,-,0,1,-,-,-,-,-,-,-,-,-,-,,M,#F0E628,1,1.0,0,0,0.361,0,0,0,0,,17
1,2021,2021081,7,Haas F1 Team,16,MSC,Mick Schumacher,47,#505050,2.0,436,-,-,0,1,-,-,-,-,-,-,-,-,-,-,,M,#F0E628,2,1.0,0,0,0.361,0,0,0,0,0.0,16
1,2021,2021081,7,Haas F1 Team,16,MSC,Mick Schumacher,47,#505050,3.0,437,74.098,74.098,0,0,-,-,-2.286,-0.625,-1.974,20.0,-2.286,-0.625,-1.974,20.0,-1.661,M,#F0E628,3,1.0,0,0,0.361,0,0,0,0,-1.0,17
1,2021,2021081,7,Haas F1 Team,16,MSC,Mick Schumacher,47,#505050,4.0,438,72.273,72.273,0,0,73.185,1.825,2.765,0.566,2.482,16.0,2.765,0.566,2.482,16.0,2.199,M,#F0E628,4,1.0,0,0,0.361,0,0,0,0,1.0,16
1,2021,2021081,7,Haas F1 Team,16,MSC,Mick Schumacher,47,#505050,5.0,439,72.183,72.183,0,0,72.228,0.090,-0.981,-0.189,-0.887,20.0,-0.981,-0.189,-0.887,20.0,-0.792,M,#F0E628,5,1.0,0,0,0.361,0,0,0,0,-1.0,17
1,2021,2021081,7,Haas F1 Team,16,MSC,Mick Schumacher,47,#505050,6.0,440,72.279,72.279,0,0,72.231,0.096,-0.967,-0.109,-0.912,20.0,-0.967,-0.109,-0.912,20.0,-0.858,M,#F0E628,6,1.0,0,0,0.361,0,0,0,0,0.0,17
1,2021,2021081,7,Haas F1 Team,16,MSC,Mick Schumacher,47,#505050,7.0,441,72.253,72.253,0,0,72.266,0.026,-0.897,-0.024,-0.885,20.0,-0.897,-0.024,-0.885,20.0,-0.873,M,#F0E628,7,1.0,0,0,0.361,0,0,0,0,0.0,17
1,2021,2021081,7,Haas F1 Team,16,MSC,Mick Schumacher,47,#505050,8.0,442,72.493,72.493,0,0,72.373,0.240,-1.07,0.035,-1.087,16.0,-1.070,0.035,-1.087,16.0,-1.105,M,#F0E628,8,1.0,0,0,0.361,0,0,0,0,0.0,17
1,2021,2021081,7,Haas F1 Team,16,MSC,Mick Schumacher,47,#505050,9.0,443,72.49,72.49,0,0,72.492,0.003,-1.069,-0.263,-0.938,20.0,-1.069,-0.263,-0.938,20.0,-0.806,M,#F0E628,9,1.0,0,0,0.361,0,0,0,0,0.0,17
1,2021,2021081,7,Haas F1 Team,16,MSC,Mick Schumacher,47,#505050,10.0,444,72.627,72.627,0,0,72.558,0.137,-1.127,-0.088,-1.083,20.0,-1.127,-0.088,-1.083,20.0,-1.039,M,#F0E628,10,1.0,0,0,0.361,0,0,0,0,0.0,17
1,2021,2021081,7,Haas F1 Team,16,MSC,Mick Schumacher,47,#505050,11.0,445,72.566,72.566,0,0,72.596,0.061,-1.145,-0.319,-0.986,20.0,-1.145,-0.319,-0.986,20.0,-0.826,M,#F0E628,11,1.0,0,0,0.361,0,0,0,0,0.0,17
1,2021,2021081,7,Haas F1 Team,16,MSC,Mick Schumacher,47,#505050,12.0,446,72.518,72.518,0,0,72.542,0.048,-1.139,-0.005,-1.136,20.0,-1.139,-0.005,-1.136,20.0,-1.134,M,#F0E628,12,1.0,0,0,0.361,0,0,0,0,0.0,17
1,2021,2021081,7,Haas F1 Team,16,MSC,Mick Schumacher,47,#505050,13.0,447,73.21,72.521,1,0,72.52,0.692,-1.858,-0.616,-1.550,20.0,-1.169,0.073,-1.206,16.0,-1.242,M,#F0E628,13,1.0,0,0,0.361,0,0,0,0,-1.0,18
1,2021,2021081,7,Haas F1 Team,16,MSC,Mick Schumacher,47,#505050,14.0,448,72.524,72.524,0,0,72.523,0.686,-1.228,0.883,-1.670,16.0,-1.228,0.118,-1.287,16.0,-2.111,M,#F0E628,14,1.0,0,0,0.361,0,0,0,0,0.0,18
1,2021,2021081,7,Haas F1 Team,16,MSC,Mick Schumacher,47,#505050,15.0,449,72.412,72.412,0,0,72.468,0.112,-1.111,0.279,-1.250,16.0,-1.111,0.279,-1.250,16.0,-1.39,M,#F0E628,15,1.0,0,0,0.361,0,0,0,0,0.0,18
1,2021,2021081,7,Haas F1 Team,16,MSC,Mick Schumacher,47,#505050,16.0,450,72.431,72.431,0,0,72.422,0.019,-1.164,-0.123,-1.103,20.0,-1.164,-0.123,-1.103,20.0,-1.041,M,#F0E628,16,1.0,0,0,0.361,0,0,0,0,0.0,18
1,2021,2021081,7,Haas F1 Team,16,MSC,Mick Schumacher,47,#505050,17.0,451,72.513,72.513,0,0,72.472,0.082,-1.176,-0.054,-1.149,20.0,-1.176,-0.054,-1.149,20.0,-1.122,M,#F0E628,17,1.0,0,1,0.361,0,0,0,0,0.0,18
1,2021,2021081,7,Haas F1 Team,16,MSC,Mick Schumacher,47,#505050,18.0,452,72.272,72.272,0,0,72.393,0.241,-0.919,0.387,-1.113,16.0,-0.919,0.387,-1.113,16.0,-1.306,M,#F0E628,18,1.0,0,0,0.361,0,0,0,0,0.0,18
1,2021,2021081,7,Haas F1 Team,16,MSC,Mick Schumacher,47,#505050,19.0,453,73.229,72.319,1,0,72.296,0.957,-1.879,-0.021,-1.869,20.0,-0.969,0.226,-1.082,16.0,-1.858,M,#F0E628,19,1.0,0,0,0.361,0,0,0,0,0.0,18
1,2021,2021081,7,Haas F1 Team,16,MSC,Mick Schumacher,47,#505050,20.0,454,72.366,72.366,0,0,72.342,0.863,-1.182,0.065,-1.214,16.0,-1.182,0.065,-1.214,16.0,-1.247,M,#F0E628,20,1.0,0,0,0.361,0,0,0,0,0.0,18
1,2021,2021081,7,Haas F1 Team,16,MSC,Mick Schumacher,47,#505050,21.0,455,72.694,72.694,0,0,72.53,0.328,-1.621,-,-,-,-1.621,-,-,-,,M,#F0E628,21,1.0,0,0,0.361,0,0,0,0,0.0,17
1,2021,2021081,7,Haas F1 Team,16,MSC,Mick Schumacher,47,#505050,22.0,456,71.455,71.455,0,0,72.074,1.239,-0.424,-,-,-,-0.424,-,-,-,,M,#F0E628,22,1.0,0,0,0.361,0,0,0,0,0.0,17
1,2021,2021081,7,Haas F1 Team,16,MSC,Mick Schumacher,47,#505050,23.0,457,73.658,71.658,1,0,71.556,2.203,-2.644,-0.779,-2.255,20.0,-0.644,1.221,-1.254,16.0,-1.865,M,#F0E628,23,1.0,0,0,0.361,0,0,0,0,0.0,17
1,2021,2021081,7,Haas F1 Team,16,MSC,Mick Schumacher,47,#505050,24.0,458,71.861,71.861,0,0,71.76,1.797,-0.805,0.175,-0.893,16.0,-0.805,0.175,-0.893,16.0,-0.98,M,#F0E628,24,1.0,0,0,0.361,0,0,0,0,0.0,16
1,2021,2021081,7,Haas F1 Team,16,MSC,Mick Schumacher,47,#505050,25.0,459,74.178,72.346,1,0,72.103,2.317,-3.076,-2.476,-1.838,20.0,-1.244,-0.644,-0.922,20.0,-0.6,M,#F0E628,25,1.0,0,0,0.361,0,0,0,0,0.0,16
1,2021,2021081,7,Haas F1 Team,16,MSC,Mick Schumacher,47,#505050,26.0,460,72.83,72.83,0,0,72.588,1.348,-1.681,-0.887,-1.238,20.0,-1.681,-0.887,-1.238,20.0,-0.794,M,#F0E628,26,1.0,0,0,0.361,0,0,0,0,-1.0,16
1,2021,2021081,7,Haas F1 Team,16,MSC,Mick Schumacher,47,#505050,27.0,461,71.819,71.819,0,0,72.324,1.011,-0.591,-0.015,-0.583,20.0,-0.591,-0.015,-0.583,20.0,-0.576,M,#F0E628,27,1.0,0,0,0.361,0,0,0,0,0.0,16
1,2021,2021081,7,Haas F1 Team,16,MSC,Mick Schumacher,47,#505050,28.0,462,71.673,71.673,0,0,71.746,0.146,-0.551,0.035,-0.569,16.0,-0.551,0.035,-0.569,16.0,-0.586,M,#F0E628,28,1.0,0,0,0.361,0,0,0,0,0.0,16
1,2021,2021081,7,Haas F1 Team,16,MSC,Mick Schumacher,47,#505050,29.0,463,71.831,71.831,0,0,71.752,0.158,-1.195,-0.414,-0.988,20.0,-1.195,-0.414,-0.988,20.0,-0.781,M,#F0E628,29,1.0,0,0,0.361,0,0,0,0,0.0,16
1,2021,2021081,7,Haas F1 Team,16,MSC,Mick Schumacher,47,#505050,30.0,464,72.755,71.828,1,0,71.83,0.924,-2.241,-1.144,-1.669,20.0,-1.315,-0.218,-1.206,20.0,-1.097,M,#F0E628,30,1.0,0,0,0.361,0,0,0,0,0.0,16
1,2021,2021081,7,Haas F1 Team,16,MSC,Mick Schumacher,47,#505050,31.0,465,71.826,71.826,0,0,71.827,0.929,-1.448,-0.347,-1.274,20.0,-1.448,-0.347,-1.274,20.0,-1.101,M,#F0E628,31,1.0,0,0,0.361,0,0,0,0,0.0,16
1,2021,2021081,7,Haas F1 Team,16,MSC,Mick Schumacher,47,#505050,32.0,466,72.703,72.703,0,0,72.264,0.877,-2.27,-0.120,-2.210,20.0,-2.270,-0.853,-1.843,20.0,-2.15,M,#F0E628,32,1.0,0,0,0.361,0,0,0,0,0.0,16
1,2021,2021081,7,Haas F1 Team,16,MSC,Mick Schumacher,47,#505050,33.0,467,-,-,0,1,-,-,-,-,-,-,-,-,-,-,-1.862,M,#F0E628,33,1.0,1,0,0.361,0,0,0,0,0.0,16
1,2021,2021081,7,Haas F1 Team,16,MSC,Mick Schumacher,47,#505050,34.0,468,-,-,0,1,-,-,-,-,-,-,-,-,-,-,-1.169,H,#A5AFB9,1,2.0,0,0,0.328,0,0,0,0,0.0,17
1,2021,2021081,7,Haas F1 Team,16,MSC,Mick Schumacher,47,#505050,35.0,469,70.371,70.371,0,0,-,-,-0.181,0.953,-0.657,16.0,-0.181,0.953,-0.657,16.0,-1.134,H,#A5AFB9,2,2.0,0,0,0.328,0,0,0,0,0.0,17
1,2021,2021081,7,Haas F1 Team,16,MSC,Mick Schumacher,47,#505050,36.0,470,70.394,70.394,0,0,70.382,0.023,-0.278,0.864,-0.710,16.0,-0.278,0.864,-0.710,16.0,-1.142,H,#A5AFB9,3,2.0,0,0,0.328,0,0,0,0,0.0,17
1,2021,2021081,7,Haas F1 Team,16,MSC,Mick Schumacher,47,#505050,37.0,471,70.553,70.553,0,0,70.474,0.159,-0.539,0.603,-0.841,16.0,-0.539,0.603,-0.841,16.0,-1.142,H,#A5AFB9,4,2.0,0,0,0.328,0,0,0,0,0.0,17
1,2021,2021081,7,Haas F1 Team,16,MSC,Mick Schumacher,47,#505050,38.0,472,70.997,70.612,1,0,70.582,0.444,-1.045,0.175,-1.132,16.0,-0.659,0.561,-0.940,16.0,-1.22,H,#A5AFB9,5,2.0,0,0,0.328,0,0,0,0,0.0,17
1,2021,2021081,7,Haas F1 Team,16,MSC,Mick Schumacher,47,#505050,39.0,473,70.67,70.67,0,0,70.641,0.327,-0.82,0.281,-0.961,16.0,-0.820,0.281,-0.961,16.0,-1.101,H,#A5AFB9,6,2.0,0,0,0.328,0,0,0,0,0.0,17
1,2021,2021081,7,Haas F1 Team,16,MSC,Mick Schumacher,47,#505050,40.0,474,70.759,70.759,0,0,70.714,0.089,-0.941,0.316,-1.099,16.0,-0.941,0.316,-1.099,16.0,-1.257,H,#A5AFB9,7,2.0,0,0,0.328,0,0,0,0,0.0,17
1,2021,2021081,7,Haas F1 Team,16,MSC,Mick Schumacher,47,#505050,41.0,475,70.928,70.928,0,0,70.844,0.169,-1.159,2.313,-2.316,16.0,-1.159,0.516,-1.417,16.0,-3.472,H,#A5AFB9,8,2.0,0,0,0.328,0,0,0,0,1.0,16
1,2021,2021081,7,Haas F1 Team,16,MSC,Mick Schumacher,47,#505050,42.0,476,70.804,70.804,0,0,70.866,0.124,-0.958,1.008,-1.462,16.0,-0.958,1.008,-1.462,16.0,-1.966,H,#A5AFB9,9,2.0,0,0,0.328,0,0,0,0,0.0,16
1,2021,2021081,7,Haas F1 Team,16,MSC,Mick Schumacher,47,#505050,43.0,477,70.845,70.845,0,0,70.824,0.041,-1.043,0.613,-1.349,16.0,-1.043,0.613,-1.349,16.0,-1.656,H,#A5AFB9,10,2.0,0,0,0.328,0,0,0,0,0.0,16
1,2021,2021081,7,Haas F1 Team,16,MSC,Mick Schumacher,47,#505050,44.0,478,70.807,70.807,0,0,70.826,0.038,-1.025,0.476,-1.263,16.0,-1.025,0.476,-1.263,16.0,-1.501,H,#A5AFB9,11,2.0,0,0,0.328,0,0,0,0,0.0,16
1,2021,2021081,7,Haas F1 Team,16,MSC,Mick Schumacher,47,#505050,45.0,479,71.04,71.04,0,0,70.924,0.233,-1.236,0.330,-1.401,16.0,-1.236,0.330,-1.401,16.0,-1.566,H,#A5AFB9,12,2.0,0,0,0.328,0,0,0,0,0.0,16
1,2021,2021081,7,Haas F1 Team,16,MSC,Mick Schumacher,47,#505050,46.0,480,71.217,71.217,0,0,71.128,0.177,-1.289,0.958,-1.768,16.0,-1.289,0.348,-1.463,16.0,-2.247,H,#A5AFB9,13,2.0,0,0,0.328,0,0,0,0,0.0,16
1,2021,2021081,7,Haas F1 Team,16,MSC,Mick Schumacher,47,#505050,47.0,481,71.135,71.135,0,0,71.176,0.082,-1.254,0.625,-1.567,16.0,-1.254,0.625,-1.567,16.0,-1.879,H,#A5AFB9,14,2.0,0,0,0.328,0,0,0,0,0.0,16
1,2021,2021081,7,Haas F1 Team,16,MSC,Mick Schumacher,47,#505050,48.0,482,73.216,71.854,1,0,71.494,2.081,-3.314,-0.905,-2.861,20.0,-1.952,0.457,-2.180,16.0,-2.409,H,#A5AFB9,15,2.0,0,0,0.328,0,0,0,0,0.0,16
1,2021,2021081,7,Haas F1 Team,16,MSC,Mick Schumacher,47,#505050,49.0,483,72.573,72.573,0,0,72.214,0.643,-2.641,-0.681,-2.300,20.0,-2.641,-0.681,-2.300,20.0,-1.96,H,#A5AFB9,16,2.0,0,0,0.328,0,0,0,0,0.0,16
1,2021,2021081,7,Haas F1 Team,16,MSC,Mick Schumacher,47,#505050,50.0,484,71.058,71.058,0,0,71.816,1.515,-1.117,2.420,-2.327,16.0,-1.117,1.068,-1.651,16.0,-3.537,H,#A5AFB9,17,2.0,0,0,0.328,0,0,0,0,0.0,16
1,2021,2021081,7,Haas F1 Team,16,MSC,Mick Schumacher,47,#505050,51.0,485,72.923,71.893,1,0,71.475,1.865,-2.953,-0.563,-2.671,20.0,-1.922,0.468,-2.156,16.0,-2.39,H,#A5AFB9,18,2.0,0,0,0.328,0,0,0,0,0.0,16
1,2021,2021081,7,Haas F1 Team,16,MSC,Mick Schumacher,47,#505050,52.0,486,72.727,72.727,0,0,72.31,0.196,-2.705,-0.778,-2.316,20.0,-2.705,-0.778,-2.316,20.0,-1.927,H,#A5AFB9,19,2.0,0,1,0.328,0,0,0,0,0.0,16
1,2021,2021081,7,Haas F1 Team,16,MSC,Mick Schumacher,47,#505050,53.0,487,70.691,70.691,0,0,71.709,2.036,-0.555,3.121,-2.115,16.0,-0.555,3.121,-2.115,16.0,-3.676,H,#A5AFB9,20,2.0,0,0,0.328,0,0,0,0,0.0,16
1,2021,2021081,7,Haas F1 Team,16,MSC,Mick Schumacher,47,#505050,54.0,488,70.169,70.169,0,0,70.43,0.522,0.041,6.042,-2.980,16.0,0.041,4.472,-2.195,16.0,-6.001,H,#A5AFB9,21,2.0,0,0,0.328,0,0,0,0,0.0,16
1,2021,2021081,7,Haas F1 Team,16,MSC,Mick Schumacher,47,#505050,55.0,489,70.145,70.145,0,0,70.157,0.024,0.014,5.326,-2.649,16.0,0.014,5.326,-2.649,16.0,-5.312,H,#A5AFB9,22,2.0,0,0,0.328,0,0,0,0,0.0,16
1,2021,2021081,7,Haas F1 Team,16,MSC,Mick Schumacher,47,#505050,56.0,490,70.175,70.175,0,0,70.16,0.030,-0.363,2.803,-1.764,16.0,-0.363,2.803,-1.764,16.0,-3.166,H,#A5AFB9,23,2.0,0,0,0.328,0,0,0,0,0.0,16
1,2021,2021081,7,Haas F1 Team,16,MSC,Mick Schumacher,47,#505050,57.0,491,70.005,70.005,0,0,70.09,0.170,-0.282,2.096,-1.330,16.0,-0.282,2.096,-1.330,16.0,-2.378,H,#A5AFB9,24,2.0,0,0,0.328,0,0,0,0,0.0,16
1,2021,2021081,7,Haas F1 Team,16,MSC,Mick Schumacher,47,#505050,58.0,492,70.211,70.211,0,0,70.108,0.206,-0.411,1.844,-1.333,16.0,-0.411,1.844,-1.333,16.0,-2.255,H,#A5AFB9,25,2.0,0,0,0.328,0,0,0,0,0.0,16
1,2021,2021081,7,Haas F1 Team,16,MSC,Mick Schumacher,47,#505050,59.0,493,70.256,70.256,0,0,70.233,0.045,-0.315,1.982,-1.306,16.0,-0.315,1.982,-1.306,16.0,-2.297,H,#A5AFB9,26,2.0,0,0,0.328,0,0,0,0,0.0,16
1,2021,2021081,7,Haas F1 Team,16,MSC,Mick Schumacher,47,#505050,60.0,494,70.485,70.485,0,0,70.37,0.229,-0.557,2.213,-1.663,16.0,-0.557,2.213,-1.663,16.0,-2.77,H,#A5AFB9,27,2.0,0,0,0.328,0,0,0,0,0.0,16
1,2021,2021081,7,Haas F1 Team,16,MSC,Mick Schumacher,47,#505050,61.0,495,72.079,70.282,1,0,70.383,1.594,-2.273,-0.073,-2.237,20.0,-0.476,1.724,-1.338,16.0,-2.2,H,#A5AFB9,28,2.0,0,0,0.328,0,0,0,0,0.0,16
1,2021,2021081,7,Haas F1 Team,16,MSC,Mick Schumacher,47,#505050,62.0,496,70.078,70.078,0,0,70.18,2.001,-0.254,1.865,-1.187,16.0,-0.254,1.865,-1.187,16.0,-2.119,H,#A5AFB9,29,2.0,0,0,0.328,0,0,0,0,0.0,16
1,2021,2021081,7,Haas F1 Team,16,MSC,Mick Schumacher,47,#505050,63.0,497,70.541,70.541,0,0,70.31,0.463,-0.755,2.758,-2.134,16.0,-0.755,1.498,-1.504,16.0,-3.513,H,#A5AFB9,30,2.0,0,0,0.328,0,0,0,0,0.0,16
1,2021,2021081,7,Haas F1 Team,16,MSC,Mick Schumacher,47,#505050,64.0,498,70.549,70.549,0,0,70.545,0.008,-0.816,1.587,-1.609,16.0,-0.816,1.587,-1.609,16.0,-2.403,H,#A5AFB9,31,2.0,0,0,0.328,0,0,0,0,0.0,16
1,2021,2021081,7,Haas F1 Team,16,MSC,Mick Schumacher,47,#505050,65.0,499,70.629,70.629,0,0,70.589,0.080,-0.736,2.165,-1.819,16.0,-0.736,2.165,-1.819,16.0,-2.901,H,#A5AFB9,32,2.0,0,0,0.328,0,0,0,0,0.0,16
1,2021,2021081,7,Haas F1 Team,16,MSC,Mick Schumacher,47,#505050,66.0,500,70.175,70.175,0,0,70.402,0.454,-0.149,2.922,-1.610,16.0,-0.149,2.922,-1.610,16.0,-3.071,H,#A5AFB9,33,2.0,0,0,0.328,0,0,0,0,0.0,16
1,2021,2021081,7,Haas F1 Team,16,MSC,Mick Schumacher,47,#505050,67.0,501,70.184,70.184,0,0,70.179,0.009,-0.36,1.437,-1.079,16.0,-0.360,1.437,-1.079,16.0,-1.797,H,#A5AFB9,34,2.0,0,0,0.328,0,0,0,0,0.0,16
1,2021,2021081,7,Haas F1 Team,16,MSC,Mick Schumacher,47,#505050,68.0,502,72.874,72.874,0,0,71.529,2.690,-2.912,-0.998,-2.413,20.0,-2.912,-0.998,-2.413,20.0,-1.914,H,#A5AFB9,35,2.0,0,0,0.328,0,0,0,0,0.0,16
1,2021,2021081,7,Haas F1 Team,16,MSC,Mick Schumacher,47,#505050,69.0,503,73.2,73.2,0,0,73.037,0.326,-3.21,-,-,-,-3.210,-,-,-,,H,#A5AFB9,36,2.0,0,0,0.328,0,0,0,0,0.0,16
1,2021,2021081,7,Haas F1 Team,20,MAZ,Nikita Mazepin,9,#505050,1.0,435,-,-,0,1,-,-,-,-,-,-,-,-,-,-,,M,#F0E628,1,1.0,0,0,0.204,0,0,0,0,,16
1,2021,2021081,7,Haas F1 Team,20,MAZ,Nikita Mazepin,9,#505050,2.0,436,-,-,0,1,-,-,-,-,-,-,-,-,-,-,,M,#F0E628,2,1.0,0,0,0.204,0,0,0,0,0.0,15
1,2021,2021081,7,Haas F1 Team,20,MAZ,Nikita Mazepin,9,#505050,3.0,437,73.473,73.473,0,0,-,-,-1.661,-0.625,-1.974,20.0,-1.661,-0.625,-1.974,20.0,-2.286,M,#F0E628,3,1.0,0,0,0.204,0,0,0,0,0.0,15
1,2021,2021081,7,Haas F1 Team,20,MAZ,Nikita Mazepin,9,#505050,4.0,438,72.839,72.839,0,0,73.156,0.634,2.199,0.566,2.482,16.0,2.199,0.566,2.482,16.0,2.765,M,#F0E628,4,1.0,0,0,0.204,0,0,0,0,0.0,15
1,2021,2021081,7,Haas F1 Team,20,MAZ,Nikita Mazepin,9,#505050,5.0,439,71.994,71.994,0,0,72.416,0.845,-0.792,-0.189,-0.887,20.0,-0.792,-0.189,-0.887,20.0,-0.981,M,#F0E628,5,1.0,0,0,0.204,0,0,0,0,-1.0,16
1,2021,2021081,7,Haas F1 Team,20,MAZ,Nikita Mazepin,9,#505050,6.0,440,72.17,72.17,0,0,72.082,0.176,-0.858,-0.109,-0.912,20.0,-0.858,-0.109,-0.912,20.0,-0.967,M,#F0E628,6,1.0,0,0,0.204,0,0,0,0,0.0,16
1,2021,2021081,7,Haas F1 Team,20,MAZ,Nikita Mazepin,9,#505050,7.0,441,72.229,72.229,0,0,72.2,0.059,-0.873,-0.024,-0.885,20.0,-0.873,-0.024,-0.885,20.0,-0.897,M,#F0E628,7,1.0,0,0,0.204,0,0,0,0,0.0,16
1,2021,2021081,7,Haas F1 Team,20,MAZ,Nikita Mazepin,9,#505050,8.0,442,72.528,72.528,0,0,72.378,0.299,-1.105,0.035,-1.087,16.0,-1.105,0.035,-1.087,16.0,-1.07,M,#F0E628,8,1.0,0,0,0.204,0,0,0,0,0.0,16
1,2021,2021081,7,Haas F1 Team,20,MAZ,Nikita Mazepin,9,#505050,9.0,443,72.227,72.227,0,0,72.378,0.301,-0.806,-0.263,-0.938,20.0,-0.806,-0.263,-0.938,20.0,-1.069,M,#F0E628,9,1.0,0,0,0.204,0,0,0,0,0.0,16
1,2021,2021081,7,Haas F1 Team,20,MAZ,Nikita Mazepin,9,#505050,10.0,444,72.539,72.539,0,0,72.383,0.312,-1.039,-0.088,-1.083,20.0,-1.039,-0.088,-1.083,20.0,-1.127,M,#F0E628,10,1.0,0,0,0.204,0,0,0,0,0.0,16
1,2021,2021081,7,Haas F1 Team,20,MAZ,Nikita Mazepin,9,#505050,11.0,445,72.247,72.247,0,0,72.393,0.292,-0.826,-0.319,-0.986,20.0,-0.826,-0.319,-0.986,20.0,-1.145,M,#F0E628,11,1.0,0,1,0.204,0,0,0,0,0.0,16
1,2021,2021081,7,Haas F1 Team,20,MAZ,Nikita Mazepin,9,#505050,12.0,446,72.513,72.513,0,0,72.38,0.266,-1.134,-0.005,-1.136,20.0,-1.134,-0.005,-1.136,20.0,-1.139,M,#F0E628,12,1.0,0,0,0.204,0,0,0,0,0.0,16
1,2021,2021081,7,Haas F1 Team,20,MAZ,Nikita Mazepin,9,#505050,13.0,447,72.594,72.594,0,0,72.554,0.081,-1.242,-0.616,-1.550,20.0,-1.242,0.073,-1.206,16.0,-1.858,M,#F0E628,13,1.0,0,0,0.204,0,0,0,0,0.0,16
1,2021,2021081,7,Haas F1 Team,20,MAZ,Nikita Mazepin,9,#505050,14.0,448,73.407,72.642,1,0,72.618,0.813,-2.111,0.883,-1.670,16.0,-1.346,0.118,-1.287,16.0,-1.228,M,#F0E628,14,1.0,0,0,0.204,0,0,0,0,-1.0,17
1,2021,2021081,7,Haas F1 Team,20,MAZ,Nikita Mazepin,9,#505050,15.0,449,72.691,72.691,0,0,72.667,0.716,-1.39,0.279,-1.250,16.0,-1.390,0.279,-1.250,16.0,-1.111,M,#F0E628,15,1.0,0,0,0.204,0,0,0,0,0.0,17
1,2021,2021081,7,Haas F1 Team,20,MAZ,Nikita Mazepin,9,#505050,16.0,450,72.308,72.308,0,0,72.5,0.383,-1.041,-0.123,-1.103,20.0,-1.041,-0.123,-1.103,20.0,-1.164,M,#F0E628,16,1.0,0,0,0.204,0,0,0,0,0.0,17
1,2021,2021081,7,Haas F1 Team,20,MAZ,Nikita Mazepin,9,#505050,17.0,451,72.459,72.459,0,0,72.384,0.151,-1.122,-0.054,-1.149,20.0,-1.122,-0.054,-1.149,20.0,-1.176,M,#F0E628,17,1.0,0,0,0.204,0,0,0,0,0.0,17
1,2021,2021081,7,Haas F1 Team,20,MAZ,Nikita Mazepin,9,#505050,18.0,452,72.659,72.659,0,0,72.559,0.200,-1.306,0.387,-1.113,16.0,-1.306,0.387,-1.113,16.0,-0.919,M,#F0E628,18,1.0,0,0,0.204,0,0,0,0,0.0,17
1,2021,2021081,7,Haas F1 Team,20,MAZ,Nikita Mazepin,9,#505050,19.0,453,73.208,72.545,1,0,72.602,0.549,-1.858,-0.021,-1.869,20.0,-1.195,0.226,-1.082,16.0,-1.879,M,#F0E628,19,1.0,0,0,0.204,0,0,0,0,0.0,17
1,2021,2021081,7,Haas F1 Team,20,MAZ,Nikita Mazepin,9,#505050,20.0,454,72.431,72.431,0,0,72.488,0.777,-1.247,0.065,-1.214,16.0,-1.247,0.065,-1.214,16.0,-1.182,M,#F0E628,20,1.0,0,0,0.204,0,0,0,0,0.0,17
1,2021,2021081,7,Haas F1 Team,20,MAZ,Nikita Mazepin,9,#505050,21.0,455,-,-,0,1,-,-,-,-,-,-,-,-,-,-,-1.621,M,#F0E628,21,1.0,1,0,0.204,0,0,0,0,0.0,18
1,2021,2021081,7,Haas F1 Team,20,MAZ,Nikita Mazepin,9,#505050,22.0,456,-,-,0,1,-,-,-,-,-,-,-,-,-,-,-0.424,H,#A5AFB9,1,2.0,0,0,0.377,0,0,0,0,0.0,18
1,2021,2021081,7,Haas F1 Team,20,MAZ,Nikita Mazepin,9,#505050,23.0,457,72.879,72.879,0,0,-,-,-1.865,-0.779,-2.255,20.0,-1.865,1.221,-1.254,16.0,-2.644,H,#A5AFB9,2,2.0,0,0,0.377,0,0,0,0,0.0,18
1,2021,2021081,7,Haas F1 Team,20,MAZ,Nikita Mazepin,9,#505050,24.0,458,72.036,72.036,0,0,72.458,0.843,-0.98,0.175,-0.893,16.0,-0.980,0.175,-0.893,16.0,-0.805,H,#A5AFB9,3,2.0,0,0,0.377,0,0,0,0,0.0,18
1,2021,2021081,7,Haas F1 Team,20,MAZ,Nikita Mazepin,9,#505050,25.0,459,71.702,71.702,0,0,71.869,0.334,-0.6,-2.476,-1.838,20.0,-0.600,-0.644,-0.922,20.0,-3.076,H,#A5AFB9,4,2.0,0,0,0.377,0,0,0,0,0.0,18
1,2021,2021081,7,Haas F1 Team,20,MAZ,Nikita Mazepin,9,#505050,26.0,460,71.943,71.943,0,0,71.822,0.241,-0.794,-0.887,-1.238,20.0,-0.794,-0.887,-1.238,20.0,-1.681,H,#A5AFB9,5,2.0,0,0,0.377,0,0,0,0,0.0,18
1,2021,2021081,7,Haas F1 Team,20,MAZ,Nikita Mazepin,9,#505050,27.0,461,71.804,71.804,0,0,71.874,0.139,-0.576,-0.015,-0.583,20.0,-0.576,-0.015,-0.583,20.0,-0.591,H,#A5AFB9,6,2.0,0,0,0.377,0,0,0,0,0.0,17
1,2021,2021081,7,Haas F1 Team,20,MAZ,Nikita Mazepin,9,#505050,28.0,462,71.708,71.708,0,0,71.756,0.096,-0.586,0.035,-0.569,16.0,-0.586,0.035,-0.569,16.0,-0.551,H,#A5AFB9,7,2.0,0,0,0.377,0,0,0,0,0.0,17
1,2021,2021081,7,Haas F1 Team,20,MAZ,Nikita Mazepin,9,#505050,29.0,463,71.417,71.417,0,0,71.562,0.291,-0.781,-0.414,-0.988,20.0,-0.781,-0.414,-0.988,20.0,-1.195,H,#A5AFB9,8,2.0,0,0,0.377,0,0,0,0,0.0,17
1,2021,2021081,7,Haas F1 Team,20,MAZ,Nikita Mazepin,9,#505050,30.0,464,71.611,71.611,0,0,71.514,0.194,-1.097,-1.144,-1.669,20.0,-1.097,-0.218,-1.206,20.0,-2.241,H,#A5AFB9,9,2.0,0,0,0.377,0,0,0,0,0.0,17
1,2021,2021081,7,Haas F1 Team,20,MAZ,Nikita Mazepin,9,#505050,31.0,465,71.479,71.479,0,0,71.545,0.132,-1.101,-0.347,-1.274,20.0,-1.101,-0.347,-1.274,20.0,-1.448,H,#A5AFB9,10,2.0,0,0,0.377,0,0,0,0,0.0,17
1,2021,2021081,7,Haas F1 Team,20,MAZ,Nikita Mazepin,9,#505050,32.0,466,72.583,71.85,1,0,71.664,1.104,-2.15,-0.120,-2.210,20.0,-1.417,-0.853,-1.843,20.0,-2.27,H,#A5AFB9,11,2.0,0,0,0.377,0,0,0,0,0.0,17
1,2021,2021081,7,Haas F1 Team,20,MAZ,Nikita Mazepin,9,#505050,33.0,467,72.22,72.22,0,0,72.035,0.363,-1.862,-,-,-,-1.862,-,-,-,,H,#A5AFB9,12,2.0,0,0,0.377,0,0,0,0,0.0,17
1,2021,2021081,7,Haas F1 Team,20,MAZ,Nikita Mazepin,9,#505050,34.0,468,71.297,71.297,0,0,71.758,0.923,-1.169,-,-,-,-1.169,-,-,-,,H,#A5AFB9,13,2.0,0,0,0.377,0,0,0,0,0.0,16
1,2021,2021081,7,Haas F1 Team,20,MAZ,Nikita Mazepin,9,#505050,35.0,469,71.324,71.324,0,0,71.31,0.027,-1.134,0.953,-0.657,16.0,-1.134,0.953,-0.657,16.0,-0.181,H,#A5AFB9,14,2.0,0,0,0.377,0,0,0,0,0.0,16
1,2021,2021081,7,Haas F1 Team,20,MAZ,Nikita Mazepin,9,#505050,36.0,470,71.258,71.258,0,0,71.291,0.066,-1.142,0.864,-0.710,16.0,-1.142,0.864,-0.710,16.0,-0.278,H,#A5AFB9,15,2.0,0,0,0.377,0,0,0,0,0.0,16
1,2021,2021081,7,Haas F1 Team,20,MAZ,Nikita Mazepin,9,#505050,37.0,471,71.156,71.156,0,0,71.207,0.102,-1.142,0.603,-0.841,16.0,-1.142,0.603,-0.841,16.0,-0.539,H,#A5AFB9,16,2.0,0,0,0.377,0,0,0,0,0.0,16
1,2021,2021081,7,Haas F1 Team,20,MAZ,Nikita Mazepin,9,#505050,38.0,472,71.172,71.172,0,0,71.164,0.016,-1.22,0.175,-1.132,16.0,-1.220,0.561,-0.940,16.0,-1.045,H,#A5AFB9,17,2.0,0,0,0.377,0,0,0,0,0.0,16
1,2021,2021081,7,Haas F1 Team,20,MAZ,Nikita Mazepin,9,#505050,39.0,473,70.951,70.951,0,0,71.062,0.221,-1.101,0.281,-0.961,16.0,-1.101,0.281,-0.961,16.0,-0.82,H,#A5AFB9,18,2.0,0,0,0.377,0,0,0,0,0.0,16
1,2021,2021081,7,Haas F1 Team,20,MAZ,Nikita Mazepin,9,#505050,40.0,474,71.075,71.075,0,0,71.013,0.124,-1.257,0.316,-1.099,16.0,-1.257,0.316,-1.099,16.0,-0.941,H,#A5AFB9,19,2.0,0,0,0.377,0,0,0,0,0.0,16
1,2021,2021081,7,Haas F1 Team,20,MAZ,Nikita Mazepin,9,#505050,41.0,475,73.241,71.444,1,0,71.259,2.166,-3.472,2.313,-2.316,16.0,-1.675,0.516,-1.417,16.0,-1.159,H,#A5AFB9,20,2.0,0,0,0.377,0,0,0,0,-1.0,17
1,2021,2021081,7,Haas F1 Team,20,MAZ,Nikita Mazepin,9,#505050,42.0,476,71.812,71.812,0,0,71.628,1.429,-1.966,1.008,-1.462,16.0,-1.966,1.008,-1.462,16.0,-0.958,H,#A5AFB9,21,2.0,0,0,0.377,0,0,0,0,0.0,17
1,2021,2021081,7,Haas F1 Team,20,MAZ,Nikita Mazepin,9,#505050,43.0,477,71.458,71.458,0,0,71.635,0.354,-1.656,0.613,-1.349,16.0,-1.656,0.613,-1.349,16.0,-1.043,H,#A5AFB9,22,2.0,0,0,0.377,0,0,0,0,0.0,17
1,2021,2021081,7,Haas F1 Team,20,MAZ,Nikita Mazepin,9,#505050,44.0,478,71.283,71.283,0,0,71.37,0.175,-1.501,0.476,-1.263,16.0,-1.501,0.476,-1.263,16.0,-1.025,H,#A5AFB9,23,2.0,0,0,0.377,0,0,0,0,0.0,17
1,2021,2021081,7,Haas F1 Team,20,MAZ,Nikita Mazepin,9,#505050,45.0,479,71.37,71.37,0,0,71.327,0.087,-1.566,0.330,-1.401,16.0,-1.566,0.330,-1.401,16.0,-1.236,H,#A5AFB9,24,2.0,0,1,0.377,0,0,0,0,0.0,17
1,2021,2021081,7,Haas F1 Team,20,MAZ,Nikita Mazepin,9,#505050,46.0,480,72.175,71.565,1,0,71.468,0.805,-2.247,0.958,-1.768,16.0,-1.637,0.348,-1.463,16.0,-1.289,H,#A5AFB9,25,2.0,0,0,0.377,0,0,0,0,0.0,17
1,2021,2021081,7,Haas F1 Team,20,MAZ,Nikita Mazepin,9,#505050,47.0,481,71.76,71.76,0,0,71.662,0.415,-1.879,0.625,-1.567,16.0,-1.879,0.625,-1.567,16.0,-1.254,H,#A5AFB9,26,2.0,0,0,0.377,0,0,0,0,0.0,17
1,2021,2021081,7,Haas F1 Team,20,MAZ,Nikita Mazepin,9,#505050,48.0,482,72.311,72.311,0,0,72.036,0.551,-2.409,-0.905,-2.861,20.0,-2.409,0.457,-2.180,16.0,-3.314,H,#A5AFB9,27,2.0,0,0,0.377,0,0,0,0,0.0,17
1,2021,2021081,7,Haas F1 Team,20,MAZ,Nikita Mazepin,9,#505050,49.0,483,71.892,71.892,0,0,72.102,0.419,-1.96,-0.681,-2.300,20.0,-1.960,-0.681,-2.300,20.0,-2.641,H,#A5AFB9,28,2.0,0,0,0.377,0,0,0,0,0.0,17
1,2021,2021081,7,Haas F1 Team,20,MAZ,Nikita Mazepin,9,#505050,50.0,484,73.478,72.126,1,0,72.009,1.586,-3.537,2.420,-2.327,16.0,-2.185,1.068,-1.651,16.0,-1.117,H,#A5AFB9,29,2.0,0,0,0.377,0,0,0,0,0.0,17
1,2021,2021081,7,Haas F1 Team,20,MAZ,Nikita Mazepin,9,#505050,51.0,485,72.36,72.36,0,0,72.243,1.118,-2.39,-0.563,-2.671,20.0,-2.390,0.468,-2.156,16.0,-2.953,H,#A5AFB9,30,2.0,0,0,0.377,0,0,0,0,0.0,17
1,2021,2021081,7,Haas F1 Team,20,MAZ,Nikita Mazepin,9,#505050,52.0,486,71.949,71.949,0,0,72.154,0.411,-1.927,-0.778,-2.316,20.0,-1.927,-0.778,-2.316,20.0,-2.705,H,#A5AFB9,31,2.0,0,0,0.377,0,0,0,0,0.0,17
1,2021,2021081,7,Haas F1 Team,20,MAZ,Nikita Mazepin,9,#505050,53.0,487,73.812,73.812,0,0,72.88,1.863,-3.676,3.121,-2.115,16.0,-3.676,3.121,-2.115,16.0,-0.555,H,#A5AFB9,32,2.0,0,0,0.377,0,0,0,0,0.0,17
1,2021,2021081,7,Haas F1 Team,20,MAZ,Nikita Mazepin,9,#505050,54.0,488,76.211,74.642,1,0,74.227,2.399,-6.001,6.042,-2.980,16.0,-4.431,4.472,-2.195,16.0,0.041,H,#A5AFB9,33,2.0,0,0,0.377,0,0,0,0,0.0,17
1,2021,2021081,7,Haas F1 Team,20,MAZ,Nikita Mazepin,9,#505050,55.0,489,75.471,75.471,0,0,75.056,0.740,-5.312,5.326,-2.649,16.0,-5.312,5.326,-2.649,16.0,0.014,H,#A5AFB9,34,2.0,0,0,0.377,0,0,0,0,0.0,17
1,2021,2021081,7,Haas F1 Team,20,MAZ,Nikita Mazepin,9,#505050,56.0,490,72.978,72.978,0,0,74.224,2.493,-3.166,2.803,-1.764,16.0,-3.166,2.803,-1.764,16.0,-0.363,H,#A5AFB9,35,2.0,0,0,0.377,0,0,0,0,0.0,17
1,2021,2021081,7,Haas F1 Team,20,MAZ,Nikita Mazepin,9,#505050,57.0,491,72.101,72.101,0,0,72.54,0.877,-2.378,2.096,-1.330,16.0,-2.378,2.096,-1.330,16.0,-0.282,H,#A5AFB9,36,2.0,0,0,0.377,0,0,0,0,0.0,17
1,2021,2021081,7,Haas F1 Team,20,MAZ,Nikita Mazepin,9,#505050,58.0,492,72.055,72.055,0,0,72.078,0.046,-2.255,1.844,-1.333,16.0,-2.255,1.844,-1.333,16.0,-0.411,H,#A5AFB9,37,2.0,0,0,0.377,0,0,0,0,0.0,17
1,2021,2021081,7,Haas F1 Team,20,MAZ,Nikita Mazepin,9,#505050,59.0,493,72.238,72.238,0,0,72.146,0.183,-2.297,1.982,-1.306,16.0,-2.297,1.982,-1.306,16.0,-0.315,H,#A5AFB9,38,2.0,0,0,0.377,0,0,0,0,0.0,17
1,2021,2021081,7,Haas F1 Team,20,MAZ,Nikita Mazepin,9,#505050,60.0,494,72.698,72.698,0,0,72.468,0.460,-2.77,2.213,-1.663,16.0,-2.770,2.213,-1.663,16.0,-0.557,H,#A5AFB9,39,2.0,0,0,0.377,0,0,0,0,0.0,17
1,2021,2021081,7,Haas F1 Team,20,MAZ,Nikita Mazepin,9,#505050,61.0,495,72.006,72.006,0,0,72.352,0.692,-2.2,-0.073,-2.237,20.0,-2.200,1.724,-1.338,16.0,-2.273,H,#A5AFB9,40,2.0,0,0,0.377,0,0,0,0,0.0,17
1,2021,2021081,7,Haas F1 Team,20,MAZ,Nikita Mazepin,9,#505050,62.0,496,71.943,71.943,0,0,71.974,0.063,-2.119,1.865,-1.187,16.0,-2.119,1.865,-1.187,16.0,-0.254,H,#A5AFB9,41,2.0,0,0,0.377,0,0,0,0,0.0,17
1,2021,2021081,7,Haas F1 Team,20,MAZ,Nikita Mazepin,9,#505050,63.0,497,73.299,72.04,1,0,71.991,1.356,-3.513,2.758,-2.134,16.0,-2.253,1.498,-1.504,16.0,-0.755,H,#A5AFB9,42,2.0,0,0,0.377,0,0,0,0,-1.0,18
1,2021,2021081,7,Haas F1 Team,20,MAZ,Nikita Mazepin,9,#505050,64.0,498,72.136,72.136,0,0,72.088,1.163,-2.403,1.587,-1.609,16.0,-2.403,1.587,-1.609,16.0,-0.816,H,#A5AFB9,43,2.0,0,0,0.377,0,0,0,0,0.0,18
1,2021,2021081,7,Haas F1 Team,20,MAZ,Nikita Mazepin,9,#505050,65.0,499,72.794,72.794,0,0,72.465,0.658,-2.901,2.165,-1.819,16.0,-2.901,2.165,-1.819,16.0,-0.736,H,#A5AFB9,44,2.0,0,0,0.377,0,0,0,0,0.0,18
1,2021,2021081,7,Haas F1 Team,20,MAZ,Nikita Mazepin,9,#505050,66.0,500,73.097,73.097,0,0,72.946,0.303,-3.071,2.922,-1.610,16.0,-3.071,2.922,-1.610,16.0,-0.149,H,#A5AFB9,45,2.0,0,0,0.377,0,0,0,0,0.0,18
1,2021,2021081,7,Haas F1 Team,20,MAZ,Nikita Mazepin,9,#505050,67.0,501,71.621,71.621,0,0,72.359,1.476,-1.797,1.437,-1.079,16.0,-1.797,1.437,-1.079,16.0,-0.36,H,#A5AFB9,46,2.0,0,0,0.377,0,0,0,0,0.0,18
1,2021,2021081,7,Haas F1 Team,20,MAZ,Nikita Mazepin,9,#505050,68.0,502,71.876,71.876,0,0,71.748,0.255,-1.914,-0.998,-2.413,20.0,-1.914,-0.998,-2.413,20.0,-2.912,H,#A5AFB9,47,2.0,0,0,0.377,0,0,0,0,0.0,18
1,2021,2021091,8,Haas F1 Team,16,MSC,Mick Schumacher,47,#505050,1.0,506,-,-,0,1,-,-,-,-,-,-,-,-,-,-,,M,#F0E628,1,1.0,0,0,0.269,0,1,0,0,,17
1,2021,2021091,8,Haas F1 Team,16,MSC,Mick Schumacher,47,#505050,2.0,507,-,-,0,1,-,-,-,-,-,-,-,-,-,-,,M,#F0E628,2,1.0,0,0,0.269,0,0,0,0,0.0,16
1,2021,2021091,8,Haas F1 Team,16,MSC,Mick Schumacher,47,#505050,3.0,508,-,-,0,1,-,-,-,-,-,-,-,-,-,-,,M,#F0E628,3,1.0,0,0,0.269,1,0,0,0,0.0,16
1,2021,2021091,8,Haas F1 Team,16,MSC,Mick Schumacher,47,#505050,4.0,509,-,-,0,1,-,-,-,-,-,-,-,-,-,-,,M,#F0E628,4,1.0,0,0,0.269,0,0,0,0,0.0,16
1,2021,2021091,8,Haas F1 Team,16,MSC,Mick Schumacher,47,#505050,5.0,510,73.96,73.96,0,0,-,-,-2.067,-0.769,-1.683,20.0,-2.067,-0.769,-1.683,20.0,-1.298,M,#F0E628,5,1.0,0,0,0.269,0,0,0,0,-1.0,17
1,2021,2021091,8,Haas F1 Team,16,MSC,Mick Schumacher,47,#505050,6.0,511,73.518,73.518,0,0,73.739,0.442,-2.029,-0.280,-1.889,20.0,-2.029,-0.280,-1.889,20.0,-1.749,M,#F0E628,6,1.0,0,0,0.269,0,0,0,0,-1.0,18
1,2021,2021091,8,Haas F1 Team,16,MSC,Mick Schumacher,47,#505050,7.0,512,71.72,71.72,0,0,72.619,1.798,-0.883,0.566,-1.166,16.0,-0.883,0.566,-1.166,16.0,-1.449,M,#F0E628,7,1.0,0,0,0.269,0,0,0,0,0.0,18
1,2021,2021091,8,Haas F1 Team,16,MSC,Mick Schumacher,47,#505050,8.0,513,71.95,71.95,0,0,71.835,0.230,-1.019,0.130,-1.084,16.0,-1.019,0.130,-1.084,16.0,-1.149,M,#F0E628,8,1.0,0,0,0.269,0,0,0,0,0.0,18
1,2021,2021091,8,Haas F1 Team,16,MSC,Mick Schumacher,47,#505050,9.0,514,71.686,71.686,0,0,71.818,0.264,-0.747,0.315,-0.904,16.0,-0.747,0.315,-0.904,16.0,-1.062,M,#F0E628,9,1.0,0,0,0.269,0,0,0,0,0.0,18
1,2021,2021091,8,Haas F1 Team,16,MSC,Mick Schumacher,47,#505050,10.0,515,71.89,71.89,0,0,71.788,0.204,-0.864,-0.129,-0.799,20.0,-0.864,-0.129,-0.799,20.0,-0.735,M,#F0E628,10,1.0,0,0,0.269,0,0,0,0,0.0,18
1,2021,2021091,8,Haas F1 Team,16,MSC,Mick Schumacher,47,#505050,11.0,516,71.747,71.747,0,0,71.818,0.143,-0.742,0.465,-0.975,16.0,-0.742,0.465,-0.975,16.0,-1.207,M,#F0E628,11,1.0,0,0,0.269,0,0,0,0,0.0,18
1,2021,2021091,8,Haas F1 Team,16,MSC,Mick Schumacher,47,#505050,12.0,517,71.958,71.958,0,0,71.852,0.211,-0.996,0.008,-1.000,16.0,-0.996,0.008,-1.000,16.0,-1.004,M,#F0E628,12,1.0,0,0,0.269,0,0,0,0,0.0,18
1,2021,2021091,8,Haas F1 Team,16,MSC,Mick Schumacher,47,#505050,13.0,518,71.782,71.782,0,0,71.87,0.176,-0.721,0.112,-0.777,16.0,-0.721,0.112,-0.777,16.0,-0.833,M,#F0E628,13,1.0,0,0,0.269,0,0,0,0,0.0,17
1,2021,2021091,8,Haas F1 Team,16,MSC,Mick Schumacher,47,#505050,14.0,519,71.964,71.964,0,0,71.873,0.182,-0.942,0.018,-0.951,16.0,-0.942,0.018,-0.951,16.0,-0.96,M,#F0E628,14,1.0,0,0,0.269,0,0,0,0,0.0,16
1,2021,2021091,8,Haas F1 Team,16,MSC,Mick Schumacher,47,#505050,15.0,520,71.885,71.885,0,0,71.924,0.079,-1.091,-0.087,-1.048,20.0,-1.091,-0.087,-1.048,20.0,-1.004,M,#F0E628,15,1.0,0,0,0.269,0,0,0,0,0.0,15
1,2021,2021091,8,Haas F1 Team,16,MSC,Mick Schumacher,47,#505050,16.0,521,71.841,71.841,0,0,71.863,0.044,-1.098,1.015,-1.605,16.0,-1.098,1.015,-1.605,16.0,-2.113,M,#F0E628,16,1.0,0,0,0.269,0,0,0,0,0.0,15
1,2021,2021091,8,Haas F1 Team,16,MSC,Mick Schumacher,47,#505050,17.0,522,71.533,71.533,0,0,71.687,0.308,-0.845,1.428,-1.559,16.0,-0.845,1.428,-1.559,16.0,-2.273,M,#F0E628,17,1.0,0,0,0.269,0,0,0,0,0.0,15
1,2021,2021091,8,Haas F1 Team,16,MSC,Mick Schumacher,47,#505050,18.0,523,72.739,72.134,1,0,71.833,1.206,-2.142,0.813,-2.549,16.0,-1.537,0.511,-1.792,16.0,-2.955,M,#F0E628,18,1.0,0,0,0.269,0,0,0,0,-1.0,15
1,2021,2021091,8,Haas F1 Team,16,MSC,Mick Schumacher,47,#505050,19.0,524,72.734,72.734,0,0,72.434,0.005,-2.041,-0.405,-1.839,20.0,-2.041,-0.405,-1.839,20.0,-1.636,M,#F0E628,19,1.0,0,1,0.269,0,0,0,0,-1.0,16
1,2021,2021091,8,Haas F1 Team,16,MSC,Mick Schumacher,47,#505050,20.0,525,72.489,72.489,0,0,72.612,0.245,-1.822,-0.523,-1.560,20.0,-1.822,-0.523,-1.560,20.0,-1.299,M,#F0E628,20,1.0,0,0,0.269,0,0,0,0,-1.0,17
1,2021,2021091,8,Haas F1 Team,16,MSC,Mick Schumacher,47,#505050,21.0,526,72.715,72.715,0,0,72.602,0.226,-2.18,-0.548,-1.906,20.0,-2.180,-0.548,-1.906,20.0,-1.632,M,#F0E628,21,1.0,0,0,0.269,0,0,0,0,-1.0,18
1,2021,2021091,8,Haas F1 Team,16,MSC,Mick Schumacher,47,#505050,22.0,527,71.661,71.661,0,0,72.188,1.054,-1.156,0.234,-1.273,16.0,-1.156,0.234,-1.273,16.0,-1.39,M,#F0E628,22,1.0,0,0,0.269,0,0,0,0,0.0,18
1,2021,2021091,8,Haas F1 Team,16,MSC,Mick Schumacher,47,#505050,23.0,528,71.54,71.54,0,0,71.601,0.121,-1.089,0.695,-1.437,16.0,-1.089,0.695,-1.437,16.0,-1.784,M,#F0E628,23,1.0,0,0,0.269,0,0,0,0,0.0,18
1,2021,2021091,8,Haas F1 Team,16,MSC,Mick Schumacher,47,#505050,24.0,529,71.391,71.391,0,0,71.466,0.149,-0.934,1.305,-1.587,16.0,-0.934,1.305,-1.587,16.0,-2.239,M,#F0E628,24,1.0,0,0,0.269,0,0,0,0,0.0,18
1,2021,2021091,8,Haas F1 Team,16,MSC,Mick Schumacher,47,#505050,25.0,530,73.231,71.235,1,0,71.313,1.840,-2.941,-1.427,-2.228,20.0,-0.945,0.569,-1.230,16.0,-1.514,M,#F0E628,25,1.0,0,0,0.269,0,0,0,0,0.0,18
1,2021,2021091,8,Haas F1 Team,16,MSC,Mick Schumacher,47,#505050,26.0,531,71.079,71.079,0,0,71.157,2.152,-0.789,0.640,-1.109,16.0,-0.789,0.640,-1.109,16.0,-1.429,M,#F0E628,26,1.0,0,0,0.269,0,0,0,0,0.0,18
1,2021,2021091,8,Haas F1 Team,16,MSC,Mick Schumacher,47,#505050,27.0,532,71.521,70.974,1,0,71.026,0.442,-1.241,-,-,-,-0.694,-,-,-,,M,#F0E628,27,1.0,0,0,0.269,0,0,0,0,0.0,18
1,2021,2021091,8,Haas F1 Team,16,MSC,Mick Schumacher,47,#505050,28.0,533,70.868,70.868,0,0,70.921,0.653,-0.541,-,-,-,-0.541,-,-,-,,M,#F0E628,28,1.0,0,0,0.269,0,0,0,0,0.0,18
1,2021,2021091,8,Haas F1 Team,16,MSC,Mick Schumacher,47,#505050,29.0,534,71.094,71.094,0,0,70.981,0.226,-0.706,-0.193,-0.609,20.0,-0.706,-0.193,-0.609,20.0,-0.513,M,#F0E628,29,1.0,0,0,0.269,0,0,0,0,0.0,18
1,2021,2021091,8,Haas F1 Team,16,MSC,Mick Schumacher,47,#505050,30.0,535,71.553,71.274,1,0,71.184,0.459,-1.151,-0.715,-0.793,20.0,-0.872,-0.436,-0.654,20.0,-0.436,M,#F0E628,30,1.0,0,0,0.269,0,0,0,0,0.0,17
1,2021,2021091,8,Haas F1 Team,16,MSC,Mick Schumacher,47,#505050,31.0,536,71.455,71.455,0,0,71.365,0.098,-1.007,0.942,-1.478,16.0,-1.007,0.942,-1.478,16.0,-1.949,M,#F0E628,31,1.0,0,0,0.269,0,0,0,0,0.0,17
1,2021,2021091,8,Haas F1 Team,16,MSC,Mick Schumacher,47,#505050,32.0,537,70.954,70.954,0,0,71.204,0.501,-0.742,1.488,-1.486,16.0,-0.742,1.488,-1.486,16.0,-2.23,M,#F0E628,32,1.0,0,0,0.269,0,0,0,0,0.0,17
1,2021,2021091,8,Haas F1 Team,16,MSC,Mick Schumacher,47,#505050,33.0,538,70.93,70.93,0,0,70.942,0.024,-1.072,-0.203,-0.971,20.0,-1.072,-0.203,-0.971,20.0,-0.869,M,#F0E628,33,1.0,0,0,0.269,0,0,0,0,0.0,17
1,2021,2021091,8,Haas F1 Team,16,MSC,Mick Schumacher,47,#505050,34.0,539,-,-,0,1,-,-,-,-,-,-,-,-,-,-,-1.59,M,#F0E628,34,1.0,1,0,0.269,0,0,0,0,0.0,16
1,2021,2021091,8,Haas F1 Team,16,MSC,Mick Schumacher,47,#505050,35.0,540,-,-,0,1,-,-,-,-,-,-,-,-,-,-,-1.403,H,#A5AFB9,1,2.0,0,0,0.445,0,0,0,0,0.0,18
1,2021,2021091,8,Haas F1 Team,16,MSC,Mick Schumacher,47,#505050,36.0,541,70.303,70.303,0,0,-,-,-0.58,0.795,-0.978,16.0,-0.580,0.795,-0.978,16.0,-1.375,H,#A5AFB9,2,2.0,0,0,0.445,0,0,0,0,0.0,18
1,2021,2021091,8,Haas F1 Team,16,MSC,Mick Schumacher,47,#505050,37.0,542,69.76,69.76,0,0,70.032,0.543,-0.098,2.499,-1.347,16.0,-0.098,1.227,-0.712,16.0,-2.597,H,#A5AFB9,3,2.0,0,0,0.445,0,0,0,0,0.0,18
1,2021,2021091,8,Haas F1 Team,16,MSC,Mick Schumacher,47,#505050,38.0,543,70.038,70.038,0,0,69.899,0.278,-0.419,0.839,-0.839,16.0,-0.419,0.839,-0.839,16.0,-1.258,H,#A5AFB9,4,2.0,0,0,0.445,0,0,0,0,0.0,18
1,2021,2021091,8,Haas F1 Team,16,MSC,Mick Schumacher,47,#505050,39.0,544,70.344,70.344,0,0,70.191,0.306,-0.589,0.713,-0.946,16.0,-0.589,0.713,-0.946,16.0,-1.302,H,#A5AFB9,5,2.0,0,0,0.445,0,0,0,0,0.0,18
1,2021,2021091,8,Haas F1 Team,16,MSC,Mick Schumacher,47,#505050,40.0,545,70.29,70.29,0,0,70.317,0.054,-0.551,0.558,-0.830,16.0,-0.551,0.558,-0.830,16.0,-1.109,H,#A5AFB9,6,2.0,0,0,0.445,0,0,0,0,0.0,18
1,2021,2021091,8,Haas F1 Team,16,MSC,Mick Schumacher,47,#505050,41.0,546,70.08,70.08,0,0,70.185,0.210,-0.425,0.936,-0.893,16.0,-0.425,0.936,-0.893,16.0,-1.361,H,#A5AFB9,7,2.0,0,0,0.445,0,0,0,0,0.0,18
1,2021,2021091,8,Haas F1 Team,16,MSC,Mick Schumacher,47,#505050,42.0,547,70.465,70.252,1,0,70.166,0.385,-0.786,0.458,-1.015,16.0,-0.572,0.672,-0.908,16.0,-1.244,H,#A5AFB9,8,2.0,0,0,0.445,0,0,0,0,0.0,18
1,2021,2021091,8,Haas F1 Team,16,MSC,Mick Schumacher,47,#505050,43.0,548,70.423,70.423,0,0,70.337,0.042,-0.693,0.761,-1.073,16.0,-0.693,0.761,-1.073,16.0,-1.454,H,#A5AFB9,9,2.0,0,0,0.445,0,0,0,0,0.0,18
1,2021,2021091,8,Haas F1 Team,16,MSC,Mick Schumacher,47,#505050,44.0,549,70.217,70.217,0,0,70.32,0.206,-0.435,0.523,-0.697,16.0,-0.435,0.523,-0.697,16.0,-0.958,H,#A5AFB9,10,2.0,0,0,0.445,0,0,0,0,0.0,18
1,2021,2021091,8,Haas F1 Team,16,MSC,Mick Schumacher,47,#505050,45.0,550,70.178,70.178,0,0,70.197,0.039,-0.399,-,-,-,-0.399,-,-,-,,H,#A5AFB9,11,2.0,0,0,0.445,0,0,0,0,0.0,18
1,2021,2021091,8,Haas F1 Team,16,MSC,Mick Schumacher,47,#505050,46.0,551,70.406,70.406,0,0,70.292,0.228,-0.656,-,-,-,-0.656,-,-,-,,H,#A5AFB9,12,2.0,0,0,0.445,0,0,0,0,0.0,18
1,2021,2021091,8,Haas F1 Team,16,MSC,Mick Schumacher,47,#505050,47.0,552,70.019,70.019,0,0,70.212,0.387,-0.33,0.269,-0.465,16.0,-0.330,0.269,-0.465,16.0,-0.599,H,#A5AFB9,13,2.0,0,0,0.445,0,0,0,0,0.0,18
1,2021,2021091,8,Haas F1 Team,16,MSC,Mick Schumacher,47,#505050,48.0,553,70.048,70.048,0,0,70.034,0.029,-0.474,-0.252,-0.348,20.0,-0.474,-0.252,-0.348,20.0,-0.222,H,#A5AFB9,14,2.0,0,0,0.445,0,0,0,0,0.0,18
1,2021,2021091,8,Haas F1 Team,16,MSC,Mick Schumacher,47,#505050,49.0,554,70.233,70.233,0,0,70.14,0.185,-0.797,-0.476,-0.559,20.0,-0.797,-0.476,-0.559,20.0,-0.321,H,#A5AFB9,15,2.0,0,0,0.445,0,0,0,0,0.0,18
1,2021,2021091,8,Haas F1 Team,16,MSC,Mick Schumacher,47,#505050,50.0,555,70.153,70.153,0,0,70.193,0.080,-0.855,0.081,-0.895,16.0,-0.855,0.081,-0.895,16.0,-0.936,H,#A5AFB9,16,2.0,0,0,0.445,0,0,0,0,0.0,18
1,2021,2021091,8,Haas F1 Team,16,MSC,Mick Schumacher,47,#505050,51.0,556,70.087,70.087,0,0,70.12,0.066,-0.913,-0.126,-0.850,20.0,-0.913,-0.126,-0.850,20.0,-0.787,H,#A5AFB9,17,2.0,0,0,0.445,0,0,0,0,0.0,18
1,2021,2021091,8,Haas F1 Team,16,MSC,Mick Schumacher,47,#505050,52.0,557,69.799,69.799,0,0,69.943,0.288,-0.625,2.119,-1.685,16.0,-0.625,0.163,-0.707,16.0,-2.744,H,#A5AFB9,18,2.0,0,1,0.445,0,0,0,0,0.0,18
1,2021,2021091,8,Haas F1 Team,16,MSC,Mick Schumacher,47,#505050,53.0,558,70.436,69.855,1,0,69.827,0.637,-1.453,-0.474,-1.216,20.0,-0.872,0.107,-0.925,16.0,-0.979,H,#A5AFB9,19,2.0,0,0,0.445,0,0,0,0,0.0,18
1,2021,2021091,8,Haas F1 Team,16,MSC,Mick Schumacher,47,#505050,54.0,559,69.911,69.911,0,0,69.883,0.525,-0.983,0.373,-1.169,16.0,-0.983,0.373,-1.169,16.0,-1.356,H,#A5AFB9,20,2.0,0,0,0.445,0,0,0,0,0.0,18
1,2021,2021091,8,Haas F1 Team,16,MSC,Mick Schumacher,47,#505050,55.0,560,69.874,69.874,0,0,69.892,0.037,-1.034,3.954,-3.011,16.0,-1.034,0.592,-1.330,16.0,-4.988,H,#A5AFB9,21,2.0,0,0,0.445,0,0,0,0,0.0,18
1,2021,2021091,8,Haas F1 Team,16,MSC,Mick Schumacher,47,#505050,56.0,561,69.394,69.394,0,0,69.634,0.480,-0.535,1.253,-1.161,16.0,-0.535,1.253,-1.161,16.0,-1.788,H,#A5AFB9,22,2.0,0,0,0.445,0,0,0,0,0.0,18
1,2021,2021091,8,Haas F1 Team,16,MSC,Mick Schumacher,47,#505050,57.0,562,69.908,69.634,1,0,69.514,0.514,-0.963,1.417,-1.671,16.0,-0.689,1.691,-1.534,16.0,-2.38,H,#A5AFB9,23,2.0,0,0,0.445,0,0,0,0,0.0,18
1,2021,2021091,8,Haas F1 Team,16,MSC,Mick Schumacher,47,#505050,58.0,563,69.874,69.874,0,0,69.754,0.034,-0.918,0.577,-1.206,16.0,-0.918,0.577,-1.206,16.0,-1.495,H,#A5AFB9,24,2.0,0,0,0.445,0,0,0,0,0.0,18
1,2021,2021091,8,Haas F1 Team,16,MSC,Mick Schumacher,47,#505050,59.0,564,72.429,70.031,1,0,69.952,2.555,-3.308,-1.891,-2.362,20.0,-0.910,0.507,-1.163,16.0,-1.417,H,#A5AFB9,25,2.0,0,0,0.445,0,0,0,0,0.0,18
1,2021,2021091,8,Haas F1 Team,16,MSC,Mick Schumacher,47,#505050,60.0,565,70.188,70.188,0,0,70.11,2.241,-1.026,2.035,-2.043,16.0,-1.026,0.230,-1.141,16.0,-3.061,H,#A5AFB9,26,2.0,0,0,0.445,0,0,0,0,0.0,18
1,2021,2021091,8,Haas F1 Team,16,MSC,Mick Schumacher,47,#505050,61.0,566,74.282,70.112,1,0,70.15,4.094,-5.202,-3.983,-3.211,20.0,-1.032,0.187,-1.126,16.0,-1.219,H,#A5AFB9,27,2.0,0,0,0.445,0,0,0,0,0.0,18
1,2021,2021091,8,Haas F1 Team,16,MSC,Mick Schumacher,47,#505050,62.0,567,70.035,70.035,0,0,70.073,4.247,-1.183,0.418,-1.392,16.0,-1.183,0.418,-1.392,16.0,-1.601,H,#A5AFB9,28,2.0,0,0,0.445,0,0,0,0,0.0,18
1,2021,2021091,8,Haas F1 Team,16,MSC,Mick Schumacher,47,#505050,63.0,568,72.211,70.322,1,0,70.178,2.176,-3.242,-1.807,-2.338,20.0,-1.352,0.083,-1.393,16.0,-1.435,H,#A5AFB9,29,2.0,0,0,0.445,0,0,0,0,0.0,18
1,2021,2021091,8,Haas F1 Team,16,MSC,Mick Schumacher,47,#505050,64.0,569,70.608,70.608,0,0,70.465,1.603,-1.538,3.745,-3.411,16.0,-1.538,0.106,-1.591,16.0,-5.283,H,#A5AFB9,30,2.0,0,0,0.445,0,0,0,0,0.0,18
1,2021,2021091,8,Haas F1 Team,16,MSC,Mick Schumacher,47,#505050,65.0,570,70.523,70.523,0,0,70.566,0.085,-1.421,0.500,-1.671,16.0,-1.421,0.500,-1.671,16.0,-1.921,H,#A5AFB9,31,2.0,0,0,0.445,0,0,0,0,0.0,18
1,2021,2021091,8,Haas F1 Team,16,MSC,Mick Schumacher,47,#505050,66.0,571,70.298,70.298,0,0,70.41,0.225,-1.176,2.331,-2.341,16.0,-1.176,0.345,-1.349,16.0,-3.507,H,#A5AFB9,32,2.0,0,0,0.445,0,0,0,0,0.0,18
1,2021,2021091,8,Haas F1 Team,16,MSC,Mick Schumacher,47,#505050,67.0,572,72.513,70.218,1,0,70.258,2.215,-3.408,-2.249,-2.284,20.0,-1.113,0.046,-1.136,16.0,-1.159,H,#A5AFB9,33,2.0,0,0,0.445,0,0,0,0,0.0,18
1,2021,2021091,8,Haas F1 Team,16,MSC,Mick Schumacher,47,#505050,68.0,573,70.138,70.138,0,0,70.178,2.375,-0.938,0.509,-1.192,16.0,-0.938,0.509,-1.192,16.0,-1.447,H,#A5AFB9,34,2.0,0,0,0.445,0,0,0,0,0.0,18
1,2021,2021091,8,Haas F1 Team,16,MSC,Mick Schumacher,47,#505050,69.0,574,69.982,69.982,0,0,70.06,0.156,-0.676,2.226,-1.789,16.0,-0.676,2.226,-1.789,16.0,-2.902,H,#A5AFB9,35,2.0,0,0,0.445,0,0,0,0,0.0,18
1,2021,2021091,8,Haas F1 Team,20,MAZ,Nikita Mazepin,9,#505050,1.0,506,-,-,0,1,-,-,-,-,-,-,-,-,-,-,,M,#F0E628,1,1.0,0,0,0.194,0,1,0,0,,19
1,2021,2021091,8,Haas F1 Team,20,MAZ,Nikita Mazepin,9,#505050,2.0,507,-,-,0,1,-,-,-,-,-,-,-,-,-,-,,M,#F0E628,2,1.0,0,0,0.194,0,0,0,0,0.0,18
1,2021,2021091,8,Haas F1 Team,20,MAZ,Nikita Mazepin,9,#505050,3.0,508,-,-,0,1,-,-,-,-,-,-,-,-,-,-,,M,#F0E628,3,1.0,0,0,0.194,1,0,0,0,0.0,18
1,2021,2021091,8,Haas F1 Team,20,MAZ,Nikita Mazepin,9,#505050,4.0,509,-,-,0,1,-,-,-,-,-,-,-,-,-,-,,M,#F0E628,4,1.0,0,0,0.194,0,0,0,0,0.0,19
1,2021,2021091,8,Haas F1 Team,20,MAZ,Nikita Mazepin,9,#505050,5.0,510,73.191,73.191,0,0,-,-,-1.298,-0.769,-1.683,20.0,-1.298,-0.769,-1.683,20.0,-2.067,M,#F0E628,5,1.0,0,0,0.194,0,0,0,0,0.0,19
1,2021,2021091,8,Haas F1 Team,20,MAZ,Nikita Mazepin,9,#505050,6.0,511,73.238,73.238,0,0,73.214,0.047,-1.749,-0.280,-1.889,20.0,-1.749,-0.280,-1.889,20.0,-2.029,M,#F0E628,6,1.0,0,0,0.194,0,0,0,0,0.0,19
1,2021,2021091,8,Haas F1 Team,20,MAZ,Nikita Mazepin,9,#505050,7.0,512,72.286,72.286,0,0,72.762,0.952,-1.449,0.566,-1.166,16.0,-1.449,0.566,-1.166,16.0,-0.883,M,#F0E628,7,1.0,0,0,0.194,0,0,0,0,0.0,19
1,2021,2021091,8,Haas F1 Team,20,MAZ,Nikita Mazepin,9,#505050,8.0,513,72.08,72.08,0,0,72.183,0.206,-1.149,0.130,-1.084,16.0,-1.149,0.130,-1.084,16.0,-1.019,M,#F0E628,8,1.0,0,0,0.194,0,0,0,0,0.0,19
1,2021,2021091,8,Haas F1 Team,20,MAZ,Nikita Mazepin,9,#505050,9.0,514,72.001,72.001,0,0,72.041,0.079,-1.062,0.315,-0.904,16.0,-1.062,0.315,-0.904,16.0,-0.747,M,#F0E628,9,1.0,0,0,0.194,0,0,0,0,0.0,19
1,2021,2021091,8,Haas F1 Team,20,MAZ,Nikita Mazepin,9,#505050,10.0,515,71.761,71.761,0,0,71.881,0.240,-0.735,-0.129,-0.799,20.0,-0.735,-0.129,-0.799,20.0,-0.864,M,#F0E628,10,1.0,0,0,0.194,0,0,0,0,0.0,19
1,2021,2021091,8,Haas F1 Team,20,MAZ,Nikita Mazepin,9,#505050,11.0,516,72.212,72.212,0,0,71.986,0.451,-1.207,0.465,-0.975,16.0,-1.207,0.465,-0.975,16.0,-0.742,M,#F0E628,11,1.0,0,0,0.194,0,0,0,0,0.0,19
1,2021,2021091,8,Haas F1 Team,20,MAZ,Nikita Mazepin,9,#505050,12.0,517,71.966,71.966,0,0,72.089,0.246,-1.004,0.008,-1.000,16.0,-1.004,0.008,-1.000,16.0,-0.996,M,#F0E628,12,1.0,0,0,0.194,0,0,0,0,0.0,19
1,2021,2021091,8,Haas F1 Team,20,MAZ,Nikita Mazepin,9,#505050,13.0,518,71.894,71.894,0,0,71.93,0.072,-0.833,0.112,-0.777,16.0,-0.833,0.112,-0.777,16.0,-0.721,M,#F0E628,13,1.0,0,0,0.194,0,0,0,0,0.0,18
1,2021,2021091,8,Haas F1 Team,20,MAZ,Nikita Mazepin,9,#505050,14.0,519,71.982,71.982,0,0,71.938,0.088,-0.96,0.018,-0.951,16.0,-0.960,0.018,-0.951,16.0,-0.942,M,#F0E628,14,1.0,0,0,0.194,0,0,0,0,0.0,17
1,2021,2021091,8,Haas F1 Team,20,MAZ,Nikita Mazepin,9,#505050,15.0,520,71.798,71.798,0,0,71.89,0.184,-1.004,-0.087,-1.048,20.0,-1.004,-0.087,-1.048,20.0,-1.091,M,#F0E628,15,1.0,0,1,0.194,0,0,0,0,0.0,16
1,2021,2021091,8,Haas F1 Team,20,MAZ,Nikita Mazepin,9,#505050,16.0,521,72.856,72.856,0,0,72.327,1.058,-2.113,1.015,-1.605,16.0,-2.113,1.015,-1.605,16.0,-1.098,M,#F0E628,16,1.0,0,0,0.194,0,0,0,0,-1.0,17
1,2021,2021091,8,Haas F1 Team,20,MAZ,Nikita Mazepin,9,#505050,17.0,522,72.961,72.961,0,0,72.908,0.105,-2.273,1.428,-1.559,16.0,-2.273,1.428,-1.559,16.0,-0.845,M,#F0E628,17,1.0,0,0,0.194,0,0,0,0,-1.0,18
1,2021,2021091,8,Haas F1 Team,20,MAZ,Nikita Mazepin,9,#505050,18.0,523,73.552,72.645,1,0,72.803,0.591,-2.955,0.813,-2.549,16.0,-2.048,0.511,-1.792,16.0,-2.142,M,#F0E628,18,1.0,0,0,0.194,0,0,0,0,-1.0,19
1,2021,2021091,8,Haas F1 Team,20,MAZ,Nikita Mazepin,9,#505050,19.0,524,72.329,72.329,0,0,72.487,1.223,-1.636,-0.405,-1.839,20.0,-1.636,-0.405,-1.839,20.0,-2.041,M,#F0E628,19,1.0,0,0,0.194,0,0,0,0,0.0,19
1,2021,2021091,8,Haas F1 Team,20,MAZ,Nikita Mazepin,9,#505050,20.0,525,71.966,71.966,0,0,72.148,0.363,-1.299,-0.523,-1.560,20.0,-1.299,-0.523,-1.560,20.0,-1.822,M,#F0E628,20,1.0,0,0,0.194,0,0,0,0,0.0,19
1,2021,2021091,8,Haas F1 Team,20,MAZ,Nikita Mazepin,9,#505050,21.0,526,72.167,72.167,0,0,72.066,0.201,-1.632,-0.548,-1.906,20.0,-1.632,-0.548,-1.906,20.0,-2.18,M,#F0E628,21,1.0,0,0,0.194,0,0,0,0,0.0,19
1,2021,2021091,8,Haas F1 Team,20,MAZ,Nikita Mazepin,9,#505050,22.0,527,71.895,71.895,0,0,72.031,0.272,-1.39,0.234,-1.273,16.0,-1.390,0.234,-1.273,16.0,-1.156,M,#F0E628,22,1.0,0,0,0.194,0,0,0,0,0.0,19
1,2021,2021091,8,Haas F1 Team,20,MAZ,Nikita Mazepin,9,#505050,23.0,528,72.235,72.235,0,0,72.065,0.340,-1.784,0.695,-1.437,16.0,-1.784,0.695,-1.437,16.0,-1.089,M,#F0E628,23,1.0,0,0,0.194,0,0,0,0,0.0,19
1,2021,2021091,8,Haas F1 Team,20,MAZ,Nikita Mazepin,9,#505050,24.0,529,72.696,72.696,0,0,72.465,0.461,-2.239,1.305,-1.587,16.0,-2.239,1.305,-1.587,16.0,-0.934,M,#F0E628,24,1.0,0,0,0.194,0,0,0,0,0.0,19
1,2021,2021091,8,Haas F1 Team,20,MAZ,Nikita Mazepin,9,#505050,25.0,530,71.804,71.804,0,0,72.25,0.892,-1.514,-1.427,-2.228,20.0,-1.514,0.569,-1.230,16.0,-2.941,M,#F0E628,25,1.0,0,0,0.194,0,0,0,0,0.0,19
1,2021,2021091,8,Haas F1 Team,20,MAZ,Nikita Mazepin,9,#505050,26.0,531,71.719,71.719,0,0,71.762,0.085,-1.429,0.640,-1.109,16.0,-1.429,0.640,-1.109,16.0,-0.789,M,#F0E628,26,1.0,0,0,0.194,0,0,0,0,0.0,19
1,2021,2021091,8,Haas F1 Team,20,MAZ,Nikita Mazepin,9,#505050,27.0,532,-,-,0,1,-,-,-,-,-,-,-,-,-,-,-1.241,M,#F0E628,27,1.0,1,0,0.194,0,0,0,0,0.0,19
1,2021,2021091,8,Haas F1 Team,20,MAZ,Nikita Mazepin,9,#505050,28.0,533,-,-,0,1,-,-,-,-,-,-,-,-,-,-,-0.541,H,#A5AFB9,1,2.0,0,0,0.261,0,0,0,0,0.0,19
1,2021,2021091,8,Haas F1 Team,20,MAZ,Nikita Mazepin,9,#505050,29.0,534,70.901,70.901,0,0,-,-,-0.513,-0.193,-0.609,20.0,-0.513,-0.193,-0.609,20.0,-0.706,H,#A5AFB9,2,2.0,0,0,0.261,0,0,0,0,0.0,19
1,2021,2021091,8,Haas F1 Team,20,MAZ,Nikita Mazepin,9,#505050,30.0,535,70.838,70.838,0,0,70.869,0.063,-0.436,-0.715,-0.793,20.0,-0.436,-0.436,-0.654,20.0,-1.151,H,#A5AFB9,3,2.0,0,0,0.261,0,0,0,0,0.0,19
1,2021,2021091,8,Haas F1 Team,20,MAZ,Nikita Mazepin,9,#505050,31.0,536,72.397,72.397,0,0,71.618,1.559,-1.949,0.942,-1.478,16.0,-1.949,0.942,-1.478,16.0,-1.007,H,#A5AFB9,4,2.0,0,0,0.261,0,0,0,0,0.0,19
1,2021,2021091,8,Haas F1 Team,20,MAZ,Nikita Mazepin,9,#505050,32.0,537,72.442,72.442,0,0,72.42,0.045,-2.23,1.488,-1.486,16.0,-2.230,1.488,-1.486,16.0,-0.742,H,#A5AFB9,5,2.0,0,0,0.261,0,0,0,0,0.0,19
1,2021,2021091,8,Haas F1 Team,20,MAZ,Nikita Mazepin,9,#505050,33.0,538,70.727,70.727,0,0,71.584,1.715,-0.869,-0.203,-0.971,20.0,-0.869,-0.203,-0.971,20.0,-1.072,H,#A5AFB9,6,2.0,0,0,0.261,0,0,0,0,0.0,19
1,2021,2021091,8,Haas F1 Team,20,MAZ,Nikita Mazepin,9,#505050,34.0,539,71.125,71.125,0,0,70.926,0.398,-1.59,-,-,-,-1.590,-,-,-,,H,#A5AFB9,7,2.0,0,0,0.261,0,0,0,0,0.0,19
1,2021,2021091,8,Haas F1 Team,20,MAZ,Nikita Mazepin,9,#505050,35.0,540,71.037,71.037,0,0,71.081,0.088,-1.403,-,-,-,-1.403,-,-,-,,H,#A5AFB9,8,2.0,0,0,0.261,0,0,0,0,0.0,19
1,2021,2021091,8,Haas F1 Team,20,MAZ,Nikita Mazepin,9,#505050,36.0,541,71.098,71.098,0,0,71.068,0.061,-1.375,0.795,-0.978,16.0,-1.375,0.795,-0.978,16.0,-0.58,H,#A5AFB9,9,2.0,0,1,0.261,0,0,0,0,0.0,19
1,2021,2021091,8,Haas F1 Team,20,MAZ,Nikita Mazepin,9,#505050,37.0,542,72.259,70.988,1,0,71.043,1.161,-2.597,2.499,-1.347,16.0,-1.325,1.227,-0.712,16.0,-0.098,H,#A5AFB9,10,2.0,0,0,0.261,0,0,0,0,0.0,19
1,2021,2021091,8,Haas F1 Team,20,MAZ,Nikita Mazepin,9,#505050,38.0,543,70.877,70.877,0,0,70.932,1.382,-1.258,0.839,-0.839,16.0,-1.258,0.839,-0.839,16.0,-0.419,H,#A5AFB9,11,2.0,0,0,0.261,0,0,0,0,0.0,19
1,2021,2021091,8,Haas F1 Team,20,MAZ,Nikita Mazepin,9,#505050,39.0,544,71.057,71.057,0,0,70.967,0.180,-1.302,0.713,-0.946,16.0,-1.302,0.713,-0.946,16.0,-0.589,H,#A5AFB9,12,2.0,0,0,0.261,0,0,0,0,0.0,19
1,2021,2021091,8,Haas F1 Team,20,MAZ,Nikita Mazepin,9,#505050,40.0,545,70.848,70.848,0,0,70.952,0.209,-1.109,0.558,-0.830,16.0,-1.109,0.558,-0.830,16.0,-0.551,H,#A5AFB9,13,2.0,0,0,0.261,0,0,0,0,0.0,19
1,2021,2021091,8,Haas F1 Team,20,MAZ,Nikita Mazepin,9,#505050,41.0,546,71.016,71.016,0,0,70.932,0.168,-1.361,0.936,-0.893,16.0,-1.361,0.936,-0.893,16.0,-0.425,H,#A5AFB9,14,2.0,0,0,0.261,0,0,0,0,0.0,19
1,2021,2021091,8,Haas F1 Team,20,MAZ,Nikita Mazepin,9,#505050,42.0,547,70.923,70.923,0,0,70.97,0.093,-1.244,0.458,-1.015,16.0,-1.244,0.672,-0.908,16.0,-0.786,H,#A5AFB9,15,2.0,0,0,0.261,0,0,0,0,0.0,19
1,2021,2021091,8,Haas F1 Team,20,MAZ,Nikita Mazepin,9,#505050,43.0,548,71.184,71.184,0,0,71.054,0.261,-1.454,0.761,-1.073,16.0,-1.454,0.761,-1.073,16.0,-0.693,H,#A5AFB9,16,2.0,0,0,0.261,0,0,0,0,0.0,19
1,2021,2021091,8,Haas F1 Team,20,MAZ,Nikita Mazepin,9,#505050,44.0,549,70.74,70.74,0,0,70.962,0.444,-0.958,0.523,-0.697,16.0,-0.958,0.523,-0.697,16.0,-0.435,H,#A5AFB9,17,2.0,0,0,0.261,0,0,0,0,0.0,19
1,2021,2021091,8,Haas F1 Team,20,MAZ,Nikita Mazepin,9,#505050,45.0,550,-,-,0,1,-,-,-,-,-,-,-,-,-,-,-0.399,H,#A5AFB9,18,2.0,1,0,0.261,0,0,0,0,0.0,19
1,2021,2021091,8,Haas F1 Team,20,MAZ,Nikita Mazepin,9,#505050,46.0,551,-,-,0,1,-,-,-,-,-,-,-,-,-,-,-0.656,H,#A5AFB9,1,3.0,0,0,0.724,0,0,0,0,0.0,19
1,2021,2021091,8,Haas F1 Team,20,MAZ,Nikita Mazepin,9,#505050,47.0,552,70.288,70.288,0,0,-,-,-0.599,0.269,-0.465,16.0,-0.599,0.269,-0.465,16.0,-0.33,H,#A5AFB9,2,3.0,0,0,0.724,0,0,0,0,0.0,19
1,2021,2021091,8,Haas F1 Team,20,MAZ,Nikita Mazepin,9,#505050,48.0,553,69.796,69.796,0,0,70.042,0.492,-0.222,-0.252,-0.348,20.0,-0.222,-0.252,-0.348,20.0,-0.474,H,#A5AFB9,3,3.0,0,0,0.724,0,0,0,0,0.0,19
1,2021,2021091,8,Haas F1 Team,20,MAZ,Nikita Mazepin,9,#505050,49.0,554,69.757,69.757,0,0,69.776,0.039,-0.321,-0.476,-0.559,20.0,-0.321,-0.476,-0.559,20.0,-0.797,H,#A5AFB9,4,3.0,0,0,0.724,0,0,0,0,0.0,19
1,2021,2021091,8,Haas F1 Team,20,MAZ,Nikita Mazepin,9,#505050,50.0,555,70.234,70.234,0,0,69.996,0.477,-0.936,0.081,-0.895,16.0,-0.936,0.081,-0.895,16.0,-0.855,H,#A5AFB9,5,3.0,0,0,0.724,0,0,0,0,0.0,19
1,2021,2021091,8,Haas F1 Team,20,MAZ,Nikita Mazepin,9,#505050,51.0,556,69.961,69.961,0,0,70.098,0.273,-0.787,-0.126,-0.850,20.0,-0.787,-0.126,-0.850,20.0,-0.913,H,#A5AFB9,6,3.0,0,0,0.724,0,0,0,0,0.0,19
1,2021,2021091,8,Haas F1 Team,20,MAZ,Nikita Mazepin,9,#505050,52.0,557,71.918,69.962,1,0,69.961,1.957,-2.744,2.119,-1.685,16.0,-0.788,0.163,-0.707,16.0,-0.625,H,#A5AFB9,7,3.0,0,0,0.724,0,0,0,0,0.0,19
1,2021,2021091,8,Haas F1 Team,20,MAZ,Nikita Mazepin,9,#505050,53.0,558,69.962,69.962,0,0,69.962,1.956,-0.979,-0.474,-1.216,20.0,-0.979,0.107,-0.925,16.0,-1.453,H,#A5AFB9,8,3.0,0,0,0.724,0,0,0,0,0.0,19
1,2021,2021091,8,Haas F1 Team,20,MAZ,Nikita Mazepin,9,#505050,54.0,559,70.284,70.284,0,0,70.123,0.322,-1.356,0.373,-1.169,16.0,-1.356,0.373,-1.169,16.0,-0.983,H,#A5AFB9,9,3.0,0,0,0.724,0,0,0,0,0.0,19
1,2021,2021091,8,Haas F1 Team,20,MAZ,Nikita Mazepin,9,#505050,55.0,560,73.828,70.466,1,0,70.375,3.544,-4.988,3.954,-3.011,16.0,-1.626,0.592,-1.330,16.0,-1.034,H,#A5AFB9,10,3.0,0,0,0.724,0,0,0,0,0.0,19
1,2021,2021091,8,Haas F1 Team,20,MAZ,Nikita Mazepin,9,#505050,56.0,561,70.647,70.647,0,0,70.556,3.181,-1.788,1.253,-1.161,16.0,-1.788,1.253,-1.161,16.0,-0.535,H,#A5AFB9,11,3.0,0,0,0.724,0,0,0,0,0.0,19
1,2021,2021091,8,Haas F1 Team,20,MAZ,Nikita Mazepin,9,#505050,57.0,562,71.325,71.325,0,0,70.986,0.678,-2.38,1.417,-1.671,16.0,-2.380,1.691,-1.534,16.0,-0.963,H,#A5AFB9,12,3.0,0,0,0.724,0,0,0,0,0.0,19
1,2021,2021091,8,Haas F1 Team,20,MAZ,Nikita Mazepin,9,#505050,58.0,563,70.451,70.451,0,0,70.888,0.874,-1.495,0.577,-1.206,16.0,-1.495,0.577,-1.206,16.0,-0.918,H,#A5AFB9,13,3.0,0,1,0.724,0,0,0,0,0.0,19
1,2021,2021091,8,Haas F1 Team,20,MAZ,Nikita Mazepin,9,#505050,59.0,564,70.538,70.538,0,0,70.494,0.087,-1.417,-1.891,-2.362,20.0,-1.417,0.507,-1.163,16.0,-3.308,H,#A5AFB9,14,3.0,0,0,0.724,0,0,0,0,0.0,19
1,2021,2021091,8,Haas F1 Team,20,MAZ,Nikita Mazepin,9,#505050,60.0,565,72.223,70.418,1,0,70.478,1.685,-3.061,2.035,-2.043,16.0,-1.256,0.230,-1.141,16.0,-1.026,H,#A5AFB9,15,3.0,0,0,0.724,0,0,0,0,0.0,19
1,2021,2021091,8,Haas F1 Team,20,MAZ,Nikita Mazepin,9,#505050,61.0,566,70.299,70.299,0,0,70.359,1.924,-1.219,-3.983,-3.211,20.0,-1.219,0.187,-1.126,16.0,-5.202,H,#A5AFB9,16,3.0,0,0,0.724,0,0,0,0,0.0,19
1,2021,2021091,8,Haas F1 Team,20,MAZ,Nikita Mazepin,9,#505050,62.0,567,70.453,70.453,0,0,70.376,0.154,-1.601,0.418,-1.392,16.0,-1.601,0.418,-1.392,16.0,-1.183,H,#A5AFB9,17,3.0,0,0,0.724,0,0,0,0,0.0,19
1,2021,2021091,8,Haas F1 Team,20,MAZ,Nikita Mazepin,9,#505050,63.0,568,70.404,70.404,0,0,70.428,0.049,-1.435,-1.807,-2.338,20.0,-1.435,0.083,-1.393,16.0,-3.242,H,#A5AFB9,18,3.0,0,0,0.724,0,0,0,0,0.0,19
1,2021,2021091,8,Haas F1 Team,20,MAZ,Nikita Mazepin,9,#505050,64.0,569,74.353,70.714,1,0,70.559,3.949,-5.283,3.745,-3.411,16.0,-1.644,0.106,-1.591,16.0,-1.538,H,#A5AFB9,19,3.0,0,0,0.724,0,0,0,0,0.0,19
1,2021,2021091,8,Haas F1 Team,20,MAZ,Nikita Mazepin,9,#505050,65.0,570,71.023,71.023,0,0,70.868,3.330,-1.921,0.500,-1.671,16.0,-1.921,0.500,-1.671,16.0,-1.421,H,#A5AFB9,20,3.0,0,0,0.724,0,0,0,0,0.0,19
1,2021,2021091,8,Haas F1 Team,20,MAZ,Nikita Mazepin,9,#505050,66.0,571,72.629,70.643,1,0,70.833,1.606,-3.507,2.331,-2.341,16.0,-1.521,0.345,-1.349,16.0,-1.176,H,#A5AFB9,21,3.0,0,0,0.724,0,0,0,0,0.0,19
1,2021,2021091,8,Haas F1 Team,20,MAZ,Nikita Mazepin,9,#505050,67.0,572,70.264,70.264,0,0,70.454,2.365,-1.159,-2.249,-2.284,20.0,-1.159,0.046,-1.136,16.0,-3.408,H,#A5AFB9,22,3.0,0,0,0.724,0,0,0,0,0.0,19
1,2021,2021091,8,Haas F1 Team,20,MAZ,Nikita Mazepin,9,#505050,68.0,573,70.647,70.647,0,0,70.456,0.383,-1.447,0.509,-1.192,16.0,-1.447,0.509,-1.192,16.0,-0.938,H,#A5AFB9,23,3.0,0,0,0.724,0,0,0,0,0.0,19
1,2021,2021091,8,Haas F1 Team,20,MAZ,Nikita Mazepin,9,#505050,69.0,574,72.208,72.208,0,0,71.428,1.561,-2.902,2.226,-1.789,16.0,-2.902,2.226,-1.789,16.0,-0.676,H,#A5AFB9,24,3.0,0,0,0.724,0,0,0,0,0.0,19
1,2021,2021101,10,Haas F1 Team,16,MSC,Mick Schumacher,47,#505050,1.0,577,-,-,0,1,-,-,-,-,-,-,-,-,-,-,,M,#F0E628,4,1.0,0,0,-,0,1,0,0,,16
1,2021,2021101,10,Haas F1 Team,16,MSC,Mick Schumacher,47,#505050,2.0,578,-,-,0,1,-,-,-,-,-,-,-,-,-,-,,M,#F0E628,5,1.0,1,0,-,0,0,0,0,0.0,16
1,2021,2021101,10,Haas F1 Team,16,MSC,Mick Schumacher,47,#505050,3.0,579,-,-,0,1,-,-,-,-,-,-,-,-,-,-,,M,#F0E628,2,2.0,0,0,0.791,0,0,0,0,0.0,16
1,2021,2021101,10,Haas F1 Team,16,MSC,Mick Schumacher,47,#505050,4.0,580,119.887,119.887,0,0,-,-,6.0,15.384,13.692,20.0,6.000,15.384,13.692,20.0,21.384,M,#F0E628,3,2.0,0,0,0.791,0,0,0,0,1.0,15
1,2021,2021101,10,Haas F1 Team,16,MSC,Mick Schumacher,47,#505050,5.0,581,99.029,99.029,0,0,109.458,20.858,-3.411,0.240,-3.291,20.0,-3.411,0.240,-3.291,20.0,-3.171,M,#F0E628,4,2.0,0,0,0.791,0,0,0,0,-2.0,17
1,2021,2021101,10,Haas F1 Team,16,MSC,Mick Schumacher,47,#505050,6.0,582,97.141,97.141,0,0,98.085,1.888,-2.353,-0.047,-2.377,16.0,-2.353,-0.047,-2.377,16.0,-2.4,M,#F0E628,5,2.0,0,0,0.791,0,0,0,0,0.0,17
1,2021,2021101,10,Haas F1 Team,16,MSC,Mick Schumacher,47,#505050,7.0,583,96.993,96.993,0,0,97.067,0.148,-2.234,-0.935,-2.701,16.0,-2.234,-0.118,-2.293,16.0,-3.169,M,#F0E628,6,2.0,0,0,0.791,0,0,0,0,0.0,17
1,2021,2021101,10,Haas F1 Team,16,MSC,Mick Schumacher,47,#505050,8.0,584,97.531,97.531,0,0,97.262,0.538,-2.671,0.498,-2.422,20.0,-2.671,0.498,-2.422,20.0,-2.173,M,#F0E628,7,2.0,0,0,0.791,0,0,0,0,-1.0,18
1,2021,2021101,10,Haas F1 Team,16,MSC,Mick Schumacher,47,#505050,9.0,585,96.428,96.428,0,0,96.98,1.103,-1.877,-0.269,-2.011,16.0,-1.877,-0.269,-2.011,16.0,-2.146,M,#F0E628,8,2.0,0,0,0.791,0,0,0,0,0.0,18
1,2021,2021101,10,Haas F1 Team,16,MSC,Mick Schumacher,47,#505050,10.0,586,96.098,96.098,0,0,96.263,0.330,-1.727,-0.310,-1.882,16.0,-1.727,-0.310,-1.882,16.0,-2.037,M,#F0E628,9,2.0,0,0,0.791,0,0,0,0,0.0,18
1,2021,2021101,10,Haas F1 Team,16,MSC,Mick Schumacher,47,#505050,11.0,587,96.141,96.141,0,0,96.12,0.043,-1.761,-0.124,-1.823,16.0,-1.761,-0.124,-1.823,16.0,-1.885,M,#F0E628,10,2.0,0,0,0.791,0,0,0,0,0.0,18
1,2021,2021101,10,Haas F1 Team,16,MSC,Mick Schumacher,47,#505050,12.0,588,96.616,96.616,0,0,96.378,0.475,-2.162,-0.116,-2.220,16.0,-2.162,0.285,-2.019,20.0,-2.278,M,#F0E628,11,2.0,0,0,0.791,0,0,0,0,0.0,18
1,2021,2021101,10,Haas F1 Team,16,MSC,Mick Schumacher,47,#505050,13.0,589,96.449,96.449,0,0,96.532,0.167,-1.983,0.052,-1.957,20.0,-1.983,0.052,-1.957,20.0,-1.931,M,#F0E628,12,2.0,0,1,0.791,0,0,0,0,0.0,18
1,2021,2021101,10,Haas F1 Team,16,MSC,Mick Schumacher,47,#505050,14.0,590,96.074,96.074,0,0,96.262,0.375,-1.788,-0.289,-1.933,16.0,-1.788,-0.289,-1.933,16.0,-2.077,M,#F0E628,13,2.0,0,0,0.791,0,0,0,0,0.0,18
1,2021,2021101,10,Haas F1 Team,16,MSC,Mick Schumacher,47,#505050,15.0,591,95.82,95.82,0,0,95.947,0.254,-1.785,-0.284,-1.927,16.0,-1.785,-0.284,-1.927,16.0,-2.069,M,#F0E628,14,2.0,0,0,0.791,0,0,0,0,0.0,18
1,2021,2021101,10,Haas F1 Team,16,MSC,Mick Schumacher,47,#505050,16.0,592,95.631,95.631,0,0,95.726,0.189,-1.632,-0.521,-1.893,16.0,-1.632,-0.521,-1.893,16.0,-2.153,M,#F0E628,15,2.0,0,0,0.791,0,0,0,0,0.0,18
1,2021,2021101,10,Haas F1 Team,16,MSC,Mick Schumacher,47,#505050,17.0,593,95.857,95.857,0,0,95.744,0.226,-2.06,0.122,-1.999,20.0,-2.060,0.122,-1.999,20.0,-1.938,M,#F0E628,16,2.0,0,0,0.791,0,0,0,0,0.0,18
1,2021,2021101,10,Haas F1 Team,16,MSC,Mick Schumacher,47,#505050,18.0,594,95.94,95.94,0,0,95.898,0.083,-2.215,0.564,-1.933,20.0,-2.215,0.564,-1.933,20.0,-1.651,M,#F0E628,17,2.0,0,0,0.791,0,0,0,0,0.0,18
1,2021,2021101,10,Haas F1 Team,16,MSC,Mick Schumacher,47,#505050,19.0,595,97.027,95.785,1,0,95.862,1.087,-3.548,1.016,-3.040,20.0,-2.306,0.158,-2.227,20.0,-2.532,M,#F0E628,18,2.0,0,0,0.791,0,0,0,0,0.0,18
1,2021,2021101,10,Haas F1 Team,16,MSC,Mick Schumacher,47,#505050,20.0,596,95.63,95.63,0,0,95.708,1.397,-2.333,-0.249,-2.458,16.0,-2.333,-0.249,-2.458,16.0,-2.582,M,#F0E628,19,2.0,0,0,0.791,0,0,0,0,0.0,18
1,2021,2021101,10,Haas F1 Team,16,MSC,Mick Schumacher,47,#505050,21.0,597,95.951,95.951,0,0,95.79,0.321,-2.619,0.259,-2.490,20.0,-2.619,0.259,-2.490,20.0,-2.36,M,#F0E628,20,2.0,0,0,0.791,0,0,0,0,0.0,18
1,2021,2021101,10,Haas F1 Team,16,MSC,Mick Schumacher,47,#505050,22.0,598,95.452,95.452,0,0,95.702,0.499,-2.081,-0.370,-2.266,16.0,-2.081,-0.370,-2.266,16.0,-2.451,M,#F0E628,21,2.0,0,0,0.791,0,0,0,0,0.0,18
1,2021,2021101,10,Haas F1 Team,16,MSC,Mick Schumacher,47,#505050,23.0,599,95.387,95.387,0,0,95.42,0.065,-1.947,-0.247,-2.071,16.0,-1.947,-0.247,-2.071,16.0,-2.194,M,#F0E628,22,2.0,0,0,0.791,0,0,0,0,0.0,18
1,2021,2021101,10,Haas F1 Team,16,MSC,Mick Schumacher,47,#505050,24.0,600,-,-,0,1,-,-,-,-,-,-,-,-,-,-,-1.751,M,#F0E628,23,2.0,1,0,0.791,0,0,0,0,0.0,18
1,2021,2021101,10,Haas F1 Team,16,MSC,Mick Schumacher,47,#505050,25.0,601,-,-,0,1,-,-,-,-,-,-,-,-,-,-,,H,#A5AFB9,1,3.0,0,0,0.294,0,0,0,0,0.0,19
1,2021,2021101,10,Haas F1 Team,16,MSC,Mick Schumacher,47,#505050,26.0,602,94.381,94.381,0,0,-,-,-1.604,-,-,-,-1.604,-,-,-,,H,#A5AFB9,2,3.0,0,0,0.294,0,0,0,0,0.0,18
1,2021,2021101,10,Haas F1 Team,16,MSC,Mick Schumacher,47,#505050,27.0,603,95.266,95.266,0,0,94.824,0.885,-2.225,0.843,-1.804,20.0,-2.225,0.843,-1.804,20.0,-1.382,H,#A5AFB9,3,3.0,0,0,0.294,0,0,0,0,-1.0,19
1,2021,2021101,10,Haas F1 Team,16,MSC,Mick Schumacher,47,#505050,28.0,604,95.721,95.721,0,0,95.494,0.455,-2.517,1.317,-1.859,20.0,-2.517,1.317,-1.859,20.0,-1.2,H,#A5AFB9,4,3.0,0,0,0.294,0,0,0,0,0.0,19
1,2021,2021101,10,Haas F1 Team,16,MSC,Mick Schumacher,47,#505050,29.0,605,96.468,96.468,0,0,96.095,0.747,-3.038,1.753,-2.162,20.0,-3.038,1.753,-2.162,20.0,-1.285,H,#A5AFB9,5,3.0,0,0,0.294,0,0,0,0,0.0,19
1,2021,2021101,10,Haas F1 Team,16,MSC,Mick Schumacher,47,#505050,30.0,606,97.139,95.82,1,0,96.144,0.671,-3.806,1.103,-3.255,20.0,-2.487,-0.216,-2.595,16.0,-2.703,H,#A5AFB9,6,3.0,0,0,0.294,0,0,0,0,0.0,19
1,2021,2021101,10,Haas F1 Team,16,MSC,Mick Schumacher,47,#505050,31.0,607,95.172,95.172,0,0,95.496,1.967,-2.013,-2.692,-3.359,16.0,-2.013,-0.117,-2.071,16.0,-4.705,H,#A5AFB9,7,3.0,0,0,0.294,0,0,0,0,0.0,19
1,2021,2021101,10,Haas F1 Team,16,MSC,Mick Schumacher,47,#505050,32.0,608,94.412,94.412,0,0,94.792,0.760,-1.304,-0.131,-1.369,16.0,-1.304,-0.131,-1.369,16.0,-1.435,H,#A5AFB9,8,3.0,0,0,0.294,0,0,0,0,0.0,19
1,2021,2021101,10,Haas F1 Team,16,MSC,Mick Schumacher,47,#505050,33.0,609,94.158,94.158,0,0,94.285,0.254,-1.191,-0.162,-1.272,16.0,-1.191,-0.162,-1.272,16.0,-1.353,H,#A5AFB9,9,3.0,0,0,0.294,0,0,0,0,0.0,19
1,2021,2021101,10,Haas F1 Team,16,MSC,Mick Schumacher,47,#505050,34.0,610,94.08,94.08,0,0,94.119,0.078,-1.164,0.003,-1.163,20.0,-1.164,0.003,-1.163,20.0,-1.161,H,#A5AFB9,10,3.0,0,0,0.294,0,0,0,0,0.0,19
1,2021,2021101,10,Haas F1 Team,16,MSC,Mick Schumacher,47,#505050,35.0,611,93.972,93.972,0,0,94.026,0.108,-1.163,-0.177,-1.252,16.0,-1.163,-0.177,-1.252,16.0,-1.34,H,#A5AFB9,11,3.0,0,0,0.294,0,0,0,0,0.0,19
1,2021,2021101,10,Haas F1 Team,16,MSC,Mick Schumacher,47,#505050,36.0,612,93.959,93.959,0,0,93.965,0.013,-1.075,-0.131,-1.140,16.0,-1.075,-0.131,-1.140,16.0,-1.206,H,#A5AFB9,12,3.0,0,0,0.294,0,0,0,0,0.0,19
1,2021,2021101,10,Haas F1 Team,16,MSC,Mick Schumacher,47,#505050,37.0,613,94.097,94.097,0,0,94.028,0.138,-1.186,0.031,-1.171,20.0,-1.186,0.031,-1.171,20.0,-1.155,H,#A5AFB9,13,3.0,0,0,0.294,0,0,0,0,0.0,19
1,2021,2021101,10,Haas F1 Team,16,MSC,Mick Schumacher,47,#505050,38.0,614,96.633,94.338,1,0,94.218,2.536,-3.889,0.393,-3.692,20.0,-1.594,0.230,-1.479,20.0,-3.496,H,#A5AFB9,14,3.0,0,1,0.294,0,0,0,0,0.0,19
1,2021,2021101,10,Haas F1 Team,16,MSC,Mick Schumacher,47,#505050,39.0,615,94.579,94.579,0,0,94.458,2.054,-1.749,0.429,-1.534,20.0,-1.749,0.429,-1.534,20.0,-1.32,H,#A5AFB9,15,3.0,0,0,0.294,0,0,0,0,0.0,19
1,2021,2021101,10,Haas F1 Team,16,MSC,Mick Schumacher,47,#505050,40.0,616,93.895,93.895,0,0,94.237,0.684,-1.465,-0.052,-1.491,16.0,-1.465,-0.052,-1.491,16.0,-1.517,H,#A5AFB9,16,3.0,0,0,0.294,0,0,0,0,0.0,19
1,2021,2021101,10,Haas F1 Team,16,MSC,Mick Schumacher,47,#505050,41.0,617,93.536,93.536,0,0,93.715,0.359,-1.125,-0.022,-1.136,16.0,-1.125,-0.022,-1.136,16.0,-1.147,H,#A5AFB9,17,3.0,0,0,0.294,0,0,0,0,0.0,18
1,2021,2021101,10,Haas F1 Team,16,MSC,Mick Schumacher,47,#505050,42.0,618,93.481,93.481,0,0,93.508,0.055,-1.037,-0.253,-1.163,16.0,-1.037,-0.253,-1.163,16.0,-1.29,H,#A5AFB9,18,3.0,0,0,0.294,0,0,0,0,0.0,18
1,2021,2021101,10,Haas F1 Team,16,MSC,Mick Schumacher,47,#505050,43.0,619,92.997,92.997,0,0,93.239,0.484,-0.754,-0.425,-0.967,16.0,-0.754,-0.425,-0.967,16.0,-1.179,H,#A5AFB9,19,3.0,0,0,0.294,0,0,0,0,0.0,18
1,2021,2021101,10,Haas F1 Team,16,MSC,Mick Schumacher,47,#505050,44.0,620,93.292,93.292,0,0,93.144,0.295,-1.162,-0.110,-1.217,16.0,-1.162,-0.110,-1.217,16.0,-1.272,H,#A5AFB9,20,3.0,0,0,0.294,0,0,0,0,0.0,18
1,2021,2021101,10,Haas F1 Team,16,MSC,Mick Schumacher,47,#505050,45.0,621,93.654,93.654,0,0,93.473,0.362,-1.554,0.250,-1.429,20.0,-1.554,0.250,-1.429,20.0,-1.304,H,#A5AFB9,21,3.0,0,0,0.294,0,0,0,0,0.0,18
1,2021,2021101,10,Haas F1 Team,16,MSC,Mick Schumacher,47,#505050,46.0,622,93.767,93.767,0,0,93.71,0.113,-1.509,0.426,-1.296,20.0,-1.509,0.426,-1.296,20.0,-1.083,H,#A5AFB9,22,3.0,0,0,0.294,0,0,0,0,0.0,18
1,2021,2021101,10,Haas F1 Team,16,MSC,Mick Schumacher,47,#505050,47.0,623,93.371,93.371,0,0,93.569,0.396,-1.017,-0.154,-1.094,16.0,-1.017,-0.154,-1.094,16.0,-1.171,H,#A5AFB9,23,3.0,0,0,0.294,0,0,0,0,0.0,18
1,2021,2021101,10,Haas F1 Team,16,MSC,Mick Schumacher,47,#505050,48.0,624,93.091,93.091,0,0,93.231,0.280,-1.145,-0.161,-1.226,16.0,-1.145,-0.161,-1.226,16.0,-1.306,H,#A5AFB9,24,3.0,0,0,0.294,0,0,0,0,0.0,18
1,2021,2021101,10,Haas F1 Team,16,MSC,Mick Schumacher,47,#505050,49.0,625,93.179,93.179,0,0,93.135,0.088,-1.227,0.082,-1.186,20.0,-1.227,0.082,-1.186,20.0,-1.145,H,#A5AFB9,25,3.0,0,0,0.294,0,0,0,0,0.0,18
1,2021,2021101,10,Haas F1 Team,16,MSC,Mick Schumacher,47,#505050,50.0,626,92.862,92.862,0,0,93.02,0.317,-0.896,-0.065,-0.928,16.0,-0.896,-0.065,-0.928,16.0,-0.961,H,#A5AFB9,26,3.0,0,0,0.294,0,0,0,0,0.0,18
1,2021,2021101,10,Haas F1 Team,16,MSC,Mick Schumacher,47,#505050,51.0,627,92.987,92.987,0,0,92.924,0.125,-0.721,0.078,-0.682,20.0,-0.721,0.078,-0.682,20.0,-0.643,H,#A5AFB9,27,3.0,0,0,0.294,0,0,0,0,0.0,18
1,2021,2021101,10,Haas F1 Team,20,MAZ,Nikita Mazepin,9,#505050,1.0,577,-,-,0,1,-,-,-,-,-,-,-,-,-,-,,M,#F0E628,4,1.0,0,0,-,0,1,0,0,,18
1,2021,2021101,10,Haas F1 Team,20,MAZ,Nikita Mazepin,9,#505050,2.0,578,-,-,0,1,-,-,-,-,-,-,-,-,-,-,,M,#F0E628,5,1.0,1,0,-,0,0,0,0,0.0,18
1,2021,2021101,10,Haas F1 Team,20,MAZ,Nikita Mazepin,9,#505050,3.0,579,-,-,0,1,-,-,-,-,-,-,-,-,-,-,,M,#F0E628,4,2.0,0,0,0.361,0,0,0,0,0.0,18
1,2021,2021101,10,Haas F1 Team,20,MAZ,Nikita Mazepin,9,#505050,4.0,580,104.503,104.503,0,0,-,-,21.384,15.384,13.692,20.0,21.384,15.384,13.692,20.0,6.0,M,#F0E628,5,2.0,0,0,0.361,0,0,0,0,0.0,18
1,2021,2021101,10,Haas F1 Team,20,MAZ,Nikita Mazepin,9,#505050,5.0,581,98.789,98.789,0,0,101.646,5.714,-3.171,0.240,-3.291,20.0,-3.171,0.240,-3.291,20.0,-3.411,M,#F0E628,6,2.0,0,0,0.361,0,0,0,0,0.0,18
1,2021,2021101,10,Haas F1 Team,20,MAZ,Nikita Mazepin,9,#505050,6.0,582,97.188,97.188,0,0,97.988,1.601,-2.4,-0.047,-2.377,16.0,-2.400,-0.047,-2.377,16.0,-2.353,M,#F0E628,7,2.0,0,0,0.361,0,0,0,0,0.0,18
1,2021,2021101,10,Haas F1 Team,20,MAZ,Nikita Mazepin,9,#505050,7.0,583,97.928,97.11,1,0,97.149,0.740,-3.169,-0.935,-2.701,16.0,-2.352,-0.118,-2.293,16.0,-2.234,M,#F0E628,8,2.0,0,0,0.361,0,0,0,0,-1.0,19
1,2021,2021101,10,Haas F1 Team,20,MAZ,Nikita Mazepin,9,#505050,8.0,584,97.033,97.033,0,0,97.072,0.895,-2.173,0.498,-2.422,20.0,-2.173,0.498,-2.422,20.0,-2.671,M,#F0E628,9,2.0,0,0,0.361,0,0,0,0,0.0,19
1,2021,2021101,10,Haas F1 Team,20,MAZ,Nikita Mazepin,9,#505050,9.0,585,96.697,96.697,0,0,96.865,0.336,-2.146,-0.269,-2.011,16.0,-2.146,-0.269,-2.011,16.0,-1.877,M,#F0E628,10,2.0,0,0,0.361,0,0,0,0,0.0,19
1,2021,2021101,10,Haas F1 Team,20,MAZ,Nikita Mazepin,9,#505050,10.0,586,96.408,96.408,0,0,96.553,0.289,-2.037,-0.310,-1.882,16.0,-2.037,-0.310,-1.882,16.0,-1.727,M,#F0E628,11,2.0,0,0,0.361,0,0,0,0,0.0,19
1,2021,2021101,10,Haas F1 Team,20,MAZ,Nikita Mazepin,9,#505050,11.0,587,96.265,96.265,0,0,96.336,0.143,-1.885,-0.124,-1.823,16.0,-1.885,-0.124,-1.823,16.0,-1.761,M,#F0E628,12,2.0,0,0,0.361,0,0,0,0,0.0,19
1,2021,2021101,10,Haas F1 Team,20,MAZ,Nikita Mazepin,9,#505050,12.0,588,96.732,96.331,1,0,96.298,0.467,-2.278,-0.116,-2.220,16.0,-1.877,0.285,-2.019,20.0,-2.162,M,#F0E628,13,2.0,0,0,0.361,0,0,0,0,0.0,19
1,2021,2021101,10,Haas F1 Team,20,MAZ,Nikita Mazepin,9,#505050,13.0,589,96.397,96.397,0,0,96.364,0.335,-1.931,0.052,-1.957,20.0,-1.931,0.052,-1.957,20.0,-1.983,M,#F0E628,14,2.0,0,0,0.361,0,0,0,0,0.0,19
1,2021,2021101,10,Haas F1 Team,20,MAZ,Nikita Mazepin,9,#505050,14.0,590,96.363,96.363,0,0,96.38,0.034,-2.077,-0.289,-1.933,16.0,-2.077,-0.289,-1.933,16.0,-1.788,M,#F0E628,15,2.0,0,1,0.361,0,0,0,0,0.0,19
1,2021,2021101,10,Haas F1 Team,20,MAZ,Nikita Mazepin,9,#505050,15.0,591,96.104,96.104,0,0,96.233,0.259,-2.069,-0.284,-1.927,16.0,-2.069,-0.284,-1.927,16.0,-1.785,M,#F0E628,16,2.0,0,0,0.361,0,0,0,0,0.0,19
1,2021,2021101,10,Haas F1 Team,20,MAZ,Nikita Mazepin,9,#505050,16.0,592,96.152,96.152,0,0,96.128,0.048,-2.153,-0.521,-1.893,16.0,-2.153,-0.521,-1.893,16.0,-1.632,M,#F0E628,17,2.0,0,0,0.361,0,0,0,0,0.0,19
1,2021,2021101,10,Haas F1 Team,20,MAZ,Nikita Mazepin,9,#505050,17.0,593,95.735,95.735,0,0,95.944,0.417,-1.938,0.122,-1.999,20.0,-1.938,0.122,-1.999,20.0,-2.06,M,#F0E628,18,2.0,0,0,0.361,0,0,0,0,0.0,19
1,2021,2021101,10,Haas F1 Team,20,MAZ,Nikita Mazepin,9,#505050,18.0,594,95.376,95.376,0,0,95.556,0.359,-1.651,0.564,-1.933,20.0,-1.651,0.564,-1.933,20.0,-2.215,M,#F0E628,19,2.0,0,0,0.361,0,0,0,0,0.0,19
1,2021,2021101,10,Haas F1 Team,20,MAZ,Nikita Mazepin,9,#505050,19.0,595,96.011,95.628,1,0,95.502,0.635,-2.532,1.016,-3.040,20.0,-2.148,0.158,-2.227,20.0,-3.548,M,#F0E628,20,2.0,0,0,0.361,0,0,0,0,0.0,19
1,2021,2021101,10,Haas F1 Team,20,MAZ,Nikita Mazepin,9,#505050,20.0,596,95.879,95.879,0,0,95.753,0.132,-2.582,-0.249,-2.458,16.0,-2.582,-0.249,-2.458,16.0,-2.333,M,#F0E628,21,2.0,0,0,0.361,0,0,0,0,0.0,19
1,2021,2021101,10,Haas F1 Team,20,MAZ,Nikita Mazepin,9,#505050,21.0,597,95.692,95.692,0,0,95.786,0.187,-2.36,0.259,-2.490,20.0,-2.360,0.259,-2.490,20.0,-2.619,M,#F0E628,22,2.0,0,0,0.361,0,0,0,0,0.0,19
1,2021,2021101,10,Haas F1 Team,20,MAZ,Nikita Mazepin,9,#505050,22.0,598,95.822,95.822,0,0,95.757,0.130,-2.451,-0.370,-2.266,16.0,-2.451,-0.370,-2.266,16.0,-2.081,M,#F0E628,23,2.0,0,0,0.361,0,0,0,0,0.0,19
1,2021,2021101,10,Haas F1 Team,20,MAZ,Nikita Mazepin,9,#505050,23.0,599,95.634,95.634,0,0,95.728,0.188,-2.194,-0.247,-2.071,16.0,-2.194,-0.247,-2.071,16.0,-1.947,M,#F0E628,24,2.0,0,0,0.361,0,0,0,0,0.0,19
1,2021,2021101,10,Haas F1 Team,20,MAZ,Nikita Mazepin,9,#505050,24.0,600,94.736,94.736,0,0,95.185,0.898,-1.751,-,-,-,-1.751,-,-,-,,M,#F0E628,25,2.0,0,0,0.361,0,0,0,0,0.0,19
1,2021,2021101,10,Haas F1 Team,20,MAZ,Nikita Mazepin,9,#505050,25.0,601,-,-,0,1,-,-,-,-,-,-,-,-,-,-,,M,#F0E628,26,2.0,1,0,0.361,0,0,0,0,0.0,18
1,2021,2021101,10,Haas F1 Team,20,MAZ,Nikita Mazepin,9,#505050,26.0,602,-,-,0,1,-,-,-,-,-,-,-,-,-,-,-1.604,H,#A5AFB9,1,3.0,0,0,0.286,0,0,0,0,0.0,19
1,2021,2021101,10,Haas F1 Team,20,MAZ,Nikita Mazepin,9,#505050,27.0,603,94.423,94.423,0,0,-,-,-1.382,0.843,-1.804,20.0,-1.382,0.843,-1.804,20.0,-2.225,H,#A5AFB9,2,3.0,0,0,0.286,0,0,0,0,1.0,18
1,2021,2021101,10,Haas F1 Team,20,MAZ,Nikita Mazepin,9,#505050,28.0,604,94.404,94.404,0,0,94.414,0.019,-1.2,1.317,-1.859,20.0,-1.200,1.317,-1.859,20.0,-2.517,H,#A5AFB9,3,3.0,0,0,0.286,0,0,0,0,0.0,18
1,2021,2021101,10,Haas F1 Team,20,MAZ,Nikita Mazepin,9,#505050,29.0,605,94.715,94.715,0,0,94.56,0.311,-1.285,1.753,-2.162,20.0,-1.285,1.753,-2.162,20.0,-3.038,H,#A5AFB9,4,3.0,0,0,0.286,0,0,0,0,0.0,18
1,2021,2021101,10,Haas F1 Team,20,MAZ,Nikita Mazepin,9,#505050,30.0,606,96.036,96.036,0,0,95.376,1.321,-2.703,1.103,-3.255,20.0,-2.703,-0.216,-2.595,16.0,-3.806,H,#A5AFB9,5,3.0,0,0,0.286,0,0,0,0,0.0,18
1,2021,2021101,10,Haas F1 Team,20,MAZ,Nikita Mazepin,9,#505050,31.0,607,97.864,95.29,1,0,95.663,1.828,-4.705,-2.692,-3.359,16.0,-2.130,-0.117,-2.071,16.0,-2.013,H,#A5AFB9,6,3.0,0,0,0.286,0,0,0,0,0.0,18
1,2021,2021101,10,Haas F1 Team,20,MAZ,Nikita Mazepin,9,#505050,32.0,608,94.543,94.543,0,0,94.916,3.321,-1.435,-0.131,-1.369,16.0,-1.435,-0.131,-1.369,16.0,-1.304,H,#A5AFB9,7,3.0,0,0,0.286,0,0,0,0,0.0,18
1,2021,2021101,10,Haas F1 Team,20,MAZ,Nikita Mazepin,9,#505050,33.0,609,94.32,94.32,0,0,94.432,0.223,-1.353,-0.162,-1.272,16.0,-1.353,-0.162,-1.272,16.0,-1.191,H,#A5AFB9,8,3.0,0,0,0.286,0,0,0,0,0.0,18
1,2021,2021101,10,Haas F1 Team,20,MAZ,Nikita Mazepin,9,#505050,34.0,610,94.077,94.077,0,0,94.198,0.243,-1.161,0.003,-1.163,20.0,-1.161,0.003,-1.163,20.0,-1.164,H,#A5AFB9,9,3.0,0,0,0.286,0,0,0,0,0.0,18
1,2021,2021101,10,Haas F1 Team,20,MAZ,Nikita Mazepin,9,#505050,35.0,611,94.149,94.149,0,0,94.113,0.072,-1.34,-0.177,-1.252,16.0,-1.340,-0.177,-1.252,16.0,-1.163,H,#A5AFB9,10,3.0,0,0,0.286,0,0,0,0,0.0,18
1,2021,2021101,10,Haas F1 Team,20,MAZ,Nikita Mazepin,9,#505050,36.0,612,94.09,94.09,0,0,94.12,0.059,-1.206,-0.131,-1.140,16.0,-1.206,-0.131,-1.140,16.0,-1.075,H,#A5AFB9,11,3.0,0,0,0.286,0,0,0,0,0.0,18
1,2021,2021101,10,Haas F1 Team,20,MAZ,Nikita Mazepin,9,#505050,37.0,613,94.066,94.066,0,0,94.078,0.024,-1.155,0.031,-1.171,20.0,-1.155,0.031,-1.171,20.0,-1.186,H,#A5AFB9,12,3.0,0,0,0.286,0,0,0,0,0.0,18
1,2021,2021101,10,Haas F1 Team,20,MAZ,Nikita Mazepin,9,#505050,38.0,614,96.24,94.108,1,0,94.087,2.174,-3.496,0.393,-3.692,20.0,-1.364,0.230,-1.479,20.0,-3.889,H,#A5AFB9,13,3.0,0,0,0.286,0,0,0,0,0.0,18
1,2021,2021101,10,Haas F1 Team,20,MAZ,Nikita Mazepin,9,#505050,39.0,615,94.15,94.15,0,0,94.129,2.090,-1.32,0.429,-1.534,20.0,-1.320,0.429,-1.534,20.0,-1.749,H,#A5AFB9,14,3.0,0,1,0.286,0,0,0,0,0.0,18
1,2021,2021101,10,Haas F1 Team,20,MAZ,Nikita Mazepin,9,#505050,40.0,616,93.947,93.947,0,0,94.048,0.203,-1.517,-0.052,-1.491,16.0,-1.517,-0.052,-1.491,16.0,-1.465,H,#A5AFB9,15,3.0,0,0,0.286,0,0,0,0,0.0,18
1,2021,2021101,10,Haas F1 Team,20,MAZ,Nikita Mazepin,9,#505050,41.0,617,93.558,93.558,0,0,93.752,0.389,-1.147,-0.022,-1.136,16.0,-1.147,-0.022,-1.136,16.0,-1.125,H,#A5AFB9,16,3.0,0,0,0.286,0,0,0,0,0.0,17
1,2021,2021101,10,Haas F1 Team,20,MAZ,Nikita Mazepin,9,#505050,42.0,618,93.734,93.734,0,0,93.646,0.176,-1.29,-0.253,-1.163,16.0,-1.290,-0.253,-1.163,16.0,-1.037,H,#A5AFB9,17,3.0,0,0,0.286,0,0,0,0,0.0,17
1,2021,2021101,10,Haas F1 Team,20,MAZ,Nikita Mazepin,9,#505050,43.0,619,93.422,93.422,0,0,93.578,0.312,-1.179,-0.425,-0.967,16.0,-1.179,-0.425,-0.967,16.0,-0.754,H,#A5AFB9,18,3.0,0,0,0.286,0,0,0,0,0.0,17
1,2021,2021101,10,Haas F1 Team,20,MAZ,Nikita Mazepin,9,#505050,44.0,620,93.402,93.402,0,0,93.412,0.020,-1.272,-0.110,-1.217,16.0,-1.272,-0.110,-1.217,16.0,-1.162,H,#A5AFB9,19,3.0,0,0,0.286,0,0,0,0,0.0,17
1,2021,2021101,10,Haas F1 Team,20,MAZ,Nikita Mazepin,9,#505050,45.0,621,93.404,93.404,0,0,93.403,0.002,-1.304,0.250,-1.429,20.0,-1.304,0.250,-1.429,20.0,-1.554,H,#A5AFB9,20,3.0,0,0,0.286,0,0,0,0,0.0,17
1,2021,2021101,10,Haas F1 Team,20,MAZ,Nikita Mazepin,9,#505050,46.0,622,93.341,93.341,0,0,93.372,0.063,-1.083,0.426,-1.296,20.0,-1.083,0.426,-1.296,20.0,-1.509,H,#A5AFB9,21,3.0,0,0,0.286,0,0,0,0,0.0,17
1,2021,2021101,10,Haas F1 Team,20,MAZ,Nikita Mazepin,9,#505050,47.0,623,93.525,93.525,0,0,93.433,0.184,-1.171,-0.154,-1.094,16.0,-1.171,-0.154,-1.094,16.0,-1.017,H,#A5AFB9,22,3.0,0,0,0.286,0,0,0,0,0.0,17
1,2021,2021101,10,Haas F1 Team,20,MAZ,Nikita Mazepin,9,#505050,48.0,624,93.252,93.252,0,0,93.388,0.273,-1.306,-0.161,-1.226,16.0,-1.306,-0.161,-1.226,16.0,-1.145,H,#A5AFB9,23,3.0,0,0,0.286,0,0,0,0,0.0,17
1,2021,2021101,10,Haas F1 Team,20,MAZ,Nikita Mazepin,9,#505050,49.0,625,93.097,93.097,0,0,93.174,0.155,-1.145,0.082,-1.186,20.0,-1.145,0.082,-1.186,20.0,-1.227,H,#A5AFB9,24,3.0,0,0,0.286,0,0,0,0,0.0,17
1,2021,2021101,10,Haas F1 Team,20,MAZ,Nikita Mazepin,9,#505050,50.0,626,92.927,92.927,0,0,93.012,0.170,-0.961,-0.065,-0.928,16.0,-0.961,-0.065,-0.928,16.0,-0.896,H,#A5AFB9,25,3.0,0,0,0.286,0,0,0,0,0.0,17
1,2021,2021101,10,Haas F1 Team,20,MAZ,Nikita Mazepin,9,#505050,51.0,627,92.909,92.909,0,0,92.918,0.018,-0.643,0.078,-0.682,20.0,-0.643,0.078,-0.682,20.0,-0.721,H,#A5AFB9,26,3.0,0,0,0.286,0,0,0,0,0.0,17
1,2021,2021111,11,Haas F1 Team,16,MSC,Mick Schumacher,47,#505050,1.0,629,-,-,0,1,-,-,-,-,-,-,-,-,-,-,,I,#50A078,1,1.0,0,0,-,0,1,0,0,,10
1,2021,2021111,11,Haas F1 Team,16,MSC,Mick Schumacher,47,#505050,2.0,630,-,-,0,1,-,-,-,-,-,-,-,-,-,-,,I,#50A078,2,1.0,1,0,-,0,0,0,0,0.0,10
1,2021,2021111,11,Haas F1 Team,16,MSC,Mick Schumacher,47,#505050,3.0,631,-,-,0,1,-,-,-,-,-,-,-,-,-,-,,I,#50A078,1,2.0,1,0,-,0,0,0,0,0.0,9
1,2021,2021111,11,Haas F1 Team,16,MSC,Mick Schumacher,47,#505050,4.0,632,-,-,0,1,-,-,-,-,-,-,-,-,-,-,,M,#F0E628,1,3.0,0,0,0.251,0,0,0,0,0.0,11
1,2021,2021111,11,Haas F1 Team,16,MSC,Mick Schumacher,47,#505050,5.0,633,87.211,87.211,0,0,-,-,-0.864,-,-,-,-0.864,-,-,-,,M,#F0E628,2,3.0,0,0,0.251,0,0,0,0,0.0,10
1,2021,2021111,11,Haas F1 Team,16,MSC,Mick Schumacher,47,#505050,6.0,634,86.235,86.235,0,0,86.723,0.976,-0.579,-,-,-,-0.579,-,-,-,,M,#F0E628,3,3.0,0,0,0.251,0,0,0,0,0.0,10
1,2021,2021111,11,Haas F1 Team,16,MSC,Mick Schumacher,47,#505050,7.0,635,86.121,86.121,0,0,86.178,0.114,-0.569,-,-,-,-0.569,-,-,-,,M,#F0E628,4,3.0,0,0,0.251,0,0,0,0,0.0,10
1,2021,2021111,11,Haas F1 Team,16,MSC,Mick Schumacher,47,#505050,8.0,636,85.735,85.735,0,0,85.928,0.386,-0.542,-,-,-,-0.542,-,-,-,,M,#F0E628,5,3.0,0,0,0.251,0,0,0,0,0.0,10
1,2021,2021111,11,Haas F1 Team,16,MSC,Mick Schumacher,47,#505050,9.0,637,85.977,85.977,0,0,85.856,0.242,-0.853,-,-,-,-0.853,-,-,-,,M,#F0E628,6,3.0,0,0,0.251,0,0,0,0,0.0,10
1,2021,2021111,11,Haas F1 Team,16,MSC,Mick Schumacher,47,#505050,10.0,638,85.551,85.551,0,0,85.764,0.426,-0.476,-,-,-,-0.476,-,-,-,,M,#F0E628,7,3.0,0,0,0.251,0,0,0,0,0.0,10
1,2021,2021111,11,Haas F1 Team,16,MSC,Mick Schumacher,47,#505050,11.0,639,85.49,85.49,0,0,85.52,0.061,-0.55,-,-,-,-0.550,-,-,-,,M,#F0E628,8,3.0,0,0,0.251,0,0,0,0,0.0,10
1,2021,2021111,11,Haas F1 Team,16,MSC,Mick Schumacher,47,#505050,12.0,640,85.395,85.395,0,0,85.442,0.095,-0.506,-,-,-,-0.506,-,-,-,,M,#F0E628,9,3.0,0,0,0.251,0,0,0,0,0.0,10
1,2021,2021111,11,Haas F1 Team,16,MSC,Mick Schumacher,47,#505050,13.0,641,85.491,85.491,0,0,85.443,0.096,-0.675,-,-,-,-0.675,-,-,-,,M,#F0E628,10,3.0,0,0,0.251,0,0,0,0,0.0,10
1,2021,2021111,11,Haas F1 Team,16,MSC,Mick Schumacher,47,#505050,14.0,642,87.278,86.056,1,0,85.773,1.787,-2.514,-,-,-,-1.291,-,-,-,,M,#F0E628,11,3.0,0,0,0.251,0,0,0,0,-1.0,11
1,2021,2021111,11,Haas F1 Team,16,MSC,Mick Schumacher,47,#505050,15.0,643,86.62,86.62,0,0,86.338,0.658,-1.976,-,-,-,-1.976,-,-,-,,M,#F0E628,12,3.0,0,0,0.251,0,0,0,0,-1.0,12
1,2021,2021111,11,Haas F1 Team,16,MSC,Mick Schumacher,47,#505050,16.0,644,86.52,86.52,0,0,86.57,0.100,-2.23,-,-,-,-2.230,-,-,-,,M,#F0E628,13,3.0,0,0,0.251,0,0,0,0,-1.0,12
1,2021,2021111,11,Haas F1 Team,16,MSC,Mick Schumacher,47,#505050,17.0,645,85.428,85.428,0,0,85.974,1.092,-1.304,-,-,-,-1.304,-,-,-,,M,#F0E628,14,3.0,0,0,0.251,0,0,0,0,0.0,12
1,2021,2021111,11,Haas F1 Team,16,MSC,Mick Schumacher,47,#505050,18.0,646,85.793,85.793,0,0,85.61,0.365,-1.574,-,-,-,-1.574,-,-,-,,M,#F0E628,15,3.0,0,0,0.251,0,0,0,0,0.0,12
1,2021,2021111,11,Haas F1 Team,16,MSC,Mick Schumacher,47,#505050,19.0,647,85.268,85.268,0,0,85.53,0.525,-0.935,-,-,-,-0.935,-,-,-,,M,#F0E628,16,3.0,0,1,0.251,0,0,0,0,0.0,12
1,2021,2021111,11,Haas F1 Team,16,MSC,Mick Schumacher,47,#505050,20.0,648,85.245,85.245,0,0,85.256,0.023,-0.95,-,-,-,-0.950,-,-,-,,M,#F0E628,17,3.0,0,0,0.251,0,0,0,0,0.0,11
1,2021,2021111,11,Haas F1 Team,16,MSC,Mick Schumacher,47,#505050,21.0,649,84.74,84.74,0,0,84.992,0.505,-0.918,-,-,-,-0.918,-,-,-,,M,#F0E628,18,3.0,0,0,0.251,0,0,0,0,0.0,9
1,2021,2021111,11,Haas F1 Team,16,MSC,Mick Schumacher,47,#505050,22.0,650,84.765,84.765,0,0,84.752,0.025,-1.028,-,-,-,-1.028,-,-,-,,M,#F0E628,19,3.0,0,0,0.251,0,0,0,0,0.0,8
1,2021,2021111,11,Haas F1 Team,16,MSC,Mick Schumacher,47,#505050,23.0,651,85.204,85.204,0,0,84.984,0.439,-1.93,-,-,-,-1.930,-,-,-,,M,#F0E628,20,3.0,0,0,0.251,0,0,0,0,0.0,8
1,2021,2021111,11,Haas F1 Team,16,MSC,Mick Schumacher,47,#505050,24.0,652,85.791,84.96,1,0,85.082,0.587,-2.561,-,-,-,-1.731,-,-,-,,M,#F0E628,21,3.0,0,0,0.251,0,0,0,0,-1.0,9
1,2021,2021111,11,Haas F1 Team,16,MSC,Mick Schumacher,47,#505050,25.0,653,84.717,84.717,0,0,84.839,1.074,-1.486,-,-,-,-1.486,-,-,-,,M,#F0E628,22,3.0,0,0,0.251,0,0,0,0,0.0,9
1,2021,2021111,11,Haas F1 Team,16,MSC,Mick Schumacher,47,#505050,26.0,654,84.482,84.482,0,0,84.6,0.235,-1.243,-,-,-,-1.243,-,-,-,,M,#F0E628,23,3.0,0,0,0.251,0,0,0,0,0.0,9
1,2021,2021111,11,Haas F1 Team,16,MSC,Mick Schumacher,47,#505050,27.0,655,84.604,84.604,0,0,84.543,0.122,-1.27,-,-,-,-1.270,-,-,-,,M,#F0E628,24,3.0,0,0,0.251,0,0,0,0,0.0,9
1,2021,2021111,11,Haas F1 Team,16,MSC,Mick Schumacher,47,#505050,28.0,656,84.542,84.542,0,0,84.573,0.062,-1.078,-,-,-,-1.078,-,-,-,,M,#F0E628,25,3.0,0,0,0.251,0,0,0,0,0.0,9
1,2021,2021111,11,Haas F1 Team,16,MSC,Mick Schumacher,47,#505050,29.0,657,84.821,84.821,0,0,84.682,0.279,-1.155,-,-,-,-1.155,-,-,-,,M,#F0E628,26,3.0,0,0,0.251,0,0,0,0,0.0,9
1,2021,2021111,11,Haas F1 Team,16,MSC,Mick Schumacher,47,#505050,30.0,658,84.862,84.862,0,0,84.842,0.041,-1.117,-,-,-,-1.117,-,-,-,,M,#F0E628,27,3.0,0,0,0.251,0,0,0,0,0.0,9
1,2021,2021111,11,Haas F1 Team,16,MSC,Mick Schumacher,47,#505050,31.0,659,84.409,84.409,0,0,84.636,0.453,-0.862,-,-,-,-0.862,-,-,-,,M,#F0E628,28,3.0,0,0,0.251,0,0,0,0,0.0,9
1,2021,2021111,11,Haas F1 Team,16,MSC,Mick Schumacher,47,#505050,32.0,660,84.728,84.728,0,0,84.568,0.319,-1.237,-,-,-,-1.237,-,-,-,,M,#F0E628,29,3.0,0,0,0.251,0,0,0,0,0.0,9
1,2021,2021111,11,Haas F1 Team,16,MSC,Mick Schumacher,47,#505050,33.0,661,86.555,86.555,0,0,85.642,1.827,-2.891,-,-,-,-2.891,-,-,-,,M,#F0E628,30,3.0,0,0,0.251,0,0,0,0,-1.0,10
1,2021,2021111,11,Haas F1 Team,16,MSC,Mick Schumacher,47,#505050,34.0,662,-,-,0,1,-,-,-,-,-,-,-,-,-,-,,M,#F0E628,31,3.0,1,0,0.251,0,0,0,0,0.0,13
1,2021,2021111,11,Haas F1 Team,16,MSC,Mick Schumacher,47,#505050,35.0,663,-,-,0,1,-,-,-,-,-,-,-,-,-,-,,H,#A5AFB9,1,4.0,0,0,0.314,0,0,0,0,0.0,13
1,2021,2021111,11,Haas F1 Team,16,MSC,Mick Schumacher,47,#505050,36.0,664,82.983,82.983,0,0,-,-,-0.286,-,-,-,-0.286,-,-,-,,H,#A5AFB9,2,4.0,0,0,0.314,0,0,0,0,0.0,13
1,2021,2021111,11,Haas F1 Team,16,MSC,Mick Schumacher,47,#505050,37.0,665,83.158,83.158,0,0,83.071,0.175,-0.336,-,-,-,-0.336,-,-,-,,H,#A5AFB9,3,4.0,0,0,0.314,0,0,0,0,0.0,13
1,2021,2021111,11,Haas F1 Team,16,MSC,Mick Schumacher,47,#505050,38.0,666,82.936,82.936,0,0,83.047,0.222,-0.099,-,-,-,-0.099,-,-,-,,H,#A5AFB9,4,4.0,0,0,0.314,0,0,0,0,0.0,13
1,2021,2021111,11,Haas F1 Team,16,MSC,Mick Schumacher,47,#505050,39.0,667,82.876,82.876,0,0,82.906,0.060,-0.153,-,-,-,-0.153,-,-,-,,H,#A5AFB9,5,4.0,0,0,0.314,0,0,0,0,0.0,13
1,2021,2021111,11,Haas F1 Team,16,MSC,Mick Schumacher,47,#505050,40.0,668,83.12,83.12,0,0,82.998,0.244,-0.455,-,-,-,-0.455,-,-,-,,H,#A5AFB9,6,4.0,0,0,0.314,0,0,0,0,0.0,13
1,2021,2021111,11,Haas F1 Team,16,MSC,Mick Schumacher,47,#505050,41.0,669,83.051,83.051,0,0,83.086,0.069,-0.563,-,-,-,-0.563,-,-,-,,H,#A5AFB9,7,4.0,0,0,0.314,0,0,0,0,0.0,13
1,2021,2021111,11,Haas F1 Team,16,MSC,Mick Schumacher,47,#505050,42.0,670,83.152,83.152,0,0,83.102,0.101,-0.836,-,-,-,-0.836,-,-,-,,H,#A5AFB9,8,4.0,0,0,0.314,0,0,0,0,0.0,13
1,2021,2021111,11,Haas F1 Team,16,MSC,Mick Schumacher,47,#505050,43.0,671,83.037,83.037,0,0,83.095,0.115,-0.714,-,-,-,-0.714,-,-,-,,H,#A5AFB9,9,4.0,0,0,0.314,0,0,0,0,0.0,13
1,2021,2021111,11,Haas F1 Team,16,MSC,Mick Schumacher,47,#505050,44.0,672,82.711,82.711,0,0,82.874,0.326,-0.385,-,-,-,-0.385,-,-,-,,H,#A5AFB9,10,4.0,0,0,0.314,0,0,0,0,0.0,13
1,2021,2021111,11,Haas F1 Team,16,MSC,Mick Schumacher,47,#505050,45.0,673,83.246,82.821,1,0,82.766,0.535,-0.794,-,-,-,-0.369,-,-,-,,H,#A5AFB9,11,4.0,0,0,0.314,0,0,0,0,0.0,13
1,2021,2021111,11,Haas F1 Team,16,MSC,Mick Schumacher,47,#505050,46.0,674,82.931,82.931,0,0,82.876,0.315,-0.313,-,-,-,-0.313,-,-,-,,H,#A5AFB9,12,4.0,0,0,0.314,0,0,0,0,0.0,13
1,2021,2021111,11,Haas F1 Team,16,MSC,Mick Schumacher,47,#505050,47.0,675,83.373,82.891,1,0,82.911,0.442,-0.705,-,-,-,-0.223,-,-,-,,H,#A5AFB9,13,4.0,0,0,0.314,0,0,0,0,0.0,13
1,2021,2021111,11,Haas F1 Team,16,MSC,Mick Schumacher,47,#505050,48.0,676,82.851,82.851,0,0,82.871,0.522,-0.19,-,-,-,-0.190,-,-,-,,H,#A5AFB9,14,4.0,0,0,0.314,0,0,0,0,0.0,13
1,2021,2021111,11,Haas F1 Team,16,MSC,Mick Schumacher,47,#505050,49.0,677,82.721,82.721,0,0,82.786,0.130,-0.369,-,-,-,-0.369,-,-,-,,H,#A5AFB9,15,4.0,0,0,0.314,0,0,0,0,0.0,13
1,2021,2021111,11,Haas F1 Team,16,MSC,Mick Schumacher,47,#505050,50.0,678,86.915,83.003,1,0,82.862,4.194,-4.548,-,-,-,-0.636,-,-,-,,H,#A5AFB9,16,4.0,0,0,0.314,0,0,0,0,0.0,13
1,2021,2021111,11,Haas F1 Team,16,MSC,Mick Schumacher,47,#505050,51.0,679,83.285,83.285,0,0,83.144,3.630,-0.826,-,-,-,-0.826,-,-,-,,H,#A5AFB9,17,4.0,0,0,0.314,0,0,0,0,0.0,13
1,2021,2021111,11,Haas F1 Team,16,MSC,Mick Schumacher,47,#505050,52.0,680,86.069,83.759,1,0,83.522,2.784,-3.558,-,-,-,-1.248,-,-,-,,H,#A5AFB9,18,4.0,0,1,0.314,0,0,0,0,0.0,13
1,2021,2021111,11,Haas F1 Team,16,MSC,Mick Schumacher,47,#505050,53.0,681,84.233,84.233,0,0,83.996,1.836,-1.743,-,-,-,-1.743,-,-,-,,H,#A5AFB9,19,4.0,0,0,0.314,0,0,0,0,0.0,13
1,2021,2021111,11,Haas F1 Team,16,MSC,Mick Schumacher,47,#505050,54.0,682,83.724,83.724,0,0,83.978,0.509,-1.387,-,-,-,-1.387,-,-,-,,H,#A5AFB9,20,4.0,0,0,0.314,0,0,0,0,0.0,13
1,2021,2021111,11,Haas F1 Team,16,MSC,Mick Schumacher,47,#505050,55.0,683,83.481,83.481,0,0,83.602,0.243,-1.159,-,-,-,-1.159,-,-,-,,H,#A5AFB9,21,4.0,0,0,0.314,0,0,0,0,0.0,13
1,2021,2021111,11,Haas F1 Team,16,MSC,Mick Schumacher,47,#505050,56.0,684,83.671,83.671,0,0,83.576,0.190,-1.304,-,-,-,-1.304,-,-,-,,H,#A5AFB9,22,4.0,0,0,0.314,0,0,0,0,0.0,13
1,2021,2021111,11,Haas F1 Team,16,MSC,Mick Schumacher,47,#505050,57.0,685,83.464,83.464,0,0,83.568,0.207,-1.098,-,-,-,-1.098,-,-,-,,H,#A5AFB9,23,4.0,0,0,0.314,0,0,0,0,0.0,13
1,2021,2021111,11,Haas F1 Team,16,MSC,Mick Schumacher,47,#505050,58.0,686,83.357,83.357,0,0,83.41,0.107,-1.048,-,-,-,-1.048,-,-,-,,H,#A5AFB9,24,4.0,0,0,0.314,0,0,0,0,0.0,13
1,2021,2021111,11,Haas F1 Team,16,MSC,Mick Schumacher,47,#505050,59.0,687,83.311,83.311,0,0,83.334,0.046,-1.042,-,-,-,-1.042,-,-,-,,H,#A5AFB9,25,4.0,0,0,0.314,0,0,0,0,0.0,13
1,2021,2021111,11,Haas F1 Team,16,MSC,Mick Schumacher,47,#505050,60.0,688,83.367,83.367,0,0,83.339,0.056,-1.023,-,-,-,-1.023,-,-,-,,H,#A5AFB9,26,4.0,0,0,0.314,0,0,0,0,0.0,13
1,2021,2021111,11,Haas F1 Team,16,MSC,Mick Schumacher,47,#505050,61.0,689,83.041,83.041,0,0,83.204,0.326,-0.681,-,-,-,-0.681,-,-,-,,H,#A5AFB9,27,4.0,0,0,0.314,0,0,0,0,0.0,13
1,2021,2021111,11,Haas F1 Team,16,MSC,Mick Schumacher,47,#505050,62.0,690,83.123,83.123,0,0,83.082,0.082,-0.862,-,-,-,-0.862,-,-,-,,H,#A5AFB9,28,4.0,0,0,0.314,0,0,0,0,0.0,13
1,2021,2021111,11,Haas F1 Team,16,MSC,Mick Schumacher,47,#505050,63.0,691,83.443,83.131,1,0,83.127,0.320,-1.023,-,-,-,-0.710,-,-,-,,H,#A5AFB9,29,4.0,0,0,0.314,0,0,0,0,0.0,13
1,2021,2021111,11,Haas F1 Team,16,MSC,Mick Schumacher,47,#505050,64.0,692,83.138,83.138,0,0,83.134,0.305,-0.611,-,-,-,-0.611,-,-,-,,H,#A5AFB9,30,4.0,0,0,0.314,0,0,0,0,0.0,13
1,2021,2021111,11,Haas F1 Team,16,MSC,Mick Schumacher,47,#505050,65.0,693,83.214,83.214,0,0,83.176,0.076,-0.704,-,-,-,-0.704,-,-,-,,H,#A5AFB9,31,4.0,0,0,0.314,0,0,0,0,0.0,13
1,2021,2021111,11,Haas F1 Team,16,MSC,Mick Schumacher,47,#505050,66.0,694,83.117,83.117,0,0,83.166,0.097,-0.451,-,-,-,-0.451,-,-,-,,H,#A5AFB9,32,4.0,0,0,0.314,0,0,0,0,0.0,13
1,2021,2021111,11,Haas F1 Team,16,MSC,Mick Schumacher,47,#505050,67.0,695,83.192,83.192,0,0,83.154,0.075,-0.435,-,-,-,-0.435,-,-,-,,H,#A5AFB9,33,4.0,0,0,0.314,0,0,0,0,0.0,13
1,2021,2021111,11,Haas F1 Team,16,MSC,Mick Schumacher,47,#505050,68.0,696,83.112,83.112,0,0,83.152,0.080,-0.529,-,-,-,-0.529,-,-,-,,H,#A5AFB9,34,4.0,0,0,0.314,0,0,0,0,0.0,13
1,2021,2021111,11,Haas F1 Team,16,MSC,Mick Schumacher,47,#505050,69.0,697,83.694,83.694,0,0,83.403,0.582,-0.898,-,-,-,-0.898,-,-,-,,H,#A5AFB9,35,4.0,0,0,0.314,0,0,0,0,0.0,13
1,2021,2021111,11,Haas F1 Team,20,MAZ,Nikita Mazepin,9,#505050,1.0,629,-,-,0,1,-,-,-,-,-,-,-,-,-,-,,I,#50A078,1,1.0,1,0,-,0,1,0,0,,14
1,2021,2021111,11,Haas F1 Team,20,MAZ,Nikita Mazepin,9,#505050,2.0,630,-,-,0,1,-,-,-,-,-,-,-,-,-,-,,I,#50A078,1,2.0,1,0,-,0,0,0,0,0.0,14
1,2021,2021111,11,Haas F1 Team,20,MAZ,Nikita Mazepin,9,#505050,3.0,631,-,-,0,1,-,-,-,-,-,-,-,-,-,-,,I,#50A078,1,3.0,1,0,-,0,0,0,0,0.0,14
1,2021,2021131,13,Haas F1 Team,16,MSC,Mick Schumacher,47,#505050,1.0,699,-,-,0,1,-,-,-,-,-,-,-,-,-,-,,S,#CD3C3C,1,1.0,0,0,-,0,0,0,0,,18
1,2021,2021131,13,Haas F1 Team,16,MSC,Mick Schumacher,47,#505050,2.0,700,-,-,0,1,-,-,-,-,-,-,-,-,-,-,,S,#CD3C3C,2,1.0,0,0,-,0,0,0,0,0.0,18
1,2021,2021131,13,Haas F1 Team,16,MSC,Mick Schumacher,47,#505050,3.0,701,80.525,80.525,0,0,-,-,-,-,-,-,-,-,-,-,-1.755,S,#CD3C3C,3,1.0,0,1,-,0,0,0,0,0.0,18
1,2021,2021131,13,Haas F1 Team,16,MSC,Mick Schumacher,47,#505050,4.0,702,-,-,0,1,-,-,-,-,-,-,-,-,-,-,-1.604,S,#CD3C3C,4,1.0,1,0,-,0,0,0,0,0.0,20
1,2021,2021131,13,Haas F1 Team,16,MSC,Mick Schumacher,47,#505050,5.0,703,-,-,0,1,-,-,-,-,-,-,-,-,-,-,-1.166,H,#A5AFB9,1,2.0,0,0,0.758,0,0,0,0,0.0,20
1,2021,2021131,13,Haas F1 Team,16,MSC,Mick Schumacher,47,#505050,6.0,704,77.21,77.21,0,0,-,-,0.234,1.456,-0.494,16.0,0.234,1.456,-0.494,16.0,-1.222,H,#A5AFB9,2,2.0,0,0,0.758,0,0,0,0,0.0,20
1,2021,2021131,13,Haas F1 Team,16,MSC,Mick Schumacher,47,#505050,7.0,705,80.767,78.224,1,0,77.717,3.557,-3.348,-2.516,-2.090,20.0,-0.805,0.027,-0.819,16.0,-0.832,H,#A5AFB9,3,2.0,0,0,0.758,0,0,0,0,0.0,20
1,2021,2021131,13,Haas F1 Team,16,MSC,Mick Schumacher,47,#505050,8.0,706,79.237,79.237,0,0,78.73,1.530,-1.849,-1.041,-1.329,20.0,-1.849,-1.041,-1.329,20.0,-0.808,H,#A5AFB9,4,2.0,0,0,0.758,0,0,0,0,0.0,20
1,2021,2021131,13,Haas F1 Team,16,MSC,Mick Schumacher,47,#505050,9.0,707,78.132,78.132,0,0,78.684,1.105,-0.703,0.266,-0.836,16.0,-0.703,0.266,-0.836,16.0,-0.969,H,#A5AFB9,5,2.0,0,0,0.758,0,0,0,0,0.0,20
1,2021,2021131,13,Haas F1 Team,16,MSC,Mick Schumacher,47,#505050,10.0,708,78.011,78.011,0,0,78.072,0.121,-0.731,0.474,-0.968,16.0,-0.731,0.474,-0.968,16.0,-1.205,H,#A5AFB9,6,2.0,0,0,0.758,0,0,0,0,0.0,20
1,2021,2021131,13,Haas F1 Team,16,MSC,Mick Schumacher,47,#505050,11.0,709,78.095,78.095,0,0,78.053,0.084,-0.73,0.423,-0.942,16.0,-0.730,0.423,-0.942,16.0,-1.153,H,#A5AFB9,7,2.0,0,0,0.758,0,0,0,0,0.0,20
1,2021,2021131,13,Haas F1 Team,16,MSC,Mick Schumacher,47,#505050,12.0,710,77.855,77.855,0,0,77.975,0.240,-0.716,0.697,-1.065,16.0,-0.716,0.697,-1.065,16.0,-1.413,H,#A5AFB9,8,2.0,0,0,0.758,0,0,0,0,0.0,20
1,2021,2021131,13,Haas F1 Team,16,MSC,Mick Schumacher,47,#505050,13.0,711,79.576,79.576,0,0,78.715,1.721,-2.485,0.364,-2.667,16.0,-2.485,-1.057,-1.956,20.0,-2.849,H,#A5AFB9,9,2.0,0,0,0.758,0,0,0,0,0.0,20
1,2021,2021131,13,Haas F1 Team,16,MSC,Mick Schumacher,47,#505050,14.0,712,80.768,80.768,0,0,80.172,1.192,-3.627,-2.281,-2.486,20.0,-3.627,-2.281,-2.486,20.0,-1.346,H,#A5AFB9,10,2.0,0,0,0.758,0,0,0,0,0.0,20
1,2021,2021131,13,Haas F1 Team,16,MSC,Mick Schumacher,47,#505050,15.0,713,78.439,78.439,0,0,79.604,2.329,-1.488,0.685,-1.831,16.0,-1.488,0.003,-1.490,16.0,-2.173,H,#A5AFB9,11,2.0,0,0,0.758,0,0,0,0,0.0,20
1,2021,2021131,13,Haas F1 Team,16,MSC,Mick Schumacher,47,#505050,16.0,714,80.582,78.458,1,0,78.448,2.143,-3.653,-2.185,-2.561,20.0,-1.529,-0.061,-1.498,20.0,-1.468,H,#A5AFB9,12,2.0,0,0,0.758,0,0,0,0,0.0,20
1,2021,2021131,13,Haas F1 Team,16,MSC,Mick Schumacher,47,#505050,17.0,715,78.477,78.477,0,0,78.468,2.105,-1.483,-0.321,-1.323,20.0,-1.483,-0.321,-1.323,20.0,-1.162,H,#A5AFB9,13,2.0,0,1,0.758,0,0,0,0,0.0,20
1,2021,2021131,13,Haas F1 Team,16,MSC,Mick Schumacher,47,#505050,18.0,716,78.258,78.258,0,0,78.368,0.219,-1.345,-0.151,-1.270,20.0,-1.345,-0.151,-1.270,20.0,-1.194,H,#A5AFB9,14,2.0,0,0,0.758,0,0,0,0,0.0,20
1,2021,2021131,13,Haas F1 Team,16,MSC,Mick Schumacher,47,#505050,19.0,717,78.108,78.108,0,0,78.183,0.150,-1.117,1.078,-1.656,16.0,-1.117,-0.043,-1.095,20.0,-2.195,H,#A5AFB9,15,2.0,0,0,0.758,0,0,0,0,0.0,20
1,2021,2021131,13,Haas F1 Team,16,MSC,Mick Schumacher,47,#505050,20.0,718,78.375,78.375,0,0,78.242,0.267,-1.476,-0.352,-1.300,20.0,-1.476,-0.352,-1.300,20.0,-1.124,H,#A5AFB9,16,2.0,0,0,0.758,0,0,0,0,0.0,20
1,2021,2021131,13,Haas F1 Team,16,MSC,Mick Schumacher,47,#505050,21.0,719,79.666,79.666,0,0,79.02,1.291,-2.738,-1.714,-1.881,20.0,-2.738,-1.714,-1.881,20.0,-1.024,H,#A5AFB9,17,2.0,0,0,0.758,0,0,0,0,0.0,20
1,2021,2021131,13,Haas F1 Team,16,MSC,Mick Schumacher,47,#505050,22.0,720,77.656,77.656,0,0,78.661,2.010,-1.027,0.024,-1.039,16.0,-1.027,0.024,-1.039,16.0,-1.051,H,#A5AFB9,18,2.0,0,0,0.758,0,0,0,0,0.0,20
1,2021,2021131,13,Haas F1 Team,16,MSC,Mick Schumacher,47,#505050,23.0,721,80.4,80.4,0,0,79.028,2.744,-3.656,-2.555,-2.378,20.0,-3.656,-2.555,-2.378,20.0,-1.101,H,#A5AFB9,19,2.0,0,0,0.758,0,0,0,0,0.0,20
1,2021,2021131,13,Haas F1 Team,16,MSC,Mick Schumacher,47,#505050,24.0,722,82.129,82.129,0,0,81.264,1.729,-5.083,-1.238,-4.464,20.0,-5.083,-1.238,-4.464,20.0,-3.845,H,#A5AFB9,20,2.0,0,0,0.758,0,0,0,0,0.0,20
1,2021,2021131,13,Haas F1 Team,16,MSC,Mick Schumacher,47,#505050,25.0,723,83.938,81.298,1,0,81.714,1.809,-6.921,-2.853,-5.495,20.0,-4.281,-0.213,-4.175,20.0,-4.068,H,#A5AFB9,21,2.0,0,0,0.758,0,0,0,0,0.0,20
1,2021,2021131,13,Haas F1 Team,16,MSC,Mick Schumacher,47,#505050,26.0,724,80.467,80.467,0,0,80.882,3.471,-3.779,-2.806,-2.376,20.0,-3.779,-2.806,-2.376,20.0,-0.973,H,#A5AFB9,22,2.0,0,0,0.758,0,0,0,0,0.0,20
1,2021,2021131,13,Haas F1 Team,16,MSC,Mick Schumacher,47,#505050,27.0,725,77.82,77.82,0,0,79.143,2.647,-1.316,-0.215,-1.208,20.0,-1.316,-0.215,-1.208,20.0,-1.101,H,#A5AFB9,23,2.0,0,0,0.758,0,0,0,0,0.0,20
1,2021,2021131,13,Haas F1 Team,16,MSC,Mick Schumacher,47,#505050,28.0,726,77.886,77.886,0,0,77.853,0.066,-1.385,-0.066,-1.352,20.0,-1.385,-0.066,-1.352,20.0,-1.319,H,#A5AFB9,24,2.0,0,0,0.758,0,0,0,0,0.0,20
1,2021,2021131,13,Haas F1 Team,16,MSC,Mick Schumacher,47,#505050,29.0,727,77.621,77.621,0,0,77.754,0.265,-1.061,0.209,-1.165,16.0,-1.061,0.209,-1.165,16.0,-1.27,H,#A5AFB9,25,2.0,0,0,0.758,0,0,0,0,0.0,20
1,2021,2021131,13,Haas F1 Team,16,MSC,Mick Schumacher,47,#505050,30.0,728,-,-,0,1,-,-,-,-,-,-,-,-,-,-,-2.544,H,#A5AFB9,26,2.0,1,0,0.758,0,0,0,0,0.0,20
1,2021,2021131,13,Haas F1 Team,16,MSC,Mick Schumacher,47,#505050,31.0,729,-,-,0,1,-,-,-,-,-,-,-,-,-,-,-1.943,M,#F0E628,1,3.0,0,0,0.679,0,0,0,0,0.0,20
1,2021,2021131,13,Haas F1 Team,16,MSC,Mick Schumacher,47,#505050,32.0,730,76.469,76.469,0,0,-,-,0.351,2.284,-0.791,16.0,0.351,2.284,-0.791,16.0,-1.933,M,#F0E628,2,3.0,0,0,0.679,0,0,0,0,0.0,20
1,2021,2021131,13,Haas F1 Team,16,MSC,Mick Schumacher,47,#505050,33.0,731,77.098,77.098,0,0,76.784,0.629,-0.742,-,-,-,-0.742,-,-,-,,M,#F0E628,3,3.0,0,0,0.679,0,0,0,0,0.0,20
1,2021,2021131,13,Haas F1 Team,16,MSC,Mick Schumacher,47,#505050,34.0,732,76.358,76.358,0,0,76.728,0.740,-0.229,-,-,-,-0.229,-,-,-,,M,#F0E628,4,3.0,0,0,0.679,0,0,0,0,0.0,20
1,2021,2021131,13,Haas F1 Team,16,MSC,Mick Schumacher,47,#505050,35.0,733,76.731,76.731,0,0,76.544,0.373,-0.542,-0.665,-0.209,20.0,-0.542,-0.665,-0.209,20.0,0.123,M,#F0E628,5,3.0,0,0,0.679,0,0,0,0,0.0,20
1,2021,2021131,13,Haas F1 Team,16,MSC,Mick Schumacher,47,#505050,36.0,734,75.927,75.927,0,0,76.329,0.804,0.126,0.218,0.017,16.0,0.126,0.218,0.017,16.0,-0.092,M,#F0E628,6,3.0,0,0,0.679,0,0,0,0,0.0,20
1,2021,2021131,13,Haas F1 Team,16,MSC,Mick Schumacher,47,#505050,37.0,735,76.228,76.228,0,0,76.078,0.301,-0.255,2.520,-1.515,16.0,-0.255,0.002,-0.256,16.0,-2.775,M,#F0E628,7,3.0,0,0,0.679,0,0,0,0,0.0,20
1,2021,2021131,13,Haas F1 Team,16,MSC,Mick Schumacher,47,#505050,38.0,736,75.949,75.949,0,0,76.088,0.279,0.228,0.365,0.045,16.0,0.228,0.365,0.045,16.0,-0.137,M,#F0E628,8,3.0,0,0,0.679,0,0,0,0,0.0,20
1,2021,2021131,13,Haas F1 Team,16,MSC,Mick Schumacher,47,#505050,39.0,737,76.107,76.107,0,0,76.028,0.158,0.235,0.451,0.009,16.0,0.235,0.451,0.009,16.0,-0.216,M,#F0E628,9,3.0,0,0,0.679,0,0,0,0,0.0,20
1,2021,2021131,13,Haas F1 Team,16,MSC,Mick Schumacher,47,#505050,40.0,738,76.571,76.571,0,0,76.339,0.464,-0.224,1.064,-0.756,16.0,-0.224,1.064,-0.756,16.0,-1.288,M,#F0E628,10,3.0,0,0,0.679,0,0,0,0,0.0,20
1,2021,2021131,13,Haas F1 Team,16,MSC,Mick Schumacher,47,#505050,41.0,739,77.039,77.039,0,0,76.805,0.468,-0.882,-,-,-,-0.882,-,-,-,,M,#F0E628,11,3.0,0,0,0.679,0,0,0,0,0.0,20
1,2021,2021131,13,Haas F1 Team,16,MSC,Mick Schumacher,47,#505050,42.0,740,76.656,76.656,0,0,76.848,0.383,-0.72,-,-,-,-0.720,-,-,-,,M,#F0E628,12,3.0,0,0,0.679,0,0,0,0,0.0,19
1,2021,2021131,13,Haas F1 Team,16,MSC,Mick Schumacher,47,#505050,43.0,741,76.834,76.834,0,0,76.745,0.178,-1.073,-,-,-,-1.073,-,-,-,,M,#F0E628,13,3.0,0,0,0.679,0,0,0,0,0.0,19
1,2021,2021131,13,Haas F1 Team,16,MSC,Mick Schumacher,47,#505050,44.0,742,79.079,76.489,1,0,76.662,2.245,-3.45,-,-,-,-0.861,-,-,-,,M,#F0E628,14,3.0,0,0,0.679,0,0,0,0,0.0,19
1,2021,2021131,13,Haas F1 Team,16,MSC,Mick Schumacher,47,#505050,45.0,743,76.145,76.145,0,0,76.317,2.934,-0.534,-,-,-,-0.534,-,-,-,,M,#F0E628,15,3.0,0,0,0.679,0,0,0,0,0.0,19
1,2021,2021131,13,Haas F1 Team,16,MSC,Mick Schumacher,47,#505050,46.0,744,76.256,76.256,0,0,76.2,0.111,-0.615,-,-,-,-0.615,-,-,-,,M,#F0E628,16,3.0,0,0,0.679,0,0,0,0,0.0,19
1,2021,2021131,13,Haas F1 Team,16,MSC,Mick Schumacher,47,#505050,47.0,745,78.505,76.786,1,0,76.521,2.249,-3.046,-,-,-,-1.327,-,-,-,,M,#F0E628,17,3.0,0,0,0.679,0,0,0,0,0.0,19
1,2021,2021131,13,Haas F1 Team,16,MSC,Mick Schumacher,47,#505050,48.0,746,77.316,77.316,0,0,77.051,1.189,-1.861,-,-,-,-1.861,-,-,-,,M,#F0E628,18,3.0,0,0,0.679,0,0,0,0,0.0,19
1,2021,2021131,13,Haas F1 Team,16,MSC,Mick Schumacher,47,#505050,49.0,747,76.698,76.698,0,0,77.007,0.618,-1.308,-,-,-,-1.308,-,-,-,,M,#F0E628,19,3.0,0,0,0.679,0,0,0,0,0.0,18
1,2021,2021131,13,Haas F1 Team,16,MSC,Mick Schumacher,47,#505050,50.0,748,76.742,76.742,0,0,76.72,0.044,-1.327,-,-,-,-1.327,-,-,-,,M,#F0E628,20,3.0,0,1,0.679,0,0,0,0,0.0,18
1,2021,2021131,13,Haas F1 Team,16,MSC,Mick Schumacher,47,#505050,51.0,749,76.293,76.293,0,0,76.518,0.449,-0.853,-,-,-,-0.853,-,-,-,,M,#F0E628,21,3.0,0,0,0.679,0,0,0,0,0.0,18
1,2021,2021131,13,Haas F1 Team,16,MSC,Mick Schumacher,47,#505050,52.0,750,76.158,76.158,0,0,76.226,0.135,-0.652,-,-,-,-0.652,-,-,-,,M,#F0E628,22,3.0,0,0,0.679,0,0,0,0,0.0,18
1,2021,2021131,13,Haas F1 Team,16,MSC,Mick Schumacher,47,#505050,53.0,751,76.219,76.219,0,0,76.188,0.061,-0.743,-,-,-,-0.743,-,-,-,,M,#F0E628,23,3.0,0,0,0.679,0,0,0,0,0.0,18
1,2021,2021131,13,Haas F1 Team,16,MSC,Mick Schumacher,47,#505050,54.0,752,78.316,76.52,1,0,76.369,2.097,-2.842,-,-,-,-1.046,-,-,-,,M,#F0E628,24,3.0,0,0,0.679,0,0,0,0,0.0,18
1,2021,2021131,13,Haas F1 Team,16,MSC,Mick Schumacher,47,#505050,55.0,753,76.82,76.82,0,0,76.67,1.496,-1.452,-,-,-,-1.452,-,-,-,,M,#F0E628,25,3.0,0,0,0.679,0,0,0,0,0.0,18
1,2021,2021131,13,Haas F1 Team,16,MSC,Mick Schumacher,47,#505050,56.0,754,78.008,76.74,1,0,76.78,1.188,-2.778,-,-,-,-1.510,-,-,-,,M,#F0E628,26,3.0,0,0,0.679,0,0,0,0,0.0,18
1,2021,2021131,13,Haas F1 Team,16,MSC,Mick Schumacher,47,#505050,57.0,755,76.66,76.66,0,0,76.7,1.348,-1.496,-,-,-,-1.496,-,-,-,,M,#F0E628,27,3.0,0,0,0.679,0,0,0,0,0.0,18
1,2021,2021131,13,Haas F1 Team,16,MSC,Mick Schumacher,47,#505050,58.0,756,76.602,76.602,0,0,76.631,0.058,-1.459,-,-,-,-1.459,-,-,-,,M,#F0E628,28,3.0,0,0,0.679,0,0,0,0,0.0,18
1,2021,2021131,13,Haas F1 Team,16,MSC,Mick Schumacher,47,#505050,59.0,757,76.652,76.652,0,0,76.627,0.050,-1.506,-,-,-,-1.506,-,-,-,,M,#F0E628,29,3.0,0,0,0.679,0,0,0,0,0.0,18
1,2021,2021131,13,Haas F1 Team,16,MSC,Mick Schumacher,47,#505050,60.0,758,85.164,79.124,1,0,77.888,8.512,-9.946,-,-,-,-3.906,-,-,-,,M,#F0E628,30,3.0,0,0,0.679,0,0,0,0,0.0,18
1,2021,2021131,13,Haas F1 Team,16,MSC,Mick Schumacher,47,#505050,61.0,759,81.596,81.596,0,0,80.36,3.568,-6.141,-,-,-,-6.141,-,-,-,,M,#F0E628,31,3.0,0,0,0.679,0,0,0,0,0.0,18
1,2021,2021131,13,Haas F1 Team,16,MSC,Mick Schumacher,47,#505050,62.0,760,76.974,76.974,0,0,79.285,4.622,-1.675,-,-,-,-1.675,-,-,-,,M,#F0E628,32,3.0,0,0,0.679,0,0,0,0,0.0,18
1,2021,2021131,13,Haas F1 Team,16,MSC,Mick Schumacher,47,#505050,63.0,761,76.86,76.86,0,0,76.917,0.114,-1.389,-,-,-,-1.389,-,-,-,,M,#F0E628,33,3.0,0,0,0.679,0,0,0,0,0.0,18
1,2021,2021131,13,Haas F1 Team,16,MSC,Mick Schumacher,47,#505050,64.0,762,77.167,77.167,0,0,77.014,0.307,-1.668,-,-,-,-1.668,-,-,-,,M,#F0E628,34,3.0,0,0,0.679,0,0,0,0,0.0,18
1,2021,2021131,13,Haas F1 Team,16,MSC,Mick Schumacher,47,#505050,65.0,763,76.508,76.508,0,0,76.838,0.659,-0.89,-,-,-,-0.890,-,-,-,,M,#F0E628,35,3.0,0,0,0.679,0,0,0,0,0.0,18
1,2021,2021131,13,Haas F1 Team,16,MSC,Mick Schumacher,47,#505050,66.0,764,76.208,76.208,0,0,76.358,0.300,-0.362,-,-,-,-0.362,-,-,-,,M,#F0E628,36,3.0,0,0,0.679,0,0,0,0,0.0,18
1,2021,2021131,13,Haas F1 Team,16,MSC,Mick Schumacher,47,#505050,67.0,765,78.165,76.67,1,0,76.439,1.957,-1.843,-,-,-,-0.348,-,-,-,,M,#F0E628,37,3.0,0,0,0.679,0,0,0,0,0.0,18
1,2021,2021131,13,Haas F1 Team,16,MSC,Mick Schumacher,47,#505050,68.0,766,77.131,77.131,0,0,76.9,1.034,-1.012,-,-,-,-1.012,-,-,-,,M,#F0E628,38,3.0,0,0,0.679,0,0,0,0,0.0,18
1,2021,2021131,13,Haas F1 Team,16,MSC,Mick Schumacher,47,#505050,69.0,767,77.725,77.725,0,0,77.428,0.594,-1.849,-,-,-,-1.849,-,-,-,,M,#F0E628,39,3.0,0,0,0.679,0,0,0,0,0.0,18
1,2021,2021131,13,Haas F1 Team,20,MAZ,Nikita Mazepin,9,#505050,1.0,699,-,-,0,1,-,-,-,-,-,-,-,-,-,-,,M,#F0E628,1,1.0,0,0,0.327,0,0,0,0,,17
1,2021,2021131,13,Haas F1 Team,20,MAZ,Nikita Mazepin,9,#505050,2.0,700,-,-,0,1,-,-,-,-,-,-,-,-,-,-,,M,#F0E628,2,1.0,0,0,0.327,0,0,0,0,0.0,17
1,2021,2021131,13,Haas F1 Team,20,MAZ,Nikita Mazepin,9,#505050,3.0,701,79.416,79.416,0,0,-,-,-1.755,-,-,-,-1.755,-,-,-,,M,#F0E628,3,1.0,0,0,0.327,0,0,0,0,0.0,17
1,2021,2021131,13,Haas F1 Team,20,MAZ,Nikita Mazepin,9,#505050,4.0,702,78.921,78.921,0,0,79.168,0.495,-1.604,-,-,-,-1.604,-,-,-,,M,#F0E628,4,1.0,0,0,0.327,0,0,0,0,0.0,17
1,2021,2021131,13,Haas F1 Team,20,MAZ,Nikita Mazepin,9,#505050,5.0,703,78.453,78.453,0,0,78.687,0.468,-1.166,-,-,-,-1.166,-,-,-,,M,#F0E628,5,1.0,0,0,0.327,0,0,0,0,0.0,17
1,2021,2021131,13,Haas F1 Team,20,MAZ,Nikita Mazepin,9,#505050,6.0,704,78.665,78.665,0,0,78.559,0.212,-1.222,1.456,-0.494,16.0,-1.222,1.456,-0.494,16.0,0.234,M,#F0E628,6,1.0,0,0,0.327,0,0,0,0,0.0,17
1,2021,2021131,13,Haas F1 Team,20,MAZ,Nikita Mazepin,9,#505050,7.0,705,78.251,78.251,0,0,78.458,0.414,-0.832,-2.516,-2.090,20.0,-0.832,0.027,-0.819,16.0,-3.348,M,#F0E628,7,1.0,0,0,0.327,0,0,0,0,0.0,17
1,2021,2021131,13,Haas F1 Team,20,MAZ,Nikita Mazepin,9,#505050,8.0,706,78.196,78.196,0,0,78.224,0.055,-0.808,-1.041,-1.329,20.0,-0.808,-1.041,-1.329,20.0,-1.849,M,#F0E628,8,1.0,0,0,0.327,0,0,0,0,0.0,17
1,2021,2021131,13,Haas F1 Team,20,MAZ,Nikita Mazepin,9,#505050,9.0,707,78.398,78.398,0,0,78.297,0.202,-0.969,0.266,-0.836,16.0,-0.969,0.266,-0.836,16.0,-0.703,M,#F0E628,9,1.0,0,0,0.327,0,0,0,0,0.0,17
1,2021,2021131,13,Haas F1 Team,20,MAZ,Nikita Mazepin,9,#505050,10.0,708,78.485,78.485,0,0,78.441,0.087,-1.205,0.474,-0.968,16.0,-1.205,0.474,-0.968,16.0,-0.731,M,#F0E628,10,1.0,0,0,0.327,0,0,0,0,0.0,17
1,2021,2021131,13,Haas F1 Team,20,MAZ,Nikita Mazepin,9,#505050,11.0,709,78.518,78.518,0,0,78.502,0.033,-1.153,0.423,-0.942,16.0,-1.153,0.423,-0.942,16.0,-0.73,M,#F0E628,11,1.0,0,0,0.327,0,0,0,0,0.0,16
1,2021,2021131,13,Haas F1 Team,20,MAZ,Nikita Mazepin,9,#505050,12.0,710,78.552,78.552,0,0,78.535,0.034,-1.413,0.697,-1.065,16.0,-1.413,0.697,-1.065,16.0,-0.716,M,#F0E628,12,1.0,0,0,0.327,0,0,0,0,0.0,16
1,2021,2021131,13,Haas F1 Team,20,MAZ,Nikita Mazepin,9,#505050,13.0,711,79.94,78.52,1,0,78.536,1.388,-2.849,0.364,-2.667,16.0,-1.428,-1.057,-1.956,20.0,-2.485,M,#F0E628,13,1.0,0,0,0.327,0,0,0,0,-1.0,17
1,2021,2021131,13,Haas F1 Team,20,MAZ,Nikita Mazepin,9,#505050,14.0,712,78.487,78.487,0,0,78.503,1.453,-1.346,-2.281,-2.486,20.0,-1.346,-2.281,-2.486,20.0,-3.627,M,#F0E628,14,1.0,0,0,0.327,0,0,0,0,0.0,17
1,2021,2021131,13,Haas F1 Team,20,MAZ,Nikita Mazepin,9,#505050,15.0,713,79.124,78.442,1,0,78.464,0.637,-2.173,0.685,-1.831,16.0,-1.491,0.003,-1.490,16.0,-1.488,M,#F0E628,15,1.0,0,0,0.327,0,0,0,0,-1.0,18
1,2021,2021131,13,Haas F1 Team,20,MAZ,Nikita Mazepin,9,#505050,16.0,714,78.397,78.397,0,0,78.42,0.727,-1.468,-2.185,-2.561,20.0,-1.468,-0.061,-1.498,20.0,-3.653,M,#F0E628,16,1.0,0,0,0.327,0,0,0,0,0.0,18
1,2021,2021131,13,Haas F1 Team,20,MAZ,Nikita Mazepin,9,#505050,17.0,715,78.156,78.156,0,0,78.276,0.241,-1.162,-0.321,-1.323,20.0,-1.162,-0.321,-1.323,20.0,-1.483,M,#F0E628,17,1.0,0,1,0.327,0,0,0,0,0.0,18
1,2021,2021131,13,Haas F1 Team,20,MAZ,Nikita Mazepin,9,#505050,18.0,716,78.107,78.107,0,0,78.132,0.049,-1.194,-0.151,-1.270,20.0,-1.194,-0.151,-1.270,20.0,-1.345,M,#F0E628,18,1.0,0,0,0.327,0,0,0,0,0.0,18
1,2021,2021131,13,Haas F1 Team,20,MAZ,Nikita Mazepin,9,#505050,19.0,717,79.186,78.065,1,0,78.086,1.079,-2.195,1.078,-1.656,16.0,-1.074,-0.043,-1.095,20.0,-1.117,M,#F0E628,19,1.0,0,0,0.327,0,0,0,0,0.0,18
1,2021,2021131,13,Haas F1 Team,20,MAZ,Nikita Mazepin,9,#505050,20.0,718,78.023,78.023,0,0,78.044,1.163,-1.124,-0.352,-1.300,20.0,-1.124,-0.352,-1.300,20.0,-1.476,M,#F0E628,20,1.0,0,0,0.327,0,0,0,0,0.0,18
1,2021,2021131,13,Haas F1 Team,20,MAZ,Nikita Mazepin,9,#505050,21.0,719,77.952,77.952,0,0,77.988,0.071,-1.024,-1.714,-1.881,20.0,-1.024,-1.714,-1.881,20.0,-2.738,M,#F0E628,21,1.0,0,0,0.327,0,0,0,0,0.0,18
1,2021,2021131,13,Haas F1 Team,20,MAZ,Nikita Mazepin,9,#505050,22.0,720,77.68,77.68,0,0,77.816,0.272,-1.051,0.024,-1.039,16.0,-1.051,0.024,-1.039,16.0,-1.027,M,#F0E628,22,1.0,0,0,0.327,0,0,0,0,0.0,18
1,2021,2021131,13,Haas F1 Team,20,MAZ,Nikita Mazepin,9,#505050,23.0,721,77.845,77.845,0,0,77.762,0.165,-1.101,-2.555,-2.378,20.0,-1.101,-2.555,-2.378,20.0,-3.656,M,#F0E628,23,1.0,0,0,0.327,0,0,0,0,0.0,18
1,2021,2021131,13,Haas F1 Team,20,MAZ,Nikita Mazepin,9,#505050,24.0,722,80.891,80.891,0,0,79.368,3.046,-3.845,-1.238,-4.464,20.0,-3.845,-1.238,-4.464,20.0,-5.083,M,#F0E628,24,1.0,0,0,0.327,0,0,0,0,-1.0,18
1,2021,2021131,13,Haas F1 Team,20,MAZ,Nikita Mazepin,9,#505050,25.0,723,81.085,81.085,0,0,80.988,0.194,-4.068,-2.853,-5.495,20.0,-4.068,-0.213,-4.175,20.0,-6.921,M,#F0E628,25,1.0,0,0,0.327,0,0,0,0,0.0,18
1,2021,2021131,13,Haas F1 Team,20,MAZ,Nikita Mazepin,9,#505050,26.0,724,77.661,77.661,0,0,79.373,3.424,-0.973,-2.806,-2.376,20.0,-0.973,-2.806,-2.376,20.0,-3.779,M,#F0E628,26,1.0,0,0,0.327,0,0,0,0,0.0,18
1,2021,2021131,13,Haas F1 Team,20,MAZ,Nikita Mazepin,9,#505050,27.0,725,77.605,77.605,0,0,77.633,0.056,-1.101,-0.215,-1.208,20.0,-1.101,-0.215,-1.208,20.0,-1.316,M,#F0E628,27,1.0,0,0,0.327,0,0,0,0,0.0,18
1,2021,2021131,13,Haas F1 Team,20,MAZ,Nikita Mazepin,9,#505050,28.0,726,77.82,77.82,0,0,77.712,0.215,-1.319,-0.066,-1.352,20.0,-1.319,-0.066,-1.352,20.0,-1.385,M,#F0E628,28,1.0,0,0,0.327,0,0,0,0,0.0,18
1,2021,2021131,13,Haas F1 Team,20,MAZ,Nikita Mazepin,9,#505050,29.0,727,77.83,77.83,0,0,77.825,0.010,-1.27,0.209,-1.165,16.0,-1.270,0.209,-1.165,16.0,-1.061,M,#F0E628,29,1.0,0,0,0.327,0,0,0,0,0.0,18
1,2021,2021131,13,Haas F1 Team,20,MAZ,Nikita Mazepin,9,#505050,30.0,728,79.159,78.239,1,0,78.035,1.329,-2.544,-,-,-,-1.624,-,-,-,,M,#F0E628,30,1.0,0,0,0.327,0,0,0,0,-1.0,19
1,2021,2021131,13,Haas F1 Team,20,MAZ,Nikita Mazepin,9,#505050,31.0,729,78.649,78.649,0,0,78.444,0.510,-1.943,-,-,-,-1.943,-,-,-,,M,#F0E628,31,1.0,0,0,0.327,0,0,0,0,0.0,19
1,2021,2021131,13,Haas F1 Team,20,MAZ,Nikita Mazepin,9,#505050,32.0,730,78.753,78.753,0,0,78.701,0.104,-1.933,2.284,-0.791,16.0,-1.933,2.284,-0.791,16.0,0.351,M,#F0E628,32,1.0,0,0,0.327,0,0,0,0,0.0,19
1,2021,2021131,13,Haas F1 Team,20,MAZ,Nikita Mazepin,9,#505050,33.0,731,-,-,0,1,-,-,-,-,-,-,-,-,-,-,-0.742,M,#F0E628,33,1.0,1,0,0.327,0,0,0,0,0.0,19
1,2021,2021131,13,Haas F1 Team,20,MAZ,Nikita Mazepin,9,#505050,34.0,732,-,-,0,1,-,-,-,-,-,-,-,-,-,-,-0.229,H,#A5AFB9,1,2.0,0,0,0.661,0,0,0,0,0.0,19
1,2021,2021131,13,Haas F1 Team,20,MAZ,Nikita Mazepin,9,#505050,35.0,733,76.066,76.066,0,0,-,-,0.123,-0.665,-0.209,20.0,0.123,-0.665,-0.209,20.0,-0.542,H,#A5AFB9,2,2.0,0,0,0.661,0,0,0,0,0.0,19
1,2021,2021131,13,Haas F1 Team,20,MAZ,Nikita Mazepin,9,#505050,36.0,734,76.145,76.145,0,0,76.106,0.079,-0.092,0.218,0.017,16.0,-0.092,0.218,0.017,16.0,0.126,H,#A5AFB9,3,2.0,0,0,0.661,0,0,0,0,0.0,19
1,2021,2021131,13,Haas F1 Team,20,MAZ,Nikita Mazepin,9,#505050,37.0,735,78.748,76.23,1,0,76.187,2.603,-2.775,2.520,-1.515,16.0,-0.257,0.002,-0.256,16.0,-0.255,H,#A5AFB9,4,2.0,0,1,0.661,0,0,0,0,0.0,19
1,2021,2021131,13,Haas F1 Team,20,MAZ,Nikita Mazepin,9,#505050,38.0,736,76.314,76.314,0,0,76.272,2.434,-0.137,0.365,0.045,16.0,-0.137,0.365,0.045,16.0,0.228,H,#A5AFB9,5,2.0,0,0,0.661,0,0,0,0,0.0,19
1,2021,2021131,13,Haas F1 Team,20,MAZ,Nikita Mazepin,9,#505050,39.0,737,76.558,76.558,0,0,76.436,0.244,-0.216,0.451,0.009,16.0,-0.216,0.451,0.009,16.0,0.235,H,#A5AFB9,6,2.0,0,0,0.661,0,0,0,0,0.0,19
1,2021,2021131,13,Haas F1 Team,20,MAZ,Nikita Mazepin,9,#505050,40.0,738,77.635,77.635,0,0,77.096,1.077,-1.288,1.064,-0.756,16.0,-1.288,1.064,-0.756,16.0,-0.224,H,#A5AFB9,7,2.0,0,0,0.661,0,0,0,0,0.0,19
1,2021,2021131,13,Haas F1 Team,20,MAZ,Nikita Mazepin,9,#505050,41.0,739,-,-,0,1,-,-,-,-,-,-,-,-,-,-,-0.882,H,#A5AFB9,8,2.0,1,0,0.661,0,0,0,0,0.0,19
1,2021,2021141,15,Haas F1 Team,16,MSC,Mick Schumacher,47,#505050,1.0,771,-,-,0,1,-,-,-,-,-,-,-,-,-,-,,M,#F0E628,1,1.0,0,0,0.087,0,0,0,1,,15
1,2021,2021141,15,Haas F1 Team,16,MSC,Mick Schumacher,47,#505050,2.0,772,-,-,0,1,-,-,-,-,-,-,-,-,-,-,,M,#F0E628,2,1.0,0,0,0.087,0,0,0,0,-1.0,16
1,2021,2021141,15,Haas F1 Team,16,MSC,Mick Schumacher,47,#505050,3.0,773,88.636,88.636,0,0,-,-,-1.556,0.063,-1.587,16.0,-1.556,0.063,-1.587,16.0,-1.619,M,#F0E628,3,1.0,0,0,0.087,0,0,0,0,0.0,16
1,2021,2021141,15,Haas F1 Team,16,MSC,Mick Schumacher,47,#505050,4.0,774,88.038,88.038,0,0,88.337,0.598,-1.015,0.007,-1.018,16.0,-1.015,0.007,-1.018,16.0,-1.022,M,#F0E628,4,1.0,0,0,0.087,0,0,0,0,0.0,16
1,2021,2021141,15,Haas F1 Team,16,MSC,Mick Schumacher,47,#505050,5.0,775,88.092,88.092,0,0,88.065,0.054,-0.995,0.395,-1.192,16.0,-0.995,0.081,-1.036,16.0,-1.39,M,#F0E628,5,1.0,0,0,0.087,0,0,0,0,0.0,16
1,2021,2021141,15,Haas F1 Team,16,MSC,Mick Schumacher,47,#505050,6.0,776,88.443,88.261,1,0,88.176,0.351,-1.292,-0.141,-1.222,20.0,-1.110,0.041,-1.131,16.0,-1.151,M,#F0E628,6,1.0,0,0,0.087,0,0,0,0,0.0,16
1,2021,2021141,15,Haas F1 Team,16,MSC,Mick Schumacher,47,#505050,7.0,777,88.429,88.429,0,0,88.345,0.014,-1.154,-0.013,-1.147,20.0,-1.154,-0.013,-1.147,20.0,-1.141,M,#F0E628,7,1.0,0,0,0.087,0,0,0,0,0.0,16
1,2021,2021141,15,Haas F1 Team,16,MSC,Mick Schumacher,47,#505050,8.0,778,88.469,88.469,0,0,88.449,0.040,-1.159,0.157,-1.238,16.0,-1.159,0.043,-1.181,16.0,-1.316,M,#F0E628,8,1.0,0,0,0.087,0,0,0,0,0.0,16
1,2021,2021141,15,Haas F1 Team,16,MSC,Mick Schumacher,47,#505050,9.0,779,88.453,88.453,0,0,88.461,0.016,-1.142,0.155,-1.220,16.0,-1.142,0.155,-1.220,16.0,-1.297,M,#F0E628,9,1.0,0,0,0.087,0,0,0,0,0.0,16
1,2021,2021141,15,Haas F1 Team,16,MSC,Mick Schumacher,47,#505050,10.0,780,88.694,88.694,0,0,88.574,0.241,-1.289,-0.063,-1.257,20.0,-1.289,-0.063,-1.257,20.0,-1.226,M,#F0E628,10,1.0,0,0,0.087,0,0,0,0,0.0,16
1,2021,2021141,15,Haas F1 Team,16,MSC,Mick Schumacher,47,#505050,11.0,781,88.822,88.822,0,0,88.758,0.128,-1.488,-0.093,-1.442,20.0,-1.488,-0.093,-1.442,20.0,-1.395,M,#F0E628,11,1.0,0,0,0.087,0,0,0,0,0.0,16
1,2021,2021141,15,Haas F1 Team,16,MSC,Mick Schumacher,47,#505050,12.0,782,88.593,88.593,0,0,88.708,0.229,-1.209,-0.237,-1.091,20.0,-1.209,-0.237,-1.091,20.0,-0.972,M,#F0E628,12,1.0,0,1,0.087,0,0,0,0,0.0,16
1,2021,2021141,15,Haas F1 Team,16,MSC,Mick Schumacher,47,#505050,13.0,783,88.597,88.597,0,0,88.595,0.004,-1.219,0.424,-1.431,16.0,-1.219,0.424,-1.431,16.0,-1.643,M,#F0E628,13,1.0,0,0,0.087,0,0,0,0,0.0,16
1,2021,2021141,15,Haas F1 Team,16,MSC,Mick Schumacher,47,#505050,14.0,784,88.893,88.893,0,0,88.745,0.296,-1.474,0.365,-1.657,16.0,-1.474,0.149,-1.548,16.0,-1.839,M,#F0E628,14,1.0,0,0,0.087,0,0,0,0,0.0,16
1,2021,2021141,15,Haas F1 Team,16,MSC,Mick Schumacher,47,#505050,15.0,785,88.927,88.927,0,0,88.91,0.034,-1.558,0.136,-1.626,16.0,-1.558,0.136,-1.626,16.0,-1.694,M,#F0E628,15,1.0,0,0,0.087,0,0,0,0,0.0,16
1,2021,2021141,15,Haas F1 Team,16,MSC,Mick Schumacher,47,#505050,16.0,786,88.723,88.723,0,0,88.825,0.204,-1.408,0.136,-1.476,16.0,-1.408,0.136,-1.476,16.0,-1.544,M,#F0E628,16,1.0,0,0,0.087,0,0,0,0,0.0,16
1,2021,2021141,15,Haas F1 Team,16,MSC,Mick Schumacher,47,#505050,17.0,787,88.884,88.884,0,0,88.804,0.161,-1.497,0.154,-1.574,16.0,-1.497,0.154,-1.574,16.0,-1.651,M,#F0E628,17,1.0,0,0,0.087,0,0,0,0,0.0,16
1,2021,2021141,15,Haas F1 Team,16,MSC,Mick Schumacher,47,#505050,18.0,788,88.873,88.873,0,0,88.878,0.011,-1.501,-0.077,-1.462,20.0,-1.501,-0.077,-1.462,20.0,-1.424,M,#F0E628,18,1.0,0,0,0.087,0,0,0,0,0.0,16
1,2021,2021141,15,Haas F1 Team,16,MSC,Mick Schumacher,47,#505050,19.0,789,89.082,89.082,0,0,88.977,0.209,-1.753,-0.024,-1.741,20.0,-1.753,-0.024,-1.741,20.0,-1.729,M,#F0E628,19,1.0,0,0,0.087,0,0,0,0,0.0,16
1,2021,2021141,15,Haas F1 Team,16,MSC,Mick Schumacher,47,#505050,20.0,790,89.252,89.252,0,0,89.167,0.170,-1.758,-0.189,-1.663,20.0,-1.758,-0.189,-1.663,20.0,-1.569,M,#F0E628,20,1.0,0,0,0.087,0,0,0,0,0.0,16
1,2021,2021141,15,Haas F1 Team,16,MSC,Mick Schumacher,47,#505050,21.0,791,89.092,89.092,0,0,89.172,0.160,-1.448,-0.084,-1.406,20.0,-1.448,-0.084,-1.406,20.0,-1.364,M,#F0E628,21,1.0,0,0,0.087,0,0,0,0,0.0,16
1,2021,2021141,15,Haas F1 Team,16,MSC,Mick Schumacher,47,#505050,22.0,792,89.146,89.146,0,0,89.119,0.054,-1.478,0.182,-1.569,16.0,-1.478,0.182,-1.569,16.0,-1.66,M,#F0E628,22,1.0,0,0,0.087,0,0,0,0,0.0,16
1,2021,2021141,15,Haas F1 Team,16,MSC,Mick Schumacher,47,#505050,23.0,793,-,-,0,1,-,-,-,-,-,-,-,-,-,-,-1.995,M,#F0E628,23,1.0,1,0,0.087,0,0,0,0,0.0,17
1,2021,2021141,15,Haas F1 Team,16,MSC,Mick Schumacher,47,#505050,24.0,794,-,-,0,1,-,-,-,-,-,-,-,-,-,-,,H,#A5AFB9,1,2.0,0,0,0.430,0,0,0,0,0.0,18
1,2021,2021141,15,Haas F1 Team,16,MSC,Mick Schumacher,47,#505050,25.0,795,-,-,0,1,-,-,-,-,-,-,-,-,-,-,,H,#A5AFB9,2,2.0,0,0,0.430,0,1,0,0,0.0,17
1,2021,2021141,15,Haas F1 Team,16,MSC,Mick Schumacher,47,#505050,26.0,796,-,-,0,1,-,-,-,-,-,-,-,-,-,-,,H,#A5AFB9,3,2.0,0,0,0.430,0,0,0,0,0.0,14
1,2021,2021141,15,Haas F1 Team,16,MSC,Mick Schumacher,47,#505050,27.0,797,-,-,0,1,-,-,-,-,-,-,-,-,-,-,,H,#A5AFB9,4,2.0,0,0,0.430,0,0,0,0,0.0,14
1,2021,2021141,15,Haas F1 Team,16,MSC,Mick Schumacher,47,#505050,28.0,798,-,-,0,1,-,-,-,-,-,-,-,-,-,-,,H,#A5AFB9,5,2.0,0,0,0.430,0,0,0,0,0.0,14
1,2021,2021141,15,Haas F1 Team,16,MSC,Mick Schumacher,47,#505050,29.0,799,-,-,0,1,-,-,-,-,-,-,-,-,-,-,,H,#A5AFB9,6,2.0,0,0,0.430,0,0,0,0,0.0,14
1,2021,2021141,15,Haas F1 Team,16,MSC,Mick Schumacher,47,#505050,30.0,800,-,-,0,1,-,-,-,-,-,-,-,-,-,-,,H,#A5AFB9,7,2.0,0,0,0.430,1,0,0,0,0.0,14
1,2021,2021141,15,Haas F1 Team,16,MSC,Mick Schumacher,47,#505050,31.0,801,-,-,0,1,-,-,-,-,-,-,-,-,-,-,,H,#A5AFB9,8,2.0,0,0,0.430,0,0,0,0,0.0,15
1,2021,2021141,15,Haas F1 Team,16,MSC,Mick Schumacher,47,#505050,32.0,802,98.648,98.648,0,0,-,-,-10.065,-8.363,-5.883,20.0,-10.065,-8.363,-5.883,20.0,-1.702,H,#A5AFB9,9,2.0,0,0,0.430,0,0,0,0,-1.0,16
1,2021,2021141,15,Haas F1 Team,16,MSC,Mick Schumacher,47,#505050,33.0,803,87.332,87.332,0,0,92.99,11.316,-0.372,0.687,-0.716,16.0,-0.372,0.687,-0.716,16.0,-1.059,H,#A5AFB9,10,2.0,0,0,0.430,0,0,0,0,0.0,16
1,2021,2021141,15,Haas F1 Team,16,MSC,Mick Schumacher,47,#505050,34.0,804,87.021,87.021,0,0,87.176,0.311,-0.427,0.870,-0.862,16.0,-0.427,0.870,-0.862,16.0,-1.297,H,#A5AFB9,11,2.0,0,0,0.430,0,0,0,0,0.0,16
1,2021,2021141,15,Haas F1 Team,16,MSC,Mick Schumacher,47,#505050,35.0,805,86.786,86.786,0,0,86.904,0.235,-0.378,3.330,-2.043,16.0,-0.378,1.303,-1.030,16.0,-3.708,H,#A5AFB9,12,2.0,0,0,0.430,0,0,0,0,0.0,16
1,2021,2021141,15,Haas F1 Team,16,MSC,Mick Schumacher,47,#505050,36.0,806,86.884,86.884,0,0,86.835,0.098,-0.409,1.402,-1.110,16.0,-0.409,1.402,-1.110,16.0,-1.811,H,#A5AFB9,13,2.0,0,0,0.430,0,0,0,0,0.0,16
1,2021,2021141,15,Haas F1 Team,16,MSC,Mick Schumacher,47,#505050,37.0,807,87.183,86.934,1,0,86.909,0.299,-0.725,0.738,-1.094,16.0,-0.477,0.986,-0.970,16.0,-1.463,H,#A5AFB9,14,2.0,0,0,0.430,0,0,0,0,0.0,16
1,2021,2021141,15,Haas F1 Team,16,MSC,Mick Schumacher,47,#505050,38.0,808,86.985,86.985,0,0,86.96,0.198,-0.707,0.354,-0.884,16.0,-0.707,0.354,-0.884,16.0,-1.061,H,#A5AFB9,15,2.0,0,0,0.430,0,0,0,0,0.0,16
1,2021,2021141,15,Haas F1 Team,16,MSC,Mick Schumacher,47,#505050,39.0,809,87.406,87.026,1,0,87.006,0.421,-1.164,-,-,-,-0.784,-,-,-,,H,#A5AFB9,16,2.0,0,0,0.430,0,0,0,0,0.0,15
1,2021,2021141,15,Haas F1 Team,16,MSC,Mick Schumacher,47,#505050,40.0,810,87.067,87.067,0,0,87.046,0.339,-0.826,-,-,-,-0.826,-,-,-,,H,#A5AFB9,17,2.0,0,0,0.430,0,0,0,0,0.0,15
1,2021,2021141,15,Haas F1 Team,16,MSC,Mick Schumacher,47,#505050,41.0,811,87.137,87.137,0,0,87.102,0.070,-0.934,-,-,-,-0.934,-,-,-,,H,#A5AFB9,18,2.0,0,1,0.430,0,0,0,0,0.0,15
1,2021,2021141,15,Haas F1 Team,16,MSC,Mick Schumacher,47,#505050,42.0,812,87.335,87.335,0,0,87.236,0.198,-1.097,-,-,-,-1.097,-,-,-,,H,#A5AFB9,19,2.0,0,0,0.430,0,0,0,0,0.0,15
1,2021,2021141,15,Haas F1 Team,16,MSC,Mick Schumacher,47,#505050,43.0,813,-,-,0,1,-,-,-,-,-,-,-,-,-,-,,H,#A5AFB9,20,2.0,0,0,0.430,0,0,0,1,0.0,15
1,2021,2021141,15,Haas F1 Team,16,MSC,Mick Schumacher,47,#505050,44.0,814,-,-,0,1,-,-,-,-,-,-,-,-,-,-,,H,#A5AFB9,21,2.0,0,0,0.430,0,0,1,0,0.0,15
1,2021,2021141,15,Haas F1 Team,16,MSC,Mick Schumacher,47,#505050,45.0,815,87.402,87.402,0,0,-,-,-0.894,-,-,-,-0.894,-,-,-,,H,#A5AFB9,22,2.0,0,0,0.430,0,0,0,0,0.0,15
1,2021,2021141,15,Haas F1 Team,16,MSC,Mick Schumacher,47,#505050,46.0,816,87.426,87.426,0,0,87.414,0.024,-1.214,-,-,-,-1.214,-,-,-,,H,#A5AFB9,23,2.0,0,0,0.430,0,0,0,0,0.0,15
1,2021,2021141,15,Haas F1 Team,16,MSC,Mick Schumacher,47,#505050,47.0,817,87.179,87.179,0,0,87.303,0.247,-0.926,-,-,-,-0.926,-,-,-,,H,#A5AFB9,24,2.0,0,0,0.430,0,0,0,0,0.0,15
1,2021,2021141,15,Haas F1 Team,16,MSC,Mick Schumacher,47,#505050,48.0,818,87.139,87.139,0,0,87.159,0.040,-0.922,-,-,-,-0.922,-,-,-,,H,#A5AFB9,25,2.0,0,0,0.430,0,0,0,0,0.0,15
1,2021,2021141,15,Haas F1 Team,16,MSC,Mick Schumacher,47,#505050,49.0,819,87.359,87.359,0,0,87.249,0.220,-1.327,-,-,-,-1.327,-,-,-,,H,#A5AFB9,26,2.0,0,0,0.430,0,0,0,0,0.0,15
1,2021,2021141,15,Haas F1 Team,16,MSC,Mick Schumacher,47,#505050,50.0,820,87.128,87.128,0,0,87.244,0.231,-1.249,-,-,-,-1.249,-,-,-,,H,#A5AFB9,27,2.0,0,0,0.430,0,0,0,0,0.0,15
1,2021,2021141,15,Haas F1 Team,16,MSC,Mick Schumacher,47,#505050,51.0,821,87.412,87.412,0,0,87.27,0.284,-1.49,-,-,-,-1.490,-,-,-,,H,#A5AFB9,28,2.0,0,0,0.430,0,0,0,0,0.0,15
1,2021,2021141,15,Haas F1 Team,16,MSC,Mick Schumacher,47,#505050,52.0,822,86.707,86.707,0,0,87.06,0.705,-0.859,-,-,-,-0.859,-,-,-,,H,#A5AFB9,29,2.0,0,0,0.430,0,0,0,0,0.0,15
1,2021,2021141,15,Haas F1 Team,16,MSC,Mick Schumacher,47,#505050,53.0,823,86.771,86.771,0,0,86.739,0.064,-1.088,-,-,-,-1.088,-,-,-,,H,#A5AFB9,30,2.0,0,0,0.430,0,0,0,0,0.0,15
1,2021,2021141,15,Haas F1 Team,20,MAZ,Nikita Mazepin,9,#505050,1.0,771,-,-,0,1,-,-,-,-,-,-,-,-,-,-,,M,#F0E628,1,1.0,0,0,0.130,0,0,0,1,,17
1,2021,2021141,15,Haas F1 Team,20,MAZ,Nikita Mazepin,9,#505050,2.0,772,-,-,0,1,-,-,-,-,-,-,-,-,-,-,,M,#F0E628,2,1.0,0,0,0.130,0,0,0,0,0.0,17
1,2021,2021141,15,Haas F1 Team,20,MAZ,Nikita Mazepin,9,#505050,3.0,773,88.699,88.699,0,0,-,-,-1.619,0.063,-1.587,16.0,-1.619,0.063,-1.587,16.0,-1.556,M,#F0E628,3,1.0,0,0,0.130,0,0,0,0,0.0,17
1,2021,2021141,15,Haas F1 Team,20,MAZ,Nikita Mazepin,9,#505050,4.0,774,88.045,88.045,0,0,88.372,0.654,-1.022,0.007,-1.018,16.0,-1.022,0.007,-1.018,16.0,-1.015,M,#F0E628,4,1.0,0,0,0.130,0,0,0,0,0.0,17
1,2021,2021141,15,Haas F1 Team,20,MAZ,Nikita Mazepin,9,#505050,5.0,775,88.487,88.174,1,0,88.109,0.442,-1.39,0.395,-1.192,16.0,-1.076,0.081,-1.036,16.0,-0.995,M,#F0E628,5,1.0,0,0,0.130,0,0,0,0,0.0,17
1,2021,2021141,15,Haas F1 Team,20,MAZ,Nikita Mazepin,9,#505050,6.0,776,88.302,88.302,0,0,88.238,0.185,-1.151,-0.141,-1.222,20.0,-1.151,0.041,-1.131,16.0,-1.292,M,#F0E628,6,1.0,0,0,0.130,0,0,0,0,0.0,17
1,2021,2021141,15,Haas F1 Team,20,MAZ,Nikita Mazepin,9,#505050,7.0,777,88.416,88.416,0,0,88.359,0.114,-1.141,-0.013,-1.147,20.0,-1.141,-0.013,-1.147,20.0,-1.154,M,#F0E628,7,1.0,0,0,0.130,0,0,0,0,0.0,17
1,2021,2021141,15,Haas F1 Team,20,MAZ,Nikita Mazepin,9,#505050,8.0,778,88.626,88.512,1,0,88.464,0.210,-1.316,0.157,-1.238,16.0,-1.202,0.043,-1.181,16.0,-1.159,M,#F0E628,8,1.0,0,0,0.130,0,0,0,0,0.0,17
1,2021,2021141,15,Haas F1 Team,20,MAZ,Nikita Mazepin,9,#505050,9.0,779,88.608,88.608,0,0,88.56,0.018,-1.297,0.155,-1.220,16.0,-1.297,0.155,-1.220,16.0,-1.142,M,#F0E628,9,1.0,0,0,0.130,0,0,0,0,0.0,17
1,2021,2021141,15,Haas F1 Team,20,MAZ,Nikita Mazepin,9,#505050,10.0,780,88.631,88.631,0,0,88.62,0.023,-1.226,-0.063,-1.257,20.0,-1.226,-0.063,-1.257,20.0,-1.289,M,#F0E628,10,1.0,0,0,0.130,0,0,0,0,0.0,17
1,2021,2021141,15,Haas F1 Team,20,MAZ,Nikita Mazepin,9,#505050,11.0,781,88.729,88.729,0,0,88.68,0.098,-1.395,-0.093,-1.442,20.0,-1.395,-0.093,-1.442,20.0,-1.488,M,#F0E628,11,1.0,0,0,0.130,0,0,0,0,0.0,17
1,2021,2021141,15,Haas F1 Team,20,MAZ,Nikita Mazepin,9,#505050,12.0,782,88.356,88.356,0,0,88.542,0.373,-0.972,-0.237,-1.091,20.0,-0.972,-0.237,-1.091,20.0,-1.209,M,#F0E628,12,1.0,0,0,0.130,0,0,0,0,0.0,17
1,2021,2021141,15,Haas F1 Team,20,MAZ,Nikita Mazepin,9,#505050,13.0,783,89.021,89.021,0,0,88.688,0.665,-1.643,0.424,-1.431,16.0,-1.643,0.424,-1.431,16.0,-1.219,M,#F0E628,13,1.0,0,1,0.130,0,0,0,0,0.0,17
1,2021,2021141,15,Haas F1 Team,20,MAZ,Nikita Mazepin,9,#505050,14.0,784,89.258,89.042,1,0,89.032,0.237,-1.839,0.365,-1.657,16.0,-1.623,0.149,-1.548,16.0,-1.474,M,#F0E628,14,1.0,0,0,0.130,0,0,0,0,0.0,17
1,2021,2021141,15,Haas F1 Team,20,MAZ,Nikita Mazepin,9,#505050,15.0,785,89.063,89.063,0,0,89.053,0.195,-1.694,0.136,-1.626,16.0,-1.694,0.136,-1.626,16.0,-1.558,M,#F0E628,15,1.0,0,0,0.130,0,0,0,0,0.0,17
1,2021,2021141,15,Haas F1 Team,20,MAZ,Nikita Mazepin,9,#505050,16.0,786,88.859,88.859,0,0,88.961,0.204,-1.544,0.136,-1.476,16.0,-1.544,0.136,-1.476,16.0,-1.408,M,#F0E628,16,1.0,0,0,0.130,0,0,0,0,0.0,17
1,2021,2021141,15,Haas F1 Team,20,MAZ,Nikita Mazepin,9,#505050,17.0,787,89.038,89.038,0,0,88.948,0.179,-1.651,0.154,-1.574,16.0,-1.651,0.154,-1.574,16.0,-1.497,M,#F0E628,17,1.0,0,0,0.130,0,0,0,0,0.0,17
1,2021,2021141,15,Haas F1 Team,20,MAZ,Nikita Mazepin,9,#505050,18.0,788,88.796,88.796,0,0,88.917,0.242,-1.424,-0.077,-1.462,20.0,-1.424,-0.077,-1.462,20.0,-1.501,M,#F0E628,18,1.0,0,0,0.130,0,0,0,0,0.0,17
1,2021,2021141,15,Haas F1 Team,20,MAZ,Nikita Mazepin,9,#505050,19.0,789,89.058,89.058,0,0,88.927,0.262,-1.729,-0.024,-1.741,20.0,-1.729,-0.024,-1.741,20.0,-1.753,M,#F0E628,19,1.0,0,0,0.130,0,0,0,0,0.0,17
1,2021,2021141,15,Haas F1 Team,20,MAZ,Nikita Mazepin,9,#505050,20.0,790,89.063,89.063,0,0,89.06,0.005,-1.569,-0.189,-1.663,20.0,-1.569,-0.189,-1.663,20.0,-1.758,M,#F0E628,20,1.0,0,0,0.130,0,0,0,0,0.0,17
1,2021,2021141,15,Haas F1 Team,20,MAZ,Nikita Mazepin,9,#505050,21.0,791,89.008,89.008,0,0,89.036,0.055,-1.364,-0.084,-1.406,20.0,-1.364,-0.084,-1.406,20.0,-1.448,M,#F0E628,21,1.0,0,0,0.130,0,0,0,0,0.0,17
1,2021,2021141,15,Haas F1 Team,20,MAZ,Nikita Mazepin,9,#505050,22.0,792,89.328,89.328,0,0,89.168,0.320,-1.66,0.182,-1.569,16.0,-1.660,0.182,-1.569,16.0,-1.478,M,#F0E628,22,1.0,0,0,0.130,0,0,0,0,0.0,17
1,2021,2021141,15,Haas F1 Team,20,MAZ,Nikita Mazepin,9,#505050,23.0,793,89.55,89.55,0,0,89.439,0.222,-1.995,-,-,-,-1.995,-,-,-,,M,#F0E628,23,1.0,0,0,0.130,0,0,0,0,0.0,16
1,2021,2021141,15,Haas F1 Team,20,MAZ,Nikita Mazepin,9,#505050,24.0,794,-,-,0,1,-,-,-,-,-,-,-,-,-,-,,M,#F0E628,24,1.0,1,0,0.130,0,0,0,0,0.0,17
1,2021,2021141,15,Haas F1 Team,20,MAZ,Nikita Mazepin,9,#505050,25.0,795,-,-,0,1,-,-,-,-,-,-,-,-,-,-,,S,#CD3C3C,4,2.0,0,0,-,0,1,0,0,0.0,18
1,2021,2021141,15,Haas F1 Team,20,MAZ,Nikita Mazepin,9,#505050,26.0,796,-,-,0,1,-,-,-,-,-,-,-,-,-,-,,S,#CD3C3C,5,2.0,0,0,-,0,0,0,0,0.0,16
1,2021,2021141,15,Haas F1 Team,20,MAZ,Nikita Mazepin,9,#505050,27.0,797,-,-,0,1,-,-,-,-,-,-,-,-,-,-,,S,#CD3C3C,6,2.0,0,0,-,0,0,0,0,0.0,16
1,2021,2021141,15,Haas F1 Team,20,MAZ,Nikita Mazepin,9,#505050,28.0,798,-,-,0,1,-,-,-,-,-,-,-,-,-,-,,S,#CD3C3C,7,2.0,1,0,-,0,0,0,0,0.0,16
1,2021,2021141,15,Haas F1 Team,20,MAZ,Nikita Mazepin,9,#505050,29.0,799,-,-,0,1,-,-,-,-,-,-,-,-,-,-,,H,#A5AFB9,1,3.0,0,0,0.649,0,0,0,0,0.0,16
1,2021,2021141,15,Haas F1 Team,20,MAZ,Nikita Mazepin,9,#505050,30.0,800,-,-,0,1,-,-,-,-,-,-,-,-,-,-,,H,#A5AFB9,2,3.0,0,0,0.649,1,0,0,0,0.0,16
1,2021,2021141,15,Haas F1 Team,20,MAZ,Nikita Mazepin,9,#505050,31.0,801,-,-,0,1,-,-,-,-,-,-,-,-,-,-,,H,#A5AFB9,3,3.0,0,0,0.649,0,0,0,0,0.0,16
1,2021,2021141,15,Haas F1 Team,20,MAZ,Nikita Mazepin,9,#505050,32.0,802,90.285,90.285,0,0,-,-,-1.702,-8.363,-5.883,20.0,-1.702,-8.363,-5.883,20.0,-10.065,H,#A5AFB9,4,3.0,0,0,0.649,0,0,0,0,1.0,15
1,2021,2021141,15,Haas F1 Team,20,MAZ,Nikita Mazepin,9,#505050,33.0,803,88.019,88.019,0,0,89.152,2.266,-1.059,0.687,-0.716,16.0,-1.059,0.687,-0.716,16.0,-0.372,H,#A5AFB9,5,3.0,0,0,0.649,0,0,0,0,0.0,15
1,2021,2021141,15,Haas F1 Team,20,MAZ,Nikita Mazepin,9,#505050,34.0,804,87.891,87.891,0,0,87.955,0.128,-1.297,0.870,-0.862,16.0,-1.297,0.870,-0.862,16.0,-0.427,H,#A5AFB9,6,3.0,0,0,0.649,0,0,0,0,0.0,15
1,2021,2021141,15,Haas F1 Team,20,MAZ,Nikita Mazepin,9,#505050,35.0,805,90.116,88.089,1,0,87.99,2.225,-3.708,3.330,-2.043,16.0,-1.681,1.303,-1.030,16.0,-0.378,H,#A5AFB9,7,3.0,0,1,0.649,0,0,0,0,0.0,15
1,2021,2021141,15,Haas F1 Team,20,MAZ,Nikita Mazepin,9,#505050,36.0,806,88.286,88.286,0,0,88.187,1.830,-1.811,1.402,-1.110,16.0,-1.811,1.402,-1.110,16.0,-0.409,H,#A5AFB9,8,3.0,0,0,0.649,0,0,0,0,0.0,15
1,2021,2021141,15,Haas F1 Team,20,MAZ,Nikita Mazepin,9,#505050,37.0,807,87.921,87.921,0,0,88.104,0.365,-1.463,0.738,-1.094,16.0,-1.463,0.986,-0.970,16.0,-0.725,H,#A5AFB9,9,3.0,0,0,0.649,0,0,0,0,0.0,15
1,2021,2021141,15,Haas F1 Team,20,MAZ,Nikita Mazepin,9,#505050,38.0,808,87.339,87.339,0,0,87.63,0.582,-1.061,0.354,-0.884,16.0,-1.061,0.354,-0.884,16.0,-0.707,H,#A5AFB9,10,3.0,0,0,0.649,0,0,0,0,0.0,15
1,2021,2021141,15,Haas F1 Team,20,MAZ,Nikita Mazepin,9,#505050,39.0,809,-,-,0,1,-,-,-,-,-,-,-,-,-,-,-1.164,H,#A5AFB9,11,3.0,1,0,0.649,0,0,0,0,0.0,16
1,2021,2021141,15,Haas F1 Team,20,MAZ,Nikita Mazepin,9,#505050,40.0,810,-,-,0,1,-,-,-,-,-,-,-,-,-,-,-0.826,S,#CD3C3C,1,4.0,0,0,-,0,0,0,0,0.0,16
1,2021,2021141,15,Haas F1 Team,20,MAZ,Nikita Mazepin,9,#505050,41.0,811,87.202,87.202,0,0,-,-,-,-,-,-,-,-,-,-,-0.934,S,#CD3C3C,2,4.0,0,1,-,0,0,0,0,0.0,16
1,2021,2021141,15,Haas F1 Team,20,MAZ,Nikita Mazepin,9,#505050,42.0,812,-,-,0,1,-,-,-,-,-,-,-,-,-,-,-1.097,S,#CD3C3C,3,4.0,0,0,-,0,0,0,0,,-
1,2021,2021151,16,Haas F1 Team,16,MSC,Mick Schumacher,47,#505050,1.0,824,-,-,0,1,-,-,-,-,-,-,-,-,-,-,,M,#F0E628,1,1.0,0,0,0.262,0,0,0,0,,18
1,2021,2021151,16,Haas F1 Team,16,MSC,Mick Schumacher,47,#505050,2.0,825,-,-,0,1,-,-,-,-,-,-,-,-,-,-,,M,#F0E628,2,1.0,0,0,0.262,0,0,0,0,-1.0,19
1,2021,2021151,16,Haas F1 Team,16,MSC,Mick Schumacher,47,#505050,3.0,826,104.331,104.331,0,0,-,-,-1.199,-0.353,-1.376,16.0,-1.199,-0.353,-1.376,16.0,-1.552,M,#F0E628,3,1.0,0,0,0.262,0,0,0,0,0.0,19
1,2021,2021151,16,Haas F1 Team,16,MSC,Mick Schumacher,47,#505050,4.0,827,104.586,104.586,0,0,104.458,0.255,-1.965,-0.053,-1.992,16.0,-1.965,-0.053,-1.992,16.0,-2.018,M,#F0E628,4,1.0,0,0,0.262,0,0,0,0,-1.0,20
1,2021,2021151,16,Haas F1 Team,16,MSC,Mick Schumacher,47,#505050,5.0,828,103.579,103.579,0,0,104.082,1.007,-0.956,0.462,-0.725,20.0,-0.956,0.462,-0.725,20.0,-0.494,M,#F0E628,5,1.0,0,0,0.262,0,0,0,0,0.0,20
1,2021,2021151,16,Haas F1 Team,16,MSC,Mick Schumacher,47,#505050,6.0,829,103.712,103.712,0,0,103.646,0.133,-1.049,0.129,-0.985,20.0,-1.049,0.129,-0.985,20.0,-0.92,M,#F0E628,6,1.0,0,0,0.262,0,0,0,0,0.0,20
1,2021,2021151,16,Haas F1 Team,16,MSC,Mick Schumacher,47,#505050,7.0,830,103.801,103.801,0,0,103.756,0.089,-1.067,-0.948,-1.541,16.0,-1.067,-0.291,-1.212,16.0,-2.015,M,#F0E628,7,1.0,0,0,0.262,0,0,0,0,0.0,20
1,2021,2021151,16,Haas F1 Team,16,MSC,Mick Schumacher,47,#505050,8.0,831,105.062,104.269,1,0,104.035,1.261,-2.295,0.461,-2.064,20.0,-1.502,-0.332,-1.668,16.0,-1.834,M,#F0E628,8,1.0,0,0,0.262,0,0,0,0,0.0,20
1,2021,2021151,16,Haas F1 Team,16,MSC,Mick Schumacher,47,#505050,9.0,832,104.737,104.737,0,0,104.503,0.325,-2.074,0.678,-1.735,20.0,-2.074,0.678,-1.735,20.0,-1.396,M,#F0E628,9,1.0,0,0,0.262,0,0,0,0,0.0,20
1,2021,2021151,16,Haas F1 Team,16,MSC,Mick Schumacher,47,#505050,10.0,833,104.293,104.293,0,0,104.515,0.444,-1.653,0.272,-1.517,20.0,-1.653,0.272,-1.517,20.0,-1.381,M,#F0E628,10,1.0,0,0,0.262,0,0,0,0,0.0,20
1,2021,2021151,16,Haas F1 Team,16,MSC,Mick Schumacher,47,#505050,11.0,834,104.574,104.574,0,0,104.434,0.281,-1.862,0.054,-1.835,20.0,-1.862,0.054,-1.835,20.0,-1.808,M,#F0E628,11,1.0,0,1,0.262,0,0,0,0,0.0,20
1,2021,2021151,16,Haas F1 Team,16,MSC,Mick Schumacher,47,#505050,12.0,835,104.99,104.99,0,0,104.782,0.416,-2.139,0.312,-1.983,20.0,-2.139,0.312,-1.983,20.0,-1.827,M,#F0E628,12,1.0,0,0,0.262,0,0,0,0,0.0,20
1,2021,2021151,16,Haas F1 Team,16,MSC,Mick Schumacher,47,#505050,13.0,836,104.631,104.631,0,0,104.81,0.359,-2.113,-0.120,-2.173,16.0,-2.113,-0.120,-2.173,16.0,-2.233,M,#F0E628,13,1.0,0,0,0.262,0,0,0,0,0.0,18
1,2021,2021151,16,Haas F1 Team,16,MSC,Mick Schumacher,47,#505050,14.0,837,104.289,104.289,0,0,104.46,0.342,-2.183,-,-,-,-2.183,-,-,-,,M,#F0E628,14,1.0,0,0,0.262,0,0,0,0,0.0,18
1,2021,2021151,16,Haas F1 Team,16,MSC,Mick Schumacher,47,#505050,15.0,838,103.419,103.419,0,0,103.854,0.870,-1.458,-,-,-,-1.458,-,-,-,,M,#F0E628,15,1.0,0,0,0.262,0,0,0,0,0.0,17
1,2021,2021151,16,Haas F1 Team,16,MSC,Mick Schumacher,47,#505050,16.0,839,103.647,103.647,0,0,103.533,0.228,-1.852,-1.271,-2.488,16.0,-1.852,-1.271,-2.488,16.0,-3.123,M,#F0E628,16,1.0,0,0,0.262,0,0,0,0,0.0,17
1,2021,2021151,16,Haas F1 Team,16,MSC,Mick Schumacher,47,#505050,17.0,840,103.197,103.197,0,0,103.422,0.450,-1.753,0.638,-1.434,20.0,-1.753,0.638,-1.434,20.0,-1.115,M,#F0E628,17,1.0,0,0,0.262,0,0,0,0,0.0,17
1,2021,2021151,16,Haas F1 Team,16,MSC,Mick Schumacher,47,#505050,18.0,841,103.133,103.133,0,0,103.165,0.064,-1.792,0.832,-1.376,20.0,-1.792,0.832,-1.376,20.0,-0.96,M,#F0E628,18,1.0,0,0,0.262,0,0,0,0,0.0,17
1,2021,2021151,16,Haas F1 Team,16,MSC,Mick Schumacher,47,#505050,19.0,842,104.054,104.054,0,0,103.594,0.921,-2.632,2.051,-1.607,20.0,-2.632,2.051,-1.607,20.0,-0.581,M,#F0E628,19,1.0,0,0,0.262,0,0,0,0,0.0,17
1,2021,2021151,16,Haas F1 Team,16,MSC,Mick Schumacher,47,#505050,20.0,843,-,-,0,1,-,-,-,-,-,-,-,-,-,-,-0.665,M,#F0E628,20,1.0,1,0,0.262,0,0,0,0,0.0,17
1,2021,2021151,16,Haas F1 Team,16,MSC,Mick Schumacher,47,#505050,21.0,844,-,-,0,1,-,-,-,-,-,-,-,-,-,-,-0.961,H,#A5AFB9,1,2.0,0,0,0.194,0,0,0,0,0.0,20
1,2021,2021151,16,Haas F1 Team,16,MSC,Mick Schumacher,47,#505050,22.0,845,100.276,100.276,0,0,-,-,0.989,-2.160,-0.091,16.0,0.989,-2.160,-0.091,16.0,-1.171,H,#A5AFB9,2,2.0,0,0,0.194,0,0,0,0,0.0,20
1,2021,2021151,16,Haas F1 Team,16,MSC,Mick Schumacher,47,#505050,23.0,846,100.333,100.333,0,0,100.304,0.057,0.864,-1.845,-0.058,16.0,0.864,-1.845,-0.058,16.0,-0.981,H,#A5AFB9,3,2.0,0,0,0.194,0,0,0,0,0.0,20
1,2021,2021151,16,Haas F1 Team,16,MSC,Mick Schumacher,47,#505050,24.0,847,100.552,100.552,0,0,100.442,0.219,0.444,-1.161,-0.136,16.0,0.444,-1.161,-0.136,16.0,-0.717,H,#A5AFB9,4,2.0,0,0,0.194,0,0,0,0,0.0,20
1,2021,2021151,16,Haas F1 Team,16,MSC,Mick Schumacher,47,#505050,25.0,848,100.769,100.769,0,0,100.661,0.217,0.266,-1.250,-0.359,16.0,0.266,-1.250,-0.359,16.0,-0.984,H,#A5AFB9,5,2.0,0,0,0.194,0,0,0,0,0.0,20
1,2021,2021151,16,Haas F1 Team,16,MSC,Mick Schumacher,47,#505050,26.0,849,100.698,100.698,0,0,100.733,0.071,0.374,-1.024,-0.138,16.0,0.374,-1.024,-0.138,16.0,-0.65,H,#A5AFB9,6,2.0,0,1,0.194,0,0,0,0,0.0,20
1,2021,2021151,16,Haas F1 Team,16,MSC,Mick Schumacher,47,#505050,27.0,850,101.093,101.093,0,0,100.896,0.395,-0.071,-0.744,-0.443,16.0,-0.071,-0.744,-0.443,16.0,-0.815,H,#A5AFB9,7,2.0,0,0,0.194,0,0,0,0,0.0,20
1,2021,2021151,16,Haas F1 Team,16,MSC,Mick Schumacher,47,#505050,28.0,851,101.5,101.5,0,0,101.297,0.407,-0.911,-0.220,-1.021,16.0,-0.911,-0.220,-1.021,16.0,-1.131,H,#A5AFB9,8,2.0,0,0,0.194,0,0,0,0,0.0,20
1,2021,2021151,16,Haas F1 Team,16,MSC,Mick Schumacher,47,#505050,29.0,852,102.243,101.7,1,0,101.6,0.743,-1.672,-0.182,-1.763,16.0,-1.129,-0.078,-1.168,16.0,-1.854,H,#A5AFB9,9,2.0,0,0,0.194,0,0,0,0,0.0,20
1,2021,2021151,16,Haas F1 Team,16,MSC,Mick Schumacher,47,#505050,30.0,853,101.901,101.901,0,0,101.801,0.342,-1.439,0.064,-1.407,20.0,-1.439,0.064,-1.407,20.0,-1.375,H,#A5AFB9,10,2.0,0,0,0.194,0,0,0,0,0.0,20
1,2021,2021151,16,Haas F1 Team,16,MSC,Mick Schumacher,47,#505050,31.0,854,102.539,102.539,0,0,102.22,0.638,-2.079,-2.570,-3.364,16.0,-2.079,0.201,-1.978,20.0,-4.649,H,#A5AFB9,11,2.0,0,0,0.194,0,0,0,0,1.0,19
1,2021,2021151,16,Haas F1 Team,16,MSC,Mick Schumacher,47,#505050,32.0,855,-,-,0,1,-,-,-,-,-,-,-,-,-,-,-2.343,H,#A5AFB9,12,2.0,1,0,0.194,0,0,0,0,0.0,20
1,2021,2021151,16,Haas F1 Team,20,MAZ,Nikita Mazepin,9,#505050,1.0,824,-,-,0,1,-,-,-,-,-,-,-,-,-,-,,M,#F0E628,1,1.0,0,0,0.284,0,0,0,0,,13
1,2021,2021151,16,Haas F1 Team,20,MAZ,Nikita Mazepin,9,#505050,2.0,825,-,-,0,1,-,-,-,-,-,-,-,-,-,-,,M,#F0E628,2,1.0,0,0,0.284,0,0,0,0,0.0,13
1,2021,2021151,16,Haas F1 Team,20,MAZ,Nikita Mazepin,9,#505050,3.0,826,104.684,104.684,0,0,-,-,-1.552,-0.353,-1.376,16.0,-1.552,-0.353,-1.376,16.0,-1.199,M,#F0E628,3,1.0,0,0,0.284,0,0,0,0,-1.0,14
1,2021,2021151,16,Haas F1 Team,20,MAZ,Nikita Mazepin,9,#505050,4.0,827,104.639,104.639,0,0,104.661,0.045,-2.018,-0.053,-1.992,16.0,-2.018,-0.053,-1.992,16.0,-1.965,M,#F0E628,4,1.0,0,0,0.284,0,0,0,0,-2.0,16
1,2021,2021151,16,Haas F1 Team,20,MAZ,Nikita Mazepin,9,#505050,5.0,828,103.117,103.117,0,0,103.878,1.522,-0.494,0.462,-0.725,20.0,-0.494,0.462,-0.725,20.0,-0.956,M,#F0E628,5,1.0,0,0,0.284,0,0,0,0,0.0,16
1,2021,2021151,16,Haas F1 Team,20,MAZ,Nikita Mazepin,9,#505050,6.0,829,103.583,103.583,0,0,103.35,0.466,-0.92,0.129,-0.985,20.0,-0.920,0.129,-0.985,20.0,-1.049,M,#F0E628,6,1.0,0,0,0.284,0,0,0,0,0.0,16
1,2021,2021151,16,Haas F1 Team,20,MAZ,Nikita Mazepin,9,#505050,7.0,830,104.749,104.092,1,0,103.838,1.166,-2.015,-0.948,-1.541,16.0,-1.358,-0.291,-1.212,16.0,-1.067,M,#F0E628,7,1.0,0,0,0.284,0,0,0,0,0.0,16
1,2021,2021151,16,Haas F1 Team,20,MAZ,Nikita Mazepin,9,#505050,8.0,831,104.601,104.601,0,0,104.346,0.148,-1.834,0.461,-2.064,20.0,-1.834,-0.332,-1.668,16.0,-2.295,M,#F0E628,8,1.0,0,1,0.284,0,0,0,0,0.0,16
1,2021,2021151,16,Haas F1 Team,20,MAZ,Nikita Mazepin,9,#505050,9.0,832,104.059,104.059,0,0,104.33,0.542,-1.396,0.678,-1.735,20.0,-1.396,0.678,-1.735,20.0,-2.074,M,#F0E628,9,1.0,0,0,0.284,0,0,0,0,0.0,16
1,2021,2021151,16,Haas F1 Team,20,MAZ,Nikita Mazepin,9,#505050,10.0,833,104.021,104.021,0,0,104.04,0.038,-1.381,0.272,-1.517,20.0,-1.381,0.272,-1.517,20.0,-1.653,M,#F0E628,10,1.0,0,0,0.284,0,0,0,0,0.0,16
1,2021,2021151,16,Haas F1 Team,20,MAZ,Nikita Mazepin,9,#505050,11.0,834,104.52,104.52,0,0,104.27,0.499,-1.808,0.054,-1.835,20.0,-1.808,0.054,-1.835,20.0,-1.862,M,#F0E628,11,1.0,0,0,0.284,0,0,0,0,0.0,16
1,2021,2021151,16,Haas F1 Team,20,MAZ,Nikita Mazepin,9,#505050,12.0,835,104.678,104.678,0,0,104.599,0.158,-1.827,0.312,-1.983,20.0,-1.827,0.312,-1.983,20.0,-2.139,M,#F0E628,12,1.0,0,0,0.284,0,0,0,0,0.0,16
1,2021,2021151,16,Haas F1 Team,20,MAZ,Nikita Mazepin,9,#505050,13.0,836,104.751,104.751,0,0,104.714,0.073,-2.233,-0.120,-2.173,16.0,-2.233,-0.120,-2.173,16.0,-2.113,M,#F0E628,13,1.0,0,0,0.284,0,0,0,0,-1.0,17
1,2021,2021151,16,Haas F1 Team,20,MAZ,Nikita Mazepin,9,#505050,14.0,837,-,-,0,1,-,-,-,-,-,-,-,-,-,-,-2.183,M,#F0E628,14,1.0,1,0,0.284,0,0,0,0,0.0,17
1,2021,2021151,16,Haas F1 Team,20,MAZ,Nikita Mazepin,9,#505050,15.0,838,-,-,0,1,-,-,-,-,-,-,-,-,-,-,-1.458,H,#A5AFB9,1,2.0,0,0,0.714,0,0,0,0,0.0,19
1,2021,2021151,16,Haas F1 Team,20,MAZ,Nikita Mazepin,9,#505050,16.0,839,104.918,104.918,0,0,-,-,-3.123,-1.271,-2.488,16.0,-3.123,-1.271,-2.488,16.0,-1.852,H,#A5AFB9,2,2.0,0,0,0.714,0,0,0,0,-1.0,20
1,2021,2021151,16,Haas F1 Team,20,MAZ,Nikita Mazepin,9,#505050,17.0,840,102.559,102.559,0,0,103.738,2.359,-1.115,0.638,-1.434,20.0,-1.115,0.638,-1.434,20.0,-1.753,H,#A5AFB9,3,2.0,0,0,0.714,0,0,0,0,0.0,20
1,2021,2021151,16,Haas F1 Team,20,MAZ,Nikita Mazepin,9,#505050,18.0,841,102.301,102.301,0,0,102.43,0.258,-0.96,0.832,-1.376,20.0,-0.960,0.832,-1.376,20.0,-1.792,H,#A5AFB9,4,2.0,0,0,0.714,0,0,0,0,0.0,20
1,2021,2021151,16,Haas F1 Team,20,MAZ,Nikita Mazepin,9,#505050,19.0,842,102.003,102.003,0,0,102.152,0.298,-0.581,2.051,-1.607,20.0,-0.581,2.051,-1.607,20.0,-2.632,H,#A5AFB9,5,2.0,0,0,0.714,0,0,0,0,0.0,20
1,2021,2021151,16,Haas F1 Team,20,MAZ,Nikita Mazepin,9,#505050,20.0,843,102.032,102.032,0,0,102.018,0.029,-0.665,-,-,-,-0.665,-,-,-,,H,#A5AFB9,6,2.0,0,0,0.714,0,0,0,0,0.0,20
1,2021,2021151,16,Haas F1 Team,20,MAZ,Nikita Mazepin,9,#505050,21.0,844,102.259,102.259,0,0,102.146,0.227,-0.961,-,-,-,-0.961,-,-,-,,H,#A5AFB9,7,2.0,0,0,0.714,0,0,0,0,0.0,19
1,2021,2021151,16,Haas F1 Team,20,MAZ,Nikita Mazepin,9,#505050,22.0,845,102.436,102.436,0,0,102.348,0.177,-1.171,-2.160,-0.091,16.0,-1.171,-2.160,-0.091,16.0,0.989,H,#A5AFB9,8,2.0,0,0,0.714,0,0,0,0,0.0,19
1,2021,2021151,16,Haas F1 Team,20,MAZ,Nikita Mazepin,9,#505050,23.0,846,102.178,102.178,0,0,102.307,0.258,-0.981,-1.845,-0.058,16.0,-0.981,-1.845,-0.058,16.0,0.864,H,#A5AFB9,9,2.0,0,0,0.714,0,0,0,0,0.0,19
1,2021,2021151,16,Haas F1 Team,20,MAZ,Nikita Mazepin,9,#505050,24.0,847,101.713,101.713,0,0,101.946,0.465,-0.717,-1.161,-0.136,16.0,-0.717,-1.161,-0.136,16.0,0.444,H,#A5AFB9,10,2.0,0,0,0.714,0,0,0,0,0.0,19
1,2021,2021151,16,Haas F1 Team,20,MAZ,Nikita Mazepin,9,#505050,25.0,848,102.019,102.019,0,0,101.866,0.306,-0.984,-1.250,-0.359,16.0,-0.984,-1.250,-0.359,16.0,0.266,H,#A5AFB9,11,2.0,0,0,0.714,0,0,0,0,0.0,19
1,2021,2021151,16,Haas F1 Team,20,MAZ,Nikita Mazepin,9,#505050,26.0,849,101.722,101.722,0,0,101.87,0.297,-0.65,-1.024,-0.138,16.0,-0.650,-1.024,-0.138,16.0,0.374,H,#A5AFB9,12,2.0,0,0,0.714,0,0,0,0,0.0,19
1,2021,2021151,16,Haas F1 Team,20,MAZ,Nikita Mazepin,9,#505050,27.0,850,101.837,101.837,0,0,101.78,0.115,-0.815,-0.744,-0.443,16.0,-0.815,-0.744,-0.443,16.0,-0.071,H,#A5AFB9,13,2.0,0,0,0.714,0,0,0,0,0.0,19
1,2021,2021151,16,Haas F1 Team,20,MAZ,Nikita Mazepin,9,#505050,28.0,851,101.72,101.72,0,0,101.779,0.117,-1.131,-0.220,-1.021,16.0,-1.131,-0.220,-1.021,16.0,-0.911,H,#A5AFB9,14,2.0,0,0,0.714,0,0,0,0,0.0,19
1,2021,2021151,16,Haas F1 Team,20,MAZ,Nikita Mazepin,9,#505050,29.0,852,102.425,101.779,1,0,101.749,0.705,-1.854,-0.182,-1.763,16.0,-1.207,-0.078,-1.168,16.0,-1.672,H,#A5AFB9,15,2.0,0,0,0.714,0,0,0,0,0.0,19
1,2021,2021151,16,Haas F1 Team,20,MAZ,Nikita Mazepin,9,#505050,30.0,853,101.837,101.837,0,0,101.808,0.588,-1.375,0.064,-1.407,20.0,-1.375,0.064,-1.407,20.0,-1.439,H,#A5AFB9,16,2.0,0,1,0.714,0,0,0,0,0.0,19
1,2021,2021151,16,Haas F1 Team,20,MAZ,Nikita Mazepin,9,#505050,31.0,854,105.109,102.339,1,0,102.088,3.272,-4.649,-2.570,-3.364,16.0,-1.878,0.201,-1.978,20.0,-2.079,H,#A5AFB9,17,2.0,0,0,0.714,0,0,0,0,-1.0,20
1,2021,2021151,16,Haas F1 Team,20,MAZ,Nikita Mazepin,9,#505050,32.0,855,102.84,102.84,0,0,102.589,2.269,-2.343,-,-,-,-2.343,-,-,-,,H,#A5AFB9,18,2.0,0,0,0.714,0,0,0,0,0.0,19
1,2021,2021151,16,Haas F1 Team,20,MAZ,Nikita Mazepin,9,#505050,33.0,856,102.044,102.044,0,0,102.442,0.796,-1.628,-,-,-,-1.628,-,-,-,,H,#A5AFB9,19,2.0,0,0,0.714,0,0,0,0,0.0,19
1,2021,2021151,16,Haas F1 Team,20,MAZ,Nikita Mazepin,9,#505050,34.0,857,102.866,102.866,0,0,102.455,0.822,-2.449,-,-,-,-2.449,-,-,-,,H,#A5AFB9,20,2.0,0,0,0.714,0,0,0,0,0.0,19
1,2021,2021151,16,Haas F1 Team,20,MAZ,Nikita Mazepin,9,#505050,35.0,858,102.928,102.928,0,0,102.897,0.062,-2.673,-,-,-,-2.673,-,-,-,,H,#A5AFB9,21,2.0,0,0,0.714,0,0,0,0,0.0,19
1,2021,2021151,16,Haas F1 Team,20,MAZ,Nikita Mazepin,9,#505050,36.0,859,102.921,102.921,0,0,102.924,0.007,-2.628,-,-,-,-2.628,-,-,-,,H,#A5AFB9,22,2.0,0,0,0.714,0,0,0,0,0.0,19
1,2021,2021151,16,Haas F1 Team,20,MAZ,Nikita Mazepin,9,#505050,37.0,860,102.868,102.868,0,0,102.894,0.053,-2.565,-,-,-,-2.565,-,-,-,,H,#A5AFB9,23,2.0,0,0,0.714,0,0,0,0,0.0,19
1,2021,2021151,16,Haas F1 Team,20,MAZ,Nikita Mazepin,9,#505050,38.0,861,105.387,102.912,1,0,102.89,2.519,-5.183,-,-,-,-2.709,-,-,-,,H,#A5AFB9,24,2.0,0,0,0.714,0,0,0,0,0.0,19
1,2021,2021151,16,Haas F1 Team,20,MAZ,Nikita Mazepin,9,#505050,39.0,862,102.957,102.957,0,0,102.935,2.430,-2.837,-,-,-,-2.837,-,-,-,,H,#A5AFB9,25,2.0,0,0,0.714,0,0,0,0,0.0,19
1,2021,2021151,16,Haas F1 Team,20,MAZ,Nikita Mazepin,9,#505050,40.0,863,103.295,103.295,0,0,103.126,0.338,-3.229,-,-,-,-3.229,-,-,-,,H,#A5AFB9,26,2.0,0,0,0.714,0,0,0,0,0.0,19
1,2021,2021151,16,Haas F1 Team,20,MAZ,Nikita Mazepin,9,#505050,41.0,864,103.132,103.132,0,0,103.214,0.163,-2.948,-,-,-,-2.948,-,-,-,,H,#A5AFB9,27,2.0,0,0,0.714,0,0,0,0,0.0,19
1,2021,2021151,16,Haas F1 Team,20,MAZ,Nikita Mazepin,9,#505050,42.0,865,103.093,103.093,0,0,103.113,0.039,-3.008,-,-,-,-3.008,-,-,-,,H,#A5AFB9,28,2.0,0,0,0.714,0,0,0,0,0.0,19
1,2021,2021151,16,Haas F1 Team,20,MAZ,Nikita Mazepin,9,#505050,43.0,866,103.621,103.621,0,0,103.357,0.528,-3.506,-,-,-,-3.506,-,-,-,,H,#A5AFB9,29,2.0,0,0,0.714,0,0,0,0,0.0,19
1,2021,2021151,16,Haas F1 Team,20,MAZ,Nikita Mazepin,9,#505050,44.0,867,113.968,105.526,1,0,104.574,10.347,-13.698,-,-,-,-5.256,-,-,-,,H,#A5AFB9,30,2.0,0,0,0.714,0,0,0,0,0.0,19
1,2021,2021151,16,Haas F1 Team,20,MAZ,Nikita Mazepin,9,#505050,45.0,868,107.431,107.431,0,0,106.478,6.537,-6.743,-,-,-,-6.743,-,-,-,,H,#A5AFB9,31,2.0,0,0,0.714,0,0,0,0,0.0,19
1,2021,2021151,16,Haas F1 Team,20,MAZ,Nikita Mazepin,9,#505050,46.0,869,-,-,0,1,-,-,-,-,-,-,-,-,-,-,,H,#A5AFB9,32,2.0,1,0,0.714,0,0,0,0,0.0,19
1,2021,2021151,16,Haas F1 Team,20,MAZ,Nikita Mazepin,9,#505050,47.0,870,-,-,0,1,-,-,-,-,-,-,-,-,-,-,,I,#50A078,1,3.0,0,0,2.800,0,0,0,0,0.0,19
1,2021,2021151,16,Haas F1 Team,20,MAZ,Nikita Mazepin,9,#505050,48.0,871,120.309,120.309,0,0,-,-,-7.596,-,-,-,-7.596,-,-,-,,I,#50A078,2,3.0,0,0,2.800,0,0,0,0,0.0,18
1,2021,2021151,16,Haas F1 Team,20,MAZ,Nikita Mazepin,9,#505050,49.0,872,126.584,126.584,0,0,123.446,6.275,-11.492,-,-,-,-11.492,-,-,-,,I,#50A078,3,3.0,0,1,2.800,0,0,0,0,0.0,18
1,2021,2021151,16,Haas F1 Team,20,MAZ,Nikita Mazepin,9,#505050,50.0,873,124.949,124.949,0,0,125.767,1.635,-6.992,-,-,-,-6.992,-,-,-,,I,#50A078,4,3.0,0,0,2.800,0,0,0,0,0.0,18
1,2021,2021151,16,Haas F1 Team,20,MAZ,Nikita Mazepin,9,#505050,51.0,874,116.061,116.061,0,0,120.505,8.888,-0.556,-,-,-,-0.556,-,-,-,,I,#50A078,5,3.0,0,0,2.800,0,0,0,0,0.0,18
1,2021,2021161,17,Haas F1 Team,16,MSC,Mick Schumacher,47,#505050,1.0,877,-,-,0,1,-,-,-,-,-,-,-,-,-,-,,I,#50A078,1,1.0,0,0,0.586,0,0,0,0,,15
1,2021,2021161,17,Haas F1 Team,16,MSC,Mick Schumacher,47,#505050,2.0,878,-,-,0,1,-,-,-,-,-,-,-,-,-,-,,I,#50A078,2,1.0,0,0,0.586,0,0,0,0,-4.0,19
1,2021,2021161,17,Haas F1 Team,16,MSC,Mick Schumacher,47,#505050,3.0,879,97.795,97.795,0,0,-,-,-1.247,0.514,-1.504,16.0,-1.247,0.514,-1.504,16.0,-1.761,I,#50A078,3,1.0,0,0,0.586,0,0,0,0,0.0,19
1,2021,2021161,17,Haas F1 Team,16,MSC,Mick Schumacher,47,#505050,4.0,880,98.278,98.278,0,0,98.036,0.483,-1.822,-0.617,-1.514,20.0,-1.822,-0.617,-1.514,20.0,-1.205,I,#50A078,4,1.0,0,0,0.586,0,0,0,0,0.0,19
1,2021,2021161,17,Haas F1 Team,16,MSC,Mick Schumacher,47,#505050,5.0,881,98.816,98.816,0,0,98.547,0.538,-2.15,-0.630,-1.835,20.0,-2.150,-0.630,-1.835,20.0,-1.52,I,#50A078,5,1.0,0,0,0.586,0,0,0,0,0.0,19
1,2021,2021161,17,Haas F1 Team,16,MSC,Mick Schumacher,47,#505050,6.0,882,98.874,98.874,0,0,98.845,0.058,-2.153,-0.381,-1.962,20.0,-2.153,-0.381,-1.962,20.0,-1.772,I,#50A078,6,1.0,0,0,0.586,0,0,0,0,0.0,19
1,2021,2021161,17,Haas F1 Team,16,MSC,Mick Schumacher,47,#505050,7.0,883,98.536,98.536,0,0,98.705,0.338,-2.039,-0.420,-1.829,20.0,-2.039,-0.420,-1.829,20.0,-1.619,I,#50A078,7,1.0,0,0,0.586,0,0,0,0,0.0,19
1,2021,2021161,17,Haas F1 Team,16,MSC,Mick Schumacher,47,#505050,8.0,884,99.526,98.578,1,0,98.557,0.990,-3.051,-0.981,-2.561,20.0,-2.103,-0.033,-2.087,20.0,-2.07,I,#50A078,8,1.0,0,0,0.586,0,0,0,0,-1.0,20
1,2021,2021161,17,Haas F1 Team,16,MSC,Mick Schumacher,47,#505050,9.0,885,98.621,98.621,0,0,98.6,0.905,-2.368,-0.472,-2.132,20.0,-2.368,-0.472,-2.132,20.0,-1.896,I,#50A078,9,1.0,0,0,0.586,0,0,0,0,0.0,20
1,2021,2021161,17,Haas F1 Team,16,MSC,Mick Schumacher,47,#505050,10.0,886,97.953,97.953,0,0,98.287,0.668,-1.838,0.004,-1.840,16.0,-1.838,0.004,-1.840,16.0,-1.842,I,#50A078,10,1.0,0,0,0.586,0,0,0,0,0.0,20
1,2021,2021161,17,Haas F1 Team,16,MSC,Mick Schumacher,47,#505050,11.0,887,97.91,97.91,0,0,97.932,0.043,-2.088,1.213,-2.695,16.0,-2.088,0.107,-2.142,16.0,-3.301,I,#50A078,11,1.0,0,0,0.586,0,0,0,0,0.0,20
1,2021,2021161,17,Haas F1 Team,16,MSC,Mick Schumacher,47,#505050,12.0,888,97.487,97.487,0,0,97.698,0.423,-2.007,0.590,-2.302,16.0,-2.007,0.590,-2.302,16.0,-2.597,I,#50A078,12,1.0,0,0,0.586,0,0,0,0,0.0,20
1,2021,2021161,17,Haas F1 Team,16,MSC,Mick Schumacher,47,#505050,13.0,889,95.955,95.955,0,0,96.721,1.532,-0.705,1.259,-1.335,16.0,-0.705,1.259,-1.335,16.0,-1.964,I,#50A078,13,1.0,0,0,0.586,0,0,0,0,0.0,20
1,2021,2021161,17,Haas F1 Team,16,MSC,Mick Schumacher,47,#505050,14.0,890,97.048,97.048,0,0,96.502,1.093,-1.883,0.193,-1.980,16.0,-1.883,0.193,-1.980,16.0,-2.076,I,#50A078,14,1.0,0,0,0.586,0,0,0,0,0.0,20
1,2021,2021161,17,Haas F1 Team,16,MSC,Mick Schumacher,47,#505050,15.0,891,97.164,97.164,0,0,97.106,0.116,-2.139,-0.057,-2.111,20.0,-2.139,-0.057,-2.111,20.0,-2.082,I,#50A078,15,1.0,0,0,0.586,0,0,0,0,0.0,20
1,2021,2021161,17,Haas F1 Team,16,MSC,Mick Schumacher,47,#505050,16.0,892,96.7,96.7,0,0,96.932,0.464,-1.768,-0.068,-1.734,20.0,-1.768,-0.068,-1.734,20.0,-1.7,I,#50A078,16,1.0,0,0,0.586,0,0,0,0,0.0,20
1,2021,2021161,17,Haas F1 Team,16,MSC,Mick Schumacher,47,#505050,17.0,893,96.44,96.44,0,0,96.57,0.260,-1.767,0.205,-1.869,16.0,-1.767,0.205,-1.869,16.0,-1.972,I,#50A078,17,1.0,0,0,0.586,0,0,0,0,0.0,20
1,2021,2021161,17,Haas F1 Team,16,MSC,Mick Schumacher,47,#505050,18.0,894,96.824,96.824,0,0,96.632,0.384,-2.191,-0.058,-2.162,20.0,-2.191,-0.058,-2.162,20.0,-2.133,I,#50A078,18,1.0,0,0,0.586,0,0,0,0,0.0,20
1,2021,2021161,17,Haas F1 Team,16,MSC,Mick Schumacher,47,#505050,19.0,895,96.49,96.49,0,0,96.657,0.334,-2.032,0.173,-2.119,16.0,-2.032,0.173,-2.119,16.0,-2.205,I,#50A078,19,1.0,0,0,0.586,0,0,0,0,0.0,20
1,2021,2021161,17,Haas F1 Team,16,MSC,Mick Schumacher,47,#505050,20.0,896,96.425,96.425,0,0,96.458,0.065,-1.93,-0.151,-1.855,20.0,-1.930,-0.151,-1.855,20.0,-1.779,I,#50A078,20,1.0,0,1,0.586,0,0,0,0,0.0,20
1,2021,2021161,17,Haas F1 Team,16,MSC,Mick Schumacher,47,#505050,21.0,897,95.979,95.979,0,0,96.202,0.446,-1.556,0.230,-1.671,16.0,-1.556,0.230,-1.671,16.0,-1.786,I,#50A078,21,1.0,0,0,0.586,0,0,0,0,0.0,20
1,2021,2021161,17,Haas F1 Team,16,MSC,Mick Schumacher,47,#505050,22.0,898,96.428,96.428,0,0,96.203,0.449,-1.936,0.144,-2.008,16.0,-1.936,0.144,-2.008,16.0,-2.08,I,#50A078,22,1.0,0,0,0.586,0,0,0,0,0.0,20
1,2021,2021161,17,Haas F1 Team,16,MSC,Mick Schumacher,47,#505050,23.0,899,96.659,96.659,0,0,96.544,0.231,-2.261,-0.377,-2.072,20.0,-2.261,-0.377,-2.072,20.0,-1.884,I,#50A078,23,1.0,0,0,0.586,0,0,0,0,0.0,20
1,2021,2021161,17,Haas F1 Team,16,MSC,Mick Schumacher,47,#505050,24.0,900,101.832,97.02,1,0,96.84,5.173,-7.154,-1.842,-6.233,20.0,-2.342,0.729,-2.707,16.0,-5.312,I,#50A078,24,1.0,0,0,0.586,0,0,0,0,0.0,20
1,2021,2021161,17,Haas F1 Team,16,MSC,Mick Schumacher,47,#505050,25.0,901,97.382,97.382,0,0,97.201,4.450,-2.483,1.835,-3.401,16.0,-2.483,1.835,-3.401,16.0,-4.318,I,#50A078,25,1.0,0,0,0.586,0,0,0,0,0.0,20
1,2021,2021161,17,Haas F1 Team,16,MSC,Mick Schumacher,47,#505050,26.0,902,99.521,97.649,1,0,97.515,2.139,-4.604,-2.473,-3.368,20.0,-2.731,-0.600,-2.431,20.0,-2.131,I,#50A078,26,1.0,0,0,0.586,0,0,0,0,0.0,20
1,2021,2021161,17,Haas F1 Team,16,MSC,Mick Schumacher,47,#505050,27.0,903,97.915,97.915,0,0,97.782,1.606,-2.958,2.050,-3.983,16.0,-2.958,-0.726,-2.595,20.0,-5.008,I,#50A078,27,1.0,0,0,0.586,0,0,0,0,0.0,20
1,2021,2021161,17,Haas F1 Team,16,MSC,Mick Schumacher,47,#505050,28.0,904,96.825,96.825,0,0,97.37,1.090,-1.749,0.505,-2.002,16.0,-1.749,0.505,-2.002,16.0,-2.254,I,#50A078,28,1.0,0,0,0.586,0,0,0,0,0.0,20
1,2021,2021161,17,Haas F1 Team,16,MSC,Mick Schumacher,47,#505050,29.0,905,97.267,97.267,0,0,97.046,0.442,-2.3,-0.500,-2.050,20.0,-2.300,-0.500,-2.050,20.0,-1.8,I,#50A078,29,1.0,0,0,0.586,0,0,0,0,0.0,20
1,2021,2021161,17,Haas F1 Team,16,MSC,Mick Schumacher,47,#505050,30.0,906,98.525,97.674,1,0,97.47,1.258,-3.434,0.672,-3.770,16.0,-2.583,-0.309,-2.429,20.0,-4.106,I,#50A078,30,1.0,0,0,0.586,0,0,0,0,0.0,20
1,2021,2021161,17,Haas F1 Team,16,MSC,Mick Schumacher,47,#505050,31.0,907,98.081,98.081,0,0,97.878,0.444,-2.73,-0.117,-2.671,20.0,-2.730,-0.117,-2.671,20.0,-2.613,I,#50A078,31,1.0,0,0,0.586,0,0,0,0,0.0,20
1,2021,2021161,17,Haas F1 Team,16,MSC,Mick Schumacher,47,#505050,32.0,908,98.021,98.021,0,0,98.051,0.060,-2.589,-0.350,-2.414,20.0,-2.589,-0.350,-2.414,20.0,-2.239,I,#50A078,32,1.0,0,0,0.586,0,0,0,0,0.0,20
1,2021,2021161,17,Haas F1 Team,16,MSC,Mick Schumacher,47,#505050,33.0,909,102.241,97.456,1,0,97.738,4.220,-6.572,-3.473,-4.835,20.0,-1.787,1.312,-2.443,16.0,-3.099,I,#50A078,33,1.0,0,0,0.586,0,0,0,0,0.0,20
1,2021,2021161,17,Haas F1 Team,16,MSC,Mick Schumacher,47,#505050,34.0,910,96.891,96.891,0,0,97.174,5.350,-0.996,3.994,-2.993,16.0,-0.996,3.994,-2.993,16.0,-4.99,I,#50A078,34,1.0,0,0,0.586,0,0,0,0,0.0,20
1,2021,2021161,17,Haas F1 Team,16,MSC,Mick Schumacher,47,#505050,35.0,911,97.651,96.582,1,0,96.736,0.760,-2.142,-,-,-,-1.072,-,-,-,,I,#50A078,35,1.0,0,0,0.586,0,0,0,0,0.0,19
1,2021,2021161,17,Haas F1 Team,16,MSC,Mick Schumacher,47,#505050,36.0,912,96.272,96.272,0,0,96.427,1.379,-1.266,-,-,-,-1.266,-,-,-,,I,#50A078,36,1.0,0,0,0.586,0,0,0,0,0.0,19
1,2021,2021161,17,Haas F1 Team,16,MSC,Mick Schumacher,47,#505050,37.0,913,95.946,95.946,0,0,96.109,0.326,-0.715,0.302,-0.866,16.0,-0.715,0.302,-0.866,16.0,-1.017,I,#50A078,37,1.0,0,0,0.586,0,0,0,0,0.0,19
1,2021,2021161,17,Haas F1 Team,16,MSC,Mick Schumacher,47,#505050,38.0,914,96.281,96.281,0,0,96.114,0.335,-0.916,0.691,-1.262,16.0,-0.916,0.691,-1.262,16.0,-1.607,I,#50A078,38,1.0,0,0,0.586,0,0,0,0,0.0,18
1,2021,2021161,17,Haas F1 Team,16,MSC,Mick Schumacher,47,#505050,39.0,915,-,-,0,1,-,-,-,-,-,-,-,-,-,-,-2.737,I,#50A078,39,1.0,1,0,0.586,0,0,0,0,0.0,19
1,2021,2021161,17,Haas F1 Team,16,MSC,Mick Schumacher,47,#505050,40.0,916,-,-,0,1,-,-,-,-,-,-,-,-,-,-,-3.514,I,#50A078,1,2.0,0,0,0.578,0,0,0,0,0.0,19
1,2021,2021161,17,Haas F1 Team,16,MSC,Mick Schumacher,47,#505050,41.0,917,96.086,96.086,0,0,-,-,-0.893,1.529,-1.658,16.0,-0.893,1.529,-1.658,16.0,-2.422,I,#50A078,2,2.0,0,0,0.578,0,0,0,0,0.0,19
1,2021,2021161,17,Haas F1 Team,16,MSC,Mick Schumacher,47,#505050,42.0,918,98.003,96.722,1,0,96.404,1.917,-2.776,-0.609,-2.471,20.0,-1.495,0.672,-1.831,16.0,-2.167,I,#50A078,3,2.0,0,0,0.578,0,0,0,0,0.0,19
1,2021,2021161,17,Haas F1 Team,16,MSC,Mick Schumacher,47,#505050,43.0,919,97.359,97.359,0,0,97.041,0.644,-1.997,-0.322,-1.836,20.0,-1.997,-0.322,-1.836,20.0,-1.675,I,#50A078,4,2.0,0,0,0.578,0,0,0,0,0.0,19
1,2021,2021161,17,Haas F1 Team,16,MSC,Mick Schumacher,47,#505050,44.0,920,97.106,97.106,0,0,97.232,0.253,-1.702,-0.512,-1.446,20.0,-1.702,-0.512,-1.446,20.0,-1.19,I,#50A078,5,2.0,0,0,0.578,0,0,0,0,0.0,19
1,2021,2021161,17,Haas F1 Team,16,MSC,Mick Schumacher,47,#505050,45.0,921,97.393,97.393,0,0,97.25,0.287,-2.135,-1.046,-1.612,20.0,-2.135,-1.046,-1.612,20.0,-1.089,I,#50A078,6,2.0,0,0,0.578,0,0,0,0,0.0,19
1,2021,2021161,17,Haas F1 Team,16,MSC,Mick Schumacher,47,#505050,46.0,922,95.993,95.993,0,0,96.693,1.400,-1.137,0.078,-1.176,16.0,-1.137,0.078,-1.176,16.0,-1.215,I,#50A078,7,2.0,0,0,0.578,0,0,0,0,0.0,19
1,2021,2021161,17,Haas F1 Team,16,MSC,Mick Schumacher,47,#505050,47.0,923,96.13,96.13,0,0,96.062,0.137,-1.572,-0.029,-1.558,20.0,-1.572,-0.029,-1.558,20.0,-1.543,I,#50A078,8,2.0,0,0,0.578,0,0,0,0,0.0,19
1,2021,2021161,17,Haas F1 Team,16,MSC,Mick Schumacher,47,#505050,48.0,924,96.024,96.024,0,0,96.077,0.106,-1.555,-0.113,-1.498,20.0,-1.555,-0.113,-1.498,20.0,-1.442,I,#50A078,9,2.0,0,1,0.578,0,0,0,0,0.0,19
1,2021,2021161,17,Haas F1 Team,16,MSC,Mick Schumacher,47,#505050,49.0,925,94.617,94.617,0,0,95.321,1.407,-0.309,3.641,-2.130,16.0,-0.309,3.641,-2.130,16.0,-3.95,I,#50A078,10,2.0,0,0,0.578,0,0,0,0,0.0,19
1,2021,2021161,17,Haas F1 Team,16,MSC,Mick Schumacher,47,#505050,50.0,926,94.429,94.429,0,0,94.523,0.188,-0.317,7.672,-4.153,16.0,-0.317,2.935,-1.784,16.0,-7.989,I,#50A078,11,2.0,0,0,0.578,0,0,0,0,0.0,19
1,2021,2021161,17,Haas F1 Team,16,MSC,Mick Schumacher,47,#505050,51.0,927,94.572,94.572,0,0,94.5,0.143,-0.421,1.899,-1.370,16.0,-0.421,1.899,-1.370,16.0,-2.32,I,#50A078,12,2.0,0,0,0.578,0,0,0,0,0.0,19
1,2021,2021161,17,Haas F1 Team,16,MSC,Mick Schumacher,47,#505050,52.0,928,94.209,94.209,0,0,94.39,0.363,-0.249,1.229,-0.863,16.0,-0.249,1.229,-0.863,16.0,-1.478,I,#50A078,13,2.0,0,0,0.578,0,0,0,0,0.0,19
1,2021,2021161,17,Haas F1 Team,16,MSC,Mick Schumacher,47,#505050,53.0,929,96.818,96.818,0,0,95.514,2.609,-2.966,-1.190,-2.371,20.0,-2.966,-1.190,-2.371,20.0,-1.776,I,#50A078,14,2.0,0,0,0.578,0,0,0,0,0.0,19
1,2021,2021161,17,Haas F1 Team,16,MSC,Mick Schumacher,47,#505050,54.0,930,99.427,97.367,1,0,97.092,2.609,-5.285,1.215,-5.893,16.0,-3.225,0.599,-3.525,16.0,-6.5,I,#50A078,15,2.0,0,0,0.578,0,0,0,0,0.0,19
1,2021,2021161,17,Haas F1 Team,16,MSC,Mick Schumacher,47,#505050,55.0,931,97.916,97.916,0,0,97.642,1.511,-3.554,2.388,-4.748,16.0,-3.554,2.388,-4.748,16.0,-5.942,I,#50A078,16,2.0,0,0,0.578,0,0,0,0,0.0,19
1,2021,2021161,17,Haas F1 Team,16,MSC,Mick Schumacher,47,#505050,56.0,932,96.528,96.528,0,0,97.222,1.388,-2.188,3.664,-4.020,16.0,-2.188,3.664,-4.020,16.0,-5.852,I,#50A078,17,2.0,0,0,0.578,0,0,0,0,0.0,19
1,2021,2021161,17,Haas F1 Team,20,MAZ,Nikita Mazepin,9,#505050,1.0,877,-,-,0,1,-,-,-,-,-,-,-,-,-,-,,I,#50A078,1,1.0,0,0,0.523,0,0,0,0,,19
1,2021,2021161,17,Haas F1 Team,20,MAZ,Nikita Mazepin,9,#505050,2.0,878,-,-,0,1,-,-,-,-,-,-,-,-,-,-,,I,#50A078,2,1.0,0,0,0.523,0,0,0,0,1.0,18
1,2021,2021161,17,Haas F1 Team,20,MAZ,Nikita Mazepin,9,#505050,3.0,879,98.309,98.309,0,0,-,-,-1.761,0.514,-1.504,16.0,-1.761,0.514,-1.504,16.0,-1.247,I,#50A078,3,1.0,0,0,0.523,0,0,0,0,0.0,18
1,2021,2021161,17,Haas F1 Team,20,MAZ,Nikita Mazepin,9,#505050,4.0,880,97.661,97.661,0,0,97.985,0.648,-1.205,-0.617,-1.514,20.0,-1.205,-0.617,-1.514,20.0,-1.822,I,#50A078,4,1.0,0,0,0.523,0,0,0,0,0.0,18
1,2021,2021161,17,Haas F1 Team,20,MAZ,Nikita Mazepin,9,#505050,5.0,881,98.186,98.186,0,0,97.924,0.525,-1.52,-0.630,-1.835,20.0,-1.520,-0.630,-1.835,20.0,-2.15,I,#50A078,5,1.0,0,0,0.523,0,0,0,0,0.0,18
1,2021,2021161,17,Haas F1 Team,20,MAZ,Nikita Mazepin,9,#505050,6.0,882,98.493,98.493,0,0,98.34,0.307,-1.772,-0.381,-1.962,20.0,-1.772,-0.381,-1.962,20.0,-2.153,I,#50A078,6,1.0,0,0,0.523,0,0,0,0,0.0,18
1,2021,2021161,17,Haas F1 Team,20,MAZ,Nikita Mazepin,9,#505050,7.0,883,98.116,98.116,0,0,98.304,0.377,-1.619,-0.420,-1.829,20.0,-1.619,-0.420,-1.829,20.0,-2.039,I,#50A078,7,1.0,0,0,0.523,0,0,0,0,0.0,18
1,2021,2021161,17,Haas F1 Team,20,MAZ,Nikita Mazepin,9,#505050,8.0,884,98.545,98.545,0,0,98.33,0.429,-2.07,-0.981,-2.561,20.0,-2.070,-0.033,-2.087,20.0,-3.051,I,#50A078,8,1.0,0,0,0.523,0,0,0,0,0.0,18
1,2021,2021161,17,Haas F1 Team,20,MAZ,Nikita Mazepin,9,#505050,9.0,885,98.149,98.149,0,0,98.347,0.396,-1.896,-0.472,-2.132,20.0,-1.896,-0.472,-2.132,20.0,-2.368,I,#50A078,9,1.0,0,0,0.523,0,0,0,0,0.0,18
1,2021,2021161,17,Haas F1 Team,20,MAZ,Nikita Mazepin,9,#505050,10.0,886,97.957,97.957,0,0,98.053,0.192,-1.842,0.004,-1.840,16.0,-1.842,0.004,-1.840,16.0,-1.838,I,#50A078,10,1.0,0,0,0.523,0,0,0,0,0.0,18
1,2021,2021161,17,Haas F1 Team,20,MAZ,Nikita Mazepin,9,#505050,11.0,887,99.123,98.017,1,0,97.987,1.166,-3.301,1.213,-2.695,16.0,-2.195,0.107,-2.142,16.0,-2.088,I,#50A078,11,1.0,0,0,0.523,0,0,0,0,-1.0,19
1,2021,2021161,17,Haas F1 Team,20,MAZ,Nikita Mazepin,9,#505050,12.0,888,98.077,98.077,0,0,98.047,1.046,-2.597,0.590,-2.302,16.0,-2.597,0.590,-2.302,16.0,-2.007,I,#50A078,12,1.0,0,0,0.523,0,0,0,0,0.0,19
1,2021,2021161,17,Haas F1 Team,20,MAZ,Nikita Mazepin,9,#505050,13.0,889,97.214,97.214,0,0,97.646,0.863,-1.964,1.259,-1.335,16.0,-1.964,1.259,-1.335,16.0,-0.705,I,#50A078,13,1.0,0,0,0.523,0,0,0,0,0.0,19
1,2021,2021161,17,Haas F1 Team,20,MAZ,Nikita Mazepin,9,#505050,14.0,890,97.241,97.241,0,0,97.227,0.027,-2.076,0.193,-1.980,16.0,-2.076,0.193,-1.980,16.0,-1.883,I,#50A078,14,1.0,0,0,0.523,0,0,0,0,0.0,19
1,2021,2021161,17,Haas F1 Team,20,MAZ,Nikita Mazepin,9,#505050,15.0,891,97.107,97.107,0,0,97.174,0.134,-2.082,-0.057,-2.111,20.0,-2.082,-0.057,-2.111,20.0,-2.139,I,#50A078,15,1.0,0,0,0.523,0,0,0,0,0.0,19
1,2021,2021161,17,Haas F1 Team,20,MAZ,Nikita Mazepin,9,#505050,16.0,892,96.632,96.632,0,0,96.87,0.475,-1.7,-0.068,-1.734,20.0,-1.700,-0.068,-1.734,20.0,-1.768,I,#50A078,16,1.0,0,0,0.523,0,0,0,0,0.0,19
1,2021,2021161,17,Haas F1 Team,20,MAZ,Nikita Mazepin,9,#505050,17.0,893,96.645,96.645,0,0,96.638,0.013,-1.972,0.205,-1.869,16.0,-1.972,0.205,-1.869,16.0,-1.767,I,#50A078,17,1.0,0,0,0.523,0,0,0,0,0.0,19
1,2021,2021161,17,Haas F1 Team,20,MAZ,Nikita Mazepin,9,#505050,18.0,894,96.766,96.766,0,0,96.706,0.121,-2.133,-0.058,-2.162,20.0,-2.133,-0.058,-2.162,20.0,-2.191,I,#50A078,18,1.0,0,1,0.523,0,0,0,0,0.0,19
1,2021,2021161,17,Haas F1 Team,20,MAZ,Nikita Mazepin,9,#505050,19.0,895,96.663,96.663,0,0,96.714,0.103,-2.205,0.173,-2.119,16.0,-2.205,0.173,-2.119,16.0,-2.032,I,#50A078,19,1.0,0,0,0.523,0,0,0,0,0.0,19
1,2021,2021161,17,Haas F1 Team,20,MAZ,Nikita Mazepin,9,#505050,20.0,896,96.274,96.274,0,0,96.468,0.389,-1.779,-0.151,-1.855,20.0,-1.779,-0.151,-1.855,20.0,-1.93,I,#50A078,20,1.0,0,0,0.523,0,0,0,0,0.0,19
1,2021,2021161,17,Haas F1 Team,20,MAZ,Nikita Mazepin,9,#505050,21.0,897,96.209,96.209,0,0,96.242,0.065,-1.786,0.230,-1.671,16.0,-1.786,0.230,-1.671,16.0,-1.556,I,#50A078,21,1.0,0,0,0.523,0,0,0,0,0.0,19
1,2021,2021161,17,Haas F1 Team,20,MAZ,Nikita Mazepin,9,#505050,22.0,898,96.572,96.572,0,0,96.39,0.363,-2.08,0.144,-2.008,16.0,-2.080,0.144,-2.008,16.0,-1.936,I,#50A078,22,1.0,0,0,0.523,0,0,0,0,0.0,19
1,2021,2021161,17,Haas F1 Team,20,MAZ,Nikita Mazepin,9,#505050,23.0,899,96.282,96.282,0,0,96.427,0.290,-1.884,-0.377,-2.072,20.0,-1.884,-0.377,-2.072,20.0,-2.261,I,#50A078,23,1.0,0,0,0.523,0,0,0,0,0.0,19
1,2021,2021161,17,Haas F1 Team,20,MAZ,Nikita Mazepin,9,#505050,24.0,900,99.99,97.75,1,0,97.016,3.708,-5.312,-1.842,-6.233,20.0,-3.071,0.729,-2.707,16.0,-7.154,I,#50A078,24,1.0,0,0,0.523,0,0,0,0,0.0,19
1,2021,2021161,17,Haas F1 Team,20,MAZ,Nikita Mazepin,9,#505050,25.0,901,99.217,99.217,0,0,98.483,0.773,-4.318,1.835,-3.401,16.0,-4.318,1.835,-3.401,16.0,-2.483,I,#50A078,25,1.0,0,0,0.523,0,0,0,0,0.0,19
1,2021,2021161,17,Haas F1 Team,20,MAZ,Nikita Mazepin,9,#505050,26.0,902,97.048,97.048,0,0,98.132,2.169,-2.131,-2.473,-3.368,20.0,-2.131,-0.600,-2.431,20.0,-4.604,I,#50A078,26,1.0,0,0,0.523,0,0,0,0,0.0,19
1,2021,2021161,17,Haas F1 Team,20,MAZ,Nikita Mazepin,9,#505050,27.0,903,99.965,97.189,1,0,97.118,2.917,-5.008,2.050,-3.983,16.0,-2.232,-0.726,-2.595,20.0,-2.958,I,#50A078,27,1.0,0,0,0.523,0,0,0,0,0.0,19
1,2021,2021161,17,Haas F1 Team,20,MAZ,Nikita Mazepin,9,#505050,28.0,904,97.33,97.33,0,0,97.26,2.635,-2.254,0.505,-2.002,16.0,-2.254,0.505,-2.002,16.0,-1.749,I,#50A078,28,1.0,0,0,0.523,0,0,0,0,0.0,19
1,2021,2021161,17,Haas F1 Team,20,MAZ,Nikita Mazepin,9,#505050,29.0,905,96.767,96.767,0,0,97.048,0.563,-1.8,-0.500,-2.050,20.0,-1.800,-0.500,-2.050,20.0,-2.3,I,#50A078,29,1.0,0,0,0.523,0,0,0,0,0.0,19
1,2021,2021161,17,Haas F1 Team,20,MAZ,Nikita Mazepin,9,#505050,30.0,906,99.197,97.366,1,0,97.066,2.430,-4.106,0.672,-3.770,16.0,-2.274,-0.309,-2.429,20.0,-3.434,I,#50A078,30,1.0,0,0,0.523,0,0,0,0,0.0,19
1,2021,2021161,17,Haas F1 Team,20,MAZ,Nikita Mazepin,9,#505050,31.0,907,97.964,97.964,0,0,97.665,1.233,-2.613,-0.117,-2.671,20.0,-2.613,-0.117,-2.671,20.0,-2.73,I,#50A078,31,1.0,0,0,0.523,0,0,0,0,0.0,19
1,2021,2021161,17,Haas F1 Team,20,MAZ,Nikita Mazepin,9,#505050,32.0,908,97.671,97.671,0,0,97.818,0.293,-2.239,-0.350,-2.414,20.0,-2.239,-0.350,-2.414,20.0,-2.589,I,#50A078,32,1.0,0,0,0.523,0,0,0,0,0.0,19
1,2021,2021161,17,Haas F1 Team,20,MAZ,Nikita Mazepin,9,#505050,33.0,909,98.768,98.768,0,0,98.22,1.097,-3.099,-3.473,-4.835,20.0,-3.099,1.312,-2.443,16.0,-6.572,I,#50A078,33,1.0,0,0,0.523,0,0,0,0,0.0,19
1,2021,2021161,17,Haas F1 Team,20,MAZ,Nikita Mazepin,9,#505050,34.0,910,100.885,100.885,0,0,99.827,2.117,-4.99,3.994,-2.993,16.0,-4.990,3.994,-2.993,16.0,-0.996,I,#50A078,34,1.0,0,0,0.523,0,0,0,0,0.0,19
1,2021,2021161,17,Haas F1 Team,20,MAZ,Nikita Mazepin,9,#505050,35.0,911,-,-,0,1,-,-,-,-,-,-,-,-,-,-,-2.142,I,#50A078,35,1.0,1,0,0.523,0,0,0,0,0.0,20
1,2021,2021161,17,Haas F1 Team,20,MAZ,Nikita Mazepin,9,#505050,36.0,912,-,-,0,1,-,-,-,-,-,-,-,-,-,-,-1.266,I,#50A078,1,2.0,0,0,0.744,0,0,0,0,0.0,20
1,2021,2021161,17,Haas F1 Team,20,MAZ,Nikita Mazepin,9,#505050,37.0,913,96.248,96.248,0,0,-,-,-1.017,0.302,-0.866,16.0,-1.017,0.302,-0.866,16.0,-0.715,I,#50A078,2,2.0,0,0,0.744,0,0,0,0,0.0,20
1,2021,2021161,17,Haas F1 Team,20,MAZ,Nikita Mazepin,9,#505050,38.0,914,96.972,96.972,0,0,96.61,0.724,-1.607,0.691,-1.262,16.0,-1.607,0.691,-1.262,16.0,-0.916,I,#50A078,3,2.0,0,0,0.744,0,0,0,0,0.0,20
1,2021,2021161,17,Haas F1 Team,20,MAZ,Nikita Mazepin,9,#505050,39.0,915,97.823,97.823,0,0,97.398,0.851,-2.737,-,-,-,-2.737,-,-,-,,I,#50A078,4,2.0,0,0,0.744,0,0,0,0,0.0,20
1,2021,2021161,17,Haas F1 Team,20,MAZ,Nikita Mazepin,9,#505050,40.0,916,98.59,98.59,0,0,98.206,0.767,-3.514,-,-,-,-3.514,-,-,-,,I,#50A078,5,2.0,0,0,0.744,0,0,0,0,0.0,20
1,2021,2021161,17,Haas F1 Team,20,MAZ,Nikita Mazepin,9,#505050,41.0,917,97.615,97.615,0,0,98.102,0.975,-2.422,1.529,-1.658,16.0,-2.422,1.529,-1.658,16.0,-0.893,I,#50A078,6,2.0,0,0,0.744,0,0,0,0,0.0,20
1,2021,2021161,17,Haas F1 Team,20,MAZ,Nikita Mazepin,9,#505050,42.0,918,97.394,97.394,0,0,97.504,0.221,-2.167,-0.609,-2.471,20.0,-2.167,0.672,-1.831,16.0,-2.776,I,#50A078,7,2.0,0,0,0.744,0,0,0,0,0.0,20
1,2021,2021161,17,Haas F1 Team,20,MAZ,Nikita Mazepin,9,#505050,43.0,919,97.037,97.037,0,0,97.216,0.357,-1.675,-0.322,-1.836,20.0,-1.675,-0.322,-1.836,20.0,-1.997,I,#50A078,8,2.0,0,0,0.744,0,0,0,0,0.0,20
1,2021,2021161,17,Haas F1 Team,20,MAZ,Nikita Mazepin,9,#505050,44.0,920,96.594,96.594,0,0,96.816,0.443,-1.19,-0.512,-1.446,20.0,-1.190,-0.512,-1.446,20.0,-1.702,I,#50A078,9,2.0,0,0,0.744,0,0,0,0,0.0,20
1,2021,2021161,17,Haas F1 Team,20,MAZ,Nikita Mazepin,9,#505050,45.0,921,96.347,96.347,0,0,96.47,0.247,-1.089,-1.046,-1.612,20.0,-1.089,-1.046,-1.612,20.0,-2.135,I,#50A078,10,2.0,0,0,0.744,0,0,0,0,0.0,20
1,2021,2021161,17,Haas F1 Team,20,MAZ,Nikita Mazepin,9,#505050,46.0,922,96.071,96.071,0,0,96.209,0.276,-1.215,0.078,-1.176,16.0,-1.215,0.078,-1.176,16.0,-1.137,I,#50A078,11,2.0,0,1,0.744,0,0,0,0,0.0,20
1,2021,2021161,17,Haas F1 Team,20,MAZ,Nikita Mazepin,9,#505050,47.0,923,96.101,96.101,0,0,96.086,0.030,-1.543,-0.029,-1.558,20.0,-1.543,-0.029,-1.558,20.0,-1.572,I,#50A078,12,2.0,0,0,0.744,0,0,0,0,0.0,20
1,2021,2021161,17,Haas F1 Team,20,MAZ,Nikita Mazepin,9,#505050,48.0,924,95.911,95.911,0,0,96.006,0.190,-1.442,-0.113,-1.498,20.0,-1.442,-0.113,-1.498,20.0,-1.555,I,#50A078,13,2.0,0,0,0.744,0,0,0,0,0.0,20
1,2021,2021161,17,Haas F1 Team,20,MAZ,Nikita Mazepin,9,#505050,49.0,925,98.258,98.258,0,0,97.084,2.347,-3.95,3.641,-2.130,16.0,-3.950,3.641,-2.130,16.0,-0.309,I,#50A078,14,2.0,0,0,0.744,0,0,0,0,0.0,20
1,2021,2021161,17,Haas F1 Team,20,MAZ,Nikita Mazepin,9,#505050,50.0,926,102.101,97.364,1,0,97.811,3.843,-7.989,7.672,-4.153,16.0,-3.252,2.935,-1.784,16.0,-0.317,I,#50A078,15,2.0,0,0,0.744,0,0,0,0,0.0,20
1,2021,2021161,17,Haas F1 Team,20,MAZ,Nikita Mazepin,9,#505050,51.0,927,96.471,96.471,0,0,96.918,5.630,-2.32,1.899,-1.370,16.0,-2.320,1.899,-1.370,16.0,-0.421,I,#50A078,16,2.0,0,0,0.744,0,0,0,0,0.0,20
1,2021,2021161,17,Haas F1 Team,20,MAZ,Nikita Mazepin,9,#505050,52.0,928,95.438,95.438,0,0,95.954,1.033,-1.478,1.229,-0.863,16.0,-1.478,1.229,-0.863,16.0,-0.249,I,#50A078,17,2.0,0,0,0.744,0,0,0,0,0.0,20
1,2021,2021161,17,Haas F1 Team,20,MAZ,Nikita Mazepin,9,#505050,53.0,929,95.628,95.628,0,0,95.533,0.190,-1.776,-1.190,-2.371,20.0,-1.776,-1.190,-2.371,20.0,-2.966,I,#50A078,18,2.0,0,0,0.744,0,0,0,0,0.0,20
1,2021,2021161,17,Haas F1 Team,20,MAZ,Nikita Mazepin,9,#505050,54.0,930,100.642,97.966,1,0,96.797,5.014,-6.5,1.215,-5.893,16.0,-3.824,0.599,-3.525,16.0,-5.285,I,#50A078,19,2.0,0,0,0.744,0,0,0,0,0.0,20
1,2021,2021161,17,Haas F1 Team,20,MAZ,Nikita Mazepin,9,#505050,55.0,931,100.304,100.304,0,0,99.135,0.338,-5.942,2.388,-4.748,16.0,-5.942,2.388,-4.748,16.0,-3.554,I,#50A078,20,2.0,0,0,0.744,0,0,0,0,0.0,20
1,2021,2021161,17,Haas F1 Team,20,MAZ,Nikita Mazepin,9,#505050,56.0,932,100.192,100.192,0,0,100.248,0.112,-5.852,3.664,-4.020,16.0,-5.852,3.664,-4.020,16.0,-2.188,I,#50A078,21,2.0,0,0,0.744,0,0,0,0,0.0,20
1,2021,2021171,18,Haas F1 Team,16,MSC,Mick Schumacher,47,#505050,1.0,935,-,-,0,1,-,-,-,-,-,-,-,-,-,-,,M,#F0E628,1,1.0,0,0,0.140,0,0,0,0,,17
1,2021,2021171,18,Haas F1 Team,16,MSC,Mick Schumacher,47,#505050,2.0,936,-,-,0,1,-,-,-,-,-,-,-,-,-,-,,M,#F0E628,2,1.0,0,0,0.140,0,0,0,0,-1.0,18
1,2021,2021171,18,Haas F1 Team,16,MSC,Mick Schumacher,47,#505050,3.0,937,106.152,106.152,0,0,-,-,-1.915,-2.450,-0.690,20.0,-1.915,-2.450,-0.690,20.0,0.535,M,#F0E628,3,1.0,0,0,0.140,0,0,0,0,0.0,18
1,2021,2021171,18,Haas F1 Team,16,MSC,Mick Schumacher,47,#505050,4.0,938,105.217,105.217,0,0,105.684,0.935,-1.529,-0.607,-1.226,20.0,-1.529,-0.607,-1.226,20.0,-0.922,M,#F0E628,4,1.0,0,0,0.140,0,0,0,0,0.0,17
1,2021,2021171,18,Haas F1 Team,16,MSC,Mick Schumacher,47,#505050,5.0,939,105.205,105.205,0,0,105.211,0.012,-1.564,-0.199,-1.464,20.0,-1.564,-0.199,-1.464,20.0,-1.365,M,#F0E628,5,1.0,0,0,0.140,0,0,0,0,0.0,17
1,2021,2021171,18,Haas F1 Team,16,MSC,Mick Schumacher,47,#505050,6.0,940,105.366,105.366,0,0,105.286,0.161,-1.609,0.163,-1.690,16.0,-1.609,0.163,-1.690,16.0,-1.772,M,#F0E628,6,1.0,0,1,0.140,0,0,0,0,0.0,17
1,2021,2021171,18,Haas F1 Team,16,MSC,Mick Schumacher,47,#505050,7.0,941,105.67,105.67,0,0,105.518,0.304,-1.913,0.247,-2.037,16.0,-1.913,0.247,-2.037,16.0,-2.16,M,#F0E628,7,1.0,0,0,0.140,0,0,0,0,0.0,17
1,2021,2021171,18,Haas F1 Team,16,MSC,Mick Schumacher,47,#505050,8.0,942,105.565,105.565,0,0,105.618,0.105,-1.821,1.116,-2.379,16.0,-1.821,1.116,-2.379,16.0,-2.937,M,#F0E628,8,1.0,0,0,0.140,0,0,0,0,0.0,16
1,2021,2021171,18,Haas F1 Team,16,MSC,Mick Schumacher,47,#505050,9.0,943,105.36,105.36,0,0,105.462,0.205,-1.908,1.226,-2.521,16.0,-1.908,1.226,-2.521,16.0,-3.134,M,#F0E628,9,1.0,0,0,0.140,0,0,0,0,0.0,15
1,2021,2021171,18,Haas F1 Team,16,MSC,Mick Schumacher,47,#505050,10.0,944,105.127,105.127,0,0,105.244,0.233,-1.844,0.217,-1.952,16.0,-1.844,0.217,-1.952,16.0,-2.061,M,#F0E628,10,1.0,0,0,0.140,0,0,0,0,0.0,13
1,2021,2021171,18,Haas F1 Team,16,MSC,Mick Schumacher,47,#505050,11.0,945,-,-,0,1,-,-,-,-,-,-,-,-,-,-,-2.56,M,#F0E628,11,1.0,1,0,0.140,0,0,0,0,0.0,14
1,2021,2021171,18,Haas F1 Team,16,MSC,Mick Schumacher,47,#505050,12.0,946,-,-,0,1,-,-,-,-,-,-,-,-,-,-,-3.002,H,#A5AFB9,1,2.0,0,0,0.359,0,0,0,0,0.0,19
1,2021,2021171,18,Haas F1 Team,16,MSC,Mick Schumacher,47,#505050,13.0,947,103.505,103.505,0,0,-,-,-0.193,2.451,-1.419,16.0,-0.193,2.451,-1.419,16.0,-2.644,H,#A5AFB9,2,2.0,0,0,0.359,0,0,0,0,0.0,19
1,2021,2021171,18,Haas F1 Team,16,MSC,Mick Schumacher,47,#505050,14.0,948,103.865,103.865,0,0,103.685,0.360,-0.946,1.894,-1.893,16.0,-0.946,1.894,-1.893,16.0,-2.84,H,#A5AFB9,3,2.0,0,0,0.359,0,0,0,0,0.0,18
1,2021,2021171,18,Haas F1 Team,16,MSC,Mick Schumacher,47,#505050,15.0,949,104.098,104.098,0,0,103.982,0.233,-1.082,1.902,-2.033,16.0,-1.082,1.902,-2.033,16.0,-2.984,H,#A5AFB9,4,2.0,0,0,0.359,0,0,0,0,0.0,18
1,2021,2021171,18,Haas F1 Team,16,MSC,Mick Schumacher,47,#505050,16.0,950,103.82,103.82,0,0,103.959,0.278,-0.631,2.739,-2.001,16.0,-0.631,2.739,-2.001,16.0,-3.37,H,#A5AFB9,5,2.0,0,0,0.359,0,0,0,0,0.0,18
1,2021,2021171,18,Haas F1 Team,16,MSC,Mick Schumacher,47,#505050,17.0,951,103.949,103.949,0,0,103.884,0.129,-1.112,1.900,-2.062,16.0,-1.112,1.900,-2.062,16.0,-3.012,H,#A5AFB9,6,2.0,0,0,0.359,0,0,0,0,0.0,18
1,2021,2021171,18,Haas F1 Team,16,MSC,Mick Schumacher,47,#505050,18.0,952,104.071,104.071,0,0,104.01,0.122,-1.436,1.987,-2.429,16.0,-1.436,1.987,-2.429,16.0,-3.423,H,#A5AFB9,7,2.0,0,0,0.359,0,0,0,0,0.0,18
1,2021,2021171,18,Haas F1 Team,16,MSC,Mick Schumacher,47,#505050,19.0,953,104.979,104.094,1,0,104.082,0.908,-2.269,1.814,-3.176,16.0,-1.384,2.699,-2.734,16.0,-4.083,H,#A5AFB9,8,2.0,0,0,0.359,0,0,0,0,0.0,18
1,2021,2021171,18,Haas F1 Team,16,MSC,Mick Schumacher,47,#505050,20.0,954,104.116,104.116,0,0,104.105,0.863,-1.32,2.689,-2.665,16.0,-1.320,2.689,-2.665,16.0,-4.009,H,#A5AFB9,9,2.0,0,0,0.359,0,0,0,0,0.0,18
1,2021,2021171,18,Haas F1 Team,16,MSC,Mick Schumacher,47,#505050,21.0,955,104.614,104.614,0,0,104.365,0.498,-1.668,2.791,-3.063,16.0,-1.668,2.791,-3.063,16.0,-4.459,H,#A5AFB9,10,2.0,0,0,0.359,0,0,0,0,0.0,18
1,2021,2021171,18,Haas F1 Team,16,MSC,Mick Schumacher,47,#505050,22.0,956,104.672,104.672,0,0,104.643,0.058,-1.892,1.157,-2.470,16.0,-1.892,1.157,-2.470,16.0,-3.049,H,#A5AFB9,11,2.0,0,1,0.359,0,0,0,0,0.0,18
1,2021,2021171,18,Haas F1 Team,16,MSC,Mick Schumacher,47,#505050,23.0,957,104.498,104.498,0,0,104.585,0.174,-1.801,3.816,-3.709,16.0,-1.801,3.816,-3.709,16.0,-5.617,H,#A5AFB9,12,2.0,0,0,0.359,0,0,0,0,0.0,18
1,2021,2021171,18,Haas F1 Team,16,MSC,Mick Schumacher,47,#505050,24.0,958,105.815,105.004,1,0,104.751,1.317,-3.222,-,-,-,-2.411,-,-,-,,H,#A5AFB9,13,2.0,0,0,0.359,0,0,0,0,0.0,18
1,2021,2021171,18,Haas F1 Team,16,MSC,Mick Schumacher,47,#505050,25.0,959,105.51,105.51,0,0,105.257,0.305,-2.919,-,-,-,-2.919,-,-,-,,H,#A5AFB9,14,2.0,0,0,0.359,0,0,0,0,0.0,18
1,2021,2021171,18,Haas F1 Team,16,MSC,Mick Schumacher,47,#505050,26.0,960,-,-,0,1,-,-,-,-,-,-,-,-,-,-,,H,#A5AFB9,15,2.0,0,0,0.359,0,0,0,1,0.0,16
1,2021,2021171,18,Haas F1 Team,16,MSC,Mick Schumacher,47,#505050,27.0,961,-,-,0,1,-,-,-,-,-,-,-,-,-,-,-1.775,H,#A5AFB9,16,2.0,0,0,0.359,0,0,1,0,0.0,16
1,2021,2021171,18,Haas F1 Team,16,MSC,Mick Schumacher,47,#505050,28.0,962,103.561,103.561,0,0,-,-,-1.102,0.882,-1.543,16.0,-1.102,0.344,-1.274,16.0,-1.984,H,#A5AFB9,17,2.0,0,0,0.359,0,0,0,0,0.0,16
1,2021,2021171,18,Haas F1 Team,16,MSC,Mick Schumacher,47,#505050,29.0,963,103.927,103.927,0,0,103.744,0.366,-1.57,0.287,-1.714,16.0,-1.570,0.287,-1.714,16.0,-1.857,H,#A5AFB9,18,2.0,0,0,0.359,0,0,0,0,0.0,16
1,2021,2021171,18,Haas F1 Team,16,MSC,Mick Schumacher,47,#505050,30.0,964,105.958,104.123,1,0,104.025,2.031,-3.472,2.468,-4.706,16.0,-1.637,0.179,-1.726,16.0,-5.94,H,#A5AFB9,19,2.0,0,0,0.359,0,0,0,0,0.0,16
1,2021,2021171,18,Haas F1 Team,16,MSC,Mick Schumacher,47,#505050,31.0,965,104.319,104.319,0,0,104.221,1.639,-2.085,0.071,-2.120,16.0,-2.085,0.071,-2.120,16.0,-2.156,H,#A5AFB9,20,2.0,0,0,0.359,0,0,0,0,0.0,16
1,2021,2021171,18,Haas F1 Team,16,MSC,Mick Schumacher,47,#505050,32.0,966,105.036,104.303,1,0,104.311,0.717,-3.186,-1.265,-2.554,20.0,-2.452,-0.531,-2.187,20.0,-1.921,H,#A5AFB9,21,2.0,0,0,0.359,0,0,0,0,0.0,16
1,2021,2021171,18,Haas F1 Team,16,MSC,Mick Schumacher,47,#505050,33.0,967,104.286,104.286,0,0,104.294,0.750,-2.212,-0.424,-2.000,20.0,-2.212,-0.424,-2.000,20.0,-1.788,H,#A5AFB9,22,2.0,0,0,0.359,0,0,0,0,0.0,16
1,2021,2021171,18,Haas F1 Team,16,MSC,Mick Schumacher,47,#505050,34.0,968,-,-,0,1,-,-,-,-,-,-,-,-,-,-,-2.08,H,#A5AFB9,23,2.0,1,0,0.359,0,0,0,0,0.0,16
1,2021,2021171,18,Haas F1 Team,16,MSC,Mick Schumacher,47,#505050,35.0,969,-,-,0,1,-,-,-,-,-,-,-,-,-,-,-1.882,M,#F0E628,1,3.0,0,0,0.714,0,0,0,0,0.0,18
1,2021,2021171,18,Haas F1 Team,16,MSC,Mick Schumacher,47,#505050,36.0,970,101.395,101.395,0,0,-,-,0.012,2.468,-1.222,16.0,0.012,2.468,-1.222,16.0,-2.456,M,#F0E628,2,3.0,0,0,0.714,0,0,0,0,0.0,18
1,2021,2021171,18,Haas F1 Team,16,MSC,Mick Schumacher,47,#505050,37.0,971,101.811,101.811,0,0,101.603,0.416,-0.526,-,-,-,-0.526,-,-,-,,M,#F0E628,3,3.0,0,0,0.714,0,0,0,0,0.0,18
1,2021,2021171,18,Haas F1 Team,16,MSC,Mick Schumacher,47,#505050,38.0,972,102.693,101.992,1,0,101.902,0.882,-1.313,-,-,-,-0.612,-,-,-,,M,#F0E628,4,3.0,0,0,0.714,0,0,0,0,0.0,18
1,2021,2021171,18,Haas F1 Team,16,MSC,Mick Schumacher,47,#505050,39.0,973,102.173,102.173,0,0,102.083,0.520,-0.621,4.111,-2.676,16.0,-0.621,4.111,-2.676,16.0,-4.732,M,#F0E628,5,3.0,0,0,0.714,0,0,0,0,0.0,18
1,2021,2021171,18,Haas F1 Team,16,MSC,Mick Schumacher,47,#505050,40.0,974,102.296,102.296,0,0,102.234,0.123,-0.962,5.578,-3.751,16.0,-0.962,5.578,-3.751,16.0,-6.54,M,#F0E628,6,3.0,0,0,0.714,0,0,0,0,0.0,17
1,2021,2021171,18,Haas F1 Team,16,MSC,Mick Schumacher,47,#505050,41.0,975,102.923,102.923,0,0,102.61,0.627,-1.755,0.090,-1.800,16.0,-1.755,0.090,-1.800,16.0,-1.845,M,#F0E628,7,3.0,0,0,0.714,0,0,0,0,0.0,17
1,2021,2021171,18,Haas F1 Team,16,MSC,Mick Schumacher,47,#505050,42.0,976,109.918,102.842,1,0,102.882,6.995,-8.539,-7.032,-5.023,20.0,-1.463,0.044,-1.485,16.0,-1.507,M,#F0E628,8,3.0,0,0,0.714,0,0,0,0,0.0,17
1,2021,2021171,18,Haas F1 Team,16,MSC,Mick Schumacher,47,#505050,43.0,977,102.761,102.761,0,0,102.802,7.157,-1.576,3.723,-3.438,16.0,-1.576,0.246,-1.699,16.0,-5.299,M,#F0E628,9,3.0,0,0,0.714,0,0,0,0,0.0,17
1,2021,2021171,18,Haas F1 Team,16,MSC,Mick Schumacher,47,#505050,44.0,978,102.119,102.119,0,0,102.44,0.642,-1.085,1.008,-1.589,16.0,-1.085,1.008,-1.589,16.0,-2.093,M,#F0E628,10,3.0,0,0,0.714,0,0,0,0,0.0,17
1,2021,2021171,18,Haas F1 Team,16,MSC,Mick Schumacher,47,#505050,45.0,979,102.08,102.08,0,0,102.1,0.039,-1.101,0.895,-1.548,16.0,-1.101,0.895,-1.548,16.0,-1.996,M,#F0E628,11,3.0,0,1,0.714,0,0,0,0,0.0,17
1,2021,2021171,18,Haas F1 Team,16,MSC,Mick Schumacher,47,#505050,46.0,980,102.189,102.189,0,0,102.134,0.109,-1.256,1.000,-1.756,16.0,-1.256,1.000,-1.756,16.0,-2.256,M,#F0E628,12,3.0,0,0,0.714,0,0,0,0,0.0,17
1,2021,2021171,18,Haas F1 Team,16,MSC,Mick Schumacher,47,#505050,47.0,981,102.492,102.492,0,0,102.34,0.303,-1.432,0.880,-1.872,16.0,-1.432,0.880,-1.872,16.0,-2.312,M,#F0E628,13,3.0,0,0,0.714,0,0,0,0,0.0,17
1,2021,2021171,18,Haas F1 Team,16,MSC,Mick Schumacher,47,#505050,48.0,982,102.313,102.313,0,0,102.402,0.179,-1.108,0.943,-1.579,16.0,-1.108,0.943,-1.579,16.0,-2.051,M,#F0E628,14,3.0,0,0,0.714,0,0,0,0,0.0,17
1,2021,2021171,18,Haas F1 Team,16,MSC,Mick Schumacher,47,#505050,49.0,983,102.945,102.945,0,0,102.629,0.632,-1.569,0.649,-1.893,16.0,-1.569,0.649,-1.893,16.0,-2.218,M,#F0E628,15,3.0,0,0,0.714,0,0,0,0,0.0,17
1,2021,2021171,18,Haas F1 Team,16,MSC,Mick Schumacher,47,#505050,50.0,984,102.898,102.898,0,0,102.922,0.047,-1.452,0.250,-1.577,16.0,-1.452,0.250,-1.577,16.0,-1.702,M,#F0E628,16,3.0,0,0,0.714,0,0,0,0,0.0,16
1,2021,2021171,18,Haas F1 Team,16,MSC,Mick Schumacher,47,#505050,51.0,985,102.544,102.544,0,0,102.721,0.354,-0.901,7.558,-4.680,16.0,-0.901,1.540,-1.671,16.0,-8.459,M,#F0E628,17,3.0,0,0,0.714,0,0,0,0,0.0,16
1,2021,2021171,18,Haas F1 Team,16,MSC,Mick Schumacher,47,#505050,52.0,986,103.321,103.321,0,0,102.932,0.777,-1.414,1.699,-2.264,16.0,-1.414,1.699,-2.264,16.0,-3.113,M,#F0E628,18,3.0,0,0,0.714,0,0,0,0,0.0,16
1,2021,2021171,18,Haas F1 Team,16,MSC,Mick Schumacher,47,#505050,53.0,987,106.09,103.348,1,0,103.334,2.769,-3.872,-1.845,-2.950,20.0,-1.130,0.897,-1.579,16.0,-2.027,M,#F0E628,19,3.0,0,0,0.714,0,0,0,0,0.0,16
1,2021,2021171,18,Haas F1 Team,16,MSC,Mick Schumacher,47,#505050,54.0,988,103.375,103.375,0,0,103.362,2.715,-1.221,1.305,-1.873,16.0,-1.221,1.305,-1.873,16.0,-2.526,M,#F0E628,20,3.0,0,0,0.714,0,0,0,0,0.0,16
1,2021,2021171,18,Haas F1 Team,20,MAZ,Nikita Mazepin,9,#505050,1.0,935,-,-,0,1,-,-,-,-,-,-,-,-,-,-,,M,#F0E628,1,1.0,1,0,-,0,0,0,0,,20
1,2021,2021171,18,Haas F1 Team,20,MAZ,Nikita Mazepin,9,#505050,2.0,936,-,-,0,1,-,-,-,-,-,-,-,-,-,-,,H,#A5AFB9,1,2.0,0,0,0.309,0,0,0,0,0.0,20
1,2021,2021171,18,Haas F1 Team,20,MAZ,Nikita Mazepin,9,#505050,3.0,937,103.702,103.702,0,0,-,-,0.535,-2.450,-0.690,20.0,0.535,-2.450,-0.690,20.0,-1.915,H,#A5AFB9,2,2.0,0,0,0.309,0,0,0,0,0.0,20
1,2021,2021171,18,Haas F1 Team,20,MAZ,Nikita Mazepin,9,#505050,4.0,938,104.61,104.61,0,0,104.156,0.908,-0.922,-0.607,-1.226,20.0,-0.922,-0.607,-1.226,20.0,-1.529,H,#A5AFB9,3,2.0,0,0,0.309,0,0,0,0,0.0,19
1,2021,2021171,18,Haas F1 Team,20,MAZ,Nikita Mazepin,9,#505050,5.0,939,105.006,105.006,0,0,104.808,0.396,-1.365,-0.199,-1.464,20.0,-1.365,-0.199,-1.464,20.0,-1.564,H,#A5AFB9,4,2.0,0,0,0.309,0,0,0,0,0.0,19
1,2021,2021171,18,Haas F1 Team,20,MAZ,Nikita Mazepin,9,#505050,6.0,940,105.529,105.529,0,0,105.268,0.523,-1.772,0.163,-1.690,16.0,-1.772,0.163,-1.690,16.0,-1.609,H,#A5AFB9,5,2.0,0,0,0.309,0,0,0,0,0.0,18
1,2021,2021171,18,Haas F1 Team,20,MAZ,Nikita Mazepin,9,#505050,7.0,941,105.917,105.917,0,0,105.723,0.388,-2.16,0.247,-2.037,16.0,-2.160,0.247,-2.037,16.0,-1.913,H,#A5AFB9,6,2.0,0,0,0.309,0,0,0,0,0.0,18
1,2021,2021171,18,Haas F1 Team,20,MAZ,Nikita Mazepin,9,#505050,8.0,942,106.681,106.681,0,0,106.299,0.764,-2.937,1.116,-2.379,16.0,-2.937,1.116,-2.379,16.0,-1.821,H,#A5AFB9,7,2.0,0,0,0.309,0,0,0,0,-1.0,19
1,2021,2021171,18,Haas F1 Team,20,MAZ,Nikita Mazepin,9,#505050,9.0,943,106.586,106.586,0,0,106.634,0.095,-3.134,1.226,-2.521,16.0,-3.134,1.226,-2.521,16.0,-1.908,H,#A5AFB9,8,2.0,0,0,0.309,0,0,0,0,-1.0,20
1,2021,2021171,18,Haas F1 Team,20,MAZ,Nikita Mazepin,9,#505050,10.0,944,105.344,105.344,0,0,105.965,1.242,-2.061,0.217,-1.952,16.0,-2.061,0.217,-1.952,16.0,-1.844,H,#A5AFB9,9,2.0,0,0,0.309,0,0,0,0,0.0,20
1,2021,2021171,18,Haas F1 Team,20,MAZ,Nikita Mazepin,9,#505050,11.0,945,105.538,105.538,0,0,105.441,0.194,-2.56,-,-,-,-2.560,-,-,-,,H,#A5AFB9,10,2.0,0,0,0.309,0,0,0,0,0.0,20
1,2021,2021171,18,Haas F1 Team,20,MAZ,Nikita Mazepin,9,#505050,12.0,946,106.001,106.001,0,0,105.77,0.463,-3.002,-,-,-,-3.002,-,-,-,,H,#A5AFB9,11,2.0,0,0,0.309,0,0,0,0,0.0,20
1,2021,2021171,18,Haas F1 Team,20,MAZ,Nikita Mazepin,9,#505050,13.0,947,105.956,105.956,0,0,105.978,0.045,-2.644,2.451,-1.419,16.0,-2.644,2.451,-1.419,16.0,-0.193,H,#A5AFB9,12,2.0,0,1,0.309,0,0,0,0,0.0,20
1,2021,2021171,18,Haas F1 Team,20,MAZ,Nikita Mazepin,9,#505050,14.0,948,105.759,105.759,0,0,105.858,0.197,-2.84,1.894,-1.893,16.0,-2.840,1.894,-1.893,16.0,-0.946,H,#A5AFB9,13,2.0,0,0,0.309,0,0,0,0,0.0,19
1,2021,2021171,18,Haas F1 Team,20,MAZ,Nikita Mazepin,9,#505050,15.0,949,106.0,106.0,0,0,105.88,0.241,-2.984,1.902,-2.033,16.0,-2.984,1.902,-2.033,16.0,-1.082,H,#A5AFB9,14,2.0,0,0,0.309,0,0,0,0,0.0,19
1,2021,2021171,18,Haas F1 Team,20,MAZ,Nikita Mazepin,9,#505050,16.0,950,106.559,106.559,0,0,106.28,0.559,-3.37,2.739,-2.001,16.0,-3.370,2.739,-2.001,16.0,-0.631,H,#A5AFB9,15,2.0,0,0,0.309,0,0,0,0,0.0,19
1,2021,2021171,18,Haas F1 Team,20,MAZ,Nikita Mazepin,9,#505050,17.0,951,105.849,105.849,0,0,106.204,0.710,-3.012,1.900,-2.062,16.0,-3.012,1.900,-2.062,16.0,-1.112,H,#A5AFB9,16,2.0,0,0,0.309,0,0,0,0,0.0,19
1,2021,2021171,18,Haas F1 Team,20,MAZ,Nikita Mazepin,9,#505050,18.0,952,106.058,106.058,0,0,105.954,0.209,-3.423,1.987,-2.429,16.0,-3.423,1.987,-2.429,16.0,-1.436,H,#A5AFB9,17,2.0,0,0,0.309,0,0,0,0,0.0,19
1,2021,2021171,18,Haas F1 Team,20,MAZ,Nikita Mazepin,9,#505050,19.0,953,106.793,106.793,0,0,106.426,0.735,-4.083,1.814,-3.176,16.0,-4.083,2.699,-2.734,16.0,-2.269,H,#A5AFB9,18,2.0,0,0,0.309,0,0,0,0,0.0,19
1,2021,2021171,18,Haas F1 Team,20,MAZ,Nikita Mazepin,9,#505050,20.0,954,106.805,106.805,0,0,106.799,0.012,-4.009,2.689,-2.665,16.0,-4.009,2.689,-2.665,16.0,-1.32,H,#A5AFB9,19,2.0,0,0,0.309,0,0,0,0,0.0,19
1,2021,2021171,18,Haas F1 Team,20,MAZ,Nikita Mazepin,9,#505050,21.0,955,107.405,107.405,0,0,107.105,0.600,-4.459,2.791,-3.063,16.0,-4.459,2.791,-3.063,16.0,-1.668,H,#A5AFB9,20,2.0,0,0,0.309,0,0,0,0,0.0,19
1,2021,2021171,18,Haas F1 Team,20,MAZ,Nikita Mazepin,9,#505050,22.0,956,105.829,105.829,0,0,106.617,1.576,-3.049,1.157,-2.470,16.0,-3.049,1.157,-2.470,16.0,-1.892,H,#A5AFB9,21,2.0,0,0,0.309,0,0,0,0,0.0,19
1,2021,2021171,18,Haas F1 Team,20,MAZ,Nikita Mazepin,9,#505050,23.0,957,108.314,108.314,0,0,107.071,2.485,-5.617,3.816,-3.709,16.0,-5.617,3.816,-3.709,16.0,-1.801,H,#A5AFB9,22,2.0,0,0,0.309,0,0,0,0,0.0,19
1,2021,2021171,18,Haas F1 Team,20,MAZ,Nikita Mazepin,9,#505050,24.0,958,-,-,0,1,-,-,-,-,-,-,-,-,-,-,-3.222,H,#A5AFB9,23,2.0,1,0,0.309,0,0,0,0,0.0,19
1,2021,2021171,18,Haas F1 Team,20,MAZ,Nikita Mazepin,9,#505050,25.0,959,-,-,0,1,-,-,-,-,-,-,-,-,-,-,-2.919,M,#F0E628,1,3.0,0,0,0.631,0,0,0,0,0.0,19
1,2021,2021171,18,Haas F1 Team,20,MAZ,Nikita Mazepin,9,#505050,26.0,960,-,-,0,1,-,-,-,-,-,-,-,-,-,-,,M,#F0E628,2,3.0,0,0,0.631,0,0,0,1,0.0,19
1,2021,2021171,18,Haas F1 Team,20,MAZ,Nikita Mazepin,9,#505050,27.0,961,103.595,103.595,0,0,-,-,-1.775,-,-,-,-1.775,-,-,-,,M,#F0E628,3,3.0,0,0,0.631,0,0,0,0,0.0,19
1,2021,2021171,18,Haas F1 Team,20,MAZ,Nikita Mazepin,9,#505050,28.0,962,104.443,103.904,1,0,103.75,0.848,-1.984,0.882,-1.543,16.0,-1.446,0.344,-1.274,16.0,-1.102,M,#F0E628,4,3.0,0,0,0.631,0,0,0,0,0.0,19
1,2021,2021171,18,Haas F1 Team,20,MAZ,Nikita Mazepin,9,#505050,29.0,963,104.214,104.214,0,0,104.059,0.229,-1.857,0.287,-1.714,16.0,-1.857,0.287,-1.714,16.0,-1.57,M,#F0E628,5,3.0,0,0,0.631,0,0,0,0,0.0,19
1,2021,2021171,18,Haas F1 Team,20,MAZ,Nikita Mazepin,9,#505050,30.0,964,108.426,104.302,1,0,104.258,4.212,-5.94,2.468,-4.706,16.0,-1.816,0.179,-1.726,16.0,-3.472,M,#F0E628,6,3.0,0,0,0.631,0,0,0,0,0.0,19
1,2021,2021171,18,Haas F1 Team,20,MAZ,Nikita Mazepin,9,#505050,31.0,965,104.39,104.39,0,0,104.346,4.036,-2.156,0.071,-2.120,16.0,-2.156,0.071,-2.120,16.0,-2.085,M,#F0E628,7,3.0,0,1,0.631,0,0,0,0,0.0,19
1,2021,2021171,18,Haas F1 Team,20,MAZ,Nikita Mazepin,9,#505050,32.0,966,103.771,103.771,0,0,104.08,0.619,-1.921,-1.265,-2.554,20.0,-1.921,-0.531,-2.187,20.0,-3.186,M,#F0E628,8,3.0,0,0,0.631,0,0,0,0,0.0,19
1,2021,2021171,18,Haas F1 Team,20,MAZ,Nikita Mazepin,9,#505050,33.0,967,103.862,103.862,0,0,103.816,0.091,-1.788,-0.424,-2.000,20.0,-1.788,-0.424,-2.000,20.0,-2.212,M,#F0E628,9,3.0,0,0,0.631,0,0,0,0,0.0,19
1,2021,2021171,18,Haas F1 Team,20,MAZ,Nikita Mazepin,9,#505050,34.0,968,103.844,103.844,0,0,103.853,0.018,-2.08,-,-,-,-2.080,-,-,-,,M,#F0E628,10,3.0,0,0,0.631,0,0,0,0,0.0,19
1,2021,2021171,18,Haas F1 Team,20,MAZ,Nikita Mazepin,9,#505050,35.0,969,103.602,103.602,0,0,103.723,0.242,-1.882,-,-,-,-1.882,-,-,-,,M,#F0E628,11,3.0,0,0,0.631,0,0,0,0,0.0,19
1,2021,2021171,18,Haas F1 Team,20,MAZ,Nikita Mazepin,9,#505050,36.0,970,103.863,103.863,0,0,103.732,0.261,-2.456,2.468,-1.222,16.0,-2.456,2.468,-1.222,16.0,0.012,M,#F0E628,12,3.0,0,0,0.631,0,0,0,0,0.0,19
1,2021,2021171,18,Haas F1 Team,20,MAZ,Nikita Mazepin,9,#505050,37.0,971,-,-,0,1,-,-,-,-,-,-,-,-,-,-,-0.526,M,#F0E628,13,3.0,1,0,0.631,0,0,0,0,0.0,19
1,2021,2021171,18,Haas F1 Team,20,MAZ,Nikita Mazepin,9,#505050,38.0,972,-,-,0,1,-,-,-,-,-,-,-,-,-,-,-1.313,M,#F0E628,2,4.0,0,0,1.011,0,0,0,0,0.0,19
1,2021,2021171,18,Haas F1 Team,20,MAZ,Nikita Mazepin,9,#505050,39.0,973,106.284,106.284,0,0,-,-,-4.732,4.111,-2.676,16.0,-4.732,4.111,-2.676,16.0,-0.621,M,#F0E628,3,4.0,0,0,1.011,0,0,0,0,0.0,19
1,2021,2021171,18,Haas F1 Team,20,MAZ,Nikita Mazepin,9,#505050,40.0,974,107.874,107.874,0,0,107.079,1.590,-6.54,5.578,-3.751,16.0,-6.540,5.578,-3.751,16.0,-0.962,M,#F0E628,4,4.0,0,0,1.011,0,0,0,0,0.0,19
1,2021,2021171,18,Haas F1 Team,20,MAZ,Nikita Mazepin,9,#505050,41.0,975,103.013,103.013,0,0,105.444,4.861,-1.845,0.090,-1.800,16.0,-1.845,0.090,-1.800,16.0,-1.755,M,#F0E628,5,4.0,0,0,1.011,0,0,0,0,0.0,18
1,2021,2021171,18,Haas F1 Team,20,MAZ,Nikita Mazepin,9,#505050,42.0,976,102.886,102.886,0,0,102.95,0.127,-1.507,-7.032,-5.023,20.0,-1.507,0.044,-1.485,16.0,-8.539,M,#F0E628,6,4.0,0,0,1.011,0,0,0,0,0.0,18
1,2021,2021171,18,Haas F1 Team,20,MAZ,Nikita Mazepin,9,#505050,43.0,977,106.483,103.006,1,0,102.946,3.597,-5.299,3.723,-3.438,16.0,-1.822,0.246,-1.699,16.0,-1.576,M,#F0E628,7,4.0,0,0,1.011,0,0,0,0,0.0,18
1,2021,2021171,18,Haas F1 Team,20,MAZ,Nikita Mazepin,9,#505050,44.0,978,103.127,103.127,0,0,103.067,3.356,-2.093,1.008,-1.589,16.0,-2.093,1.008,-1.589,16.0,-1.085,M,#F0E628,8,4.0,0,0,1.011,0,0,0,0,0.0,18
1,2021,2021171,18,Haas F1 Team,20,MAZ,Nikita Mazepin,9,#505050,45.0,979,102.975,102.975,0,0,103.051,0.152,-1.996,0.895,-1.548,16.0,-1.996,0.895,-1.548,16.0,-1.101,M,#F0E628,9,4.0,0,0,1.011,0,0,0,0,0.0,18
1,2021,2021171,18,Haas F1 Team,20,MAZ,Nikita Mazepin,9,#505050,46.0,980,103.189,103.189,0,0,103.082,0.214,-2.256,1.000,-1.756,16.0,-2.256,1.000,-1.756,16.0,-1.256,M,#F0E628,10,4.0,0,1,1.011,0,0,0,0,0.0,18
1,2021,2021171,18,Haas F1 Team,20,MAZ,Nikita Mazepin,9,#505050,47.0,981,103.372,103.372,0,0,103.28,0.183,-2.312,0.880,-1.872,16.0,-2.312,0.880,-1.872,16.0,-1.432,M,#F0E628,11,4.0,0,0,1.011,0,0,0,0,0.0,18
1,2021,2021171,18,Haas F1 Team,20,MAZ,Nikita Mazepin,9,#505050,48.0,982,103.256,103.256,0,0,103.314,0.116,-2.051,0.943,-1.579,16.0,-2.051,0.943,-1.579,16.0,-1.108,M,#F0E628,12,4.0,0,0,1.011,0,0,0,0,0.0,18
1,2021,2021171,18,Haas F1 Team,20,MAZ,Nikita Mazepin,9,#505050,49.0,983,103.594,103.594,0,0,103.425,0.338,-2.218,0.649,-1.893,16.0,-2.218,0.649,-1.893,16.0,-1.569,M,#F0E628,13,4.0,0,0,1.011,0,0,0,0,0.0,18
1,2021,2021171,18,Haas F1 Team,20,MAZ,Nikita Mazepin,9,#505050,50.0,984,103.148,103.148,0,0,103.371,0.446,-1.702,0.250,-1.577,16.0,-1.702,0.250,-1.577,16.0,-1.452,M,#F0E628,14,4.0,0,0,1.011,0,0,0,0,0.0,17
1,2021,2021171,18,Haas F1 Team,20,MAZ,Nikita Mazepin,9,#505050,51.0,985,110.102,104.084,1,0,103.616,6.954,-8.459,7.558,-4.680,16.0,-2.441,1.540,-1.671,16.0,-0.901,M,#F0E628,15,4.0,0,0,1.011,0,0,0,0,0.0,17
1,2021,2021171,18,Haas F1 Team,20,MAZ,Nikita Mazepin,9,#505050,52.0,986,105.02,105.02,0,0,104.552,5.082,-3.113,1.699,-2.264,16.0,-3.113,1.699,-2.264,16.0,-1.414,M,#F0E628,16,4.0,0,0,1.011,0,0,0,0,0.0,17
1,2021,2021171,18,Haas F1 Team,20,MAZ,Nikita Mazepin,9,#505050,53.0,987,104.245,104.245,0,0,104.632,0.775,-2.027,-1.845,-2.950,20.0,-2.027,0.897,-1.579,16.0,-3.872,M,#F0E628,17,4.0,0,0,1.011,0,0,0,0,0.0,17
1,2021,2021171,18,Haas F1 Team,20,MAZ,Nikita Mazepin,9,#505050,54.0,988,104.68,104.68,0,0,104.462,0.435,-2.526,1.305,-1.873,16.0,-2.526,1.305,-1.873,16.0,-1.221,M,#F0E628,18,4.0,0,0,1.011,0,0,0,0,0.0,17
1,2021,2021181,19,Haas F1 Team,16,MSC,Mick Schumacher,47,#505050,1.0,991,-,-,0,1,-,-,-,-,-,-,-,-,-,-,,M,#F0E628,1,1.0,0,0,-,0,1,0,0,,-
1,2021,2021181,19,Haas F1 Team,20,MAZ,Nikita Mazepin,9,#505050,1.0,991,-,-,0,1,-,-,-,-,-,-,-,-,-,-,,M,#F0E628,1,1.0,0,0,0.303,0,1,0,0,,11
1,2021,2021181,19,Haas F1 Team,20,MAZ,Nikita Mazepin,9,#505050,2.0,992,-,-,0,1,-,-,-,-,-,-,-,-,-,-,,M,#F0E628,2,1.0,0,0,0.303,0,0,0,0,0.0,11
1,2021,2021181,19,Haas F1 Team,20,MAZ,Nikita Mazepin,9,#505050,3.0,993,-,-,0,1,-,-,-,-,-,-,-,-,-,-,,M,#F0E628,3,1.0,0,0,0.303,0,0,0,0,0.0,11
1,2021,2021181,19,Haas F1 Team,20,MAZ,Nikita Mazepin,9,#505050,4.0,994,-,-,0,1,-,-,-,-,-,-,-,-,-,-,,M,#F0E628,4,1.0,0,0,0.303,1,0,0,0,0.0,11
1,2021,2021181,19,Haas F1 Team,20,MAZ,Nikita Mazepin,9,#505050,5.0,995,-,-,0,1,-,-,-,-,-,-,-,-,-,-,,M,#F0E628,5,1.0,0,0,0.303,0,0,0,0,0.0,12
1,2021,2021181,19,Haas F1 Team,20,MAZ,Nikita Mazepin,9,#505050,6.0,996,84.468,84.468,0,0,-,-,-0.516,-,-,-,-0.516,-,-,-,,M,#F0E628,6,1.0,0,0,0.303,0,0,0,0,0.0,12
1,2021,2021181,19,Haas F1 Team,20,MAZ,Nikita Mazepin,9,#505050,7.0,997,84.794,84.794,0,0,84.631,0.326,-0.951,-,-,-,-0.951,-,-,-,,M,#F0E628,7,1.0,0,0,0.303,0,0,0,0,0.0,12
1,2021,2021181,19,Haas F1 Team,20,MAZ,Nikita Mazepin,9,#505050,8.0,998,84.931,84.931,0,0,84.862,0.137,-1.255,-,-,-,-1.255,-,-,-,,M,#F0E628,8,1.0,0,0,0.303,0,0,0,0,0.0,12
1,2021,2021181,19,Haas F1 Team,20,MAZ,Nikita Mazepin,9,#505050,9.0,999,84.575,84.575,0,0,84.753,0.356,-0.982,-,-,-,-0.982,-,-,-,,M,#F0E628,9,1.0,0,1,0.303,0,0,0,0,0.0,12
1,2021,2021181,19,Haas F1 Team,20,MAZ,Nikita Mazepin,9,#505050,10.0,1000,84.64,84.64,0,0,84.608,0.065,-0.97,-,-,-,-0.970,-,-,-,,M,#F0E628,10,1.0,0,0,0.303,0,0,0,0,0.0,12
1,2021,2021181,19,Haas F1 Team,20,MAZ,Nikita Mazepin,9,#505050,11.0,1001,86.125,86.125,0,0,85.382,1.485,-2.837,-,-,-,-2.837,-,-,-,,M,#F0E628,11,1.0,0,0,0.303,0,0,0,0,-1.0,13
1,2021,2021181,19,Haas F1 Team,20,MAZ,Nikita Mazepin,9,#505050,12.0,1002,87.389,87.389,0,0,86.757,1.264,-4.316,-,-,-,-4.316,-,-,-,,M,#F0E628,12,1.0,0,0,0.303,0,0,0,0,-1.0,14
1,2021,2021181,19,Haas F1 Team,20,MAZ,Nikita Mazepin,9,#505050,13.0,1003,-,-,0,1,-,-,-,-,-,-,-,-,-,-,,M,#F0E628,13,1.0,1,0,0.303,0,0,0,0,0.0,16
1,2021,2021181,19,Haas F1 Team,20,MAZ,Nikita Mazepin,9,#505050,14.0,1004,-,-,0,1,-,-,-,-,-,-,-,-,-,-,,H,#A5AFB9,1,2.0,0,0,0.858,0,0,0,0,0.0,18
1,2021,2021181,19,Haas F1 Team,20,MAZ,Nikita Mazepin,9,#505050,15.0,1005,84.046,84.046,0,0,-,-,-1.507,-,-,-,-1.507,-,-,-,,H,#A5AFB9,2,2.0,0,0,0.858,0,0,0,0,0.0,18
1,2021,2021181,19,Haas F1 Team,20,MAZ,Nikita Mazepin,9,#505050,16.0,1006,83.95,83.95,0,0,83.998,0.096,-1.419,-,-,-,-1.419,-,-,-,,H,#A5AFB9,3,2.0,0,0,0.858,0,0,0,0,0.0,18
1,2021,2021181,19,Haas F1 Team,20,MAZ,Nikita Mazepin,9,#505050,17.0,1007,83.595,83.595,0,0,83.773,0.355,-1.069,-,-,-,-1.069,-,-,-,,H,#A5AFB9,4,2.0,0,0,0.858,0,0,0,0,0.0,18
1,2021,2021181,19,Haas F1 Team,20,MAZ,Nikita Mazepin,9,#505050,18.0,1008,85.023,85.023,0,0,84.309,1.428,-2.482,-,-,-,-2.482,-,-,-,,H,#A5AFB9,5,2.0,0,0,0.858,0,0,0,0,0.0,18
1,2021,2021181,19,Haas F1 Team,20,MAZ,Nikita Mazepin,9,#505050,19.0,1009,84.291,84.291,0,0,84.657,0.732,-1.681,-,-,-,-1.681,-,-,-,,H,#A5AFB9,6,2.0,0,0,0.858,0,0,0,0,0.0,18
1,2021,2021181,19,Haas F1 Team,20,MAZ,Nikita Mazepin,9,#505050,20.0,1010,87.683,84.554,1,0,84.423,3.392,-4.981,-,-,-,-1.852,-,-,-,,H,#A5AFB9,7,2.0,0,0,0.858,0,0,0,0,0.0,18
1,2021,2021181,19,Haas F1 Team,20,MAZ,Nikita Mazepin,9,#505050,21.0,1011,84.818,84.818,0,0,84.686,2.865,-2.123,-,-,-,-2.123,-,-,-,,H,#A5AFB9,8,2.0,0,0,0.858,0,0,0,0,0.0,18
1,2021,2021181,19,Haas F1 Team,20,MAZ,Nikita Mazepin,9,#505050,22.0,1012,84.593,84.593,0,0,84.706,0.225,-1.857,-,-,-,-1.857,-,-,-,,H,#A5AFB9,9,2.0,0,0,0.858,0,0,0,0,0.0,18
1,2021,2021181,19,Haas F1 Team,20,MAZ,Nikita Mazepin,9,#505050,23.0,1013,84.146,84.146,0,0,84.37,0.447,-1.438,-,-,-,-1.438,-,-,-,,H,#A5AFB9,10,2.0,0,0,0.858,0,0,0,0,0.0,18
1,2021,2021181,19,Haas F1 Team,20,MAZ,Nikita Mazepin,9,#505050,24.0,1014,86.295,86.295,0,0,85.22,2.149,-3.464,-,-,-,-3.464,-,-,-,,H,#A5AFB9,11,2.0,0,0,0.858,0,0,0,0,0.0,18
1,2021,2021181,19,Haas F1 Team,20,MAZ,Nikita Mazepin,9,#505050,25.0,1015,87.684,87.684,0,0,86.989,1.389,-4.805,-,-,-,-4.805,-,-,-,,H,#A5AFB9,12,2.0,0,0,0.858,0,0,0,0,0.0,18
1,2021,2021181,19,Haas F1 Team,20,MAZ,Nikita Mazepin,9,#505050,26.0,1016,84.15,84.15,0,0,85.917,3.534,-1.527,-,-,-,-1.527,-,-,-,,H,#A5AFB9,13,2.0,0,0,0.858,0,0,0,0,0.0,18
1,2021,2021181,19,Haas F1 Team,20,MAZ,Nikita Mazepin,9,#505050,27.0,1017,83.815,83.815,0,0,83.982,0.335,-1.316,-,-,-,-1.316,-,-,-,,H,#A5AFB9,14,2.0,0,0,0.858,0,0,0,0,0.0,18
1,2021,2021181,19,Haas F1 Team,20,MAZ,Nikita Mazepin,9,#505050,28.0,1018,84.64,84.64,0,0,84.227,0.825,-2.046,-,-,-,-2.046,-,-,-,,H,#A5AFB9,15,2.0,0,0,0.858,0,0,0,0,0.0,18
1,2021,2021181,19,Haas F1 Team,20,MAZ,Nikita Mazepin,9,#505050,29.0,1019,84.173,84.173,0,0,84.406,0.467,-1.524,-,-,-,-1.524,-,-,-,,H,#A5AFB9,16,2.0,0,0,0.858,0,0,0,0,0.0,18
1,2021,2021181,19,Haas F1 Team,20,MAZ,Nikita Mazepin,9,#505050,30.0,1020,86.041,86.041,0,0,85.107,1.868,-3.138,-,-,-,-3.138,-,-,-,,H,#A5AFB9,17,2.0,0,0,0.858,0,0,0,0,0.0,18
1,2021,2021181,19,Haas F1 Team,20,MAZ,Nikita Mazepin,9,#505050,31.0,1021,87.601,87.601,0,0,86.821,1.560,-4.81,-,-,-,-4.810,-,-,-,,H,#A5AFB9,18,2.0,0,0,0.858,0,0,0,0,0.0,18
1,2021,2021181,19,Haas F1 Team,20,MAZ,Nikita Mazepin,9,#505050,32.0,1022,85.428,85.428,0,0,86.514,2.173,-2.987,-,-,-,-2.987,-,-,-,,H,#A5AFB9,19,2.0,0,0,0.858,0,0,0,0,0.0,18
1,2021,2021181,19,Haas F1 Team,20,MAZ,Nikita Mazepin,9,#505050,33.0,1023,83.857,83.857,0,0,84.642,1.571,-1.46,-,-,-,-1.460,-,-,-,,H,#A5AFB9,20,2.0,0,0,0.858,0,0,0,0,0.0,18
1,2021,2021181,19,Haas F1 Team,20,MAZ,Nikita Mazepin,9,#505050,34.0,1024,85.612,85.612,0,0,84.734,1.755,-3.342,-,-,-,-3.342,-,-,-,,H,#A5AFB9,21,2.0,0,0,0.858,0,0,0,0,0.0,18
1,2021,2021181,19,Haas F1 Team,20,MAZ,Nikita Mazepin,9,#505050,35.0,1025,83.704,83.704,0,0,84.658,1.908,-1.707,-,-,-,-1.707,-,-,-,,H,#A5AFB9,22,2.0,0,0,0.858,0,0,0,0,0.0,18
1,2021,2021181,19,Haas F1 Team,20,MAZ,Nikita Mazepin,9,#505050,36.0,1026,85.886,84.705,1,0,84.204,2.182,-3.958,-,-,-,-2.777,-,-,-,,H,#A5AFB9,23,2.0,0,1,0.858,0,0,0,0,0.0,18
1,2021,2021181,19,Haas F1 Team,20,MAZ,Nikita Mazepin,9,#505050,37.0,1027,85.706,85.706,0,0,85.206,0.180,-3.65,-,-,-,-3.650,-,-,-,,H,#A5AFB9,24,2.0,0,0,0.858,0,0,0,0,0.0,18
1,2021,2021181,19,Haas F1 Team,20,MAZ,Nikita Mazepin,9,#505050,38.0,1028,83.889,83.889,0,0,84.798,1.817,-1.661,-,-,-,-1.661,-,-,-,,H,#A5AFB9,25,2.0,0,0,0.858,0,0,0,0,0.0,18
1,2021,2021181,19,Haas F1 Team,20,MAZ,Nikita Mazepin,9,#505050,39.0,1029,83.303,83.303,0,0,83.596,0.586,-1.178,-,-,-,-1.178,-,-,-,,H,#A5AFB9,26,2.0,0,0,0.858,0,0,0,0,0.0,18
1,2021,2021181,19,Haas F1 Team,20,MAZ,Nikita Mazepin,9,#505050,40.0,1030,83.59,83.59,0,0,83.446,0.287,-1.661,-,-,-,-1.661,-,-,-,,H,#A5AFB9,27,2.0,0,0,0.858,0,0,0,0,0.0,18
1,2021,2021181,19,Haas F1 Team,20,MAZ,Nikita Mazepin,9,#505050,41.0,1031,84.919,84.919,0,0,84.254,1.329,-3.061,-,-,-,-3.061,-,-,-,,H,#A5AFB9,28,2.0,0,0,0.858,0,0,0,0,0.0,18
1,2021,2021181,19,Haas F1 Team,20,MAZ,Nikita Mazepin,9,#505050,42.0,1032,83.765,83.765,0,0,84.342,1.154,-2.267,-,-,-,-2.267,-,-,-,,H,#A5AFB9,29,2.0,0,0,0.858,0,0,0,0,0.0,18
1,2021,2021181,19,Haas F1 Team,20,MAZ,Nikita Mazepin,9,#505050,43.0,1033,85.515,85.515,0,0,84.64,1.750,-3.939,-,-,-,-3.939,-,-,-,,H,#A5AFB9,30,2.0,0,0,0.858,0,0,0,0,0.0,18
1,2021,2021181,19,Haas F1 Team,20,MAZ,Nikita Mazepin,9,#505050,44.0,1034,84.263,84.263,0,0,84.889,1.252,-2.783,-,-,-,-2.783,-,-,-,,H,#A5AFB9,31,2.0,0,0,0.858,0,0,0,0,0.0,18
1,2021,2021181,19,Haas F1 Team,20,MAZ,Nikita Mazepin,9,#505050,45.0,1035,86.742,84.057,1,0,84.16,2.479,-5.301,-,-,-,-2.616,-,-,-,,H,#A5AFB9,32,2.0,0,0,0.858,0,0,0,0,0.0,18
1,2021,2021181,19,Haas F1 Team,20,MAZ,Nikita Mazepin,9,#505050,46.0,1036,83.851,83.851,0,0,83.954,2.891,-2.286,-,-,-,-2.286,-,-,-,,H,#A5AFB9,33,2.0,0,0,0.858,0,0,0,0,0.0,18
1,2021,2021181,19,Haas F1 Team,20,MAZ,Nikita Mazepin,9,#505050,47.0,1037,84.914,84.914,0,0,84.382,1.063,-3.137,-,-,-,-3.137,-,-,-,,H,#A5AFB9,34,2.0,0,0,0.858,0,0,0,0,0.0,18
1,2021,2021181,19,Haas F1 Team,20,MAZ,Nikita Mazepin,9,#505050,48.0,1038,87.144,84.898,1,0,84.906,2.230,-5.378,-,-,-,-3.133,-,-,-,,H,#A5AFB9,35,2.0,0,0,0.858,0,0,0,0,0.0,18
1,2021,2021181,19,Haas F1 Team,20,MAZ,Nikita Mazepin,9,#505050,49.0,1039,84.883,84.883,0,0,84.891,2.261,-3.339,-,-,-,-3.339,-,-,-,,H,#A5AFB9,36,2.0,0,0,0.858,0,0,0,0,0.0,18
1,2021,2021181,19,Haas F1 Team,20,MAZ,Nikita Mazepin,9,#505050,50.0,1040,83.914,83.914,0,0,84.398,0.969,-2.508,-,-,-,-2.508,-,-,-,,H,#A5AFB9,37,2.0,0,0,0.858,0,0,0,0,0.0,18
1,2021,2021181,19,Haas F1 Team,20,MAZ,Nikita Mazepin,9,#505050,51.0,1041,85.839,83.914,1,0,83.914,1.925,-4.437,-,-,-,-2.512,-,-,-,,H,#A5AFB9,38,2.0,0,0,0.858,0,0,0,0,0.0,18
1,2021,2021181,19,Haas F1 Team,20,MAZ,Nikita Mazepin,9,#505050,52.0,1042,83.914,83.914,0,0,83.914,1.925,-2.453,-,-,-,-2.453,-,-,-,,H,#A5AFB9,39,2.0,0,0,0.858,0,0,0,0,0.0,18
1,2021,2021181,19,Haas F1 Team,20,MAZ,Nikita Mazepin,9,#505050,53.0,1043,86.87,84.198,1,0,84.056,2.956,-5.353,-,-,-,-2.682,-,-,-,,H,#A5AFB9,40,2.0,0,0,0.858,0,0,0,0,0.0,18
1,2021,2021181,19,Haas F1 Team,20,MAZ,Nikita Mazepin,9,#505050,54.0,1044,84.483,84.483,0,0,84.341,2.387,-2.91,-,-,-,-2.910,-,-,-,,H,#A5AFB9,41,2.0,0,0,0.858,0,0,0,0,0.0,18
1,2021,2021181,19,Haas F1 Team,20,MAZ,Nikita Mazepin,9,#505050,55.0,1045,84.033,84.033,0,0,84.258,0.450,-2.548,-,-,-,-2.548,-,-,-,,H,#A5AFB9,42,2.0,0,0,0.858,0,0,0,0,0.0,18
1,2021,2021181,19,Haas F1 Team,20,MAZ,Nikita Mazepin,9,#505050,56.0,1046,87.951,84.897,1,0,84.465,3.918,-6.312,-,-,-,-3.258,-,-,-,,H,#A5AFB9,43,2.0,0,0,0.858,0,0,0,0,0.0,18
1,2021,2021181,19,Haas F1 Team,20,MAZ,Nikita Mazepin,9,#505050,57.0,1047,85.761,85.761,0,0,85.329,2.190,-4.188,-,-,-,-4.188,-,-,-,,H,#A5AFB9,44,2.0,0,0,0.858,0,0,0,0,0.0,18
1,2021,2021181,19,Haas F1 Team,20,MAZ,Nikita Mazepin,9,#505050,58.0,1048,-,-,0,1,-,-,-,-,-,-,-,-,-,-,,H,#A5AFB9,45,2.0,1,0,0.858,0,0,0,0,0.0,18
1,2021,2021181,19,Haas F1 Team,20,MAZ,Nikita Mazepin,9,#505050,59.0,1049,-,-,0,1,-,-,-,-,-,-,-,-,-,-,,M,#F0E628,1,3.0,0,0,0.252,0,0,0,0,0.0,18
1,2021,2021181,19,Haas F1 Team,20,MAZ,Nikita Mazepin,9,#505050,60.0,1050,82.469,82.469,0,0,-,-,-0.74,-,-,-,-0.740,-,-,-,,M,#F0E628,2,3.0,0,0,0.252,0,0,0,0,0.0,18
1,2021,2021181,19,Haas F1 Team,20,MAZ,Nikita Mazepin,9,#505050,61.0,1051,81.402,81.402,0,0,81.935,1.067,-0.012,-,-,-,-0.012,-,-,-,,M,#F0E628,3,3.0,0,0,0.252,0,0,0,0,0.0,18
1,2021,2021181,19,Haas F1 Team,20,MAZ,Nikita Mazepin,9,#505050,62.0,1052,82.079,82.079,0,0,81.74,0.677,-0.861,-,-,-,-0.861,-,-,-,,M,#F0E628,4,3.0,0,0,0.252,0,0,0,0,0.0,18
1,2021,2021181,19,Haas F1 Team,20,MAZ,Nikita Mazepin,9,#505050,63.0,1053,82.487,82.125,1,0,82.102,0.408,-1.438,-,-,-,-1.076,-,-,-,,M,#F0E628,5,3.0,0,0,0.252,0,0,0,0,0.0,18
1,2021,2021181,19,Haas F1 Team,20,MAZ,Nikita Mazepin,9,#505050,64.0,1054,82.172,82.172,0,0,82.149,0.315,-1.02,-,-,-,-1.020,-,-,-,,M,#F0E628,6,3.0,0,1,0.252,0,0,0,0,0.0,18
1,2021,2021181,19,Haas F1 Team,20,MAZ,Nikita Mazepin,9,#505050,65.0,1055,82.449,82.449,0,0,82.31,0.277,-1.369,-,-,-,-1.369,-,-,-,,M,#F0E628,7,3.0,0,0,0.252,0,0,0,0,0.0,18
1,2021,2021181,19,Haas F1 Team,20,MAZ,Nikita Mazepin,9,#505050,66.0,1056,82.458,82.458,0,0,82.453,0.009,-1.42,-,-,-,-1.420,-,-,-,,M,#F0E628,8,3.0,0,0,0.252,0,0,0,0,0.0,18
1,2021,2021181,19,Haas F1 Team,20,MAZ,Nikita Mazepin,9,#505050,67.0,1057,83.05,82.621,1,0,82.54,0.592,-1.896,-,-,-,-1.467,-,-,-,,M,#F0E628,9,3.0,0,0,0.252,0,0,0,0,0.0,18
1,2021,2021181,19,Haas F1 Team,20,MAZ,Nikita Mazepin,9,#505050,68.0,1058,82.784,82.784,0,0,82.703,0.266,-1.458,-,-,-,-1.458,-,-,-,,M,#F0E628,10,3.0,0,0,0.252,0,0,0,0,0.0,18
1,2021,2021191,21,Haas F1 Team,16,MSC,Mick Schumacher,47,#505050,1.0,1062,-,-,0,1,-,-,-,-,-,-,-,-,-,-,,M,#F0E628,1,1.0,0,0,0.255,0,0,0,0,,15
1,2021,2021191,21,Haas F1 Team,16,MSC,Mick Schumacher,47,#505050,2.0,1063,-,-,0,1,-,-,-,-,-,-,-,-,-,-,,M,#F0E628,2,1.0,0,0,0.255,0,0,0,0,0.0,15
1,2021,2021191,21,Haas F1 Team,16,MSC,Mick Schumacher,47,#505050,3.0,1064,78.364,78.364,0,0,-,-,-2.087,0.939,-1.618,20.0,-2.087,0.939,-1.618,20.0,-1.148,M,#F0E628,3,1.0,0,0,0.255,0,0,0,0,-1.0,16
1,2021,2021191,21,Haas F1 Team,16,MSC,Mick Schumacher,47,#505050,4.0,1065,77.762,77.762,0,0,78.063,0.602,-1.599,0.360,-1.419,20.0,-1.599,0.360,-1.419,20.0,-1.239,M,#F0E628,4,1.0,0,1,0.255,0,0,0,0,0.0,15
1,2021,2021191,21,Haas F1 Team,16,MSC,Mick Schumacher,47,#505050,5.0,1066,77.343,77.343,0,0,77.553,0.419,-1.037,0.155,-0.960,20.0,-1.037,0.155,-0.960,20.0,-0.882,M,#F0E628,5,1.0,0,0,0.255,0,0,0,0,0.0,15
1,2021,2021191,21,Haas F1 Team,16,MSC,Mick Schumacher,47,#505050,6.0,1067,-,-,0,1,-,-,-,-,-,-,-,-,-,-,,M,#F0E628,6,1.0,0,0,0.255,0,1,0,0,0.0,15
1,2021,2021191,21,Haas F1 Team,16,MSC,Mick Schumacher,47,#505050,7.0,1068,-,-,0,1,-,-,-,-,-,-,-,-,-,-,,M,#F0E628,7,1.0,1,0,0.255,0,0,0,0,0.0,15
1,2021,2021191,21,Haas F1 Team,16,MSC,Mick Schumacher,47,#505050,8.0,1069,-,-,0,1,-,-,-,-,-,-,-,-,-,-,,M,#F0E628,8,2.0,1,0,-,0,0,0,0,0.0,15
1,2021,2021191,21,Haas F1 Team,16,MSC,Mick Schumacher,47,#505050,9.0,1070,-,-,0,1,-,-,-,-,-,-,-,-,-,-,,M,#F0E628,9,3.0,0,0,-,1,0,0,0,0.0,15
1,2021,2021191,21,Haas F1 Team,16,MSC,Mick Schumacher,47,#505050,10.0,1071,-,-,0,1,-,-,-,-,-,-,-,-,-,-,,M,#F0E628,10,3.0,0,0,-,0,0,0,0,0.0,15
1,2021,2021191,21,Haas F1 Team,16,MSC,Mick Schumacher,47,#505050,11.0,1072,-,-,0,1,-,-,-,-,-,-,-,-,-,-,,M,#F0E628,11,3.0,1,0,-,0,0,0,1,0.0,20
1,2021,2021191,21,Haas F1 Team,16,MSC,Mick Schumacher,47,#505050,12.0,1073,-,-,0,1,-,-,-,-,-,-,-,-,-,-,,H,#A5AFB9,1,4.0,0,0,0.393,0,0,0,0,0.0,20
1,2021,2021191,21,Haas F1 Team,16,MSC,Mick Schumacher,47,#505050,13.0,1074,-,-,0,1,-,-,-,-,-,-,-,-,-,-,,H,#A5AFB9,2,4.0,0,0,0.393,0,0,1,0,0.0,20
1,2021,2021191,21,Haas F1 Team,16,MSC,Mick Schumacher,47,#505050,14.0,1075,74.891,74.891,0,0,-,-,-0.0,-,-,-,-0.000,-,-,-,,H,#A5AFB9,3,4.0,0,0,0.393,0,0,0,0,0.0,20
1,2021,2021191,21,Haas F1 Team,16,MSC,Mick Schumacher,47,#505050,15.0,1076,75.273,75.273,0,0,75.082,0.382,0.382,-1.460,-0.348,16.0,0.382,-1.460,-0.348,16.0,-1.078,H,#A5AFB9,4,4.0,0,0,0.393,0,0,0,0,0.0,20
1,2021,2021191,21,Haas F1 Team,16,MSC,Mick Schumacher,47,#505050,16.0,1077,75.857,75.857,0,0,75.565,0.584,-0.145,-2.272,-1.281,16.0,-0.145,-1.023,-0.656,16.0,-2.417,H,#A5AFB9,5,4.0,0,0,0.393,0,0,0,0,0.0,20
1,2021,2021191,21,Haas F1 Team,16,MSC,Mick Schumacher,47,#505050,17.0,1078,76.125,76.125,0,0,75.991,0.268,-0.296,-0.902,-0.747,16.0,-0.296,-0.902,-0.747,16.0,-1.198,H,#A5AFB9,6,4.0,0,0,0.393,0,0,0,0,0.0,20
1,2021,2021191,21,Haas F1 Team,16,MSC,Mick Schumacher,47,#505050,18.0,1079,76.494,76.494,0,0,76.31,0.369,-0.567,-1.714,-1.424,16.0,-0.567,-1.714,-1.424,16.0,-2.281,H,#A5AFB9,7,4.0,0,0,0.393,0,0,0,0,0.0,20
1,2021,2021191,21,Haas F1 Team,16,MSC,Mick Schumacher,47,#505050,19.0,1080,76.316,76.316,0,0,76.405,0.178,-0.386,-1.902,-1.337,16.0,-0.386,-1.902,-1.337,16.0,-2.288,H,#A5AFB9,8,4.0,0,0,0.393,0,0,0,0,0.0,20
1,2021,2021191,21,Haas F1 Team,16,MSC,Mick Schumacher,47,#505050,20.0,1081,76.593,76.593,0,0,76.454,0.277,-0.628,-2.202,-1.729,16.0,-0.628,-1.490,-1.373,16.0,-2.83,H,#A5AFB9,9,4.0,0,0,0.393,0,0,0,0,0.0,20
1,2021,2021191,21,Haas F1 Team,16,MSC,Mick Schumacher,47,#505050,21.0,1082,76.267,76.267,0,0,76.43,0.326,-0.307,-1.680,-1.147,16.0,-0.307,-1.680,-1.147,16.0,-1.987,H,#A5AFB9,10,4.0,0,1,0.393,0,0,0,0,0.0,20
1,2021,2021191,21,Haas F1 Team,16,MSC,Mick Schumacher,47,#505050,22.0,1083,76.468,76.468,0,0,76.368,0.201,-0.589,-1.152,-1.165,16.0,-0.589,-1.152,-1.165,16.0,-1.741,H,#A5AFB9,11,4.0,0,0,0.393,0,0,0,0,0.0,20
1,2021,2021191,21,Haas F1 Team,16,MSC,Mick Schumacher,47,#505050,23.0,1084,78.361,78.361,0,0,77.414,1.893,-2.479,0.895,-2.032,20.0,-2.479,0.895,-2.032,20.0,-1.584,H,#A5AFB9,12,4.0,0,0,0.393,0,0,0,0,0.0,20
1,2021,2021191,21,Haas F1 Team,16,MSC,Mick Schumacher,47,#505050,24.0,1085,78.747,78.747,0,0,78.554,0.386,-2.765,1.134,-2.198,20.0,-2.765,1.134,-2.198,20.0,-1.631,H,#A5AFB9,13,4.0,0,0,0.393,0,0,0,0,0.0,20
1,2021,2021191,21,Haas F1 Team,16,MSC,Mick Schumacher,47,#505050,25.0,1086,80.681,77.899,1,0,78.323,1.934,-4.703,3.069,-3.168,20.0,-1.921,0.287,-1.778,20.0,-1.634,H,#A5AFB9,14,4.0,0,0,0.393,0,0,0,0,0.0,20
1,2021,2021191,21,Haas F1 Team,16,MSC,Mick Schumacher,47,#505050,26.0,1087,77.051,77.051,0,0,77.475,3.630,-0.947,-0.663,-1.278,16.0,-0.947,-0.663,-1.278,16.0,-1.61,H,#A5AFB9,15,4.0,0,0,0.393,0,0,0,0,0.0,20
1,2021,2021191,21,Haas F1 Team,16,MSC,Mick Schumacher,47,#505050,27.0,1088,76.488,76.488,0,0,76.77,0.563,-0.177,-1.176,-0.765,16.0,-0.177,-1.176,-0.765,16.0,-1.353,H,#A5AFB9,16,4.0,0,0,0.393,0,0,0,0,0.0,20
1,2021,2021191,21,Haas F1 Team,16,MSC,Mick Schumacher,47,#505050,28.0,1089,76.488,76.488,0,0,76.488,0.000,-0.151,-0.841,-0.572,16.0,-0.151,-0.841,-0.572,16.0,-0.992,H,#A5AFB9,17,4.0,0,0,0.393,0,0,0,0,0.0,20
1,2021,2021191,21,Haas F1 Team,16,MSC,Mick Schumacher,47,#505050,29.0,1090,-,-,0,1,-,-,-,-,-,-,-,-,-,-,-2.631,H,#A5AFB9,18,4.0,1,0,0.393,0,0,0,1,0.0,20
1,2021,2021191,21,Haas F1 Team,16,MSC,Mick Schumacher,47,#505050,30.0,1091,-,-,0,1,-,-,-,-,-,-,-,-,-,-,,M,#F0E628,1,5.0,0,0,0.483,0,0,1,0,0.0,20
1,2021,2021191,21,Haas F1 Team,16,MSC,Mick Schumacher,47,#505050,31.0,1092,76.779,76.779,0,0,-,-,-0.884,-1.786,-1.777,16.0,-0.884,-1.786,-1.777,16.0,-2.67,M,#F0E628,2,5.0,0,0,0.483,0,0,0,0,0.0,20
1,2021,2021191,21,Haas F1 Team,16,MSC,Mick Schumacher,47,#505050,32.0,1093,76.293,76.293,0,0,76.536,0.486,-1.17,-1.804,-2.072,16.0,-1.170,-1.804,-2.072,16.0,-2.974,M,#F0E628,3,5.0,0,0,0.483,0,0,0,0,0.0,20
1,2021,2021191,21,Haas F1 Team,16,MSC,Mick Schumacher,47,#505050,33.0,1094,77.768,76.256,1,0,76.275,1.475,-2.614,-0.216,-2.722,16.0,-1.103,-1.727,-1.966,16.0,-2.83,M,#F0E628,4,5.0,0,0,0.483,0,0,0,0,0.0,20
1,2021,2021191,21,Haas F1 Team,16,MSC,Mick Schumacher,47,#505050,34.0,1095,76.22,76.22,0,0,76.238,1.548,-1.278,-,-,-,-1.278,-,-,-,,M,#F0E628,5,5.0,0,0,0.483,0,0,0,0,0.0,20
1,2021,2021191,21,Haas F1 Team,16,MSC,Mick Schumacher,47,#505050,35.0,1096,75.985,75.985,0,0,76.102,0.235,-1.041,-,-,-,-1.041,-,-,-,,M,#F0E628,6,5.0,0,0,0.483,0,0,0,0,0.0,20
1,2021,2021191,21,Haas F1 Team,16,MSC,Mick Schumacher,47,#505050,36.0,1097,77.407,76.586,1,0,76.286,1.422,-2.463,2.453,-1.236,20.0,-1.643,1.633,-0.827,20.0,-0.01,M,#F0E628,7,5.0,0,0,0.483,0,0,0,0,0.0,20
1,2021,2021191,21,Haas F1 Team,16,MSC,Mick Schumacher,47,#505050,37.0,1098,77.188,77.188,0,0,76.887,0.219,-2.198,2.084,-1.156,20.0,-2.198,2.084,-1.156,20.0,-0.114,M,#F0E628,8,5.0,0,0,0.483,0,0,0,0,0.0,20
1,2021,2021191,21,Haas F1 Team,16,MSC,Mick Schumacher,47,#505050,38.0,1099,76.63,76.63,0,0,76.909,0.558,-1.534,1.222,-0.923,20.0,-1.534,1.222,-0.923,20.0,-0.312,M,#F0E628,9,5.0,0,0,0.483,0,0,0,0,0.0,20
1,2021,2021191,21,Haas F1 Team,16,MSC,Mick Schumacher,47,#505050,39.0,1100,75.834,75.834,0,0,76.232,0.796,-0.9,0.081,-0.859,20.0,-0.900,0.081,-0.859,20.0,-0.819,M,#F0E628,10,5.0,0,0,0.483,0,0,0,0,0.0,20
1,2021,2021191,21,Haas F1 Team,16,MSC,Mick Schumacher,47,#505050,40.0,1101,75.695,75.695,0,0,75.764,0.139,-0.758,-2.173,-1.845,16.0,-0.758,-0.153,-0.835,16.0,-2.931,M,#F0E628,11,5.0,0,0,0.483,0,0,0,0,0.0,20
1,2021,2021191,21,Haas F1 Team,16,MSC,Mick Schumacher,47,#505050,41.0,1102,75.694,75.694,0,0,75.694,0.001,-0.441,-0.248,-0.565,16.0,-0.441,-0.248,-0.565,16.0,-0.689,M,#F0E628,12,5.0,0,0,0.483,0,0,0,0,0.0,20
1,2021,2021191,21,Haas F1 Team,16,MSC,Mick Schumacher,47,#505050,42.0,1103,75.216,75.216,0,0,75.455,0.478,-0.301,-2.670,-1.636,16.0,-0.301,-0.732,-0.667,16.0,-2.971,M,#F0E628,13,5.0,0,0,0.483,0,0,0,0,0.0,20
1,2021,2021191,21,Haas F1 Team,16,MSC,Mick Schumacher,47,#505050,43.0,1104,75.427,75.427,0,0,75.322,0.211,-0.646,-0.526,-0.909,16.0,-0.646,-0.526,-0.909,16.0,-1.172,M,#F0E628,14,5.0,0,0,0.483,0,0,0,0,0.0,20
1,2021,2021191,21,Haas F1 Team,16,MSC,Mick Schumacher,47,#505050,44.0,1105,75.689,75.689,0,0,75.558,0.262,-1.031,-1.807,-1.935,16.0,-1.031,-0.825,-1.444,16.0,-2.838,M,#F0E628,15,5.0,0,0,0.483,0,0,0,0,0.0,20
1,2021,2021191,21,Haas F1 Team,16,MSC,Mick Schumacher,47,#505050,45.0,1106,75.751,75.751,0,0,75.72,0.062,-1.156,-1.325,-1.819,16.0,-1.156,-1.325,-1.819,16.0,-2.481,M,#F0E628,16,5.0,0,1,0.483,0,0,0,0,0.0,20
1,2021,2021191,21,Haas F1 Team,16,MSC,Mick Schumacher,47,#505050,46.0,1107,75.576,75.576,0,0,75.664,0.175,-1.106,-0.701,-1.456,16.0,-1.106,-0.701,-1.456,16.0,-1.807,M,#F0E628,17,5.0,0,0,0.483,0,0,0,0,0.0,20
1,2021,2021191,21,Haas F1 Team,16,MSC,Mick Schumacher,47,#505050,47.0,1108,75.42,75.42,0,0,75.498,0.156,-0.981,-0.452,-1.207,16.0,-0.981,-0.452,-1.207,16.0,-1.433,M,#F0E628,18,5.0,0,0,0.483,0,0,0,0,0.0,20
1,2021,2021191,21,Haas F1 Team,16,MSC,Mick Schumacher,47,#505050,48.0,1109,75.332,75.332,0,0,75.376,0.088,-0.804,-0.509,-1.058,16.0,-0.804,-0.509,-1.058,16.0,-1.313,M,#F0E628,19,5.0,0,0,0.483,0,0,0,0,0.0,19
1,2021,2021191,21,Haas F1 Team,16,MSC,Mick Schumacher,47,#505050,49.0,1110,75.411,75.411,0,0,75.372,0.079,-0.979,-0.118,-1.038,16.0,-0.979,-0.118,-1.038,16.0,-1.097,M,#F0E628,20,5.0,0,0,0.483,0,0,0,0,0.0,19
1,2021,2021191,21,Haas F1 Team,16,MSC,Mick Schumacher,47,#505050,50.0,1111,76.641,75.946,1,0,75.678,1.230,-2.257,1.357,-1.579,20.0,-1.562,0.662,-1.231,20.0,-0.9,M,#F0E628,21,5.0,0,0,0.483,0,0,0,0,0.0,18
1,2021,2021191,21,Haas F1 Team,16,MSC,Mick Schumacher,47,#505050,51.0,1112,76.48,76.48,0,0,76.213,0.161,-2.034,0.931,-1.568,20.0,-2.034,0.931,-1.568,20.0,-1.103,M,#F0E628,22,5.0,0,0,0.483,0,0,0,0,0.0,18
1,2021,2021191,21,Haas F1 Team,16,MSC,Mick Schumacher,47,#505050,52.0,1113,78.597,76.192,1,0,76.336,2.117,-4.165,1.721,-3.304,20.0,-1.760,0.583,-1.468,20.0,-2.444,M,#F0E628,23,5.0,0,0,0.483,0,0,0,0,0.0,18
1,2021,2021191,21,Haas F1 Team,16,MSC,Mick Schumacher,47,#505050,53.0,1114,75.905,75.905,0,0,76.049,2.692,-1.698,0.236,-1.580,20.0,-1.698,0.236,-1.580,20.0,-1.462,M,#F0E628,24,5.0,0,0,0.483,0,0,0,0,0.0,18
1,2021,2021191,21,Haas F1 Team,16,MSC,Mick Schumacher,47,#505050,54.0,1115,76.095,76.095,0,0,76.0,0.190,-1.857,-2.238,-2.976,16.0,-1.857,-0.736,-2.225,16.0,-4.095,M,#F0E628,25,5.0,0,0,0.483,0,0,0,0,0.0,18
1,2021,2021191,21,Haas F1 Team,16,MSC,Mick Schumacher,47,#505050,55.0,1116,79.61,76.25,1,0,76.172,3.515,-5.319,1.616,-4.511,20.0,-1.959,-1.744,-2.831,16.0,-3.703,M,#F0E628,26,5.0,0,0,0.483,0,0,0,0,0.0,18
1,2021,2021191,21,Haas F1 Team,16,MSC,Mick Schumacher,47,#505050,56.0,1117,76.405,76.405,0,0,76.328,3.205,-2.169,0.404,-1.967,20.0,-2.169,0.404,-1.967,20.0,-1.765,M,#F0E628,27,5.0,0,0,0.483,0,0,0,0,0.0,18
1,2021,2021191,21,Haas F1 Team,16,MSC,Mick Schumacher,47,#505050,57.0,1118,78.181,76.532,1,0,76.468,1.776,-3.961,2.443,-2.740,20.0,-2.312,0.794,-1.915,20.0,-1.518,M,#F0E628,28,5.0,0,0,0.483,0,0,0,0,0.0,18
1,2021,2021191,21,Haas F1 Team,16,MSC,Mick Schumacher,47,#505050,58.0,1119,76.658,76.658,0,0,76.595,1.523,-2.419,0.892,-1.973,20.0,-2.419,0.892,-1.973,20.0,-1.527,M,#F0E628,29,5.0,0,0,0.483,0,0,0,0,0.0,18
1,2021,2021191,21,Haas F1 Team,16,MSC,Mick Schumacher,47,#505050,59.0,1120,76.434,76.434,0,0,76.546,0.224,-2.207,-1.969,-3.192,16.0,-2.207,0.760,-1.827,20.0,-4.176,M,#F0E628,30,5.0,0,0,0.483,0,0,0,0,0.0,18
1,2021,2021191,21,Haas F1 Team,16,MSC,Mick Schumacher,47,#505050,60.0,1121,76.606,76.606,0,0,76.52,0.172,-2.157,1.024,-1.645,20.0,-2.157,1.024,-1.645,20.0,-1.133,M,#F0E628,31,5.0,0,0,0.483,0,0,0,0,0.0,18
1,2021,2021191,21,Haas F1 Team,16,MSC,Mick Schumacher,47,#505050,61.0,1122,-,-,0,1,-,-,-,-,-,-,-,-,-,-,-1.14,M,#F0E628,32,5.0,1,0,0.483,0,0,0,0,0.0,18
1,2021,2021191,21,Haas F1 Team,16,MSC,Mick Schumacher,47,#505050,62.0,1123,-,-,0,1,-,-,-,-,-,-,-,-,-,-,-1.416,M,#F0E628,1,6.0,0,0,0.134,0,0,0,0,0.0,18
1,2021,2021191,21,Haas F1 Team,16,MSC,Mick Schumacher,47,#505050,63.0,1124,74.061,74.061,0,0,-,-,0.137,-5.770,-2.748,16.0,0.137,-1.680,-0.703,16.0,-5.633,M,#F0E628,2,6.0,0,0,0.134,0,0,0,0,0.0,18
1,2021,2021191,21,Haas F1 Team,16,MSC,Mick Schumacher,47,#505050,64.0,1125,74.068,74.068,0,0,74.065,0.007,0.216,-1.965,-0.767,16.0,0.216,-1.965,-0.767,16.0,-1.749,M,#F0E628,3,6.0,0,0,0.134,0,0,0,0,0.0,18
1,2021,2021191,21,Haas F1 Team,16,MSC,Mick Schumacher,47,#505050,65.0,1126,74.182,74.182,0,0,74.125,0.114,0.024,-2.993,-1.472,16.0,0.024,-1.713,-0.833,16.0,-2.969,M,#F0E628,4,6.0,0,0,0.134,0,0,0,0,0.0,18
1,2021,2021191,21,Haas F1 Team,16,MSC,Mick Schumacher,47,#505050,66.0,1127,73.793,73.793,0,0,73.988,0.389,0.43,-1.964,-0.552,16.0,0.430,-1.964,-0.552,16.0,-1.534,M,#F0E628,5,6.0,0,1,0.134,0,0,0,0,0.0,18
1,2021,2021191,21,Haas F1 Team,16,MSC,Mick Schumacher,47,#505050,67.0,1128,74.573,74.573,0,0,74.183,0.780,-0.204,-2.141,-1.275,16.0,-0.204,-2.141,-1.275,16.0,-2.345,M,#F0E628,6,6.0,0,0,0.134,0,0,0,0,0.0,18
1,2021,2021191,21,Haas F1 Team,16,MSC,Mick Schumacher,47,#505050,68.0,1129,74.643,74.643,0,0,74.608,0.070,-0.342,-0.999,-0.842,16.0,-0.342,-0.999,-0.842,16.0,-1.341,M,#F0E628,7,6.0,0,0,0.134,0,0,0,0,0.0,18
1,2021,2021191,21,Haas F1 Team,16,MSC,Mick Schumacher,47,#505050,69.0,1130,74.39,74.39,0,0,74.517,0.253,-0.033,-1.416,-0.741,16.0,-0.033,-1.416,-0.741,16.0,-1.449,M,#F0E628,8,6.0,0,0,0.134,0,0,0,0,0.0,18
1,2021,2021191,21,Haas F1 Team,20,MAZ,Nikita Mazepin,9,#505050,1.0,1062,-,-,0,1,-,-,-,-,-,-,-,-,-,-,,M,#F0E628,1,1.0,0,0,0.059,0,0,0,0,,16
1,2021,2021191,21,Haas F1 Team,20,MAZ,Nikita Mazepin,9,#505050,2.0,1063,-,-,0,1,-,-,-,-,-,-,-,-,-,-,,M,#F0E628,2,1.0,0,0,0.059,0,0,0,0,0.0,16
1,2021,2021191,21,Haas F1 Team,20,MAZ,Nikita Mazepin,9,#505050,3.0,1064,77.425,77.425,0,0,-,-,-1.148,0.939,-1.618,20.0,-1.148,0.939,-1.618,20.0,-2.087,M,#F0E628,3,1.0,0,0,0.059,0,0,0,0,1.0,15
1,2021,2021191,21,Haas F1 Team,20,MAZ,Nikita Mazepin,9,#505050,4.0,1065,77.402,77.402,0,0,77.414,0.023,-1.239,0.360,-1.419,20.0,-1.239,0.360,-1.419,20.0,-1.599,M,#F0E628,4,1.0,0,1,0.059,0,0,0,0,0.0,14
1,2021,2021191,21,Haas F1 Team,20,MAZ,Nikita Mazepin,9,#505050,5.0,1066,77.188,77.188,0,0,77.295,0.214,-0.882,0.155,-0.960,20.0,-0.882,0.155,-0.960,20.0,-1.037,M,#F0E628,5,1.0,0,0,0.059,0,0,0,0,0.0,14
1,2021,2021191,21,Haas F1 Team,20,MAZ,Nikita Mazepin,9,#505050,6.0,1067,-,-,0,1,-,-,-,-,-,-,-,-,-,-,,M,#F0E628,6,1.0,0,0,0.059,0,1,0,0,0.0,14
1,2021,2021191,21,Haas F1 Team,20,MAZ,Nikita Mazepin,9,#505050,7.0,1068,-,-,0,1,-,-,-,-,-,-,-,-,-,-,,M,#F0E628,7,1.0,1,0,0.059,0,0,0,0,0.0,14
1,2021,2021191,21,Haas F1 Team,20,MAZ,Nikita Mazepin,9,#505050,8.0,1069,-,-,0,1,-,-,-,-,-,-,-,-,-,-,,M,#F0E628,8,2.0,1,0,-,0,0,0,0,0.0,14
1,2021,2021191,21,Haas F1 Team,20,MAZ,Nikita Mazepin,9,#505050,9.0,1070,-,-,0,1,-,-,-,-,-,-,-,-,-,-,,M,#F0E628,9,3.0,0,0,0.256,1,0,0,0,0.0,14
1,2021,2021191,21,Haas F1 Team,20,MAZ,Nikita Mazepin,9,#505050,10.0,1071,-,-,0,1,-,-,-,-,-,-,-,-,-,-,,M,#F0E628,10,3.0,0,0,0.256,0,0,0,0,0.0,14
1,2021,2021191,21,Haas F1 Team,20,MAZ,Nikita Mazepin,9,#505050,11.0,1072,78.825,78.825,0,0,-,-,-,-,-,-,-,-,-,-,,M,#F0E628,11,3.0,0,0,0.256,0,0,0,0,0.0,14
1,2021,2021191,21,Haas F1 Team,20,MAZ,Nikita Mazepin,9,#505050,12.0,1073,-,-,0,1,-,-,-,-,-,-,-,-,-,-,,M,#F0E628,12,3.0,0,0,0.256,0,0,0,1,0.0,14
1,2021,2021191,21,Haas F1 Team,20,MAZ,Nikita Mazepin,9,#505050,13.0,1074,-,-,0,1,-,-,-,-,-,-,-,-,-,-,,M,#F0E628,13,3.0,0,0,0.256,0,0,0,0,0.0,14
1,2021,2021191,21,Haas F1 Team,20,MAZ,Nikita Mazepin,9,#505050,14.0,1075,-,-,0,1,-,-,-,-,-,-,-,-,-,-,-0.0,M,#F0E628,14,3.0,0,0,0.256,0,0,1,0,0.0,14
1,2021,2021191,21,Haas F1 Team,20,MAZ,Nikita Mazepin,9,#505050,15.0,1076,76.733,76.733,0,0,-,-,-1.078,-1.460,-0.348,16.0,-1.078,-1.460,-0.348,16.0,0.382,M,#F0E628,15,3.0,0,0,0.256,0,0,0,0,0.0,14
1,2021,2021191,21,Haas F1 Team,20,MAZ,Nikita Mazepin,9,#505050,16.0,1077,78.129,76.88,1,0,76.806,1.396,-2.417,-2.272,-1.281,16.0,-1.168,-1.023,-0.656,16.0,-0.145,M,#F0E628,16,3.0,0,0,0.256,0,0,0,0,-1.0,15
1,2021,2021191,21,Haas F1 Team,20,MAZ,Nikita Mazepin,9,#505050,17.0,1078,77.027,77.027,0,0,76.953,1.102,-1.198,-0.902,-0.747,16.0,-1.198,-0.902,-0.747,16.0,-0.296,M,#F0E628,17,3.0,0,0,0.256,0,0,0,0,-1.0,16
1,2021,2021191,21,Haas F1 Team,20,MAZ,Nikita Mazepin,9,#505050,18.0,1079,78.208,78.208,0,0,77.618,1.181,-2.281,-1.714,-1.424,16.0,-2.281,-1.714,-1.424,16.0,-0.567,M,#F0E628,18,3.0,0,0,0.256,0,0,0,0,-1.0,17
1,2021,2021191,21,Haas F1 Team,20,MAZ,Nikita Mazepin,9,#505050,19.0,1080,78.218,78.218,0,0,78.213,0.010,-2.288,-1.902,-1.337,16.0,-2.288,-1.902,-1.337,16.0,-0.386,M,#F0E628,19,3.0,0,0,0.256,0,0,0,0,0.0,17
1,2021,2021191,21,Haas F1 Team,20,MAZ,Nikita Mazepin,9,#505050,20.0,1081,78.795,78.083,1,0,78.15,0.577,-2.83,-2.202,-1.729,16.0,-2.118,-1.490,-1.373,16.0,-0.628,M,#F0E628,20,3.0,0,0,0.256,0,0,0,0,-1.0,18
1,2021,2021191,21,Haas F1 Team,20,MAZ,Nikita Mazepin,9,#505050,21.0,1082,77.947,77.947,0,0,78.015,0.848,-1.987,-1.680,-1.147,16.0,-1.987,-1.680,-1.147,16.0,-0.307,M,#F0E628,21,3.0,0,0,0.256,0,0,0,0,0.0,18
1,2021,2021191,21,Haas F1 Team,20,MAZ,Nikita Mazepin,9,#505050,22.0,1083,77.62,77.62,0,0,77.784,0.327,-1.741,-1.152,-1.165,16.0,-1.741,-1.152,-1.165,16.0,-0.589,M,#F0E628,22,3.0,0,0,0.256,0,0,0,0,0.0,18
1,2021,2021191,21,Haas F1 Team,20,MAZ,Nikita Mazepin,9,#505050,23.0,1084,77.466,77.466,0,0,77.543,0.154,-1.584,0.895,-2.032,20.0,-1.584,0.895,-2.032,20.0,-2.479,M,#F0E628,23,3.0,0,1,0.256,0,0,0,0,0.0,17
1,2021,2021191,21,Haas F1 Team,20,MAZ,Nikita Mazepin,9,#505050,24.0,1085,77.613,77.613,0,0,77.54,0.147,-1.631,1.134,-2.198,20.0,-1.631,1.134,-2.198,20.0,-2.765,M,#F0E628,24,3.0,0,0,0.256,0,0,0,0,0.0,17
1,2021,2021191,21,Haas F1 Team,20,MAZ,Nikita Mazepin,9,#505050,25.0,1086,77.612,77.612,0,0,77.612,0.001,-1.634,3.069,-3.168,20.0,-1.634,0.287,-1.778,20.0,-4.703,M,#F0E628,25,3.0,0,0,0.256,0,0,0,0,0.0,17
1,2021,2021191,21,Haas F1 Team,20,MAZ,Nikita Mazepin,9,#505050,26.0,1087,77.714,77.714,0,0,77.663,0.102,-1.61,-0.663,-1.278,16.0,-1.610,-0.663,-1.278,16.0,-0.947,M,#F0E628,26,3.0,0,0,0.256,0,0,0,0,0.0,17
1,2021,2021191,21,Haas F1 Team,20,MAZ,Nikita Mazepin,9,#505050,27.0,1088,77.664,77.664,0,0,77.689,0.050,-1.353,-1.176,-0.765,16.0,-1.353,-1.176,-0.765,16.0,-0.177,M,#F0E628,27,3.0,0,0,0.256,0,0,0,0,0.0,17
1,2021,2021191,21,Haas F1 Team,20,MAZ,Nikita Mazepin,9,#505050,28.0,1089,77.329,77.329,0,0,77.496,0.335,-0.992,-0.841,-0.572,16.0,-0.992,-0.841,-0.572,16.0,-0.151,M,#F0E628,28,3.0,0,0,0.256,0,0,0,0,-1.0,18
1,2021,2021191,21,Haas F1 Team,20,MAZ,Nikita Mazepin,9,#505050,29.0,1090,78.429,78.429,0,0,77.879,1.100,-2.631,-,-,-,-2.631,-,-,-,,M,#F0E628,29,3.0,0,0,0.256,0,0,0,0,0.0,17
1,2021,2021191,21,Haas F1 Team,20,MAZ,Nikita Mazepin,9,#505050,30.0,1091,-,-,0,1,-,-,-,-,-,-,-,-,-,-,,M,#F0E628,30,3.0,0,0,0.256,0,0,0,1,0.0,17
1,2021,2021191,21,Haas F1 Team,20,MAZ,Nikita Mazepin,9,#505050,31.0,1092,78.565,78.565,0,0,-,-,-2.67,-1.786,-1.777,16.0,-2.670,-1.786,-1.777,16.0,-0.884,M,#F0E628,31,3.0,0,0,0.256,0,0,0,0,-2.0,19
1,2021,2021191,21,Haas F1 Team,20,MAZ,Nikita Mazepin,9,#505050,32.0,1093,78.097,78.097,0,0,78.331,0.468,-2.974,-1.804,-2.072,16.0,-2.974,-1.804,-2.072,16.0,-1.17,M,#F0E628,32,3.0,0,0,0.256,0,0,0,0,0.0,19
1,2021,2021191,21,Haas F1 Team,20,MAZ,Nikita Mazepin,9,#505050,33.0,1094,77.984,77.984,0,0,78.04,0.113,-2.83,-0.216,-2.722,16.0,-2.830,-1.727,-1.966,16.0,-2.614,M,#F0E628,33,3.0,0,0,0.256,0,0,0,0,0.0,19
1,2021,2021191,21,Haas F1 Team,20,MAZ,Nikita Mazepin,9,#505050,34.0,1095,-,-,0,1,-,-,-,-,-,-,-,-,-,-,-1.278,M,#F0E628,34,3.0,1,0,0.256,0,0,0,0,0.0,19
1,2021,2021191,21,Haas F1 Team,20,MAZ,Nikita Mazepin,9,#505050,35.0,1096,-,-,0,1,-,-,-,-,-,-,-,-,-,-,-1.041,H,#A5AFB9,1,4.0,0,0,0.660,0,0,0,0,0.0,19
1,2021,2021191,21,Haas F1 Team,20,MAZ,Nikita Mazepin,9,#505050,36.0,1097,74.954,74.954,0,0,-,-,-0.01,2.453,-1.236,20.0,-0.010,1.633,-0.827,20.0,-2.463,H,#A5AFB9,2,4.0,0,0,0.660,0,0,0,0,0.0,19
1,2021,2021191,21,Haas F1 Team,20,MAZ,Nikita Mazepin,9,#505050,37.0,1098,75.104,75.104,0,0,75.029,0.150,-0.114,2.084,-1.156,20.0,-0.114,2.084,-1.156,20.0,-2.198,H,#A5AFB9,3,4.0,0,0,0.660,0,0,0,0,0.0,19
1,2021,2021191,21,Haas F1 Team,20,MAZ,Nikita Mazepin,9,#505050,38.0,1099,75.408,75.408,0,0,75.256,0.304,-0.312,1.222,-0.923,20.0,-0.312,1.222,-0.923,20.0,-1.534,H,#A5AFB9,4,4.0,0,0,0.660,0,0,0,0,0.0,19
1,2021,2021191,21,Haas F1 Team,20,MAZ,Nikita Mazepin,9,#505050,39.0,1100,75.753,75.753,0,0,75.58,0.345,-0.819,0.081,-0.859,20.0,-0.819,0.081,-0.859,20.0,-0.9,H,#A5AFB9,5,4.0,0,0,0.660,0,0,0,0,0.0,19
1,2021,2021191,21,Haas F1 Team,20,MAZ,Nikita Mazepin,9,#505050,40.0,1101,77.868,75.848,1,0,75.8,2.115,-2.931,-2.173,-1.845,16.0,-0.911,-0.153,-0.835,16.0,-0.758,H,#A5AFB9,6,4.0,0,0,0.660,0,0,0,0,0.0,19
1,2021,2021191,21,Haas F1 Team,20,MAZ,Nikita Mazepin,9,#505050,41.0,1102,75.942,75.942,0,0,75.895,1.926,-0.689,-0.248,-0.565,16.0,-0.689,-0.248,-0.565,16.0,-0.441,H,#A5AFB9,7,4.0,0,0,0.660,0,0,0,0,0.0,19
1,2021,2021191,21,Haas F1 Team,20,MAZ,Nikita Mazepin,9,#505050,42.0,1103,77.886,75.947,1,0,75.945,1.944,-2.971,-2.670,-1.636,16.0,-1.033,-0.732,-0.667,16.0,-0.301,H,#A5AFB9,8,4.0,0,0,0.660,0,0,0,0,0.0,19
1,2021,2021191,21,Haas F1 Team,20,MAZ,Nikita Mazepin,9,#505050,43.0,1104,75.953,75.953,0,0,75.95,1.933,-1.172,-0.526,-0.909,16.0,-1.172,-0.526,-0.909,16.0,-0.646,H,#A5AFB9,9,4.0,0,0,0.660,0,0,0,0,0.0,19
1,2021,2021191,21,Haas F1 Team,20,MAZ,Nikita Mazepin,9,#505050,44.0,1105,77.496,76.514,1,0,76.234,1.543,-2.838,-1.807,-1.935,16.0,-1.856,-0.825,-1.444,16.0,-1.031,H,#A5AFB9,10,4.0,0,0,0.660,0,0,0,0,0.0,19
1,2021,2021191,21,Haas F1 Team,20,MAZ,Nikita Mazepin,9,#505050,45.0,1106,77.076,77.076,0,0,76.795,0.420,-2.481,-1.325,-1.819,16.0,-2.481,-1.325,-1.819,16.0,-1.156,H,#A5AFB9,11,4.0,0,0,0.660,0,0,0,0,0.0,19
1,2021,2021191,21,Haas F1 Team,20,MAZ,Nikita Mazepin,9,#505050,46.0,1107,76.277,76.277,0,0,76.676,0.799,-1.807,-0.701,-1.456,16.0,-1.807,-0.701,-1.456,16.0,-1.106,H,#A5AFB9,12,4.0,0,0,0.660,0,0,0,0,0.0,19
1,2021,2021191,21,Haas F1 Team,20,MAZ,Nikita Mazepin,9,#505050,47.0,1108,75.872,75.872,0,0,76.074,0.405,-1.433,-0.452,-1.207,16.0,-1.433,-0.452,-1.207,16.0,-0.981,H,#A5AFB9,13,4.0,0,0,0.660,0,0,0,0,0.0,19
1,2021,2021191,21,Haas F1 Team,20,MAZ,Nikita Mazepin,9,#505050,48.0,1109,75.841,75.841,0,0,75.856,0.031,-1.313,-0.509,-1.058,16.0,-1.313,-0.509,-1.058,16.0,-0.804,H,#A5AFB9,14,4.0,0,0,0.660,0,0,0,0,0.0,18
1,2021,2021191,21,Haas F1 Team,20,MAZ,Nikita Mazepin,9,#505050,49.0,1110,75.529,75.529,0,0,75.685,0.312,-1.097,-0.118,-1.038,16.0,-1.097,-0.118,-1.038,16.0,-0.979,H,#A5AFB9,15,4.0,0,0,0.660,0,0,0,0,0.0,18
1,2021,2021191,21,Haas F1 Team,20,MAZ,Nikita Mazepin,9,#505050,50.0,1111,75.284,75.284,0,0,75.406,0.245,-0.9,1.357,-1.579,20.0,-0.900,0.662,-1.231,20.0,-2.257,H,#A5AFB9,16,4.0,0,0,0.660,0,0,0,0,0.0,17
1,2021,2021191,21,Haas F1 Team,20,MAZ,Nikita Mazepin,9,#505050,51.0,1112,75.549,75.549,0,0,75.417,0.265,-1.103,0.931,-1.568,20.0,-1.103,0.931,-1.568,20.0,-2.034,H,#A5AFB9,17,4.0,0,0,0.660,0,0,0,0,0.0,17
1,2021,2021191,21,Haas F1 Team,20,MAZ,Nikita Mazepin,9,#505050,52.0,1113,76.876,75.609,1,0,75.579,1.327,-2.444,1.721,-3.304,20.0,-1.177,0.583,-1.468,20.0,-4.165,H,#A5AFB9,18,4.0,0,1,0.660,0,0,0,0,0.0,17
1,2021,2021191,21,Haas F1 Team,20,MAZ,Nikita Mazepin,9,#505050,53.0,1114,75.669,75.669,0,0,75.639,1.207,-1.462,0.236,-1.580,20.0,-1.462,0.236,-1.580,20.0,-1.698,H,#A5AFB9,19,4.0,0,0,0.660,0,0,0,0,0.0,17
1,2021,2021191,21,Haas F1 Team,20,MAZ,Nikita Mazepin,9,#505050,54.0,1115,78.333,76.832,1,0,76.25,2.664,-4.095,-2.238,-2.976,16.0,-2.593,-0.736,-2.225,16.0,-1.857,H,#A5AFB9,20,4.0,0,0,0.660,0,0,0,0,0.0,17
1,2021,2021191,21,Haas F1 Team,20,MAZ,Nikita Mazepin,9,#505050,55.0,1116,77.994,77.994,0,0,77.413,0.339,-3.703,1.616,-4.511,20.0,-3.703,-1.744,-2.831,16.0,-5.319,H,#A5AFB9,21,4.0,0,0,0.660,0,0,0,0,0.0,17
1,2021,2021191,21,Haas F1 Team,20,MAZ,Nikita Mazepin,9,#505050,56.0,1117,76.001,76.001,0,0,76.998,1.993,-1.765,0.404,-1.967,20.0,-1.765,0.404,-1.967,20.0,-2.169,H,#A5AFB9,22,4.0,0,0,0.660,0,0,0,0,0.0,17
1,2021,2021191,21,Haas F1 Team,20,MAZ,Nikita Mazepin,9,#505050,57.0,1118,75.738,75.738,0,0,75.87,0.263,-1.518,2.443,-2.740,20.0,-1.518,0.794,-1.915,20.0,-3.961,H,#A5AFB9,23,4.0,0,0,0.660,0,0,0,0,0.0,17
1,2021,2021191,21,Haas F1 Team,20,MAZ,Nikita Mazepin,9,#505050,58.0,1119,75.766,75.766,0,0,75.752,0.028,-1.527,0.892,-1.973,20.0,-1.527,0.892,-1.973,20.0,-2.419,H,#A5AFB9,24,4.0,0,0,0.660,0,0,0,0,0.0,17
1,2021,2021191,21,Haas F1 Team,20,MAZ,Nikita Mazepin,9,#505050,59.0,1120,78.403,75.674,1,0,75.72,2.637,-4.176,-1.969,-3.192,16.0,-1.447,0.760,-1.827,20.0,-2.207,H,#A5AFB9,25,4.0,0,0,0.660,0,0,0,0,0.0,17
1,2021,2021191,21,Haas F1 Team,20,MAZ,Nikita Mazepin,9,#505050,60.0,1121,75.582,75.582,0,0,75.628,2.821,-1.133,1.024,-1.645,20.0,-1.133,1.024,-1.645,20.0,-2.157,H,#A5AFB9,26,4.0,0,0,0.660,0,0,0,0,0.0,17
1,2021,2021191,21,Haas F1 Team,20,MAZ,Nikita Mazepin,9,#505050,61.0,1122,75.391,75.391,0,0,75.486,0.191,-1.14,-,-,-,-1.140,-,-,-,,H,#A5AFB9,27,4.0,0,0,0.660,0,0,0,0,0.0,17
1,2021,2021191,21,Haas F1 Team,20,MAZ,Nikita Mazepin,9,#505050,62.0,1123,75.45,75.45,0,0,75.42,0.059,-1.416,-,-,-,-1.416,-,-,-,,H,#A5AFB9,28,4.0,0,0,0.660,0,0,0,0,0.0,17
1,2021,2021191,21,Haas F1 Team,20,MAZ,Nikita Mazepin,9,#505050,63.0,1124,79.831,75.742,1,0,75.596,4.381,-5.633,-5.770,-2.748,16.0,-1.543,-1.680,-0.703,16.0,0.137,H,#A5AFB9,29,4.0,0,0,0.660,0,0,0,0,0.0,17
1,2021,2021191,21,Haas F1 Team,20,MAZ,Nikita Mazepin,9,#505050,64.0,1125,76.033,76.033,0,0,75.887,3.798,-1.749,-1.965,-0.767,16.0,-1.749,-1.965,-0.767,16.0,0.216,H,#A5AFB9,30,4.0,0,0,0.660,0,0,0,0,0.0,17
1,2021,2021191,21,Haas F1 Team,20,MAZ,Nikita Mazepin,9,#505050,65.0,1126,77.175,75.895,1,0,75.964,1.142,-2.969,-2.993,-1.472,16.0,-1.689,-1.713,-0.833,16.0,0.024,H,#A5AFB9,31,4.0,0,0,0.660,0,0,0,0,0.0,17
1,2021,2021191,21,Haas F1 Team,20,MAZ,Nikita Mazepin,9,#505050,66.0,1127,75.757,75.757,0,0,75.826,1.418,-1.534,-1.964,-0.552,16.0,-1.534,-1.964,-0.552,16.0,0.43,H,#A5AFB9,32,4.0,0,0,0.660,0,0,0,0,0.0,17
1,2021,2021191,21,Haas F1 Team,20,MAZ,Nikita Mazepin,9,#505050,67.0,1128,76.714,76.714,0,0,76.236,0.957,-2.345,-2.141,-1.275,16.0,-2.345,-2.141,-1.275,16.0,-0.204,H,#A5AFB9,33,4.0,0,0,0.660,0,0,0,0,0.0,17
1,2021,2021191,21,Haas F1 Team,20,MAZ,Nikita Mazepin,9,#505050,68.0,1129,75.642,75.642,0,0,76.178,1.072,-1.341,-0.999,-0.842,16.0,-1.341,-0.999,-0.842,16.0,-0.342,H,#A5AFB9,34,4.0,0,0,0.660,0,0,0,0,0.0,17
1,2021,2021191,21,Haas F1 Team,20,MAZ,Nikita Mazepin,9,#505050,69.0,1130,75.806,75.806,0,0,75.724,0.164,-1.449,-1.416,-0.741,16.0,-1.449,-1.416,-0.741,16.0,-0.033,H,#A5AFB9,35,4.0,0,0,0.660,0,0,0,0,0.0,17
1,2021,2021201,22,Haas F1 Team,16,MSC,Mick Schumacher,47,#505050,1.0,1133,-,-,0,1,-,-,-,-,-,-,-,-,-,-,,S,#CD3C3C,4,1.0,0,0,0.290,0,0,0,0,,18
1,2021,2021201,22,Haas F1 Team,16,MSC,Mick Schumacher,47,#505050,2.0,1134,-,-,0,1,-,-,-,-,-,-,-,-,-,-,,S,#CD3C3C,5,1.0,0,0,0.290,0,0,0,0,0.0,18
1,2021,2021201,22,Haas F1 Team,16,MSC,Mick Schumacher,47,#505050,3.0,1135,93.189,93.189,0,0,-,-,-1.759,0.261,-1.889,16.0,-1.759,0.261,-1.889,16.0,-2.02,S,#CD3C3C,6,1.0,0,0,0.290,0,0,0,0,-1.0,19
1,2021,2021201,22,Haas F1 Team,16,MSC,Mick Schumacher,47,#505050,4.0,1136,92.393,92.393,0,0,92.791,0.796,-1.263,0.080,-1.303,16.0,-1.263,0.080,-1.303,16.0,-1.343,S,#CD3C3C,7,1.0,0,0,0.290,0,0,0,0,0.0,19
1,2021,2021201,22,Haas F1 Team,16,MSC,Mick Schumacher,47,#505050,5.0,1137,91.886,91.886,0,0,92.14,0.507,-0.814,0.509,-1.069,16.0,-0.814,0.509,-1.069,16.0,-1.323,S,#CD3C3C,8,1.0,0,0,0.290,0,0,0,0,0.0,19
1,2021,2021201,22,Haas F1 Team,16,MSC,Mick Schumacher,47,#505050,6.0,1138,91.921,91.921,0,0,91.904,0.035,-0.855,0.259,-0.985,16.0,-0.855,0.259,-0.985,16.0,-1.114,S,#CD3C3C,9,1.0,0,0,0.290,0,0,0,0,0.0,19
1,2021,2021201,22,Haas F1 Team,16,MSC,Mick Schumacher,47,#505050,7.0,1139,91.743,91.743,0,0,91.832,0.178,-0.564,0.322,-0.725,16.0,-0.564,0.322,-0.725,16.0,-0.886,S,#CD3C3C,10,1.0,0,0,0.290,0,0,0,0,0.0,19
1,2021,2021201,22,Haas F1 Team,16,MSC,Mick Schumacher,47,#505050,8.0,1140,92.326,92.326,0,0,92.034,0.583,-0.959,-0.206,-0.856,20.0,-0.959,-0.206,-0.856,20.0,-0.753,S,#CD3C3C,11,1.0,0,0,0.290,0,0,0,0,0.0,19
1,2021,2021201,22,Haas F1 Team,16,MSC,Mick Schumacher,47,#505050,9.0,1141,92.408,92.408,0,0,92.367,0.082,-1.405,-0.123,-1.343,20.0,-1.405,-0.123,-1.343,20.0,-1.282,S,#CD3C3C,12,1.0,0,0,0.290,0,0,0,0,0.0,18
1,2021,2021201,22,Haas F1 Team,16,MSC,Mick Schumacher,47,#505050,10.0,1142,91.704,91.704,0,0,92.056,0.704,-1.233,0.105,-1.286,16.0,-1.233,0.105,-1.286,16.0,-1.338,S,#CD3C3C,13,1.0,0,0,0.290,0,0,0,0,0.0,17
1,2021,2021201,22,Haas F1 Team,16,MSC,Mick Schumacher,47,#505050,11.0,1143,91.44,91.44,0,0,91.572,0.264,-1.042,0.023,-1.054,16.0,-1.042,0.023,-1.054,16.0,-1.065,S,#CD3C3C,14,1.0,0,0,0.290,0,0,0,0,0.0,17
1,2021,2021201,22,Haas F1 Team,16,MSC,Mick Schumacher,47,#505050,12.0,1144,91.385,91.385,0,0,91.412,0.055,-0.955,-0.103,-0.903,20.0,-0.955,-0.103,-0.903,20.0,-0.852,S,#CD3C3C,15,1.0,0,1,0.290,0,0,0,0,0.0,17
1,2021,2021201,22,Haas F1 Team,16,MSC,Mick Schumacher,47,#505050,13.0,1145,91.223,91.223,0,0,91.304,0.162,-0.908,0.242,-1.029,16.0,-0.908,0.242,-1.029,16.0,-1.15,S,#CD3C3C,16,1.0,0,0,0.290,0,0,0,0,0.0,16
1,2021,2021201,22,Haas F1 Team,16,MSC,Mick Schumacher,47,#505050,14.0,1146,90.644,90.644,0,0,90.934,0.579,-0.45,0.829,-0.864,16.0,-0.450,0.829,-0.864,16.0,-1.279,S,#CD3C3C,17,1.0,0,0,0.290,0,0,0,0,0.0,16
1,2021,2021201,22,Haas F1 Team,16,MSC,Mick Schumacher,47,#505050,15.0,1147,91.648,90.977,1,0,90.81,1.004,-1.622,-0.123,-1.561,20.0,-0.951,0.548,-1.225,16.0,-1.499,S,#CD3C3C,18,1.0,0,0,0.290,0,0,0,0,0.0,15
1,2021,2021201,22,Haas F1 Team,16,MSC,Mick Schumacher,47,#505050,16.0,1148,91.31,91.31,0,0,91.144,0.338,-1.452,0.997,-1.950,16.0,-1.452,0.008,-1.456,16.0,-2.449,S,#CD3C3C,19,1.0,0,0,0.290,0,0,0,0,0.0,15
1,2021,2021201,22,Haas F1 Team,16,MSC,Mick Schumacher,47,#505050,17.0,1149,91.793,91.793,0,0,91.552,0.483,-1.963,-0.683,-1.622,20.0,-1.963,-0.683,-1.622,20.0,-1.28,S,#CD3C3C,20,1.0,0,0,0.290,0,0,0,0,0.0,14
1,2021,2021201,22,Haas F1 Team,16,MSC,Mick Schumacher,47,#505050,18.0,1150,92.41,91.226,1,0,91.51,0.617,-2.585,-1.456,-1.857,20.0,-1.401,-0.272,-1.265,20.0,-1.129,S,#CD3C3C,21,1.0,0,0,0.290,0,0,0,0,-1.0,14
1,2021,2021201,22,Haas F1 Team,16,MSC,Mick Schumacher,47,#505050,19.0,1151,90.66,90.66,0,0,90.943,1.750,-0.974,0.864,-1.406,16.0,-0.974,0.864,-1.406,16.0,-1.838,S,#CD3C3C,22,1.0,0,0,0.290,0,0,0,0,0.0,14
1,2021,2021201,22,Haas F1 Team,16,MSC,Mick Schumacher,47,#505050,20.0,1152,91.477,90.851,1,0,90.756,0.817,-1.908,-0.037,-1.889,20.0,-1.282,0.589,-1.577,16.0,-1.871,S,#CD3C3C,23,1.0,0,0,0.290,0,0,0,0,0.0,14
1,2021,2021201,22,Haas F1 Team,16,MSC,Mick Schumacher,47,#505050,21.0,1153,91.042,91.042,0,0,90.946,0.435,-1.537,1.698,-2.386,16.0,-1.537,0.891,-1.982,16.0,-3.235,S,#CD3C3C,24,1.0,0,0,0.290,0,0,0,0,0.0,14
1,2021,2021201,22,Haas F1 Team,16,MSC,Mick Schumacher,47,#505050,22.0,1154,-,-,0,1,-,-,-,-,-,-,-,-,-,-,-3.075,S,#CD3C3C,25,1.0,1,0,0.290,0,0,0,0,0.0,20
1,2021,2021201,22,Haas F1 Team,16,MSC,Mick Schumacher,47,#505050,23.0,1155,-,-,0,1,-,-,-,-,-,-,-,-,-,-,-2.572,M,#F0E628,3,2.0,0,0,0.292,0,0,0,0,0.0,20
1,2021,2021201,22,Haas F1 Team,16,MSC,Mick Schumacher,47,#505050,24.0,1156,89.718,89.718,0,0,-,-,-0.369,2.739,-1.739,16.0,-0.369,2.739,-1.739,16.0,-3.108,M,#F0E628,4,2.0,0,0,0.292,0,0,0,0,0.0,20
1,2021,2021201,22,Haas F1 Team,16,MSC,Mick Schumacher,47,#505050,25.0,1157,91.66,89.758,1,0,89.738,1.942,-2.487,-0.100,-2.437,20.0,-0.584,1.803,-1.486,16.0,-2.387,M,#F0E628,5,2.0,0,0,0.292,0,0,0,0,0.0,20
1,2021,2021201,22,Haas F1 Team,16,MSC,Mick Schumacher,47,#505050,26.0,1158,89.797,89.797,0,0,89.777,1.863,-0.796,1.337,-1.464,16.0,-0.796,1.337,-1.464,16.0,-2.133,M,#F0E628,6,2.0,0,0,0.292,0,0,0,0,0.0,20
1,2021,2021201,22,Haas F1 Team,16,MSC,Mick Schumacher,47,#505050,27.0,1159,89.358,89.358,0,0,89.578,0.439,-0.284,4.397,-2.482,16.0,-0.284,4.397,-2.482,16.0,-4.681,M,#F0E628,7,2.0,0,0,0.292,0,0,0,0,0.0,20
1,2021,2021201,22,Haas F1 Team,16,MSC,Mick Schumacher,47,#505050,28.0,1160,89.418,89.418,0,0,89.388,0.060,-0.185,4.972,-2.671,16.0,-0.185,4.972,-2.671,16.0,-5.157,M,#F0E628,8,2.0,0,0,0.292,0,0,0,0,0.0,20
1,2021,2021201,22,Haas F1 Team,16,MSC,Mick Schumacher,47,#505050,29.0,1161,89.468,89.468,0,0,89.443,0.050,-0.55,2.067,-1.583,16.0,-0.550,2.067,-1.583,16.0,-2.617,M,#F0E628,9,2.0,0,0,0.292,0,0,0,0,0.0,20
1,2021,2021201,22,Haas F1 Team,16,MSC,Mick Schumacher,47,#505050,30.0,1162,89.368,89.368,0,0,89.418,0.100,-0.474,2.490,-1.719,16.0,-0.474,2.490,-1.719,16.0,-2.964,M,#F0E628,10,2.0,0,0,0.292,0,0,0,0,0.0,20
1,2021,2021201,22,Haas F1 Team,16,MSC,Mick Schumacher,47,#505050,31.0,1163,90.421,88.984,1,0,89.176,1.053,-1.861,-,-,-,-0.424,-,-,-,,M,#F0E628,11,2.0,0,0,0.292,0,0,0,0,0.0,18
1,2021,2021201,22,Haas F1 Team,16,MSC,Mick Schumacher,47,#505050,32.0,1164,88.6,88.6,0,0,88.792,1.821,-0.249,-,-,-,-0.249,-,-,-,,M,#F0E628,12,2.0,0,0,0.292,0,0,0,0,0.0,18
1,2021,2021201,22,Haas F1 Team,16,MSC,Mick Schumacher,47,#505050,33.0,1165,89.45,89.45,0,0,89.025,0.850,-0.848,0.966,-1.331,16.0,-0.848,0.966,-1.331,16.0,-1.814,M,#F0E628,13,2.0,0,0,0.292,0,0,0,0,0.0,17
1,2021,2021201,22,Haas F1 Team,16,MSC,Mick Schumacher,47,#505050,34.0,1166,90.447,89.227,1,0,89.339,0.997,-1.974,-0.245,-1.851,20.0,-0.754,0.975,-1.242,16.0,-1.729,M,#F0E628,14,2.0,0,0,0.292,0,0,0,0,-1.0,18
1,2021,2021201,22,Haas F1 Team,16,MSC,Mick Schumacher,47,#505050,35.0,1167,89.004,89.004,0,0,89.116,1.443,-0.613,0.641,-0.933,16.0,-0.613,0.641,-0.933,16.0,-1.254,M,#F0E628,15,2.0,0,0,0.292,0,0,0,0,0.0,18
1,2021,2021201,22,Haas F1 Team,16,MSC,Mick Schumacher,47,#505050,36.0,1168,89.254,89.254,0,0,89.129,0.250,-0.784,2.584,-2.076,16.0,-0.784,2.584,-2.076,16.0,-3.368,M,#F0E628,16,2.0,0,0,0.292,0,0,0,0,0.0,18
1,2021,2021201,22,Haas F1 Team,16,MSC,Mick Schumacher,47,#505050,37.0,1169,88.953,88.953,0,0,89.104,0.301,-0.578,4.394,-2.775,16.0,-0.578,4.394,-2.775,16.0,-4.972,M,#F0E628,17,2.0,0,0,0.292,0,0,0,0,0.0,18
1,2021,2021201,22,Haas F1 Team,16,MSC,Mick Schumacher,47,#505050,38.0,1170,88.845,88.845,0,0,88.899,0.108,-0.647,3.273,-2.284,16.0,-0.647,3.273,-2.284,16.0,-3.92,M,#F0E628,18,2.0,0,1,0.292,0,0,0,0,0.0,18
1,2021,2021201,22,Haas F1 Team,16,MSC,Mick Schumacher,47,#505050,39.0,1171,88.891,88.891,0,0,88.868,0.046,-0.713,7.437,-4.431,16.0,-0.713,4.126,-2.776,16.0,-8.15,M,#F0E628,19,2.0,0,0,0.292,0,0,0,0,0.0,18
1,2021,2021201,22,Haas F1 Team,16,MSC,Mick Schumacher,47,#505050,40.0,1172,90.103,88.77,1,0,88.83,1.212,-1.916,3.813,-3.822,16.0,-0.582,5.147,-3.155,16.0,-5.729,M,#F0E628,20,2.0,0,0,0.292,0,0,0,0,-1.0,19
1,2021,2021201,22,Haas F1 Team,16,MSC,Mick Schumacher,47,#505050,41.0,1173,88.648,88.648,0,0,88.709,1.455,-0.622,0.996,-1.120,16.0,-0.622,0.996,-1.120,16.0,-1.618,M,#F0E628,21,2.0,0,0,0.292,0,0,0,0,0.0,19
1,2021,2021201,22,Haas F1 Team,16,MSC,Mick Schumacher,47,#505050,42.0,1174,88.597,88.597,0,0,88.622,0.051,-0.552,3.718,-2.411,16.0,-0.552,0.749,-0.926,16.0,-4.27,M,#F0E628,22,2.0,0,0,0.292,0,0,0,0,0.0,19
1,2021,2021201,22,Haas F1 Team,16,MSC,Mick Schumacher,47,#505050,43.0,1175,88.929,88.929,0,0,88.763,0.332,-1.095,0.119,-1.155,16.0,-1.095,0.119,-1.155,16.0,-1.214,M,#F0E628,23,2.0,0,0,0.292,0,0,0,0,0.0,19
1,2021,2021201,22,Haas F1 Team,16,MSC,Mick Schumacher,47,#505050,44.0,1176,88.862,88.862,0,0,88.896,0.067,-1.18,4.531,-3.446,16.0,-1.180,0.231,-1.296,16.0,-5.711,M,#F0E628,24,2.0,0,0,0.292,0,0,0,0,0.0,19
1,2021,2021201,22,Haas F1 Team,16,MSC,Mick Schumacher,47,#505050,45.0,1177,88.497,88.497,0,0,88.679,0.365,-0.835,0.640,-1.155,16.0,-0.835,0.640,-1.155,16.0,-1.475,M,#F0E628,25,2.0,0,0,0.292,0,0,0,0,0.0,19
1,2021,2021201,22,Haas F1 Team,16,MSC,Mick Schumacher,47,#505050,46.0,1178,88.412,88.412,0,0,88.454,0.085,-0.889,3.433,-2.606,16.0,-0.889,1.747,-1.763,16.0,-4.322,M,#F0E628,26,2.0,0,0,0.292,0,0,0,0,0.0,19
1,2021,2021201,22,Haas F1 Team,16,MSC,Mick Schumacher,47,#505050,47.0,1179,88.728,88.728,0,0,88.57,0.316,-1.036,2.454,-2.263,16.0,-1.036,2.454,-2.263,16.0,-3.49,M,#F0E628,27,2.0,0,0,0.292,0,0,0,0,0.0,19
1,2021,2021201,22,Haas F1 Team,16,MSC,Mick Schumacher,47,#505050,48.0,1180,88.758,88.758,0,0,88.743,0.030,-1.176,-0.314,-1.019,20.0,-1.176,-0.314,-1.019,20.0,-0.862,M,#F0E628,28,2.0,0,0,0.292,0,0,0,0,0.0,19
1,2021,2021201,22,Haas F1 Team,16,MSC,Mick Schumacher,47,#505050,49.0,1181,89.03,89.03,0,0,88.894,0.272,-1.609,-0.431,-1.393,20.0,-1.609,-0.431,-1.393,20.0,-1.178,M,#F0E628,29,2.0,0,0,0.292,0,0,0,0,0.0,18
1,2021,2021201,22,Haas F1 Team,16,MSC,Mick Schumacher,47,#505050,50.0,1182,88.62,88.62,0,0,88.825,0.410,-1.145,-0.408,-0.941,20.0,-1.145,-0.408,-0.941,20.0,-0.737,M,#F0E628,30,2.0,0,0,0.292,0,0,0,0,0.0,17
1,2021,2021201,22,Haas F1 Team,16,MSC,Mick Schumacher,47,#505050,51.0,1183,88.423,88.423,0,0,88.522,0.197,-1.223,-0.299,-1.073,20.0,-1.223,-0.299,-1.073,20.0,-0.924,M,#F0E628,31,2.0,0,0,0.292,0,0,0,0,0.0,16
1,2021,2021201,22,Haas F1 Team,16,MSC,Mick Schumacher,47,#505050,52.0,1184,88.576,88.576,0,0,88.5,0.153,-1.216,1.082,-1.757,16.0,-1.216,1.082,-1.757,16.0,-2.298,M,#F0E628,32,2.0,0,0,0.292,0,0,0,0,0.0,16
1,2021,2021201,22,Haas F1 Team,16,MSC,Mick Schumacher,47,#505050,53.0,1185,-,-,0,1,-,-,-,-,-,-,-,-,-,-,,M,#F0E628,33,2.0,0,0,0.292,0,0,0,1,0.0,16
1,2021,2021201,22,Haas F1 Team,16,MSC,Mick Schumacher,47,#505050,54.0,1186,-,-,0,1,-,-,-,-,-,-,-,-,-,-,,M,#F0E628,34,2.0,0,0,0.292,0,0,0,0,0.0,16
1,2021,2021201,22,Haas F1 Team,16,MSC,Mick Schumacher,47,#505050,55.0,1187,-,-,0,1,-,-,-,-,-,-,-,-,-,-,,M,#F0E628,35,2.0,0,0,0.292,0,0,1,0,0.0,16
1,2021,2021201,22,Haas F1 Team,16,MSC,Mick Schumacher,47,#505050,56.0,1188,90.299,90.299,0,0,-,-,-,-,-,-,-,-,-,-,,M,#F0E628,36,2.0,0,0,0.292,0,0,0,0,0.0,16
1,2021,2021201,22,Haas F1 Team,20,MAZ,Nikita Mazepin,9,#505050,1.0,1133,-,-,0,1,-,-,-,-,-,-,-,-,-,-,,M,#F0E628,1,1.0,0,0,0.318,0,0,0,0,,20
1,2021,2021201,22,Haas F1 Team,20,MAZ,Nikita Mazepin,9,#505050,2.0,1134,-,-,0,1,-,-,-,-,-,-,-,-,-,-,,M,#F0E628,2,1.0,0,0,0.318,0,0,0,0,0.0,20
1,2021,2021201,22,Haas F1 Team,20,MAZ,Nikita Mazepin,9,#505050,3.0,1135,93.45,93.45,0,0,-,-,-2.02,0.261,-1.889,16.0,-2.020,0.261,-1.889,16.0,-1.759,M,#F0E628,3,1.0,0,0,0.318,0,0,0,0,0.0,20
1,2021,2021201,22,Haas F1 Team,20,MAZ,Nikita Mazepin,9,#505050,4.0,1136,92.473,92.473,0,0,92.962,0.977,-1.343,0.080,-1.303,16.0,-1.343,0.080,-1.303,16.0,-1.263,M,#F0E628,4,1.0,0,0,0.318,0,0,0,0,0.0,20
1,2021,2021201,22,Haas F1 Team,20,MAZ,Nikita Mazepin,9,#505050,5.0,1137,92.395,92.395,0,0,92.434,0.078,-1.323,0.509,-1.069,16.0,-1.323,0.509,-1.069,16.0,-0.814,M,#F0E628,5,1.0,0,0,0.318,0,0,0,0,0.0,20
1,2021,2021201,22,Haas F1 Team,20,MAZ,Nikita Mazepin,9,#505050,6.0,1138,92.18,92.18,0,0,92.288,0.215,-1.114,0.259,-0.985,16.0,-1.114,0.259,-0.985,16.0,-0.855,M,#F0E628,6,1.0,0,0,0.318,0,0,0,0,0.0,20
1,2021,2021201,22,Haas F1 Team,20,MAZ,Nikita Mazepin,9,#505050,7.0,1139,92.065,92.065,0,0,92.122,0.115,-0.886,0.322,-0.725,16.0,-0.886,0.322,-0.725,16.0,-0.564,M,#F0E628,7,1.0,0,0,0.318,0,0,0,0,0.0,20
1,2021,2021201,22,Haas F1 Team,20,MAZ,Nikita Mazepin,9,#505050,8.0,1140,92.12,92.12,0,0,92.092,0.055,-0.753,-0.206,-0.856,20.0,-0.753,-0.206,-0.856,20.0,-0.959,M,#F0E628,8,1.0,0,0,0.318,0,0,0,0,0.0,20
1,2021,2021201,22,Haas F1 Team,20,MAZ,Nikita Mazepin,9,#505050,9.0,1141,92.285,92.285,0,0,92.202,0.165,-1.282,-0.123,-1.343,20.0,-1.282,-0.123,-1.343,20.0,-1.405,M,#F0E628,9,1.0,0,0,0.318,0,0,0,0,0.0,19
1,2021,2021201,22,Haas F1 Team,20,MAZ,Nikita Mazepin,9,#505050,10.0,1142,91.809,91.809,0,0,92.047,0.476,-1.338,0.105,-1.286,16.0,-1.338,0.105,-1.286,16.0,-1.233,M,#F0E628,10,1.0,0,0,0.318,0,0,0,0,0.0,18
1,2021,2021201,22,Haas F1 Team,20,MAZ,Nikita Mazepin,9,#505050,11.0,1143,91.463,91.463,0,0,91.636,0.346,-1.065,0.023,-1.054,16.0,-1.065,0.023,-1.054,16.0,-1.042,M,#F0E628,11,1.0,0,0,0.318,0,0,0,0,0.0,18
1,2021,2021201,22,Haas F1 Team,20,MAZ,Nikita Mazepin,9,#505050,12.0,1144,91.282,91.282,0,0,91.372,0.181,-0.852,-0.103,-0.903,20.0,-0.852,-0.103,-0.903,20.0,-0.955,M,#F0E628,12,1.0,0,0,0.318,0,0,0,0,0.0,18
1,2021,2021201,22,Haas F1 Team,20,MAZ,Nikita Mazepin,9,#505050,13.0,1145,91.465,91.465,0,0,91.374,0.183,-1.15,0.242,-1.029,16.0,-1.150,0.242,-1.029,16.0,-0.908,M,#F0E628,13,1.0,0,0,0.318,0,0,0,0,0.0,18
1,2021,2021201,22,Haas F1 Team,20,MAZ,Nikita Mazepin,9,#505050,14.0,1146,91.473,91.473,0,0,91.469,0.008,-1.279,0.829,-0.864,16.0,-1.279,0.829,-0.864,16.0,-0.45,M,#F0E628,14,1.0,0,0,0.318,0,0,0,0,0.0,17
1,2021,2021201,22,Haas F1 Team,20,MAZ,Nikita Mazepin,9,#505050,15.0,1147,91.525,91.525,0,0,91.499,0.052,-1.499,-0.123,-1.561,20.0,-1.499,0.548,-1.225,16.0,-1.622,M,#F0E628,15,1.0,0,0,0.318,0,0,0,0,0.0,16
1,2021,2021201,22,Haas F1 Team,20,MAZ,Nikita Mazepin,9,#505050,16.0,1148,92.307,91.318,1,0,91.421,0.782,-2.449,0.997,-1.950,16.0,-1.460,0.008,-1.456,16.0,-1.452,M,#F0E628,16,1.0,0,1,0.318,0,0,0,0,-1.0,17
1,2021,2021201,22,Haas F1 Team,20,MAZ,Nikita Mazepin,9,#505050,17.0,1149,91.11,91.11,0,0,91.214,1.197,-1.28,-0.683,-1.622,20.0,-1.280,-0.683,-1.622,20.0,-1.963,M,#F0E628,17,1.0,0,0,0.318,0,0,0,0,0.0,16
1,2021,2021201,22,Haas F1 Team,20,MAZ,Nikita Mazepin,9,#505050,18.0,1150,90.954,90.954,0,0,91.032,0.156,-1.129,-1.456,-1.857,20.0,-1.129,-0.272,-1.265,20.0,-2.585,M,#F0E628,18,1.0,0,0,0.318,0,0,0,0,0.0,15
1,2021,2021201,22,Haas F1 Team,20,MAZ,Nikita Mazepin,9,#505050,19.0,1151,91.524,91.524,0,0,91.239,0.570,-1.838,0.864,-1.406,16.0,-1.838,0.864,-1.406,16.0,-0.974,M,#F0E628,19,1.0,0,0,0.318,0,0,0,0,0.0,15
1,2021,2021201,22,Haas F1 Team,20,MAZ,Nikita Mazepin,9,#505050,20.0,1152,91.44,91.44,0,0,91.482,0.084,-1.871,-0.037,-1.889,20.0,-1.871,0.589,-1.577,16.0,-1.908,M,#F0E628,20,1.0,0,0,0.318,0,0,0,0,0.0,15
1,2021,2021201,22,Haas F1 Team,20,MAZ,Nikita Mazepin,9,#505050,21.0,1153,92.74,91.934,1,0,91.687,1.300,-3.235,1.698,-2.386,16.0,-2.428,0.891,-1.982,16.0,-1.537,M,#F0E628,21,1.0,0,0,0.318,0,0,0,0,-1.0,16
1,2021,2021201,22,Haas F1 Team,20,MAZ,Nikita Mazepin,9,#505050,22.0,1154,92.427,92.427,0,0,92.18,0.313,-3.075,-,-,-,-3.075,-,-,-,,M,#F0E628,22,1.0,0,0,0.318,0,0,0,0,-1.0,16
1,2021,2021201,22,Haas F1 Team,20,MAZ,Nikita Mazepin,9,#505050,23.0,1155,91.847,91.847,0,0,92.137,0.580,-2.572,-,-,-,-2.572,-,-,-,,M,#F0E628,23,1.0,0,0,0.318,0,0,0,0,0.0,16
1,2021,2021201,22,Haas F1 Team,20,MAZ,Nikita Mazepin,9,#505050,24.0,1156,92.457,92.457,0,0,92.152,0.610,-3.108,2.739,-1.739,16.0,-3.108,2.739,-1.739,16.0,-0.369,M,#F0E628,24,1.0,0,0,0.318,0,0,0,0,-1.0,17
1,2021,2021201,22,Haas F1 Team,20,MAZ,Nikita Mazepin,9,#505050,25.0,1157,91.56,91.56,0,0,92.008,0.897,-2.387,-0.100,-2.437,20.0,-2.387,1.803,-1.486,16.0,-2.487,M,#F0E628,25,1.0,0,0,0.318,0,0,0,0,0.0,17
1,2021,2021201,22,Haas F1 Team,20,MAZ,Nikita Mazepin,9,#505050,26.0,1158,91.134,91.134,0,0,91.347,0.426,-2.133,1.337,-1.464,16.0,-2.133,1.337,-1.464,16.0,-0.796,M,#F0E628,26,1.0,0,0,0.318,0,0,0,0,0.0,17
1,2021,2021201,22,Haas F1 Team,20,MAZ,Nikita Mazepin,9,#505050,27.0,1159,93.755,93.755,0,0,92.444,2.621,-4.681,4.397,-2.482,16.0,-4.681,4.397,-2.482,16.0,-0.284,M,#F0E628,27,1.0,0,0,0.318,0,0,0,0,-1.0,18
1,2021,2021201,22,Haas F1 Team,20,MAZ,Nikita Mazepin,9,#505050,28.0,1160,94.39,94.39,0,0,94.072,0.635,-5.157,4.972,-2.671,16.0,-5.157,4.972,-2.671,16.0,-0.185,M,#F0E628,28,1.0,0,0,0.318,0,0,0,0,-1.0,19
1,2021,2021201,22,Haas F1 Team,20,MAZ,Nikita Mazepin,9,#505050,29.0,1161,91.535,91.535,0,0,92.962,2.855,-2.617,2.067,-1.583,16.0,-2.617,2.067,-1.583,16.0,-0.55,M,#F0E628,29,1.0,0,0,0.318,0,0,0,0,0.0,19
1,2021,2021201,22,Haas F1 Team,20,MAZ,Nikita Mazepin,9,#505050,30.0,1162,91.858,91.858,0,0,91.696,0.323,-2.964,2.490,-1.719,16.0,-2.964,2.490,-1.719,16.0,-0.474,M,#F0E628,30,1.0,0,0,0.318,0,0,0,0,0.0,19
1,2021,2021201,22,Haas F1 Team,20,MAZ,Nikita Mazepin,9,#505050,31.0,1163,-,-,0,1,-,-,-,-,-,-,-,-,-,-,-1.861,M,#F0E628,31,1.0,1,0,0.318,0,0,0,0,0.0,20
1,2021,2021201,22,Haas F1 Team,20,MAZ,Nikita Mazepin,9,#505050,32.0,1164,-,-,0,1,-,-,-,-,-,-,-,-,-,-,-0.249,S,#CD3C3C,4,2.0,0,0,1.141,0,0,0,0,0.0,20
1,2021,2021201,22,Haas F1 Team,20,MAZ,Nikita Mazepin,9,#505050,33.0,1165,90.416,90.416,0,0,-,-,-1.814,0.966,-1.331,16.0,-1.814,0.966,-1.331,16.0,-0.848,S,#CD3C3C,5,2.0,0,0,1.141,0,0,0,0,0.0,20
1,2021,2021201,22,Haas F1 Team,20,MAZ,Nikita Mazepin,9,#505050,34.0,1166,90.202,90.202,0,0,90.309,0.214,-1.729,-0.245,-1.851,20.0,-1.729,0.975,-1.242,16.0,-1.974,S,#CD3C3C,6,2.0,0,0,1.141,0,0,0,0,0.0,20
1,2021,2021201,22,Haas F1 Team,20,MAZ,Nikita Mazepin,9,#505050,35.0,1167,89.645,89.645,0,0,89.923,0.557,-1.254,0.641,-0.933,16.0,-1.254,0.641,-0.933,16.0,-0.613,S,#CD3C3C,7,2.0,0,0,1.141,0,0,0,0,0.0,20
1,2021,2021201,22,Haas F1 Team,20,MAZ,Nikita Mazepin,9,#505050,36.0,1168,91.838,91.838,0,0,90.742,2.193,-3.368,2.584,-2.076,16.0,-3.368,2.584,-2.076,16.0,-0.784,S,#CD3C3C,8,2.0,0,0,1.141,0,0,0,0,0.0,20
1,2021,2021201,22,Haas F1 Team,20,MAZ,Nikita Mazepin,9,#505050,37.0,1169,93.347,93.347,0,0,92.592,1.509,-4.972,4.394,-2.775,16.0,-4.972,4.394,-2.775,16.0,-0.578,S,#CD3C3C,9,2.0,0,0,1.141,0,0,0,0,0.0,20
1,2021,2021201,22,Haas F1 Team,20,MAZ,Nikita Mazepin,9,#505050,38.0,1170,92.118,92.118,0,0,92.732,1.229,-3.92,3.273,-2.284,16.0,-3.920,3.273,-2.284,16.0,-0.647,S,#CD3C3C,10,2.0,0,0,1.141,0,0,0,0,0.0,20
1,2021,2021201,22,Haas F1 Team,20,MAZ,Nikita Mazepin,9,#505050,39.0,1171,96.328,93.017,1,0,92.568,4.210,-8.15,7.437,-4.431,16.0,-4.839,4.126,-2.776,16.0,-0.713,S,#CD3C3C,11,2.0,0,0,1.141,0,0,0,0,0.0,20
1,2021,2021201,22,Haas F1 Team,20,MAZ,Nikita Mazepin,9,#505050,40.0,1172,93.916,93.916,0,0,93.466,2.412,-5.729,3.813,-3.822,16.0,-5.729,5.147,-3.155,16.0,-1.916,S,#CD3C3C,12,2.0,0,0,1.141,0,0,0,0,0.0,20
1,2021,2021201,22,Haas F1 Team,20,MAZ,Nikita Mazepin,9,#505050,41.0,1173,89.644,89.644,0,0,91.78,4.272,-1.618,0.996,-1.120,16.0,-1.618,0.996,-1.120,16.0,-0.622,S,#CD3C3C,13,2.0,0,0,1.141,0,0,0,0,0.0,20
1,2021,2021201,22,Haas F1 Team,20,MAZ,Nikita Mazepin,9,#505050,42.0,1174,92.315,89.346,1,0,89.495,2.671,-4.27,3.718,-2.411,16.0,-1.301,0.749,-0.926,16.0,-0.552,S,#CD3C3C,14,2.0,0,0,1.141,0,0,0,0,0.0,20
1,2021,2021201,22,Haas F1 Team,20,MAZ,Nikita Mazepin,9,#505050,43.0,1175,89.048,89.048,0,0,89.197,3.267,-1.214,0.119,-1.155,16.0,-1.214,0.119,-1.155,16.0,-1.095,S,#CD3C3C,15,2.0,0,1,1.141,0,0,0,0,0.0,20
1,2021,2021201,22,Haas F1 Team,20,MAZ,Nikita Mazepin,9,#505050,44.0,1176,93.393,89.092,1,0,89.07,4.345,-5.711,4.531,-3.446,16.0,-1.411,0.231,-1.296,16.0,-1.18,S,#CD3C3C,16,2.0,0,0,1.141,0,0,0,0,0.0,20
1,2021,2021201,22,Haas F1 Team,20,MAZ,Nikita Mazepin,9,#505050,45.0,1177,89.137,89.137,0,0,89.115,4.256,-1.475,0.640,-1.155,16.0,-1.475,0.640,-1.155,16.0,-0.835,S,#CD3C3C,17,2.0,0,0,1.141,0,0,0,0,0.0,20
1,2021,2021201,22,Haas F1 Team,20,MAZ,Nikita Mazepin,9,#505050,46.0,1178,91.845,90.16,1,0,89.648,2.708,-4.322,3.433,-2.606,16.0,-2.636,1.747,-1.763,16.0,-0.889,S,#CD3C3C,18,2.0,0,0,1.141,0,0,0,0,0.0,20
1,2021,2021201,22,Haas F1 Team,20,MAZ,Nikita Mazepin,9,#505050,47.0,1179,91.182,91.182,0,0,90.671,0.663,-3.49,2.454,-2.263,16.0,-3.490,2.454,-2.263,16.0,-1.036,S,#CD3C3C,19,2.0,0,0,1.141,0,0,0,0,0.0,20
1,2021,2021201,22,Haas F1 Team,20,MAZ,Nikita Mazepin,9,#505050,48.0,1180,88.444,88.444,0,0,89.813,2.738,-0.862,-0.314,-1.019,20.0,-0.862,-0.314,-1.019,20.0,-1.176,S,#CD3C3C,20,2.0,0,0,1.141,0,0,0,0,0.0,20
1,2021,2021201,22,Haas F1 Team,20,MAZ,Nikita Mazepin,9,#505050,49.0,1181,88.599,88.599,0,0,88.522,0.155,-1.178,-0.431,-1.393,20.0,-1.178,-0.431,-1.393,20.0,-1.609,S,#CD3C3C,21,2.0,0,0,1.141,0,0,0,0,0.0,20
1,2021,2021201,22,Haas F1 Team,20,MAZ,Nikita Mazepin,9,#505050,50.0,1182,88.212,88.212,0,0,88.406,0.387,-0.737,-0.408,-0.941,20.0,-0.737,-0.408,-0.941,20.0,-1.145,S,#CD3C3C,22,2.0,0,0,1.141,0,0,0,0,0.0,19
1,2021,2021201,22,Haas F1 Team,20,MAZ,Nikita Mazepin,9,#505050,51.0,1183,88.124,88.124,0,0,88.168,0.088,-0.924,-0.299,-1.073,20.0,-0.924,-0.299,-1.073,20.0,-1.223,S,#CD3C3C,23,2.0,0,0,1.141,0,0,0,0,0.0,18
1,2021,2021201,22,Haas F1 Team,20,MAZ,Nikita Mazepin,9,#505050,52.0,1184,89.658,89.658,0,0,88.891,1.534,-2.298,1.082,-1.757,16.0,-2.298,1.082,-1.757,16.0,-1.216,S,#CD3C3C,24,2.0,0,0,1.141,0,0,0,0,0.0,18
1,2021,2021201,22,Haas F1 Team,20,MAZ,Nikita Mazepin,9,#505050,53.0,1185,-,-,0,1,-,-,-,-,-,-,-,-,-,-,,S,#CD3C3C,25,2.0,0,0,1.141,0,0,0,1,0.0,18
1,2021,2021201,22,Haas F1 Team,20,MAZ,Nikita Mazepin,9,#505050,54.0,1186,-,-,0,1,-,-,-,-,-,-,-,-,-,-,,S,#CD3C3C,26,2.0,0,0,1.141,0,0,1,0,0.0,18
1,2021,2021201,22,Haas F1 Team,20,MAZ,Nikita Mazepin,9,#505050,55.0,1187,87.34,87.34,0,0,-,-,-,-,-,-,-,-,-,-,,S,#CD3C3C,27,2.0,0,0,1.141,0,0,0,0,0.0,18
1,2021,2021211,23,Haas F1 Team,16,MSC,Mick Schumacher,47,#505050,1.0,1190,-,-,0,1,-,-,-,-,-,-,-,-,-,-,,M,#F0E628,1,1.0,0,0,0.295,0,0,0,0,,18
1,2021,2021211,23,Haas F1 Team,16,MSC,Mick Schumacher,47,#505050,2.0,1191,-,-,0,1,-,-,-,-,-,-,-,-,-,-,,M,#F0E628,2,1.0,0,0,0.295,0,0,0,0,0.0,18
1,2021,2021211,23,Haas F1 Team,16,MSC,Mick Schumacher,47,#505050,3.0,1192,97.879,97.879,0,0,-,-,-1.725,0.820,-2.135,16.0,-1.725,0.820,-2.135,16.0,-2.545,M,#F0E628,3,1.0,0,0,0.295,0,0,0,0,0.0,18
1,2021,2021211,23,Haas F1 Team,16,MSC,Mick Schumacher,47,#505050,4.0,1193,97.254,97.254,0,0,97.566,0.625,-1.558,0.377,-1.747,16.0,-1.558,0.377,-1.747,16.0,-1.935,M,#F0E628,4,1.0,0,0,0.295,0,0,0,0,0.0,18
1,2021,2021211,23,Haas F1 Team,16,MSC,Mick Schumacher,47,#505050,5.0,1194,96.539,96.539,0,0,96.896,0.715,-1.107,0.689,-1.452,16.0,-1.107,0.689,-1.452,16.0,-1.796,M,#F0E628,5,1.0,0,1,0.295,0,0,0,0,0.0,18
1,2021,2021211,23,Haas F1 Team,16,MSC,Mick Schumacher,47,#505050,6.0,1195,96.364,96.364,0,0,96.452,0.175,-1.055,1.307,-1.708,16.0,-1.055,0.772,-1.441,16.0,-2.362,M,#F0E628,6,1.0,0,0,0.295,0,0,0,0,0.0,18
1,2021,2021211,23,Haas F1 Team,16,MSC,Mick Schumacher,47,#505050,7.0,1196,96.922,96.922,0,0,96.643,0.558,-1.512,0.121,-1.573,16.0,-1.512,0.121,-1.573,16.0,-1.633,M,#F0E628,7,1.0,0,0,0.295,0,0,0,0,0.0,18
1,2021,2021211,23,Haas F1 Team,16,MSC,Mick Schumacher,47,#505050,8.0,1197,96.043,96.043,0,0,96.482,0.879,-0.68,1.515,-1.438,16.0,-0.680,1.515,-1.438,16.0,-2.195,M,#F0E628,8,1.0,0,0,0.295,0,0,0,0,0.0,18
1,2021,2021211,23,Haas F1 Team,16,MSC,Mick Schumacher,47,#505050,9.0,1198,-,-,0,1,-,-,-,-,-,-,-,-,-,-,,M,#F0E628,9,1.0,0,0,0.295,0,1,0,0,,-
1,2021,2021211,23,Haas F1 Team,20,MAZ,Nikita Mazepin,9,#505050,1.0,1190,-,-,0,1,-,-,-,-,-,-,-,-,-,-,,M,#F0E628,1,1.0,0,0,0.306,0,0,0,0,,20
1,2021,2021211,23,Haas F1 Team,20,MAZ,Nikita Mazepin,9,#505050,2.0,1191,-,-,0,1,-,-,-,-,-,-,-,-,-,-,,M,#F0E628,2,1.0,0,0,0.306,0,0,0,0,0.0,20
1,2021,2021211,23,Haas F1 Team,20,MAZ,Nikita Mazepin,9,#505050,3.0,1192,98.699,98.699,0,0,-,-,-2.545,0.820,-2.135,16.0,-2.545,0.820,-2.135,16.0,-1.725,M,#F0E628,3,1.0,0,0,0.306,0,0,0,0,0.0,20
1,2021,2021211,23,Haas F1 Team,20,MAZ,Nikita Mazepin,9,#505050,4.0,1193,97.631,97.631,0,0,98.165,1.068,-1.935,0.377,-1.747,16.0,-1.935,0.377,-1.747,16.0,-1.558,M,#F0E628,4,1.0,0,0,0.306,0,0,0,0,0.0,20
1,2021,2021211,23,Haas F1 Team,20,MAZ,Nikita Mazepin,9,#505050,5.0,1194,97.228,97.228,0,0,97.429,0.403,-1.796,0.689,-1.452,16.0,-1.796,0.689,-1.452,16.0,-1.107,M,#F0E628,5,1.0,0,1,0.306,0,0,0,0,0.0,20
1,2021,2021211,23,Haas F1 Team,20,MAZ,Nikita Mazepin,9,#505050,6.0,1195,97.671,97.136,1,0,97.182,0.443,-2.362,1.307,-1.708,16.0,-1.827,0.772,-1.441,16.0,-1.055,M,#F0E628,6,1.0,0,0,0.306,0,0,0,0,0.0,20
1,2021,2021211,23,Haas F1 Team,20,MAZ,Nikita Mazepin,9,#505050,7.0,1196,97.043,97.043,0,0,97.089,0.628,-1.633,0.121,-1.573,16.0,-1.633,0.121,-1.573,16.0,-1.512,M,#F0E628,7,1.0,0,0,0.306,0,0,0,0,0.0,20
1,2021,2021211,23,Haas F1 Team,20,MAZ,Nikita Mazepin,9,#505050,8.0,1197,97.558,97.558,0,0,97.3,0.515,-2.195,1.515,-1.438,16.0,-2.195,1.515,-1.438,16.0,-0.68,M,#F0E628,8,1.0,0,0,0.306,0,0,0,0,0.0,20
1,2021,2021211,23,Haas F1 Team,20,MAZ,Nikita Mazepin,9,#505050,9.0,1198,-,-,0,1,-,-,-,-,-,-,-,-,-,-,,M,#F0E628,9,1.0,0,0,0.306,0,1,0,0,0.0,19
1,2021,2021211,23,Haas F1 Team,20,MAZ,Nikita Mazepin,9,#505050,10.0,1199,-,-,0,1,-,-,-,-,-,-,-,-,-,-,,M,#F0E628,10,1.0,0,0,0.306,0,0,0,0,0.0,17
1,2021,2021211,23,Haas F1 Team,20,MAZ,Nikita Mazepin,9,#505050,11.0,1200,-,-,0,1,-,-,-,-,-,-,-,-,-,-,,M,#F0E628,11,1.0,0,0,0.306,0,0,0,0,0.0,16
1,2021,2021211,23,Haas F1 Team,20,MAZ,Nikita Mazepin,9,#505050,12.0,1201,-,-,0,1,-,-,-,-,-,-,-,-,-,-,,M,#F0E628,12,1.0,0,0,0.306,0,0,0,0,0.0,16
1,2021,2021211,23,Haas F1 Team,20,MAZ,Nikita Mazepin,9,#505050,13.0,1202,-,-,0,1,-,-,-,-,-,-,-,-,-,-,,M,#F0E628,13,1.0,1,0,0.306,0,0,0,0,0.0,16
1,2021,2021211,23,Haas F1 Team,20,MAZ,Nikita Mazepin,9,#505050,14.0,1203,-,-,0,1,-,-,-,-,-,-,-,-,-,-,,H,#A5AFB9,1,2.0,0,0,-,0,0,0,0,0.0,16
1,2021,2021211,23,Haas F1 Team,20,MAZ,Nikita Mazepin,9,#505050,15.0,1204,-,-,0,1,-,-,-,-,-,-,-,-,-,-,,H,#A5AFB9,2,2.0,0,0,-,0,0,0,0,,-
1,2021,2021221,24,Haas F1 Team,16,MSC,Mick Schumacher,47,#505050,1.0,1240,-,-,0,1,-,-,-,-,-,-,-,-,-,-,,S,#CD3C3C,1,1.0,0,0,0.324,0,0,0,0,,18
1,2021,2021221,24,Haas F1 Team,16,MSC,Mick Schumacher,47,#505050,2.0,1241,-,-,0,1,-,-,-,-,-,-,-,-,-,-,,S,#CD3C3C,2,1.0,0,0,0.324,0,0,0,0,0.0,18
1,2021,2021221,24,Haas F1 Team,16,MSC,Mick Schumacher,47,#505050,3.0,1242,93.612,93.612,0,0,-,-,-2.38,-,-,-,-2.380,-,-,-,,S,#CD3C3C,3,1.0,0,0,0.324,0,0,0,0,0.0,18
1,2021,2021221,24,Haas F1 Team,16,MSC,Mick Schumacher,47,#505050,4.0,1243,92.407,92.407,0,0,93.01,1.205,-1.406,-,-,-,-1.406,-,-,-,,S,#CD3C3C,4,1.0,0,0,0.324,0,0,0,0,0.0,18
1,2021,2021221,24,Haas F1 Team,16,MSC,Mick Schumacher,47,#505050,5.0,1244,91.634,91.634,0,0,92.02,0.773,-0.811,-,-,-,-0.811,-,-,-,,S,#CD3C3C,5,1.0,0,0,0.324,0,0,0,0,0.0,18
1,2021,2021221,24,Haas F1 Team,16,MSC,Mick Schumacher,47,#505050,6.0,1245,92.041,91.658,1,0,91.646,0.407,-1.308,-,-,-,-0.924,-,-,-,,S,#CD3C3C,6,1.0,0,1,0.324,0,0,0,0,0.0,18
1,2021,2021221,24,Haas F1 Team,16,MSC,Mick Schumacher,47,#505050,7.0,1246,91.681,91.681,0,0,91.669,0.360,-1.19,-,-,-,-1.190,-,-,-,,S,#CD3C3C,7,1.0,0,0,0.324,0,0,0,0,0.0,18
1,2021,2021221,24,Haas F1 Team,16,MSC,Mick Schumacher,47,#505050,8.0,1247,92.228,91.718,1,0,91.7,0.547,-1.632,-,-,-,-1.122,-,-,-,,S,#CD3C3C,8,1.0,0,0,0.324,0,0,0,0,0.0,18
1,2021,2021221,24,Haas F1 Team,16,MSC,Mick Schumacher,47,#505050,9.0,1248,91.755,91.755,0,0,91.736,0.473,-1.196,-,-,-,-1.196,-,-,-,,S,#CD3C3C,9,1.0,0,0,0.324,0,0,0,0,0.0,18
1,2021,2021221,24,Haas F1 Team,16,MSC,Mick Schumacher,47,#505050,10.0,1249,-,-,0,1,-,-,-,-,-,-,-,-,-,-,,S,#CD3C3C,10,1.0,1,0,0.324,0,0,0,0,0.0,19
1,2021,2021221,24,Haas F1 Team,16,MSC,Mick Schumacher,47,#505050,11.0,1250,-,-,0,1,-,-,-,-,-,-,-,-,-,-,,H,#A5AFB9,1,2.0,0,0,0.228,0,0,0,0,0.0,19
1,2021,2021221,24,Haas F1 Team,16,MSC,Mick Schumacher,47,#505050,12.0,1251,90.122,90.122,0,0,-,-,0.129,-,-,-,0.129,-,-,-,,H,#A5AFB9,2,2.0,0,0,0.228,0,0,0,0,0.0,19
1,2021,2021221,24,Haas F1 Team,16,MSC,Mick Schumacher,47,#505050,13.0,1252,90.231,90.231,0,0,90.176,0.109,0.117,-,-,-,0.117,-,-,-,,H,#A5AFB9,3,2.0,0,0,0.228,0,0,0,0,0.0,19
1,2021,2021221,24,Haas F1 Team,16,MSC,Mick Schumacher,47,#505050,14.0,1253,90.727,90.459,1,0,90.345,0.496,-0.104,-,-,-,0.164,-,-,-,,H,#A5AFB9,4,2.0,0,0,0.228,0,0,0,0,0.0,19
1,2021,2021221,24,Haas F1 Team,16,MSC,Mick Schumacher,47,#505050,15.0,1254,90.687,90.687,0,0,90.573,0.040,-0.335,-,-,-,-0.335,-,-,-,,H,#A5AFB9,5,2.0,0,0,0.228,0,0,0,0,0.0,19
1,2021,2021221,24,Haas F1 Team,16,MSC,Mick Schumacher,47,#505050,16.0,1255,90.458,90.458,0,0,90.572,0.229,-0.293,-,-,-,-0.293,-,-,-,,H,#A5AFB9,6,2.0,0,0,0.228,0,0,0,0,0.0,19
1,2021,2021221,24,Haas F1 Team,16,MSC,Mick Schumacher,47,#505050,17.0,1256,90.581,90.581,0,0,90.52,0.123,-0.509,-,-,-,-0.509,-,-,-,,H,#A5AFB9,7,2.0,0,0,0.228,0,0,0,0,0.0,19
1,2021,2021221,24,Haas F1 Team,16,MSC,Mick Schumacher,47,#505050,18.0,1257,90.736,90.736,0,0,90.658,0.155,-0.653,-,-,-,-0.653,-,-,-,,H,#A5AFB9,8,2.0,0,0,0.228,0,0,0,0,0.0,19
1,2021,2021221,24,Haas F1 Team,16,MSC,Mick Schumacher,47,#505050,19.0,1258,90.983,90.983,0,0,90.86,0.247,-0.926,-,-,-,-0.926,-,-,-,,H,#A5AFB9,9,2.0,0,0,0.228,0,0,0,0,0.0,19
1,2021,2021221,24,Haas F1 Team,16,MSC,Mick Schumacher,47,#505050,20.0,1259,90.586,90.586,0,0,90.785,0.397,-0.37,-,-,-,-0.370,-,-,-,,H,#A5AFB9,10,2.0,0,0,0.228,0,0,0,0,0.0,19
1,2021,2021221,24,Haas F1 Team,16,MSC,Mick Schumacher,47,#505050,21.0,1260,90.95,90.95,0,0,90.768,0.364,-1.036,-,-,-,-1.036,-,-,-,,H,#A5AFB9,11,2.0,0,0,0.228,0,0,0,0,0.0,19
1,2021,2021221,24,Haas F1 Team,16,MSC,Mick Schumacher,47,#505050,22.0,1261,90.884,90.884,0,0,90.917,0.066,-1.205,-,-,-,-1.205,-,-,-,,H,#A5AFB9,12,2.0,0,0,0.228,0,0,0,0,0.0,19
1,2021,2021221,24,Haas F1 Team,16,MSC,Mick Schumacher,47,#505050,23.0,1262,90.946,90.946,0,0,90.915,0.062,-1.423,-,-,-,-1.423,-,-,-,,H,#A5AFB9,13,2.0,0,0,0.228,0,0,0,0,0.0,19
1,2021,2021221,24,Haas F1 Team,16,MSC,Mick Schumacher,47,#505050,24.0,1263,90.52,90.52,0,0,90.733,0.426,-0.85,-,-,-,-0.850,-,-,-,,H,#A5AFB9,14,2.0,0,0,0.228,0,0,0,0,0.0,19
1,2021,2021221,24,Haas F1 Team,16,MSC,Mick Schumacher,47,#505050,25.0,1264,90.266,90.266,0,0,90.393,0.254,-0.688,-,-,-,-0.688,-,-,-,,H,#A5AFB9,15,2.0,0,0,0.228,0,0,0,0,0.0,18
1,2021,2021221,24,Haas F1 Team,16,MSC,Mick Schumacher,47,#505050,26.0,1265,90.969,90.585,1,0,90.426,0.703,-1.552,-,-,-,-1.168,-,-,-,,H,#A5AFB9,16,2.0,0,0,0.228,0,0,0,0,0.0,17
1,2021,2021221,24,Haas F1 Team,16,MSC,Mick Schumacher,47,#505050,27.0,1266,90.904,90.904,0,0,90.744,0.065,-1.402,-,-,-,-1.402,-,-,-,,H,#A5AFB9,17,2.0,0,0,0.228,0,0,0,0,0.0,17
1,2021,2021221,24,Haas F1 Team,16,MSC,Mick Schumacher,47,#505050,28.0,1267,90.726,90.726,0,0,90.815,0.178,-1.506,-,-,-,-1.506,-,-,-,,H,#A5AFB9,18,2.0,0,0,0.228,0,0,0,0,0.0,17
1,2021,2021221,24,Haas F1 Team,16,MSC,Mick Schumacher,47,#505050,29.0,1268,90.524,90.524,0,0,90.625,0.202,-1.473,-,-,-,-1.473,-,-,-,,H,#A5AFB9,19,2.0,0,0,0.228,0,0,0,0,0.0,16
1,2021,2021221,24,Haas F1 Team,16,MSC,Mick Schumacher,47,#505050,30.0,1269,92.165,92.165,0,0,91.345,1.641,-3.02,-,-,-,-3.020,-,-,-,,H,#A5AFB9,20,2.0,0,1,0.228,0,0,0,0,0.0,16
1,2021,2021221,24,Haas F1 Team,16,MSC,Mick Schumacher,47,#505050,31.0,1270,92.29,92.29,0,0,92.228,0.125,-3.137,-,-,-,-3.137,-,-,-,,H,#A5AFB9,21,2.0,0,0,0.228,0,0,0,0,0.0,16
1,2021,2021221,24,Haas F1 Team,16,MSC,Mick Schumacher,47,#505050,32.0,1271,90.218,90.218,0,0,91.254,2.072,-1.25,-,-,-,-1.250,-,-,-,,H,#A5AFB9,22,2.0,0,0,0.228,0,0,0,0,0.0,16
1,2021,2021221,24,Haas F1 Team,16,MSC,Mick Schumacher,47,#505050,33.0,1272,90.038,90.038,0,0,90.128,0.180,-1.055,-,-,-,-1.055,-,-,-,,H,#A5AFB9,23,2.0,0,0,0.228,0,0,0,0,0.0,16
1,2021,2021221,24,Haas F1 Team,16,MSC,Mick Schumacher,47,#505050,34.0,1273,90.006,90.006,0,0,90.022,0.032,-1.247,-,-,-,-1.247,-,-,-,,H,#A5AFB9,24,2.0,0,0,0.228,0,0,0,0,0.0,15
1,2021,2021221,24,Haas F1 Team,16,MSC,Mick Schumacher,47,#505050,35.0,1274,-,-,0,1,-,-,-,-,-,-,-,-,-,-,,H,#A5AFB9,25,2.0,0,0,0.228,0,0,0,1,0.0,15
1,2021,2021221,24,Haas F1 Team,16,MSC,Mick Schumacher,47,#505050,36.0,1275,-,-,0,1,-,-,-,-,-,-,-,-,-,-,,H,#A5AFB9,26,2.0,0,0,0.228,0,0,1,0,0.0,15
1,2021,2021221,24,Haas F1 Team,16,MSC,Mick Schumacher,47,#505050,37.0,1276,92.144,92.144,0,0,-,-,-0.423,-,-,-,-0.423,-,-,-,,H,#A5AFB9,27,2.0,0,0,0.228,0,0,0,0,0.0,15
1,2021,2021221,24,Haas F1 Team,16,MSC,Mick Schumacher,47,#505050,38.0,1277,89.58,89.58,0,0,90.862,2.564,-0.746,-,-,-,-0.746,-,-,-,,H,#A5AFB9,28,2.0,0,0,0.228,0,0,0,0,0.0,15
1,2021,2021221,24,Haas F1 Team,16,MSC,Mick Schumacher,47,#505050,39.0,1278,89.74,89.74,0,0,89.66,0.160,-1.281,-,-,-,-1.281,-,-,-,,H,#A5AFB9,29,2.0,0,0,0.228,0,0,0,0,0.0,15
1,2021,2021221,24,Haas F1 Team,16,MSC,Mick Schumacher,47,#505050,40.0,1279,89.767,89.767,0,0,89.754,0.027,-1.355,-,-,-,-1.355,-,-,-,,H,#A5AFB9,30,2.0,0,0,0.228,0,0,0,0,0.0,15
1,2021,2021221,24,Haas F1 Team,16,MSC,Mick Schumacher,47,#505050,41.0,1280,89.654,89.654,0,0,89.71,0.113,-1.27,-,-,-,-1.270,-,-,-,,H,#A5AFB9,31,2.0,0,0,0.228,0,0,0,0,0.0,15
1,2021,2021221,24,Haas F1 Team,16,MSC,Mick Schumacher,47,#505050,42.0,1281,89.457,89.457,0,0,89.556,0.197,-1.057,-,-,-,-1.057,-,-,-,,H,#A5AFB9,32,2.0,0,0,0.228,0,0,0,0,0.0,15
1,2021,2021221,24,Haas F1 Team,16,MSC,Mick Schumacher,47,#505050,43.0,1282,89.552,89.552,0,0,89.504,0.095,-1.223,-,-,-,-1.223,-,-,-,,H,#A5AFB9,33,2.0,0,0,0.228,0,0,0,0,0.0,15
1,2021,2021221,24,Haas F1 Team,16,MSC,Mick Schumacher,47,#505050,44.0,1283,89.929,89.929,0,0,89.74,0.377,-1.549,-,-,-,-1.549,-,-,-,,H,#A5AFB9,34,2.0,0,0,0.228,0,0,0,0,0.0,15
1,2021,2021221,24,Haas F1 Team,16,MSC,Mick Schumacher,47,#505050,45.0,1284,91.055,90.09,1,0,90.009,1.126,-2.714,-,-,-,-1.749,-,-,-,,H,#A5AFB9,35,2.0,0,0,0.228,0,0,0,0,0.0,15
1,2021,2021221,24,Haas F1 Team,16,MSC,Mick Schumacher,47,#505050,46.0,1285,90.25,90.25,0,0,90.17,0.805,-1.876,-,-,-,-1.876,-,-,-,,H,#A5AFB9,36,2.0,0,0,0.228,0,0,0,0,0.0,15
1,2021,2021221,24,Haas F1 Team,16,MSC,Mick Schumacher,47,#505050,47.0,1286,90.2,90.2,0,0,90.225,0.050,-1.879,-,-,-,-1.879,-,-,-,,H,#A5AFB9,37,2.0,0,0,0.228,0,0,0,0,0.0,15
1,2021,2021221,24,Haas F1 Team,16,MSC,Mick Schumacher,47,#505050,48.0,1287,89.751,89.751,0,0,89.976,0.449,-1.605,-,-,-,-1.605,-,-,-,,H,#A5AFB9,38,2.0,0,0,0.228,0,0,0,0,0.0,15
1,2021,2021221,24,Haas F1 Team,16,MSC,Mick Schumacher,47,#505050,49.0,1288,89.762,89.762,0,0,89.756,0.011,-1.704,-,-,-,-1.704,-,-,-,,H,#A5AFB9,39,2.0,0,0,0.228,0,0,0,0,0.0,15
1,2021,2021221,24,Haas F1 Team,16,MSC,Mick Schumacher,47,#505050,50.0,1289,89.962,89.962,0,0,89.862,0.200,-1.934,-,-,-,-1.934,-,-,-,,H,#A5AFB9,40,2.0,0,0,0.228,0,0,0,0,0.0,15
1,2021,2021221,24,Haas F1 Team,16,MSC,Mick Schumacher,47,#505050,51.0,1290,90.614,90.614,0,0,90.288,0.652,-2.582,-,-,-,-2.582,-,-,-,,H,#A5AFB9,41,2.0,0,0,0.228,0,0,0,0,0.0,15
1,2021,2021221,24,Haas F1 Team,16,MSC,Mick Schumacher,47,#505050,52.0,1291,-,-,0,1,-,-,-,-,-,-,-,-,-,-,,H,#A5AFB9,42,2.0,1,0,0.228,0,1,0,0,0.0,15
1,2021,2021221,24,Haas F1 Team,16,MSC,Mick Schumacher,47,#505050,53.0,1292,-,-,0,1,-,-,-,-,-,-,-,-,-,-,,S,#CD3C3C,4,3.0,0,0,-,0,0,0,0,0.0,15
1,2021,2021221,24,Haas F1 Team,16,MSC,Mick Schumacher,47,#505050,54.0,1293,-,-,0,1,-,-,-,-,-,-,-,-,-,-,,S,#CD3C3C,5,3.0,0,0,-,0,0,0,0,0.0,15
1,2021,2021221,24,Haas F1 Team,16,MSC,Mick Schumacher,47,#505050,55.0,1294,-,-,0,1,-,-,-,-,-,-,-,-,-,-,,S,#CD3C3C,6,3.0,0,0,-,0,0,0,0,0.0,15
1,2021,2021221,24,Haas F1 Team,16,MSC,Mick Schumacher,47,#505050,56.0,1295,-,-,0,1,-,-,-,-,-,-,-,-,-,-,,S,#CD3C3C,7,3.0,0,0,-,1,0,0,0,0.0,14
1,2021,2021221,24,Haas F1 Team,16,MSC,Mick Schumacher,47,#505050,57.0,1296,-,-,0,1,-,-,-,-,-,-,-,-,-,-,,S,#CD3C3C,8,3.0,0,0,-,0,0,0,0,0.0,14
