SprintIndex,SeasonID,RaceID,EventIndex,Team,DriverID,Abbreviation,FullName,Number,Color,LapNumber,LapNumberFlow,Laptime,LaptimeClear,LaptimeMistake,LaptimeNaN,LaptimeClearPace,LaptimeDiff,PaceDiff,PaceDiffDelta,PaceDiffMean,PaceDiffValueBetterID,PaceDiffClear,PaceDiffClearDelta,PaceDiffClearMean,PaceDiffClearValueBetterID,PaceDiffTeammate,Compound,CompoundColor,TyreLife,Stint,StintVerticalLine,StintLabel,StintMeanConsistency,SafetyCarLeave,SafetyCarEnter,VirtualSafetyCarLeave,VirtualSafetyCarEnter,Overtakes,Position
1,2024,2024011,0,Alpine,13,OCO,Esteban Ocon,31,#0093CC,1.0,1,-,-,0,1,-,-,-,-,-,-,-,-,-,-,,S,#CD3C3C,1,1.0,0,0,0.088,0,0,0,0,,16
1,2024,2024011,0,Alpine,13,OCO,Esteban Ocon,31,#0093CC,2.0,2,-,-,0,1,-,-,-,-,-,-,-,-,-,-,,S,#CD3C3C,2,1.0,0,0,0.088,0,0,0,0,0.0,16
1,2024,2024011,0,Alpine,13,OCO,Esteban Ocon,31,#0093CC,3.0,3,98.771,98.771,0,0,-,-,-0.655,-0.027,-0.641,17.0,-0.655,-0.027,-0.641,17.0,-0.628,S,#CD3C3C,3,1.0,0,0,0.088,0,0,0,0,0.0,16
1,2024,2024011,0,Alpine,13,OCO,Esteban Ocon,31,#0093CC,4.0,4,98.625,98.625,0,0,98.698,0.146,-0.591,-0.122,-0.530,17.0,-0.591,-0.122,-0.530,17.0,-0.469,S,#CD3C3C,4,1.0,0,0,0.088,0,0,0,0,0.0,16
1,2024,2024011,0,Alpine,13,OCO,Esteban Ocon,31,#0093CC,5.0,5,98.64,98.64,0,0,98.632,0.015,-0.463,0.024,-0.475,13.0,-0.463,0.024,-0.475,13.0,-0.487,S,#CD3C3C,5,1.0,0,0,0.088,0,0,0,0,0.0,16
1,2024,2024011,0,Alpine,13,OCO,Esteban Ocon,31,#0093CC,6.0,6,98.874,98.874,0,0,98.757,0.234,-0.609,0.225,-0.722,13.0,-0.609,-0.003,-0.607,17.0,-0.834,S,#CD3C3C,6,1.0,0,1,0.088,0,0,0,0,0.0,16
1,2024,2024011,0,Alpine,13,OCO,Esteban Ocon,31,#0093CC,7.0,7,99.152,99.152,0,0,99.013,0.278,-0.77,-0.074,-0.733,17.0,-0.770,-0.074,-0.733,17.0,-0.696,S,#CD3C3C,7,1.0,0,0,0.088,0,0,0,0,0.0,16
1,2024,2024011,0,Alpine,13,OCO,Esteban Ocon,31,#0093CC,8.0,8,99.422,99.422,0,0,99.287,0.270,-0.898,-0.135,-0.831,17.0,-0.898,-0.135,-0.831,17.0,-0.763,S,#CD3C3C,8,1.0,0,0,0.088,0,0,0,0,0.0,16
1,2024,2024011,0,Alpine,13,OCO,Esteban Ocon,31,#0093CC,9.0,9,99.312,99.312,0,0,99.367,0.110,-0.881,0.140,-0.951,13.0,-0.881,0.140,-0.951,13.0,-1.021,S,#CD3C3C,9,1.0,0,0,0.088,0,0,0,0,0.0,15
1,2024,2024011,0,Alpine,13,OCO,Esteban Ocon,31,#0093CC,10.0,10,-,-,0,1,-,-,-,-,-,-,-,-,-,-,-0.68,S,#CD3C3C,10,1.0,1,0,0.088,0,0,0,0,0.0,16
1,2024,2024011,0,Alpine,13,OCO,Esteban Ocon,31,#0093CC,11.0,11,-,-,0,1,-,-,-,-,-,-,-,-,-,-,-0.623,H,#A5AFB9,1,2.0,0,0,0.191,0,0,0,0,0.0,18
1,2024,2024011,0,Alpine,13,OCO,Esteban Ocon,31,#0093CC,12.0,12,97.599,97.599,0,0,-,-,0.391,-,-,-,0.391,-,-,-,,H,#A5AFB9,2,2.0,0,0,0.191,0,0,0,0,0.0,18
1,2024,2024011,0,Alpine,13,OCO,Esteban Ocon,31,#0093CC,13.0,13,97.363,97.363,0,0,97.481,0.236,0.476,-,-,-,0.476,-,-,-,,H,#A5AFB9,3,2.0,0,0,0.191,0,0,0,0,0.0,16
1,2024,2024011,0,Alpine,13,OCO,Esteban Ocon,31,#0093CC,14.0,14,97.537,97.537,0,0,97.45,0.174,0.071,0.152,-0.005,13.0,0.071,0.152,-0.005,13.0,-0.081,H,#A5AFB9,4,2.0,0,0,0.191,0,0,0,0,0.0,15
1,2024,2024011,0,Alpine,13,OCO,Esteban Ocon,31,#0093CC,15.0,15,97.843,97.843,0,0,97.69,0.306,-0.622,-0.351,-0.447,17.0,-0.622,-0.351,-0.447,17.0,-0.271,H,#A5AFB9,5,2.0,0,0,0.191,0,0,0,0,0.0,15
1,2024,2024011,0,Alpine,13,OCO,Esteban Ocon,31,#0093CC,16.0,16,97.902,97.902,0,0,97.872,0.059,-0.652,-0.381,-0.462,17.0,-0.652,-0.381,-0.462,17.0,-0.271,H,#A5AFB9,6,2.0,0,0,0.191,0,0,0,0,0.0,14
1,2024,2024011,0,Alpine,13,OCO,Esteban Ocon,31,#0093CC,17.0,17,98.911,98.011,1,0,97.956,1.009,-1.605,-0.962,-1.124,17.0,-0.705,-0.355,-0.527,17.0,-0.643,H,#A5AFB9,7,2.0,0,0,0.191,0,0,0,0,-1.0,15
1,2024,2024011,0,Alpine,13,OCO,Esteban Ocon,31,#0093CC,18.0,18,98.12,98.12,0,0,98.066,0.791,-0.803,-0.329,-0.639,17.0,-0.803,-0.329,-0.639,17.0,-0.474,H,#A5AFB9,8,2.0,0,0,0.191,0,0,0,0,0.0,15
1,2024,2024011,0,Alpine,13,OCO,Esteban Ocon,31,#0093CC,19.0,19,98.332,98.332,0,0,98.226,0.212,-1.16,-0.630,-0.845,17.0,-1.160,-0.630,-0.845,17.0,-0.53,H,#A5AFB9,9,2.0,0,0,0.191,0,0,0,0,0.0,15
1,2024,2024011,0,Alpine,13,OCO,Esteban Ocon,31,#0093CC,20.0,20,98.185,98.185,0,0,98.258,0.147,-1.026,-0.149,-0.952,17.0,-1.026,-0.149,-0.952,17.0,-0.877,H,#A5AFB9,10,2.0,0,1,0.191,0,0,0,0,0.0,15
1,2024,2024011,0,Alpine,13,OCO,Esteban Ocon,31,#0093CC,21.0,21,99.363,98.42,1,0,98.303,1.178,-2.122,-1.269,-1.487,17.0,-1.179,-0.326,-1.016,17.0,-0.853,H,#A5AFB9,11,2.0,0,0,0.191,0,0,0,0,-1.0,16
1,2024,2024011,0,Alpine,13,OCO,Esteban Ocon,31,#0093CC,22.0,22,98.655,98.655,0,0,98.538,0.708,-1.409,-0.787,-1.016,17.0,-1.409,-0.787,-1.016,17.0,-0.622,H,#A5AFB9,12,2.0,0,0,0.191,0,0,0,0,0.0,16
1,2024,2024011,0,Alpine,13,OCO,Esteban Ocon,31,#0093CC,23.0,23,98.407,98.407,0,0,98.531,0.248,-1.155,-0.303,-1.004,17.0,-1.155,-0.303,-1.004,17.0,-0.852,H,#A5AFB9,13,2.0,0,0,0.191,0,0,0,0,0.0,16
1,2024,2024011,0,Alpine,13,OCO,Esteban Ocon,31,#0093CC,24.0,24,98.42,98.42,0,0,98.414,0.013,-1.104,-0.228,-0.990,17.0,-1.104,-0.228,-0.990,17.0,-0.876,H,#A5AFB9,14,2.0,0,0,0.191,0,0,0,0,0.0,16
1,2024,2024011,0,Alpine,13,OCO,Esteban Ocon,31,#0093CC,25.0,25,98.494,98.494,0,0,98.457,0.074,-1.079,-0.334,-0.912,17.0,-1.079,-0.334,-0.912,17.0,-0.745,H,#A5AFB9,15,2.0,0,0,0.191,0,0,0,0,0.0,16
1,2024,2024011,0,Alpine,13,OCO,Esteban Ocon,31,#0093CC,26.0,26,98.665,98.665,0,0,98.58,0.171,-1.325,-0.286,-1.182,17.0,-1.325,-0.286,-1.182,17.0,-1.039,H,#A5AFB9,16,2.0,0,0,0.191,0,0,0,0,0.0,16
1,2024,2024011,0,Alpine,13,OCO,Esteban Ocon,31,#0093CC,27.0,27,98.549,98.549,0,0,98.607,0.116,-1.186,-0.149,-1.111,17.0,-1.186,-0.149,-1.111,17.0,-1.037,H,#A5AFB9,17,2.0,0,0,0.191,0,0,0,0,0.0,16
1,2024,2024011,0,Alpine,13,OCO,Esteban Ocon,31,#0093CC,28.0,28,98.372,98.372,0,0,98.46,0.177,-1.065,0.243,-1.187,13.0,-1.065,0.243,-1.187,13.0,-1.308,H,#A5AFB9,18,2.0,0,0,0.191,0,0,0,0,0.0,15
1,2024,2024011,0,Alpine,13,OCO,Esteban Ocon,31,#0093CC,29.0,29,98.556,98.556,0,0,98.464,0.184,-1.297,-0.006,-1.294,17.0,-1.297,-0.006,-1.294,17.0,-1.291,H,#A5AFB9,19,2.0,0,0,0.191,0,0,0,0,0.0,14
1,2024,2024011,0,Alpine,13,OCO,Esteban Ocon,31,#0093CC,30.0,30,-,-,0,1,-,-,-,-,-,-,-,-,-,-,-1.911,H,#A5AFB9,20,2.0,1,0,0.191,0,0,0,0,0.0,14
1,2024,2024011,0,Alpine,13,OCO,Esteban Ocon,31,#0093CC,31.0,31,-,-,0,1,-,-,-,-,-,-,-,-,-,-,,H,#A5AFB9,1,3.0,0,0,0.300,0,0,0,0,0.0,18
1,2024,2024011,0,Alpine,13,OCO,Esteban Ocon,31,#0093CC,32.0,32,96.887,96.887,0,0,-,-,-0.022,-,-,-,-0.022,-,-,-,,H,#A5AFB9,2,3.0,0,0,0.300,0,0,0,0,0.0,17
1,2024,2024011,0,Alpine,13,OCO,Esteban Ocon,31,#0093CC,33.0,33,96.704,96.704,0,0,96.796,0.183,0.019,-0.592,0.315,17.0,0.019,-0.592,0.315,17.0,0.611,H,#A5AFB9,3,3.0,0,0,0.300,0,0,0,0,0.0,17
1,2024,2024011,0,Alpine,13,OCO,Esteban Ocon,31,#0093CC,34.0,34,96.226,96.226,0,0,96.465,0.478,0.291,0.396,0.093,13.0,0.291,-0.014,0.298,17.0,-0.105,H,#A5AFB9,4,3.0,0,0,0.300,0,0,0,0,0.0,17
1,2024,2024011,0,Alpine,13,OCO,Esteban Ocon,31,#0093CC,35.0,35,96.354,96.354,0,0,96.29,0.128,-0.082,-0.041,-0.061,17.0,-0.082,-0.041,-0.061,17.0,-0.041,H,#A5AFB9,5,3.0,0,0,0.300,0,0,0,0,0.0,17
1,2024,2024011,0,Alpine,13,OCO,Esteban Ocon,31,#0093CC,36.0,36,97.229,96.467,1,0,96.41,0.875,-1.159,-0.779,-0.770,17.0,-0.397,-0.017,-0.389,17.0,-0.38,H,#A5AFB9,6,3.0,0,0,0.300,0,0,0,0,0.0,17
1,2024,2024011,0,Alpine,13,OCO,Esteban Ocon,31,#0093CC,37.0,37,96.58,96.58,0,0,96.524,0.649,-0.679,0.049,-0.704,13.0,-0.679,0.049,-0.704,13.0,-0.728,H,#A5AFB9,7,3.0,0,0,0.300,0,0,0,0,0.0,17
1,2024,2024011,0,Alpine,13,OCO,Esteban Ocon,31,#0093CC,38.0,38,96.814,96.814,0,0,96.697,0.234,-0.821,-0.012,-0.815,17.0,-0.821,-0.231,-0.706,17.0,-0.809,H,#A5AFB9,8,3.0,0,0,0.300,0,0,0,0,0.0,17
1,2024,2024011,0,Alpine,13,OCO,Esteban Ocon,31,#0093CC,39.0,39,96.552,96.552,0,0,96.683,0.262,-0.773,-0.015,-0.766,17.0,-0.773,-0.015,-0.766,17.0,-0.758,H,#A5AFB9,9,3.0,0,0,0.300,0,0,0,0,0.0,17
1,2024,2024011,0,Alpine,13,OCO,Esteban Ocon,31,#0093CC,40.0,40,96.608,96.608,0,0,96.58,0.056,-0.803,0.134,-0.870,13.0,-0.803,-0.054,-0.776,17.0,-0.937,H,#A5AFB9,10,3.0,0,0,0.300,0,0,0,0,0.0,17
1,2024,2024011,0,Alpine,13,OCO,Esteban Ocon,31,#0093CC,41.0,41,96.621,96.621,0,0,96.614,0.013,-0.964,-0.050,-0.939,17.0,-0.964,-0.050,-0.939,17.0,-0.914,H,#A5AFB9,11,3.0,0,0,0.300,0,0,0,0,0.0,17
1,2024,2024011,0,Alpine,13,OCO,Esteban Ocon,31,#0093CC,42.0,42,96.592,96.592,0,0,96.606,0.029,-1.021,0.039,-1.040,13.0,-1.021,0.039,-1.040,13.0,-1.06,H,#A5AFB9,12,3.0,0,0,0.300,0,0,0,0,0.0,16
1,2024,2024011,0,Alpine,13,OCO,Esteban Ocon,31,#0093CC,43.0,43,96.679,96.679,0,0,96.636,0.087,-1.145,-,-,-,-1.145,-,-,-,,H,#A5AFB9,13,3.0,0,0,0.300,0,0,0,0,0.0,16
1,2024,2024011,0,Alpine,13,OCO,Esteban Ocon,31,#0093CC,44.0,44,96.649,96.649,0,0,96.664,0.030,-1.117,-,-,-,-1.117,-,-,-,,H,#A5AFB9,14,3.0,0,1,0.300,0,0,0,0,0.0,16
1,2024,2024011,0,Alpine,13,OCO,Esteban Ocon,31,#0093CC,45.0,45,98.049,96.812,1,0,96.73,1.400,-2.551,-3.244,-0.929,17.0,-1.314,-2.007,-0.310,17.0,0.693,H,#A5AFB9,15,3.0,0,0,0.300,0,0,0,0,0.0,16
1,2024,2024011,0,Alpine,13,OCO,Esteban Ocon,31,#0093CC,46.0,46,96.975,96.975,0,0,96.893,1.074,-1.376,-1.682,-0.535,17.0,-1.376,-1.682,-0.535,17.0,0.306,H,#A5AFB9,16,3.0,0,0,0.300,0,0,0,0,0.0,16
1,2024,2024011,0,Alpine,13,OCO,Esteban Ocon,31,#0093CC,47.0,47,96.656,96.656,0,0,96.816,0.319,-1.005,-1.315,-0.347,17.0,-1.005,-1.315,-0.347,17.0,0.31,H,#A5AFB9,17,3.0,0,0,0.300,0,0,0,0,0.0,16
1,2024,2024011,0,Alpine,13,OCO,Esteban Ocon,31,#0093CC,48.0,48,97.117,97.117,0,0,96.887,0.461,-1.362,-1.706,-0.509,17.0,-1.362,-1.706,-0.509,17.0,0.344,H,#A5AFB9,18,3.0,0,0,0.300,0,0,0,0,0.0,16
1,2024,2024011,0,Alpine,13,OCO,Esteban Ocon,31,#0093CC,49.0,49,97.726,97.726,0,0,97.422,0.609,-1.773,-2.215,-0.665,17.0,-1.773,-2.215,-0.665,17.0,0.442,H,#A5AFB9,19,3.0,0,0,0.300,0,0,0,0,0.0,16
1,2024,2024011,0,Alpine,13,OCO,Esteban Ocon,31,#0093CC,50.0,50,97.784,97.784,0,0,97.755,0.058,-1.821,-2.556,-0.543,17.0,-1.821,-2.556,-0.543,17.0,0.735,H,#A5AFB9,20,3.0,0,0,0.300,0,0,0,0,-1.0,17
1,2024,2024011,0,Alpine,13,OCO,Esteban Ocon,31,#0093CC,51.0,51,97.091,97.091,0,0,97.438,0.693,-1.04,-1.757,-0.162,17.0,-1.040,-1.757,-0.162,17.0,0.717,H,#A5AFB9,21,3.0,0,0,0.300,0,0,0,0,0.0,17
1,2024,2024011,0,Alpine,13,OCO,Esteban Ocon,31,#0093CC,52.0,52,98.631,97.118,1,0,97.104,1.540,-2.578,-3.120,-1.018,17.0,-1.065,-1.607,-0.261,17.0,0.542,H,#A5AFB9,22,3.0,0,0,0.300,0,0,0,0,0.0,17
1,2024,2024011,0,Alpine,13,OCO,Esteban Ocon,31,#0093CC,53.0,53,97.145,97.145,0,0,97.131,1.486,-1.062,-1.756,-0.184,17.0,-1.062,-1.756,-0.184,17.0,0.694,H,#A5AFB9,23,3.0,0,0,0.300,0,0,0,0,0.0,17
1,2024,2024011,0,Alpine,13,OCO,Esteban Ocon,31,#0093CC,54.0,54,98.707,97.269,1,0,97.207,1.562,-2.578,-2.854,-1.151,17.0,-1.140,-1.416,-0.432,17.0,0.276,H,#A5AFB9,24,3.0,0,0,0.300,0,0,0,0,0.0,17
1,2024,2024011,0,Alpine,13,OCO,Esteban Ocon,31,#0093CC,55.0,55,97.393,97.393,0,0,97.331,1.314,-1.094,-1.485,-0.351,17.0,-1.094,-1.485,-0.351,17.0,0.391,H,#A5AFB9,25,3.0,0,0,0.300,0,0,0,0,0.0,17
1,2024,2024011,0,Alpine,13,OCO,Esteban Ocon,31,#0093CC,56.0,56,97.415,97.415,0,0,97.404,0.022,-1.035,-1.329,-0.370,17.0,-1.035,-1.329,-0.370,17.0,0.294,H,#A5AFB9,26,3.0,0,0,0.300,0,0,0,0,0.0,17
1,2024,2024011,0,Alpine,17,GAS,Pierre Gasly,10,#0093CC,1.0,1,-,-,0,1,-,-,-,-,-,-,-,-,-,-,,S,#CD3C3C,1,1.0,0,0,0.153,0,0,0,0,,17
1,2024,2024011,0,Alpine,17,GAS,Pierre Gasly,10,#0093CC,2.0,2,-,-,0,1,-,-,-,-,-,-,-,-,-,-,,S,#CD3C3C,2,1.0,0,0,0.153,0,0,0,0,0.0,17
1,2024,2024011,0,Alpine,17,GAS,Pierre Gasly,10,#0093CC,3.0,3,98.744,98.744,0,0,-,-,-0.628,-0.027,-0.641,17.0,-0.628,-0.027,-0.641,17.0,-0.655,S,#CD3C3C,3,1.0,0,0,0.153,0,0,0,0,0.0,17
1,2024,2024011,0,Alpine,17,GAS,Pierre Gasly,10,#0093CC,4.0,4,98.503,98.503,0,0,98.624,0.241,-0.469,-0.122,-0.530,17.0,-0.469,-0.122,-0.530,17.0,-0.591,S,#CD3C3C,4,1.0,0,0,0.153,0,0,0,0,0.0,17
1,2024,2024011,0,Alpine,17,GAS,Pierre Gasly,10,#0093CC,5.0,5,98.664,98.664,0,0,98.584,0.161,-0.487,0.024,-0.475,13.0,-0.487,0.024,-0.475,13.0,-0.463,S,#CD3C3C,5,1.0,0,0,0.153,0,0,0,0,0.0,17
1,2024,2024011,0,Alpine,17,GAS,Pierre Gasly,10,#0093CC,6.0,6,99.099,98.871,1,0,98.768,0.435,-0.834,0.225,-0.722,13.0,-0.606,-0.003,-0.607,17.0,-0.609,S,#CD3C3C,6,1.0,0,0,0.153,0,0,0,0,0.0,17
1,2024,2024011,0,Alpine,17,GAS,Pierre Gasly,10,#0093CC,7.0,7,99.078,99.078,0,0,98.974,0.021,-0.696,-0.074,-0.733,17.0,-0.696,-0.074,-0.733,17.0,-0.77,S,#CD3C3C,7,1.0,0,1,0.153,0,0,0,0,0.0,17
1,2024,2024011,0,Alpine,17,GAS,Pierre Gasly,10,#0093CC,8.0,8,99.287,99.287,0,0,99.182,0.209,-0.763,-0.135,-0.831,17.0,-0.763,-0.135,-0.831,17.0,-0.898,S,#CD3C3C,8,1.0,0,0,0.153,0,0,0,0,0.0,17
1,2024,2024011,0,Alpine,17,GAS,Pierre Gasly,10,#0093CC,9.0,9,99.452,99.452,0,0,99.37,0.165,-1.021,0.140,-0.951,13.0,-1.021,0.140,-0.951,13.0,-0.881,S,#CD3C3C,9,1.0,0,0,0.153,0,0,0,0,0.0,17
1,2024,2024011,0,Alpine,17,GAS,Pierre Gasly,10,#0093CC,10.0,10,98.929,98.929,0,0,99.19,0.523,-0.68,-,-,-,-0.680,-,-,-,,S,#CD3C3C,10,1.0,0,0,0.153,0,0,0,0,0.0,14
1,2024,2024011,0,Alpine,17,GAS,Pierre Gasly,10,#0093CC,11.0,11,98.656,98.656,0,0,98.792,0.273,-0.623,-,-,-,-0.623,-,-,-,,S,#CD3C3C,11,1.0,0,0,0.153,0,0,0,0,0.0,14
1,2024,2024011,0,Alpine,17,GAS,Pierre Gasly,10,#0093CC,12.0,12,-,-,0,1,-,-,-,-,-,-,-,-,-,-,0.391,S,#CD3C3C,12,1.0,1,0,0.153,0,0,0,0,0.0,12
1,2024,2024011,0,Alpine,17,GAS,Pierre Gasly,10,#0093CC,13.0,13,-,-,0,1,-,-,-,-,-,-,-,-,-,-,0.476,H,#A5AFB9,1,2.0,0,0,0.092,0,0,0,0,0.0,18
1,2024,2024011,0,Alpine,17,GAS,Pierre Gasly,10,#0093CC,14.0,14,97.689,97.689,0,0,-,-,-0.081,0.152,-0.005,13.0,-0.081,0.152,-0.005,13.0,0.071,H,#A5AFB9,2,2.0,0,0,0.092,0,0,0,0,-1.0,19
1,2024,2024011,0,Alpine,17,GAS,Pierre Gasly,10,#0093CC,15.0,15,97.492,97.492,0,0,97.59,0.197,-0.271,-0.351,-0.447,17.0,-0.271,-0.351,-0.447,17.0,-0.622,H,#A5AFB9,3,2.0,0,0,0.092,0,0,0,0,0.0,19
1,2024,2024011,0,Alpine,17,GAS,Pierre Gasly,10,#0093CC,16.0,16,97.521,97.521,0,0,97.506,0.029,-0.271,-0.381,-0.462,17.0,-0.271,-0.381,-0.462,17.0,-0.652,H,#A5AFB9,4,2.0,0,0,0.092,0,0,0,0,0.0,19
1,2024,2024011,0,Alpine,17,GAS,Pierre Gasly,10,#0093CC,17.0,17,97.949,97.656,1,0,97.589,0.428,-0.643,-0.962,-1.124,17.0,-0.350,-0.355,-0.527,17.0,-1.605,H,#A5AFB9,5,2.0,0,0,0.092,0,0,0,0,0.0,19
1,2024,2024011,0,Alpine,17,GAS,Pierre Gasly,10,#0093CC,18.0,18,97.791,97.791,0,0,97.724,0.158,-0.474,-0.329,-0.639,17.0,-0.474,-0.329,-0.639,17.0,-0.803,H,#A5AFB9,6,2.0,0,0,0.092,0,0,0,0,0.0,19
1,2024,2024011,0,Alpine,17,GAS,Pierre Gasly,10,#0093CC,19.0,19,97.702,97.702,0,0,97.746,0.089,-0.53,-0.630,-0.845,17.0,-0.530,-0.630,-0.845,17.0,-1.16,H,#A5AFB9,7,2.0,0,0,0.092,0,0,0,0,0.0,19
1,2024,2024011,0,Alpine,17,GAS,Pierre Gasly,10,#0093CC,20.0,20,98.036,98.036,0,0,97.869,0.334,-0.877,-0.149,-0.952,17.0,-0.877,-0.149,-0.952,17.0,-1.026,H,#A5AFB9,8,2.0,0,0,0.092,0,0,0,0,0.0,18
1,2024,2024011,0,Alpine,17,GAS,Pierre Gasly,10,#0093CC,21.0,21,98.094,98.094,0,0,98.065,0.058,-0.853,-1.269,-1.487,17.0,-0.853,-0.326,-1.016,17.0,-2.122,H,#A5AFB9,9,2.0,0,0,0.092,0,0,0,0,0.0,18
1,2024,2024011,0,Alpine,17,GAS,Pierre Gasly,10,#0093CC,22.0,22,97.868,97.868,0,0,97.981,0.226,-0.622,-0.787,-1.016,17.0,-0.622,-0.787,-1.016,17.0,-1.409,H,#A5AFB9,10,2.0,0,1,0.092,0,0,0,0,0.0,18
1,2024,2024011,0,Alpine,17,GAS,Pierre Gasly,10,#0093CC,23.0,23,98.104,98.104,0,0,97.986,0.236,-0.852,-0.303,-1.004,17.0,-0.852,-0.303,-1.004,17.0,-1.155,H,#A5AFB9,11,2.0,0,0,0.092,0,0,0,0,0.0,18
1,2024,2024011,0,Alpine,17,GAS,Pierre Gasly,10,#0093CC,24.0,24,98.192,98.192,0,0,98.148,0.088,-0.876,-0.228,-0.990,17.0,-0.876,-0.228,-0.990,17.0,-1.104,H,#A5AFB9,12,2.0,0,0,0.092,0,0,0,0,0.0,18
1,2024,2024011,0,Alpine,17,GAS,Pierre Gasly,10,#0093CC,25.0,25,98.16,98.16,0,0,98.176,0.032,-0.745,-0.334,-0.912,17.0,-0.745,-0.334,-0.912,17.0,-1.079,H,#A5AFB9,13,2.0,0,0,0.092,0,0,0,0,0.0,18
1,2024,2024011,0,Alpine,17,GAS,Pierre Gasly,10,#0093CC,26.0,26,98.379,98.379,0,0,98.27,0.219,-1.039,-0.286,-1.182,17.0,-1.039,-0.286,-1.182,17.0,-1.325,H,#A5AFB9,14,2.0,0,0,0.092,0,0,0,0,0.0,18
1,2024,2024011,0,Alpine,17,GAS,Pierre Gasly,10,#0093CC,27.0,27,98.4,98.4,0,0,98.39,0.021,-1.037,-0.149,-1.111,17.0,-1.037,-0.149,-1.111,17.0,-1.186,H,#A5AFB9,15,2.0,0,0,0.092,0,0,0,0,0.0,18
1,2024,2024011,0,Alpine,17,GAS,Pierre Gasly,10,#0093CC,28.0,28,98.615,98.615,0,0,98.508,0.215,-1.308,0.243,-1.187,13.0,-1.308,0.243,-1.187,13.0,-1.065,H,#A5AFB9,16,2.0,0,0,0.092,0,0,0,0,0.0,17
1,2024,2024011,0,Alpine,17,GAS,Pierre Gasly,10,#0093CC,29.0,29,98.55,98.55,0,0,98.582,0.065,-1.291,-0.006,-1.294,17.0,-1.291,-0.006,-1.294,17.0,-1.297,H,#A5AFB9,17,2.0,0,0,0.092,0,0,0,0,0.0,16
1,2024,2024011,0,Alpine,17,GAS,Pierre Gasly,10,#0093CC,30.0,30,98.832,98.832,0,0,98.691,0.282,-1.911,-,-,-,-1.911,-,-,-,,H,#A5AFB9,18,2.0,0,0,0.092,0,0,0,0,0.0,15
1,2024,2024011,0,Alpine,17,GAS,Pierre Gasly,10,#0093CC,31.0,31,-,-,0,1,-,-,-,-,-,-,-,-,-,-,,H,#A5AFB9,19,2.0,1,0,0.092,0,0,0,0,0.0,16
1,2024,2024011,0,Alpine,17,GAS,Pierre Gasly,10,#0093CC,32.0,32,-,-,0,1,-,-,-,-,-,-,-,-,-,-,-0.022,H,#A5AFB9,1,3.0,0,0,0.125,0,0,0,0,0.0,18
1,2024,2024011,0,Alpine,17,GAS,Pierre Gasly,10,#0093CC,33.0,33,96.112,96.112,0,0,-,-,0.611,-0.592,0.315,17.0,0.611,-0.592,0.315,17.0,0.019,H,#A5AFB9,2,3.0,0,0,0.125,0,0,0,0,0.0,18
1,2024,2024011,0,Alpine,17,GAS,Pierre Gasly,10,#0093CC,34.0,34,96.622,96.212,1,0,96.162,0.510,-0.105,0.396,0.093,13.0,0.305,-0.014,0.298,17.0,0.291,H,#A5AFB9,3,3.0,0,0,0.125,0,0,0,0,0.0,18
1,2024,2024011,0,Alpine,17,GAS,Pierre Gasly,10,#0093CC,35.0,35,96.313,96.313,0,0,96.263,0.309,-0.041,-0.041,-0.061,17.0,-0.041,-0.041,-0.061,17.0,-0.082,H,#A5AFB9,4,3.0,0,0,0.125,0,0,0,0,0.0,18
1,2024,2024011,0,Alpine,17,GAS,Pierre Gasly,10,#0093CC,36.0,36,96.45,96.45,0,0,96.382,0.137,-0.38,-0.779,-0.770,17.0,-0.380,-0.017,-0.389,17.0,-1.159,H,#A5AFB9,5,3.0,0,0,0.125,0,0,0,0,0.0,18
1,2024,2024011,0,Alpine,17,GAS,Pierre Gasly,10,#0093CC,37.0,37,96.629,96.629,0,0,96.54,0.179,-0.728,0.049,-0.704,13.0,-0.728,0.049,-0.704,13.0,-0.679,H,#A5AFB9,6,3.0,0,1,0.125,0,0,0,0,0.0,18
1,2024,2024011,0,Alpine,17,GAS,Pierre Gasly,10,#0093CC,38.0,38,96.802,96.583,1,0,96.606,0.173,-0.809,-0.012,-0.815,17.0,-0.590,-0.231,-0.706,17.0,-0.821,H,#A5AFB9,7,3.0,0,0,0.125,0,0,0,0,0.0,18
1,2024,2024011,0,Alpine,17,GAS,Pierre Gasly,10,#0093CC,39.0,39,96.537,96.537,0,0,96.56,0.265,-0.758,-0.015,-0.766,17.0,-0.758,-0.015,-0.766,17.0,-0.773,H,#A5AFB9,8,3.0,0,0,0.125,0,0,0,0,0.0,18
1,2024,2024011,0,Alpine,17,GAS,Pierre Gasly,10,#0093CC,40.0,40,96.742,96.554,1,0,96.546,0.205,-0.937,0.134,-0.870,13.0,-0.749,-0.054,-0.776,17.0,-0.803,H,#A5AFB9,9,3.0,0,0,0.125,0,0,0,0,0.0,18
1,2024,2024011,0,Alpine,17,GAS,Pierre Gasly,10,#0093CC,41.0,41,96.571,96.571,0,0,96.562,0.171,-0.914,-0.050,-0.939,17.0,-0.914,-0.050,-0.939,17.0,-0.964,H,#A5AFB9,10,3.0,0,0,0.125,0,0,0,0,0.0,18
1,2024,2024011,0,Alpine,17,GAS,Pierre Gasly,10,#0093CC,42.0,42,96.631,96.631,0,0,96.601,0.060,-1.06,0.039,-1.040,13.0,-1.060,0.039,-1.040,13.0,-1.021,H,#A5AFB9,11,3.0,0,0,0.125,0,0,0,0,0.0,17
1,2024,2024011,0,Alpine,17,GAS,Pierre Gasly,10,#0093CC,43.0,43,-,-,0,1,-,-,-,-,-,-,-,-,-,-,-1.145,H,#A5AFB9,12,3.0,1,0,0.125,0,0,0,0,0.0,17
1,2024,2024011,0,Alpine,17,GAS,Pierre Gasly,10,#0093CC,44.0,44,-,-,0,1,-,-,-,-,-,-,-,-,-,-,-1.117,S,#CD3C3C,1,4.0,0,0,0.095,0,0,0,0,0.0,18
1,2024,2024011,0,Alpine,17,GAS,Pierre Gasly,10,#0093CC,45.0,45,94.805,94.805,0,0,-,-,0.693,-3.244,-0.929,17.0,0.693,-2.007,-0.310,17.0,-2.551,S,#CD3C3C,2,4.0,0,0,0.095,0,0,0,0,0.0,18
1,2024,2024011,0,Alpine,17,GAS,Pierre Gasly,10,#0093CC,46.0,46,95.293,95.293,0,0,95.049,0.488,0.306,-1.682,-0.535,17.0,0.306,-1.682,-0.535,17.0,-1.376,S,#CD3C3C,3,4.0,0,0,0.095,0,0,0,0,0.0,18
1,2024,2024011,0,Alpine,17,GAS,Pierre Gasly,10,#0093CC,47.0,47,95.341,95.341,0,0,95.317,0.048,0.31,-1.315,-0.347,17.0,0.310,-1.315,-0.347,17.0,-1.005,S,#CD3C3C,4,4.0,0,0,0.095,0,0,0,0,0.0,18
1,2024,2024011,0,Alpine,17,GAS,Pierre Gasly,10,#0093CC,48.0,48,95.411,95.411,0,0,95.376,0.070,0.344,-1.706,-0.509,17.0,0.344,-1.706,-0.509,17.0,-1.362,S,#CD3C3C,5,4.0,0,0,0.095,0,0,0,0,0.0,18
1,2024,2024011,0,Alpine,17,GAS,Pierre Gasly,10,#0093CC,49.0,49,95.511,95.511,0,0,95.461,0.100,0.442,-2.215,-0.665,17.0,0.442,-2.215,-0.665,17.0,-1.773,S,#CD3C3C,6,4.0,0,0,0.095,0,0,0,0,0.0,18
1,2024,2024011,0,Alpine,17,GAS,Pierre Gasly,10,#0093CC,50.0,50,95.228,95.228,0,0,95.369,0.283,0.735,-2.556,-0.543,17.0,0.735,-2.556,-0.543,17.0,-1.821,S,#CD3C3C,7,4.0,0,1,0.095,0,0,0,0,0.0,18
1,2024,2024011,0,Alpine,17,GAS,Pierre Gasly,10,#0093CC,51.0,51,95.334,95.334,0,0,95.281,0.106,0.717,-1.757,-0.162,17.0,0.717,-1.757,-0.162,17.0,-1.04,S,#CD3C3C,8,4.0,0,0,0.095,0,0,0,0,0.0,18
1,2024,2024011,0,Alpine,17,GAS,Pierre Gasly,10,#0093CC,52.0,52,95.511,95.511,0,0,95.422,0.177,0.542,-3.120,-1.018,17.0,0.542,-1.607,-0.261,17.0,-2.578,S,#CD3C3C,9,4.0,0,0,0.095,0,0,0,0,0.0,18
1,2024,2024011,0,Alpine,17,GAS,Pierre Gasly,10,#0093CC,53.0,53,95.389,95.389,0,0,95.45,0.122,0.694,-1.756,-0.184,17.0,0.694,-1.756,-0.184,17.0,-1.062,S,#CD3C3C,10,4.0,0,0,0.095,0,0,0,0,0.0,18
1,2024,2024011,0,Alpine,17,GAS,Pierre Gasly,10,#0093CC,54.0,54,95.853,95.853,0,0,95.621,0.464,0.276,-2.854,-1.151,17.0,0.276,-1.416,-0.432,17.0,-2.578,S,#CD3C3C,11,4.0,0,0,0.095,0,0,0,0,0.0,18
1,2024,2024011,0,Alpine,17,GAS,Pierre Gasly,10,#0093CC,55.0,55,95.908,95.908,0,0,95.88,0.055,0.391,-1.485,-0.351,17.0,0.391,-1.485,-0.351,17.0,-1.094,S,#CD3C3C,12,4.0,0,0,0.095,0,0,0,0,0.0,18
1,2024,2024011,0,Alpine,17,GAS,Pierre Gasly,10,#0093CC,56.0,56,96.086,96.086,0,0,95.997,0.178,0.294,-1.329,-0.370,17.0,0.294,-1.329,-0.370,17.0,-1.035,S,#CD3C3C,13,4.0,0,0,0.095,0,0,0,0,0.0,18
1,2024,2024021,1,Alpine,13,OCO,Esteban Ocon,31,#0093CC,1.0,58,-,-,0,1,-,-,-,-,-,-,-,-,-,-,,M,#F0E628,1,1.0,0,0,0.285,0,0,0,0,,16
1,2024,2024021,1,Alpine,13,OCO,Esteban Ocon,31,#0093CC,2.0,59,-,-,0,1,-,-,-,-,-,-,-,-,-,-,,M,#F0E628,2,1.0,0,0,0.285,0,0,0,0,0.0,16
1,2024,2024021,1,Alpine,13,OCO,Esteban Ocon,31,#0093CC,3.0,60,96.92,96.92,0,0,-,-,-1.292,-,-,-,-1.292,-,-,-,,M,#F0E628,3,1.0,0,0,0.285,0,0,0,0,0.0,16
1,2024,2024021,1,Alpine,13,OCO,Esteban Ocon,31,#0093CC,4.0,61,96.261,96.261,0,0,96.59,0.659,-0.842,-,-,-,-0.842,-,-,-,,M,#F0E628,4,1.0,0,1,0.285,0,0,0,0,0.0,16
1,2024,2024021,1,Alpine,13,OCO,Esteban Ocon,31,#0093CC,5.0,62,96.003,96.003,0,0,96.132,0.258,-0.717,-,-,-,-0.717,-,-,-,,M,#F0E628,5,1.0,0,0,0.285,0,0,0,0,0.0,16
1,2024,2024021,1,Alpine,13,OCO,Esteban Ocon,31,#0093CC,6.0,63,96.798,96.798,0,0,96.4,0.795,-1.312,-,-,-,-1.312,-,-,-,,M,#F0E628,6,1.0,0,0,0.285,0,0,0,0,0.0,15
1,2024,2024021,1,Alpine,13,OCO,Esteban Ocon,31,#0093CC,7.0,64,-,-,0,1,-,-,-,-,-,-,-,-,-,-,,M,#F0E628,7,1.0,1,0,0.285,0,1,0,0,0.0,15
1,2024,2024021,1,Alpine,13,OCO,Esteban Ocon,31,#0093CC,8.0,65,-,-,0,1,-,-,-,-,-,-,-,-,-,-,,H,#A5AFB9,1,2.0,0,0,0.257,0,0,0,0,0.0,15
1,2024,2024021,1,Alpine,13,OCO,Esteban Ocon,31,#0093CC,9.0,66,-,-,0,1,-,-,-,-,-,-,-,-,-,-,,H,#A5AFB9,2,2.0,0,0,0.257,1,0,0,0,0.0,15
1,2024,2024021,1,Alpine,13,OCO,Esteban Ocon,31,#0093CC,10.0,67,-,-,0,1,-,-,-,-,-,-,-,-,-,-,,H,#A5AFB9,3,2.0,0,0,0.257,0,0,0,0,0.0,14
1,2024,2024021,1,Alpine,13,OCO,Esteban Ocon,31,#0093CC,11.0,68,95.969,95.969,0,0,-,-,-0.754,-,-,-,-0.754,-,-,-,,H,#A5AFB9,4,2.0,0,0,0.257,0,0,0,0,0.0,14
1,2024,2024021,1,Alpine,13,OCO,Esteban Ocon,31,#0093CC,12.0,69,95.4,95.4,0,0,95.684,0.569,-0.668,-,-,-,-0.668,-,-,-,,H,#A5AFB9,5,2.0,0,0,0.257,0,0,0,0,0.0,14
1,2024,2024021,1,Alpine,13,OCO,Esteban Ocon,31,#0093CC,13.0,70,95.107,95.107,0,0,95.254,0.293,-0.292,-,-,-,-0.292,-,-,-,,H,#A5AFB9,6,2.0,0,0,0.257,0,0,0,0,0.0,14
1,2024,2024021,1,Alpine,13,OCO,Esteban Ocon,31,#0093CC,14.0,71,95.432,95.432,0,0,95.27,0.325,-0.594,-,-,-,-0.594,-,-,-,,H,#A5AFB9,7,2.0,0,0,0.257,0,0,0,0,0.0,14
1,2024,2024021,1,Alpine,13,OCO,Esteban Ocon,31,#0093CC,15.0,72,95.717,95.717,0,0,95.574,0.285,-0.767,-,-,-,-0.767,-,-,-,,H,#A5AFB9,8,2.0,0,0,0.257,0,0,0,0,0.0,14
1,2024,2024021,1,Alpine,13,OCO,Esteban Ocon,31,#0093CC,16.0,73,96.245,96.245,0,0,95.981,0.528,-1.118,-,-,-,-1.118,-,-,-,,H,#A5AFB9,9,2.0,0,0,0.257,0,0,0,0,0.0,14
1,2024,2024021,1,Alpine,13,OCO,Esteban Ocon,31,#0093CC,17.0,74,97.264,95.84,1,0,96.043,1.019,-2.165,-,-,-,-0.742,-,-,-,,H,#A5AFB9,10,2.0,0,0,0.257,0,0,0,0,0.0,14
1,2024,2024021,1,Alpine,13,OCO,Esteban Ocon,31,#0093CC,18.0,75,95.436,95.436,0,0,95.638,1.828,-0.531,-,-,-,-0.531,-,-,-,,H,#A5AFB9,11,2.0,0,0,0.257,0,0,0,0,0.0,14
1,2024,2024021,1,Alpine,13,OCO,Esteban Ocon,31,#0093CC,19.0,76,95.152,95.152,0,0,95.294,0.284,-0.399,-,-,-,-0.399,-,-,-,,H,#A5AFB9,12,2.0,0,0,0.257,0,0,0,0,0.0,14
1,2024,2024021,1,Alpine,13,OCO,Esteban Ocon,31,#0093CC,20.0,77,95.02,95.02,0,0,95.086,0.132,-0.313,-,-,-,-0.313,-,-,-,,H,#A5AFB9,13,2.0,0,0,0.257,0,0,0,0,0.0,14
1,2024,2024021,1,Alpine,13,OCO,Esteban Ocon,31,#0093CC,21.0,78,94.925,94.925,0,0,94.972,0.095,-0.38,-,-,-,-0.380,-,-,-,,H,#A5AFB9,14,2.0,0,0,0.257,0,0,0,0,0.0,14
1,2024,2024021,1,Alpine,13,OCO,Esteban Ocon,31,#0093CC,22.0,79,95.218,95.218,0,0,95.072,0.293,-0.495,-,-,-,-0.495,-,-,-,,H,#A5AFB9,15,2.0,0,0,0.257,0,0,0,0,0.0,14
1,2024,2024021,1,Alpine,13,OCO,Esteban Ocon,31,#0093CC,23.0,80,96.216,95.671,1,0,95.444,0.998,-1.584,-,-,-,-1.038,-,-,-,,H,#A5AFB9,16,2.0,0,0,0.257,0,0,0,0,0.0,14
1,2024,2024021,1,Alpine,13,OCO,Esteban Ocon,31,#0093CC,24.0,81,96.124,96.124,0,0,95.898,0.092,-1.537,-,-,-,-1.537,-,-,-,,H,#A5AFB9,17,2.0,0,0,0.257,0,0,0,0,0.0,14
1,2024,2024021,1,Alpine,13,OCO,Esteban Ocon,31,#0093CC,25.0,82,96.373,96.373,0,0,96.248,0.249,-1.782,-,-,-,-1.782,-,-,-,,H,#A5AFB9,18,2.0,0,0,0.257,0,0,0,0,0.0,14
1,2024,2024021,1,Alpine,13,OCO,Esteban Ocon,31,#0093CC,26.0,83,96.331,96.331,0,0,96.352,0.042,-1.757,-,-,-,-1.757,-,-,-,,H,#A5AFB9,19,2.0,0,0,0.257,0,0,0,0,0.0,14
1,2024,2024021,1,Alpine,13,OCO,Esteban Ocon,31,#0093CC,27.0,84,96.399,96.399,0,0,96.365,0.068,-1.874,-,-,-,-1.874,-,-,-,,H,#A5AFB9,20,2.0,0,0,0.257,0,0,0,0,0.0,14
1,2024,2024021,1,Alpine,13,OCO,Esteban Ocon,31,#0093CC,28.0,85,95.884,95.884,0,0,96.142,0.515,-1.439,-,-,-,-1.439,-,-,-,,H,#A5AFB9,21,2.0,0,0,0.257,0,0,0,0,0.0,14
1,2024,2024021,1,Alpine,13,OCO,Esteban Ocon,31,#0093CC,29.0,86,95.305,95.305,0,0,95.595,0.579,-0.944,-,-,-,-0.944,-,-,-,,H,#A5AFB9,22,2.0,0,0,0.257,0,0,0,0,1.0,13
1,2024,2024021,1,Alpine,13,OCO,Esteban Ocon,31,#0093CC,30.0,87,96.117,95.608,1,0,95.457,0.812,-1.747,-,-,-,-1.239,-,-,-,,H,#A5AFB9,23,2.0,0,1,0.257,0,0,0,0,0.0,13
1,2024,2024021,1,Alpine,13,OCO,Esteban Ocon,31,#0093CC,31.0,88,95.912,95.912,0,0,95.76,0.205,-1.573,-,-,-,-1.573,-,-,-,,H,#A5AFB9,24,2.0,0,0,0.257,0,0,0,0,0.0,13
1,2024,2024021,1,Alpine,13,OCO,Esteban Ocon,31,#0093CC,32.0,89,95.709,95.709,0,0,95.81,0.203,-1.477,-,-,-,-1.477,-,-,-,,H,#A5AFB9,25,2.0,0,0,0.257,0,0,0,0,0.0,13
1,2024,2024021,1,Alpine,13,OCO,Esteban Ocon,31,#0093CC,33.0,90,95.753,95.753,0,0,95.731,0.044,-1.493,-,-,-,-1.493,-,-,-,,H,#A5AFB9,26,2.0,0,0,0.257,0,0,0,0,0.0,13
1,2024,2024021,1,Alpine,13,OCO,Esteban Ocon,31,#0093CC,34.0,91,94.087,94.087,0,0,94.92,1.666,-0.176,-,-,-,-0.176,-,-,-,,H,#A5AFB9,27,2.0,0,0,0.257,0,0,0,0,0.0,13
1,2024,2024021,1,Alpine,13,OCO,Esteban Ocon,31,#0093CC,35.0,92,94.061,94.061,0,0,94.074,0.026,-0.405,-,-,-,-0.405,-,-,-,,H,#A5AFB9,28,2.0,0,0,0.257,0,0,0,0,0.0,13
1,2024,2024021,1,Alpine,13,OCO,Esteban Ocon,31,#0093CC,36.0,93,93.799,93.799,0,0,93.93,0.262,-0.288,-,-,-,-0.288,-,-,-,,H,#A5AFB9,29,2.0,0,0,0.257,0,0,0,0,0.0,13
1,2024,2024021,1,Alpine,13,OCO,Esteban Ocon,31,#0093CC,37.0,94,93.81,93.81,0,0,93.804,0.011,-0.443,-,-,-,-0.443,-,-,-,,H,#A5AFB9,30,2.0,0,0,0.257,0,0,0,0,0.0,13
1,2024,2024021,1,Alpine,13,OCO,Esteban Ocon,31,#0093CC,38.0,95,93.845,93.845,0,0,93.828,0.035,-0.714,-,-,-,-0.714,-,-,-,,H,#A5AFB9,31,2.0,0,0,0.257,0,0,0,0,0.0,13
1,2024,2024021,1,Alpine,13,OCO,Esteban Ocon,31,#0093CC,39.0,96,94.047,94.047,0,0,93.946,0.202,-1.003,-,-,-,-1.003,-,-,-,,H,#A5AFB9,32,2.0,0,0,0.257,0,0,0,0,0.0,13
1,2024,2024021,1,Alpine,13,OCO,Esteban Ocon,31,#0093CC,40.0,97,93.716,93.716,0,0,93.881,0.331,-0.831,-,-,-,-0.831,-,-,-,,H,#A5AFB9,33,2.0,0,0,0.257,0,0,0,0,0.0,13
1,2024,2024021,1,Alpine,13,OCO,Esteban Ocon,31,#0093CC,41.0,98,93.711,93.711,0,0,93.714,0.005,-0.748,-,-,-,-0.748,-,-,-,,H,#A5AFB9,34,2.0,0,0,0.257,0,0,0,0,0.0,13
1,2024,2024021,1,Alpine,13,OCO,Esteban Ocon,31,#0093CC,42.0,99,93.633,93.633,0,0,93.672,0.078,-0.792,-,-,-,-0.792,-,-,-,,H,#A5AFB9,35,2.0,0,0,0.257,0,0,0,0,0.0,12
1,2024,2024021,1,Alpine,13,OCO,Esteban Ocon,31,#0093CC,43.0,100,94.59,93.752,1,0,93.692,0.957,-1.682,-,-,-,-0.844,-,-,-,,H,#A5AFB9,36,2.0,0,0,0.257,0,0,0,0,-1.0,13
1,2024,2024021,1,Alpine,13,OCO,Esteban Ocon,31,#0093CC,44.0,101,93.871,93.871,0,0,93.812,0.719,-1.062,-,-,-,-1.062,-,-,-,,H,#A5AFB9,37,2.0,0,0,0.257,0,0,0,0,0.0,13
1,2024,2024021,1,Alpine,13,OCO,Esteban Ocon,31,#0093CC,45.0,102,93.643,93.643,0,0,93.757,0.228,-0.844,-,-,-,-0.844,-,-,-,,H,#A5AFB9,38,2.0,0,0,0.257,0,0,0,0,0.0,13
1,2024,2024021,1,Alpine,13,OCO,Esteban Ocon,31,#0093CC,46.0,103,93.757,93.757,0,0,93.7,0.114,-0.948,-,-,-,-0.948,-,-,-,,H,#A5AFB9,39,2.0,0,0,0.257,0,0,0,0,0.0,13
1,2024,2024021,1,Alpine,13,OCO,Esteban Ocon,31,#0093CC,47.0,104,95.294,93.619,1,0,93.688,1.537,-2.55,-,-,-,-0.875,-,-,-,,H,#A5AFB9,40,2.0,0,0,0.257,0,0,0,0,0.0,13
1,2024,2024021,1,Alpine,13,OCO,Esteban Ocon,31,#0093CC,48.0,105,93.481,93.481,0,0,93.55,1.813,-0.653,-,-,-,-0.653,-,-,-,,H,#A5AFB9,41,2.0,0,0,0.257,0,0,0,0,0.0,13
1,2024,2024021,1,Alpine,13,OCO,Esteban Ocon,31,#0093CC,49.0,106,93.813,93.813,0,0,93.647,0.332,-0.973,-,-,-,-0.973,-,-,-,,H,#A5AFB9,42,2.0,0,0,0.257,0,0,0,0,0.0,13
1,2024,2024021,1,Alpine,17,GAS,Pierre Gasly,10,#0093CC,1.0,58,-,-,0,1,-,-,-,-,-,-,-,-,-,-,,M,#F0E628,1,1.0,1,0,-,0,0,0,0,,20
1,2024,2024031,2,Alpine,13,OCO,Esteban Ocon,31,#0093CC,1.0,108,-,-,0,1,-,-,-,-,-,-,-,-,-,-,,M,#F0E628,1,1.0,0,0,0.113,0,0,0,0,,15
1,2024,2024031,2,Alpine,13,OCO,Esteban Ocon,31,#0093CC,2.0,109,-,-,0,1,-,-,-,-,-,-,-,-,-,-,,M,#F0E628,2,1.0,0,0,0.113,0,0,0,0,0.0,15
1,2024,2024031,2,Alpine,13,OCO,Esteban Ocon,31,#0093CC,3.0,110,83.577,83.577,0,0,-,-,-0.31,-0.274,-0.447,13.0,-0.310,-0.274,-0.447,13.0,-0.584,M,#F0E628,3,1.0,0,0,0.113,0,0,0,0,0.0,15
1,2024,2024031,2,Alpine,13,OCO,Esteban Ocon,31,#0093CC,4.0,111,83.574,83.574,0,0,83.576,0.003,-0.271,-0.126,-0.334,13.0,-0.271,-0.126,-0.334,13.0,-0.397,M,#F0E628,4,1.0,0,0,0.113,0,0,0,0,0.0,14
1,2024,2024031,2,Alpine,13,OCO,Esteban Ocon,31,#0093CC,5.0,112,83.784,83.784,0,0,83.679,0.210,-0.418,-0.742,-0.789,13.0,-0.418,-0.022,-0.429,13.0,-1.16,M,#F0E628,5,1.0,0,1,0.113,0,0,0,0,0.0,14
1,2024,2024031,2,Alpine,13,OCO,Esteban Ocon,31,#0093CC,6.0,113,83.841,83.841,0,0,83.812,0.057,-0.64,-0.071,-0.675,13.0,-0.640,-0.071,-0.675,13.0,-0.711,M,#F0E628,6,1.0,0,0,0.113,0,0,0,0,0.0,13
1,2024,2024031,2,Alpine,13,OCO,Esteban Ocon,31,#0093CC,7.0,114,83.198,83.198,0,0,83.52,0.643,-0.115,-0.247,-0.238,13.0,-0.115,-0.247,-0.238,13.0,-0.362,M,#F0E628,7,1.0,0,0,0.113,0,0,0,0,0.0,11
1,2024,2024031,2,Alpine,13,OCO,Esteban Ocon,31,#0093CC,8.0,115,82.98,82.98,0,0,83.089,0.218,0.278,-0.899,-0.171,13.0,0.278,-0.657,-0.050,13.0,-0.621,M,#F0E628,8,1.0,0,0,0.113,0,0,0,0,0.0,8
1,2024,2024031,2,Alpine,13,OCO,Esteban Ocon,31,#0093CC,9.0,116,-,-,0,1,-,-,-,-,-,-,-,-,-,-,-0.646,M,#F0E628,9,1.0,1,0,0.113,0,0,0,0,0.0,13
1,2024,2024031,2,Alpine,13,OCO,Esteban Ocon,31,#0093CC,10.0,117,-,-,0,1,-,-,-,-,-,-,-,-,-,-,-0.782,H,#A5AFB9,1,2.0,0,0,0.090,0,0,0,0,0.0,14
1,2024,2024031,2,Alpine,13,OCO,Esteban Ocon,31,#0093CC,11.0,118,83.339,83.339,0,0,-,-,-0.307,-2.058,-1.336,13.0,-0.307,-0.902,-0.758,13.0,-2.365,H,#A5AFB9,2,2.0,0,0,0.090,0,0,0,0,0.0,14
1,2024,2024031,2,Alpine,13,OCO,Esteban Ocon,31,#0093CC,12.0,119,82.882,82.882,0,0,83.11,0.457,0.191,-1.743,-0.680,13.0,0.191,-1.743,-0.680,13.0,-1.552,H,#A5AFB9,3,2.0,0,0,0.090,0,0,0,0,0.0,14
1,2024,2024031,2,Alpine,13,OCO,Esteban Ocon,31,#0093CC,13.0,120,82.956,82.956,0,0,82.919,0.074,0.104,-1.093,-0.443,13.0,0.104,-1.093,-0.443,13.0,-0.989,H,#A5AFB9,4,2.0,0,1,0.090,0,0,0,0,0.0,14
1,2024,2024031,2,Alpine,13,OCO,Esteban Ocon,31,#0093CC,14.0,121,83.119,83.119,0,0,83.038,0.163,-0.095,-0.985,-0.588,13.0,-0.095,-0.985,-0.588,13.0,-1.08,H,#A5AFB9,5,2.0,0,0,0.090,0,0,0,0,0.0,14
1,2024,2024031,2,Alpine,13,OCO,Esteban Ocon,31,#0093CC,15.0,122,83.091,83.091,0,0,83.105,0.028,0.077,-1.009,-0.427,13.0,0.077,-1.009,-0.427,13.0,-0.932,H,#A5AFB9,6,2.0,0,0,0.090,0,0,0,0,0.0,14
1,2024,2024031,2,Alpine,13,OCO,Esteban Ocon,31,#0093CC,16.0,123,-,-,0,1,-,-,-,-,-,-,-,-,-,-,-1.994,H,#A5AFB9,7,2.0,1,0,0.090,0,0,0,1,0.0,16
1,2024,2024031,2,Alpine,13,OCO,Esteban Ocon,31,#0093CC,17.0,124,-,-,0,1,-,-,-,-,-,-,-,-,-,-,,H,#A5AFB9,1,3.0,0,0,0.274,0,0,1,0,0.0,17
1,2024,2024031,2,Alpine,13,OCO,Esteban Ocon,31,#0093CC,18.0,125,82.587,82.587,0,0,-,-,1.203,-,-,-,1.203,-,-,-,,H,#A5AFB9,2,3.0,0,0,0.274,0,0,0,0,0.0,17
1,2024,2024031,2,Alpine,13,OCO,Esteban Ocon,31,#0093CC,19.0,126,82.88,82.7,1,0,82.644,0.293,-0.228,-1.042,-0.749,13.0,-0.049,-1.221,-0.659,13.0,-1.27,H,#A5AFB9,3,3.0,0,0,0.274,0,0,0,0,0.0,17
1,2024,2024031,2,Alpine,13,OCO,Esteban Ocon,31,#0093CC,20.0,127,82.814,82.814,0,0,82.757,0.066,-0.264,-0.848,-0.688,13.0,-0.264,-0.848,-0.688,13.0,-1.112,H,#A5AFB9,4,3.0,0,0,0.274,0,0,0,0,0.0,17
1,2024,2024031,2,Alpine,13,OCO,Esteban Ocon,31,#0093CC,21.0,128,82.663,82.663,0,0,82.738,0.151,-0.126,-0.578,-0.415,13.0,-0.126,-0.578,-0.415,13.0,-0.704,H,#A5AFB9,5,3.0,0,0,0.274,0,0,0,0,0.0,17
1,2024,2024031,2,Alpine,13,OCO,Esteban Ocon,31,#0093CC,22.0,129,82.803,82.803,0,0,82.733,0.140,-0.251,-0.242,-0.372,13.0,-0.251,-0.242,-0.372,13.0,-0.493,H,#A5AFB9,6,3.0,0,0,0.274,0,0,0,0,0.0,17
1,2024,2024031,2,Alpine,13,OCO,Esteban Ocon,31,#0093CC,23.0,130,82.713,82.713,0,0,82.758,0.090,-0.188,-0.216,-0.296,13.0,-0.188,-0.216,-0.296,13.0,-0.404,H,#A5AFB9,7,3.0,0,0,0.274,0,0,0,0,0.0,17
1,2024,2024031,2,Alpine,13,OCO,Esteban Ocon,31,#0093CC,24.0,131,82.759,82.759,0,0,82.736,0.046,-0.206,-0.242,-0.327,13.0,-0.206,-0.242,-0.327,13.0,-0.448,H,#A5AFB9,8,3.0,0,0,0.274,0,0,0,0,0.0,17
1,2024,2024031,2,Alpine,13,OCO,Esteban Ocon,31,#0093CC,25.0,132,82.797,82.797,0,0,82.778,0.038,-0.195,-0.136,-0.263,13.0,-0.195,-0.136,-0.263,13.0,-0.331,H,#A5AFB9,9,3.0,0,0,0.274,0,0,0,0,0.0,17
1,2024,2024031,2,Alpine,13,OCO,Esteban Ocon,31,#0093CC,26.0,133,82.892,82.892,0,0,82.844,0.095,-0.197,-0.123,-0.259,13.0,-0.197,-0.123,-0.259,13.0,-0.32,H,#A5AFB9,10,3.0,0,0,0.274,0,0,0,0,0.0,17
1,2024,2024031,2,Alpine,13,OCO,Esteban Ocon,31,#0093CC,27.0,134,82.901,82.901,0,0,82.896,0.009,-0.17,-0.003,-0.171,13.0,-0.170,-0.003,-0.171,13.0,-0.173,H,#A5AFB9,11,3.0,0,0,0.274,0,0,0,0,0.0,17
1,2024,2024031,2,Alpine,13,OCO,Esteban Ocon,31,#0093CC,28.0,135,83.108,83.108,0,0,83.004,0.207,-0.408,0.434,-0.191,17.0,-0.408,0.434,-0.191,17.0,0.026,H,#A5AFB9,12,3.0,0,0,0.274,0,0,0,0,0.0,17
1,2024,2024031,2,Alpine,13,OCO,Esteban Ocon,31,#0093CC,29.0,136,83.117,83.117,0,0,83.113,0.009,-0.514,0.409,-0.309,17.0,-0.514,0.409,-0.309,17.0,-0.105,H,#A5AFB9,13,3.0,0,1,0.274,0,0,0,0,0.0,17
1,2024,2024031,2,Alpine,13,OCO,Esteban Ocon,31,#0093CC,30.0,137,83.04,83.04,0,0,83.078,0.077,-0.335,0.050,-0.310,17.0,-0.335,0.050,-0.310,17.0,-0.285,H,#A5AFB9,14,3.0,0,0,0.274,0,0,0,0,0.0,16
1,2024,2024031,2,Alpine,13,OCO,Esteban Ocon,31,#0093CC,31.0,138,82.921,82.921,0,0,82.98,0.119,-0.29,0.194,-0.193,17.0,-0.290,0.194,-0.193,17.0,-0.096,H,#A5AFB9,15,3.0,0,0,0.274,0,0,0,0,0.0,16
1,2024,2024031,2,Alpine,13,OCO,Esteban Ocon,31,#0093CC,32.0,139,82.909,82.909,0,0,82.915,0.012,-0.281,-0.336,-0.449,13.0,-0.281,-0.062,-0.312,13.0,-0.617,H,#A5AFB9,16,3.0,0,0,0.274,0,0,0,0,0.0,16
1,2024,2024031,2,Alpine,13,OCO,Esteban Ocon,31,#0093CC,33.0,140,82.996,82.996,0,0,82.952,0.087,-0.351,-0.219,-0.460,13.0,-0.351,-0.219,-0.460,13.0,-0.57,H,#A5AFB9,17,3.0,0,0,0.274,0,0,0,0,0.0,16
1,2024,2024031,2,Alpine,13,OCO,Esteban Ocon,31,#0093CC,34.0,141,85.483,83.118,1,0,83.057,2.487,-2.705,2.447,-1.482,17.0,-0.339,0.081,-0.298,17.0,-0.258,H,#A5AFB9,18,3.0,0,0,0.274,0,0,0,0,0.0,16
1,2024,2024031,2,Alpine,13,OCO,Esteban Ocon,31,#0093CC,35.0,142,83.239,83.239,0,0,83.178,2.244,-0.479,0.014,-0.472,17.0,-0.479,0.014,-0.472,17.0,-0.465,H,#A5AFB9,19,3.0,0,0,0.274,0,0,0,0,0.0,15
1,2024,2024031,2,Alpine,13,OCO,Esteban Ocon,31,#0093CC,36.0,143,84.94,83.036,1,0,83.138,1.701,-2.449,2.100,-1.399,17.0,-0.546,0.197,-0.448,17.0,-0.349,H,#A5AFB9,20,3.0,0,0,0.274,0,0,0,0,0.0,14
1,2024,2024031,2,Alpine,13,OCO,Esteban Ocon,31,#0093CC,37.0,144,82.834,82.834,0,0,82.935,2.106,-0.654,-0.492,-0.900,13.0,-0.654,-0.492,-0.900,13.0,-1.146,H,#A5AFB9,21,3.0,0,0,0.274,0,0,0,0,0.0,14
1,2024,2024031,2,Alpine,13,OCO,Esteban Ocon,31,#0093CC,38.0,145,83.627,82.77,1,0,82.802,0.793,-1.408,-1.482,-2.149,13.0,-0.551,-0.401,-0.752,13.0,-2.89,H,#A5AFB9,22,3.0,0,0,0.274,0,0,0,0,-1.0,15
1,2024,2024031,2,Alpine,13,OCO,Esteban Ocon,31,#0093CC,39.0,146,82.706,82.706,0,0,82.738,0.921,-0.685,-0.310,-0.840,13.0,-0.685,-0.310,-0.840,13.0,-0.995,H,#A5AFB9,23,3.0,0,0,0.274,0,0,0,0,0.0,15
1,2024,2024031,2,Alpine,13,OCO,Esteban Ocon,31,#0093CC,40.0,147,82.989,82.989,0,0,82.848,0.283,-0.935,-2.031,-1.950,13.0,-0.935,-2.031,-1.950,13.0,-2.966,H,#A5AFB9,24,3.0,0,0,0.274,0,0,0,0,0.0,15
1,2024,2024031,2,Alpine,13,OCO,Esteban Ocon,31,#0093CC,41.0,148,83.162,83.162,0,0,83.076,0.173,-1.328,-,-,-,-1.328,-,-,-,,H,#A5AFB9,25,3.0,0,0,0.274,0,0,0,0,0.0,14
1,2024,2024031,2,Alpine,13,OCO,Esteban Ocon,31,#0093CC,42.0,149,-,-,0,1,-,-,-,-,-,-,-,-,-,-,,H,#A5AFB9,26,3.0,1,0,0.274,0,0,0,0,0.0,16
1,2024,2024031,2,Alpine,13,OCO,Esteban Ocon,31,#0093CC,43.0,150,-,-,0,1,-,-,-,-,-,-,-,-,-,-,-2.645,H,#A5AFB9,8,4.0,0,0,0.207,0,0,0,0,0.0,17
1,2024,2024031,2,Alpine,13,OCO,Esteban Ocon,31,#0093CC,44.0,151,81.597,81.597,0,0,-,-,-0.122,0.150,-0.047,17.0,-0.122,0.150,-0.047,17.0,0.028,H,#A5AFB9,9,4.0,0,0,0.207,0,0,0,0,0.0,17
1,2024,2024031,2,Alpine,13,OCO,Esteban Ocon,31,#0093CC,45.0,152,81.354,81.354,0,0,81.476,0.243,-0.164,-0.725,-0.526,13.0,-0.164,0.021,-0.153,17.0,-0.889,H,#A5AFB9,10,4.0,0,0,0.207,0,0,0,0,0.0,17
1,2024,2024031,2,Alpine,13,OCO,Esteban Ocon,31,#0093CC,46.0,153,83.041,81.409,1,0,81.381,1.687,-1.99,1.821,-1.079,17.0,-0.358,0.189,-0.264,17.0,-0.169,H,#A5AFB9,11,4.0,0,0,0.207,0,0,0,0,0.0,17
1,2024,2024031,2,Alpine,13,OCO,Esteban Ocon,31,#0093CC,47.0,154,81.464,81.464,0,0,81.436,1.577,-0.441,0.189,-0.346,17.0,-0.441,0.189,-0.346,17.0,-0.252,H,#A5AFB9,12,4.0,0,0,0.207,0,0,0,0,0.0,17
1,2024,2024031,2,Alpine,13,OCO,Esteban Ocon,31,#0093CC,48.0,155,81.549,81.549,0,0,81.506,0.085,-0.471,0.338,-0.302,17.0,-0.471,0.338,-0.302,17.0,-0.133,H,#A5AFB9,13,4.0,0,0,0.207,0,0,0,0,0.0,17
1,2024,2024031,2,Alpine,13,OCO,Esteban Ocon,31,#0093CC,49.0,156,81.678,81.678,0,0,81.614,0.129,-0.616,0.338,-0.447,17.0,-0.616,0.338,-0.447,17.0,-0.278,H,#A5AFB9,14,4.0,0,1,0.207,0,0,0,0,0.0,17
1,2024,2024031,2,Alpine,13,OCO,Esteban Ocon,31,#0093CC,50.0,157,81.633,81.633,0,0,81.655,0.045,-0.5,0.411,-0.294,17.0,-0.500,0.411,-0.294,17.0,-0.089,H,#A5AFB9,15,4.0,0,0,0.207,0,0,0,0,0.0,17
1,2024,2024031,2,Alpine,13,OCO,Esteban Ocon,31,#0093CC,51.0,158,81.951,81.951,0,0,81.792,0.318,-0.77,0.861,-0.340,17.0,-0.770,0.861,-0.340,17.0,0.091,H,#A5AFB9,16,4.0,0,0,0.207,0,0,0,0,0.0,17
1,2024,2024031,2,Alpine,13,OCO,Esteban Ocon,31,#0093CC,52.0,159,82.155,82.155,0,0,82.053,0.204,-0.935,0.994,-0.438,17.0,-0.935,0.994,-0.438,17.0,0.059,H,#A5AFB9,17,4.0,0,0,0.207,0,0,0,0,0.0,17
1,2024,2024031,2,Alpine,13,OCO,Esteban Ocon,31,#0093CC,53.0,160,82.207,82.207,0,0,82.181,0.052,-0.907,0.883,-0.466,17.0,-0.907,0.883,-0.466,17.0,-0.024,H,#A5AFB9,18,4.0,0,0,0.207,0,0,0,0,0.0,17
1,2024,2024031,2,Alpine,13,OCO,Esteban Ocon,31,#0093CC,54.0,161,82.229,82.229,0,0,82.218,0.022,-0.746,-0.805,-1.149,13.0,-0.746,0.853,-0.320,17.0,-1.551,H,#A5AFB9,19,4.0,0,0,0.207,0,0,0,0,0.0,17
1,2024,2024031,2,Alpine,13,OCO,Esteban Ocon,31,#0093CC,55.0,162,82.304,82.304,0,0,82.267,0.075,-0.642,0.877,-0.203,17.0,-0.642,0.877,-0.203,17.0,0.235,H,#A5AFB9,20,4.0,0,0,0.207,0,0,0,0,0.0,17
1,2024,2024031,2,Alpine,13,OCO,Esteban Ocon,31,#0093CC,56.0,163,-,-,0,1,-,-,-,-,-,-,-,-,-,-,,H,#A5AFB9,21,4.0,0,0,0.207,0,0,0,1,0.0,17
1,2024,2024031,2,Alpine,13,OCO,Esteban Ocon,31,#0093CC,57.0,164,-,-,0,1,-,-,-,-,-,-,-,-,-,-,,H,#A5AFB9,22,4.0,0,0,0.207,0,0,0,0,0.0,16
1,2024,2024031,2,Alpine,17,GAS,Pierre Gasly,10,#0093CC,1.0,108,-,-,0,1,-,-,-,-,-,-,-,-,-,-,,M,#F0E628,1,1.0,0,0,0.313,0,0,0,0,,17
1,2024,2024031,2,Alpine,17,GAS,Pierre Gasly,10,#0093CC,2.0,109,-,-,0,1,-,-,-,-,-,-,-,-,-,-,,M,#F0E628,2,1.0,0,0,0.313,0,0,0,0,0.0,17
1,2024,2024031,2,Alpine,17,GAS,Pierre Gasly,10,#0093CC,3.0,110,83.851,83.851,0,0,-,-,-0.584,-0.274,-0.447,13.0,-0.584,-0.274,-0.447,13.0,-0.31,M,#F0E628,3,1.0,0,0,0.313,0,0,0,0,0.0,17
1,2024,2024031,2,Alpine,17,GAS,Pierre Gasly,10,#0093CC,4.0,111,83.7,83.7,0,0,83.776,0.151,-0.397,-0.126,-0.334,13.0,-0.397,-0.126,-0.334,13.0,-0.271,M,#F0E628,4,1.0,0,0,0.313,0,0,0,0,0.0,16
1,2024,2024031,2,Alpine,17,GAS,Pierre Gasly,10,#0093CC,5.0,112,84.526,83.806,1,0,83.753,0.826,-1.16,-0.742,-0.789,13.0,-0.440,-0.022,-0.429,13.0,-0.418,M,#F0E628,5,1.0,0,0,0.313,0,0,0,0,0.0,16
1,2024,2024031,2,Alpine,17,GAS,Pierre Gasly,10,#0093CC,6.0,113,83.912,83.912,0,0,83.859,0.614,-0.711,-0.071,-0.675,13.0,-0.711,-0.071,-0.675,13.0,-0.64,M,#F0E628,6,1.0,0,0,0.313,0,0,0,0,0.0,15
1,2024,2024031,2,Alpine,17,GAS,Pierre Gasly,10,#0093CC,7.0,114,83.445,83.445,0,0,83.678,0.467,-0.362,-0.247,-0.238,13.0,-0.362,-0.247,-0.238,13.0,-0.115,M,#F0E628,7,1.0,0,0,0.313,0,0,0,0,0.0,13
1,2024,2024031,2,Alpine,17,GAS,Pierre Gasly,10,#0093CC,8.0,115,83.879,83.637,1,0,83.541,0.434,-0.621,-0.899,-0.171,13.0,-0.379,-0.657,-0.050,13.0,0.278,M,#F0E628,8,1.0,0,0,0.313,0,0,0,0,0.0,10
1,2024,2024031,2,Alpine,17,GAS,Pierre Gasly,10,#0093CC,9.0,116,83.829,83.829,0,0,83.733,0.050,-0.646,-,-,-,-0.646,-,-,-,,M,#F0E628,9,1.0,0,1,0.313,0,0,0,0,0.0,8
1,2024,2024031,2,Alpine,17,GAS,Pierre Gasly,10,#0093CC,10.0,117,83.856,83.856,0,0,83.842,0.027,-0.782,-,-,-,-0.782,-,-,-,,M,#F0E628,10,1.0,0,0,0.313,0,0,0,0,0.0,6
1,2024,2024031,2,Alpine,17,GAS,Pierre Gasly,10,#0093CC,11.0,118,85.397,84.24,1,0,84.048,1.541,-2.365,-2.058,-1.336,13.0,-1.209,-0.902,-0.758,13.0,-0.307,M,#F0E628,11,1.0,0,0,0.313,0,0,0,0,-2.0,8
1,2024,2024031,2,Alpine,17,GAS,Pierre Gasly,10,#0093CC,12.0,119,84.625,84.625,0,0,84.433,0.772,-1.552,-1.743,-0.680,13.0,-1.552,-1.743,-0.680,13.0,0.191,M,#F0E628,12,1.0,0,0,0.313,0,0,0,0,0.0,8
1,2024,2024031,2,Alpine,17,GAS,Pierre Gasly,10,#0093CC,13.0,120,84.049,84.049,0,0,84.337,0.576,-0.989,-1.093,-0.443,13.0,-0.989,-1.093,-0.443,13.0,0.104,M,#F0E628,13,1.0,0,0,0.313,0,0,0,0,0.0,8
1,2024,2024031,2,Alpine,17,GAS,Pierre Gasly,10,#0093CC,14.0,121,84.104,84.104,0,0,84.077,0.055,-1.08,-0.985,-0.588,13.0,-1.080,-0.985,-0.588,13.0,-0.095,M,#F0E628,14,1.0,0,0,0.313,0,0,0,0,0.0,8
1,2024,2024031,2,Alpine,17,GAS,Pierre Gasly,10,#0093CC,15.0,122,84.1,84.1,0,0,84.102,0.004,-0.932,-1.009,-0.427,13.0,-0.932,-1.009,-0.427,13.0,0.077,M,#F0E628,15,1.0,0,0,0.313,0,0,0,0,0.0,7
1,2024,2024031,2,Alpine,17,GAS,Pierre Gasly,10,#0093CC,16.0,123,85.367,85.367,0,0,84.733,1.267,-1.994,-,-,-,-1.994,-,-,-,,M,#F0E628,16,1.0,0,0,0.313,0,0,0,0,-1.0,8
1,2024,2024031,2,Alpine,17,GAS,Pierre Gasly,10,#0093CC,17.0,124,-,-,0,1,-,-,-,-,-,-,-,-,-,-,,M,#F0E628,17,1.0,1,0,0.313,0,0,0,1,0.0,14
1,2024,2024031,2,Alpine,17,GAS,Pierre Gasly,10,#0093CC,18.0,125,-,-,0,1,-,-,-,-,-,-,-,-,-,-,1.203,H,#A5AFB9,1,2.0,0,0,0.245,0,0,0,0,0.0,15
1,2024,2024031,2,Alpine,17,GAS,Pierre Gasly,10,#0093CC,19.0,126,83.922,83.922,0,0,-,-,-1.27,-1.042,-0.749,13.0,-1.270,-1.221,-0.659,13.0,-0.228,H,#A5AFB9,2,2.0,0,0,0.245,0,0,0,0,0.0,15
1,2024,2024031,2,Alpine,17,GAS,Pierre Gasly,10,#0093CC,20.0,127,83.662,83.662,0,0,83.792,0.260,-1.112,-0.848,-0.688,13.0,-1.112,-0.848,-0.688,13.0,-0.264,H,#A5AFB9,3,2.0,0,0,0.245,0,0,0,0,0.0,15
1,2024,2024031,2,Alpine,17,GAS,Pierre Gasly,10,#0093CC,21.0,128,83.241,83.241,0,0,83.452,0.421,-0.704,-0.578,-0.415,13.0,-0.704,-0.578,-0.415,13.0,-0.126,H,#A5AFB9,4,2.0,0,0,0.245,0,0,0,0,0.0,15
1,2024,2024031,2,Alpine,17,GAS,Pierre Gasly,10,#0093CC,22.0,129,83.045,83.045,0,0,83.143,0.196,-0.493,-0.242,-0.372,13.0,-0.493,-0.242,-0.372,13.0,-0.251,H,#A5AFB9,5,2.0,0,0,0.245,0,0,0,0,0.0,15
1,2024,2024031,2,Alpine,17,GAS,Pierre Gasly,10,#0093CC,23.0,130,82.929,82.929,0,0,82.987,0.116,-0.404,-0.216,-0.296,13.0,-0.404,-0.216,-0.296,13.0,-0.188,H,#A5AFB9,6,2.0,0,0,0.245,0,0,0,0,0.0,15
1,2024,2024031,2,Alpine,17,GAS,Pierre Gasly,10,#0093CC,24.0,131,83.001,83.001,0,0,82.965,0.072,-0.448,-0.242,-0.327,13.0,-0.448,-0.242,-0.327,13.0,-0.206,H,#A5AFB9,7,2.0,0,0,0.245,0,0,0,0,0.0,15
1,2024,2024031,2,Alpine,17,GAS,Pierre Gasly,10,#0093CC,25.0,132,82.933,82.933,0,0,82.967,0.068,-0.331,-0.136,-0.263,13.0,-0.331,-0.136,-0.263,13.0,-0.195,H,#A5AFB9,8,2.0,0,0,0.245,0,0,0,0,0.0,15
1,2024,2024031,2,Alpine,17,GAS,Pierre Gasly,10,#0093CC,26.0,133,83.015,83.015,0,0,82.974,0.082,-0.32,-0.123,-0.259,13.0,-0.320,-0.123,-0.259,13.0,-0.197,H,#A5AFB9,9,2.0,0,0,0.245,0,0,0,0,0.0,15
1,2024,2024031,2,Alpine,17,GAS,Pierre Gasly,10,#0093CC,27.0,134,82.904,82.904,0,0,82.959,0.111,-0.173,-0.003,-0.171,13.0,-0.173,-0.003,-0.171,13.0,-0.17,H,#A5AFB9,10,2.0,0,0,0.245,0,0,0,0,0.0,14
1,2024,2024031,2,Alpine,17,GAS,Pierre Gasly,10,#0093CC,28.0,135,82.674,82.674,0,0,82.789,0.230,0.026,0.434,-0.191,17.0,0.026,0.434,-0.191,17.0,-0.408,H,#A5AFB9,11,2.0,0,0,0.245,0,0,0,0,0.0,14
1,2024,2024031,2,Alpine,17,GAS,Pierre Gasly,10,#0093CC,29.0,136,82.708,82.708,0,0,82.691,0.034,-0.105,0.409,-0.309,17.0,-0.105,0.409,-0.309,17.0,-0.514,H,#A5AFB9,12,2.0,0,1,0.245,0,0,0,0,0.0,13
1,2024,2024031,2,Alpine,17,GAS,Pierre Gasly,10,#0093CC,30.0,137,82.99,82.99,0,0,82.849,0.282,-0.285,0.050,-0.310,17.0,-0.285,0.050,-0.310,17.0,-0.335,H,#A5AFB9,13,2.0,0,0,0.245,0,0,0,0,0.0,13
1,2024,2024031,2,Alpine,17,GAS,Pierre Gasly,10,#0093CC,31.0,138,82.727,82.727,0,0,82.858,0.263,-0.096,0.194,-0.193,17.0,-0.096,0.194,-0.193,17.0,-0.29,H,#A5AFB9,14,2.0,0,0,0.245,0,0,0,0,0.0,13
1,2024,2024031,2,Alpine,17,GAS,Pierre Gasly,10,#0093CC,32.0,139,83.245,82.971,1,0,82.849,0.518,-0.617,-0.336,-0.449,13.0,-0.343,-0.062,-0.312,13.0,-0.281,H,#A5AFB9,15,2.0,0,0,0.245,0,0,0,0,0.0,13
1,2024,2024031,2,Alpine,17,GAS,Pierre Gasly,10,#0093CC,33.0,140,83.215,83.215,0,0,83.093,0.030,-0.57,-0.219,-0.460,13.0,-0.570,-0.219,-0.460,13.0,-0.351,H,#A5AFB9,16,2.0,0,0,0.245,0,0,0,0,0.0,12
1,2024,2024031,2,Alpine,17,GAS,Pierre Gasly,10,#0093CC,34.0,141,83.036,83.036,0,0,83.126,0.179,-0.258,2.447,-1.482,17.0,-0.258,0.081,-0.298,17.0,-2.705,H,#A5AFB9,17,2.0,0,0,0.245,0,0,0,0,0.0,12
1,2024,2024031,2,Alpine,17,GAS,Pierre Gasly,10,#0093CC,35.0,142,83.225,83.225,0,0,83.13,0.189,-0.465,0.014,-0.472,17.0,-0.465,0.014,-0.472,17.0,-0.479,H,#A5AFB9,18,2.0,0,0,0.245,0,0,0,0,0.0,10
1,2024,2024031,2,Alpine,17,GAS,Pierre Gasly,10,#0093CC,36.0,143,82.84,82.84,0,0,83.032,0.385,-0.349,2.100,-1.399,17.0,-0.349,0.197,-0.448,17.0,-2.449,H,#A5AFB9,19,2.0,0,0,0.245,0,0,0,0,0.0,10
1,2024,2024031,2,Alpine,17,GAS,Pierre Gasly,10,#0093CC,37.0,144,83.326,83.326,0,0,83.083,0.486,-1.146,-0.492,-0.900,13.0,-1.146,-0.492,-0.900,13.0,-0.654,H,#A5AFB9,20,2.0,0,0,0.245,0,0,0,0,0.0,9
1,2024,2024031,2,Alpine,17,GAS,Pierre Gasly,10,#0093CC,38.0,145,85.109,83.171,1,0,83.248,1.783,-2.89,-1.482,-2.149,13.0,-0.952,-0.401,-0.752,13.0,-1.408,H,#A5AFB9,21,2.0,0,0,0.245,0,0,0,0,0.0,9
1,2024,2024031,2,Alpine,17,GAS,Pierre Gasly,10,#0093CC,39.0,146,83.016,83.016,0,0,83.094,2.093,-0.995,-0.310,-0.840,13.0,-0.995,-0.310,-0.840,13.0,-0.685,H,#A5AFB9,22,2.0,0,0,0.245,0,0,0,0,0.0,9
1,2024,2024031,2,Alpine,17,GAS,Pierre Gasly,10,#0093CC,40.0,147,85.02,85.02,0,0,84.018,2.004,-2.966,-2.031,-1.950,13.0,-2.966,-2.031,-1.950,13.0,-0.935,H,#A5AFB9,23,2.0,0,0,0.245,0,0,0,0,-1.0,10
1,2024,2024031,2,Alpine,17,GAS,Pierre Gasly,10,#0093CC,41.0,148,-,-,0,1,-,-,-,-,-,-,-,-,-,-,-1.328,H,#A5AFB9,24,2.0,1,0,0.245,0,0,0,0,0.0,15
1,2024,2024031,2,Alpine,17,GAS,Pierre Gasly,10,#0093CC,42.0,149,-,-,0,1,-,-,-,-,-,-,-,-,-,-,,H,#A5AFB9,1,3.0,0,0,0.359,0,0,0,0,0.0,14
1,2024,2024031,2,Alpine,17,GAS,Pierre Gasly,10,#0093CC,43.0,150,84.419,84.419,0,0,-,-,-2.645,-,-,-,-2.645,-,-,-,,H,#A5AFB9,2,3.0,0,0,0.359,0,0,0,0,0.0,14
1,2024,2024031,2,Alpine,17,GAS,Pierre Gasly,10,#0093CC,44.0,151,81.447,81.447,0,0,82.933,2.972,0.028,0.150,-0.047,17.0,0.028,0.150,-0.047,17.0,-0.122,H,#A5AFB9,3,3.0,0,0,0.359,0,0,0,0,0.0,14
1,2024,2024031,2,Alpine,17,GAS,Pierre Gasly,10,#0093CC,45.0,152,82.079,81.334,1,0,81.39,0.632,-0.889,-0.725,-0.526,13.0,-0.143,0.021,-0.153,17.0,-0.164,H,#A5AFB9,4,3.0,0,0,0.359,0,0,0,0,0.0,14
1,2024,2024031,2,Alpine,17,GAS,Pierre Gasly,10,#0093CC,46.0,153,81.22,81.22,0,0,81.277,0.859,-0.169,1.821,-1.079,17.0,-0.169,0.189,-0.264,17.0,-1.99,H,#A5AFB9,5,3.0,0,0,0.359,0,0,0,0,0.0,14
1,2024,2024031,2,Alpine,17,GAS,Pierre Gasly,10,#0093CC,47.0,154,81.275,81.275,0,0,81.248,0.055,-0.252,0.189,-0.346,17.0,-0.252,0.189,-0.346,17.0,-0.441,H,#A5AFB9,6,3.0,0,0,0.359,0,0,0,0,0.0,14
1,2024,2024031,2,Alpine,17,GAS,Pierre Gasly,10,#0093CC,48.0,155,81.211,81.211,0,0,81.243,0.064,-0.133,0.338,-0.302,17.0,-0.133,0.338,-0.302,17.0,-0.471,H,#A5AFB9,7,3.0,0,0,0.359,0,0,0,0,0.0,14
1,2024,2024031,2,Alpine,17,GAS,Pierre Gasly,10,#0093CC,49.0,156,81.34,81.34,0,0,81.276,0.129,-0.278,0.338,-0.447,17.0,-0.278,0.338,-0.447,17.0,-0.616,H,#A5AFB9,8,3.0,0,1,0.359,0,0,0,0,0.0,14
1,2024,2024031,2,Alpine,17,GAS,Pierre Gasly,10,#0093CC,50.0,157,81.222,81.222,0,0,81.281,0.118,-0.089,0.411,-0.294,17.0,-0.089,0.411,-0.294,17.0,-0.5,H,#A5AFB9,9,3.0,0,0,0.359,0,0,0,0,0.0,14
1,2024,2024031,2,Alpine,17,GAS,Pierre Gasly,10,#0093CC,51.0,158,81.09,81.09,0,0,81.156,0.132,0.091,0.861,-0.340,17.0,0.091,0.861,-0.340,17.0,-0.77,H,#A5AFB9,10,3.0,0,0,0.359,0,0,0,0,0.0,14
1,2024,2024031,2,Alpine,17,GAS,Pierre Gasly,10,#0093CC,52.0,159,81.161,81.161,0,0,81.126,0.071,0.059,0.994,-0.438,17.0,0.059,0.994,-0.438,17.0,-0.935,H,#A5AFB9,11,3.0,0,0,0.359,0,0,0,0,0.0,14
1,2024,2024031,2,Alpine,17,GAS,Pierre Gasly,10,#0093CC,53.0,160,81.324,81.324,0,0,81.242,0.163,-0.024,0.883,-0.466,17.0,-0.024,0.883,-0.466,17.0,-0.907,H,#A5AFB9,12,3.0,0,0,0.359,0,0,0,0,0.0,14
1,2024,2024031,2,Alpine,17,GAS,Pierre Gasly,10,#0093CC,54.0,161,83.034,81.376,1,0,81.35,1.710,-1.551,-0.805,-1.149,13.0,0.107,0.853,-0.320,17.0,-0.746,H,#A5AFB9,13,3.0,0,0,0.359,0,0,0,0,0.0,14
1,2024,2024031,2,Alpine,17,GAS,Pierre Gasly,10,#0093CC,55.0,162,81.427,81.427,0,0,81.401,1.607,0.235,0.877,-0.203,17.0,0.235,0.877,-0.203,17.0,-0.642,H,#A5AFB9,14,3.0,0,0,0.359,0,0,0,0,0.0,14
1,2024,2024031,2,Alpine,17,GAS,Pierre Gasly,10,#0093CC,56.0,163,-,-,0,1,-,-,-,-,-,-,-,-,-,-,,H,#A5AFB9,15,3.0,0,0,0.359,0,0,0,1,0.0,14
1,2024,2024031,2,Alpine,17,GAS,Pierre Gasly,10,#0093CC,57.0,164,-,-,0,1,-,-,-,-,-,-,-,-,-,-,,H,#A5AFB9,16,3.0,0,0,0.359,0,0,0,0,0.0,13
1,2024,2024041,3,Alpine,13,OCO,Esteban Ocon,31,#0093CC,1.0,166,-,-,0,1,-,-,-,-,-,-,-,-,-,-,,S,#CD3C3C,1,1.0,1,0,-,0,0,0,0,,13
1,2024,2024041,3,Alpine,13,OCO,Esteban Ocon,31,#0093CC,2.0,167,-,-,0,1,-,-,-,-,-,-,-,-,-,-,,H,#A5AFB9,1,2.0,0,0,0.179,0,0,0,0,,13
1,2024,2024041,3,Alpine,13,OCO,Esteban Ocon,31,#0093CC,3.0,168,-,-,0,1,-,-,-,-,-,-,-,-,-,-,,H,#A5AFB9,2,2.0,0,0,0.179,0,0,0,0,2.0,11
1,2024,2024041,3,Alpine,13,OCO,Esteban Ocon,31,#0093CC,4.0,169,99.541,99.541,0,0,-,-,-0.844,0.384,-1.036,13.0,-0.844,0.384,-1.036,13.0,-1.228,H,#A5AFB9,3,2.0,0,0,0.179,0,0,0,0,0.0,11
1,2024,2024041,3,Alpine,13,OCO,Esteban Ocon,31,#0093CC,5.0,170,100.081,100.081,0,0,99.811,0.540,-1.752,-0.608,-1.448,17.0,-1.752,-0.608,-1.448,17.0,-1.144,H,#A5AFB9,4,2.0,0,0,0.179,0,0,0,0,-1.0,12
1,2024,2024041,3,Alpine,13,OCO,Esteban Ocon,31,#0093CC,6.0,171,100.496,99.912,1,0,99.997,0.415,-2.0,-0.239,-1.881,17.0,-1.416,-0.052,-1.390,17.0,-1.761,H,#A5AFB9,5,2.0,0,0,0.179,0,0,0,0,-1.0,13
1,2024,2024041,3,Alpine,13,OCO,Esteban Ocon,31,#0093CC,7.0,172,99.744,99.744,0,0,99.828,0.752,-1.305,0.504,-1.557,13.0,-1.305,0.504,-1.557,13.0,-1.809,H,#A5AFB9,6,2.0,0,0,0.179,0,0,0,0,0.0,12
1,2024,2024041,3,Alpine,13,OCO,Esteban Ocon,31,#0093CC,8.0,173,100.009,100.009,0,0,99.876,0.265,-1.668,1.354,-2.345,13.0,-1.668,0.505,-1.921,13.0,-3.022,H,#A5AFB9,7,2.0,0,0,0.179,0,0,0,0,0.0,11
1,2024,2024041,3,Alpine,13,OCO,Esteban Ocon,31,#0093CC,9.0,174,100.294,100.294,0,0,100.152,0.285,-1.756,0.486,-1.999,13.0,-1.756,0.486,-1.999,13.0,-2.242,H,#A5AFB9,8,2.0,0,0,0.179,0,0,0,0,0.0,11
1,2024,2024041,3,Alpine,13,OCO,Esteban Ocon,31,#0093CC,10.0,175,100.315,100.315,0,0,100.304,0.021,-1.524,0.802,-1.925,13.0,-1.524,0.802,-1.925,13.0,-2.326,H,#A5AFB9,9,2.0,0,0,0.179,0,0,0,0,0.0,11
1,2024,2024041,3,Alpine,13,OCO,Esteban Ocon,31,#0093CC,11.0,176,100.371,100.371,0,0,100.343,0.056,-1.335,1.257,-1.964,13.0,-1.335,1.257,-1.964,13.0,-2.592,H,#A5AFB9,10,2.0,0,1,0.179,0,0,0,0,0.0,11
1,2024,2024041,3,Alpine,13,OCO,Esteban Ocon,31,#0093CC,12.0,177,100.56,100.56,0,0,100.465,0.189,-1.469,0.547,-1.743,13.0,-1.469,0.547,-1.743,13.0,-2.016,H,#A5AFB9,11,2.0,0,0,0.179,0,0,0,0,0.0,11
1,2024,2024041,3,Alpine,13,OCO,Esteban Ocon,31,#0093CC,13.0,178,101.341,100.674,1,0,100.617,0.781,-2.476,1.134,-3.043,13.0,-1.808,0.767,-2.192,13.0,-3.61,H,#A5AFB9,12,2.0,0,0,0.179,0,0,0,0,-1.0,10
1,2024,2024041,3,Alpine,13,OCO,Esteban Ocon,31,#0093CC,14.0,179,100.787,100.787,0,0,100.73,0.554,-1.986,0.986,-2.479,13.0,-1.986,0.986,-2.479,13.0,-2.972,H,#A5AFB9,13,2.0,0,0,0.179,0,0,0,0,-1.0,11
1,2024,2024041,3,Alpine,13,OCO,Esteban Ocon,31,#0093CC,15.0,180,100.961,100.961,0,0,100.874,0.174,-2.167,0.419,-2.377,13.0,-2.167,0.419,-2.377,13.0,-2.586,H,#A5AFB9,14,2.0,0,0,0.179,0,0,0,0,-1.0,12
1,2024,2024041,3,Alpine,13,OCO,Esteban Ocon,31,#0093CC,16.0,181,100.692,100.692,0,0,100.826,0.269,-2.044,-,-,-,-2.044,-,-,-,,H,#A5AFB9,15,2.0,0,0,0.179,0,0,0,0,-2.0,14
1,2024,2024041,3,Alpine,13,OCO,Esteban Ocon,31,#0093CC,17.0,182,100.929,100.714,1,0,100.703,0.237,-2.568,-,-,-,-2.354,-,-,-,,H,#A5AFB9,16,2.0,0,0,0.179,0,0,0,0,-1.0,15
1,2024,2024041,3,Alpine,13,OCO,Esteban Ocon,31,#0093CC,18.0,183,100.737,100.737,0,0,100.726,0.192,-2.482,-2.363,-1.300,17.0,-2.482,-2.363,-1.300,17.0,-0.119,H,#A5AFB9,17,2.0,0,0,0.179,0,0,0,0,-1.0,16
1,2024,2024041,3,Alpine,13,OCO,Esteban Ocon,31,#0093CC,19.0,184,-,-,0,1,-,-,-,-,-,-,-,-,-,-,-0.458,H,#A5AFB9,18,2.0,1,0,0.179,0,0,0,0,0.0,16
1,2024,2024041,3,Alpine,13,OCO,Esteban Ocon,31,#0093CC,20.0,185,-,-,0,1,-,-,-,-,-,-,-,-,-,-,-0.661,H,#A5AFB9,1,3.0,0,0,0.227,0,0,0,0,0.0,16
1,2024,2024041,3,Alpine,13,OCO,Esteban Ocon,31,#0093CC,21.0,186,97.716,97.716,0,0,-,-,0.548,0.699,0.199,13.0,0.548,0.699,0.199,13.0,-0.151,H,#A5AFB9,2,3.0,0,0,0.227,0,0,0,0,0.0,16
1,2024,2024041,3,Alpine,13,OCO,Esteban Ocon,31,#0093CC,22.0,187,97.775,97.775,0,0,97.746,0.059,0.085,0.607,-0.218,13.0,0.085,0.607,-0.218,13.0,-0.522,H,#A5AFB9,3,3.0,0,0,0.227,0,0,0,0,0.0,16
1,2024,2024041,3,Alpine,13,OCO,Esteban Ocon,31,#0093CC,23.0,188,99.219,98.35,1,0,98.062,1.444,-1.413,0.597,-1.712,13.0,-0.543,0.232,-0.659,13.0,-2.01,H,#A5AFB9,4,3.0,0,0,0.227,0,0,0,0,0.0,13
1,2024,2024041,3,Alpine,13,OCO,Esteban Ocon,31,#0093CC,24.0,189,98.924,98.924,0,0,98.637,0.295,-1.514,-0.143,-1.442,17.0,-1.514,-0.143,-1.442,17.0,-1.371,H,#A5AFB9,5,3.0,0,0,0.227,0,0,0,0,-1.0,14
1,2024,2024041,3,Alpine,13,OCO,Esteban Ocon,31,#0093CC,25.0,190,99.084,99.084,0,0,99.004,0.160,-1.751,-0.050,-1.726,17.0,-1.751,-0.050,-1.726,17.0,-1.701,H,#A5AFB9,6,3.0,0,0,0.227,0,0,0,0,-1.0,15
1,2024,2024041,3,Alpine,13,OCO,Esteban Ocon,31,#0093CC,26.0,191,98.611,98.611,0,0,98.848,0.473,-1.239,0.347,-1.413,13.0,-1.239,0.347,-1.413,13.0,-1.586,H,#A5AFB9,7,3.0,0,1,0.227,0,0,0,0,0.0,15
1,2024,2024041,3,Alpine,13,OCO,Esteban Ocon,31,#0093CC,27.0,192,98.943,98.612,1,0,98.611,0.332,-1.574,-0.041,-1.554,17.0,-1.243,0.290,-1.388,13.0,-1.533,H,#A5AFB9,8,3.0,0,0,0.227,0,0,0,0,-1.0,16
1,2024,2024041,3,Alpine,13,OCO,Esteban Ocon,31,#0093CC,28.0,193,98.612,98.612,0,0,98.612,0.331,-1.324,0.261,-1.454,13.0,-1.324,0.261,-1.454,13.0,-1.585,H,#A5AFB9,9,3.0,0,0,0.227,0,0,0,0,0.0,16
1,2024,2024041,3,Alpine,13,OCO,Esteban Ocon,31,#0093CC,29.0,194,98.702,98.702,0,0,98.657,0.090,-1.293,0.350,-1.468,13.0,-1.293,0.350,-1.468,13.0,-1.643,H,#A5AFB9,10,3.0,0,0,0.227,0,0,0,0,0.0,16
1,2024,2024041,3,Alpine,13,OCO,Esteban Ocon,31,#0093CC,30.0,195,98.499,98.499,0,0,98.6,0.203,-1.014,0.395,-1.212,13.0,-1.014,0.395,-1.212,13.0,-1.409,H,#A5AFB9,11,3.0,0,0,0.227,0,0,0,0,0.0,16
1,2024,2024041,3,Alpine,13,OCO,Esteban Ocon,31,#0093CC,31.0,196,98.662,98.662,0,0,98.58,0.163,-1.08,0.788,-1.474,13.0,-1.080,0.788,-1.474,13.0,-1.868,H,#A5AFB9,12,3.0,0,0,0.227,0,0,0,0,0.0,16
1,2024,2024041,3,Alpine,13,OCO,Esteban Ocon,31,#0093CC,32.0,197,98.366,98.366,0,0,98.514,0.296,-0.684,-,-,-,-0.684,-,-,-,,H,#A5AFB9,13,3.0,0,0,0.227,0,0,0,0,0.0,16
1,2024,2024041,3,Alpine,13,OCO,Esteban Ocon,31,#0093CC,33.0,198,-,-,0,1,-,-,-,-,-,-,-,-,-,-,,H,#A5AFB9,14,3.0,1,0,0.227,0,0,0,0,0.0,16
1,2024,2024041,3,Alpine,13,OCO,Esteban Ocon,31,#0093CC,34.0,199,-,-,0,1,-,-,-,-,-,-,-,-,-,-,-1.652,M,#F0E628,1,4.0,0,0,0.526,0,0,0,0,0.0,16
1,2024,2024041,3,Alpine,13,OCO,Esteban Ocon,31,#0093CC,35.0,200,97.126,97.126,0,0,-,-,-0.627,0.530,-0.892,13.0,-0.627,0.530,-0.892,13.0,-1.157,M,#F0E628,2,4.0,0,0,0.526,0,0,0,0,0.0,16
1,2024,2024041,3,Alpine,13,OCO,Esteban Ocon,31,#0093CC,36.0,201,96.983,96.983,0,0,97.054,0.143,-0.779,0.300,-0.929,13.0,-0.779,0.300,-0.929,13.0,-1.079,M,#F0E628,3,4.0,0,0,0.526,0,0,0,0,0.0,16
1,2024,2024041,3,Alpine,13,OCO,Esteban Ocon,31,#0093CC,37.0,202,98.763,96.848,1,0,96.916,1.780,-2.397,-0.337,-2.228,17.0,-0.483,1.577,-1.272,13.0,-2.06,M,#F0E628,4,4.0,0,0,0.526,0,0,0,0,0.0,16
1,2024,2024041,3,Alpine,13,OCO,Esteban Ocon,31,#0093CC,38.0,203,96.714,96.714,0,0,96.781,2.049,-0.505,0.042,-0.526,13.0,-0.505,0.042,-0.526,13.0,-0.547,M,#F0E628,5,4.0,0,0,0.526,0,0,0,0,0.0,16
1,2024,2024041,3,Alpine,13,OCO,Esteban Ocon,31,#0093CC,39.0,204,97.058,97.058,0,0,96.886,0.344,-1.027,3.165,-2.610,13.0,-1.027,0.356,-1.205,13.0,-4.192,M,#F0E628,6,4.0,0,0,0.526,0,0,0,0,0.0,16
1,2024,2024041,3,Alpine,13,OCO,Esteban Ocon,31,#0093CC,40.0,205,97.58,97.58,0,0,97.319,0.522,-1.513,0.492,-1.759,13.0,-1.513,0.492,-1.759,13.0,-2.005,M,#F0E628,7,4.0,0,0,0.526,0,0,0,0,0.0,16
1,2024,2024041,3,Alpine,13,OCO,Esteban Ocon,31,#0093CC,41.0,206,99.008,97.354,1,0,97.467,1.428,-3.186,-1.531,-2.421,17.0,-1.532,0.123,-1.593,13.0,-1.655,M,#F0E628,8,4.0,0,0,0.526,0,0,0,0,0.0,15
1,2024,2024041,3,Alpine,13,OCO,Esteban Ocon,31,#0093CC,42.0,207,97.129,97.129,0,0,97.242,1.879,-1.148,-0.115,-1.091,17.0,-1.148,-0.115,-1.091,17.0,-1.033,M,#F0E628,9,4.0,0,0,0.526,0,0,0,0,0.0,15
1,2024,2024041,3,Alpine,13,OCO,Esteban Ocon,31,#0093CC,43.0,208,97.478,97.478,0,0,97.304,0.349,-1.532,-0.679,-1.192,17.0,-1.532,-0.679,-1.192,17.0,-0.853,M,#F0E628,10,4.0,0,1,0.526,0,0,0,0,0.0,15
1,2024,2024041,3,Alpine,13,OCO,Esteban Ocon,31,#0093CC,44.0,209,100.961,97.23,1,0,97.354,3.483,-5.04,-3.760,-3.160,17.0,-1.309,-0.029,-1.294,17.0,-1.28,M,#F0E628,11,4.0,0,0,0.526,0,0,0,0,0.0,15
1,2024,2024041,3,Alpine,13,OCO,Esteban Ocon,31,#0093CC,45.0,210,96.983,96.983,0,0,97.107,3.978,-0.929,-0.041,-0.908,17.0,-0.929,-0.041,-0.908,17.0,-0.888,M,#F0E628,12,4.0,0,0,0.526,0,0,0,0,0.0,15
1,2024,2024041,3,Alpine,13,OCO,Esteban Ocon,31,#0093CC,46.0,211,97.091,97.091,0,0,97.037,0.108,-1.053,-0.093,-1.006,17.0,-1.053,-0.093,-1.006,17.0,-0.96,M,#F0E628,13,4.0,0,0,0.526,0,0,0,0,0.0,15
1,2024,2024041,3,Alpine,13,OCO,Esteban Ocon,31,#0093CC,47.0,212,97.381,97.381,0,0,97.236,0.290,-1.207,-0.622,-0.896,17.0,-1.207,-0.622,-0.896,17.0,-0.585,M,#F0E628,14,4.0,0,0,0.526,0,0,0,0,0.0,15
1,2024,2024041,3,Alpine,13,OCO,Esteban Ocon,31,#0093CC,48.0,213,96.836,96.836,0,0,97.108,0.545,-0.811,-0.194,-0.714,17.0,-0.811,-0.194,-0.714,17.0,-0.617,M,#F0E628,15,4.0,0,0,0.526,0,0,0,0,0.0,15
1,2024,2024041,3,Alpine,13,OCO,Esteban Ocon,31,#0093CC,49.0,214,96.691,96.691,0,0,96.764,0.145,-0.648,1.959,-1.628,13.0,-0.648,1.959,-1.628,13.0,-2.607,M,#F0E628,16,4.0,0,0,0.526,0,0,0,0,0.0,15
1,2024,2024041,3,Alpine,13,OCO,Esteban Ocon,31,#0093CC,50.0,215,96.636,96.636,0,0,96.664,0.055,-0.72,4.325,-2.882,13.0,-0.720,1.549,-1.494,13.0,-5.045,M,#F0E628,17,4.0,0,0,0.526,0,0,0,0,0.0,15
1,2024,2024041,3,Alpine,13,OCO,Esteban Ocon,31,#0093CC,51.0,216,96.831,96.831,0,0,96.733,0.195,-0.928,0.890,-1.373,13.0,-0.928,0.890,-1.373,13.0,-1.818,M,#F0E628,18,4.0,0,0,0.526,0,0,0,0,0.0,15
1,2024,2024041,3,Alpine,13,OCO,Esteban Ocon,31,#0093CC,52.0,217,96.232,96.232,0,0,96.532,0.599,0.179,1.273,-0.458,13.0,0.179,1.273,-0.458,13.0,-1.094,M,#F0E628,19,4.0,0,0,0.526,0,0,0,0,0.0,15
1,2024,2024041,3,Alpine,17,GAS,Pierre Gasly,10,#0093CC,1.0,166,-,-,0,1,-,-,-,-,-,-,-,-,-,-,,S,#CD3C3C,1,1.0,1,0,-,0,0,0,0,,14
1,2024,2024041,3,Alpine,17,GAS,Pierre Gasly,10,#0093CC,2.0,167,-,-,0,1,-,-,-,-,-,-,-,-,-,-,,H,#A5AFB9,1,2.0,0,0,0.398,0,0,0,0,,14
1,2024,2024041,3,Alpine,17,GAS,Pierre Gasly,10,#0093CC,3.0,168,-,-,0,1,-,-,-,-,-,-,-,-,-,-,,H,#A5AFB9,2,2.0,0,0,0.398,0,0,0,0,0.0,14
1,2024,2024041,3,Alpine,17,GAS,Pierre Gasly,10,#0093CC,4.0,169,99.925,99.925,0,0,-,-,-1.228,0.384,-1.036,13.0,-1.228,0.384,-1.036,13.0,-0.844,H,#A5AFB9,3,2.0,0,0,0.398,0,0,0,0,0.0,14
1,2024,2024041,3,Alpine,17,GAS,Pierre Gasly,10,#0093CC,5.0,170,99.473,99.473,0,0,99.699,0.452,-1.144,-0.608,-1.448,17.0,-1.144,-0.608,-1.448,17.0,-1.752,H,#A5AFB9,4,2.0,0,0,0.398,0,0,0,0,0.0,14
1,2024,2024041,3,Alpine,17,GAS,Pierre Gasly,10,#0093CC,6.0,171,100.257,99.86,1,0,99.667,0.784,-1.761,-0.239,-1.881,17.0,-1.364,-0.052,-1.390,17.0,-2.0,H,#A5AFB9,5,2.0,0,0,0.398,0,0,0,0,0.0,14
1,2024,2024041,3,Alpine,17,GAS,Pierre Gasly,10,#0093CC,7.0,172,100.248,100.248,0,0,100.054,0.009,-1.809,0.504,-1.557,13.0,-1.809,0.504,-1.557,13.0,-1.305,H,#A5AFB9,6,2.0,0,0,0.398,0,0,0,0,0.0,13
1,2024,2024041,3,Alpine,17,GAS,Pierre Gasly,10,#0093CC,8.0,173,101.363,100.514,1,0,100.381,1.115,-3.022,1.354,-2.345,13.0,-2.173,0.505,-1.921,13.0,-1.668,H,#A5AFB9,7,2.0,0,0,0.398,0,0,0,0,-1.0,13
1,2024,2024041,3,Alpine,17,GAS,Pierre Gasly,10,#0093CC,9.0,174,100.78,100.78,0,0,100.647,0.583,-2.242,0.486,-1.999,13.0,-2.242,0.486,-1.999,13.0,-1.756,H,#A5AFB9,8,2.0,0,1,0.398,0,0,0,0,0.0,13
1,2024,2024041,3,Alpine,17,GAS,Pierre Gasly,10,#0093CC,10.0,175,101.117,101.117,0,0,100.948,0.337,-2.326,0.802,-1.925,13.0,-2.326,0.802,-1.925,13.0,-1.524,H,#A5AFB9,9,2.0,0,0,0.398,0,0,0,0,0.0,13
1,2024,2024041,3,Alpine,17,GAS,Pierre Gasly,10,#0093CC,11.0,176,101.628,101.628,0,0,101.372,0.511,-2.592,1.257,-1.964,13.0,-2.592,1.257,-1.964,13.0,-1.335,H,#A5AFB9,10,2.0,0,0,0.398,0,0,0,0,-1.0,14
1,2024,2024041,3,Alpine,17,GAS,Pierre Gasly,10,#0093CC,12.0,177,101.107,101.107,0,0,101.368,0.521,-2.016,0.547,-1.743,13.0,-2.016,0.547,-1.743,13.0,-1.469,H,#A5AFB9,11,2.0,0,0,0.398,0,0,0,0,0.0,14
1,2024,2024041,3,Alpine,17,GAS,Pierre Gasly,10,#0093CC,13.0,178,102.475,101.44,1,0,101.274,1.368,-3.61,1.134,-3.043,13.0,-2.575,0.767,-2.192,13.0,-2.476,H,#A5AFB9,12,2.0,0,0,0.398,0,0,0,0,-3.0,17
1,2024,2024041,3,Alpine,17,GAS,Pierre Gasly,10,#0093CC,14.0,179,101.773,101.773,0,0,101.606,0.702,-2.972,0.986,-2.479,13.0,-2.972,0.986,-2.479,13.0,-1.986,H,#A5AFB9,13,2.0,0,0,0.398,0,0,0,0,0.0,17
1,2024,2024041,3,Alpine,17,GAS,Pierre Gasly,10,#0093CC,15.0,180,101.38,101.38,0,0,101.576,0.393,-2.586,0.419,-2.377,13.0,-2.586,0.419,-2.377,13.0,-2.167,H,#A5AFB9,14,2.0,0,0,0.398,0,0,0,0,0.0,17
1,2024,2024041,3,Alpine,17,GAS,Pierre Gasly,10,#0093CC,16.0,181,-,-,0,1,-,-,-,-,-,-,-,-,-,-,-2.044,H,#A5AFB9,15,2.0,1,0,0.398,0,0,0,0,0.0,17
1,2024,2024041,3,Alpine,17,GAS,Pierre Gasly,10,#0093CC,17.0,182,-,-,0,1,-,-,-,-,-,-,-,-,-,-,-2.568,M,#F0E628,1,3.0,0,0,0.189,0,0,0,0,0.0,17
1,2024,2024041,3,Alpine,17,GAS,Pierre Gasly,10,#0093CC,18.0,183,98.374,98.374,0,0,-,-,-0.119,-2.363,-1.300,17.0,-0.119,-2.363,-1.300,17.0,-2.482,M,#F0E628,2,3.0,0,0,0.189,0,0,0,0,0.0,17
1,2024,2024041,3,Alpine,17,GAS,Pierre Gasly,10,#0093CC,19.0,184,98.599,98.599,0,0,98.486,0.225,-0.458,-,-,-,-0.458,-,-,-,,M,#F0E628,3,3.0,0,0,0.189,0,0,0,0,0.0,17
1,2024,2024041,3,Alpine,17,GAS,Pierre Gasly,10,#0093CC,20.0,185,98.741,98.741,0,0,98.67,0.142,-0.661,-,-,-,-0.661,-,-,-,,M,#F0E628,4,3.0,0,0,0.189,0,0,0,0,0.0,17
1,2024,2024041,3,Alpine,17,GAS,Pierre Gasly,10,#0093CC,21.0,186,98.415,98.415,0,0,98.578,0.326,-0.151,0.699,0.199,13.0,-0.151,0.699,0.199,13.0,0.548,M,#F0E628,5,3.0,0,0,0.189,0,0,0,0,0.0,17
1,2024,2024041,3,Alpine,17,GAS,Pierre Gasly,10,#0093CC,22.0,187,98.382,98.382,0,0,98.399,0.033,-0.522,0.607,-0.218,13.0,-0.522,0.607,-0.218,13.0,0.085,M,#F0E628,6,3.0,0,0,0.189,0,0,0,0,0.0,17
1,2024,2024041,3,Alpine,17,GAS,Pierre Gasly,10,#0093CC,23.0,188,99.816,98.582,1,0,98.482,1.434,-2.01,0.597,-1.712,13.0,-0.775,0.232,-0.659,13.0,-1.413,M,#F0E628,7,3.0,0,0,0.189,0,0,0,0,0.0,17
1,2024,2024041,3,Alpine,17,GAS,Pierre Gasly,10,#0093CC,24.0,189,98.781,98.781,0,0,98.681,1.035,-1.371,-0.143,-1.442,17.0,-1.371,-0.143,-1.442,17.0,-1.514,M,#F0E628,8,3.0,0,1,0.189,0,0,0,0,0.0,17
1,2024,2024041,3,Alpine,17,GAS,Pierre Gasly,10,#0093CC,25.0,190,99.034,99.034,0,0,98.908,0.253,-1.701,-0.050,-1.726,17.0,-1.701,-0.050,-1.726,17.0,-1.751,M,#F0E628,9,3.0,0,0,0.189,0,0,0,0,0.0,17
1,2024,2024041,3,Alpine,17,GAS,Pierre Gasly,10,#0093CC,26.0,191,98.958,98.958,0,0,98.996,0.076,-1.586,0.347,-1.413,13.0,-1.586,0.347,-1.413,13.0,-1.239,M,#F0E628,10,3.0,0,0,0.189,0,0,0,0,0.0,17
1,2024,2024041,3,Alpine,17,GAS,Pierre Gasly,10,#0093CC,27.0,192,98.902,98.902,0,0,98.93,0.056,-1.533,-0.041,-1.554,17.0,-1.533,0.290,-1.388,13.0,-1.574,M,#F0E628,11,3.0,0,0,0.189,0,0,0,0,0.0,17
1,2024,2024041,3,Alpine,17,GAS,Pierre Gasly,10,#0093CC,28.0,193,98.873,98.873,0,0,98.888,0.029,-1.585,0.261,-1.454,13.0,-1.585,0.261,-1.454,13.0,-1.324,M,#F0E628,12,3.0,0,0,0.189,0,0,0,0,0.0,17
1,2024,2024041,3,Alpine,17,GAS,Pierre Gasly,10,#0093CC,29.0,194,99.052,99.052,0,0,98.962,0.179,-1.643,0.350,-1.468,13.0,-1.643,0.350,-1.468,13.0,-1.293,M,#F0E628,13,3.0,0,0,0.189,0,0,0,0,0.0,17
1,2024,2024041,3,Alpine,17,GAS,Pierre Gasly,10,#0093CC,30.0,195,98.894,98.894,0,0,98.973,0.158,-1.409,0.395,-1.212,13.0,-1.409,0.395,-1.212,13.0,-1.014,M,#F0E628,14,3.0,0,0,0.189,0,0,0,0,0.0,17
1,2024,2024041,3,Alpine,17,GAS,Pierre Gasly,10,#0093CC,31.0,196,99.45,99.45,0,0,99.172,0.556,-1.868,0.788,-1.474,13.0,-1.868,0.788,-1.474,13.0,-1.08,M,#F0E628,15,3.0,0,0,0.189,0,0,0,0,0.0,17
1,2024,2024041,3,Alpine,17,GAS,Pierre Gasly,10,#0093CC,32.0,197,-,-,0,1,-,-,-,-,-,-,-,-,-,-,-0.684,M,#F0E628,16,3.0,1,0,0.189,0,0,0,0,0.0,17
1,2024,2024041,3,Alpine,17,GAS,Pierre Gasly,10,#0093CC,33.0,198,-,-,0,1,-,-,-,-,-,-,-,-,-,-,,H,#A5AFB9,1,4.0,0,0,0.590,0,0,0,0,0.0,17
1,2024,2024041,3,Alpine,17,GAS,Pierre Gasly,10,#0093CC,34.0,199,98.671,98.671,0,0,-,-,-1.652,-,-,-,-1.652,-,-,-,,H,#A5AFB9,2,4.0,0,0,0.590,0,0,0,0,0.0,17
1,2024,2024041,3,Alpine,17,GAS,Pierre Gasly,10,#0093CC,35.0,200,97.656,97.656,0,0,98.164,1.015,-1.157,0.530,-0.892,13.0,-1.157,0.530,-0.892,13.0,-0.627,H,#A5AFB9,3,4.0,0,0,0.590,0,0,0,0,0.0,17
1,2024,2024041,3,Alpine,17,GAS,Pierre Gasly,10,#0093CC,36.0,201,97.283,97.283,0,0,97.47,0.373,-1.079,0.300,-0.929,13.0,-1.079,0.300,-0.929,13.0,-0.779,H,#A5AFB9,4,4.0,0,0,0.590,0,0,0,0,0.0,17
1,2024,2024041,3,Alpine,17,GAS,Pierre Gasly,10,#0093CC,37.0,202,98.426,98.426,0,0,97.854,1.143,-2.06,-0.337,-2.228,17.0,-2.060,1.577,-1.272,13.0,-2.397,H,#A5AFB9,5,4.0,0,0,0.590,0,0,0,0,0.0,17
1,2024,2024041,3,Alpine,17,GAS,Pierre Gasly,10,#0093CC,38.0,203,96.756,96.756,0,0,97.591,1.670,-0.547,0.042,-0.526,13.0,-0.547,0.042,-0.526,13.0,-0.505,H,#A5AFB9,6,4.0,0,0,0.590,0,0,0,0,0.0,17
1,2024,2024041,3,Alpine,17,GAS,Pierre Gasly,10,#0093CC,39.0,204,100.223,97.414,1,0,97.085,3.467,-4.192,3.165,-2.610,13.0,-1.383,0.356,-1.205,13.0,-1.027,H,#A5AFB9,7,4.0,0,0,0.590,0,0,0,0,0.0,17
1,2024,2024041,3,Alpine,17,GAS,Pierre Gasly,10,#0093CC,40.0,205,98.072,98.072,0,0,97.743,2.151,-2.005,0.492,-1.759,13.0,-2.005,0.492,-1.759,13.0,-1.513,H,#A5AFB9,8,4.0,0,0,0.590,0,0,0,0,0.0,17
1,2024,2024041,3,Alpine,17,GAS,Pierre Gasly,10,#0093CC,41.0,206,97.477,97.477,0,0,97.774,0.595,-1.655,-1.531,-2.421,17.0,-1.655,0.123,-1.593,13.0,-3.186,H,#A5AFB9,9,4.0,0,0,0.590,0,0,0,0,0.0,16
1,2024,2024041,3,Alpine,17,GAS,Pierre Gasly,10,#0093CC,42.0,207,97.014,97.014,0,0,97.246,0.463,-1.033,-0.115,-1.091,17.0,-1.033,-0.115,-1.091,17.0,-1.148,H,#A5AFB9,10,4.0,0,0,0.590,0,0,0,0,0.0,16
1,2024,2024041,3,Alpine,17,GAS,Pierre Gasly,10,#0093CC,43.0,208,96.799,96.799,0,0,96.906,0.215,-0.853,-0.679,-1.192,17.0,-0.853,-0.679,-1.192,17.0,-1.532,H,#A5AFB9,11,4.0,0,1,0.590,0,0,0,0,0.0,16
1,2024,2024041,3,Alpine,17,GAS,Pierre Gasly,10,#0093CC,44.0,209,97.201,97.201,0,0,97.0,0.402,-1.28,-3.760,-3.160,17.0,-1.280,-0.029,-1.294,17.0,-5.04,H,#A5AFB9,12,4.0,0,0,0.590,0,0,0,0,0.0,16
1,2024,2024041,3,Alpine,17,GAS,Pierre Gasly,10,#0093CC,45.0,210,96.942,96.942,0,0,97.071,0.259,-0.888,-0.041,-0.908,17.0,-0.888,-0.041,-0.908,17.0,-0.929,H,#A5AFB9,13,4.0,0,0,0.590,0,0,0,0,0.0,16
1,2024,2024041,3,Alpine,17,GAS,Pierre Gasly,10,#0093CC,46.0,211,96.997,96.997,0,0,96.97,0.055,-0.96,-0.093,-1.006,17.0,-0.960,-0.093,-1.006,17.0,-1.053,H,#A5AFB9,14,4.0,0,0,0.590,0,0,0,0,0.0,16
1,2024,2024041,3,Alpine,17,GAS,Pierre Gasly,10,#0093CC,47.0,212,96.759,96.759,0,0,96.878,0.238,-0.585,-0.622,-0.896,17.0,-0.585,-0.622,-0.896,17.0,-1.207,H,#A5AFB9,15,4.0,0,0,0.590,0,0,0,0,0.0,16
1,2024,2024041,3,Alpine,17,GAS,Pierre Gasly,10,#0093CC,48.0,213,96.642,96.642,0,0,96.7,0.117,-0.617,-0.194,-0.714,17.0,-0.617,-0.194,-0.714,17.0,-0.811,H,#A5AFB9,16,4.0,0,0,0.590,0,0,0,0,0.0,16
1,2024,2024041,3,Alpine,17,GAS,Pierre Gasly,10,#0093CC,49.0,214,98.65,98.65,0,0,97.646,2.008,-2.607,1.959,-1.628,13.0,-2.607,1.959,-1.628,13.0,-0.648,H,#A5AFB9,17,4.0,0,0,0.590,0,0,0,0,0.0,16
1,2024,2024041,3,Alpine,17,GAS,Pierre Gasly,10,#0093CC,50.0,215,100.961,98.186,1,0,98.418,2.311,-5.045,4.325,-2.882,13.0,-2.269,1.549,-1.494,13.0,-0.72,H,#A5AFB9,18,4.0,0,0,0.590,0,0,0,0,0.0,16
1,2024,2024041,3,Alpine,17,GAS,Pierre Gasly,10,#0093CC,51.0,216,97.721,97.721,0,0,97.953,3.240,-1.818,0.890,-1.373,13.0,-1.818,0.890,-1.373,13.0,-0.928,H,#A5AFB9,19,4.0,0,0,0.590,0,0,0,0,0.0,16
1,2024,2024041,3,Alpine,17,GAS,Pierre Gasly,10,#0093CC,52.0,217,97.505,97.505,0,0,97.613,0.216,-1.094,1.273,-0.458,13.0,-1.094,1.273,-0.458,13.0,0.179,H,#A5AFB9,20,4.0,0,0,0.590,0,0,0,0,0.0,16
1,2024,2024051,5,Alpine,13,OCO,Esteban Ocon,31,#0093CC,1.0,219,-,-,0,1,-,-,-,-,-,-,-,-,-,-,,M,#F0E628,1,1.0,0,0,0.124,0,0,0,0,,12
1,2024,2024051,5,Alpine,13,OCO,Esteban Ocon,31,#0093CC,2.0,220,-,-,0,1,-,-,-,-,-,-,-,-,-,-,,M,#F0E628,2,1.0,0,0,0.124,0,0,0,0,0.0,12
1,2024,2024051,5,Alpine,13,OCO,Esteban Ocon,31,#0093CC,3.0,221,102.807,102.807,0,0,-,-,-0.442,-0.205,-0.544,13.0,-0.442,-0.205,-0.544,13.0,-0.647,M,#F0E628,3,1.0,0,0,0.124,0,0,0,0,0.0,12
1,2024,2024051,5,Alpine,13,OCO,Esteban Ocon,31,#0093CC,4.0,222,103.002,103.002,0,0,102.904,0.195,-0.457,0.155,-0.380,17.0,-0.457,0.155,-0.380,17.0,-0.302,M,#F0E628,4,1.0,0,0,0.124,0,0,0,0,0.0,12
1,2024,2024051,5,Alpine,13,OCO,Esteban Ocon,31,#0093CC,5.0,223,103.105,103.105,0,0,103.054,0.103,-0.302,-0.447,-0.525,13.0,-0.302,-0.066,-0.335,13.0,-0.749,M,#F0E628,5,1.0,0,1,0.124,0,0,0,0,0.0,12
1,2024,2024051,5,Alpine,13,OCO,Esteban Ocon,31,#0093CC,6.0,224,103.212,103.212,0,0,103.158,0.107,-0.255,-0.282,-0.396,13.0,-0.255,-0.282,-0.396,13.0,-0.537,M,#F0E628,6,1.0,0,0,0.124,0,0,0,0,0.0,12
1,2024,2024051,5,Alpine,13,OCO,Esteban Ocon,31,#0093CC,7.0,225,103.549,103.549,0,0,103.381,0.337,-0.474,0.197,-0.376,17.0,-0.474,0.197,-0.376,17.0,-0.277,M,#F0E628,7,1.0,0,0,0.124,0,0,0,0,0.0,12
1,2024,2024051,5,Alpine,13,OCO,Esteban Ocon,31,#0093CC,8.0,226,104.045,104.045,0,0,103.797,0.496,-0.968,0.174,-0.881,17.0,-0.968,0.523,-0.707,17.0,-0.794,M,#F0E628,8,1.0,0,0,0.124,0,0,0,0,0.0,11
1,2024,2024051,5,Alpine,13,OCO,Esteban Ocon,31,#0093CC,9.0,227,-,-,0,1,-,-,-,-,-,-,-,-,-,-,-0.995,M,#F0E628,9,1.0,1,0,0.124,0,0,0,0,0.0,13
1,2024,2024051,5,Alpine,13,OCO,Esteban Ocon,31,#0093CC,10.0,228,-,-,0,1,-,-,-,-,-,-,-,-,-,-,-0.892,H,#A5AFB9,1,2.0,0,0,0.096,0,0,0,0,0.0,16
1,2024,2024051,5,Alpine,13,OCO,Esteban Ocon,31,#0093CC,11.0,229,101.472,101.472,0,0,-,-,0.709,-,-,-,0.709,-,-,-,,H,#A5AFB9,2,2.0,0,0,0.096,0,0,0,0,0.0,16
1,2024,2024051,5,Alpine,13,OCO,Esteban Ocon,31,#0093CC,12.0,230,101.793,101.793,0,0,101.632,0.321,0.404,-,-,-,0.404,-,-,-,,H,#A5AFB9,3,2.0,0,0,0.096,0,0,0,0,0.0,15
1,2024,2024051,5,Alpine,13,OCO,Esteban Ocon,31,#0093CC,13.0,231,102.193,101.952,1,0,101.873,0.400,-0.024,1.122,0.537,17.0,0.217,0.881,0.658,17.0,1.098,H,#A5AFB9,4,2.0,0,0,0.096,0,0,0,0,0.0,14
1,2024,2024051,5,Alpine,13,OCO,Esteban Ocon,31,#0093CC,14.0,232,102.112,102.112,0,0,102.032,0.081,-0.045,0.219,0.065,17.0,-0.045,0.737,0.323,17.0,0.174,H,#A5AFB9,5,2.0,0,0,0.096,0,0,0,0,0.0,14
1,2024,2024051,5,Alpine,13,OCO,Esteban Ocon,31,#0093CC,15.0,233,102.357,102.357,0,0,102.234,0.245,-0.401,0.678,-0.062,17.0,-0.401,0.678,-0.062,17.0,0.277,H,#A5AFB9,6,2.0,0,1,0.096,0,0,0,0,0.0,13
1,2024,2024051,5,Alpine,13,OCO,Esteban Ocon,31,#0093CC,16.0,234,102.443,102.443,0,0,102.4,0.086,-0.456,0.336,-0.288,17.0,-0.456,0.626,-0.143,17.0,-0.12,H,#A5AFB9,7,2.0,0,0,0.096,0,0,0,0,0.0,13
1,2024,2024051,5,Alpine,13,OCO,Esteban Ocon,31,#0093CC,17.0,235,102.55,102.55,0,0,102.496,0.107,-0.726,0.594,-0.429,17.0,-0.726,0.594,-0.429,17.0,-0.132,H,#A5AFB9,8,2.0,0,0,0.096,0,0,0,0,0.0,12
1,2024,2024051,5,Alpine,13,OCO,Esteban Ocon,31,#0093CC,18.0,236,102.486,102.486,0,0,102.518,0.064,-0.654,0.674,-0.317,17.0,-0.654,0.674,-0.317,17.0,0.02,H,#A5AFB9,9,2.0,0,0,0.096,0,0,0,0,0.0,12
1,2024,2024051,5,Alpine,13,OCO,Esteban Ocon,31,#0093CC,19.0,237,102.544,102.544,0,0,102.515,0.058,-0.723,0.408,-0.519,17.0,-0.723,0.408,-0.519,17.0,-0.315,H,#A5AFB9,10,2.0,0,0,0.096,0,0,0,0,0.0,12
1,2024,2024051,5,Alpine,13,OCO,Esteban Ocon,31,#0093CC,20.0,238,102.599,102.599,0,0,102.572,0.055,-0.612,0.370,-0.427,17.0,-0.612,0.370,-0.427,17.0,-0.242,H,#A5AFB9,11,2.0,0,0,0.096,0,0,0,0,0.0,11
1,2024,2024051,5,Alpine,13,OCO,Esteban Ocon,31,#0093CC,21.0,239,-,-,0,1,-,-,-,-,-,-,-,-,-,-,,H,#A5AFB9,12,2.0,0,0,0.096,0,0,0,1,0.0,11
1,2024,2024051,5,Alpine,13,OCO,Esteban Ocon,31,#0093CC,22.0,240,-,-,0,1,-,-,-,-,-,-,-,-,-,-,,H,#A5AFB9,13,2.0,0,0,0.096,0,0,0,0,0.0,10
1,2024,2024051,5,Alpine,13,OCO,Esteban Ocon,31,#0093CC,23.0,241,-,-,0,1,-,-,-,-,-,-,-,-,-,-,,H,#A5AFB9,14,2.0,1,0,0.096,0,0,0,0,0.0,11
1,2024,2024051,5,Alpine,13,OCO,Esteban Ocon,31,#0093CC,24.0,242,-,-,0,1,-,-,-,-,-,-,-,-,-,-,,H,#A5AFB9,1,3.0,0,0,0.099,0,0,0,0,0.0,13
1,2024,2024051,5,Alpine,13,OCO,Esteban Ocon,31,#0093CC,25.0,243,-,-,0,1,-,-,-,-,-,-,-,-,-,-,,H,#A5AFB9,2,3.0,0,0,0.099,0,0,0,0,0.0,12
1,2024,2024051,5,Alpine,13,OCO,Esteban Ocon,31,#0093CC,26.0,244,-,-,0,1,-,-,-,-,-,-,-,-,-,-,,H,#A5AFB9,3,3.0,0,0,0.099,1,0,0,0,0.0,11
1,2024,2024051,5,Alpine,13,OCO,Esteban Ocon,31,#0093CC,27.0,245,-,-,0,1,-,-,-,-,-,-,-,-,-,-,,H,#A5AFB9,4,3.0,0,0,0.099,0,1,0,0,-1.0,12
1,2024,2024051,5,Alpine,13,OCO,Esteban Ocon,31,#0093CC,28.0,246,-,-,0,1,-,-,-,-,-,-,-,-,-,-,,H,#A5AFB9,5,3.0,0,0,0.099,0,0,0,0,0.0,12
1,2024,2024051,5,Alpine,13,OCO,Esteban Ocon,31,#0093CC,29.0,247,-,-,0,1,-,-,-,-,-,-,-,-,-,-,,H,#A5AFB9,6,3.0,0,0,0.099,0,0,0,0,0.0,12
1,2024,2024051,5,Alpine,13,OCO,Esteban Ocon,31,#0093CC,30.0,248,-,-,0,1,-,-,-,-,-,-,-,-,-,-,,H,#A5AFB9,7,3.0,0,0,0.099,0,0,0,0,0.0,12
1,2024,2024051,5,Alpine,13,OCO,Esteban Ocon,31,#0093CC,31.0,249,-,-,0,1,-,-,-,-,-,-,-,-,-,-,,H,#A5AFB9,8,3.0,0,0,0.099,1,0,0,0,0.0,12
1,2024,2024051,5,Alpine,13,OCO,Esteban Ocon,31,#0093CC,32.0,250,-,-,0,1,-,-,-,-,-,-,-,-,-,-,,H,#A5AFB9,9,3.0,0,0,0.099,0,0,0,0,0.0,11
1,2024,2024051,5,Alpine,13,OCO,Esteban Ocon,31,#0093CC,33.0,251,100.937,100.937,0,0,-,-,-0.199,-1.110,-0.754,13.0,-0.199,-1.110,-0.754,13.0,-1.309,H,#A5AFB9,10,3.0,0,0,0.099,0,0,0,0,0.0,11
1,2024,2024051,5,Alpine,13,OCO,Esteban Ocon,31,#0093CC,34.0,252,100.972,100.972,0,0,100.954,0.035,-0.336,-0.550,-0.611,13.0,-0.336,-0.550,-0.611,13.0,-0.886,H,#A5AFB9,11,3.0,0,0,0.099,0,0,0,0,0.0,11
1,2024,2024051,5,Alpine,13,OCO,Esteban Ocon,31,#0093CC,35.0,253,101.009,101.009,0,0,100.99,0.037,-0.47,-0.069,-0.504,13.0,-0.470,-0.069,-0.504,13.0,-0.539,H,#A5AFB9,12,3.0,0,0,0.099,0,0,0,0,0.0,11
1,2024,2024051,5,Alpine,13,OCO,Esteban Ocon,31,#0093CC,36.0,254,101.194,101.194,0,0,101.102,0.185,-0.593,-0.117,-0.651,13.0,-0.593,0.120,-0.533,17.0,-0.71,H,#A5AFB9,13,3.0,0,0,0.099,0,0,0,0,0.0,11
1,2024,2024051,5,Alpine,13,OCO,Esteban Ocon,31,#0093CC,37.0,255,101.361,101.162,1,0,101.178,0.167,-0.694,0.290,-0.549,17.0,-0.495,0.091,-0.450,17.0,-0.404,H,#A5AFB9,14,3.0,0,0,0.099,0,0,0,0,0.0,11
1,2024,2024051,5,Alpine,13,OCO,Esteban Ocon,31,#0093CC,38.0,256,101.131,101.131,0,0,101.147,0.230,-0.566,-,-,-,-0.566,-,-,-,,H,#A5AFB9,15,3.0,0,0,0.099,0,0,0,0,0.0,11
1,2024,2024051,5,Alpine,13,OCO,Esteban Ocon,31,#0093CC,39.0,257,101.313,101.313,0,0,101.222,0.182,-0.708,-,-,-,-0.708,-,-,-,,H,#A5AFB9,16,3.0,0,0,0.099,0,0,0,0,0.0,11
1,2024,2024051,5,Alpine,13,OCO,Esteban Ocon,31,#0093CC,40.0,258,101.592,101.592,0,0,101.452,0.279,-0.971,2.394,0.226,17.0,-0.971,2.394,0.226,17.0,1.423,H,#A5AFB9,17,3.0,0,0,0.099,0,0,0,0,0.0,11
1,2024,2024051,5,Alpine,13,OCO,Esteban Ocon,31,#0093CC,41.0,259,101.653,101.653,0,0,101.622,0.061,-0.992,1.895,-0.044,17.0,-0.992,1.895,-0.044,17.0,0.903,H,#A5AFB9,18,3.0,0,0,0.099,0,0,0,0,0.0,11
1,2024,2024051,5,Alpine,13,OCO,Esteban Ocon,31,#0093CC,42.0,260,101.515,101.515,0,0,101.584,0.138,-0.978,1.491,-0.232,17.0,-0.978,1.491,-0.232,17.0,0.513,H,#A5AFB9,19,3.0,0,0,0.099,0,0,0,0,0.0,11
1,2024,2024051,5,Alpine,13,OCO,Esteban Ocon,31,#0093CC,43.0,261,101.535,101.535,0,0,101.525,0.020,-0.959,1.506,-0.206,17.0,-0.959,1.506,-0.206,17.0,0.547,H,#A5AFB9,20,3.0,0,0,0.099,0,0,0,0,0.0,11
1,2024,2024051,5,Alpine,13,OCO,Esteban Ocon,31,#0093CC,44.0,262,101.24,101.24,0,0,101.387,0.295,-0.711,1.334,-0.044,17.0,-0.711,1.334,-0.044,17.0,0.623,H,#A5AFB9,21,3.0,0,1,0.099,0,0,0,0,0.0,10
1,2024,2024051,5,Alpine,13,OCO,Esteban Ocon,31,#0093CC,45.0,263,101.423,101.423,0,0,101.332,0.183,-1.038,1.358,-0.359,17.0,-1.038,1.358,-0.359,17.0,0.32,H,#A5AFB9,22,3.0,0,0,0.099,0,0,0,0,0.0,10
1,2024,2024051,5,Alpine,13,OCO,Esteban Ocon,31,#0093CC,46.0,264,102.084,101.583,1,0,101.503,0.661,-1.444,1.834,-0.527,17.0,-0.943,1.333,-0.276,17.0,0.39,H,#A5AFB9,23,3.0,0,0,0.099,0,0,0,0,-1.0,11
1,2024,2024051,5,Alpine,13,OCO,Esteban Ocon,31,#0093CC,47.0,265,101.743,101.743,0,0,101.663,0.341,-1.054,1.346,-0.381,17.0,-1.054,1.346,-0.381,17.0,0.292,H,#A5AFB9,24,3.0,0,0,0.099,0,0,0,0,0.0,11
1,2024,2024051,5,Alpine,13,OCO,Esteban Ocon,31,#0093CC,48.0,266,101.301,101.301,0,0,101.522,0.442,-0.623,-0.250,-0.748,13.0,-0.623,0.950,-0.148,17.0,-0.873,H,#A5AFB9,25,3.0,0,0,0.099,0,0,0,0,0.0,11
1,2024,2024051,5,Alpine,13,OCO,Esteban Ocon,31,#0093CC,49.0,267,101.297,101.297,0,0,101.299,0.004,-0.65,0.992,-0.154,17.0,-0.650,0.992,-0.154,17.0,0.342,H,#A5AFB9,26,3.0,0,0,0.099,0,0,0,0,0.0,11
1,2024,2024051,5,Alpine,13,OCO,Esteban Ocon,31,#0093CC,50.0,268,101.567,101.387,1,0,101.342,0.270,-0.9,1.428,-0.186,17.0,-0.721,1.249,-0.096,17.0,0.528,H,#A5AFB9,27,3.0,0,0,0.099,0,0,0,0,0.0,11
1,2024,2024051,5,Alpine,13,OCO,Esteban Ocon,31,#0093CC,51.0,269,101.477,101.477,0,0,101.432,0.090,-0.767,0.980,-0.277,17.0,-0.767,0.980,-0.277,17.0,0.213,H,#A5AFB9,28,3.0,0,0,0.099,0,0,0,0,0.0,11
1,2024,2024051,5,Alpine,13,OCO,Esteban Ocon,31,#0093CC,52.0,270,101.559,101.559,0,0,101.518,0.082,-0.663,0.507,-0.409,17.0,-0.663,0.507,-0.409,17.0,-0.156,H,#A5AFB9,29,3.0,0,0,0.099,0,0,0,0,0.0,11
1,2024,2024051,5,Alpine,13,OCO,Esteban Ocon,31,#0093CC,53.0,271,101.652,101.652,0,0,101.606,0.093,-0.634,0.279,-0.494,17.0,-0.634,0.279,-0.494,17.0,-0.355,H,#A5AFB9,30,3.0,0,0,0.099,0,0,0,0,0.0,11
1,2024,2024051,5,Alpine,13,OCO,Esteban Ocon,31,#0093CC,54.0,272,101.522,101.522,0,0,101.587,0.130,-0.456,0.795,-0.058,17.0,-0.456,0.795,-0.058,17.0,0.339,H,#A5AFB9,31,3.0,0,0,0.099,0,0,0,0,0.0,11
1,2024,2024051,5,Alpine,13,OCO,Esteban Ocon,31,#0093CC,55.0,273,101.574,101.574,0,0,101.548,0.052,-0.456,0.837,-0.037,17.0,-0.456,0.837,-0.037,17.0,0.381,H,#A5AFB9,32,3.0,0,0,0.099,0,0,0,0,0.0,11
1,2024,2024051,5,Alpine,13,OCO,Esteban Ocon,31,#0093CC,56.0,274,101.651,101.651,0,0,101.612,0.077,-0.386,0.832,0.030,17.0,-0.386,0.832,0.030,17.0,0.446,H,#A5AFB9,33,3.0,0,0,0.099,0,0,0,0,0.0,11
1,2024,2024051,5,Alpine,17,GAS,Pierre Gasly,10,#0093CC,1.0,219,-,-,0,1,-,-,-,-,-,-,-,-,-,-,,M,#F0E628,1,1.0,0,0,0.215,0,0,0,0,,14
1,2024,2024051,5,Alpine,17,GAS,Pierre Gasly,10,#0093CC,2.0,220,-,-,0,1,-,-,-,-,-,-,-,-,-,-,,M,#F0E628,2,1.0,0,0,0.215,0,0,0,0,0.0,14
1,2024,2024051,5,Alpine,17,GAS,Pierre Gasly,10,#0093CC,3.0,221,103.012,103.012,0,0,-,-,-0.647,-0.205,-0.544,13.0,-0.647,-0.205,-0.544,13.0,-0.442,M,#F0E628,3,1.0,0,0,0.215,0,0,0,0,0.0,14
1,2024,2024051,5,Alpine,17,GAS,Pierre Gasly,10,#0093CC,4.0,222,102.847,102.847,0,0,102.929,0.165,-0.302,0.155,-0.380,17.0,-0.302,0.155,-0.380,17.0,-0.457,M,#F0E628,4,1.0,0,0,0.215,0,0,0,0,0.0,14
1,2024,2024051,5,Alpine,17,GAS,Pierre Gasly,10,#0093CC,5.0,223,103.552,103.17,1,0,103.009,0.705,-0.749,-0.447,-0.525,13.0,-0.368,-0.066,-0.335,13.0,-0.302,M,#F0E628,5,1.0,0,0,0.215,0,0,0,0,0.0,14
1,2024,2024051,5,Alpine,17,GAS,Pierre Gasly,10,#0093CC,6.0,224,103.494,103.494,0,0,103.332,0.058,-0.537,-0.282,-0.396,13.0,-0.537,-0.282,-0.396,13.0,-0.255,M,#F0E628,6,1.0,0,1,0.215,0,0,0,0,0.0,14
1,2024,2024051,5,Alpine,17,GAS,Pierre Gasly,10,#0093CC,7.0,225,103.352,103.352,0,0,103.423,0.142,-0.277,0.197,-0.376,17.0,-0.277,0.197,-0.376,17.0,-0.474,M,#F0E628,7,1.0,0,0,0.215,0,0,0,0,0.0,14
1,2024,2024051,5,Alpine,17,GAS,Pierre Gasly,10,#0093CC,8.0,226,103.871,103.522,1,0,103.437,0.519,-0.794,0.174,-0.881,17.0,-0.445,0.523,-0.707,17.0,-0.968,M,#F0E628,8,1.0,0,0,0.215,0,0,0,0,0.0,13
1,2024,2024051,5,Alpine,17,GAS,Pierre Gasly,10,#0093CC,9.0,227,103.691,103.691,0,0,103.606,0.180,-0.995,-,-,-,-0.995,-,-,-,,M,#F0E628,9,1.0,0,0,0.215,0,0,0,0,0.0,10
1,2024,2024051,5,Alpine,17,GAS,Pierre Gasly,10,#0093CC,10.0,228,103.435,103.435,0,0,103.563,0.256,-0.892,-,-,-,-0.892,-,-,-,,M,#F0E628,10,1.0,0,0,0.215,0,0,0,0,0.0,9
1,2024,2024051,5,Alpine,17,GAS,Pierre Gasly,10,#0093CC,11.0,229,-,-,0,1,-,-,-,-,-,-,-,-,-,-,0.709,M,#F0E628,11,1.0,1,0,0.215,0,0,0,0,0.0,11
1,2024,2024051,5,Alpine,17,GAS,Pierre Gasly,10,#0093CC,12.0,230,-,-,0,1,-,-,-,-,-,-,-,-,-,-,0.404,H,#A5AFB9,1,2.0,0,0,0.219,0,0,0,0,0.0,20
1,2024,2024051,5,Alpine,17,GAS,Pierre Gasly,10,#0093CC,13.0,231,101.071,101.071,0,0,-,-,1.098,1.122,0.537,17.0,1.098,0.881,0.658,17.0,-0.024,H,#A5AFB9,2,2.0,0,0,0.219,0,0,0,0,0.0,20
1,2024,2024051,5,Alpine,17,GAS,Pierre Gasly,10,#0093CC,14.0,232,101.893,101.375,1,0,101.223,0.822,0.174,0.219,0.065,17.0,0.692,0.737,0.323,17.0,-0.045,H,#A5AFB9,3,2.0,0,0,0.219,0,0,0,0,0.0,20
1,2024,2024051,5,Alpine,17,GAS,Pierre Gasly,10,#0093CC,15.0,233,101.679,101.679,0,0,101.527,0.214,0.277,0.678,-0.062,17.0,0.277,0.678,-0.062,17.0,-0.401,H,#A5AFB9,4,2.0,0,0,0.219,0,0,0,0,0.0,20
1,2024,2024051,5,Alpine,17,GAS,Pierre Gasly,10,#0093CC,16.0,234,102.107,101.818,1,0,101.748,0.428,-0.12,0.336,-0.288,17.0,0.170,0.626,-0.143,17.0,-0.456,H,#A5AFB9,5,2.0,0,1,0.219,0,0,0,0,0.0,20
1,2024,2024051,5,Alpine,17,GAS,Pierre Gasly,10,#0093CC,17.0,235,101.956,101.956,0,0,101.887,0.151,-0.132,0.594,-0.429,17.0,-0.132,0.594,-0.429,17.0,-0.726,H,#A5AFB9,6,2.0,0,0,0.219,0,0,0,0,0.0,20
1,2024,2024051,5,Alpine,17,GAS,Pierre Gasly,10,#0093CC,18.0,236,101.812,101.812,0,0,101.884,0.144,0.02,0.674,-0.317,17.0,0.020,0.674,-0.317,17.0,-0.654,H,#A5AFB9,7,2.0,0,0,0.219,0,0,0,0,0.0,19
1,2024,2024051,5,Alpine,17,GAS,Pierre Gasly,10,#0093CC,19.0,237,102.136,102.136,0,0,101.974,0.324,-0.315,0.408,-0.519,17.0,-0.315,0.408,-0.519,17.0,-0.723,H,#A5AFB9,8,2.0,0,0,0.219,0,0,0,0,0.0,19
1,2024,2024051,5,Alpine,17,GAS,Pierre Gasly,10,#0093CC,20.0,238,102.229,102.229,0,0,102.182,0.093,-0.242,0.370,-0.427,17.0,-0.242,0.370,-0.427,17.0,-0.612,H,#A5AFB9,9,2.0,0,0,0.219,0,0,0,0,0.0,18
1,2024,2024051,5,Alpine,17,GAS,Pierre Gasly,10,#0093CC,21.0,239,-,-,0,1,-,-,-,-,-,-,-,-,-,-,,H,#A5AFB9,10,2.0,0,0,0.219,0,0,0,1,0.0,18
1,2024,2024051,5,Alpine,17,GAS,Pierre Gasly,10,#0093CC,22.0,240,-,-,0,1,-,-,-,-,-,-,-,-,-,-,,H,#A5AFB9,11,2.0,0,0,0.219,0,0,0,0,0.0,18
1,2024,2024051,5,Alpine,17,GAS,Pierre Gasly,10,#0093CC,23.0,241,-,-,0,1,-,-,-,-,-,-,-,-,-,-,,H,#A5AFB9,12,2.0,1,0,0.219,0,0,0,0,0.0,19
1,2024,2024051,5,Alpine,17,GAS,Pierre Gasly,10,#0093CC,24.0,242,-,-,0,1,-,-,-,-,-,-,-,-,-,-,,H,#A5AFB9,1,3.0,0,0,0.180,0,0,0,0,0.0,19
1,2024,2024051,5,Alpine,17,GAS,Pierre Gasly,10,#0093CC,25.0,243,-,-,0,1,-,-,-,-,-,-,-,-,-,-,,H,#A5AFB9,2,3.0,0,0,0.180,0,0,0,0,0.0,19
1,2024,2024051,5,Alpine,17,GAS,Pierre Gasly,10,#0093CC,26.0,244,-,-,0,1,-,-,-,-,-,-,-,-,-,-,,H,#A5AFB9,3,3.0,0,0,0.180,1,0,0,0,0.0,18
1,2024,2024051,5,Alpine,17,GAS,Pierre Gasly,10,#0093CC,27.0,245,-,-,0,1,-,-,-,-,-,-,-,-,-,-,,H,#A5AFB9,4,3.0,0,0,0.180,0,1,0,0,0.0,16
1,2024,2024051,5,Alpine,17,GAS,Pierre Gasly,10,#0093CC,28.0,246,-,-,0,1,-,-,-,-,-,-,-,-,-,-,,H,#A5AFB9,5,3.0,0,0,0.180,0,0,0,0,0.0,16
1,2024,2024051,5,Alpine,17,GAS,Pierre Gasly,10,#0093CC,29.0,247,-,-,0,1,-,-,-,-,-,-,-,-,-,-,,H,#A5AFB9,6,3.0,0,0,0.180,0,0,0,0,0.0,16
1,2024,2024051,5,Alpine,17,GAS,Pierre Gasly,10,#0093CC,30.0,248,-,-,0,1,-,-,-,-,-,-,-,-,-,-,,H,#A5AFB9,7,3.0,0,0,0.180,0,0,0,0,0.0,16
1,2024,2024051,5,Alpine,17,GAS,Pierre Gasly,10,#0093CC,31.0,249,-,-,0,1,-,-,-,-,-,-,-,-,-,-,,H,#A5AFB9,8,3.0,0,0,0.180,1,0,0,0,0.0,16
1,2024,2024051,5,Alpine,17,GAS,Pierre Gasly,10,#0093CC,32.0,250,-,-,0,1,-,-,-,-,-,-,-,-,-,-,,H,#A5AFB9,9,3.0,0,0,0.180,0,0,0,0,0.0,16
1,2024,2024051,5,Alpine,17,GAS,Pierre Gasly,10,#0093CC,33.0,251,102.047,102.047,0,0,-,-,-1.309,-1.110,-0.754,13.0,-1.309,-1.110,-0.754,13.0,-0.199,H,#A5AFB9,10,3.0,0,0,0.180,0,0,0,0,1.0,14
1,2024,2024051,5,Alpine,17,GAS,Pierre Gasly,10,#0093CC,34.0,252,101.522,101.522,0,0,101.785,0.525,-0.886,-0.550,-0.611,13.0,-0.886,-0.550,-0.611,13.0,-0.336,H,#A5AFB9,11,3.0,0,0,0.180,0,0,0,0,0.0,14
1,2024,2024051,5,Alpine,17,GAS,Pierre Gasly,10,#0093CC,35.0,253,101.078,101.078,0,0,101.3,0.444,-0.539,-0.069,-0.504,13.0,-0.539,-0.069,-0.504,13.0,-0.47,H,#A5AFB9,12,3.0,0,1,0.180,0,0,0,0,0.0,14
1,2024,2024051,5,Alpine,17,GAS,Pierre Gasly,10,#0093CC,36.0,254,101.311,101.074,1,0,101.076,0.233,-0.71,-0.117,-0.651,13.0,-0.473,0.120,-0.533,17.0,-0.593,H,#A5AFB9,13,3.0,0,0,0.180,0,0,0,0,0.0,14
1,2024,2024051,5,Alpine,17,GAS,Pierre Gasly,10,#0093CC,37.0,255,101.071,101.071,0,0,101.073,0.240,-0.404,0.290,-0.549,17.0,-0.404,0.091,-0.450,17.0,-0.694,H,#A5AFB9,14,3.0,0,0,0.180,0,0,0,0,1.0,13
1,2024,2024051,5,Alpine,17,GAS,Pierre Gasly,10,#0093CC,38.0,256,-,-,0,1,-,-,-,-,-,-,-,-,-,-,-0.566,H,#A5AFB9,15,3.0,1,0,0.180,0,0,0,0,0.0,16
1,2024,2024051,5,Alpine,17,GAS,Pierre Gasly,10,#0093CC,39.0,257,-,-,0,1,-,-,-,-,-,-,-,-,-,-,-0.708,M,#F0E628,1,4.0,0,0,0.187,0,0,0,0,0.0,16
1,2024,2024051,5,Alpine,17,GAS,Pierre Gasly,10,#0093CC,40.0,258,99.198,99.198,0,0,-,-,1.423,2.394,0.226,17.0,1.423,2.394,0.226,17.0,-0.971,M,#F0E628,2,4.0,0,0,0.187,0,0,0,0,0.0,16
1,2024,2024051,5,Alpine,17,GAS,Pierre Gasly,10,#0093CC,41.0,259,99.758,99.758,0,0,99.478,0.560,0.903,1.895,-0.044,17.0,0.903,1.895,-0.044,17.0,-0.992,M,#F0E628,3,4.0,0,0,0.187,0,0,0,0,0.0,15
1,2024,2024051,5,Alpine,17,GAS,Pierre Gasly,10,#0093CC,42.0,260,100.024,100.024,0,0,99.891,0.266,0.513,1.491,-0.232,17.0,0.513,1.491,-0.232,17.0,-0.978,M,#F0E628,4,4.0,0,0,0.187,0,0,0,0,0.0,15
1,2024,2024051,5,Alpine,17,GAS,Pierre Gasly,10,#0093CC,43.0,261,100.029,100.029,0,0,100.026,0.005,0.547,1.506,-0.206,17.0,0.547,1.506,-0.206,17.0,-0.959,M,#F0E628,5,4.0,0,0,0.187,0,0,0,0,0.0,15
1,2024,2024051,5,Alpine,17,GAS,Pierre Gasly,10,#0093CC,44.0,262,99.906,99.906,0,0,99.968,0.123,0.623,1.334,-0.044,17.0,0.623,1.334,-0.044,17.0,-0.711,M,#F0E628,6,4.0,0,0,0.187,0,0,0,0,0.0,15
1,2024,2024051,5,Alpine,17,GAS,Pierre Gasly,10,#0093CC,45.0,263,100.065,100.065,0,0,99.986,0.159,0.32,1.358,-0.359,17.0,0.320,1.358,-0.359,17.0,-1.038,M,#F0E628,7,4.0,0,0,0.187,0,0,0,0,0.0,15
1,2024,2024051,5,Alpine,17,GAS,Pierre Gasly,10,#0093CC,46.0,264,100.25,100.25,0,0,100.158,0.185,0.39,1.834,-0.527,17.0,0.390,1.333,-0.276,17.0,-1.444,M,#F0E628,8,4.0,0,0,0.187,0,0,0,0,0.0,15
1,2024,2024051,5,Alpine,17,GAS,Pierre Gasly,10,#0093CC,47.0,265,100.397,100.397,0,0,100.324,0.147,0.292,1.346,-0.381,17.0,0.292,1.346,-0.381,17.0,-1.054,M,#F0E628,9,4.0,0,0,0.187,0,0,0,0,0.0,15
1,2024,2024051,5,Alpine,17,GAS,Pierre Gasly,10,#0093CC,48.0,266,101.551,100.351,1,0,100.374,1.154,-0.873,-0.250,-0.748,13.0,0.327,0.950,-0.148,17.0,-0.623,M,#F0E628,10,4.0,0,1,0.187,0,0,0,0,1.0,14
1,2024,2024051,5,Alpine,17,GAS,Pierre Gasly,10,#0093CC,49.0,267,100.305,100.305,0,0,100.328,1.246,0.342,0.992,-0.154,17.0,0.342,0.992,-0.154,17.0,-0.65,M,#F0E628,11,4.0,0,0,0.187,0,0,0,0,0.0,14
1,2024,2024051,5,Alpine,17,GAS,Pierre Gasly,10,#0093CC,50.0,268,100.138,100.138,0,0,100.222,0.167,0.528,1.428,-0.186,17.0,0.528,1.249,-0.096,17.0,-0.9,M,#F0E628,12,4.0,0,0,0.187,0,0,0,0,0.0,14
1,2024,2024051,5,Alpine,17,GAS,Pierre Gasly,10,#0093CC,51.0,269,100.497,100.497,0,0,100.318,0.359,0.213,0.980,-0.277,17.0,0.213,0.980,-0.277,17.0,-0.767,M,#F0E628,13,4.0,0,0,0.187,0,0,0,0,0.0,14
1,2024,2024051,5,Alpine,17,GAS,Pierre Gasly,10,#0093CC,52.0,270,101.052,101.052,0,0,100.774,0.555,-0.156,0.507,-0.409,17.0,-0.156,0.507,-0.409,17.0,-0.663,M,#F0E628,14,4.0,0,0,0.187,0,0,0,0,0.0,14
1,2024,2024051,5,Alpine,17,GAS,Pierre Gasly,10,#0093CC,53.0,271,101.373,101.373,0,0,101.212,0.321,-0.355,0.279,-0.494,17.0,-0.355,0.279,-0.494,17.0,-0.634,M,#F0E628,15,4.0,0,0,0.187,0,0,0,0,1.0,13
1,2024,2024051,5,Alpine,17,GAS,Pierre Gasly,10,#0093CC,54.0,272,100.727,100.727,0,0,101.05,0.646,0.339,0.795,-0.058,17.0,0.339,0.795,-0.058,17.0,-0.456,M,#F0E628,16,4.0,0,0,0.187,0,0,0,0,0.0,13
1,2024,2024051,5,Alpine,17,GAS,Pierre Gasly,10,#0093CC,55.0,273,100.737,100.737,0,0,100.732,0.010,0.381,0.837,-0.037,17.0,0.381,0.837,-0.037,17.0,-0.456,M,#F0E628,17,4.0,0,0,0.187,0,0,0,0,0.0,13
1,2024,2024051,5,Alpine,17,GAS,Pierre Gasly,10,#0093CC,56.0,274,100.819,100.819,0,0,100.778,0.082,0.446,0.832,0.030,17.0,0.446,0.832,0.030,17.0,-0.386,M,#F0E628,18,4.0,0,0,0.187,0,0,0,0,0.0,13
1,2024,2024061,7,Alpine,13,OCO,Esteban Ocon,31,#0093CC,1.0,275,-,-,0,1,-,-,-,-,-,-,-,-,-,-,,M,#F0E628,1,1.0,0,0,0.191,0,0,0,0,,14
1,2024,2024061,7,Alpine,13,OCO,Esteban Ocon,31,#0093CC,2.0,276,-,-,0,1,-,-,-,-,-,-,-,-,-,-,,M,#F0E628,2,1.0,0,0,0.191,0,0,0,0,-1.0,15
1,2024,2024061,7,Alpine,13,OCO,Esteban Ocon,31,#0093CC,3.0,277,94.667,94.667,0,0,-,-,-0.561,0.878,-0.122,17.0,-0.561,0.878,-0.122,17.0,0.317,M,#F0E628,3,1.0,0,0,0.191,0,0,0,0,0.0,15
1,2024,2024061,7,Alpine,13,OCO,Esteban Ocon,31,#0093CC,4.0,278,94.013,94.013,0,0,94.34,0.654,-0.088,-0.142,-0.159,13.0,-0.088,-0.142,-0.159,13.0,-0.23,M,#F0E628,4,1.0,0,0,0.191,0,0,0,0,0.0,15
1,2024,2024061,7,Alpine,13,OCO,Esteban Ocon,31,#0093CC,5.0,279,93.908,93.908,0,0,93.96,0.105,-0.161,-0.282,-0.302,13.0,-0.161,-0.282,-0.302,13.0,-0.443,M,#F0E628,5,1.0,0,0,0.191,0,0,0,0,0.0,15
1,2024,2024061,7,Alpine,13,OCO,Esteban Ocon,31,#0093CC,6.0,280,94.44,94.018,1,0,93.963,0.532,-0.737,0.436,-0.519,17.0,-0.314,0.013,-0.307,17.0,-0.301,M,#F0E628,6,1.0,0,0,0.191,0,0,0,0,0.0,15
1,2024,2024061,7,Alpine,13,OCO,Esteban Ocon,31,#0093CC,7.0,281,94.127,94.127,0,0,94.072,0.313,-0.25,-0.164,-0.332,13.0,-0.250,-0.164,-0.332,13.0,-0.414,M,#F0E628,7,1.0,0,0,0.191,0,0,0,0,0.0,15
1,2024,2024061,7,Alpine,13,OCO,Esteban Ocon,31,#0093CC,8.0,282,94.49,94.123,1,0,94.125,0.363,-0.611,0.686,-0.268,17.0,-0.244,0.319,-0.084,17.0,0.075,M,#F0E628,8,1.0,0,0,0.191,0,0,0,0,0.0,15
1,2024,2024061,7,Alpine,13,OCO,Esteban Ocon,31,#0093CC,9.0,283,94.119,94.119,0,0,94.121,0.371,-0.199,0.166,-0.116,17.0,-0.199,0.166,-0.116,17.0,-0.033,M,#F0E628,9,1.0,0,0,0.191,0,0,0,0,0.0,15
1,2024,2024061,7,Alpine,13,OCO,Esteban Ocon,31,#0093CC,10.0,284,94.356,94.356,0,0,94.238,0.237,-0.179,-0.375,-0.366,13.0,-0.179,-0.375,-0.366,13.0,-0.554,M,#F0E628,10,1.0,0,0,0.191,0,0,0,0,0.0,14
1,2024,2024061,7,Alpine,13,OCO,Esteban Ocon,31,#0093CC,11.0,285,94.486,94.486,0,0,94.421,0.130,-0.262,-0.257,-0.391,13.0,-0.262,-0.257,-0.391,13.0,-0.519,M,#F0E628,11,1.0,0,0,0.191,0,0,0,0,0.0,13
1,2024,2024061,7,Alpine,13,OCO,Esteban Ocon,31,#0093CC,12.0,286,93.984,93.984,0,0,94.235,0.502,0.008,-,-,-,0.008,-,-,-,,M,#F0E628,12,1.0,0,1,0.191,0,0,0,0,1.0,10
1,2024,2024061,7,Alpine,13,OCO,Esteban Ocon,31,#0093CC,13.0,287,94.094,94.094,0,0,94.039,0.110,-0.143,-,-,-,-0.143,-,-,-,,M,#F0E628,13,1.0,0,0,0.191,0,0,0,0,0.0,10
1,2024,2024061,7,Alpine,13,OCO,Esteban Ocon,31,#0093CC,14.0,288,94.067,94.067,0,0,94.08,0.027,-0.402,0.692,-0.056,17.0,-0.402,0.692,-0.056,17.0,0.29,M,#F0E628,14,1.0,0,0,0.191,0,0,0,0,0.0,10
1,2024,2024061,7,Alpine,13,OCO,Esteban Ocon,31,#0093CC,15.0,289,93.585,93.585,0,0,93.826,0.482,-0.176,0.591,0.119,17.0,-0.176,0.591,0.119,17.0,0.415,M,#F0E628,15,1.0,0,0,0.191,0,0,0,0,0.0,10
1,2024,2024061,7,Alpine,13,OCO,Esteban Ocon,31,#0093CC,16.0,290,93.545,93.545,0,0,93.565,0.040,-0.045,-0.009,-0.050,13.0,-0.045,0.283,0.097,17.0,-0.054,M,#F0E628,16,1.0,0,0,0.191,0,0,0,0,0.0,10
1,2024,2024061,7,Alpine,13,OCO,Esteban Ocon,31,#0093CC,17.0,291,93.997,93.718,1,0,93.631,0.452,-0.401,0.467,-0.168,17.0,-0.121,0.187,-0.027,17.0,0.066,M,#F0E628,17,1.0,0,0,0.191,0,0,0,0,0.0,10
1,2024,2024061,7,Alpine,13,OCO,Esteban Ocon,31,#0093CC,18.0,292,93.89,93.89,0,0,93.804,0.107,-0.282,0.083,-0.240,17.0,-0.282,0.083,-0.240,17.0,-0.199,M,#F0E628,18,1.0,0,0,0.191,0,0,0,0,0.0,9
1,2024,2024061,7,Alpine,13,OCO,Esteban Ocon,31,#0093CC,19.0,293,94.736,93.98,1,0,93.935,0.846,-1.285,1.562,-0.504,17.0,-0.528,0.805,-0.126,17.0,0.277,M,#F0E628,19,1.0,0,0,0.191,0,0,0,0,-1.0,10
1,2024,2024061,7,Alpine,13,OCO,Esteban Ocon,31,#0093CC,20.0,294,94.069,94.069,0,0,94.024,0.667,-0.558,0.430,-0.343,17.0,-0.558,0.430,-0.343,17.0,-0.128,M,#F0E628,20,1.0,0,0,0.191,0,0,0,0,0.0,10
1,2024,2024061,7,Alpine,13,OCO,Esteban Ocon,31,#0093CC,21.0,295,93.867,93.867,0,0,93.968,0.202,-0.381,0.176,-0.293,17.0,-0.381,0.176,-0.293,17.0,-0.205,M,#F0E628,21,1.0,0,0,0.191,0,0,0,0,0.0,10
1,2024,2024061,7,Alpine,13,OCO,Esteban Ocon,31,#0093CC,22.0,296,-,-,0,1,-,-,-,-,-,-,-,-,-,-,,M,#F0E628,22,1.0,1,0,0.191,0,0,0,1,0.0,10
1,2024,2024061,7,Alpine,13,OCO,Esteban Ocon,31,#0093CC,23.0,297,-,-,0,1,-,-,-,-,-,-,-,-,-,-,,H,#A5AFB9,1,2.0,0,0,0.161,0,0,1,0,0.0,13
1,2024,2024061,7,Alpine,13,OCO,Esteban Ocon,31,#0093CC,24.0,298,93.041,93.041,0,0,-,-,0.25,-0.942,-0.221,13.0,0.250,-0.942,-0.221,13.0,-0.692,H,#A5AFB9,2,2.0,0,0,0.161,0,0,0,0,1.0,12
1,2024,2024061,7,Alpine,13,OCO,Esteban Ocon,31,#0093CC,25.0,299,92.918,92.918,0,0,92.98,0.123,0.254,-1.051,-0.272,13.0,0.254,-1.051,-0.272,13.0,-0.797,H,#A5AFB9,3,2.0,0,0,0.161,0,0,0,0,0.0,11
1,2024,2024061,7,Alpine,13,OCO,Esteban Ocon,31,#0093CC,26.0,300,94.048,93.044,1,0,92.981,1.130,-0.931,-0.392,-1.127,13.0,0.073,-0.747,-0.300,13.0,-1.323,H,#A5AFB9,4,2.0,0,0,0.161,0,0,0,0,-1.0,12
1,2024,2024061,7,Alpine,13,OCO,Esteban Ocon,31,#0093CC,27.0,301,93.17,93.17,0,0,93.107,0.878,0.135,-0.444,-0.087,13.0,0.135,-0.444,-0.087,13.0,-0.309,H,#A5AFB9,5,2.0,0,0,0.161,0,0,0,0,0.0,12
1,2024,2024061,7,Alpine,13,OCO,Esteban Ocon,31,#0093CC,28.0,302,-,-,0,1,-,-,-,-,-,-,-,-,-,-,,H,#A5AFB9,6,2.0,0,0,0.161,0,1,0,0,0.0,11
1,2024,2024061,7,Alpine,13,OCO,Esteban Ocon,31,#0093CC,29.0,303,-,-,0,1,-,-,-,-,-,-,-,-,-,-,,H,#A5AFB9,7,2.0,0,0,0.161,0,0,0,0,0.0,10
1,2024,2024061,7,Alpine,13,OCO,Esteban Ocon,31,#0093CC,30.0,304,-,-,0,1,-,-,-,-,-,-,-,-,-,-,,H,#A5AFB9,8,2.0,0,0,0.161,0,0,0,0,0.0,10
1,2024,2024061,7,Alpine,13,OCO,Esteban Ocon,31,#0093CC,31.0,305,-,-,0,1,-,-,-,-,-,-,-,-,-,-,,H,#A5AFB9,9,2.0,0,0,0.161,0,0,0,0,0.0,10
1,2024,2024061,7,Alpine,13,OCO,Esteban Ocon,31,#0093CC,32.0,306,-,-,0,1,-,-,-,-,-,-,-,-,-,-,,H,#A5AFB9,10,2.0,0,0,0.161,1,0,0,0,0.0,10
1,2024,2024061,7,Alpine,13,OCO,Esteban Ocon,31,#0093CC,33.0,307,-,-,0,1,-,-,-,-,-,-,-,-,-,-,,H,#A5AFB9,11,2.0,0,0,0.161,0,0,0,0,0.0,10
1,2024,2024061,7,Alpine,13,OCO,Esteban Ocon,31,#0093CC,34.0,308,92.734,92.734,0,0,-,-,-0.04,-0.467,-0.274,13.0,-0.040,-0.467,-0.274,13.0,-0.507,H,#A5AFB9,12,2.0,0,0,0.161,0,0,0,0,0.0,10
1,2024,2024061,7,Alpine,13,OCO,Esteban Ocon,31,#0093CC,35.0,309,92.445,92.445,0,0,92.589,0.289,-0.203,-0.418,-0.412,13.0,-0.203,-0.418,-0.412,13.0,-0.621,H,#A5AFB9,13,2.0,0,0,0.161,0,0,0,0,0.0,10
1,2024,2024061,7,Alpine,13,OCO,Esteban Ocon,31,#0093CC,36.0,310,92.348,92.348,0,0,92.396,0.097,0.026,-0.530,-0.239,13.0,0.026,-0.530,-0.239,13.0,-0.504,H,#A5AFB9,14,2.0,0,0,0.161,0,0,0,0,0.0,10
1,2024,2024061,7,Alpine,13,OCO,Esteban Ocon,31,#0093CC,37.0,311,92.61,92.61,0,0,92.479,0.262,-0.265,-0.175,-0.352,13.0,-0.265,-0.175,-0.352,13.0,-0.44,H,#A5AFB9,15,2.0,0,0,0.161,0,0,0,0,0.0,10
1,2024,2024061,7,Alpine,13,OCO,Esteban Ocon,31,#0093CC,38.0,312,92.392,92.392,0,0,92.501,0.218,-0.184,-0.597,-0.482,13.0,-0.184,-0.597,-0.482,13.0,-0.781,H,#A5AFB9,16,2.0,0,0,0.161,0,0,0,0,0.0,10
1,2024,2024061,7,Alpine,13,OCO,Esteban Ocon,31,#0093CC,39.0,313,92.521,92.521,0,0,92.456,0.129,-0.086,-0.486,-0.329,13.0,-0.086,-0.486,-0.329,13.0,-0.572,H,#A5AFB9,17,2.0,0,0,0.161,0,0,0,0,0.0,10
1,2024,2024061,7,Alpine,13,OCO,Esteban Ocon,31,#0093CC,40.0,314,92.581,92.581,0,0,92.551,0.060,-0.157,-0.205,-0.260,13.0,-0.157,-0.205,-0.260,13.0,-0.362,H,#A5AFB9,18,2.0,0,0,0.161,0,0,0,0,0.0,9
1,2024,2024061,7,Alpine,13,OCO,Esteban Ocon,31,#0093CC,41.0,315,92.575,92.575,0,0,92.578,0.006,-0.259,-0.426,-0.472,13.0,-0.259,-0.426,-0.472,13.0,-0.685,H,#A5AFB9,19,2.0,0,0,0.161,0,0,0,0,0.0,9
1,2024,2024061,7,Alpine,13,OCO,Esteban Ocon,31,#0093CC,42.0,316,92.311,92.311,0,0,92.443,0.264,-0.258,-0.316,-0.416,13.0,-0.258,-0.316,-0.416,13.0,-0.574,H,#A5AFB9,20,2.0,0,0,0.161,0,0,0,0,0.0,9
1,2024,2024061,7,Alpine,13,OCO,Esteban Ocon,31,#0093CC,43.0,317,92.28,92.28,0,0,92.296,0.031,-0.286,-0.224,-0.398,13.0,-0.286,-0.224,-0.398,13.0,-0.51,H,#A5AFB9,21,2.0,0,1,0.161,0,0,0,0,0.0,9
1,2024,2024061,7,Alpine,13,OCO,Esteban Ocon,31,#0093CC,44.0,318,92.483,92.483,0,0,92.382,0.203,-0.387,-0.372,-0.573,13.0,-0.387,-0.372,-0.573,13.0,-0.759,H,#A5AFB9,22,2.0,0,0,0.161,0,0,0,0,0.0,9
1,2024,2024061,7,Alpine,13,OCO,Esteban Ocon,31,#0093CC,45.0,319,93.348,93.348,0,0,92.916,0.865,-1.126,0.367,-0.943,17.0,-1.126,0.367,-0.943,17.0,-0.759,H,#A5AFB9,23,2.0,0,0,0.161,0,0,0,0,0.0,9
1,2024,2024061,7,Alpine,13,OCO,Esteban Ocon,31,#0093CC,46.0,320,93.497,93.497,0,0,93.422,0.149,-1.24,-0.844,-1.662,13.0,-1.240,0.623,-0.928,17.0,-2.084,H,#A5AFB9,24,2.0,0,0,0.161,0,0,0,0,0.0,9
1,2024,2024061,7,Alpine,13,OCO,Esteban Ocon,31,#0093CC,47.0,321,93.316,93.316,0,0,93.406,0.181,-1.087,0.549,-0.812,17.0,-1.087,0.549,-0.812,17.0,-0.538,H,#A5AFB9,25,2.0,0,0,0.161,0,0,0,0,0.0,9
1,2024,2024061,7,Alpine,13,OCO,Esteban Ocon,31,#0093CC,48.0,322,93.946,93.074,1,0,93.195,0.630,-1.776,1.318,-1.117,17.0,-0.903,0.445,-0.680,17.0,-0.458,H,#A5AFB9,26,2.0,0,0,0.161,0,0,0,0,-1.0,10
1,2024,2024061,7,Alpine,13,OCO,Esteban Ocon,31,#0093CC,49.0,323,92.831,92.831,0,0,92.952,1.115,-0.685,0.111,-0.629,17.0,-0.685,0.111,-0.629,17.0,-0.574,H,#A5AFB9,27,2.0,0,0,0.161,0,0,0,0,0.0,10
1,2024,2024061,7,Alpine,13,OCO,Esteban Ocon,31,#0093CC,50.0,324,92.185,92.185,0,0,92.508,0.646,-0.118,-0.307,-0.271,13.0,-0.118,-0.307,-0.271,13.0,-0.425,H,#A5AFB9,28,2.0,0,0,0.161,0,0,0,0,0.0,10
1,2024,2024061,7,Alpine,13,OCO,Esteban Ocon,31,#0093CC,51.0,325,92.037,92.037,0,0,92.111,0.148,0.076,-0.485,-0.166,13.0,0.076,-0.485,-0.166,13.0,-0.409,H,#A5AFB9,29,2.0,0,0,0.161,0,0,0,0,0.0,10
1,2024,2024061,7,Alpine,13,OCO,Esteban Ocon,31,#0093CC,52.0,326,92.104,92.104,0,0,92.071,0.067,0.177,-0.539,-0.092,13.0,0.177,-0.539,-0.092,13.0,-0.362,H,#A5AFB9,30,2.0,0,0,0.161,0,0,0,0,0.0,10
1,2024,2024061,7,Alpine,13,OCO,Esteban Ocon,31,#0093CC,53.0,327,92.205,92.205,0,0,92.154,0.101,-0.113,-0.051,-0.139,13.0,-0.113,-0.051,-0.139,13.0,-0.164,H,#A5AFB9,31,2.0,0,0,0.161,0,0,0,0,0.0,10
1,2024,2024061,7,Alpine,13,OCO,Esteban Ocon,31,#0093CC,54.0,328,92.267,92.267,0,0,92.236,0.062,-0.323,-0.018,-0.332,13.0,-0.323,-0.018,-0.332,13.0,-0.341,H,#A5AFB9,32,2.0,0,0,0.161,0,0,0,0,0.0,10
1,2024,2024061,7,Alpine,13,OCO,Esteban Ocon,31,#0093CC,55.0,329,92.146,92.146,0,0,92.206,0.121,-0.481,-0.180,-0.571,13.0,-0.481,-0.180,-0.571,13.0,-0.661,H,#A5AFB9,33,2.0,0,0,0.161,0,0,0,0,0.0,10
1,2024,2024061,7,Alpine,13,OCO,Esteban Ocon,31,#0093CC,56.0,330,92.136,92.136,0,0,92.141,0.010,-0.35,0.081,-0.309,17.0,-0.350,0.081,-0.309,17.0,-0.269,H,#A5AFB9,34,2.0,0,0,0.161,0,0,0,0,0.0,10
1,2024,2024061,7,Alpine,13,OCO,Esteban Ocon,31,#0093CC,57.0,331,92.467,92.467,0,0,92.302,0.331,-0.413,0.047,-0.389,17.0,-0.413,0.047,-0.389,17.0,-0.366,H,#A5AFB9,35,2.0,0,0,0.161,0,0,0,0,0.0,10
1,2024,2024061,7,Alpine,17,GAS,Pierre Gasly,10,#0093CC,1.0,275,-,-,0,1,-,-,-,-,-,-,-,-,-,-,,M,#F0E628,1,1.0,0,0,0.144,0,0,0,0,,13
1,2024,2024061,7,Alpine,17,GAS,Pierre Gasly,10,#0093CC,2.0,276,-,-,0,1,-,-,-,-,-,-,-,-,-,-,,M,#F0E628,2,1.0,0,0,0.144,0,0,0,0,1.0,12
1,2024,2024061,7,Alpine,17,GAS,Pierre Gasly,10,#0093CC,3.0,277,93.789,93.789,0,0,-,-,0.317,0.878,-0.122,17.0,0.317,0.878,-0.122,17.0,-0.561,M,#F0E628,3,1.0,0,0,0.144,0,0,0,0,0.0,12
1,2024,2024061,7,Alpine,17,GAS,Pierre Gasly,10,#0093CC,4.0,278,94.155,94.155,0,0,93.972,0.366,-0.23,-0.142,-0.159,13.0,-0.230,-0.142,-0.159,13.0,-0.088,M,#F0E628,4,1.0,0,0,0.144,0,0,0,0,0.0,12
1,2024,2024061,7,Alpine,17,GAS,Pierre Gasly,10,#0093CC,5.0,279,94.19,94.19,0,0,94.172,0.035,-0.443,-0.282,-0.302,13.0,-0.443,-0.282,-0.302,13.0,-0.161,M,#F0E628,5,1.0,0,0,0.144,0,0,0,0,0.0,12
1,2024,2024061,7,Alpine,17,GAS,Pierre Gasly,10,#0093CC,6.0,280,94.004,94.004,0,0,94.097,0.186,-0.301,0.436,-0.519,17.0,-0.301,0.013,-0.307,17.0,-0.737,M,#F0E628,6,1.0,0,0,0.144,0,0,0,0,0.0,12
1,2024,2024061,7,Alpine,17,GAS,Pierre Gasly,10,#0093CC,7.0,281,94.291,94.291,0,0,94.148,0.287,-0.414,-0.164,-0.332,13.0,-0.414,-0.164,-0.332,13.0,-0.25,M,#F0E628,7,1.0,0,1,0.144,0,0,0,0,0.0,12
1,2024,2024061,7,Alpine,17,GAS,Pierre Gasly,10,#0093CC,8.0,282,93.804,93.804,0,0,94.048,0.487,0.075,0.686,-0.268,17.0,0.075,0.319,-0.084,17.0,-0.611,M,#F0E628,8,1.0,0,0,0.144,0,0,0,0,0.0,12
1,2024,2024061,7,Alpine,17,GAS,Pierre Gasly,10,#0093CC,9.0,283,93.953,93.953,0,0,93.878,0.149,-0.033,0.166,-0.116,17.0,-0.033,0.166,-0.116,17.0,-0.199,M,#F0E628,9,1.0,0,0,0.144,0,0,0,0,0.0,12
1,2024,2024061,7,Alpine,17,GAS,Pierre Gasly,10,#0093CC,10.0,284,94.731,94.731,0,0,94.342,0.778,-0.554,-0.375,-0.366,13.0,-0.554,-0.375,-0.366,13.0,-0.179,M,#F0E628,10,1.0,0,0,0.144,0,0,0,0,0.0,12
1,2024,2024061,7,Alpine,17,GAS,Pierre Gasly,10,#0093CC,11.0,285,94.743,94.743,0,0,94.737,0.012,-0.519,-0.257,-0.391,13.0,-0.519,-0.257,-0.391,13.0,-0.262,M,#F0E628,11,1.0,0,0,0.144,0,0,0,0,0.0,11
1,2024,2024061,7,Alpine,17,GAS,Pierre Gasly,10,#0093CC,12.0,286,-,-,0,1,-,-,-,-,-,-,-,-,-,-,0.008,M,#F0E628,12,1.0,1,0,0.144,0,0,0,0,0.0,14
1,2024,2024061,7,Alpine,17,GAS,Pierre Gasly,10,#0093CC,13.0,287,-,-,0,1,-,-,-,-,-,-,-,-,-,-,-0.143,H,#A5AFB9,1,2.0,0,0,0.166,0,0,0,0,0.0,16
1,2024,2024061,7,Alpine,17,GAS,Pierre Gasly,10,#0093CC,14.0,288,93.375,93.375,0,0,-,-,0.29,0.692,-0.056,17.0,0.290,0.692,-0.056,17.0,-0.402,H,#A5AFB9,2,2.0,0,0,0.166,0,0,0,0,0.0,16
1,2024,2024061,7,Alpine,17,GAS,Pierre Gasly,10,#0093CC,15.0,289,92.994,92.994,0,0,93.184,0.381,0.415,0.591,0.119,17.0,0.415,0.591,0.119,17.0,-0.176,H,#A5AFB9,3,2.0,0,0,0.166,0,0,0,0,0.0,16
1,2024,2024061,7,Alpine,17,GAS,Pierre Gasly,10,#0093CC,16.0,290,93.554,93.262,1,0,93.128,0.560,-0.054,-0.009,-0.050,13.0,0.238,0.283,0.097,17.0,-0.045,H,#A5AFB9,4,2.0,0,0,0.166,0,0,0,0,0.0,16
1,2024,2024061,7,Alpine,17,GAS,Pierre Gasly,10,#0093CC,17.0,291,93.53,93.53,0,0,93.396,0.024,0.066,0.467,-0.168,17.0,0.066,0.187,-0.027,17.0,-0.401,H,#A5AFB9,5,2.0,0,0,0.166,0,0,0,0,0.0,16
1,2024,2024061,7,Alpine,17,GAS,Pierre Gasly,10,#0093CC,18.0,292,93.807,93.807,0,0,93.668,0.277,-0.199,0.083,-0.240,17.0,-0.199,0.083,-0.240,17.0,-0.282,H,#A5AFB9,6,2.0,0,0,0.166,0,0,0,0,0.0,16
1,2024,2024061,7,Alpine,17,GAS,Pierre Gasly,10,#0093CC,19.0,293,93.174,93.174,0,0,93.49,0.633,0.277,1.562,-0.504,17.0,0.277,0.805,-0.126,17.0,-1.285,H,#A5AFB9,7,2.0,0,0,0.166,0,0,0,0,0.0,16
1,2024,2024061,7,Alpine,17,GAS,Pierre Gasly,10,#0093CC,20.0,294,93.639,93.639,0,0,93.406,0.465,-0.128,0.430,-0.343,17.0,-0.128,0.430,-0.343,17.0,-0.558,H,#A5AFB9,8,2.0,0,0,0.166,0,0,0,0,0.0,16
1,2024,2024061,7,Alpine,17,GAS,Pierre Gasly,10,#0093CC,21.0,295,93.691,93.691,0,0,93.665,0.052,-0.205,0.176,-0.293,17.0,-0.205,0.176,-0.293,17.0,-0.381,H,#A5AFB9,9,2.0,0,0,0.166,0,0,0,0,0.0,16
1,2024,2024061,7,Alpine,17,GAS,Pierre Gasly,10,#0093CC,22.0,296,-,-,0,1,-,-,-,-,-,-,-,-,-,-,,H,#A5AFB9,10,2.0,0,0,0.166,0,0,0,1,0.0,16
1,2024,2024061,7,Alpine,17,GAS,Pierre Gasly,10,#0093CC,23.0,297,-,-,0,1,-,-,-,-,-,-,-,-,-,-,,H,#A5AFB9,11,2.0,0,0,0.166,0,0,1,0,0.0,15
1,2024,2024061,7,Alpine,17,GAS,Pierre Gasly,10,#0093CC,24.0,298,93.983,93.983,0,0,-,-,-0.692,-0.942,-0.221,13.0,-0.692,-0.942,-0.221,13.0,0.25,H,#A5AFB9,12,2.0,0,0,0.166,0,0,0,0,0.0,15
1,2024,2024061,7,Alpine,17,GAS,Pierre Gasly,10,#0093CC,25.0,299,93.969,93.969,0,0,93.976,0.014,-0.797,-1.051,-0.272,13.0,-0.797,-1.051,-0.272,13.0,0.254,H,#A5AFB9,13,2.0,0,0,0.166,0,0,0,0,0.0,15
1,2024,2024061,7,Alpine,17,GAS,Pierre Gasly,10,#0093CC,26.0,300,94.44,93.792,1,0,93.88,0.471,-1.323,-0.392,-1.127,13.0,-0.674,-0.747,-0.300,13.0,-0.931,H,#A5AFB9,14,2.0,0,0,0.166,0,0,0,0,0.0,15
1,2024,2024061,7,Alpine,17,GAS,Pierre Gasly,10,#0093CC,27.0,301,93.614,93.614,0,0,93.703,0.826,-0.309,-0.444,-0.087,13.0,-0.309,-0.444,-0.087,13.0,0.135,H,#A5AFB9,15,2.0,0,0,0.166,0,0,0,0,1.0,14
1,2024,2024061,7,Alpine,17,GAS,Pierre Gasly,10,#0093CC,28.0,302,-,-,0,1,-,-,-,-,-,-,-,-,-,-,,H,#A5AFB9,16,2.0,0,0,0.166,0,1,0,0,0.0,14
1,2024,2024061,7,Alpine,17,GAS,Pierre Gasly,10,#0093CC,29.0,303,-,-,0,1,-,-,-,-,-,-,-,-,-,-,,H,#A5AFB9,17,2.0,0,0,0.166,0,0,0,0,0.0,12
1,2024,2024061,7,Alpine,17,GAS,Pierre Gasly,10,#0093CC,30.0,304,-,-,0,1,-,-,-,-,-,-,-,-,-,-,,H,#A5AFB9,18,2.0,0,0,0.166,0,0,0,0,0.0,12
1,2024,2024061,7,Alpine,17,GAS,Pierre Gasly,10,#0093CC,31.0,305,-,-,0,1,-,-,-,-,-,-,-,-,-,-,,H,#A5AFB9,19,2.0,0,0,0.166,0,0,0,0,0.0,12
1,2024,2024061,7,Alpine,17,GAS,Pierre Gasly,10,#0093CC,32.0,306,-,-,0,1,-,-,-,-,-,-,-,-,-,-,,H,#A5AFB9,20,2.0,0,0,0.166,1,0,0,0,0.0,12
1,2024,2024061,7,Alpine,17,GAS,Pierre Gasly,10,#0093CC,33.0,307,-,-,0,1,-,-,-,-,-,-,-,-,-,-,,H,#A5AFB9,21,2.0,0,0,0.166,0,0,0,0,0.0,12
1,2024,2024061,7,Alpine,17,GAS,Pierre Gasly,10,#0093CC,34.0,308,93.201,93.201,0,0,-,-,-0.507,-0.467,-0.274,13.0,-0.507,-0.467,-0.274,13.0,-0.04,H,#A5AFB9,22,2.0,0,0,0.166,0,0,0,0,0.0,12
1,2024,2024061,7,Alpine,17,GAS,Pierre Gasly,10,#0093CC,35.0,309,92.863,92.863,0,0,93.032,0.338,-0.621,-0.418,-0.412,13.0,-0.621,-0.418,-0.412,13.0,-0.203,H,#A5AFB9,23,2.0,0,0,0.166,0,0,0,0,0.0,12
1,2024,2024061,7,Alpine,17,GAS,Pierre Gasly,10,#0093CC,36.0,310,92.878,92.878,0,0,92.87,0.015,-0.504,-0.530,-0.239,13.0,-0.504,-0.530,-0.239,13.0,0.026,H,#A5AFB9,24,2.0,0,0,0.166,0,0,0,0,0.0,12
1,2024,2024061,7,Alpine,17,GAS,Pierre Gasly,10,#0093CC,37.0,311,92.785,92.785,0,0,92.832,0.093,-0.44,-0.175,-0.352,13.0,-0.440,-0.175,-0.352,13.0,-0.265,H,#A5AFB9,25,2.0,0,0,0.166,0,0,0,0,0.0,12
1,2024,2024061,7,Alpine,17,GAS,Pierre Gasly,10,#0093CC,38.0,312,92.989,92.989,0,0,92.887,0.204,-0.781,-0.597,-0.482,13.0,-0.781,-0.597,-0.482,13.0,-0.184,H,#A5AFB9,26,2.0,0,0,0.166,0,0,0,0,0.0,12
1,2024,2024061,7,Alpine,17,GAS,Pierre Gasly,10,#0093CC,39.0,313,93.007,93.007,0,0,92.998,0.018,-0.572,-0.486,-0.329,13.0,-0.572,-0.486,-0.329,13.0,-0.086,H,#A5AFB9,27,2.0,0,1,0.166,0,0,0,0,0.0,12
1,2024,2024061,7,Alpine,17,GAS,Pierre Gasly,10,#0093CC,40.0,314,92.786,92.786,0,0,92.896,0.221,-0.362,-0.205,-0.260,13.0,-0.362,-0.205,-0.260,13.0,-0.157,H,#A5AFB9,28,2.0,0,0,0.166,0,0,0,0,0.0,12
1,2024,2024061,7,Alpine,17,GAS,Pierre Gasly,10,#0093CC,41.0,315,93.001,93.001,0,0,92.894,0.215,-0.685,-0.426,-0.472,13.0,-0.685,-0.426,-0.472,13.0,-0.259,H,#A5AFB9,29,2.0,0,0,0.166,0,0,0,0,0.0,11
1,2024,2024061,7,Alpine,17,GAS,Pierre Gasly,10,#0093CC,42.0,316,92.627,92.627,0,0,92.814,0.374,-0.574,-0.316,-0.416,13.0,-0.574,-0.316,-0.416,13.0,-0.258,H,#A5AFB9,30,2.0,0,0,0.166,0,0,0,0,0.0,11
1,2024,2024061,7,Alpine,17,GAS,Pierre Gasly,10,#0093CC,43.0,317,92.504,92.504,0,0,92.566,0.123,-0.51,-0.224,-0.398,13.0,-0.510,-0.224,-0.398,13.0,-0.286,H,#A5AFB9,31,2.0,0,0,0.166,0,0,0,0,0.0,11
1,2024,2024061,7,Alpine,17,GAS,Pierre Gasly,10,#0093CC,44.0,318,92.855,92.855,0,0,92.68,0.351,-0.759,-0.372,-0.573,13.0,-0.759,-0.372,-0.573,13.0,-0.387,H,#A5AFB9,32,2.0,0,0,0.166,0,0,0,0,0.0,11
1,2024,2024061,7,Alpine,17,GAS,Pierre Gasly,10,#0093CC,45.0,319,92.981,92.981,0,0,92.918,0.126,-0.759,0.367,-0.943,17.0,-0.759,0.367,-0.943,17.0,-1.126,H,#A5AFB9,33,2.0,0,0,0.166,0,0,0,0,0.0,11
1,2024,2024061,7,Alpine,17,GAS,Pierre Gasly,10,#0093CC,46.0,320,94.341,92.874,1,0,92.928,1.360,-2.084,-0.844,-1.662,13.0,-0.617,0.623,-0.928,17.0,-1.24,H,#A5AFB9,34,2.0,0,0,0.166,0,0,0,0,-1.0,12
1,2024,2024061,7,Alpine,17,GAS,Pierre Gasly,10,#0093CC,47.0,321,92.767,92.767,0,0,92.82,1.574,-0.538,0.549,-0.812,17.0,-0.538,0.549,-0.812,17.0,-1.087,H,#A5AFB9,35,2.0,0,0,0.166,0,0,0,0,0.0,12
1,2024,2024061,7,Alpine,17,GAS,Pierre Gasly,10,#0093CC,48.0,322,92.628,92.628,0,0,92.697,0.139,-0.458,1.318,-1.117,17.0,-0.458,0.445,-0.680,17.0,-1.776,H,#A5AFB9,36,2.0,0,0,0.166,0,0,0,0,0.0,12
1,2024,2024061,7,Alpine,17,GAS,Pierre Gasly,10,#0093CC,49.0,323,92.72,92.72,0,0,92.674,0.092,-0.574,0.111,-0.629,17.0,-0.574,0.111,-0.629,17.0,-0.685,H,#A5AFB9,37,2.0,0,0,0.166,0,0,0,0,0.0,12
1,2024,2024061,7,Alpine,17,GAS,Pierre Gasly,10,#0093CC,50.0,324,92.492,92.492,0,0,92.606,0.228,-0.425,-0.307,-0.271,13.0,-0.425,-0.307,-0.271,13.0,-0.118,H,#A5AFB9,38,2.0,0,0,0.166,0,0,0,0,0.0,12
1,2024,2024061,7,Alpine,17,GAS,Pierre Gasly,10,#0093CC,51.0,325,92.522,92.522,0,0,92.507,0.030,-0.409,-0.485,-0.166,13.0,-0.409,-0.485,-0.166,13.0,0.076,H,#A5AFB9,39,2.0,0,0,0.166,0,0,0,0,0.0,12
1,2024,2024061,7,Alpine,17,GAS,Pierre Gasly,10,#0093CC,52.0,326,92.643,92.643,0,0,92.583,0.121,-0.362,-0.539,-0.092,13.0,-0.362,-0.539,-0.092,13.0,0.177,H,#A5AFB9,40,2.0,0,0,0.166,0,0,0,0,0.0,12
1,2024,2024061,7,Alpine,17,GAS,Pierre Gasly,10,#0093CC,53.0,327,92.256,92.256,0,0,92.45,0.387,-0.164,-0.051,-0.139,13.0,-0.164,-0.051,-0.139,13.0,-0.113,H,#A5AFB9,41,2.0,0,0,0.166,0,0,0,0,0.0,12
1,2024,2024061,7,Alpine,17,GAS,Pierre Gasly,10,#0093CC,54.0,328,92.285,92.285,0,0,92.27,0.029,-0.341,-0.018,-0.332,13.0,-0.341,-0.018,-0.332,13.0,-0.323,H,#A5AFB9,42,2.0,0,0,0.166,0,0,0,0,0.0,12
1,2024,2024061,7,Alpine,17,GAS,Pierre Gasly,10,#0093CC,55.0,329,92.326,92.326,0,0,92.306,0.041,-0.661,-0.180,-0.571,13.0,-0.661,-0.180,-0.571,13.0,-0.481,H,#A5AFB9,43,2.0,0,0,0.166,0,0,0,0,0.0,12
1,2024,2024061,7,Alpine,17,GAS,Pierre Gasly,10,#0093CC,56.0,330,92.055,92.055,0,0,92.19,0.271,-0.269,0.081,-0.309,17.0,-0.269,0.081,-0.309,17.0,-0.35,H,#A5AFB9,44,2.0,0,0,0.166,0,0,0,0,0.0,12
1,2024,2024061,7,Alpine,17,GAS,Pierre Gasly,10,#0093CC,57.0,331,92.42,92.42,0,0,92.238,0.365,-0.366,0.047,-0.389,17.0,-0.366,0.047,-0.389,17.0,-0.413,H,#A5AFB9,45,2.0,0,0,0.166,0,0,0,0,0.0,12
1,2024,2024071,8,Alpine,13,OCO,Esteban Ocon,31,#0093CC,1.0,332,-,-,0,1,-,-,-,-,-,-,-,-,-,-,,M,#F0E628,1,1.0,0,0,0.119,0,0,0,0,,12
1,2024,2024071,8,Alpine,13,OCO,Esteban Ocon,31,#0093CC,2.0,333,-,-,0,1,-,-,-,-,-,-,-,-,-,-,,M,#F0E628,2,1.0,0,0,0.119,0,0,0,0,0.0,12
1,2024,2024071,8,Alpine,13,OCO,Esteban Ocon,31,#0093CC,3.0,334,82.29,82.29,0,0,-,-,-0.373,0.462,-0.604,13.0,-0.373,0.462,-0.604,13.0,-0.835,M,#F0E628,3,1.0,0,0,0.119,0,0,0,0,0.0,12
1,2024,2024071,8,Alpine,13,OCO,Esteban Ocon,31,#0093CC,4.0,335,82.229,82.229,0,0,82.26,0.061,-0.232,0.477,-0.470,13.0,-0.232,0.477,-0.470,13.0,-0.709,M,#F0E628,4,1.0,0,0,0.119,0,0,0,0,0.0,12
1,2024,2024071,8,Alpine,13,OCO,Esteban Ocon,31,#0093CC,5.0,336,82.267,82.267,0,0,82.248,0.038,-0.268,0.216,-0.376,13.0,-0.268,0.216,-0.376,13.0,-0.484,M,#F0E628,5,1.0,0,0,0.119,0,0,0,0,0.0,12
1,2024,2024071,8,Alpine,13,OCO,Esteban Ocon,31,#0093CC,6.0,337,82.436,82.436,0,0,82.352,0.169,-0.435,-0.037,-0.416,17.0,-0.435,-0.037,-0.416,17.0,-0.398,M,#F0E628,6,1.0,0,0,0.119,0,0,0,0,0.0,12
1,2024,2024071,8,Alpine,13,OCO,Esteban Ocon,31,#0093CC,7.0,338,82.562,82.562,0,0,82.499,0.126,-0.577,-0.123,-0.515,17.0,-0.577,-0.123,-0.515,17.0,-0.454,M,#F0E628,7,1.0,0,0,0.119,0,0,0,0,0.0,12
1,2024,2024071,8,Alpine,13,OCO,Esteban Ocon,31,#0093CC,8.0,339,82.424,82.424,0,0,82.493,0.138,-0.526,-,-,-,-0.526,-,-,-,,M,#F0E628,8,1.0,0,0,0.119,0,0,0,0,0.0,12
1,2024,2024071,8,Alpine,13,OCO,Esteban Ocon,31,#0093CC,9.0,340,82.715,82.715,0,0,82.57,0.291,-0.736,-,-,-,-0.736,-,-,-,,M,#F0E628,9,1.0,0,0,0.119,0,0,0,0,0.0,12
1,2024,2024071,8,Alpine,13,OCO,Esteban Ocon,31,#0093CC,10.0,341,83.802,82.73,1,0,82.722,1.087,-1.826,-2.431,-0.611,17.0,-0.754,-1.359,-0.074,17.0,0.605,M,#F0E628,10,1.0,0,0,0.119,0,0,0,0,-1.0,13
1,2024,2024071,8,Alpine,13,OCO,Esteban Ocon,31,#0093CC,11.0,342,82.745,82.745,0,0,82.738,1.057,-0.841,-1.243,-0.219,17.0,-0.841,-1.243,-0.219,17.0,0.402,M,#F0E628,11,1.0,0,0,0.119,0,0,0,0,0.0,12
1,2024,2024071,8,Alpine,13,OCO,Esteban Ocon,31,#0093CC,12.0,343,83.042,82.826,1,0,82.786,0.297,-1.006,-1.136,-0.438,17.0,-0.790,-0.920,-0.330,17.0,0.13,M,#F0E628,12,1.0,0,0,0.119,0,0,0,0,0.0,12
1,2024,2024071,8,Alpine,13,OCO,Esteban Ocon,31,#0093CC,13.0,344,82.907,82.907,0,0,82.866,0.135,-0.845,-0.900,-0.395,17.0,-0.845,-0.900,-0.395,17.0,0.055,M,#F0E628,13,1.0,0,1,0.119,0,0,0,0,0.0,11
1,2024,2024071,8,Alpine,13,OCO,Esteban Ocon,31,#0093CC,14.0,345,82.861,82.861,0,0,82.884,0.046,-0.931,-1.022,-0.420,17.0,-0.931,-1.022,-0.420,17.0,0.091,M,#F0E628,14,1.0,0,0,0.119,0,0,0,0,0.0,10
1,2024,2024071,8,Alpine,13,OCO,Esteban Ocon,31,#0093CC,15.0,346,83.006,83.006,0,0,82.934,0.145,-1.0,-1.051,-0.474,17.0,-1.000,-1.051,-0.474,17.0,0.051,M,#F0E628,15,1.0,0,0,0.119,0,0,0,0,0.0,10
1,2024,2024071,8,Alpine,13,OCO,Esteban Ocon,31,#0093CC,16.0,347,83.049,83.049,0,0,83.028,0.043,-0.999,-0.897,-0.550,17.0,-0.999,-0.897,-0.550,17.0,-0.102,M,#F0E628,16,1.0,0,0,0.119,0,0,0,0,0.0,10
1,2024,2024071,8,Alpine,13,OCO,Esteban Ocon,31,#0093CC,17.0,348,83.06,83.06,0,0,83.054,0.011,-0.825,-0.669,-0.490,17.0,-0.825,-0.669,-0.490,17.0,-0.156,M,#F0E628,17,1.0,0,0,0.119,0,0,0,0,0.0,10
1,2024,2024071,8,Alpine,13,OCO,Esteban Ocon,31,#0093CC,18.0,349,83.082,83.082,0,0,83.071,0.022,-0.783,-0.663,-0.452,17.0,-0.783,-0.663,-0.452,17.0,-0.12,M,#F0E628,18,1.0,0,0,0.119,0,0,0,0,0.0,10
1,2024,2024071,8,Alpine,13,OCO,Esteban Ocon,31,#0093CC,19.0,350,83.179,83.179,0,0,83.13,0.097,-0.859,-0.948,-0.385,17.0,-0.859,-0.948,-0.385,17.0,0.089,M,#F0E628,19,1.0,0,0,0.119,0,0,0,0,0.0,10
1,2024,2024071,8,Alpine,13,OCO,Esteban Ocon,31,#0093CC,20.0,351,83.156,83.156,0,0,83.168,0.023,-0.823,-0.923,-0.361,17.0,-0.823,-0.923,-0.361,17.0,0.1,M,#F0E628,20,1.0,0,0,0.119,0,0,0,0,0.0,10
1,2024,2024071,8,Alpine,13,OCO,Esteban Ocon,31,#0093CC,21.0,352,83.219,83.219,0,0,83.188,0.063,-0.832,-0.779,-0.443,17.0,-0.832,-0.779,-0.443,17.0,-0.053,M,#F0E628,21,1.0,0,0,0.119,0,0,0,0,0.0,10
1,2024,2024071,8,Alpine,13,OCO,Esteban Ocon,31,#0093CC,22.0,353,83.376,83.376,0,0,83.298,0.157,-0.88,-1.080,-0.340,17.0,-0.880,-1.080,-0.340,17.0,0.2,M,#F0E628,22,1.0,0,0,0.119,0,0,0,0,0.0,9
1,2024,2024071,8,Alpine,13,OCO,Esteban Ocon,31,#0093CC,23.0,354,83.609,83.209,1,0,83.292,0.233,-1.195,-0.995,-0.698,17.0,-0.795,-0.802,-0.394,17.0,-0.2,M,#F0E628,23,1.0,0,0,0.119,0,0,0,0,-1.0,10
1,2024,2024071,8,Alpine,13,OCO,Esteban Ocon,31,#0093CC,24.0,355,83.042,83.042,0,0,83.126,0.567,-0.744,-0.524,-0.482,17.0,-0.744,-0.524,-0.482,17.0,-0.22,M,#F0E628,24,1.0,0,0,0.119,0,0,0,0,0.0,10
1,2024,2024071,8,Alpine,13,OCO,Esteban Ocon,31,#0093CC,25.0,356,-,-,0,1,-,-,-,-,-,-,-,-,-,-,-0.248,M,#F0E628,25,1.0,1,0,0.119,0,0,0,0,0.0,11
1,2024,2024071,8,Alpine,13,OCO,Esteban Ocon,31,#0093CC,26.0,357,-,-,0,1,-,-,-,-,-,-,-,-,-,-,-0.338,H,#A5AFB9,1,2.0,0,0,0.388,0,0,0,0,0.0,19
1,2024,2024071,8,Alpine,13,OCO,Esteban Ocon,31,#0093CC,27.0,358,81.834,81.834,0,0,-,-,0.258,0.887,-0.185,13.0,0.258,0.887,-0.185,13.0,-0.629,H,#A5AFB9,2,2.0,0,0,0.388,0,0,0,0,0.0,19
1,2024,2024071,8,Alpine,13,OCO,Esteban Ocon,31,#0093CC,28.0,359,82.056,82.056,0,0,81.945,0.222,0.158,1.053,-0.368,13.0,0.158,1.053,-0.368,13.0,-0.895,H,#A5AFB9,3,2.0,0,0,0.388,0,0,0,0,0.0,19
1,2024,2024071,8,Alpine,13,OCO,Esteban Ocon,31,#0093CC,29.0,360,82.261,82.261,0,0,82.158,0.205,-0.088,1.290,-0.733,13.0,-0.088,1.290,-0.733,13.0,-1.378,H,#A5AFB9,4,2.0,0,0,0.388,0,0,0,0,0.0,19
1,2024,2024071,8,Alpine,13,OCO,Esteban Ocon,31,#0093CC,30.0,361,82.557,82.557,0,0,82.409,0.296,-0.434,-,-,-,-0.434,-,-,-,,H,#A5AFB9,5,2.0,0,0,0.388,0,0,0,0,0.0,19
1,2024,2024071,8,Alpine,13,OCO,Esteban Ocon,31,#0093CC,31.0,362,82.589,82.589,0,0,82.573,0.032,-0.529,-,-,-,-0.529,-,-,-,,H,#A5AFB9,6,2.0,0,0,0.388,0,0,0,0,0.0,18
1,2024,2024071,8,Alpine,13,OCO,Esteban Ocon,31,#0093CC,32.0,363,82.454,82.454,0,0,82.522,0.135,-0.467,-1.047,0.056,17.0,-0.467,-1.047,0.056,17.0,0.58,H,#A5AFB9,7,2.0,0,0,0.388,0,0,0,0,0.0,17
1,2024,2024071,8,Alpine,13,OCO,Esteban Ocon,31,#0093CC,33.0,364,82.35,82.35,0,0,82.402,0.104,-0.549,-0.717,-0.191,17.0,-0.549,-0.717,-0.191,17.0,0.168,H,#A5AFB9,8,2.0,0,0,0.388,0,0,0,0,0.0,17
1,2024,2024071,8,Alpine,13,OCO,Esteban Ocon,31,#0093CC,34.0,365,83.217,82.63,1,0,82.49,0.867,-1.384,-1.511,-0.628,17.0,-0.796,-0.923,-0.335,17.0,0.127,H,#A5AFB9,9,2.0,0,0,0.388,0,0,0,0,0.0,16
1,2024,2024071,8,Alpine,13,OCO,Esteban Ocon,31,#0093CC,35.0,366,82.909,82.909,0,0,82.769,0.308,-1.093,0.477,-1.331,13.0,-1.093,-1.314,-0.436,17.0,-1.57,H,#A5AFB9,10,2.0,0,0,0.388,0,0,0,0,0.0,16
1,2024,2024071,8,Alpine,13,OCO,Esteban Ocon,31,#0093CC,36.0,367,82.364,82.364,0,0,82.637,0.545,-0.57,-0.879,-0.130,17.0,-0.570,-0.879,-0.130,17.0,0.309,H,#A5AFB9,11,2.0,0,0,0.388,0,0,0,0,0.0,16
1,2024,2024071,8,Alpine,13,OCO,Esteban Ocon,31,#0093CC,37.0,368,81.304,81.304,0,0,81.834,1.060,0.21,0.354,0.033,13.0,0.210,0.354,0.033,13.0,-0.144,H,#A5AFB9,12,2.0,0,0,0.388,0,0,0,0,1.0,15
1,2024,2024071,8,Alpine,13,OCO,Esteban Ocon,31,#0093CC,38.0,369,82.062,82.062,0,0,81.683,0.758,-0.555,-0.395,-0.357,17.0,-0.555,-0.395,-0.357,17.0,-0.16,H,#A5AFB9,13,2.0,0,0,0.388,0,0,0,0,0.0,14
1,2024,2024071,8,Alpine,13,OCO,Esteban Ocon,31,#0093CC,39.0,370,82.139,82.139,0,0,82.1,0.077,-0.543,-0.517,-0.284,17.0,-0.543,-0.517,-0.284,17.0,-0.026,H,#A5AFB9,14,2.0,0,0,0.388,0,0,0,0,0.0,14
1,2024,2024071,8,Alpine,13,OCO,Esteban Ocon,31,#0093CC,40.0,371,82.04,82.04,0,0,82.09,0.099,-0.603,1.419,-1.312,13.0,-0.603,0.286,-0.746,13.0,-2.022,H,#A5AFB9,15,2.0,0,0,0.388,0,0,0,0,0.0,14
1,2024,2024071,8,Alpine,13,OCO,Esteban Ocon,31,#0093CC,41.0,372,82.145,82.145,0,0,82.092,0.105,-0.711,0.885,-1.153,13.0,-0.711,0.885,-1.153,13.0,-1.596,H,#A5AFB9,16,2.0,0,0,0.388,0,0,0,0,0.0,14
1,2024,2024071,8,Alpine,13,OCO,Esteban Ocon,31,#0093CC,42.0,373,82.224,82.224,0,0,82.184,0.079,-0.912,1.497,-1.661,13.0,-0.912,0.108,-0.966,13.0,-2.409,H,#A5AFB9,17,2.0,0,0,0.388,0,0,0,0,0.0,14
1,2024,2024071,8,Alpine,13,OCO,Esteban Ocon,31,#0093CC,43.0,374,82.081,82.081,0,0,82.152,0.143,-0.769,-0.448,-0.545,17.0,-0.769,-0.448,-0.545,17.0,-0.321,H,#A5AFB9,18,2.0,0,0,0.388,0,0,0,0,0.0,14
1,2024,2024071,8,Alpine,13,OCO,Esteban Ocon,31,#0093CC,44.0,375,83.818,82.327,1,0,82.204,1.737,-2.372,-1.910,-1.417,17.0,-0.881,-0.419,-0.671,17.0,-0.462,H,#A5AFB9,19,2.0,0,1,0.388,0,0,0,0,0.0,14
1,2024,2024071,8,Alpine,13,OCO,Esteban Ocon,31,#0093CC,45.0,376,82.572,82.572,0,0,82.449,1.246,-1.038,0.891,-1.484,13.0,-1.038,-0.181,-0.948,17.0,-1.929,H,#A5AFB9,20,2.0,0,0,0.388,0,0,0,0,0.0,14
1,2024,2024071,8,Alpine,13,OCO,Esteban Ocon,31,#0093CC,46.0,377,83.905,83.905,0,0,83.238,1.333,-2.234,-1.031,-1.718,17.0,-2.234,-1.031,-1.718,17.0,-1.203,H,#A5AFB9,21,2.0,0,0,0.388,0,0,0,0,0.0,14
1,2024,2024071,8,Alpine,13,OCO,Esteban Ocon,31,#0093CC,47.0,378,85.675,83.227,1,0,83.566,1.770,-4.023,-3.433,-2.307,17.0,-1.576,-0.986,-1.083,17.0,-0.59,H,#A5AFB9,22,2.0,0,0,0.388,0,0,0,0,0.0,14
1,2024,2024071,8,Alpine,13,OCO,Esteban Ocon,31,#0093CC,48.0,379,82.55,82.55,0,0,82.889,3.125,-1.069,-0.700,-0.719,17.0,-1.069,-0.700,-0.719,17.0,-0.369,H,#A5AFB9,23,2.0,0,0,0.388,0,0,0,0,0.0,14
1,2024,2024071,8,Alpine,13,OCO,Esteban Ocon,31,#0093CC,49.0,380,84.384,82.812,1,0,82.681,1.834,-2.931,-2.403,-1.730,17.0,-1.358,-0.830,-0.943,17.0,-0.528,H,#A5AFB9,24,2.0,0,0,0.388,0,0,0,0,0.0,14
1,2024,2024071,8,Alpine,13,OCO,Esteban Ocon,31,#0093CC,50.0,381,83.073,83.073,0,0,82.942,1.311,-1.567,-1.168,-0.983,17.0,-1.567,-1.168,-0.983,17.0,-0.399,H,#A5AFB9,25,2.0,0,0,0.388,0,0,0,0,-1.0,15
1,2024,2024071,8,Alpine,13,OCO,Esteban Ocon,31,#0093CC,51.0,382,84.114,82.917,1,0,82.995,1.041,-2.48,-1.938,-1.511,17.0,-1.284,-0.742,-0.913,17.0,-0.542,H,#A5AFB9,26,2.0,0,0,0.388,0,0,0,0,0.0,15
1,2024,2024071,8,Alpine,13,OCO,Esteban Ocon,31,#0093CC,52.0,383,82.762,82.762,0,0,82.84,1.352,-1.092,-0.575,-0.804,17.0,-1.092,-0.575,-0.804,17.0,-0.517,H,#A5AFB9,27,2.0,0,0,0.388,0,0,0,0,0.0,15
1,2024,2024071,8,Alpine,13,OCO,Esteban Ocon,31,#0093CC,53.0,384,82.756,82.756,0,0,82.759,0.006,-1.247,-0.811,-0.842,17.0,-1.247,-0.811,-0.842,17.0,-0.436,H,#A5AFB9,28,2.0,0,0,0.388,0,0,0,0,0.0,15
1,2024,2024071,8,Alpine,13,OCO,Esteban Ocon,31,#0093CC,54.0,385,83.855,82.874,1,0,82.815,1.099,-2.59,-1.606,-1.787,17.0,-1.609,-0.625,-1.296,17.0,-0.984,H,#A5AFB9,29,2.0,0,0,0.388,0,0,0,0,0.0,15
1,2024,2024071,8,Alpine,13,OCO,Esteban Ocon,31,#0093CC,55.0,386,82.991,82.991,0,0,82.932,0.864,-1.592,-0.461,-1.361,17.0,-1.592,-0.461,-1.361,17.0,-1.131,H,#A5AFB9,30,2.0,0,0,0.388,0,0,0,0,0.0,15
1,2024,2024071,8,Alpine,13,OCO,Esteban Ocon,31,#0093CC,56.0,387,83.017,83.017,0,0,83.004,0.026,-1.547,0.783,-1.938,13.0,-1.547,-0.273,-1.411,17.0,-2.33,H,#A5AFB9,31,2.0,0,0,0.388,0,0,0,0,0.0,15
1,2024,2024071,8,Alpine,13,OCO,Esteban Ocon,31,#0093CC,57.0,388,83.961,82.92,1,0,82.969,0.944,-2.426,-1.002,-1.925,17.0,-1.386,0.038,-1.405,13.0,-1.424,H,#A5AFB9,32,2.0,0,0,0.388,0,0,0,0,0.0,15
1,2024,2024071,8,Alpine,13,OCO,Esteban Ocon,31,#0093CC,58.0,389,82.824,82.824,0,0,82.872,1.137,-1.271,0.180,-1.361,13.0,-1.271,0.180,-1.361,13.0,-1.451,H,#A5AFB9,33,2.0,0,0,0.388,0,0,0,0,0.0,15
1,2024,2024071,8,Alpine,13,OCO,Esteban Ocon,31,#0093CC,59.0,390,82.068,82.068,0,0,82.446,0.756,-0.558,1.381,-1.248,13.0,-0.558,1.381,-1.248,13.0,-1.939,H,#A5AFB9,34,2.0,0,0,0.388,0,0,0,0,1.0,14
1,2024,2024071,8,Alpine,13,OCO,Esteban Ocon,31,#0093CC,60.0,391,82.154,82.154,0,0,82.111,0.086,-0.538,1.856,-1.466,13.0,-0.538,1.856,-1.466,13.0,-2.394,H,#A5AFB9,35,2.0,0,0,0.388,0,0,0,0,0.0,14
1,2024,2024071,8,Alpine,13,OCO,Esteban Ocon,31,#0093CC,61.0,392,81.745,81.745,0,0,81.95,0.409,0.14,1.610,-0.665,13.0,0.140,1.610,-0.665,13.0,-1.47,H,#A5AFB9,36,2.0,0,0,0.388,0,0,0,0,0.0,14
1,2024,2024071,8,Alpine,13,OCO,Esteban Ocon,31,#0093CC,62.0,393,82.013,82.013,0,0,81.879,0.268,-0.464,-0.201,-0.363,17.0,-0.464,-0.201,-0.363,17.0,-0.263,H,#A5AFB9,37,2.0,0,0,0.388,0,0,0,0,0.0,14
1,2024,2024071,8,Alpine,17,GAS,Pierre Gasly,10,#0093CC,1.0,332,-,-,0,1,-,-,-,-,-,-,-,-,-,-,,S,#CD3C3C,1,1.0,0,0,0.049,0,0,0,0,,15
1,2024,2024071,8,Alpine,17,GAS,Pierre Gasly,10,#0093CC,2.0,333,-,-,0,1,-,-,-,-,-,-,-,-,-,-,,S,#CD3C3C,2,1.0,0,0,0.049,0,0,0,0,0.0,15
1,2024,2024071,8,Alpine,17,GAS,Pierre Gasly,10,#0093CC,3.0,334,82.752,82.752,0,0,-,-,-0.835,0.462,-0.604,13.0,-0.835,0.462,-0.604,13.0,-0.373,S,#CD3C3C,3,1.0,0,0,0.049,0,0,0,0,0.0,15
1,2024,2024071,8,Alpine,17,GAS,Pierre Gasly,10,#0093CC,4.0,335,82.706,82.706,0,0,82.729,0.046,-0.709,0.477,-0.470,13.0,-0.709,0.477,-0.470,13.0,-0.232,S,#CD3C3C,4,1.0,0,0,0.049,0,0,0,0,0.0,15
1,2024,2024071,8,Alpine,17,GAS,Pierre Gasly,10,#0093CC,5.0,336,82.483,82.483,0,0,82.595,0.223,-0.484,0.216,-0.376,13.0,-0.484,0.216,-0.376,13.0,-0.268,S,#CD3C3C,5,1.0,0,1,0.049,0,0,0,0,0.0,15
1,2024,2024071,8,Alpine,17,GAS,Pierre Gasly,10,#0093CC,6.0,337,82.399,82.399,0,0,82.441,0.084,-0.398,-0.037,-0.416,17.0,-0.398,-0.037,-0.416,17.0,-0.435,S,#CD3C3C,6,1.0,0,0,0.049,0,0,0,0,0.0,15
1,2024,2024071,8,Alpine,17,GAS,Pierre Gasly,10,#0093CC,7.0,338,82.439,82.439,0,0,82.419,0.040,-0.454,-0.123,-0.515,17.0,-0.454,-0.123,-0.515,17.0,-0.577,S,#CD3C3C,7,1.0,0,0,0.049,0,0,0,0,0.0,15
1,2024,2024071,8,Alpine,17,GAS,Pierre Gasly,10,#0093CC,8.0,339,-,-,0,1,-,-,-,-,-,-,-,-,-,-,-0.526,S,#CD3C3C,8,1.0,1,0,0.049,0,0,0,0,0.0,18
1,2024,2024071,8,Alpine,17,GAS,Pierre Gasly,10,#0093CC,9.0,340,-,-,0,1,-,-,-,-,-,-,-,-,-,-,-0.736,H,#A5AFB9,1,2.0,0,0,0.096,0,0,0,0,0.0,17
1,2024,2024071,8,Alpine,17,GAS,Pierre Gasly,10,#0093CC,10.0,341,81.371,81.371,0,0,-,-,0.605,-2.431,-0.611,17.0,0.605,-1.359,-0.074,17.0,-1.826,H,#A5AFB9,2,2.0,0,0,0.096,0,0,0,0,0.0,17
1,2024,2024071,8,Alpine,17,GAS,Pierre Gasly,10,#0093CC,11.0,342,81.502,81.502,0,0,81.436,0.131,0.402,-1.243,-0.219,17.0,0.402,-1.243,-0.219,17.0,-0.841,H,#A5AFB9,3,2.0,0,0,0.096,0,0,0,0,0.0,17
1,2024,2024071,8,Alpine,17,GAS,Pierre Gasly,10,#0093CC,12.0,343,81.906,81.906,0,0,81.704,0.404,0.13,-1.136,-0.438,17.0,0.130,-0.920,-0.330,17.0,-1.006,H,#A5AFB9,4,2.0,0,0,0.096,0,0,0,0,0.0,17
1,2024,2024071,8,Alpine,17,GAS,Pierre Gasly,10,#0093CC,13.0,344,82.007,82.007,0,0,81.956,0.101,0.055,-0.900,-0.395,17.0,0.055,-0.900,-0.395,17.0,-0.845,H,#A5AFB9,5,2.0,0,0,0.096,0,0,0,0,0.0,17
1,2024,2024071,8,Alpine,17,GAS,Pierre Gasly,10,#0093CC,14.0,345,81.839,81.839,0,0,81.923,0.168,0.091,-1.022,-0.420,17.0,0.091,-1.022,-0.420,17.0,-0.931,H,#A5AFB9,6,2.0,0,0,0.096,0,0,0,0,0.0,17
1,2024,2024071,8,Alpine,17,GAS,Pierre Gasly,10,#0093CC,15.0,346,81.955,81.955,0,0,81.897,0.116,0.051,-1.051,-0.474,17.0,0.051,-1.051,-0.474,17.0,-1.0,H,#A5AFB9,7,2.0,0,0,0.096,0,0,0,0,0.0,17
1,2024,2024071,8,Alpine,17,GAS,Pierre Gasly,10,#0093CC,16.0,347,82.152,82.152,0,0,82.054,0.197,-0.102,-0.897,-0.550,17.0,-0.102,-0.897,-0.550,17.0,-0.999,H,#A5AFB9,8,2.0,0,0,0.096,0,0,0,0,0.0,17
1,2024,2024071,8,Alpine,17,GAS,Pierre Gasly,10,#0093CC,17.0,348,82.391,82.391,0,0,82.272,0.239,-0.156,-0.669,-0.490,17.0,-0.156,-0.669,-0.490,17.0,-0.825,H,#A5AFB9,9,2.0,0,0,0.096,0,0,0,0,0.0,17
1,2024,2024071,8,Alpine,17,GAS,Pierre Gasly,10,#0093CC,18.0,349,82.419,82.419,0,0,82.405,0.028,-0.12,-0.663,-0.452,17.0,-0.120,-0.663,-0.452,17.0,-0.783,H,#A5AFB9,10,2.0,0,0,0.096,0,0,0,0,0.0,17
1,2024,2024071,8,Alpine,17,GAS,Pierre Gasly,10,#0093CC,19.0,350,82.231,82.231,0,0,82.325,0.188,0.089,-0.948,-0.385,17.0,0.089,-0.948,-0.385,17.0,-0.859,H,#A5AFB9,11,2.0,0,1,0.096,0,0,0,0,0.0,17
1,2024,2024071,8,Alpine,17,GAS,Pierre Gasly,10,#0093CC,20.0,351,82.233,82.233,0,0,82.232,0.002,0.1,-0.923,-0.361,17.0,0.100,-0.923,-0.361,17.0,-0.823,H,#A5AFB9,12,2.0,0,0,0.096,0,0,0,0,0.0,17
1,2024,2024071,8,Alpine,17,GAS,Pierre Gasly,10,#0093CC,21.0,352,82.44,82.44,0,0,82.336,0.207,-0.053,-0.779,-0.443,17.0,-0.053,-0.779,-0.443,17.0,-0.832,H,#A5AFB9,13,2.0,0,0,0.096,0,0,0,0,0.0,17
1,2024,2024071,8,Alpine,17,GAS,Pierre Gasly,10,#0093CC,22.0,353,82.296,82.296,0,0,82.368,0.144,0.2,-1.080,-0.340,17.0,0.200,-1.080,-0.340,17.0,-0.88,H,#A5AFB9,14,2.0,0,0,0.096,0,0,0,0,0.0,17
1,2024,2024071,8,Alpine,17,GAS,Pierre Gasly,10,#0093CC,23.0,354,82.614,82.407,1,0,82.352,0.318,-0.2,-0.995,-0.698,17.0,0.007,-0.802,-0.394,17.0,-1.195,H,#A5AFB9,15,2.0,0,0,0.096,0,0,0,0,0.0,17
1,2024,2024071,8,Alpine,17,GAS,Pierre Gasly,10,#0093CC,24.0,355,82.518,82.518,0,0,82.462,0.096,-0.22,-0.524,-0.482,17.0,-0.220,-0.524,-0.482,17.0,-0.744,H,#A5AFB9,16,2.0,0,0,0.096,0,0,0,0,0.0,17
1,2024,2024071,8,Alpine,17,GAS,Pierre Gasly,10,#0093CC,25.0,356,82.607,82.607,0,0,82.562,0.089,-0.248,-,-,-,-0.248,-,-,-,,H,#A5AFB9,17,2.0,0,0,0.096,0,0,0,0,0.0,17
1,2024,2024071,8,Alpine,17,GAS,Pierre Gasly,10,#0093CC,26.0,357,82.757,82.757,0,0,82.682,0.150,-0.338,-,-,-,-0.338,-,-,-,,H,#A5AFB9,18,2.0,0,0,0.096,0,0,0,0,0.0,16
1,2024,2024071,8,Alpine,17,GAS,Pierre Gasly,10,#0093CC,27.0,358,82.721,82.721,0,0,82.739,0.036,-0.629,0.887,-0.185,13.0,-0.629,0.887,-0.185,13.0,0.258,H,#A5AFB9,19,2.0,0,0,0.096,0,0,0,0,0.0,16
1,2024,2024071,8,Alpine,17,GAS,Pierre Gasly,10,#0093CC,28.0,359,83.109,83.109,0,0,82.915,0.388,-0.895,1.053,-0.368,13.0,-0.895,1.053,-0.368,13.0,0.158,H,#A5AFB9,20,2.0,0,0,0.096,0,0,0,0,0.0,16
1,2024,2024071,8,Alpine,17,GAS,Pierre Gasly,10,#0093CC,29.0,360,83.551,83.551,0,0,83.33,0.442,-1.378,1.290,-0.733,13.0,-1.378,1.290,-0.733,13.0,-0.088,H,#A5AFB9,21,2.0,0,0,0.096,0,0,0,0,0.0,16
1,2024,2024071,8,Alpine,17,GAS,Pierre Gasly,10,#0093CC,30.0,361,-,-,0,1,-,-,-,-,-,-,-,-,-,-,-0.434,H,#A5AFB9,22,2.0,1,0,0.096,0,0,0,0,0.0,17
1,2024,2024071,8,Alpine,17,GAS,Pierre Gasly,10,#0093CC,31.0,362,-,-,0,1,-,-,-,-,-,-,-,-,-,-,-0.529,M,#F0E628,1,3.0,0,0,0.368,0,0,0,0,0.0,19
1,2024,2024071,8,Alpine,17,GAS,Pierre Gasly,10,#0093CC,32.0,363,81.407,81.407,0,0,-,-,0.58,-1.047,0.056,17.0,0.580,-1.047,0.056,17.0,-0.467,M,#F0E628,2,3.0,0,0,0.368,0,0,0,0,0.0,18
1,2024,2024071,8,Alpine,17,GAS,Pierre Gasly,10,#0093CC,33.0,364,81.633,81.633,0,0,81.52,0.226,0.168,-0.717,-0.191,17.0,0.168,-0.717,-0.191,17.0,-0.549,M,#F0E628,3,3.0,0,0,0.368,0,0,0,0,0.0,18
1,2024,2024071,8,Alpine,17,GAS,Pierre Gasly,10,#0093CC,34.0,365,81.706,81.706,0,0,81.67,0.073,0.127,-1.511,-0.628,17.0,0.127,-0.923,-0.335,17.0,-1.384,M,#F0E628,4,3.0,0,0,0.368,0,0,0,0,0.0,18
1,2024,2024071,8,Alpine,17,GAS,Pierre Gasly,10,#0093CC,35.0,366,83.386,81.596,1,0,81.651,1.680,-1.57,0.477,-1.331,13.0,0.221,-1.314,-0.436,17.0,-1.093,M,#F0E628,5,3.0,0,0,0.368,0,0,0,0,0.0,18
1,2024,2024071,8,Alpine,17,GAS,Pierre Gasly,10,#0093CC,36.0,367,81.485,81.485,0,0,81.54,1.901,0.309,-0.879,-0.130,17.0,0.309,-0.879,-0.130,17.0,-0.57,M,#F0E628,6,3.0,0,0,0.368,0,0,0,0,0.0,18
1,2024,2024071,8,Alpine,17,GAS,Pierre Gasly,10,#0093CC,37.0,368,81.658,81.658,0,0,81.572,0.173,-0.144,0.354,0.033,13.0,-0.144,0.354,0.033,13.0,0.21,M,#F0E628,7,3.0,0,0,0.368,0,0,0,0,0.0,18
1,2024,2024071,8,Alpine,17,GAS,Pierre Gasly,10,#0093CC,38.0,369,81.667,81.667,0,0,81.662,0.009,-0.16,-0.395,-0.357,17.0,-0.160,-0.395,-0.357,17.0,-0.555,M,#F0E628,8,3.0,0,0,0.368,0,0,0,0,0.0,18
1,2024,2024071,8,Alpine,17,GAS,Pierre Gasly,10,#0093CC,39.0,370,81.622,81.622,0,0,81.644,0.045,-0.026,-0.517,-0.284,17.0,-0.026,-0.517,-0.284,17.0,-0.543,M,#F0E628,9,3.0,0,0,0.368,0,0,0,0,0.0,18
1,2024,2024071,8,Alpine,17,GAS,Pierre Gasly,10,#0093CC,40.0,371,83.459,82.326,1,0,81.974,1.837,-2.022,1.419,-1.312,13.0,-0.889,0.286,-0.746,13.0,-0.603,M,#F0E628,10,3.0,0,0,0.368,0,0,0,0,0.0,18
1,2024,2024071,8,Alpine,17,GAS,Pierre Gasly,10,#0093CC,41.0,372,83.03,83.03,0,0,82.678,0.429,-1.596,0.885,-1.153,13.0,-1.596,0.885,-1.153,13.0,-0.711,M,#F0E628,11,3.0,0,0,0.368,0,0,0,0,0.0,17
1,2024,2024071,8,Alpine,17,GAS,Pierre Gasly,10,#0093CC,42.0,373,83.721,82.332,1,0,82.681,0.691,-2.409,1.497,-1.661,13.0,-1.020,0.108,-0.966,13.0,-0.912,M,#F0E628,12,3.0,0,0,0.368,0,0,0,0,0.0,17
1,2024,2024071,8,Alpine,17,GAS,Pierre Gasly,10,#0093CC,43.0,374,81.633,81.633,0,0,81.982,2.088,-0.321,-0.448,-0.545,17.0,-0.321,-0.448,-0.545,17.0,-0.769,M,#F0E628,13,3.0,0,0,0.368,0,0,0,0,0.0,17
1,2024,2024071,8,Alpine,17,GAS,Pierre Gasly,10,#0093CC,44.0,375,81.908,81.908,0,0,81.77,0.275,-0.462,-1.910,-1.417,17.0,-0.462,-0.419,-0.671,17.0,-2.372,M,#F0E628,14,3.0,0,0,0.368,0,0,0,0,0.0,17
1,2024,2024071,8,Alpine,17,GAS,Pierre Gasly,10,#0093CC,45.0,376,83.463,82.391,1,0,82.149,1.555,-1.929,0.891,-1.484,13.0,-0.857,-0.181,-0.948,17.0,-1.038,M,#F0E628,15,3.0,0,0,0.368,0,0,0,0,0.0,17
1,2024,2024071,8,Alpine,17,GAS,Pierre Gasly,10,#0093CC,46.0,377,82.874,82.874,0,0,82.632,0.589,-1.203,-1.031,-1.718,17.0,-1.203,-1.031,-1.718,17.0,-2.234,M,#F0E628,16,3.0,0,0,0.368,0,0,0,0,0.0,17
1,2024,2024071,8,Alpine,17,GAS,Pierre Gasly,10,#0093CC,47.0,378,82.242,82.242,0,0,82.558,0.632,-0.59,-3.433,-2.307,17.0,-0.590,-0.986,-1.083,17.0,-4.023,M,#F0E628,17,3.0,0,1,0.368,0,0,0,0,0.0,17
1,2024,2024071,8,Alpine,17,GAS,Pierre Gasly,10,#0093CC,48.0,379,81.85,81.85,0,0,82.046,0.392,-0.369,-0.700,-0.719,17.0,-0.369,-0.700,-0.719,17.0,-1.069,M,#F0E628,18,3.0,0,0,0.368,0,0,0,0,0.0,17
1,2024,2024071,8,Alpine,17,GAS,Pierre Gasly,10,#0093CC,49.0,380,81.981,81.981,0,0,81.916,0.131,-0.528,-2.403,-1.730,17.0,-0.528,-0.830,-0.943,17.0,-2.931,M,#F0E628,19,3.0,0,0,0.368,0,0,0,0,0.0,17
1,2024,2024071,8,Alpine,17,GAS,Pierre Gasly,10,#0093CC,50.0,381,81.905,81.905,0,0,81.943,0.076,-0.399,-1.168,-0.983,17.0,-0.399,-1.168,-0.983,17.0,-1.567,M,#F0E628,20,3.0,0,0,0.368,0,0,0,0,0.0,17
1,2024,2024071,8,Alpine,17,GAS,Pierre Gasly,10,#0093CC,51.0,382,82.176,82.176,0,0,82.041,0.271,-0.542,-1.938,-1.511,17.0,-0.542,-0.742,-0.913,17.0,-2.48,M,#F0E628,21,3.0,0,0,0.368,0,0,0,0,0.0,17
1,2024,2024071,8,Alpine,17,GAS,Pierre Gasly,10,#0093CC,52.0,383,82.187,82.187,0,0,82.182,0.011,-0.517,-0.575,-0.804,17.0,-0.517,-0.575,-0.804,17.0,-1.092,M,#F0E628,22,3.0,0,0,0.368,0,0,0,0,0.0,17
1,2024,2024071,8,Alpine,17,GAS,Pierre Gasly,10,#0093CC,53.0,384,81.945,81.945,0,0,82.066,0.242,-0.436,-0.811,-0.842,17.0,-0.436,-0.811,-0.842,17.0,-1.247,M,#F0E628,23,3.0,0,0,0.368,0,0,0,0,0.0,17
1,2024,2024071,8,Alpine,17,GAS,Pierre Gasly,10,#0093CC,54.0,385,82.249,82.249,0,0,82.097,0.304,-0.984,-1.606,-1.787,17.0,-0.984,-0.625,-1.296,17.0,-2.59,M,#F0E628,24,3.0,0,0,0.368,0,0,0,0,0.0,17
1,2024,2024071,8,Alpine,17,GAS,Pierre Gasly,10,#0093CC,55.0,386,82.53,82.53,0,0,82.39,0.281,-1.131,-0.461,-1.361,17.0,-1.131,-0.461,-1.361,17.0,-1.592,M,#F0E628,25,3.0,0,0,0.368,0,0,0,0,0.0,17
1,2024,2024071,8,Alpine,17,GAS,Pierre Gasly,10,#0093CC,56.0,387,83.8,82.744,1,0,82.637,1.270,-2.33,0.783,-1.938,13.0,-1.274,-0.273,-1.411,17.0,-1.547,M,#F0E628,26,3.0,0,0,0.368,0,0,0,0,0.0,17
1,2024,2024071,8,Alpine,17,GAS,Pierre Gasly,10,#0093CC,57.0,388,82.959,82.959,0,0,82.852,0.841,-1.424,-1.002,-1.925,17.0,-1.424,0.038,-1.405,13.0,-2.426,M,#F0E628,27,3.0,0,0,0.368,0,0,0,0,0.0,17
1,2024,2024071,8,Alpine,17,GAS,Pierre Gasly,10,#0093CC,58.0,389,83.004,83.004,0,0,82.982,0.045,-1.451,0.180,-1.361,13.0,-1.451,0.180,-1.361,13.0,-1.271,M,#F0E628,28,3.0,0,0,0.368,0,0,0,0,0.0,17
1,2024,2024071,8,Alpine,17,GAS,Pierre Gasly,10,#0093CC,59.0,390,83.449,83.449,0,0,83.226,0.445,-1.939,1.381,-1.248,13.0,-1.939,1.381,-1.248,13.0,-0.558,M,#F0E628,29,3.0,0,0,0.368,0,0,0,0,0.0,17
1,2024,2024071,8,Alpine,17,GAS,Pierre Gasly,10,#0093CC,60.0,391,84.01,84.01,0,0,83.73,0.561,-2.394,1.856,-1.466,13.0,-2.394,1.856,-1.466,13.0,-0.538,M,#F0E628,30,3.0,0,0,0.368,0,0,0,0,0.0,17
1,2024,2024071,8,Alpine,17,GAS,Pierre Gasly,10,#0093CC,61.0,392,83.355,83.355,0,0,83.682,0.655,-1.47,1.610,-0.665,13.0,-1.470,1.610,-0.665,13.0,0.14,M,#F0E628,31,3.0,0,0,0.368,0,0,0,0,1.0,16
1,2024,2024071,8,Alpine,17,GAS,Pierre Gasly,10,#0093CC,62.0,393,81.812,81.812,0,0,82.584,1.543,-0.263,-0.201,-0.363,17.0,-0.263,-0.201,-0.363,17.0,-0.464,M,#F0E628,32,3.0,0,0,0.368,0,0,0,0,0.0,16
1,2024,2024081,9,Alpine,13,OCO,Esteban Ocon,31,#0093CC,1.0,395,-,-,0,1,-,-,-,-,-,-,-,-,-,-,,H,#A5AFB9,1,1.0,0,0,-,0,1,0,0,,-
1,2024,2024081,9,Alpine,17,GAS,Pierre Gasly,10,#0093CC,1.0,395,-,-,0,1,-,-,-,-,-,-,-,-,-,-,,H,#A5AFB9,1,1.0,1,0,-,0,1,0,0,,14
1,2024,2024081,9,Alpine,17,GAS,Pierre Gasly,10,#0093CC,2.0,396,-,-,0,1,-,-,-,-,-,-,-,-,-,-,,M,#F0E628,1,2.0,0,0,0.397,1,0,0,0,,10
1,2024,2024081,9,Alpine,17,GAS,Pierre Gasly,10,#0093CC,3.0,397,-,-,0,1,-,-,-,-,-,-,-,-,-,-,,M,#F0E628,2,2.0,0,0,0.397,0,0,0,0,0.0,10
1,2024,2024081,9,Alpine,17,GAS,Pierre Gasly,10,#0093CC,4.0,398,83.269,83.269,0,0,-,-,-0.09,-,-,-,-0.090,-,-,-,,M,#F0E628,3,2.0,0,0,0.397,0,0,0,0,0.0,10
1,2024,2024081,9,Alpine,17,GAS,Pierre Gasly,10,#0093CC,5.0,399,83.428,83.428,0,0,83.348,0.159,-0.292,-,-,-,-0.292,-,-,-,,M,#F0E628,4,2.0,0,0,0.397,0,0,0,0,0.0,10
1,2024,2024081,9,Alpine,17,GAS,Pierre Gasly,10,#0093CC,6.0,400,83.106,83.106,0,0,83.267,0.322,-0.567,-,-,-,-0.567,-,-,-,,M,#F0E628,5,2.0,0,0,0.397,0,0,0,0,0.0,10
1,2024,2024081,9,Alpine,17,GAS,Pierre Gasly,10,#0093CC,7.0,401,82.233,82.233,0,0,82.67,0.873,-0.288,-,-,-,-0.288,-,-,-,,M,#F0E628,6,2.0,0,0,0.397,0,0,0,0,0.0,10
1,2024,2024081,9,Alpine,17,GAS,Pierre Gasly,10,#0093CC,8.0,402,81.6,81.6,0,0,81.916,0.633,0.017,-,-,-,0.017,-,-,-,,M,#F0E628,7,2.0,0,0,0.397,0,0,0,0,0.0,10
1,2024,2024081,9,Alpine,17,GAS,Pierre Gasly,10,#0093CC,9.0,403,82.071,82.071,0,0,81.836,0.471,-0.67,-,-,-,-0.670,-,-,-,,M,#F0E628,8,2.0,0,0,0.397,0,0,0,0,0.0,10
1,2024,2024081,9,Alpine,17,GAS,Pierre Gasly,10,#0093CC,10.0,404,81.394,81.394,0,0,81.732,0.677,0.034,-,-,-,0.034,-,-,-,,M,#F0E628,9,2.0,0,0,0.397,0,0,0,0,0.0,10
1,2024,2024081,9,Alpine,17,GAS,Pierre Gasly,10,#0093CC,11.0,405,81.298,81.298,0,0,81.346,0.096,-0.017,-,-,-,-0.017,-,-,-,,M,#F0E628,10,2.0,0,0,0.397,0,0,0,0,0.0,10
1,2024,2024081,9,Alpine,17,GAS,Pierre Gasly,10,#0093CC,12.0,406,81.289,81.289,0,0,81.294,0.009,-0.435,-,-,-,-0.435,-,-,-,,M,#F0E628,11,2.0,0,0,0.397,0,0,0,0,0.0,10
1,2024,2024081,9,Alpine,17,GAS,Pierre Gasly,10,#0093CC,13.0,407,81.53,81.53,0,0,81.41,0.241,-0.87,-,-,-,-0.870,-,-,-,,M,#F0E628,12,2.0,0,0,0.397,0,0,0,0,0.0,10
1,2024,2024081,9,Alpine,17,GAS,Pierre Gasly,10,#0093CC,14.0,408,79.92,79.92,0,0,80.725,1.610,0.524,-,-,-,0.524,-,-,-,,M,#F0E628,13,2.0,0,0,0.397,0,0,0,0,0.0,10
1,2024,2024081,9,Alpine,17,GAS,Pierre Gasly,10,#0093CC,15.0,409,81.066,80.487,1,0,80.203,1.146,-0.627,-,-,-,-0.048,-,-,-,,M,#F0E628,14,2.0,0,0,0.397,0,0,0,0,0.0,10
1,2024,2024081,9,Alpine,17,GAS,Pierre Gasly,10,#0093CC,16.0,410,81.054,81.054,0,0,80.77,0.012,-0.598,-,-,-,-0.598,-,-,-,,M,#F0E628,15,2.0,0,0,0.397,0,0,0,0,0.0,10
1,2024,2024081,9,Alpine,17,GAS,Pierre Gasly,10,#0093CC,17.0,411,81.961,80.926,1,0,80.99,0.907,-1.694,-,-,-,-0.659,-,-,-,,M,#F0E628,16,2.0,0,0,0.397,0,0,0,0,0.0,10
1,2024,2024081,9,Alpine,17,GAS,Pierre Gasly,10,#0093CC,18.0,412,80.797,80.797,0,0,80.861,1.164,-0.804,-,-,-,-0.804,-,-,-,,M,#F0E628,17,2.0,0,0,0.397,0,0,0,0,0.0,10
1,2024,2024081,9,Alpine,17,GAS,Pierre Gasly,10,#0093CC,19.0,413,79.904,79.904,0,0,80.35,0.893,0.081,-,-,-,0.081,-,-,-,,M,#F0E628,18,2.0,0,0,0.397,0,0,0,0,0.0,10
1,2024,2024081,9,Alpine,17,GAS,Pierre Gasly,10,#0093CC,20.0,414,80.255,80.255,0,0,80.08,0.351,-0.323,-,-,-,-0.323,-,-,-,,M,#F0E628,19,2.0,0,0,0.397,0,0,0,0,0.0,10
1,2024,2024081,9,Alpine,17,GAS,Pierre Gasly,10,#0093CC,21.0,415,79.876,79.876,0,0,80.066,0.379,0.016,-,-,-,0.016,-,-,-,,M,#F0E628,20,2.0,0,0,0.397,0,0,0,0,0.0,10
1,2024,2024081,9,Alpine,17,GAS,Pierre Gasly,10,#0093CC,22.0,416,80.554,80.554,0,0,80.215,0.678,-0.541,-,-,-,-0.541,-,-,-,,M,#F0E628,21,2.0,0,0,0.397,0,0,0,0,0.0,10
1,2024,2024081,9,Alpine,17,GAS,Pierre Gasly,10,#0093CC,23.0,417,81.306,80.752,1,0,80.653,0.752,-1.41,-,-,-,-0.855,-,-,-,,M,#F0E628,22,2.0,0,0,0.397,0,0,0,0,0.0,10
1,2024,2024081,9,Alpine,17,GAS,Pierre Gasly,10,#0093CC,24.0,418,80.949,80.949,0,0,80.85,0.357,-1.07,-,-,-,-1.070,-,-,-,,M,#F0E628,23,2.0,0,0,0.397,0,0,0,0,0.0,10
1,2024,2024081,9,Alpine,17,GAS,Pierre Gasly,10,#0093CC,25.0,419,80.372,80.372,0,0,80.66,0.577,-0.503,-,-,-,-0.503,-,-,-,,M,#F0E628,24,2.0,0,0,0.397,0,0,0,0,0.0,10
1,2024,2024081,9,Alpine,17,GAS,Pierre Gasly,10,#0093CC,26.0,420,80.593,80.593,0,0,80.482,0.221,-0.759,-,-,-,-0.759,-,-,-,,M,#F0E628,25,2.0,0,0,0.397,0,0,0,0,0.0,10
1,2024,2024081,9,Alpine,17,GAS,Pierre Gasly,10,#0093CC,27.0,421,80.521,80.521,0,0,80.557,0.072,-0.6,-,-,-,-0.600,-,-,-,,M,#F0E628,26,2.0,0,0,0.397,0,0,0,0,0.0,10
1,2024,2024081,9,Alpine,17,GAS,Pierre Gasly,10,#0093CC,28.0,422,80.229,80.229,0,0,80.375,0.292,-0.228,-,-,-,-0.228,-,-,-,,M,#F0E628,27,2.0,0,0,0.397,0,0,0,0,0.0,10
1,2024,2024081,9,Alpine,17,GAS,Pierre Gasly,10,#0093CC,29.0,423,79.376,79.376,0,0,79.803,0.853,0.426,-,-,-,0.426,-,-,-,,M,#F0E628,28,2.0,0,0,0.397,0,0,0,0,0.0,10
1,2024,2024081,9,Alpine,17,GAS,Pierre Gasly,10,#0093CC,30.0,424,81.764,80.402,1,0,79.889,2.388,-1.972,-,-,-,-0.610,-,-,-,,M,#F0E628,29,2.0,0,0,0.397,0,0,0,0,0.0,10
1,2024,2024081,9,Alpine,17,GAS,Pierre Gasly,10,#0093CC,31.0,425,81.427,81.427,0,0,80.914,0.337,-1.482,-,-,-,-1.482,-,-,-,,M,#F0E628,30,2.0,0,0,0.397,0,0,0,0,0.0,10
1,2024,2024081,9,Alpine,17,GAS,Pierre Gasly,10,#0093CC,32.0,426,81.121,81.121,0,0,81.274,0.306,-1.093,-,-,-,-1.093,-,-,-,,M,#F0E628,31,2.0,0,0,0.397,0,0,0,0,0.0,10
1,2024,2024081,9,Alpine,17,GAS,Pierre Gasly,10,#0093CC,33.0,427,80.965,80.965,0,0,81.043,0.156,-1.187,-,-,-,-1.187,-,-,-,,M,#F0E628,32,2.0,0,0,0.397,0,0,0,0,0.0,10
1,2024,2024081,9,Alpine,17,GAS,Pierre Gasly,10,#0093CC,34.0,428,80.751,80.751,0,0,80.858,0.214,-0.97,-,-,-,-0.970,-,-,-,,M,#F0E628,33,2.0,0,0,0.397,0,0,0,0,0.0,10
1,2024,2024081,9,Alpine,17,GAS,Pierre Gasly,10,#0093CC,35.0,429,79.361,79.361,0,0,80.056,1.390,0.128,-,-,-,0.128,-,-,-,,M,#F0E628,34,2.0,0,0,0.397,0,0,0,0,0.0,10
1,2024,2024081,9,Alpine,17,GAS,Pierre Gasly,10,#0093CC,36.0,430,79.576,79.576,0,0,79.468,0.215,0.193,-,-,-,0.193,-,-,-,,M,#F0E628,35,2.0,0,0,0.397,0,0,0,0,0.0,10
1,2024,2024081,9,Alpine,17,GAS,Pierre Gasly,10,#0093CC,37.0,431,79.975,79.975,0,0,79.776,0.399,-0.136,-,-,-,-0.136,-,-,-,,M,#F0E628,36,2.0,0,0,0.397,0,0,0,0,0.0,10
1,2024,2024081,9,Alpine,17,GAS,Pierre Gasly,10,#0093CC,38.0,432,79.428,79.428,0,0,79.702,0.547,0.208,-,-,-,0.208,-,-,-,,M,#F0E628,37,2.0,0,0,0.397,0,0,0,0,0.0,10
1,2024,2024081,9,Alpine,17,GAS,Pierre Gasly,10,#0093CC,39.0,433,80.32,80.32,0,0,79.874,0.892,-0.476,-,-,-,-0.476,-,-,-,,M,#F0E628,38,2.0,0,0,0.397,0,0,0,0,0.0,10
1,2024,2024081,9,Alpine,17,GAS,Pierre Gasly,10,#0093CC,40.0,434,80.384,80.384,0,0,80.352,0.064,-0.516,-,-,-,-0.516,-,-,-,,M,#F0E628,39,2.0,0,1,0.397,0,0,0,0,0.0,10
1,2024,2024081,9,Alpine,17,GAS,Pierre Gasly,10,#0093CC,41.0,435,80.2,80.2,0,0,80.292,0.184,-0.432,-,-,-,-0.432,-,-,-,,M,#F0E628,40,2.0,0,0,0.397,0,0,0,0,0.0,10
1,2024,2024081,9,Alpine,17,GAS,Pierre Gasly,10,#0093CC,42.0,436,79.977,79.977,0,0,80.089,0.223,-0.171,-,-,-,-0.171,-,-,-,,M,#F0E628,41,2.0,0,0,0.397,0,0,0,0,0.0,10
1,2024,2024081,9,Alpine,17,GAS,Pierre Gasly,10,#0093CC,43.0,437,81.048,80.299,1,0,80.138,1.071,-1.503,-,-,-,-0.754,-,-,-,,M,#F0E628,42,2.0,0,0,0.397,0,0,0,0,0.0,10
1,2024,2024081,9,Alpine,17,GAS,Pierre Gasly,10,#0093CC,44.0,438,80.621,80.621,0,0,80.46,0.427,-1.619,-,-,-,-1.619,-,-,-,,M,#F0E628,43,2.0,0,0,0.397,0,0,0,0,0.0,10
1,2024,2024081,9,Alpine,17,GAS,Pierre Gasly,10,#0093CC,45.0,439,79.382,79.382,0,0,80.002,1.239,-0.506,-,-,-,-0.506,-,-,-,,M,#F0E628,44,2.0,0,0,0.397,0,0,0,0,0.0,10
1,2024,2024081,9,Alpine,17,GAS,Pierre Gasly,10,#0093CC,46.0,440,79.97,79.408,1,0,79.395,0.588,-1.026,-,-,-,-0.464,-,-,-,,M,#F0E628,45,2.0,0,0,0.397,0,0,0,0,0.0,10
1,2024,2024081,9,Alpine,17,GAS,Pierre Gasly,10,#0093CC,47.0,441,79.435,79.435,0,0,79.422,0.535,-0.448,-,-,-,-0.448,-,-,-,,M,#F0E628,46,2.0,0,0,0.397,0,0,0,0,0.0,10
1,2024,2024081,9,Alpine,17,GAS,Pierre Gasly,10,#0093CC,48.0,442,79.865,79.865,0,0,79.65,0.430,-0.719,-,-,-,-0.719,-,-,-,,M,#F0E628,47,2.0,0,0,0.397,0,0,0,0,0.0,10
1,2024,2024081,9,Alpine,17,GAS,Pierre Gasly,10,#0093CC,49.0,443,80.534,80.534,0,0,80.2,0.669,-1.202,-,-,-,-1.202,-,-,-,,M,#F0E628,48,2.0,0,0,0.397,0,0,0,0,0.0,10
1,2024,2024081,9,Alpine,17,GAS,Pierre Gasly,10,#0093CC,50.0,444,81.023,81.023,0,0,80.779,0.489,-1.851,-,-,-,-1.851,-,-,-,,M,#F0E628,49,2.0,0,0,0.397,0,0,0,0,0.0,10
1,2024,2024081,9,Alpine,17,GAS,Pierre Gasly,10,#0093CC,51.0,445,84.473,80.383,1,0,80.703,3.450,-5.697,-,-,-,-1.607,-,-,-,,M,#F0E628,50,2.0,0,0,0.397,0,0,0,0,0.0,10
1,2024,2024081,9,Alpine,17,GAS,Pierre Gasly,10,#0093CC,52.0,446,79.743,79.743,0,0,80.063,4.730,-0.673,-,-,-,-0.673,-,-,-,,M,#F0E628,51,2.0,0,0,0.397,0,0,0,0,0.0,10
1,2024,2024081,9,Alpine,17,GAS,Pierre Gasly,10,#0093CC,53.0,447,79.917,79.917,0,0,79.83,0.174,-0.837,-,-,-,-0.837,-,-,-,,M,#F0E628,52,2.0,0,0,0.397,0,0,0,0,0.0,10
1,2024,2024081,9,Alpine,17,GAS,Pierre Gasly,10,#0093CC,54.0,448,79.091,79.091,0,0,79.504,0.826,-0.337,-,-,-,-0.337,-,-,-,,M,#F0E628,53,2.0,0,0,0.397,0,0,0,0,0.0,10
1,2024,2024081,9,Alpine,17,GAS,Pierre Gasly,10,#0093CC,55.0,449,79.407,79.407,0,0,79.249,0.316,-0.705,-,-,-,-0.705,-,-,-,,M,#F0E628,54,2.0,0,0,0.397,0,0,0,0,0.0,10
1,2024,2024081,9,Alpine,17,GAS,Pierre Gasly,10,#0093CC,56.0,450,79.704,79.704,0,0,79.556,0.297,-1.374,-,-,-,-1.374,-,-,-,,M,#F0E628,55,2.0,0,0,0.397,0,0,0,0,0.0,10
1,2024,2024081,9,Alpine,17,GAS,Pierre Gasly,10,#0093CC,57.0,451,79.448,79.448,0,0,79.576,0.256,-1.456,-,-,-,-1.456,-,-,-,,M,#F0E628,56,2.0,0,0,0.397,0,0,0,0,0.0,10
1,2024,2024081,9,Alpine,17,GAS,Pierre Gasly,10,#0093CC,58.0,452,79.097,79.097,0,0,79.272,0.351,-1.235,-,-,-,-1.235,-,-,-,,M,#F0E628,57,2.0,0,0,0.397,0,0,0,0,0.0,10
1,2024,2024081,9,Alpine,17,GAS,Pierre Gasly,10,#0093CC,59.0,453,81.378,79.667,1,0,79.382,2.281,-4.039,-,-,-,-2.328,-,-,-,,M,#F0E628,58,2.0,0,0,0.397,0,0,0,0,0.0,10
1,2024,2024081,9,Alpine,17,GAS,Pierre Gasly,10,#0093CC,60.0,454,80.237,80.237,0,0,79.952,1.141,-2.768,-,-,-,-2.768,-,-,-,,M,#F0E628,59,2.0,0,0,0.397,0,0,0,0,0.0,10
1,2024,2024081,9,Alpine,17,GAS,Pierre Gasly,10,#0093CC,61.0,455,80.407,80.407,0,0,80.322,0.170,-2.896,-,-,-,-2.896,-,-,-,,M,#F0E628,60,2.0,0,0,0.397,0,0,0,0,0.0,10
1,2024,2024081,9,Alpine,17,GAS,Pierre Gasly,10,#0093CC,62.0,456,78.469,78.469,0,0,79.438,1.938,-0.949,-,-,-,-0.949,-,-,-,,M,#F0E628,61,2.0,0,0,0.397,0,0,0,0,0.0,10
1,2024,2024081,9,Alpine,17,GAS,Pierre Gasly,10,#0093CC,63.0,457,79.155,78.668,1,0,78.569,0.686,-1.8,-,-,-,-1.313,-,-,-,,M,#F0E628,62,2.0,0,0,0.397,0,0,0,0,0.0,10
1,2024,2024081,9,Alpine,17,GAS,Pierre Gasly,10,#0093CC,64.0,458,78.868,78.868,0,0,78.768,0.287,-1.594,-,-,-,-1.594,-,-,-,,M,#F0E628,63,2.0,0,0,0.397,0,0,0,0,0.0,10
1,2024,2024081,9,Alpine,17,GAS,Pierre Gasly,10,#0093CC,65.0,459,79.22,79.22,0,0,79.044,0.352,-1.831,-,-,-,-1.831,-,-,-,,M,#F0E628,64,2.0,0,0,0.397,0,0,0,0,0.0,10
1,2024,2024081,9,Alpine,17,GAS,Pierre Gasly,10,#0093CC,66.0,460,78.726,78.726,0,0,78.973,0.494,-1.238,-,-,-,-1.238,-,-,-,,M,#F0E628,65,2.0,0,0,0.397,0,0,0,0,0.0,10
1,2024,2024081,9,Alpine,17,GAS,Pierre Gasly,10,#0093CC,67.0,461,78.624,78.624,0,0,78.675,0.102,-1.063,-,-,-,-1.063,-,-,-,,M,#F0E628,66,2.0,0,0,0.397,0,0,0,0,0.0,10
1,2024,2024081,9,Alpine,17,GAS,Pierre Gasly,10,#0093CC,68.0,462,78.545,78.545,0,0,78.584,0.079,-1.051,-,-,-,-1.051,-,-,-,,M,#F0E628,67,2.0,0,0,0.397,0,0,0,0,0.0,10
1,2024,2024081,9,Alpine,17,GAS,Pierre Gasly,10,#0093CC,69.0,463,78.363,78.363,0,0,78.454,0.182,-0.966,-,-,-,-0.966,-,-,-,,M,#F0E628,68,2.0,0,0,0.397,0,0,0,0,0.0,10
1,2024,2024081,9,Alpine,17,GAS,Pierre Gasly,10,#0093CC,70.0,464,77.799,77.799,0,0,78.081,0.564,-0.499,-,-,-,-0.499,-,-,-,,M,#F0E628,69,2.0,0,0,0.397,0,0,0,0,0.0,10
1,2024,2024081,9,Alpine,17,GAS,Pierre Gasly,10,#0093CC,71.0,465,78.14,78.14,0,0,77.97,0.341,-0.954,-,-,-,-0.954,-,-,-,,M,#F0E628,70,2.0,0,0,0.397,0,0,0,0,0.0,10
1,2024,2024081,9,Alpine,17,GAS,Pierre Gasly,10,#0093CC,72.0,466,78.382,78.382,0,0,78.261,0.242,-1.115,-,-,-,-1.115,-,-,-,,M,#F0E628,71,2.0,0,0,0.397,0,0,0,0,0.0,10
1,2024,2024081,9,Alpine,17,GAS,Pierre Gasly,10,#0093CC,73.0,467,77.992,77.992,0,0,78.187,0.390,-1.228,-,-,-,-1.228,-,-,-,,M,#F0E628,72,2.0,0,0,0.397,0,0,0,0,0.0,10
1,2024,2024081,9,Alpine,17,GAS,Pierre Gasly,10,#0093CC,74.0,468,76.689,76.689,0,0,77.34,1.303,-0.017,-,-,-,-0.017,-,-,-,,M,#F0E628,73,2.0,0,0,0.397,0,0,0,0,0.0,10
1,2024,2024081,9,Alpine,17,GAS,Pierre Gasly,10,#0093CC,75.0,469,78.12,77.102,1,0,76.896,1.431,-1.397,-,-,-,-0.379,-,-,-,,M,#F0E628,74,2.0,0,0,0.397,0,0,0,0,0.0,10
1,2024,2024081,9,Alpine,17,GAS,Pierre Gasly,10,#0093CC,76.0,470,77.516,77.516,0,0,77.309,0.604,-0.467,-,-,-,-0.467,-,-,-,,M,#F0E628,75,2.0,0,0,0.397,0,0,0,0,0.0,10
1,2024,2024081,9,Alpine,17,GAS,Pierre Gasly,10,#0093CC,77.0,471,75.625,75.625,0,0,76.571,1.891,0.481,-,-,-,0.481,-,-,-,,M,#F0E628,76,2.0,0,0,0.397,0,0,0,0,0.0,10
1,2024,2024091,10,Alpine,13,OCO,Esteban Ocon,31,#0093CC,1.0,473,-,-,0,1,-,-,-,-,-,-,-,-,-,-,,I,#50A078,1,1.0,0,0,0.377,0,0,0,0,,16
1,2024,2024091,10,Alpine,13,OCO,Esteban Ocon,31,#0093CC,2.0,474,-,-,0,1,-,-,-,-,-,-,-,-,-,-,,I,#50A078,2,1.0,0,0,0.377,0,0,0,0,0.0,16
1,2024,2024091,10,Alpine,13,OCO,Esteban Ocon,31,#0093CC,3.0,475,100.159,100.159,0,0,-,-,-1.008,-0.337,-1.177,13.0,-1.008,-0.337,-1.177,13.0,-1.345,I,#50A078,3,1.0,0,0,0.377,0,0,0,0,0.0,16
1,2024,2024091,10,Alpine,13,OCO,Esteban Ocon,31,#0093CC,4.0,476,99.746,99.746,0,0,99.952,0.413,-2.478,0.839,-2.058,17.0,-2.478,0.839,-2.058,17.0,-1.639,I,#50A078,4,1.0,0,0,0.377,0,0,0,0,0.0,16
1,2024,2024091,10,Alpine,13,OCO,Esteban Ocon,31,#0093CC,5.0,477,98.507,98.507,0,0,99.126,1.239,-1.722,-0.339,-1.891,13.0,-1.722,-0.339,-1.891,13.0,-2.061,I,#50A078,5,1.0,0,0,0.377,0,0,0,0,0.0,16
1,2024,2024091,10,Alpine,13,OCO,Esteban Ocon,31,#0093CC,6.0,478,96.501,96.501,0,0,97.504,2.006,-0.77,-0.073,-0.806,13.0,-0.770,-0.073,-0.806,13.0,-0.843,I,#50A078,6,1.0,0,0,0.377,0,0,0,0,1.0,15
1,2024,2024091,10,Alpine,13,OCO,Esteban Ocon,31,#0093CC,7.0,479,93.72,93.72,0,0,95.11,2.781,0.287,-1.624,-0.525,13.0,0.287,-1.624,-0.525,13.0,-1.337,I,#50A078,7,1.0,0,0,0.377,0,0,0,0,0.0,15
1,2024,2024091,10,Alpine,13,OCO,Esteban Ocon,31,#0093CC,8.0,480,93.301,93.301,0,0,93.511,0.419,-0.398,0.439,-0.178,17.0,-0.398,0.439,-0.178,17.0,0.041,I,#50A078,8,1.0,0,0,0.377,0,0,0,0,0.0,15
1,2024,2024091,10,Alpine,13,OCO,Esteban Ocon,31,#0093CC,9.0,481,92.887,92.887,0,0,93.094,0.414,-0.786,1.127,-0.223,17.0,-0.786,1.127,-0.223,17.0,0.341,I,#50A078,9,1.0,0,0,0.377,0,0,0,0,0.0,15
1,2024,2024091,10,Alpine,13,OCO,Esteban Ocon,31,#0093CC,10.0,482,91.432,91.432,0,0,92.16,1.455,-0.002,-0.054,-0.029,13.0,-0.002,-0.054,-0.029,13.0,-0.056,I,#50A078,10,1.0,0,0,0.377,0,0,0,0,0.0,15
1,2024,2024091,10,Alpine,13,OCO,Esteban Ocon,31,#0093CC,11.0,483,90.896,90.896,0,0,91.164,0.536,0.36,-2.423,-0.852,13.0,0.360,0.172,0.446,17.0,-2.063,I,#50A078,11,1.0,0,0,0.377,0,0,0,0,0.0,15
1,2024,2024091,10,Alpine,13,OCO,Esteban Ocon,31,#0093CC,12.0,484,92.115,92.115,0,0,91.506,1.219,-1.324,2.154,-0.247,17.0,-1.324,2.154,-0.247,17.0,0.83,I,#50A078,12,1.0,0,0,0.377,0,0,0,0,0.0,14
1,2024,2024091,10,Alpine,13,OCO,Esteban Ocon,31,#0093CC,13.0,485,91.244,91.244,0,0,91.679,0.871,-1.279,0.424,-1.067,17.0,-1.279,0.424,-1.067,17.0,-0.855,I,#50A078,13,1.0,0,0,0.377,0,0,0,0,0.0,14
1,2024,2024091,10,Alpine,13,OCO,Esteban Ocon,31,#0093CC,14.0,486,90.081,90.081,0,0,90.662,1.163,-0.732,-0.277,-0.870,13.0,-0.732,-0.277,-0.870,13.0,-1.009,I,#50A078,14,1.0,0,0,0.377,0,0,0,0,0.0,14
1,2024,2024091,10,Alpine,13,OCO,Esteban Ocon,31,#0093CC,15.0,487,89.52,89.52,0,0,89.8,0.561,-0.51,-0.376,-0.698,13.0,-0.510,-0.376,-0.698,13.0,-0.886,I,#50A078,15,1.0,0,0,0.377,0,0,0,0,0.0,14
1,2024,2024091,10,Alpine,13,OCO,Esteban Ocon,31,#0093CC,16.0,488,88.212,88.212,0,0,88.866,1.308,0.008,-0.244,-0.114,13.0,0.008,-0.244,-0.114,13.0,-0.236,I,#50A078,16,1.0,0,0,0.377,0,0,0,0,0.0,14
1,2024,2024091,10,Alpine,13,OCO,Esteban Ocon,31,#0093CC,17.0,489,88.208,88.208,0,0,88.21,0.004,-0.396,0.226,-0.283,17.0,-0.396,0.226,-0.283,17.0,-0.17,I,#50A078,17,1.0,0,0,0.377,0,0,0,0,0.0,14
1,2024,2024091,10,Alpine,13,OCO,Esteban Ocon,31,#0093CC,18.0,490,87.402,87.402,0,0,87.805,0.806,-0.257,-1.531,-1.022,13.0,-0.257,-1.531,-1.022,13.0,-1.788,I,#50A078,18,1.0,0,0,0.377,0,0,0,0,0.0,14
1,2024,2024091,10,Alpine,13,OCO,Esteban Ocon,31,#0093CC,19.0,491,87.561,87.561,0,0,87.482,0.159,-0.709,0.149,-0.635,17.0,-0.709,0.149,-0.635,17.0,-0.56,I,#50A078,19,1.0,0,0,0.377,0,0,0,0,0.0,14
1,2024,2024091,10,Alpine,13,OCO,Esteban Ocon,31,#0093CC,20.0,492,87.138,87.138,0,0,87.35,0.423,-0.14,0.320,0.020,17.0,-0.140,0.320,0.020,17.0,0.18,I,#50A078,20,1.0,0,1,0.377,0,0,0,0,0.0,14
1,2024,2024091,10,Alpine,13,OCO,Esteban Ocon,31,#0093CC,21.0,493,87.829,87.829,0,0,87.483,0.691,-0.791,0.073,-0.754,17.0,-0.791,0.073,-0.754,17.0,-0.718,I,#50A078,21,1.0,0,0,0.377,0,0,0,0,0.0,14
1,2024,2024091,10,Alpine,13,OCO,Esteban Ocon,31,#0093CC,22.0,494,86.654,86.654,0,0,87.242,1.175,-0.222,1.489,0.522,17.0,-0.222,1.489,0.522,17.0,1.267,I,#50A078,22,1.0,0,0,0.377,0,0,0,0,0.0,14
1,2024,2024091,10,Alpine,13,OCO,Esteban Ocon,31,#0093CC,23.0,495,86.736,86.736,0,0,86.695,0.082,0.02,1.652,0.846,17.0,0.020,1.652,0.846,17.0,1.672,I,#50A078,23,1.0,0,0,0.377,0,0,0,0,0.0,14
1,2024,2024091,10,Alpine,13,OCO,Esteban Ocon,31,#0093CC,24.0,496,87.201,87.201,0,0,86.968,0.465,-0.508,-0.338,-0.677,13.0,-0.508,-0.338,-0.677,13.0,-0.846,I,#50A078,24,1.0,0,0,0.377,0,0,0,0,0.0,14
1,2024,2024091,10,Alpine,13,OCO,Esteban Ocon,31,#0093CC,25.0,497,-,-,0,1,-,-,-,-,-,-,-,-,-,-,,I,#50A078,25,1.0,0,0,0.377,0,1,0,0,0.0,10
1,2024,2024091,10,Alpine,13,OCO,Esteban Ocon,31,#0093CC,26.0,498,-,-,0,1,-,-,-,-,-,-,-,-,-,-,,I,#50A078,26,1.0,0,0,0.377,0,0,0,0,0.0,9
1,2024,2024091,10,Alpine,13,OCO,Esteban Ocon,31,#0093CC,27.0,499,-,-,0,1,-,-,-,-,-,-,-,-,-,-,,I,#50A078,27,1.0,0,0,0.377,0,0,0,0,0.0,9
1,2024,2024091,10,Alpine,13,OCO,Esteban Ocon,31,#0093CC,28.0,500,-,-,0,1,-,-,-,-,-,-,-,-,-,-,,I,#50A078,28,1.0,0,0,0.377,0,0,0,0,0.0,9
1,2024,2024091,10,Alpine,13,OCO,Esteban Ocon,31,#0093CC,29.0,501,-,-,0,1,-,-,-,-,-,-,-,-,-,-,,I,#50A078,29,1.0,0,0,0.377,1,0,0,0,0.0,9
1,2024,2024091,10,Alpine,13,OCO,Esteban Ocon,31,#0093CC,30.0,502,-,-,0,1,-,-,-,-,-,-,-,-,-,-,,I,#50A078,30,1.0,0,0,0.377,0,0,0,0,-1.0,10
1,2024,2024091,10,Alpine,13,OCO,Esteban Ocon,31,#0093CC,31.0,503,91.377,91.377,0,0,-,-,0.32,-1.146,-0.253,13.0,0.320,-1.146,-0.253,13.0,-0.826,I,#50A078,31,1.0,0,0,0.377,0,0,0,0,0.0,10
1,2024,2024091,10,Alpine,13,OCO,Esteban Ocon,31,#0093CC,32.0,504,91.386,91.386,0,0,91.381,0.009,-0.149,-0.361,-0.330,13.0,-0.149,-0.361,-0.330,13.0,-0.51,I,#50A078,32,1.0,0,0,0.377,0,0,0,0,0.0,10
1,2024,2024091,10,Alpine,13,OCO,Esteban Ocon,31,#0093CC,33.0,505,90.147,90.147,0,0,90.767,1.239,0.001,-0.778,-0.388,13.0,0.001,-0.778,-0.388,13.0,-0.777,I,#50A078,33,1.0,0,0,0.377,0,0,0,0,0.0,10
1,2024,2024091,10,Alpine,13,OCO,Esteban Ocon,31,#0093CC,34.0,506,88.896,88.896,0,0,89.522,1.251,-0.242,-0.038,-0.261,13.0,-0.242,-0.038,-0.261,13.0,-0.28,I,#50A078,34,1.0,0,0,0.377,0,0,0,0,0.0,10
1,2024,2024091,10,Alpine,13,OCO,Esteban Ocon,31,#0093CC,35.0,507,88.819,88.819,0,0,88.858,0.077,-0.552,0.387,-0.358,17.0,-0.552,0.387,-0.358,17.0,-0.165,I,#50A078,35,1.0,0,0,0.377,0,0,0,0,0.0,10
1,2024,2024091,10,Alpine,13,OCO,Esteban Ocon,31,#0093CC,36.0,508,87.907,87.907,0,0,88.363,0.912,-0.228,0.307,-0.074,17.0,-0.228,0.307,-0.074,17.0,0.079,I,#50A078,36,1.0,0,0,0.377,0,0,0,0,0.0,10
1,2024,2024091,10,Alpine,13,OCO,Esteban Ocon,31,#0093CC,37.0,509,87.67,87.67,0,0,87.788,0.237,-0.591,0.027,-0.577,17.0,-0.591,0.027,-0.577,17.0,-0.564,I,#50A078,37,1.0,0,0,0.377,0,0,0,0,0.0,10
1,2024,2024091,10,Alpine,13,OCO,Esteban Ocon,31,#0093CC,38.0,510,86.721,86.721,0,0,87.196,0.949,-0.077,-0.032,-0.093,13.0,-0.077,-0.032,-0.093,13.0,-0.109,I,#50A078,38,1.0,0,0,0.377,0,0,0,0,0.0,10
1,2024,2024091,10,Alpine,13,OCO,Esteban Ocon,31,#0093CC,39.0,511,86.213,86.213,0,0,86.467,0.508,0.016,-1.198,-0.583,13.0,0.016,-1.198,-0.583,13.0,-1.182,I,#50A078,39,1.0,0,0,0.377,0,0,0,0,0.0,10
1,2024,2024091,10,Alpine,13,OCO,Esteban Ocon,31,#0093CC,40.0,512,85.435,85.435,0,0,85.824,0.778,0.213,-,-,-,0.213,-,-,-,,I,#50A078,40,1.0,0,0,0.377,0,0,0,0,0.0,10
1,2024,2024091,10,Alpine,13,OCO,Esteban Ocon,31,#0093CC,41.0,513,85.547,85.547,0,0,85.491,0.112,-0.332,-,-,-,-0.332,-,-,-,,I,#50A078,41,1.0,0,0,0.377,0,0,0,0,0.0,10
1,2024,2024091,10,Alpine,13,OCO,Esteban Ocon,31,#0093CC,42.0,514,85.187,85.187,0,0,85.367,0.360,0.101,-2.001,-0.899,13.0,0.101,-2.001,-0.899,13.0,-1.9,I,#50A078,42,1.0,0,0,0.377,0,0,0,0,0.0,10
1,2024,2024091,10,Alpine,13,OCO,Esteban Ocon,31,#0093CC,43.0,515,84.927,84.927,0,0,85.057,0.260,0.303,1.021,0.814,17.0,0.303,1.021,0.814,17.0,1.324,I,#50A078,43,1.0,0,0,0.377,0,0,0,0,1.0,9
1,2024,2024091,10,Alpine,13,OCO,Esteban Ocon,31,#0093CC,44.0,516,-,-,0,1,-,-,-,-,-,-,-,-,-,-,-0.245,I,#50A078,44,1.0,1,0,0.377,0,0,0,0,0.0,9
1,2024,2024091,10,Alpine,13,OCO,Esteban Ocon,31,#0093CC,45.0,517,-,-,0,1,-,-,-,-,-,-,-,-,-,-,1.135,M,#F0E628,1,2.0,0,0,0.397,0,0,0,0,0.0,9
1,2024,2024091,10,Alpine,13,OCO,Esteban Ocon,31,#0093CC,46.0,518,85.047,85.047,0,0,-,-,-0.113,2.272,1.023,17.0,-0.113,2.272,1.023,17.0,2.159,M,#F0E628,2,2.0,0,0,0.397,0,0,0,0,0.0,9
1,2024,2024091,10,Alpine,13,OCO,Esteban Ocon,31,#0093CC,47.0,519,82.874,82.874,0,0,83.96,2.173,0.272,2.321,1.433,17.0,0.272,2.321,1.433,17.0,2.593,M,#F0E628,3,2.0,0,0,0.397,0,0,0,0,0.0,9
1,2024,2024091,10,Alpine,13,OCO,Esteban Ocon,31,#0093CC,48.0,520,81.453,81.453,0,0,82.164,1.421,0.607,0.046,0.630,17.0,0.607,0.817,1.015,17.0,0.653,M,#F0E628,4,2.0,0,0,0.397,0,0,0,0,0.0,9
1,2024,2024091,10,Alpine,13,OCO,Esteban Ocon,31,#0093CC,49.0,521,80.768,80.768,0,0,81.11,0.685,0.272,0.050,0.297,17.0,0.272,0.050,0.297,17.0,0.322,M,#F0E628,5,2.0,0,0,0.397,0,0,0,0,0.0,9
1,2024,2024091,10,Alpine,13,OCO,Esteban Ocon,31,#0093CC,50.0,522,79.789,79.789,0,0,80.279,0.979,-0.005,-0.065,-0.037,13.0,-0.005,-0.065,-0.037,13.0,-0.07,M,#F0E628,6,2.0,0,0,0.397,0,0,0,0,0.0,9
1,2024,2024091,10,Alpine,13,OCO,Esteban Ocon,31,#0093CC,51.0,523,79.399,79.399,0,0,79.594,0.390,-0.237,0.460,-0.007,17.0,-0.237,0.460,-0.007,17.0,0.223,M,#F0E628,7,2.0,0,0,0.397,0,0,0,0,0.0,9
1,2024,2024091,10,Alpine,13,OCO,Esteban Ocon,31,#0093CC,52.0,524,81.816,81.816,0,0,80.608,2.417,-1.579,1.711,-0.724,17.0,-1.579,1.711,-0.724,17.0,0.132,M,#F0E628,8,2.0,0,0,0.397,0,0,0,0,0.0,9
1,2024,2024091,10,Alpine,13,OCO,Esteban Ocon,31,#0093CC,53.0,525,-,-,0,1,-,-,-,-,-,-,-,-,-,-,,M,#F0E628,9,2.0,0,0,0.397,0,1,0,0,0.0,9
1,2024,2024091,10,Alpine,13,OCO,Esteban Ocon,31,#0093CC,54.0,526,-,-,0,1,-,-,-,-,-,-,-,-,-,-,,M,#F0E628,10,2.0,0,0,0.397,0,0,0,0,0.0,9
1,2024,2024091,10,Alpine,13,OCO,Esteban Ocon,31,#0093CC,55.0,527,-,-,0,1,-,-,-,-,-,-,-,-,-,-,,M,#F0E628,11,2.0,0,0,0.397,0,0,0,0,0.0,9
1,2024,2024091,10,Alpine,13,OCO,Esteban Ocon,31,#0093CC,56.0,528,-,-,0,1,-,-,-,-,-,-,-,-,-,-,,M,#F0E628,12,2.0,0,0,0.397,0,0,0,0,0.0,9
1,2024,2024091,10,Alpine,13,OCO,Esteban Ocon,31,#0093CC,57.0,529,-,-,0,1,-,-,-,-,-,-,-,-,-,-,,M,#F0E628,13,2.0,0,0,0.397,0,0,0,0,0.0,9
1,2024,2024091,10,Alpine,13,OCO,Esteban Ocon,31,#0093CC,58.0,530,-,-,0,1,-,-,-,-,-,-,-,-,-,-,,M,#F0E628,14,2.0,0,0,0.397,1,0,0,0,0.0,9
1,2024,2024091,10,Alpine,13,OCO,Esteban Ocon,31,#0093CC,59.0,531,-,-,0,1,-,-,-,-,-,-,-,-,-,-,,M,#F0E628,15,2.0,0,0,0.397,0,0,0,0,0.0,9
1,2024,2024091,10,Alpine,13,OCO,Esteban Ocon,31,#0093CC,60.0,532,78.608,78.608,0,0,-,-,-0.117,0.041,-0.097,17.0,-0.117,0.041,-0.097,17.0,-0.076,M,#F0E628,16,2.0,0,0,0.397,0,0,0,0,0.0,9
1,2024,2024091,10,Alpine,13,OCO,Esteban Ocon,31,#0093CC,61.0,533,79.077,79.077,0,0,78.842,0.469,-0.891,0.220,-0.781,17.0,-0.891,0.220,-0.781,17.0,-0.671,M,#F0E628,17,2.0,0,1,0.397,0,0,0,0,1.0,8
1,2024,2024091,10,Alpine,13,OCO,Esteban Ocon,31,#0093CC,62.0,534,78.377,78.377,0,0,78.727,0.700,-0.578,-0.357,-0.756,13.0,-0.578,-0.357,-0.756,13.0,-0.935,M,#F0E628,18,2.0,0,0,0.397,0,0,0,0,0.0,8
1,2024,2024091,10,Alpine,13,OCO,Esteban Ocon,31,#0093CC,63.0,535,77.902,77.902,0,0,78.14,0.475,-0.465,-0.095,-0.513,13.0,-0.465,-0.095,-0.513,13.0,-0.56,M,#F0E628,19,2.0,0,0,0.397,0,0,0,0,0.0,8
1,2024,2024091,10,Alpine,13,OCO,Esteban Ocon,31,#0093CC,64.0,536,77.857,77.857,0,0,77.88,0.045,-0.648,0.251,-0.522,17.0,-0.648,0.251,-0.522,17.0,-0.397,M,#F0E628,20,2.0,0,0,0.397,0,0,0,0,0.0,8
1,2024,2024091,10,Alpine,13,OCO,Esteban Ocon,31,#0093CC,65.0,537,77.865,77.865,0,0,77.861,0.008,-0.802,0.246,-0.679,17.0,-0.802,0.246,-0.679,17.0,-0.556,M,#F0E628,21,2.0,0,0,0.397,0,0,0,0,0.0,8
1,2024,2024091,10,Alpine,13,OCO,Esteban Ocon,31,#0093CC,66.0,538,78.377,78.377,0,0,78.121,0.512,-1.045,0.263,-0.913,17.0,-1.045,0.263,-0.913,17.0,-0.782,M,#F0E628,22,2.0,0,0,0.397,0,0,0,0,0.0,8
1,2024,2024091,10,Alpine,13,OCO,Esteban Ocon,31,#0093CC,67.0,539,78.275,78.275,0,0,78.326,0.102,-1.012,0.311,-0.857,17.0,-1.012,0.311,-0.857,17.0,-0.701,M,#F0E628,23,2.0,0,0,0.397,0,0,0,0,-1.0,9
1,2024,2024091,10,Alpine,13,OCO,Esteban Ocon,31,#0093CC,68.0,540,77.754,77.754,0,0,78.014,0.521,-0.816,0.012,-0.810,17.0,-0.816,0.012,-0.810,17.0,-0.804,M,#F0E628,24,2.0,0,0,0.397,0,0,0,0,0.0,9
1,2024,2024091,10,Alpine,13,OCO,Esteban Ocon,31,#0093CC,69.0,541,78.293,78.293,0,0,78.024,0.539,-1.37,0.672,-1.034,17.0,-1.370,0.672,-1.034,17.0,-0.698,M,#F0E628,25,2.0,0,0,0.397,0,0,0,0,-1.0,10
1,2024,2024091,10,Alpine,13,OCO,Esteban Ocon,31,#0093CC,70.0,542,77.012,77.012,0,0,77.652,1.281,-0.355,-0.001,-0.355,13.0,-0.355,-0.001,-0.355,13.0,-0.356,M,#F0E628,26,2.0,0,0,0.397,0,0,0,0,0.0,10
1,2024,2024091,10,Alpine,17,GAS,Pierre Gasly,10,#0093CC,1.0,473,-,-,0,1,-,-,-,-,-,-,-,-,-,-,,I,#50A078,1,1.0,0,0,0.644,0,0,0,0,,18
1,2024,2024091,10,Alpine,17,GAS,Pierre Gasly,10,#0093CC,2.0,474,-,-,0,1,-,-,-,-,-,-,-,-,-,-,,I,#50A078,2,1.0,0,0,0.644,0,0,0,0,0.0,18
1,2024,2024091,10,Alpine,17,GAS,Pierre Gasly,10,#0093CC,3.0,475,100.496,100.496,0,0,-,-,-1.345,-0.337,-1.177,13.0,-1.345,-0.337,-1.177,13.0,-1.008,I,#50A078,3,1.0,0,0,0.644,0,0,0,0,0.0,18
1,2024,2024091,10,Alpine,17,GAS,Pierre Gasly,10,#0093CC,4.0,476,98.907,98.907,0,0,99.702,1.589,-1.639,0.839,-2.058,17.0,-1.639,0.839,-2.058,17.0,-2.478,I,#50A078,4,1.0,0,0,0.644,0,0,0,0,0.0,18
1,2024,2024091,10,Alpine,17,GAS,Pierre Gasly,10,#0093CC,5.0,477,98.846,98.846,0,0,98.876,0.061,-2.061,-0.339,-1.891,13.0,-2.061,-0.339,-1.891,13.0,-1.722,I,#50A078,5,1.0,0,0,0.644,0,0,0,0,0.0,18
1,2024,2024091,10,Alpine,17,GAS,Pierre Gasly,10,#0093CC,6.0,478,96.574,96.574,0,0,97.71,2.272,-0.843,-0.073,-0.806,13.0,-0.843,-0.073,-0.806,13.0,-0.77,I,#50A078,6,1.0,0,0,0.644,0,0,0,0,1.0,17
1,2024,2024091,10,Alpine,17,GAS,Pierre Gasly,10,#0093CC,7.0,479,95.344,95.344,0,0,95.959,1.230,-1.337,-1.624,-0.525,13.0,-1.337,-1.624,-0.525,13.0,0.287,I,#50A078,7,1.0,0,0,0.644,0,0,0,0,0.0,17
1,2024,2024091,10,Alpine,17,GAS,Pierre Gasly,10,#0093CC,8.0,480,92.862,92.862,0,0,94.103,2.482,0.041,0.439,-0.178,17.0,0.041,0.439,-0.178,17.0,-0.398,I,#50A078,8,1.0,0,0,0.644,0,0,0,0,0.0,17
1,2024,2024091,10,Alpine,17,GAS,Pierre Gasly,10,#0093CC,9.0,481,91.76,91.76,0,0,92.311,1.102,0.341,1.127,-0.223,17.0,0.341,1.127,-0.223,17.0,-0.786,I,#50A078,9,1.0,0,0,0.644,0,0,0,0,0.0,17
1,2024,2024091,10,Alpine,17,GAS,Pierre Gasly,10,#0093CC,10.0,482,91.486,91.486,0,0,91.623,0.274,-0.056,-0.054,-0.029,13.0,-0.056,-0.054,-0.029,13.0,-0.002,I,#50A078,10,1.0,0,0,0.644,0,0,0,0,0.0,17
1,2024,2024091,10,Alpine,17,GAS,Pierre Gasly,10,#0093CC,11.0,483,93.319,90.724,1,0,91.105,1.833,-2.063,-2.423,-0.852,13.0,0.532,0.172,0.446,17.0,0.36,I,#50A078,11,1.0,0,0,0.644,0,0,0,0,0.0,17
1,2024,2024091,10,Alpine,17,GAS,Pierre Gasly,10,#0093CC,12.0,484,89.961,89.961,0,0,90.342,3.358,0.83,2.154,-0.247,17.0,0.830,2.154,-0.247,17.0,-1.324,I,#50A078,12,1.0,0,0,0.644,0,0,0,0,0.0,16
1,2024,2024091,10,Alpine,17,GAS,Pierre Gasly,10,#0093CC,13.0,485,90.82,90.82,0,0,90.39,0.859,-0.855,0.424,-1.067,17.0,-0.855,0.424,-1.067,17.0,-1.279,I,#50A078,13,1.0,0,1,0.644,0,0,0,0,0.0,16
1,2024,2024091,10,Alpine,17,GAS,Pierre Gasly,10,#0093CC,14.0,486,90.358,90.358,0,0,90.589,0.462,-1.009,-0.277,-0.870,13.0,-1.009,-0.277,-0.870,13.0,-0.732,I,#50A078,14,1.0,0,0,0.644,0,0,0,0,0.0,16
1,2024,2024091,10,Alpine,17,GAS,Pierre Gasly,10,#0093CC,15.0,487,89.896,89.896,0,0,90.127,0.462,-0.886,-0.376,-0.698,13.0,-0.886,-0.376,-0.698,13.0,-0.51,I,#50A078,15,1.0,0,0,0.644,0,0,0,0,0.0,16
1,2024,2024091,10,Alpine,17,GAS,Pierre Gasly,10,#0093CC,16.0,488,88.456,88.456,0,0,89.176,1.440,-0.236,-0.244,-0.114,13.0,-0.236,-0.244,-0.114,13.0,0.008,I,#50A078,16,1.0,0,0,0.644,0,0,0,0,0.0,16
1,2024,2024091,10,Alpine,17,GAS,Pierre Gasly,10,#0093CC,17.0,489,87.982,87.982,0,0,88.219,0.474,-0.17,0.226,-0.283,17.0,-0.170,0.226,-0.283,17.0,-0.396,I,#50A078,17,1.0,0,0,0.644,0,0,0,0,0.0,16
1,2024,2024091,10,Alpine,17,GAS,Pierre Gasly,10,#0093CC,18.0,490,88.933,88.933,0,0,88.458,0.951,-1.788,-1.531,-1.022,13.0,-1.788,-1.531,-1.022,13.0,-0.257,I,#50A078,18,1.0,0,0,0.644,0,0,0,0,0.0,16
1,2024,2024091,10,Alpine,17,GAS,Pierre Gasly,10,#0093CC,19.0,491,87.412,87.412,0,0,88.173,1.521,-0.56,0.149,-0.635,17.0,-0.560,0.149,-0.635,17.0,-0.709,I,#50A078,19,1.0,0,0,0.644,0,0,0,0,0.0,16
1,2024,2024091,10,Alpine,17,GAS,Pierre Gasly,10,#0093CC,20.0,492,86.818,86.818,0,0,87.115,0.594,0.18,0.320,0.020,17.0,0.180,0.320,0.020,17.0,-0.14,I,#50A078,20,1.0,0,0,0.644,0,0,0,0,0.0,16
1,2024,2024091,10,Alpine,17,GAS,Pierre Gasly,10,#0093CC,21.0,493,87.756,87.756,0,0,87.287,0.938,-0.718,0.073,-0.754,17.0,-0.718,0.073,-0.754,17.0,-0.791,I,#50A078,21,1.0,0,0,0.644,0,0,0,0,1.0,15
1,2024,2024091,10,Alpine,17,GAS,Pierre Gasly,10,#0093CC,22.0,494,85.165,85.165,0,0,86.46,2.591,1.267,1.489,0.522,17.0,1.267,1.489,0.522,17.0,-0.222,I,#50A078,22,1.0,0,0,0.644,0,0,0,0,0.0,15
1,2024,2024091,10,Alpine,17,GAS,Pierre Gasly,10,#0093CC,23.0,495,85.084,85.084,0,0,85.125,0.081,1.672,1.652,0.846,17.0,1.672,1.652,0.846,17.0,0.02,I,#50A078,23,1.0,0,0,0.644,0,0,0,0,0.0,15
1,2024,2024091,10,Alpine,17,GAS,Pierre Gasly,10,#0093CC,24.0,496,87.539,87.539,0,0,86.312,2.455,-0.846,-0.338,-0.677,13.0,-0.846,-0.338,-0.677,13.0,-0.508,I,#50A078,24,1.0,0,0,0.644,0,0,0,0,0.0,15
1,2024,2024091,10,Alpine,17,GAS,Pierre Gasly,10,#0093CC,25.0,497,-,-,0,1,-,-,-,-,-,-,-,-,-,-,,I,#50A078,25,1.0,1,0,0.644,0,1,0,0,0.0,16
1,2024,2024091,10,Alpine,17,GAS,Pierre Gasly,10,#0093CC,26.0,498,-,-,0,1,-,-,-,-,-,-,-,-,-,-,,I,#50A078,1,2.0,0,0,0.407,0,0,0,0,0.0,16
1,2024,2024091,10,Alpine,17,GAS,Pierre Gasly,10,#0093CC,27.0,499,-,-,0,1,-,-,-,-,-,-,-,-,-,-,,I,#50A078,2,2.0,0,0,0.407,0,0,0,0,0.0,16
1,2024,2024091,10,Alpine,17,GAS,Pierre Gasly,10,#0093CC,28.0,500,-,-,0,1,-,-,-,-,-,-,-,-,-,-,,I,#50A078,3,2.0,0,0,0.407,0,0,0,0,0.0,15
1,2024,2024091,10,Alpine,17,GAS,Pierre Gasly,10,#0093CC,29.0,501,-,-,0,1,-,-,-,-,-,-,-,-,-,-,,I,#50A078,4,2.0,0,0,0.407,1,0,0,0,0.0,15
1,2024,2024091,10,Alpine,17,GAS,Pierre Gasly,10,#0093CC,30.0,502,-,-,0,1,-,-,-,-,-,-,-,-,-,-,,I,#50A078,5,2.0,0,0,0.407,0,0,0,0,0.0,15
1,2024,2024091,10,Alpine,17,GAS,Pierre Gasly,10,#0093CC,31.0,503,92.523,92.523,0,0,-,-,-0.826,-1.146,-0.253,13.0,-0.826,-1.146,-0.253,13.0,0.32,I,#50A078,6,2.0,0,0,0.407,0,0,0,0,1.0,14
1,2024,2024091,10,Alpine,17,GAS,Pierre Gasly,10,#0093CC,32.0,504,91.747,91.747,0,0,92.135,0.776,-0.51,-0.361,-0.330,13.0,-0.510,-0.361,-0.330,13.0,-0.149,I,#50A078,7,2.0,0,0,0.407,0,0,0,0,0.0,14
1,2024,2024091,10,Alpine,17,GAS,Pierre Gasly,10,#0093CC,33.0,505,90.925,90.925,0,0,91.336,0.822,-0.777,-0.778,-0.388,13.0,-0.777,-0.778,-0.388,13.0,0.001,I,#50A078,8,2.0,0,0,0.407,0,0,0,0,0.0,14
1,2024,2024091,10,Alpine,17,GAS,Pierre Gasly,10,#0093CC,34.0,506,88.934,88.934,0,0,89.929,1.991,-0.28,-0.038,-0.261,13.0,-0.280,-0.038,-0.261,13.0,-0.242,I,#50A078,9,2.0,0,0,0.407,0,0,0,0,0.0,14
1,2024,2024091,10,Alpine,17,GAS,Pierre Gasly,10,#0093CC,35.0,507,88.432,88.432,0,0,88.683,0.502,-0.165,0.387,-0.358,17.0,-0.165,0.387,-0.358,17.0,-0.552,I,#50A078,10,2.0,0,1,0.407,0,0,0,0,0.0,14
1,2024,2024091,10,Alpine,17,GAS,Pierre Gasly,10,#0093CC,36.0,508,87.6,87.6,0,0,88.016,0.832,0.079,0.307,-0.074,17.0,0.079,0.307,-0.074,17.0,-0.228,I,#50A078,11,2.0,0,0,0.407,0,0,0,0,0.0,14
1,2024,2024091,10,Alpine,17,GAS,Pierre Gasly,10,#0093CC,37.0,509,87.643,87.643,0,0,87.622,0.043,-0.564,0.027,-0.577,17.0,-0.564,0.027,-0.577,17.0,-0.591,I,#50A078,12,2.0,0,0,0.407,0,0,0,0,0.0,14
1,2024,2024091,10,Alpine,17,GAS,Pierre Gasly,10,#0093CC,38.0,510,86.753,86.753,0,0,87.198,0.890,-0.109,-0.032,-0.093,13.0,-0.109,-0.032,-0.093,13.0,-0.077,I,#50A078,13,2.0,0,0,0.407,0,0,0,0,0.0,14
1,2024,2024091,10,Alpine,17,GAS,Pierre Gasly,10,#0093CC,39.0,511,87.411,87.411,0,0,87.082,0.658,-1.182,-1.198,-0.583,13.0,-1.182,-1.198,-0.583,13.0,0.016,I,#50A078,14,2.0,0,0,0.407,0,0,0,0,0.0,14
1,2024,2024091,10,Alpine,17,GAS,Pierre Gasly,10,#0093CC,40.0,512,-,-,0,1,-,-,-,-,-,-,-,-,-,-,0.213,I,#50A078,15,2.0,1,0,0.407,0,0,0,0,0.0,18
1,2024,2024091,10,Alpine,17,GAS,Pierre Gasly,10,#0093CC,41.0,513,-,-,0,1,-,-,-,-,-,-,-,-,-,-,-0.332,H,#A5AFB9,1,3.0,0,0,0.415,0,0,0,0,0.0,18
1,2024,2024091,10,Alpine,17,GAS,Pierre Gasly,10,#0093CC,42.0,514,87.188,87.188,0,0,-,-,-1.9,-2.001,-0.899,13.0,-1.900,-2.001,-0.899,13.0,0.101,H,#A5AFB9,2,3.0,0,0,0.415,0,0,0,0,0.0,18
1,2024,2024091,10,Alpine,17,GAS,Pierre Gasly,10,#0093CC,43.0,515,83.906,83.906,0,0,85.547,3.282,1.324,1.021,0.814,17.0,1.324,1.021,0.814,17.0,0.303,H,#A5AFB9,3,3.0,0,0,0.415,0,0,0,0,1.0,17
1,2024,2024091,10,Alpine,17,GAS,Pierre Gasly,10,#0093CC,44.0,516,84.981,83.679,1,0,83.792,1.075,-0.245,-,-,-,1.057,-,-,-,,H,#A5AFB9,4,3.0,0,0,0.415,0,0,0,0,0.0,16
1,2024,2024091,10,Alpine,17,GAS,Pierre Gasly,10,#0093CC,45.0,517,83.452,83.452,0,0,83.566,1.529,1.135,-,-,-,1.135,-,-,-,,H,#A5AFB9,5,3.0,0,0,0.415,0,0,0,0,1.0,15
1,2024,2024091,10,Alpine,17,GAS,Pierre Gasly,10,#0093CC,46.0,518,82.775,82.775,0,0,83.114,0.677,2.159,2.272,1.023,17.0,2.159,2.272,1.023,17.0,-0.113,H,#A5AFB9,6,3.0,0,0,0.415,0,0,0,0,0.0,15
1,2024,2024091,10,Alpine,17,GAS,Pierre Gasly,10,#0093CC,47.0,519,80.553,80.553,0,0,81.664,2.222,2.593,2.321,1.433,17.0,2.593,2.321,1.433,17.0,0.272,H,#A5AFB9,7,3.0,0,0,0.415,0,0,0,0,1.0,14
1,2024,2024091,10,Alpine,17,GAS,Pierre Gasly,10,#0093CC,48.0,520,81.407,80.636,1,0,80.594,0.854,0.653,0.046,0.630,17.0,1.424,0.817,1.015,17.0,0.607,H,#A5AFB9,8,3.0,0,0,0.415,0,0,0,0,0.0,14
1,2024,2024091,10,Alpine,17,GAS,Pierre Gasly,10,#0093CC,49.0,521,80.718,80.718,0,0,80.677,0.689,0.322,0.050,0.297,17.0,0.322,0.050,0.297,17.0,0.272,H,#A5AFB9,9,3.0,0,0,0.415,0,0,0,0,0.0,14
1,2024,2024091,10,Alpine,17,GAS,Pierre Gasly,10,#0093CC,50.0,522,79.854,79.854,0,0,80.286,0.864,-0.07,-0.065,-0.037,13.0,-0.070,-0.065,-0.037,13.0,-0.005,H,#A5AFB9,10,3.0,0,0,0.415,0,0,0,0,0.0,14
1,2024,2024091,10,Alpine,17,GAS,Pierre Gasly,10,#0093CC,51.0,523,78.939,78.939,0,0,79.396,0.915,0.223,0.460,-0.007,17.0,0.223,0.460,-0.007,17.0,-0.237,H,#A5AFB9,11,3.0,0,0,0.415,0,0,0,0,0.0,14
1,2024,2024091,10,Alpine,17,GAS,Pierre Gasly,10,#0093CC,52.0,524,80.105,80.105,0,0,79.522,1.166,0.132,1.711,-0.724,17.0,0.132,1.711,-0.724,17.0,-1.579,H,#A5AFB9,12,3.0,0,1,0.415,0,0,0,0,0.0,13
1,2024,2024091,10,Alpine,17,GAS,Pierre Gasly,10,#0093CC,53.0,525,-,-,0,1,-,-,-,-,-,-,-,-,-,-,,H,#A5AFB9,13,3.0,0,0,0.415,0,1,0,0,0.0,11
1,2024,2024091,10,Alpine,17,GAS,Pierre Gasly,10,#0093CC,54.0,526,-,-,0,1,-,-,-,-,-,-,-,-,-,-,,H,#A5AFB9,14,3.0,0,0,0.415,0,0,0,0,0.0,11
1,2024,2024091,10,Alpine,17,GAS,Pierre Gasly,10,#0093CC,55.0,527,-,-,0,1,-,-,-,-,-,-,-,-,-,-,,H,#A5AFB9,15,3.0,0,0,0.415,0,0,0,0,0.0,11
1,2024,2024091,10,Alpine,17,GAS,Pierre Gasly,10,#0093CC,56.0,528,-,-,0,1,-,-,-,-,-,-,-,-,-,-,,H,#A5AFB9,16,3.0,0,0,0.415,0,0,0,0,0.0,11
1,2024,2024091,10,Alpine,17,GAS,Pierre Gasly,10,#0093CC,57.0,529,-,-,0,1,-,-,-,-,-,-,-,-,-,-,,H,#A5AFB9,17,3.0,0,0,0.415,0,0,0,0,0.0,11
1,2024,2024091,10,Alpine,17,GAS,Pierre Gasly,10,#0093CC,58.0,530,-,-,0,1,-,-,-,-,-,-,-,-,-,-,,H,#A5AFB9,18,3.0,0,0,0.415,1,0,0,0,0.0,11
1,2024,2024091,10,Alpine,17,GAS,Pierre Gasly,10,#0093CC,59.0,531,-,-,0,1,-,-,-,-,-,-,-,-,-,-,,H,#A5AFB9,19,3.0,0,0,0.415,0,0,0,0,0.0,11
1,2024,2024091,10,Alpine,17,GAS,Pierre Gasly,10,#0093CC,60.0,532,78.567,78.567,0,0,-,-,-0.076,0.041,-0.097,17.0,-0.076,0.041,-0.097,17.0,-0.117,H,#A5AFB9,20,3.0,0,0,0.415,0,0,0,0,0.0,11
1,2024,2024091,10,Alpine,17,GAS,Pierre Gasly,10,#0093CC,61.0,533,78.857,78.857,0,0,78.712,0.290,-0.671,0.220,-0.781,17.0,-0.671,0.220,-0.781,17.0,-0.891,H,#A5AFB9,21,3.0,0,0,0.415,0,0,0,0,0.0,11
1,2024,2024091,10,Alpine,17,GAS,Pierre Gasly,10,#0093CC,62.0,534,78.734,78.734,0,0,78.796,0.123,-0.935,-0.357,-0.756,13.0,-0.935,-0.357,-0.756,13.0,-0.578,H,#A5AFB9,22,3.0,0,0,0.415,0,0,0,0,0.0,11
1,2024,2024091,10,Alpine,17,GAS,Pierre Gasly,10,#0093CC,63.0,535,77.997,77.997,0,0,78.366,0.737,-0.56,-0.095,-0.513,13.0,-0.560,-0.095,-0.513,13.0,-0.465,H,#A5AFB9,23,3.0,0,0,0.415,0,0,0,0,0.0,11
1,2024,2024091,10,Alpine,17,GAS,Pierre Gasly,10,#0093CC,64.0,536,77.606,77.606,0,0,77.802,0.391,-0.397,0.251,-0.522,17.0,-0.397,0.251,-0.522,17.0,-0.648,H,#A5AFB9,24,3.0,0,0,0.415,0,0,0,0,0.0,11
1,2024,2024091,10,Alpine,17,GAS,Pierre Gasly,10,#0093CC,65.0,537,77.619,77.619,0,0,77.612,0.013,-0.556,0.246,-0.679,17.0,-0.556,0.246,-0.679,17.0,-0.802,H,#A5AFB9,25,3.0,0,0,0.415,0,0,0,0,0.0,11
1,2024,2024091,10,Alpine,17,GAS,Pierre Gasly,10,#0093CC,66.0,538,78.114,78.114,0,0,77.866,0.495,-0.782,0.263,-0.913,17.0,-0.782,0.263,-0.913,17.0,-1.045,H,#A5AFB9,26,3.0,0,0,0.415,0,0,0,0,1.0,10
1,2024,2024091,10,Alpine,17,GAS,Pierre Gasly,10,#0093CC,67.0,539,77.964,77.964,0,0,78.039,0.150,-0.701,0.311,-0.857,17.0,-0.701,0.311,-0.857,17.0,-1.012,H,#A5AFB9,27,3.0,0,0,0.415,0,0,0,0,0.0,10
1,2024,2024091,10,Alpine,17,GAS,Pierre Gasly,10,#0093CC,68.0,540,77.742,77.742,0,0,77.853,0.222,-0.804,0.012,-0.810,17.0,-0.804,0.012,-0.810,17.0,-0.816,H,#A5AFB9,28,3.0,0,0,0.415,0,0,0,0,0.0,10
1,2024,2024091,10,Alpine,17,GAS,Pierre Gasly,10,#0093CC,69.0,541,77.621,77.621,0,0,77.682,0.121,-0.698,0.672,-1.034,17.0,-0.698,0.672,-1.034,17.0,-1.37,H,#A5AFB9,29,3.0,0,0,0.415,0,0,0,0,1.0,9
1,2024,2024091,10,Alpine,17,GAS,Pierre Gasly,10,#0093CC,70.0,542,77.013,77.013,0,0,77.317,0.608,-0.356,-0.001,-0.355,13.0,-0.356,-0.001,-0.355,13.0,-0.355,H,#A5AFB9,30,3.0,0,0,0.415,0,0,0,0,0.0,9
1,2024,2024101,11,Alpine,13,OCO,Esteban Ocon,31,#0093CC,1.0,543,-,-,0,1,-,-,-,-,-,-,-,-,-,-,,S,#CD3C3C,4,1.0,0,0,0.094,0,0,0,0,,9
1,2024,2024101,11,Alpine,13,OCO,Esteban Ocon,31,#0093CC,2.0,544,-,-,0,1,-,-,-,-,-,-,-,-,-,-,,S,#CD3C3C,5,1.0,0,0,0.094,0,0,0,0,0.0,9
1,2024,2024101,11,Alpine,13,OCO,Esteban Ocon,31,#0093CC,3.0,545,80.809,80.809,0,0,-,-,0.603,0.003,0.605,17.0,0.603,0.003,0.605,17.0,0.606,S,#CD3C3C,6,1.0,0,0,0.094,0,0,0,0,0.0,9
1,2024,2024101,11,Alpine,13,OCO,Esteban Ocon,31,#0093CC,4.0,546,81.255,81.255,0,0,81.032,0.446,0.304,0.576,0.592,17.0,0.304,0.576,0.592,17.0,0.88,S,#CD3C3C,7,1.0,0,0,0.094,0,0,0,0,0.0,9
1,2024,2024101,11,Alpine,13,OCO,Esteban Ocon,31,#0093CC,5.0,547,81.536,81.273,1,0,81.264,0.281,0.239,0.756,0.617,17.0,0.503,0.492,0.749,17.0,0.995,S,#CD3C3C,8,1.0,0,0,0.094,0,0,0,0,0.0,9
1,2024,2024101,11,Alpine,13,OCO,Esteban Ocon,31,#0093CC,6.0,548,81.29,81.29,0,0,81.281,0.246,0.624,-0.013,0.617,13.0,0.624,-0.013,0.617,13.0,0.611,S,#CD3C3C,9,1.0,0,0,0.094,0,0,0,0,0.0,9
1,2024,2024101,11,Alpine,13,OCO,Esteban Ocon,31,#0093CC,7.0,549,81.593,81.593,0,0,81.442,0.303,0.441,-0.032,0.425,13.0,0.441,-0.032,0.425,13.0,0.409,S,#CD3C3C,10,1.0,0,1,0.094,0,0,0,0,0.0,9
1,2024,2024101,11,Alpine,13,OCO,Esteban Ocon,31,#0093CC,8.0,550,81.784,81.784,0,0,81.688,0.191,0.253,0.036,0.271,17.0,0.253,0.036,0.271,17.0,0.289,S,#CD3C3C,11,1.0,0,0,0.094,0,0,0,0,0.0,9
1,2024,2024101,11,Alpine,13,OCO,Esteban Ocon,31,#0093CC,9.0,551,81.79,81.79,0,0,81.787,0.006,-0.015,0.109,0.040,17.0,-0.015,0.109,0.040,17.0,0.094,S,#CD3C3C,12,1.0,0,0,0.094,0,0,0,0,0.0,9
1,2024,2024101,11,Alpine,13,OCO,Esteban Ocon,31,#0093CC,10.0,552,81.756,81.756,0,0,81.773,0.034,-0.027,0.045,-0.004,17.0,-0.027,0.045,-0.004,17.0,0.018,S,#CD3C3C,13,1.0,0,0,0.094,0,0,0,0,0.0,9
1,2024,2024101,11,Alpine,13,OCO,Esteban Ocon,31,#0093CC,11.0,553,81.875,81.875,0,0,81.816,0.119,-0.294,0.536,-0.026,17.0,-0.294,0.536,-0.026,17.0,0.242,S,#CD3C3C,14,1.0,0,0,0.094,0,0,0,0,0.0,9
1,2024,2024101,11,Alpine,13,OCO,Esteban Ocon,31,#0093CC,12.0,554,81.905,81.905,0,0,81.89,0.030,-0.345,0.267,-0.211,17.0,-0.345,0.267,-0.211,17.0,-0.078,S,#CD3C3C,15,1.0,0,0,0.094,0,0,0,0,0.0,9
1,2024,2024101,11,Alpine,13,OCO,Esteban Ocon,31,#0093CC,13.0,555,-,-,0,1,-,-,-,-,-,-,-,-,-,-,-0.188,S,#CD3C3C,16,1.0,1,0,0.094,0,0,0,0,0.0,9
1,2024,2024101,11,Alpine,13,OCO,Esteban Ocon,31,#0093CC,14.0,556,-,-,0,1,-,-,-,-,-,-,-,-,-,-,,M,#F0E628,1,2.0,0,0,0.273,0,0,0,0,0.0,13
1,2024,2024101,11,Alpine,13,OCO,Esteban Ocon,31,#0093CC,15.0,557,79.883,79.883,0,0,-,-,1.518,-,-,-,1.518,-,-,-,,M,#F0E628,2,2.0,0,0,0.273,0,0,0,0,0.0,12
1,2024,2024101,11,Alpine,13,OCO,Esteban Ocon,31,#0093CC,16.0,558,80.224,80.224,0,0,80.054,0.341,1.051,0.235,1.169,17.0,1.051,0.235,1.169,17.0,1.286,M,#F0E628,3,2.0,0,0,0.273,0,0,0,0,1.0,10
1,2024,2024101,11,Alpine,13,OCO,Esteban Ocon,31,#0093CC,17.0,559,81.541,80.398,1,0,80.311,1.317,-0.275,1.338,0.394,17.0,0.869,0.194,0.966,17.0,1.063,M,#F0E628,4,2.0,0,0,0.273,0,0,0,0,-1.0,11
1,2024,2024101,11,Alpine,13,OCO,Esteban Ocon,31,#0093CC,18.0,560,80.571,80.571,0,0,80.484,0.970,0.29,0.175,0.378,17.0,0.290,0.175,0.378,17.0,0.465,M,#F0E628,5,2.0,0,0,0.273,0,0,0,0,0.0,10
1,2024,2024101,11,Alpine,13,OCO,Esteban Ocon,31,#0093CC,19.0,561,81.026,80.616,1,0,80.594,0.455,-0.282,0.594,0.015,17.0,0.128,0.184,0.220,17.0,0.312,M,#F0E628,6,2.0,0,0,0.273,0,0,0,0,0.0,9
1,2024,2024101,11,Alpine,13,OCO,Esteban Ocon,31,#0093CC,20.0,562,80.662,80.662,0,0,80.639,0.364,0.169,0.499,0.418,17.0,0.169,0.499,0.418,17.0,0.668,M,#F0E628,7,2.0,0,0,0.273,0,0,0,0,0.0,9
1,2024,2024101,11,Alpine,13,OCO,Esteban Ocon,31,#0093CC,21.0,563,80.768,80.768,0,0,80.715,0.106,0.097,0.090,0.142,17.0,0.097,0.415,0.304,17.0,0.187,M,#F0E628,8,2.0,0,0,0.273,0,0,0,0,0.0,9
1,2024,2024101,11,Alpine,13,OCO,Esteban Ocon,31,#0093CC,22.0,564,80.734,80.734,0,0,80.751,0.034,0.2,0.190,0.295,17.0,0.200,0.190,0.295,17.0,0.39,M,#F0E628,9,2.0,0,0,0.273,0,0,0,0,0.0,8
1,2024,2024101,11,Alpine,13,OCO,Esteban Ocon,31,#0093CC,23.0,565,80.949,80.949,0,0,80.842,0.215,0.045,0.530,0.310,17.0,0.045,0.530,0.310,17.0,0.575,M,#F0E628,10,2.0,0,0,0.273,0,0,0,0,0.0,8
1,2024,2024101,11,Alpine,13,OCO,Esteban Ocon,31,#0093CC,24.0,566,80.57,80.57,0,0,80.76,0.379,0.36,0.074,0.397,17.0,0.360,0.074,0.397,17.0,0.434,M,#F0E628,11,2.0,0,0,0.273,0,0,0,0,0.0,8
1,2024,2024101,11,Alpine,13,OCO,Esteban Ocon,31,#0093CC,25.0,567,81.357,80.802,1,0,80.686,0.787,-0.661,0.720,-0.301,17.0,-0.105,0.164,-0.023,17.0,0.059,M,#F0E628,12,2.0,0,1,0.273,0,0,0,0,0.0,8
1,2024,2024101,11,Alpine,13,OCO,Esteban Ocon,31,#0093CC,26.0,568,81.033,81.033,0,0,80.917,0.324,-0.206,0.565,0.076,17.0,-0.206,0.565,0.076,17.0,0.359,M,#F0E628,13,2.0,0,0,0.273,0,0,0,0,0.0,8
1,2024,2024101,11,Alpine,13,OCO,Esteban Ocon,31,#0093CC,27.0,569,81.269,81.269,0,0,81.151,0.236,-0.328,-0.349,-0.503,13.0,-0.328,0.394,-0.131,17.0,-0.677,M,#F0E628,14,2.0,0,0,0.273,0,0,0,0,0.0,8
1,2024,2024101,11,Alpine,13,OCO,Esteban Ocon,31,#0093CC,28.0,570,81.644,81.644,0,0,81.456,0.375,-0.754,0.363,-0.573,17.0,-0.754,0.363,-0.573,17.0,-0.391,M,#F0E628,15,2.0,0,0,0.273,0,0,0,0,0.0,8
1,2024,2024101,11,Alpine,13,OCO,Esteban Ocon,31,#0093CC,29.0,571,82.216,82.216,0,0,81.93,0.572,-1.541,1.296,-0.893,17.0,-1.541,1.296,-0.893,17.0,-0.245,M,#F0E628,16,2.0,0,0,0.273,0,0,0,0,-1.0,9
1,2024,2024101,11,Alpine,13,OCO,Esteban Ocon,31,#0093CC,30.0,572,83.348,81.996,1,0,82.106,1.132,-2.634,2.439,-1.415,17.0,-1.282,1.087,-0.739,17.0,-0.195,M,#F0E628,17,2.0,0,0,0.273,0,0,0,0,-1.0,10
1,2024,2024101,11,Alpine,13,OCO,Esteban Ocon,31,#0093CC,31.0,573,81.776,81.776,0,0,81.886,1.572,-0.983,0.832,-0.567,17.0,-0.983,0.832,-0.567,17.0,-0.151,M,#F0E628,18,2.0,0,0,0.273,0,0,0,0,0.0,9
1,2024,2024101,11,Alpine,13,OCO,Esteban Ocon,31,#0093CC,32.0,574,81.194,81.194,0,0,81.485,0.582,-0.477,0.203,-0.376,17.0,-0.477,0.203,-0.376,17.0,-0.274,M,#F0E628,19,2.0,0,0,0.273,0,0,0,0,0.0,9
1,2024,2024101,11,Alpine,13,OCO,Esteban Ocon,31,#0093CC,33.0,575,81.433,81.433,0,0,81.314,0.239,-0.86,0.494,-0.613,17.0,-0.860,0.494,-0.613,17.0,-0.366,M,#F0E628,20,2.0,0,0,0.273,0,0,0,0,0.0,9
1,2024,2024101,11,Alpine,13,OCO,Esteban Ocon,31,#0093CC,34.0,576,81.479,81.479,0,0,81.456,0.046,-0.953,-1.055,-1.480,13.0,-0.953,0.246,-0.830,17.0,-2.008,M,#F0E628,21,2.0,0,0,0.273,0,0,0,0,0.0,9
1,2024,2024101,11,Alpine,13,OCO,Esteban Ocon,31,#0093CC,35.0,577,81.702,81.702,0,0,81.59,0.223,-0.968,0.175,-0.881,17.0,-0.968,0.175,-0.881,17.0,-0.793,M,#F0E628,22,2.0,0,0,0.273,0,0,0,0,0.0,9
1,2024,2024101,11,Alpine,13,OCO,Esteban Ocon,31,#0093CC,36.0,578,81.423,81.423,0,0,81.562,0.279,-0.862,0.413,-0.655,17.0,-0.862,0.413,-0.655,17.0,-0.449,M,#F0E628,23,2.0,0,0,0.273,0,0,0,0,0.0,9
1,2024,2024101,11,Alpine,13,OCO,Esteban Ocon,31,#0093CC,37.0,579,-,-,0,1,-,-,-,-,-,-,-,-,-,-,-0.87,M,#F0E628,24,2.0,1,0,0.273,0,0,0,0,0.0,10
1,2024,2024101,11,Alpine,13,OCO,Esteban Ocon,31,#0093CC,38.0,580,-,-,0,1,-,-,-,-,-,-,-,-,-,-,,H,#A5AFB9,1,3.0,0,0,0.151,0,0,0,0,0.0,14
1,2024,2024101,11,Alpine,13,OCO,Esteban Ocon,31,#0093CC,39.0,581,81.476,81.476,0,0,-,-,-1.165,-,-,-,-1.165,-,-,-,,H,#A5AFB9,2,3.0,0,0,0.151,0,0,0,0,0.0,13
1,2024,2024101,11,Alpine,13,OCO,Esteban Ocon,31,#0093CC,40.0,582,79.592,79.592,0,0,80.534,1.884,0.697,0.053,0.724,17.0,0.697,0.053,0.724,17.0,0.75,H,#A5AFB9,3,3.0,0,0,0.151,0,0,0,0,1.0,12
1,2024,2024101,11,Alpine,13,OCO,Esteban Ocon,31,#0093CC,41.0,583,79.889,79.648,1,0,79.62,0.297,0.31,-0.129,0.245,13.0,0.550,0.059,0.580,17.0,0.181,H,#A5AFB9,4,3.0,0,0,0.151,0,0,0,0,0.0,12
1,2024,2024101,11,Alpine,13,OCO,Esteban Ocon,31,#0093CC,42.0,584,79.705,79.705,0,0,79.677,0.184,0.613,0.065,0.645,17.0,0.613,0.065,0.645,17.0,0.678,H,#A5AFB9,5,3.0,0,0,0.151,0,0,0,0,0.0,11
1,2024,2024101,11,Alpine,13,OCO,Esteban Ocon,31,#0093CC,43.0,585,79.626,79.626,0,0,79.666,0.079,0.507,-0.199,0.407,13.0,0.507,-0.199,0.407,13.0,0.308,H,#A5AFB9,6,3.0,0,0,0.151,0,0,0,0,0.0,11
1,2024,2024101,11,Alpine,13,OCO,Esteban Ocon,31,#0093CC,44.0,586,79.81,79.81,0,0,79.718,0.184,0.417,0.192,0.513,17.0,0.417,0.192,0.513,17.0,0.609,H,#A5AFB9,7,3.0,0,0,0.151,0,0,0,0,0.0,11
1,2024,2024101,11,Alpine,13,OCO,Esteban Ocon,31,#0093CC,45.0,587,79.706,79.706,0,0,79.758,0.104,0.082,0.190,0.177,17.0,0.082,0.190,0.177,17.0,0.272,H,#A5AFB9,8,3.0,0,0,0.151,0,0,0,0,0.0,10
1,2024,2024101,11,Alpine,13,OCO,Esteban Ocon,31,#0093CC,46.0,588,79.525,79.525,0,0,79.616,0.181,0.139,0.084,0.181,17.0,0.139,0.084,0.181,17.0,0.223,H,#A5AFB9,9,3.0,0,0,0.151,0,0,0,0,0.0,10
1,2024,2024101,11,Alpine,13,OCO,Esteban Ocon,31,#0093CC,47.0,589,79.802,79.802,0,0,79.664,0.277,-0.149,0.274,-0.012,17.0,-0.149,0.274,-0.012,17.0,0.125,H,#A5AFB9,10,3.0,0,0,0.151,0,0,0,0,0.0,10
1,2024,2024101,11,Alpine,13,OCO,Esteban Ocon,31,#0093CC,48.0,590,79.468,79.468,0,0,79.635,0.334,0.241,-0.052,0.215,13.0,0.241,-0.052,0.215,13.0,0.189,H,#A5AFB9,11,3.0,0,0,0.151,0,0,0,0,0.0,10
1,2024,2024101,11,Alpine,13,OCO,Esteban Ocon,31,#0093CC,49.0,591,79.614,79.614,0,0,79.541,0.146,-0.148,0.264,-0.016,17.0,-0.148,0.264,-0.016,17.0,0.116,H,#A5AFB9,12,3.0,0,0,0.151,0,0,0,0,0.0,10
1,2024,2024101,11,Alpine,13,OCO,Esteban Ocon,31,#0093CC,50.0,592,79.601,79.601,0,0,79.608,0.013,-0.395,-0.009,-0.400,13.0,-0.395,0.403,-0.194,17.0,-0.404,H,#A5AFB9,13,3.0,0,0,0.151,0,0,0,0,0.0,9
1,2024,2024101,11,Alpine,13,OCO,Esteban Ocon,31,#0093CC,51.0,593,80.01,79.461,1,0,79.531,0.409,-0.73,0.965,-0.247,17.0,-0.181,0.416,0.027,17.0,0.235,H,#A5AFB9,14,3.0,0,0,0.151,0,0,0,0,-1.0,10
1,2024,2024101,11,Alpine,13,OCO,Esteban Ocon,31,#0093CC,52.0,594,79.321,79.321,0,0,79.391,0.689,0.11,0.242,0.231,17.0,0.110,0.242,0.231,17.0,0.352,H,#A5AFB9,15,3.0,0,1,0.151,0,0,0,0,0.0,10
1,2024,2024101,11,Alpine,13,OCO,Esteban Ocon,31,#0093CC,53.0,595,79.061,79.061,0,0,79.191,0.260,0.348,-0.113,0.291,13.0,0.348,-0.113,0.291,13.0,0.235,H,#A5AFB9,16,3.0,0,0,0.151,0,0,0,0,0.0,10
1,2024,2024101,11,Alpine,13,OCO,Esteban Ocon,31,#0093CC,54.0,596,78.982,78.982,0,0,79.022,0.079,0.381,-0.067,0.347,13.0,0.381,-0.067,0.347,13.0,0.314,H,#A5AFB9,17,3.0,0,0,0.151,0,0,0,0,0.0,10
1,2024,2024101,11,Alpine,13,OCO,Esteban Ocon,31,#0093CC,55.0,597,79.284,79.121,1,0,79.052,0.302,0.112,-0.182,0.021,13.0,0.275,-0.345,0.102,13.0,-0.07,H,#A5AFB9,18,3.0,0,0,0.151,0,0,0,0,0.0,10
1,2024,2024101,11,Alpine,13,OCO,Esteban Ocon,31,#0093CC,56.0,598,79.26,79.26,0,0,79.191,0.024,0.046,-0.360,-0.134,13.0,0.046,-0.360,-0.134,13.0,-0.314,H,#A5AFB9,19,3.0,0,0,0.151,0,0,0,0,0.0,10
1,2024,2024101,11,Alpine,13,OCO,Esteban Ocon,31,#0093CC,57.0,599,79.324,79.324,0,0,79.292,0.064,0.025,0.190,0.120,17.0,0.025,0.190,0.120,17.0,0.215,H,#A5AFB9,20,3.0,0,0,0.151,0,0,0,0,0.0,10
1,2024,2024101,11,Alpine,13,OCO,Esteban Ocon,31,#0093CC,58.0,600,79.564,79.564,0,0,79.444,0.240,-0.205,0.317,-0.046,17.0,-0.205,0.317,-0.046,17.0,0.112,H,#A5AFB9,21,3.0,0,0,0.151,0,0,0,0,0.0,10
1,2024,2024101,11,Alpine,13,OCO,Esteban Ocon,31,#0093CC,59.0,601,79.796,79.796,0,0,79.68,0.232,-0.308,0.212,-0.202,17.0,-0.308,0.384,-0.116,17.0,-0.096,H,#A5AFB9,22,3.0,0,0,0.151,0,0,0,0,0.0,10
1,2024,2024101,11,Alpine,13,OCO,Esteban Ocon,31,#0093CC,60.0,602,79.896,79.896,0,0,79.846,0.100,-0.421,0.320,-0.261,17.0,-0.421,0.320,-0.261,17.0,-0.101,H,#A5AFB9,23,3.0,0,0,0.151,0,0,0,0,0.0,10
1,2024,2024101,11,Alpine,13,OCO,Esteban Ocon,31,#0093CC,61.0,603,80.041,80.041,0,0,79.968,0.145,-0.504,0.379,-0.315,17.0,-0.504,0.379,-0.315,17.0,-0.125,H,#A5AFB9,24,3.0,0,0,0.151,0,0,0,0,0.0,10
1,2024,2024101,11,Alpine,13,OCO,Esteban Ocon,31,#0093CC,62.0,604,79.687,79.687,0,0,79.864,0.354,-0.138,-0.123,-0.200,13.0,-0.138,-0.123,-0.200,13.0,-0.261,H,#A5AFB9,25,3.0,0,0,0.151,0,0,0,0,0.0,10
1,2024,2024101,11,Alpine,13,OCO,Esteban Ocon,31,#0093CC,63.0,605,79.587,79.587,0,0,79.637,0.100,0.097,-0.280,-0.043,13.0,0.097,-0.280,-0.043,13.0,-0.183,H,#A5AFB9,26,3.0,0,0,0.151,0,0,0,0,0.0,10
1,2024,2024101,11,Alpine,13,OCO,Esteban Ocon,31,#0093CC,64.0,606,79.751,79.751,0,0,79.669,0.164,0.269,-0.303,0.117,13.0,0.269,-0.303,0.117,13.0,-0.034,H,#A5AFB9,27,3.0,0,0,0.151,0,0,0,0,0.0,10
1,2024,2024101,11,Alpine,13,OCO,Esteban Ocon,31,#0093CC,65.0,607,79.94,79.94,0,0,79.846,0.189,0.141,0.132,0.207,17.0,0.141,0.132,0.207,17.0,0.273,H,#A5AFB9,28,3.0,0,0,0.151,0,0,0,0,0.0,10
1,2024,2024101,11,Alpine,13,OCO,Esteban Ocon,31,#0093CC,66.0,608,80.663,80.663,0,0,80.302,0.723,-0.609,-1.391,-1.304,13.0,-0.609,-1.391,-1.304,13.0,-2.0,H,#A5AFB9,29,3.0,0,0,0.151,0,0,0,0,0.0,10
1,2024,2024101,11,Alpine,17,GAS,Pierre Gasly,10,#0093CC,1.0,543,-,-,0,1,-,-,-,-,-,-,-,-,-,-,,S,#CD3C3C,4,1.0,0,0,0.100,0,0,0,0,,7
1,2024,2024101,11,Alpine,17,GAS,Pierre Gasly,10,#0093CC,2.0,544,-,-,0,1,-,-,-,-,-,-,-,-,-,-,,S,#CD3C3C,5,1.0,0,0,0.100,0,0,0,0,0.0,7
1,2024,2024101,11,Alpine,17,GAS,Pierre Gasly,10,#0093CC,3.0,545,80.806,80.806,0,0,-,-,0.606,0.003,0.605,17.0,0.606,0.003,0.605,17.0,0.603,S,#CD3C3C,6,1.0,0,0,0.100,0,0,0,0,0.0,7
1,2024,2024101,11,Alpine,17,GAS,Pierre Gasly,10,#0093CC,4.0,546,80.679,80.679,0,0,80.742,0.127,0.88,0.576,0.592,17.0,0.880,0.576,0.592,17.0,0.304,S,#CD3C3C,7,1.0,0,0,0.100,0,0,0,0,0.0,7
1,2024,2024101,11,Alpine,17,GAS,Pierre Gasly,10,#0093CC,5.0,547,80.78,80.78,0,0,80.73,0.101,0.995,0.756,0.617,17.0,0.995,0.492,0.749,17.0,0.239,S,#CD3C3C,8,1.0,0,0,0.100,0,0,0,0,0.0,7
1,2024,2024101,11,Alpine,17,GAS,Pierre Gasly,10,#0093CC,6.0,548,81.303,81.303,0,0,81.042,0.523,0.611,-0.013,0.617,13.0,0.611,-0.013,0.617,13.0,0.624,S,#CD3C3C,9,1.0,0,0,0.100,0,0,0,0,0.0,7
1,2024,2024101,11,Alpine,17,GAS,Pierre Gasly,10,#0093CC,7.0,549,81.625,81.625,0,0,81.464,0.322,0.409,-0.032,0.425,13.0,0.409,-0.032,0.425,13.0,0.441,S,#CD3C3C,10,1.0,0,0,0.100,0,0,0,0,0.0,7
1,2024,2024101,11,Alpine,17,GAS,Pierre Gasly,10,#0093CC,8.0,550,81.748,81.748,0,0,81.686,0.123,0.289,0.036,0.271,17.0,0.289,0.036,0.271,17.0,0.253,S,#CD3C3C,11,1.0,0,1,0.100,0,0,0,0,0.0,7
1,2024,2024101,11,Alpine,17,GAS,Pierre Gasly,10,#0093CC,9.0,551,81.681,81.681,0,0,81.714,0.067,0.094,0.109,0.040,17.0,0.094,0.109,0.040,17.0,-0.015,S,#CD3C3C,12,1.0,0,0,0.100,0,0,0,0,0.0,7
1,2024,2024101,11,Alpine,17,GAS,Pierre Gasly,10,#0093CC,10.0,552,81.711,81.711,0,0,81.696,0.030,0.018,0.045,-0.004,17.0,0.018,0.045,-0.004,17.0,-0.027,S,#CD3C3C,13,1.0,0,0,0.100,0,0,0,0,0.0,7
1,2024,2024101,11,Alpine,17,GAS,Pierre Gasly,10,#0093CC,11.0,553,81.339,81.339,0,0,81.525,0.372,0.242,0.536,-0.026,17.0,0.242,0.536,-0.026,17.0,-0.294,S,#CD3C3C,14,1.0,0,0,0.100,0,0,0,0,0.0,7
1,2024,2024101,11,Alpine,17,GAS,Pierre Gasly,10,#0093CC,12.0,554,81.638,81.638,0,0,81.488,0.299,-0.078,0.267,-0.211,17.0,-0.078,0.267,-0.211,17.0,-0.345,S,#CD3C3C,15,1.0,0,0,0.100,0,0,0,0,0.0,7
1,2024,2024101,11,Alpine,17,GAS,Pierre Gasly,10,#0093CC,13.0,555,81.678,81.678,0,0,81.658,0.040,-0.188,-,-,-,-0.188,-,-,-,,S,#CD3C3C,16,1.0,0,0,0.100,0,0,0,0,0.0,7
1,2024,2024101,11,Alpine,17,GAS,Pierre Gasly,10,#0093CC,14.0,556,-,-,0,1,-,-,-,-,-,-,-,-,-,-,,S,#CD3C3C,17,1.0,1,0,0.100,0,0,0,0,0.0,8
1,2024,2024101,11,Alpine,17,GAS,Pierre Gasly,10,#0093CC,15.0,557,-,-,0,1,-,-,-,-,-,-,-,-,-,-,1.518,M,#F0E628,1,2.0,0,0,0.215,0,0,0,0,0.0,13
1,2024,2024101,11,Alpine,17,GAS,Pierre Gasly,10,#0093CC,16.0,558,79.989,79.989,0,0,-,-,1.286,0.235,1.169,17.0,1.286,0.235,1.169,17.0,1.051,M,#F0E628,2,2.0,0,0,0.215,0,0,0,0,1.0,11
1,2024,2024101,11,Alpine,17,GAS,Pierre Gasly,10,#0093CC,17.0,559,80.203,80.203,0,0,80.096,0.214,1.063,1.338,0.394,17.0,1.063,0.194,0.966,17.0,-0.275,M,#F0E628,3,2.0,0,0,0.215,0,0,0,0,1.0,10
1,2024,2024101,11,Alpine,17,GAS,Pierre Gasly,10,#0093CC,18.0,560,80.396,80.396,0,0,80.3,0.193,0.465,0.175,0.378,17.0,0.465,0.175,0.378,17.0,0.29,M,#F0E628,4,2.0,0,0,0.215,0,0,0,0,0.0,9
1,2024,2024101,11,Alpine,17,GAS,Pierre Gasly,10,#0093CC,19.0,561,80.432,80.432,0,0,80.414,0.036,0.312,0.594,0.015,17.0,0.312,0.184,0.220,17.0,-0.282,M,#F0E628,5,2.0,0,0,0.215,0,0,0,0,0.0,8
1,2024,2024101,11,Alpine,17,GAS,Pierre Gasly,10,#0093CC,20.0,562,80.163,80.163,0,0,80.298,0.269,0.668,0.499,0.418,17.0,0.668,0.499,0.418,17.0,0.169,M,#F0E628,6,2.0,0,0,0.215,0,0,0,0,0.0,8
1,2024,2024101,11,Alpine,17,GAS,Pierre Gasly,10,#0093CC,21.0,563,80.678,80.354,1,0,80.258,0.515,0.187,0.090,0.142,17.0,0.512,0.415,0.304,17.0,0.097,M,#F0E628,7,2.0,0,0,0.215,0,0,0,0,0.0,8
1,2024,2024101,11,Alpine,17,GAS,Pierre Gasly,10,#0093CC,22.0,564,80.544,80.544,0,0,80.449,0.134,0.39,0.190,0.295,17.0,0.390,0.190,0.295,17.0,0.2,M,#F0E628,8,2.0,0,0,0.215,0,0,0,0,0.0,7
1,2024,2024101,11,Alpine,17,GAS,Pierre Gasly,10,#0093CC,23.0,565,80.419,80.419,0,0,80.482,0.125,0.575,0.530,0.310,17.0,0.575,0.530,0.310,17.0,0.045,M,#F0E628,9,2.0,0,0,0.215,0,0,0,0,0.0,7
1,2024,2024101,11,Alpine,17,GAS,Pierre Gasly,10,#0093CC,24.0,566,80.496,80.496,0,0,80.458,0.077,0.434,0.074,0.397,17.0,0.434,0.074,0.397,17.0,0.36,M,#F0E628,10,2.0,0,0,0.215,0,0,0,0,0.0,7
1,2024,2024101,11,Alpine,17,GAS,Pierre Gasly,10,#0093CC,25.0,567,80.637,80.637,0,0,80.566,0.141,0.059,0.720,-0.301,17.0,0.059,0.164,-0.023,17.0,-0.661,M,#F0E628,11,2.0,0,0,0.215,0,0,0,0,0.0,6
1,2024,2024101,11,Alpine,17,GAS,Pierre Gasly,10,#0093CC,26.0,568,80.468,80.468,0,0,80.553,0.169,0.359,0.565,0.076,17.0,0.359,0.565,0.076,17.0,-0.206,M,#F0E628,12,2.0,0,1,0.215,0,0,0,0,0.0,6
1,2024,2024101,11,Alpine,17,GAS,Pierre Gasly,10,#0093CC,27.0,569,81.618,80.875,1,0,80.671,1.150,-0.677,-0.349,-0.503,13.0,0.066,0.394,-0.131,17.0,-0.328,M,#F0E628,13,2.0,0,0,0.215,0,0,0,0,-1.0,7
1,2024,2024101,11,Alpine,17,GAS,Pierre Gasly,10,#0093CC,28.0,570,81.281,81.281,0,0,81.078,0.337,-0.391,0.363,-0.573,17.0,-0.391,0.363,-0.573,17.0,-0.754,M,#F0E628,14,2.0,0,0,0.215,0,0,0,0,0.0,7
1,2024,2024101,11,Alpine,17,GAS,Pierre Gasly,10,#0093CC,29.0,571,80.92,80.92,0,0,81.101,0.361,-0.245,1.296,-0.893,17.0,-0.245,1.296,-0.893,17.0,-1.541,M,#F0E628,15,2.0,0,0,0.215,0,0,0,0,0.0,7
1,2024,2024101,11,Alpine,17,GAS,Pierre Gasly,10,#0093CC,30.0,572,80.909,80.909,0,0,80.914,0.011,-0.195,2.439,-1.415,17.0,-0.195,1.087,-0.739,17.0,-2.634,M,#F0E628,16,2.0,0,0,0.215,0,0,0,0,0.0,7
1,2024,2024101,11,Alpine,17,GAS,Pierre Gasly,10,#0093CC,31.0,573,80.944,80.944,0,0,80.926,0.035,-0.151,0.832,-0.567,17.0,-0.151,0.832,-0.567,17.0,-0.983,M,#F0E628,17,2.0,0,0,0.215,0,0,0,0,0.0,7
1,2024,2024101,11,Alpine,17,GAS,Pierre Gasly,10,#0093CC,32.0,574,80.991,80.991,0,0,80.968,0.047,-0.274,0.203,-0.376,17.0,-0.274,0.203,-0.376,17.0,-0.477,M,#F0E628,18,2.0,0,0,0.215,0,0,0,0,0.0,7
1,2024,2024101,11,Alpine,17,GAS,Pierre Gasly,10,#0093CC,33.0,575,80.939,80.939,0,0,80.965,0.052,-0.366,0.494,-0.613,17.0,-0.366,0.494,-0.613,17.0,-0.86,M,#F0E628,19,2.0,0,0,0.215,0,0,0,0,0.0,7
1,2024,2024101,11,Alpine,17,GAS,Pierre Gasly,10,#0093CC,34.0,576,82.534,81.233,1,0,81.086,1.595,-2.008,-1.055,-1.480,13.0,-0.707,0.246,-0.830,17.0,-0.953,M,#F0E628,20,2.0,0,0,0.215,0,0,0,0,-1.0,8
1,2024,2024101,11,Alpine,17,GAS,Pierre Gasly,10,#0093CC,35.0,577,81.527,81.527,0,0,81.38,1.007,-0.793,0.175,-0.881,17.0,-0.793,0.175,-0.881,17.0,-0.968,M,#F0E628,21,2.0,0,0,0.215,0,0,0,0,0.0,8
1,2024,2024101,11,Alpine,17,GAS,Pierre Gasly,10,#0093CC,36.0,578,81.01,81.01,0,0,81.268,0.517,-0.449,0.413,-0.655,17.0,-0.449,0.413,-0.655,17.0,-0.862,M,#F0E628,22,2.0,0,0,0.215,0,0,0,0,0.0,8
1,2024,2024101,11,Alpine,17,GAS,Pierre Gasly,10,#0093CC,37.0,579,81.282,81.282,0,0,81.146,0.272,-0.87,-,-,-,-0.870,-,-,-,,M,#F0E628,23,2.0,0,0,0.215,0,0,0,0,0.0,6
1,2024,2024101,11,Alpine,17,GAS,Pierre Gasly,10,#0093CC,38.0,580,-,-,0,1,-,-,-,-,-,-,-,-,-,-,,M,#F0E628,24,2.0,1,0,0.215,0,0,0,0,0.0,8
1,2024,2024101,11,Alpine,17,GAS,Pierre Gasly,10,#0093CC,39.0,581,-,-,0,1,-,-,-,-,-,-,-,-,-,-,-1.165,H,#A5AFB9,1,3.0,0,0,0.148,0,0,0,0,0.0,10
1,2024,2024101,11,Alpine,17,GAS,Pierre Gasly,10,#0093CC,40.0,582,79.539,79.539,0,0,-,-,0.75,0.053,0.724,17.0,0.750,0.053,0.724,17.0,0.697,H,#A5AFB9,2,3.0,0,0,0.148,0,0,0,0,1.0,9
1,2024,2024101,11,Alpine,17,GAS,Pierre Gasly,10,#0093CC,41.0,583,80.018,79.59,1,0,79.564,0.479,0.181,-0.129,0.245,13.0,0.609,0.059,0.580,17.0,0.31,H,#A5AFB9,3,3.0,0,0,0.148,0,0,0,0,0.0,9
1,2024,2024101,11,Alpine,17,GAS,Pierre Gasly,10,#0093CC,42.0,584,79.64,79.64,0,0,79.615,0.378,0.678,0.065,0.645,17.0,0.678,0.065,0.645,17.0,0.613,H,#A5AFB9,4,3.0,0,0,0.148,0,0,0,0,0.0,9
1,2024,2024101,11,Alpine,17,GAS,Pierre Gasly,10,#0093CC,43.0,585,79.825,79.825,0,0,79.732,0.185,0.308,-0.199,0.407,13.0,0.308,-0.199,0.407,13.0,0.507,H,#A5AFB9,5,3.0,0,0,0.148,0,0,0,0,0.0,9
1,2024,2024101,11,Alpine,17,GAS,Pierre Gasly,10,#0093CC,44.0,586,79.618,79.618,0,0,79.721,0.207,0.609,0.192,0.513,17.0,0.609,0.192,0.513,17.0,0.417,H,#A5AFB9,6,3.0,0,0,0.148,0,0,0,0,0.0,9
1,2024,2024101,11,Alpine,17,GAS,Pierre Gasly,10,#0093CC,45.0,587,79.516,79.516,0,0,79.567,0.102,0.272,0.190,0.177,17.0,0.272,0.190,0.177,17.0,0.082,H,#A5AFB9,7,3.0,0,0,0.148,0,0,0,0,0.0,9
1,2024,2024101,11,Alpine,17,GAS,Pierre Gasly,10,#0093CC,46.0,588,79.441,79.441,0,0,79.478,0.075,0.223,0.084,0.181,17.0,0.223,0.084,0.181,17.0,0.139,H,#A5AFB9,8,3.0,0,0,0.148,0,0,0,0,0.0,9
1,2024,2024101,11,Alpine,17,GAS,Pierre Gasly,10,#0093CC,47.0,589,79.528,79.528,0,0,79.484,0.087,0.125,0.274,-0.012,17.0,0.125,0.274,-0.012,17.0,-0.149,H,#A5AFB9,9,3.0,0,0,0.148,0,0,0,0,0.0,9
1,2024,2024101,11,Alpine,17,GAS,Pierre Gasly,10,#0093CC,48.0,590,79.52,79.52,0,0,79.524,0.008,0.189,-0.052,0.215,13.0,0.189,-0.052,0.215,13.0,0.241,H,#A5AFB9,10,3.0,0,0,0.148,0,0,0,0,0.0,9
1,2024,2024101,11,Alpine,17,GAS,Pierre Gasly,10,#0093CC,49.0,591,79.35,79.35,0,0,79.435,0.170,0.116,0.264,-0.016,17.0,0.116,0.264,-0.016,17.0,-0.148,H,#A5AFB9,11,3.0,0,0,0.148,0,0,0,0,0.0,9
1,2024,2024101,11,Alpine,17,GAS,Pierre Gasly,10,#0093CC,50.0,592,79.61,79.197,1,0,79.274,0.260,-0.404,-0.009,-0.400,13.0,0.008,0.403,-0.194,17.0,-0.395,H,#A5AFB9,12,3.0,0,0,0.148,0,0,0,0,0.0,8
1,2024,2024101,11,Alpine,17,GAS,Pierre Gasly,10,#0093CC,51.0,593,79.045,79.045,0,0,79.121,0.565,0.235,0.965,-0.247,17.0,0.235,0.416,0.027,17.0,-0.73,H,#A5AFB9,13,3.0,0,0,0.148,0,0,0,0,0.0,8
1,2024,2024101,11,Alpine,17,GAS,Pierre Gasly,10,#0093CC,52.0,594,79.079,79.079,0,0,79.062,0.034,0.352,0.242,0.231,17.0,0.352,0.242,0.231,17.0,0.11,H,#A5AFB9,14,3.0,0,0,0.148,0,0,0,0,0.0,8
1,2024,2024101,11,Alpine,17,GAS,Pierre Gasly,10,#0093CC,53.0,595,79.174,79.174,0,0,79.126,0.095,0.235,-0.113,0.291,13.0,0.235,-0.113,0.291,13.0,0.348,H,#A5AFB9,15,3.0,0,1,0.148,0,0,0,0,0.0,8
1,2024,2024101,11,Alpine,17,GAS,Pierre Gasly,10,#0093CC,54.0,596,79.049,79.049,0,0,79.112,0.125,0.314,-0.067,0.347,13.0,0.314,-0.067,0.347,13.0,0.381,H,#A5AFB9,16,3.0,0,0,0.148,0,0,0,0,0.0,8
1,2024,2024101,11,Alpine,17,GAS,Pierre Gasly,10,#0093CC,55.0,597,79.466,79.466,0,0,79.258,0.417,-0.07,-0.182,0.021,13.0,-0.070,-0.345,0.102,13.0,0.112,H,#A5AFB9,17,3.0,0,0,0.148,0,0,0,0,0.0,8
1,2024,2024101,11,Alpine,17,GAS,Pierre Gasly,10,#0093CC,56.0,598,79.62,79.62,0,0,79.543,0.154,-0.314,-0.360,-0.134,13.0,-0.314,-0.360,-0.134,13.0,0.046,H,#A5AFB9,18,3.0,0,0,0.148,0,0,0,0,0.0,8
1,2024,2024101,11,Alpine,17,GAS,Pierre Gasly,10,#0093CC,57.0,599,79.134,79.134,0,0,79.377,0.486,0.215,0.190,0.120,17.0,0.215,0.190,0.120,17.0,0.025,H,#A5AFB9,19,3.0,0,0,0.148,0,0,0,0,0.0,8
1,2024,2024101,11,Alpine,17,GAS,Pierre Gasly,10,#0093CC,58.0,600,79.247,79.247,0,0,79.19,0.113,0.112,0.317,-0.046,17.0,0.112,0.317,-0.046,17.0,-0.205,H,#A5AFB9,20,3.0,0,0,0.148,0,0,0,0,0.0,8
1,2024,2024101,11,Alpine,17,GAS,Pierre Gasly,10,#0093CC,59.0,601,79.584,79.411,1,0,79.329,0.337,-0.096,0.212,-0.202,17.0,0.076,0.384,-0.116,17.0,-0.308,H,#A5AFB9,21,3.0,0,0,0.148,0,0,0,0,0.0,8
1,2024,2024101,11,Alpine,17,GAS,Pierre Gasly,10,#0093CC,60.0,602,79.576,79.576,0,0,79.494,0.008,-0.101,0.320,-0.261,17.0,-0.101,0.320,-0.261,17.0,-0.421,H,#A5AFB9,22,3.0,0,0,0.148,0,0,0,0,0.0,8
1,2024,2024101,11,Alpine,17,GAS,Pierre Gasly,10,#0093CC,61.0,603,79.662,79.662,0,0,79.619,0.086,-0.125,0.379,-0.315,17.0,-0.125,0.379,-0.315,17.0,-0.504,H,#A5AFB9,23,3.0,0,0,0.148,0,0,0,0,0.0,8
1,2024,2024101,11,Alpine,17,GAS,Pierre Gasly,10,#0093CC,62.0,604,79.81,79.81,0,0,79.736,0.148,-0.261,-0.123,-0.200,13.0,-0.261,-0.123,-0.200,13.0,-0.138,H,#A5AFB9,24,3.0,0,0,0.148,0,0,0,0,0.0,8
1,2024,2024101,11,Alpine,17,GAS,Pierre Gasly,10,#0093CC,63.0,605,79.867,79.867,0,0,79.839,0.057,-0.183,-0.280,-0.043,13.0,-0.183,-0.280,-0.043,13.0,0.097,H,#A5AFB9,25,3.0,0,0,0.148,0,0,0,0,0.0,8
1,2024,2024101,11,Alpine,17,GAS,Pierre Gasly,10,#0093CC,64.0,606,80.054,80.054,0,0,79.96,0.187,-0.034,-0.303,0.117,13.0,-0.034,-0.303,0.117,13.0,0.269,H,#A5AFB9,26,3.0,0,0,0.148,0,0,0,0,0.0,8
1,2024,2024101,11,Alpine,17,GAS,Pierre Gasly,10,#0093CC,65.0,607,79.808,79.808,0,0,79.931,0.246,0.273,0.132,0.207,17.0,0.273,0.132,0.207,17.0,0.141,H,#A5AFB9,27,3.0,0,0,0.148,0,0,0,0,0.0,8
1,2024,2024101,11,Alpine,17,GAS,Pierre Gasly,10,#0093CC,66.0,608,82.054,82.054,0,0,80.931,2.246,-2.0,-1.391,-1.304,13.0,-2.000,-1.391,-1.304,13.0,-0.609,H,#A5AFB9,28,3.0,0,0,0.148,0,0,0,0,0.0,9
1,2024,2024111,13,Alpine,13,OCO,Esteban Ocon,31,#0093CC,1.0,609,-,-,0,1,-,-,-,-,-,-,-,-,-,-,,M,#F0E628,1,1.0,0,0,0.083,0,0,0,0,,8
1,2024,2024111,13,Alpine,13,OCO,Esteban Ocon,31,#0093CC,2.0,610,-,-,0,1,-,-,-,-,-,-,-,-,-,-,,M,#F0E628,2,1.0,0,0,0.083,0,0,0,0,-1.0,9
1,2024,2024111,13,Alpine,13,OCO,Esteban Ocon,31,#0093CC,3.0,611,71.036,71.036,0,0,-,-,0.04,-0.154,-0.037,13.0,0.040,-0.154,-0.037,13.0,-0.114,M,#F0E628,3,1.0,0,0,0.083,0,0,0,0,0.0,9
1,2024,2024111,13,Alpine,13,OCO,Esteban Ocon,31,#0093CC,4.0,612,70.919,70.919,0,0,70.977,0.117,0.073,-0.126,0.010,13.0,0.073,-0.126,0.010,13.0,-0.053,M,#F0E628,4,1.0,0,0,0.083,0,0,0,0,0.0,9
1,2024,2024111,13,Alpine,13,OCO,Esteban Ocon,31,#0093CC,5.0,613,71.044,71.044,0,0,70.982,0.125,-0.081,0.033,-0.065,17.0,-0.081,0.033,-0.065,17.0,-0.048,M,#F0E628,5,1.0,0,0,0.083,0,0,0,0,0.0,9
1,2024,2024111,13,Alpine,13,OCO,Esteban Ocon,31,#0093CC,6.0,614,71.182,71.182,0,0,71.113,0.138,-0.084,0.044,-0.062,17.0,-0.084,0.044,-0.062,17.0,-0.04,M,#F0E628,6,1.0,0,0,0.083,0,0,0,0,0.0,9
1,2024,2024111,13,Alpine,13,OCO,Esteban Ocon,31,#0093CC,7.0,615,71.587,71.587,0,0,71.384,0.405,-0.289,0.074,-0.252,17.0,-0.289,0.074,-0.252,17.0,-0.215,M,#F0E628,7,1.0,0,0,0.083,0,0,0,0,0.0,9
1,2024,2024111,13,Alpine,13,OCO,Esteban Ocon,31,#0093CC,8.0,616,71.63,71.63,0,0,71.608,0.043,-0.214,-0.049,-0.238,13.0,-0.214,0.119,-0.154,17.0,-0.263,M,#F0E628,8,1.0,0,0,0.083,0,0,0,0,0.0,9
1,2024,2024111,13,Alpine,13,OCO,Esteban Ocon,31,#0093CC,9.0,617,71.589,71.589,0,0,71.61,0.041,-0.261,0.080,-0.221,17.0,-0.261,0.080,-0.221,17.0,-0.181,M,#F0E628,9,1.0,0,0,0.083,0,0,0,0,0.0,9
1,2024,2024111,13,Alpine,13,OCO,Esteban Ocon,31,#0093CC,10.0,618,71.884,71.884,0,0,71.736,0.295,-0.371,-0.248,-0.495,13.0,-0.371,0.159,-0.291,17.0,-0.619,M,#F0E628,10,1.0,0,1,0.083,0,0,0,0,0.0,9
1,2024,2024111,13,Alpine,13,OCO,Esteban Ocon,31,#0093CC,11.0,619,71.935,71.935,0,0,71.91,0.051,-0.392,-0.005,-0.395,13.0,-0.392,-0.005,-0.395,13.0,-0.397,M,#F0E628,11,1.0,0,0,0.083,0,0,0,0,0.0,8
1,2024,2024111,13,Alpine,13,OCO,Esteban Ocon,31,#0093CC,12.0,620,71.807,71.807,0,0,71.871,0.128,-0.268,-0.149,-0.343,13.0,-0.268,-0.149,-0.343,13.0,-0.417,M,#F0E628,12,1.0,0,0,0.083,0,0,0,0,0.0,8
1,2024,2024111,13,Alpine,13,OCO,Esteban Ocon,31,#0093CC,13.0,621,72.137,71.912,1,0,71.86,0.330,-0.621,0.432,-0.405,17.0,-0.396,0.207,-0.292,17.0,-0.189,M,#F0E628,13,1.0,0,0,0.083,0,0,0,0,0.0,8
1,2024,2024111,13,Alpine,13,OCO,Esteban Ocon,31,#0093CC,14.0,622,72.017,72.017,0,0,71.964,0.120,-0.441,0.096,-0.393,17.0,-0.441,0.096,-0.393,17.0,-0.345,M,#F0E628,14,1.0,0,0,0.083,0,0,0,0,0.0,8
1,2024,2024111,13,Alpine,13,OCO,Esteban Ocon,31,#0093CC,15.0,623,72.178,72.178,0,0,72.098,0.161,-0.485,0.089,-0.441,17.0,-0.485,0.089,-0.441,17.0,-0.396,M,#F0E628,15,1.0,0,0,0.083,0,0,0,0,0.0,8
1,2024,2024111,13,Alpine,13,OCO,Esteban Ocon,31,#0093CC,16.0,624,72.263,72.263,0,0,72.22,0.085,-0.509,-0.117,-0.568,13.0,-0.509,0.035,-0.491,17.0,-0.626,M,#F0E628,16,1.0,0,0,0.083,0,0,0,0,0.0,8
1,2024,2024111,13,Alpine,13,OCO,Esteban Ocon,31,#0093CC,17.0,625,72.349,72.349,0,0,72.306,0.086,-0.473,-0.019,-0.482,13.0,-0.473,-0.019,-0.482,13.0,-0.492,M,#F0E628,17,1.0,0,0,0.083,0,0,0,0,0.0,8
1,2024,2024111,13,Alpine,13,OCO,Esteban Ocon,31,#0093CC,18.0,626,72.182,72.182,0,0,72.266,0.167,-0.335,-0.267,-0.469,13.0,-0.335,-0.267,-0.469,13.0,-0.602,M,#F0E628,18,1.0,0,0,0.083,0,0,0,0,0.0,8
1,2024,2024111,13,Alpine,13,OCO,Esteban Ocon,31,#0093CC,19.0,627,-,-,0,1,-,-,-,-,-,-,-,-,-,-,-0.654,M,#F0E628,19,1.0,1,0,0.083,0,0,0,0,0.0,9
1,2024,2024111,13,Alpine,13,OCO,Esteban Ocon,31,#0093CC,20.0,628,-,-,0,1,-,-,-,-,-,-,-,-,-,-,,H,#A5AFB9,1,2.0,0,0,0.217,0,0,0,0,0.0,17
1,2024,2024111,13,Alpine,13,OCO,Esteban Ocon,31,#0093CC,21.0,629,71.198,71.198,0,0,-,-,0.378,-,-,-,0.378,-,-,-,,H,#A5AFB9,2,2.0,0,0,0.217,0,0,0,0,1.0,14
1,2024,2024111,13,Alpine,13,OCO,Esteban Ocon,31,#0093CC,22.0,630,71.526,71.526,0,0,71.362,0.328,-0.041,0.314,0.116,17.0,-0.041,0.314,0.116,17.0,0.273,H,#A5AFB9,3,2.0,0,0,0.217,0,0,0,0,0.0,13
1,2024,2024111,13,Alpine,13,OCO,Esteban Ocon,31,#0093CC,23.0,631,70.86,70.86,0,0,71.193,0.666,0.351,-0.215,0.243,13.0,0.351,-0.215,0.243,13.0,0.136,H,#A5AFB9,4,2.0,0,0,0.217,0,0,0,0,1.0,12
1,2024,2024111,13,Alpine,13,OCO,Esteban Ocon,31,#0093CC,24.0,632,70.897,70.897,0,0,70.878,0.037,0.142,-0.020,0.132,13.0,0.142,-0.020,0.132,13.0,0.122,H,#A5AFB9,5,2.0,0,0,0.217,0,0,0,0,0.0,12
1,2024,2024111,13,Alpine,13,OCO,Esteban Ocon,31,#0093CC,25.0,633,71.155,71.155,0,0,71.026,0.258,-0.121,0.430,0.094,17.0,-0.121,0.430,0.094,17.0,0.309,H,#A5AFB9,6,2.0,0,0,0.217,0,0,0,0,0.0,12
1,2024,2024111,13,Alpine,13,OCO,Esteban Ocon,31,#0093CC,26.0,634,71.193,71.193,0,0,71.174,0.038,-0.092,0.030,-0.077,17.0,-0.092,0.030,-0.077,17.0,-0.062,H,#A5AFB9,7,2.0,0,0,0.217,0,0,0,0,0.0,12
1,2024,2024111,13,Alpine,13,OCO,Esteban Ocon,31,#0093CC,27.0,635,71.267,71.267,0,0,71.23,0.074,-0.234,-0.076,-0.272,13.0,-0.234,-0.076,-0.272,13.0,-0.31,H,#A5AFB9,8,2.0,0,0,0.217,0,0,0,0,0.0,12
1,2024,2024111,13,Alpine,13,OCO,Esteban Ocon,31,#0093CC,28.0,636,71.369,71.369,0,0,71.318,0.102,-0.384,0.146,-0.311,17.0,-0.384,0.146,-0.311,17.0,-0.238,H,#A5AFB9,9,2.0,0,0,0.217,0,0,0,0,0.0,12
1,2024,2024111,13,Alpine,13,OCO,Esteban Ocon,31,#0093CC,29.0,637,72.031,71.66,1,0,71.514,0.662,-1.027,0.304,-0.875,17.0,-0.656,0.281,-0.516,17.0,-0.723,H,#A5AFB9,10,2.0,0,0,0.217,0,0,0,0,0.0,12
1,2024,2024111,13,Alpine,13,OCO,Esteban Ocon,31,#0093CC,30.0,638,71.95,71.95,0,0,71.805,0.081,-0.945,0.415,-0.738,17.0,-0.945,0.415,-0.738,17.0,-0.53,H,#A5AFB9,11,2.0,0,0,0.217,0,0,0,0,0.0,12
1,2024,2024111,13,Alpine,13,OCO,Esteban Ocon,31,#0093CC,31.0,639,71.737,71.737,0,0,71.844,0.213,-0.733,-0.052,-0.759,13.0,-0.733,-0.052,-0.759,13.0,-0.785,H,#A5AFB9,12,2.0,0,1,0.217,0,0,0,0,0.0,12
1,2024,2024111,13,Alpine,13,OCO,Esteban Ocon,31,#0093CC,32.0,640,71.938,71.938,0,0,71.838,0.201,-0.892,0.010,-0.887,17.0,-0.892,0.010,-0.887,17.0,-0.882,H,#A5AFB9,13,2.0,0,0,0.217,0,0,0,0,0.0,12
1,2024,2024111,13,Alpine,13,OCO,Esteban Ocon,31,#0093CC,33.0,641,71.658,71.658,0,0,71.798,0.280,-0.727,-0.156,-0.805,13.0,-0.727,-0.156,-0.805,13.0,-0.883,H,#A5AFB9,14,2.0,0,0,0.217,0,0,0,0,0.0,12
1,2024,2024111,13,Alpine,13,OCO,Esteban Ocon,31,#0093CC,34.0,642,72.058,72.058,0,0,71.858,0.400,-0.883,0.148,-0.809,17.0,-0.883,0.148,-0.809,17.0,-0.735,H,#A5AFB9,15,2.0,0,0,0.217,0,0,0,0,0.0,12
1,2024,2024111,13,Alpine,13,OCO,Esteban Ocon,31,#0093CC,35.0,643,72.553,71.821,1,0,71.939,0.495,-1.366,-0.371,-1.552,13.0,-0.633,0.054,-0.606,17.0,-1.737,H,#A5AFB9,16,2.0,0,0,0.217,0,0,0,0,0.0,11
1,2024,2024111,13,Alpine,13,OCO,Esteban Ocon,31,#0093CC,36.0,644,71.583,71.583,0,0,71.702,0.970,-0.349,-0.039,-0.368,13.0,-0.349,-0.039,-0.368,13.0,-0.388,H,#A5AFB9,17,2.0,0,0,0.217,0,0,0,0,0.0,11
1,2024,2024111,13,Alpine,13,OCO,Esteban Ocon,31,#0093CC,37.0,645,71.745,71.745,0,0,71.664,0.162,-0.562,0.104,-0.510,17.0,-0.562,0.104,-0.510,17.0,-0.458,H,#A5AFB9,18,2.0,0,0,0.217,0,0,0,0,0.0,10
1,2024,2024111,13,Alpine,13,OCO,Esteban Ocon,31,#0093CC,38.0,646,71.375,71.375,0,0,71.56,0.370,-0.165,-0.024,-0.177,13.0,-0.165,-0.024,-0.177,13.0,-0.189,H,#A5AFB9,19,2.0,0,0,0.217,0,0,0,0,0.0,9
1,2024,2024111,13,Alpine,13,OCO,Esteban Ocon,31,#0093CC,39.0,647,71.967,71.967,0,0,71.671,0.592,-0.841,0.189,-0.746,17.0,-0.841,0.189,-0.746,17.0,-0.652,H,#A5AFB9,20,2.0,0,0,0.217,0,0,0,0,0.0,9
1,2024,2024111,13,Alpine,13,OCO,Esteban Ocon,31,#0093CC,40.0,648,72.992,72.145,1,0,72.056,1.025,-1.836,1.175,-1.248,17.0,-0.989,0.328,-0.825,17.0,-0.661,H,#A5AFB9,21,2.0,0,0,0.217,0,0,0,0,-1.0,9
1,2024,2024111,13,Alpine,13,OCO,Esteban Ocon,31,#0093CC,41.0,649,72.323,72.323,0,0,72.234,0.669,-1.103,0.358,-0.924,17.0,-1.103,0.358,-0.924,17.0,-0.745,H,#A5AFB9,22,2.0,0,0,0.217,0,0,0,0,0.0,9
1,2024,2024111,13,Alpine,13,OCO,Esteban Ocon,31,#0093CC,42.0,650,71.754,71.754,0,0,72.038,0.569,-0.763,-,-,-,-0.763,-,-,-,,H,#A5AFB9,23,2.0,0,0,0.217,0,0,0,0,0.0,8
1,2024,2024111,13,Alpine,13,OCO,Esteban Ocon,31,#0093CC,43.0,651,-,-,0,1,-,-,-,-,-,-,-,-,-,-,,H,#A5AFB9,24,2.0,1,0,0.217,0,0,0,0,0.0,9
1,2024,2024111,13,Alpine,13,OCO,Esteban Ocon,31,#0093CC,44.0,652,-,-,0,1,-,-,-,-,-,-,-,-,-,-,1.247,M,#F0E628,1,3.0,0,0,0.227,0,0,0,0,0.0,14
1,2024,2024111,13,Alpine,13,OCO,Esteban Ocon,31,#0093CC,45.0,653,69.649,69.649,0,0,-,-,1.074,0.040,1.094,17.0,1.074,0.040,1.094,17.0,1.114,M,#F0E628,2,3.0,0,0,0.227,0,0,0,0,0.0,13
1,2024,2024111,13,Alpine,13,OCO,Esteban Ocon,31,#0093CC,46.0,654,69.894,69.894,0,0,69.772,0.245,0.893,-0.182,0.802,13.0,0.893,-0.182,0.802,13.0,0.711,M,#F0E628,3,3.0,0,0,0.227,0,0,0,0,0.0,13
1,2024,2024111,13,Alpine,13,OCO,Esteban Ocon,31,#0093CC,47.0,655,70.161,70.161,0,0,70.028,0.267,0.656,-0.176,0.568,13.0,0.656,-0.176,0.568,13.0,0.48,M,#F0E628,4,3.0,0,0,0.227,0,0,0,0,0.0,13
1,2024,2024111,13,Alpine,13,OCO,Esteban Ocon,31,#0093CC,48.0,656,70.225,70.225,0,0,70.193,0.064,0.462,-0.340,0.292,13.0,0.462,-0.340,0.292,13.0,0.122,M,#F0E628,5,3.0,0,0,0.227,0,0,0,0,0.0,13
1,2024,2024111,13,Alpine,13,OCO,Esteban Ocon,31,#0093CC,49.0,657,70.189,70.189,0,0,70.207,0.036,0.372,-0.377,0.183,13.0,0.372,-0.377,0.183,13.0,-0.005,M,#F0E628,6,3.0,0,0,0.227,0,0,0,0,0.0,13
1,2024,2024111,13,Alpine,13,OCO,Esteban Ocon,31,#0093CC,50.0,658,70.526,70.526,0,0,70.357,0.337,0.247,-0.033,0.230,13.0,0.247,-0.033,0.230,13.0,0.214,M,#F0E628,7,3.0,0,0,0.227,0,0,0,0,0.0,13
1,2024,2024111,13,Alpine,13,OCO,Esteban Ocon,31,#0093CC,51.0,659,70.93,70.497,1,0,70.512,0.404,-0.311,0.336,-0.143,17.0,0.122,-0.097,0.073,13.0,0.025,M,#F0E628,8,3.0,0,0,0.227,0,0,0,0,0.0,12
1,2024,2024111,13,Alpine,13,OCO,Esteban Ocon,31,#0093CC,52.0,660,70.468,70.468,0,0,70.482,0.462,0.205,0.162,0.286,17.0,0.205,0.162,0.286,17.0,0.367,M,#F0E628,9,3.0,0,0,0.227,0,0,0,0,0.0,12
1,2024,2024111,13,Alpine,13,OCO,Esteban Ocon,31,#0093CC,53.0,661,70.776,70.776,0,0,70.622,0.308,-0.485,0.210,-0.380,17.0,-0.485,0.210,-0.380,17.0,-0.275,M,#F0E628,10,3.0,0,0,0.227,0,0,0,0,0.0,12
1,2024,2024111,13,Alpine,13,OCO,Esteban Ocon,31,#0093CC,54.0,662,70.459,70.459,0,0,70.618,0.317,-0.226,-0.362,-0.407,13.0,-0.226,-0.362,-0.407,13.0,-0.588,M,#F0E628,11,3.0,0,0,0.227,0,0,0,0,0.0,12
1,2024,2024111,13,Alpine,13,OCO,Esteban Ocon,31,#0093CC,55.0,663,70.504,70.504,0,0,70.482,0.045,-0.311,-0.127,-0.374,13.0,-0.311,-0.127,-0.374,13.0,-0.438,M,#F0E628,12,3.0,0,0,0.227,0,0,0,0,0.0,12
1,2024,2024111,13,Alpine,13,OCO,Esteban Ocon,31,#0093CC,56.0,664,70.491,70.491,0,0,70.498,0.013,-0.305,0.053,-0.278,17.0,-0.305,0.053,-0.278,17.0,-0.252,M,#F0E628,13,3.0,0,0,0.227,0,0,0,0,0.0,12
1,2024,2024111,13,Alpine,13,OCO,Esteban Ocon,31,#0093CC,57.0,665,70.762,70.762,0,0,70.626,0.271,-0.378,0.274,-0.241,17.0,-0.378,0.274,-0.241,17.0,-0.104,M,#F0E628,14,3.0,0,1,0.227,0,0,0,0,0.0,12
1,2024,2024111,13,Alpine,13,OCO,Esteban Ocon,31,#0093CC,58.0,666,71.106,71.106,0,0,70.934,0.344,-0.508,0.167,-0.424,17.0,-0.508,0.401,-0.307,17.0,-0.341,M,#F0E628,15,3.0,0,0,0.227,0,0,0,0,0.0,12
1,2024,2024111,13,Alpine,13,OCO,Esteban Ocon,31,#0093CC,59.0,667,71.355,71.355,0,0,71.23,0.249,-0.698,0.433,-0.481,17.0,-0.698,0.433,-0.481,17.0,-0.265,M,#F0E628,16,3.0,0,0,0.227,0,0,0,0,0.0,12
1,2024,2024111,13,Alpine,13,OCO,Esteban Ocon,31,#0093CC,60.0,668,70.962,70.962,0,0,71.158,0.393,-0.463,0.368,-0.279,17.0,-0.463,0.368,-0.279,17.0,-0.095,M,#F0E628,17,3.0,0,0,0.227,0,0,0,0,0.0,12
1,2024,2024111,13,Alpine,13,OCO,Esteban Ocon,31,#0093CC,61.0,669,72.917,71.212,1,0,71.087,1.955,-2.388,1.704,-1.536,17.0,-0.683,0.321,-0.522,17.0,-0.684,M,#F0E628,18,3.0,0,0,0.227,0,0,0,0,0.0,12
1,2024,2024111,13,Alpine,13,OCO,Esteban Ocon,31,#0093CC,62.0,670,71.462,71.462,0,0,71.337,1.455,-0.768,0.273,-0.631,17.0,-0.768,0.273,-0.631,17.0,-0.495,M,#F0E628,19,3.0,0,0,0.227,0,0,0,0,0.0,12
1,2024,2024111,13,Alpine,13,OCO,Esteban Ocon,31,#0093CC,63.0,671,71.545,71.545,0,0,71.504,0.083,-0.576,0.052,-0.550,17.0,-0.576,0.052,-0.550,17.0,-0.524,M,#F0E628,20,3.0,0,0,0.227,0,0,0,0,0.0,12
1,2024,2024111,13,Alpine,13,OCO,Esteban Ocon,31,#0093CC,64.0,672,71.411,71.411,0,0,71.478,0.134,-0.348,0.211,-0.242,17.0,-0.348,0.211,-0.242,17.0,-0.137,M,#F0E628,21,3.0,0,0,0.227,0,0,0,0,0.0,12
1,2024,2024111,13,Alpine,13,OCO,Esteban Ocon,31,#0093CC,65.0,673,-,-,0,1,-,-,-,-,-,-,-,-,-,-,,M,#F0E628,22,3.0,0,0,0.227,0,0,0,1,0.0,11
1,2024,2024111,13,Alpine,13,OCO,Esteban Ocon,31,#0093CC,66.0,674,71.192,71.192,0,0,-,-,0.179,-,-,-,0.179,-,-,-,,M,#F0E628,23,3.0,0,0,0.227,0,0,0,0,0.0,11
1,2024,2024111,13,Alpine,13,OCO,Esteban Ocon,31,#0093CC,67.0,675,70.886,70.886,0,0,71.039,0.306,-0.057,-0.008,-0.061,13.0,-0.057,-0.008,-0.061,13.0,-0.065,M,#F0E628,24,3.0,0,0,0.227,0,0,0,0,0.0,11
1,2024,2024111,13,Alpine,13,OCO,Esteban Ocon,31,#0093CC,68.0,676,70.816,70.816,0,0,70.851,0.070,-0.292,0.270,-0.157,17.0,-0.292,0.270,-0.157,17.0,-0.022,M,#F0E628,25,3.0,0,0,0.227,0,0,0,0,0.0,11
1,2024,2024111,13,Alpine,13,OCO,Esteban Ocon,31,#0093CC,69.0,677,70.95,70.95,0,0,70.883,0.134,-0.504,0.012,-0.498,17.0,-0.504,0.012,-0.498,17.0,-0.492,M,#F0E628,26,3.0,0,0,0.227,0,0,0,0,0.0,11
1,2024,2024111,13,Alpine,13,OCO,Esteban Ocon,31,#0093CC,70.0,678,72.052,70.809,1,0,70.88,1.102,-1.682,0.893,-1.236,17.0,-0.439,-0.350,-0.614,13.0,-0.789,M,#F0E628,27,3.0,0,0,0.227,0,0,0,0,-1.0,12
1,2024,2024111,13,Alpine,13,OCO,Esteban Ocon,31,#0093CC,71.0,679,70.668,70.668,0,0,70.738,1.384,-0.097,-0.482,-0.338,13.0,-0.097,-0.482,-0.338,13.0,-0.579,M,#F0E628,28,3.0,0,0,0.227,0,0,0,0,0.0,12
1,2024,2024111,13,Alpine,17,GAS,Pierre Gasly,10,#0093CC,1.0,609,-,-,0,1,-,-,-,-,-,-,-,-,-,-,,M,#F0E628,1,1.0,0,0,0.112,0,0,0,0,,11
1,2024,2024111,13,Alpine,17,GAS,Pierre Gasly,10,#0093CC,2.0,610,-,-,0,1,-,-,-,-,-,-,-,-,-,-,,M,#F0E628,2,1.0,0,0,0.112,0,0,0,0,0.0,11
1,2024,2024111,13,Alpine,17,GAS,Pierre Gasly,10,#0093CC,3.0,611,71.19,71.19,0,0,-,-,-0.114,-0.154,-0.037,13.0,-0.114,-0.154,-0.037,13.0,0.04,M,#F0E628,3,1.0,0,0,0.112,0,0,0,0,0.0,11
1,2024,2024111,13,Alpine,17,GAS,Pierre Gasly,10,#0093CC,4.0,612,71.045,71.045,0,0,71.118,0.145,-0.053,-0.126,0.010,13.0,-0.053,-0.126,0.010,13.0,0.073,M,#F0E628,4,1.0,0,0,0.112,0,0,0,0,0.0,11
1,2024,2024111,13,Alpine,17,GAS,Pierre Gasly,10,#0093CC,5.0,613,71.011,71.011,0,0,71.028,0.034,-0.048,0.033,-0.065,17.0,-0.048,0.033,-0.065,17.0,-0.081,M,#F0E628,5,1.0,0,0,0.112,0,0,0,0,0.0,11
1,2024,2024111,13,Alpine,17,GAS,Pierre Gasly,10,#0093CC,6.0,614,71.138,71.138,0,0,71.074,0.127,-0.04,0.044,-0.062,17.0,-0.040,0.044,-0.062,17.0,-0.084,M,#F0E628,6,1.0,0,0,0.112,0,0,0,0,0.0,11
1,2024,2024111,13,Alpine,17,GAS,Pierre Gasly,10,#0093CC,7.0,615,71.513,71.513,0,0,71.326,0.375,-0.215,0.074,-0.252,17.0,-0.215,0.074,-0.252,17.0,-0.289,M,#F0E628,7,1.0,0,0,0.112,0,0,0,0,0.0,11
1,2024,2024111,13,Alpine,17,GAS,Pierre Gasly,10,#0093CC,8.0,616,71.679,71.511,1,0,71.512,0.166,-0.263,-0.049,-0.238,13.0,-0.095,0.119,-0.154,17.0,-0.214,M,#F0E628,8,1.0,0,0,0.112,0,0,0,0,0.0,11
1,2024,2024111,13,Alpine,17,GAS,Pierre Gasly,10,#0093CC,9.0,617,71.509,71.509,0,0,71.51,0.170,-0.181,0.080,-0.221,17.0,-0.181,0.080,-0.221,17.0,-0.261,M,#F0E628,9,1.0,0,0,0.112,0,0,0,0,0.0,11
1,2024,2024111,13,Alpine,17,GAS,Pierre Gasly,10,#0093CC,10.0,618,72.132,71.724,1,0,71.617,0.623,-0.619,-0.248,-0.495,13.0,-0.212,0.159,-0.291,17.0,-0.371,M,#F0E628,10,1.0,0,0,0.112,0,0,0,0,0.0,10
1,2024,2024111,13,Alpine,17,GAS,Pierre Gasly,10,#0093CC,11.0,619,71.94,71.94,0,0,71.832,0.192,-0.397,-0.005,-0.395,13.0,-0.397,-0.005,-0.395,13.0,-0.392,M,#F0E628,11,1.0,0,1,0.112,0,0,0,0,0.0,9
1,2024,2024111,13,Alpine,17,GAS,Pierre Gasly,10,#0093CC,12.0,620,71.956,71.956,0,0,71.948,0.016,-0.417,-0.149,-0.343,13.0,-0.417,-0.149,-0.343,13.0,-0.268,M,#F0E628,12,1.0,0,0,0.112,0,0,0,0,0.0,9
1,2024,2024111,13,Alpine,17,GAS,Pierre Gasly,10,#0093CC,13.0,621,71.705,71.705,0,0,71.83,0.251,-0.189,0.432,-0.405,17.0,-0.189,0.207,-0.292,17.0,-0.621,M,#F0E628,13,1.0,0,0,0.112,0,0,0,0,0.0,9
1,2024,2024111,13,Alpine,17,GAS,Pierre Gasly,10,#0093CC,14.0,622,71.921,71.921,0,0,71.813,0.216,-0.345,0.096,-0.393,17.0,-0.345,0.096,-0.393,17.0,-0.441,M,#F0E628,14,1.0,0,0,0.112,0,0,0,0,0.0,9
1,2024,2024111,13,Alpine,17,GAS,Pierre Gasly,10,#0093CC,15.0,623,72.089,72.089,0,0,72.005,0.168,-0.396,0.089,-0.441,17.0,-0.396,0.089,-0.441,17.0,-0.485,M,#F0E628,15,1.0,0,0,0.112,0,0,0,0,0.0,9
1,2024,2024111,13,Alpine,17,GAS,Pierre Gasly,10,#0093CC,16.0,624,72.38,72.228,1,0,72.159,0.291,-0.626,-0.117,-0.568,13.0,-0.474,0.035,-0.491,17.0,-0.509,M,#F0E628,16,1.0,0,0,0.112,0,0,0,0,0.0,9
1,2024,2024111,13,Alpine,17,GAS,Pierre Gasly,10,#0093CC,17.0,625,72.368,72.368,0,0,72.298,0.012,-0.492,-0.019,-0.482,13.0,-0.492,-0.019,-0.482,13.0,-0.473,M,#F0E628,17,1.0,0,0,0.112,0,0,0,0,0.0,9
1,2024,2024111,13,Alpine,17,GAS,Pierre Gasly,10,#0093CC,18.0,626,72.449,72.449,0,0,72.408,0.081,-0.602,-0.267,-0.469,13.0,-0.602,-0.267,-0.469,13.0,-0.335,M,#F0E628,18,1.0,0,0,0.112,0,0,0,0,0.0,9
1,2024,2024111,13,Alpine,17,GAS,Pierre Gasly,10,#0093CC,19.0,627,72.472,72.472,0,0,72.46,0.023,-0.654,-,-,-,-0.654,-,-,-,,M,#F0E628,19,1.0,0,0,0.112,0,0,0,0,0.0,8
1,2024,2024111,13,Alpine,17,GAS,Pierre Gasly,10,#0093CC,20.0,628,-,-,0,1,-,-,-,-,-,-,-,-,-,-,,M,#F0E628,20,1.0,1,0,0.112,0,0,0,0,0.0,8
1,2024,2024111,13,Alpine,17,GAS,Pierre Gasly,10,#0093CC,21.0,629,-,-,0,1,-,-,-,-,-,-,-,-,-,-,0.378,H,#A5AFB9,1,2.0,0,0,0.157,0,0,0,0,0.0,16
1,2024,2024111,13,Alpine,17,GAS,Pierre Gasly,10,#0093CC,22.0,630,71.212,71.212,0,0,-,-,0.273,0.314,0.116,17.0,0.273,0.314,0.116,17.0,-0.041,H,#A5AFB9,2,2.0,0,0,0.157,0,0,0,0,1.0,14
1,2024,2024111,13,Alpine,17,GAS,Pierre Gasly,10,#0093CC,23.0,631,71.075,71.075,0,0,71.144,0.137,0.136,-0.215,0.243,13.0,0.136,-0.215,0.243,13.0,0.351,H,#A5AFB9,3,2.0,0,0,0.157,0,0,0,0,0.0,14
1,2024,2024111,13,Alpine,17,GAS,Pierre Gasly,10,#0093CC,24.0,632,70.917,70.917,0,0,70.996,0.158,0.122,-0.020,0.132,13.0,0.122,-0.020,0.132,13.0,0.142,H,#A5AFB9,4,2.0,0,0,0.157,0,0,0,0,0.0,14
1,2024,2024111,13,Alpine,17,GAS,Pierre Gasly,10,#0093CC,25.0,633,70.725,70.725,0,0,70.821,0.192,0.309,0.430,0.094,17.0,0.309,0.430,0.094,17.0,-0.121,H,#A5AFB9,5,2.0,0,0,0.157,0,0,0,0,1.0,13
1,2024,2024111,13,Alpine,17,GAS,Pierre Gasly,10,#0093CC,26.0,634,71.163,71.163,0,0,70.944,0.438,-0.062,0.030,-0.077,17.0,-0.062,0.030,-0.077,17.0,-0.092,H,#A5AFB9,6,2.0,0,0,0.157,0,0,0,0,0.0,13
1,2024,2024111,13,Alpine,17,GAS,Pierre Gasly,10,#0093CC,27.0,635,71.343,71.343,0,0,71.253,0.180,-0.31,-0.076,-0.272,13.0,-0.310,-0.076,-0.272,13.0,-0.234,H,#A5AFB9,7,2.0,0,0,0.157,0,0,0,0,0.0,13
1,2024,2024111,13,Alpine,17,GAS,Pierre Gasly,10,#0093CC,28.0,636,71.223,71.223,0,0,71.283,0.120,-0.238,0.146,-0.311,17.0,-0.238,0.146,-0.311,17.0,-0.384,H,#A5AFB9,8,2.0,0,0,0.157,0,0,0,0,0.0,13
1,2024,2024111,13,Alpine,17,GAS,Pierre Gasly,10,#0093CC,29.0,637,71.727,71.379,1,0,71.301,0.504,-0.723,0.304,-0.875,17.0,-0.375,0.281,-0.516,17.0,-1.027,H,#A5AFB9,9,2.0,0,0,0.157,0,0,0,0,0.0,13
1,2024,2024111,13,Alpine,17,GAS,Pierre Gasly,10,#0093CC,30.0,638,71.535,71.535,0,0,71.457,0.192,-0.53,0.415,-0.738,17.0,-0.530,0.415,-0.738,17.0,-0.945,H,#A5AFB9,10,2.0,0,0,0.157,0,0,0,0,0.0,13
1,2024,2024111,13,Alpine,17,GAS,Pierre Gasly,10,#0093CC,31.0,639,71.789,71.789,0,0,71.662,0.254,-0.785,-0.052,-0.759,13.0,-0.785,-0.052,-0.759,13.0,-0.733,H,#A5AFB9,11,2.0,0,1,0.157,0,0,0,0,0.0,13
1,2024,2024111,13,Alpine,17,GAS,Pierre Gasly,10,#0093CC,32.0,640,71.928,71.928,0,0,71.858,0.139,-0.882,0.010,-0.887,17.0,-0.882,0.010,-0.887,17.0,-0.892,H,#A5AFB9,12,2.0,0,0,0.157,0,0,0,0,0.0,13
1,2024,2024111,13,Alpine,17,GAS,Pierre Gasly,10,#0093CC,33.0,641,71.814,71.814,0,0,71.871,0.114,-0.883,-0.156,-0.805,13.0,-0.883,-0.156,-0.805,13.0,-0.727,H,#A5AFB9,13,2.0,0,0,0.157,0,0,0,0,0.0,13
1,2024,2024111,13,Alpine,17,GAS,Pierre Gasly,10,#0093CC,34.0,642,71.91,71.91,0,0,71.862,0.096,-0.735,0.148,-0.809,17.0,-0.735,0.148,-0.809,17.0,-0.883,H,#A5AFB9,14,2.0,0,0,0.157,0,0,0,0,0.0,13
1,2024,2024111,13,Alpine,17,GAS,Pierre Gasly,10,#0093CC,35.0,643,72.924,71.766,1,0,71.838,1.014,-1.737,-0.371,-1.552,13.0,-0.579,0.054,-0.606,17.0,-1.366,H,#A5AFB9,15,2.0,0,0,0.157,0,0,0,0,0.0,12
1,2024,2024111,13,Alpine,17,GAS,Pierre Gasly,10,#0093CC,36.0,644,71.622,71.622,0,0,71.694,1.302,-0.388,-0.039,-0.368,13.0,-0.388,-0.039,-0.368,13.0,-0.349,H,#A5AFB9,16,2.0,0,0,0.157,0,0,0,0,0.0,12
1,2024,2024111,13,Alpine,17,GAS,Pierre Gasly,10,#0093CC,37.0,645,71.641,71.641,0,0,71.632,0.019,-0.458,0.104,-0.510,17.0,-0.458,0.104,-0.510,17.0,-0.562,H,#A5AFB9,17,2.0,0,0,0.157,0,0,0,0,0.0,11
1,2024,2024111,13,Alpine,17,GAS,Pierre Gasly,10,#0093CC,38.0,646,71.399,71.399,0,0,71.52,0.242,-0.189,-0.024,-0.177,13.0,-0.189,-0.024,-0.177,13.0,-0.165,H,#A5AFB9,18,2.0,0,0,0.157,0,0,0,0,0.0,11
1,2024,2024111,13,Alpine,17,GAS,Pierre Gasly,10,#0093CC,39.0,647,71.778,71.778,0,0,71.589,0.379,-0.652,0.189,-0.746,17.0,-0.652,0.189,-0.746,17.0,-0.841,H,#A5AFB9,19,2.0,0,0,0.157,0,0,0,0,0.0,10
1,2024,2024111,13,Alpine,17,GAS,Pierre Gasly,10,#0093CC,40.0,648,71.817,71.817,0,0,71.798,0.039,-0.661,1.175,-1.248,17.0,-0.661,0.328,-0.825,17.0,-1.836,H,#A5AFB9,20,2.0,0,0,0.157,0,0,0,0,1.0,8
1,2024,2024111,13,Alpine,17,GAS,Pierre Gasly,10,#0093CC,41.0,649,71.965,71.965,0,0,71.891,0.148,-0.745,0.358,-0.924,17.0,-0.745,0.358,-0.924,17.0,-1.103,H,#A5AFB9,21,2.0,0,0,0.157,0,0,0,0,0.0,8
1,2024,2024111,13,Alpine,17,GAS,Pierre Gasly,10,#0093CC,42.0,650,-,-,0,1,-,-,-,-,-,-,-,-,-,-,-0.763,H,#A5AFB9,22,2.0,1,0,0.157,0,0,0,0,0.0,10
1,2024,2024111,13,Alpine,17,GAS,Pierre Gasly,10,#0093CC,43.0,651,-,-,0,1,-,-,-,-,-,-,-,-,-,-,,M,#F0E628,1,3.0,0,0,0.131,0,0,0,0,0.0,15
1,2024,2024111,13,Alpine,17,GAS,Pierre Gasly,10,#0093CC,44.0,652,69.613,69.613,0,0,-,-,1.247,-,-,-,1.247,-,-,-,,M,#F0E628,2,3.0,0,0,0.131,0,0,0,0,0.0,13
1,2024,2024111,13,Alpine,17,GAS,Pierre Gasly,10,#0093CC,45.0,653,69.609,69.609,0,0,69.611,0.004,1.114,0.040,1.094,17.0,1.114,0.040,1.094,17.0,1.074,M,#F0E628,3,3.0,0,0,0.131,0,0,0,0,0.0,12
1,2024,2024111,13,Alpine,17,GAS,Pierre Gasly,10,#0093CC,46.0,654,70.076,70.076,0,0,69.842,0.467,0.711,-0.182,0.802,13.0,0.711,-0.182,0.802,13.0,0.893,M,#F0E628,4,3.0,0,0,0.131,0,0,0,0,0.0,12
1,2024,2024111,13,Alpine,17,GAS,Pierre Gasly,10,#0093CC,47.0,655,70.337,70.337,0,0,70.206,0.261,0.48,-0.176,0.568,13.0,0.480,-0.176,0.568,13.0,0.656,M,#F0E628,5,3.0,0,0,0.131,0,0,0,0,0.0,12
1,2024,2024111,13,Alpine,17,GAS,Pierre Gasly,10,#0093CC,48.0,656,70.565,70.565,0,0,70.451,0.228,0.122,-0.340,0.292,13.0,0.122,-0.340,0.292,13.0,0.462,M,#F0E628,6,3.0,0,0,0.131,0,0,0,0,0.0,12
1,2024,2024111,13,Alpine,17,GAS,Pierre Gasly,10,#0093CC,49.0,657,70.566,70.566,0,0,70.566,0.001,-0.005,-0.377,0.183,13.0,-0.005,-0.377,0.183,13.0,0.372,M,#F0E628,7,3.0,0,0,0.131,0,0,0,0,0.0,12
1,2024,2024111,13,Alpine,17,GAS,Pierre Gasly,10,#0093CC,50.0,658,70.559,70.559,0,0,70.562,0.007,0.214,-0.033,0.230,13.0,0.214,-0.033,0.230,13.0,0.247,M,#F0E628,8,3.0,0,0,0.131,0,0,0,0,1.0,11
1,2024,2024111,13,Alpine,17,GAS,Pierre Gasly,10,#0093CC,51.0,659,70.594,70.594,0,0,70.576,0.035,0.025,0.336,-0.143,17.0,0.025,-0.097,0.073,13.0,-0.311,M,#F0E628,9,3.0,0,0,0.131,0,0,0,0,0.0,11
1,2024,2024111,13,Alpine,17,GAS,Pierre Gasly,10,#0093CC,52.0,660,70.306,70.306,0,0,70.45,0.288,0.367,0.162,0.286,17.0,0.367,0.162,0.286,17.0,0.205,M,#F0E628,10,3.0,0,0,0.131,0,0,0,0,0.0,11
1,2024,2024111,13,Alpine,17,GAS,Pierre Gasly,10,#0093CC,53.0,661,70.566,70.566,0,0,70.436,0.260,-0.275,0.210,-0.380,17.0,-0.275,0.210,-0.380,17.0,-0.485,M,#F0E628,11,3.0,0,0,0.131,0,0,0,0,0.0,11
1,2024,2024111,13,Alpine,17,GAS,Pierre Gasly,10,#0093CC,54.0,662,70.821,70.821,0,0,70.694,0.255,-0.588,-0.362,-0.407,13.0,-0.588,-0.362,-0.407,13.0,-0.226,M,#F0E628,12,3.0,0,0,0.131,0,0,0,0,0.0,11
1,2024,2024111,13,Alpine,17,GAS,Pierre Gasly,10,#0093CC,55.0,663,70.631,70.631,0,0,70.726,0.190,-0.438,-0.127,-0.374,13.0,-0.438,-0.127,-0.374,13.0,-0.311,M,#F0E628,13,3.0,0,0,0.131,0,0,0,0,0.0,11
1,2024,2024111,13,Alpine,17,GAS,Pierre Gasly,10,#0093CC,56.0,664,70.438,70.438,0,0,70.535,0.193,-0.252,0.053,-0.278,17.0,-0.252,0.053,-0.278,17.0,-0.305,M,#F0E628,14,3.0,0,1,0.131,0,0,0,0,0.0,11
1,2024,2024111,13,Alpine,17,GAS,Pierre Gasly,10,#0093CC,57.0,665,70.488,70.488,0,0,70.463,0.050,-0.104,0.274,-0.241,17.0,-0.104,0.274,-0.241,17.0,-0.378,M,#F0E628,15,3.0,0,0,0.131,0,0,0,0,0.0,11
1,2024,2024111,13,Alpine,17,GAS,Pierre Gasly,10,#0093CC,58.0,666,70.939,70.705,1,0,70.596,0.451,-0.341,0.167,-0.424,17.0,-0.107,0.401,-0.307,17.0,-0.508,M,#F0E628,16,3.0,0,0,0.131,0,0,0,0,0.0,11
1,2024,2024111,13,Alpine,17,GAS,Pierre Gasly,10,#0093CC,59.0,667,70.922,70.922,0,0,70.814,0.017,-0.265,0.433,-0.481,17.0,-0.265,0.433,-0.481,17.0,-0.698,M,#F0E628,17,3.0,0,0,0.131,0,0,0,0,0.0,11
1,2024,2024111,13,Alpine,17,GAS,Pierre Gasly,10,#0093CC,60.0,668,70.594,70.594,0,0,70.758,0.328,-0.095,0.368,-0.279,17.0,-0.095,0.368,-0.279,17.0,-0.463,M,#F0E628,18,3.0,0,0,0.131,0,0,0,0,0.0,11
1,2024,2024111,13,Alpine,17,GAS,Pierre Gasly,10,#0093CC,61.0,669,71.213,70.892,1,0,70.743,0.619,-0.684,1.704,-1.536,17.0,-0.362,0.321,-0.522,17.0,-2.388,M,#F0E628,19,3.0,0,0,0.131,0,0,0,0,0.0,11
1,2024,2024111,13,Alpine,17,GAS,Pierre Gasly,10,#0093CC,62.0,670,71.189,71.189,0,0,71.04,0.024,-0.495,0.273,-0.631,17.0,-0.495,0.273,-0.631,17.0,-0.768,M,#F0E628,20,3.0,0,0,0.131,0,0,0,0,0.0,11
1,2024,2024111,13,Alpine,17,GAS,Pierre Gasly,10,#0093CC,63.0,671,71.493,71.493,0,0,71.341,0.304,-0.524,0.052,-0.550,17.0,-0.524,0.052,-0.550,17.0,-0.576,M,#F0E628,21,3.0,0,0,0.131,0,0,0,0,0.0,11
1,2024,2024111,13,Alpine,17,GAS,Pierre Gasly,10,#0093CC,64.0,672,71.2,71.2,0,0,71.346,0.293,-0.137,0.211,-0.242,17.0,-0.137,0.211,-0.242,17.0,-0.348,M,#F0E628,22,3.0,0,0,0.131,0,0,0,0,0.0,11
1,2024,2024111,13,Alpine,17,GAS,Pierre Gasly,10,#0093CC,65.0,673,-,-,0,1,-,-,-,-,-,-,-,-,-,-,,M,#F0E628,23,3.0,0,0,0.131,0,0,0,1,0.0,10
1,2024,2024111,13,Alpine,17,GAS,Pierre Gasly,10,#0093CC,66.0,674,-,-,0,1,-,-,-,-,-,-,-,-,-,-,0.179,M,#F0E628,24,3.0,0,0,0.131,0,0,1,0,0.0,10
1,2024,2024111,13,Alpine,17,GAS,Pierre Gasly,10,#0093CC,67.0,675,70.894,70.894,0,0,-,-,-0.065,-0.008,-0.061,13.0,-0.065,-0.008,-0.061,13.0,-0.057,M,#F0E628,25,3.0,0,0,0.131,0,0,0,0,0.0,10
1,2024,2024111,13,Alpine,17,GAS,Pierre Gasly,10,#0093CC,68.0,676,70.546,70.546,0,0,70.72,0.348,-0.022,0.270,-0.157,17.0,-0.022,0.270,-0.157,17.0,-0.292,M,#F0E628,26,3.0,0,0,0.131,0,0,0,0,0.0,10
1,2024,2024111,13,Alpine,17,GAS,Pierre Gasly,10,#0093CC,69.0,677,70.938,70.938,0,0,70.742,0.392,-0.492,0.012,-0.498,17.0,-0.492,0.012,-0.498,17.0,-0.504,M,#F0E628,27,3.0,0,0,0.131,0,0,0,0,0.0,10
1,2024,2024111,13,Alpine,17,GAS,Pierre Gasly,10,#0093CC,70.0,678,71.159,71.159,0,0,71.048,0.221,-0.789,0.893,-1.236,17.0,-0.789,-0.350,-0.614,13.0,-1.682,M,#F0E628,28,3.0,0,0,0.131,0,0,0,0,0.0,10
1,2024,2024111,13,Alpine,17,GAS,Pierre Gasly,10,#0093CC,71.0,679,71.15,71.15,0,0,71.155,0.009,-0.579,-0.482,-0.338,13.0,-0.579,-0.482,-0.338,13.0,-0.097,M,#F0E628,29,3.0,0,0,0.131,0,0,0,0,0.0,10
1,2024,2024121,14,Alpine,13,OCO,Esteban Ocon,31,#0093CC,1.0,680,-,-,0,1,-,-,-,-,-,-,-,-,-,-,,S,#CD3C3C,1,1.0,0,0,0.410,0,0,0,0,,16
1,2024,2024121,14,Alpine,13,OCO,Esteban Ocon,31,#0093CC,2.0,681,-,-,0,1,-,-,-,-,-,-,-,-,-,-,,S,#CD3C3C,2,1.0,0,0,0.410,0,0,0,0,0.0,16
1,2024,2024121,14,Alpine,13,OCO,Esteban Ocon,31,#0093CC,3.0,682,93.479,93.479,0,0,-,-,-0.76,-,-,-,-0.760,-,-,-,,S,#CD3C3C,3,1.0,0,0,0.410,0,0,0,0,0.0,16
1,2024,2024121,14,Alpine,13,OCO,Esteban Ocon,31,#0093CC,4.0,683,93.316,93.316,0,0,93.398,0.163,-0.619,-,-,-,-0.619,-,-,-,,S,#CD3C3C,4,1.0,0,0,0.410,0,0,0,0,0.0,16
1,2024,2024121,14,Alpine,13,OCO,Esteban Ocon,31,#0093CC,5.0,684,93.21,93.21,0,0,93.263,0.106,-0.654,-,-,-,-0.654,-,-,-,,S,#CD3C3C,5,1.0,0,0,0.410,0,0,0,0,0.0,16
1,2024,2024121,14,Alpine,13,OCO,Esteban Ocon,31,#0093CC,6.0,685,93.616,93.616,0,0,93.413,0.406,-0.947,-,-,-,-0.947,-,-,-,,S,#CD3C3C,6,1.0,0,0,0.410,0,0,0,0,0.0,16
1,2024,2024121,14,Alpine,13,OCO,Esteban Ocon,31,#0093CC,7.0,686,95.183,93.703,1,0,93.66,1.567,-2.402,-,-,-,-0.922,-,-,-,,S,#CD3C3C,7,1.0,0,0,0.410,0,0,0,0,-2.0,18
1,2024,2024121,14,Alpine,13,OCO,Esteban Ocon,31,#0093CC,8.0,687,93.79,93.79,0,0,93.746,1.393,-1.005,-,-,-,-1.005,-,-,-,,S,#CD3C3C,8,1.0,0,0,0.410,0,0,0,0,1.0,17
1,2024,2024121,14,Alpine,13,OCO,Esteban Ocon,31,#0093CC,9.0,688,93.898,93.898,0,0,93.844,0.108,-1.222,-,-,-,-1.222,-,-,-,,S,#CD3C3C,9,1.0,0,0,0.410,0,0,0,0,0.0,17
1,2024,2024121,14,Alpine,13,OCO,Esteban Ocon,31,#0093CC,10.0,689,93.843,93.843,0,0,93.87,0.055,-1.14,-,-,-,-1.140,-,-,-,,S,#CD3C3C,10,1.0,0,1,0.410,0,0,0,0,0.0,17
1,2024,2024121,14,Alpine,13,OCO,Esteban Ocon,31,#0093CC,11.0,690,93.846,93.846,0,0,93.845,0.003,-1.253,-,-,-,-1.253,-,-,-,,S,#CD3C3C,11,1.0,0,0,0.410,0,0,0,0,0.0,17
1,2024,2024121,14,Alpine,13,OCO,Esteban Ocon,31,#0093CC,12.0,691,94.071,94.071,0,0,93.958,0.225,-1.654,-,-,-,-1.654,-,-,-,,S,#CD3C3C,12,1.0,0,0,0.410,0,0,0,0,0.0,17
1,2024,2024121,14,Alpine,13,OCO,Esteban Ocon,31,#0093CC,13.0,692,94.491,94.491,0,0,94.281,0.420,-1.945,-,-,-,-1.945,-,-,-,,S,#CD3C3C,13,1.0,0,0,0.410,0,0,0,0,0.0,17
1,2024,2024121,14,Alpine,13,OCO,Esteban Ocon,31,#0093CC,14.0,693,95.293,94.688,1,0,94.589,0.802,-2.865,-,-,-,-2.259,-,-,-,,S,#CD3C3C,14,1.0,0,0,0.410,0,0,0,0,-1.0,18
1,2024,2024121,14,Alpine,13,OCO,Esteban Ocon,31,#0093CC,15.0,694,94.884,94.884,0,0,94.786,0.409,-2.415,-,-,-,-2.415,-,-,-,,S,#CD3C3C,15,1.0,0,0,0.410,0,0,0,0,0.0,18
1,2024,2024121,14,Alpine,13,OCO,Esteban Ocon,31,#0093CC,16.0,695,96.522,96.522,0,0,95.703,1.638,-3.256,-,-,-,-3.256,-,-,-,,S,#CD3C3C,16,1.0,0,0,0.410,0,0,0,0,0.0,18
1,2024,2024121,14,Alpine,13,OCO,Esteban Ocon,31,#0093CC,17.0,696,98.735,97.51,1,0,97.016,2.213,-3.638,-,-,-,-2.412,-,-,-,,S,#CD3C3C,17,1.0,0,0,0.410,0,0,0,0,0.0,18
1,2024,2024121,14,Alpine,13,OCO,Esteban Ocon,31,#0093CC,18.0,697,98.497,98.497,0,0,98.003,0.238,-2.68,-,-,-,-2.680,-,-,-,,S,#CD3C3C,18,1.0,0,0,0.410,0,0,0,0,0.0,18
1,2024,2024121,14,Alpine,13,OCO,Esteban Ocon,31,#0093CC,19.0,698,-,-,0,1,-,-,-,-,-,-,-,-,-,-,,S,#CD3C3C,19,1.0,1,0,0.410,0,0,0,0,0.0,18
1,2024,2024121,14,Alpine,13,OCO,Esteban Ocon,31,#0093CC,20.0,699,-,-,0,1,-,-,-,-,-,-,-,-,-,-,,I,#50A078,1,2.0,0,0,-,0,0,0,0,0.0,18
1,2024,2024121,14,Alpine,13,OCO,Esteban Ocon,31,#0093CC,21.0,700,-,-,0,1,-,-,-,-,-,-,-,-,-,-,,I,#50A078,2,2.0,1,0,-,0,0,0,0,0.0,18
1,2024,2024121,14,Alpine,13,OCO,Esteban Ocon,31,#0093CC,22.0,701,-,-,0,1,-,-,-,-,-,-,-,-,-,-,,M,#F0E628,1,3.0,0,0,2.986,0,0,0,0,0.0,18
1,2024,2024121,14,Alpine,13,OCO,Esteban Ocon,31,#0093CC,23.0,702,95.488,95.488,0,0,-,-,-0.391,-,-,-,-0.391,-,-,-,,M,#F0E628,2,3.0,0,0,2.986,0,0,0,0,0.0,18
1,2024,2024121,14,Alpine,13,OCO,Esteban Ocon,31,#0093CC,24.0,703,98.005,98.005,0,0,96.746,2.517,-1.724,-,-,-,-1.724,-,-,-,,M,#F0E628,3,3.0,0,1,2.986,0,0,0,0,0.0,18
1,2024,2024121,14,Alpine,13,OCO,Esteban Ocon,31,#0093CC,25.0,704,107.432,107.432,0,0,102.718,9.427,-9.027,-,-,-,-9.027,-,-,-,,M,#F0E628,4,3.0,0,0,2.986,0,0,0,0,0.0,18
1,2024,2024121,14,Alpine,13,OCO,Esteban Ocon,31,#0093CC,26.0,705,-,-,0,1,-,-,-,-,-,-,-,-,-,-,,M,#F0E628,5,3.0,1,0,2.986,0,0,0,0,0.0,18
1,2024,2024121,14,Alpine,13,OCO,Esteban Ocon,31,#0093CC,27.0,706,-,-,0,1,-,-,-,-,-,-,-,-,-,-,,I,#50A078,1,4.0,0,0,0.506,0,0,0,0,0.0,18
1,2024,2024121,14,Alpine,13,OCO,Esteban Ocon,31,#0093CC,28.0,707,101.716,101.716,0,0,-,-,0.457,-,-,-,0.457,-,-,-,,I,#50A078,2,4.0,0,0,0.506,0,0,0,0,0.0,18
1,2024,2024121,14,Alpine,13,OCO,Esteban Ocon,31,#0093CC,29.0,708,102.362,102.362,0,0,102.039,0.646,-0.189,-,-,-,-0.189,-,-,-,,I,#50A078,3,4.0,0,0,0.506,0,0,0,0,0.0,18
1,2024,2024121,14,Alpine,13,OCO,Esteban Ocon,31,#0093CC,30.0,709,103.336,103.336,0,0,102.849,0.974,-1.134,-,-,-,-1.134,-,-,-,,I,#50A078,4,4.0,0,0,0.506,0,0,0,0,0.0,18
1,2024,2024121,14,Alpine,13,OCO,Esteban Ocon,31,#0093CC,31.0,710,104.019,104.019,0,0,103.678,0.683,-0.915,-,-,-,-0.915,-,-,-,,I,#50A078,5,4.0,0,0,0.506,0,0,0,0,0.0,18
1,2024,2024121,14,Alpine,13,OCO,Esteban Ocon,31,#0093CC,32.0,711,104.673,104.673,0,0,104.346,0.654,-0.799,-,-,-,-0.799,-,-,-,,I,#50A078,6,4.0,0,1,0.506,0,0,0,0,0.0,18
1,2024,2024121,14,Alpine,13,OCO,Esteban Ocon,31,#0093CC,33.0,712,105.29,105.29,0,0,104.982,0.617,-1.065,-,-,-,-1.065,-,-,-,,I,#50A078,7,4.0,0,0,0.506,0,0,0,0,0.0,18
1,2024,2024121,14,Alpine,13,OCO,Esteban Ocon,31,#0093CC,34.0,713,105.511,105.511,0,0,105.4,0.221,-1.136,-,-,-,-1.136,-,-,-,,I,#50A078,8,4.0,0,0,0.506,0,0,0,0,0.0,17
1,2024,2024121,14,Alpine,13,OCO,Esteban Ocon,31,#0093CC,35.0,714,102.995,102.995,0,0,104.253,2.516,0.946,-,-,-,0.946,-,-,-,,I,#50A078,9,4.0,0,0,0.506,0,0,0,0,0.0,17
1,2024,2024121,14,Alpine,13,OCO,Esteban Ocon,31,#0093CC,36.0,715,101.215,101.215,0,0,102.105,1.780,1.284,-,-,-,1.284,-,-,-,,I,#50A078,10,4.0,0,0,0.506,0,0,0,0,0.0,17
1,2024,2024121,14,Alpine,13,OCO,Esteban Ocon,31,#0093CC,37.0,716,102.235,102.235,0,0,101.725,1.020,-1.695,-,-,-,-1.695,-,-,-,,I,#50A078,11,4.0,0,0,0.506,0,0,0,0,0.0,17
1,2024,2024121,14,Alpine,13,OCO,Esteban Ocon,31,#0093CC,38.0,717,-,-,0,1,-,-,-,-,-,-,-,-,-,-,,I,#50A078,12,4.0,1,0,0.506,0,0,0,0,0.0,16
1,2024,2024121,14,Alpine,13,OCO,Esteban Ocon,31,#0093CC,39.0,718,-,-,0,1,-,-,-,-,-,-,-,-,-,-,,M,#F0E628,1,5.0,0,0,0.632,0,0,0,0,0.0,17
1,2024,2024121,14,Alpine,13,OCO,Esteban Ocon,31,#0093CC,40.0,719,92.838,92.838,0,0,-,-,-1.243,-,-,-,-1.243,-,-,-,,M,#F0E628,2,5.0,0,0,0.632,0,0,0,0,0.0,17
1,2024,2024121,14,Alpine,13,OCO,Esteban Ocon,31,#0093CC,41.0,720,91.114,91.114,0,0,91.976,1.724,-0.451,-,-,-,-0.451,-,-,-,,M,#F0E628,3,5.0,0,0,0.632,0,0,0,0,0.0,17
1,2024,2024121,14,Alpine,13,OCO,Esteban Ocon,31,#0093CC,42.0,721,91.187,91.187,0,0,91.15,0.073,-0.842,-,-,-,-0.842,-,-,-,,M,#F0E628,4,5.0,0,0,0.632,0,0,0,0,0.0,17
1,2024,2024121,14,Alpine,13,OCO,Esteban Ocon,31,#0093CC,43.0,722,91.084,91.084,0,0,91.136,0.103,-0.917,-,-,-,-0.917,-,-,-,,M,#F0E628,5,5.0,0,0,0.632,0,0,0,0,0.0,17
1,2024,2024121,14,Alpine,13,OCO,Esteban Ocon,31,#0093CC,44.0,723,90.928,90.928,0,0,91.006,0.156,-0.662,-,-,-,-0.662,-,-,-,,M,#F0E628,6,5.0,0,0,0.632,0,0,0,0,0.0,17
1,2024,2024121,14,Alpine,13,OCO,Esteban Ocon,31,#0093CC,45.0,724,90.952,90.952,0,0,90.94,0.024,-0.606,-,-,-,-0.606,-,-,-,,M,#F0E628,7,5.0,0,1,0.632,0,0,0,0,0.0,17
1,2024,2024121,14,Alpine,13,OCO,Esteban Ocon,31,#0093CC,46.0,725,90.875,90.875,0,0,90.914,0.077,-0.542,-,-,-,-0.542,-,-,-,,M,#F0E628,8,5.0,0,0,0.632,0,0,0,0,0.0,17
1,2024,2024121,14,Alpine,13,OCO,Esteban Ocon,31,#0093CC,47.0,726,93.599,93.599,0,0,92.237,2.724,-3.15,-,-,-,-3.150,-,-,-,,M,#F0E628,9,5.0,0,0,0.632,0,0,0,0,0.0,17
1,2024,2024121,14,Alpine,13,OCO,Esteban Ocon,31,#0093CC,48.0,727,95.931,92.33,1,0,92.964,2.332,-5.433,-,-,-,-1.832,-,-,-,,M,#F0E628,10,5.0,0,0,0.632,0,0,0,0,0.0,16
1,2024,2024121,14,Alpine,13,OCO,Esteban Ocon,31,#0093CC,49.0,728,91.06,91.06,0,0,91.695,4.871,-0.109,-,-,-,-0.109,-,-,-,,M,#F0E628,11,5.0,0,0,0.632,0,0,0,0,0.0,16
1,2024,2024121,14,Alpine,13,OCO,Esteban Ocon,31,#0093CC,50.0,729,91.608,91.608,0,0,91.334,0.548,-0.82,-,-,-,-0.820,-,-,-,,M,#F0E628,12,5.0,0,0,0.632,0,0,0,0,0.0,16
1,2024,2024121,14,Alpine,17,GAS,Pierre Gasly,10,#0093CC,1.0,680,-,-,0,1,-,-,-,-,-,-,-,-,-,-,,M,#F0E628,1,1.0,0,0,-,0,0,0,0,,-
1,2024,2024131,15,Alpine,13,OCO,Esteban Ocon,31,#0093CC,1.0,732,-,-,0,1,-,-,-,-,-,-,-,-,-,-,,M,#F0E628,1,1.0,0,0,0.092,0,0,0,0,,15
1,2024,2024131,15,Alpine,13,OCO,Esteban Ocon,31,#0093CC,2.0,733,-,-,0,1,-,-,-,-,-,-,-,-,-,-,,M,#F0E628,2,1.0,0,0,0.092,0,0,0,0,0.0,14
1,2024,2024131,15,Alpine,13,OCO,Esteban Ocon,31,#0093CC,3.0,734,86.303,86.303,0,0,-,-,-0.516,-0.247,-0.393,17.0,-0.516,-0.247,-0.393,17.0,-0.269,M,#F0E628,3,1.0,0,0,0.092,0,0,0,0,0.0,14
1,2024,2024131,15,Alpine,13,OCO,Esteban Ocon,31,#0093CC,4.0,735,86.415,86.415,0,0,86.359,0.112,-0.917,-0.006,-0.914,17.0,-0.917,-0.006,-0.914,17.0,-0.911,M,#F0E628,4,1.0,0,1,0.092,0,0,0,0,0.0,14
1,2024,2024131,15,Alpine,13,OCO,Esteban Ocon,31,#0093CC,5.0,736,86.158,86.158,0,0,86.286,0.257,-0.7,0.436,-0.918,13.0,-0.700,0.436,-0.918,13.0,-1.136,M,#F0E628,5,1.0,0,0,0.092,0,0,0,0,0.0,14
1,2024,2024131,15,Alpine,13,OCO,Esteban Ocon,31,#0093CC,6.0,737,-,-,0,1,-,-,-,-,-,-,-,-,-,-,-0.885,M,#F0E628,6,1.0,1,0,0.092,0,0,0,0,0.0,18
1,2024,2024131,15,Alpine,13,OCO,Esteban Ocon,31,#0093CC,7.0,738,-,-,0,1,-,-,-,-,-,-,-,-,-,-,-0.894,H,#A5AFB9,1,2.0,0,0,0.162,0,0,0,0,0.0,20
1,2024,2024131,15,Alpine,13,OCO,Esteban Ocon,31,#0093CC,8.0,739,84.287,84.287,0,0,-,-,0.246,1.603,-0.555,13.0,0.246,1.171,-0.340,13.0,-1.357,H,#A5AFB9,2,2.0,0,0,0.162,0,0,0,0,0.0,19
1,2024,2024131,15,Alpine,13,OCO,Esteban Ocon,31,#0093CC,9.0,740,84.609,84.609,0,0,84.448,0.322,0.044,0.801,-0.356,13.0,0.044,0.801,-0.356,13.0,-0.757,H,#A5AFB9,3,2.0,0,0,0.162,0,0,0,0,0.0,18
1,2024,2024131,15,Alpine,13,OCO,Esteban Ocon,31,#0093CC,10.0,741,85.061,84.735,1,0,84.672,0.452,-0.266,0.103,-0.318,13.0,0.060,0.429,-0.154,13.0,-0.369,H,#A5AFB9,4,2.0,0,0,0.162,0,0,0,0,0.0,18
1,2024,2024131,15,Alpine,13,OCO,Esteban Ocon,31,#0093CC,11.0,742,84.861,84.861,0,0,84.798,0.200,-0.132,1.600,-0.932,13.0,-0.132,0.492,-0.378,13.0,-1.732,H,#A5AFB9,5,2.0,0,0,0.162,0,0,0,0,0.0,18
1,2024,2024131,15,Alpine,13,OCO,Esteban Ocon,31,#0093CC,12.0,743,85.038,85.038,0,0,84.95,0.177,-0.306,0.505,-0.558,13.0,-0.306,0.505,-0.558,13.0,-0.811,H,#A5AFB9,6,2.0,0,0,0.162,0,0,0,0,0.0,18
1,2024,2024131,15,Alpine,13,OCO,Esteban Ocon,31,#0093CC,13.0,744,85.302,85.302,0,0,85.17,0.264,-0.32,0.277,-0.459,13.0,-0.320,0.277,-0.459,13.0,-0.597,H,#A5AFB9,7,2.0,0,0,0.162,0,0,0,0,0.0,18
1,2024,2024131,15,Alpine,13,OCO,Esteban Ocon,31,#0093CC,14.0,745,85.245,85.245,0,0,85.274,0.057,-0.192,0.436,-0.410,13.0,-0.192,0.436,-0.410,13.0,-0.628,H,#A5AFB9,8,2.0,0,0,0.162,0,0,0,0,0.0,18
1,2024,2024131,15,Alpine,13,OCO,Esteban Ocon,31,#0093CC,15.0,746,85.741,85.741,0,0,85.493,0.496,-0.672,-0.391,-0.476,17.0,-0.672,-0.391,-0.476,17.0,-0.281,H,#A5AFB9,9,2.0,0,0,0.162,0,0,0,0,0.0,18
1,2024,2024131,15,Alpine,13,OCO,Esteban Ocon,31,#0093CC,16.0,747,85.78,85.78,0,0,85.761,0.039,-0.585,-0.052,-0.559,17.0,-0.585,-0.253,-0.459,17.0,-0.533,H,#A5AFB9,10,2.0,0,0,0.162,0,0,0,0,0.0,18
1,2024,2024131,15,Alpine,13,OCO,Esteban Ocon,31,#0093CC,17.0,748,85.631,85.631,0,0,85.706,0.149,-0.333,0.072,-0.369,13.0,-0.333,0.072,-0.369,13.0,-0.405,H,#A5AFB9,11,2.0,0,0,0.162,0,0,0,0,0.0,17
1,2024,2024131,15,Alpine,13,OCO,Esteban Ocon,31,#0093CC,18.0,749,86.071,86.071,0,0,85.851,0.440,-0.735,-0.362,-0.554,17.0,-0.735,-0.362,-0.554,17.0,-0.373,H,#A5AFB9,12,2.0,0,1,0.162,0,0,0,0,0.0,17
1,2024,2024131,15,Alpine,13,OCO,Esteban Ocon,31,#0093CC,19.0,750,86.82,85.655,1,0,85.863,0.749,-1.729,-1.208,-1.125,17.0,-0.564,-0.043,-0.542,17.0,-0.521,H,#A5AFB9,13,2.0,0,0,0.162,0,0,0,0,-1.0,18
1,2024,2024131,15,Alpine,13,OCO,Esteban Ocon,31,#0093CC,20.0,751,85.239,85.239,0,0,85.447,1.581,-0.379,0.229,-0.493,13.0,-0.379,0.229,-0.493,13.0,-0.608,H,#A5AFB9,14,2.0,0,0,0.162,0,0,0,0,0.0,18
1,2024,2024131,15,Alpine,13,OCO,Esteban Ocon,31,#0093CC,21.0,752,85.664,85.357,1,0,85.298,0.425,-0.654,0.338,-0.823,13.0,-0.347,0.164,-0.429,13.0,-0.992,H,#A5AFB9,15,2.0,0,0,0.162,0,0,0,0,0.0,18
1,2024,2024131,15,Alpine,13,OCO,Esteban Ocon,31,#0093CC,22.0,753,85.475,85.475,0,0,85.416,0.189,-0.53,0.099,-0.580,13.0,-0.530,0.099,-0.580,13.0,-0.629,H,#A5AFB9,16,2.0,0,0,0.162,0,0,0,0,0.0,18
1,2024,2024131,15,Alpine,13,OCO,Esteban Ocon,31,#0093CC,23.0,754,85.521,85.521,0,0,85.498,0.046,-0.611,0.171,-0.697,13.0,-0.611,0.171,-0.697,13.0,-0.782,H,#A5AFB9,17,2.0,0,0,0.162,0,0,0,0,0.0,18
1,2024,2024131,15,Alpine,13,OCO,Esteban Ocon,31,#0093CC,24.0,755,85.588,85.588,0,0,85.554,0.067,-0.568,0.386,-0.761,13.0,-0.568,0.386,-0.761,13.0,-0.954,H,#A5AFB9,18,2.0,0,0,0.162,0,0,0,0,0.0,18
1,2024,2024131,15,Alpine,13,OCO,Esteban Ocon,31,#0093CC,25.0,756,85.529,85.529,0,0,85.558,0.059,-0.703,0.420,-0.913,13.0,-0.703,0.420,-0.913,13.0,-1.123,H,#A5AFB9,19,2.0,0,0,0.162,0,0,0,0,0.0,18
1,2024,2024131,15,Alpine,13,OCO,Esteban Ocon,31,#0093CC,26.0,757,85.458,85.458,0,0,85.494,0.071,-0.559,0.415,-0.766,13.0,-0.559,0.415,-0.766,13.0,-0.974,H,#A5AFB9,20,2.0,0,0,0.162,0,0,0,0,0.0,18
1,2024,2024131,15,Alpine,13,OCO,Esteban Ocon,31,#0093CC,27.0,758,85.665,85.665,0,0,85.562,0.207,-0.749,0.541,-1.020,13.0,-0.749,0.541,-1.020,13.0,-1.29,H,#A5AFB9,21,2.0,0,0,0.162,0,0,0,0,0.0,18
1,2024,2024131,15,Alpine,13,OCO,Esteban Ocon,31,#0093CC,28.0,759,85.795,85.795,0,0,85.73,0.130,-1.154,-,-,-,-1.154,-,-,-,,H,#A5AFB9,22,2.0,0,0,0.162,0,0,0,0,0.0,18
1,2024,2024131,15,Alpine,13,OCO,Esteban Ocon,31,#0093CC,29.0,760,85.994,85.994,0,0,85.894,0.199,-1.779,-,-,-,-1.779,-,-,-,,H,#A5AFB9,23,2.0,0,0,0.162,0,0,0,0,0.0,16
1,2024,2024131,15,Alpine,13,OCO,Esteban Ocon,31,#0093CC,30.0,761,-,-,0,1,-,-,-,-,-,-,-,-,-,-,0.668,H,#A5AFB9,24,2.0,1,0,0.162,0,0,0,0,0.0,15
1,2024,2024131,15,Alpine,13,OCO,Esteban Ocon,31,#0093CC,31.0,762,-,-,0,1,-,-,-,-,-,-,-,-,-,-,0.666,H,#A5AFB9,1,3.0,0,0,0.385,0,0,0,0,0.0,20
1,2024,2024131,15,Alpine,13,OCO,Esteban Ocon,31,#0093CC,32.0,763,84.938,84.938,0,0,-,-,-0.814,-1.454,-0.087,17.0,-0.814,-1.454,-0.087,17.0,0.64,H,#A5AFB9,2,3.0,0,0,0.385,0,0,0,0,0.0,20
1,2024,2024131,15,Alpine,13,OCO,Esteban Ocon,31,#0093CC,33.0,764,87.017,84.732,1,0,84.835,2.079,-2.777,-,-,-,-0.493,-,-,-,,H,#A5AFB9,3,3.0,0,0,0.385,0,0,0,0,0.0,20
1,2024,2024131,15,Alpine,13,OCO,Esteban Ocon,31,#0093CC,34.0,765,84.527,84.527,0,0,84.63,2.490,-0.1,-,-,-,-0.100,-,-,-,,H,#A5AFB9,4,3.0,0,0,0.385,0,0,0,0,0.0,18
1,2024,2024131,15,Alpine,13,OCO,Esteban Ocon,31,#0093CC,35.0,766,85.276,84.318,1,0,84.422,0.749,-0.995,-,-,-,-0.037,-,-,-,,H,#A5AFB9,5,3.0,0,0,0.385,0,0,0,0,0.0,18
1,2024,2024131,15,Alpine,13,OCO,Esteban Ocon,31,#0093CC,36.0,767,84.109,84.109,0,0,84.214,1.167,-0.012,-,-,-,-0.012,-,-,-,,H,#A5AFB9,6,3.0,0,0,0.385,0,0,0,0,0.0,18
1,2024,2024131,15,Alpine,13,OCO,Esteban Ocon,31,#0093CC,37.0,768,84.181,84.181,0,0,84.145,0.072,-0.068,-,-,-,-0.068,-,-,-,,H,#A5AFB9,7,3.0,0,0,0.385,0,0,0,0,0.0,17
1,2024,2024131,15,Alpine,13,OCO,Esteban Ocon,31,#0093CC,38.0,769,84.224,84.224,0,0,84.202,0.043,-0.168,-,-,-,-0.168,-,-,-,,H,#A5AFB9,8,3.0,0,0,0.385,0,0,0,0,0.0,17
1,2024,2024131,15,Alpine,13,OCO,Esteban Ocon,31,#0093CC,39.0,770,84.426,84.426,0,0,84.325,0.202,-0.316,-,-,-,-0.316,-,-,-,,H,#A5AFB9,9,3.0,0,0,0.385,0,0,0,0,0.0,17
1,2024,2024131,15,Alpine,13,OCO,Esteban Ocon,31,#0093CC,40.0,771,84.22,84.22,0,0,84.323,0.206,-0.194,-,-,-,-0.194,-,-,-,,H,#A5AFB9,10,3.0,0,0,0.385,0,0,0,0,0.0,17
1,2024,2024131,15,Alpine,13,OCO,Esteban Ocon,31,#0093CC,41.0,772,84.244,84.244,0,0,84.232,0.024,-0.233,-,-,-,-0.233,-,-,-,,H,#A5AFB9,11,3.0,0,0,0.385,0,0,0,0,0.0,17
1,2024,2024131,15,Alpine,13,OCO,Esteban Ocon,31,#0093CC,42.0,773,84.237,84.237,0,0,84.24,0.007,-0.469,-,-,-,-0.469,-,-,-,,H,#A5AFB9,12,3.0,0,0,0.385,0,0,0,0,0.0,17
1,2024,2024131,15,Alpine,13,OCO,Esteban Ocon,31,#0093CC,43.0,774,84.451,84.451,0,0,84.344,0.214,-0.474,-,-,-,-0.474,-,-,-,,H,#A5AFB9,13,3.0,0,0,0.385,0,0,0,0,0.0,17
1,2024,2024131,15,Alpine,13,OCO,Esteban Ocon,31,#0093CC,44.0,775,84.381,84.381,0,0,84.416,0.070,-0.209,-,-,-,-0.209,-,-,-,,H,#A5AFB9,14,3.0,0,0,0.385,0,0,0,0,0.0,17
1,2024,2024131,15,Alpine,13,OCO,Esteban Ocon,31,#0093CC,45.0,776,84.18,84.18,0,0,84.28,0.201,-0.324,-,-,-,-0.324,-,-,-,,H,#A5AFB9,15,3.0,0,0,0.385,0,0,0,0,0.0,17
1,2024,2024131,15,Alpine,13,OCO,Esteban Ocon,31,#0093CC,46.0,777,84.179,84.179,0,0,84.18,0.001,-0.356,-,-,-,-0.356,-,-,-,,H,#A5AFB9,16,3.0,0,0,0.385,0,0,0,0,0.0,16
1,2024,2024131,15,Alpine,13,OCO,Esteban Ocon,31,#0093CC,47.0,778,84.238,84.238,0,0,84.208,0.059,-0.504,-,-,-,-0.504,-,-,-,,H,#A5AFB9,17,3.0,0,1,0.385,0,0,0,0,0.0,16
1,2024,2024131,15,Alpine,13,OCO,Esteban Ocon,31,#0093CC,48.0,779,84.104,84.104,0,0,84.171,0.134,-0.387,-,-,-,-0.387,-,-,-,,H,#A5AFB9,18,3.0,0,0,0.385,0,0,0,0,0.0,16
1,2024,2024131,15,Alpine,13,OCO,Esteban Ocon,31,#0093CC,49.0,780,84.157,84.157,0,0,84.13,0.053,-0.844,-,-,-,-0.844,-,-,-,,H,#A5AFB9,19,3.0,0,0,0.385,0,0,0,0,0.0,16
1,2024,2024131,15,Alpine,13,OCO,Esteban Ocon,31,#0093CC,50.0,781,84.109,84.109,0,0,84.133,0.048,-0.973,-,-,-,-0.973,-,-,-,,H,#A5AFB9,20,3.0,0,0,0.385,0,0,0,0,0.0,16
1,2024,2024131,15,Alpine,13,OCO,Esteban Ocon,31,#0093CC,51.0,782,84.057,84.057,0,0,84.083,0.052,-0.871,-,-,-,-0.871,-,-,-,,H,#A5AFB9,21,3.0,0,0,0.385,0,0,0,0,0.0,16
1,2024,2024131,15,Alpine,13,OCO,Esteban Ocon,31,#0093CC,52.0,783,85.311,85.311,0,0,84.684,1.254,-2.159,-,-,-,-2.159,-,-,-,,H,#A5AFB9,22,3.0,0,0,0.385,0,0,0,0,0.0,16
1,2024,2024131,15,Alpine,13,OCO,Esteban Ocon,31,#0093CC,53.0,784,85.621,85.621,0,0,85.466,0.310,-2.522,-,-,-,-2.522,-,-,-,,H,#A5AFB9,23,3.0,0,0,0.385,0,0,0,0,0.0,16
1,2024,2024131,15,Alpine,13,OCO,Esteban Ocon,31,#0093CC,54.0,785,84.485,84.485,0,0,85.053,1.136,-1.462,-,-,-,-1.462,-,-,-,,H,#A5AFB9,24,3.0,0,0,0.385,0,0,0,0,0.0,16
1,2024,2024131,15,Alpine,13,OCO,Esteban Ocon,31,#0093CC,55.0,786,84.636,84.636,0,0,84.56,0.151,-1.442,-,-,-,-1.442,-,-,-,,H,#A5AFB9,25,3.0,0,0,0.385,0,0,0,0,0.0,16
1,2024,2024131,15,Alpine,13,OCO,Esteban Ocon,31,#0093CC,56.0,787,84.826,84.826,0,0,84.731,0.190,-1.249,-,-,-,-1.249,-,-,-,,H,#A5AFB9,26,3.0,0,0,0.385,0,0,0,0,0.0,16
1,2024,2024131,15,Alpine,13,OCO,Esteban Ocon,31,#0093CC,57.0,788,89.856,85.615,1,0,85.22,5.030,-6.25,-,-,-,-2.009,-,-,-,,H,#A5AFB9,27,3.0,0,0,0.385,0,0,0,0,0.0,16
1,2024,2024131,15,Alpine,13,OCO,Esteban Ocon,31,#0093CC,58.0,789,86.404,86.404,0,0,86.01,3.452,-2.794,-,-,-,-2.794,-,-,-,,H,#A5AFB9,28,3.0,0,0,0.385,0,0,0,0,0.0,16
1,2024,2024131,15,Alpine,13,OCO,Esteban Ocon,31,#0093CC,59.0,790,84.858,84.858,0,0,85.631,1.546,-1.28,-,-,-,-1.280,-,-,-,,H,#A5AFB9,29,3.0,0,0,0.385,0,0,0,0,0.0,16
1,2024,2024131,15,Alpine,13,OCO,Esteban Ocon,31,#0093CC,60.0,791,84.645,84.645,0,0,84.752,0.213,-1.0,-,-,-,-1.000,-,-,-,,H,#A5AFB9,30,3.0,0,0,0.385,0,0,0,0,0.0,16
1,2024,2024131,15,Alpine,13,OCO,Esteban Ocon,31,#0093CC,61.0,792,84.637,84.637,0,0,84.641,0.008,-1.062,-,-,-,-1.062,-,-,-,,H,#A5AFB9,31,3.0,0,0,0.385,0,0,0,0,0.0,16
1,2024,2024131,15,Alpine,13,OCO,Esteban Ocon,31,#0093CC,62.0,793,85.143,85.143,0,0,84.89,0.506,-1.222,-,-,-,-1.222,-,-,-,,H,#A5AFB9,32,3.0,0,0,0.385,0,0,0,0,0.0,16
1,2024,2024131,15,Alpine,13,OCO,Esteban Ocon,31,#0093CC,63.0,794,85.747,85.747,0,0,85.445,0.604,-1.597,-,-,-,-1.597,-,-,-,,H,#A5AFB9,33,3.0,0,0,0.385,0,0,0,0,0.0,16
1,2024,2024131,15,Alpine,13,OCO,Esteban Ocon,31,#0093CC,64.0,795,-,-,0,1,-,-,-,-,-,-,-,-,-,-,,H,#A5AFB9,34,3.0,1,0,0.385,0,0,0,0,0.0,17
1,2024,2024131,15,Alpine,13,OCO,Esteban Ocon,31,#0093CC,65.0,796,-,-,0,1,-,-,-,-,-,-,-,-,-,-,,S,#CD3C3C,1,4.0,0,0,0.747,0,0,0,0,0.0,19
1,2024,2024131,15,Alpine,13,OCO,Esteban Ocon,31,#0093CC,66.0,797,81.61,81.61,0,0,-,-,2.091,-,-,-,2.091,-,-,-,,S,#CD3C3C,2,4.0,0,0,0.747,0,0,0,0,0.0,19
1,2024,2024131,15,Alpine,13,OCO,Esteban Ocon,31,#0093CC,67.0,798,82.174,82.174,0,0,81.892,0.564,1.612,-,-,-,1.612,-,-,-,,S,#CD3C3C,3,4.0,0,1,0.747,0,0,0,0,0.0,19
1,2024,2024131,15,Alpine,13,OCO,Esteban Ocon,31,#0093CC,68.0,799,84.133,82.772,1,0,82.473,1.959,-0.276,-,-,-,1.085,-,-,-,,S,#CD3C3C,4,4.0,0,0,0.747,0,0,0,0,0.0,19
1,2024,2024131,15,Alpine,13,OCO,Esteban Ocon,31,#0093CC,69.0,800,83.369,83.369,0,0,83.07,0.764,1.136,-,-,-,1.136,-,-,-,,S,#CD3C3C,5,4.0,0,0,0.747,0,0,0,0,1.0,18
1,2024,2024131,15,Alpine,17,GAS,Pierre Gasly,10,#0093CC,1.0,732,-,-,0,1,-,-,-,-,-,-,-,-,-,-,,H,#A5AFB9,1,2.0,0,0,0.181,0,0,0,0,,20
1,2024,2024131,15,Alpine,17,GAS,Pierre Gasly,10,#0093CC,2.0,733,-,-,0,1,-,-,-,-,-,-,-,-,-,-,,H,#A5AFB9,2,2.0,0,0,0.181,0,0,0,0,0.0,20
1,2024,2024131,15,Alpine,17,GAS,Pierre Gasly,10,#0093CC,3.0,734,86.056,86.056,0,0,-,-,-0.269,-0.247,-0.393,17.0,-0.269,-0.247,-0.393,17.0,-0.516,H,#A5AFB9,3,2.0,0,0,0.181,0,0,0,0,0.0,19
1,2024,2024131,15,Alpine,17,GAS,Pierre Gasly,10,#0093CC,4.0,735,86.409,86.409,0,0,86.232,0.353,-0.911,-0.006,-0.914,17.0,-0.911,-0.006,-0.914,17.0,-0.917,H,#A5AFB9,4,2.0,0,0,0.181,0,0,0,0,0.0,19
1,2024,2024131,15,Alpine,17,GAS,Pierre Gasly,10,#0093CC,5.0,736,86.594,86.594,0,0,86.502,0.185,-1.136,0.436,-0.918,13.0,-1.136,0.436,-0.918,13.0,-0.7,H,#A5AFB9,5,2.0,0,0,0.181,0,0,0,0,0.0,19
1,2024,2024131,15,Alpine,17,GAS,Pierre Gasly,10,#0093CC,6.0,737,86.14,86.14,0,0,86.367,0.454,-0.885,-,-,-,-0.885,-,-,-,,H,#A5AFB9,6,2.0,0,0,0.181,0,0,0,0,0.0,19
1,2024,2024131,15,Alpine,17,GAS,Pierre Gasly,10,#0093CC,7.0,738,85.505,85.505,0,0,85.822,0.635,-0.894,-,-,-,-0.894,-,-,-,,H,#A5AFB9,7,2.0,0,0,0.181,0,0,0,0,0.0,15
1,2024,2024131,15,Alpine,17,GAS,Pierre Gasly,10,#0093CC,8.0,739,85.89,85.458,1,0,85.481,0.385,-1.357,1.603,-0.555,13.0,-0.925,1.171,-0.340,13.0,0.246,H,#A5AFB9,8,2.0,0,0,0.181,0,0,0,0,0.0,13
1,2024,2024131,15,Alpine,17,GAS,Pierre Gasly,10,#0093CC,9.0,740,85.41,85.41,0,0,85.434,0.480,-0.757,0.801,-0.356,13.0,-0.757,0.801,-0.356,13.0,0.044,H,#A5AFB9,9,2.0,0,0,0.181,0,0,0,0,0.0,12
1,2024,2024131,15,Alpine,17,GAS,Pierre Gasly,10,#0093CC,10.0,741,85.164,85.164,0,0,85.287,0.246,-0.369,0.103,-0.318,13.0,-0.369,0.429,-0.154,13.0,-0.266,H,#A5AFB9,10,2.0,0,0,0.181,0,0,0,0,0.0,12
1,2024,2024131,15,Alpine,17,GAS,Pierre Gasly,10,#0093CC,11.0,742,86.461,85.354,1,0,85.259,1.297,-1.732,1.600,-0.932,13.0,-0.624,0.492,-0.378,13.0,-0.132,H,#A5AFB9,11,2.0,0,0,0.181,0,0,0,0,0.0,12
1,2024,2024131,15,Alpine,17,GAS,Pierre Gasly,10,#0093CC,12.0,743,85.543,85.543,0,0,85.448,0.918,-0.811,0.505,-0.558,13.0,-0.811,0.505,-0.558,13.0,-0.306,H,#A5AFB9,12,2.0,0,0,0.181,0,0,0,0,0.0,12
1,2024,2024131,15,Alpine,17,GAS,Pierre Gasly,10,#0093CC,13.0,744,85.579,85.579,0,0,85.561,0.036,-0.597,0.277,-0.459,13.0,-0.597,0.277,-0.459,13.0,-0.32,H,#A5AFB9,13,2.0,0,0,0.181,0,0,0,0,0.0,12
1,2024,2024131,15,Alpine,17,GAS,Pierre Gasly,10,#0093CC,14.0,745,85.681,85.681,0,0,85.63,0.102,-0.628,0.436,-0.410,13.0,-0.628,0.436,-0.410,13.0,-0.192,H,#A5AFB9,14,2.0,0,0,0.181,0,0,0,0,0.0,12
1,2024,2024131,15,Alpine,17,GAS,Pierre Gasly,10,#0093CC,15.0,746,85.35,85.35,0,0,85.516,0.331,-0.281,-0.391,-0.476,17.0,-0.281,-0.391,-0.476,17.0,-0.672,H,#A5AFB9,15,2.0,0,1,0.181,0,0,0,0,0.0,11
1,2024,2024131,15,Alpine,17,GAS,Pierre Gasly,10,#0093CC,16.0,747,85.728,85.526,1,0,85.438,0.378,-0.533,-0.052,-0.559,17.0,-0.332,-0.253,-0.459,17.0,-0.585,H,#A5AFB9,16,2.0,0,0,0.181,0,0,0,0,0.0,11
1,2024,2024131,15,Alpine,17,GAS,Pierre Gasly,10,#0093CC,17.0,748,85.703,85.703,0,0,85.615,0.025,-0.405,0.072,-0.369,13.0,-0.405,0.072,-0.369,13.0,-0.333,H,#A5AFB9,17,2.0,0,0,0.181,0,0,0,0,0.0,10
1,2024,2024131,15,Alpine,17,GAS,Pierre Gasly,10,#0093CC,18.0,749,85.709,85.709,0,0,85.706,0.006,-0.373,-0.362,-0.554,17.0,-0.373,-0.362,-0.554,17.0,-0.735,H,#A5AFB9,18,2.0,0,0,0.181,0,0,0,0,0.0,10
1,2024,2024131,15,Alpine,17,GAS,Pierre Gasly,10,#0093CC,19.0,750,85.612,85.612,0,0,85.66,0.097,-0.521,-1.208,-1.125,17.0,-0.521,-0.043,-0.542,17.0,-1.729,H,#A5AFB9,19,2.0,0,0,0.181,0,0,0,0,0.0,10
1,2024,2024131,15,Alpine,17,GAS,Pierre Gasly,10,#0093CC,20.0,751,85.468,85.468,0,0,85.54,0.144,-0.608,0.229,-0.493,13.0,-0.608,0.229,-0.493,13.0,-0.379,H,#A5AFB9,20,2.0,0,0,0.181,0,0,0,0,0.0,10
1,2024,2024131,15,Alpine,17,GAS,Pierre Gasly,10,#0093CC,21.0,752,86.002,85.521,1,0,85.494,0.534,-0.992,0.338,-0.823,13.0,-0.511,0.164,-0.429,13.0,-0.654,H,#A5AFB9,21,2.0,0,0,0.181,0,0,0,0,0.0,10
1,2024,2024131,15,Alpine,17,GAS,Pierre Gasly,10,#0093CC,22.0,753,85.574,85.574,0,0,85.548,0.428,-0.629,0.099,-0.580,13.0,-0.629,0.099,-0.580,13.0,-0.53,H,#A5AFB9,22,2.0,0,0,0.181,0,0,0,0,0.0,10
1,2024,2024131,15,Alpine,17,GAS,Pierre Gasly,10,#0093CC,23.0,754,85.692,85.692,0,0,85.633,0.118,-0.782,0.171,-0.697,13.0,-0.782,0.171,-0.697,13.0,-0.611,H,#A5AFB9,23,2.0,0,0,0.181,0,0,0,0,0.0,10
1,2024,2024131,15,Alpine,17,GAS,Pierre Gasly,10,#0093CC,24.0,755,85.974,85.974,0,0,85.833,0.282,-0.954,0.386,-0.761,13.0,-0.954,0.386,-0.761,13.0,-0.568,H,#A5AFB9,24,2.0,0,0,0.181,0,0,0,0,0.0,10
1,2024,2024131,15,Alpine,17,GAS,Pierre Gasly,10,#0093CC,25.0,756,85.949,85.949,0,0,85.962,0.025,-1.123,0.420,-0.913,13.0,-1.123,0.420,-0.913,13.0,-0.703,H,#A5AFB9,25,2.0,0,0,0.181,0,0,0,0,0.0,10
1,2024,2024131,15,Alpine,17,GAS,Pierre Gasly,10,#0093CC,26.0,757,85.873,85.873,0,0,85.911,0.076,-0.974,0.415,-0.766,13.0,-0.974,0.415,-0.766,13.0,-0.559,H,#A5AFB9,26,2.0,0,0,0.181,0,0,0,0,0.0,10
1,2024,2024131,15,Alpine,17,GAS,Pierre Gasly,10,#0093CC,27.0,758,86.206,86.206,0,0,86.04,0.333,-1.29,0.541,-1.020,13.0,-1.290,0.541,-1.020,13.0,-0.749,H,#A5AFB9,27,2.0,0,0,0.181,0,0,0,0,0.0,10
1,2024,2024131,15,Alpine,17,GAS,Pierre Gasly,10,#0093CC,28.0,759,-,-,0,1,-,-,-,-,-,-,-,-,-,-,-1.154,H,#A5AFB9,28,2.0,1,0,0.181,0,0,0,0,0.0,12
1,2024,2024131,15,Alpine,17,GAS,Pierre Gasly,10,#0093CC,29.0,760,-,-,0,1,-,-,-,-,-,-,-,-,-,-,-1.779,M,#F0E628,1,3.0,0,0,0.062,0,0,0,0,0.0,19
1,2024,2024131,15,Alpine,17,GAS,Pierre Gasly,10,#0093CC,30.0,761,83.446,83.446,0,0,-,-,0.668,-,-,-,0.668,-,-,-,,M,#F0E628,2,3.0,0,0,0.062,0,0,0,0,0.0,17
1,2024,2024131,15,Alpine,17,GAS,Pierre Gasly,10,#0093CC,31.0,762,83.34,83.34,0,0,83.393,0.106,0.666,-,-,-,0.666,-,-,-,,M,#F0E628,3,3.0,0,1,0.062,0,0,0,0,0.0,16
1,2024,2024131,15,Alpine,17,GAS,Pierre Gasly,10,#0093CC,32.0,763,83.484,83.484,0,0,83.412,0.144,0.64,-1.454,-0.087,17.0,0.640,-1.454,-0.087,17.0,-0.814,M,#F0E628,4,3.0,0,0,0.062,0,0,0,0,1.0,15
1,2024,2024131,15,Alpine,17,GAS,Pierre Gasly,10,#0093CC,33.0,764,-,-,0,1,-,-,-,-,-,-,-,-,-,-,-2.777,M,#F0E628,5,3.0,1,0,0.062,0,0,0,0,0.0,15
1,2024,2024141,16,Alpine,13,OCO,Esteban Ocon,31,#0093CC,1.0,802,-,-,0,1,-,-,-,-,-,-,-,-,-,-,,M,#F0E628,1,1.0,0,0,0.091,0,0,0,0,,11
1,2024,2024141,16,Alpine,13,OCO,Esteban Ocon,31,#0093CC,2.0,803,-,-,0,1,-,-,-,-,-,-,-,-,-,-,,M,#F0E628,2,1.0,0,0,0.091,0,0,0,0,0.0,11
1,2024,2024141,16,Alpine,13,OCO,Esteban Ocon,31,#0093CC,3.0,804,110.518,110.518,0,0,-,-,0.025,0.239,-0.095,13.0,0.025,0.239,-0.095,13.0,-0.214,M,#F0E628,3,1.0,0,0,0.091,0,0,0,0,0.0,11
1,2024,2024141,16,Alpine,13,OCO,Esteban Ocon,31,#0093CC,4.0,805,110.371,110.371,0,0,110.444,0.147,0.036,-0.005,0.038,17.0,0.036,-0.005,0.038,17.0,0.041,M,#F0E628,4,1.0,0,0,0.091,0,0,0,0,0.0,11
1,2024,2024141,16,Alpine,13,OCO,Esteban Ocon,31,#0093CC,5.0,806,110.636,110.636,0,0,110.504,0.265,-0.279,-0.108,-0.225,17.0,-0.279,-0.108,-0.225,17.0,-0.171,M,#F0E628,5,1.0,0,0,0.091,0,0,0,0,0.0,11
1,2024,2024141,16,Alpine,13,OCO,Esteban Ocon,31,#0093CC,6.0,807,110.908,110.908,0,0,110.772,0.272,-0.326,0.184,-0.418,13.0,-0.326,0.184,-0.418,13.0,-0.51,M,#F0E628,6,1.0,0,0,0.091,0,0,0,0,0.0,11
1,2024,2024141,16,Alpine,13,OCO,Esteban Ocon,31,#0093CC,7.0,808,111.095,111.095,0,0,111.002,0.187,-0.505,0.054,-0.532,13.0,-0.505,0.054,-0.532,13.0,-0.559,M,#F0E628,7,1.0,0,1,0.091,0,0,0,0,0.0,11
1,2024,2024141,16,Alpine,13,OCO,Esteban Ocon,31,#0093CC,8.0,809,111.11,111.11,0,0,111.102,0.015,-0.529,0.278,-0.668,13.0,-0.529,0.278,-0.668,13.0,-0.807,M,#F0E628,8,1.0,0,0,0.091,0,0,0,0,0.0,10
1,2024,2024141,16,Alpine,13,OCO,Esteban Ocon,31,#0093CC,9.0,810,111.305,111.305,0,0,111.208,0.195,-0.753,-,-,-,-0.753,-,-,-,,M,#F0E628,9,1.0,0,0,0.091,0,0,0,0,0.0,10
1,2024,2024141,16,Alpine,13,OCO,Esteban Ocon,31,#0093CC,10.0,811,111.085,111.085,0,0,111.195,0.220,-0.712,-,-,-,-0.712,-,-,-,,M,#F0E628,10,1.0,0,0,0.091,0,0,0,0,0.0,10
1,2024,2024141,16,Alpine,13,OCO,Esteban Ocon,31,#0093CC,11.0,812,110.932,110.932,0,0,111.008,0.153,-0.597,-1.343,0.074,17.0,-0.597,-1.343,0.074,17.0,0.746,M,#F0E628,11,1.0,0,0,0.091,0,0,0,0,0.0,8
1,2024,2024141,16,Alpine,13,OCO,Esteban Ocon,31,#0093CC,12.0,813,-,-,0,1,-,-,-,-,-,-,-,-,-,-,0.353,M,#F0E628,12,1.0,1,0,0.091,0,0,0,0,0.0,8
1,2024,2024141,16,Alpine,13,OCO,Esteban Ocon,31,#0093CC,13.0,814,-,-,0,1,-,-,-,-,-,-,-,-,-,-,-0.516,H,#A5AFB9,1,2.0,0,0,0.135,0,0,0,0,0.0,17
1,2024,2024141,16,Alpine,13,OCO,Esteban Ocon,31,#0093CC,14.0,815,109.999,109.999,0,0,-,-,-0.605,0.634,-0.922,13.0,-0.605,0.240,-0.725,13.0,-1.239,H,#A5AFB9,2,2.0,0,0,0.135,0,0,0,0,1.0,16
1,2024,2024141,16,Alpine,13,OCO,Esteban Ocon,31,#0093CC,15.0,816,109.476,109.476,0,0,109.738,0.523,-0.215,0.953,-0.692,13.0,-0.215,0.953,-0.692,13.0,-1.168,H,#A5AFB9,3,2.0,0,0,0.135,0,0,0,0,1.0,14
1,2024,2024141,16,Alpine,13,OCO,Esteban Ocon,31,#0093CC,16.0,817,108.997,108.997,0,0,109.236,0.479,0.31,1.116,-0.248,13.0,0.310,1.116,-0.248,13.0,-0.806,H,#A5AFB9,4,2.0,0,0,0.135,0,0,0,0,1.0,13
1,2024,2024141,16,Alpine,13,OCO,Esteban Ocon,31,#0093CC,17.0,818,109.43,109.43,0,0,109.214,0.433,-0.206,0.405,-0.408,13.0,-0.206,0.405,-0.408,13.0,-0.611,H,#A5AFB9,5,2.0,0,0,0.135,0,0,0,0,0.0,13
1,2024,2024141,16,Alpine,13,OCO,Esteban Ocon,31,#0093CC,18.0,819,109.48,109.48,0,0,109.455,0.050,-0.247,0.571,-0.532,13.0,-0.247,0.413,-0.454,13.0,-0.818,H,#A5AFB9,6,2.0,0,0,0.135,0,0,0,0,0.0,12
1,2024,2024141,16,Alpine,13,OCO,Esteban Ocon,31,#0093CC,19.0,820,109.728,109.728,0,0,109.604,0.248,-0.44,0.223,-0.551,13.0,-0.440,0.223,-0.551,13.0,-0.663,H,#A5AFB9,7,2.0,0,0,0.135,0,0,0,0,0.0,12
1,2024,2024141,16,Alpine,13,OCO,Esteban Ocon,31,#0093CC,20.0,821,109.499,109.499,0,0,109.613,0.229,-0.108,0.384,-0.300,13.0,-0.108,0.384,-0.300,13.0,-0.492,H,#A5AFB9,8,2.0,0,0,0.135,0,0,0,0,1.0,11
1,2024,2024141,16,Alpine,13,OCO,Esteban Ocon,31,#0093CC,21.0,822,109.599,109.599,0,0,109.549,0.100,-0.239,0.461,-0.469,13.0,-0.239,0.461,-0.469,13.0,-0.7,H,#A5AFB9,9,2.0,0,1,0.135,0,0,0,0,0.0,10
1,2024,2024141,16,Alpine,13,OCO,Esteban Ocon,31,#0093CC,22.0,823,109.428,109.428,0,0,109.514,0.171,-0.187,0.525,-0.450,13.0,-0.187,0.525,-0.450,13.0,-0.712,H,#A5AFB9,10,2.0,0,0,0.135,0,0,0,0,0.0,10
1,2024,2024141,16,Alpine,13,OCO,Esteban Ocon,31,#0093CC,23.0,824,109.651,109.651,0,0,109.54,0.223,-0.525,0.078,-0.564,13.0,-0.525,0.078,-0.564,13.0,-0.603,H,#A5AFB9,11,2.0,0,0,0.135,0,0,0,0,0.0,9
1,2024,2024141,16,Alpine,13,OCO,Esteban Ocon,31,#0093CC,24.0,825,108.745,108.745,0,0,109.198,0.906,0.111,0.763,-0.271,13.0,0.111,0.763,-0.271,13.0,-0.652,H,#A5AFB9,12,2.0,0,0,0.135,0,0,0,0,0.0,9
1,2024,2024141,16,Alpine,13,OCO,Esteban Ocon,31,#0093CC,25.0,826,108.745,108.745,0,0,108.745,0.000,-0.177,0.542,-0.448,13.0,-0.177,0.542,-0.448,13.0,-0.719,H,#A5AFB9,13,2.0,0,0,0.135,0,0,0,0,0.0,9
1,2024,2024141,16,Alpine,13,OCO,Esteban Ocon,31,#0093CC,26.0,827,108.517,108.517,0,0,108.631,0.228,0.02,0.819,-0.390,13.0,0.020,0.819,-0.390,13.0,-0.799,H,#A5AFB9,14,2.0,0,0,0.135,0,0,0,0,0.0,9
1,2024,2024141,16,Alpine,13,OCO,Esteban Ocon,31,#0093CC,27.0,828,108.419,108.419,0,0,108.468,0.098,0.063,0.973,-0.423,13.0,0.063,0.973,-0.423,13.0,-0.91,H,#A5AFB9,15,2.0,0,0,0.135,0,0,0,0,0.0,9
1,2024,2024141,16,Alpine,13,OCO,Esteban Ocon,31,#0093CC,28.0,829,108.555,108.555,0,0,108.487,0.136,-0.111,-,-,-,-0.111,-,-,-,,H,#A5AFB9,16,2.0,0,0,0.135,0,0,0,0,0.0,9
1,2024,2024141,16,Alpine,13,OCO,Esteban Ocon,31,#0093CC,29.0,830,108.788,108.788,0,0,108.672,0.233,-0.307,-,-,-,-0.307,-,-,-,,H,#A5AFB9,17,2.0,0,0,0.135,0,0,0,0,0.0,9
1,2024,2024141,16,Alpine,13,OCO,Esteban Ocon,31,#0093CC,30.0,831,-,-,0,1,-,-,-,-,-,-,-,-,-,-,0.666,H,#A5AFB9,18,2.0,1,0,0.135,0,0,0,0,0.0,9
1,2024,2024141,16,Alpine,13,OCO,Esteban Ocon,31,#0093CC,31.0,832,-,-,0,1,-,-,-,-,-,-,-,-,-,-,-0.162,H,#A5AFB9,1,3.0,0,0,0.327,0,0,0,0,0.0,14
1,2024,2024141,16,Alpine,13,OCO,Esteban Ocon,31,#0093CC,32.0,833,106.992,106.992,0,0,-,-,0.814,1.221,0.203,13.0,0.814,1.221,0.203,13.0,-0.407,H,#A5AFB9,2,3.0,0,0,0.327,0,0,0,0,1.0,13
1,2024,2024141,16,Alpine,13,OCO,Esteban Ocon,31,#0093CC,33.0,834,107.478,107.478,0,0,107.235,0.486,0.316,0.533,0.050,13.0,0.316,0.533,0.050,13.0,-0.217,H,#A5AFB9,3,3.0,0,0,0.327,0,0,0,0,0.0,13
1,2024,2024141,16,Alpine,13,OCO,Esteban Ocon,31,#0093CC,34.0,835,108.3,108.3,0,0,107.889,0.822,-0.326,-0.410,-0.121,17.0,-0.326,-0.410,-0.121,17.0,0.084,H,#A5AFB9,4,3.0,0,0,0.327,0,0,0,0,0.0,13
1,2024,2024141,16,Alpine,13,OCO,Esteban Ocon,31,#0093CC,35.0,836,109.241,108.642,1,0,108.471,0.941,-1.213,-1.383,-0.522,17.0,-0.613,-0.783,-0.221,17.0,0.17,H,#A5AFB9,5,3.0,0,0,0.327,0,0,0,0,0.0,12
1,2024,2024141,16,Alpine,13,OCO,Esteban Ocon,31,#0093CC,36.0,837,108.983,108.983,0,0,108.812,0.258,-0.815,-0.742,-0.444,17.0,-0.815,-0.742,-0.444,17.0,-0.073,H,#A5AFB9,6,3.0,0,0,0.327,0,0,0,0,0.0,12
1,2024,2024141,16,Alpine,13,OCO,Esteban Ocon,31,#0093CC,37.0,838,109.611,107.97,1,0,108.477,0.628,-1.597,-1.361,-0.916,17.0,0.044,0.280,-0.096,13.0,-0.236,H,#A5AFB9,7,3.0,0,0,0.327,0,0,0,0,0.0,12
1,2024,2024141,16,Alpine,13,OCO,Esteban Ocon,31,#0093CC,38.0,839,106.958,106.958,0,0,107.464,2.653,1.014,1.595,0.216,13.0,1.014,1.595,0.216,13.0,-0.581,H,#A5AFB9,8,3.0,0,1,0.327,0,0,0,0,1.0,11
1,2024,2024141,16,Alpine,13,OCO,Esteban Ocon,31,#0093CC,39.0,840,107.225,107.225,0,0,107.092,0.267,0.752,1.442,0.031,13.0,0.752,1.442,0.031,13.0,-0.69,H,#A5AFB9,9,3.0,0,0,0.327,0,0,0,0,0.0,11
1,2024,2024141,16,Alpine,13,OCO,Esteban Ocon,31,#0093CC,40.0,841,107.364,107.364,0,0,107.294,0.139,0.589,1.143,0.017,13.0,0.589,1.143,0.017,13.0,-0.554,H,#A5AFB9,10,3.0,0,0,0.327,0,0,0,0,0.0,11
1,2024,2024141,16,Alpine,13,OCO,Esteban Ocon,31,#0093CC,41.0,842,107.32,107.32,0,0,107.342,0.044,0.601,0.278,0.462,13.0,0.601,0.278,0.462,13.0,0.323,H,#A5AFB9,11,3.0,0,0,0.327,0,0,0,0,1.0,10
1,2024,2024141,16,Alpine,13,OCO,Esteban Ocon,31,#0093CC,42.0,843,107.175,107.175,0,0,107.248,0.145,0.731,1.223,0.119,13.0,0.731,0.612,0.425,13.0,-0.492,H,#A5AFB9,12,3.0,0,0,0.327,0,0,0,0,0.0,10
1,2024,2024141,16,Alpine,13,OCO,Esteban Ocon,31,#0093CC,43.0,844,106.957,106.957,0,0,107.066,0.218,0.692,1.020,0.182,13.0,0.692,1.020,0.182,13.0,-0.328,H,#A5AFB9,13,3.0,0,0,0.327,0,0,0,0,0.0,10
1,2024,2024141,16,Alpine,13,OCO,Esteban Ocon,31,#0093CC,44.0,845,107.528,107.528,0,0,107.242,0.571,-0.145,0.368,-0.329,13.0,-0.145,0.368,-0.329,13.0,-0.513,H,#A5AFB9,14,3.0,0,0,0.327,0,0,0,0,0.0,10
1,2024,2024141,16,Alpine,17,GAS,Pierre Gasly,10,#0093CC,1.0,802,-,-,0,1,-,-,-,-,-,-,-,-,-,-,,M,#F0E628,1,1.0,0,0,0.141,0,0,0,0,,12
1,2024,2024141,16,Alpine,17,GAS,Pierre Gasly,10,#0093CC,2.0,803,-,-,0,1,-,-,-,-,-,-,-,-,-,-,,M,#F0E628,2,1.0,0,0,0.141,0,0,0,0,0.0,12
1,2024,2024141,16,Alpine,17,GAS,Pierre Gasly,10,#0093CC,3.0,804,110.757,110.757,0,0,-,-,-0.214,0.239,-0.095,13.0,-0.214,0.239,-0.095,13.0,0.025,M,#F0E628,3,1.0,0,0,0.141,0,0,0,0,0.0,12
1,2024,2024141,16,Alpine,17,GAS,Pierre Gasly,10,#0093CC,4.0,805,110.366,110.366,0,0,110.562,0.391,0.041,-0.005,0.038,17.0,0.041,-0.005,0.038,17.0,0.036,M,#F0E628,4,1.0,0,0,0.141,0,0,0,0,0.0,12
1,2024,2024141,16,Alpine,17,GAS,Pierre Gasly,10,#0093CC,5.0,806,110.528,110.528,0,0,110.447,0.162,-0.171,-0.108,-0.225,17.0,-0.171,-0.108,-0.225,17.0,-0.279,M,#F0E628,5,1.0,0,1,0.141,0,0,0,0,0.0,12
1,2024,2024141,16,Alpine,17,GAS,Pierre Gasly,10,#0093CC,6.0,807,111.092,111.092,0,0,110.81,0.564,-0.51,0.184,-0.418,13.0,-0.510,0.184,-0.418,13.0,-0.326,M,#F0E628,6,1.0,0,0,0.141,0,0,0,0,0.0,12
1,2024,2024141,16,Alpine,17,GAS,Pierre Gasly,10,#0093CC,7.0,808,111.149,111.149,0,0,111.12,0.057,-0.559,0.054,-0.532,13.0,-0.559,0.054,-0.532,13.0,-0.505,M,#F0E628,7,1.0,0,0,0.141,0,0,0,0,0.0,12
1,2024,2024141,16,Alpine,17,GAS,Pierre Gasly,10,#0093CC,8.0,809,111.388,111.388,0,0,111.268,0.239,-0.807,0.278,-0.668,13.0,-0.807,0.278,-0.668,13.0,-0.529,M,#F0E628,8,1.0,0,0,0.141,0,0,0,0,0.0,11
1,2024,2024141,16,Alpine,17,GAS,Pierre Gasly,10,#0093CC,9.0,810,-,-,0,1,-,-,-,-,-,-,-,-,-,-,-0.753,M,#F0E628,9,1.0,1,0,0.141,0,0,0,0,0.0,14
1,2024,2024141,16,Alpine,17,GAS,Pierre Gasly,10,#0093CC,10.0,811,-,-,0,1,-,-,-,-,-,-,-,-,-,-,-0.712,H,#A5AFB9,1,2.0,0,0,0.118,0,0,0,0,0.0,18
1,2024,2024141,16,Alpine,17,GAS,Pierre Gasly,10,#0093CC,11.0,812,109.589,109.589,0,0,-,-,0.746,-1.343,0.074,17.0,0.746,-1.343,0.074,17.0,-0.597,H,#A5AFB9,2,2.0,0,0,0.118,0,0,0,0,0.0,18
1,2024,2024141,16,Alpine,17,GAS,Pierre Gasly,10,#0093CC,12.0,813,109.78,109.78,0,0,109.684,0.191,0.353,-,-,-,0.353,-,-,-,,H,#A5AFB9,3,2.0,0,0,0.118,0,0,0,0,0.0,17
1,2024,2024141,16,Alpine,17,GAS,Pierre Gasly,10,#0093CC,13.0,814,110.048,110.048,0,0,109.914,0.268,-0.516,-,-,-,-0.516,-,-,-,,H,#A5AFB9,4,2.0,0,0,0.118,0,0,0,0,0.0,15
1,2024,2024141,16,Alpine,17,GAS,Pierre Gasly,10,#0093CC,14.0,815,110.633,110.238,1,0,110.143,0.585,-1.239,0.634,-0.922,13.0,-0.845,0.240,-0.725,13.0,-0.605,H,#A5AFB9,5,2.0,0,0,0.118,0,0,0,0,0.0,15
1,2024,2024141,16,Alpine,17,GAS,Pierre Gasly,10,#0093CC,15.0,816,110.429,110.429,0,0,110.334,0.204,-1.168,0.953,-0.692,13.0,-1.168,0.953,-0.692,13.0,-0.215,H,#A5AFB9,6,2.0,0,0,0.118,0,0,0,0,-1.0,15
1,2024,2024141,16,Alpine,17,GAS,Pierre Gasly,10,#0093CC,16.0,817,110.113,110.113,0,0,110.271,0.316,-0.806,1.116,-0.248,13.0,-0.806,1.116,-0.248,13.0,0.31,H,#A5AFB9,7,2.0,0,0,0.118,0,0,0,0,0.0,15
1,2024,2024141,16,Alpine,17,GAS,Pierre Gasly,10,#0093CC,17.0,818,109.835,109.835,0,0,109.974,0.278,-0.611,0.405,-0.408,13.0,-0.611,0.405,-0.408,13.0,-0.206,H,#A5AFB9,8,2.0,0,0,0.118,0,0,0,0,1.0,14
1,2024,2024141,16,Alpine,17,GAS,Pierre Gasly,10,#0093CC,18.0,819,110.051,109.893,1,0,109.864,0.216,-0.818,0.571,-0.532,13.0,-0.660,0.413,-0.454,13.0,-0.247,H,#A5AFB9,9,2.0,0,0,0.118,0,0,0,0,0.0,13
1,2024,2024141,16,Alpine,17,GAS,Pierre Gasly,10,#0093CC,19.0,820,109.951,109.951,0,0,109.922,0.100,-0.663,0.223,-0.551,13.0,-0.663,0.223,-0.551,13.0,-0.44,H,#A5AFB9,10,2.0,0,1,0.118,0,0,0,0,0.0,13
1,2024,2024141,16,Alpine,17,GAS,Pierre Gasly,10,#0093CC,20.0,821,109.883,109.883,0,0,109.917,0.068,-0.492,0.384,-0.300,13.0,-0.492,0.384,-0.300,13.0,-0.108,H,#A5AFB9,11,2.0,0,0,0.118,0,0,0,0,0.0,13
1,2024,2024141,16,Alpine,17,GAS,Pierre Gasly,10,#0093CC,21.0,822,110.06,110.06,0,0,109.971,0.177,-0.7,0.461,-0.469,13.0,-0.700,0.461,-0.469,13.0,-0.239,H,#A5AFB9,12,2.0,0,0,0.118,0,0,0,0,0.0,12
1,2024,2024141,16,Alpine,17,GAS,Pierre Gasly,10,#0093CC,22.0,823,109.953,109.953,0,0,110.006,0.107,-0.712,0.525,-0.450,13.0,-0.712,0.525,-0.450,13.0,-0.187,H,#A5AFB9,13,2.0,0,0,0.118,0,0,0,0,0.0,12
1,2024,2024141,16,Alpine,17,GAS,Pierre Gasly,10,#0093CC,23.0,824,109.729,109.729,0,0,109.841,0.224,-0.603,0.078,-0.564,13.0,-0.603,0.078,-0.564,13.0,-0.525,H,#A5AFB9,14,2.0,0,0,0.118,0,0,0,0,0.0,12
1,2024,2024141,16,Alpine,17,GAS,Pierre Gasly,10,#0093CC,24.0,825,109.508,109.508,0,0,109.618,0.221,-0.652,0.763,-0.271,13.0,-0.652,0.763,-0.271,13.0,0.111,H,#A5AFB9,15,2.0,0,0,0.118,0,0,0,0,0.0,11
1,2024,2024141,16,Alpine,17,GAS,Pierre Gasly,10,#0093CC,25.0,826,109.287,109.287,0,0,109.398,0.221,-0.719,0.542,-0.448,13.0,-0.719,0.542,-0.448,13.0,-0.177,H,#A5AFB9,16,2.0,0,0,0.118,0,0,0,0,0.0,11
1,2024,2024141,16,Alpine,17,GAS,Pierre Gasly,10,#0093CC,26.0,827,109.336,109.336,0,0,109.312,0.049,-0.799,0.819,-0.390,13.0,-0.799,0.819,-0.390,13.0,0.02,H,#A5AFB9,17,2.0,0,0,0.118,0,0,0,0,0.0,11
1,2024,2024141,16,Alpine,17,GAS,Pierre Gasly,10,#0093CC,27.0,828,109.392,109.392,0,0,109.364,0.056,-0.91,0.973,-0.423,13.0,-0.910,0.973,-0.423,13.0,0.063,H,#A5AFB9,18,2.0,0,0,0.118,0,0,0,0,0.0,11
1,2024,2024141,16,Alpine,17,GAS,Pierre Gasly,10,#0093CC,28.0,829,-,-,0,1,-,-,-,-,-,-,-,-,-,-,-0.111,H,#A5AFB9,19,2.0,1,0,0.118,0,0,0,0,0.0,13
1,2024,2024141,16,Alpine,17,GAS,Pierre Gasly,10,#0093CC,29.0,830,-,-,0,1,-,-,-,-,-,-,-,-,-,-,-0.307,H,#A5AFB9,1,3.0,0,0,0.168,0,0,0,0,0.0,17
1,2024,2024141,16,Alpine,17,GAS,Pierre Gasly,10,#0093CC,30.0,831,107.418,107.418,0,0,-,-,0.666,-,-,-,0.666,-,-,-,,H,#A5AFB9,2,3.0,0,0,0.168,0,0,0,0,1.0,16
1,2024,2024141,16,Alpine,17,GAS,Pierre Gasly,10,#0093CC,31.0,832,108.153,108.153,0,0,107.786,0.735,-0.162,-,-,-,-0.162,-,-,-,,H,#A5AFB9,3,3.0,0,0,0.168,0,0,0,0,0.0,16
1,2024,2024141,16,Alpine,17,GAS,Pierre Gasly,10,#0093CC,32.0,833,108.213,108.213,0,0,108.183,0.060,-0.407,1.221,0.203,13.0,-0.407,1.221,0.203,13.0,0.814,H,#A5AFB9,4,3.0,0,0,0.168,0,0,0,0,0.0,16
1,2024,2024141,16,Alpine,17,GAS,Pierre Gasly,10,#0093CC,33.0,834,108.011,108.011,0,0,108.112,0.202,-0.217,0.533,0.050,13.0,-0.217,0.533,0.050,13.0,0.316,H,#A5AFB9,5,3.0,0,0,0.168,0,0,0,0,0.0,16
1,2024,2024141,16,Alpine,17,GAS,Pierre Gasly,10,#0093CC,34.0,835,107.89,107.89,0,0,107.95,0.121,0.084,-0.410,-0.121,17.0,0.084,-0.410,-0.121,17.0,-0.326,H,#A5AFB9,6,3.0,0,0,0.168,0,0,0,0,0.0,16
1,2024,2024141,16,Alpine,17,GAS,Pierre Gasly,10,#0093CC,35.0,836,107.858,107.858,0,0,107.874,0.032,0.17,-1.383,-0.522,17.0,0.170,-0.783,-0.221,17.0,-1.213,H,#A5AFB9,7,3.0,0,0,0.168,0,0,0,0,0.0,16
1,2024,2024141,16,Alpine,17,GAS,Pierre Gasly,10,#0093CC,36.0,837,108.241,108.241,0,0,108.05,0.383,-0.073,-0.742,-0.444,17.0,-0.073,-0.742,-0.444,17.0,-0.815,H,#A5AFB9,8,3.0,0,0,0.168,0,0,0,0,0.0,15
1,2024,2024141,16,Alpine,17,GAS,Pierre Gasly,10,#0093CC,37.0,838,108.25,108.25,0,0,108.246,0.009,-0.236,-1.361,-0.916,17.0,-0.236,0.280,-0.096,13.0,-1.597,H,#A5AFB9,9,3.0,0,1,0.168,0,0,0,0,0.0,15
1,2024,2024141,16,Alpine,17,GAS,Pierre Gasly,10,#0093CC,38.0,839,108.553,108.553,0,0,108.402,0.303,-0.581,1.595,0.216,13.0,-0.581,1.595,0.216,13.0,1.014,H,#A5AFB9,10,3.0,0,0,0.168,0,0,0,0,0.0,15
1,2024,2024141,16,Alpine,17,GAS,Pierre Gasly,10,#0093CC,39.0,840,108.667,108.667,0,0,108.61,0.114,-0.69,1.442,0.031,13.0,-0.690,1.442,0.031,13.0,0.752,H,#A5AFB9,11,3.0,0,0,0.168,0,0,0,0,0.0,15
1,2024,2024141,16,Alpine,17,GAS,Pierre Gasly,10,#0093CC,40.0,841,108.507,108.507,0,0,108.587,0.160,-0.554,1.143,0.017,13.0,-0.554,1.143,0.017,13.0,0.589,H,#A5AFB9,12,3.0,0,0,0.168,0,0,0,0,0.0,15
1,2024,2024141,16,Alpine,17,GAS,Pierre Gasly,10,#0093CC,41.0,842,107.598,107.598,0,0,108.053,0.909,0.323,0.278,0.462,13.0,0.323,0.278,0.462,13.0,0.601,H,#A5AFB9,13,3.0,0,0,0.168,0,0,0,0,1.0,14
1,2024,2024141,16,Alpine,17,GAS,Pierre Gasly,10,#0093CC,42.0,843,108.398,107.788,1,0,107.693,0.800,-0.492,1.223,0.119,13.0,0.119,0.612,0.425,13.0,0.731,H,#A5AFB9,14,3.0,0,0,0.168,0,0,0,0,0.0,14
1,2024,2024141,16,Alpine,17,GAS,Pierre Gasly,10,#0093CC,43.0,844,107.977,107.977,0,0,107.882,0.421,-0.328,1.020,0.182,13.0,-0.328,1.020,0.182,13.0,0.692,H,#A5AFB9,15,3.0,0,0,0.168,0,0,0,0,0.0,14
1,2024,2024141,16,Alpine,17,GAS,Pierre Gasly,10,#0093CC,44.0,845,107.896,107.896,0,0,107.936,0.081,-0.513,0.368,-0.329,13.0,-0.513,0.368,-0.329,13.0,-0.145,H,#A5AFB9,16,3.0,0,0,0.168,0,0,0,0,0.0,14
1,2024,2024151,17,Alpine,13,OCO,Esteban Ocon,31,#0093CC,1.0,846,-,-,0,1,-,-,-,-,-,-,-,-,-,-,,M,#F0E628,1,1.0,0,0,0.207,0,0,0,0,,16
1,2024,2024151,17,Alpine,13,OCO,Esteban Ocon,31,#0093CC,2.0,847,-,-,0,1,-,-,-,-,-,-,-,-,-,-,,M,#F0E628,2,1.0,0,0,0.207,0,0,0,0,0.0,16
1,2024,2024151,17,Alpine,13,OCO,Esteban Ocon,31,#0093CC,3.0,848,77.768,77.768,0,0,-,-,-0.318,0.854,0.109,17.0,-0.318,0.854,0.109,17.0,0.536,M,#F0E628,3,1.0,0,0,0.207,0,0,0,0,0.0,16
1,2024,2024151,17,Alpine,13,OCO,Esteban Ocon,31,#0093CC,4.0,849,77.671,77.671,0,0,77.72,0.097,-0.732,0.737,-0.363,17.0,-0.732,0.737,-0.363,17.0,0.005,M,#F0E628,4,1.0,0,0,0.207,0,0,0,0,0.0,16
1,2024,2024151,17,Alpine,13,OCO,Esteban Ocon,31,#0093CC,5.0,850,77.327,77.327,0,0,77.499,0.344,-0.423,0.592,-0.127,17.0,-0.423,0.592,-0.127,17.0,0.169,M,#F0E628,5,1.0,0,0,0.207,0,0,0,0,0.0,16
1,2024,2024151,17,Alpine,13,OCO,Esteban Ocon,31,#0093CC,6.0,851,77.467,77.467,0,0,77.397,0.140,-0.642,0.916,-0.184,17.0,-0.642,0.916,-0.184,17.0,0.274,M,#F0E628,6,1.0,0,0,0.207,0,0,0,0,0.0,16
1,2024,2024151,17,Alpine,13,OCO,Esteban Ocon,31,#0093CC,7.0,852,77.104,77.104,0,0,77.286,0.363,-0.098,0.191,-0.003,17.0,-0.098,0.191,-0.003,17.0,0.093,M,#F0E628,7,1.0,0,0,0.207,0,0,0,0,0.0,16
1,2024,2024151,17,Alpine,13,OCO,Esteban Ocon,31,#0093CC,8.0,853,77.699,77.194,1,0,77.149,0.595,-0.666,0.618,-0.357,17.0,-0.161,0.113,-0.104,17.0,-0.048,M,#F0E628,8,1.0,0,0,0.207,0,0,0,0,0.0,16
1,2024,2024151,17,Alpine,13,OCO,Esteban Ocon,31,#0093CC,9.0,854,77.284,77.284,0,0,77.239,0.415,-0.173,0.375,0.015,17.0,-0.173,0.375,0.015,17.0,0.202,M,#F0E628,9,1.0,0,0,0.207,0,0,0,0,0.0,16
1,2024,2024151,17,Alpine,13,OCO,Esteban Ocon,31,#0093CC,10.0,855,77.752,77.334,1,0,77.309,0.468,-0.6,0.787,-0.206,17.0,-0.182,0.369,0.003,17.0,0.187,M,#F0E628,10,1.0,0,0,0.207,0,0,0,0,0.0,16
1,2024,2024151,17,Alpine,13,OCO,Esteban Ocon,31,#0093CC,11.0,856,77.384,77.384,0,0,77.359,0.368,-0.248,-2.080,-1.288,13.0,-0.248,0.214,-0.141,17.0,-2.328,M,#F0E628,11,1.0,0,0,0.207,0,0,0,0,0.0,16
1,2024,2024151,17,Alpine,13,OCO,Esteban Ocon,31,#0093CC,12.0,857,77.678,77.678,0,0,77.531,0.294,-0.479,0.303,-0.328,17.0,-0.479,0.303,-0.328,17.0,-0.176,M,#F0E628,12,1.0,0,0,0.207,0,0,0,0,0.0,16
1,2024,2024151,17,Alpine,13,OCO,Esteban Ocon,31,#0093CC,13.0,858,77.926,77.926,0,0,77.802,0.248,-0.78,0.965,-0.297,17.0,-0.780,0.965,-0.297,17.0,0.185,M,#F0E628,13,1.0,0,0,0.207,0,0,0,0,0.0,16
1,2024,2024151,17,Alpine,13,OCO,Esteban Ocon,31,#0093CC,14.0,859,77.735,77.735,0,0,77.83,0.191,-0.727,0.806,-0.324,17.0,-0.727,0.806,-0.324,17.0,0.079,M,#F0E628,14,1.0,0,0,0.207,0,0,0,0,0.0,16
1,2024,2024151,17,Alpine,13,OCO,Esteban Ocon,31,#0093CC,15.0,860,78.856,77.7,1,0,77.718,1.121,-1.985,1.736,-1.117,17.0,-0.830,0.581,-0.539,17.0,-0.249,M,#F0E628,15,1.0,0,0,0.207,0,0,0,0,0.0,13
1,2024,2024151,17,Alpine,13,OCO,Esteban Ocon,31,#0093CC,16.0,861,77.666,77.666,0,0,77.683,1.190,-0.903,0.691,-0.557,17.0,-0.903,0.691,-0.557,17.0,-0.212,M,#F0E628,16,1.0,0,1,0.207,0,0,0,0,0.0,13
1,2024,2024151,17,Alpine,13,OCO,Esteban Ocon,31,#0093CC,17.0,862,77.836,77.836,0,0,77.751,0.170,-1.019,0.575,-0.731,17.0,-1.019,0.810,-0.614,17.0,-0.444,M,#F0E628,17,1.0,0,0,0.207,0,0,0,0,0.0,13
1,2024,2024151,17,Alpine,13,OCO,Esteban Ocon,31,#0093CC,18.0,863,77.648,77.648,0,0,77.742,0.188,-0.873,0.572,-0.587,17.0,-0.873,0.572,-0.587,17.0,-0.301,M,#F0E628,18,1.0,0,0,0.207,0,0,0,0,0.0,13
1,2024,2024151,17,Alpine,13,OCO,Esteban Ocon,31,#0093CC,19.0,864,77.705,77.705,0,0,77.676,0.057,-0.894,0.671,-0.558,17.0,-0.894,0.671,-0.558,17.0,-0.223,M,#F0E628,19,1.0,0,0,0.207,0,0,0,0,0.0,13
1,2024,2024151,17,Alpine,13,OCO,Esteban Ocon,31,#0093CC,20.0,865,77.518,77.518,0,0,77.612,0.187,-0.734,0.383,-0.542,17.0,-0.734,0.383,-0.542,17.0,-0.351,M,#F0E628,20,1.0,0,0,0.207,0,0,0,0,0.0,13
1,2024,2024151,17,Alpine,13,OCO,Esteban Ocon,31,#0093CC,21.0,866,77.593,77.593,0,0,77.556,0.075,-0.855,0.328,-0.691,17.0,-0.855,0.328,-0.691,17.0,-0.527,M,#F0E628,21,1.0,0,0,0.207,0,0,0,0,0.0,13
1,2024,2024151,17,Alpine,13,OCO,Esteban Ocon,31,#0093CC,22.0,867,78.405,77.734,1,0,77.664,0.812,-1.598,1.165,-1.016,17.0,-0.927,0.494,-0.680,17.0,-0.433,M,#F0E628,22,1.0,0,0,0.207,0,0,0,0,-1.0,14
1,2024,2024151,17,Alpine,13,OCO,Esteban Ocon,31,#0093CC,23.0,868,77.875,77.875,0,0,77.804,0.530,-1.03,0.785,-0.637,17.0,-1.030,0.785,-0.637,17.0,-0.245,M,#F0E628,23,1.0,0,0,0.207,0,0,0,0,0.0,14
1,2024,2024151,17,Alpine,13,OCO,Esteban Ocon,31,#0093CC,24.0,869,77.498,77.498,0,0,77.686,0.377,-0.765,0.582,-0.474,17.0,-0.765,0.582,-0.474,17.0,-0.183,M,#F0E628,24,1.0,0,0,0.207,0,0,0,0,0.0,13
1,2024,2024151,17,Alpine,13,OCO,Esteban Ocon,31,#0093CC,25.0,870,77.417,77.417,0,0,77.458,0.081,-0.773,0.365,-0.591,17.0,-0.773,0.365,-0.591,17.0,-0.408,M,#F0E628,25,1.0,0,0,0.207,0,0,0,0,-1.0,14
1,2024,2024151,17,Alpine,13,OCO,Esteban Ocon,31,#0093CC,26.0,871,78.166,77.758,1,0,77.588,0.749,-1.611,1.194,-1.014,17.0,-1.203,0.786,-0.810,17.0,-0.417,M,#F0E628,26,1.0,0,0,0.207,0,0,0,0,0.0,14
1,2024,2024151,17,Alpine,13,OCO,Esteban Ocon,31,#0093CC,27.0,872,78.099,78.099,0,0,77.929,0.067,-1.664,1.342,-0.993,17.0,-1.664,1.342,-0.993,17.0,-0.322,M,#F0E628,27,1.0,0,0,0.207,0,0,0,0,-1.0,15
1,2024,2024151,17,Alpine,13,OCO,Esteban Ocon,31,#0093CC,28.0,873,77.821,77.821,0,0,77.96,0.278,-1.065,0.305,-0.912,17.0,-1.065,0.305,-0.912,17.0,-0.76,M,#F0E628,28,1.0,0,0,0.207,0,0,0,0,0.0,15
1,2024,2024151,17,Alpine,13,OCO,Esteban Ocon,31,#0093CC,29.0,874,77.681,77.681,0,0,77.751,0.140,-0.995,-1.463,-1.726,13.0,-0.995,0.047,-0.972,17.0,-2.458,M,#F0E628,29,1.0,0,0,0.207,0,0,0,0,0.0,15
1,2024,2024151,17,Alpine,13,OCO,Esteban Ocon,31,#0093CC,30.0,875,-,-,0,1,-,-,-,-,-,-,-,-,-,-,-1.347,M,#F0E628,30,1.0,1,0,0.207,0,0,0,0,0.0,16
1,2024,2024151,17,Alpine,13,OCO,Esteban Ocon,31,#0093CC,31.0,876,-,-,0,1,-,-,-,-,-,-,-,-,-,-,-1.161,H,#A5AFB9,1,2.0,0,0,0.412,0,0,0,0,0.0,19
1,2024,2024151,17,Alpine,13,OCO,Esteban Ocon,31,#0093CC,32.0,877,76.26,76.26,0,0,-,-,-0.226,-,-,-,-0.226,-,-,-,,H,#A5AFB9,2,2.0,0,0,0.412,0,0,0,0,0.0,19
1,2024,2024151,17,Alpine,13,OCO,Esteban Ocon,31,#0093CC,33.0,878,76.104,76.104,0,0,76.182,0.156,-0.22,-,-,-,-0.220,-,-,-,,H,#A5AFB9,3,2.0,0,0,0.412,0,0,0,0,0.0,18
1,2024,2024151,17,Alpine,13,OCO,Esteban Ocon,31,#0093CC,34.0,879,76.034,76.034,0,0,76.069,0.070,-0.272,0.457,-0.043,17.0,-0.272,0.457,-0.043,17.0,0.185,H,#A5AFB9,4,2.0,0,0,0.412,0,0,0,0,0.0,18
1,2024,2024151,17,Alpine,13,OCO,Esteban Ocon,31,#0093CC,35.0,880,75.622,75.622,0,0,75.828,0.412,0.005,0.358,0.184,17.0,0.005,0.358,0.184,17.0,0.363,H,#A5AFB9,5,2.0,0,0,0.412,0,0,0,0,0.0,18
1,2024,2024151,17,Alpine,13,OCO,Esteban Ocon,31,#0093CC,36.0,881,75.609,75.609,0,0,75.616,0.013,0.034,-0.907,-0.419,13.0,0.034,-0.050,0.009,13.0,-0.873,H,#A5AFB9,6,2.0,0,0,0.412,0,0,0,0,0.0,18
1,2024,2024151,17,Alpine,13,OCO,Esteban Ocon,31,#0093CC,37.0,882,75.566,75.566,0,0,75.588,0.043,0.135,-0.489,-0.109,13.0,0.135,-0.489,-0.109,13.0,-0.354,H,#A5AFB9,7,2.0,0,0,0.412,0,0,0,0,0.0,18
1,2024,2024151,17,Alpine,13,OCO,Esteban Ocon,31,#0093CC,38.0,883,75.902,75.902,0,0,75.734,0.336,-0.066,-0.024,-0.078,13.0,-0.066,-0.024,-0.078,13.0,-0.09,H,#A5AFB9,8,2.0,0,0,0.412,0,0,0,0,0.0,18
1,2024,2024151,17,Alpine,13,OCO,Esteban Ocon,31,#0093CC,39.0,884,75.78,75.78,0,0,75.841,0.122,0.329,-2.381,-0.862,13.0,0.329,-0.380,0.139,13.0,-2.052,H,#A5AFB9,9,2.0,0,0,0.412,0,0,0,0,0.0,18
1,2024,2024151,17,Alpine,13,OCO,Esteban Ocon,31,#0093CC,40.0,885,76.027,76.027,0,0,75.904,0.247,-0.126,-0.367,-0.309,13.0,-0.126,-0.367,-0.309,13.0,-0.493,H,#A5AFB9,10,2.0,0,0,0.412,0,0,0,0,0.0,18
1,2024,2024151,17,Alpine,13,OCO,Esteban Ocon,31,#0093CC,41.0,886,77.121,77.121,0,0,76.574,1.094,-1.056,1.263,-0.424,17.0,-1.056,1.263,-0.424,17.0,0.207,H,#A5AFB9,11,2.0,0,0,0.412,0,0,0,0,1.0,16
1,2024,2024151,17,Alpine,13,OCO,Esteban Ocon,31,#0093CC,42.0,887,78.371,76.636,1,0,76.878,1.250,-2.313,2.350,-1.138,17.0,-0.578,0.615,-0.270,17.0,0.037,H,#A5AFB9,12,2.0,0,0,0.412,0,0,0,0,0.0,16
1,2024,2024151,17,Alpine,13,OCO,Esteban Ocon,31,#0093CC,43.0,888,76.151,76.151,0,0,76.393,2.220,-0.311,0.173,-0.225,17.0,-0.311,0.173,-0.225,17.0,-0.138,H,#A5AFB9,13,2.0,0,0,0.412,0,0,0,0,0.0,15
1,2024,2024151,17,Alpine,13,OCO,Esteban Ocon,31,#0093CC,44.0,889,75.85,75.85,0,0,76.0,0.301,-0.14,0.178,-0.051,17.0,-0.140,0.178,-0.051,17.0,0.038,H,#A5AFB9,14,2.0,0,0,0.412,0,0,0,0,0.0,15
1,2024,2024151,17,Alpine,13,OCO,Esteban Ocon,31,#0093CC,45.0,890,75.867,75.867,0,0,75.858,0.017,-0.167,0.246,-0.044,17.0,-0.167,0.246,-0.044,17.0,0.079,H,#A5AFB9,15,2.0,0,0,0.412,0,0,0,0,0.0,15
1,2024,2024151,17,Alpine,13,OCO,Esteban Ocon,31,#0093CC,46.0,891,76.141,76.141,0,0,76.004,0.274,-0.385,0.530,-0.120,17.0,-0.385,0.530,-0.120,17.0,0.145,H,#A5AFB9,16,2.0,0,0,0.412,0,0,0,0,0.0,15
1,2024,2024151,17,Alpine,13,OCO,Esteban Ocon,31,#0093CC,47.0,892,75.711,75.711,0,0,75.926,0.430,0.13,-0.291,-0.015,13.0,0.130,0.223,0.241,17.0,-0.161,H,#A5AFB9,17,2.0,0,0,0.412,0,0,0,0,0.0,15
1,2024,2024151,17,Alpine,13,OCO,Esteban Ocon,31,#0093CC,48.0,893,76.079,76.079,0,0,75.895,0.368,-0.345,0.713,0.011,17.0,-0.345,0.713,0.011,17.0,0.368,H,#A5AFB9,18,2.0,0,0,0.412,0,0,0,0,0.0,15
1,2024,2024151,17,Alpine,13,OCO,Esteban Ocon,31,#0093CC,49.0,894,76.257,76.257,0,0,76.168,0.178,-0.501,0.651,-0.175,17.0,-0.501,0.651,-0.175,17.0,0.15,H,#A5AFB9,19,2.0,0,0,0.412,0,0,0,0,0.0,15
1,2024,2024151,17,Alpine,13,OCO,Esteban Ocon,31,#0093CC,50.0,895,75.39,75.39,0,0,75.824,0.867,0.184,-0.253,0.057,13.0,0.184,-0.253,0.057,13.0,-0.069,H,#A5AFB9,20,2.0,0,0,0.412,0,0,0,0,0.0,15
1,2024,2024151,17,Alpine,13,OCO,Esteban Ocon,31,#0093CC,51.0,896,77.756,75.648,1,0,75.519,2.366,-2.34,2.273,-1.204,17.0,-0.233,0.166,-0.150,17.0,-0.067,H,#A5AFB9,21,2.0,0,1,0.412,0,0,0,0,0.0,15
1,2024,2024151,17,Alpine,13,OCO,Esteban Ocon,31,#0093CC,52.0,897,75.907,75.907,0,0,75.778,1.849,-0.471,0.711,-0.115,17.0,-0.471,0.711,-0.115,17.0,0.24,H,#A5AFB9,22,2.0,0,0,0.412,0,0,0,0,0.0,15
1,2024,2024151,17,Alpine,13,OCO,Esteban Ocon,31,#0093CC,53.0,898,75.948,75.948,0,0,75.928,0.041,-0.464,0.961,0.016,17.0,-0.464,0.961,0.016,17.0,0.497,H,#A5AFB9,23,2.0,0,0,0.412,0,0,0,0,0.0,15
1,2024,2024151,17,Alpine,13,OCO,Esteban Ocon,31,#0093CC,54.0,899,75.862,75.862,0,0,75.905,0.086,-0.414,1.007,0.089,17.0,-0.414,1.007,0.089,17.0,0.593,H,#A5AFB9,24,2.0,0,0,0.412,0,0,0,0,0.0,15
1,2024,2024151,17,Alpine,13,OCO,Esteban Ocon,31,#0093CC,55.0,900,75.831,75.831,0,0,75.846,0.031,-0.309,0.575,-0.021,17.0,-0.309,0.794,0.088,17.0,0.266,H,#A5AFB9,25,2.0,0,0,0.412,0,0,0,0,0.0,14
1,2024,2024151,17,Alpine,13,OCO,Esteban Ocon,31,#0093CC,56.0,901,75.952,75.952,0,0,75.892,0.121,-0.404,0.733,-0.037,17.0,-0.404,0.733,-0.037,17.0,0.329,H,#A5AFB9,26,2.0,0,0,0.412,0,0,0,0,0.0,14
1,2024,2024151,17,Alpine,13,OCO,Esteban Ocon,31,#0093CC,57.0,902,79.487,75.944,1,0,75.948,3.535,-3.866,4.340,-1.696,17.0,-0.323,0.797,0.075,17.0,0.474,H,#A5AFB9,27,2.0,0,0,0.412,0,0,0,0,0.0,14
1,2024,2024151,17,Alpine,13,OCO,Esteban Ocon,31,#0093CC,58.0,903,75.936,75.936,0,0,75.94,3.551,-0.35,0.142,-0.279,17.0,-0.350,0.571,-0.064,17.0,-0.208,H,#A5AFB9,28,2.0,0,0,0.412,0,0,0,0,0.0,14
1,2024,2024151,17,Alpine,13,OCO,Esteban Ocon,31,#0093CC,59.0,904,75.786,75.786,0,0,75.861,0.150,-0.311,0.203,-0.209,17.0,-0.311,0.203,-0.209,17.0,-0.108,H,#A5AFB9,29,2.0,0,0,0.412,0,0,0,0,0.0,14
1,2024,2024151,17,Alpine,13,OCO,Esteban Ocon,31,#0093CC,60.0,905,75.629,75.629,0,0,75.708,0.157,-0.167,-0.954,-0.644,13.0,-0.167,-0.348,-0.341,13.0,-1.121,H,#A5AFB9,30,2.0,0,0,0.412,0,0,0,0,0.0,14
1,2024,2024151,17,Alpine,13,OCO,Esteban Ocon,31,#0093CC,61.0,906,77.515,75.814,1,0,75.721,1.886,-1.961,1.144,-1.389,17.0,-0.259,-0.558,-0.538,13.0,-0.817,H,#A5AFB9,31,2.0,0,0,0.412,0,0,0,0,0.0,14
1,2024,2024151,17,Alpine,13,OCO,Esteban Ocon,31,#0093CC,62.0,907,75.998,75.998,0,0,75.906,1.517,-0.469,0.758,-0.090,17.0,-0.469,0.758,-0.090,17.0,0.289,H,#A5AFB9,32,2.0,0,0,0.412,0,0,0,0,0.0,14
1,2024,2024151,17,Alpine,13,OCO,Esteban Ocon,31,#0093CC,63.0,908,75.618,75.618,0,0,75.808,0.380,-0.065,0.267,0.069,17.0,-0.065,0.267,0.069,17.0,0.202,H,#A5AFB9,33,2.0,0,0,0.412,0,0,0,0,0.0,14
1,2024,2024151,17,Alpine,13,OCO,Esteban Ocon,31,#0093CC,64.0,909,75.753,75.753,0,0,75.685,0.135,-0.352,0.372,-0.166,17.0,-0.352,0.372,-0.166,17.0,0.02,H,#A5AFB9,34,2.0,0,0,0.412,0,0,0,0,0.0,14
1,2024,2024151,17,Alpine,13,OCO,Esteban Ocon,31,#0093CC,65.0,910,75.741,75.741,0,0,75.747,0.012,-0.327,0.247,-0.203,17.0,-0.327,0.247,-0.203,17.0,-0.08,H,#A5AFB9,35,2.0,0,0,0.412,0,0,0,0,0.0,14
1,2024,2024151,17,Alpine,13,OCO,Esteban Ocon,31,#0093CC,66.0,911,75.771,75.771,0,0,75.756,0.030,-0.407,0.442,-0.186,17.0,-0.407,0.442,-0.186,17.0,0.035,H,#A5AFB9,36,2.0,0,0,0.412,0,0,0,0,0.0,14
1,2024,2024151,17,Alpine,13,OCO,Esteban Ocon,31,#0093CC,67.0,912,77.406,75.59,1,0,75.681,1.635,-2.046,2.339,-0.876,17.0,-0.230,0.523,0.031,17.0,0.293,H,#A5AFB9,37,2.0,0,0,0.412,0,0,0,0,0.0,14
1,2024,2024151,17,Alpine,13,OCO,Esteban Ocon,31,#0093CC,68.0,913,75.41,75.41,0,0,75.5,1.996,-0.014,0.079,0.025,17.0,-0.014,0.079,0.025,17.0,0.065,H,#A5AFB9,38,2.0,0,0,0.412,0,0,0,0,0.0,14
1,2024,2024151,17,Alpine,13,OCO,Esteban Ocon,31,#0093CC,69.0,914,77.218,77.218,0,0,76.314,1.808,-1.642,1.937,-0.673,17.0,-1.642,1.937,-0.673,17.0,0.295,H,#A5AFB9,39,2.0,0,0,0.412,0,0,0,0,-1.0,15
1,2024,2024151,17,Alpine,13,OCO,Esteban Ocon,31,#0093CC,70.0,915,77.351,77.351,0,0,77.285,0.133,-1.752,1.907,-0.798,17.0,-1.752,1.907,-0.798,17.0,0.155,H,#A5AFB9,40,2.0,0,0,0.412,0,0,0,0,0.0,15
1,2024,2024151,17,Alpine,13,OCO,Esteban Ocon,31,#0093CC,71.0,916,75.946,75.946,0,0,76.648,1.405,-0.532,0.393,-0.336,17.0,-0.532,0.393,-0.336,17.0,-0.139,H,#A5AFB9,41,2.0,0,0,0.412,0,0,0,0,0.0,15
1,2024,2024151,17,Alpine,17,GAS,Pierre Gasly,10,#0093CC,1.0,846,-,-,0,1,-,-,-,-,-,-,-,-,-,-,,M,#F0E628,1,1.0,0,0,0.232,0,0,0,0,,7
1,2024,2024151,17,Alpine,17,GAS,Pierre Gasly,10,#0093CC,2.0,847,-,-,0,1,-,-,-,-,-,-,-,-,-,-,,M,#F0E628,2,1.0,0,0,0.232,0,0,0,0,0.0,7
1,2024,2024151,17,Alpine,17,GAS,Pierre Gasly,10,#0093CC,3.0,848,76.914,76.914,0,0,-,-,0.536,0.854,0.109,17.0,0.536,0.854,0.109,17.0,-0.318,M,#F0E628,3,1.0,0,0,0.232,0,0,0,0,0.0,7
1,2024,2024151,17,Alpine,17,GAS,Pierre Gasly,10,#0093CC,4.0,849,76.934,76.934,0,0,76.924,0.020,0.005,0.737,-0.363,17.0,0.005,0.737,-0.363,17.0,-0.732,M,#F0E628,4,1.0,0,0,0.232,0,0,0,0,0.0,7
1,2024,2024151,17,Alpine,17,GAS,Pierre Gasly,10,#0093CC,5.0,850,76.735,76.735,0,0,76.834,0.199,0.169,0.592,-0.127,17.0,0.169,0.592,-0.127,17.0,-0.423,M,#F0E628,5,1.0,0,0,0.232,0,0,0,0,0.0,7
1,2024,2024151,17,Alpine,17,GAS,Pierre Gasly,10,#0093CC,6.0,851,76.551,76.551,0,0,76.643,0.184,0.274,0.916,-0.184,17.0,0.274,0.916,-0.184,17.0,-0.642,M,#F0E628,6,1.0,0,0,0.232,0,0,0,0,0.0,7
1,2024,2024151,17,Alpine,17,GAS,Pierre Gasly,10,#0093CC,7.0,852,76.913,76.913,0,0,76.732,0.362,0.093,0.191,-0.003,17.0,0.093,0.191,-0.003,17.0,-0.098,M,#F0E628,7,1.0,0,0,0.232,0,0,0,0,0.0,7
1,2024,2024151,17,Alpine,17,GAS,Pierre Gasly,10,#0093CC,8.0,853,77.081,77.081,0,0,76.997,0.168,-0.048,0.618,-0.357,17.0,-0.048,0.113,-0.104,17.0,-0.666,M,#F0E628,8,1.0,0,0,0.232,0,0,0,0,0.0,7
1,2024,2024151,17,Alpine,17,GAS,Pierre Gasly,10,#0093CC,9.0,854,76.909,76.909,0,0,76.995,0.172,0.202,0.375,0.015,17.0,0.202,0.375,0.015,17.0,-0.173,M,#F0E628,9,1.0,0,0,0.232,0,0,0,0,0.0,7
1,2024,2024151,17,Alpine,17,GAS,Pierre Gasly,10,#0093CC,10.0,855,76.965,76.965,0,0,76.937,0.056,0.187,0.787,-0.206,17.0,0.187,0.369,0.003,17.0,-0.6,M,#F0E628,10,1.0,0,0,0.232,0,0,0,0,0.0,7
1,2024,2024151,17,Alpine,17,GAS,Pierre Gasly,10,#0093CC,11.0,856,79.464,77.17,1,0,77.068,2.499,-2.328,-2.080,-1.288,13.0,-0.034,0.214,-0.141,17.0,-0.248,M,#F0E628,11,1.0,0,0,0.232,0,0,0,0,-1.0,8
1,2024,2024151,17,Alpine,17,GAS,Pierre Gasly,10,#0093CC,12.0,857,77.375,77.375,0,0,77.273,2.089,-0.176,0.303,-0.328,17.0,-0.176,0.303,-0.328,17.0,-0.479,M,#F0E628,12,1.0,0,0,0.232,0,0,0,0,0.0,8
1,2024,2024151,17,Alpine,17,GAS,Pierre Gasly,10,#0093CC,13.0,858,76.961,76.961,0,0,77.168,0.414,0.185,0.965,-0.297,17.0,0.185,0.965,-0.297,17.0,-0.78,M,#F0E628,13,1.0,0,0,0.232,0,0,0,0,0.0,8
1,2024,2024151,17,Alpine,17,GAS,Pierre Gasly,10,#0093CC,14.0,859,76.929,76.929,0,0,76.945,0.032,0.079,0.806,-0.324,17.0,0.079,0.806,-0.324,17.0,-0.727,M,#F0E628,14,1.0,0,0,0.232,0,0,0,0,0.0,8
1,2024,2024151,17,Alpine,17,GAS,Pierre Gasly,10,#0093CC,15.0,860,77.12,77.12,0,0,77.024,0.191,-0.249,1.736,-1.117,17.0,-0.249,0.581,-0.539,17.0,-1.985,M,#F0E628,15,1.0,0,0,0.232,0,0,0,0,0.0,8
1,2024,2024151,17,Alpine,17,GAS,Pierre Gasly,10,#0093CC,16.0,861,76.975,76.975,0,0,77.048,0.145,-0.212,0.691,-0.557,17.0,-0.212,0.691,-0.557,17.0,-0.903,M,#F0E628,16,1.0,0,0,0.232,0,0,0,0,0.0,8
1,2024,2024151,17,Alpine,17,GAS,Pierre Gasly,10,#0093CC,17.0,862,77.261,77.026,1,0,77.0,0.286,-0.444,0.575,-0.731,17.0,-0.209,0.810,-0.614,17.0,-1.019,M,#F0E628,17,1.0,0,1,0.232,0,0,0,0,0.0,8
1,2024,2024151,17,Alpine,17,GAS,Pierre Gasly,10,#0093CC,18.0,863,77.076,77.076,0,0,77.051,0.185,-0.301,0.572,-0.587,17.0,-0.301,0.572,-0.587,17.0,-0.873,M,#F0E628,18,1.0,0,0,0.232,0,0,0,0,0.0,8
1,2024,2024151,17,Alpine,17,GAS,Pierre Gasly,10,#0093CC,19.0,864,77.034,77.034,0,0,77.055,0.042,-0.223,0.671,-0.558,17.0,-0.223,0.671,-0.558,17.0,-0.894,M,#F0E628,19,1.0,0,0,0.232,0,0,0,0,0.0,8
1,2024,2024151,17,Alpine,17,GAS,Pierre Gasly,10,#0093CC,20.0,865,77.135,77.135,0,0,77.084,0.101,-0.351,0.383,-0.542,17.0,-0.351,0.383,-0.542,17.0,-0.734,M,#F0E628,20,1.0,0,0,0.232,0,0,0,0,0.0,8
1,2024,2024151,17,Alpine,17,GAS,Pierre Gasly,10,#0093CC,21.0,866,77.265,77.265,0,0,77.2,0.130,-0.527,0.328,-0.691,17.0,-0.527,0.328,-0.691,17.0,-0.855,M,#F0E628,21,1.0,0,0,0.232,0,0,0,0,0.0,8
1,2024,2024151,17,Alpine,17,GAS,Pierre Gasly,10,#0093CC,22.0,867,77.24,77.24,0,0,77.252,0.025,-0.433,1.165,-1.016,17.0,-0.433,0.494,-0.680,17.0,-1.598,M,#F0E628,22,1.0,0,0,0.232,0,0,0,0,0.0,8
1,2024,2024151,17,Alpine,17,GAS,Pierre Gasly,10,#0093CC,23.0,868,77.09,77.09,0,0,77.165,0.150,-0.245,0.785,-0.637,17.0,-0.245,0.785,-0.637,17.0,-1.03,M,#F0E628,23,1.0,0,0,0.232,0,0,0,0,0.0,8
1,2024,2024151,17,Alpine,17,GAS,Pierre Gasly,10,#0093CC,24.0,869,76.916,76.916,0,0,77.003,0.174,-0.183,0.582,-0.474,17.0,-0.183,0.582,-0.474,17.0,-0.765,M,#F0E628,24,1.0,0,0,0.232,0,0,0,0,0.0,8
1,2024,2024151,17,Alpine,17,GAS,Pierre Gasly,10,#0093CC,25.0,870,77.052,77.052,0,0,76.984,0.136,-0.408,0.365,-0.591,17.0,-0.408,0.365,-0.591,17.0,-0.773,M,#F0E628,25,1.0,0,0,0.232,0,0,0,0,0.0,7
1,2024,2024151,17,Alpine,17,GAS,Pierre Gasly,10,#0093CC,26.0,871,76.972,76.972,0,0,77.012,0.080,-0.417,1.194,-1.014,17.0,-0.417,0.786,-0.810,17.0,-1.611,M,#F0E628,26,1.0,0,0,0.232,0,0,0,0,0.0,6
1,2024,2024151,17,Alpine,17,GAS,Pierre Gasly,10,#0093CC,27.0,872,76.757,76.757,0,0,76.864,0.215,-0.322,1.342,-0.993,17.0,-0.322,1.342,-0.993,17.0,-1.664,M,#F0E628,27,1.0,0,0,0.232,0,0,0,0,0.0,6
1,2024,2024151,17,Alpine,17,GAS,Pierre Gasly,10,#0093CC,28.0,873,77.516,77.516,0,0,77.137,0.759,-0.76,0.305,-0.912,17.0,-0.760,0.305,-0.912,17.0,-1.065,M,#F0E628,28,1.0,0,0,0.232,0,0,0,0,-1.0,7
1,2024,2024151,17,Alpine,17,GAS,Pierre Gasly,10,#0093CC,29.0,874,79.144,77.634,1,0,77.575,1.628,-2.458,-1.463,-1.726,13.0,-0.948,0.047,-0.972,17.0,-0.995,M,#F0E628,29,1.0,0,0,0.232,0,0,0,0,-1.0,8
1,2024,2024151,17,Alpine,17,GAS,Pierre Gasly,10,#0093CC,30.0,875,77.752,77.752,0,0,77.693,1.392,-1.347,-,-,-,-1.347,-,-,-,,M,#F0E628,30,1.0,0,0,0.232,0,0,0,0,0.0,7
1,2024,2024151,17,Alpine,17,GAS,Pierre Gasly,10,#0093CC,31.0,876,77.353,77.353,0,0,77.552,0.399,-1.161,-,-,-,-1.161,-,-,-,,M,#F0E628,31,1.0,0,0,0.232,0,0,0,0,0.0,6
1,2024,2024151,17,Alpine,17,GAS,Pierre Gasly,10,#0093CC,32.0,877,-,-,0,1,-,-,-,-,-,-,-,-,-,-,-0.226,M,#F0E628,32,1.0,1,0,0.232,0,0,0,0,0.0,7
1,2024,2024151,17,Alpine,17,GAS,Pierre Gasly,10,#0093CC,33.0,878,-,-,0,1,-,-,-,-,-,-,-,-,-,-,-0.22,H,#A5AFB9,1,2.0,0,0,0.232,0,0,0,0,0.0,12
1,2024,2024151,17,Alpine,17,GAS,Pierre Gasly,10,#0093CC,34.0,879,75.577,75.577,0,0,-,-,0.185,0.457,-0.043,17.0,0.185,0.457,-0.043,17.0,-0.272,H,#A5AFB9,2,2.0,0,0,0.232,0,0,0,0,0.0,12
1,2024,2024151,17,Alpine,17,GAS,Pierre Gasly,10,#0093CC,35.0,880,75.264,75.264,0,0,75.42,0.313,0.363,0.358,0.184,17.0,0.363,0.358,0.184,17.0,0.005,H,#A5AFB9,3,2.0,0,0,0.232,0,0,0,0,0.0,12
1,2024,2024151,17,Alpine,17,GAS,Pierre Gasly,10,#0093CC,36.0,881,76.516,75.66,1,0,75.462,1.252,-0.873,-0.907,-0.419,13.0,-0.016,-0.050,0.009,13.0,0.034,H,#A5AFB9,4,2.0,0,0,0.232,0,0,0,0,0.0,12
1,2024,2024151,17,Alpine,17,GAS,Pierre Gasly,10,#0093CC,37.0,882,76.055,76.055,0,0,75.857,0.461,-0.354,-0.489,-0.109,13.0,-0.354,-0.489,-0.109,13.0,0.135,H,#A5AFB9,5,2.0,0,0,0.232,0,0,0,0,0.0,12
1,2024,2024151,17,Alpine,17,GAS,Pierre Gasly,10,#0093CC,38.0,883,75.926,75.926,0,0,75.99,0.129,-0.09,-0.024,-0.078,13.0,-0.090,-0.024,-0.078,13.0,-0.066,H,#A5AFB9,6,2.0,0,0,0.232,0,0,0,0,0.0,12
1,2024,2024151,17,Alpine,17,GAS,Pierre Gasly,10,#0093CC,39.0,884,78.161,76.16,1,0,76.043,2.235,-2.052,-2.381,-0.862,13.0,-0.051,-0.380,0.139,13.0,0.329,H,#A5AFB9,7,2.0,0,0,0.232,0,0,0,0,1.0,11
1,2024,2024151,17,Alpine,17,GAS,Pierre Gasly,10,#0093CC,40.0,885,76.394,76.394,0,0,76.277,1.767,-0.493,-0.367,-0.309,13.0,-0.493,-0.367,-0.309,13.0,-0.126,H,#A5AFB9,8,2.0,0,0,0.232,0,0,0,0,1.0,10
1,2024,2024151,17,Alpine,17,GAS,Pierre Gasly,10,#0093CC,41.0,886,75.858,75.858,0,0,76.126,0.536,0.207,1.263,-0.424,17.0,0.207,1.263,-0.424,17.0,-1.056,H,#A5AFB9,9,2.0,0,0,0.232,0,0,0,0,0.0,10
1,2024,2024151,17,Alpine,17,GAS,Pierre Gasly,10,#0093CC,42.0,887,76.021,76.021,0,0,75.94,0.163,0.037,2.350,-1.138,17.0,0.037,0.615,-0.270,17.0,-2.313,H,#A5AFB9,10,2.0,0,0,0.232,0,0,0,0,0.0,10
1,2024,2024151,17,Alpine,17,GAS,Pierre Gasly,10,#0093CC,43.0,888,75.978,75.978,0,0,76.0,0.043,-0.138,0.173,-0.225,17.0,-0.138,0.173,-0.225,17.0,-0.311,H,#A5AFB9,11,2.0,0,0,0.232,0,0,0,0,0.0,10
1,2024,2024151,17,Alpine,17,GAS,Pierre Gasly,10,#0093CC,44.0,889,75.672,75.672,0,0,75.825,0.306,0.038,0.178,-0.051,17.0,0.038,0.178,-0.051,17.0,-0.14,H,#A5AFB9,12,2.0,0,0,0.232,0,0,0,0,0.0,10
1,2024,2024151,17,Alpine,17,GAS,Pierre Gasly,10,#0093CC,45.0,890,75.621,75.621,0,0,75.646,0.051,0.079,0.246,-0.044,17.0,0.079,0.246,-0.044,17.0,-0.167,H,#A5AFB9,13,2.0,0,0,0.232,0,0,0,0,0.0,10
1,2024,2024151,17,Alpine,17,GAS,Pierre Gasly,10,#0093CC,46.0,891,75.611,75.611,0,0,75.616,0.010,0.145,0.530,-0.120,17.0,0.145,0.530,-0.120,17.0,-0.385,H,#A5AFB9,14,2.0,0,0,0.232,0,0,0,0,0.0,10
1,2024,2024151,17,Alpine,17,GAS,Pierre Gasly,10,#0093CC,47.0,892,76.002,75.488,1,0,75.55,0.391,-0.161,-0.291,-0.015,13.0,0.353,0.223,0.241,17.0,0.13,H,#A5AFB9,15,2.0,0,0,0.232,0,0,0,0,0.0,10
1,2024,2024151,17,Alpine,17,GAS,Pierre Gasly,10,#0093CC,48.0,893,75.366,75.366,0,0,75.427,0.636,0.368,0.713,0.011,17.0,0.368,0.713,0.011,17.0,-0.345,H,#A5AFB9,16,2.0,0,0,0.232,0,0,0,0,0.0,10
1,2024,2024151,17,Alpine,17,GAS,Pierre Gasly,10,#0093CC,49.0,894,75.606,75.606,0,0,75.486,0.240,0.15,0.651,-0.175,17.0,0.150,0.651,-0.175,17.0,-0.501,H,#A5AFB9,17,2.0,0,0,0.232,0,0,0,0,0.0,10
1,2024,2024151,17,Alpine,17,GAS,Pierre Gasly,10,#0093CC,50.0,895,75.643,75.643,0,0,75.624,0.037,-0.069,-0.253,0.057,13.0,-0.069,-0.253,0.057,13.0,0.184,H,#A5AFB9,18,2.0,0,0,0.232,0,0,0,0,0.0,10
1,2024,2024151,17,Alpine,17,GAS,Pierre Gasly,10,#0093CC,51.0,896,75.483,75.483,0,0,75.563,0.160,-0.067,2.273,-1.204,17.0,-0.067,0.166,-0.150,17.0,-2.34,H,#A5AFB9,19,2.0,0,0,0.232,0,0,0,0,0.0,10
1,2024,2024151,17,Alpine,17,GAS,Pierre Gasly,10,#0093CC,52.0,897,75.196,75.196,0,0,75.34,0.287,0.24,0.711,-0.115,17.0,0.240,0.711,-0.115,17.0,-0.471,H,#A5AFB9,20,2.0,0,1,0.232,0,0,0,0,0.0,10
1,2024,2024151,17,Alpine,17,GAS,Pierre Gasly,10,#0093CC,53.0,898,74.987,74.987,0,0,75.092,0.209,0.497,0.961,0.016,17.0,0.497,0.961,0.016,17.0,-0.464,H,#A5AFB9,21,2.0,0,0,0.232,0,0,0,0,0.0,10
1,2024,2024151,17,Alpine,17,GAS,Pierre Gasly,10,#0093CC,54.0,899,74.855,74.855,0,0,74.921,0.132,0.593,1.007,0.089,17.0,0.593,1.007,0.089,17.0,-0.414,H,#A5AFB9,22,2.0,0,0,0.232,0,0,0,0,0.0,10
1,2024,2024151,17,Alpine,17,GAS,Pierre Gasly,10,#0093CC,55.0,900,75.256,75.037,1,0,74.946,0.401,0.266,0.575,-0.021,17.0,0.485,0.794,0.088,17.0,-0.309,H,#A5AFB9,23,2.0,0,0,0.232,0,0,0,0,0.0,10
1,2024,2024151,17,Alpine,17,GAS,Pierre Gasly,10,#0093CC,56.0,901,75.219,75.219,0,0,75.128,0.037,0.329,0.733,-0.037,17.0,0.329,0.733,-0.037,17.0,-0.404,H,#A5AFB9,24,2.0,0,0,0.232,0,0,0,0,0.0,10
1,2024,2024151,17,Alpine,17,GAS,Pierre Gasly,10,#0093CC,57.0,902,75.147,75.147,0,0,75.183,0.072,0.474,4.340,-1.696,17.0,0.474,0.797,0.075,17.0,-3.866,H,#A5AFB9,25,2.0,0,0,0.232,0,0,0,0,0.0,10
1,2024,2024151,17,Alpine,17,GAS,Pierre Gasly,10,#0093CC,58.0,903,75.794,75.365,1,0,75.256,0.647,-0.208,0.142,-0.279,17.0,0.221,0.571,-0.064,17.0,-0.35,H,#A5AFB9,26,2.0,0,0,0.232,0,0,0,0,0.0,10
1,2024,2024151,17,Alpine,17,GAS,Pierre Gasly,10,#0093CC,59.0,904,75.583,75.583,0,0,75.474,0.211,-0.108,0.203,-0.209,17.0,-0.108,0.203,-0.209,17.0,-0.311,H,#A5AFB9,27,2.0,0,0,0.232,0,0,0,0,0.0,10
1,2024,2024151,17,Alpine,17,GAS,Pierre Gasly,10,#0093CC,60.0,905,76.583,75.977,1,0,75.78,1.000,-1.121,-0.954,-0.644,13.0,-0.515,-0.348,-0.341,13.0,-0.167,H,#A5AFB9,28,2.0,0,0,0.232,0,0,0,0,1.0,9
1,2024,2024151,17,Alpine,17,GAS,Pierre Gasly,10,#0093CC,61.0,906,76.371,76.371,0,0,76.174,0.212,-0.817,1.144,-1.389,17.0,-0.817,-0.558,-0.538,13.0,-1.961,H,#A5AFB9,29,2.0,0,0,0.232,0,0,0,0,0.0,9
1,2024,2024151,17,Alpine,17,GAS,Pierre Gasly,10,#0093CC,62.0,907,75.24,75.24,0,0,75.806,1.131,0.289,0.758,-0.090,17.0,0.289,0.758,-0.090,17.0,-0.469,H,#A5AFB9,30,2.0,0,0,0.232,0,0,0,0,0.0,9
1,2024,2024151,17,Alpine,17,GAS,Pierre Gasly,10,#0093CC,63.0,908,75.351,75.351,0,0,75.296,0.111,0.202,0.267,0.069,17.0,0.202,0.267,0.069,17.0,-0.065,H,#A5AFB9,31,2.0,0,0,0.232,0,0,0,0,0.0,9
1,2024,2024151,17,Alpine,17,GAS,Pierre Gasly,10,#0093CC,64.0,909,75.381,75.381,0,0,75.366,0.030,0.02,0.372,-0.166,17.0,0.020,0.372,-0.166,17.0,-0.352,H,#A5AFB9,32,2.0,0,0,0.232,0,0,0,0,0.0,9
1,2024,2024151,17,Alpine,17,GAS,Pierre Gasly,10,#0093CC,65.0,910,75.494,75.494,0,0,75.438,0.113,-0.08,0.247,-0.203,17.0,-0.080,0.247,-0.203,17.0,-0.327,H,#A5AFB9,33,2.0,0,0,0.232,0,0,0,0,0.0,9
1,2024,2024151,17,Alpine,17,GAS,Pierre Gasly,10,#0093CC,66.0,911,75.329,75.329,0,0,75.411,0.165,0.035,0.442,-0.186,17.0,0.035,0.442,-0.186,17.0,-0.407,H,#A5AFB9,34,2.0,0,0,0.232,0,0,0,0,0.0,9
1,2024,2024151,17,Alpine,17,GAS,Pierre Gasly,10,#0093CC,67.0,912,75.067,75.067,0,0,75.198,0.262,0.293,2.339,-0.876,17.0,0.293,0.523,0.031,17.0,-2.046,H,#A5AFB9,35,2.0,0,0,0.232,0,0,0,0,0.0,9
1,2024,2024151,17,Alpine,17,GAS,Pierre Gasly,10,#0093CC,68.0,913,75.331,75.331,0,0,75.199,0.264,0.065,0.079,0.025,17.0,0.065,0.079,0.025,17.0,-0.014,H,#A5AFB9,36,2.0,0,0,0.232,0,0,0,0,0.0,9
1,2024,2024151,17,Alpine,17,GAS,Pierre Gasly,10,#0093CC,69.0,914,75.281,75.281,0,0,75.306,0.050,0.295,1.937,-0.673,17.0,0.295,1.937,-0.673,17.0,-1.642,H,#A5AFB9,37,2.0,0,0,0.232,0,0,0,0,0.0,9
1,2024,2024151,17,Alpine,17,GAS,Pierre Gasly,10,#0093CC,70.0,915,75.444,75.444,0,0,75.363,0.163,0.155,1.907,-0.798,17.0,0.155,1.907,-0.798,17.0,-1.752,H,#A5AFB9,38,2.0,0,0,0.232,0,0,0,0,0.0,9
1,2024,2024151,17,Alpine,17,GAS,Pierre Gasly,10,#0093CC,71.0,916,75.553,75.553,0,0,75.498,0.109,-0.139,0.393,-0.336,17.0,-0.139,0.393,-0.336,17.0,-0.532,H,#A5AFB9,39,2.0,0,0,0.232,0,0,0,0,0.0,9
1,2024,2024161,18,Alpine,13,OCO,Esteban Ocon,31,#0093CC,1.0,918,-,-,0,1,-,-,-,-,-,-,-,-,-,-,,H,#A5AFB9,1,1.0,0,0,0.217,0,0,0,0,,15
1,2024,2024161,18,Alpine,13,OCO,Esteban Ocon,31,#0093CC,2.0,919,-,-,0,1,-,-,-,-,-,-,-,-,-,-,,H,#A5AFB9,2,1.0,0,0,0.217,0,0,0,0,1.0,14
1,2024,2024161,18,Alpine,13,OCO,Esteban Ocon,31,#0093CC,3.0,920,86.466,86.466,0,0,-,-,-0.307,0.180,-0.397,13.0,-0.307,0.180,-0.397,13.0,-0.487,H,#A5AFB9,3,1.0,0,0,0.217,0,0,0,0,0.0,14
1,2024,2024161,18,Alpine,13,OCO,Esteban Ocon,31,#0093CC,4.0,921,86.297,86.297,0,0,86.381,0.169,-0.349,0.098,-0.398,13.0,-0.349,0.098,-0.398,13.0,-0.447,H,#A5AFB9,4,1.0,0,0,0.217,0,0,0,0,0.0,14
1,2024,2024161,18,Alpine,13,OCO,Esteban Ocon,31,#0093CC,5.0,922,86.568,86.568,0,0,86.432,0.271,-0.813,-0.207,-0.710,17.0,-0.813,-0.207,-0.710,17.0,-0.606,H,#A5AFB9,5,1.0,0,0,0.217,0,0,0,0,0.0,14
1,2024,2024161,18,Alpine,13,OCO,Esteban Ocon,31,#0093CC,6.0,923,85.684,85.684,0,0,86.126,0.884,-0.062,0.358,-0.241,13.0,-0.062,0.358,-0.241,13.0,-0.42,H,#A5AFB9,6,1.0,0,0,0.217,0,0,0,0,0.0,14
1,2024,2024161,18,Alpine,13,OCO,Esteban Ocon,31,#0093CC,7.0,924,86.006,86.006,0,0,85.845,0.322,-0.513,-0.186,-0.420,17.0,-0.513,-0.186,-0.420,17.0,-0.327,H,#A5AFB9,7,1.0,0,0,0.217,0,0,0,0,0.0,14
1,2024,2024161,18,Alpine,13,OCO,Esteban Ocon,31,#0093CC,8.0,925,86.053,86.053,0,0,86.03,0.047,-0.518,0.412,-0.724,13.0,-0.518,0.412,-0.724,13.0,-0.93,H,#A5AFB9,8,1.0,0,0,0.217,0,0,0,0,0.0,14
1,2024,2024161,18,Alpine,13,OCO,Esteban Ocon,31,#0093CC,9.0,926,85.369,85.369,0,0,85.711,0.684,0.096,1.779,-0.793,13.0,0.096,1.779,-0.793,13.0,-1.683,H,#A5AFB9,9,1.0,0,0,0.217,0,0,0,0,1.0,13
1,2024,2024161,18,Alpine,13,OCO,Esteban Ocon,31,#0093CC,10.0,927,86.035,86.035,0,0,85.702,0.666,-0.637,-,-,-,-0.637,-,-,-,,H,#A5AFB9,10,1.0,0,0,0.217,0,0,0,0,0.0,13
1,2024,2024161,18,Alpine,13,OCO,Esteban Ocon,31,#0093CC,11.0,928,86.349,86.349,0,0,86.192,0.314,-0.865,-,-,-,-0.865,-,-,-,,H,#A5AFB9,11,1.0,0,0,0.217,0,0,0,0,0.0,12
1,2024,2024161,18,Alpine,13,OCO,Esteban Ocon,31,#0093CC,12.0,929,85.954,85.954,0,0,86.152,0.395,-0.537,-0.884,-0.095,17.0,-0.537,-0.884,-0.095,17.0,0.347,H,#A5AFB9,12,1.0,0,0,0.217,0,0,0,0,0.0,10
1,2024,2024161,18,Alpine,13,OCO,Esteban Ocon,31,#0093CC,13.0,930,86.059,86.059,0,0,86.006,0.105,-0.484,-1.243,0.138,17.0,-0.484,-1.243,0.138,17.0,0.759,H,#A5AFB9,13,1.0,0,0,0.217,0,0,0,0,0.0,10
1,2024,2024161,18,Alpine,13,OCO,Esteban Ocon,31,#0093CC,14.0,931,86.307,86.307,0,0,86.183,0.248,-0.595,-1.093,-0.048,17.0,-0.595,-1.093,-0.048,17.0,0.498,H,#A5AFB9,14,1.0,0,0,0.217,0,0,0,0,0.0,9
1,2024,2024161,18,Alpine,13,OCO,Esteban Ocon,31,#0093CC,15.0,932,86.677,86.677,0,0,86.492,0.370,-1.021,-1.148,-0.447,17.0,-1.021,-1.148,-0.447,17.0,0.127,H,#A5AFB9,15,1.0,0,0,0.217,0,0,0,0,0.0,9
1,2024,2024161,18,Alpine,13,OCO,Esteban Ocon,31,#0093CC,16.0,933,86.694,86.694,0,0,86.686,0.017,-1.166,-1.156,-0.588,17.0,-1.166,-1.156,-0.588,17.0,-0.01,H,#A5AFB9,16,1.0,0,1,0.217,0,0,0,0,0.0,8
1,2024,2024161,18,Alpine,13,OCO,Esteban Ocon,31,#0093CC,17.0,934,86.002,86.002,0,0,86.348,0.692,-0.831,-0.837,-0.412,17.0,-0.831,-0.837,-0.412,17.0,0.006,H,#A5AFB9,17,1.0,0,0,0.217,0,0,0,0,0.0,8
1,2024,2024161,18,Alpine,13,OCO,Esteban Ocon,31,#0093CC,18.0,935,86.234,86.234,0,0,86.118,0.232,-1.053,-0.051,-1.028,17.0,-1.053,-0.949,-0.579,17.0,-1.002,H,#A5AFB9,18,1.0,0,0,0.217,0,0,0,0,0.0,7
1,2024,2024161,18,Alpine,13,OCO,Esteban Ocon,31,#0093CC,19.0,936,86.174,86.174,0,0,86.204,0.060,-1.064,-0.771,-0.678,17.0,-1.064,-0.771,-0.678,17.0,-0.293,H,#A5AFB9,19,1.0,0,0,0.217,0,0,0,0,0.0,7
1,2024,2024161,18,Alpine,13,OCO,Esteban Ocon,31,#0093CC,20.0,937,87.326,86.312,1,0,86.243,1.152,-2.205,-2.268,-1.071,17.0,-1.191,-1.254,-0.564,17.0,0.063,H,#A5AFB9,20,1.0,0,0,0.217,0,0,0,0,-1.0,8
1,2024,2024161,18,Alpine,13,OCO,Esteban Ocon,31,#0093CC,21.0,938,86.45,86.45,0,0,86.381,0.876,-1.397,-1.572,-0.611,17.0,-1.397,-1.572,-0.611,17.0,0.175,H,#A5AFB9,21,1.0,0,0,0.217,0,0,0,0,0.0,8
1,2024,2024161,18,Alpine,13,OCO,Esteban Ocon,31,#0093CC,22.0,939,86.327,86.327,0,0,86.388,0.123,-1.281,-1.222,-0.670,17.0,-1.281,-1.222,-0.670,17.0,-0.059,H,#A5AFB9,22,1.0,0,0,0.217,0,0,0,0,0.0,8
1,2024,2024161,18,Alpine,13,OCO,Esteban Ocon,31,#0093CC,23.0,940,86.201,86.201,0,0,86.264,0.126,-1.289,-0.040,-1.269,17.0,-1.289,-0.708,-0.935,17.0,-1.249,H,#A5AFB9,23,1.0,0,0,0.217,0,0,0,0,0.0,7
1,2024,2024161,18,Alpine,13,OCO,Esteban Ocon,31,#0093CC,24.0,941,86.77,86.77,0,0,86.486,0.569,-1.975,-0.888,-1.531,17.0,-1.975,-0.888,-1.531,17.0,-1.087,H,#A5AFB9,24,1.0,0,0,0.217,0,0,0,0,-1.0,7
1,2024,2024161,18,Alpine,13,OCO,Esteban Ocon,31,#0093CC,25.0,942,87.519,86.576,1,0,86.673,0.749,-2.837,-1.531,-2.072,17.0,-1.895,-0.589,-1.601,17.0,-1.306,H,#A5AFB9,25,1.0,0,0,0.217,0,0,0,0,-2.0,9
1,2024,2024161,18,Alpine,13,OCO,Esteban Ocon,31,#0093CC,26.0,943,86.383,86.383,0,0,86.48,1.136,-1.799,-0.641,-1.478,17.0,-1.799,-0.641,-1.478,17.0,-1.158,H,#A5AFB9,26,1.0,0,0,0.217,0,0,0,0,0.0,9
1,2024,2024161,18,Alpine,13,OCO,Esteban Ocon,31,#0093CC,27.0,944,86.725,86.725,0,0,86.554,0.342,-2.18,0.466,-2.413,13.0,-2.180,-0.942,-1.709,17.0,-2.646,H,#A5AFB9,27,1.0,0,0,0.217,0,0,0,0,-1.0,10
1,2024,2024161,18,Alpine,13,OCO,Esteban Ocon,31,#0093CC,28.0,945,86.013,86.013,0,0,86.369,0.712,-1.534,-0.190,-1.439,17.0,-1.534,-0.190,-1.439,17.0,-1.344,H,#A5AFB9,28,1.0,0,0,0.217,0,0,0,0,0.0,10
1,2024,2024161,18,Alpine,13,OCO,Esteban Ocon,31,#0093CC,29.0,946,86.099,86.099,0,0,86.056,0.086,-1.552,-0.020,-1.542,17.0,-1.552,-0.020,-1.542,17.0,-1.532,H,#A5AFB9,29,1.0,0,0,0.217,0,0,0,0,0.0,10
1,2024,2024161,18,Alpine,13,OCO,Esteban Ocon,31,#0093CC,30.0,947,86.025,86.025,0,0,86.062,0.074,-1.578,-,-,-,-1.578,-,-,-,,H,#A5AFB9,30,1.0,0,0,0.217,0,0,0,0,0.0,10
1,2024,2024161,18,Alpine,13,OCO,Esteban Ocon,31,#0093CC,31.0,948,-,-,0,1,-,-,-,-,-,-,-,-,-,-,,H,#A5AFB9,31,1.0,1,0,0.217,0,0,0,0,0.0,12
1,2024,2024161,18,Alpine,13,OCO,Esteban Ocon,31,#0093CC,32.0,949,-,-,0,1,-,-,-,-,-,-,-,-,-,-,-0.015,M,#F0E628,1,2.0,0,0,0.232,0,0,0,0,0.0,16
1,2024,2024161,18,Alpine,13,OCO,Esteban Ocon,31,#0093CC,33.0,950,84.652,84.652,0,0,-,-,-0.395,-0.400,-0.195,17.0,-0.395,-0.400,-0.195,17.0,0.005,M,#F0E628,2,2.0,0,0,0.232,0,0,0,0,0.0,16
1,2024,2024161,18,Alpine,13,OCO,Esteban Ocon,31,#0093CC,34.0,951,84.965,84.965,0,0,84.809,0.313,-0.737,-0.582,-0.446,17.0,-0.737,-0.582,-0.446,17.0,-0.155,M,#F0E628,3,2.0,0,0,0.232,0,0,0,0,0.0,15
1,2024,2024161,18,Alpine,13,OCO,Esteban Ocon,31,#0093CC,35.0,952,85.019,85.019,0,0,84.992,0.054,-0.802,-0.197,-0.704,17.0,-0.802,-0.197,-0.704,17.0,-0.605,M,#F0E628,4,2.0,0,0,0.232,0,0,0,0,0.0,15
1,2024,2024161,18,Alpine,13,OCO,Esteban Ocon,31,#0093CC,36.0,953,84.942,84.942,0,0,84.98,0.077,-0.78,0.649,-1.105,13.0,-0.780,-0.338,-0.611,17.0,-1.429,M,#F0E628,5,2.0,0,0,0.232,0,0,0,0,0.0,15
1,2024,2024161,18,Alpine,13,OCO,Esteban Ocon,31,#0093CC,37.0,954,84.613,84.613,0,0,84.778,0.329,-0.517,-0.227,-0.403,17.0,-0.517,-0.227,-0.403,17.0,-0.29,M,#F0E628,6,2.0,0,0,0.232,0,0,0,0,0.0,14
1,2024,2024161,18,Alpine,13,OCO,Esteban Ocon,31,#0093CC,38.0,955,84.845,84.845,0,0,84.729,0.232,-0.639,0.384,-0.831,13.0,-0.639,-0.357,-0.461,17.0,-1.023,M,#F0E628,7,2.0,0,0,0.232,0,0,0,0,0.0,14
1,2024,2024161,18,Alpine,13,OCO,Esteban Ocon,31,#0093CC,39.0,956,85.267,85.028,1,0,84.936,0.422,-1.045,-0.676,-0.707,17.0,-0.806,-0.437,-0.588,17.0,-0.369,M,#F0E628,8,2.0,0,0,0.232,0,0,0,0,0.0,14
1,2024,2024161,18,Alpine,13,OCO,Esteban Ocon,31,#0093CC,40.0,957,85.211,85.211,0,0,85.119,0.056,-1.121,-0.107,-1.067,17.0,-1.121,-0.107,-1.067,17.0,-1.014,M,#F0E628,9,2.0,0,0,0.232,0,0,0,0,0.0,14
1,2024,2024161,18,Alpine,13,OCO,Esteban Ocon,31,#0093CC,41.0,958,85.06,85.06,0,0,85.136,0.151,-1.063,0.712,-1.419,13.0,-1.063,-0.206,-0.960,17.0,-1.775,M,#F0E628,10,2.0,0,0,0.232,0,0,0,0,0.0,14
1,2024,2024161,18,Alpine,13,OCO,Esteban Ocon,31,#0093CC,42.0,959,85.119,85.119,0,0,85.09,0.059,-1.024,-0.514,-0.767,17.0,-1.024,-0.514,-0.767,17.0,-0.51,M,#F0E628,11,2.0,0,1,0.232,0,0,0,0,0.0,14
1,2024,2024161,18,Alpine,13,OCO,Esteban Ocon,31,#0093CC,43.0,960,86.111,84.894,1,0,85.006,0.992,-2.163,-0.969,-1.679,17.0,-0.947,0.247,-1.071,13.0,-1.194,M,#F0E628,12,2.0,0,0,0.232,0,0,0,0,0.0,14
1,2024,2024161,18,Alpine,13,OCO,Esteban Ocon,31,#0093CC,44.0,961,84.669,84.669,0,0,84.782,1.442,-0.707,1.506,-1.460,13.0,-0.707,0.614,-1.014,13.0,-2.213,M,#F0E628,13,2.0,0,0,0.232,0,0,0,0,0.0,14
1,2024,2024161,18,Alpine,13,OCO,Esteban Ocon,31,#0093CC,45.0,962,84.587,84.587,0,0,84.628,0.082,-0.725,0.838,-1.144,13.0,-0.725,0.838,-1.144,13.0,-1.563,M,#F0E628,14,2.0,0,0,0.232,0,0,0,0,0.0,14
1,2024,2024161,18,Alpine,13,OCO,Esteban Ocon,31,#0093CC,46.0,963,84.449,84.449,0,0,84.518,0.138,-0.691,-0.046,-0.668,17.0,-0.691,-0.046,-0.668,17.0,-0.645,M,#F0E628,15,2.0,0,0,0.232,0,0,0,0,0.0,14
1,2024,2024161,18,Alpine,13,OCO,Esteban Ocon,31,#0093CC,47.0,964,84.506,84.506,0,0,84.477,0.057,-0.806,-0.583,-0.515,17.0,-0.806,-0.583,-0.515,17.0,-0.223,M,#F0E628,16,2.0,0,0,0.232,0,0,0,0,0.0,14
1,2024,2024161,18,Alpine,13,OCO,Esteban Ocon,31,#0093CC,48.0,965,84.458,84.458,0,0,84.482,0.048,-0.716,-0.422,-0.505,17.0,-0.716,-0.422,-0.505,17.0,-0.294,M,#F0E628,17,2.0,0,0,0.232,0,0,0,0,0.0,14
1,2024,2024161,18,Alpine,13,OCO,Esteban Ocon,31,#0093CC,49.0,966,85.79,85.073,1,0,84.766,1.332,-2.061,-1.938,-1.092,17.0,-1.344,-1.221,-0.734,17.0,-0.123,M,#F0E628,18,2.0,0,0,0.232,0,0,0,0,0.0,14
1,2024,2024161,18,Alpine,13,OCO,Esteban Ocon,31,#0093CC,50.0,967,85.688,85.688,0,0,85.381,0.102,-1.999,-1.611,-1.194,17.0,-1.999,-1.611,-1.194,17.0,-0.388,M,#F0E628,19,2.0,0,0,0.232,0,0,0,0,0.0,14
1,2024,2024161,18,Alpine,13,OCO,Esteban Ocon,31,#0093CC,51.0,968,84.59,84.59,0,0,85.139,1.098,-0.969,-0.835,-0.551,17.0,-0.969,-0.835,-0.551,17.0,-0.134,M,#F0E628,20,2.0,0,0,0.232,0,0,0,0,0.0,14
1,2024,2024161,18,Alpine,13,OCO,Esteban Ocon,31,#0093CC,52.0,969,84.343,84.343,0,0,84.466,0.247,-0.752,-0.370,-0.567,17.0,-0.752,-0.370,-0.567,17.0,-0.382,M,#F0E628,21,2.0,0,0,0.232,0,0,0,0,0.0,14
1,2024,2024161,18,Alpine,17,GAS,Pierre Gasly,10,#0093CC,1.0,918,-,-,0,1,-,-,-,-,-,-,-,-,-,-,,M,#F0E628,1,1.0,0,0,0.180,0,0,0,0,,13
1,2024,2024161,18,Alpine,17,GAS,Pierre Gasly,10,#0093CC,2.0,919,-,-,0,1,-,-,-,-,-,-,-,-,-,-,,M,#F0E628,2,1.0,0,0,0.180,0,0,0,0,0.0,13
1,2024,2024161,18,Alpine,17,GAS,Pierre Gasly,10,#0093CC,3.0,920,86.646,86.646,0,0,-,-,-0.487,0.180,-0.397,13.0,-0.487,0.180,-0.397,13.0,-0.307,M,#F0E628,3,1.0,0,0,0.180,0,0,0,0,0.0,13
1,2024,2024161,18,Alpine,17,GAS,Pierre Gasly,10,#0093CC,4.0,921,86.395,86.395,0,0,86.52,0.251,-0.447,0.098,-0.398,13.0,-0.447,0.098,-0.398,13.0,-0.349,M,#F0E628,4,1.0,0,0,0.180,0,0,0,0,0.0,13
1,2024,2024161,18,Alpine,17,GAS,Pierre Gasly,10,#0093CC,5.0,922,86.361,86.361,0,0,86.378,0.034,-0.606,-0.207,-0.710,17.0,-0.606,-0.207,-0.710,17.0,-0.813,M,#F0E628,5,1.0,0,0,0.180,0,0,0,0,0.0,13
1,2024,2024161,18,Alpine,17,GAS,Pierre Gasly,10,#0093CC,6.0,923,86.042,86.042,0,0,86.202,0.319,-0.42,0.358,-0.241,13.0,-0.420,0.358,-0.241,13.0,-0.062,M,#F0E628,6,1.0,0,1,0.180,0,0,0,0,0.0,13
1,2024,2024161,18,Alpine,17,GAS,Pierre Gasly,10,#0093CC,7.0,924,85.82,85.82,0,0,85.931,0.222,-0.327,-0.186,-0.420,17.0,-0.327,-0.186,-0.420,17.0,-0.513,M,#F0E628,7,1.0,0,0,0.180,0,0,0,0,0.0,13
1,2024,2024161,18,Alpine,17,GAS,Pierre Gasly,10,#0093CC,8.0,925,86.465,86.465,0,0,86.142,0.645,-0.93,0.412,-0.724,13.0,-0.930,0.412,-0.724,13.0,-0.518,M,#F0E628,8,1.0,0,0,0.180,0,0,0,0,0.0,13
1,2024,2024161,18,Alpine,17,GAS,Pierre Gasly,10,#0093CC,9.0,926,87.148,87.148,0,0,86.806,0.683,-1.683,1.779,-0.793,13.0,-1.683,1.779,-0.793,13.0,0.096,M,#F0E628,9,1.0,0,0,0.180,0,0,0,0,-1.0,14
1,2024,2024161,18,Alpine,17,GAS,Pierre Gasly,10,#0093CC,10.0,927,-,-,0,1,-,-,-,-,-,-,-,-,-,-,-0.637,M,#F0E628,10,1.0,1,0,0.180,0,0,0,0,0.0,17
1,2024,2024161,18,Alpine,17,GAS,Pierre Gasly,10,#0093CC,11.0,928,-,-,0,1,-,-,-,-,-,-,-,-,-,-,-0.865,H,#A5AFB9,1,2.0,0,0,0.287,0,0,0,0,0.0,18
1,2024,2024161,18,Alpine,17,GAS,Pierre Gasly,10,#0093CC,12.0,929,85.07,85.07,0,0,-,-,0.347,-0.884,-0.095,17.0,0.347,-0.884,-0.095,17.0,-0.537,H,#A5AFB9,2,2.0,0,0,0.287,0,0,0,0,0.0,17
1,2024,2024161,18,Alpine,17,GAS,Pierre Gasly,10,#0093CC,13.0,930,84.816,84.816,0,0,84.943,0.254,0.759,-1.243,0.138,17.0,0.759,-1.243,0.138,17.0,-0.484,H,#A5AFB9,3,2.0,0,0,0.287,0,0,0,0,0.0,17
1,2024,2024161,18,Alpine,17,GAS,Pierre Gasly,10,#0093CC,14.0,931,85.214,85.214,0,0,85.015,0.398,0.498,-1.093,-0.048,17.0,0.498,-1.093,-0.048,17.0,-0.595,H,#A5AFB9,4,2.0,0,0,0.287,0,0,0,0,0.0,17
1,2024,2024161,18,Alpine,17,GAS,Pierre Gasly,10,#0093CC,15.0,932,85.529,85.529,0,0,85.372,0.315,0.127,-1.148,-0.447,17.0,0.127,-1.148,-0.447,17.0,-1.021,H,#A5AFB9,5,2.0,0,0,0.287,0,0,0,0,0.0,16
1,2024,2024161,18,Alpine,17,GAS,Pierre Gasly,10,#0093CC,16.0,933,85.537,85.537,0,0,85.533,0.008,-0.01,-1.156,-0.588,17.0,-0.010,-1.156,-0.588,17.0,-1.166,H,#A5AFB9,6,2.0,0,0,0.287,0,0,0,0,0.0,15
1,2024,2024161,18,Alpine,17,GAS,Pierre Gasly,10,#0093CC,17.0,934,85.165,85.165,0,0,85.351,0.372,0.006,-0.837,-0.412,17.0,0.006,-0.837,-0.412,17.0,-0.831,H,#A5AFB9,7,2.0,0,0,0.287,0,0,0,0,0.0,14
1,2024,2024161,18,Alpine,17,GAS,Pierre Gasly,10,#0093CC,18.0,935,86.182,85.284,1,0,85.224,1.017,-1.002,-0.051,-1.028,17.0,-0.104,-0.949,-0.579,17.0,-1.053,H,#A5AFB9,8,2.0,0,0,0.287,0,0,0,0,0.0,14
1,2024,2024161,18,Alpine,17,GAS,Pierre Gasly,10,#0093CC,19.0,936,85.403,85.403,0,0,85.344,0.779,-0.293,-0.771,-0.678,17.0,-0.293,-0.771,-0.678,17.0,-1.064,H,#A5AFB9,9,2.0,0,0,0.287,0,0,0,0,0.0,14
1,2024,2024161,18,Alpine,17,GAS,Pierre Gasly,10,#0093CC,20.0,937,85.058,85.058,0,0,85.23,0.345,0.063,-2.268,-1.071,17.0,0.063,-1.254,-0.564,17.0,-2.205,H,#A5AFB9,10,2.0,0,1,0.287,0,0,0,0,0.0,13
1,2024,2024161,18,Alpine,17,GAS,Pierre Gasly,10,#0093CC,21.0,938,84.878,84.878,0,0,84.968,0.180,0.175,-1.572,-0.611,17.0,0.175,-1.572,-0.611,17.0,-1.397,H,#A5AFB9,11,2.0,0,0,0.287,0,0,0,0,0.0,13
1,2024,2024161,18,Alpine,17,GAS,Pierre Gasly,10,#0093CC,22.0,939,85.105,85.105,0,0,84.992,0.227,-0.059,-1.222,-0.670,17.0,-0.059,-1.222,-0.670,17.0,-1.281,H,#A5AFB9,12,2.0,0,0,0.287,0,0,0,0,0.0,13
1,2024,2024161,18,Alpine,17,GAS,Pierre Gasly,10,#0093CC,23.0,940,86.161,85.494,1,0,85.299,1.056,-1.249,-0.040,-1.269,17.0,-0.581,-0.708,-0.935,17.0,-1.289,H,#A5AFB9,13,2.0,0,0,0.287,0,0,0,0,-1.0,14
1,2024,2024161,18,Alpine,17,GAS,Pierre Gasly,10,#0093CC,24.0,941,85.882,85.882,0,0,85.688,0.279,-1.087,-0.888,-1.531,17.0,-1.087,-0.888,-1.531,17.0,-1.975,H,#A5AFB9,14,2.0,0,0,0.287,0,0,0,0,0.0,14
1,2024,2024161,18,Alpine,17,GAS,Pierre Gasly,10,#0093CC,25.0,942,85.988,85.988,0,0,85.935,0.106,-1.306,-1.531,-2.072,17.0,-1.306,-0.589,-1.601,17.0,-2.837,H,#A5AFB9,15,2.0,0,0,0.287,0,0,0,0,0.0,14
1,2024,2024161,18,Alpine,17,GAS,Pierre Gasly,10,#0093CC,26.0,943,85.742,85.742,0,0,85.865,0.246,-1.158,-0.641,-1.478,17.0,-1.158,-0.641,-1.478,17.0,-1.799,H,#A5AFB9,16,2.0,0,0,0.287,0,0,0,0,0.0,14
1,2024,2024161,18,Alpine,17,GAS,Pierre Gasly,10,#0093CC,27.0,944,87.191,85.782,1,0,85.762,1.449,-2.646,0.466,-2.413,13.0,-1.238,-0.942,-1.709,17.0,-2.18,H,#A5AFB9,17,2.0,0,0,0.287,0,0,0,0,-1.0,15
1,2024,2024161,18,Alpine,17,GAS,Pierre Gasly,10,#0093CC,28.0,945,85.823,85.823,0,0,85.803,1.368,-1.344,-0.190,-1.439,17.0,-1.344,-0.190,-1.439,17.0,-1.534,H,#A5AFB9,18,2.0,0,0,0.287,0,0,0,0,0.0,15
1,2024,2024161,18,Alpine,17,GAS,Pierre Gasly,10,#0093CC,29.0,946,86.079,86.079,0,0,85.951,0.256,-1.532,-0.020,-1.542,17.0,-1.532,-0.020,-1.542,17.0,-1.552,H,#A5AFB9,19,2.0,0,0,0.287,0,0,0,0,0.0,15
1,2024,2024161,18,Alpine,17,GAS,Pierre Gasly,10,#0093CC,30.0,947,-,-,0,1,-,-,-,-,-,-,-,-,-,-,-1.578,H,#A5AFB9,20,2.0,1,0,0.287,0,0,0,0,0.0,17
1,2024,2024161,18,Alpine,17,GAS,Pierre Gasly,10,#0093CC,31.0,948,-,-,0,1,-,-,-,-,-,-,-,-,-,-,,H,#A5AFB9,1,3.0,0,0,0.298,0,0,0,0,0.0,19
1,2024,2024161,18,Alpine,17,GAS,Pierre Gasly,10,#0093CC,32.0,949,84.423,84.423,0,0,-,-,-0.015,-,-,-,-0.015,-,-,-,,H,#A5AFB9,2,3.0,0,0,0.298,0,0,0,0,0.0,19
1,2024,2024161,18,Alpine,17,GAS,Pierre Gasly,10,#0093CC,33.0,950,84.252,84.252,0,0,84.338,0.171,0.005,-0.400,-0.195,17.0,0.005,-0.400,-0.195,17.0,-0.395,H,#A5AFB9,3,3.0,0,0,0.298,0,0,0,0,0.0,18
1,2024,2024161,18,Alpine,17,GAS,Pierre Gasly,10,#0093CC,34.0,951,84.383,84.383,0,0,84.318,0.131,-0.155,-0.582,-0.446,17.0,-0.155,-0.582,-0.446,17.0,-0.737,H,#A5AFB9,4,3.0,0,0,0.298,0,0,0,0,0.0,17
1,2024,2024161,18,Alpine,17,GAS,Pierre Gasly,10,#0093CC,35.0,952,84.822,84.822,0,0,84.602,0.439,-0.605,-0.197,-0.704,17.0,-0.605,-0.197,-0.704,17.0,-0.802,H,#A5AFB9,5,3.0,0,0,0.298,0,0,0,0,0.0,17
1,2024,2024161,18,Alpine,17,GAS,Pierre Gasly,10,#0093CC,36.0,953,85.591,84.604,1,0,84.713,0.769,-1.429,0.649,-1.105,13.0,-0.442,-0.338,-0.611,17.0,-0.78,H,#A5AFB9,6,3.0,0,0,0.298,0,0,0,0,0.0,17
1,2024,2024161,18,Alpine,17,GAS,Pierre Gasly,10,#0093CC,37.0,954,84.386,84.386,0,0,84.495,1.205,-0.29,-0.227,-0.403,17.0,-0.290,-0.227,-0.403,17.0,-0.517,H,#A5AFB9,7,3.0,0,0,0.298,0,0,0,0,0.0,16
1,2024,2024161,18,Alpine,17,GAS,Pierre Gasly,10,#0093CC,38.0,955,85.229,84.488,1,0,84.437,0.843,-1.023,0.384,-0.831,13.0,-0.282,-0.357,-0.461,17.0,-0.639,H,#A5AFB9,8,3.0,0,0,0.298,0,0,0,0,-1.0,17
1,2024,2024161,18,Alpine,17,GAS,Pierre Gasly,10,#0093CC,39.0,956,84.591,84.591,0,0,84.54,0.638,-0.369,-0.676,-0.707,17.0,-0.369,-0.437,-0.588,17.0,-1.045,H,#A5AFB9,9,3.0,0,0,0.298,0,0,0,0,0.0,17
1,2024,2024161,18,Alpine,17,GAS,Pierre Gasly,10,#0093CC,40.0,957,85.104,85.104,0,0,84.848,0.513,-1.014,-0.107,-1.067,17.0,-1.014,-0.107,-1.067,17.0,-1.121,H,#A5AFB9,10,3.0,0,0,0.298,0,0,0,0,0.0,17
1,2024,2024161,18,Alpine,17,GAS,Pierre Gasly,10,#0093CC,41.0,958,85.772,84.854,1,0,84.979,0.668,-1.775,0.712,-1.419,13.0,-0.857,-0.206,-0.960,17.0,-1.063,H,#A5AFB9,11,3.0,0,0,0.298,0,0,0,0,0.0,17
1,2024,2024161,18,Alpine,17,GAS,Pierre Gasly,10,#0093CC,42.0,959,84.605,84.605,0,0,84.73,1.167,-0.51,-0.514,-0.767,17.0,-0.510,-0.514,-0.767,17.0,-1.024,H,#A5AFB9,12,3.0,0,1,0.298,0,0,0,0,1.0,16
1,2024,2024161,18,Alpine,17,GAS,Pierre Gasly,10,#0093CC,43.0,960,85.142,85.142,0,0,84.874,0.537,-1.194,-0.969,-1.679,17.0,-1.194,0.247,-1.071,13.0,-2.163,H,#A5AFB9,13,3.0,0,0,0.298,0,0,0,0,0.0,16
1,2024,2024161,18,Alpine,17,GAS,Pierre Gasly,10,#0093CC,44.0,961,86.175,85.284,1,0,85.213,1.033,-2.213,1.506,-1.460,13.0,-1.321,0.614,-1.014,13.0,-0.707,H,#A5AFB9,14,3.0,0,0,0.298,0,0,0,0,0.0,16
1,2024,2024161,18,Alpine,17,GAS,Pierre Gasly,10,#0093CC,45.0,962,85.425,85.425,0,0,85.354,0.750,-1.563,0.838,-1.144,13.0,-1.563,0.838,-1.144,13.0,-0.725,H,#A5AFB9,15,3.0,0,0,0.298,0,0,0,0,0.0,16
1,2024,2024161,18,Alpine,17,GAS,Pierre Gasly,10,#0093CC,46.0,963,84.403,84.403,0,0,84.914,1.022,-0.645,-0.046,-0.668,17.0,-0.645,-0.046,-0.668,17.0,-0.691,H,#A5AFB9,16,3.0,0,0,0.298,0,0,0,0,0.0,16
1,2024,2024161,18,Alpine,17,GAS,Pierre Gasly,10,#0093CC,47.0,964,83.923,83.923,0,0,84.163,0.480,-0.223,-0.583,-0.515,17.0,-0.223,-0.583,-0.515,17.0,-0.806,H,#A5AFB9,17,3.0,0,0,0.298,0,0,0,0,0.0,16
1,2024,2024161,18,Alpine,17,GAS,Pierre Gasly,10,#0093CC,48.0,965,84.036,84.036,0,0,83.98,0.113,-0.294,-0.422,-0.505,17.0,-0.294,-0.422,-0.505,17.0,-0.716,H,#A5AFB9,18,3.0,0,0,0.298,0,0,0,0,0.0,16
1,2024,2024161,18,Alpine,17,GAS,Pierre Gasly,10,#0093CC,49.0,966,83.852,83.852,0,0,83.944,0.184,-0.123,-1.938,-1.092,17.0,-0.123,-1.221,-0.734,17.0,-2.061,H,#A5AFB9,19,3.0,0,0,0.298,0,0,0,0,0.0,16
1,2024,2024161,18,Alpine,17,GAS,Pierre Gasly,10,#0093CC,50.0,967,84.077,84.077,0,0,83.964,0.225,-0.388,-1.611,-1.194,17.0,-0.388,-1.611,-1.194,17.0,-1.999,H,#A5AFB9,20,3.0,0,0,0.298,0,0,0,0,0.0,16
1,2024,2024161,18,Alpine,17,GAS,Pierre Gasly,10,#0093CC,51.0,968,83.755,83.755,0,0,83.916,0.322,-0.134,-0.835,-0.551,17.0,-0.134,-0.835,-0.551,17.0,-0.969,H,#A5AFB9,21,3.0,0,0,0.298,0,0,0,0,0.0,15
1,2024,2024161,18,Alpine,17,GAS,Pierre Gasly,10,#0093CC,52.0,969,83.973,83.973,0,0,83.864,0.218,-0.382,-0.370,-0.567,17.0,-0.382,-0.370,-0.567,17.0,-0.752,H,#A5AFB9,22,3.0,0,0,0.298,0,0,0,0,0.0,15
1,2024,2024171,19,Alpine,13,OCO,Esteban Ocon,31,#0093CC,1.0,971,-,-,0,1,-,-,-,-,-,-,-,-,-,-,,H,#A5AFB9,4,2.0,0,0,0.386,0,0,0,0,,19
1,2024,2024171,19,Alpine,13,OCO,Esteban Ocon,31,#0093CC,2.0,972,-,-,0,1,-,-,-,-,-,-,-,-,-,-,,H,#A5AFB9,5,2.0,0,0,0.386,0,0,0,0,0.0,19
1,2024,2024171,19,Alpine,13,OCO,Esteban Ocon,31,#0093CC,3.0,973,112.028,112.028,0,0,-,-,-1.447,0.463,-1.216,17.0,-1.447,0.463,-1.216,17.0,-0.984,H,#A5AFB9,6,2.0,0,0,0.386,0,0,0,0,0.0,19
1,2024,2024171,19,Alpine,13,OCO,Esteban Ocon,31,#0093CC,4.0,974,111.514,111.514,0,0,111.771,0.514,-1.395,1.665,-0.562,17.0,-1.395,1.665,-0.562,17.0,0.27,H,#A5AFB9,7,2.0,0,0,0.386,0,0,0,0,0.0,19
1,2024,2024171,19,Alpine,13,OCO,Esteban Ocon,31,#0093CC,5.0,975,113.318,111.552,1,0,111.533,1.804,-3.369,3.202,-1.768,17.0,-1.603,1.436,-0.885,17.0,-0.167,H,#A5AFB9,8,2.0,0,0,0.386,0,0,0,0,0.0,19
1,2024,2024171,19,Alpine,13,OCO,Esteban Ocon,31,#0093CC,6.0,976,111.59,111.59,0,0,111.571,1.728,-1.81,1.519,-1.050,17.0,-1.810,1.519,-1.050,17.0,-0.291,H,#A5AFB9,9,2.0,0,0,0.386,0,0,0,0,0.0,19
1,2024,2024171,19,Alpine,13,OCO,Esteban Ocon,31,#0093CC,7.0,977,111.006,111.006,0,0,111.298,0.584,-1.382,1.098,-0.833,17.0,-1.382,1.098,-0.833,17.0,-0.284,H,#A5AFB9,10,2.0,0,0,0.386,0,0,0,0,0.0,19
1,2024,2024171,19,Alpine,13,OCO,Esteban Ocon,31,#0093CC,8.0,978,111.396,111.396,0,0,111.201,0.390,-1.842,1.689,-0.998,17.0,-1.842,1.689,-0.998,17.0,-0.153,H,#A5AFB9,11,2.0,0,0,0.386,0,0,0,0,0.0,19
1,2024,2024171,19,Alpine,13,OCO,Esteban Ocon,31,#0093CC,9.0,979,111.284,111.284,0,0,111.34,0.112,-1.843,1.508,-1.089,17.0,-1.843,1.508,-1.089,17.0,-0.335,H,#A5AFB9,12,2.0,0,0,0.386,0,0,0,0,0.0,19
1,2024,2024171,19,Alpine,13,OCO,Esteban Ocon,31,#0093CC,10.0,980,111.515,111.515,0,0,111.4,0.231,-1.808,2.036,-0.790,17.0,-1.808,2.036,-0.790,17.0,0.228,H,#A5AFB9,13,2.0,0,0,0.386,0,0,0,0,1.0,18
1,2024,2024171,19,Alpine,13,OCO,Esteban Ocon,31,#0093CC,11.0,981,110.455,110.455,0,0,110.985,1.060,-0.723,0.150,-0.648,17.0,-0.723,0.612,-0.417,17.0,-0.573,H,#A5AFB9,14,2.0,0,0,0.386,0,0,0,0,0.0,18
1,2024,2024171,19,Alpine,13,OCO,Esteban Ocon,31,#0093CC,12.0,982,110.578,110.578,0,0,110.517,0.123,-1.042,0.371,-0.857,17.0,-1.042,0.371,-0.857,17.0,-0.671,H,#A5AFB9,15,2.0,0,0,0.386,0,0,0,0,0.0,17
1,2024,2024171,19,Alpine,13,OCO,Esteban Ocon,31,#0093CC,13.0,983,109.904,109.904,0,0,110.241,0.674,-0.262,-0.682,-0.603,13.0,-0.262,-0.682,-0.603,13.0,-0.944,H,#A5AFB9,16,2.0,0,0,0.386,0,0,0,0,0.0,16
1,2024,2024171,19,Alpine,13,OCO,Esteban Ocon,31,#0093CC,14.0,984,110.542,110.542,0,0,110.223,0.638,-0.929,-0.018,-0.938,13.0,-0.929,-0.018,-0.938,13.0,-0.947,H,#A5AFB9,17,2.0,0,0,0.386,0,0,0,0,0.0,16
1,2024,2024171,19,Alpine,13,OCO,Esteban Ocon,31,#0093CC,15.0,985,110.556,110.556,0,0,110.549,0.014,-0.997,-1.118,-1.556,13.0,-0.997,0.070,-0.962,17.0,-2.115,H,#A5AFB9,18,2.0,0,0,0.386,0,0,0,0,0.0,15
1,2024,2024171,19,Alpine,13,OCO,Esteban Ocon,31,#0093CC,16.0,986,111.138,111.138,0,0,110.847,0.582,-1.643,0.726,-1.280,17.0,-1.643,0.726,-1.280,17.0,-0.917,H,#A5AFB9,19,2.0,0,0,0.386,0,0,0,0,-1.0,16
1,2024,2024171,19,Alpine,13,OCO,Esteban Ocon,31,#0093CC,17.0,987,112.19,110.868,1,0,111.003,1.052,-2.743,1.876,-1.805,17.0,-1.421,0.554,-1.144,17.0,-0.867,H,#A5AFB9,20,2.0,0,0,0.386,0,0,0,0,-1.0,17
1,2024,2024171,19,Alpine,13,OCO,Esteban Ocon,31,#0093CC,18.0,988,110.598,110.598,0,0,110.733,1.592,-1.336,0.719,-0.977,17.0,-1.336,0.719,-0.977,17.0,-0.617,H,#A5AFB9,21,2.0,0,0,0.386,0,0,0,0,0.0,17
1,2024,2024171,19,Alpine,13,OCO,Esteban Ocon,31,#0093CC,19.0,989,110.988,110.988,0,0,110.793,0.390,-1.937,1.341,-1.266,17.0,-1.937,1.341,-1.266,17.0,-0.596,H,#A5AFB9,22,2.0,0,0,0.386,0,0,0,0,0.0,17
1,2024,2024171,19,Alpine,13,OCO,Esteban Ocon,31,#0093CC,20.0,990,110.801,110.801,0,0,110.894,0.187,-1.718,0.070,-1.683,17.0,-1.718,0.933,-1.252,17.0,-1.648,H,#A5AFB9,23,2.0,0,0,0.386,0,0,0,0,0.0,17
1,2024,2024171,19,Alpine,13,OCO,Esteban Ocon,31,#0093CC,21.0,991,110.349,110.349,0,0,110.575,0.452,-1.236,0.259,-1.107,17.0,-1.236,0.259,-1.107,17.0,-0.977,H,#A5AFB9,24,2.0,0,0,0.386,0,0,0,0,0.0,17
1,2024,2024171,19,Alpine,13,OCO,Esteban Ocon,31,#0093CC,22.0,992,110.499,110.499,0,0,110.424,0.150,-1.441,0.170,-1.356,17.0,-1.441,0.170,-1.356,17.0,-1.271,H,#A5AFB9,25,2.0,0,0,0.386,0,0,0,0,0.0,17
1,2024,2024171,19,Alpine,13,OCO,Esteban Ocon,31,#0093CC,23.0,993,110.812,110.812,0,0,110.655,0.313,-1.753,1.173,-1.167,17.0,-1.753,1.173,-1.167,17.0,-0.58,H,#A5AFB9,26,2.0,0,0,0.386,0,0,0,0,0.0,17
1,2024,2024171,19,Alpine,13,OCO,Esteban Ocon,31,#0093CC,24.0,994,110.527,110.527,0,0,110.67,0.285,-1.693,0.828,-1.279,17.0,-1.693,0.828,-1.279,17.0,-0.865,H,#A5AFB9,27,2.0,0,0,0.386,0,0,0,0,0.0,17
1,2024,2024171,19,Alpine,13,OCO,Esteban Ocon,31,#0093CC,25.0,995,110.162,110.162,0,0,110.345,0.365,-1.468,0.472,-1.232,17.0,-1.468,0.472,-1.232,17.0,-0.996,H,#A5AFB9,28,2.0,0,1,0.386,0,0,0,0,0.0,17
1,2024,2024171,19,Alpine,13,OCO,Esteban Ocon,31,#0093CC,26.0,996,109.944,109.944,0,0,110.053,0.218,-1.183,-0.110,-1.238,13.0,-1.183,-0.110,-1.238,13.0,-1.293,H,#A5AFB9,29,2.0,0,0,0.386,0,0,0,0,0.0,17
1,2024,2024171,19,Alpine,13,OCO,Esteban Ocon,31,#0093CC,27.0,997,109.753,109.753,0,0,109.848,0.191,-1.144,0.442,-0.923,17.0,-1.144,0.442,-0.923,17.0,-0.702,H,#A5AFB9,30,2.0,0,0,0.386,0,0,0,0,0.0,17
1,2024,2024171,19,Alpine,13,OCO,Esteban Ocon,31,#0093CC,28.0,998,109.607,109.607,0,0,109.68,0.146,-0.99,0.313,-0.834,17.0,-0.990,0.313,-0.834,17.0,-0.677,H,#A5AFB9,31,2.0,0,0,0.386,0,0,0,0,0.0,17
1,2024,2024171,19,Alpine,13,OCO,Esteban Ocon,31,#0093CC,29.0,999,109.526,109.526,0,0,109.566,0.081,-0.897,0.546,-0.624,17.0,-0.897,0.546,-0.624,17.0,-0.351,H,#A5AFB9,32,2.0,0,0,0.386,0,0,0,0,0.0,17
1,2024,2024171,19,Alpine,13,OCO,Esteban Ocon,31,#0093CC,30.0,1000,109.485,109.485,0,0,109.506,0.041,-0.86,-1.790,-1.755,13.0,-0.860,0.335,-0.693,17.0,-2.65,H,#A5AFB9,33,2.0,0,0,0.386,0,0,0,0,0.0,17
1,2024,2024171,19,Alpine,13,OCO,Esteban Ocon,31,#0093CC,31.0,1001,109.702,109.702,0,0,109.594,0.217,-1.147,0.383,-0.956,17.0,-1.147,0.383,-0.956,17.0,-0.764,H,#A5AFB9,34,2.0,0,0,0.386,0,0,0,0,0.0,17
1,2024,2024171,19,Alpine,13,OCO,Esteban Ocon,31,#0093CC,32.0,1002,109.419,109.419,0,0,109.56,0.283,-0.984,0.196,-0.886,17.0,-0.984,0.196,-0.886,17.0,-0.788,H,#A5AFB9,35,2.0,0,0,0.386,0,0,0,0,0.0,17
1,2024,2024171,19,Alpine,13,OCO,Esteban Ocon,31,#0093CC,33.0,1003,109.086,109.086,0,0,109.252,0.333,-0.765,0.312,-0.609,17.0,-0.765,0.312,-0.609,17.0,-0.453,H,#A5AFB9,36,2.0,0,0,0.386,0,0,0,0,0.0,17
1,2024,2024171,19,Alpine,13,OCO,Esteban Ocon,31,#0093CC,34.0,1004,109.383,109.383,0,0,109.234,0.297,-0.996,0.646,-0.673,17.0,-0.996,0.646,-0.673,17.0,-0.35,H,#A5AFB9,37,2.0,0,0,0.386,0,0,0,0,0.0,16
1,2024,2024171,19,Alpine,13,OCO,Esteban Ocon,31,#0093CC,35.0,1005,108.831,108.831,0,0,109.107,0.552,-0.423,-0.001,-0.423,13.0,-0.423,-0.001,-0.423,13.0,-0.424,H,#A5AFB9,38,2.0,0,0,0.386,0,0,0,0,0.0,16
1,2024,2024171,19,Alpine,13,OCO,Esteban Ocon,31,#0093CC,36.0,1006,115.839,109.193,1,0,109.012,7.008,-7.411,6.889,-3.966,17.0,-0.765,0.243,-0.643,17.0,-0.522,H,#A5AFB9,39,2.0,0,0,0.386,0,0,0,0,0.0,16
1,2024,2024171,19,Alpine,13,OCO,Esteban Ocon,31,#0093CC,37.0,1007,109.555,109.555,0,0,109.374,6.284,-1.102,0.777,-0.714,17.0,-1.102,0.777,-0.714,17.0,-0.325,H,#A5AFB9,40,2.0,0,0,0.386,0,0,0,0,0.0,16
1,2024,2024171,19,Alpine,13,OCO,Esteban Ocon,31,#0093CC,38.0,1008,109.112,109.112,0,0,109.334,0.443,-0.761,0.196,-0.663,17.0,-0.761,0.196,-0.663,17.0,-0.565,H,#A5AFB9,41,2.0,0,0,0.386,0,0,0,0,0.0,16
1,2024,2024171,19,Alpine,13,OCO,Esteban Ocon,31,#0093CC,39.0,1009,108.944,108.944,0,0,109.028,0.168,-0.861,0.206,-0.758,17.0,-0.861,0.206,-0.758,17.0,-0.655,H,#A5AFB9,42,2.0,0,0,0.386,0,0,0,0,0.0,16
1,2024,2024171,19,Alpine,13,OCO,Esteban Ocon,31,#0093CC,40.0,1010,109.273,109.273,0,0,109.108,0.329,-1.298,0.770,-0.913,17.0,-1.298,0.770,-0.913,17.0,-0.528,H,#A5AFB9,43,2.0,0,0,0.386,0,0,0,0,0.0,16
1,2024,2024171,19,Alpine,13,OCO,Esteban Ocon,31,#0093CC,41.0,1011,109.059,109.059,0,0,109.166,0.214,-1.086,0.334,-0.919,17.0,-1.086,0.334,-0.919,17.0,-0.752,H,#A5AFB9,44,2.0,0,0,0.386,0,0,0,0,0.0,16
1,2024,2024171,19,Alpine,13,OCO,Esteban Ocon,31,#0093CC,42.0,1012,109.315,109.315,0,0,109.187,0.256,-1.581,0.488,-1.337,17.0,-1.581,0.488,-1.337,17.0,-1.093,H,#A5AFB9,45,2.0,0,0,0.386,0,0,0,0,0.0,16
1,2024,2024171,19,Alpine,13,OCO,Esteban Ocon,31,#0093CC,43.0,1013,108.994,108.994,0,0,109.154,0.321,-1.336,0.465,-1.103,17.0,-1.336,0.465,-1.103,17.0,-0.871,H,#A5AFB9,46,2.0,0,0,0.386,0,0,0,0,0.0,16
1,2024,2024171,19,Alpine,13,OCO,Esteban Ocon,31,#0093CC,44.0,1014,109.269,109.269,0,0,109.132,0.275,-1.64,1.069,-1.105,17.0,-1.640,1.069,-1.105,17.0,-0.571,H,#A5AFB9,47,2.0,0,0,0.386,0,0,0,0,0.0,16
1,2024,2024171,19,Alpine,13,OCO,Esteban Ocon,31,#0093CC,45.0,1015,109.018,109.018,0,0,109.144,0.251,-1.4,0.970,-0.915,17.0,-1.400,0.970,-0.915,17.0,-0.43,H,#A5AFB9,48,2.0,0,0,0.386,0,0,0,0,0.0,16
1,2024,2024171,19,Alpine,13,OCO,Esteban Ocon,31,#0093CC,46.0,1016,109.419,109.419,0,0,109.218,0.401,-1.789,1.070,-1.254,17.0,-1.789,1.070,-1.254,17.0,-0.719,H,#A5AFB9,49,2.0,0,0,0.386,0,0,0,0,0.0,16
1,2024,2024171,19,Alpine,13,OCO,Esteban Ocon,31,#0093CC,47.0,1017,109.507,109.507,0,0,109.463,0.088,-1.827,1.489,-1.083,17.0,-1.827,1.489,-1.083,17.0,-0.338,H,#A5AFB9,50,2.0,0,0,0.386,0,0,0,0,0.0,16
1,2024,2024171,19,Alpine,13,OCO,Esteban Ocon,31,#0093CC,48.0,1018,111.775,111.775,0,0,110.641,2.268,-3.432,3.411,-1.726,17.0,-3.432,3.411,-1.726,17.0,-0.021,H,#A5AFB9,51,2.0,0,0,0.386,0,0,0,0,-1.0,17
1,2024,2024171,19,Alpine,13,OCO,Esteban Ocon,31,#0093CC,49.0,1019,-,-,0,1,-,-,-,-,-,-,-,-,-,-,-0.645,H,#A5AFB9,52,2.0,1,0,0.386,0,0,0,1,0.0,17
1,2024,2024171,19,Alpine,13,OCO,Esteban Ocon,31,#0093CC,50.0,1020,-,-,0,1,-,-,-,-,-,-,-,-,-,-,,S,#CD3C3C,1,3.0,0,0,-,0,0,0,0,0.0,15
1,2024,2024171,19,Alpine,17,GAS,Pierre Gasly,10,#0093CC,1.0,971,-,-,0,1,-,-,-,-,-,-,-,-,-,-,,H,#A5AFB9,1,1.0,0,0,0.227,0,0,0,0,,15
1,2024,2024171,19,Alpine,17,GAS,Pierre Gasly,10,#0093CC,2.0,972,-,-,0,1,-,-,-,-,-,-,-,-,-,-,,H,#A5AFB9,2,1.0,0,0,0.227,0,0,0,0,0.0,15
1,2024,2024171,19,Alpine,17,GAS,Pierre Gasly,10,#0093CC,3.0,973,111.565,111.565,0,0,-,-,-0.984,0.463,-1.216,17.0,-0.984,0.463,-1.216,17.0,-1.447,H,#A5AFB9,3,1.0,0,0,0.227,0,0,0,0,0.0,15
1,2024,2024171,19,Alpine,17,GAS,Pierre Gasly,10,#0093CC,4.0,974,109.849,109.849,0,0,110.707,1.716,0.27,1.665,-0.562,17.0,0.270,1.665,-0.562,17.0,-1.395,H,#A5AFB9,4,1.0,0,0,0.227,0,0,0,0,1.0,14
1,2024,2024171,19,Alpine,17,GAS,Pierre Gasly,10,#0093CC,5.0,975,110.116,110.116,0,0,109.982,0.267,-0.167,3.202,-1.768,17.0,-0.167,1.436,-0.885,17.0,-3.369,H,#A5AFB9,5,1.0,0,0,0.227,0,0,0,0,0.0,14
1,2024,2024171,19,Alpine,17,GAS,Pierre Gasly,10,#0093CC,6.0,976,110.071,110.071,0,0,110.094,0.045,-0.291,1.519,-1.050,17.0,-0.291,1.519,-1.050,17.0,-1.81,H,#A5AFB9,6,1.0,0,0,0.227,0,0,0,0,0.0,14
1,2024,2024171,19,Alpine,17,GAS,Pierre Gasly,10,#0093CC,7.0,977,109.908,109.908,0,0,109.989,0.163,-0.284,1.098,-0.833,17.0,-0.284,1.098,-0.833,17.0,-1.382,H,#A5AFB9,7,1.0,0,0,0.227,0,0,0,0,0.0,14
1,2024,2024171,19,Alpine,17,GAS,Pierre Gasly,10,#0093CC,8.0,978,109.707,109.707,0,0,109.808,0.201,-0.153,1.689,-0.998,17.0,-0.153,1.689,-0.998,17.0,-1.842,H,#A5AFB9,8,1.0,0,0,0.227,0,0,0,0,0.0,14
1,2024,2024171,19,Alpine,17,GAS,Pierre Gasly,10,#0093CC,9.0,979,109.776,109.776,0,0,109.742,0.069,-0.335,1.508,-1.089,17.0,-0.335,1.508,-1.089,17.0,-1.843,H,#A5AFB9,9,1.0,0,0,0.227,0,0,0,0,0.0,14
1,2024,2024171,19,Alpine,17,GAS,Pierre Gasly,10,#0093CC,10.0,980,109.479,109.479,0,0,109.628,0.297,0.228,2.036,-0.790,17.0,0.228,2.036,-0.790,17.0,-1.808,H,#A5AFB9,10,1.0,0,0,0.227,0,0,0,0,0.0,14
1,2024,2024171,19,Alpine,17,GAS,Pierre Gasly,10,#0093CC,11.0,981,110.305,109.843,1,0,109.661,0.826,-0.573,0.150,-0.648,17.0,-0.111,0.612,-0.417,17.0,-0.723,H,#A5AFB9,11,1.0,0,0,0.227,0,0,0,0,0.0,13
1,2024,2024171,19,Alpine,17,GAS,Pierre Gasly,10,#0093CC,12.0,982,110.207,110.207,0,0,110.025,0.098,-0.671,0.371,-0.857,17.0,-0.671,0.371,-0.857,17.0,-1.042,H,#A5AFB9,12,1.0,0,0,0.227,0,0,0,0,0.0,12
1,2024,2024171,19,Alpine,17,GAS,Pierre Gasly,10,#0093CC,13.0,983,110.586,110.586,0,0,110.396,0.379,-0.944,-0.682,-0.603,13.0,-0.944,-0.682,-0.603,13.0,-0.262,H,#A5AFB9,13,1.0,0,0,0.227,0,0,0,0,0.0,11
1,2024,2024171,19,Alpine,17,GAS,Pierre Gasly,10,#0093CC,14.0,984,110.56,110.56,0,0,110.573,0.026,-0.947,-0.018,-0.938,13.0,-0.947,-0.018,-0.938,13.0,-0.929,H,#A5AFB9,14,1.0,0,0,0.227,0,0,0,0,1.0,9
1,2024,2024171,19,Alpine,17,GAS,Pierre Gasly,10,#0093CC,15.0,985,111.674,110.486,1,0,110.523,1.114,-2.115,-1.118,-1.556,13.0,-0.927,0.070,-0.962,17.0,-0.997,H,#A5AFB9,15,1.0,0,0,0.227,0,0,0,0,-1.0,10
1,2024,2024171,19,Alpine,17,GAS,Pierre Gasly,10,#0093CC,16.0,986,110.412,110.412,0,0,110.449,1.262,-0.917,0.726,-1.280,17.0,-0.917,0.726,-1.280,17.0,-1.643,H,#A5AFB9,16,1.0,0,0,0.227,0,0,0,0,-1.0,10
1,2024,2024171,19,Alpine,17,GAS,Pierre Gasly,10,#0093CC,17.0,987,110.314,110.314,0,0,110.363,0.098,-0.867,1.876,-1.805,17.0,-0.867,0.554,-1.144,17.0,-2.743,H,#A5AFB9,17,1.0,0,0,0.227,0,0,0,0,0.0,10
1,2024,2024171,19,Alpine,17,GAS,Pierre Gasly,10,#0093CC,18.0,988,109.879,109.879,0,0,110.096,0.435,-0.617,0.719,-0.977,17.0,-0.617,0.719,-0.977,17.0,-1.336,H,#A5AFB9,18,1.0,0,0,0.227,0,0,0,0,0.0,10
1,2024,2024171,19,Alpine,17,GAS,Pierre Gasly,10,#0093CC,19.0,989,109.647,109.647,0,0,109.763,0.232,-0.596,1.341,-1.266,17.0,-0.596,1.341,-1.266,17.0,-1.937,H,#A5AFB9,19,1.0,0,0,0.227,0,0,0,0,-1.0,11
1,2024,2024171,19,Alpine,17,GAS,Pierre Gasly,10,#0093CC,20.0,990,110.731,109.869,1,0,109.758,1.084,-1.648,0.070,-1.683,17.0,-0.785,0.933,-1.252,17.0,-1.718,H,#A5AFB9,20,1.0,0,0,0.227,0,0,0,0,0.0,11
1,2024,2024171,19,Alpine,17,GAS,Pierre Gasly,10,#0093CC,21.0,991,110.09,110.09,0,0,109.979,0.641,-0.977,0.259,-1.107,17.0,-0.977,0.259,-1.107,17.0,-1.236,H,#A5AFB9,21,1.0,0,0,0.227,0,0,0,0,0.0,11
1,2024,2024171,19,Alpine,17,GAS,Pierre Gasly,10,#0093CC,22.0,992,110.329,110.329,0,0,110.209,0.239,-1.271,0.170,-1.356,17.0,-1.271,0.170,-1.356,17.0,-1.441,H,#A5AFB9,22,1.0,0,0,0.227,0,0,0,0,0.0,11
1,2024,2024171,19,Alpine,17,GAS,Pierre Gasly,10,#0093CC,23.0,993,109.639,109.639,0,0,109.984,0.690,-0.58,1.173,-1.167,17.0,-0.580,1.173,-1.167,17.0,-1.753,H,#A5AFB9,23,1.0,0,0,0.227,0,0,0,0,0.0,11
1,2024,2024171,19,Alpine,17,GAS,Pierre Gasly,10,#0093CC,24.0,994,109.699,109.699,0,0,109.669,0.060,-0.865,0.828,-1.279,17.0,-0.865,0.828,-1.279,17.0,-1.693,H,#A5AFB9,24,1.0,0,0,0.227,0,0,0,0,0.0,11
1,2024,2024171,19,Alpine,17,GAS,Pierre Gasly,10,#0093CC,25.0,995,109.69,109.69,0,0,109.694,0.009,-0.996,0.472,-1.232,17.0,-0.996,0.472,-1.232,17.0,-1.468,H,#A5AFB9,25,1.0,0,0,0.227,0,0,0,0,-1.0,12
1,2024,2024171,19,Alpine,17,GAS,Pierre Gasly,10,#0093CC,26.0,996,110.054,110.054,0,0,109.872,0.364,-1.293,-0.110,-1.238,13.0,-1.293,-0.110,-1.238,13.0,-1.183,H,#A5AFB9,26,1.0,0,1,0.227,0,0,0,0,0.0,12
1,2024,2024171,19,Alpine,17,GAS,Pierre Gasly,10,#0093CC,27.0,997,109.311,109.311,0,0,109.682,0.743,-0.702,0.442,-0.923,17.0,-0.702,0.442,-0.923,17.0,-1.144,H,#A5AFB9,27,1.0,0,0,0.227,0,0,0,0,0.0,12
1,2024,2024171,19,Alpine,17,GAS,Pierre Gasly,10,#0093CC,28.0,998,109.294,109.294,0,0,109.303,0.017,-0.677,0.313,-0.834,17.0,-0.677,0.313,-0.834,17.0,-0.99,H,#A5AFB9,28,1.0,0,0,0.227,0,0,0,0,0.0,12
1,2024,2024171,19,Alpine,17,GAS,Pierre Gasly,10,#0093CC,29.0,999,108.98,108.98,0,0,109.137,0.314,-0.351,0.546,-0.624,17.0,-0.351,0.546,-0.624,17.0,-0.897,H,#A5AFB9,29,1.0,0,0,0.227,0,0,0,0,0.0,12
1,2024,2024171,19,Alpine,17,GAS,Pierre Gasly,10,#0093CC,30.0,1000,111.275,109.15,1,0,109.065,2.295,-2.65,-1.790,-1.755,13.0,-0.525,0.335,-0.693,17.0,-0.86,H,#A5AFB9,30,1.0,0,0,0.227,0,0,0,0,-2.0,14
1,2024,2024171,19,Alpine,17,GAS,Pierre Gasly,10,#0093CC,31.0,1001,109.319,109.319,0,0,109.234,1.956,-0.764,0.383,-0.956,17.0,-0.764,0.383,-0.956,17.0,-1.147,H,#A5AFB9,31,1.0,0,0,0.227,0,0,0,0,0.0,14
1,2024,2024171,19,Alpine,17,GAS,Pierre Gasly,10,#0093CC,32.0,1002,109.223,109.223,0,0,109.271,0.096,-0.788,0.196,-0.886,17.0,-0.788,0.196,-0.886,17.0,-0.984,H,#A5AFB9,32,1.0,0,0,0.227,0,0,0,0,0.0,14
1,2024,2024171,19,Alpine,17,GAS,Pierre Gasly,10,#0093CC,33.0,1003,108.774,108.774,0,0,108.998,0.449,-0.453,0.312,-0.609,17.0,-0.453,0.312,-0.609,17.0,-0.765,H,#A5AFB9,33,1.0,0,0,0.227,0,0,0,0,0.0,14
1,2024,2024171,19,Alpine,17,GAS,Pierre Gasly,10,#0093CC,34.0,1004,108.737,108.737,0,0,108.756,0.037,-0.35,0.646,-0.673,17.0,-0.350,0.646,-0.673,17.0,-0.996,H,#A5AFB9,34,1.0,0,0,0.227,0,0,0,0,0.0,14
1,2024,2024171,19,Alpine,17,GAS,Pierre Gasly,10,#0093CC,35.0,1005,108.832,108.832,0,0,108.784,0.095,-0.424,-0.001,-0.423,13.0,-0.424,-0.001,-0.423,13.0,-0.423,H,#A5AFB9,35,1.0,0,0,0.227,0,0,0,0,0.0,14
1,2024,2024171,19,Alpine,17,GAS,Pierre Gasly,10,#0093CC,36.0,1006,108.95,108.95,0,0,108.891,0.118,-0.522,6.889,-3.966,17.0,-0.522,0.243,-0.643,17.0,-7.411,H,#A5AFB9,36,1.0,0,0,0.227,0,0,0,0,0.0,14
1,2024,2024171,19,Alpine,17,GAS,Pierre Gasly,10,#0093CC,37.0,1007,108.778,108.778,0,0,108.864,0.172,-0.325,0.777,-0.714,17.0,-0.325,0.777,-0.714,17.0,-1.102,H,#A5AFB9,37,1.0,0,0,0.227,0,0,0,0,0.0,14
1,2024,2024171,19,Alpine,17,GAS,Pierre Gasly,10,#0093CC,38.0,1008,108.916,108.916,0,0,108.847,0.138,-0.565,0.196,-0.663,17.0,-0.565,0.196,-0.663,17.0,-0.761,H,#A5AFB9,38,1.0,0,0,0.227,0,0,0,0,0.0,14
1,2024,2024171,19,Alpine,17,GAS,Pierre Gasly,10,#0093CC,39.0,1009,108.738,108.738,0,0,108.827,0.178,-0.655,0.206,-0.758,17.0,-0.655,0.206,-0.758,17.0,-0.861,H,#A5AFB9,39,1.0,0,0,0.227,0,0,0,0,0.0,14
1,2024,2024171,19,Alpine,17,GAS,Pierre Gasly,10,#0093CC,40.0,1010,108.503,108.503,0,0,108.62,0.235,-0.528,0.770,-0.913,17.0,-0.528,0.770,-0.913,17.0,-1.298,H,#A5AFB9,40,1.0,0,0,0.227,0,0,0,0,0.0,14
1,2024,2024171,19,Alpine,17,GAS,Pierre Gasly,10,#0093CC,41.0,1011,108.725,108.725,0,0,108.614,0.222,-0.752,0.334,-0.919,17.0,-0.752,0.334,-0.919,17.0,-1.086,H,#A5AFB9,41,1.0,0,0,0.227,0,0,0,0,0.0,14
1,2024,2024171,19,Alpine,17,GAS,Pierre Gasly,10,#0093CC,42.0,1012,108.827,108.827,0,0,108.776,0.102,-1.093,0.488,-1.337,17.0,-1.093,0.488,-1.337,17.0,-1.581,H,#A5AFB9,42,1.0,0,0,0.227,0,0,0,0,0.0,14
1,2024,2024171,19,Alpine,17,GAS,Pierre Gasly,10,#0093CC,43.0,1013,108.529,108.529,0,0,108.678,0.298,-0.871,0.465,-1.103,17.0,-0.871,0.465,-1.103,17.0,-1.336,H,#A5AFB9,43,1.0,0,0,0.227,0,0,0,0,0.0,14
1,2024,2024171,19,Alpine,17,GAS,Pierre Gasly,10,#0093CC,44.0,1014,108.2,108.2,0,0,108.364,0.329,-0.571,1.069,-1.105,17.0,-0.571,1.069,-1.105,17.0,-1.64,H,#A5AFB9,44,1.0,0,0,0.227,0,0,0,0,0.0,14
1,2024,2024171,19,Alpine,17,GAS,Pierre Gasly,10,#0093CC,45.0,1015,108.048,108.048,0,0,108.124,0.152,-0.43,0.970,-0.915,17.0,-0.430,0.970,-0.915,17.0,-1.4,H,#A5AFB9,45,1.0,0,0,0.227,0,0,0,0,0.0,14
1,2024,2024171,19,Alpine,17,GAS,Pierre Gasly,10,#0093CC,46.0,1016,108.349,108.349,0,0,108.198,0.301,-0.719,1.070,-1.254,17.0,-0.719,1.070,-1.254,17.0,-1.789,H,#A5AFB9,46,1.0,0,0,0.227,0,0,0,0,0.0,14
1,2024,2024171,19,Alpine,17,GAS,Pierre Gasly,10,#0093CC,47.0,1017,108.018,108.018,0,0,108.184,0.331,-0.338,1.489,-1.083,17.0,-0.338,1.489,-1.083,17.0,-1.827,H,#A5AFB9,47,1.0,0,0,0.227,0,0,0,0,0.0,14
1,2024,2024171,19,Alpine,17,GAS,Pierre Gasly,10,#0093CC,48.0,1018,108.364,108.364,0,0,108.191,0.346,-0.021,3.411,-1.726,17.0,-0.021,3.411,-1.726,17.0,-3.432,H,#A5AFB9,48,1.0,0,0,0.227,0,0,0,0,0.0,14
1,2024,2024171,19,Alpine,17,GAS,Pierre Gasly,10,#0093CC,49.0,1019,108.461,108.461,0,0,108.412,0.097,-0.645,-,-,-,-0.645,-,-,-,,H,#A5AFB9,49,1.0,0,0,0.227,0,0,0,0,0.0,14
1,2024,2024171,19,Alpine,17,GAS,Pierre Gasly,10,#0093CC,50.0,1020,-,-,0,1,-,-,-,-,-,-,-,-,-,-,,H,#A5AFB9,50,1.0,1,0,0.227,0,0,0,1,0.0,12
1,2024,2024171,19,Alpine,17,GAS,Pierre Gasly,10,#0093CC,51.0,1021,-,-,0,1,-,-,-,-,-,-,-,-,-,-,,S,#CD3C3C,1,2.0,0,0,-,0,0,0,0,0.0,12
1,2024,2024181,20,Alpine,13,OCO,Esteban Ocon,31,#0093CC,1.0,1022,-,-,0,1,-,-,-,-,-,-,-,-,-,-,,M,#F0E628,1,1.0,0,0,0.154,0,0,0,0,,13
1,2024,2024181,20,Alpine,13,OCO,Esteban Ocon,31,#0093CC,2.0,1023,-,-,0,1,-,-,-,-,-,-,-,-,-,-,,M,#F0E628,2,1.0,0,0,0.154,0,0,0,0,0.0,13
1,2024,2024181,20,Alpine,13,OCO,Esteban Ocon,31,#0093CC,3.0,1024,99.512,99.512,0,0,-,-,0.104,0.882,-0.337,13.0,0.104,0.882,-0.337,13.0,-0.778,M,#F0E628,3,1.0,0,0,0.154,0,0,0,0,0.0,13
1,2024,2024181,20,Alpine,13,OCO,Esteban Ocon,31,#0093CC,4.0,1025,99.087,99.087,0,0,99.3,0.425,0.188,0.392,-0.008,13.0,0.188,0.392,-0.008,13.0,-0.204,M,#F0E628,4,1.0,0,0,0.154,0,0,0,0,0.0,13
1,2024,2024181,20,Alpine,13,OCO,Esteban Ocon,31,#0093CC,5.0,1026,99.221,99.221,0,0,99.154,0.134,-0.209,0.361,-0.389,13.0,-0.209,0.361,-0.389,13.0,-0.57,M,#F0E628,5,1.0,0,0,0.154,0,0,0,0,0.0,13
1,2024,2024181,20,Alpine,13,OCO,Esteban Ocon,31,#0093CC,6.0,1027,99.297,99.297,0,0,99.259,0.076,-0.263,0.427,-0.476,13.0,-0.263,0.427,-0.476,13.0,-0.69,M,#F0E628,6,1.0,0,0,0.154,0,0,0,0,0.0,13
1,2024,2024181,20,Alpine,13,OCO,Esteban Ocon,31,#0093CC,7.0,1028,99.245,99.245,0,0,99.271,0.052,-0.252,0.376,-0.440,13.0,-0.252,0.376,-0.440,13.0,-0.628,M,#F0E628,7,1.0,0,0,0.154,0,0,0,0,0.0,13
1,2024,2024181,20,Alpine,13,OCO,Esteban Ocon,31,#0093CC,8.0,1029,98.999,98.999,0,0,99.122,0.246,-0.16,0.664,-0.492,13.0,-0.160,0.664,-0.492,13.0,-0.824,M,#F0E628,8,1.0,0,0,0.154,0,0,0,0,0.0,13
1,2024,2024181,20,Alpine,13,OCO,Esteban Ocon,31,#0093CC,9.0,1030,99.411,99.159,1,0,99.079,0.412,-0.592,1.518,-1.351,13.0,-0.340,0.416,-0.548,13.0,-2.11,M,#F0E628,9,1.0,0,0,0.154,0,0,0,0,0.0,13
1,2024,2024181,20,Alpine,13,OCO,Esteban Ocon,31,#0093CC,10.0,1031,99.319,99.319,0,0,99.239,0.092,-0.502,0.169,-0.587,13.0,-0.502,0.169,-0.587,13.0,-0.671,M,#F0E628,10,1.0,0,0,0.154,0,0,0,0,0.0,13
1,2024,2024181,20,Alpine,13,OCO,Esteban Ocon,31,#0093CC,11.0,1032,99.166,99.166,0,0,99.242,0.153,-0.411,0.097,-0.460,13.0,-0.411,0.097,-0.460,13.0,-0.508,M,#F0E628,11,1.0,0,0,0.154,0,0,0,0,0.0,13
1,2024,2024181,20,Alpine,13,OCO,Esteban Ocon,31,#0093CC,12.0,1033,99.276,99.276,0,0,99.221,0.110,-0.429,-0.042,-0.408,17.0,-0.429,-0.042,-0.408,17.0,-0.387,M,#F0E628,12,1.0,0,0,0.154,0,0,0,0,0.0,13
1,2024,2024181,20,Alpine,13,OCO,Esteban Ocon,31,#0093CC,13.0,1034,99.579,99.356,1,0,99.316,0.303,-0.843,-0.264,-0.711,17.0,-0.620,-0.041,-0.599,17.0,-0.579,M,#F0E628,13,1.0,0,0,0.154,0,0,0,0,0.0,12
1,2024,2024181,20,Alpine,13,OCO,Esteban Ocon,31,#0093CC,14.0,1035,99.435,99.435,0,0,99.395,0.144,-0.648,-0.095,-0.601,17.0,-0.648,-0.095,-0.601,17.0,-0.553,M,#F0E628,14,1.0,0,0,0.154,0,0,0,0,0.0,12
1,2024,2024181,20,Alpine,13,OCO,Esteban Ocon,31,#0093CC,15.0,1036,99.276,99.276,0,0,99.356,0.159,-0.618,0.215,-0.726,13.0,-0.618,0.215,-0.726,13.0,-0.833,M,#F0E628,15,1.0,0,1,0.154,0,0,0,0,0.0,12
1,2024,2024181,20,Alpine,13,OCO,Esteban Ocon,31,#0093CC,16.0,1037,99.468,99.468,0,0,99.372,0.192,-0.702,-0.290,-0.557,17.0,-0.702,-0.290,-0.557,17.0,-0.412,M,#F0E628,16,1.0,0,0,0.154,0,0,0,0,0.0,12
1,2024,2024181,20,Alpine,13,OCO,Esteban Ocon,31,#0093CC,17.0,1038,99.485,99.485,0,0,99.476,0.017,-0.628,-0.379,-0.439,17.0,-0.628,-0.379,-0.439,17.0,-0.249,M,#F0E628,17,1.0,0,0,0.154,0,0,0,0,0.0,12
1,2024,2024181,20,Alpine,13,OCO,Esteban Ocon,31,#0093CC,18.0,1039,99.904,99.671,1,0,99.578,0.419,-0.921,0.076,-0.959,13.0,-0.688,-0.309,-0.533,17.0,-0.997,M,#F0E628,18,1.0,0,0,0.154,0,0,0,0,0.0,11
1,2024,2024181,20,Alpine,13,OCO,Esteban Ocon,31,#0093CC,19.0,1040,99.857,99.857,0,0,99.764,0.047,-0.801,-0.238,-0.682,17.0,-0.801,-0.238,-0.682,17.0,-0.563,M,#F0E628,19,1.0,0,0,0.154,0,0,0,0,0.0,11
1,2024,2024181,20,Alpine,13,OCO,Esteban Ocon,31,#0093CC,20.0,1041,99.883,99.883,0,0,99.87,0.026,-0.731,-0.107,-0.677,17.0,-0.731,-0.107,-0.677,17.0,-0.624,M,#F0E628,20,1.0,0,0,0.154,0,0,0,0,0.0,11
1,2024,2024181,20,Alpine,13,OCO,Esteban Ocon,31,#0093CC,21.0,1042,99.941,99.941,0,0,99.912,0.058,-0.723,-0.412,-0.517,17.0,-0.723,-0.412,-0.517,17.0,-0.311,M,#F0E628,21,1.0,0,0,0.154,0,0,0,0,0.0,11
1,2024,2024181,20,Alpine,13,OCO,Esteban Ocon,31,#0093CC,22.0,1043,101.176,100.102,1,0,100.022,1.235,-2.05,-1.345,-1.377,17.0,-0.976,-0.271,-0.841,17.0,-0.705,M,#F0E628,22,1.0,0,0,0.154,0,0,0,0,-1.0,12
1,2024,2024181,20,Alpine,13,OCO,Esteban Ocon,31,#0093CC,23.0,1044,100.263,100.263,0,0,100.182,0.913,-1.097,-0.024,-1.085,17.0,-1.097,-0.264,-0.965,17.0,-1.073,M,#F0E628,23,1.0,0,0,0.154,0,0,0,0,0.0,12
1,2024,2024181,20,Alpine,13,OCO,Esteban Ocon,31,#0093CC,24.0,1045,99.971,99.971,0,0,100.117,0.292,-0.683,0.195,-0.780,13.0,-0.683,0.195,-0.780,13.0,-0.878,M,#F0E628,24,1.0,0,0,0.154,0,0,0,0,0.0,12
1,2024,2024181,20,Alpine,13,OCO,Esteban Ocon,31,#0093CC,25.0,1046,99.992,99.992,0,0,99.982,0.021,-0.504,1.415,-1.212,13.0,-0.504,0.544,-0.776,13.0,-1.919,M,#F0E628,25,1.0,0,0,0.154,0,0,0,0,0.0,12
1,2024,2024181,20,Alpine,13,OCO,Esteban Ocon,31,#0093CC,26.0,1047,100.689,100.689,0,0,100.34,0.697,-1.076,0.217,-1.185,13.0,-1.076,0.217,-1.185,13.0,-1.293,M,#F0E628,26,1.0,0,0,0.154,0,0,0,0,0.0,11
1,2024,2024181,20,Alpine,13,OCO,Esteban Ocon,31,#0093CC,27.0,1048,100.864,100.864,0,0,100.776,0.175,-1.178,0.873,-1.615,13.0,-1.178,0.130,-1.243,13.0,-2.051,M,#F0E628,27,1.0,0,0,0.154,0,0,0,0,0.0,11
1,2024,2024181,20,Alpine,13,OCO,Esteban Ocon,31,#0093CC,28.0,1049,100.723,100.723,0,0,100.794,0.141,-1.196,0.358,-1.375,13.0,-1.196,0.358,-1.375,13.0,-1.554,M,#F0E628,28,1.0,0,0,0.154,0,0,0,0,0.0,11
1,2024,2024181,20,Alpine,13,OCO,Esteban Ocon,31,#0093CC,29.0,1050,-,-,0,1,-,-,-,-,-,-,-,-,-,-,-1.17,M,#F0E628,29,1.0,1,0,0.154,0,0,0,0,0.0,13
1,2024,2024181,20,Alpine,13,OCO,Esteban Ocon,31,#0093CC,30.0,1051,-,-,0,1,-,-,-,-,-,-,-,-,-,-,-3.879,H,#A5AFB9,1,2.0,0,0,0.394,0,0,0,0,0.0,17
1,2024,2024181,20,Alpine,13,OCO,Esteban Ocon,31,#0093CC,31.0,1052,98.887,98.887,0,0,-,-,0.206,4.269,-1.929,13.0,0.206,4.269,-1.929,13.0,-4.063,H,#A5AFB9,2,2.0,0,0,0.394,0,0,0,0,0.0,17
1,2024,2024181,20,Alpine,13,OCO,Esteban Ocon,31,#0093CC,32.0,1053,98.512,98.512,0,0,98.7,0.375,0.177,2.173,-0.909,13.0,0.177,2.173,-0.909,13.0,-1.996,H,#A5AFB9,3,2.0,0,0,0.394,0,0,0,0,0.0,17
1,2024,2024181,20,Alpine,13,OCO,Esteban Ocon,31,#0093CC,33.0,1054,98.368,98.368,0,0,98.44,0.144,-0.114,1.893,-1.060,13.0,-0.114,1.893,-1.060,13.0,-2.007,H,#A5AFB9,4,2.0,0,0,0.394,0,0,0,0,0.0,16
1,2024,2024181,20,Alpine,13,OCO,Esteban Ocon,31,#0093CC,34.0,1055,98.441,98.441,0,0,98.404,0.073,-0.205,2.381,-1.395,13.0,-0.205,2.039,-1.224,13.0,-2.586,H,#A5AFB9,5,2.0,0,0,0.394,0,0,0,0,0.0,15
1,2024,2024181,20,Alpine,13,OCO,Esteban Ocon,31,#0093CC,35.0,1056,98.279,98.279,0,0,98.36,0.162,0.072,2.420,-1.138,13.0,0.072,2.420,-1.138,13.0,-2.348,H,#A5AFB9,6,2.0,0,0,0.394,0,0,0,0,0.0,15
1,2024,2024181,20,Alpine,13,OCO,Esteban Ocon,31,#0093CC,36.0,1057,98.598,98.598,0,0,98.438,0.319,-0.136,4.283,-2.277,13.0,-0.136,4.283,-2.277,13.0,-4.419,H,#A5AFB9,7,2.0,0,0,0.394,0,0,0,0,0.0,15
1,2024,2024181,20,Alpine,13,OCO,Esteban Ocon,31,#0093CC,37.0,1058,100.839,98.752,1,0,98.675,2.241,-2.732,-,-,-,-0.644,-,-,-,,H,#A5AFB9,8,2.0,0,0,0.394,0,0,0,0,0.0,14
1,2024,2024181,20,Alpine,13,OCO,Esteban Ocon,31,#0093CC,38.0,1059,98.905,98.905,0,0,98.828,1.934,-1.0,-,-,-,-1.000,-,-,-,,H,#A5AFB9,9,2.0,0,0,0.394,0,0,0,0,0.0,14
1,2024,2024181,20,Alpine,13,OCO,Esteban Ocon,31,#0093CC,39.0,1060,98.001,98.001,0,0,98.453,0.904,-0.186,0.028,-0.200,13.0,-0.186,0.028,-0.200,13.0,-0.214,H,#A5AFB9,10,2.0,0,0,0.394,0,0,0,0,0.0,14
1,2024,2024181,20,Alpine,13,OCO,Esteban Ocon,31,#0093CC,40.0,1061,99.739,98.134,1,0,98.067,1.738,-1.947,-1.916,-0.989,17.0,-0.341,-0.310,-0.186,17.0,-0.031,H,#A5AFB9,11,2.0,0,0,0.394,0,0,0,0,0.0,14
1,2024,2024181,20,Alpine,13,OCO,Esteban Ocon,31,#0093CC,41.0,1062,98.266,98.266,0,0,98.2,1.473,-0.48,-0.704,-0.128,17.0,-0.480,-0.704,-0.128,17.0,0.224,H,#A5AFB9,12,2.0,0,0,0.394,0,0,0,0,0.0,14
1,2024,2024181,20,Alpine,13,OCO,Esteban Ocon,31,#0093CC,42.0,1063,98.375,98.375,0,0,98.321,0.109,-0.587,-1.047,-0.063,17.0,-0.587,-1.047,-0.063,17.0,0.46,H,#A5AFB9,13,2.0,0,0,0.394,0,0,0,0,0.0,14
1,2024,2024181,20,Alpine,13,OCO,Esteban Ocon,31,#0093CC,43.0,1064,98.458,98.458,0,0,98.416,0.083,-0.833,-0.820,-0.423,17.0,-0.833,-0.820,-0.423,17.0,-0.013,H,#A5AFB9,14,2.0,0,0,0.394,0,0,0,0,0.0,14
1,2024,2024181,20,Alpine,13,OCO,Esteban Ocon,31,#0093CC,44.0,1065,98.644,98.644,0,0,98.551,0.186,-1.05,-1.514,-0.293,17.0,-1.050,-1.514,-0.293,17.0,0.464,H,#A5AFB9,15,2.0,0,0,0.394,0,0,0,0,0.0,14
1,2024,2024181,20,Alpine,13,OCO,Esteban Ocon,31,#0093CC,45.0,1066,100.48,98.362,1,0,98.503,1.836,-2.537,-3.331,-0.871,17.0,-0.419,-1.213,0.188,17.0,0.794,H,#A5AFB9,16,2.0,0,0,0.394,0,0,0,0,1.0,13
1,2024,2024181,20,Alpine,13,OCO,Esteban Ocon,31,#0093CC,46.0,1067,98.079,98.079,0,0,98.22,2.401,-0.553,-1.152,0.023,17.0,-0.553,-1.152,0.023,17.0,0.599,H,#A5AFB9,17,2.0,0,1,0.394,0,0,0,0,0.0,13
1,2024,2024181,20,Alpine,13,OCO,Esteban Ocon,31,#0093CC,47.0,1068,98.134,98.134,0,0,98.106,0.055,-0.71,-0.139,-0.640,17.0,-0.710,-1.006,-0.207,17.0,-0.571,H,#A5AFB9,18,2.0,0,0,0.394,0,0,0,0,0.0,13
1,2024,2024181,20,Alpine,13,OCO,Esteban Ocon,31,#0093CC,48.0,1069,97.964,97.964,0,0,98.049,0.170,-0.501,-0.636,-0.183,17.0,-0.501,-0.636,-0.183,17.0,0.135,H,#A5AFB9,19,2.0,0,0,0.394,0,0,0,0,0.0,13
1,2024,2024181,20,Alpine,13,OCO,Esteban Ocon,31,#0093CC,49.0,1070,98.329,98.329,0,0,98.146,0.365,-0.703,-0.329,-0.538,17.0,-0.703,-0.680,-0.363,17.0,-0.374,H,#A5AFB9,20,2.0,0,0,0.394,0,0,0,0,0.0,13
1,2024,2024181,20,Alpine,13,OCO,Esteban Ocon,31,#0093CC,50.0,1071,98.693,98.693,0,0,98.511,0.364,-0.926,-0.722,-0.565,17.0,-0.926,-0.722,-0.565,17.0,-0.204,H,#A5AFB9,21,2.0,0,0,0.394,0,0,0,0,0.0,13
1,2024,2024181,20,Alpine,13,OCO,Esteban Ocon,31,#0093CC,51.0,1072,98.657,98.657,0,0,98.675,0.036,-1.019,0.291,-1.165,13.0,-1.019,-0.345,-0.847,17.0,-1.31,H,#A5AFB9,22,2.0,0,0,0.394,0,0,0,0,0.0,13
1,2024,2024181,20,Alpine,13,OCO,Esteban Ocon,31,#0093CC,52.0,1073,98.338,98.338,0,0,98.498,0.319,-0.663,0.314,-0.820,13.0,-0.663,0.314,-0.820,13.0,-0.977,H,#A5AFB9,23,2.0,0,0,0.394,0,0,0,0,0.0,13
1,2024,2024181,20,Alpine,13,OCO,Esteban Ocon,31,#0093CC,53.0,1074,100.163,98.422,1,0,98.38,1.825,-2.419,-1.471,-1.683,17.0,-0.678,0.270,-0.813,13.0,-0.948,H,#A5AFB9,24,2.0,0,0,0.394,0,0,0,0,0.0,13
1,2024,2024181,20,Alpine,13,OCO,Esteban Ocon,31,#0093CC,54.0,1075,98.507,98.507,0,0,98.465,1.656,-0.791,0.084,-0.833,13.0,-0.791,0.084,-0.833,13.0,-0.875,H,#A5AFB9,25,2.0,0,0,0.394,0,0,0,0,0.0,13
1,2024,2024181,20,Alpine,13,OCO,Esteban Ocon,31,#0093CC,55.0,1076,98.861,98.861,0,0,98.684,0.354,-1.081,-0.889,-0.636,17.0,-1.081,-0.889,-0.636,17.0,-0.192,H,#A5AFB9,26,2.0,0,0,0.394,0,0,0,0,0.0,13
1,2024,2024181,20,Alpine,13,OCO,Esteban Ocon,31,#0093CC,56.0,1077,98.778,98.778,0,0,98.82,0.083,-0.97,1.609,-1.775,13.0,-0.970,-1.084,-0.428,17.0,-2.579,H,#A5AFB9,27,2.0,0,0,0.394,0,0,0,0,0.0,13
1,2024,2024181,20,Alpine,13,OCO,Esteban Ocon,31,#0093CC,57.0,1078,98.471,98.471,0,0,98.625,0.307,-0.757,-1.055,-0.230,17.0,-0.757,-1.055,-0.230,17.0,0.298,H,#A5AFB9,28,2.0,0,0,0.394,0,0,0,0,0.0,13
1,2024,2024181,20,Alpine,13,OCO,Esteban Ocon,31,#0093CC,58.0,1079,98.714,98.714,0,0,98.592,0.243,-0.95,-1.093,-0.403,17.0,-0.950,-1.093,-0.403,17.0,0.143,H,#A5AFB9,29,2.0,0,0,0.394,0,0,0,0,0.0,13
1,2024,2024181,20,Alpine,13,OCO,Esteban Ocon,31,#0093CC,59.0,1080,98.703,98.703,0,0,98.708,0.011,-0.802,-0.957,-0.324,17.0,-0.802,-0.957,-0.324,17.0,0.155,H,#A5AFB9,30,2.0,0,0,0.394,0,0,0,0,0.0,13
1,2024,2024181,20,Alpine,13,OCO,Esteban Ocon,31,#0093CC,60.0,1081,98.315,98.315,0,0,98.509,0.388,-0.427,-0.126,-0.364,17.0,-0.427,-0.126,-0.364,17.0,-0.301,H,#A5AFB9,31,2.0,0,0,0.394,0,0,0,0,0.0,13
1,2024,2024181,20,Alpine,13,OCO,Esteban Ocon,31,#0093CC,61.0,1082,101.037,101.037,0,0,99.676,2.722,-2.316,-1.539,-1.546,17.0,-2.316,-1.539,-1.546,17.0,-0.777,H,#A5AFB9,32,2.0,0,0,0.394,0,0,0,0,0.0,13
1,2024,2024181,20,Alpine,17,GAS,Pierre Gasly,10,#0093CC,1.0,1022,-,-,0,1,-,-,-,-,-,-,-,-,-,-,,M,#F0E628,1,1.0,0,0,0.330,0,0,0,0,,17
1,2024,2024181,20,Alpine,17,GAS,Pierre Gasly,10,#0093CC,2.0,1023,-,-,0,1,-,-,-,-,-,-,-,-,-,-,,M,#F0E628,2,1.0,0,0,0.330,0,0,0,0,0.0,17
1,2024,2024181,20,Alpine,17,GAS,Pierre Gasly,10,#0093CC,3.0,1024,100.394,100.394,0,0,-,-,-0.778,0.882,-0.337,13.0,-0.778,0.882,-0.337,13.0,0.104,M,#F0E628,3,1.0,0,0,0.330,0,0,0,0,0.0,17
1,2024,2024181,20,Alpine,17,GAS,Pierre Gasly,10,#0093CC,4.0,1025,99.479,99.479,0,0,99.936,0.915,-0.204,0.392,-0.008,13.0,-0.204,0.392,-0.008,13.0,0.188,M,#F0E628,4,1.0,0,0,0.330,0,0,0,0,0.0,17
1,2024,2024181,20,Alpine,17,GAS,Pierre Gasly,10,#0093CC,5.0,1026,99.582,99.582,0,0,99.53,0.103,-0.57,0.361,-0.389,13.0,-0.570,0.361,-0.389,13.0,-0.209,M,#F0E628,5,1.0,0,0,0.330,0,0,0,0,0.0,17
1,2024,2024181,20,Alpine,17,GAS,Pierre Gasly,10,#0093CC,6.0,1027,99.724,99.724,0,0,99.653,0.142,-0.69,0.427,-0.476,13.0,-0.690,0.427,-0.476,13.0,-0.263,M,#F0E628,6,1.0,0,0,0.330,0,0,0,0,0.0,17
1,2024,2024181,20,Alpine,17,GAS,Pierre Gasly,10,#0093CC,7.0,1028,99.621,99.621,0,0,99.672,0.103,-0.628,0.376,-0.440,13.0,-0.628,0.376,-0.440,13.0,-0.252,M,#F0E628,7,1.0,0,0,0.330,0,0,0,0,0.0,17
1,2024,2024181,20,Alpine,17,GAS,Pierre Gasly,10,#0093CC,8.0,1029,99.663,99.663,0,0,99.642,0.042,-0.824,0.664,-0.492,13.0,-0.824,0.664,-0.492,13.0,-0.16,M,#F0E628,8,1.0,0,0,0.330,0,0,0,0,0.0,17
1,2024,2024181,20,Alpine,17,GAS,Pierre Gasly,10,#0093CC,9.0,1030,100.929,99.576,1,0,99.619,1.266,-2.11,1.518,-1.351,13.0,-0.756,0.416,-0.548,13.0,-0.592,M,#F0E628,9,1.0,0,0,0.330,0,0,0,0,0.0,17
1,2024,2024181,20,Alpine,17,GAS,Pierre Gasly,10,#0093CC,10.0,1031,99.488,99.488,0,0,99.532,1.441,-0.671,0.169,-0.587,13.0,-0.671,0.169,-0.587,13.0,-0.502,M,#F0E628,10,1.0,0,0,0.330,0,0,0,0,0.0,16
1,2024,2024181,20,Alpine,17,GAS,Pierre Gasly,10,#0093CC,11.0,1032,99.263,99.263,0,0,99.376,0.225,-0.508,0.097,-0.460,13.0,-0.508,0.097,-0.460,13.0,-0.411,M,#F0E628,11,1.0,0,0,0.330,0,0,0,0,0.0,15
1,2024,2024181,20,Alpine,17,GAS,Pierre Gasly,10,#0093CC,12.0,1033,99.234,99.234,0,0,99.248,0.029,-0.387,-0.042,-0.408,17.0,-0.387,-0.042,-0.408,17.0,-0.429,M,#F0E628,12,1.0,0,0,0.330,0,0,0,0,0.0,15
1,2024,2024181,20,Alpine,17,GAS,Pierre Gasly,10,#0093CC,13.0,1034,99.315,99.315,0,0,99.274,0.081,-0.579,-0.264,-0.711,17.0,-0.579,-0.041,-0.599,17.0,-0.843,M,#F0E628,13,1.0,0,0,0.330,0,0,0,0,0.0,15
1,2024,2024181,20,Alpine,17,GAS,Pierre Gasly,10,#0093CC,14.0,1035,99.34,99.34,0,0,99.328,0.025,-0.553,-0.095,-0.601,17.0,-0.553,-0.095,-0.601,17.0,-0.648,M,#F0E628,14,1.0,0,0,0.330,0,0,0,0,0.0,14
1,2024,2024181,20,Alpine,17,GAS,Pierre Gasly,10,#0093CC,15.0,1036,99.491,99.491,0,0,99.416,0.151,-0.833,0.215,-0.726,13.0,-0.833,0.215,-0.726,13.0,-0.618,M,#F0E628,15,1.0,0,0,0.330,0,0,0,0,0.0,14
1,2024,2024181,20,Alpine,17,GAS,Pierre Gasly,10,#0093CC,16.0,1037,99.178,99.178,0,0,99.334,0.313,-0.412,-0.290,-0.557,17.0,-0.412,-0.290,-0.557,17.0,-0.702,M,#F0E628,16,1.0,0,0,0.330,0,0,0,0,0.0,14
1,2024,2024181,20,Alpine,17,GAS,Pierre Gasly,10,#0093CC,17.0,1038,99.106,99.106,0,0,99.142,0.072,-0.249,-0.379,-0.439,17.0,-0.249,-0.379,-0.439,17.0,-0.628,M,#F0E628,17,1.0,0,0,0.330,0,0,0,0,0.0,14
1,2024,2024181,20,Alpine,17,GAS,Pierre Gasly,10,#0093CC,18.0,1039,99.98,99.362,1,0,99.234,0.874,-0.997,0.076,-0.959,13.0,-0.379,-0.309,-0.533,17.0,-0.921,M,#F0E628,18,1.0,0,0,0.330,0,0,0,0,0.0,14
1,2024,2024181,20,Alpine,17,GAS,Pierre Gasly,10,#0093CC,19.0,1040,99.619,99.619,0,0,99.491,0.361,-0.563,-0.238,-0.682,17.0,-0.563,-0.238,-0.682,17.0,-0.801,M,#F0E628,19,1.0,0,1,0.330,0,0,0,0,0.0,14
1,2024,2024181,20,Alpine,17,GAS,Pierre Gasly,10,#0093CC,20.0,1041,99.776,99.776,0,0,99.697,0.157,-0.624,-0.107,-0.677,17.0,-0.624,-0.107,-0.677,17.0,-0.731,M,#F0E628,20,1.0,0,0,0.330,0,0,0,0,0.0,14
1,2024,2024181,20,Alpine,17,GAS,Pierre Gasly,10,#0093CC,21.0,1042,99.529,99.529,0,0,99.652,0.247,-0.311,-0.412,-0.517,17.0,-0.311,-0.412,-0.517,17.0,-0.723,M,#F0E628,21,1.0,0,0,0.330,0,0,0,0,0.0,14
1,2024,2024181,20,Alpine,17,GAS,Pierre Gasly,10,#0093CC,22.0,1043,99.831,99.831,0,0,99.68,0.302,-0.705,-1.345,-1.377,17.0,-0.705,-0.271,-0.841,17.0,-2.05,M,#F0E628,22,1.0,0,0,0.330,0,0,0,0,0.0,14
1,2024,2024181,20,Alpine,17,GAS,Pierre Gasly,10,#0093CC,23.0,1044,100.239,99.998,1,0,99.915,0.408,-1.073,-0.024,-1.085,17.0,-0.833,-0.264,-0.965,17.0,-1.097,M,#F0E628,23,1.0,0,0,0.330,0,0,0,0,0.0,14
1,2024,2024181,20,Alpine,17,GAS,Pierre Gasly,10,#0093CC,24.0,1045,100.166,100.166,0,0,100.082,0.073,-0.878,0.195,-0.780,13.0,-0.878,0.195,-0.780,13.0,-0.683,M,#F0E628,24,1.0,0,0,0.330,0,0,0,0,0.0,14
1,2024,2024181,20,Alpine,17,GAS,Pierre Gasly,10,#0093CC,25.0,1046,101.407,100.536,1,0,100.351,1.241,-1.919,1.415,-1.212,13.0,-1.048,0.544,-0.776,13.0,-0.504,M,#F0E628,25,1.0,0,0,0.330,0,0,0,0,-1.0,15
1,2024,2024181,20,Alpine,17,GAS,Pierre Gasly,10,#0093CC,26.0,1047,100.906,100.906,0,0,100.721,0.501,-1.293,0.217,-1.185,13.0,-1.293,0.217,-1.185,13.0,-1.076,M,#F0E628,26,1.0,0,0,0.330,0,0,0,0,0.0,14
1,2024,2024181,20,Alpine,17,GAS,Pierre Gasly,10,#0093CC,27.0,1048,101.737,100.994,1,0,100.95,0.831,-2.051,0.873,-1.615,13.0,-1.308,0.130,-1.243,13.0,-1.178,M,#F0E628,27,1.0,0,0,0.330,0,0,0,0,-1.0,15
1,2024,2024181,20,Alpine,17,GAS,Pierre Gasly,10,#0093CC,28.0,1049,101.081,101.081,0,0,101.037,0.656,-1.554,0.358,-1.375,13.0,-1.554,0.358,-1.375,13.0,-1.196,M,#F0E628,28,1.0,0,0,0.330,0,0,0,0,0.0,14
1,2024,2024181,20,Alpine,17,GAS,Pierre Gasly,10,#0093CC,29.0,1050,100.484,100.484,0,0,100.782,0.597,-1.17,-,-,-,-1.170,-,-,-,,M,#F0E628,29,1.0,0,0,0.330,0,0,0,0,0.0,12
1,2024,2024181,20,Alpine,17,GAS,Pierre Gasly,10,#0093CC,30.0,1051,103.135,103.135,0,0,101.81,2.651,-3.879,-,-,-,-3.879,-,-,-,,M,#F0E628,30,1.0,0,0,0.330,0,0,0,0,-1.0,12
1,2024,2024181,20,Alpine,17,GAS,Pierre Gasly,10,#0093CC,31.0,1052,103.156,103.156,0,0,103.146,0.021,-4.063,4.269,-1.929,13.0,-4.063,4.269,-1.929,13.0,0.206,M,#F0E628,31,1.0,0,0,0.330,0,0,0,0,-1.0,13
1,2024,2024181,20,Alpine,17,GAS,Pierre Gasly,10,#0093CC,32.0,1053,100.685,100.685,0,0,101.92,2.471,-1.996,2.173,-0.909,13.0,-1.996,2.173,-0.909,13.0,0.177,M,#F0E628,32,1.0,0,0,0.330,0,0,0,0,0.0,13
1,2024,2024181,20,Alpine,17,GAS,Pierre Gasly,10,#0093CC,33.0,1054,100.261,100.261,0,0,100.473,0.424,-2.007,1.893,-1.060,13.0,-2.007,1.893,-1.060,13.0,-0.114,M,#F0E628,33,1.0,0,0,0.330,0,0,0,0,0.0,13
1,2024,2024181,20,Alpine,17,GAS,Pierre Gasly,10,#0093CC,34.0,1055,100.822,100.48,1,0,100.37,0.561,-2.586,2.381,-1.395,13.0,-2.244,2.039,-1.224,13.0,-0.205,M,#F0E628,34,1.0,0,0,0.330,0,0,0,0,0.0,12
1,2024,2024181,20,Alpine,17,GAS,Pierre Gasly,10,#0093CC,35.0,1056,100.699,100.699,0,0,100.589,0.123,-2.348,2.420,-1.138,13.0,-2.348,2.420,-1.138,13.0,0.072,M,#F0E628,35,1.0,0,0,0.330,0,0,0,0,0.0,12
1,2024,2024181,20,Alpine,17,GAS,Pierre Gasly,10,#0093CC,36.0,1057,102.881,102.881,0,0,101.79,2.182,-4.419,4.283,-2.277,13.0,-4.419,4.283,-2.277,13.0,-0.136,M,#F0E628,36,1.0,0,0,0.330,0,0,0,0,-1.0,13
1,2024,2024181,20,Alpine,17,GAS,Pierre Gasly,10,#0093CC,37.0,1058,-,-,0,1,-,-,-,-,-,-,-,-,-,-,-2.732,M,#F0E628,37,1.0,1,0,0.330,0,0,0,0,0.0,17
1,2024,2024181,20,Alpine,17,GAS,Pierre Gasly,10,#0093CC,38.0,1059,-,-,0,1,-,-,-,-,-,-,-,-,-,-,-1.0,S,#CD3C3C,1,2.0,0,0,0.350,0,0,0,0,0.0,19
1,2024,2024181,20,Alpine,17,GAS,Pierre Gasly,10,#0093CC,39.0,1060,98.029,98.029,0,0,-,-,-0.214,0.028,-0.200,13.0,-0.214,0.028,-0.200,13.0,-0.186,S,#CD3C3C,2,2.0,0,0,0.350,0,0,0,0,0.0,19
1,2024,2024181,20,Alpine,17,GAS,Pierre Gasly,10,#0093CC,40.0,1061,97.823,97.823,0,0,97.926,0.206,-0.031,-1.916,-0.989,17.0,-0.031,-0.310,-0.186,17.0,-1.947,S,#CD3C3C,3,2.0,0,0,0.350,0,0,0,0,0.0,19
1,2024,2024181,20,Alpine,17,GAS,Pierre Gasly,10,#0093CC,41.0,1062,97.562,97.562,0,0,97.692,0.261,0.224,-0.704,-0.128,17.0,0.224,-0.704,-0.128,17.0,-0.48,S,#CD3C3C,4,2.0,0,0,0.350,0,0,0,0,0.0,19
1,2024,2024181,20,Alpine,17,GAS,Pierre Gasly,10,#0093CC,42.0,1063,97.328,97.328,0,0,97.445,0.234,0.46,-1.047,-0.063,17.0,0.460,-1.047,-0.063,17.0,-0.587,S,#CD3C3C,5,2.0,0,0,0.350,0,0,0,0,0.0,19
1,2024,2024181,20,Alpine,17,GAS,Pierre Gasly,10,#0093CC,43.0,1064,97.638,97.638,0,0,97.483,0.310,-0.013,-0.820,-0.423,17.0,-0.013,-0.820,-0.423,17.0,-0.833,S,#CD3C3C,6,2.0,0,0,0.350,0,0,0,0,0.0,19
1,2024,2024181,20,Alpine,17,GAS,Pierre Gasly,10,#0093CC,44.0,1065,97.13,97.13,0,0,97.384,0.508,0.464,-1.514,-0.293,17.0,0.464,-1.514,-0.293,17.0,-1.05,S,#CD3C3C,7,2.0,0,0,0.350,0,0,0,0,0.0,19
1,2024,2024181,20,Alpine,17,GAS,Pierre Gasly,10,#0093CC,45.0,1066,97.149,97.149,0,0,97.14,0.019,0.794,-3.331,-0.871,17.0,0.794,-1.213,0.188,17.0,-2.537,S,#CD3C3C,8,2.0,0,0,0.350,0,0,0,0,0.0,19
1,2024,2024181,20,Alpine,17,GAS,Pierre Gasly,10,#0093CC,46.0,1067,96.927,96.927,0,0,97.038,0.222,0.599,-1.152,0.023,17.0,0.599,-1.152,0.023,17.0,-0.553,S,#CD3C3C,9,2.0,0,0,0.350,0,0,0,0,0.0,19
1,2024,2024181,20,Alpine,17,GAS,Pierre Gasly,10,#0093CC,47.0,1068,97.995,97.128,1,0,97.027,1.068,-0.571,-0.139,-0.640,17.0,0.296,-1.006,-0.207,17.0,-0.71,S,#CD3C3C,10,2.0,0,0,0.350,0,0,0,0,0.0,18
1,2024,2024181,20,Alpine,17,GAS,Pierre Gasly,10,#0093CC,48.0,1069,97.328,97.328,0,0,97.228,0.667,0.135,-0.636,-0.183,17.0,0.135,-0.636,-0.183,17.0,-0.501,S,#CD3C3C,11,2.0,0,0,0.350,0,0,0,0,0.0,18
1,2024,2024181,20,Alpine,17,GAS,Pierre Gasly,10,#0093CC,49.0,1070,98.0,97.65,1,0,97.489,0.672,-0.374,-0.329,-0.538,17.0,-0.023,-0.680,-0.363,17.0,-0.703,S,#CD3C3C,12,2.0,0,0,0.350,0,0,0,0,0.0,17
1,2024,2024181,20,Alpine,17,GAS,Pierre Gasly,10,#0093CC,50.0,1071,97.971,97.971,0,0,97.81,0.029,-0.204,-0.722,-0.565,17.0,-0.204,-0.722,-0.565,17.0,-0.926,S,#CD3C3C,13,2.0,0,1,0.350,0,0,0,0,0.0,17
1,2024,2024181,20,Alpine,17,GAS,Pierre Gasly,10,#0093CC,51.0,1072,98.948,98.312,1,0,98.141,0.977,-1.31,0.291,-1.165,13.0,-0.674,-0.345,-0.847,17.0,-1.019,S,#CD3C3C,14,2.0,0,0,0.350,0,0,0,0,0.0,17
1,2024,2024181,20,Alpine,17,GAS,Pierre Gasly,10,#0093CC,52.0,1073,98.652,98.652,0,0,98.482,0.296,-0.977,0.314,-0.820,13.0,-0.977,0.314,-0.820,13.0,-0.663,S,#CD3C3C,15,2.0,0,0,0.350,0,0,0,0,0.0,17
1,2024,2024181,20,Alpine,17,GAS,Pierre Gasly,10,#0093CC,53.0,1074,98.692,98.692,0,0,98.672,0.040,-0.948,-1.471,-1.683,17.0,-0.948,0.270,-0.813,13.0,-2.419,S,#CD3C3C,16,2.0,0,0,0.350,0,0,0,0,0.0,17
1,2024,2024181,20,Alpine,17,GAS,Pierre Gasly,10,#0093CC,54.0,1075,98.591,98.591,0,0,98.642,0.101,-0.875,0.084,-0.833,13.0,-0.875,0.084,-0.833,13.0,-0.791,S,#CD3C3C,17,2.0,0,0,0.350,0,0,0,0,0.0,17
1,2024,2024181,20,Alpine,17,GAS,Pierre Gasly,10,#0093CC,55.0,1076,97.972,97.972,0,0,98.282,0.619,-0.192,-0.889,-0.636,17.0,-0.192,-0.889,-0.636,17.0,-1.081,S,#CD3C3C,18,2.0,0,0,0.350,0,0,0,0,0.0,17
1,2024,2024181,20,Alpine,17,GAS,Pierre Gasly,10,#0093CC,56.0,1077,100.387,97.694,1,0,97.833,2.415,-2.579,1.609,-1.775,13.0,0.114,-1.084,-0.428,17.0,-0.97,S,#CD3C3C,19,2.0,0,0,0.350,0,0,0,0,0.0,17
1,2024,2024181,20,Alpine,17,GAS,Pierre Gasly,10,#0093CC,57.0,1078,97.416,97.416,0,0,97.555,2.971,0.298,-1.055,-0.230,17.0,0.298,-1.055,-0.230,17.0,-0.757,S,#CD3C3C,20,2.0,0,0,0.350,0,0,0,0,0.0,17
1,2024,2024181,20,Alpine,17,GAS,Pierre Gasly,10,#0093CC,58.0,1079,97.621,97.621,0,0,97.518,0.205,0.143,-1.093,-0.403,17.0,0.143,-1.093,-0.403,17.0,-0.95,S,#CD3C3C,21,2.0,0,0,0.350,0,0,0,0,0.0,17
1,2024,2024181,20,Alpine,17,GAS,Pierre Gasly,10,#0093CC,59.0,1080,97.746,97.746,0,0,97.684,0.125,0.155,-0.957,-0.324,17.0,0.155,-0.957,-0.324,17.0,-0.802,S,#CD3C3C,22,2.0,0,0,0.350,0,0,0,0,0.0,17
1,2024,2024181,20,Alpine,17,GAS,Pierre Gasly,10,#0093CC,60.0,1081,98.189,98.189,0,0,97.968,0.443,-0.301,-0.126,-0.364,17.0,-0.301,-0.126,-0.364,17.0,-0.427,S,#CD3C3C,23,2.0,0,0,0.350,0,0,0,0,0.0,17
1,2024,2024181,20,Alpine,17,GAS,Pierre Gasly,10,#0093CC,61.0,1082,99.498,99.498,0,0,98.844,1.309,-0.777,-1.539,-1.546,17.0,-0.777,-1.539,-1.546,17.0,-2.316,S,#CD3C3C,24,2.0,0,0,0.350,0,0,0,0,0.0,17
1,2024,2024191,22,Alpine,13,OCO,Esteban Ocon,31,#0093CC,1.0,1084,-,-,0,1,-,-,-,-,-,-,-,-,-,-,,M,#F0E628,1,1.0,0,0,0.134,0,0,0,0,,20
1,2024,2024191,22,Alpine,13,OCO,Esteban Ocon,31,#0093CC,2.0,1085,-,-,0,1,-,-,-,-,-,-,-,-,-,-,,M,#F0E628,2,1.0,0,0,0.134,0,0,0,0,0.0,19
1,2024,2024191,22,Alpine,13,OCO,Esteban Ocon,31,#0093CC,3.0,1086,-,-,0,1,-,-,-,-,-,-,-,-,-,-,,M,#F0E628,3,1.0,0,0,0.134,0,1,0,0,0.0,19
1,2024,2024191,22,Alpine,13,OCO,Esteban Ocon,31,#0093CC,4.0,1087,-,-,0,1,-,-,-,-,-,-,-,-,-,-,,M,#F0E628,4,1.0,0,0,0.134,0,0,0,0,0.0,18
1,2024,2024191,22,Alpine,13,OCO,Esteban Ocon,31,#0093CC,5.0,1088,-,-,0,1,-,-,-,-,-,-,-,-,-,-,,M,#F0E628,5,1.0,0,0,0.134,1,0,0,0,0.0,18
1,2024,2024191,22,Alpine,13,OCO,Esteban Ocon,31,#0093CC,6.0,1089,-,-,0,1,-,-,-,-,-,-,-,-,-,-,,M,#F0E628,6,1.0,0,0,0.134,0,0,0,0,0.0,17
1,2024,2024191,22,Alpine,13,OCO,Esteban Ocon,31,#0093CC,7.0,1090,101.923,101.923,0,0,-,-,-0.439,0.436,-0.221,17.0,-0.439,0.436,-0.221,17.0,-0.003,M,#F0E628,7,1.0,0,0,0.134,0,0,0,0,0.0,17
1,2024,2024191,22,Alpine,13,OCO,Esteban Ocon,31,#0093CC,8.0,1091,101.675,101.675,0,0,101.799,0.248,-0.611,0.638,-0.292,17.0,-0.611,0.638,-0.292,17.0,0.027,M,#F0E628,8,1.0,0,0,0.134,0,0,0,0,0.0,17
1,2024,2024191,22,Alpine,13,OCO,Esteban Ocon,31,#0093CC,9.0,1092,101.837,101.837,0,0,101.756,0.162,-0.707,1.125,-0.144,17.0,-0.707,1.125,-0.144,17.0,0.418,M,#F0E628,9,1.0,0,0,0.134,0,0,0,0,0.0,17
1,2024,2024191,22,Alpine,13,OCO,Esteban Ocon,31,#0093CC,10.0,1093,102.093,102.093,0,0,101.965,0.256,-0.872,1.522,-0.111,17.0,-0.872,1.522,-0.111,17.0,0.65,M,#F0E628,10,1.0,0,0,0.134,0,0,0,0,1.0,16
1,2024,2024191,22,Alpine,13,OCO,Esteban Ocon,31,#0093CC,11.0,1094,102.258,102.258,0,0,102.176,0.165,-0.901,0.967,-0.417,17.0,-0.901,1.429,-0.186,17.0,0.066,M,#F0E628,11,1.0,0,0,0.134,0,0,0,0,0.0,16
1,2024,2024191,22,Alpine,13,OCO,Esteban Ocon,31,#0093CC,12.0,1095,101.866,101.866,0,0,102.062,0.392,-0.562,0.780,-0.172,17.0,-0.562,0.780,-0.172,17.0,0.218,M,#F0E628,12,1.0,0,0,0.134,0,0,0,0,0.0,16
1,2024,2024191,22,Alpine,13,OCO,Esteban Ocon,31,#0093CC,13.0,1096,102.257,102.058,1,0,101.962,0.391,-1.113,1.211,-0.507,17.0,-0.913,1.011,-0.407,17.0,0.098,M,#F0E628,13,1.0,0,0,0.134,0,0,0,0,0.0,16
1,2024,2024191,22,Alpine,13,OCO,Esteban Ocon,31,#0093CC,14.0,1097,102.249,102.249,0,0,102.153,0.008,-1.07,0.698,-0.721,17.0,-1.070,0.976,-0.582,17.0,-0.372,M,#F0E628,14,1.0,0,0,0.134,0,0,0,0,0.0,16
1,2024,2024191,22,Alpine,13,OCO,Esteban Ocon,31,#0093CC,15.0,1098,102.175,102.175,0,0,102.212,0.074,-0.904,0.676,-0.566,17.0,-0.904,0.676,-0.566,17.0,-0.228,M,#F0E628,15,1.0,0,0,0.134,0,0,0,0,0.0,16
1,2024,2024191,22,Alpine,13,OCO,Esteban Ocon,31,#0093CC,16.0,1099,101.906,101.906,0,0,102.041,0.269,-0.613,0.600,-0.313,17.0,-0.613,0.600,-0.313,17.0,-0.013,M,#F0E628,16,1.0,0,0,0.134,0,0,0,0,0.0,15
1,2024,2024191,22,Alpine,13,OCO,Esteban Ocon,31,#0093CC,17.0,1100,101.831,101.831,0,0,101.869,0.075,-0.631,-0.311,-0.786,13.0,-0.631,-0.311,-0.786,13.0,-0.942,M,#F0E628,17,1.0,0,0,0.134,0,0,0,0,0.0,15
1,2024,2024191,22,Alpine,13,OCO,Esteban Ocon,31,#0093CC,18.0,1101,101.669,101.669,0,0,101.75,0.162,-0.917,-,-,-,-0.917,-,-,-,,M,#F0E628,18,1.0,0,1,0.134,0,0,0,0,0.0,14
1,2024,2024191,22,Alpine,13,OCO,Esteban Ocon,31,#0093CC,19.0,1102,101.517,101.517,0,0,101.593,0.152,-0.849,-,-,-,-0.849,-,-,-,,M,#F0E628,19,1.0,0,0,0.134,0,0,0,0,0.0,12
1,2024,2024191,22,Alpine,13,OCO,Esteban Ocon,31,#0093CC,20.0,1103,101.427,101.427,0,0,101.472,0.090,-0.663,-0.169,-0.748,13.0,-0.663,-0.169,-0.748,13.0,-0.832,M,#F0E628,20,1.0,0,0,0.134,0,0,0,0,0.0,12
1,2024,2024191,22,Alpine,13,OCO,Esteban Ocon,31,#0093CC,21.0,1104,101.246,101.246,0,0,101.336,0.181,-0.486,0.114,-0.429,17.0,-0.486,0.114,-0.429,17.0,-0.372,M,#F0E628,21,1.0,0,0,0.134,0,0,0,0,0.0,12
1,2024,2024191,22,Alpine,13,OCO,Esteban Ocon,31,#0093CC,22.0,1105,101.63,101.63,0,0,101.438,0.384,-0.749,0.597,-0.451,17.0,-0.749,0.597,-0.451,17.0,-0.152,M,#F0E628,22,1.0,0,0,0.134,0,0,0,0,0.0,12
1,2024,2024191,22,Alpine,13,OCO,Esteban Ocon,31,#0093CC,23.0,1106,101.72,101.72,0,0,101.675,0.090,-0.889,0.637,-0.571,17.0,-0.889,0.637,-0.571,17.0,-0.252,M,#F0E628,23,1.0,0,0,0.134,0,0,0,0,0.0,12
1,2024,2024191,22,Alpine,13,OCO,Esteban Ocon,31,#0093CC,24.0,1107,101.489,101.489,0,0,101.604,0.231,-0.739,0.574,-0.452,17.0,-0.739,0.574,-0.452,17.0,-0.165,M,#F0E628,24,1.0,0,0,0.134,0,0,0,0,0.0,12
1,2024,2024191,22,Alpine,13,OCO,Esteban Ocon,31,#0093CC,25.0,1108,102.393,101.518,1,0,101.504,0.904,-1.805,1.407,-1.101,17.0,-0.930,0.532,-0.664,17.0,-0.398,M,#F0E628,25,1.0,0,0,0.134,0,0,0,0,-1.0,13
1,2024,2024191,22,Alpine,13,OCO,Esteban Ocon,31,#0093CC,26.0,1109,101.547,101.547,0,0,101.532,0.846,-0.672,-0.407,-0.875,13.0,-0.672,-0.407,-0.875,13.0,-1.079,M,#F0E628,26,1.0,0,0,0.134,0,0,0,0,0.0,13
1,2024,2024191,22,Alpine,13,OCO,Esteban Ocon,31,#0093CC,27.0,1110,101.361,101.361,0,0,101.454,0.186,-0.89,-1.046,-1.413,13.0,-0.890,-1.046,-1.413,13.0,-1.936,M,#F0E628,27,1.0,0,0,0.134,0,0,0,0,0.0,12
1,2024,2024191,22,Alpine,13,OCO,Esteban Ocon,31,#0093CC,28.0,1111,101.369,101.369,0,0,101.365,0.008,-1.142,0.639,-0.823,17.0,-1.142,0.639,-0.823,17.0,-0.503,M,#F0E628,28,1.0,0,0,0.134,0,0,0,0,0.0,11
1,2024,2024191,22,Alpine,13,OCO,Esteban Ocon,31,#0093CC,29.0,1112,101.194,101.194,0,0,101.282,0.175,-1.021,0.759,-0.641,17.0,-1.021,0.759,-0.641,17.0,-0.262,M,#F0E628,29,1.0,0,0,0.134,0,0,0,0,0.0,11
1,2024,2024191,22,Alpine,13,OCO,Esteban Ocon,31,#0093CC,30.0,1113,101.452,101.452,0,0,101.323,0.258,-1.244,0.780,-0.854,17.0,-1.244,0.780,-0.854,17.0,-0.464,M,#F0E628,30,1.0,0,0,0.134,0,0,0,0,0.0,11
1,2024,2024191,22,Alpine,13,OCO,Esteban Ocon,31,#0093CC,31.0,1114,-,-,0,1,-,-,-,-,-,-,-,-,-,-,-0.553,M,#F0E628,31,1.0,1,0,0.134,0,0,0,0,0.0,12
1,2024,2024191,22,Alpine,13,OCO,Esteban Ocon,31,#0093CC,32.0,1115,-,-,0,1,-,-,-,-,-,-,-,-,-,-,-0.394,H,#A5AFB9,1,2.0,0,0,0.285,0,0,0,0,0.0,17
1,2024,2024191,22,Alpine,13,OCO,Esteban Ocon,31,#0093CC,33.0,1116,100.214,100.214,0,0,-,-,-0.323,-0.030,-0.338,13.0,-0.323,-0.030,-0.338,13.0,-0.353,H,#A5AFB9,2,2.0,0,0,0.285,0,0,0,0,0.0,17
1,2024,2024191,22,Alpine,13,OCO,Esteban Ocon,31,#0093CC,34.0,1117,100.077,100.077,0,0,100.146,0.137,-0.295,0.172,-0.209,17.0,-0.295,0.172,-0.209,17.0,-0.123,H,#A5AFB9,3,2.0,0,0,0.285,0,0,0,0,0.0,16
1,2024,2024191,22,Alpine,13,OCO,Esteban Ocon,31,#0093CC,35.0,1118,100.009,100.009,0,0,100.043,0.068,-0.355,0.143,-0.283,17.0,-0.355,0.143,-0.283,17.0,-0.212,H,#A5AFB9,4,2.0,0,0,0.285,0,0,0,0,0.0,16
1,2024,2024191,22,Alpine,13,OCO,Esteban Ocon,31,#0093CC,36.0,1119,100.301,100.301,0,0,100.155,0.292,-0.709,-0.329,-0.873,13.0,-0.709,-0.329,-0.873,13.0,-1.038,H,#A5AFB9,5,2.0,0,0,0.285,0,0,0,0,0.0,16
1,2024,2024191,22,Alpine,13,OCO,Esteban Ocon,31,#0093CC,37.0,1120,100.09,100.09,0,0,100.196,0.211,-0.478,-0.608,-0.782,13.0,-0.478,-0.608,-0.782,13.0,-1.086,H,#A5AFB9,6,2.0,0,0,0.285,0,0,0,0,0.0,16
1,2024,2024191,22,Alpine,13,OCO,Esteban Ocon,31,#0093CC,38.0,1121,99.937,99.937,0,0,100.014,0.153,-0.507,-0.908,-0.961,13.0,-0.507,-0.908,-0.961,13.0,-1.415,H,#A5AFB9,7,2.0,0,0,0.285,0,0,0,0,0.0,16
1,2024,2024191,22,Alpine,13,OCO,Esteban Ocon,31,#0093CC,39.0,1122,99.635,99.635,0,0,99.786,0.302,-0.426,-0.346,-0.599,13.0,-0.426,-0.346,-0.599,13.0,-0.772,H,#A5AFB9,8,2.0,0,0,0.285,0,0,0,0,0.0,16
1,2024,2024191,22,Alpine,13,OCO,Esteban Ocon,31,#0093CC,40.0,1123,99.722,99.722,0,0,99.678,0.087,-0.446,-0.177,-0.534,13.0,-0.446,-0.177,-0.534,13.0,-0.623,H,#A5AFB9,9,2.0,0,0,0.285,0,0,0,0,0.0,16
1,2024,2024191,22,Alpine,13,OCO,Esteban Ocon,31,#0093CC,41.0,1124,101.154,99.9,1,0,99.811,1.432,-1.95,0.571,-1.665,17.0,-0.696,0.380,-0.506,17.0,-1.379,H,#A5AFB9,10,2.0,0,1,0.285,0,0,0,0,0.0,16
1,2024,2024191,22,Alpine,13,OCO,Esteban Ocon,31,#0093CC,42.0,1125,100.078,100.078,0,0,99.989,1.076,-1.155,0.937,-0.686,17.0,-1.155,0.937,-0.686,17.0,-0.218,H,#A5AFB9,11,2.0,0,0,0.285,0,0,0,0,0.0,16
1,2024,2024191,22,Alpine,13,OCO,Esteban Ocon,31,#0093CC,43.0,1126,100.247,100.247,0,0,100.162,0.169,-1.258,0.971,-0.772,17.0,-1.258,0.971,-0.772,17.0,-0.287,H,#A5AFB9,12,2.0,0,0,0.285,0,0,0,0,0.0,16
1,2024,2024191,22,Alpine,13,OCO,Esteban Ocon,31,#0093CC,44.0,1127,101.275,100.037,1,0,100.142,1.028,-2.126,1.725,-1.264,17.0,-0.888,0.487,-0.645,17.0,-0.401,H,#A5AFB9,13,2.0,0,0,0.285,0,0,0,0,0.0,16
1,2024,2024191,22,Alpine,13,OCO,Esteban Ocon,31,#0093CC,45.0,1128,99.827,99.827,0,0,99.932,1.448,-0.659,-0.838,-1.078,13.0,-0.659,0.370,-0.474,17.0,-1.497,H,#A5AFB9,14,2.0,0,0,0.285,0,0,0,0,1.0,15
1,2024,2024191,22,Alpine,13,OCO,Esteban Ocon,31,#0093CC,46.0,1129,99.753,99.753,0,0,99.79,0.074,-0.631,0.389,-0.436,17.0,-0.631,0.389,-0.436,17.0,-0.242,H,#A5AFB9,15,2.0,0,0,0.285,0,0,0,0,0.0,15
1,2024,2024191,22,Alpine,13,OCO,Esteban Ocon,31,#0093CC,47.0,1130,99.596,99.596,0,0,99.674,0.157,-0.585,-1.377,-1.274,13.0,-0.585,0.133,-0.518,17.0,-1.962,H,#A5AFB9,16,2.0,0,0,0.285,0,0,0,0,0.0,15
1,2024,2024191,22,Alpine,13,OCO,Esteban Ocon,31,#0093CC,48.0,1131,100.898,99.626,1,0,99.611,1.302,-1.881,1.337,-1.212,17.0,-0.608,0.064,-0.576,17.0,-0.544,H,#A5AFB9,17,2.0,0,0,0.285,0,0,0,0,0.0,15
1,2024,2024191,22,Alpine,13,OCO,Esteban Ocon,31,#0093CC,49.0,1132,99.655,99.655,0,0,99.64,1.243,-0.628,0.355,-0.451,17.0,-0.628,0.355,-0.451,17.0,-0.273,H,#A5AFB9,18,2.0,0,0,0.285,0,0,0,0,0.0,15
1,2024,2024191,22,Alpine,13,OCO,Esteban Ocon,31,#0093CC,50.0,1133,99.573,99.573,0,0,99.614,0.082,-0.6,0.399,-0.400,17.0,-0.600,0.399,-0.400,17.0,-0.201,H,#A5AFB9,19,2.0,0,0,0.285,0,0,0,0,0.0,15
1,2024,2024191,22,Alpine,13,OCO,Esteban Ocon,31,#0093CC,51.0,1134,-,-,0,1,-,-,-,-,-,-,-,-,-,-,-0.402,H,#A5AFB9,20,2.0,1,0,0.285,0,0,0,0,0.0,15
1,2024,2024191,22,Alpine,13,OCO,Esteban Ocon,31,#0093CC,52.0,1135,-,-,0,1,-,-,-,-,-,-,-,-,-,-,0.015,S,#CD3C3C,4,3.0,0,0,0.667,0,0,0,0,0.0,18
1,2024,2024191,22,Alpine,13,OCO,Esteban Ocon,31,#0093CC,53.0,1136,97.33,97.33,0,0,-,-,1.48,-1.797,0.582,13.0,1.480,-1.797,0.582,13.0,-0.317,S,#CD3C3C,5,3.0,0,0,0.667,0,0,0,0,0.0,18
1,2024,2024191,22,Alpine,13,OCO,Esteban Ocon,31,#0093CC,54.0,1137,99.993,99.993,0,0,98.661,2.663,-1.175,1.265,-0.542,17.0,-1.175,1.265,-0.542,17.0,0.09,S,#CD3C3C,6,3.0,0,1,0.667,0,0,0,0,0.0,18
1,2024,2024191,22,Alpine,13,OCO,Esteban Ocon,31,#0093CC,55.0,1138,99.999,99.999,0,0,99.996,0.006,-0.904,1.688,-0.060,17.0,-0.904,1.688,-0.060,17.0,0.784,S,#CD3C3C,7,3.0,0,0,0.667,0,0,0,0,0.0,18
1,2024,2024191,22,Alpine,17,GAS,Pierre Gasly,10,#0093CC,1.0,1084,-,-,0,1,-,-,-,-,-,-,-,-,-,-,,M,#F0E628,1,1.0,0,0,0.222,0,0,0,0,,6
1,2024,2024191,22,Alpine,17,GAS,Pierre Gasly,10,#0093CC,2.0,1085,-,-,0,1,-,-,-,-,-,-,-,-,-,-,,M,#F0E628,2,1.0,0,0,0.222,0,0,0,0,0.0,6
1,2024,2024191,22,Alpine,17,GAS,Pierre Gasly,10,#0093CC,3.0,1086,-,-,0,1,-,-,-,-,-,-,-,-,-,-,,M,#F0E628,3,1.0,0,0,0.222,0,1,0,0,0.0,6
1,2024,2024191,22,Alpine,17,GAS,Pierre Gasly,10,#0093CC,4.0,1087,-,-,0,1,-,-,-,-,-,-,-,-,-,-,,M,#F0E628,4,1.0,0,0,0.222,0,0,0,0,0.0,6
1,2024,2024191,22,Alpine,17,GAS,Pierre Gasly,10,#0093CC,5.0,1088,-,-,0,1,-,-,-,-,-,-,-,-,-,-,,M,#F0E628,5,1.0,0,0,0.222,1,0,0,0,0.0,6
1,2024,2024191,22,Alpine,17,GAS,Pierre Gasly,10,#0093CC,6.0,1089,-,-,0,1,-,-,-,-,-,-,-,-,-,-,,M,#F0E628,6,1.0,0,0,0.222,0,0,0,0,0.0,6
1,2024,2024191,22,Alpine,17,GAS,Pierre Gasly,10,#0093CC,7.0,1090,101.487,101.487,0,0,-,-,-0.003,0.436,-0.221,17.0,-0.003,0.436,-0.221,17.0,-0.439,M,#F0E628,7,1.0,0,0,0.222,0,0,0,0,0.0,6
1,2024,2024191,22,Alpine,17,GAS,Pierre Gasly,10,#0093CC,8.0,1091,101.037,101.037,0,0,101.262,0.450,0.027,0.638,-0.292,17.0,0.027,0.638,-0.292,17.0,-0.611,M,#F0E628,8,1.0,0,0,0.222,0,0,0,0,0.0,6
1,2024,2024191,22,Alpine,17,GAS,Pierre Gasly,10,#0093CC,9.0,1092,100.712,100.712,0,0,100.875,0.325,0.418,1.125,-0.144,17.0,0.418,1.125,-0.144,17.0,-0.707,M,#F0E628,9,1.0,0,0,0.222,0,0,0,0,0.0,6
1,2024,2024191,22,Alpine,17,GAS,Pierre Gasly,10,#0093CC,10.0,1093,100.571,100.571,0,0,100.642,0.141,0.65,1.522,-0.111,17.0,0.650,1.522,-0.111,17.0,-0.872,M,#F0E628,10,1.0,0,0,0.222,0,0,0,0,0.0,6
1,2024,2024191,22,Alpine,17,GAS,Pierre Gasly,10,#0093CC,11.0,1094,101.291,100.828,1,0,100.7,0.720,0.066,0.967,-0.417,17.0,0.528,1.429,-0.186,17.0,-0.901,M,#F0E628,11,1.0,0,0,0.222,0,0,0,0,0.0,6
1,2024,2024191,22,Alpine,17,GAS,Pierre Gasly,10,#0093CC,12.0,1095,101.086,101.086,0,0,100.957,0.205,0.218,0.780,-0.172,17.0,0.218,0.780,-0.172,17.0,-0.562,M,#F0E628,12,1.0,0,1,0.222,0,0,0,0,0.0,6
1,2024,2024191,22,Alpine,17,GAS,Pierre Gasly,10,#0093CC,13.0,1096,101.046,101.046,0,0,101.066,0.040,0.098,1.211,-0.507,17.0,0.098,1.011,-0.407,17.0,-1.113,M,#F0E628,13,1.0,0,0,0.222,0,0,0,0,0.0,6
1,2024,2024191,22,Alpine,17,GAS,Pierre Gasly,10,#0093CC,14.0,1097,101.551,101.273,1,0,101.159,0.505,-0.372,0.698,-0.721,17.0,-0.094,0.976,-0.582,17.0,-1.07,M,#F0E628,14,1.0,0,0,0.222,0,0,0,0,0.0,6
1,2024,2024191,22,Alpine,17,GAS,Pierre Gasly,10,#0093CC,15.0,1098,101.499,101.499,0,0,101.386,0.052,-0.228,0.676,-0.566,17.0,-0.228,0.676,-0.566,17.0,-0.904,M,#F0E628,15,1.0,0,0,0.222,0,0,0,0,0.0,6
1,2024,2024191,22,Alpine,17,GAS,Pierre Gasly,10,#0093CC,16.0,1099,101.306,101.306,0,0,101.402,0.193,-0.013,0.600,-0.313,17.0,-0.013,0.600,-0.313,17.0,-0.613,M,#F0E628,16,1.0,0,0,0.222,0,0,0,0,0.0,6
1,2024,2024191,22,Alpine,17,GAS,Pierre Gasly,10,#0093CC,17.0,1100,102.142,102.142,0,0,101.724,0.836,-0.942,-0.311,-0.786,13.0,-0.942,-0.311,-0.786,13.0,-0.631,M,#F0E628,17,1.0,0,0,0.222,0,0,0,0,0.0,6
1,2024,2024191,22,Alpine,17,GAS,Pierre Gasly,10,#0093CC,18.0,1101,-,-,0,1,-,-,-,-,-,-,-,-,-,-,-0.917,M,#F0E628,18,1.0,1,0,0.222,0,0,0,0,0.0,6
1,2024,2024191,22,Alpine,17,GAS,Pierre Gasly,10,#0093CC,19.0,1102,-,-,0,1,-,-,-,-,-,-,-,-,-,-,-0.849,H,#A5AFB9,1,2.0,0,0,0.253,0,0,0,0,0.0,16
1,2024,2024191,22,Alpine,17,GAS,Pierre Gasly,10,#0093CC,20.0,1103,101.596,101.596,0,0,-,-,-0.832,-0.169,-0.748,13.0,-0.832,-0.169,-0.748,13.0,-0.663,H,#A5AFB9,2,2.0,0,0,0.253,0,0,0,0,0.0,16
1,2024,2024191,22,Alpine,17,GAS,Pierre Gasly,10,#0093CC,21.0,1104,101.132,101.132,0,0,101.364,0.464,-0.372,0.114,-0.429,17.0,-0.372,0.114,-0.429,17.0,-0.486,H,#A5AFB9,3,2.0,0,0,0.253,0,0,0,0,0.0,16
1,2024,2024191,22,Alpine,17,GAS,Pierre Gasly,10,#0093CC,22.0,1105,101.033,101.033,0,0,101.083,0.099,-0.152,0.597,-0.451,17.0,-0.152,0.597,-0.451,17.0,-0.749,H,#A5AFB9,4,2.0,0,0,0.253,0,0,0,0,0.0,16
1,2024,2024191,22,Alpine,17,GAS,Pierre Gasly,10,#0093CC,23.0,1106,101.083,101.083,0,0,101.058,0.050,-0.252,0.637,-0.571,17.0,-0.252,0.637,-0.571,17.0,-0.889,H,#A5AFB9,5,2.0,0,0,0.253,0,0,0,0,0.0,16
1,2024,2024191,22,Alpine,17,GAS,Pierre Gasly,10,#0093CC,24.0,1107,100.915,100.915,0,0,100.999,0.168,-0.165,0.574,-0.452,17.0,-0.165,0.574,-0.452,17.0,-0.739,H,#A5AFB9,6,2.0,0,0,0.253,0,0,0,0,0.0,16
1,2024,2024191,22,Alpine,17,GAS,Pierre Gasly,10,#0093CC,25.0,1108,100.986,100.986,0,0,100.95,0.071,-0.398,1.407,-1.101,17.0,-0.398,0.532,-0.664,17.0,-1.805,H,#A5AFB9,7,2.0,0,0,0.253,0,0,0,0,0.0,16
1,2024,2024191,22,Alpine,17,GAS,Pierre Gasly,10,#0093CC,26.0,1109,101.954,101.954,0,0,101.47,0.968,-1.079,-0.407,-0.875,13.0,-1.079,-0.407,-0.875,13.0,-0.672,H,#A5AFB9,8,2.0,0,0,0.253,0,0,0,0,0.0,16
1,2024,2024191,22,Alpine,17,GAS,Pierre Gasly,10,#0093CC,27.0,1110,102.407,102.407,0,0,102.18,0.453,-1.936,-1.046,-1.413,13.0,-1.936,-1.046,-1.413,13.0,-0.89,H,#A5AFB9,9,2.0,0,0,0.253,0,0,0,0,1.0,14
1,2024,2024191,22,Alpine,17,GAS,Pierre Gasly,10,#0093CC,28.0,1111,100.73,100.73,0,0,101.568,1.677,-0.503,0.639,-0.823,17.0,-0.503,0.639,-0.823,17.0,-1.142,H,#A5AFB9,10,2.0,0,0,0.253,0,0,0,0,0.0,13
1,2024,2024191,22,Alpine,17,GAS,Pierre Gasly,10,#0093CC,29.0,1112,100.435,100.435,0,0,100.583,0.295,-0.262,0.759,-0.641,17.0,-0.262,0.759,-0.641,17.0,-1.021,H,#A5AFB9,11,2.0,0,0,0.253,0,0,0,0,0.0,13
1,2024,2024191,22,Alpine,17,GAS,Pierre Gasly,10,#0093CC,30.0,1113,100.672,100.672,0,0,100.554,0.237,-0.464,0.780,-0.854,17.0,-0.464,0.780,-0.854,17.0,-1.244,H,#A5AFB9,12,2.0,0,0,0.253,0,0,0,0,0.0,13
1,2024,2024191,22,Alpine,17,GAS,Pierre Gasly,10,#0093CC,31.0,1114,100.791,100.791,0,0,100.732,0.119,-0.553,-,-,-,-0.553,-,-,-,,H,#A5AFB9,13,2.0,0,0,0.253,0,0,0,0,0.0,13
1,2024,2024191,22,Alpine,17,GAS,Pierre Gasly,10,#0093CC,32.0,1115,100.493,100.493,0,0,100.642,0.298,-0.394,-,-,-,-0.394,-,-,-,,H,#A5AFB9,14,2.0,0,0,0.253,0,0,0,0,0.0,12
1,2024,2024191,22,Alpine,17,GAS,Pierre Gasly,10,#0093CC,33.0,1116,100.244,100.244,0,0,100.368,0.249,-0.353,-0.030,-0.338,13.0,-0.353,-0.030,-0.338,13.0,-0.323,H,#A5AFB9,15,2.0,0,0,0.253,0,0,0,0,0.0,12
1,2024,2024191,22,Alpine,17,GAS,Pierre Gasly,10,#0093CC,34.0,1117,99.905,99.905,0,0,100.074,0.339,-0.123,0.172,-0.209,17.0,-0.123,0.172,-0.209,17.0,-0.295,H,#A5AFB9,16,2.0,0,0,0.253,0,0,0,0,0.0,12
1,2024,2024191,22,Alpine,17,GAS,Pierre Gasly,10,#0093CC,35.0,1118,99.866,99.866,0,0,99.886,0.039,-0.212,0.143,-0.283,17.0,-0.212,0.143,-0.283,17.0,-0.355,H,#A5AFB9,17,2.0,0,0,0.253,0,0,0,0,0.0,12
1,2024,2024191,22,Alpine,17,GAS,Pierre Gasly,10,#0093CC,36.0,1119,100.63,100.63,0,0,100.248,0.764,-1.038,-0.329,-0.873,13.0,-1.038,-0.329,-0.873,13.0,-0.709,H,#A5AFB9,18,2.0,0,0,0.253,0,0,0,0,0.0,12
1,2024,2024191,22,Alpine,17,GAS,Pierre Gasly,10,#0093CC,37.0,1120,100.698,100.698,0,0,100.664,0.068,-1.086,-0.608,-0.782,13.0,-1.086,-0.608,-0.782,13.0,-0.478,H,#A5AFB9,19,2.0,0,0,0.253,0,0,0,0,0.0,11
1,2024,2024191,22,Alpine,17,GAS,Pierre Gasly,10,#0093CC,38.0,1121,100.845,100.845,0,0,100.772,0.147,-1.415,-0.908,-0.961,13.0,-1.415,-0.908,-0.961,13.0,-0.507,H,#A5AFB9,20,2.0,0,1,0.253,0,0,0,0,-1.0,12
1,2024,2024191,22,Alpine,17,GAS,Pierre Gasly,10,#0093CC,39.0,1122,99.981,99.981,0,0,100.413,0.864,-0.772,-0.346,-0.599,13.0,-0.772,-0.346,-0.599,13.0,-0.426,H,#A5AFB9,21,2.0,0,0,0.253,0,0,0,0,0.0,11
1,2024,2024191,22,Alpine,17,GAS,Pierre Gasly,10,#0093CC,40.0,1123,99.899,99.899,0,0,99.94,0.082,-0.623,-0.177,-0.534,13.0,-0.623,-0.177,-0.534,13.0,-0.446,H,#A5AFB9,22,2.0,0,0,0.253,0,0,0,0,0.0,10
1,2024,2024191,22,Alpine,17,GAS,Pierre Gasly,10,#0093CC,41.0,1124,100.583,99.52,1,0,99.71,0.684,-1.379,0.571,-1.665,17.0,-0.316,0.380,-0.506,17.0,-1.95,H,#A5AFB9,23,2.0,0,0,0.253,0,0,0,0,0.0,10
1,2024,2024191,22,Alpine,17,GAS,Pierre Gasly,10,#0093CC,42.0,1125,99.141,99.141,0,0,99.33,1.442,-0.218,0.937,-0.686,17.0,-0.218,0.937,-0.686,17.0,-1.155,H,#A5AFB9,24,2.0,0,0,0.253,0,0,0,0,0.0,10
1,2024,2024191,22,Alpine,17,GAS,Pierre Gasly,10,#0093CC,43.0,1126,99.276,99.276,0,0,99.208,0.135,-0.287,0.971,-0.772,17.0,-0.287,0.971,-0.772,17.0,-1.258,H,#A5AFB9,25,2.0,0,0,0.253,0,0,0,0,0.0,10
1,2024,2024191,22,Alpine,17,GAS,Pierre Gasly,10,#0093CC,44.0,1127,99.55,99.55,0,0,99.413,0.274,-0.401,1.725,-1.264,17.0,-0.401,0.487,-0.645,17.0,-2.126,H,#A5AFB9,26,2.0,0,0,0.253,0,0,0,0,0.0,10
1,2024,2024191,22,Alpine,17,GAS,Pierre Gasly,10,#0093CC,45.0,1128,100.665,99.457,1,0,99.504,1.115,-1.497,-0.838,-1.078,13.0,-0.289,0.370,-0.474,17.0,-0.659,H,#A5AFB9,27,2.0,0,0,0.253,0,0,0,0,-1.0,11
1,2024,2024191,22,Alpine,17,GAS,Pierre Gasly,10,#0093CC,46.0,1129,99.364,99.364,0,0,99.41,1.301,-0.242,0.389,-0.436,17.0,-0.242,0.389,-0.436,17.0,-0.631,H,#A5AFB9,28,2.0,0,0,0.253,0,0,0,0,0.0,11
1,2024,2024191,22,Alpine,17,GAS,Pierre Gasly,10,#0093CC,47.0,1130,100.973,99.462,1,0,99.413,1.609,-1.962,-1.377,-1.274,13.0,-0.452,0.133,-0.518,17.0,-0.585,H,#A5AFB9,29,2.0,0,0,0.253,0,0,0,0,-1.0,12
1,2024,2024191,22,Alpine,17,GAS,Pierre Gasly,10,#0093CC,48.0,1131,99.561,99.561,0,0,99.512,1.412,-0.544,1.337,-1.212,17.0,-0.544,0.064,-0.576,17.0,-1.881,H,#A5AFB9,30,2.0,0,0,0.253,0,0,0,0,0.0,12
1,2024,2024191,22,Alpine,17,GAS,Pierre Gasly,10,#0093CC,49.0,1132,99.3,99.3,0,0,99.43,0.261,-0.273,0.355,-0.451,17.0,-0.273,0.355,-0.451,17.0,-0.628,H,#A5AFB9,31,2.0,0,0,0.253,0,0,0,0,0.0,12
1,2024,2024191,22,Alpine,17,GAS,Pierre Gasly,10,#0093CC,50.0,1133,99.174,99.174,0,0,99.237,0.126,-0.201,0.399,-0.400,17.0,-0.201,0.399,-0.400,17.0,-0.6,H,#A5AFB9,32,2.0,0,0,0.253,0,0,0,0,0.0,12
1,2024,2024191,22,Alpine,17,GAS,Pierre Gasly,10,#0093CC,51.0,1134,99.384,99.384,0,0,99.279,0.210,-0.402,-,-,-,-0.402,-,-,-,,H,#A5AFB9,33,2.0,0,0,0.253,0,0,0,0,0.0,12
1,2024,2024191,22,Alpine,17,GAS,Pierre Gasly,10,#0093CC,52.0,1135,98.9,98.9,0,0,99.142,0.484,0.015,-,-,-,0.015,-,-,-,,H,#A5AFB9,34,2.0,0,0,0.253,0,0,0,0,0.0,12
1,2024,2024191,22,Alpine,17,GAS,Pierre Gasly,10,#0093CC,53.0,1136,99.127,99.127,0,0,99.014,0.227,-0.317,-1.797,0.582,13.0,-0.317,-1.797,0.582,13.0,1.48,H,#A5AFB9,35,2.0,0,0,0.253,0,0,0,0,0.0,12
1,2024,2024191,22,Alpine,17,GAS,Pierre Gasly,10,#0093CC,54.0,1137,98.728,98.728,0,0,98.928,0.399,0.09,1.265,-0.542,17.0,0.090,1.265,-0.542,17.0,-1.175,H,#A5AFB9,36,2.0,0,0,0.253,0,0,0,0,0.0,12
1,2024,2024191,22,Alpine,17,GAS,Pierre Gasly,10,#0093CC,55.0,1138,98.311,98.311,0,0,98.52,0.417,0.784,1.688,-0.060,17.0,0.784,1.688,-0.060,17.0,-0.904,H,#A5AFB9,37,2.0,0,0,0.253,0,0,0,0,0.0,12
1,2024,2024191,22,Alpine,17,GAS,Pierre Gasly,10,#0093CC,56.0,1139,98.769,98.769,0,0,98.54,0.458,0.211,-,-,-,0.211,-,-,-,,H,#A5AFB9,38,2.0,0,0,0.253,0,0,0,0,0.0,12
1,2024,2024201,23,Alpine,13,OCO,Esteban Ocon,31,#0093CC,1.0,1140,-,-,0,1,-,-,-,-,-,-,-,-,-,-,,H,#A5AFB9,1,2.0,0,0,0.270,0,1,0,0,,18
1,2024,2024201,23,Alpine,13,OCO,Esteban Ocon,31,#0093CC,2.0,1141,-,-,0,1,-,-,-,-,-,-,-,-,-,-,,H,#A5AFB9,2,2.0,0,0,0.270,0,0,0,0,0.0,18
1,2024,2024201,23,Alpine,13,OCO,Esteban Ocon,31,#0093CC,3.0,1142,-,-,0,1,-,-,-,-,-,-,-,-,-,-,,H,#A5AFB9,3,2.0,0,0,0.270,0,0,0,0,0.0,18
1,2024,2024201,23,Alpine,13,OCO,Esteban Ocon,31,#0093CC,4.0,1143,-,-,0,1,-,-,-,-,-,-,-,-,-,-,,H,#A5AFB9,4,2.0,0,0,0.270,0,0,0,0,0.0,18
1,2024,2024201,23,Alpine,13,OCO,Esteban Ocon,31,#0093CC,5.0,1144,-,-,0,1,-,-,-,-,-,-,-,-,-,-,,H,#A5AFB9,5,2.0,0,0,0.270,0,0,0,0,0.0,18
1,2024,2024201,23,Alpine,13,OCO,Esteban Ocon,31,#0093CC,6.0,1145,-,-,0,1,-,-,-,-,-,-,-,-,-,-,,H,#A5AFB9,6,2.0,0,0,0.270,1,0,0,0,0.0,18
1,2024,2024201,23,Alpine,13,OCO,Esteban Ocon,31,#0093CC,7.0,1146,-,-,0,1,-,-,-,-,-,-,-,-,-,-,,H,#A5AFB9,7,2.0,0,0,0.270,0,0,0,0,0.0,18
1,2024,2024201,23,Alpine,13,OCO,Esteban Ocon,31,#0093CC,8.0,1147,83.548,83.548,0,0,-,-,-0.941,0.836,-0.523,17.0,-0.941,0.836,-0.523,17.0,-0.105,H,#A5AFB9,8,2.0,0,0,0.270,0,0,0,0,0.0,18
1,2024,2024201,23,Alpine,13,OCO,Esteban Ocon,31,#0093CC,9.0,1148,82.995,82.995,0,0,83.272,0.553,-0.272,0.694,0.075,17.0,-0.272,0.694,0.075,17.0,0.422,H,#A5AFB9,9,2.0,0,0,0.270,0,0,0,0,0.0,18
1,2024,2024201,23,Alpine,13,OCO,Esteban Ocon,31,#0093CC,10.0,1149,83.45,83.45,0,0,83.222,0.455,-0.563,0.669,-0.228,17.0,-0.563,0.669,-0.228,17.0,0.106,H,#A5AFB9,10,2.0,0,0,0.270,0,0,0,0,0.0,18
1,2024,2024201,23,Alpine,13,OCO,Esteban Ocon,31,#0093CC,11.0,1150,83.512,83.512,0,0,83.481,0.062,-0.704,0.522,-0.443,17.0,-0.704,0.522,-0.443,17.0,-0.182,H,#A5AFB9,11,2.0,0,0,0.270,0,0,0,0,0.0,18
1,2024,2024201,23,Alpine,13,OCO,Esteban Ocon,31,#0093CC,12.0,1151,83.635,83.635,0,0,83.574,0.123,-0.935,0.735,-0.568,17.0,-0.935,0.735,-0.568,17.0,-0.2,H,#A5AFB9,12,2.0,0,0,0.270,0,0,0,0,0.0,18
1,2024,2024201,23,Alpine,13,OCO,Esteban Ocon,31,#0093CC,13.0,1152,83.585,83.585,0,0,83.61,0.050,-0.773,0.677,-0.434,17.0,-0.773,0.677,-0.434,17.0,-0.096,H,#A5AFB9,13,2.0,0,0,0.270,0,0,0,0,0.0,18
1,2024,2024201,23,Alpine,13,OCO,Esteban Ocon,31,#0093CC,14.0,1153,83.956,83.956,0,0,83.77,0.371,-0.922,0.968,-0.438,17.0,-0.922,0.968,-0.438,17.0,0.046,H,#A5AFB9,14,2.0,0,0,0.270,0,0,0,0,0.0,18
1,2024,2024201,23,Alpine,13,OCO,Esteban Ocon,31,#0093CC,15.0,1154,86.989,83.832,1,0,83.894,3.033,-3.941,3.824,-2.029,17.0,-0.784,0.667,-0.451,17.0,-0.117,H,#A5AFB9,15,2.0,0,0,0.270,0,0,0,0,0.0,18
1,2024,2024201,23,Alpine,13,OCO,Esteban Ocon,31,#0093CC,16.0,1155,83.708,83.708,0,0,83.77,3.281,-0.836,0.454,-0.609,17.0,-0.836,0.454,-0.609,17.0,-0.382,H,#A5AFB9,16,2.0,0,0,0.270,0,0,0,0,0.0,17
1,2024,2024201,23,Alpine,13,OCO,Esteban Ocon,31,#0093CC,17.0,1156,83.107,83.107,0,0,83.408,0.601,-0.229,-0.412,-0.435,13.0,-0.229,-0.412,-0.435,13.0,-0.641,H,#A5AFB9,17,2.0,0,0,0.270,0,0,0,0,0.0,17
1,2024,2024201,23,Alpine,13,OCO,Esteban Ocon,31,#0093CC,18.0,1157,83.497,83.497,0,0,83.302,0.390,-0.345,-0.041,-0.365,13.0,-0.345,-0.041,-0.365,13.0,-0.386,H,#A5AFB9,18,2.0,0,0,0.270,0,0,0,0,0.0,17
1,2024,2024201,23,Alpine,13,OCO,Esteban Ocon,31,#0093CC,19.0,1158,83.524,83.524,0,0,83.511,0.027,-0.261,-0.415,-0.469,13.0,-0.261,-0.064,-0.293,13.0,-0.676,H,#A5AFB9,19,2.0,0,0,0.270,0,0,0,0,0.0,17
1,2024,2024201,23,Alpine,13,OCO,Esteban Ocon,31,#0093CC,20.0,1159,83.683,83.683,0,0,83.604,0.159,-0.496,0.046,-0.473,17.0,-0.496,0.046,-0.473,17.0,-0.45,H,#A5AFB9,20,2.0,0,0,0.270,0,0,0,0,0.0,17
1,2024,2024201,23,Alpine,13,OCO,Esteban Ocon,31,#0093CC,21.0,1160,83.522,83.522,0,0,83.602,0.161,-0.404,-0.256,-0.532,13.0,-0.404,-0.256,-0.532,13.0,-0.66,H,#A5AFB9,21,2.0,0,0,0.270,0,0,0,0,0.0,16
1,2024,2024201,23,Alpine,13,OCO,Esteban Ocon,31,#0093CC,22.0,1161,83.517,83.517,0,0,83.52,0.005,-0.585,0.005,-0.583,17.0,-0.585,0.005,-0.583,17.0,-0.58,H,#A5AFB9,22,2.0,0,0,0.270,0,0,0,0,0.0,16
1,2024,2024201,23,Alpine,13,OCO,Esteban Ocon,31,#0093CC,23.0,1162,83.812,83.812,0,0,83.664,0.295,-1.011,0.509,-0.756,17.0,-1.011,0.509,-0.756,17.0,-0.502,H,#A5AFB9,23,2.0,0,0,0.270,0,0,0,0,0.0,16
1,2024,2024201,23,Alpine,13,OCO,Esteban Ocon,31,#0093CC,24.0,1163,83.406,83.406,0,0,83.609,0.406,-0.56,-0.275,-0.698,13.0,-0.560,-0.275,-0.698,13.0,-0.835,H,#A5AFB9,24,2.0,0,0,0.270,0,0,0,0,0.0,16
1,2024,2024201,23,Alpine,13,OCO,Esteban Ocon,31,#0093CC,25.0,1164,83.79,83.79,0,0,83.598,0.384,-0.762,0.032,-0.746,17.0,-0.762,0.032,-0.746,17.0,-0.73,H,#A5AFB9,25,2.0,0,0,0.270,0,0,0,0,0.0,16
1,2024,2024201,23,Alpine,13,OCO,Esteban Ocon,31,#0093CC,26.0,1165,83.939,83.939,0,0,83.864,0.149,-0.752,-0.030,-0.767,13.0,-0.752,-0.030,-0.767,13.0,-0.782,H,#A5AFB9,26,2.0,0,0,0.270,0,0,0,0,0.0,16
1,2024,2024201,23,Alpine,13,OCO,Esteban Ocon,31,#0093CC,27.0,1166,83.803,83.803,0,0,83.871,0.136,-0.624,-0.305,-0.776,13.0,-0.624,-0.305,-0.776,13.0,-0.929,H,#A5AFB9,27,2.0,0,1,0.270,0,0,0,0,0.0,14
1,2024,2024201,23,Alpine,13,OCO,Esteban Ocon,31,#0093CC,28.0,1167,83.115,83.115,0,0,83.459,0.688,-0.016,-,-,-,-0.016,-,-,-,,H,#A5AFB9,28,2.0,0,0,0.270,0,0,0,0,1.0,13
1,2024,2024201,23,Alpine,13,OCO,Esteban Ocon,31,#0093CC,29.0,1168,83.568,83.568,0,0,83.342,0.453,-0.576,-,-,-,-0.576,-,-,-,,H,#A5AFB9,29,2.0,0,0,0.270,0,0,0,0,0.0,12
1,2024,2024201,23,Alpine,13,OCO,Esteban Ocon,31,#0093CC,30.0,1169,83.975,83.37,1,0,83.469,0.407,-1.322,1.392,-0.626,17.0,-0.717,0.787,-0.324,17.0,0.07,H,#A5AFB9,30,2.0,0,0,0.270,0,0,0,0,-1.0,12
1,2024,2024201,23,Alpine,13,OCO,Esteban Ocon,31,#0093CC,31.0,1170,83.171,83.171,0,0,83.27,0.804,-0.567,0.780,-0.177,17.0,-0.567,0.780,-0.177,17.0,0.213,H,#A5AFB9,31,2.0,0,0,0.270,0,0,0,0,0.0,11
1,2024,2024201,23,Alpine,13,OCO,Esteban Ocon,31,#0093CC,32.0,1171,83.263,83.263,0,0,83.217,0.092,-0.77,0.078,-0.731,17.0,-0.770,1.053,-0.243,17.0,-0.692,H,#A5AFB9,32,2.0,0,0,0.270,0,0,0,0,0.0,11
1,2024,2024201,23,Alpine,13,OCO,Esteban Ocon,31,#0093CC,33.0,1172,84.33,83.375,1,0,83.319,1.067,-1.836,2.301,-0.685,17.0,-0.881,1.346,-0.208,17.0,0.465,H,#A5AFB9,33,2.0,0,0,0.270,0,0,0,0,-1.0,12
1,2024,2024201,23,Alpine,13,OCO,Esteban Ocon,31,#0093CC,34.0,1173,83.486,83.486,0,0,83.43,0.844,-1.108,1.285,-0.466,17.0,-1.108,1.285,-0.466,17.0,0.177,H,#A5AFB9,34,2.0,0,0,0.270,0,0,0,0,-1.0,13
1,2024,2024201,23,Alpine,13,OCO,Esteban Ocon,31,#0093CC,35.0,1174,83.209,83.209,0,0,83.348,0.277,-0.89,0.786,-0.497,17.0,-0.890,0.786,-0.497,17.0,-0.104,H,#A5AFB9,35,2.0,0,0,0.270,0,0,0,0,0.0,13
1,2024,2024201,23,Alpine,13,OCO,Esteban Ocon,31,#0093CC,36.0,1175,83.225,83.225,0,0,83.217,0.016,-0.958,0.880,-0.518,17.0,-0.958,0.880,-0.518,17.0,-0.078,H,#A5AFB9,36,2.0,0,0,0.270,0,0,0,0,0.0,13
1,2024,2024201,23,Alpine,13,OCO,Esteban Ocon,31,#0093CC,37.0,1176,85.002,83.13,1,0,83.178,1.777,-2.682,2.305,-1.530,17.0,-0.811,0.434,-0.594,17.0,-0.377,H,#A5AFB9,37,2.0,0,0,0.270,0,0,0,0,-1.0,14
1,2024,2024201,23,Alpine,13,OCO,Esteban Ocon,31,#0093CC,38.0,1177,83.036,83.036,0,0,83.083,1.966,-0.81,0.758,-0.431,17.0,-0.810,0.758,-0.431,17.0,-0.052,H,#A5AFB9,38,2.0,0,0,0.270,0,0,0,0,0.0,14
1,2024,2024201,23,Alpine,13,OCO,Esteban Ocon,31,#0093CC,39.0,1178,83.083,83.083,0,0,83.06,0.047,-0.977,0.612,-0.671,17.0,-0.977,0.612,-0.671,17.0,-0.365,H,#A5AFB9,39,2.0,0,0,0.270,0,0,0,0,0.0,14
1,2024,2024201,23,Alpine,13,OCO,Esteban Ocon,31,#0093CC,40.0,1179,83.257,83.257,0,0,83.17,0.174,-1.135,0.990,-0.640,17.0,-1.135,0.990,-0.640,17.0,-0.145,H,#A5AFB9,40,2.0,0,0,0.270,0,0,0,0,0.0,12
1,2024,2024201,23,Alpine,13,OCO,Esteban Ocon,31,#0093CC,41.0,1180,83.592,83.592,0,0,83.424,0.335,-1.614,1.212,-1.008,17.0,-1.614,1.212,-1.008,17.0,-0.402,H,#A5AFB9,41,2.0,0,0,0.270,0,0,0,0,-1.0,13
1,2024,2024201,23,Alpine,13,OCO,Esteban Ocon,31,#0093CC,42.0,1181,82.938,82.938,0,0,83.265,0.654,-0.949,-0.078,-0.988,13.0,-0.949,0.567,-0.665,17.0,-1.027,H,#A5AFB9,42,2.0,0,0,0.270,0,0,0,0,0.0,13
1,2024,2024201,23,Alpine,13,OCO,Esteban Ocon,31,#0093CC,43.0,1182,83.034,83.034,0,0,82.986,0.096,-1.431,0.672,-1.095,17.0,-1.431,0.672,-1.095,17.0,-0.759,H,#A5AFB9,43,2.0,0,0,0.270,0,0,0,0,0.0,13
1,2024,2024201,23,Alpine,13,OCO,Esteban Ocon,31,#0093CC,44.0,1183,83.002,83.002,0,0,83.018,0.032,-1.46,-0.265,-1.593,13.0,-1.460,0.707,-1.107,17.0,-1.725,H,#A5AFB9,44,2.0,0,0,0.270,0,0,0,0,0.0,13
1,2024,2024201,23,Alpine,13,OCO,Esteban Ocon,31,#0093CC,45.0,1184,83.233,83.233,0,0,83.118,0.231,-1.552,1.005,-1.050,17.0,-1.552,1.005,-1.050,17.0,-0.547,H,#A5AFB9,45,2.0,0,0,0.270,0,0,0,0,0.0,13
1,2024,2024201,23,Alpine,13,OCO,Esteban Ocon,31,#0093CC,46.0,1185,83.038,83.038,0,0,83.136,0.195,-1.498,0.778,-1.109,17.0,-1.498,0.778,-1.109,17.0,-0.72,H,#A5AFB9,46,2.0,0,0,0.270,0,0,0,0,0.0,13
1,2024,2024201,23,Alpine,13,OCO,Esteban Ocon,31,#0093CC,47.0,1186,83.089,83.089,0,0,83.064,0.051,-1.666,0.739,-1.296,17.0,-1.666,0.739,-1.296,17.0,-0.927,H,#A5AFB9,47,2.0,0,0,0.270,0,0,0,0,0.0,13
1,2024,2024201,23,Alpine,13,OCO,Esteban Ocon,31,#0093CC,48.0,1187,-,-,0,1,-,-,-,-,-,-,-,-,-,-,-0.645,H,#A5AFB9,48,2.0,1,0,0.270,0,0,0,0,0.0,14
1,2024,2024201,23,Alpine,13,OCO,Esteban Ocon,31,#0093CC,49.0,1188,-,-,0,1,-,-,-,-,-,-,-,-,-,-,-0.73,M,#F0E628,1,3.0,0,0,0.120,0,0,0,0,0.0,15
1,2024,2024201,23,Alpine,13,OCO,Esteban Ocon,31,#0093CC,50.0,1189,81.118,81.118,0,0,-,-,-0.047,-0.595,-0.344,13.0,-0.047,-0.595,-0.344,13.0,-0.642,M,#F0E628,2,3.0,0,0,0.120,0,0,0,0,0.0,15
1,2024,2024201,23,Alpine,13,OCO,Esteban Ocon,31,#0093CC,51.0,1190,81.207,81.207,0,0,81.162,0.089,-0.086,-0.332,-0.252,13.0,-0.086,-0.332,-0.252,13.0,-0.418,M,#F0E628,3,3.0,0,0,0.120,0,0,0,0,0.0,15
1,2024,2024201,23,Alpine,13,OCO,Esteban Ocon,31,#0093CC,52.0,1191,81.432,81.264,1,0,81.236,0.225,-0.306,-0.286,-0.449,13.0,-0.139,-0.453,-0.365,13.0,-0.592,M,#F0E628,4,3.0,0,0,0.120,0,0,0,0,0.0,15
1,2024,2024201,23,Alpine,13,OCO,Esteban Ocon,31,#0093CC,53.0,1192,81.322,81.322,0,0,81.293,0.110,-0.184,-0.452,-0.410,13.0,-0.184,-0.452,-0.410,13.0,-0.636,M,#F0E628,5,3.0,0,0,0.120,0,0,0,0,0.0,15
1,2024,2024201,23,Alpine,13,OCO,Esteban Ocon,31,#0093CC,54.0,1193,81.159,81.159,0,0,81.24,0.163,-0.047,-0.564,-0.329,13.0,-0.047,-0.564,-0.329,13.0,-0.611,M,#F0E628,6,3.0,0,0,0.120,0,0,0,0,0.0,15
1,2024,2024201,23,Alpine,13,OCO,Esteban Ocon,31,#0093CC,55.0,1194,81.257,81.257,0,0,81.208,0.098,-0.113,-0.376,-0.301,13.0,-0.113,-0.376,-0.301,13.0,-0.489,M,#F0E628,7,3.0,0,0,0.120,0,0,0,0,0.0,15
1,2024,2024201,23,Alpine,13,OCO,Esteban Ocon,31,#0093CC,56.0,1195,81.278,81.278,0,0,81.268,0.021,-0.198,-0.287,-0.342,13.0,-0.198,-0.287,-0.342,13.0,-0.485,M,#F0E628,8,3.0,0,0,0.120,0,0,0,0,0.0,15
1,2024,2024201,23,Alpine,13,OCO,Esteban Ocon,31,#0093CC,57.0,1196,81.491,81.491,0,0,81.384,0.213,-0.399,0.071,-0.363,17.0,-0.399,0.071,-0.363,17.0,-0.328,M,#F0E628,9,3.0,0,0,0.120,0,0,0,0,0.0,15
1,2024,2024201,23,Alpine,13,OCO,Esteban Ocon,31,#0093CC,58.0,1197,81.494,81.494,0,0,81.492,0.003,-0.257,-2.147,-1.331,13.0,-0.257,0.022,-0.246,17.0,-2.404,M,#F0E628,10,3.0,0,0,0.120,0,0,0,0,0.0,15
1,2024,2024201,23,Alpine,13,OCO,Esteban Ocon,31,#0093CC,59.0,1198,81.188,81.188,0,0,81.341,0.306,-0.0,-0.336,-0.168,13.0,-0.000,-0.336,-0.168,13.0,-0.336,M,#F0E628,11,3.0,0,0,0.120,0,0,0,0,0.0,15
1,2024,2024201,23,Alpine,13,OCO,Esteban Ocon,31,#0093CC,60.0,1199,81.122,81.122,0,0,81.155,0.066,0.075,-0.335,-0.092,13.0,0.075,-0.335,-0.092,13.0,-0.26,M,#F0E628,12,3.0,0,1,0.120,0,0,0,0,0.0,15
1,2024,2024201,23,Alpine,13,OCO,Esteban Ocon,31,#0093CC,61.0,1200,81.172,81.172,0,0,81.147,0.050,-0.114,-0.221,-0.225,13.0,-0.114,-0.221,-0.225,13.0,-0.335,M,#F0E628,13,3.0,0,0,0.120,0,0,0,0,0.0,15
1,2024,2024201,23,Alpine,13,OCO,Esteban Ocon,31,#0093CC,62.0,1201,81.356,81.356,0,0,81.264,0.184,-0.221,-0.181,-0.311,13.0,-0.221,-0.181,-0.311,13.0,-0.402,M,#F0E628,14,3.0,0,0,0.120,0,0,0,0,0.0,15
1,2024,2024201,23,Alpine,13,OCO,Esteban Ocon,31,#0093CC,63.0,1202,81.429,81.429,0,0,81.392,0.073,-0.3,-0.273,-0.436,13.0,-0.300,-0.273,-0.436,13.0,-0.573,M,#F0E628,15,3.0,0,0,0.120,0,0,0,0,0.0,15
1,2024,2024201,23,Alpine,13,OCO,Esteban Ocon,31,#0093CC,64.0,1203,81.309,81.309,0,0,81.369,0.120,-0.082,-2.113,-1.138,13.0,-0.082,-0.270,-0.217,13.0,-2.195,M,#F0E628,16,3.0,0,0,0.120,0,0,0,0,0.0,15
1,2024,2024201,23,Alpine,13,OCO,Esteban Ocon,31,#0093CC,65.0,1204,81.504,81.504,0,0,81.406,0.195,-0.26,0.047,-0.236,17.0,-0.260,0.047,-0.236,17.0,-0.213,M,#F0E628,17,3.0,0,0,0.120,0,0,0,0,0.0,15
1,2024,2024201,23,Alpine,13,OCO,Esteban Ocon,31,#0093CC,66.0,1205,81.384,81.384,0,0,81.444,0.120,-0.093,-2.159,-1.173,13.0,-0.093,0.019,-0.083,17.0,-2.252,M,#F0E628,18,3.0,0,0,0.120,0,0,0,0,0.0,14
1,2024,2024201,23,Alpine,13,OCO,Esteban Ocon,31,#0093CC,67.0,1206,81.223,81.223,0,0,81.304,0.161,-0.077,-0.051,-0.102,13.0,-0.077,-0.051,-0.102,13.0,-0.128,M,#F0E628,19,3.0,0,0,0.120,0,0,0,0,0.0,14
1,2024,2024201,23,Alpine,13,OCO,Esteban Ocon,31,#0093CC,68.0,1207,81.156,81.156,0,0,81.19,0.067,-0.113,-0.827,-0.526,13.0,-0.113,-0.366,-0.296,13.0,-0.94,M,#F0E628,20,3.0,0,0,0.120,0,0,0,0,0.0,14
1,2024,2024201,23,Alpine,13,OCO,Esteban Ocon,31,#0093CC,69.0,1208,82.111,80.908,1,0,81.032,0.955,-0.945,0.342,-0.774,17.0,0.259,-0.862,-0.172,13.0,-0.603,M,#F0E628,21,3.0,0,0,0.120,0,0,0,0,0.0,14
1,2024,2024201,23,Alpine,13,OCO,Esteban Ocon,31,#0093CC,70.0,1209,80.659,80.659,0,0,80.783,1.452,0.998,-0.914,0.541,13.0,0.998,-0.914,0.541,13.0,0.084,M,#F0E628,22,3.0,0,0,0.120,0,0,0,0,1.0,13
1,2024,2024201,23,Alpine,17,GAS,Pierre Gasly,10,#0093CC,1.0,1140,-,-,0,1,-,-,-,-,-,-,-,-,-,-,,M,#F0E628,1,1.0,0,0,0.107,0,1,0,0,,9
1,2024,2024201,23,Alpine,17,GAS,Pierre Gasly,10,#0093CC,2.0,1141,-,-,0,1,-,-,-,-,-,-,-,-,-,-,,M,#F0E628,2,1.0,0,0,0.107,0,0,0,0,0.0,9
1,2024,2024201,23,Alpine,17,GAS,Pierre Gasly,10,#0093CC,3.0,1142,-,-,0,1,-,-,-,-,-,-,-,-,-,-,,M,#F0E628,3,1.0,0,0,0.107,0,0,0,0,0.0,9
1,2024,2024201,23,Alpine,17,GAS,Pierre Gasly,10,#0093CC,4.0,1143,-,-,0,1,-,-,-,-,-,-,-,-,-,-,,M,#F0E628,4,1.0,0,0,0.107,0,0,0,0,0.0,9
1,2024,2024201,23,Alpine,17,GAS,Pierre Gasly,10,#0093CC,5.0,1144,-,-,0,1,-,-,-,-,-,-,-,-,-,-,,M,#F0E628,5,1.0,0,0,0.107,0,0,0,0,0.0,9
1,2024,2024201,23,Alpine,17,GAS,Pierre Gasly,10,#0093CC,6.0,1145,-,-,0,1,-,-,-,-,-,-,-,-,-,-,,M,#F0E628,6,1.0,0,0,0.107,1,0,0,0,0.0,9
1,2024,2024201,23,Alpine,17,GAS,Pierre Gasly,10,#0093CC,7.0,1146,-,-,0,1,-,-,-,-,-,-,-,-,-,-,,M,#F0E628,7,1.0,0,0,0.107,0,0,0,0,0.0,9
1,2024,2024201,23,Alpine,17,GAS,Pierre Gasly,10,#0093CC,8.0,1147,82.712,82.712,0,0,-,-,-0.105,0.836,-0.523,17.0,-0.105,0.836,-0.523,17.0,-0.941,M,#F0E628,8,1.0,0,0,0.107,0,0,0,0,0.0,9
1,2024,2024201,23,Alpine,17,GAS,Pierre Gasly,10,#0093CC,9.0,1148,82.301,82.301,0,0,82.506,0.411,0.422,0.694,0.075,17.0,0.422,0.694,0.075,17.0,-0.272,M,#F0E628,9,1.0,0,0,0.107,0,0,0,0,0.0,9
1,2024,2024201,23,Alpine,17,GAS,Pierre Gasly,10,#0093CC,10.0,1149,82.781,82.781,0,0,82.541,0.480,0.106,0.669,-0.228,17.0,0.106,0.669,-0.228,17.0,-0.563,M,#F0E628,10,1.0,0,0,0.107,0,0,0,0,0.0,9
1,2024,2024201,23,Alpine,17,GAS,Pierre Gasly,10,#0093CC,11.0,1150,82.99,82.99,0,0,82.886,0.209,-0.182,0.522,-0.443,17.0,-0.182,0.522,-0.443,17.0,-0.704,M,#F0E628,11,1.0,0,0,0.107,0,0,0,0,0.0,9
1,2024,2024201,23,Alpine,17,GAS,Pierre Gasly,10,#0093CC,12.0,1151,82.9,82.9,0,0,82.945,0.090,-0.2,0.735,-0.568,17.0,-0.200,0.735,-0.568,17.0,-0.935,M,#F0E628,12,1.0,0,0,0.107,0,0,0,0,0.0,9
1,2024,2024201,23,Alpine,17,GAS,Pierre Gasly,10,#0093CC,13.0,1152,82.908,82.908,0,0,82.904,0.008,-0.096,0.677,-0.434,17.0,-0.096,0.677,-0.434,17.0,-0.773,M,#F0E628,13,1.0,0,0,0.107,0,0,0,0,0.0,9
1,2024,2024201,23,Alpine,17,GAS,Pierre Gasly,10,#0093CC,14.0,1153,82.988,82.988,0,0,82.948,0.080,0.046,0.968,-0.438,17.0,0.046,0.968,-0.438,17.0,-0.922,M,#F0E628,14,1.0,0,0,0.107,0,0,0,0,0.0,9
1,2024,2024201,23,Alpine,17,GAS,Pierre Gasly,10,#0093CC,15.0,1154,83.165,83.165,0,0,83.077,0.177,-0.117,3.824,-2.029,17.0,-0.117,0.667,-0.451,17.0,-3.941,M,#F0E628,15,1.0,0,0,0.107,0,0,0,0,0.0,9
1,2024,2024201,23,Alpine,17,GAS,Pierre Gasly,10,#0093CC,16.0,1155,83.254,83.254,0,0,83.21,0.089,-0.382,0.454,-0.609,17.0,-0.382,0.454,-0.609,17.0,-0.836,M,#F0E628,16,1.0,0,0,0.107,0,0,0,0,0.0,9
1,2024,2024201,23,Alpine,17,GAS,Pierre Gasly,10,#0093CC,17.0,1156,83.519,83.519,0,0,83.387,0.265,-0.641,-0.412,-0.435,13.0,-0.641,-0.412,-0.435,13.0,-0.229,M,#F0E628,17,1.0,0,1,0.107,0,0,0,0,0.0,9
1,2024,2024201,23,Alpine,17,GAS,Pierre Gasly,10,#0093CC,18.0,1157,83.538,83.538,0,0,83.529,0.019,-0.386,-0.041,-0.365,13.0,-0.386,-0.041,-0.365,13.0,-0.345,M,#F0E628,18,1.0,0,0,0.107,0,0,0,0,0.0,9
1,2024,2024201,23,Alpine,17,GAS,Pierre Gasly,10,#0093CC,19.0,1158,83.939,83.588,1,0,83.563,0.401,-0.676,-0.415,-0.469,13.0,-0.325,-0.064,-0.293,13.0,-0.261,M,#F0E628,19,1.0,0,0,0.107,0,0,0,0,0.0,9
1,2024,2024201,23,Alpine,17,GAS,Pierre Gasly,10,#0093CC,20.0,1159,83.637,83.637,0,0,83.612,0.302,-0.45,0.046,-0.473,17.0,-0.450,0.046,-0.473,17.0,-0.496,M,#F0E628,20,1.0,0,0,0.107,0,0,0,0,0.0,9
1,2024,2024201,23,Alpine,17,GAS,Pierre Gasly,10,#0093CC,21.0,1160,83.778,83.778,0,0,83.708,0.141,-0.66,-0.256,-0.532,13.0,-0.660,-0.256,-0.532,13.0,-0.404,M,#F0E628,21,1.0,0,0,0.107,0,0,0,0,0.0,9
1,2024,2024201,23,Alpine,17,GAS,Pierre Gasly,10,#0093CC,22.0,1161,83.512,83.512,0,0,83.645,0.266,-0.58,0.005,-0.583,17.0,-0.580,0.005,-0.583,17.0,-0.585,M,#F0E628,22,1.0,0,0,0.107,0,0,0,0,0.0,9
1,2024,2024201,23,Alpine,17,GAS,Pierre Gasly,10,#0093CC,23.0,1162,83.303,83.303,0,0,83.408,0.209,-0.502,0.509,-0.756,17.0,-0.502,0.509,-0.756,17.0,-1.011,M,#F0E628,23,1.0,0,0,0.107,0,0,0,0,0.0,9
1,2024,2024201,23,Alpine,17,GAS,Pierre Gasly,10,#0093CC,24.0,1163,83.681,83.681,0,0,83.492,0.378,-0.835,-0.275,-0.698,13.0,-0.835,-0.275,-0.698,13.0,-0.56,M,#F0E628,24,1.0,0,0,0.107,0,0,0,0,0.0,9
1,2024,2024201,23,Alpine,17,GAS,Pierre Gasly,10,#0093CC,25.0,1164,83.758,83.758,0,0,83.72,0.077,-0.73,0.032,-0.746,17.0,-0.730,0.032,-0.746,17.0,-0.762,M,#F0E628,25,1.0,0,0,0.107,0,0,0,0,0.0,9
1,2024,2024201,23,Alpine,17,GAS,Pierre Gasly,10,#0093CC,26.0,1165,83.969,83.969,0,0,83.863,0.211,-0.782,-0.030,-0.767,13.0,-0.782,-0.030,-0.767,13.0,-0.752,M,#F0E628,26,1.0,0,0,0.107,0,0,0,0,0.0,9
1,2024,2024201,23,Alpine,17,GAS,Pierre Gasly,10,#0093CC,27.0,1166,84.108,84.108,0,0,84.038,0.139,-0.929,-0.305,-0.776,13.0,-0.929,-0.305,-0.776,13.0,-0.624,M,#F0E628,27,1.0,0,0,0.107,0,0,0,0,0.0,8
1,2024,2024201,23,Alpine,17,GAS,Pierre Gasly,10,#0093CC,28.0,1167,-,-,0,1,-,-,-,-,-,-,-,-,-,-,-0.016,M,#F0E628,28,1.0,1,0,0.107,0,0,0,0,0.0,10
1,2024,2024201,23,Alpine,17,GAS,Pierre Gasly,10,#0093CC,29.0,1168,-,-,0,1,-,-,-,-,-,-,-,-,-,-,-0.576,H,#A5AFB9,1,2.0,0,0,0.290,0,0,0,0,0.0,15
1,2024,2024201,23,Alpine,17,GAS,Pierre Gasly,10,#0093CC,30.0,1169,82.583,82.583,0,0,-,-,0.07,1.392,-0.626,17.0,0.070,0.787,-0.324,17.0,-1.322,H,#A5AFB9,2,2.0,0,0,0.290,0,0,0,0,0.0,15
1,2024,2024201,23,Alpine,17,GAS,Pierre Gasly,10,#0093CC,31.0,1170,82.391,82.391,0,0,82.487,0.192,0.213,0.780,-0.177,17.0,0.213,0.780,-0.177,17.0,-0.567,H,#A5AFB9,3,2.0,0,0,0.290,0,0,0,0,0.0,15
1,2024,2024201,23,Alpine,17,GAS,Pierre Gasly,10,#0093CC,32.0,1171,83.185,82.21,1,0,82.3,0.794,-0.692,0.078,-0.731,17.0,0.283,1.053,-0.243,17.0,-0.77,H,#A5AFB9,4,2.0,0,0,0.290,0,0,0,0,0.0,15
1,2024,2024201,23,Alpine,17,GAS,Pierre Gasly,10,#0093CC,33.0,1172,82.029,82.029,0,0,82.12,1.156,0.465,2.301,-0.685,17.0,0.465,1.346,-0.208,17.0,-1.836,H,#A5AFB9,5,2.0,0,0,0.290,0,0,0,0,1.0,14
1,2024,2024201,23,Alpine,17,GAS,Pierre Gasly,10,#0093CC,34.0,1173,82.201,82.201,0,0,82.115,0.172,0.177,1.285,-0.466,17.0,0.177,1.285,-0.466,17.0,-1.108,H,#A5AFB9,6,2.0,0,0,0.290,0,0,0,0,0.0,14
1,2024,2024201,23,Alpine,17,GAS,Pierre Gasly,10,#0093CC,35.0,1174,82.423,82.423,0,0,82.312,0.222,-0.104,0.786,-0.497,17.0,-0.104,0.786,-0.497,17.0,-0.89,H,#A5AFB9,7,2.0,0,0,0.290,0,0,0,0,0.0,14
1,2024,2024201,23,Alpine,17,GAS,Pierre Gasly,10,#0093CC,36.0,1175,82.345,82.345,0,0,82.384,0.078,-0.078,0.880,-0.518,17.0,-0.078,0.880,-0.518,17.0,-0.958,H,#A5AFB9,8,2.0,0,0,0.290,0,0,0,0,0.0,14
1,2024,2024201,23,Alpine,17,GAS,Pierre Gasly,10,#0093CC,37.0,1176,82.697,82.697,0,0,82.521,0.352,-0.377,2.305,-1.530,17.0,-0.377,0.434,-0.594,17.0,-2.682,H,#A5AFB9,9,2.0,0,0,0.290,0,0,0,0,1.0,13
1,2024,2024201,23,Alpine,17,GAS,Pierre Gasly,10,#0093CC,38.0,1177,82.278,82.278,0,0,82.488,0.419,-0.052,0.758,-0.431,17.0,-0.052,0.758,-0.431,17.0,-0.81,H,#A5AFB9,10,2.0,0,0,0.290,0,0,0,0,0.0,13
1,2024,2024201,23,Alpine,17,GAS,Pierre Gasly,10,#0093CC,39.0,1178,82.471,82.471,0,0,82.375,0.193,-0.365,0.612,-0.671,17.0,-0.365,0.612,-0.671,17.0,-0.977,H,#A5AFB9,11,2.0,0,0,0.290,0,0,0,0,0.0,13
1,2024,2024201,23,Alpine,17,GAS,Pierre Gasly,10,#0093CC,40.0,1179,82.267,82.267,0,0,82.369,0.204,-0.145,0.990,-0.640,17.0,-0.145,0.990,-0.640,17.0,-1.135,H,#A5AFB9,12,2.0,0,0,0.290,0,0,0,0,0.0,11
1,2024,2024201,23,Alpine,17,GAS,Pierre Gasly,10,#0093CC,41.0,1180,82.38,82.38,0,0,82.324,0.113,-0.402,1.212,-1.008,17.0,-0.402,1.212,-1.008,17.0,-1.614,H,#A5AFB9,13,2.0,0,0,0.290,0,0,0,0,0.0,11
1,2024,2024201,23,Alpine,17,GAS,Pierre Gasly,10,#0093CC,42.0,1181,83.016,82.371,1,0,82.375,0.636,-1.027,-0.078,-0.988,13.0,-0.382,0.567,-0.665,17.0,-0.949,H,#A5AFB9,14,2.0,0,0,0.290,0,0,0,0,0.0,11
1,2024,2024201,23,Alpine,17,GAS,Pierre Gasly,10,#0093CC,43.0,1182,82.362,82.362,0,0,82.366,0.654,-0.759,0.672,-1.095,17.0,-0.759,0.672,-1.095,17.0,-1.431,H,#A5AFB9,15,2.0,0,0,0.290,0,0,0,0,1.0,10
1,2024,2024201,23,Alpine,17,GAS,Pierre Gasly,10,#0093CC,44.0,1183,83.267,82.295,1,0,82.328,0.905,-1.725,-0.265,-1.593,13.0,-0.753,0.707,-1.107,17.0,-1.46,H,#A5AFB9,16,2.0,0,0,0.290,0,0,0,0,-1.0,11
1,2024,2024201,23,Alpine,17,GAS,Pierre Gasly,10,#0093CC,45.0,1184,82.228,82.228,0,0,82.261,1.039,-0.547,1.005,-1.050,17.0,-0.547,1.005,-1.050,17.0,-1.552,H,#A5AFB9,17,2.0,0,0,0.290,0,0,0,0,0.0,11
1,2024,2024201,23,Alpine,17,GAS,Pierre Gasly,10,#0093CC,46.0,1185,82.26,82.26,0,0,82.244,0.032,-0.72,0.778,-1.109,17.0,-0.720,0.778,-1.109,17.0,-1.498,H,#A5AFB9,18,2.0,0,0,0.290,0,0,0,0,0.0,11
1,2024,2024201,23,Alpine,17,GAS,Pierre Gasly,10,#0093CC,47.0,1186,82.35,82.35,0,0,82.305,0.090,-0.927,0.739,-1.296,17.0,-0.927,0.739,-1.296,17.0,-1.666,H,#A5AFB9,19,2.0,0,0,0.290,0,0,0,0,0.0,11
1,2024,2024201,23,Alpine,17,GAS,Pierre Gasly,10,#0093CC,48.0,1187,81.965,81.965,0,0,82.158,0.385,-0.645,-,-,-,-0.645,-,-,-,,H,#A5AFB9,20,2.0,0,0,0.290,0,0,0,0,0.0,10
1,2024,2024201,23,Alpine,17,GAS,Pierre Gasly,10,#0093CC,49.0,1188,81.872,81.872,0,0,81.918,0.093,-0.73,-,-,-,-0.730,-,-,-,,H,#A5AFB9,21,2.0,0,0,0.290,0,0,0,0,0.0,10
1,2024,2024201,23,Alpine,17,GAS,Pierre Gasly,10,#0093CC,50.0,1189,81.713,81.713,0,0,81.792,0.159,-0.642,-0.595,-0.344,13.0,-0.642,-0.595,-0.344,13.0,-0.047,H,#A5AFB9,22,2.0,0,1,0.290,0,0,0,0,0.0,10
1,2024,2024201,23,Alpine,17,GAS,Pierre Gasly,10,#0093CC,51.0,1190,81.539,81.539,0,0,81.626,0.174,-0.418,-0.332,-0.252,13.0,-0.418,-0.332,-0.252,13.0,-0.086,H,#A5AFB9,23,2.0,0,0,0.290,0,0,0,0,0.0,10
1,2024,2024201,23,Alpine,17,GAS,Pierre Gasly,10,#0093CC,52.0,1191,81.718,81.718,0,0,81.628,0.179,-0.592,-0.286,-0.449,13.0,-0.592,-0.453,-0.365,13.0,-0.306,H,#A5AFB9,24,2.0,0,0,0.290,0,0,0,0,0.0,10
1,2024,2024201,23,Alpine,17,GAS,Pierre Gasly,10,#0093CC,53.0,1192,81.774,81.774,0,0,81.746,0.056,-0.636,-0.452,-0.410,13.0,-0.636,-0.452,-0.410,13.0,-0.184,H,#A5AFB9,25,2.0,0,0,0.290,0,0,0,0,0.0,10
1,2024,2024201,23,Alpine,17,GAS,Pierre Gasly,10,#0093CC,54.0,1193,81.723,81.723,0,0,81.748,0.051,-0.611,-0.564,-0.329,13.0,-0.611,-0.564,-0.329,13.0,-0.047,H,#A5AFB9,26,2.0,0,0,0.290,0,0,0,0,0.0,10
1,2024,2024201,23,Alpine,17,GAS,Pierre Gasly,10,#0093CC,55.0,1194,81.633,81.633,0,0,81.678,0.090,-0.489,-0.376,-0.301,13.0,-0.489,-0.376,-0.301,13.0,-0.113,H,#A5AFB9,27,2.0,0,0,0.290,0,0,0,0,0.0,10
1,2024,2024201,23,Alpine,17,GAS,Pierre Gasly,10,#0093CC,56.0,1195,81.565,81.565,0,0,81.599,0.068,-0.485,-0.287,-0.342,13.0,-0.485,-0.287,-0.342,13.0,-0.198,H,#A5AFB9,28,2.0,0,0,0.290,0,0,0,0,0.0,10
1,2024,2024201,23,Alpine,17,GAS,Pierre Gasly,10,#0093CC,57.0,1196,81.42,81.42,0,0,81.492,0.145,-0.328,0.071,-0.363,17.0,-0.328,0.071,-0.363,17.0,-0.399,H,#A5AFB9,29,2.0,0,0,0.290,0,0,0,0,0.0,10
1,2024,2024201,23,Alpine,17,GAS,Pierre Gasly,10,#0093CC,58.0,1197,83.641,81.472,1,0,81.446,2.221,-2.404,-2.147,-1.331,13.0,-0.235,0.022,-0.246,17.0,-0.257,H,#A5AFB9,30,2.0,0,0,0.290,0,0,0,0,0.0,10
1,2024,2024201,23,Alpine,17,GAS,Pierre Gasly,10,#0093CC,59.0,1198,81.524,81.524,0,0,81.498,2.117,-0.336,-0.336,-0.168,13.0,-0.336,-0.336,-0.168,13.0,-0.0,H,#A5AFB9,31,2.0,0,0,0.290,0,0,0,0,0.0,10
1,2024,2024201,23,Alpine,17,GAS,Pierre Gasly,10,#0093CC,60.0,1199,81.457,81.457,0,0,81.49,0.067,-0.26,-0.335,-0.092,13.0,-0.260,-0.335,-0.092,13.0,0.075,H,#A5AFB9,32,2.0,0,0,0.290,0,0,0,0,0.0,10
1,2024,2024201,23,Alpine,17,GAS,Pierre Gasly,10,#0093CC,61.0,1200,81.393,81.393,0,0,81.425,0.064,-0.335,-0.221,-0.225,13.0,-0.335,-0.221,-0.225,13.0,-0.114,H,#A5AFB9,33,2.0,0,0,0.290,0,0,0,0,0.0,10
1,2024,2024201,23,Alpine,17,GAS,Pierre Gasly,10,#0093CC,62.0,1201,81.537,81.537,0,0,81.465,0.144,-0.402,-0.181,-0.311,13.0,-0.402,-0.181,-0.311,13.0,-0.221,H,#A5AFB9,34,2.0,0,0,0.290,0,0,0,0,0.0,10
1,2024,2024201,23,Alpine,17,GAS,Pierre Gasly,10,#0093CC,63.0,1202,81.702,81.702,0,0,81.62,0.165,-0.573,-0.273,-0.436,13.0,-0.573,-0.273,-0.436,13.0,-0.3,H,#A5AFB9,35,2.0,0,0,0.290,0,0,0,0,0.0,10
1,2024,2024201,23,Alpine,17,GAS,Pierre Gasly,10,#0093CC,64.0,1203,83.422,81.58,1,0,81.641,1.720,-2.195,-2.113,-1.138,13.0,-0.352,-0.270,-0.217,13.0,-0.082,H,#A5AFB9,36,2.0,0,0,0.290,0,0,0,0,0.0,10
1,2024,2024201,23,Alpine,17,GAS,Pierre Gasly,10,#0093CC,65.0,1204,81.457,81.457,0,0,81.518,1.965,-0.213,0.047,-0.236,17.0,-0.213,0.047,-0.236,17.0,-0.26,H,#A5AFB9,37,2.0,0,0,0.290,0,0,0,0,0.0,10
1,2024,2024201,23,Alpine,17,GAS,Pierre Gasly,10,#0093CC,66.0,1205,83.543,81.366,1,0,81.411,2.086,-2.252,-2.159,-1.173,13.0,-0.074,0.019,-0.083,17.0,-0.093,H,#A5AFB9,38,2.0,0,0,0.290,0,0,0,0,0.0,10
1,2024,2024201,23,Alpine,17,GAS,Pierre Gasly,10,#0093CC,67.0,1206,81.274,81.274,0,0,81.32,2.269,-0.128,-0.051,-0.102,13.0,-0.128,-0.051,-0.102,13.0,-0.077,H,#A5AFB9,39,2.0,0,0,0.290,0,0,0,0,0.0,10
1,2024,2024201,23,Alpine,17,GAS,Pierre Gasly,10,#0093CC,68.0,1207,81.983,81.522,1,0,81.398,0.709,-0.94,-0.827,-0.526,13.0,-0.479,-0.366,-0.296,13.0,-0.113,H,#A5AFB9,40,2.0,0,0,0.290,0,0,0,0,0.0,10
1,2024,2024201,23,Alpine,17,GAS,Pierre Gasly,10,#0093CC,69.0,1208,81.769,81.769,0,0,81.645,0.214,-0.603,0.342,-0.774,17.0,-0.603,-0.862,-0.172,13.0,-0.945,H,#A5AFB9,41,2.0,0,0,0.290,0,0,0,0,0.0,10
1,2024,2024201,23,Alpine,17,GAS,Pierre Gasly,10,#0093CC,70.0,1209,81.573,81.573,0,0,81.671,0.196,0.084,-0.914,0.541,13.0,0.084,-0.914,0.541,13.0,0.998,H,#A5AFB9,42,2.0,0,0,0.290,0,0,0,0,0.0,10
1,2024,2024211,25,Alpine,13,OCO,Esteban Ocon,31,#0093CC,1.0,1211,-,-,0,1,-,-,-,-,-,-,-,-,-,-,,I,#50A078,3,1.0,0,0,0.148,0,0,0,0,,4
1,2024,2024211,25,Alpine,13,OCO,Esteban Ocon,31,#0093CC,2.0,1212,-,-,0,1,-,-,-,-,-,-,-,-,-,-,,I,#50A078,4,1.0,0,0,0.148,0,0,0,0,0.0,4
1,2024,2024211,25,Alpine,13,OCO,Esteban Ocon,31,#0093CC,3.0,1213,86.338,86.338,0,0,-,-,0.218,-0.330,0.053,13.0,0.218,-0.330,0.053,13.0,-0.112,I,#50A078,5,1.0,0,0,0.148,0,0,0,0,0.0,4
1,2024,2024211,25,Alpine,13,OCO,Esteban Ocon,31,#0093CC,4.0,1214,85.703,85.703,0,0,86.02,0.635,0.737,-1.161,0.157,13.0,0.737,-1.161,0.157,13.0,-0.424,I,#50A078,6,1.0,0,0,0.148,0,0,0,0,0.0,4
1,2024,2024211,25,Alpine,13,OCO,Esteban Ocon,31,#0093CC,5.0,1215,85.417,85.417,0,0,85.56,0.286,0.482,-1.387,-0.211,13.0,0.482,-1.387,-0.211,13.0,-0.905,I,#50A078,7,1.0,0,0,0.148,0,0,0,0,0.0,4
1,2024,2024211,25,Alpine,13,OCO,Esteban Ocon,31,#0093CC,6.0,1216,85.011,85.011,0,0,85.214,0.406,0.615,-0.593,0.319,13.0,0.615,-0.593,0.319,13.0,0.022,I,#50A078,8,1.0,0,0,0.148,0,0,0,0,0.0,4
1,2024,2024211,25,Alpine,13,OCO,Esteban Ocon,31,#0093CC,7.0,1217,85.38,84.982,1,0,84.997,0.369,-0.007,0.057,0.021,17.0,0.390,-0.340,0.220,13.0,0.05,I,#50A078,9,1.0,0,0,0.148,0,0,0,0,0.0,4
1,2024,2024211,25,Alpine,13,OCO,Esteban Ocon,31,#0093CC,8.0,1218,84.954,84.954,0,0,84.968,0.426,0.198,-0.273,0.061,13.0,0.198,-0.273,0.061,13.0,-0.075,I,#50A078,10,1.0,0,0,0.148,0,0,0,0,0.0,4
1,2024,2024211,25,Alpine,13,OCO,Esteban Ocon,31,#0093CC,9.0,1219,84.654,84.654,0,0,84.804,0.300,0.202,-0.451,-0.023,13.0,0.202,-0.451,-0.023,13.0,-0.249,I,#50A078,11,1.0,0,0,0.148,0,0,0,0,0.0,4
1,2024,2024211,25,Alpine,13,OCO,Esteban Ocon,31,#0093CC,10.0,1220,84.493,84.493,0,0,84.574,0.161,0.397,-0.528,0.133,13.0,0.397,-0.528,0.133,13.0,-0.131,I,#50A078,12,1.0,0,0,0.148,0,0,0,0,0.0,4
1,2024,2024211,25,Alpine,13,OCO,Esteban Ocon,31,#0093CC,11.0,1221,84.782,84.782,0,0,84.637,0.289,0.262,-0.047,0.238,13.0,0.262,-0.047,0.238,13.0,0.215,I,#50A078,13,1.0,0,0,0.148,0,0,0,0,0.0,4
1,2024,2024211,25,Alpine,13,OCO,Esteban Ocon,31,#0093CC,12.0,1222,84.641,84.641,0,0,84.712,0.141,0.471,-1.510,-0.284,13.0,0.471,-0.242,0.350,13.0,-1.039,I,#50A078,14,1.0,0,0,0.148,0,0,0,0,0.0,4
1,2024,2024211,25,Alpine,13,OCO,Esteban Ocon,31,#0093CC,13.0,1223,84.926,84.926,0,0,84.784,0.285,0.104,-0.011,0.099,13.0,0.104,-0.011,0.099,13.0,0.093,I,#50A078,15,1.0,0,0,0.148,0,0,0,0,0.0,4
1,2024,2024211,25,Alpine,13,OCO,Esteban Ocon,31,#0093CC,14.0,1224,85.044,85.044,0,0,84.985,0.118,-0.084,0.246,0.039,17.0,-0.084,0.246,0.039,17.0,0.162,I,#50A078,16,1.0,0,0,0.148,0,0,0,0,0.0,4
1,2024,2024211,25,Alpine,13,OCO,Esteban Ocon,31,#0093CC,15.0,1225,84.896,84.896,0,0,84.97,0.148,0.042,0.236,0.160,17.0,0.042,0.236,0.160,17.0,0.278,I,#50A078,17,1.0,0,1,0.148,0,0,0,0,0.0,4
1,2024,2024211,25,Alpine,13,OCO,Esteban Ocon,31,#0093CC,16.0,1226,85.045,85.045,0,0,84.97,0.149,-0.135,0.694,0.212,17.0,-0.135,0.694,0.212,17.0,0.559,I,#50A078,18,1.0,0,0,0.148,0,0,0,0,0.0,4
1,2024,2024211,25,Alpine,13,OCO,Esteban Ocon,31,#0093CC,17.0,1227,84.243,84.243,0,0,84.644,0.802,0.338,0.006,0.341,17.0,0.338,0.006,0.341,17.0,0.344,I,#50A078,19,1.0,0,0,0.148,0,0,0,0,0.0,4
1,2024,2024211,25,Alpine,13,OCO,Esteban Ocon,31,#0093CC,18.0,1228,84.423,84.423,0,0,84.333,0.180,0.236,0.224,0.348,17.0,0.236,0.224,0.348,17.0,0.46,I,#50A078,20,1.0,0,0,0.148,0,0,0,0,0.0,4
1,2024,2024211,25,Alpine,13,OCO,Esteban Ocon,31,#0093CC,19.0,1229,84.222,84.222,0,0,84.322,0.201,0.414,0.008,0.418,17.0,0.414,0.008,0.418,17.0,0.422,I,#50A078,21,1.0,0,0,0.148,0,0,0,0,0.0,4
1,2024,2024211,25,Alpine,13,OCO,Esteban Ocon,31,#0093CC,20.0,1230,84.282,84.282,0,0,84.252,0.060,0.085,-0.099,0.035,13.0,0.085,-0.099,0.035,13.0,-0.014,I,#50A078,22,1.0,0,0,0.148,0,0,0,0,0.0,4
1,2024,2024211,25,Alpine,13,OCO,Esteban Ocon,31,#0093CC,21.0,1231,84.037,84.037,0,0,84.16,0.245,0.205,0.117,0.264,17.0,0.205,0.117,0.264,17.0,0.322,I,#50A078,23,1.0,0,0,0.148,0,0,0,0,0.0,4
1,2024,2024211,25,Alpine,13,OCO,Esteban Ocon,31,#0093CC,22.0,1232,84.37,84.37,0,0,84.204,0.333,0.087,0.374,0.274,17.0,0.087,0.374,0.274,17.0,0.461,I,#50A078,24,1.0,0,0,0.148,0,0,0,0,0.0,4
1,2024,2024211,25,Alpine,13,OCO,Esteban Ocon,31,#0093CC,23.0,1233,84.606,84.606,0,0,84.488,0.236,0.024,-0.138,-0.045,13.0,0.024,0.408,0.228,17.0,-0.114,I,#50A078,25,1.0,0,0,0.148,0,0,0,0,0.0,4
1,2024,2024211,25,Alpine,13,OCO,Esteban Ocon,31,#0093CC,24.0,1234,84.516,84.516,0,0,84.561,0.090,0.271,0.117,0.330,17.0,0.271,0.117,0.330,17.0,0.388,I,#50A078,26,1.0,0,0,0.148,0,0,0,0,0.0,4
1,2024,2024211,25,Alpine,13,OCO,Esteban Ocon,31,#0093CC,25.0,1235,85.061,85.061,0,0,84.788,0.545,0.047,0.651,0.372,17.0,0.047,0.651,0.372,17.0,0.698,I,#50A078,27,1.0,0,0,0.148,0,0,0,0,0.0,4
1,2024,2024211,25,Alpine,13,OCO,Esteban Ocon,31,#0093CC,26.0,1236,85.47,85.47,0,0,85.266,0.409,0.888,0.225,1.000,17.0,0.888,0.225,1.000,17.0,1.113,I,#50A078,28,1.0,0,0,0.148,0,0,0,0,0.0,4
1,2024,2024211,25,Alpine,13,OCO,Esteban Ocon,31,#0093CC,27.0,1237,-,-,0,1,-,-,-,-,-,-,-,-,-,-,,I,#50A078,29,1.0,0,0,0.148,0,0,0,1,1.0,3
1,2024,2024211,25,Alpine,13,OCO,Esteban Ocon,31,#0093CC,28.0,1238,-,-,0,1,-,-,-,-,-,-,-,-,-,-,,I,#50A078,30,1.0,0,0,0.148,0,0,1,0,0.0,3
1,2024,2024211,25,Alpine,13,OCO,Esteban Ocon,31,#0093CC,29.0,1239,100.823,100.823,0,0,-,-,-,-,-,-,-,-,-,-,,I,#50A078,31,1.0,0,0,0.148,0,0,0,0,0.0,1
1,2024,2024211,25,Alpine,13,OCO,Esteban Ocon,31,#0093CC,30.0,1240,-,-,0,1,-,-,-,-,-,-,-,-,-,-,,I,#50A078,32,1.0,0,0,0.148,0,1,0,0,0.0,1
1,2024,2024211,25,Alpine,13,OCO,Esteban Ocon,31,#0093CC,31.0,1241,-,-,0,1,-,-,-,-,-,-,-,-,-,-,,I,#50A078,33,1.0,0,0,0.148,0,0,0,0,0.0,1
1,2024,2024211,25,Alpine,13,OCO,Esteban Ocon,31,#0093CC,32.0,1242,-,-,0,1,-,-,-,-,-,-,-,-,-,-,,I,#50A078,34,1.0,1,0,0.148,0,0,0,0,0.0,1
1,2024,2024211,25,Alpine,13,OCO,Esteban Ocon,31,#0093CC,33.0,1243,-,-,0,1,-,-,-,-,-,-,-,-,-,-,,I,#50A078,3,2.0,0,0,0.181,0,0,0,0,0.0,1
1,2024,2024211,25,Alpine,13,OCO,Esteban Ocon,31,#0093CC,34.0,1244,89.391,89.391,0,0,-,-,7.296,-4.113,5.239,13.0,7.296,-4.113,5.239,13.0,3.183,I,#50A078,4,2.0,0,0,0.181,0,0,0,0,0.0,1
1,2024,2024211,25,Alpine,13,OCO,Esteban Ocon,31,#0093CC,35.0,1245,86.913,86.913,0,0,88.152,2.478,4.06,-1.828,3.146,13.0,4.060,-1.828,3.146,13.0,2.232,I,#50A078,5,2.0,0,0,0.181,0,0,0,0,0.0,1
1,2024,2024211,25,Alpine,13,OCO,Esteban Ocon,31,#0093CC,36.0,1246,85.773,85.773,0,0,86.343,1.140,2.946,-0.885,2.503,13.0,2.946,-0.885,2.503,13.0,2.061,I,#50A078,6,2.0,0,0,0.181,0,0,0,0,0.0,1
1,2024,2024211,25,Alpine,13,OCO,Esteban Ocon,31,#0093CC,37.0,1247,85.271,85.271,0,0,85.522,0.502,1.858,-0.013,1.851,13.0,1.858,-0.013,1.851,13.0,1.845,I,#50A078,7,2.0,0,0,0.181,0,0,0,0,0.0,1
1,2024,2024211,25,Alpine,13,OCO,Esteban Ocon,31,#0093CC,38.0,1248,84.602,84.602,0,0,84.936,0.669,1.432,-0.634,1.115,13.0,1.432,-0.634,1.115,13.0,0.798,I,#50A078,8,2.0,0,0,0.181,0,0,0,0,0.0,1
1,2024,2024211,25,Alpine,13,OCO,Esteban Ocon,31,#0093CC,39.0,1249,-,-,0,1,-,-,-,-,-,-,-,-,-,-,,I,#50A078,9,2.0,0,0,0.181,0,1,0,0,0.0,1
1,2024,2024211,25,Alpine,13,OCO,Esteban Ocon,31,#0093CC,40.0,1250,-,-,0,1,-,-,-,-,-,-,-,-,-,-,,I,#50A078,10,2.0,0,0,0.181,0,0,0,0,0.0,1
1,2024,2024211,25,Alpine,13,OCO,Esteban Ocon,31,#0093CC,41.0,1251,-,-,0,1,-,-,-,-,-,-,-,-,-,-,,I,#50A078,11,2.0,0,0,0.181,0,0,0,0,0.0,1
1,2024,2024211,25,Alpine,13,OCO,Esteban Ocon,31,#0093CC,42.0,1252,-,-,0,1,-,-,-,-,-,-,-,-,-,-,,I,#50A078,12,2.0,0,0,0.181,1,0,0,0,0.0,1
1,2024,2024211,25,Alpine,13,OCO,Esteban Ocon,31,#0093CC,43.0,1253,-,-,0,1,-,-,-,-,-,-,-,-,-,-,,I,#50A078,13,2.0,0,0,0.181,0,0,0,0,0.0,2
1,2024,2024211,25,Alpine,13,OCO,Esteban Ocon,31,#0093CC,44.0,1254,84.504,84.504,0,0,-,-,1.288,-0.382,1.097,13.0,1.288,-0.382,1.097,13.0,0.906,I,#50A078,14,2.0,0,0,0.181,0,0,0,0,0.0,2
1,2024,2024211,25,Alpine,13,OCO,Esteban Ocon,31,#0093CC,45.0,1255,83.771,83.771,0,0,84.138,0.733,0.883,-0.316,0.725,13.0,0.883,-0.316,0.725,13.0,0.567,I,#50A078,15,2.0,0,0,0.181,0,0,0,0,0.0,2
1,2024,2024211,25,Alpine,13,OCO,Esteban Ocon,31,#0093CC,46.0,1256,83.395,83.395,0,0,83.583,0.376,0.963,-0.116,0.905,13.0,0.963,-0.116,0.905,13.0,0.847,I,#50A078,16,2.0,0,0,0.181,0,0,0,0,0.0,2
1,2024,2024211,25,Alpine,13,OCO,Esteban Ocon,31,#0093CC,47.0,1257,82.946,82.946,0,0,83.17,0.449,1.141,-0.552,0.865,13.0,1.141,-0.552,0.865,13.0,0.589,I,#50A078,17,2.0,0,0,0.181,0,0,0,0,0.0,2
1,2024,2024211,25,Alpine,13,OCO,Esteban Ocon,31,#0093CC,48.0,1258,82.93,82.93,0,0,82.938,0.016,0.824,-0.600,0.524,13.0,0.824,-0.600,0.524,13.0,0.224,I,#50A078,18,2.0,0,0,0.181,0,0,0,0,0.0,2
1,2024,2024211,25,Alpine,13,OCO,Esteban Ocon,31,#0093CC,49.0,1259,82.998,82.998,0,0,82.964,0.068,0.528,-0.185,0.435,13.0,0.528,-0.185,0.435,13.0,0.343,I,#50A078,19,2.0,0,0,0.181,0,0,0,0,0.0,2
1,2024,2024211,25,Alpine,13,OCO,Esteban Ocon,31,#0093CC,50.0,1260,82.688,82.688,0,0,82.843,0.310,0.77,-0.345,0.598,13.0,0.770,-0.345,0.598,13.0,0.425,I,#50A078,20,2.0,0,0,0.181,0,0,0,0,0.0,2
1,2024,2024211,25,Alpine,13,OCO,Esteban Ocon,31,#0093CC,51.0,1261,83.167,82.628,1,0,82.658,0.479,0.371,0.166,0.454,17.0,0.910,-0.373,0.724,13.0,0.537,I,#50A078,21,2.0,0,0,0.181,0,0,0,0,0.0,2
1,2024,2024211,25,Alpine,13,OCO,Esteban Ocon,31,#0093CC,52.0,1262,82.569,82.569,0,0,82.599,0.598,0.929,-0.343,0.758,13.0,0.929,-0.343,0.758,13.0,0.586,I,#50A078,22,2.0,0,0,0.181,0,0,0,0,0.0,2
1,2024,2024211,25,Alpine,13,OCO,Esteban Ocon,31,#0093CC,53.0,1263,82.559,82.559,0,0,82.564,0.010,0.84,0.047,0.863,17.0,0.840,0.047,0.863,17.0,0.887,I,#50A078,23,2.0,0,0,0.181,0,0,0,0,0.0,2
1,2024,2024211,25,Alpine,13,OCO,Esteban Ocon,31,#0093CC,54.0,1264,82.815,82.815,0,0,82.687,0.256,0.481,0.076,0.519,17.0,0.481,0.076,0.519,17.0,0.557,I,#50A078,24,2.0,0,1,0.181,0,0,0,0,0.0,2
1,2024,2024211,25,Alpine,13,OCO,Esteban Ocon,31,#0093CC,55.0,1265,82.67,82.67,0,0,82.742,0.145,0.547,-0.080,0.507,13.0,0.547,-0.080,0.507,13.0,0.467,I,#50A078,25,2.0,0,0,0.181,0,0,0,0,0.0,2
1,2024,2024211,25,Alpine,13,OCO,Esteban Ocon,31,#0093CC,56.0,1266,82.804,82.804,0,0,82.737,0.134,0.249,0.057,0.277,17.0,0.249,0.057,0.277,17.0,0.306,I,#50A078,26,2.0,0,0,0.181,0,0,0,0,0.0,2
1,2024,2024211,25,Alpine,13,OCO,Esteban Ocon,31,#0093CC,57.0,1267,82.462,82.462,0,0,82.633,0.342,0.456,-0.006,0.453,13.0,0.456,-0.006,0.453,13.0,0.45,I,#50A078,27,2.0,0,0,0.181,0,0,0,0,0.0,2
1,2024,2024211,25,Alpine,13,OCO,Esteban Ocon,31,#0093CC,58.0,1268,82.393,82.393,0,0,82.428,0.069,0.333,0.008,0.337,17.0,0.333,0.008,0.337,17.0,0.341,I,#50A078,28,2.0,0,0,0.181,0,0,0,0,0.0,2
1,2024,2024211,25,Alpine,13,OCO,Esteban Ocon,31,#0093CC,59.0,1269,82.16,82.16,0,0,82.276,0.233,0.443,-0.248,0.319,13.0,0.443,-0.248,0.319,13.0,0.195,I,#50A078,29,2.0,0,0,0.181,0,0,0,0,0.0,2
1,2024,2024211,25,Alpine,13,OCO,Esteban Ocon,31,#0093CC,60.0,1270,82.111,82.111,0,0,82.136,0.049,0.35,0.018,0.359,17.0,0.350,0.018,0.359,17.0,0.368,I,#50A078,30,2.0,0,0,0.181,0,0,0,0,0.0,2
1,2024,2024211,25,Alpine,13,OCO,Esteban Ocon,31,#0093CC,61.0,1271,82.285,82.285,0,0,82.198,0.174,0.152,0.065,0.184,17.0,0.152,0.065,0.184,17.0,0.217,I,#50A078,31,2.0,0,0,0.181,0,0,0,0,0.0,2
1,2024,2024211,25,Alpine,13,OCO,Esteban Ocon,31,#0093CC,62.0,1272,82.036,82.036,0,0,82.16,0.249,0.412,-0.061,0.381,13.0,0.412,-0.061,0.381,13.0,0.351,I,#50A078,32,2.0,0,0,0.181,0,0,0,0,0.0,2
1,2024,2024211,25,Alpine,13,OCO,Esteban Ocon,31,#0093CC,63.0,1273,82.02,82.02,0,0,82.028,0.016,0.329,0.192,0.425,17.0,0.329,0.192,0.425,17.0,0.521,I,#50A078,33,2.0,0,0,0.181,0,0,0,0,0.0,2
1,2024,2024211,25,Alpine,13,OCO,Esteban Ocon,31,#0093CC,64.0,1274,81.771,81.771,0,0,81.896,0.249,0.405,0.064,0.437,17.0,0.405,0.064,0.437,17.0,0.469,I,#50A078,34,2.0,0,0,0.181,0,0,0,0,0.0,2
1,2024,2024211,25,Alpine,13,OCO,Esteban Ocon,31,#0093CC,65.0,1275,81.825,81.825,0,0,81.798,0.054,0.373,0.001,0.373,17.0,0.373,0.001,0.373,17.0,0.374,I,#50A078,35,2.0,0,0,0.181,0,0,0,0,0.0,2
1,2024,2024211,25,Alpine,13,OCO,Esteban Ocon,31,#0093CC,66.0,1276,81.914,81.914,0,0,81.87,0.089,0.367,0.269,0.502,17.0,0.367,0.269,0.502,17.0,0.636,I,#50A078,36,2.0,0,0,0.181,0,0,0,0,0.0,2
1,2024,2024211,25,Alpine,13,OCO,Esteban Ocon,31,#0093CC,67.0,1277,82.108,82.108,0,0,82.011,0.194,0.099,0.325,0.262,17.0,0.099,0.325,0.262,17.0,0.424,I,#50A078,37,2.0,0,0,0.181,0,0,0,0,0.0,2
1,2024,2024211,25,Alpine,13,OCO,Esteban Ocon,31,#0093CC,68.0,1278,81.964,81.964,0,0,82.036,0.144,0.249,0.087,0.292,17.0,0.249,0.087,0.292,17.0,0.336,I,#50A078,38,2.0,0,0,0.181,0,0,0,0,0.0,2
1,2024,2024211,25,Alpine,13,OCO,Esteban Ocon,31,#0093CC,69.0,1279,82.264,82.264,0,0,82.114,0.300,0.179,-0.172,0.093,13.0,0.179,-0.172,0.093,13.0,0.007,I,#50A078,39,2.0,0,0,0.181,0,0,0,0,0.0,2
1,2024,2024211,25,Alpine,17,GAS,Pierre Gasly,10,#0093CC,1.0,1211,-,-,0,1,-,-,-,-,-,-,-,-,-,-,,I,#50A078,1,1.0,0,0,0.189,0,0,0,0,,9
1,2024,2024211,25,Alpine,17,GAS,Pierre Gasly,10,#0093CC,2.0,1212,-,-,0,1,-,-,-,-,-,-,-,-,-,-,,I,#50A078,2,1.0,0,0,0.189,0,0,0,0,0.0,9
1,2024,2024211,25,Alpine,17,GAS,Pierre Gasly,10,#0093CC,3.0,1213,86.668,86.668,0,0,-,-,-0.112,-0.330,0.053,13.0,-0.112,-0.330,0.053,13.0,0.218,I,#50A078,3,1.0,0,0,0.189,0,0,0,0,0.0,9
1,2024,2024211,25,Alpine,17,GAS,Pierre Gasly,10,#0093CC,4.0,1214,86.864,86.864,0,0,86.766,0.196,-0.424,-1.161,0.157,13.0,-0.424,-1.161,0.157,13.0,0.737,I,#50A078,4,1.0,0,0,0.189,0,0,0,0,0.0,9
1,2024,2024211,25,Alpine,17,GAS,Pierre Gasly,10,#0093CC,5.0,1215,86.804,86.804,0,0,86.834,0.060,-0.905,-1.387,-0.211,13.0,-0.905,-1.387,-0.211,13.0,0.482,I,#50A078,5,1.0,0,0,0.189,0,0,0,0,-1.0,10
1,2024,2024211,25,Alpine,17,GAS,Pierre Gasly,10,#0093CC,6.0,1216,85.604,85.604,0,0,86.204,1.200,0.022,-0.593,0.319,13.0,0.022,-0.593,0.319,13.0,0.615,I,#50A078,6,1.0,0,0,0.189,0,0,0,0,0.0,10
1,2024,2024211,25,Alpine,17,GAS,Pierre Gasly,10,#0093CC,7.0,1217,85.323,85.323,0,0,85.464,0.281,0.05,0.057,0.021,17.0,0.050,-0.340,0.220,13.0,-0.007,I,#50A078,7,1.0,0,0,0.189,0,0,0,0,0.0,10
1,2024,2024211,25,Alpine,17,GAS,Pierre Gasly,10,#0093CC,8.0,1218,85.227,85.227,0,0,85.275,0.096,-0.075,-0.273,0.061,13.0,-0.075,-0.273,0.061,13.0,0.198,I,#50A078,8,1.0,0,0,0.189,0,0,0,0,0.0,10
1,2024,2024211,25,Alpine,17,GAS,Pierre Gasly,10,#0093CC,9.0,1219,85.105,85.105,0,0,85.166,0.122,-0.249,-0.451,-0.023,13.0,-0.249,-0.451,-0.023,13.0,0.202,I,#50A078,9,1.0,0,0,0.189,0,0,0,0,0.0,10
1,2024,2024211,25,Alpine,17,GAS,Pierre Gasly,10,#0093CC,10.0,1220,85.021,85.021,0,0,85.063,0.084,-0.131,-0.528,0.133,13.0,-0.131,-0.528,0.133,13.0,0.397,I,#50A078,10,1.0,0,0,0.189,0,0,0,0,0.0,10
1,2024,2024211,25,Alpine,17,GAS,Pierre Gasly,10,#0093CC,11.0,1221,84.829,84.829,0,0,84.925,0.192,0.215,-0.047,0.238,13.0,0.215,-0.047,0.238,13.0,0.262,I,#50A078,11,1.0,0,0,0.189,0,0,0,0,0.0,10
1,2024,2024211,25,Alpine,17,GAS,Pierre Gasly,10,#0093CC,12.0,1222,86.151,84.883,1,0,84.856,1.322,-1.039,-1.510,-0.284,13.0,0.229,-0.242,0.350,13.0,0.471,I,#50A078,12,1.0,0,0,0.189,0,0,0,0,0.0,10
1,2024,2024211,25,Alpine,17,GAS,Pierre Gasly,10,#0093CC,13.0,1223,84.937,84.937,0,0,84.91,1.214,0.093,-0.011,0.099,13.0,0.093,-0.011,0.099,13.0,0.104,I,#50A078,13,1.0,0,0,0.189,0,0,0,0,0.0,10
1,2024,2024211,25,Alpine,17,GAS,Pierre Gasly,10,#0093CC,14.0,1224,84.798,84.798,0,0,84.868,0.139,0.162,0.246,0.039,17.0,0.162,0.246,0.039,17.0,-0.084,I,#50A078,14,1.0,0,0,0.189,0,0,0,0,0.0,10
1,2024,2024211,25,Alpine,17,GAS,Pierre Gasly,10,#0093CC,15.0,1225,84.66,84.66,0,0,84.729,0.138,0.278,0.236,0.160,17.0,0.278,0.236,0.160,17.0,0.042,I,#50A078,15,1.0,0,1,0.189,0,0,0,0,0.0,10
1,2024,2024211,25,Alpine,17,GAS,Pierre Gasly,10,#0093CC,16.0,1226,84.351,84.351,0,0,84.506,0.309,0.559,0.694,0.212,17.0,0.559,0.694,0.212,17.0,-0.135,I,#50A078,16,1.0,0,0,0.189,0,0,0,0,1.0,9
1,2024,2024211,25,Alpine,17,GAS,Pierre Gasly,10,#0093CC,17.0,1227,84.237,84.237,0,0,84.294,0.114,0.344,0.006,0.341,17.0,0.344,0.006,0.341,17.0,0.338,I,#50A078,17,1.0,0,0,0.189,0,0,0,0,0.0,9
1,2024,2024211,25,Alpine,17,GAS,Pierre Gasly,10,#0093CC,18.0,1228,84.199,84.199,0,0,84.218,0.038,0.46,0.224,0.348,17.0,0.460,0.224,0.348,17.0,0.236,I,#50A078,18,1.0,0,0,0.189,0,0,0,0,0.0,9
1,2024,2024211,25,Alpine,17,GAS,Pierre Gasly,10,#0093CC,19.0,1229,84.214,84.214,0,0,84.206,0.015,0.422,0.008,0.418,17.0,0.422,0.008,0.418,17.0,0.414,I,#50A078,19,1.0,0,0,0.189,0,0,0,0,0.0,9
1,2024,2024211,25,Alpine,17,GAS,Pierre Gasly,10,#0093CC,20.0,1230,84.381,84.381,0,0,84.298,0.167,-0.014,-0.099,0.035,13.0,-0.014,-0.099,0.035,13.0,0.085,I,#50A078,20,1.0,0,0,0.189,0,0,0,0,0.0,9
1,2024,2024211,25,Alpine,17,GAS,Pierre Gasly,10,#0093CC,21.0,1231,83.92,83.92,0,0,84.15,0.461,0.322,0.117,0.264,17.0,0.322,0.117,0.264,17.0,0.205,I,#50A078,21,1.0,0,0,0.189,0,0,0,0,0.0,9
1,2024,2024211,25,Alpine,17,GAS,Pierre Gasly,10,#0093CC,22.0,1232,83.996,83.996,0,0,83.958,0.076,0.461,0.374,0.274,17.0,0.461,0.374,0.274,17.0,0.087,I,#50A078,22,1.0,0,0,0.189,0,0,0,0,0.0,9
1,2024,2024211,25,Alpine,17,GAS,Pierre Gasly,10,#0093CC,23.0,1233,84.744,84.197,1,0,84.097,0.748,-0.114,-0.138,-0.045,13.0,0.432,0.408,0.228,17.0,0.024,I,#50A078,23,1.0,0,0,0.189,0,0,0,0,0.0,9
1,2024,2024211,25,Alpine,17,GAS,Pierre Gasly,10,#0093CC,24.0,1234,84.399,84.399,0,0,84.298,0.345,0.388,0.117,0.330,17.0,0.388,0.117,0.330,17.0,0.271,I,#50A078,24,1.0,0,0,0.189,0,0,0,0,0.0,9
1,2024,2024211,25,Alpine,17,GAS,Pierre Gasly,10,#0093CC,25.0,1235,84.41,84.41,0,0,84.404,0.011,0.698,0.651,0.372,17.0,0.698,0.651,0.372,17.0,0.047,I,#50A078,25,1.0,0,0,0.189,0,0,0,0,0.0,8
1,2024,2024211,25,Alpine,17,GAS,Pierre Gasly,10,#0093CC,26.0,1236,85.245,85.245,0,0,84.828,0.835,1.113,0.225,1.000,17.0,1.113,0.225,1.000,17.0,0.888,I,#50A078,26,1.0,0,0,0.189,0,0,0,0,2.0,6
1,2024,2024211,25,Alpine,17,GAS,Pierre Gasly,10,#0093CC,27.0,1237,-,-,0,1,-,-,-,-,-,-,-,-,-,-,,I,#50A078,27,1.0,0,0,0.189,0,0,0,1,0.0,6
1,2024,2024211,25,Alpine,17,GAS,Pierre Gasly,10,#0093CC,28.0,1238,-,-,0,1,-,-,-,-,-,-,-,-,-,-,,I,#50A078,28,1.0,0,0,0.189,0,0,1,0,0.0,6
1,2024,2024211,25,Alpine,17,GAS,Pierre Gasly,10,#0093CC,29.0,1239,102.264,102.264,0,0,-,-,-,-,-,-,-,-,-,-,,I,#50A078,29,1.0,0,0,0.189,0,0,0,0,0.0,3
1,2024,2024211,25,Alpine,17,GAS,Pierre Gasly,10,#0093CC,30.0,1240,-,-,0,1,-,-,-,-,-,-,-,-,-,-,,I,#50A078,30,1.0,0,0,0.189,0,1,0,0,0.0,3
1,2024,2024211,25,Alpine,17,GAS,Pierre Gasly,10,#0093CC,31.0,1241,-,-,0,1,-,-,-,-,-,-,-,-,-,-,,I,#50A078,31,1.0,0,0,0.189,0,0,0,0,0.0,3
1,2024,2024211,25,Alpine,17,GAS,Pierre Gasly,10,#0093CC,32.0,1242,-,-,0,1,-,-,-,-,-,-,-,-,-,-,,I,#50A078,32,1.0,1,0,0.189,0,0,0,0,0.0,3
1,2024,2024211,25,Alpine,17,GAS,Pierre Gasly,10,#0093CC,33.0,1243,-,-,0,1,-,-,-,-,-,-,-,-,-,-,,I,#50A078,1,2.0,0,0,0.231,0,0,0,0,0.0,3
1,2024,2024211,25,Alpine,17,GAS,Pierre Gasly,10,#0093CC,34.0,1244,93.504,93.504,0,0,-,-,3.183,-4.113,5.239,13.0,3.183,-4.113,5.239,13.0,7.296,I,#50A078,2,2.0,0,0,0.231,0,0,0,0,0.0,3
1,2024,2024211,25,Alpine,17,GAS,Pierre Gasly,10,#0093CC,35.0,1245,88.741,88.741,0,0,91.122,4.763,2.232,-1.828,3.146,13.0,2.232,-1.828,3.146,13.0,4.06,I,#50A078,3,2.0,0,0,0.231,0,0,0,0,0.0,3
1,2024,2024211,25,Alpine,17,GAS,Pierre Gasly,10,#0093CC,36.0,1246,86.658,86.658,0,0,87.7,2.083,2.061,-0.885,2.503,13.0,2.061,-0.885,2.503,13.0,2.946,I,#50A078,4,2.0,0,0,0.231,0,0,0,0,0.0,3
1,2024,2024211,25,Alpine,17,GAS,Pierre Gasly,10,#0093CC,37.0,1247,85.284,85.284,0,0,85.971,1.374,1.845,-0.013,1.851,13.0,1.845,-0.013,1.851,13.0,1.858,I,#50A078,5,2.0,0,0,0.231,0,0,0,0,0.0,3
1,2024,2024211,25,Alpine,17,GAS,Pierre Gasly,10,#0093CC,38.0,1248,85.236,85.236,0,0,85.26,0.048,0.798,-0.634,1.115,13.0,0.798,-0.634,1.115,13.0,1.432,I,#50A078,6,2.0,0,0,0.231,0,0,0,0,0.0,3
1,2024,2024211,25,Alpine,17,GAS,Pierre Gasly,10,#0093CC,39.0,1249,-,-,0,1,-,-,-,-,-,-,-,-,-,-,,I,#50A078,7,2.0,0,0,0.231,0,1,0,0,0.0,3
1,2024,2024211,25,Alpine,17,GAS,Pierre Gasly,10,#0093CC,40.0,1250,-,-,0,1,-,-,-,-,-,-,-,-,-,-,,I,#50A078,8,2.0,0,0,0.231,0,0,0,0,0.0,3
1,2024,2024211,25,Alpine,17,GAS,Pierre Gasly,10,#0093CC,41.0,1251,-,-,0,1,-,-,-,-,-,-,-,-,-,-,,I,#50A078,9,2.0,0,0,0.231,0,0,0,0,0.0,3
1,2024,2024211,25,Alpine,17,GAS,Pierre Gasly,10,#0093CC,42.0,1252,-,-,0,1,-,-,-,-,-,-,-,-,-,-,,I,#50A078,10,2.0,0,0,0.231,1,0,0,0,0.0,3
1,2024,2024211,25,Alpine,17,GAS,Pierre Gasly,10,#0093CC,43.0,1253,-,-,0,1,-,-,-,-,-,-,-,-,-,-,,I,#50A078,11,2.0,0,0,0.231,0,0,0,0,0.0,3
1,2024,2024211,25,Alpine,17,GAS,Pierre Gasly,10,#0093CC,44.0,1254,84.886,84.886,0,0,-,-,0.906,-0.382,1.097,13.0,0.906,-0.382,1.097,13.0,1.288,I,#50A078,12,2.0,0,0,0.231,0,0,0,0,0.0,3
1,2024,2024211,25,Alpine,17,GAS,Pierre Gasly,10,#0093CC,45.0,1255,84.087,84.087,0,0,84.486,0.799,0.567,-0.316,0.725,13.0,0.567,-0.316,0.725,13.0,0.883,I,#50A078,13,2.0,0,0,0.231,0,0,0,0,0.0,3
1,2024,2024211,25,Alpine,17,GAS,Pierre Gasly,10,#0093CC,46.0,1256,83.511,83.511,0,0,83.799,0.576,0.847,-0.116,0.905,13.0,0.847,-0.116,0.905,13.0,0.963,I,#50A078,14,2.0,0,0,0.231,0,0,0,0,0.0,3
1,2024,2024211,25,Alpine,17,GAS,Pierre Gasly,10,#0093CC,47.0,1257,83.498,83.498,0,0,83.504,0.013,0.589,-0.552,0.865,13.0,0.589,-0.552,0.865,13.0,1.141,I,#50A078,15,2.0,0,0,0.231,0,0,0,0,0.0,3
1,2024,2024211,25,Alpine,17,GAS,Pierre Gasly,10,#0093CC,48.0,1258,83.53,83.53,0,0,83.514,0.032,0.224,-0.600,0.524,13.0,0.224,-0.600,0.524,13.0,0.824,I,#50A078,16,2.0,0,0,0.231,0,0,0,0,0.0,3
1,2024,2024211,25,Alpine,17,GAS,Pierre Gasly,10,#0093CC,49.0,1259,83.183,83.183,0,0,83.357,0.347,0.343,-0.185,0.435,13.0,0.343,-0.185,0.435,13.0,0.528,I,#50A078,17,2.0,0,0,0.231,0,0,0,0,0.0,3
1,2024,2024211,25,Alpine,17,GAS,Pierre Gasly,10,#0093CC,50.0,1260,83.033,83.033,0,0,83.108,0.150,0.425,-0.345,0.598,13.0,0.425,-0.345,0.598,13.0,0.77,I,#50A078,18,2.0,0,0,0.231,0,0,0,0,0.0,3
1,2024,2024211,25,Alpine,17,GAS,Pierre Gasly,10,#0093CC,51.0,1261,83.001,83.001,0,0,83.017,0.032,0.537,0.166,0.454,17.0,0.537,-0.373,0.724,13.0,0.371,I,#50A078,19,2.0,0,0,0.231,0,0,0,0,0.0,3
1,2024,2024211,25,Alpine,17,GAS,Pierre Gasly,10,#0093CC,52.0,1262,82.912,82.912,0,0,82.956,0.089,0.586,-0.343,0.758,13.0,0.586,-0.343,0.758,13.0,0.929,I,#50A078,20,2.0,0,0,0.231,0,0,0,0,0.0,3
1,2024,2024211,25,Alpine,17,GAS,Pierre Gasly,10,#0093CC,53.0,1263,82.512,82.512,0,0,82.712,0.400,0.887,0.047,0.863,17.0,0.887,0.047,0.863,17.0,0.84,I,#50A078,21,2.0,0,0,0.231,0,0,0,0,0.0,3
1,2024,2024211,25,Alpine,17,GAS,Pierre Gasly,10,#0093CC,54.0,1264,82.739,82.739,0,0,82.626,0.227,0.557,0.076,0.519,17.0,0.557,0.076,0.519,17.0,0.481,I,#50A078,22,2.0,0,1,0.231,0,0,0,0,0.0,3
1,2024,2024211,25,Alpine,17,GAS,Pierre Gasly,10,#0093CC,55.0,1265,82.75,82.75,0,0,82.744,0.011,0.467,-0.080,0.507,13.0,0.467,-0.080,0.507,13.0,0.547,I,#50A078,23,2.0,0,0,0.231,0,0,0,0,0.0,3
1,2024,2024211,25,Alpine,17,GAS,Pierre Gasly,10,#0093CC,56.0,1266,82.747,82.747,0,0,82.748,0.003,0.306,0.057,0.277,17.0,0.306,0.057,0.277,17.0,0.249,I,#50A078,24,2.0,0,0,0.231,0,0,0,0,0.0,3
1,2024,2024211,25,Alpine,17,GAS,Pierre Gasly,10,#0093CC,57.0,1267,82.468,82.468,0,0,82.608,0.279,0.45,-0.006,0.453,13.0,0.450,-0.006,0.453,13.0,0.456,I,#50A078,25,2.0,0,0,0.231,0,0,0,0,0.0,3
1,2024,2024211,25,Alpine,17,GAS,Pierre Gasly,10,#0093CC,58.0,1268,82.385,82.385,0,0,82.426,0.083,0.341,0.008,0.337,17.0,0.341,0.008,0.337,17.0,0.333,I,#50A078,26,2.0,0,0,0.231,0,0,0,0,0.0,3
1,2024,2024211,25,Alpine,17,GAS,Pierre Gasly,10,#0093CC,59.0,1269,82.408,82.408,0,0,82.396,0.023,0.195,-0.248,0.319,13.0,0.195,-0.248,0.319,13.0,0.443,I,#50A078,27,2.0,0,0,0.231,0,0,0,0,0.0,3
1,2024,2024211,25,Alpine,17,GAS,Pierre Gasly,10,#0093CC,60.0,1270,82.093,82.093,0,0,82.25,0.315,0.368,0.018,0.359,17.0,0.368,0.018,0.359,17.0,0.35,I,#50A078,28,2.0,0,0,0.231,0,0,0,0,0.0,3
1,2024,2024211,25,Alpine,17,GAS,Pierre Gasly,10,#0093CC,61.0,1271,82.22,82.22,0,0,82.156,0.127,0.217,0.065,0.184,17.0,0.217,0.065,0.184,17.0,0.152,I,#50A078,29,2.0,0,0,0.231,0,0,0,0,0.0,3
1,2024,2024211,25,Alpine,17,GAS,Pierre Gasly,10,#0093CC,62.0,1272,82.097,82.097,0,0,82.158,0.123,0.351,-0.061,0.381,13.0,0.351,-0.061,0.381,13.0,0.412,I,#50A078,30,2.0,0,0,0.231,0,0,0,0,0.0,3
1,2024,2024211,25,Alpine,17,GAS,Pierre Gasly,10,#0093CC,63.0,1273,81.828,81.828,0,0,81.962,0.269,0.521,0.192,0.425,17.0,0.521,0.192,0.425,17.0,0.329,I,#50A078,31,2.0,0,0,0.231,0,0,0,0,0.0,3
1,2024,2024211,25,Alpine,17,GAS,Pierre Gasly,10,#0093CC,64.0,1274,81.707,81.707,0,0,81.768,0.121,0.469,0.064,0.437,17.0,0.469,0.064,0.437,17.0,0.405,I,#50A078,32,2.0,0,0,0.231,0,0,0,0,0.0,3
1,2024,2024211,25,Alpine,17,GAS,Pierre Gasly,10,#0093CC,65.0,1275,81.824,81.824,0,0,81.766,0.117,0.374,0.001,0.373,17.0,0.374,0.001,0.373,17.0,0.373,I,#50A078,33,2.0,0,0,0.231,0,0,0,0,0.0,3
1,2024,2024211,25,Alpine,17,GAS,Pierre Gasly,10,#0093CC,66.0,1276,81.645,81.645,0,0,81.734,0.179,0.636,0.269,0.502,17.0,0.636,0.269,0.502,17.0,0.367,I,#50A078,34,2.0,0,0,0.231,0,0,0,0,0.0,3
1,2024,2024211,25,Alpine,17,GAS,Pierre Gasly,10,#0093CC,67.0,1277,81.783,81.783,0,0,81.714,0.138,0.424,0.325,0.262,17.0,0.424,0.325,0.262,17.0,0.099,I,#50A078,35,2.0,0,0,0.231,0,0,0,0,0.0,3
1,2024,2024211,25,Alpine,17,GAS,Pierre Gasly,10,#0093CC,68.0,1278,81.877,81.877,0,0,81.83,0.094,0.336,0.087,0.292,17.0,0.336,0.087,0.292,17.0,0.249,I,#50A078,36,2.0,0,0,0.231,0,0,0,0,0.0,3
1,2024,2024211,25,Alpine,17,GAS,Pierre Gasly,10,#0093CC,69.0,1279,82.436,82.436,0,0,82.156,0.559,0.007,-0.172,0.093,13.0,0.007,-0.172,0.093,13.0,0.179,I,#50A078,37,2.0,0,0,0.231,0,0,0,0,0.0,3
1,2024,2024221,26,Alpine,13,OCO,Esteban Ocon,31,#0093CC,1.0,1280,-,-,0,1,-,-,-,-,-,-,-,-,-,-,,M,#F0E628,1,1.0,0,0,0.139,0,0,0,0,,11
1,2024,2024221,26,Alpine,13,OCO,Esteban Ocon,31,#0093CC,2.0,1281,-,-,0,1,-,-,-,-,-,-,-,-,-,-,,M,#F0E628,2,1.0,0,0,0.139,0,0,0,0,0.0,11
1,2024,2024221,26,Alpine,13,OCO,Esteban Ocon,31,#0093CC,3.0,1282,99.585,99.585,0,0,-,-,0.063,-0.351,0.238,17.0,0.063,-0.351,0.238,17.0,0.414,M,#F0E628,3,1.0,0,0,0.139,0,0,0,0,0.0,11
1,2024,2024221,26,Alpine,13,OCO,Esteban Ocon,31,#0093CC,4.0,1283,99.367,99.367,0,0,99.476,0.218,0.11,0.268,-0.024,13.0,0.110,0.268,-0.024,13.0,-0.158,M,#F0E628,4,1.0,0,0,0.139,0,0,0,0,0.0,11
1,2024,2024221,26,Alpine,13,OCO,Esteban Ocon,31,#0093CC,5.0,1284,99.388,99.388,0,0,99.378,0.021,-0.126,-0.148,-0.052,17.0,-0.126,-0.148,-0.052,17.0,0.022,M,#F0E628,5,1.0,0,0,0.139,0,0,0,0,0.0,11
1,2024,2024221,26,Alpine,13,OCO,Esteban Ocon,31,#0093CC,6.0,1285,99.597,99.597,0,0,99.492,0.209,-0.401,-0.189,-0.306,17.0,-0.401,-0.189,-0.306,17.0,-0.212,M,#F0E628,6,1.0,0,1,0.139,0,0,0,0,0.0,11
1,2024,2024221,26,Alpine,13,OCO,Esteban Ocon,31,#0093CC,7.0,1286,99.898,99.898,0,0,99.748,0.301,-0.454,-0.230,-0.339,17.0,-0.454,-0.230,-0.339,17.0,-0.224,M,#F0E628,7,1.0,0,0,0.139,0,0,0,0,0.0,11
1,2024,2024221,26,Alpine,13,OCO,Esteban Ocon,31,#0093CC,8.0,1287,100.498,100.498,0,0,100.198,0.600,-0.58,0.760,-0.960,13.0,-0.580,0.760,-0.960,13.0,-1.34,M,#F0E628,8,1.0,0,0,0.139,0,0,0,0,0.0,11
1,2024,2024221,26,Alpine,13,OCO,Esteban Ocon,31,#0093CC,9.0,1288,100.852,100.852,0,0,100.675,0.354,-0.519,1.010,-1.024,13.0,-0.519,1.010,-1.024,13.0,-1.529,M,#F0E628,9,1.0,0,0,0.139,0,0,0,0,0.0,11
1,2024,2024221,26,Alpine,13,OCO,Esteban Ocon,31,#0093CC,10.0,1289,101.095,101.095,0,0,100.974,0.243,-0.996,-,-,-,-0.996,-,-,-,,M,#F0E628,10,1.0,0,0,0.139,0,0,0,0,0.0,6
1,2024,2024221,26,Alpine,13,OCO,Esteban Ocon,31,#0093CC,11.0,1290,-,-,0,1,-,-,-,-,-,-,-,-,-,-,,M,#F0E628,11,1.0,1,0,0.139,0,0,0,0,0.0,6
1,2024,2024221,26,Alpine,13,OCO,Esteban Ocon,31,#0093CC,12.0,1291,-,-,0,1,-,-,-,-,-,-,-,-,-,-,1.197,M,#F0E628,12,2.0,1,0,-,0,0,0,0,0.0,15
1,2024,2024221,26,Alpine,13,OCO,Esteban Ocon,31,#0093CC,13.0,1292,-,-,0,1,-,-,-,-,-,-,-,-,-,-,1.522,H,#A5AFB9,1,3.0,0,0,0.205,0,0,0,0,0.0,19
1,2024,2024221,26,Alpine,13,OCO,Esteban Ocon,31,#0093CC,14.0,1293,98.931,98.931,0,0,-,-,0.77,1.317,0.111,13.0,0.770,1.317,0.111,13.0,-0.547,H,#A5AFB9,2,3.0,0,0,0.205,0,0,0,0,0.0,19
1,2024,2024221,26,Alpine,13,OCO,Esteban Ocon,31,#0093CC,15.0,1294,98.645,98.645,0,0,98.788,0.286,0.851,-,-,-,0.851,-,-,-,,H,#A5AFB9,3,3.0,0,0,0.205,0,0,0,0,0.0,19
1,2024,2024221,26,Alpine,13,OCO,Esteban Ocon,31,#0093CC,16.0,1295,98.955,98.955,0,0,98.8,0.310,0.476,-,-,-,0.476,-,-,-,,H,#A5AFB9,4,3.0,0,0,0.205,0,0,0,0,0.0,18
1,2024,2024221,26,Alpine,13,OCO,Esteban Ocon,31,#0093CC,17.0,1296,98.871,98.871,0,0,98.913,0.084,-0.249,-,-,-,-0.249,-,-,-,,H,#A5AFB9,5,3.0,0,0,0.205,0,0,0,0,0.0,17
1,2024,2024221,26,Alpine,13,OCO,Esteban Ocon,31,#0093CC,18.0,1297,98.766,98.766,0,0,98.818,0.105,-0.254,-,-,-,-0.254,-,-,-,,H,#A5AFB9,6,3.0,0,0,0.205,0,0,0,0,0.0,15
1,2024,2024221,26,Alpine,13,OCO,Esteban Ocon,31,#0093CC,19.0,1298,98.629,98.629,0,0,98.698,0.137,0.006,-,-,-,0.006,-,-,-,,H,#A5AFB9,7,3.0,0,0,0.205,0,0,0,0,0.0,15
1,2024,2024221,26,Alpine,13,OCO,Esteban Ocon,31,#0093CC,20.0,1299,98.495,98.495,0,0,98.562,0.134,-0.223,-,-,-,-0.223,-,-,-,,H,#A5AFB9,8,3.0,0,0,0.205,0,0,0,0,0.0,15
1,2024,2024221,26,Alpine,13,OCO,Esteban Ocon,31,#0093CC,21.0,1300,98.306,98.306,0,0,98.4,0.189,-0.038,-,-,-,-0.038,-,-,-,,H,#A5AFB9,9,3.0,0,0,0.205,0,0,0,0,0.0,15
1,2024,2024221,26,Alpine,13,OCO,Esteban Ocon,31,#0093CC,22.0,1301,98.673,98.37,1,0,98.338,0.367,-0.281,-,-,-,0.022,-,-,-,,H,#A5AFB9,10,3.0,0,0,0.205,0,0,0,0,0.0,15
1,2024,2024221,26,Alpine,13,OCO,Esteban Ocon,31,#0093CC,23.0,1302,98.435,98.435,0,0,98.403,0.238,0.081,-,-,-,0.081,-,-,-,,H,#A5AFB9,11,3.0,0,0,0.205,0,0,0,0,0.0,15
1,2024,2024221,26,Alpine,13,OCO,Esteban Ocon,31,#0093CC,24.0,1303,98.207,98.207,0,0,98.321,0.228,0.24,-,-,-,0.240,-,-,-,,H,#A5AFB9,12,3.0,0,0,0.205,0,0,0,0,0.0,14
1,2024,2024221,26,Alpine,13,OCO,Esteban Ocon,31,#0093CC,25.0,1304,98.825,98.239,1,0,98.223,0.618,-0.422,-,-,-,0.163,-,-,-,,H,#A5AFB9,13,3.0,0,0,0.205,0,0,0,0,0.0,13
1,2024,2024221,26,Alpine,13,OCO,Esteban Ocon,31,#0093CC,26.0,1305,98.271,98.271,0,0,98.255,0.554,0.152,-,-,-,0.152,-,-,-,,H,#A5AFB9,14,3.0,0,0,0.205,0,0,0,0,0.0,12
1,2024,2024221,26,Alpine,13,OCO,Esteban Ocon,31,#0093CC,27.0,1306,99.589,99.589,0,0,98.93,1.318,-0.658,-,-,-,-0.658,-,-,-,,H,#A5AFB9,15,3.0,0,0,0.205,0,0,0,0,0.0,12
1,2024,2024221,26,Alpine,13,OCO,Esteban Ocon,31,#0093CC,28.0,1307,99.635,99.635,0,0,99.612,0.046,-0.965,-,-,-,-0.965,-,-,-,,H,#A5AFB9,16,3.0,0,0,0.205,0,0,0,0,1.0,11
1,2024,2024221,26,Alpine,13,OCO,Esteban Ocon,31,#0093CC,29.0,1308,98.9,98.9,0,0,99.268,0.735,-0.641,-,-,-,-0.641,-,-,-,,H,#A5AFB9,17,3.0,0,1,0.205,0,0,0,0,0.0,11
1,2024,2024221,26,Alpine,13,OCO,Esteban Ocon,31,#0093CC,30.0,1309,99.029,99.029,0,0,98.964,0.129,-0.696,-,-,-,-0.696,-,-,-,,H,#A5AFB9,18,3.0,0,0,0.205,0,0,0,0,0.0,10
1,2024,2024221,26,Alpine,13,OCO,Esteban Ocon,31,#0093CC,31.0,1310,100.267,99.106,1,0,99.067,1.238,-1.812,-,-,-,-0.650,-,-,-,,H,#A5AFB9,19,3.0,0,0,0.205,0,0,0,0,-1.0,11
1,2024,2024221,26,Alpine,13,OCO,Esteban Ocon,31,#0093CC,32.0,1311,99.182,99.182,0,0,99.144,1.085,-0.791,-,-,-,-0.791,-,-,-,,H,#A5AFB9,20,3.0,0,0,0.205,0,0,0,0,0.0,11
1,2024,2024221,26,Alpine,13,OCO,Esteban Ocon,31,#0093CC,33.0,1312,99.436,99.436,0,0,99.309,0.254,-1.112,-,-,-,-1.112,-,-,-,,H,#A5AFB9,21,3.0,0,0,0.205,0,0,0,0,0.0,10
1,2024,2024221,26,Alpine,13,OCO,Esteban Ocon,31,#0093CC,34.0,1313,99.238,99.238,0,0,99.337,0.198,-1.298,-,-,-,-1.298,-,-,-,,H,#A5AFB9,22,3.0,0,0,0.205,0,0,0,0,0.0,8
1,2024,2024221,26,Alpine,13,OCO,Esteban Ocon,31,#0093CC,35.0,1314,99.64,99.64,0,0,99.439,0.402,-2.061,-,-,-,-2.061,-,-,-,,H,#A5AFB9,23,3.0,0,0,0.205,0,0,0,0,-1.0,9
1,2024,2024221,26,Alpine,13,OCO,Esteban Ocon,31,#0093CC,36.0,1315,100.334,99.574,1,0,99.607,0.694,-2.668,-,-,-,-1.908,-,-,-,,H,#A5AFB9,24,3.0,0,0,0.205,0,0,0,0,-1.0,10
1,2024,2024221,26,Alpine,13,OCO,Esteban Ocon,31,#0093CC,37.0,1316,99.508,99.508,0,0,99.541,0.826,-2.039,-,-,-,-2.039,-,-,-,,H,#A5AFB9,25,3.0,0,0,0.205,0,0,0,0,-1.0,11
1,2024,2024221,26,Alpine,13,OCO,Esteban Ocon,31,#0093CC,38.0,1317,99.605,99.605,0,0,99.556,0.097,-2.282,-,-,-,-2.282,-,-,-,,H,#A5AFB9,26,3.0,0,0,0.205,0,0,0,0,0.0,11
1,2024,2024221,26,Alpine,13,OCO,Esteban Ocon,31,#0093CC,39.0,1318,99.576,99.576,0,0,99.59,0.029,-2.469,-,-,-,-2.469,-,-,-,,H,#A5AFB9,27,3.0,0,0,0.205,0,0,0,0,-1.0,12
1,2024,2024221,26,Alpine,13,OCO,Esteban Ocon,31,#0093CC,40.0,1319,99.823,99.823,0,0,99.7,0.247,-2.606,-,-,-,-2.606,-,-,-,,H,#A5AFB9,28,3.0,0,0,0.205,0,0,0,0,-1.0,13
1,2024,2024221,26,Alpine,13,OCO,Esteban Ocon,31,#0093CC,41.0,1320,99.919,99.919,0,0,99.871,0.096,-2.66,-,-,-,-2.660,-,-,-,,H,#A5AFB9,29,3.0,0,0,0.205,0,0,0,0,-1.0,14
1,2024,2024221,26,Alpine,13,OCO,Esteban Ocon,31,#0093CC,42.0,1321,98.799,98.799,0,0,99.359,1.120,-1.667,-,-,-,-1.667,-,-,-,,H,#A5AFB9,30,3.0,0,0,0.205,0,0,0,0,0.0,14
1,2024,2024221,26,Alpine,13,OCO,Esteban Ocon,31,#0093CC,43.0,1322,98.783,98.783,0,0,98.791,0.016,-1.867,-,-,-,-1.867,-,-,-,,H,#A5AFB9,31,3.0,0,0,0.205,0,0,0,0,0.0,14
1,2024,2024221,26,Alpine,13,OCO,Esteban Ocon,31,#0093CC,44.0,1323,98.928,98.928,0,0,98.856,0.145,-2.053,-,-,-,-2.053,-,-,-,,H,#A5AFB9,32,3.0,0,0,0.205,0,0,0,0,-1.0,15
1,2024,2024221,26,Alpine,13,OCO,Esteban Ocon,31,#0093CC,45.0,1324,-,-,0,1,-,-,-,-,-,-,-,-,-,-,,H,#A5AFB9,33,3.0,1,0,0.205,0,0,0,0,0.0,16
1,2024,2024221,26,Alpine,13,OCO,Esteban Ocon,31,#0093CC,46.0,1325,-,-,0,1,-,-,-,-,-,-,-,-,-,-,,S,#CD3C3C,1,4.0,0,0,0.263,0,0,0,0,0.0,17
1,2024,2024221,26,Alpine,13,OCO,Esteban Ocon,31,#0093CC,47.0,1326,96.511,96.511,0,0,-,-,0.28,-,-,-,0.280,-,-,-,,S,#CD3C3C,2,4.0,0,0,0.263,0,0,0,0,0.0,17
1,2024,2024221,26,Alpine,13,OCO,Esteban Ocon,31,#0093CC,48.0,1327,96.649,96.649,0,0,96.58,0.138,0.349,-,-,-,0.349,-,-,-,,S,#CD3C3C,3,4.0,0,1,0.263,0,0,0,0,0.0,17
1,2024,2024221,26,Alpine,13,OCO,Esteban Ocon,31,#0093CC,49.0,1328,97.563,97.563,0,0,97.106,0.914,-0.313,-,-,-,-0.313,-,-,-,,S,#CD3C3C,4,4.0,0,0,0.263,0,0,0,0,0.0,17
1,2024,2024221,26,Alpine,17,GAS,Pierre Gasly,10,#0093CC,1.0,1280,-,-,0,1,-,-,-,-,-,-,-,-,-,-,,M,#F0E628,1,1.0,0,0,0.285,0,0,0,0,,4
1,2024,2024221,26,Alpine,17,GAS,Pierre Gasly,10,#0093CC,2.0,1281,-,-,0,1,-,-,-,-,-,-,-,-,-,-,,M,#F0E628,2,1.0,0,0,0.285,0,0,0,0,0.0,4
1,2024,2024221,26,Alpine,17,GAS,Pierre Gasly,10,#0093CC,3.0,1282,99.234,99.234,0,0,-,-,0.414,-0.351,0.238,17.0,0.414,-0.351,0.238,17.0,0.063,M,#F0E628,3,1.0,0,0,0.285,0,0,0,0,0.0,4
1,2024,2024221,26,Alpine,17,GAS,Pierre Gasly,10,#0093CC,4.0,1283,99.635,99.635,0,0,99.434,0.401,-0.158,0.268,-0.024,13.0,-0.158,0.268,-0.024,13.0,0.11,M,#F0E628,4,1.0,0,0,0.285,0,0,0,0,-1.0,5
1,2024,2024221,26,Alpine,17,GAS,Pierre Gasly,10,#0093CC,5.0,1284,99.24,99.24,0,0,99.438,0.395,0.022,-0.148,-0.052,17.0,0.022,-0.148,-0.052,17.0,-0.126,M,#F0E628,5,1.0,0,0,0.285,0,0,0,0,0.0,5
1,2024,2024221,26,Alpine,17,GAS,Pierre Gasly,10,#0093CC,6.0,1285,99.408,99.408,0,0,99.324,0.168,-0.212,-0.189,-0.306,17.0,-0.212,-0.189,-0.306,17.0,-0.401,M,#F0E628,6,1.0,0,1,0.285,0,0,0,0,0.0,5
1,2024,2024221,26,Alpine,17,GAS,Pierre Gasly,10,#0093CC,7.0,1286,99.668,99.668,0,0,99.538,0.260,-0.224,-0.230,-0.339,17.0,-0.224,-0.230,-0.339,17.0,-0.454,M,#F0E628,7,1.0,0,0,0.285,0,0,0,0,0.0,5
1,2024,2024221,26,Alpine,17,GAS,Pierre Gasly,10,#0093CC,8.0,1287,101.258,101.258,0,0,100.463,1.590,-1.34,0.760,-0.960,13.0,-1.340,0.760,-0.960,13.0,-0.58,M,#F0E628,8,1.0,0,0,0.285,0,0,0,0,-1.0,6
1,2024,2024221,26,Alpine,17,GAS,Pierre Gasly,10,#0093CC,9.0,1288,101.862,101.862,0,0,101.56,0.604,-1.529,1.010,-1.024,13.0,-1.529,1.010,-1.024,13.0,-0.519,M,#F0E628,9,1.0,0,0,0.285,0,0,0,0,0.0,4
1,2024,2024221,26,Alpine,17,GAS,Pierre Gasly,10,#0093CC,10.0,1289,-,-,0,1,-,-,-,-,-,-,-,-,-,-,-0.996,M,#F0E628,10,1.0,1,0,0.285,0,0,0,0,0.0,9
1,2024,2024221,26,Alpine,17,GAS,Pierre Gasly,10,#0093CC,11.0,1290,-,-,0,1,-,-,-,-,-,-,-,-,-,-,,H,#A5AFB9,1,2.0,0,0,0.560,0,0,0,0,0.0,16
1,2024,2024221,26,Alpine,17,GAS,Pierre Gasly,10,#0093CC,12.0,1291,98.621,98.621,0,0,-,-,1.197,-,-,-,1.197,-,-,-,,H,#A5AFB9,2,2.0,0,0,0.560,0,0,0,0,0.0,13
1,2024,2024221,26,Alpine,17,GAS,Pierre Gasly,10,#0093CC,13.0,1292,98.314,98.314,0,0,98.468,0.307,1.522,-,-,-,1.522,-,-,-,,H,#A5AFB9,3,2.0,0,1,0.560,0,0,0,0,0.0,13
1,2024,2024221,26,Alpine,17,GAS,Pierre Gasly,10,#0093CC,14.0,1293,100.248,100.248,0,0,99.281,1.934,-0.547,1.317,0.111,13.0,-0.547,1.317,0.111,13.0,0.77,H,#A5AFB9,4,2.0,0,0,0.560,0,0,0,0,0.0,13
1,2024,2024221,26,Alpine,17,GAS,Pierre Gasly,10,#0093CC,15.0,1294,-,-,0,1,-,-,-,-,-,-,-,-,-,-,0.851,H,#A5AFB9,5,2.0,1,0,0.560,0,0,0,0,0.0,18
1,2024,2024231,28,Alpine,13,OCO,Esteban Ocon,31,#0093CC,1.0,1330,-,-,0,1,-,-,-,-,-,-,-,-,-,-,,U,,1,1.0,0,0,-,0,1,0,0,,-
1,2024,2024231,28,Alpine,17,GAS,Pierre Gasly,10,#0093CC,1.0,1330,-,-,0,1,-,-,-,-,-,-,-,-,-,-,,M,#F0E628,1,1.0,0,0,0.140,0,1,0,0,,12
1,2024,2024231,28,Alpine,17,GAS,Pierre Gasly,10,#0093CC,2.0,1331,-,-,0,1,-,-,-,-,-,-,-,-,-,-,,M,#F0E628,2,1.0,0,0,0.140,0,0,0,0,0.0,12
1,2024,2024231,28,Alpine,17,GAS,Pierre Gasly,10,#0093CC,3.0,1332,-,-,0,1,-,-,-,-,-,-,-,-,-,-,,M,#F0E628,3,1.0,0,0,0.140,0,0,0,0,0.0,12
1,2024,2024231,28,Alpine,17,GAS,Pierre Gasly,10,#0093CC,4.0,1333,-,-,0,1,-,-,-,-,-,-,-,-,-,-,,M,#F0E628,4,1.0,0,0,0.140,1,0,0,0,0.0,12
1,2024,2024231,28,Alpine,17,GAS,Pierre Gasly,10,#0093CC,5.0,1334,-,-,0,1,-,-,-,-,-,-,-,-,-,-,,M,#F0E628,5,1.0,0,0,0.140,0,0,0,0,0.0,12
1,2024,2024231,28,Alpine,17,GAS,Pierre Gasly,10,#0093CC,6.0,1335,88.418,88.418,0,0,-,-,0.055,-,-,-,0.055,-,-,-,,M,#F0E628,6,1.0,0,0,0.140,0,0,0,0,1.0,11
1,2024,2024231,28,Alpine,17,GAS,Pierre Gasly,10,#0093CC,7.0,1336,87.738,87.738,0,0,88.078,0.680,-0.135,-,-,-,-0.135,-,-,-,,M,#F0E628,7,1.0,0,0,0.140,0,0,0,0,0.0,11
1,2024,2024231,28,Alpine,17,GAS,Pierre Gasly,10,#0093CC,8.0,1337,87.881,87.881,0,0,87.81,0.143,-0.399,-,-,-,-0.399,-,-,-,,M,#F0E628,8,1.0,0,0,0.140,0,0,0,0,0.0,11
1,2024,2024231,28,Alpine,17,GAS,Pierre Gasly,10,#0093CC,9.0,1338,87.58,87.58,0,0,87.73,0.301,-0.342,-,-,-,-0.342,-,-,-,,M,#F0E628,9,1.0,0,0,0.140,0,0,0,0,0.0,11
1,2024,2024231,28,Alpine,17,GAS,Pierre Gasly,10,#0093CC,10.0,1339,88.272,87.88,1,0,87.73,0.692,-1.108,-,-,-,-0.716,-,-,-,,M,#F0E628,10,1.0,0,0,0.140,0,0,0,0,0.0,11
1,2024,2024231,28,Alpine,17,GAS,Pierre Gasly,10,#0093CC,11.0,1340,88.181,88.181,0,0,88.031,0.091,-0.998,-,-,-,-0.998,-,-,-,,M,#F0E628,11,1.0,0,0,0.140,0,0,0,0,0.0,11
1,2024,2024231,28,Alpine,17,GAS,Pierre Gasly,10,#0093CC,12.0,1341,87.827,87.827,0,0,88.004,0.354,-0.762,-,-,-,-0.762,-,-,-,,M,#F0E628,12,1.0,0,0,0.140,0,0,0,0,0.0,11
1,2024,2024231,28,Alpine,17,GAS,Pierre Gasly,10,#0093CC,13.0,1342,86.986,86.986,0,0,87.406,0.841,0.022,-,-,-,0.022,-,-,-,,M,#F0E628,13,1.0,0,0,0.140,0,0,0,0,1.0,10
1,2024,2024231,28,Alpine,17,GAS,Pierre Gasly,10,#0093CC,14.0,1343,87.011,87.011,0,0,86.998,0.025,-0.166,-,-,-,-0.166,-,-,-,,M,#F0E628,14,1.0,0,0,0.140,0,0,0,0,0.0,10
1,2024,2024231,28,Alpine,17,GAS,Pierre Gasly,10,#0093CC,15.0,1344,86.737,86.737,0,0,86.874,0.274,0.021,-,-,-,0.021,-,-,-,,M,#F0E628,15,1.0,0,0,0.140,0,0,0,0,0.0,10
1,2024,2024231,28,Alpine,17,GAS,Pierre Gasly,10,#0093CC,16.0,1345,86.7,86.7,0,0,86.718,0.037,-0.056,-,-,-,-0.056,-,-,-,,M,#F0E628,16,1.0,0,0,0.140,0,0,0,0,0.0,10
1,2024,2024231,28,Alpine,17,GAS,Pierre Gasly,10,#0093CC,17.0,1346,86.514,86.514,0,0,86.607,0.186,0.007,-,-,-,0.007,-,-,-,,M,#F0E628,17,1.0,0,0,0.140,0,0,0,0,0.0,10
1,2024,2024231,28,Alpine,17,GAS,Pierre Gasly,10,#0093CC,18.0,1347,86.694,86.694,0,0,86.604,0.180,-0.227,-,-,-,-0.227,-,-,-,,M,#F0E628,18,1.0,0,0,0.140,0,0,0,0,0.0,10
1,2024,2024231,28,Alpine,17,GAS,Pierre Gasly,10,#0093CC,19.0,1348,86.696,86.696,0,0,86.695,0.002,-0.317,-,-,-,-0.317,-,-,-,,M,#F0E628,19,1.0,0,0,0.140,0,0,0,0,0.0,10
1,2024,2024231,28,Alpine,17,GAS,Pierre Gasly,10,#0093CC,20.0,1349,86.369,86.369,0,0,86.532,0.327,-0.127,-,-,-,-0.127,-,-,-,,M,#F0E628,20,1.0,0,1,0.140,0,0,0,0,0.0,10
1,2024,2024231,28,Alpine,17,GAS,Pierre Gasly,10,#0093CC,21.0,1350,86.946,86.411,1,0,86.39,0.577,-0.765,-,-,-,-0.230,-,-,-,,M,#F0E628,21,1.0,0,0,0.140,0,0,0,0,0.0,10
1,2024,2024231,28,Alpine,17,GAS,Pierre Gasly,10,#0093CC,22.0,1351,86.453,86.453,0,0,86.432,0.493,-0.328,-,-,-,-0.328,-,-,-,,M,#F0E628,22,1.0,0,0,0.140,0,0,0,0,0.0,10
1,2024,2024231,28,Alpine,17,GAS,Pierre Gasly,10,#0093CC,23.0,1352,86.298,86.298,0,0,86.376,0.155,-0.276,-,-,-,-0.276,-,-,-,,M,#F0E628,23,1.0,0,0,0.140,0,0,0,0,0.0,10
1,2024,2024231,28,Alpine,17,GAS,Pierre Gasly,10,#0093CC,24.0,1353,86.235,86.235,0,0,86.267,0.063,-0.292,-,-,-,-0.292,-,-,-,,M,#F0E628,24,1.0,0,0,0.140,0,0,0,0,0.0,9
1,2024,2024231,28,Alpine,17,GAS,Pierre Gasly,10,#0093CC,25.0,1354,86.174,86.174,0,0,86.204,0.061,-0.348,-,-,-,-0.348,-,-,-,,M,#F0E628,25,1.0,0,0,0.140,0,0,0,0,0.0,9
1,2024,2024231,28,Alpine,17,GAS,Pierre Gasly,10,#0093CC,26.0,1355,86.12,86.12,0,0,86.147,0.054,-0.271,-,-,-,-0.271,-,-,-,,M,#F0E628,26,1.0,0,0,0.140,0,0,0,0,0.0,9
1,2024,2024231,28,Alpine,17,GAS,Pierre Gasly,10,#0093CC,27.0,1356,85.969,85.969,0,0,86.044,0.151,-0.233,-,-,-,-0.233,-,-,-,,M,#F0E628,27,1.0,0,0,0.140,0,0,0,0,0.0,8
1,2024,2024231,28,Alpine,17,GAS,Pierre Gasly,10,#0093CC,28.0,1357,85.533,85.533,0,0,85.751,0.436,0.133,-,-,-,0.133,-,-,-,,M,#F0E628,28,1.0,0,0,0.140,0,0,0,0,0.0,8
1,2024,2024231,28,Alpine,17,GAS,Pierre Gasly,10,#0093CC,29.0,1358,85.588,85.588,0,0,85.56,0.055,0.098,-,-,-,0.098,-,-,-,,M,#F0E628,29,1.0,0,0,0.140,0,0,0,0,0.0,8
1,2024,2024231,28,Alpine,17,GAS,Pierre Gasly,10,#0093CC,30.0,1359,85.344,85.344,0,0,85.466,0.244,0.317,-,-,-,0.317,-,-,-,,M,#F0E628,30,1.0,0,0,0.140,0,0,0,0,0.0,8
1,2024,2024231,28,Alpine,17,GAS,Pierre Gasly,10,#0093CC,31.0,1360,85.335,85.335,0,0,85.339,0.009,0.124,-,-,-,0.124,-,-,-,,M,#F0E628,31,1.0,0,0,0.140,0,0,0,0,0.0,8
1,2024,2024231,28,Alpine,17,GAS,Pierre Gasly,10,#0093CC,32.0,1361,85.331,85.331,0,0,85.333,0.004,0.213,-,-,-,0.213,-,-,-,,M,#F0E628,32,1.0,0,0,0.140,0,0,0,0,0.0,8
1,2024,2024231,28,Alpine,17,GAS,Pierre Gasly,10,#0093CC,33.0,1362,85.122,85.122,0,0,85.226,0.209,0.541,-,-,-,0.541,-,-,-,,M,#F0E628,33,1.0,0,0,0.140,0,0,0,0,0.0,8
1,2024,2024231,28,Alpine,17,GAS,Pierre Gasly,10,#0093CC,34.0,1363,85.622,85.622,0,0,85.372,0.500,0.353,-,-,-,0.353,-,-,-,,M,#F0E628,34,1.0,0,0,0.140,0,0,0,0,0.0,7
1,2024,2024231,28,Alpine,17,GAS,Pierre Gasly,10,#0093CC,35.0,1364,-,-,0,1,-,-,-,-,-,-,-,-,-,-,,M,#F0E628,35,1.0,1,0,0.140,0,1,0,0,0.0,6
1,2024,2024231,28,Alpine,17,GAS,Pierre Gasly,10,#0093CC,36.0,1365,-,-,0,1,-,-,-,-,-,-,-,-,-,-,,H,#A5AFB9,1,2.0,1,0,-,0,0,0,0,0.0,6
1,2024,2024231,28,Alpine,17,GAS,Pierre Gasly,10,#0093CC,37.0,1366,-,-,0,1,-,-,-,-,-,-,-,-,-,-,,H,#A5AFB9,2,3.0,1,0,-,0,0,0,0,0.0,6
1,2024,2024231,28,Alpine,17,GAS,Pierre Gasly,10,#0093CC,38.0,1367,-,-,0,1,-,-,-,-,-,-,-,-,-,-,,H,#A5AFB9,3,4.0,0,0,0.108,0,0,0,0,0.0,6
1,2024,2024231,28,Alpine,17,GAS,Pierre Gasly,10,#0093CC,39.0,1368,-,-,0,1,-,-,-,-,-,-,-,-,-,-,,H,#A5AFB9,4,4.0,0,0,0.108,1,0,0,0,0.0,5
1,2024,2024231,28,Alpine,17,GAS,Pierre Gasly,10,#0093CC,40.0,1369,-,-,0,1,-,-,-,-,-,-,-,-,-,-,,H,#A5AFB9,5,4.0,0,0,0.108,0,1,0,1,-1.0,6
1,2024,2024231,28,Alpine,17,GAS,Pierre Gasly,10,#0093CC,41.0,1370,-,-,0,1,-,-,-,-,-,-,-,-,-,-,,H,#A5AFB9,6,4.0,0,0,0.108,0,0,0,0,0.0,6
1,2024,2024231,28,Alpine,17,GAS,Pierre Gasly,10,#0093CC,42.0,1371,-,-,0,1,-,-,-,-,-,-,-,-,-,-,,H,#A5AFB9,7,4.0,0,0,0.108,1,0,0,0,0.0,6
1,2024,2024231,28,Alpine,17,GAS,Pierre Gasly,10,#0093CC,43.0,1372,-,-,0,1,-,-,-,-,-,-,-,-,-,-,,H,#A5AFB9,8,4.0,0,0,0.108,0,0,0,0,0.0,6
1,2024,2024231,28,Alpine,17,GAS,Pierre Gasly,10,#0093CC,44.0,1373,85.421,85.421,0,0,-,-,0.168,-,-,-,0.168,-,-,-,,H,#A5AFB9,9,4.0,0,0,0.108,0,0,0,0,0.0,6
1,2024,2024231,28,Alpine,17,GAS,Pierre Gasly,10,#0093CC,45.0,1374,84.508,84.508,0,0,84.964,0.913,0.548,-,-,-,0.548,-,-,-,,H,#A5AFB9,10,4.0,0,0,0.108,0,0,0,0,0.0,6
1,2024,2024231,28,Alpine,17,GAS,Pierre Gasly,10,#0093CC,46.0,1375,84.238,84.238,0,0,84.373,0.270,0.63,-,-,-,0.630,-,-,-,,H,#A5AFB9,11,4.0,0,0,0.108,0,0,0,0,0.0,5
1,2024,2024231,28,Alpine,17,GAS,Pierre Gasly,10,#0093CC,47.0,1376,84.097,84.097,0,0,84.167,0.141,0.523,-,-,-,0.523,-,-,-,,H,#A5AFB9,12,4.0,0,0,0.108,0,0,0,0,0.0,5
1,2024,2024231,28,Alpine,17,GAS,Pierre Gasly,10,#0093CC,48.0,1377,84.156,84.156,0,0,84.126,0.059,0.428,-,-,-,0.428,-,-,-,,H,#A5AFB9,13,4.0,0,0,0.108,0,0,0,0,0.0,5
1,2024,2024231,28,Alpine,17,GAS,Pierre Gasly,10,#0093CC,49.0,1378,83.942,83.942,0,0,84.049,0.214,0.635,-,-,-,0.635,-,-,-,,H,#A5AFB9,14,4.0,0,0,0.108,0,0,0,0,0.0,5
1,2024,2024231,28,Alpine,17,GAS,Pierre Gasly,10,#0093CC,50.0,1379,83.866,83.866,0,0,83.904,0.076,0.889,-,-,-,0.889,-,-,-,,H,#A5AFB9,15,4.0,0,1,0.108,0,0,0,0,0.0,5
1,2024,2024231,28,Alpine,17,GAS,Pierre Gasly,10,#0093CC,51.0,1380,83.904,83.904,0,0,83.885,0.038,0.848,-,-,-,0.848,-,-,-,,H,#A5AFB9,16,4.0,0,0,0.108,0,0,0,0,0.0,5
1,2024,2024231,28,Alpine,17,GAS,Pierre Gasly,10,#0093CC,52.0,1381,84.057,84.057,0,0,83.98,0.153,0.635,-,-,-,0.635,-,-,-,,H,#A5AFB9,17,4.0,0,0,0.108,0,0,0,0,0.0,5
1,2024,2024231,28,Alpine,17,GAS,Pierre Gasly,10,#0093CC,53.0,1382,83.984,83.984,0,0,84.02,0.073,0.614,-,-,-,0.614,-,-,-,,H,#A5AFB9,18,4.0,0,0,0.108,0,0,0,0,0.0,5
1,2024,2024231,28,Alpine,17,GAS,Pierre Gasly,10,#0093CC,54.0,1383,84.082,84.082,0,0,84.033,0.098,0.542,-,-,-,0.542,-,-,-,,H,#A5AFB9,19,4.0,0,0,0.108,0,0,0,0,0.0,5
1,2024,2024231,28,Alpine,17,GAS,Pierre Gasly,10,#0093CC,55.0,1384,84.158,84.158,0,0,84.12,0.076,0.233,-,-,-,0.233,-,-,-,,H,#A5AFB9,20,4.0,0,0,0.108,0,0,0,0,0.0,5
1,2024,2024231,28,Alpine,17,GAS,Pierre Gasly,10,#0093CC,56.0,1385,83.705,83.705,0,0,83.932,0.453,0.607,-,-,-,0.607,-,-,-,,H,#A5AFB9,21,4.0,0,0,0.108,0,0,0,0,0.0,5
1,2024,2024231,28,Alpine,17,GAS,Pierre Gasly,10,#0093CC,57.0,1386,83.937,83.937,0,0,83.821,0.232,0.584,-,-,-,0.584,-,-,-,,H,#A5AFB9,22,4.0,0,0,0.108,0,0,0,0,0.0,5
1,2024,2024241,29,Alpine,17,GAS,Pierre Gasly,10,#0093CC,1.0,1387,-,-,0,1,-,-,-,-,-,-,-,-,-,-,,M,#F0E628,1,1.0,0,0,0.123,0,0,0,0,,3
1,2024,2024241,29,Alpine,17,GAS,Pierre Gasly,10,#0093CC,2.0,1388,-,-,0,1,-,-,-,-,-,-,-,-,-,-,,M,#F0E628,2,1.0,0,0,0.123,0,0,0,1,0.0,3
1,2024,2024241,29,Alpine,17,GAS,Pierre Gasly,10,#0093CC,3.0,1389,-,-,0,1,-,-,-,-,-,-,-,-,-,-,,M,#F0E628,3,1.0,0,0,0.123,0,0,1,0,0.0,3
1,2024,2024241,29,Alpine,17,GAS,Pierre Gasly,10,#0093CC,4.0,1390,89.406,89.406,0,0,-,-,0.184,0.792,-0.212,17.0,0.184,0.792,-0.212,17.0,-0.608,M,#F0E628,4,1.0,0,0,0.123,0,0,0,0,0.0,3
1,2024,2024241,29,Alpine,17,GAS,Pierre Gasly,10,#0093CC,5.0,1391,89.611,89.611,0,0,89.508,0.205,0.206,0.846,-0.217,17.0,0.206,0.846,-0.217,17.0,-0.64,M,#F0E628,5,1.0,0,0,0.123,0,0,0,0,0.0,3
1,2024,2024241,29,Alpine,17,GAS,Pierre Gasly,10,#0093CC,6.0,1392,90.014,89.678,1,0,89.644,0.403,-0.17,0.489,-0.414,17.0,0.166,0.825,-0.246,17.0,-0.659,M,#F0E628,6,1.0,0,0,0.123,0,0,0,0,0.0,3
1,2024,2024241,29,Alpine,17,GAS,Pierre Gasly,10,#0093CC,7.0,1393,89.744,89.744,0,0,89.711,0.270,0.156,1.031,-0.359,17.0,0.156,1.031,-0.359,17.0,-0.875,M,#F0E628,7,1.0,0,0,0.123,0,0,0,0,0.0,3
1,2024,2024241,29,Alpine,17,GAS,Pierre Gasly,10,#0093CC,8.0,1394,89.732,89.732,0,0,89.738,0.012,0.271,1.220,-0.339,17.0,0.271,1.220,-0.339,17.0,-0.949,M,#F0E628,8,1.0,0,1,0.123,0,0,0,0,0.0,3
1,2024,2024241,29,Alpine,17,GAS,Pierre Gasly,10,#0093CC,9.0,1395,89.631,89.631,0,0,89.682,0.101,0.4,1.329,-0.265,17.0,0.400,1.329,-0.265,17.0,-0.929,M,#F0E628,9,1.0,0,0,0.123,0,0,0,0,0.0,3
1,2024,2024241,29,Alpine,17,GAS,Pierre Gasly,10,#0093CC,10.0,1396,90.127,89.852,1,0,89.741,0.496,0.152,0.927,-0.311,17.0,0.427,1.202,-0.174,17.0,-0.775,M,#F0E628,10,1.0,0,0,0.123,0,0,0,0,0.0,3
1,2024,2024241,29,Alpine,17,GAS,Pierre Gasly,10,#0093CC,11.0,1397,90.072,90.072,0,0,89.962,0.055,0.268,0.753,-0.108,17.0,0.268,0.753,-0.108,17.0,-0.485,M,#F0E628,11,1.0,0,0,0.123,0,0,0,0,0.0,3
1,2024,2024241,29,Alpine,17,GAS,Pierre Gasly,10,#0093CC,12.0,1398,90.174,90.174,0,0,90.123,0.102,0.05,0.685,-0.292,17.0,0.050,0.685,-0.292,17.0,-0.635,M,#F0E628,12,1.0,0,0,0.123,0,0,0,0,0.0,3
1,2024,2024241,29,Alpine,17,GAS,Pierre Gasly,10,#0093CC,13.0,1399,90.173,90.173,0,0,90.174,0.001,-0.155,0.411,-0.360,17.0,-0.155,0.411,-0.360,17.0,-0.566,M,#F0E628,13,1.0,0,0,0.123,0,0,0,0,0.0,3
1,2024,2024241,29,Alpine,17,GAS,Pierre Gasly,10,#0093CC,14.0,1400,-,-,0,1,-,-,-,-,-,-,-,-,-,-,-0.519,M,#F0E628,14,1.0,1,0,0.123,0,0,0,0,0.0,4
1,2024,2024241,29,Alpine,17,GAS,Pierre Gasly,10,#0093CC,15.0,1401,-,-,0,1,-,-,-,-,-,-,-,-,-,-,-2.027,H,#A5AFB9,1,2.0,0,0,0.182,0,0,0,0,0.0,9
1,2024,2024241,29,Alpine,17,GAS,Pierre Gasly,10,#0093CC,16.0,1402,89.927,89.927,0,0,-,-,0.079,1.173,-0.508,17.0,0.079,1.173,-0.508,17.0,-1.094,H,#A5AFB9,2,2.0,0,0,0.182,0,0,0,0,0.0,9
1,2024,2024241,29,Alpine,17,GAS,Pierre Gasly,10,#0093CC,17.0,1403,89.986,89.986,0,0,89.956,0.059,-0.093,1.577,-0.881,17.0,-0.093,1.046,-0.616,17.0,-1.67,H,#A5AFB9,3,2.0,0,0,0.182,0,0,0,0,1.0,8
1,2024,2024241,29,Alpine,17,GAS,Pierre Gasly,10,#0093CC,18.0,1404,90.123,90.123,0,0,90.054,0.137,-0.212,0.841,-0.632,17.0,-0.212,0.841,-0.632,17.0,-1.053,H,#A5AFB9,4,2.0,0,0,0.182,0,0,0,0,0.0,8
1,2024,2024241,29,Alpine,17,GAS,Pierre Gasly,10,#0093CC,19.0,1405,89.567,89.567,0,0,89.845,0.556,0.456,1.335,-0.211,17.0,0.456,1.335,-0.211,17.0,-0.879,H,#A5AFB9,5,2.0,0,0,0.182,0,0,0,0,0.0,8
1,2024,2024241,29,Alpine,17,GAS,Pierre Gasly,10,#0093CC,20.0,1406,89.562,89.562,0,0,89.564,0.005,0.513,1.378,-0.176,17.0,0.513,1.378,-0.176,17.0,-0.865,H,#A5AFB9,6,2.0,0,0,0.182,0,0,0,0,0.0,8
1,2024,2024241,29,Alpine,17,GAS,Pierre Gasly,10,#0093CC,21.0,1407,89.725,89.725,0,0,89.643,0.163,0.336,1.195,-0.261,17.0,0.336,1.195,-0.261,17.0,-0.859,H,#A5AFB9,7,2.0,0,0,0.182,0,0,0,0,0.0,7
1,2024,2024241,29,Alpine,17,GAS,Pierre Gasly,10,#0093CC,22.0,1408,90.627,89.931,1,0,89.828,0.902,-0.602,-,-,-,0.094,-,-,-,,H,#A5AFB9,8,2.0,0,0,0.182,0,0,0,0,0.0,7
1,2024,2024241,29,Alpine,17,GAS,Pierre Gasly,10,#0093CC,23.0,1409,90.137,90.137,0,0,90.034,0.490,-0.219,-,-,-,-0.219,-,-,-,,H,#A5AFB9,9,2.0,0,0,0.182,0,0,0,0,0.0,6
1,2024,2024241,29,Alpine,17,GAS,Pierre Gasly,10,#0093CC,24.0,1410,91.144,89.944,1,0,90.04,1.007,-1.245,-1.329,-0.581,32.0,-0.045,-0.129,0.019,32.0,0.084,H,#A5AFB9,10,2.0,0,0,0.182,0,0,0,0,-1.0,7
1,2024,2024241,29,Alpine,17,GAS,Pierre Gasly,10,#0093CC,25.0,1411,89.75,89.75,0,0,89.847,1.394,0.188,0.199,0.088,17.0,0.188,0.199,0.088,17.0,-0.011,H,#A5AFB9,11,2.0,0,0,0.182,0,0,0,0,0.0,7
1,2024,2024241,29,Alpine,17,GAS,Pierre Gasly,10,#0093CC,26.0,1412,89.688,89.688,0,0,89.719,0.062,0.261,0.723,-0.101,17.0,0.261,0.373,0.074,17.0,-0.462,H,#A5AFB9,12,2.0,0,0,0.182,0,0,0,0,0.0,7
1,2024,2024241,29,Alpine,17,GAS,Pierre Gasly,10,#0093CC,27.0,1413,90.381,89.642,1,0,89.665,0.693,-0.552,-0.208,-0.448,32.0,0.187,0.531,-0.078,17.0,-0.344,H,#A5AFB9,13,2.0,0,0,0.182,0,0,0,0,0.0,7
1,2024,2024241,29,Alpine,17,GAS,Pierre Gasly,10,#0093CC,28.0,1414,89.596,89.596,0,0,89.619,0.785,0.01,0.493,-0.236,17.0,0.010,0.493,-0.236,17.0,-0.483,H,#A5AFB9,14,2.0,0,0,0.182,0,0,0,0,0.0,7
1,2024,2024241,29,Alpine,17,GAS,Pierre Gasly,10,#0093CC,29.0,1415,89.409,89.409,0,0,89.502,0.187,0.13,0.803,-0.272,17.0,0.130,0.803,-0.272,17.0,-0.673,H,#A5AFB9,15,2.0,0,0,0.182,0,0,0,0,0.0,7
1,2024,2024241,29,Alpine,17,GAS,Pierre Gasly,10,#0093CC,30.0,1416,89.251,89.251,0,0,89.33,0.158,0.112,0.868,-0.322,17.0,0.112,0.868,-0.322,17.0,-0.756,H,#A5AFB9,16,2.0,0,0,0.182,0,0,0,0,0.0,6
1,2024,2024241,29,Alpine,17,GAS,Pierre Gasly,10,#0093CC,31.0,1417,89.563,89.563,0,0,89.407,0.312,-0.151,0.509,-0.406,17.0,-0.151,0.509,-0.406,17.0,-0.66,H,#A5AFB9,17,2.0,0,0,0.182,0,0,0,0,0.0,6
1,2024,2024241,29,Alpine,17,GAS,Pierre Gasly,10,#0093CC,32.0,1418,89.647,89.647,0,0,89.605,0.084,-0.442,0.757,-0.821,17.0,-0.442,0.757,-0.821,17.0,-1.199,H,#A5AFB9,18,2.0,0,0,0.182,0,0,0,0,0.0,6
1,2024,2024241,29,Alpine,17,GAS,Pierre Gasly,10,#0093CC,33.0,1419,89.516,89.516,0,0,89.582,0.131,-0.299,0.615,-0.607,17.0,-0.299,0.615,-0.607,17.0,-0.914,H,#A5AFB9,19,2.0,0,0,0.182,0,0,0,0,0.0,6
1,2024,2024241,29,Alpine,17,GAS,Pierre Gasly,10,#0093CC,34.0,1420,89.431,89.431,0,0,89.474,0.085,-0.275,0.594,-0.572,17.0,-0.275,0.594,-0.572,17.0,-0.869,H,#A5AFB9,20,2.0,0,0,0.182,0,0,0,0,0.0,6
1,2024,2024241,29,Alpine,17,GAS,Pierre Gasly,10,#0093CC,35.0,1421,89.5,89.5,0,0,89.465,0.069,-0.414,0.213,-0.520,17.0,-0.414,0.213,-0.520,17.0,-0.627,H,#A5AFB9,21,2.0,0,0,0.182,0,0,0,0,0.0,5
1,2024,2024241,29,Alpine,17,GAS,Pierre Gasly,10,#0093CC,36.0,1422,89.321,89.321,0,0,89.41,0.179,-0.396,0.128,-0.460,17.0,-0.396,0.128,-0.460,17.0,-0.524,H,#A5AFB9,22,2.0,0,0,0.182,0,0,0,0,0.0,5
1,2024,2024241,29,Alpine,17,GAS,Pierre Gasly,10,#0093CC,37.0,1423,89.212,89.212,0,0,89.267,0.109,-0.388,0.283,-0.530,17.0,-0.388,0.283,-0.530,17.0,-0.671,H,#A5AFB9,23,2.0,0,1,0.182,0,0,0,0,0.0,5
1,2024,2024241,29,Alpine,17,GAS,Pierre Gasly,10,#0093CC,38.0,1424,89.506,89.506,0,0,89.359,0.294,-0.665,-0.005,-0.663,32.0,-0.665,-0.005,-0.663,32.0,-0.66,H,#A5AFB9,24,2.0,0,0,0.182,0,0,0,0,0.0,5
1,2024,2024241,29,Alpine,17,GAS,Pierre Gasly,10,#0093CC,39.0,1425,89.321,89.321,0,0,89.414,0.185,-0.499,1.342,-1.170,17.0,-0.499,1.342,-1.170,17.0,-1.841,H,#A5AFB9,25,2.0,0,0,0.182,0,0,0,0,0.0,5
1,2024,2024241,29,Alpine,17,GAS,Pierre Gasly,10,#0093CC,40.0,1426,89.372,89.372,0,0,89.346,0.051,-0.537,1.615,-1.345,17.0,-0.537,1.615,-1.345,17.0,-2.152,H,#A5AFB9,26,2.0,0,0,0.182,0,0,0,0,0.0,5
1,2024,2024241,29,Alpine,17,GAS,Pierre Gasly,10,#0093CC,41.0,1427,89.504,89.504,0,0,89.438,0.132,-0.799,0.519,-1.058,17.0,-0.799,0.519,-1.058,17.0,-1.318,H,#A5AFB9,27,2.0,0,0,0.182,0,0,0,0,0.0,5
1,2024,2024241,29,Alpine,17,GAS,Pierre Gasly,10,#0093CC,42.0,1428,89.998,89.478,1,0,89.491,0.494,-1.343,-0.406,-1.140,32.0,-0.824,0.113,-0.881,17.0,-0.937,H,#A5AFB9,28,2.0,0,0,0.182,0,0,0,0,-1.0,6
1,2024,2024241,29,Alpine,17,GAS,Pierre Gasly,10,#0093CC,43.0,1429,89.453,89.453,0,0,89.466,0.545,-0.733,1.779,-1.623,17.0,-0.733,0.220,-0.843,17.0,-2.512,H,#A5AFB9,29,2.0,0,0,0.182,0,0,0,0,0.0,6
1,2024,2024241,29,Alpine,17,GAS,Pierre Gasly,10,#0093CC,44.0,1430,89.379,89.379,0,0,89.416,0.074,-0.576,0.374,-0.763,17.0,-0.576,0.374,-0.763,17.0,-0.95,H,#A5AFB9,30,2.0,0,0,0.182,0,0,0,0,0.0,6
1,2024,2024241,29,Alpine,17,GAS,Pierre Gasly,10,#0093CC,45.0,1431,90.401,89.514,1,0,89.447,1.022,-1.569,-0.908,-1.115,32.0,-0.682,-0.021,-0.671,32.0,-0.661,H,#A5AFB9,31,2.0,0,0,0.182,0,0,0,0,-1.0,7
1,2024,2024241,29,Alpine,17,GAS,Pierre Gasly,10,#0093CC,46.0,1432,89.65,89.65,0,0,89.582,0.751,-0.707,2.486,-1.950,17.0,-0.707,-0.027,-0.694,32.0,-3.193,H,#A5AFB9,32,2.0,0,0,0.182,0,0,0,0,0.0,7
1,2024,2024241,29,Alpine,17,GAS,Pierre Gasly,10,#0093CC,47.0,1433,89.523,89.523,0,0,89.586,0.127,-0.615,0.230,-0.730,17.0,-0.615,0.230,-0.730,17.0,-0.845,H,#A5AFB9,33,2.0,0,0,0.182,0,0,0,0,0.0,7
1,2024,2024241,29,Alpine,17,GAS,Pierre Gasly,10,#0093CC,48.0,1434,89.434,89.434,0,0,89.478,0.089,-0.631,0.020,-0.641,17.0,-0.631,0.020,-0.641,17.0,-0.651,H,#A5AFB9,34,2.0,0,0,0.182,0,0,0,0,0.0,7
1,2024,2024241,29,Alpine,17,GAS,Pierre Gasly,10,#0093CC,49.0,1435,89.493,89.493,0,0,89.464,0.059,-0.63,0.124,-0.692,17.0,-0.630,0.124,-0.692,17.0,-0.754,H,#A5AFB9,35,2.0,0,0,0.182,0,0,0,0,0.0,7
1,2024,2024241,29,Alpine,17,GAS,Pierre Gasly,10,#0093CC,50.0,1436,89.606,89.606,0,0,89.55,0.113,-0.748,0.931,-1.214,17.0,-0.748,0.393,-0.945,17.0,-1.679,H,#A5AFB9,36,2.0,0,0,0.182,0,0,0,0,0.0,7
1,2024,2024241,29,Alpine,17,GAS,Pierre Gasly,10,#0093CC,51.0,1437,89.571,89.571,0,0,89.588,0.035,-0.768,0.809,-1.173,17.0,-0.768,0.809,-1.173,17.0,-1.577,H,#A5AFB9,37,2.0,0,0,0.182,0,0,0,0,0.0,7
1,2024,2024241,29,Alpine,17,GAS,Pierre Gasly,10,#0093CC,52.0,1438,89.65,89.65,0,0,89.61,0.079,-0.856,-0.068,-0.822,32.0,-0.856,-0.068,-0.822,32.0,-0.788,H,#A5AFB9,38,2.0,0,0,0.182,0,0,0,0,0.0,7
1,2024,2024241,29,Alpine,17,GAS,Pierre Gasly,10,#0093CC,53.0,1439,89.676,89.676,0,0,89.663,0.026,-0.757,0.041,-0.778,17.0,-0.757,0.041,-0.778,17.0,-0.798,H,#A5AFB9,39,2.0,0,0,0.182,0,0,0,0,0.0,7
1,2024,2024241,29,Alpine,17,GAS,Pierre Gasly,10,#0093CC,54.0,1440,89.447,89.447,0,0,89.562,0.229,-0.587,0.092,-0.633,17.0,-0.587,0.092,-0.633,17.0,-0.679,H,#A5AFB9,40,2.0,0,0,0.182,0,0,0,0,0.0,7
1,2024,2024241,29,Alpine,17,GAS,Pierre Gasly,10,#0093CC,55.0,1441,90.172,89.494,1,0,89.47,0.725,-1.531,-0.525,-1.268,32.0,-0.853,0.153,-0.929,17.0,-1.006,H,#A5AFB9,41,2.0,0,0,0.182,0,0,0,0,0.0,7
1,2024,2024241,29,Alpine,17,GAS,Pierre Gasly,10,#0093CC,56.0,1442,89.541,89.541,0,0,89.518,0.631,-0.917,-0.420,-0.707,32.0,-0.917,-0.420,-0.707,32.0,-0.497,H,#A5AFB9,42,2.0,0,0,0.182,0,0,0,0,0.0,7
1,2024,2024241,29,Alpine,17,GAS,Pierre Gasly,10,#0093CC,57.0,1443,89.936,89.936,0,0,89.738,0.395,-1.322,-0.370,-1.137,32.0,-1.322,-0.370,-1.137,32.0,-0.952,H,#A5AFB9,43,2.0,0,0,0.182,0,0,0,0,0.0,7
1,2024,2024241,29,Alpine,17,GAS,Pierre Gasly,10,#0093CC,58.0,1444,90.865,90.865,0,0,90.4,0.929,-1.715,-,-,-,-1.715,-,-,-,,H,#A5AFB9,44,2.0,0,0,0.182,0,0,0,0,0.0,7
1,2024,2024241,29,Alpine,32,DOO,Jack Doohan,61,#0093CC,1.0,1387,-,-,0,1,-,-,-,-,-,-,-,-,-,-,,M,#F0E628,1,1.0,0,0,0.165,0,0,0,0,,16
1,2024,2024241,29,Alpine,32,DOO,Jack Doohan,61,#0093CC,2.0,1388,-,-,0,1,-,-,-,-,-,-,-,-,-,-,,M,#F0E628,2,1.0,0,0,0.165,0,0,0,1,0.0,16
1,2024,2024241,29,Alpine,32,DOO,Jack Doohan,61,#0093CC,3.0,1389,-,-,0,1,-,-,-,-,-,-,-,-,-,-,,M,#F0E628,3,1.0,0,0,0.165,0,0,1,0,-1.0,17
1,2024,2024241,29,Alpine,32,DOO,Jack Doohan,61,#0093CC,4.0,1390,90.198,90.198,0,0,-,-,-0.608,0.792,-0.212,17.0,-0.608,0.792,-0.212,17.0,0.184,M,#F0E628,4,1.0,0,0,0.165,0,0,0,0,0.0,17
1,2024,2024241,29,Alpine,32,DOO,Jack Doohan,61,#0093CC,5.0,1391,90.457,90.457,0,0,90.327,0.259,-0.64,0.846,-0.217,17.0,-0.640,0.846,-0.217,17.0,0.206,M,#F0E628,5,1.0,0,0,0.165,0,0,0,0,0.0,17
1,2024,2024241,29,Alpine,32,DOO,Jack Doohan,61,#0093CC,6.0,1392,90.503,90.503,0,0,90.48,0.046,-0.659,0.489,-0.414,17.0,-0.659,0.825,-0.246,17.0,-0.17,M,#F0E628,6,1.0,0,0,0.165,0,0,0,0,0.0,17
1,2024,2024241,29,Alpine,32,DOO,Jack Doohan,61,#0093CC,7.0,1393,90.775,90.775,0,0,90.639,0.272,-0.875,1.031,-0.359,17.0,-0.875,1.031,-0.359,17.0,0.156,M,#F0E628,7,1.0,0,0,0.165,0,0,0,0,0.0,16
1,2024,2024241,29,Alpine,32,DOO,Jack Doohan,61,#0093CC,8.0,1394,90.952,90.952,0,0,90.864,0.177,-0.949,1.220,-0.339,17.0,-0.949,1.220,-0.339,17.0,0.271,M,#F0E628,8,1.0,0,0,0.165,0,0,0,0,0.0,16
1,2024,2024241,29,Alpine,32,DOO,Jack Doohan,61,#0093CC,9.0,1395,90.96,90.96,0,0,90.956,0.008,-0.929,1.329,-0.265,17.0,-0.929,1.329,-0.265,17.0,0.4,M,#F0E628,9,1.0,0,0,0.165,0,0,0,0,0.0,16
1,2024,2024241,29,Alpine,32,DOO,Jack Doohan,61,#0093CC,10.0,1396,91.054,91.054,0,0,91.007,0.094,-0.775,0.927,-0.311,17.0,-0.775,1.202,-0.174,17.0,0.152,M,#F0E628,10,1.0,0,0,0.165,0,0,0,0,0.0,16
1,2024,2024241,29,Alpine,32,DOO,Jack Doohan,61,#0093CC,11.0,1397,90.825,90.825,0,0,90.94,0.229,-0.485,0.753,-0.108,17.0,-0.485,0.753,-0.108,17.0,0.268,M,#F0E628,11,1.0,0,0,0.165,0,0,0,0,0.0,16
1,2024,2024241,29,Alpine,32,DOO,Jack Doohan,61,#0093CC,12.0,1398,90.859,90.859,0,0,90.842,0.034,-0.635,0.685,-0.292,17.0,-0.635,0.685,-0.292,17.0,0.05,M,#F0E628,12,1.0,0,1,0.165,0,0,0,0,0.0,15
1,2024,2024241,29,Alpine,32,DOO,Jack Doohan,61,#0093CC,13.0,1399,90.584,90.584,0,0,90.721,0.275,-0.566,0.411,-0.360,17.0,-0.566,0.411,-0.360,17.0,-0.155,M,#F0E628,13,1.0,0,0,0.165,0,0,0,0,0.0,12
1,2024,2024241,29,Alpine,32,DOO,Jack Doohan,61,#0093CC,14.0,1400,90.61,90.61,0,0,90.597,0.026,-0.519,-,-,-,-0.519,-,-,-,,M,#F0E628,14,1.0,0,0,0.165,0,0,0,0,0.0,10
1,2024,2024241,29,Alpine,32,DOO,Jack Doohan,61,#0093CC,15.0,1401,92.119,90.855,1,0,90.732,1.509,-2.027,-,-,-,-0.763,-,-,-,,M,#F0E628,15,1.0,0,0,0.165,0,0,0,0,0.0,10
1,2024,2024241,29,Alpine,32,DOO,Jack Doohan,61,#0093CC,16.0,1402,91.1,91.1,0,0,90.977,1.019,-1.094,1.173,-0.508,17.0,-1.094,1.173,-0.508,17.0,0.079,M,#F0E628,16,1.0,0,0,0.165,0,0,0,0,0.0,10
1,2024,2024241,29,Alpine,32,DOO,Jack Doohan,61,#0093CC,17.0,1403,91.563,91.032,1,0,91.066,0.463,-1.67,1.577,-0.881,17.0,-1.139,1.046,-0.616,17.0,-0.093,M,#F0E628,17,1.0,0,0,0.165,0,0,0,0,-1.0,11
1,2024,2024241,29,Alpine,32,DOO,Jack Doohan,61,#0093CC,18.0,1404,90.964,90.964,0,0,90.998,0.599,-1.053,0.841,-0.632,17.0,-1.053,0.841,-0.632,17.0,-0.212,M,#F0E628,18,1.0,0,0,0.165,0,0,0,0,0.0,11
1,2024,2024241,29,Alpine,32,DOO,Jack Doohan,61,#0093CC,19.0,1405,90.902,90.902,0,0,90.933,0.062,-0.879,1.335,-0.211,17.0,-0.879,1.335,-0.211,17.0,0.456,M,#F0E628,19,1.0,0,0,0.165,0,0,0,0,0.0,11
1,2024,2024241,29,Alpine,32,DOO,Jack Doohan,61,#0093CC,20.0,1406,90.94,90.94,0,0,90.921,0.038,-0.865,1.378,-0.176,17.0,-0.865,1.378,-0.176,17.0,0.513,M,#F0E628,20,1.0,0,0,0.165,0,0,0,0,0.0,11
1,2024,2024241,29,Alpine,32,DOO,Jack Doohan,61,#0093CC,21.0,1407,90.92,90.92,0,0,90.93,0.020,-0.859,1.195,-0.261,17.0,-0.859,1.195,-0.261,17.0,0.336,M,#F0E628,21,1.0,0,0,0.165,0,0,0,0,0.0,11
1,2024,2024241,29,Alpine,32,DOO,Jack Doohan,61,#0093CC,22.0,1408,-,-,0,1,-,-,-,-,-,-,-,-,-,-,-0.602,M,#F0E628,22,1.0,1,0,0.165,0,0,0,0,0.0,13
1,2024,2024241,29,Alpine,32,DOO,Jack Doohan,61,#0093CC,23.0,1409,-,-,0,1,-,-,-,-,-,-,-,-,-,-,-0.219,H,#A5AFB9,1,2.0,0,0,0.287,0,0,0,0,0.0,18
1,2024,2024241,29,Alpine,32,DOO,Jack Doohan,61,#0093CC,24.0,1410,89.815,89.815,0,0,-,-,0.084,-1.329,-0.581,32.0,0.084,-0.129,0.019,32.0,-1.245,H,#A5AFB9,2,2.0,0,0,0.287,0,0,0,0,0.0,18
1,2024,2024241,29,Alpine,32,DOO,Jack Doohan,61,#0093CC,25.0,1411,89.949,89.949,0,0,89.882,0.134,-0.011,0.199,0.088,17.0,-0.011,0.199,0.088,17.0,0.188,H,#A5AFB9,3,2.0,0,0,0.287,0,0,0,0,1.0,16
1,2024,2024241,29,Alpine,32,DOO,Jack Doohan,61,#0093CC,26.0,1412,90.411,90.061,1,0,90.005,0.462,-0.462,0.723,-0.101,17.0,-0.112,0.373,0.074,17.0,0.261,H,#A5AFB9,4,2.0,0,0,0.287,0,0,0,0,0.0,16
1,2024,2024241,29,Alpine,32,DOO,Jack Doohan,61,#0093CC,27.0,1413,90.173,90.173,0,0,90.117,0.238,-0.344,-0.208,-0.448,32.0,-0.344,0.531,-0.078,17.0,-0.552,H,#A5AFB9,5,2.0,0,0,0.287,0,0,0,0,0.0,16
1,2024,2024241,29,Alpine,32,DOO,Jack Doohan,61,#0093CC,28.0,1414,90.089,90.089,0,0,90.131,0.084,-0.483,0.493,-0.236,17.0,-0.483,0.493,-0.236,17.0,0.01,H,#A5AFB9,6,2.0,0,0,0.287,0,0,0,0,0.0,16
1,2024,2024241,29,Alpine,32,DOO,Jack Doohan,61,#0093CC,29.0,1415,90.212,90.212,0,0,90.15,0.123,-0.673,0.803,-0.272,17.0,-0.673,0.803,-0.272,17.0,0.13,H,#A5AFB9,7,2.0,0,0,0.287,0,0,0,0,0.0,16
1,2024,2024241,29,Alpine,32,DOO,Jack Doohan,61,#0093CC,30.0,1416,90.119,90.119,0,0,90.166,0.093,-0.756,0.868,-0.322,17.0,-0.756,0.868,-0.322,17.0,0.112,H,#A5AFB9,8,2.0,0,0,0.287,0,0,0,0,0.0,15
1,2024,2024241,29,Alpine,32,DOO,Jack Doohan,61,#0093CC,31.0,1417,90.072,90.072,0,0,90.096,0.047,-0.66,0.509,-0.406,17.0,-0.660,0.509,-0.406,17.0,-0.151,H,#A5AFB9,9,2.0,0,0,0.287,0,0,0,0,0.0,15
1,2024,2024241,29,Alpine,32,DOO,Jack Doohan,61,#0093CC,32.0,1418,90.404,90.404,0,0,90.238,0.332,-1.199,0.757,-0.821,17.0,-1.199,0.757,-0.821,17.0,-0.442,H,#A5AFB9,10,2.0,0,0,0.287,0,0,0,0,0.0,15
1,2024,2024241,29,Alpine,32,DOO,Jack Doohan,61,#0093CC,33.0,1419,90.131,90.131,0,0,90.268,0.273,-0.914,0.615,-0.607,17.0,-0.914,0.615,-0.607,17.0,-0.299,H,#A5AFB9,11,2.0,0,0,0.287,0,0,0,0,0.0,13
1,2024,2024241,29,Alpine,32,DOO,Jack Doohan,61,#0093CC,34.0,1420,90.025,90.025,0,0,90.078,0.106,-0.869,0.594,-0.572,17.0,-0.869,0.594,-0.572,17.0,-0.275,H,#A5AFB9,12,2.0,0,0,0.287,0,0,0,0,0.0,13
1,2024,2024241,29,Alpine,32,DOO,Jack Doohan,61,#0093CC,35.0,1421,89.713,89.713,0,0,89.869,0.312,-0.627,0.213,-0.520,17.0,-0.627,0.213,-0.520,17.0,-0.414,H,#A5AFB9,13,2.0,0,0,0.287,0,0,0,0,0.0,13
1,2024,2024241,29,Alpine,32,DOO,Jack Doohan,61,#0093CC,36.0,1422,89.449,89.449,0,0,89.581,0.264,-0.524,0.128,-0.460,17.0,-0.524,0.128,-0.460,17.0,-0.396,H,#A5AFB9,14,2.0,0,0,0.287,0,0,0,0,0.0,13
1,2024,2024241,29,Alpine,32,DOO,Jack Doohan,61,#0093CC,37.0,1423,89.495,89.495,0,0,89.472,0.046,-0.671,0.283,-0.530,17.0,-0.671,0.283,-0.530,17.0,-0.388,H,#A5AFB9,15,2.0,0,0,0.287,0,0,0,0,0.0,13
1,2024,2024241,29,Alpine,32,DOO,Jack Doohan,61,#0093CC,38.0,1424,89.501,89.501,0,0,89.498,0.006,-0.66,-0.005,-0.663,32.0,-0.660,-0.005,-0.663,32.0,-0.665,H,#A5AFB9,16,2.0,0,0,0.287,0,0,0,0,0.0,13
1,2024,2024241,29,Alpine,32,DOO,Jack Doohan,61,#0093CC,39.0,1425,90.663,90.663,0,0,90.082,1.162,-1.841,1.342,-1.170,17.0,-1.841,1.342,-1.170,17.0,-0.499,H,#A5AFB9,17,2.0,0,0,0.287,0,0,0,0,-1.0,14
1,2024,2024241,29,Alpine,32,DOO,Jack Doohan,61,#0093CC,40.0,1426,90.987,90.987,0,0,90.825,0.324,-2.152,1.615,-1.345,17.0,-2.152,1.615,-1.345,17.0,-0.537,H,#A5AFB9,18,2.0,0,1,0.287,0,0,0,0,-1.0,14
1,2024,2024241,29,Alpine,32,DOO,Jack Doohan,61,#0093CC,41.0,1427,90.023,90.023,0,0,90.505,0.964,-1.318,0.519,-1.058,17.0,-1.318,0.519,-1.058,17.0,-0.799,H,#A5AFB9,19,2.0,0,0,0.287,0,0,0,0,0.0,14
1,2024,2024241,29,Alpine,32,DOO,Jack Doohan,61,#0093CC,42.0,1428,89.592,89.592,0,0,89.808,0.431,-0.937,-0.406,-1.140,32.0,-0.937,0.113,-0.881,17.0,-1.343,H,#A5AFB9,20,2.0,0,0,0.287,0,0,0,0,0.0,14
1,2024,2024241,29,Alpine,32,DOO,Jack Doohan,61,#0093CC,43.0,1429,91.232,89.672,1,0,89.632,1.640,-2.512,1.779,-1.623,17.0,-0.953,0.220,-0.843,17.0,-0.733,H,#A5AFB9,21,2.0,0,0,0.287,0,0,0,0,0.0,14
1,2024,2024241,29,Alpine,32,DOO,Jack Doohan,61,#0093CC,44.0,1430,89.753,89.753,0,0,89.713,1.479,-0.95,0.374,-0.763,17.0,-0.950,0.374,-0.763,17.0,-0.576,H,#A5AFB9,22,2.0,0,0,0.287,0,0,0,0,0.0,14
1,2024,2024241,29,Alpine,32,DOO,Jack Doohan,61,#0093CC,45.0,1431,89.493,89.493,0,0,89.623,0.260,-0.661,-0.908,-1.115,32.0,-0.661,-0.021,-0.671,32.0,-1.569,H,#A5AFB9,23,2.0,0,0,0.287,0,0,0,0,0.0,14
1,2024,2024241,29,Alpine,32,DOO,Jack Doohan,61,#0093CC,46.0,1432,92.136,89.623,1,0,89.558,2.643,-3.193,2.486,-1.950,17.0,-0.680,-0.027,-0.694,32.0,-0.707,H,#A5AFB9,24,2.0,0,0,0.287,0,0,0,0,0.0,14
1,2024,2024241,29,Alpine,32,DOO,Jack Doohan,61,#0093CC,47.0,1433,89.753,89.753,0,0,89.688,2.383,-0.845,0.230,-0.730,17.0,-0.845,0.230,-0.730,17.0,-0.615,H,#A5AFB9,25,2.0,0,0,0.287,0,0,0,0,0.0,14
1,2024,2024241,29,Alpine,32,DOO,Jack Doohan,61,#0093CC,48.0,1434,89.454,89.454,0,0,89.604,0.299,-0.651,0.020,-0.641,17.0,-0.651,0.020,-0.641,17.0,-0.631,H,#A5AFB9,26,2.0,0,0,0.287,0,0,0,0,0.0,14
1,2024,2024241,29,Alpine,32,DOO,Jack Doohan,61,#0093CC,49.0,1435,89.617,89.617,0,0,89.536,0.163,-0.754,0.124,-0.692,17.0,-0.754,0.124,-0.692,17.0,-0.63,H,#A5AFB9,27,2.0,0,0,0.287,0,0,0,0,0.0,14
1,2024,2024241,29,Alpine,32,DOO,Jack Doohan,61,#0093CC,50.0,1436,90.537,89.998,1,0,89.808,0.920,-1.679,0.931,-1.214,17.0,-1.141,0.393,-0.945,17.0,-0.748,H,#A5AFB9,28,2.0,0,0,0.287,0,0,0,0,0.0,14
1,2024,2024241,29,Alpine,32,DOO,Jack Doohan,61,#0093CC,51.0,1437,90.38,90.38,0,0,90.189,0.157,-1.577,0.809,-1.173,17.0,-1.577,0.809,-1.173,17.0,-0.768,H,#A5AFB9,29,2.0,0,0,0.287,0,0,0,0,-1.0,15
1,2024,2024241,29,Alpine,32,DOO,Jack Doohan,61,#0093CC,52.0,1438,89.582,89.582,0,0,89.981,0.798,-0.788,-0.068,-0.822,32.0,-0.788,-0.068,-0.822,32.0,-0.856,H,#A5AFB9,30,2.0,0,0,0.287,0,0,0,0,0.0,15
1,2024,2024241,29,Alpine,32,DOO,Jack Doohan,61,#0093CC,53.0,1439,89.717,89.717,0,0,89.649,0.135,-0.798,0.041,-0.778,17.0,-0.798,0.041,-0.778,17.0,-0.757,H,#A5AFB9,31,2.0,0,0,0.287,0,0,0,0,0.0,15
1,2024,2024241,29,Alpine,32,DOO,Jack Doohan,61,#0093CC,54.0,1440,89.539,89.539,0,0,89.628,0.178,-0.679,0.092,-0.633,17.0,-0.679,0.092,-0.633,17.0,-0.587,H,#A5AFB9,32,2.0,0,0,0.287,0,0,0,0,0.0,15
1,2024,2024241,29,Alpine,32,DOO,Jack Doohan,61,#0093CC,55.0,1441,89.647,89.647,0,0,89.593,0.108,-1.006,-0.525,-1.268,32.0,-1.006,0.153,-0.929,17.0,-1.531,H,#A5AFB9,33,2.0,0,0,0.287,0,0,0,0,0.0,15
1,2024,2024241,29,Alpine,32,DOO,Jack Doohan,61,#0093CC,56.0,1442,89.121,89.121,0,0,89.384,0.526,-0.497,-0.420,-0.707,32.0,-0.497,-0.420,-0.707,32.0,-0.917,H,#A5AFB9,34,2.0,0,0,0.287,0,0,0,0,0.0,15
1,2024,2024241,29,Alpine,32,DOO,Jack Doohan,61,#0093CC,57.0,1443,89.566,89.566,0,0,89.344,0.445,-0.952,-0.370,-1.137,32.0,-0.952,-0.370,-1.137,32.0,-1.322,H,#A5AFB9,35,2.0,0,0,0.287,0,0,0,0,0.0,15
