SeasonID,RaceID,SprintIndex,EventIndex,FullName,Team,Q,G,P,PLabel,POrder,Time,PointsOfficial,Number,Abbreviation,DriverID,TeamID,Color,DriverIDT,NationID,EngineID,QPart,QNorm,QTDiscr,QTDiscrClear,QTNorm,GLabel,NotStarted,PitLaneStart,GRow,GOrder,Retired,Disqualified,PTeammate,PTeammateClear,DistanceLaps,DistancePerc,Overtakes,OvertakesGain,OvertakesLost,OvertakesTotal,PFirstLap,Start,StartGain,StartLost,StartTotal,LaptimeSeriesActual,Pace,PaceSec,Consistency,ConsistencyClear,ConsistencyMistakesDiff,RankConsistency,PointsConsistency,RankPace,PointsPace,RankStart,PointsStart,RankOvertakes,PointsOvertakes,RankPoints,PointsClassified,RankStartChart,RankTiming,PointsTiming,RankActions,PointsActions,MistakesCount,MistakesCountPerLap,MistakesLosses,MistakesLossesPerLap,ConsistencyNormalized,StartNormalized,PaceNormalized,OvertakesNormalized,MistakesLossesPerLapNormalized,ConsistencyNormalizedRaceMean,PaceNormalizedRaceMean,StartNormalizedRaceMean,OvertakesNormalizedRaceMean,ConsistencyTeammateDiscrete,ConsistencyTeammateNormalized,PaceTeammateDiscrete,PaceTeammateNormalized,StartTeammateDiscrete,StartTeammateNormalized,OvertakesTeammateDiscrete,OvertakesTeammateNormalized,RankMistakes,MistakesTeammateDiscrete,MistakesTeammateNormalized,TeamPointsOfficial,EnginePointsOfficial,NationPointsOfficial,Card,CardMultiple,CardPoints,CardConsistency,CardPace,CardStart,CardOvertakes,CardsEvent,FastestLap,Win,Second,Third,Podium,QWin,QSecond,QThird,QPodium,LapsLeading,LevelNormalized,Points,EventID,EventNumber,EventAbbreviation,TeammateAbb,Teammate,NationCode,NationNameEng,NationNameRus,NationColor,Engine,EngineColor,OvertakesGainPercent,OvertakesLostPercent,StartGainPercent,StartLostPercent,PointsOfficialCumSum,PointsOfficialCumSumAllTeams,PInterpolated,GInterpolated,RankPointsInterpolated,RankTimingInterpolated,RankConsistencyInterpolated,RankPaceInterpolated,RankActionsInterpolated,RankOvertakesInterpolated,RankStartInterpolated,PointsInterpolated,RankPointsStr
2024,2024011,2,0,Sergio Perez,Red Bull Racing,5.0,5,2,2,2,+22.457,18,11,PER,5,14,#1A4C82,5-14,14,2,1.0,8.11,0.0,0.0,0.4478188845941468,5,0,0,3.0,5.0,0,0,0.0,0.0,57.0,100,2,2.0,0.0,2.0,4.0,1,1.0,0.0,1.0,1.0,96.03,01:36.030,0.129,0.066,0.063,7,3.40,2,1.95,6,1.75,2,1.95,1,1.0,6,4,5.35,1,3.70,9,0.1578947368421052,3.209,0.0562982456140341,9.37,8.36,8.37,10.00,7.91,8.29,4.65,7.55,7.43,1.0,0.5505287896592244,0.0,0.4556341861731083,1.0,0.5254556882463859,1.0,0.5737234652897304,10.0,1.0,0.5686556434219986,44.0,44.0,18.0,1.0,0,1.0,0.0,0.0,0.0,0.0,1.0,0.0,0.0,1.0,0.0,1.0,0.0,0.0,0.0,0.0,0.0,9.306666666666668,9.05,7,1,BAH,VER,Max Verstappen,MEX,Mexico,Мексика,#006640,Honda,#DE0000,100.0,0.0,100.0,0.0,18.0,18.0,2,5,1,4.0,7,2,1.0,2,6,9.05,
2024,2024011,2,0,Oscar Piastri,McLaren,8.0,8,8,8,8,+56.082,4,81,PIA,28,9,#DE8E18,28-9,2,1,1.0,6.68,0.0,0.0,0.4826589595375722,8,0,0,4.0,8.0,0,0,0.0,0.0,57.0,100,2,2.0,0.0,2.0,8.0,0,0.0,0.0,0.0,1.0,96.502,01:36.502,0.103,0.067,0.0359999999999999,1,4.00,8,1.65,13,1.40,4,1.85,2,1.0,13,1,5.65,6,3.25,8,0.1403508771929824,2.010,0.0352631578947366,10.00,7.55,6.39,10.00,8.99,8.29,4.65,7.55,7.43,1.0,0.5068423720223011,0.0,0.4889058913542463,0.0,0.5,0.0,0.5,5.0,1.0,0.511085844229676,12.0,31.0,4.0,1.0,0,0.0,1.0,0.0,0.0,0.0,1.0,0.0,0.0,0.0,0.0,0.0,0.0,0.0,0.0,0.0,0.0,9.591666666666669,8.90,7,1,BAH,NOR,Lando Norris,AUS,Australia,Австралия,#F7C900,Mercedes,#707070,100.0,0.0,0.0,0.0,4.0,4.0,8,8,2,1.0,1,8,6.0,4,13,8.90,
2024,2024011,2,0,Lando Norris,McLaren,7.0,7,6,6,6,+48.458,8,4,NOR,4,9,#DE8E18,4-9,10,1,1.0,7.16,1.0,1.0,0.5173410404624278,7,0,0,4.0,7.0,0,0,1.0,1.0,57.0,100,2,2.0,0.0,2.0,7.0,0,0.0,0.0,0.0,1.0,96.433,01:36.433,0.114,0.066,0.048,4,3.70,5,1.80,12,1.45,3,1.90,3,1.0,12,2,5.50,5,3.35,8,0.1403508771929824,2.448,0.0429473684210522,9.73,7.55,6.68,10.00,8.6,8.29,4.65,7.55,7.43,0.0,0.4931576279776989,1.0,0.5110941086457536,1.0,0.5,1.0,0.5,6.0,0.0,0.488914155770324,12.0,31.0,24.0,0.0,0,0.0,0.0,0.0,0.0,0.0,0.0,0.0,0.0,0.0,0.0,0.0,0.0,0.0,0.0,0.0,0.0,9.411666666666669,8.85,7,1,BAH,PIA,Oscar Piastri,GBR,Great Britain,Великобритания,#314486,Mercedes,#707070,100.0,0.0,0.0,0.0,8.0,8.0,6,7,3,2.0,4,5,5.0,3,12,8.85,
2024,2024011,2,0,Carlos Sainz,Ferrari,4.0,4,3,3,3,+25.110,15,55,SAI,8,5,#BA3B30,8-5,7,3,1.0,8.58,0.0,0.0,0.473771397018222,4,0,0,2.0,4.0,0,0,1.0,1.0,57.0,100,2,2.0,0.0,2.0,5.0,-1,0.0,1.0,1.0,1.0,96.081,01:36.081,0.115,0.081,0.034,5,3.60,3,1.90,17,1.20,1,2.00,4,1.0,17,3,5.50,8,3.20,6,0.1052631578947368,1.837,0.0322280701754384,9.71,6.73,8.16,10.00,9.15,8.29,4.65,7.55,7.43,1.0,0.5102469784550709,1.0,0.5386138613861386,0.0,0.4712885154061624,1.0,0.6195786864931846,4.0,1.0,0.5213675213675214,27.0,27.0,17.0,1.0,0,0.0,0.0,0.0,0.0,1.0,1.0,0.0,0.0,0.0,1.0,1.0,0.0,0.0,0.0,0.0,0.0,9.261666666666668,8.70,7,1,BAH,LEC,Charles Leclerc,ESP,Spain,Испания,#F7B800,Ferrari,#DC0004,100.0,0.0,0.0,100.0,15.0,15.0,3,4,4,3.0,5,3,8.0,1,17,8.70,
2024,2024011,2,0,Alexander Albon,Williams,13.0,13,15,15,15,+1 Lap,0,23,ALB,24,18,#3C95C9,24-18,20,1,1.0,4.32,1.0,1.0,0.6889952153110048,13,0,0,7.0,13.0,0,0,1.0,1.0,56.0,98,1,1.0,0.0,1.0,11.0,1,1.0,0.0,1.0,1.0,97.509,01:37.509,0.108,0.092,0.016,2,3.90,17,1.20,7,1.70,7,1.70,5,1.0,7,7,5.10,4,3.40,3,0.0535714285714285,0.879,0.0156964285714289,9.88,8.36,2.16,8.71,10.0,8.29,4.65,7.55,7.43,1.0,0.9080882352941176,1.0,0.5179856115107914,0.0,0.4766248574686431,1.0,0.5,1.0,1.0,0.9090909090909092,0.0,31.0,0.0,0.0,0,0.0,0.0,0.0,0.0,0.0,0.0,0.0,0.0,0.0,0.0,0.0,0.0,0.0,0.0,0.0,0.0,9.431666666666668,8.50,7,1,BAH,SAR,Logan Sargeant,THA,Thailand,Таиланд,#2E2549,Mercedes,#707070,100.0,0.0,100.0,0.0,0.0,0.0,15,13,5,7.0,2,17,4.0,7,7,8.50,
2024,2024011,2,0,Pierre Gasly,Alpine,20.0,20,18,18,18,+1 Lap,0,10,GAS,17,3,#3494CC,17-3,9,4,1.0,1.0,0.0,0.0,0.4048582995951417,20,0,0,10.0,20.0,0,0,0.0,0.0,56.0,98,-1,0.0,1.0,1.0,17.0,2,2.0,0.0,2.0,1.0,97.268,01:37.268,0.110,0.085,0.0249999999999999,3,3.80,12,1.45,5,1.80,17,1.20,6,1.0,5,5,5.25,11,3.00,5,0.0892857142857142,1.338,0.0238928571428575,9.83,9.18,3.17,6.14,9.58,8.29,4.65,7.55,7.43,1.0,0.5900360144057623,1.0,0.7601918465227818,0.0,0.5,1.0,0.6323377960865088,2.0,1.0,0.6770318021201414,0.0,0.0,0.0,0.0,0,0.0,0.0,0.0,0.0,0.0,0.0,0.0,0.0,0.0,0.0,0.0,0.0,0.0,0.0,0.0,0.0,9.106666666666667,8.25,7,1,BAH,OCO,Esteban Ocon,FRA,France,Франция,#004CA2,Renault,#FAEF00,0.0,100.0,100.0,0.0,0.0,0.0,18,20,6,5.0,3,12,11.0,17,5,8.25,
2024,2024011,2,0,Lewis Hamilton,Mercedes,9.0,9,7,7,7,+50.324,6,44,HAM,1,10,#0AA395,1-10,10,1,1.0,6.21,0.0,0.0,0.4069462647444298,9,0,0,5.0,9.0,0,0,0.0,0.0,57.0,100,2,2.0,0.0,2.0,9.0,0,0.0,0.0,0.0,1.0,96.46,01:36.460,0.135,0.080,0.055,9,3.20,6,1.75,14,1.35,5,1.80,7,1.0,14,8,4.95,9,3.15,7,0.1228070175438596,3.040,0.0533333333333327,9.23,7.55,6.56,10.00,8.07,8.29,4.65,7.55,7.43,1.0,0.5286368843069874,1.0,0.5015290519877676,0.0,0.5,1.0,0.6195786864931846,9.0,1.0,0.5445344129554656,16.0,31.0,24.0,0.0,0,0.0,0.0,0.0,0.0,0.0,0.0,0.0,0.0,0.0,0.0,0.0,0.0,0.0,0.0,0.0,0.0,9.078333333333331,8.10,7,1,BAH,RUS,George Russell,GBR,Great Britain,Великобритания,#314486,Mercedes,#707070,100.0,0.0,0.0,0.0,6.0,6.0,7,9,7,8.0,9,6,9.0,5,14,8.10,
2024,2024011,2,0,Charles Leclerc,Ferrari,2.0,2,4,4,4,+39.669,12,16,LEC,6,5,#BA3B30,6-5,15,3,1.0,9.53,1.0,1.0,0.526228602981778,2,0,0,1.0,2.0,0,0,0.0,0.0,57.0,100,-1,2.0,3.0,5.0,2.0,0,0.0,0.0,0.0,1.0,96.359,01:36.359,0.131,0.081,0.05,8,3.30,4,1.85,9,1.60,14,1.35,8,1.0,9,6,5.15,12,2.95,8,0.1403508771929824,2.666,0.0467719298245623,9.32,7.55,6.99,6.14,8.4,8.29,4.65,7.55,7.43,0.0,0.489753021544929,0.0,0.4613861386138614,1.0,0.5287114845938374,0.0,0.3804213135068153,7.0,0.0,0.4786324786324786,27.0,27.0,12.0,0.0,0,0.0,0.0,0.0,0.0,0.0,0.0,0.0,0.0,0.0,0.0,0.0,0.0,1.0,0.0,1.0,0.0,8.495,8.10,7,1,BAH,SAI,Carlos Sainz,MON,Monaco,Монако,#D80000,Ferrari,#DC0004,40.0,60.0,0.0,0.0,12.0,12.0,4,2,8,6.0,8,4,12.0,14,9,8.10,
2024,2024011,2,0,Kevin Magnussen,Haas F1 Team,15.0,15,12,12,12,+1 Lap,0,20,MAG,22,7,#505050,22-7,6,3,1.0,3.37,0.0,0.0,0.3699231613611416,15,0,0,8.0,15.0,0,0,1.0,1.0,56.0,98,2,2.0,0.0,2.0,12.0,2,2.0,0.0,2.0,1.0,97.436,01:37.436,0.158,0.072,0.086,11,3.00,15,1.30,2,1.95,6,1.75,9,1.0,2,13,4.30,2,3.70,9,0.1607142857142857,4.358,0.0778214285714296,8.67,9.18,2.47,10.00,6.81,8.29,4.65,7.55,7.43,1.0,0.5232347616173808,0.0,0.3346883468834688,1.0,0.5487148834429169,1.0,0.6195786864931846,12.0,1.0,0.5413354531001591,0.0,27.0,0.0,0.0,0,0.0,0.0,0.0,0.0,0.0,0.0,0.0,0.0,0.0,0.0,0.0,0.0,0.0,0.0,0.0,0.0,8.976666666666667,8.00,7,1,BAH,HUL,Nico Hulkenberg,DEN,Denmark,Дания,#D20019,Ferrari,#DC0004,100.0,0.0,100.0,0.0,0.0,0.0,12,15,9,13.0,11,15,2.0,6,2,8.00,
2024,2024011,2,0,Max Verstappen,Red Bull Racing,1.0,1,1,1,1,1:31:44.742,26,1,VER,2,14,#1A4C82,2-14,16,2,1.0,10.0,1.0,1.0,0.5521811154058531,1,0,0,1.0,1.0,0,0,1.0,1.0,57.0,100,0,0.0,0.0,0.0,1.0,0,0.0,0.0,0.0,1.0,95.642,01:35.642,0.200,0.088,0.112,16,2.50,1,2.00,8,1.65,10,1.55,10,1.0,8,12,4.50,7,3.20,12,0.2105263157894736,5.327,0.0934561403508771,7.65,7.55,10.00,7.43,6.0,8.29,4.65,7.55,7.43,0.0,0.4494712103407756,1.0,0.5443658138268918,0.0,0.474544311753614,0.0,0.4262765347102696,15.0,0.0,0.4313443565780014,44.0,44.0,26.0,1.0,0,0.0,0.0,1.0,0.0,0.0,1.0,1.0,1.0,0.0,0.0,1.0,1.0,0.0,0.0,1.0,57.0,7.596666666666667,7.70,7,1,BAH,PER,Sergio Perez,NLD,Netherlands,Нидерланды,#F75600,Honda,#DE0000,0.0,0.0,0.0,0.0,26.0,26.0,1,1,10,12.0,16,1,7.0,10,8,7.70,
2024,2024011,2,0,Daniel Ricciardo,RB,14.0,14,13,13,13,+1 Lap,0,3,RIC,7,11,#476CBF,7-11,2,2,1.0,3.84,0.0,0.0,0.421978021978022,14,0,0,7.0,14.0,0,0,1.0,1.0,56.0,98,1,2.0,1.0,3.0,14.0,-1,1.0,2.0,3.0,1.0,97.387,01:37.387,0.123,0.097,0.0259999999999999,6,3.50,14,1.35,18,1.15,8,1.65,11,1.0,18,9,4.85,15,2.80,5,0.0892857142857142,1.686,0.0301071428571424,9.52,6.73,2.67,8.71,9.26,8.29,4.65,7.55,7.43,1.0,0.5277161862527716,1.0,0.5308151093439364,0.0,0.4712885154061624,1.0,0.5396530359355638,3.0,1.0,0.5571600481347774,0.0,44.0,4.0,0.0,0,0.0,0.0,0.0,0.0,0.0,0.0,0.0,0.0,0.0,0.0,0.0,0.0,0.0,0.0,0.0,0.0,8.92,7.65,7,1,BAH,TSU,Yuki Tsunoda,AUS,Australia,Австралия,#F7C900,Honda,#DE0000,67.0,33.0,33.0,67.0,0.0,0.0,13,14,11,9.0,6,14,15.0,8,18,7.65,
2024,2024011,2,0,George Russell,Mercedes,3.0,3,5,5,5,+46.788,10,63,RUS,14,10,#0AA395,14-10,10,1,1.0,9.05,1.0,1.0,0.5930537352555701,3,0,0,2.0,3.0,0,0,1.0,1.0,57.0,100,-1,2.0,3.0,5.0,3.0,0,0.0,0.0,0.0,1.0,96.471,01:36.471,0.176,0.089,0.087,13,2.80,7,1.70,10,1.55,15,1.30,12,1.0,10,11,4.50,14,2.85,9,0.1578947368421052,4.504,0.0790175438596494,8.23,7.55,6.52,6.14,6.75,8.29,4.65,7.55,7.43,0.0,0.4713631156930126,0.0,0.4984709480122324,1.0,0.5,0.0,0.3804213135068153,13.0,0.0,0.4554655870445344,16.0,31.0,24.0,0.0,0,0.0,0.0,0.0,0.0,0.0,0.0,0.0,0.0,0.0,0.0,0.0,0.0,0.0,1.0,1.0,0.0,7.768333333333333,7.35,7,1,BAH,HAM,Lewis Hamilton,GBR,Great Britain,Великобритания,#314486,Mercedes,#707070,40.0,60.0,0.0,0.0,10.0,10.0,5,3,12,11.0,13,7,14.0,15,10,7.35,
2024,2024011,2,0,Guanyu Zhou,Kick Sauber,17.0,17,11,11,11,+1 Lap,0,24,ZHO,23,8,#64D064,23-8,5,3,1.0,2.42,0.0,0.0,0.4557438794726929,17,0,0,9.0,17.0,0,0,1.0,1.0,56.0,98,-3,0.0,3.0,3.0,13.0,3,3.0,0.0,3.0,1.0,97.377,01:37.377,0.193,0.078,0.115,15,2.60,13,1.40,1,2.00,18,1.15,13,1.0,1,16,4.00,10,3.15,8,0.1428571428571428,5.623,0.1004107142857151,7.82,10.00,2.71,3.57,5.65,8.29,4.65,7.55,7.43,1.0,0.5538243626062322,1.0,0.672456575682382,1.0,0.6626905235255136,0.0,0.3245454545454545,17.0,1.0,0.5380952380952382,0.0,27.0,0.0,1.0,0,0.0,0.0,0.0,1.0,0.0,1.0,0.0,0.0,0.0,0.0,0.0,0.0,0.0,0.0,0.0,0.0,7.475,7.15,7,1,BAH,BOT,Valtteri Bottas,CHN,China,Китай,#F70000,Ferrari,#DC0004,0.0,100.0,100.0,0.0,0.0,0.0,11,17,13,16.0,15,13,10.0,18,1,7.15,
2024,2024011,2,0,Lance Stroll,Aston Martin,12.0,12,10,10,10,+1:33.216,1,18,STR,10,4,#459A72,10-4,4,1,1.0,4.79,0.0,0.0,0.3856682769726248,12,0,0,6.0,12.0,0,0,0.0,0.0,57.0,100,0,2.0,2.0,4.0,19.0,-8,0.0,8.0,8.0,1.0,97.107,01:37.107,0.157,0.102,0.055,10,3.10,11,1.50,20,1.05,12,1.45,14,1.0,20,10,4.60,19,2.50,6,0.1052631578947368,3.029,0.0531403508771929,8.69,1.00,3.85,7.43,8.08,8.29,4.65,7.55,7.43,1.0,0.5357583230579531,0.0,0.4534746760895171,0.0,0.1169590643274853,1.0,0.8813760379596679,8.0,1.0,0.5595567867036011,3.0,31.0,1.0,0.0,0,0.0,0.0,0.0,0.0,0.0,0.0,0.0,0.0,0.0,0.0,0.0,0.0,0.0,0.0,0.0,0.0,7.198333333333333,7.10,7,1,BAH,ALO,Fernando Alonso,CAN,Canada,Канада,#E30000,Mercedes,#707070,50.0,50.0,0.0,100.0,1.0,1.0,10,12,14,10.0,10,11,19.0,12,20,7.10,
2024,2024011,2,0,Yuki Tsunoda,RB,11.0,11,14,14,14,+1 Lap,0,22,TSU,9,11,#476CBF,9-11,13,2,1.0,5.26,1.0,1.0,0.578021978021978,11,0,0,6.0,11.0,0,0,0.0,0.0,56.0,98,0,2.0,2.0,4.0,10.0,0,0.0,0.0,0.0,1.0,97.461,01:37.461,0.164,0.090,0.074,12,2.90,16,1.25,16,1.25,11,1.50,15,1.0,16,15,4.15,16,2.75,4,0.0714285714285714,3.757,0.0670892857142847,8.52,7.55,2.36,7.43,7.36,8.29,4.65,7.55,7.43,0.0,0.4722838137472284,0.0,0.4691848906560636,1.0,0.5287114845938374,0.0,0.4603469640644361,11.0,0.0,0.4428399518652226,0.0,44.0,0.0,0.0,0,0.0,0.0,0.0,0.0,0.0,0.0,0.0,0.0,0.0,0.0,0.0,0.0,0.0,0.0,0.0,0.0,8.176666666666666,6.90,7,1,BAH,RIC,Daniel Ricciardo,JPN,Japan,Япония,#C60018,Honda,#DE0000,50.0,50.0,0.0,0.0,0.0,0.0,14,11,15,15.0,12,16,16.0,11,16,6.90,
2024,2024011,2,0,Nico Hulkenberg,Haas F1 Team,10.0,10,16,16,16,+1 Lap,0,27,HUL,25,7,#505050,25-7,11,3,1.0,5.74,1.0,1.0,0.6300768386388584,10,0,0,5.0,10.0,0,0,0.0,0.0,56.0,98,-1,1.0,2.0,3.0,20.0,0,0.0,0.0,0.0,1.0,96.855,01:36.855,0.190,0.080,0.11,14,2.70,9,1.60,15,1.30,16,1.25,16,1.0,15,14,4.30,18,2.55,8,0.1428571428571428,5.487,0.0979821428571442,7.90,7.55,4.91,6.14,5.77,8.29,4.65,7.55,7.43,0.0,0.4767652383826192,1.0,0.6653116531165311,0.0,0.4512851165570831,0.0,0.3804213135068153,16.0,0.0,0.458664546899841,0.0,27.0,0.0,0.0,0,0.0,0.0,0.0,0.0,0.0,0.0,0.0,0.0,0.0,0.0,0.0,0.0,0.0,0.0,0.0,0.0,7.548333333333333,6.85,7,1,BAH,MAG,Kevin Magnussen,GER,Germany,Германия,#000000,Ferrari,#DC0004,33.0,67.0,0.0,0.0,0.0,0.0,16,10,16,14.0,14,9,18.0,16,15,6.85,
2024,2024011,2,0,Logan Sargeant,Williams,18.0,18,20,20,20,+2 Laps,0,2,SAR,27,18,#3C95C9,27-18,21,1,1.0,1.95,0.0,0.0,0.3110047846889952,18,0,0,9.0,18.0,0,0,0.0,0.0,55.0,96,1,1.0,0.0,1.0,15.0,2,2.0,0.0,2.0,1.0,97.545,01:37.545,0.475,0.257,0.2179999999999999,20,2.10,18,1.15,3,1.90,9,1.60,17,1.0,3,20,3.25,3,3.50,9,0.1636363636363636,10.493,0.1907818181818191,1.00,9.18,2.01,8.71,1.0,8.29,4.65,7.55,7.43,0.0,0.0919117647058823,0.0,0.4820143884892086,1.0,0.5233751425313569,0.0,0.5,20.0,0.0,0.0909090909090909,0.0,31.0,0.0,0.0,0,0.0,0.0,0.0,0.0,0.0,0.0,0.0,0.0,0.0,0.0,0.0,0.0,0.0,0.0,0.0,0.0,3.648333333333333,6.75,7,1,BAH,ALB,Alexander Albon,USA,USA,США,#071C63,Mercedes,#707070,100.0,0.0,100.0,0.0,0.0,0.0,20,18,17,20.0,20,18,3.0,9,3,6.75,
2024,2024011,2,0,Fernando Alonso,Aston Martin,6.0,6,9,9,9,+1:14.887,2,14,ALO,19,4,#459A72,19-4,7,1,1.0,7.63,1.0,1.0,0.6143317230273752,6,0,0,3.0,6.0,0,0,1.0,1.0,57.0,100,-5,3.0,8.0,11.0,6.0,0,0.0,0.0,0.0,1.0,96.919,01:36.919,0.205,0.123,0.0819999999999999,17,2.40,10,1.55,11,1.50,20,1.05,18,1.0,11,17,3.95,17,2.55,8,0.1403508771929824,4.933,0.0865438596491246,7.53,7.55,4.64,1.00,6.36,8.29,4.65,7.55,7.43,0.0,0.4642416769420469,1.0,0.5465253239104829,1.0,0.8830409356725145,0.0,0.1186239620403321,14.0,0.0,0.4404432132963988,3.0,31.0,17.0,0.0,0,0.0,0.0,0.0,0.0,0.0,0.0,0.0,0.0,0.0,0.0,0.0,0.0,0.0,0.0,0.0,0.0,6.445,6.50,7,1,BAH,STR,Lance Stroll,ESP,Spain,Испания,#F7B800,Mercedes,#707070,27.0,73.0,0.0,0.0,2.0,2.0,9,6,18,17.0,17,10,17.0,20,11,6.50,
2024,2024011,2,0,Esteban Ocon,Alpine,19.0,19,17,17,17,+1 Lap,0,31,OCO,13,3,#3494CC,13-3,9,4,1.0,1.47,1.0,1.0,0.5951417004048584,19,0,0,10.0,19.0,0,0,1.0,1.0,56.0,98,-3,0.0,3.0,3.0,16.0,2,2.0,0.0,2.0,1.0,97.785,01:37.785,0.234,0.093,0.141,18,2.30,20,1.05,4,1.85,19,1.10,19,1.0,4,18,3.35,13,2.95,6,0.1071428571428571,6.793,0.1213035714285715,6.83,9.18,1.00,3.57,4.57,8.29,4.65,7.55,7.43,0.0,0.4099639855942377,0.0,0.2398081534772182,1.0,0.5,0.0,0.3676622039134912,19.0,0.0,0.3229681978798586,0.0,0.0,0.0,0.0,0,0.0,0.0,0.0,0.0,0.0,0.0,0.0,0.0,0.0,0.0,0.0,0.0,0.0,0.0,0.0,0.0,6.678333333333334,6.30,7,1,BAH,GAS,Pierre Gasly,FRA,France,Франция,#004CA2,Renault,#FAEF00,0.0,100.0,100.0,0.0,0.0,0.0,17,19,19,18.0,18,20,13.0,19,4,6.30,
2024,2024011,2,0,Valtteri Bottas,Kick Sauber,16.0,16,19,19,19,+1 Lap,0,77,BOT,3,8,#64D064,3-8,8,3,1.0,2.89,1.0,1.0,0.544256120527307,16,0,0,8.0,16.0,0,0,0.0,0.0,56.0,98,0,1.0,1.0,2.0,18.0,-3,1.0,4.0,5.0,1.0,97.709,01:37.709,0.256,0.121,0.135,19,2.20,19,1.10,19,1.10,13,1.40,20,1.0,19,19,3.30,20,2.50,6,0.1071428571428571,6.494,0.1159642857142841,6.30,5.09,1.32,7.43,4.85,8.29,4.65,7.55,7.43,0.0,0.4461756373937676,0.0,0.3275434243176178,0.0,0.3373094764744864,1.0,0.6754545454545454,18.0,0.0,0.4619047619047619,0.0,27.0,0.0,0.0,0,0.0,0.0,0.0,0.0,0.0,0.0,0.0,0.0,0.0,0.0,0.0,0.0,0.0,0.0,0.0,0.0,6.286666666666666,5.80,7,1,BAH,ZHO,Guanyu Zhou,FIN,Finland,Финляндия,#04276B,Ferrari,#DC0004,50.0,50.0,20.0,80.0,0.0,0.0,19,16,20,19.0,19,19,20.0,13,19,5.80,
2024,2024021,2,1,Sergio Perez,Red Bull Racing,3.0,3,2,2,2,+13.643,18,11,PER,5,14,#1A4C82,5-14,14,2,1.0,9.0,0.0,0.0,0.4736842105263157,3,0,0,2.0,3.0,0,0,0.0,0.0,50.0,100,3,3.0,0.0,3.0,3.0,0,0.0,0.0,0.0,1.0,93.029,01:33.029,0.113,0.053,0.06,2,3.90,2,1.95,7,1.70,1,2.00,1,1.0,6,1,5.85,1,3.70,8,0.16,2.892,0.0578399999999987,9.45,5.50,9.40,10.00,8.67,7.66,5.30,5.50,5.50,1.0,0.5023923444976076,0.0,0.4845360824742268,0.0,0.5,1.0,0.5882352941176471,10.0,0.0,0.4668820678513731,43.0,43.0,18.0,1.0,1,1.0,0.0,0.0,0.0,1.0,2.0,0.0,0.0,1.0,0.0,1.0,0.0,0.0,1.0,1.0,0.0,8.883333333333333,9.55,32,2,SAU,VER,Max Verstappen,MEX,Mexico,Мексика,#006640,Honda,#DE0000,100.0,0.0,0.0,0.0,36.0,36.0,2,3,1,1.0,2,2,1.0,1,7,9.55,
2024,2024021,2,1,Max Verstappen,Red Bull Racing,1.0,1,1,1,1,1:20:43.273,25,1,VER,2,14,#1A4C82,2-14,16,2,1.0,10.0,1.0,1.0,0.5263157894736842,1,0,0,1.0,1.0,0,0,1.0,1.0,50.0,100,1,1.0,0.0,1.0,1.0,0,0.0,0.0,0.0,1.0,92.853,01:32.853,0.117,0.088,0.029,3,3.80,1,2.00,5,1.80,4,1.85,2,1.0,4,2,5.80,2,3.65,5,0.1,1.384,0.0276800000000002,9.36,5.50,10.00,7.00,9.9,7.66,5.30,5.50,5.50,0.0,0.4976076555023923,1.0,0.5154639175257733,1.0,0.5,0.0,0.4117647058823529,2.0,1.0,0.5331179321486268,43.0,43.0,25.0,1.0,0,0.0,0.0,1.0,0.0,0.0,1.0,0.0,1.0,0.0,0.0,1.0,1.0,0.0,0.0,1.0,45.0,8.323333333333332,9.45,32,2,SAU,PER,Sergio Perez,NLD,Netherlands,Нидерланды,#F75600,Honda,#DE0000,100.0,0.0,0.0,0.0,51.0,51.0,1,1,2,2.0,3,1,2.0,4,5,9.45,
2024,2024021,2,1,Charles Leclerc,Ferrari,2.0,2,3,3,3,+18.639,16,16,LEC,6,5,#BA3B30,6-5,15,3,1.0,9.5,1.0,1.0,0.6551724137931034,2,0,0,1.0,2.0,0,0,1.0,1.0,50.0,100,1,2.0,1.0,3.0,2.0,0,0.0,0.0,0.0,1.0,93.297,01:33.297,0.160,0.105,0.055,7,3.40,3,1.90,6,1.75,5,1.80,3,1.0,5,5,5.30,4,3.55,3,0.06,2.559,0.0511799999999993,8.38,5.50,8.48,7.00,8.94,7.66,5.30,5.50,5.50,0.0,0.4824409902130109,1.0,0.5638297872340426,1.0,0.5,0.0,0.4516129032258064,8.0,0.0,0.4801288936627282,22.0,23.0,16.0,0.0,0,0.0,0.0,0.0,0.0,0.0,0.0,1.0,0.0,0.0,1.0,1.0,0.0,1.0,0.0,1.0,0.0,7.670000000000001,8.85,32,2,SAU,BEA,Oliver Bearman,MON,Monaco,Монако,#D80000,Ferrari,#DC0004,67.0,33.0,0.0,0.0,28.0,28.0,3,2,3,5.0,7,3,4.0,5,6,8.85,
2024,2024021,2,1,Fernando Alonso,Aston Martin,4.0,4,5,5,5,+35.759,10,14,ALO,19,4,#459A72,19-4,7,1,1.0,8.5,1.0,1.0,0.6071428571428571,4,0,0,2.0,4.0,0,0,1.0,,50.0,100,-1,0.0,1.0,1.0,4.0,0,0.0,0.0,0.0,1.0,93.645,01:33.645,0.089,0.062,0.0269999999999999,1,4.00,7,1.70,8,1.65,12,1.45,4,1.0,7,3,5.70,10,3.10,7,0.14,1.459,0.0291799999999989,10.00,5.50,7.28,4.00,9.83,7.66,5.30,5.50,5.50,,,,,,,,,3.0,1.0,1.0,10.0,36.0,10.0,1.0,0,0.0,1.0,0.0,0.0,0.0,1.0,0.0,0.0,0.0,0.0,0.0,0.0,0.0,0.0,0.0,0.0,8.25,8.80,32,2,SAU,STR,Lance Stroll,ESP,Spain,Испания,#F7B800,Mercedes,#707070,0.0,100.0,0.0,0.0,12.0,12.0,5,4,4,3.0,1,7,10.0,12,8,8.80,
2024,2024021,2,1,Oliver Bearman,Ferrari,11.0,11,7,7,7,+42.679,6,38,BEA,30,5,#BA3B30,30-5,10,3,1.0,5.0,0.0,0.0,0.3448275862068966,11,0,0,6.0,11.0,0,0,0.0,0.0,50.0,100,2,3.0,1.0,4.0,11.0,0,0.0,0.0,0.0,1.0,93.855,01:33.855,0.133,0.105,0.028,4,3.70,9,1.60,13,1.40,2,1.95,5,1.0,12,4,5.30,6,3.35,4,0.08,1.649,0.03298,8.99,5.50,6.56,8.50,9.68,7.66,5.30,5.50,5.50,1.0,0.5175590097869891,0.0,0.4361702127659574,0.0,0.5,1.0,0.5483870967741935,4.0,1.0,0.5198711063372718,22.0,23.0,20.0,0.0,0,0.0,0.0,0.0,0.0,0.0,0.0,0.0,0.0,0.0,0.0,0.0,0.0,0.0,0.0,0.0,0.0,8.326666666666666,8.65,32,2,SAU,LEC,Charles Leclerc,GBR,Great Britain,Великобритания,#314486,Ferrari,#DC0004,75.0,25.0,0.0,0.0,6.0,6.0,7,11,5,4.0,4,9,6.0,2,13,8.65,
2024,2024021,2,1,George Russell,Mercedes,7.0,7,6,6,6,+39.936,8,63,RUS,14,10,#0AA395,14-10,10,1,1.0,7.0,1.0,1.0,0.5185185185185185,7,0,0,4.0,7.0,0,0,1.0,1.0,50.0,100,1,1.0,0.0,1.0,7.0,0,0.0,0.0,0.0,1.0,93.767,01:33.767,0.135,0.104,0.031,5,3.60,8,1.65,11,1.50,7,1.70,6,1.0,10,6,5.25,8,3.20,6,0.12,1.816,0.0363200000000006,8.95,5.50,6.86,7.00,9.54,7.66,5.30,5.50,5.50,1.0,0.5420956995760146,0.0,0.4834390415785764,1.0,0.5,1.0,0.7368421052631579,5.0,1.0,0.5740072202166066,10.0,36.0,20.0,0.0,0,0.0,0.0,0.0,0.0,0.0,0.0,0.0,0.0,0.0,0.0,0.0,0.0,0.0,0.0,0.0,0.0,8.049999999999999,8.45,32,2,SAU,HAM,Lewis Hamilton,GBR,Great Britain,Великобритания,#314486,Mercedes,#707070,100.0,0.0,0.0,0.0,18.0,18.0,6,7,6,6.0,5,8,8.0,7,11,8.45,
2024,2024021,2,1,Oscar Piastri,McLaren,5.0,5,4,4,4,+32.007,12,81,PIA,28,9,#DE8E18,28-9,2,1,1.0,8.0,1.0,1.0,0.5161290322580645,5,0,0,3.0,5.0,0,0,1.0,1.0,50.0,100,1,1.0,0.0,1.0,5.0,0,0.0,0.0,0.0,1.0,93.574,01:33.574,0.169,0.075,0.094,10,3.10,5,1.80,9,1.60,6,1.75,7,1.0,8,9,4.90,5,3.35,8,0.16,4.629,0.0925800000000003,8.17,5.50,7.53,7.00,7.26,7.66,5.30,5.50,5.50,0.0,0.4942528735632183,0.0,0.4973579920739762,1.0,0.5,1.0,0.875,14.0,0.0,0.4757536041939711,16.0,36.0,12.0,0.0,0,0.0,0.0,0.0,0.0,0.0,0.0,0.0,0.0,0.0,0.0,0.0,0.0,0.0,0.0,0.0,0.0,7.53,8.25,32,2,SAU,NOR,Lando Norris,AUS,Australia,Австралия,#F7C900,Mercedes,#707070,100.0,0.0,0.0,0.0,16.0,16.0,4,5,7,9.0,10,5,5.0,6,9,8.25,
2024,2024021,2,1,Kevin Magnussen,Haas F1 Team,13.0,13,12,12,12,+1:45.737,0,20,MAG,22,7,#505050,22-7,6,3,1.0,4.0,1.0,1.0,0.5714285714285714,13,0,0,7.0,13.0,0,0,0.0,0.0,50.0,100,1,1.0,0.0,1.0,12.0,1,1.0,0.0,1.0,1.0,94.806,01:34.806,0.195,0.158,0.037,11,3.00,11,1.50,2,1.95,8,1.65,8,1.0,1,12,4.50,3,3.60,3,0.06,1.914,0.0382799999999997,7.58,10.00,3.30,7.00,9.46,7.66,5.30,5.50,5.50,0.0,0.4791403286978508,0.0,0.3900709219858155,1.0,0.5,1.0,0.7368421052631579,6.0,1.0,0.5212121212121213,1.0,23.0,0.0,0.0,0,0.0,0.0,0.0,0.0,0.0,0.0,0.0,0.0,0.0,0.0,0.0,0.0,0.0,0.0,0.0,0.0,7.886666666666667,8.10,32,2,SAU,HUL,Nico Hulkenberg,DEN,Denmark,Дания,#D20019,Ferrari,#DC0004,100.0,0.0,100.0,0.0,0.0,0.0,12,13,8,12.0,11,11,3.0,8,2,8.10,
2024,2024021,2,1,Nico Hulkenberg,Haas F1 Team,15.0,15,10,10,10,+1:16.996,1,27,HUL,25,7,#505050,25-7,11,3,1.0,3.0,0.0,0.0,0.4285714285714285,15,0,0,8.0,15.0,0,0,1.0,1.0,50.0,100,-2,1.0,3.0,4.0,14.0,1,1.0,0.0,1.0,1.0,94.265,01:34.265,0.166,0.099,0.067,9,3.20,10,1.55,3,1.90,15,1.30,9,1.0,2,10,4.75,9,3.20,4,0.08,2.868,0.0573599999999987,8.24,10.00,5.16,2.50,8.69,7.66,5.30,5.50,5.50,1.0,0.5208596713021492,1.0,0.6099290780141844,0.0,0.5,0.0,0.2631578947368421,9.0,0.0,0.4787878787878788,1.0,23.0,1.0,0.0,0,0.0,0.0,0.0,0.0,0.0,0.0,0.0,0.0,0.0,0.0,0.0,0.0,0.0,0.0,0.0,0.0,7.576666666666667,7.95,32,2,SAU,MAG,Kevin Magnussen,GER,Germany,Германия,#000000,Ferrari,#DC0004,25.0,75.0,100.0,0.0,1.0,1.0,10,15,9,10.0,9,10,9.0,15,3,7.95,
2024,2024021,2,1,Lando Norris,McLaren,6.0,6,8,8,8,+45.708,4,4,NOR,4,9,#DE8E18,4-9,10,1,1.0,7.5,0.0,0.0,0.4838709677419355,6,0,0,3.0,6.0,0,0,0.0,0.0,50.0,100,-3,0.0,3.0,3.0,6.0,0,0.0,0.0,0.0,1.0,93.55,01:33.550,0.161,0.075,0.086,8,3.30,4,1.85,10,1.55,17,1.20,10,1.0,9,7,5.15,14,2.75,4,0.08,3.716,0.074319999999999,8.36,5.50,7.61,1.00,8.0,7.66,5.30,5.50,5.50,1.0,0.5057471264367815,1.0,0.5026420079260238,0.0,0.5,0.0,0.125,11.0,1.0,0.5242463958060288,16.0,36.0,20.0,0.0,0,0.0,0.0,0.0,0.0,0.0,0.0,0.0,0.0,0.0,0.0,0.0,0.0,0.0,0.0,0.0,5.0,6.656666666666666,7.90,32,2,SAU,PIA,Oscar Piastri,GBR,Great Britain,Великобритания,#314486,Mercedes,#707070,0.0,100.0,0.0,0.0,12.0,12.0,8,6,10,7.0,8,4,14.0,17,10,7.90,
2024,2024021,2,1,Guanyu Zhou,Kick Sauber,,20,18,18,18,+1 Lap,0,24,ZHO,23,8,#64D064,23-8,5,3,0.0,,0.0,,,20,0,0,10.0,20.0,0,0,0.0,0.0,49.0,98,-1,0.0,1.0,1.0,19.0,0,0.0,0.0,0.0,1.0,94.818,01:34.818,0.142,0.111,0.0309999999999999,6,3.50,12,1.45,15,1.30,13,1.40,11,1.0,14,8,4.95,16,2.70,2,0.0408163265306122,1.231,0.0251224489795923,8.79,5.50,3.26,4.00,10.0,7.66,5.30,5.50,5.50,1.0,0.5613026819923371,1.0,0.5790408525754884,1.0,0.8461538461538461,1.0,0.6153846153846154,1.0,1.0,0.564652738565782,0.0,23.0,0.0,0.0,0,0.0,0.0,0.0,0.0,0.0,0.0,0.0,0.0,0.0,0.0,0.0,0.0,0.0,0.0,0.0,0.0,7.443333333333332,7.65,32,2,SAU,BOT,Valtteri Bottas,CHN,China,Китай,#F70000,Ferrari,#DC0004,0.0,100.0,0.0,0.0,0.0,0.0,18,20,11,8.0,6,12,16.0,13,15,7.65,
2024,2024021,2,1,Lewis Hamilton,Mercedes,8.0,8,9,9,9,+47.391,2,44,HAM,1,10,#0AA395,1-10,10,1,1.0,6.5,0.0,0.0,0.4814814814814814,8,0,0,4.0,8.0,0,0,0.0,0.0,50.0,100,-2,0.0,2.0,2.0,8.0,0,0.0,0.0,0.0,1.0,93.632,01:33.632,0.196,0.084,0.112,12,2.90,6,1.75,12,1.45,14,1.35,12,1.0,11,11,4.65,13,2.80,7,0.14,4.847,0.0969399999999996,7.56,5.50,7.33,2.50,7.08,7.66,5.30,5.50,5.50,0.0,0.4579043004239855,1.0,0.5165609584214235,0.0,0.5,0.0,0.2631578947368421,16.0,0.0,0.4259927797833935,10.0,36.0,20.0,0.0,0,0.0,0.0,0.0,0.0,0.0,0.0,0.0,0.0,0.0,0.0,0.0,0.0,0.0,0.0,0.0,0.0,6.373333333333332,7.45,32,2,SAU,RUS,George Russell,GBR,Great Britain,Великобритания,#314486,Mercedes,#707070,0.0,100.0,0.0,0.0,8.0,8.0,9,8,12,11.0,12,6,13.0,14,12,7.45,
2024,2024021,2,1,Alexander Albon,Williams,12.0,12,11,11,11,+1:28.354,0,23,ALB,24,18,#3C95C9,24-18,20,1,1.0,4.5,1.0,1.0,0.8181818181818182,12,0,0,6.0,12.0,0,0,1.0,1.0,50.0,100,2,2.0,0.0,2.0,13.0,-1,0.0,1.0,1.0,1.0,94.843,01:34.843,0.240,0.157,0.0829999999999999,15,2.60,13,1.40,17,1.20,3,1.90,13,1.0,16,15,4.00,11,3.10,5,0.1,4.448,0.0889599999999995,6.55,1.00,3.17,8.50,7.4,7.66,5.30,5.50,5.50,0.0,0.4749818709209572,1.0,0.6155339805825242,0.0,0.1538461538461538,1.0,0.5483870967741935,13.0,0.0,0.4417910447761194,0.0,36.0,0.0,0.0,0,0.0,0.0,0.0,0.0,0.0,0.0,0.0,0.0,0.0,0.0,0.0,0.0,0.0,0.0,0.0,0.0,5.95,7.10,32,2,SAU,SAR,Logan Sargeant,THA,Thailand,Таиланд,#2E2549,Mercedes,#707070,100.0,0.0,0.0,100.0,0.0,0.0,11,12,13,15.0,15,13,11.0,3,17,7.10,
2024,2024021,2,1,Esteban Ocon,Alpine,17.0,17,13,13,13,+1 Lap,0,31,OCO,13,3,#3494CC,13-3,9,4,1.0,2.0,1.0,1.0,0.5714285714285714,17,0,0,9.0,17.0,0,0,1.0,,49.0,98,0,1.0,1.0,2.0,16.0,1,1.0,0.0,1.0,1.0,95.166,01:35.166,0.259,0.152,0.107,17,2.40,16,1.25,4,1.85,11,1.50,14,1.0,3,17,3.65,7,3.35,5,0.1020408163265306,4.991,0.1018571428571425,6.12,10.00,2.06,5.50,6.88,7.66,5.30,5.50,5.50,,,,,,,,,17.0,1.0,1.0,0.0,0.0,0.0,0.0,0,0.0,0.0,0.0,0.0,0.0,0.0,0.0,0.0,0.0,0.0,0.0,0.0,0.0,0.0,0.0,0.0,6.663333333333334,7.00,32,2,SAU,GAS,Pierre Gasly,FRA,France,Франция,#004CA2,Renault,#FAEF00,50.0,50.0,100.0,0.0,0.0,0.0,13,17,14,17.0,17,16,7.0,11,4,7.00,
2024,2024021,2,1,Logan Sargeant,Williams,19.0,19,14,14,14,+1 Lap,0,2,SAR,27,18,#3C95C9,27-18,21,1,1.0,1.0,0.0,0.0,0.1818181818181818,19,0,0,10.0,19.0,0,0,0.0,0.0,49.0,98,1,1.0,0.0,1.0,18.0,0,0.0,0.0,0.0,1.0,95.191,01:35.191,0.210,0.158,0.0519999999999999,13,2.80,17,1.20,14,1.35,10,1.55,15,1.0,13,14,4.00,12,2.90,2,0.0408163265306122,2.017,0.0411632653061229,7.24,5.50,1.98,7.00,9.35,7.66,5.30,5.50,5.50,1.0,0.5250181290790429,0.0,0.3844660194174757,1.0,0.8461538461538461,0.0,0.4516129032258064,7.0,1.0,0.5582089552238806,0.0,36.0,0.0,0.0,0,0.0,0.0,0.0,0.0,0.0,0.0,0.0,0.0,0.0,0.0,0.0,0.0,0.0,0.0,0.0,0.0,6.91,6.90,32,2,SAU,ALB,Alexander Albon,USA,USA,США,#071C63,Mercedes,#707070,100.0,0.0,0.0,0.0,0.0,0.0,14,19,15,14.0,13,17,12.0,10,14,6.90,
2024,2024021,2,1,Valtteri Bottas,Kick Sauber,16.0,16,17,17,17,+1 Lap,0,77,BOT,3,8,#64D064,3-8,8,3,1.0,2.5,1.0,,,16,0,0,8.0,16.0,0,0,1.0,1.0,49.0,98,-2,0.0,2.0,2.0,17.0,-1,0.0,1.0,1.0,1.0,95.076,01:35.076,0.226,0.136,0.09,14,2.70,14,1.35,19,1.10,16,1.25,16,1.0,18,13,4.05,18,2.35,4,0.0816326530612244,3.989,0.0814081632653068,6.87,1.00,2.37,2.50,7.71,7.66,5.30,5.50,5.50,0.0,0.4386973180076628,0.0,0.4209591474245115,0.0,0.1538461538461538,0.0,0.3846153846153846,12.0,0.0,0.4353472614342179,0.0,23.0,0.0,0.0,0,0.0,0.0,0.0,0.0,0.0,0.0,0.0,0.0,0.0,0.0,0.0,0.0,0.0,0.0,0.0,0.0,5.163333333333333,6.40,32,2,SAU,ZHO,Guanyu Zhou,FIN,Finland,Финляндия,#04276B,Ferrari,#DC0004,0.0,100.0,0.0,100.0,0.0,0.0,17,16,16,13.0,14,14,18.0,16,19,6.40,
2024,2024021,2,1,Yuki Tsunoda,RB,9.0,9,15,15,15,+1 Lap,0,22,TSU,9,11,#476CBF,9-11,13,2,1.0,6.0,1.0,1.0,0.631578947368421,9,0,0,5.0,9.0,0,0,1.0,1.0,49.0,98,-3,0.0,3.0,3.0,10.0,-1,0.0,1.0,1.0,1.0,95.158,01:35.158,0.249,0.151,0.098,16,2.50,15,1.30,16,1.25,18,1.15,17,1.0,15,16,3.80,17,2.40,4,0.0816326530612244,4.671,0.0953265306122447,6.35,1.00,2.09,1.00,7.14,7.66,5.30,5.50,5.50,1.0,0.8639455782312925,1.0,0.6763754045307443,1.0,0.5,0.0,0.125,15.0,1.0,0.877149877149877,0.0,43.0,0.0,0.0,0,0.0,0.0,0.0,0.0,0.0,0.0,0.0,0.0,0.0,0.0,0.0,0.0,0.0,0.0,0.0,0.0,4.566666666666666,6.20,32,2,SAU,RIC,Daniel Ricciardo,JPN,Japan,Япония,#C60018,Honda,#DE0000,0.0,100.0,0.0,100.0,0.0,0.0,15,9,17,16.0,16,15,17.0,18,16,6.20,
2024,2024021,2,1,Daniel Ricciardo,RB,14.0,14,16,16,16,+1 Lap,0,3,RIC,7,11,#476CBF,7-11,2,2,1.0,3.5,0.0,0.0,0.3684210526315789,14,0,0,7.0,14.0,0,0,0.0,0.0,49.0,98,1,1.0,0.0,1.0,15.0,-1,0.0,1.0,1.0,1.0,95.476,01:35.476,0.483,0.196,0.287,18,2.30,18,1.15,18,1.15,9,1.60,18,1.0,17,18,3.45,15,2.75,4,0.0816326530612244,12.069,0.2463061224489788,1.00,1.00,1.00,7.00,1.0,7.66,5.30,5.50,5.50,0.0,0.1360544217687075,0.0,0.3236245954692557,0.0,0.5,1.0,0.875,18.0,0.0,0.1228501228501228,0.0,43.0,12.0,0.0,0,0.0,0.0,0.0,0.0,0.0,0.0,0.0,0.0,0.0,0.0,0.0,0.0,0.0,0.0,0.0,0.0,2.0,6.20,32,2,SAU,TSU,Yuki Tsunoda,AUS,Australia,Австралия,#F7C900,Honda,#DE0000,100.0,0.0,0.0,100.0,0.0,0.0,16,14,18,18.0,18,18,15.0,9,18,6.20,
2024,2024021,2,1,Lance Stroll,Aston Martin,10.0,10,-,DNF,19,-,0,18,STR,10,4,#459A72,10-4,4,1,1.0,5.5,0.0,0.0,0.3928571428571428,10,0,0,5.0,10.0,1,0,0.0,,5.0,10,-,0.0,0.0,0.0,9.0,1,1.0,0.0,1.0,0.0,-,-,0.058,0.058,0.0,DNC,DNC,DNC,DNC,1,DNC,DNC,DNC,DNC,0.0,19,DNC,DNC,DNC,DNC,0,0.0,-,,-,10.00,-,-,,7.66,5.30,5.50,5.50,,,,,,,,,20.0,0.0,,10.0,36.0,0.0,1.0,0,0.0,0.0,0.0,1.0,0.0,1.0,0.0,0.0,0.0,0.0,0.0,0.0,0.0,0.0,0.0,0.0,,DNC,32,2,SAU,ALO,Fernando Alonso,CAN,Canada,Канада,#E30000,Mercedes,#707070,0.0,0.0,100.0,0.0,1.0,1.0,8,10,8,6.5,6,10,12.5,12,1,8.02,
2024,2024021,2,1,Pierre Gasly,Alpine,18.0,18,-,DNF,20,-,0,10,GAS,17,3,#3494CC,17-3,9,4,1.0,1.5,0.0,0.0,0.4285714285714285,18,0,0,9.0,18.0,1,0,0.0,,1.0,2,-,0.0,0.0,0.0,20.0,0,0.0,0.0,0.0,0.0,-,-,-,-,,DNC,DNC,DNC,DNC,DNC,DNC,DNC,DNC,DNC,0.0,20,DNC,DNC,DNC,DNC,-,,-,,-,-,-,-,,7.66,5.30,5.50,5.50,,,,,,,,,,0.0,,0.0,0.0,0.0,0.0,0,0.0,0.0,0.0,0.0,0.0,0.0,0.0,0.0,0.0,0.0,0.0,0.0,0.0,0.0,0.0,0.0,,DNC,32,2,SAU,OCO,Esteban Ocon,FRA,France,Франция,#004CA2,Renault,#FAEF00,0.0,0.0,0.0,0.0,0.0,0.0,16,18,12,11.0,10,14,13.0,17,9,7.28,
2024,2024031,2,2,Carlos Sainz,Ferrari,2.0,2,1,1,1,1:20:26.843,25,55,SAI,8,5,#BA3B30,8-5,7,3,1.0,9.5,1.0,1.0,0.5428571428571428,2,0,0,1.0,2.0,0,0,1.0,1.0,58.0,100,1,1.0,0.0,1.0,2.0,0,0.0,0.0,0.0,1.0,81.436,01:21.436,0.115,0.096,0.019,3,3.80,1,2.00,7,1.70,3,1.90,1,1.0,5,2,5.80,2,3.60,4,0.0689655172413793,1.092,0.0188275862068962,9.50,7.00,10.00,7.43,10.0,6.55,4.73,7.00,6.22,1.0,0.5462909718228867,1.0,0.5032712632108707,1.0,0.5,0.0,0.4603469640644361,1.0,1.0,0.5376344086021505,44.0,47.0,29.0,1.0,1,1.0,0.0,1.0,0.0,0.0,2.0,0.0,1.0,0.0,0.0,1.0,0.0,1.0,0.0,1.0,57.0,8.738333333333333,9.40,2,3,AUS,LEC,Charles Leclerc,ESP,Spain,Испания,#F7B800,Ferrari,#DC0004,100.0,0.0,0.0,0.0,40.0,40.0,1,2,1,2.0,3,1,2.0,3,7,9.40,
2024,2024031,2,2,Lando Norris,McLaren,4.0,3,3,3,3,+5.904,15,4,NOR,4,9,#DE8E18,4-9,10,1,1.0,8.5,1.0,1.0,0.53125,3,0,0,2.0,3.0,0,0,1.0,1.0,58.0,100,1,1.0,0.0,1.0,3.0,0,0.0,0.0,0.0,1.0,81.519,01:21.519,0.102,0.083,0.0189999999999999,1,4.00,3,1.90,8,1.65,4,1.85,2,1.0,6,1,5.90,4,3.50,9,0.1551724137931034,1.429,0.0246379310344823,10.00,7.00,9.56,7.43,9.67,6.55,4.73,7.00,6.22,1.0,0.5685048322910745,1.0,0.5376827896512936,1.0,0.5,1.0,0.5,2.0,1.0,0.5041710114702815,27.0,39.0,15.0,1.0,0,0.0,1.0,0.0,0.0,0.0,1.0,0.0,0.0,0.0,1.0,1.0,0.0,0.0,0.0,0.0,0.0,9.071666666666667,9.40,2,3,AUS,PIA,Oscar Piastri,GBR,Great Britain,Великобритания,#314486,Mercedes,#707070,100.0,0.0,0.0,0.0,27.0,27.0,3,3,2,1.0,1,3,4.0,4,8,9.40,
2024,2024031,2,2,Lance Stroll,Aston Martin,9.0,9,6,6,6,+1:33.222,8,18,STR,10,4,#459A72,10-4,4,1,1.0,6.0,1.0,1.0,0.5217391304347826,9,0,0,5.0,9.0,0,0,1.0,1.0,58.0,100,-1,0.0,1.0,1.0,8.0,1,1.0,0.0,1.0,1.0,82.52,01:22.520,0.114,0.083,0.031,2,3.90,8,1.65,2,1.95,12,1.45,3,1.0,2,3,5.55,6,3.40,7,0.1206896551724138,1.763,0.0303965517241365,9.54,10.00,4.19,4.86,9.34,6.55,4.73,7.00,6.22,1.0,0.5955056179775281,0.0,0.4629834254143646,1.0,0.7142857142857143,1.0,0.5,4.0,1.0,0.591513616212793,12.0,39.0,8.0,0.0,0,0.0,0.0,0.0,0.0,0.0,0.0,0.0,0.0,0.0,0.0,0.0,0.0,0.0,0.0,0.0,0.0,8.836666666666666,8.95,2,3,AUS,ALO,Fernando Alonso,CAN,Canada,Канада,#E30000,Mercedes,#707070,0.0,100.0,100.0,0.0,9.0,9.0,6,9,3,3.0,2,8,6.0,12,2,8.95,
2024,2024031,2,2,George Russell,Mercedes,7.0,7,17,17,17,,0,63,RUS,14,10,#0AA395,14-10,10,1,1.0,7.0,1.0,1.0,0.5833333333333334,7,0,0,4.0,7.0,0,0,1.0,,56.0,97,0,1.0,1.0,2.0,6.0,1,1.0,0.0,1.0,1.0,82.35,01:22.350,0.152,0.078,0.074,6,3.50,6,1.75,1,2.00,8,1.65,4,1.0,1,7,5.25,1,3.65,8,0.1428571428571428,3.380,0.0603571428571427,8.09,10.00,5.10,6.14,7.62,6.55,4.73,7.00,6.22,,,,,,,,,8.0,1.0,0.6435810810810811,0.0,39.0,15.0,1.0,0,0.0,0.0,0.0,1.0,0.0,1.0,0.0,0.0,0.0,0.0,0.0,0.0,0.0,0.0,0.0,0.0,8.083333333333334,8.90,2,3,AUS,HAM,Lewis Hamilton,GBR,Great Britain,Великобритания,#314486,Mercedes,#707070,50.0,50.0,100.0,0.0,18.0,18.0,17,7,4,7.0,6,6,1.0,8,1,8.90,
2024,2024031,2,2,Charles Leclerc,Ferrari,5.0,4,2,2,2,+2.366,19,16,LEC,6,5,#BA3B30,6-5,15,3,1.0,8.0,0.0,0.0,0.4571428571428571,4,0,0,2.0,4.0,0,0,0.0,0.0,58.0,100,2,2.0,0.0,2.0,4.0,0,0.0,0.0,0.0,1.0,81.46,01:21.460,0.157,0.118,0.039,7,3.40,2,1.95,9,1.60,2,1.95,5,1.0,7,5,5.35,3,3.55,6,0.1034482758620689,2.508,0.0432413793103445,7.89,7.00,9.87,8.71,8.6,6.55,4.73,7.00,6.22,0.0,0.4537090281771132,0.0,0.4967287367891294,0.0,0.5,1.0,0.5396530359355638,7.0,0.0,0.4623655913978494,44.0,47.0,19.0,0.0,0,0.0,0.0,0.0,0.0,0.0,0.0,1.0,0.0,1.0,0.0,1.0,0.0,0.0,0.0,0.0,0.0,7.878333333333333,8.90,2,3,AUS,SAI,Carlos Sainz,MON,Monaco,Монако,#D80000,Ferrari,#DC0004,100.0,0.0,0.0,0.0,47.0,47.0,2,4,5,5.0,7,2,3.0,2,9,8.90,
2024,2024031,2,2,Sergio Perez,Red Bull Racing,3.0,6,5,5,5,+56.309,10,11,PER,5,14,#1A4C82,5-14,14,2,1.0,9.0,0.0,0.0,0.4736842105263157,6,0,0,3.0,6.0,0,0,1.0,,58.0,100,3,3.0,0.0,3.0,7.0,-1,0.0,1.0,1.0,1.0,81.948,01:21.948,0.137,0.084,0.053,5,3.60,5,1.80,16,1.25,1,2.00,6,1.0,14,4,5.40,9,3.25,6,0.1034482758620689,2.417,0.0416724137931029,8.66,4.00,7.26,10.00,8.69,6.55,4.73,7.00,6.22,,,,,,,,,6.0,1.0,1.0,10.0,16.0,10.0,1.0,0,0.0,0.0,0.0,0.0,1.0,1.0,0.0,0.0,0.0,0.0,0.0,0.0,0.0,1.0,1.0,0.0,8.106666666666667,8.65,2,3,AUS,VER,Max Verstappen,MEX,Mexico,Мексика,#006640,Honda,#DE0000,100.0,0.0,0.0,100.0,46.0,46.0,5,6,6,4.0,5,5,9.0,1,16,8.65,
2024,2024031,2,2,Oscar Piastri,McLaren,6.0,5,4,4,4,+35.770,12,81,PIA,28,9,#DE8E18,28-9,2,1,1.0,7.5,0.0,0.0,0.46875,5,0,0,3.0,5.0,0,0,0.0,0.0,58.0,100,1,2.0,1.0,3.0,5.0,0,0.0,0.0,0.0,1.0,81.769,01:21.769,0.165,0.132,0.033,8,3.30,4,1.85,10,1.55,5,1.80,7,1.0,8,8,5.15,7,3.35,2,0.0344827586206896,1.593,0.0274655172413796,7.59,7.00,8.22,7.43,9.51,6.55,4.73,7.00,6.22,0.0,0.4314951677089255,0.0,0.4623172103487064,0.0,0.5,0.0,0.5,3.0,0.0,0.4958289885297184,27.0,39.0,12.0,0.0,0,0.0,0.0,0.0,0.0,0.0,0.0,0.0,0.0,0.0,0.0,0.0,0.0,0.0,0.0,0.0,0.0,7.465,8.50,2,3,AUS,NOR,Lando Norris,AUS,Australia,Австралия,#F7C900,Mercedes,#707070,67.0,33.0,0.0,0.0,28.0,28.0,4,5,7,8.0,8,4,7.0,5,10,8.50,
2024,2024031,2,2,Yuki Tsunoda,RB,8.0,8,7,7,7,+1:35.601,6,22,TSU,9,11,#476CBF,9-11,13,2,1.0,6.5,1.0,1.0,0.8125,8,0,0,4.0,8.0,0,0,1.0,1.0,58.0,100,1,1.0,0.0,1.0,9.0,-1,0.0,1.0,1.0,1.0,82.584,01:22.584,0.124,0.077,0.047,4,3.70,9,1.60,17,1.20,6,1.75,8,1.0,15,6,5.30,11,2.95,6,0.1034482758620689,2.356,0.0406206896551723,9.16,4.00,3.85,7.43,8.75,6.55,4.73,7.00,6.22,1.0,0.6423562412342216,1.0,0.6130573248407644,0.0,0.3636363636363636,1.0,0.5,5.0,1.0,0.5696614583333334,6.0,16.0,6.0,0.0,0,0.0,0.0,0.0,0.0,0.0,0.0,0.0,0.0,0.0,0.0,0.0,0.0,0.0,0.0,0.0,0.0,8.011666666666667,8.25,2,3,AUS,RIC,Daniel Ricciardo,JPN,Japan,Япония,#C60018,Honda,#DE0000,100.0,0.0,0.0,100.0,6.0,6.0,7,8,8,6.0,4,9,11.0,6,17,8.25,
2024,2024031,2,2,Valtteri Bottas,Kick Sauber,13.0,13,14,14,14,+1 Lap,0,77,BOT,3,8,#64D064,3-8,8,3,1.0,4.0,1.0,1.0,0.8,13,0,0,7.0,13.0,0,0,1.0,1.0,57.0,98,0,0.0,0.0,0.0,12.0,1,1.0,0.0,1.0,1.0,82.779,01:22.779,0.337,0.112,0.225,17,2.40,10,1.55,4,1.85,9,1.60,9,1.0,3,16,3.95,5,3.45,8,0.1403508771929824,10.026,0.1758947368421044,1.00,10.00,2.81,6.14,1.0,6.55,4.73,7.00,6.22,0.0,0.1672240802675585,1.0,0.5928270042194093,1.0,0.5882352941176471,1.0,0.5,18.0,0.0,0.1631321370309951,0.0,47.0,0.0,0.0,0,0.0,0.0,0.0,0.0,0.0,0.0,0.0,0.0,0.0,0.0,0.0,0.0,0.0,0.0,0.0,0.0,3.356666666666667,7.40,2,3,AUS,ZHO,Guanyu Zhou,FIN,Finland,Финляндия,#04276B,Ferrari,#DC0004,0.0,0.0,100.0,0.0,0.0,0.0,14,13,9,16.0,17,10,5.0,9,4,7.40,
2024,2024031,2,2,Nico Hulkenberg,Haas F1 Team,16.0,16,9,9,9,+1:44.553,2,27,HUL,25,7,#505050,25-7,11,3,1.0,2.5,0.0,0.0,0.4166666666666667,16,0,0,8.0,16.0,0,0,1.0,1.0,58.0,100,-1,1.0,2.0,3.0,16.0,0,0.0,0.0,0.0,1.0,82.827,01:22.827,0.182,0.092,0.09,9,3.20,11,1.50,12,1.45,16,1.25,10,1.0,10,10,4.70,14,2.70,8,0.1379310344827586,4.315,0.0743965517241388,6.94,7.00,2.55,4.86,6.82,6.55,4.73,7.00,6.22,1.0,0.6241007194244604,1.0,0.5182926829268293,0.0,0.4117647058823529,0.0,0.4418181818181818,9.0,1.0,0.5531224655312247,3.0,47.0,2.0,0.0,0,0.0,0.0,0.0,0.0,0.0,0.0,0.0,0.0,0.0,0.0,0.0,0.0,0.0,0.0,0.0,0.0,6.603333333333334,7.40,2,3,AUS,MAG,Kevin Magnussen,GER,Germany,Германия,#000000,Ferrari,#DC0004,33.0,67.0,0.0,0.0,3.0,3.0,9,16,10,10.0,9,11,14.0,16,12,7.40,
2024,2024031,2,2,Daniel Ricciardo,RB,18.0,18,12,12,12,+1 Lap,0,3,RIC,7,11,#476CBF,7-11,2,2,1.0,1.5,0.0,0.0,0.1875,18,0,0,9.0,18.0,0,0,0.0,0.0,57.0,98,1,1.0,0.0,1.0,18.0,0,0.0,0.0,0.0,1.0,82.85,01:22.850,0.230,0.140,0.09,12,2.90,12,1.45,14,1.35,7,1.70,11,1.0,12,12,4.35,10,3.05,3,0.0526315789473684,4.448,0.0780350877192978,5.10,7.00,2.43,7.43,6.61,6.55,4.73,7.00,6.22,0.0,0.3576437587657783,0.0,0.3869426751592357,1.0,0.6363636363636364,0.0,0.5,10.0,0.0,0.4303385416666667,6.0,16.0,12.0,0.0,0,0.0,0.0,0.0,0.0,0.0,0.0,0.0,0.0,0.0,0.0,0.0,0.0,0.0,0.0,0.0,0.0,5.805,7.40,2,3,AUS,TSU,Yuki Tsunoda,AUS,Australia,Австралия,#F7C900,Honda,#DE0000,100.0,0.0,0.0,0.0,0.0,0.0,12,18,11,12.0,12,12,10.0,7,14,7.40,
2024,2024031,2,2,Fernando Alonso,Aston Martin,10.0,10,8,8,8,+1:40.992,4,14,ALO,19,4,#459A72,19-4,7,1,1.0,5.5,0.0,0.0,0.4782608695652174,10,0,0,5.0,10.0,0,0,0.0,0.0,58.0,100,-1,0.0,1.0,1.0,11.0,-1,0.0,1.0,1.0,1.0,82.395,01:22.395,0.194,0.106,0.088,10,3.10,7,1.70,18,1.15,13,1.40,12,1.0,16,9,4.80,16,2.55,5,0.0862068965517241,4.684,0.0807586206896556,6.48,4.00,4.86,4.86,6.45,6.55,4.73,7.00,6.22,0.0,0.4044943820224719,1.0,0.5370165745856353,0.0,0.2857142857142857,0.0,0.5,11.0,0.0,0.4084863837872071,12.0,39.0,29.0,0.0,0,0.0,0.0,0.0,0.0,0.0,0.0,0.0,0.0,0.0,0.0,0.0,0.0,0.0,0.0,0.0,0.0,5.796666666666667,7.35,2,3,AUS,STR,Lance Stroll,ESP,Spain,Испания,#F7B800,Mercedes,#707070,0.0,100.0,0.0,100.0,16.0,16.0,8,10,12,9.0,10,7,16.0,13,18,7.35,
2024,2024031,2,2,Kevin Magnussen,Haas F1 Team,14.0,14,10,10,10,+1 Lap,1,20,MAG,22,7,#505050,22-7,6,3,1.0,3.5,1.0,1.0,0.5833333333333334,14,0,0,7.0,14.0,0,0,0.0,0.0,57.0,98,0,1.0,1.0,2.0,13.0,1,1.0,0.0,1.0,1.0,82.86,01:22.860,0.254,0.122,0.132,15,2.60,14,1.35,5,1.80,10,1.55,13,1.0,4,15,3.95,8,3.35,7,0.1228070175438596,5.540,0.0971929824561397,4.18,10.00,2.37,6.14,5.51,6.55,4.73,7.00,6.22,0.0,0.3758992805755395,0.0,0.4817073170731707,1.0,0.5882352941176471,1.0,0.5581818181818181,13.0,0.0,0.4468775344687753,3.0,47.0,1.0,0.0,0,0.0,0.0,0.0,0.0,0.0,0.0,0.0,0.0,0.0,0.0,0.0,0.0,0.0,0.0,0.0,0.0,5.476666666666667,7.30,2,3,AUS,HUL,Nico Hulkenberg,DEN,Denmark,Дания,#D20019,Ferrari,#DC0004,50.0,50.0,100.0,0.0,1.0,1.0,10,14,13,15.0,15,14,8.0,10,5,7.30,
2024,2024031,2,2,Esteban Ocon,Alpine,15.0,15,16,16,16,+1 Lap,0,31,OCO,13,3,#3494CC,13-3,9,4,1.0,3.0,1.0,1.0,0.6,15,0,0,8.0,15.0,0,0,0.0,0.0,57.0,98,-1,0.0,1.0,1.0,15.0,0,0.0,0.0,0.0,1.0,82.859,01:22.859,0.221,0.067,0.154,11,3.00,13,1.40,11,1.50,15,1.30,14,1.0,9,11,4.40,12,2.80,5,0.087719298245614,6.938,0.1217192982456138,5.44,7.00,2.38,4.86,4.1,6.55,4.73,7.00,6.22,1.0,0.6724351050679852,1.0,0.7041420118343196,1.0,0.5,1.0,0.8293515358361775,17.0,0.0,0.4875148632580261,0.0,0.0,0.0,0.0,0,0.0,0.0,0.0,0.0,0.0,0.0,0.0,0.0,0.0,0.0,0.0,0.0,0.0,0.0,0.0,0.0,5.603333333333334,7.20,2,3,AUS,GAS,Pierre Gasly,FRA,France,Франция,#004CA2,Renault,#FAEF00,0.0,100.0,0.0,0.0,0.0,0.0,16,15,14,11.0,11,13,12.0,15,11,7.20,
2024,2024031,2,2,Guanyu Zhou,Kick Sauber,19.0,19,15,15,15,+1 Lap,0,24,ZHO,23,8,#64D064,23-8,5,3,1.0,1.0,0.0,0.0,0.2,19,0,0,10.0,19.0,0,0,0.0,0.0,57.0,98,0,0.0,0.0,0.0,19.0,0,0.0,0.0,0.0,1.0,82.942,01:22.942,0.233,0.111,0.122,13,2.80,16,1.25,15,1.30,11,1.50,15,1.0,13,13,4.05,13,2.80,6,0.1052631578947368,5.915,0.1037719298245607,4.98,7.00,1.93,6.14,5.13,6.55,4.73,7.00,6.22,1.0,0.8327759197324415,0.0,0.4071729957805907,0.0,0.4117647058823529,0.0,0.5,14.0,1.0,0.8368678629690048,0.0,47.0,0.0,0.0,0,0.0,0.0,0.0,0.0,0.0,0.0,0.0,0.0,0.0,0.0,0.0,0.0,0.0,0.0,0.0,0.0,5.510000000000001,6.85,2,3,AUS,BOT,Valtteri Bottas,CHN,China,Китай,#F70000,Ferrari,#DC0004,0.0,0.0,0.0,0.0,0.0,0.0,15,19,15,13.0,13,16,13.0,11,15,6.85,
2024,2024031,2,2,Alexander Albon,Williams,12.0,12,11,11,11,+1 Lap,0,23,ALB,24,18,#3C95C9,24-18,20,1,1.0,4.5,1.0,1.0,1.0,12,0,0,6.0,12.0,0,0,,,57.0,98,-1,0.0,1.0,1.0,14.0,-2,0.0,2.0,2.0,1.0,82.937,01:22.937,0.253,0.147,0.106,14,2.70,15,1.30,19,1.10,14,1.35,16,1.0,17,14,4.00,17,2.45,4,0.0701754385964912,5.385,0.0944736842105271,4.22,1.00,1.96,4.86,5.67,6.55,4.73,7.00,6.22,1.0,1.0,1.0,1.0,1.0,1.0,1.0,1.0,12.0,1.0,1.0,0.0,39.0,0.0,0.0,0,0.0,0.0,0.0,0.0,0.0,0.0,0.0,0.0,0.0,0.0,0.0,0.0,0.0,0.0,0.0,0.0,3.79,6.45,2,3,AUS,,,THA,Thailand,Таиланд,#2E2549,Mercedes,#707070,0.0,100.0,0.0,100.0,0.0,0.0,11,12,16,14.0,14,15,17.0,14,19,6.45,
2024,2024031,2,2,Pierre Gasly,Alpine,17.0,17,13,13,13,+1 Lap,0,10,GAS,17,3,#3494CC,17-3,9,4,1.0,2.0,0.0,0.0,0.4,17,0,0,9.0,17.0,0,0,1.0,1.0,57.0,98,-4,0.0,4.0,4.0,17.0,0,0.0,0.0,0.0,1.0,83.116,01:23.116,0.294,0.165,0.1289999999999999,16,2.50,17,1.20,13,1.40,17,1.20,17,1.0,11,17,3.70,15,2.60,7,0.1228070175438596,6.734,0.1181403508771936,2.65,7.00,1.00,1.00,4.31,6.55,4.73,7.00,6.22,0.0,0.3275648949320148,0.0,0.2958579881656805,0.0,0.5,0.0,0.1706484641638225,15.0,1.0,0.5124851367419738,0.0,0.0,0.0,0.0,0,0.0,0.0,0.0,0.0,0.0,0.0,0.0,0.0,0.0,0.0,0.0,0.0,0.0,0.0,0.0,0.0,3.1,6.30,2,3,AUS,OCO,Esteban Ocon,FRA,France,Франция,#004CA2,Renault,#FAEF00,0.0,100.0,0.0,0.0,0.0,0.0,13,17,17,17.0,16,17,15.0,17,13,6.30,
2024,2024031,2,2,Lewis Hamilton,Mercedes,11.0,11,-,DNF,18,-,0,44,HAM,1,10,#0AA395,1-10,10,1,1.0,5.0,0.0,0.0,0.4166666666666667,11,0,0,6.0,11.0,1,0,0.0,,15.0,26,-,0.0,0.0,0.0,10.0,1,1.0,0.0,1.0,0.0,-,-,0.402,0.231,0.171,DNC,DNC,DNC,DNC,3,DNC,DNC,DNC,DNC,0.0,19,DNC,DNC,DNC,DNC,1,0.0666666666666666,1.795,0.1196666666666667,-,10.00,-,-,4.22,6.55,4.73,7.00,6.22,,,,,,,,,16.0,0.0,0.3564189189189189,0.0,39.0,15.0,0.0,0,0.0,0.0,0.0,0.0,0.0,0.0,0.0,0.0,0.0,0.0,0.0,0.0,0.0,0.0,0.0,0.0,,DNC,2,3,AUS,RUS,George Russell,GBR,Great Britain,Великобритания,#314486,Mercedes,#707070,0.0,0.0,100.0,0.0,8.0,8.0,9,11,10,9.0,9,8,12.5,15,3,7.75,
2024,2024031,2,2,Max Verstappen,Red Bull Racing,1.0,1,-,DNF,19,-,0,1,VER,2,14,#1A4C82,2-14,16,2,1.0,10.0,1.0,1.0,0.5263157894736842,1,0,0,1.0,1.0,1,0,0.0,,4.0,7,-,0.0,1.0,1.0,1.0,0,0.0,0.0,0.0,0.0,-,-,-,-,,DNC,DNC,DNC,DNC,6,DNC,DNC,DNC,DNC,0.0,18,DNC,DNC,DNC,DNC,-,,-,,-,7.00,-,-,,6.55,4.73,7.00,6.22,,,,,,,,,,0.0,,10.0,16.0,0.0,0.0,0,0.0,0.0,0.0,0.0,0.0,0.0,0.0,0.0,0.0,0.0,0.0,1.0,0.0,0.0,1.0,1.0,,DNC,2,3,AUS,PER,Sergio Perez,NLD,Netherlands,Нидерланды,#F75600,Honda,#DE0000,0.0,100.0,0.0,0.0,51.0,51.0,1,1,2,1.5,3,1,2.5,6,6,9.47,
2024,2024041,2,3,Max Verstappen,Red Bull Racing,1.0,1,1,1,1,1:54:23.566,26,1,VER,2,14,#1A4C82,2-14,16,2,1.0,10.0,1.0,1.0,0.5120327700972862,1,0,0,1.0,1.0,0,0,1.0,1.0,53.0,100,1,1.0,0.0,1.0,1.0,0,0.0,0.0,0.0,1.0,96.028,01:36.028,0.169,0.123,0.046,3,3.80,1,2.00,1,2.00,7,1.70,1,1.0,1,1,5.80,3,3.70,5,0.0943396226415094,2.417,0.0456037735849051,9.65,1.00,10.00,6.50,8.78,6.86,5.76,1.00,5.94,1.0,0.524741707449701,1.0,0.522466039707419,1.0,0.5,0.0,0.4333333333333333,3.0,1.0,0.5532451165721487,44.0,45.0,26.0,1.0,1,1.0,0.0,1.0,1.0,0.0,3.0,1.0,1.0,0.0,0.0,1.0,1.0,0.0,0.0,1.0,48.0,7.683333333333334,9.50,22,4,JPN,PER,Sergio Perez,NLD,Netherlands,Нидерланды,#F75600,Honda,#DE0000,100.0,0.0,0.0,0.0,77.0,77.0,1,1,1,1.0,3,1,3.0,7,1,9.50,
2024,2024041,2,3,Sergio Perez,Red Bull Racing,2.0,2,2,2,2,+12.535,18,11,PER,5,14,#1A4C82,5-14,14,2,1.0,9.53,0.0,0.0,0.4879672299027137,2,0,0,1.0,2.0,0,0,0.0,0.0,53.0,100,5,5.0,0.0,5.0,2.0,0,0.0,0.0,0.0,1.0,96.309,01:36.309,0.195,0.116,0.079,5,3.60,2,1.95,2,1.95,2,1.95,2,1.0,2,5,5.55,1,3.90,8,0.1509433962264151,4.100,0.077358490566036,8.74,1.00,9.14,8.50,7.09,6.86,5.76,1.00,5.94,0.0,0.475258292550299,0.0,0.477533960292581,0.0,0.5,1.0,0.5666666666666667,11.0,0.0,0.4467548834278513,44.0,45.0,18.0,0.0,0,0.0,0.0,0.0,0.0,0.0,0.0,0.0,0.0,1.0,0.0,1.0,0.0,1.0,0.0,1.0,0.0,7.41,9.45,22,4,JPN,VER,Max Verstappen,MEX,Mexico,Мексика,#006640,Honda,#DE0000,100.0,0.0,0.0,0.0,64.0,64.0,2,2,2,5.0,5,2,1.0,2,2,9.45,
2024,2024041,2,3,Carlos Sainz,Ferrari,4.0,4,3,3,3,+20.866,15,55,SAI,8,5,#BA3B30,8-5,7,3,1.0,8.58,1.0,1.0,0.562254259501966,4,0,0,2.0,4.0,0,0,1.0,1.0,53.0,100,5,5.0,0.0,5.0,4.0,0,0.0,0.0,0.0,1.0,96.441,01:36.441,0.193,0.117,0.076,4,3.70,3,1.90,4,1.85,3,1.90,3,1.0,4,4,5.60,2,3.75,5,0.0943396226415094,3.658,0.0690188679245285,8.81,1.00,8.74,8.50,7.54,6.86,5.76,1.00,5.94,0.0,0.474676724137931,1.0,0.5455680399500624,1.0,0.5,1.0,0.6296296296296297,8.0,1.0,0.5013297872340425,27.0,27.0,23.0,0.0,0,0.0,0.0,0.0,0.0,0.0,0.0,0.0,0.0,0.0,1.0,1.0,0.0,0.0,0.0,0.0,1.0,7.456666666666667,9.35,22,4,JPN,LEC,Charles Leclerc,ESP,Spain,Испания,#F7B800,Ferrari,#DC0004,100.0,0.0,0.0,0.0,55.0,55.0,3,4,3,4.0,4,3,2.0,3,4,9.35,
2024,2024041,2,3,Fernando Alonso,Aston Martin,5.0,5,6,6,6,+44.272,8,14,ALO,19,4,#459A72,19-4,7,1,1.0,8.11,1.0,1.0,0.7372727272727272,5,0,0,3.0,5.0,0,0,1.0,1.0,53.0,100,1,1.0,0.0,1.0,5.0,0,0.0,0.0,0.0,1.0,96.91,01:36.910,0.159,0.099,0.06,1,4.00,6,1.75,5,1.80,8,1.65,4,1.0,5,2,5.75,6,3.45,4,0.0754716981132075,2.493,0.0470377358490565,10.00,1.00,7.30,6.50,8.71,6.86,5.76,1.00,5.94,1.0,0.6373486297004461,1.0,0.601317957166392,1.0,0.5,0.0,0.3939393939393939,4.0,1.0,0.5576184379001281,8.0,30.0,23.0,1.0,0,0.0,1.0,0.0,0.0,0.0,1.0,0.0,0.0,0.0,0.0,0.0,0.0,0.0,0.0,0.0,0.0,7.916666666666667,9.20,22,4,JPN,STR,Lance Stroll,ESP,Spain,Испания,#F7B800,Mercedes,#707070,100.0,0.0,0.0,0.0,24.0,24.0,6,5,4,2.0,1,6,6.0,8,5,9.20,
2024,2024041,2,3,Oscar Piastri,McLaren,6.0,6,8,8,8,+47.525,4,81,PIA,28,9,#DE8E18,28-9,2,1,1.0,7.63,0.0,0.0,0.4574340527577937,6,0,0,3.0,6.0,0,0,0.0,0.0,53.0,100,2,2.0,0.0,2.0,6.0,0,0.0,0.0,0.0,1.0,96.909,01:36.909,0.216,0.155,0.061,7,3.40,5,1.80,6,1.75,5,1.80,5,1.0,6,6,5.20,4,3.55,3,0.0566037735849056,2.819,0.0531886792452833,8.00,1.00,7.30,7.00,8.38,6.86,5.76,1.00,5.94,1.0,0.5669737774627923,0.0,0.4676489429852659,0.0,0.5,1.0,0.5384615384615384,5.0,1.0,0.6310240963855421,14.0,30.0,4.0,0.0,0,0.0,0.0,0.0,0.0,0.0,0.0,0.0,0.0,0.0,0.0,0.0,0.0,0.0,0.0,0.0,0.0,6.666666666666667,8.75,22,4,JPN,NOR,Lando Norris,AUS,Australia,Австралия,#F7C900,Mercedes,#707070,100.0,0.0,0.0,0.0,32.0,32.0,8,6,5,6.0,7,5,4.0,5,6,8.75,
2024,2024041,2,3,Charles Leclerc,Ferrari,8.0,8,4,4,4,+26.522,12,16,LEC,6,5,#BA3B30,6-5,15,3,1.0,6.68,0.0,0.0,0.437745740498034,8,0,0,4.0,8.0,0,0,0.0,0.0,53.0,100,-2,1.0,3.0,4.0,8.0,0,0.0,0.0,0.0,1.0,96.918,01:36.918,0.166,0.096,0.07,2,3.90,7,1.70,8,1.65,12,1.45,6,1.0,8,3,5.60,10,3.10,7,0.1320754716981132,3.696,0.0697358490566042,9.75,1.00,7.28,5.00,7.5,6.86,5.76,1.00,5.94,1.0,0.525323275862069,0.0,0.4544319600499376,0.0,0.5,0.0,0.3703703703703703,9.0,0.0,0.4986702127659574,27.0,27.0,12.0,0.0,0,0.0,0.0,0.0,0.0,0.0,0.0,0.0,0.0,0.0,0.0,0.0,0.0,0.0,0.0,0.0,4.0,7.5,8.70,22,4,JPN,SAI,Carlos Sainz,MON,Monaco,Монако,#D80000,Ferrari,#DC0004,25.0,75.0,0.0,0.0,59.0,59.0,4,8,6,3.0,2,7,10.0,12,8,8.70,
2024,2024041,2,3,Lando Norris,McLaren,3.0,3,5,5,5,+29.700,10,4,NOR,4,9,#DE8E18,4-9,10,1,1.0,9.05,1.0,1.0,0.5425659472422063,3,0,0,2.0,3.0,0,0,1.0,1.0,53.0,100,0,3.0,3.0,6.0,3.0,0,0.0,0.0,0.0,1.0,96.579,01:36.579,0.270,0.129,0.141,13,2.80,4,1.85,3,1.90,10,1.55,7,1.0,3,9,4.65,5,3.45,10,0.1886792452830188,6.280,0.1184905660377353,6.11,1.00,8.31,6.00,4.9,6.86,5.76,1.00,5.94,0.0,0.4330262225372077,1.0,0.5323510570147342,1.0,0.5,0.0,0.4615384615384615,14.0,0.0,0.3689759036144578,14.0,30.0,18.0,0.0,0,0.0,0.0,0.0,0.0,0.0,0.0,0.0,0.0,0.0,0.0,0.0,0.0,0.0,1.0,1.0,0.0,5.24,8.10,22,4,JPN,PIA,Oscar Piastri,GBR,Great Britain,Великобритания,#314486,Mercedes,#707070,50.0,50.0,0.0,0.0,37.0,37.0,5,3,7,9.0,13,4,5.0,10,3,8.10,
2024,2024041,2,3,Lewis Hamilton,Mercedes,7.0,7,9,9,9,+48.626,2,44,HAM,1,10,#0AA395,1-10,10,1,1.0,7.16,1.0,1.0,0.5355272999252056,7,0,0,4.0,7.0,0,0,0.0,0.0,53.0,100,-7,0.0,7.0,7.0,7.0,0,0.0,0.0,0.0,1.0,97.007,01:37.007,0.206,0.134,0.0719999999999999,6,3.50,9,1.60,7,1.70,16,1.25,8,1.0,7,7,5.10,12,2.95,4,0.0754716981132075,3.383,0.0638301886792449,8.35,1.00,7.00,2.50,7.81,6.86,5.76,1.00,5.94,1.0,0.5274794693619709,0.0,0.4926108374384236,1.0,0.5,0.0,0.3571428571428571,7.0,0.0,0.4908862350722816,8.0,30.0,18.0,0.0,0,0.0,0.0,0.0,0.0,0.0,0.0,0.0,0.0,0.0,0.0,0.0,0.0,0.0,0.0,0.0,0.0,6.15,8.05,22,4,JPN,RUS,George Russell,GBR,Great Britain,Великобритания,#314486,Mercedes,#707070,0.0,100.0,0.0,0.0,10.0,10.0,9,7,8,7.0,6,9,12.0,16,7,8.05,
2024,2024041,2,3,George Russell,Mercedes,9.0,9,7,7,7,+45.951,6,63,RUS,14,10,#0AA395,14-10,10,1,1.0,6.21,0.0,0.0,0.4644727000747943,9,0,0,5.0,9.0,0,0,1.0,1.0,53.0,100,-3,2.0,5.0,7.0,9.0,0,0.0,0.0,0.0,1.0,96.938,01:36.938,0.231,0.180,0.051,9,3.20,8,1.65,9,1.60,13,1.40,9,1.0,9,8,4.85,11,3.00,4,0.0754716981132075,3.098,0.0584528301886794,7.48,1.00,7.21,4.50,8.1,6.86,5.76,1.00,5.94,0.0,0.472520530638029,1.0,0.5073891625615763,0.0,0.5,1.0,0.6428571428571429,6.0,1.0,0.5091137649277184,8.0,30.0,18.0,0.0,0,0.0,0.0,0.0,0.0,0.0,0.0,0.0,0.0,0.0,0.0,0.0,0.0,0.0,0.0,0.0,0.0,5.903333333333333,7.85,22,4,JPN,HAM,Lewis Hamilton,GBR,Great Britain,Великобритания,#314486,Mercedes,#707070,29.0,71.0,0.0,0.0,24.0,24.0,7,9,9,8.0,9,8,11.0,13,9,7.85,
2024,2024041,2,3,Yuki Tsunoda,RB,10.0,10,10,10,10,+1 Lap,1,22,TSU,9,11,#476CBF,9-11,13,2,1.0,5.74,1.0,1.0,0.5218181818181818,10,0,0,5.0,10.0,0,0,1.0,,52.0,98,3,5.0,2.0,7.0,12.0,0,0.0,0.0,0.0,1.0,97.916,01:37.916,0.253,0.210,0.043,11,3.00,12,1.45,10,1.55,4,1.85,10,1.0,10,12,4.45,7,3.40,2,0.0384615384615384,1.855,0.0356730769230767,6.71,1.00,4.22,7.50,9.31,6.86,5.76,1.00,5.94,,,,,,,,,2.0,1.0,1.0,1.0,45.0,1.0,0.0,0,0.0,0.0,0.0,0.0,0.0,0.0,0.0,0.0,0.0,0.0,0.0,0.0,0.0,0.0,0.0,0.0,5.890000000000001,7.85,22,4,JPN,RIC,Daniel Ricciardo,JPN,Japan,Япония,#C60018,Honda,#DE0000,71.0,29.0,0.0,0.0,7.0,7.0,10,10,10,12.0,11,12,7.0,4,10,7.85,
2024,2024041,2,3,Lance Stroll,Aston Martin,16.0,16,12,12,12,+1 Lap,0,18,STR,10,4,#459A72,10-4,4,1,1.0,2.89,0.0,0.0,0.2627272727272727,16,0,0,8.0,16.0,0,0,0.0,0.0,52.0,98,8,10.0,2.0,12.0,15.0,0,0.0,0.0,0.0,1.0,97.715,01:37.715,0.282,0.193,0.0889999999999999,14,2.70,10,1.55,14,1.35,1,2.00,11,1.0,14,14,4.25,8,3.35,5,0.0961538461538461,4.200,0.0807692307692305,5.69,1.00,4.84,10.00,6.91,6.86,5.76,1.00,5.94,0.0,0.3626513702995538,0.0,0.3986820428336078,0.0,0.5,1.0,0.6060606060606061,12.0,0.0,0.4423815620998719,8.0,30.0,0.0,1.0,0,0.0,0.0,0.0,0.0,1.0,1.0,0.0,0.0,0.0,0.0,0.0,0.0,0.0,0.0,0.0,0.0,5.626666666666668,7.60,22,4,JPN,ALO,Fernando Alonso,CAN,Canada,Канада,#E30000,Mercedes,#707070,83.0,17.0,0.0,0.0,9.0,9.0,12,16,11,14.0,14,10,8.0,1,14,7.60,
2024,2024041,2,3,Kevin Magnussen,Haas F1 Team,18.0,18,13,13,13,+1 Lap,0,20,MAG,22,7,#505050,22-7,6,3,1.0,1.95,0.0,0.0,0.2893175074183976,18,0,0,9.0,18.0,0,0,0.0,0.0,52.0,98,1,4.0,3.0,7.0,16.0,0,0.0,0.0,0.0,1.0,98.596,01:38.596,0.226,0.149,0.077,8,3.30,15,1.30,16,1.25,9,1.60,12,1.0,16,10,4.60,14,2.85,5,0.0961538461538461,3.873,0.0744807692307701,7.65,1.00,2.14,6.50,7.24,6.86,5.76,1.00,5.94,1.0,0.548780487804878,0.0,0.3364779874213837,0.0,0.5,1.0,0.5909090909090909,10.0,1.0,0.5501519756838906,0.0,27.0,0.0,0.0,0,0.0,0.0,0.0,0.0,0.0,0.0,0.0,0.0,0.0,0.0,0.0,0.0,0.0,0.0,0.0,0.0,6.3500000000000005,7.45,22,4,JPN,HUL,Nico Hulkenberg,DEN,Denmark,Дания,#D20019,Ferrari,#DC0004,57.0,43.0,0.0,0.0,1.0,1.0,13,18,12,10.0,8,15,14.0,9,16,7.45,
2024,2024041,2,3,Nico Hulkenberg,Haas F1 Team,12.0,12,11,11,11,+1 Lap,0,27,HUL,25,7,#505050,25-7,11,3,1.0,4.79,1.0,1.0,0.7106824925816023,12,0,0,6.0,12.0,0,0,1.0,1.0,52.0,98,-3,5.0,8.0,13.0,10.0,0,0.0,0.0,0.0,1.0,97.916,01:37.916,0.265,0.160,0.105,12,2.90,11,1.50,11,1.50,14,1.35,13,1.0,11,13,4.40,13,2.85,6,0.1153846153846153,5.168,0.0993846153846155,6.29,1.00,4.22,4.50,5.92,6.86,5.76,1.00,5.94,0.0,0.4512195121951219,1.0,0.6635220125786164,1.0,0.5,0.0,0.4090909090909091,13.0,0.0,0.4498480243161094,0.0,27.0,0.0,0.0,0,0.0,0.0,0.0,0.0,0.0,0.0,0.0,0.0,0.0,0.0,0.0,0.0,0.0,0.0,0.0,0.0,5.11,7.25,22,4,JPN,MAG,Kevin Magnussen,GER,Germany,Германия,#000000,Ferrari,#DC0004,38.0,62.0,0.0,0.0,3.0,3.0,11,12,13,13.0,12,11,13.0,14,11,7.25,
2024,2024041,2,3,Logan Sargeant,Williams,19.0,19,17,17,17,+1 Lap,0,2,SAR,27,18,#3C95C9,27-18,21,1,1.0,1.47,0.0,0.0,0.2768361581920904,19,0,0,10.0,19.0,0,0,1.0,,52.0,98,0,3.0,3.0,6.0,17.0,0,0.0,0.0,0.0,1.0,97.939,01:37.939,0.248,0.225,0.0229999999999999,10,3.10,13,1.40,17,1.20,11,1.50,14,1.0,17,11,4.50,15,2.70,2,0.0384615384615384,1.185,0.0227884615384615,6.88,1.00,4.15,6.00,10.0,6.86,5.76,1.00,5.94,,,,,,,,,1.0,1.0,1.0,0.0,30.0,0.0,0.0,0,0.0,0.0,0.0,0.0,0.0,0.0,0.0,0.0,0.0,0.0,0.0,0.0,0.0,0.0,0.0,0.0,5.753333333333333,7.20,22,4,JPN,ALB,Alexander Albon,USA,USA,США,#071C63,Mercedes,#707070,50.0,50.0,0.0,0.0,0.0,0.0,17,19,14,11.0,10,13,15.0,11,17,7.20,
2024,2024041,2,3,Valtteri Bottas,Kick Sauber,13.0,13,14,14,14,+1 Lap,0,77,BOT,3,8,#64D064,3-8,8,3,1.0,4.32,1.0,1.0,0.8120300751879699,13,0,0,7.0,13.0,0,0,1.0,,52.0,98,2,7.0,5.0,12.0,11.0,0,0.0,0.0,0.0,1.0,98.166,01:38.166,0.402,0.242,0.16,16,2.50,14,1.35,12,1.45,6,1.75,15,1.0,12,16,3.85,9,3.20,4,0.0769230769230769,7.873,0.1514038461538459,1.49,1.00,3.46,7.00,3.15,6.86,5.76,1.00,5.94,,,,,,,,,15.0,1.0,1.0,0.0,27.0,0.0,0.0,0,0.0,0.0,0.0,0.0,0.0,0.0,0.0,0.0,0.0,0.0,0.0,0.0,0.0,0.0,0.0,0.0,2.3266666666666667,7.05,22,4,JPN,ZHO,Guanyu Zhou,FIN,Finland,Финляндия,#04276B,Ferrari,#DC0004,58.0,42.0,0.0,0.0,0.0,0.0,14,13,15,16.0,16,14,9.0,6,12,7.05,
2024,2024041,2,3,Esteban Ocon,Alpine,15.0,15,15,15,15,+1 Lap,0,31,OCO,13,3,#3494CC,13-3,9,4,1.0,3.37,1.0,1.0,0.5820379965457686,15,0,0,8.0,15.0,0,0,1.0,1.0,52.0,98,-10,2.0,12.0,14.0,13.0,0,0.0,0.0,0.0,1.0,98.743,01:38.743,0.332,0.118,0.214,15,2.60,16,1.25,13,1.40,17,1.20,16,1.0,13,15,3.85,16,2.60,8,0.1538461538461538,9.966,0.1916538461538463,3.94,1.00,1.69,1.00,1.0,6.86,5.76,1.00,5.94,1.0,0.7975708502024292,1.0,0.6282527881040892,1.0,0.5,0.0,0.2222222222222222,17.0,0.0,0.3460207612456747,0.0,0.0,0.0,0.0,0,0.0,0.0,0.0,0.0,0.0,0.0,0.0,0.0,0.0,0.0,0.0,0.0,0.0,0.0,0.0,0.0,2.9599999999999995,6.45,22,4,JPN,GAS,Pierre Gasly,FRA,France,Франция,#004CA2,Renault,#FAEF00,14.0,86.0,0.0,0.0,0.0,0.0,15,15,16,15.0,15,16,16.0,17,13,6.45,
2024,2024041,2,3,Pierre Gasly,Alpine,17.0,17,16,16,16,+1 Lap,0,10,GAS,17,3,#3494CC,17-3,9,4,1.0,2.42,0.0,0.0,0.4179620034542314,17,0,0,9.0,17.0,0,0,0.0,0.0,52.0,98,-5,0.0,5.0,5.0,14.0,0,0.0,0.0,0.0,1.0,98.968,01:38.968,0.416,0.213,0.2029999999999999,17,2.40,17,1.20,15,1.30,15,1.30,17,1.0,15,17,3.60,17,2.60,6,0.1153846153846153,9.099,0.1749807692307701,1.00,1.00,1.00,3.50,1.89,6.86,5.76,1.00,5.94,0.0,0.2024291497975708,0.0,0.3717472118959108,0.0,0.5,1.0,0.7777777777777778,16.0,1.0,0.6539792387543253,0.0,0.0,0.0,0.0,0,0.0,0.0,0.0,0.0,0.0,0.0,0.0,0.0,0.0,0.0,0.0,0.0,0.0,0.0,0.0,0.0,1.4166666666666667,6.20,22,4,JPN,OCO,Esteban Ocon,FRA,France,Франция,#004CA2,Renault,#FAEF00,0.0,100.0,0.0,0.0,0.0,0.0,16,17,17,17.0,17,17,17.0,15,15,6.20,
2024,2024041,2,3,Guanyu Zhou,Kick Sauber,20.0,20,-,DNF,18,-,0,24,ZHO,23,8,#64D064,23-8,5,3,1.0,1.0,0.0,0.0,0.18796992481203,20,0,0,10.0,20.0,1,0,0.0,,12.0,23,-,2.0,0.0,2.0,18.0,0,0.0,0.0,0.0,0.0,-,-,0.228,0.228,0.0,DNC,DNC,DNC,DNC,18,DNC,DNC,DNC,DNC,0.0,20,DNC,DNC,DNC,DNC,0,0.0,-,,-,1.00,-,-,,6.86,5.76,1.00,5.94,,,,,,,,,20.0,0.0,,0.0,27.0,0.0,0.0,0,0.0,0.0,0.0,0.0,0.0,0.0,0.0,0.0,0.0,0.0,0.0,0.0,0.0,0.0,0.0,0.0,,DNC,22,4,JPN,BOT,Valtteri Bottas,CHN,China,Китай,#F70000,Ferrari,#DC0004,100.0,0.0,0.0,0.0,0.0,0.0,12,20,14,11.5,12,13,13.0,14,18,7.10,
2024,2024041,2,3,Daniel Ricciardo,RB,11.0,11,-,DNF,19,-,0,3,RIC,7,11,#476CBF,7-11,2,2,1.0,5.26,0.0,0.0,0.4781818181818181,11,0,0,6.0,11.0,1,0,0.0,,0.0,0,-,,,,,-,-,-,,0.0,-,-,-,-,,DNC,DNC,DNC,DNC,DNC,DNC,DNC,DNC,DNC,0.0,18,DNC,DNC,DNC,DNC,-,,-,,-,-,-,-,,6.86,5.76,1.00,5.94,,,,,,,,,,0.0,,1.0,45.0,4.0,0.0,0,0.0,0.0,0.0,0.0,0.0,0.0,0.0,0.0,0.0,0.0,0.0,0.0,0.0,0.0,0.0,0.0,,DNC,22,4,JPN,TSU,Yuki Tsunoda,AUS,Australia,Австралия,#F7C900,Honda,#DE0000,0.0,0.0,0.0,0.0,0.0,0.0,12,11,12,15.5,15,12,7.0,6,12,7.27,
2024,2024041,2,3,Alexander Albon,Williams,14.0,14,-,DNF,20,-,0,23,ALB,24,18,#3C95C9,24-18,20,1,1.0,3.84,1.0,1.0,0.7231638418079096,14,0,0,7.0,14.0,1,0,0.0,,0.0,0,-,,,,,-,-,-,,0.0,-,-,-,-,,DNC,DNC,DNC,DNC,DNC,DNC,DNC,DNC,DNC,0.0,19,DNC,DNC,DNC,DNC,-,,-,,-,-,-,-,,6.86,5.76,1.00,5.94,,,,,,,,,,0.0,,0.0,30.0,0.0,0.0,0,0.0,0.0,0.0,0.0,0.0,0.0,0.0,0.0,0.0,0.0,0.0,0.0,0.0,0.0,0.0,0.0,,DNC,22,4,JPN,SAR,Logan Sargeant,THA,Thailand,Таиланд,#2E2549,Mercedes,#707070,0.0,0.0,0.0,0.0,0.0,0.0,14,14,16,14.0,12,16,17.0,12,18,6.70,
2024,2024050,2,4,Sergio Perez,Red Bull Racing,6.0,6,3,3,3,+15.258,6,11,PER,5,14,#1A4C82,5-14,14,2,1.0,7.63,0.0,0.0,0.4706971005552128,6,0,0,3.0,6.0,0,0,0.0,0.0,19.0,100,1,1.0,0.0,1.0,5.0,1,1.0,0.0,1.0,1.0,101.961,01:41.961,0.118,0.103,0.015,4,3.70,2,1.95,6,1.75,3,1.90,1,1.0,6,2,5.65,2,3.65,1,0.0526315789473684,0.245,0.0128947368421055,9.67,8.88,6.87,8.00,10.0,6.28,4.57,7.75,7.00,1.0,0.5790419161676646,0.0,0.4072317723770006,0.0,0.5,0.0,0.4705882352941176,1.0,1.0,0.6127450980392157,14.0,14.0,6.0,1.0,0,1.0,0.0,0.0,0.0,0.0,1.0,0.0,0.0,0.0,1.0,1.0,0.0,0.0,0.0,0.0,0.0,9.26,9.30,14,5,CHN*,VER,Max Verstappen,MEX,Mexico,Мексика,#006640,Honda,#DE0000,100.0,0.0,100.0,0.0,70.0,70.0,3,6,1,2.0,4,2,2.0,3,6,9.30,
2024,2024050,2,4,Max Verstappen,Red Bull Racing,4.0,4,1,1,1,32:04.660,8,1,VER,2,14,#1A4C82,2-14,16,2,1.0,8.58,1.0,1.0,0.5293028994447871,4,0,0,2.0,4.0,0,0,1.0,1.0,19.0,100,2,2.0,0.0,2.0,3.0,1,1.0,0.0,1.0,1.0,101.129,01:41.129,0.174,0.104,0.0699999999999999,8,3.30,1,2.00,4,1.85,2,1.95,2,1.0,4,6,5.30,1,3.80,4,0.2105263157894736,1.297,0.0682631578947381,7.03,8.88,10.00,9.00,6.32,6.28,4.57,7.75,7.00,0.0,0.4209580838323353,1.0,0.5927682276229994,1.0,0.5,1.0,0.5294117647058824,12.0,0.0,0.3872549019607843,14.0,14.0,8.0,1.0,0,0.0,0.0,1.0,0.0,0.0,1.0,1.0,1.0,0.0,0.0,1.0,0.0,0.0,0.0,0.0,11.0,7.666666666666668,9.10,14,5,CHN*,PER,Sergio Perez,NLD,Netherlands,Нидерланды,#F75600,Honda,#DE0000,100.0,0.0,100.0,0.0,85.0,85.0,1,4,2,6.0,8,1,1.0,2,4,9.10,
2024,2024050,2,4,Lewis Hamilton,Mercedes,2.0,2,2,2,2,+13.043,7,44,HAM,1,10,#0AA395,1-10,10,1,1.0,9.53,1.0,1.0,0.6443542934415145,2,0,0,1.0,2.0,0,0,1.0,1.0,19.0,100,-1,0.0,1.0,1.0,1.0,1,1.0,0.0,1.0,1.0,102.048,01:42.048,0.111,0.100,0.0109999999999999,2,3.90,5,1.80,2,1.95,14,1.35,3,1.0,2,1,5.70,5,3.30,1,0.0526315789473684,0.252,0.0132631578947373,10.00,8.88,6.54,6.00,9.98,6.28,4.57,7.75,7.00,1.0,0.5592841163310962,1.0,0.5248796147672552,1.0,0.5729032258064517,0.0,0.375,2.0,1.0,0.5403356794802383,8.0,13.0,11.0,0.0,0,0.0,0.0,0.0,0.0,0.0,0.0,0.0,0.0,1.0,0.0,1.0,0.0,1.0,0.0,1.0,8.0,9.146666666666668,9.00,14,5,CHN*,RUS,George Russell,GBR,Great Britain,Великобритания,#314486,Mercedes,#707070,0.0,100.0,100.0,0.0,17.0,17.0,2,2,3,1.0,2,5,5.0,14,2,9.00,
2024,2024050,2,4,George Russell,Mercedes,11.0,11,8,8,8,+25.696,1,63,RUS,14,10,#0AA395,14-10,10,1,1.0,5.26,0.0,0.0,0.3556457065584855,11,0,0,6.0,11.0,0,0,0.0,0.0,19.0,100,3,3.0,0.0,3.0,12.0,-1,0.0,1.0,1.0,1.0,102.213,01:42.213,0.156,0.121,0.035,5,3.60,6,1.75,15,1.30,1,2.00,4,1.0,15,4,5.35,6,3.30,2,0.1052631578947368,0.677,0.035631578947368,7.88,6.62,5.92,10.00,8.49,6.28,4.57,7.75,7.00,0.0,0.4407158836689038,0.0,0.4751203852327447,0.0,0.4270967741935484,1.0,0.625,6.0,0.0,0.4596643205197618,8.0,13.0,11.0,1.0,0,0.0,0.0,0.0,0.0,1.0,1.0,0.0,0.0,0.0,0.0,0.0,0.0,0.0,0.0,0.0,0.0,8.023333333333332,8.65,14,5,CHN*,HAM,Lewis Hamilton,GBR,Great Britain,Великобритания,#314486,Mercedes,#707070,100.0,0.0,0.0,100.0,25.0,25.0,8,11,4,4.0,5,6,6.0,1,15,8.65,
2024,2024050,2,4,Esteban Ocon,Alpine,17.0,17,13,13,13,+39.841,0,31,OCO,13,3,#3494CC,13-3,9,4,1.0,2.42,0.0,0.0,0.4557438794726929,17,0,0,9.0,17.0,0,0,1.0,1.0,19.0,100,1,1.0,0.0,1.0,16.0,1,1.0,0.0,1.0,1.0,102.9,01:42.900,0.117,0.117,0.0,3,3.80,11,1.50,10,1.55,8,1.65,5,1.0,10,5,5.30,9,3.20,0,0.0,-,,9.72,8.88,3.33,8.00,,6.28,4.57,7.75,7.00,1.0,0.5937690897984117,1.0,0.5068493150684932,1.0,0.5729032258064517,0.0,0.5,20.0,0.0,,0.0,0.0,0.0,0.0,0,0.0,0.0,0.0,0.0,0.0,0.0,0.0,0.0,0.0,0.0,0.0,0.0,0.0,0.0,0.0,0.0,9.293333333333337,8.50,14,5,CHN*,GAS,Pierre Gasly,FRA,France,Франция,#004CA2,Renault,#FAEF00,100.0,0.0,100.0,0.0,0.0,0.0,13,17,5,5.0,3,11,9.0,8,10,8.50,
2024,2024050,2,4,Oscar Piastri,McLaren,8.0,8,7,7,7,+24.713,2,81,PIA,28,9,#DE8E18,28-9,2,1,1.0,6.68,0.0,0.0,0.4004796163069544,8,0,0,4.0,8.0,0,0,0.0,0.0,19.0,100,0,0.0,0.0,0.0,8.0,0,0.0,0.0,0.0,1.0,102.347,01:42.347,0.111,0.089,0.022,1,4.00,9,1.60,12,1.45,13,1.40,6,1.0,12,3,5.60,15,2.85,2,0.1052631578947368,0.439,0.0231052631578958,10.00,7.75,5.41,7.00,9.32,6.28,4.57,7.75,7.00,1.0,0.9090909090909092,0.0,0.4882671480144404,1.0,0.8857142857142857,0.0,0.5,5.0,1.0,0.9031007751937984,5.0,13.0,2.0,1.0,0,0.0,1.0,0.0,0.0,0.0,1.0,0.0,0.0,0.0,0.0,0.0,0.0,0.0,0.0,0.0,0.0,9.125,8.45,14,5,CHN*,NOR,Lando Norris,AUS,Australia,Австралия,#F7C900,Mercedes,#707070,0.0,0.0,0.0,0.0,34.0,34.0,7,8,6,3.0,1,9,15.0,13,12,8.45,
2024,2024050,2,4,Charles Leclerc,Ferrari,7.0,7,4,4,4,+17.486,5,16,LEC,6,5,#BA3B30,6-5,15,3,1.0,7.16,0.0,0.0,0.4688932547478717,7,0,0,4.0,7.0,0,0,1.0,1.0,19.0,100,1,1.0,0.0,1.0,6.0,1,1.0,0.0,1.0,1.0,102.047,01:42.047,0.256,0.139,0.1169999999999999,17,2.40,3,1.90,7,1.70,4,1.85,7,1.0,7,12,4.30,3,3.55,1,0.0526315789473684,2.322,0.1222105263157888,3.17,8.88,6.54,8.00,2.74,6.28,4.57,7.75,7.00,0.0,0.4439775910364145,1.0,0.5440931780366057,0.0,0.5,1.0,0.6153846153846154,18.0,0.0,0.3619550858652576,9.0,9.0,5.0,0.0,0,0.0,0.0,0.0,0.0,0.0,0.0,0.0,0.0,0.0,0.0,0.0,0.0,0.0,0.0,0.0,0.0,4.926666666666667,7.85,14,5,CHN*,SAI,Carlos Sainz,MON,Monaco,Монако,#D80000,Ferrari,#DC0004,100.0,0.0,100.0,0.0,64.0,64.0,4,7,7,12.0,17,3,3.0,4,7,7.85,
2024,2024050,2,4,Fernando Alonso,Aston Martin,3.0,3,-,DNF,20,-,0,14,ALO,19,4,#459A72,19-4,7,1,1.0,9.05,1.0,1.0,0.7286634460547503,3,0,0,2.0,3.0,1,0,0.0,,17.0,89,-1,0.0,1.0,1.0,2.0,1,1.0,0.0,1.0,1.0,102.047,01:42.047,0.219,0.143,0.076,15,2.60,4,1.85,3,1.90,15,1.30,8,1.0,3,11,4.45,7,3.20,1,0.0588235294117647,0.763,0.0448823529411767,4.91,8.88,6.54,6.00,7.88,6.28,4.57,7.75,7.00,0.0,0.4247404844290657,1.0,0.6891464699683878,1.0,0.533974744437763,0.0,0.4285714285714285,9.0,1.0,0.5772893772893773,0.0,13.0,4.0,0.0,0,0.0,0.0,0.0,0.0,0.0,0.0,0.0,0.0,0.0,0.0,0.0,0.0,0.0,1.0,1.0,0.0,5.753333333333334,7.65,14,5,CHN*,STR,Lance Stroll,ESP,Spain,Испания,#F7B800,Mercedes,#707070,0.0,100.0,100.0,0.0,24.0,24.0,6,3,8,11.0,15,4,7.0,15,3,7.65,
2024,2024050,2,4,Pierre Gasly,Alpine,16.0,16,15,15,15,+40.838,0,10,GAS,17,3,#3494CC,17-3,9,4,1.0,2.89,1.0,1.0,0.544256120527307,16,0,0,8.0,16.0,0,0,0.0,0.0,19.0,100,1,1.0,0.0,1.0,17.0,-1,0.0,1.0,1.0,1.0,102.923,01:42.923,0.182,0.171,0.0109999999999999,9,3.20,13,1.40,17,1.20,7,1.70,9,1.0,17,9,4.60,14,2.90,1,0.0526315789473684,0.288,0.0151578947368419,6.65,6.62,3.24,8.00,9.85,6.28,4.57,7.75,7.00,0.0,0.4062309102015882,0.0,0.4931506849315069,0.0,0.4270967741935484,1.0,0.5,3.0,1.0,1.0,0.0,0.0,0.0,0.0,0,0.0,0.0,0.0,0.0,0.0,0.0,0.0,0.0,0.0,0.0,0.0,0.0,0.0,0.0,0.0,0.0,6.87,7.50,14,5,CHN*,OCO,Esteban Ocon,FRA,France,Франция,#004CA2,Renault,#FAEF00,100.0,0.0,0.0,100.0,0.0,0.0,15,16,9,9.0,9,13,14.0,7,17,7.50,
2024,2024050,2,4,Logan Sargeant,Williams,20.0,20,18,18,18,+46.352,0,2,SAR,27,18,#3C95C9,27-18,21,1,1.0,1.0,0.0,0.0,0.3389830508474576,20,0,0,10.0,20.0,0,0,0.0,0.0,19.0,100,1,1.0,0.0,1.0,20.0,0,0.0,0.0,0.0,1.0,103.152,01:43.152,0.162,0.128,0.034,6,3.50,19,1.10,14,1.35,11,1.50,10,1.0,14,8,4.60,16,2.85,2,0.1052631578947368,0.743,0.0391052631578944,7.60,7.75,2.38,8.00,8.26,6.28,4.57,7.75,7.00,1.0,0.5367231638418078,0.0,0.4440298507462686,1.0,0.5393180236604036,0.0,0.5,7.0,1.0,0.5083076923076923,0.0,13.0,0.0,0.0,0,0.0,0.0,0.0,0.0,0.0,0.0,0.0,0.0,0.0,0.0,0.0,0.0,0.0,0.0,0.0,0.0,7.691666666666666,7.45,14,5,CHN*,ALB,Alexander Albon,USA,USA,США,#071C63,Mercedes,#707070,100.0,0.0,0.0,0.0,0.0,0.0,18,20,10,8.0,6,19,16.0,11,14,7.45,
2024,2024050,2,4,Lance Stroll,Aston Martin,15.0,15,14,14,14,+40.299,0,18,STR,10,4,#459A72,10-4,4,1,1.0,3.37,0.0,0.0,0.2713365539452496,15,0,0,8.0,15.0,0,0,1.0,,19.0,100,1,1.0,0.0,1.0,15.0,0,0.0,0.0,0.0,1.0,103.001,01:43.001,0.182,0.101,0.0809999999999999,10,3.10,18,1.15,13,1.40,6,1.75,11,1.0,13,13,4.25,10,3.15,2,0.1052631578947368,1.456,0.0766315789473693,6.65,7.75,2.95,8.00,5.77,6.28,4.57,7.75,7.00,1.0,0.5752595155709342,0.0,0.3108535300316122,0.0,0.4660252555622368,1.0,0.5714285714285714,14.0,0.0,0.4227106227106227,0.0,13.0,0.0,0.0,0,0.0,0.0,0.0,0.0,0.0,0.0,0.0,0.0,0.0,0.0,0.0,0.0,0.0,0.0,0.0,0.0,7.058333333333334,7.40,14,5,CHN*,ALO,Fernando Alonso,CAN,Canada,Канада,#E30000,Mercedes,#707070,100.0,0.0,0.0,0.0,9.0,9.0,14,15,11,13.0,10,18,10.0,6,13,7.40,
2024,2024050,2,4,Guanyu Zhou,Kick Sauber,10.0,10,9,9,9,+31.951,0,24,ZHO,23,8,#64D064,23-8,5,3,1.0,5.74,0.0,0.0,0.4803347280334728,10,0,0,5.0,10.0,0,0,1.0,1.0,19.0,100,-1,0.0,1.0,1.0,9.0,1,1.0,0.0,1.0,1.0,102.722,01:42.722,0.190,0.108,0.082,12,2.90,10,1.55,8,1.65,16,1.25,12,1.0,8,10,4.45,13,2.90,2,0.1052631578947368,1.327,0.0698421052631578,6.28,8.88,4.00,6.00,6.22,6.28,4.57,7.75,7.00,0.0,0.4634686346863468,1.0,0.5706134094151213,1.0,0.6175243393602226,1.0,0.5454545454545454,13.0,0.0,0.3997429305912596,0.0,9.0,0.0,0.0,0,0.0,0.0,0.0,0.0,0.0,0.0,0.0,0.0,0.0,0.0,0.0,0.0,0.0,0.0,0.0,0.0,6.666666666666667,7.35,14,5,CHN*,BOT,Valtteri Bottas,CHN,China,Китай,#F70000,Ferrari,#DC0004,0.0,100.0,100.0,0.0,0.0,0.0,9,10,12,10.0,12,10,13.0,16,8,7.35,
2024,2024050,2,4,Daniel Ricciardo,RB,14.0,14,11,11,11,+37.840,0,3,RIC,7,11,#476CBF,7-11,2,2,1.0,3.84,1.0,1.0,0.7231638418079096,14,0,0,7.0,14.0,0,0,1.0,1.0,19.0,100,1,1.0,0.0,1.0,13.0,1,1.0,0.0,1.0,1.0,102.907,01:42.907,0.260,0.147,0.113,18,2.30,12,1.45,9,1.60,5,1.80,13,1.0,9,19,3.75,4,3.40,2,0.1052631578947368,1.556,0.0818947368421058,2.98,8.88,3.30,8.00,5.42,6.28,4.57,7.75,7.00,0.0,0.3374858437146092,1.0,0.5172413793103449,1.0,0.5,1.0,0.5,15.0,0.0,0.4464579901153212,0.0,14.0,2.0,0.0,0,0.0,0.0,0.0,0.0,0.0,0.0,0.0,0.0,0.0,0.0,0.0,0.0,0.0,0.0,0.0,0.0,4.800000000000001,7.15,14,5,CHN*,TSU,Yuki Tsunoda,AUS,Australia,Австралия,#F7C900,Honda,#DE0000,100.0,0.0,100.0,0.0,0.0,0.0,11,14,13,19.0,18,12,4.0,5,9,7.15,
2024,2024050,2,4,Carlos Sainz,Ferrari,5.0,5,5,5,5,+20.696,4,55,SAI,8,5,#BA3B30,8-5,7,3,1.0,8.11,1.0,1.0,0.5311067452521283,5,0,0,3.0,5.0,0,0,0.0,0.0,19.0,100,-2,0.0,2.0,2.0,4.0,1,1.0,0.0,1.0,1.0,102.328,01:42.328,0.239,0.124,0.1149999999999999,16,2.50,8,1.65,5,1.80,18,1.15,14,1.0,5,15,4.15,12,2.95,1,0.0526315789473684,1.724,0.0907368421052626,3.97,8.88,5.48,5.00,4.83,6.28,4.57,7.75,7.00,1.0,0.5560224089635855,0.0,0.4559068219633944,1.0,0.5,0.0,0.3846153846153846,16.0,1.0,0.6380449141347424,9.0,9.0,4.0,0.0,0,0.0,0.0,0.0,0.0,0.0,0.0,0.0,0.0,0.0,0.0,0.0,0.0,0.0,0.0,0.0,0.0,4.960000000000001,7.10,14,5,CHN*,LEC,Charles Leclerc,ESP,Spain,Испания,#F7B800,Ferrari,#DC0004,0.0,100.0,100.0,0.0,59.0,59.0,5,5,14,15.0,16,8,12.0,18,5,7.10,
2024,2024050,2,4,Yuki Tsunoda,RB,19.0,19,16,16,16,+41.870,0,22,TSU,9,11,#476CBF,9-11,13,2,1.0,1.47,0.0,0.0,0.2768361581920904,19,0,0,10.0,19.0,0,0,0.0,0.0,19.0,100,1,1.0,0.0,1.0,18.0,1,1.0,0.0,1.0,1.0,102.966,01:42.966,0.199,0.143,0.056,14,2.70,15,1.30,11,1.50,10,1.55,15,1.0,11,16,4.00,11,3.05,4,0.2105263157894736,1.184,0.0623157894736855,5.85,8.88,3.08,8.00,6.72,6.28,4.57,7.75,7.00,1.0,0.6625141562853907,0.0,0.4827586206896552,0.0,0.5,0.0,0.5,11.0,1.0,0.5535420098846787,0.0,14.0,0.0,0.0,0,0.0,0.0,0.0,0.0,0.0,0.0,0.0,0.0,0.0,0.0,0.0,0.0,0.0,0.0,0.0,0.0,6.713333333333334,7.05,14,5,CHN*,RIC,Daniel Ricciardo,JPN,Japan,Япония,#C60018,Honda,#DE0000,100.0,0.0,100.0,0.0,7.0,7.0,16,19,15,16.0,14,15,11.0,10,11,7.05,
2024,2024050,2,4,Alexander Albon,Williams,18.0,18,17,17,17,+42.998,0,23,ALB,24,18,#3C95C9,24-18,20,1,1.0,1.95,1.0,1.0,0.6610169491525423,18,0,0,9.0,18.0,0,0,1.0,1.0,19.0,100,1,1.0,0.0,1.0,19.0,-1,0.0,1.0,1.0,1.0,102.994,01:42.994,0.184,0.156,0.0279999999999999,11,3.00,17,1.20,18,1.15,9,1.60,16,1.0,18,14,4.20,17,2.75,3,0.1578947368421052,0.821,0.0432105263157908,6.56,6.62,2.98,8.00,7.99,6.28,4.57,7.75,7.00,0.0,0.463276836158192,1.0,0.5559701492537314,0.0,0.4606819763395963,1.0,0.5,8.0,0.0,0.4916923076923077,0.0,13.0,0.0,0.0,0,0.0,0.0,0.0,0.0,0.0,0.0,0.0,0.0,0.0,0.0,0.0,0.0,0.0,0.0,0.0,0.0,6.809999999999999,6.95,14,5,CHN*,SAR,Logan Sargeant,THA,Thailand,Таиланд,#2E2549,Mercedes,#707070,100.0,0.0,0.0,100.0,0.0,0.0,17,18,16,14.0,11,17,17.0,9,18,6.95,
2024,2024050,2,4,Valtteri Bottas,Kick Sauber,9.0,9,12,12,12,+38.295,0,77,BOT,3,8,#64D064,3-8,8,3,1.0,6.21,1.0,1.0,0.5196652719665272,9,0,0,5.0,9.0,0,0,0.0,0.0,19.0,100,-2,0.0,2.0,2.0,11.0,-2,0.0,2.0,2.0,1.0,102.985,01:42.985,0.169,0.145,0.024,7,3.40,16,1.25,19,1.10,19,1.10,17,1.0,19,7,4.65,20,2.20,1,0.0526315789473684,0.435,0.0228947368421053,7.27,5.50,3.01,5.00,9.34,6.28,4.57,7.75,7.00,1.0,0.5365313653136531,0.0,0.4293865905848787,0.0,0.3824756606397774,0.0,0.4545454545454545,4.0,1.0,0.6002570694087404,0.0,9.0,0.0,0.0,0,0.0,0.0,0.0,0.0,0.0,0.0,0.0,0.0,0.0,0.0,0.0,0.0,0.0,0.0,0.0,0.0,6.596666666666667,6.85,14,5,CHN*,ZHO,Guanyu Zhou,FIN,Finland,Финляндия,#04276B,Ferrari,#DC0004,0.0,100.0,0.0,100.0,0.0,0.0,12,9,17,7.0,7,16,20.0,19,19,6.85,
2024,2024050,2,4,Kevin Magnussen,Haas F1 Team,12.0,12,10,10,10,+37.398,0,20,MAG,22,7,#505050,22-7,6,3,1.0,4.79,1.0,1.0,0.5257958287596048,12,0,0,6.0,12.0,0,0,1.0,1.0,19.0,100,-1,0.0,1.0,1.0,10.0,2,2.0,0.0,2.0,1.0,102.955,01:42.955,0.272,0.143,0.129,19,2.20,14,1.35,1,2.00,17,1.20,18,1.0,1,20,3.55,8,3.20,1,0.0526315789473684,1.795,0.0944736842105264,2.41,10.00,3.12,6.00,4.58,6.28,4.57,7.75,7.00,0.0,0.2900120336943441,1.0,0.7572815533980582,1.0,0.6016847172081828,1.0,0.8571428571428571,17.0,0.0,0.3714517437145174,0.0,9.0,0.0,1.0,0,0.0,0.0,0.0,1.0,0.0,1.0,0.0,0.0,0.0,0.0,0.0,0.0,0.0,0.0,0.0,0.0,4.273333333333333,6.75,14,5,CHN*,HUL,Nico Hulkenberg,DEN,Denmark,Дания,#D20019,Ferrari,#DC0004,0.0,100.0,100.0,0.0,1.0,1.0,10,12,18,20.0,19,14,8.0,17,1,6.75,
2024,2024050,2,4,Lando Norris,McLaren,1.0,1,6,6,6,+22.088,3,4,NOR,4,9,#DE8E18,4-9,10,1,1.0,10.0,1.0,1.0,0.5995203836930456,1,0,0,1.0,1.0,0,0,1.0,1.0,19.0,100,0,0.0,0.0,0.0,7.0,-6,0.0,6.0,6.0,1.0,102.278,01:42.278,0.302,0.149,0.153,20,2.10,7,1.70,20,1.05,12,1.45,19,1.0,20,18,3.80,18,2.50,4,0.2105263157894736,2.821,0.1484736842105277,1.00,1.00,5.67,7.00,1.0,6.28,4.57,7.75,7.00,0.0,0.0909090909090909,1.0,0.5117328519855595,0.0,0.1142857142857142,1.0,0.5,19.0,0.0,0.0968992248062015,5.0,13.0,11.0,0.0,0,0.0,0.0,0.0,0.0,0.0,0.0,0.0,0.0,0.0,0.0,0.0,1.0,0.0,0.0,1.0,0.0,2.0,6.30,14,5,CHN*,PIA,Oscar Piastri,GBR,Great Britain,Великобритания,#314486,Mercedes,#707070,0.0,0.0,0.0,100.0,40.0,40.0,6,1,19,18.0,20,7,18.0,12,20,6.30,
2024,2024050,2,4,Nico Hulkenberg,Haas F1 Team,13.0,13,19,19,19,+49.630,0,27,HUL,25,7,#505050,25-7,11,3,1.0,4.32,0.0,0.0,0.4742041712403952,13,0,0,7.0,13.0,0,0,0.0,0.0,19.0,100,-6,0.0,6.0,6.0,14.0,-1,0.0,1.0,1.0,1.0,103.519,01:43.519,0.198,0.148,0.05,13,2.80,20,1.05,16,1.25,20,1.05,20,1.0,16,17,3.85,19,2.30,1,0.0526315789473684,0.890,0.0468421052631579,5.90,6.62,1.00,1.00,7.75,6.28,4.57,7.75,7.00,1.0,0.7099879663056559,0.0,0.2427184466019417,0.0,0.398315282791817,0.0,0.1428571428571428,10.0,1.0,0.6285482562854826,0.0,9.0,0.0,0.0,0,0.0,0.0,0.0,0.0,0.0,0.0,0.0,0.0,0.0,0.0,0.0,0.0,0.0,0.0,0.0,0.0,5.203333333333334,6.15,14,5,CHN*,MAG,Kevin Magnussen,GER,Germany,Германия,#000000,Ferrari,#DC0004,0.0,100.0,0.0,100.0,3.0,3.0,19,13,20,17.0,13,20,19.0,20,16,6.15,
2024,2024051,2,5,Max Verstappen,Red Bull Racing,1.0,1,1,1,1,1:40:52.554,25,1,VER,2,14,#1A4C82,2-14,16,2,1.0,10.0,1.0,1.0,0.5120327700972862,1,0,0,1.0,1.0,0,0,1.0,1.0,56.0,100,2,2.0,0.0,2.0,1.0,0,0.0,0.0,0.0,1.0,99.799,01:39.799,0.094,0.079,0.015,1,4.00,1,2.00,9,1.60,6,1.75,1,1.0,8,1,6.00,5,3.35,5,0.0892857142857142,0.699,0.012482142857143,10.00,5.50,10.00,7.55,10.0,6.01,4.90,5.50,5.95,1.0,0.5537098560354373,1.0,0.5537098560354373,1.0,0.5789473684210527,1.0,0.5,1.0,1.0,0.5714285714285714,40.0,40.0,25.0,1.0,1,1.0,1.0,1.0,0.0,0.0,3.0,0.0,1.0,0.0,0.0,1.0,1.0,0.0,0.0,1.0,51.0,8.841666666666667,9.35,13,5,CHN,PER,Sergio Perez,NLD,Netherlands,Нидерланды,#F75600,Honda,#DE0000,100.0,0.0,0.0,0.0,110.0,110.0,1,1,1,1.0,1,1,5.0,6,9,9.35,
2024,2024051,2,5,Sergio Perez,Red Bull Racing,2.0,2,3,3,3,+19.160,15,11,PER,5,14,#1A4C82,5-14,14,2,1.0,9.53,0.0,0.0,0.4879672299027137,2,0,0,1.0,2.0,0,0,0.0,0.0,56.0,100,2,2.0,0.0,2.0,3.0,-1,0.0,1.0,1.0,1.0,100.445,01:40.445,0.130,0.082,0.048,4,3.70,2,1.95,13,1.40,7,1.70,2,1.0,12,2,5.65,7,3.10,3,0.0535714285714285,2.010,0.0358928571428569,8.06,4.00,8.06,7.55,7.5,6.01,4.90,5.50,5.95,0.0,0.4462901439645625,0.0,0.4462901439645625,0.0,0.4210526315789473,0.0,0.5,8.0,0.0,0.4285714285714285,40.0,40.0,15.0,0.0,0,0.0,0.0,0.0,0.0,0.0,0.0,0.0,0.0,0.0,1.0,1.0,0.0,1.0,0.0,1.0,0.0,7.298333333333333,8.75,13,5,CHN,VER,Max Verstappen,MEX,Mexico,Мексика,#006640,Honda,#DE0000,100.0,0.0,0.0,100.0,85.0,85.0,3,2,2,2.0,4,2,7.0,7,13,8.75,
2024,2024051,2,5,Lando Norris,McLaren,4.0,4,2,2,2,+13.773,18,4,NOR,4,9,#DE8E18,4-9,10,1,1.0,8.58,1.0,1.0,0.5140802875973638,4,0,0,2.0,4.0,0,0,1.0,1.0,56.0,100,0,1.0,1.0,2.0,4.0,0,0.0,0.0,0.0,1.0,100.672,01:40.672,0.154,0.070,0.0839999999999999,8,3.30,3,1.90,10,1.55,8,1.65,3,1.0,9,5,5.20,6,3.20,8,0.1428571428571428,3.742,0.0668214285714299,6.77,5.50,7.37,5.91,4.19,6.01,4.90,5.50,5.95,1.0,0.6338951310861423,1.0,0.625106022052587,1.0,0.5,1.0,0.5372727272727272,16.0,1.0,0.5779310344827586,22.0,39.0,28.0,0.0,0,0.0,0.0,0.0,0.0,0.0,0.0,0.0,0.0,1.0,0.0,1.0,0.0,0.0,0.0,0.0,5.0,6.414999999999999,8.40,13,5,CHN,PIA,Oscar Piastri,GBR,Great Britain,Великобритания,#314486,Mercedes,#707070,50.0,50.0,0.0,0.0,58.0,58.0,2,4,3,5.0,8,3,6.0,8,10,8.40,
2024,2024051,2,5,Esteban Ocon,Alpine,13.0,13,11,11,11,+1:02.812,0,31,OCO,13,3,#3494CC,13-3,9,4,1.0,4.32,1.0,1.0,0.5617685305591678,13,0,0,7.0,13.0,0,0,1.0,1.0,56.0,100,-2,0.0,2.0,2.0,12.0,1,1.0,0.0,1.0,1.0,101.914,01:41.914,0.102,0.074,0.0279999999999999,2,3.90,14,1.35,6,1.75,14,1.35,4,1.0,5,4,5.25,8,3.10,4,0.0714285714285714,1.121,0.0200178571428568,9.57,7.00,3.64,4.27,9.19,6.01,4.90,5.50,5.95,1.0,0.6879942487419123,0.0,0.4227642276422764,1.0,0.5,0.0,0.3174721189591078,2.0,1.0,0.6188552188552189,0.0,0.0,0.0,0.0,0,0.0,0.0,0.0,0.0,0.0,0.0,0.0,0.0,0.0,0.0,0.0,0.0,0.0,0.0,0.0,0.0,8.258333333333333,8.35,13,5,CHN,GAS,Pierre Gasly,FRA,France,Франция,#004CA2,Renault,#FAEF00,0.0,100.0,100.0,0.0,0.0,0.0,11,13,4,4.0,2,14,8.0,14,6,8.35,
2024,2024051,2,5,Charles Leclerc,Ferrari,6.0,6,4,4,4,+23.623,12,16,LEC,6,5,#BA3B30,6-5,15,3,1.0,7.63,1.0,1.0,0.5158891142663963,6,0,0,3.0,6.0,0,0,1.0,1.0,56.0,100,0,2.0,2.0,4.0,7.0,-1,0.0,1.0,1.0,1.0,100.994,01:40.994,0.141,0.069,0.0719999999999999,6,3.50,5,1.80,14,1.35,9,1.60,5,1.0,13,3,5.30,13,2.95,6,0.1071428571428571,3.222,0.0575357142857139,7.47,4.00,6.41,5.91,5.18,6.01,4.90,5.50,5.95,1.0,0.5286624203821656,1.0,0.5254098360655738,1.0,0.6153846153846154,1.0,0.5,12.0,0.0,0.4363942712721145,22.0,23.0,12.0,0.0,0,0.0,0.0,0.0,0.0,0.0,0.0,0.0,0.0,0.0,0.0,0.0,0.0,0.0,0.0,0.0,0.0,6.631666666666667,8.25,13,5,CHN,SAI,Carlos Sainz,MON,Monaco,Монако,#D80000,Ferrari,#DC0004,50.0,50.0,0.0,100.0,76.0,76.0,4,6,5,3.0,6,5,13.0,9,14,8.25,
2024,2024051,2,5,Lance Stroll,Aston Martin,11.0,11,15,15,15,+1:22.786,0,18,STR,10,4,#459A72,10-4,4,1,1.0,5.26,0.0,0.0,0.3675751222921034,11,0,0,6.0,11.0,0,0,0.0,0.0,56.0,100,3,4.0,1.0,5.0,10.0,1,1.0,0.0,1.0,1.0,101.336,01:41.336,0.164,0.115,0.049,11,3.00,8,1.65,5,1.80,5,1.80,6,1.0,4,10,4.65,2,3.60,5,0.0892857142857142,1.879,0.0335535714285717,6.23,7.00,5.38,8.36,7.75,6.01,4.90,5.50,5.95,1.0,0.8616874135546335,0.0,0.432475884244373,0.0,0.5,0.0,0.4553376906318083,6.0,1.0,0.647451963241437,7.0,39.0,0.0,0.0,0,0.0,0.0,0.0,0.0,0.0,0.0,0.0,0.0,0.0,0.0,0.0,0.0,0.0,0.0,0.0,0.0,6.713333333333334,8.25,13,5,CHN,ALO,Fernando Alonso,CAN,Canada,Канада,#E30000,Mercedes,#707070,80.0,20.0,100.0,0.0,9.0,9.0,15,11,6,10.0,11,8,2.0,5,5,8.25,
2024,2024051,2,5,George Russell,Mercedes,8.0,8,6,6,6,+38.724,8,63,RUS,14,10,#0AA395,14-10,10,1,1.0,6.68,1.0,1.0,0.7740440324449595,8,0,0,4.0,8.0,0,0,1.0,1.0,56.0,100,0,1.0,1.0,2.0,6.0,2,2.0,0.0,2.0,1.0,101.189,01:41.189,0.171,0.085,0.086,12,2.90,6,1.75,2,1.95,11,1.50,7,1.0,1,11,4.65,4,3.45,9,0.1607142857142857,3.571,0.0637678571428576,5.85,8.50,5.82,5.91,4.52,6.01,4.90,5.50,5.95,0.0,0.4304635761589404,1.0,0.6031088082901555,1.0,0.68,0.0,0.3714644877435575,14.0,0.0,0.362760834670947,10.0,39.0,28.0,0.0,0,0.0,0.0,0.0,0.0,0.0,0.0,0.0,0.0,0.0,0.0,0.0,0.0,0.0,0.0,0.0,0.0,6.301666666666667,8.10,13,5,CHN,HAM,Lewis Hamilton,GBR,Great Britain,Великобритания,#314486,Mercedes,#707070,50.0,50.0,100.0,0.0,33.0,33.0,6,8,7,11.0,12,6,4.0,11,2,8.10,
2024,2024051,2,5,Lewis Hamilton,Mercedes,18.0,18,9,9,9,+57.986,2,44,HAM,1,10,#0AA395,1-10,10,1,1.0,1.95,0.0,0.0,0.2259559675550405,18,0,0,9.0,18.0,0,0,0.0,0.0,56.0,100,5,6.0,1.0,7.0,19.0,-1,0.0,1.0,1.0,1.0,101.851,01:41.851,0.136,0.096,0.04,5,3.60,13,1.40,18,1.15,2,1.95,8,1.0,16,6,5.00,9,3.10,4,0.0714285714285714,1.777,0.0317321428571426,7.74,4.00,3.83,10.00,7.94,6.01,4.90,5.50,5.95,1.0,0.5695364238410596,0.0,0.3968911917098445,0.0,0.32,1.0,0.6285355122564424,4.0,1.0,0.637239165329053,10.0,39.0,28.0,0.0,0,0.0,0.0,0.0,0.0,0.0,0.0,0.0,0.0,0.0,0.0,0.0,0.0,0.0,0.0,0.0,0.0,7.493333333333333,8.10,13,5,CHN,RUS,George Russell,GBR,Great Britain,Великобритания,#314486,Mercedes,#707070,86.0,14.0,0.0,100.0,19.0,19.0,9,18,8,6.0,5,13,9.0,2,18,8.10,
2024,2024051,2,5,Fernando Alonso,Aston Martin,3.0,3,7,7,7,+43.414,7,14,ALO,19,4,#459A72,19-4,7,1,1.0,9.05,1.0,1.0,0.6324248777078966,3,0,0,2.0,3.0,0,0,1.0,1.0,56.0,100,5,7.0,2.0,9.0,2.0,1,1.0,0.0,1.0,1.0,100.777,01:40.777,0.261,0.156,0.105,18,2.30,4,1.85,3,1.90,1,2.00,9,1.0,2,16,4.15,1,3.90,6,0.1071428571428571,3.726,0.0665357142857142,1.00,7.00,7.06,10.00,4.22,6.01,4.90,5.50,5.95,0.0,0.1383125864453665,1.0,0.567524115755627,1.0,0.5,1.0,0.5446623093681917,15.0,0.0,0.3525480367585631,7.0,39.0,17.0,1.0,0,0.0,0.0,0.0,0.0,1.0,1.0,1.0,0.0,0.0,0.0,0.0,0.0,0.0,1.0,1.0,0.0,3.5,8.05,13,5,CHN,STR,Lance Stroll,ESP,Spain,Испания,#F7B800,Mercedes,#707070,78.0,22.0,100.0,0.0,31.0,31.0,7,3,9,16.0,18,4,1.0,1,3,8.05,
2024,2024051,2,5,Nico Hulkenberg,Haas F1 Team,9.0,9,10,10,10,+1:00.476,1,27,HUL,25,7,#505050,25-7,11,3,1.0,6.21,1.0,1.0,0.7195828505214369,9,0,0,5.0,9.0,0,0,1.0,1.0,56.0,100,-6,0.0,6.0,6.0,8.0,1,1.0,0.0,1.0,1.0,101.834,01:41.834,0.148,0.101,0.0469999999999999,7,3.40,12,1.45,4,1.85,17,1.20,10,1.0,3,9,4.85,10,3.05,3,0.0535714285714285,1.992,0.0355714285714289,7.09,7.00,3.88,1.00,7.53,6.01,4.90,5.50,5.95,1.0,0.7921787709497207,1.0,0.697841726618705,1.0,0.6363636363636364,0.0,0.3546099290780141,7.0,1.0,0.8827667057444313,1.0,23.0,1.0,0.0,0,0.0,0.0,0.0,0.0,0.0,0.0,0.0,0.0,0.0,0.0,0.0,0.0,0.0,0.0,0.0,0.0,6.06,7.90,13,5,CHN,MAG,Kevin Magnussen,GER,Germany,Германия,#000000,Ferrari,#DC0004,0.0,100.0,100.0,0.0,4.0,4.0,10,9,10,9.0,7,12,10.0,17,4,7.90,
2024,2024051,2,5,Daniel Ricciardo,RB,12.0,12,-,DNF,18,-,0,3,RIC,7,11,#476CBF,7-11,2,2,1.0,4.79,1.0,1.0,0.7651757188498403,12,0,0,6.0,12.0,1,0,0.0,,33.0,59,4,4.0,0.0,4.0,15.0,-3,0.0,3.0,3.0,1.0,102.792,01:42.792,0.116,0.116,0.0,3,3.80,18,1.15,20,1.05,3,1.90,11,1.0,18,7,4.95,14,2.95,0,0.0,-,,8.81,1.00,1.00,9.18,,6.01,4.90,5.50,5.95,,,,,,,,,20.0,0.0,,0.0,40.0,4.0,0.0,0,0.0,0.0,0.0,0.0,0.0,0.0,0.0,0.0,0.0,0.0,0.0,0.0,0.0,0.0,0.0,0.0,7.57,7.90,13,5,CHN,TSU,Yuki Tsunoda,AUS,Australia,Австралия,#F7C900,Honda,#DE0000,100.0,0.0,0.0,100.0,0.0,0.0,8,12,11,7.0,3,18,14.0,3,20,7.90,
2024,2024051,2,5,Pierre Gasly,Alpine,15.0,15,13,13,13,+1:09.223,0,10,GAS,17,3,#3494CC,17-3,9,4,1.0,3.37,0.0,0.0,0.4382314694408322,15,0,0,8.0,15.0,0,0,0.0,0.0,56.0,100,4,4.0,0.0,4.0,14.0,1,1.0,0.0,1.0,1.0,101.473,01:41.473,0.199,0.119,0.08,14,2.70,9,1.60,8,1.65,4,1.85,12,1.0,7,14,4.30,3,3.50,6,0.1071428571428571,2.975,0.0531250000000004,4.34,7.00,4.97,9.18,5.66,6.01,4.90,5.50,5.95,0.0,0.3120057512580877,1.0,0.5772357723577236,0.0,0.5,1.0,0.6825278810408922,10.0,0.0,0.3811447811447812,0.0,0.0,0.0,0.0,0,0.0,0.0,0.0,0.0,0.0,0.0,0.0,0.0,0.0,0.0,0.0,0.0,0.0,0.0,0.0,0.0,5.59,7.80,13,5,CHN,OCO,Esteban Ocon,FRA,France,Франция,#004CA2,Renault,#FAEF00,100.0,0.0,100.0,0.0,0.0,0.0,13,15,12,14.0,14,9,3.0,4,8,7.80,
2024,2024051,2,5,Carlos Sainz,Ferrari,7.0,7,5,5,5,+33.983,10,55,SAI,8,5,#BA3B30,8-5,7,3,1.0,7.16,0.0,0.0,0.4841108857336038,7,0,0,4.0,7.0,0,0,0.0,0.0,56.0,100,0,1.0,1.0,2.0,9.0,-2,0.0,2.0,2.0,1.0,101.2,01:41.200,0.156,0.103,0.053,9,3.20,7,1.70,19,1.10,10,1.55,13,1.0,17,8,4.90,15,2.65,7,0.125,2.434,0.0434642857142851,6.66,2.50,5.79,5.91,6.69,6.01,4.90,5.50,5.95,0.0,0.4713375796178344,0.0,0.4745901639344262,0.0,0.3846153846153846,0.0,0.5,9.0,1.0,0.5636057287278854,22.0,23.0,17.0,0.0,0,0.0,0.0,0.0,0.0,0.0,0.0,0.0,0.0,0.0,0.0,0.0,0.0,0.0,0.0,0.0,0.0,5.841666666666666,7.55,13,5,CHN,LEC,Charles Leclerc,ESP,Spain,Испания,#F7B800,Ferrari,#DC0004,50.0,50.0,0.0,100.0,69.0,69.0,5,7,13,8.0,9,7,15.0,10,19,7.55,
2024,2024051,2,5,Alexander Albon,Williams,14.0,14,12,12,12,+1:05.506,0,23,ALB,24,18,#3C95C9,24-18,20,1,1.0,3.84,1.0,1.0,0.7933884297520661,14,0,0,7.0,14.0,0,0,1.0,1.0,56.0,100,-3,0.0,3.0,3.0,13.0,1,1.0,0.0,1.0,1.0,102.127,01:42.127,0.158,0.109,0.049,10,3.10,15,1.30,7,1.70,15,1.30,14,1.0,6,12,4.40,11,3.00,4,0.0714285714285714,1.875,0.0334821428571418,6.55,7.00,3.00,3.45,7.76,6.01,4.90,5.50,5.95,1.0,0.8046683046683046,1.0,0.662251655629139,1.0,0.56,1.0,0.7752808988764045,5.0,1.0,0.6015503875968993,0.0,39.0,0.0,0.0,0,0.0,0.0,0.0,0.0,0.0,0.0,0.0,0.0,0.0,0.0,0.0,0.0,0.0,0.0,0.0,0.0,6.108333333333333,7.40,13,5,CHN,SAR,Logan Sargeant,THA,Thailand,Таиланд,#2E2549,Mercedes,#707070,0.0,100.0,100.0,0.0,0.0,0.0,12,14,14,12.0,10,15,11.0,15,7,7.40,
2024,2024051,2,5,Oscar Piastri,McLaren,5.0,5,8,8,8,+56.198,4,81,PIA,28,9,#DE8E18,28-9,2,1,1.0,8.11,0.0,0.0,0.4859197124026363,5,0,0,3.0,5.0,0,0,0.0,0.0,56.0,100,-1,1.0,2.0,3.0,5.0,0,0.0,0.0,0.0,1.0,101.656,01:41.656,0.207,0.094,0.1129999999999999,15,2.60,10,1.55,11,1.50,12,1.45,15,1.0,10,15,4.15,12,2.95,9,0.1607142857142857,4.336,0.0774285714285716,3.91,5.50,4.42,5.09,3.06,6.01,4.90,5.50,5.95,0.0,0.3661048689138577,0.0,0.3748939779474131,0.0,0.5,0.0,0.4627272727272727,17.0,0.0,0.4220689655172414,22.0,39.0,4.0,0.0,0,0.0,0.0,0.0,0.0,0.0,0.0,0.0,0.0,0.0,0.0,0.0,0.0,0.0,0.0,0.0,0.0,4.371666666666667,7.10,13,5,CHN,NOR,Lando Norris,AUS,Australia,Австралия,#F7C900,Mercedes,#707070,33.0,67.0,0.0,0.0,38.0,38.0,8,5,15,15.0,15,10,12.0,12,11,7.10,
2024,2024051,2,5,Guanyu Zhou,Kick Sauber,16.0,16,14,14,14,+1:11.689,0,24,ZHO,23,8,#64D064,23-8,5,3,1.0,2.89,0.0,0.0,0.3348783314020857,16,0,0,8.0,16.0,0,0,1.0,,56.0,100,-1,3.0,4.0,7.0,17.0,-1,0.0,1.0,1.0,1.0,101.702,01:41.702,0.191,0.155,0.036,13,2.80,11,1.50,16,1.25,13,1.40,16,1.0,14,13,4.30,16,2.65,2,0.0357142857142857,1.481,0.0264464285714284,4.77,4.00,4.28,5.09,8.51,6.01,4.90,5.50,5.95,,,,,,,,,3.0,1.0,1.0,0.0,23.0,0.0,0.0,0,0.0,0.0,0.0,0.0,0.0,0.0,0.0,0.0,0.0,0.0,0.0,0.0,0.0,0.0,0.0,0.0,4.694999999999999,6.95,13,5,CHN,BOT,Valtteri Bottas,CHN,China,Китай,#F70000,Ferrari,#DC0004,43.0,57.0,0.0,100.0,0.0,0.0,14,16,16,13.0,13,11,16.0,13,16,6.95,
2024,2024051,2,5,Kevin Magnussen,Haas F1 Team,17.0,17,16,16,16,+1:27.533,0,20,MAG,22,7,#505050,22-7,6,3,1.0,2.42,0.0,0.0,0.2804171494785631,17,0,0,9.0,17.0,0,0,0.0,0.0,56.0,100,-5,2.0,7.0,9.0,18.0,-1,0.0,1.0,1.0,1.0,102.566,01:42.566,0.245,0.110,0.135,16,2.50,16,1.25,17,1.20,16,1.25,17,1.0,15,17,3.75,18,2.45,7,0.125,5.414,0.0966785714285732,1.86,4.00,1.68,1.82,1.0,6.01,4.90,5.50,5.95,0.0,0.2078212290502793,0.0,0.302158273381295,0.0,0.3636363636363636,1.0,0.6453900709219857,18.0,0.0,0.1172332942555685,1.0,23.0,0.0,0.0,0,0.0,0.0,0.0,0.0,0.0,0.0,0.0,0.0,0.0,0.0,0.0,0.0,0.0,0.0,0.0,0.0,2.21,6.20,13,5,CHN,HUL,Nico Hulkenberg,DEN,Denmark,Дания,#D20019,Ferrari,#DC0004,22.0,78.0,0.0,100.0,1.0,1.0,16,17,17,17.0,16,16,18.0,16,17,6.20,
2024,2024051,2,5,Logan Sargeant,Williams,20.0,20,17,17,17,+1:35.110,0,2,SAR,27,18,#3C95C9,27-18,21,1,1.0,1.0,0.0,0.0,0.2066115702479339,20,0,0,10.0,20.0,0,0,0.0,0.0,56.0,100,-6,0.0,6.0,6.0,20.0,0,0.0,0.0,0.0,1.0,102.616,01:42.616,0.250,0.171,0.0789999999999999,17,2.40,17,1.20,12,1.45,18,1.15,18,1.0,11,18,3.60,17,2.60,6,0.1071428571428571,3.246,0.0579642857142853,1.59,5.50,1.53,1.00,5.14,6.01,4.90,5.50,5.95,0.0,0.1953316953316953,0.0,0.3377483443708609,0.0,0.44,0.0,0.2247191011235955,13.0,0.0,0.3984496124031008,0.0,39.0,0.0,0.0,0,0.0,0.0,0.0,0.0,0.0,0.0,0.0,0.0,0.0,0.0,0.0,0.0,0.0,0.0,0.0,0.0,2.143333333333333,6.20,13,5,CHN,ALB,Alexander Albon,USA,USA,США,#071C63,Mercedes,#707070,0.0,100.0,0.0,0.0,0.0,0.0,17,20,18,18.0,17,17,17.0,18,12,6.20,
2024,2024051,2,5,Yuki Tsunoda,RB,19.0,19,-,DNF,19,-,0,22,TSU,9,11,#476CBF,9-11,13,2,1.0,1.47,0.0,0.0,0.2348242811501597,19,0,0,10.0,19.0,1,0,0.0,,26.0,46,-,0.0,2.0,2.0,16.0,3,3.0,0.0,3.0,1.0,-,-,0.234,0.137,0.097,DNC,DNC,DNC,DNC,1,DNC,DNC,DNC,DNC,0.0,20,DNC,DNC,DNC,DNC,2,0.0769230769230769,1.447,0.0556538461538462,-,10.00,-,-,5.39,6.01,4.90,5.50,5.95,,,,,,,,,11.0,1.0,1.0,0.0,40.0,0.0,1.0,0,0.0,0.0,0.0,1.0,0.0,1.0,0.0,0.0,0.0,0.0,0.0,0.0,0.0,0.0,0.0,0.0,,DNC,13,5,CHN,RIC,Daniel Ricciardo,JPN,Japan,Япония,#C60018,Honda,#DE0000,0.0,100.0,100.0,0.0,7.0,7.0,12,19,12,13.0,14,12,9.0,6,1,7.45,
2024,2024051,2,5,Valtteri Bottas,Kick Sauber,10.0,10,-,DNF,20,-,0,77,BOT,3,8,#64D064,3-8,8,3,1.0,5.74,1.0,1.0,0.6651216685979142,10,0,0,5.0,10.0,1,0,0.0,,19.0,34,-,1.0,0.0,1.0,11.0,-1,0.0,1.0,1.0,1.0,-,-,0.143,0.143,0.0,DNC,DNC,DNC,DNC,15,DNC,DNC,DNC,DNC,0.0,19,DNC,DNC,DNC,DNC,0,0.0,-,,-,4.00,-,-,,6.01,4.90,5.50,5.95,,,,,,,,,19.0,0.0,,0.0,23.0,0.0,0.0,0,0.0,0.0,0.0,0.0,0.0,0.0,0.0,0.0,0.0,0.0,0.0,0.0,0.0,0.0,0.0,0.0,,DNC,13,5,CHN,ZHO,Guanyu Zhou,FIN,Finland,Финляндия,#04276B,Ferrari,#DC0004,100.0,0.0,0.0,100.0,0.0,0.0,13,10,16,9.5,8,17,19.0,18,15,6.75,
2024,2024060,2,6,Sergio Perez,Red Bull Racing,3.0,3,3,3,3,+5.095,6,11,PER,5,14,#1A4C82,5-14,14,2,1.0,9.05,0.0,0.0,0.4750656167979002,3,0,0,2.0,3.0,0,0,0.0,0.0,19.0,100,1,1.0,0.0,1.0,4.0,0,0.0,0.0,0.0,1.0,91.309,01:31.309,0.095,0.072,0.023,1,4.00,2,1.95,3,1.90,2,1.95,1,1.0,3,1,5.95,1,3.85,2,0.1052631578947368,0.434,0.0228421052631592,10.00,1.00,9.29,7.75,8.8,5.11,3.76,1.00,5.50,1.0,0.5549389567147613,0.0,0.4815966822187661,0.0,0.5,1.0,0.5849056603773585,2.0,1.0,0.5472636815920398,14.0,20.0,6.0,1.0,1,1.0,1.0,0.0,0.0,0.0,2.0,0.0,0.0,0.0,1.0,1.0,0.0,0.0,1.0,1.0,0.0,8.125,9.80,26,6,MIA*,VER,Max Verstappen,MEX,Mexico,Мексика,#006640,Honda,#DE0000,100.0,0.0,0.0,0.0,91.0,91.0,3,3,1,1.0,1,2,1.0,2,3,9.80,
2024,2024060,2,6,Max Verstappen,Red Bull Racing,1.0,1,1,1,1,31:31.383,8,1,VER,2,14,#1A4C82,2-14,16,2,1.0,10.0,1.0,1.0,0.5249343832020997,1,0,0,1.0,1.0,0,0,1.0,1.0,19.0,100,0,0.0,0.0,0.0,1.0,0,0.0,0.0,0.0,1.0,91.167,01:31.167,0.136,0.095,0.041,4,3.70,1,2.00,1,2.00,5,1.80,2,1.0,1,3,5.70,2,3.80,3,0.1578947368421052,0.811,0.0426842105263146,8.02,1.00,10.00,5.50,7.28,5.11,3.76,1.00,5.50,0.0,0.4450610432852386,1.0,0.5184033177812338,1.0,0.5,0.0,0.4150943396226415,7.0,0.0,0.4527363184079601,14.0,20.0,8.0,1.0,1,0.0,0.0,1.0,1.0,0.0,2.0,1.0,1.0,0.0,0.0,1.0,1.0,0.0,0.0,1.0,19.0,6.43,9.50,26,6,MIA*,PER,Sergio Perez,NLD,Netherlands,Нидерланды,#F75600,Honda,#DE0000,0.0,0.0,0.0,0.0,118.0,118.0,1,1,2,3.0,4,1,2.0,5,1,9.50,
2024,2024060,2,6,Charles Leclerc,Ferrari,2.0,2,2,2,2,+3.371,7,16,LEC,6,5,#BA3B30,6-5,15,3,1.0,9.53,1.0,1.0,0.5402494331065759,2,0,0,1.0,2.0,0,0,1.0,1.0,19.0,100,0,0.0,0.0,0.0,2.0,0,0.0,0.0,0.0,1.0,91.319,01:31.319,0.130,0.091,0.039,3,3.80,3,1.90,2,1.95,6,1.75,3,1.0,2,2,5.70,3,3.70,1,0.0526315789473684,0.605,0.0318421052631581,8.31,1.00,9.23,5.50,8.11,5.11,3.76,1.00,5.50,1.0,0.6471962616822431,1.0,0.6009114583333334,1.0,0.5,1.0,0.5,3.0,1.0,0.835221421215242,11.0,13.0,7.0,0.0,0,0.0,0.0,0.0,0.0,0.0,0.0,0.0,0.0,1.0,0.0,1.0,0.0,1.0,0.0,1.0,0.0,6.623333333333334,9.40,26,6,MIA*,SAI,Carlos Sainz,MON,Monaco,Монако,#D80000,Ferrari,#DC0004,0.0,0.0,0.0,0.0,83.0,83.0,2,2,3,2.0,3,3,3.0,6,2,9.40,
2024,2024060,2,6,Nico Hulkenberg,Haas F1 Team,10.0,10,7,7,7,+22.054,2,27,HUL,25,7,#505050,25-7,11,3,1.0,5.74,1.0,1.0,0.5991649269311065,10,0,0,5.0,10.0,0,0,1.0,1.0,19.0,100,0,0.0,0.0,0.0,7.0,0,0.0,0.0,0.0,1.0,92.292,01:32.292,0.102,0.095,0.0069999999999999,2,3.90,7,1.70,8,1.65,9,1.60,4,1.0,8,4,5.60,8,3.25,1,0.0526315789473684,0.137,0.0072105263157894,9.66,1.00,4.34,5.50,10.0,5.11,3.76,1.00,5.50,1.0,0.9061913696060038,1.0,0.7521663778162911,1.0,0.5,1.0,0.8461538461538461,1.0,1.0,0.9090909090909092,2.0,13.0,2.0,0.0,0,0.0,0.0,0.0,0.0,0.0,0.0,0.0,0.0,0.0,0.0,0.0,0.0,0.0,0.0,0.0,0.0,7.523333333333333,8.85,26,6,MIA*,MAG,Kevin Magnussen,GER,Germany,Германия,#000000,Ferrari,#DC0004,0.0,0.0,0.0,0.0,6.0,6.0,7,10,4,4.0,2,7,8.0,9,8,8.85,
2024,2024060,2,6,Oscar Piastri,McLaren,6.0,6,6,6,6,+15.750,3,81,PIA,28,9,#DE8E18,28-9,2,1,1.0,7.63,1.0,1.0,0.5513005780346821,6,0,0,3.0,6.0,0,0,1.0,,19.0,100,0,0.0,0.0,0.0,6.0,0,0.0,0.0,0.0,1.0,91.911,01:31.911,0.184,0.080,0.104,6,3.50,4,1.85,6,1.75,8,1.65,5,1.0,6,5,5.35,6,3.40,2,0.1052631578947368,1.671,0.0879473684210537,5.69,1.00,6.26,5.50,3.82,5.11,3.76,1.00,5.50,,,,,,,,,14.0,1.0,1.0,3.0,3.0,8.0,0.0,0,0.0,0.0,0.0,0.0,0.0,0.0,0.0,0.0,0.0,0.0,0.0,0.0,0.0,0.0,0.0,0.0,4.876666666666667,8.75,26,6,MIA*,NOR,Lando Norris,AUS,Australia,Австралия,#F7C900,Mercedes,#707070,0.0,0.0,0.0,0.0,41.0,41.0,6,6,5,5.0,6,4,6.0,8,6,8.75,
2024,2024060,2,6,Daniel Ricciardo,RB,4.0,4,4,4,4,+14.971,5,3,RIC,7,11,#476CBF,7-11,2,2,1.0,8.58,1.0,1.0,0.7179916317991633,4,0,0,2.0,4.0,0,0,1.0,1.0,19.0,100,-1,0.0,1.0,1.0,3.0,0,0.0,0.0,0.0,1.0,92.01,01:32.010,0.150,0.119,0.031,5,3.60,6,1.75,4,1.85,15,1.30,6,1.0,4,6,5.35,9,3.15,2,0.1052631578947368,0.712,0.0374736842105272,7.34,1.00,5.76,3.25,7.68,5.11,3.76,1.00,5.50,1.0,0.650132860938884,1.0,0.6981818181818181,1.0,0.5,0.0,0.2452830188679245,6.0,1.0,1.0,6.0,20.0,8.0,0.0,0,0.0,0.0,0.0,0.0,0.0,0.0,0.0,0.0,0.0,0.0,0.0,0.0,0.0,0.0,0.0,0.0,5.601666666666667,8.50,26,6,MIA*,TSU,Yuki Tsunoda,AUS,Australia,Австралия,#F7C900,Honda,#DE0000,0.0,100.0,0.0,0.0,5.0,5.0,4,4,6,6.0,5,6,9.0,15,4,8.50,
2024,2024060,2,6,Carlos Sainz,Ferrari,5.0,5,5,5,5,+15.222,4,55,SAI,8,5,#BA3B30,8-5,7,3,1.0,8.11,0.0,0.0,0.459750566893424,5,0,0,3.0,5.0,0,0,0.0,0.0,19.0,100,0,0.0,0.0,0.0,5.0,0,0.0,0.0,0.0,1.0,91.936,01:31.936,0.208,0.061,0.147,9,3.20,5,1.80,5,1.80,7,1.70,7,1.0,5,7,5.00,5,3.50,2,0.1052631578947368,2.220,0.1168421052631563,4.53,1.00,6.13,5.50,1.6,5.11,3.76,1.00,5.50,0.0,0.352803738317757,0.0,0.3990885416666667,0.0,0.5,0.0,0.5,16.0,0.0,0.164778578784758,11.0,13.0,4.0,0.0,0,0.0,0.0,0.0,0.0,0.0,0.0,0.0,0.0,0.0,0.0,0.0,0.0,0.0,0.0,0.0,0.0,4.1033333333333335,8.50,26,6,MIA*,LEC,Charles Leclerc,ESP,Spain,Испания,#F7B800,Ferrari,#DC0004,0.0,0.0,0.0,0.0,73.0,73.0,5,5,7,7.0,9,5,5.0,7,5,8.50,
2024,2024060,2,6,Fernando Alonso,Aston Martin,8.0,8,17,17,17,+59.409,0,14,ALO,19,4,#459A72,19-4,7,1,1.0,6.68,0.0,0.0,0.4826589595375722,8,0,0,4.0,8.0,0,0,1.0,,19.0,100,1,1.0,0.0,1.0,18.0,0,0.0,0.0,0.0,1.0,92.916,01:32.916,0.213,0.134,0.0789999999999999,11,3.00,15,1.30,7,1.70,3,1.90,8,1.0,7,11,4.30,4,3.60,1,0.0526315789473684,1.175,0.0618421052631577,4.29,1.00,1.20,7.75,5.82,5.11,3.76,1.00,5.50,,,,,,,,,8.0,1.0,1.0,0.0,3.0,4.0,0.0,0,0.0,0.0,0.0,0.0,0.0,0.0,0.0,0.0,0.0,0.0,0.0,0.0,0.0,0.0,0.0,0.0,4.318333333333333,7.90,26,6,MIA*,STR,Lance Stroll,ESP,Spain,Испания,#F7B800,Mercedes,#707070,100.0,0.0,0.0,0.0,31.0,31.0,17,8,8,11.0,11,15,4.0,3,7,7.90,
2024,2024060,2,6,Yuki Tsunoda,RB,15.0,15,8,8,8,+29.816,1,22,TSU,9,11,#476CBF,9-11,13,2,1.0,3.37,0.0,0.0,0.2820083682008368,15,0,0,8.0,15.0,0,0,0.0,0.0,19.0,100,2,2.0,0.0,2.0,10.0,0,0.0,0.0,0.0,1.0,92.658,01:32.658,0.220,0.220,0.0,13,2.80,8,1.65,13,1.40,1,2.00,9,1.0,13,10,4.45,7,3.40,0,0.0,-,,3.95,1.00,2.49,10.00,,5.11,3.76,1.00,5.50,0.0,0.349867139061116,0.0,0.3018181818181818,0.0,0.5,1.0,0.7547169811320755,20.0,0.0,,6.0,20.0,1.0,1.0,0,0.0,0.0,0.0,0.0,1.0,1.0,0.0,0.0,0.0,0.0,0.0,0.0,0.0,0.0,0.0,0.0,4.466666666666667,7.85,26,6,MIA*,RIC,Daniel Ricciardo,JPN,Japan,Япония,#C60018,Honda,#DE0000,100.0,0.0,0.0,0.0,8.0,8.0,8,15,9,10.0,13,8,7.0,1,13,7.85,
2024,2024060,2,6,George Russell,Mercedes,11.0,11,12,12,12,+35.755,0,63,RUS,14,10,#0AA395,14-10,10,1,1.0,5.26,1.0,1.0,0.5233830845771144,11,0,0,6.0,11.0,0,0,1.0,1.0,19.0,100,0,0.0,0.0,0.0,15.0,0,0.0,0.0,0.0,1.0,92.926,01:32.926,0.194,0.128,0.066,7,3.40,16,1.25,9,1.60,10,1.55,10,1.0,9,9,4.65,10,3.15,1,0.0526315789473684,1.359,0.0715263157894734,5.21,1.00,1.15,5.50,5.07,5.11,3.76,1.00,5.50,1.0,0.7307152875175316,0.0,0.329512893982808,1.0,0.5,1.0,0.5,10.0,1.0,0.5516866158868334,0.0,3.0,0.0,0.0,0,0.0,0.0,0.0,0.0,0.0,0.0,0.0,0.0,0.0,0.0,0.0,0.0,0.0,0.0,0.0,0.0,4.556666666666667,7.80,26,6,MIA*,HAM,Lewis Hamilton,GBR,Great Britain,Великобритания,#314486,Mercedes,#707070,0.0,0.0,0.0,0.0,33.0,33.0,12,11,10,9.0,7,16,10.0,10,9,7.80,
2024,2024060,2,6,Logan Sargeant,Williams,19.0,18,10,10,10,+34.355,0,2,SAR,27,18,#3C95C9,27-18,21,1,1.0,1.47,1.0,1.0,0.5951417004048584,18,0,0,9.0,18.0,0,0,1.0,1.0,19.0,100,0,0.0,0.0,0.0,13.0,0,0.0,0.0,0.0,1.0,92.889,01:32.889,0.207,0.181,0.0259999999999999,8,3.30,13,1.40,16,1.25,14,1.35,11,1.0,16,8,4.70,17,2.60,1,0.0526315789473684,0.611,0.0321578947368423,4.58,1.00,1.33,5.50,8.09,5.11,3.76,1.00,5.50,1.0,0.6299862448418158,0.0,0.4907749077490775,1.0,0.5,0.0,0.4150943396226415,4.0,1.0,0.7178349600709849,0.0,3.0,0.0,0.0,0,0.0,0.0,0.0,0.0,0.0,0.0,0.0,0.0,0.0,0.0,0.0,0.0,0.0,0.0,0.0,0.0,4.136666666666667,7.30,26,6,MIA*,ALB,Alexander Albon,USA,USA,США,#071C63,Mercedes,#707070,0.0,0.0,0.0,0.0,0.0,0.0,10,18,11,8.0,8,13,17.0,14,16,7.30,
2024,2024060,2,6,Lewis Hamilton,Mercedes,12.0,12,16,16,16,+49.347,0,44,HAM,1,10,#0AA395,1-10,10,1,1.0,4.79,0.0,0.0,0.4766169154228855,12,0,0,6.0,12.0,0,0,0.0,0.0,19.0,100,0,1.0,1.0,2.0,9.0,0,0.0,0.0,0.0,1.0,92.689,01:32.689,0.262,0.173,0.089,17,2.40,9,1.60,10,1.55,11,1.50,12,1.0,10,16,4.00,11,3.05,1,0.0526315789473684,1.595,0.0839473684210525,1.92,1.00,2.34,5.50,4.12,5.11,3.76,1.00,5.50,0.0,0.2692847124824684,1.0,0.670487106017192,0.0,0.5,0.0,0.5,13.0,0.0,0.4483133841131664,0.0,3.0,0.0,0.0,0,0.0,0.0,0.0,0.0,0.0,0.0,0.0,0.0,0.0,0.0,0.0,0.0,0.0,0.0,0.0,0.0,2.3633333333333333,7.05,26,6,MIA*,RUS,George Russell,GBR,Great Britain,Великобритания,#314486,Mercedes,#707070,50.0,50.0,0.0,0.0,19.0,19.0,16,12,12,16.0,17,9,11.0,11,10,7.05,
2024,2024060,2,6,Pierre Gasly,Alpine,16.0,16,9,9,9,+31.880,0,10,GAS,17,3,#3494CC,17-3,9,4,1.0,2.89,0.0,0.0,0.4008321775312066,16,0,0,8.0,16.0,0,0,1.0,1.0,19.0,100,0,0.0,0.0,0.0,12.0,0,0.0,0.0,0.0,1.0,92.77,01:32.770,0.225,0.175,0.05,14,2.70,10,1.55,14,1.35,12,1.45,13,1.0,14,14,4.25,13,2.80,1,0.0526315789473684,0.635,0.0334210526315784,3.71,1.00,1.93,5.50,7.99,5.11,3.76,1.00,5.50,1.0,0.5833333333333334,1.0,0.6307189542483661,0.0,0.5,1.0,0.6285714285714286,5.0,1.0,0.6397117694155324,0.0,0.0,0.0,0.0,0,0.0,0.0,0.0,0.0,0.0,0.0,0.0,0.0,0.0,0.0,0.0,0.0,0.0,0.0,0.0,0.0,3.556666666666666,7.05,26,6,MIA*,OCO,Esteban Ocon,FRA,France,Франция,#004CA2,Renault,#FAEF00,0.0,0.0,0.0,0.0,0.0,0.0,9,16,13,14.0,14,10,13.0,12,14,7.05,
2024,2024060,2,6,Alexander Albon,Williams,20.0,20,13,13,13,+36.086,0,23,ALB,24,18,#3C95C9,24-18,20,1,1.0,1.0,0.0,0.0,0.4048582995951417,20,0,0,10.0,20.0,0,0,0.0,0.0,19.0,100,1,1.0,0.0,1.0,17.0,0,0.0,0.0,0.0,1.0,92.879,01:32.879,0.246,0.144,0.102,15,2.60,12,1.45,18,1.15,4,1.85,14,1.0,18,15,4.05,12,3.00,3,0.1578947368421052,1.830,0.0963157894736863,2.69,1.00,1.38,7.75,3.18,5.11,3.76,1.00,5.50,0.0,0.3700137551581843,1.0,0.5092250922509225,0.0,0.5,1.0,0.5849056603773585,15.0,0.0,0.2821650399290151,0.0,3.0,0.0,0.0,0,0.0,0.0,0.0,0.0,0.0,0.0,0.0,0.0,0.0,0.0,0.0,0.0,0.0,0.0,0.0,0.0,3.2516666666666665,7.05,26,6,MIA*,SAR,Logan Sargeant,THA,Thailand,Таиланд,#2E2549,Mercedes,#707070,100.0,0.0,0.0,0.0,0.0,0.0,13,20,14,15.0,15,12,12.0,4,18,7.05,
2024,2024060,2,6,Guanyu Zhou,Kick Sauber,17.0,17,11,11,11,+35.078,0,24,ZHO,23,8,#64D064,23-8,5,3,1.0,2.42,1.0,1.0,0.5537757437070938,17,0,0,9.0,17.0,0,0,1.0,1.0,19.0,100,0,0.0,0.0,0.0,14.0,0,0.0,0.0,0.0,1.0,92.911,01:32.911,0.219,0.165,0.0539999999999999,12,2.90,14,1.35,15,1.30,13,1.40,15,1.0,15,13,4.25,15,2.70,1,0.0526315789473684,1.235,0.0649999999999999,4.00,1.00,1.22,5.50,5.57,5.11,3.76,1.00,5.50,0.0,0.4716981132075471,1.0,0.5495495495495496,1.0,0.5,1.0,0.6285714285714286,9.0,1.0,0.5455435847208618,0.0,13.0,0.0,0.0,0,0.0,0.0,0.0,0.0,0.0,0.0,0.0,0.0,0.0,0.0,0.0,0.0,0.0,0.0,0.0,0.0,3.75,6.95,26,6,MIA*,BOT,Valtteri Bottas,CHN,China,Китай,#F70000,Ferrari,#DC0004,0.0,0.0,0.0,0.0,0.0,0.0,11,17,15,13.0,12,14,15.0,13,15,6.95,
2024,2024060,2,6,Valtteri Bottas,Kick Sauber,18.0,19,14,14,14,+36.892,0,77,BOT,3,8,#64D064,3-8,8,3,1.0,1.95,0.0,0.0,0.4462242562929062,19,0,0,10.0,19.0,0,0,0.0,0.0,19.0,100,-1,0.0,1.0,1.0,16.0,0,0.0,0.0,0.0,1.0,92.955,01:32.955,0.209,0.106,0.103,10,3.10,18,1.15,17,1.20,17,1.20,16,1.0,17,12,4.25,18,2.40,3,0.1578947368421052,1.466,0.0771578947368425,4.48,1.00,1.00,3.25,4.64,5.11,3.76,1.00,5.50,1.0,0.5283018867924528,0.0,0.4504504504504505,0.0,0.5,0.0,0.3714285714285714,11.0,0.0,0.454456415279138,0.0,13.0,0.0,0.0,0,0.0,0.0,0.0,0.0,0.0,0.0,0.0,0.0,0.0,0.0,0.0,0.0,0.0,0.0,0.0,0.0,3.695,6.65,26,6,MIA*,ZHO,Guanyu Zhou,FIN,Finland,Финляндия,#04276B,Ferrari,#DC0004,0.0,100.0,0.0,0.0,0.0,0.0,14,19,16,12.0,10,18,18.0,17,17,6.65,
2024,2024060,2,6,Esteban Ocon,Alpine,13.0,13,15,15,15,+37.740,0,31,OCO,13,3,#3494CC,13-3,9,4,1.0,4.32,1.0,1.0,0.5991678224687933,13,0,0,7.0,13.0,0,0,0.0,0.0,19.0,100,-1,0.0,1.0,1.0,11.0,0,0.0,0.0,0.0,1.0,92.93,01:32.930,0.247,0.155,0.092,16,2.50,17,1.20,11,1.50,16,1.25,17,1.0,11,18,3.70,14,2.75,1,0.0526315789473684,1.501,0.0790000000000002,2.65,1.00,1.13,3.25,4.5,5.11,3.76,1.00,5.50,0.0,0.4166666666666667,0.0,0.369281045751634,1.0,0.5,0.0,0.3714285714285714,12.0,0.0,0.3602882305844676,0.0,0.0,0.0,0.0,0,0.0,0.0,0.0,0.0,0.0,0.0,0.0,0.0,0.0,0.0,0.0,0.0,0.0,0.0,0.0,0.0,2.475,6.45,26,6,MIA*,GAS,Pierre Gasly,FRA,France,Франция,#004CA2,Renault,#FAEF00,0.0,100.0,0.0,0.0,0.0,0.0,15,13,17,18.0,16,17,14.0,16,11,6.45,
2024,2024060,2,6,Kevin Magnussen,Haas F1 Team,14.0,14,18,18,18,+1:06.303,0,20,MAG,22,7,#505050,22-7,6,3,1.0,3.84,0.0,0.0,0.4008350730688935,14,0,0,7.0,14.0,0,0,0.0,0.0,19.0,100,-2,0.0,2.0,2.0,8.0,0,0.0,0.0,0.0,1.0,92.87,01:32.870,0.281,0.178,0.103,18,2.30,11,1.50,12,1.45,18,1.15,18,1.0,12,17,3.80,16,2.60,3,0.1578947368421052,2.370,0.1247368421052634,1.00,1.00,1.43,1.00,1.0,5.11,3.76,1.00,5.50,0.0,0.0938086303939962,0.0,0.2478336221837088,0.0,0.5,0.0,0.1538461538461538,17.0,0.0,0.0909090909090909,2.0,13.0,0.0,0.0,0,0.0,0.0,0.0,0.0,0.0,0.0,0.0,0.0,0.0,0.0,0.0,0.0,0.0,0.0,0.0,0.0,1.0,6.40,26,6,MIA*,HUL,Nico Hulkenberg,DEN,Denmark,Дания,#D20019,Ferrari,#DC0004,0.0,100.0,0.0,0.0,1.0,1.0,18,14,18,17.0,18,11,16.0,18,12,6.40,
2024,2024060,2,6,Lance Stroll,Aston Martin,7.0,7,-,DNF,19,-,0,18,STR,10,4,#459A72,10-4,4,1,1.0,7.16,1.0,1.0,0.5173410404624278,7,0,0,4.0,7.0,1,0,0.0,,1.0,5,-,0.0,0.0,0.0,19.0,0,0.0,0.0,0.0,0.0,-,-,-,-,,DNC,DNC,DNC,DNC,DNC,DNC,DNC,DNC,DNC,0.0,19,DNC,DNC,DNC,DNC,-,,-,,-,-,-,-,,5.11,3.76,1.00,5.50,,,,,,,,,,0.0,,0.0,3.0,0.0,0.0,0,0.0,0.0,0.0,0.0,0.0,0.0,0.0,0.0,0.0,0.0,0.0,0.0,0.0,0.0,0.0,0.0,,DNC,26,6,MIA*,ALO,Fernando Alonso,CAN,Canada,Канада,#E30000,Mercedes,#707070,0.0,0.0,0.0,0.0,9.0,9.0,16,7,11,13.5,15,10,3.0,4,8,7.67,
2024,2024060,2,6,Lando Norris,McLaren,9.0,9,-,DNF,20,-,0,4,NOR,4,9,#DE8E18,4-9,10,1,1.0,6.21,0.0,0.0,0.4486994219653179,9,0,0,5.0,9.0,1,0,0.0,,0.0,0,-,0.0,0.0,0.0,,-,-,-,,0.0,-,-,-,-,,DNC,DNC,DNC,DNC,DNC,DNC,DNC,DNC,DNC,0.0,20,DNC,DNC,DNC,DNC,-,,-,,-,-,-,-,,5.11,3.76,1.00,5.50,,,,,,,,,,0.0,,3.0,3.0,0.0,0.0,0,0.0,0.0,0.0,0.0,0.0,0.0,0.0,0.0,0.0,0.0,0.0,0.0,0.0,0.0,0.0,0.0,,DNC,26,6,MIA*,PIA,Oscar Piastri,GBR,Great Britain,Великобритания,#314486,Mercedes,#707070,0.0,0.0,0.0,0.0,58.0,58.0,2,9,2,3.0,4,2,10.0,9,12,8.62,
2024,2024061,2,7,Max Verstappen,Red Bull Racing,1.0,1,2,2,2,+7.612,18,1,VER,2,14,#1A4C82,2-14,16,2,1.0,10.0,1.0,1.0,0.5382131324004307,1,0,0,1.0,1.0,0,0,1.0,1.0,57.0,100,0,0.0,0.0,0.0,1.0,0,0.0,0.0,0.0,1.0,92.178,01:32.178,0.095,0.060,0.035,2,3.90,2,1.95,9,1.60,8,1.65,1,1.0,8,2,5.85,6,3.25,7,0.1228070175438596,1.824,0.0319999999999992,9.59,5.50,9.58,6.14,8.55,5.42,5.04,5.50,6.14,1.0,0.576668671076368,1.0,0.5328142380422691,1.0,0.5789473684210527,0.0,0.4134680134680134,5.0,0.0,0.4885714285714286,30.0,36.0,18.0,1.0,0,1.0,0.0,0.0,0.0,0.0,1.0,0.0,0.0,1.0,0.0,1.0,1.0,0.0,0.0,1.0,22.0,8.333333333333334,9.10,25,6,MIA,PER,Sergio Perez,NLD,Netherlands,Нидерланды,#F75600,Honda,#DE0000,0.0,0.0,0.0,0.0,136.0,136.0,2,1,1,2.0,2,2,6.0,8,9,9.10,
2024,2024061,2,7,Lando Norris,McLaren,5.0,5,1,1,1,1:30:49.876,25,4,NOR,4,9,#DE8E18,4-9,10,1,1.0,8.11,1.0,1.0,0.5152477763659467,5,0,0,3.0,5.0,0,0,1.0,1.0,57.0,100,0,0.0,0.0,0.0,6.0,-1,0.0,1.0,1.0,1.0,92.107,01:32.107,0.088,0.068,0.0199999999999999,1,4.00,1,2.00,15,1.30,10,1.55,2,1.0,14,1,6.00,14,2.85,4,0.0701754385964912,1.163,0.02040350877193,10.00,4.00,10.00,6.14,10.0,5.42,5.04,5.50,6.14,1.0,0.7132667617689016,1.0,0.5555555555555556,0.0,0.2857142857142857,0.0,0.3804213135068153,1.0,1.0,0.617283950617284,25.0,39.0,37.0,1.0,1,0.0,1.0,1.0,0.0,0.0,2.0,0.0,1.0,0.0,0.0,1.0,0.0,0.0,0.0,0.0,31.0,8.356666666666667,8.85,25,6,MIA,PIA,Oscar Piastri,GBR,Great Britain,Великобритания,#314486,Mercedes,#707070,0.0,0.0,0.0,100.0,83.0,83.0,1,5,2,1.0,1,1,14.0,10,15,8.85,
2024,2024061,2,7,Sergio Perez,Red Bull Racing,4.0,4,4,4,4,+14.650,12,11,PER,5,14,#1A4C82,5-14,14,2,1.0,8.58,0.0,0.0,0.4617868675995695,4,0,0,2.0,4.0,0,0,0.0,0.0,57.0,100,2,2.0,0.0,2.0,5.0,-1,0.0,1.0,1.0,1.0,92.378,01:32.378,0.138,0.109,0.029,3,3.80,5,1.80,14,1.35,4,1.85,3,1.0,13,3,5.60,8,3.20,4,0.0701754385964912,1.640,0.0287719298245611,7.04,4.00,8.40,8.71,8.95,5.42,5.04,5.50,6.14,0.0,0.423331328923632,0.0,0.4671857619577308,0.0,0.4210526315789473,1.0,0.5865319865319866,3.0,1.0,0.5114285714285713,30.0,36.0,12.0,0.0,0,0.0,0.0,0.0,0.0,0.0,0.0,0.0,0.0,0.0,0.0,0.0,0.0,0.0,0.0,0.0,0.0,6.811666666666667,8.80,25,6,MIA,VER,Max Verstappen,MEX,Mexico,Мексика,#006640,Honda,#DE0000,100.0,0.0,0.0,100.0,103.0,103.0,4,4,3,3.0,3,5,8.0,4,14,8.80,
2024,2024061,2,7,Charles Leclerc,Ferrari,2.0,2,3,3,3,+9.920,15,16,LEC,6,5,#BA3B30,6-5,15,3,1.0,9.53,1.0,1.0,0.5129171151776103,2,0,0,1.0,2.0,0,0,1.0,1.0,57.0,100,0,1.0,1.0,2.0,2.0,0,0.0,0.0,0.0,1.0,92.21,01:32.210,0.141,0.103,0.0379999999999999,4,3.70,3,1.90,10,1.55,9,1.60,4,1.0,9,4,5.60,9,3.15,5,0.087719298245614,1.893,0.0332105263157899,6.86,5.50,9.39,6.14,8.39,5.42,5.04,5.50,6.14,1.0,0.5154019534184824,1.0,0.5131147540983607,1.0,0.5789473684210527,0.0,0.4524686809137803,7.0,0.0,0.464819944598338,25.0,25.0,15.0,0.0,0,0.0,0.0,0.0,0.0,0.0,0.0,0.0,0.0,0.0,1.0,1.0,0.0,1.0,0.0,1.0,0.0,6.513333333333333,8.75,25,6,MIA,SAI,Carlos Sainz,MON,Monaco,Монако,#D80000,Ferrari,#DC0004,50.0,50.0,0.0,0.0,98.0,98.0,3,2,4,4.0,4,3,9.0,9,10,8.75,
2024,2024061,2,7,Carlos Sainz,Ferrari,3.0,3,5,5,5,+16.407,10,55,SAI,8,5,#BA3B30,8-5,7,3,1.0,9.05,0.0,0.0,0.4870828848223897,3,0,0,2.0,3.0,0,0,0.0,0.0,57.0,100,1,1.0,0.0,1.0,4.0,-1,0.0,1.0,1.0,1.0,92.291,01:32.291,0.148,0.128,0.0199999999999999,6,3.50,4,1.85,13,1.40,5,1.80,5,1.0,12,5,5.35,7,3.20,3,0.0526315789473684,1.318,0.0231228070175445,6.45,4.00,8.91,7.43,9.66,5.42,5.04,5.50,6.14,0.0,0.4845980465815176,0.0,0.4868852459016393,0.0,0.4210526315789473,1.0,0.5475313190862195,2.0,1.0,0.535180055401662,25.0,25.0,12.0,0.0,0,0.0,0.0,0.0,0.0,0.0,0.0,0.0,0.0,0.0,0.0,0.0,0.0,0.0,1.0,1.0,0.0,6.205000000000001,8.55,25,6,MIA,LEC,Charles Leclerc,ESP,Spain,Испания,#F7B800,Ferrari,#DC0004,100.0,0.0,0.0,100.0,83.0,83.0,5,3,5,5.0,6,4,7.0,5,13,8.55,
2024,2024061,2,7,Oscar Piastri,McLaren,6.0,6,13,13,13,+49.756,0,81,PIA,28,9,#DE8E18,28-9,2,1,1.0,7.63,0.0,0.0,0.4847522236340534,6,0,0,3.0,6.0,0,0,0.0,0.0,57.0,100,3,4.0,1.0,5.0,3.0,3,3.0,0.0,3.0,1.0,92.446,01:32.446,0.189,0.131,0.0579999999999999,15,2.60,6,1.75,1,2.00,1,2.00,6,1.0,1,12,4.35,1,4.00,6,0.1052631578947368,2.890,0.0507017543859646,4.02,10.00,8.00,10.00,6.2,5.42,5.04,5.50,6.14,0.0,0.2867332382310984,0.0,0.4444444444444444,1.0,0.7142857142857143,1.0,0.6195786864931846,15.0,0.0,0.3827160493827161,25.0,39.0,0.0,1.0,1,0.0,0.0,0.0,1.0,1.0,2.0,1.0,0.0,0.0,0.0,0.0,0.0,0.0,0.0,0.0,4.0,6.013333333333333,8.35,25,6,MIA,NOR,Lando Norris,AUS,Australia,Австралия,#F7C900,Mercedes,#707070,80.0,20.0,100.0,0.0,41.0,41.0,13,6,6,12.0,15,6,1.0,1,1,8.35,
2024,2024061,2,7,Fernando Alonso,Aston Martin,15.0,15,9,9,9,+37.107,2,14,ALO,19,4,#459A72,19-4,7,1,1.0,3.37,0.0,0.0,0.3904982618771727,15,0,0,8.0,15.0,0,0,1.0,1.0,57.0,100,0,2.0,2.0,4.0,12.0,3,3.0,0.0,3.0,1.0,93.292,01:33.292,0.151,0.117,0.0339999999999999,7,3.40,14,1.35,2,1.95,12,1.45,7,1.0,2,7,4.75,5,3.40,4,0.0701754385964912,1.806,0.0316842105263154,6.27,10.00,2.99,6.14,8.59,5.42,5.04,5.50,6.14,1.0,0.8624484181568088,0.0,0.471608832807571,1.0,0.6451612903225806,0.0,0.3804213135068153,4.0,1.0,0.8957247132429614,2.0,39.0,12.0,0.0,0,0.0,0.0,0.0,0.0,0.0,0.0,0.0,0.0,0.0,0.0,0.0,0.0,0.0,0.0,0.0,0.0,6.87,8.15,25,6,MIA,STR,Lance Stroll,ESP,Spain,Испания,#F7B800,Mercedes,#707070,50.0,50.0,100.0,0.0,33.0,33.0,9,15,7,7.0,7,14,5.0,12,2,8.15,
2024,2024061,2,7,Lewis Hamilton,Mercedes,8.0,8,6,6,6,+16.585,8,44,HAM,1,10,#0AA395,1-10,10,1,1.0,6.68,0.0,0.0,0.4826589595375722,8,0,0,4.0,8.0,0,0,1.0,1.0,57.0,100,0,2.0,2.0,4.0,7.0,1,1.0,0.0,1.0,1.0,92.667,01:32.667,0.170,0.115,0.055,12,2.90,7,1.70,3,1.90,11,1.50,8,1.0,3,10,4.60,3,3.40,5,0.087719298245614,2.585,0.0453508771929821,5.14,7.00,6.69,6.14,6.87,5.42,5.04,5.50,6.14,1.0,0.5176233635448136,1.0,0.6021602160216022,1.0,0.875,0.0,0.3804213135068153,12.0,1.0,0.5687086092715232,12.0,39.0,37.0,0.0,0,0.0,0.0,0.0,0.0,0.0,0.0,0.0,0.0,0.0,0.0,0.0,0.0,0.0,0.0,0.0,0.0,5.616666666666667,8.00,25,6,MIA,RUS,George Russell,GBR,Great Britain,Великобритания,#314486,Mercedes,#707070,50.0,50.0,100.0,0.0,27.0,27.0,6,8,8,10.0,12,7,3.0,11,3,8.00,
2024,2024061,2,7,Yuki Tsunoda,RB,10.0,10,7,7,7,+26.185,6,22,TSU,9,11,#476CBF,9-11,13,2,1.0,5.74,1.0,1.0,0.7464239271781534,10,0,0,5.0,10.0,0,0,1.0,1.0,57.0,100,-3,0.0,3.0,3.0,9.0,1,1.0,0.0,1.0,1.0,93.01,01:33.010,0.168,0.117,0.051,10,3.10,8,1.65,5,1.80,17,1.20,9,1.0,5,8,4.75,11,3.00,3,0.0526315789473684,2.428,0.0425964912280701,5.26,7.00,4.66,2.29,7.22,5.42,5.04,5.50,6.14,1.0,0.7235213204951857,1.0,0.823321554770318,1.0,0.56,1.0,0.6960486322188449,11.0,1.0,0.5605590062111802,6.0,36.0,6.0,0.0,0,0.0,0.0,0.0,0.0,0.0,0.0,0.0,0.0,0.0,0.0,0.0,0.0,0.0,0.0,0.0,0.0,5.055,7.75,25,6,MIA,RIC,Daniel Ricciardo,JPN,Japan,Япония,#C60018,Honda,#DE0000,0.0,100.0,100.0,0.0,14.0,14.0,7,10,9,8.0,10,8,11.0,17,5,7.75,
2024,2024061,2,7,Nico Hulkenberg,Haas F1 Team,9.0,9,11,11,11,+40.789,0,27,HUL,25,7,#505050,25-7,11,3,1.0,6.21,1.0,1.0,0.80859375,9,0,0,5.0,9.0,0,0,1.0,1.0,57.0,100,1,5.0,4.0,9.0,8.0,1,1.0,0.0,1.0,1.0,93.216,01:33.216,0.196,0.124,0.072,16,2.50,10,1.55,4,1.85,6,1.75,10,1.0,4,16,4.05,2,3.60,4,0.0701754385964912,2.884,0.0505964912280704,3.61,7.00,3.44,7.43,6.21,5.42,5.04,5.50,6.14,0.0,0.4042553191489361,1.0,0.5667215815485996,1.0,0.5,1.0,0.7644032921810701,14.0,0.0,0.4802784222737819,0.0,25.0,0.0,0.0,0,0.0,0.0,0.0,0.0,0.0,0.0,0.0,0.0,0.0,0.0,0.0,0.0,0.0,0.0,0.0,0.0,4.8116666666666665,7.65,25,6,MIA,MAG,Kevin Magnussen,GER,Germany,Германия,#000000,Ferrari,#DC0004,56.0,44.0,100.0,0.0,6.0,6.0,11,9,10,16.0,16,10,2.0,6,4,7.65,
2024,2024061,2,7,Pierre Gasly,Alpine,12.0,12,12,12,12,+44.958,0,10,GAS,17,3,#3494CC,17-3,9,4,1.0,4.79,1.0,1.0,0.5257958287596048,12,0,0,6.0,12.0,0,0,0.0,0.0,57.0,100,1,2.0,1.0,3.0,13.0,-1,0.0,1.0,1.0,1.0,93.275,01:33.275,0.162,0.111,0.051,8,3.30,13,1.40,16,1.25,7,1.70,11,1.0,15,9,4.70,13,2.95,3,0.0526315789473684,2.407,0.0422280701754382,5.62,4.00,3.09,7.43,7.26,5.42,5.04,5.50,6.14,1.0,0.5306893295561851,0.0,0.4943999999999999,1.0,0.5,1.0,0.6754545454545454,10.0,1.0,0.6215753424657534,1.0,1.0,1.0,0.0,0,0.0,0.0,0.0,0.0,0.0,0.0,0.0,0.0,0.0,0.0,0.0,0.0,0.0,0.0,0.0,0.0,5.651666666666666,7.65,25,6,MIA,OCO,Esteban Ocon,FRA,France,Франция,#004CA2,Renault,#FAEF00,67.0,33.0,0.0,100.0,0.0,0.0,12,12,11,9.0,8,13,13.0,7,16,7.65,
2024,2024061,2,7,George Russell,Mercedes,7.0,7,8,8,8,+34.789,4,63,RUS,14,10,#0AA395,14-10,10,1,1.0,7.16,1.0,1.0,0.5173410404624278,7,0,0,4.0,7.0,0,0,0.0,0.0,57.0,100,3,3.0,0.0,3.0,10.0,-3,0.0,3.0,3.0,1.0,93.051,01:33.051,0.176,0.102,0.074,14,2.70,9,1.60,19,1.10,2,1.95,12,1.0,18,13,4.30,10,3.05,4,0.0701754385964912,3.340,0.0585964912280697,4.79,1.00,4.42,10.00,5.21,5.42,5.04,5.50,6.14,0.0,0.4823766364551863,0.0,0.3978397839783978,0.0,0.125,1.0,0.6195786864931846,18.0,0.0,0.4312913907284768,12.0,39.0,37.0,0.0,0,0.0,0.0,0.0,0.0,0.0,0.0,0.0,0.0,0.0,0.0,0.0,0.0,0.0,0.0,0.0,0.0,5.026666666666666,7.35,25,6,MIA,HAM,Lewis Hamilton,GBR,Great Britain,Великобритания,#314486,Mercedes,#707070,100.0,0.0,0.0,100.0,37.0,37.0,8,7,12,13.0,14,9,10.0,2,19,7.35,
2024,2024061,2,7,Kevin Magnussen,Haas F1 Team,19.0,18,19,19,19,+1:24.683,0,20,MAG,22,7,#505050,22-7,6,3,1.0,1.47,0.0,0.0,0.19140625,18,0,0,9.0,18.0,0,0,0.0,0.0,57.0,100,-3,0.0,3.0,3.0,17.0,1,1.0,0.0,1.0,1.0,93.354,01:33.354,0.167,0.111,0.056,9,3.20,15,1.30,7,1.70,18,1.15,13,1.0,6,11,4.50,15,2.85,4,0.0701754385964912,2.652,0.0465263157894734,5.32,7.00,2.63,2.29,6.72,5.42,5.04,5.50,6.14,1.0,0.5957446808510639,0.0,0.4332784184514003,0.0,0.5,0.0,0.23559670781893,13.0,1.0,0.5197215777262181,0.0,25.0,0.0,0.0,0,0.0,0.0,0.0,0.0,0.0,0.0,0.0,0.0,0.0,0.0,0.0,0.0,0.0,0.0,0.0,0.0,5.095,7.35,25,6,MIA,HUL,Nico Hulkenberg,DEN,Denmark,Дания,#D20019,Ferrari,#DC0004,0.0,100.0,100.0,0.0,1.0,1.0,19,18,13,11.0,9,15,15.0,18,7,7.35,
2024,2024061,2,7,Valtteri Bottas,Kick Sauber,16.0,16,16,16,16,+52.356,0,77,BOT,3,8,#64D064,3-8,8,3,1.0,2.89,1.0,1.0,0.7429305912596401,16,0,0,8.0,16.0,0,0,0.0,0.0,57.0,100,0,1.0,1.0,2.0,19.0,-3,0.0,3.0,3.0,1.0,93.423,01:33.423,0.142,0.106,0.0359999999999999,5,3.60,17,1.20,20,1.05,13,1.40,14,1.0,19,6,4.80,18,2.45,5,0.087719298245614,1.834,0.0321754385964912,6.80,1.00,2.22,6.14,8.52,5.42,5.04,5.50,6.14,1.0,0.5666666666666667,1.0,0.5967741935483871,0.0,0.125,1.0,0.5,6.0,1.0,0.5129440096327513,0.0,25.0,0.0,0.0,0,0.0,0.0,0.0,0.0,0.0,0.0,0.0,0.0,0.0,0.0,0.0,0.0,0.0,0.0,0.0,0.0,5.723333333333333,7.25,25,6,MIA,ZHO,Guanyu Zhou,FIN,Finland,Финляндия,#04276B,Ferrari,#DC0004,50.0,50.0,0.0,100.0,0.0,0.0,16,16,14,6.0,5,17,18.0,13,20,7.25,
2024,2024061,2,7,Guanyu Zhou,Kick Sauber,20.0,19,14,14,14,+49.979,0,24,ZHO,23,8,#64D064,23-8,5,3,1.0,1.0,0.0,0.0,0.2570694087403599,19,0,0,10.0,19.0,0,0,1.0,1.0,57.0,100,0,2.0,2.0,4.0,18.0,1,1.0,0.0,1.0,1.0,93.545,01:33.545,0.169,0.128,0.041,11,3.00,18,1.15,8,1.65,14,1.35,15,1.0,7,15,4.15,12,3.00,3,0.0526315789473684,2.030,0.0356140350877198,5.20,7.00,1.50,6.14,8.09,5.42,5.04,5.50,6.14,0.0,0.4333333333333333,0.0,0.4032258064516129,1.0,0.875,0.0,0.5,8.0,0.0,0.4870559903672486,0.0,25.0,0.0,0.0,0,0.0,0.0,0.0,0.0,0.0,0.0,0.0,0.0,0.0,0.0,0.0,0.0,0.0,0.0,0.0,0.0,5.656666666666666,7.15,25,6,MIA,BOT,Valtteri Bottas,CHN,China,Китай,#F70000,Ferrari,#DC0004,50.0,50.0,100.0,0.0,0.0,0.0,14,19,15,15.0,11,18,12.0,14,8,7.15,
2024,2024061,2,7,Lance Stroll,Aston Martin,11.0,11,17,17,17,+55.173,0,18,STR,10,4,#459A72,10-4,4,1,1.0,5.26,1.0,1.0,0.6095017381228274,11,0,0,6.0,11.0,0,0,0.0,0.0,57.0,100,3,3.0,0.0,3.0,11.0,0,0.0,0.0,0.0,1.0,93.232,01:33.232,0.240,0.131,0.1089999999999999,19,2.20,11,1.50,11,1.50,3,1.90,16,1.0,10,17,3.70,4,3.40,7,0.1228070175438596,5.254,0.0921754385964915,1.00,5.50,3.35,10.00,1.0,5.42,5.04,5.50,6.14,0.0,0.1375515818431912,1.0,0.5283911671924291,0.0,0.3548387096774194,1.0,0.6195786864931846,20.0,0.0,0.1042752867570385,2.0,39.0,0.0,0.0,0,0.0,0.0,0.0,0.0,0.0,0.0,0.0,0.0,0.0,0.0,0.0,0.0,0.0,0.0,0.0,0.0,3.25,7.10,25,6,MIA,ALO,Fernando Alonso,CAN,Canada,Канада,#E30000,Mercedes,#707070,100.0,0.0,0.0,0.0,9.0,9.0,17,11,16,17.0,19,11,4.0,3,11,7.10,
2024,2024061,2,7,Esteban Ocon,Alpine,13.0,13,10,10,10,+39.746,1,31,OCO,13,3,#3494CC,13-3,9,4,1.0,4.32,0.0,0.0,0.4742041712403952,13,0,0,7.0,13.0,0,0,1.0,1.0,57.0,100,-2,2.0,4.0,6.0,14.0,-1,0.0,1.0,1.0,1.0,93.263,01:33.263,0.173,0.100,0.0729999999999999,13,2.80,12,1.45,17,1.20,15,1.30,17,1.0,16,14,4.25,17,2.50,6,0.1052631578947368,3.700,0.0649122807017551,4.97,4.00,3.16,3.57,4.42,5.42,5.04,5.50,6.14,0.0,0.4693106704438149,1.0,0.5056,0.0,0.5,0.0,0.3245454545454545,19.0,0.0,0.3784246575342466,1.0,1.0,1.0,0.0,0,0.0,0.0,0.0,0.0,0.0,0.0,0.0,0.0,0.0,0.0,0.0,0.0,0.0,0.0,0.0,0.0,4.575,6.75,25,6,MIA,GAS,Pierre Gasly,FRA,France,Франция,#004CA2,Renault,#FAEF00,33.0,67.0,0.0,100.0,1.0,1.0,10,13,17,14.0,13,12,17.0,15,17,6.75,
2024,2024061,2,7,Alexander Albon,Williams,14.0,14,18,18,18,+1:16.091,0,23,ALB,24,18,#3C95C9,24-18,20,1,1.0,3.84,1.0,1.0,0.6134185303514377,14,0,0,7.0,14.0,0,0,1.0,,57.0,100,-2,1.0,3.0,4.0,15.0,-1,0.0,1.0,1.0,1.0,93.393,01:33.393,0.206,0.133,0.0729999999999999,17,2.40,16,1.25,18,1.15,16,1.25,18,1.0,17,18,3.65,19,2.40,5,0.087719298245614,3.223,0.056543859649123,3.01,4.00,2.40,3.57,5.47,5.42,5.04,5.50,6.14,,,,,,,,,17.0,0.0,0.4051851851851851,0.0,39.0,0.0,0.0,0,0.0,0.0,0.0,0.0,0.0,0.0,0.0,0.0,0.0,0.0,0.0,0.0,0.0,0.0,0.0,0.0,3.268333333333333,6.05,25,6,MIA,SAR,Logan Sargeant,THA,Thailand,Таиланд,#2E2549,Mercedes,#707070,25.0,75.0,0.0,100.0,0.0,0.0,18,14,18,18.0,17,16,19.0,16,18,6.05,
2024,2024061,2,7,Daniel Ricciardo,RB,18.0,20,15,15,15,+50.956,0,3,RIC,7,11,#476CBF,7-11,2,2,1.0,1.95,0.0,0.0,0.2535760728218465,20,0,0,10.0,20.0,0,0,0.0,0.0,57.0,100,-4,0.0,4.0,4.0,20.0,0,0.0,0.0,0.0,1.0,93.629,01:33.629,0.223,0.163,0.06,18,2.30,19,1.10,12,1.45,19,1.10,19,1.0,11,19,3.40,16,2.55,4,0.0701754385964912,3.138,0.0550526315789479,2.01,5.50,1.00,1.00,5.66,5.42,5.04,5.50,6.14,0.0,0.2764786795048143,0.0,0.1766784452296819,0.0,0.44,0.0,0.303951367781155,16.0,0.0,0.4394409937888199,6.0,36.0,0.0,0.0,0,0.0,0.0,0.0,0.0,0.0,0.0,0.0,0.0,0.0,0.0,0.0,0.0,0.0,0.0,0.0,0.0,2.4233333333333333,5.95,25,6,MIA,TSU,Yuki Tsunoda,AUS,Australia,Австралия,#F7C900,Honda,#DE0000,0.0,100.0,0.0,0.0,5.0,5.0,15,20,19,19.0,18,19,16.0,19,12,5.95,
2024,2024061,2,7,Logan Sargeant,Williams,17.0,17,-,DNF,20,-,0,2,SAR,27,18,#3C95C9,27-18,21,1,1.0,2.42,0.0,0.0,0.3865814696485623,17,0,0,9.0,17.0,1,0,0.0,,27.0,47,-,0.0,0.0,0.0,16.0,1,1.0,0.0,1.0,1.0,-,-,0.148,0.105,0.043,DNC,DNC,DNC,DNC,6,DNC,DNC,DNC,DNC,0.0,20,DNC,DNC,DNC,DNC,2,0.074074074074074,0.974,0.0360740740740747,-,7.00,-,-,8.03,5.42,5.04,5.50,6.14,,,,,,,,,9.0,1.0,0.5948148148148148,0.0,39.0,0.0,0.0,0,0.0,0.0,0.0,0.0,0.0,0.0,0.0,0.0,0.0,0.0,0.0,0.0,0.0,0.0,0.0,0.0,,DNC,25,6,MIA,ALB,Alexander Albon,USA,USA,США,#071C63,Mercedes,#707070,0.0,0.0,100.0,0.0,0.0,0.0,14,17,14,12.5,12,16,17.5,16,6,6.70,
2024,2024071,2,8,Lando Norris,McLaren,3.0,2,2,2,2,+0.725,18,4,NOR,4,9,#DE8E18,4-9,10,1,1.0,9.0,0.0,0.0,0.4864864864864865,2,0,0,1.0,2.0,0,0,1.0,1.0,63.0,100,1,1.0,0.0,1.0,2.0,0,0.0,0.0,0.0,1.0,80.86,01:20.860,0.100,0.076,0.024,2,3.90,1,2.00,6,1.75,5,1.80,1,1.0,6,2,5.90,2,3.55,7,0.1111111111111111,1.464,0.0232380952380961,9.71,5.50,10.00,7.30,10.0,5.04,5.31,5.50,6.40,1.0,0.5332235035694673,1.0,0.5227391531625718,1.0,0.5,0.0,0.4709677419354838,1.0,1.0,0.5151983513652756,30.0,47.0,33.0,1.0,1,1.0,0.0,1.0,0.0,0.0,2.0,0.0,0.0,1.0,0.0,1.0,0.0,0.0,1.0,1.0,0.0,8.606666666666667,9.45,16,7,EMI,PIA,Oscar Piastri,GBR,Great Britain,Великобритания,#314486,Mercedes,#707070,100.0,0.0,0.0,0.0,101.0,101.0,2,2,1,2.0,2,1,2.0,5,6,9.45,
2024,2024071,2,8,Max Verstappen,Red Bull Racing,1.0,1,1,1,1,1:25:25.252,25,1,VER,2,14,#1A4C82,2-14,16,2,1.0,10.0,1.0,1.0,0.6666666666666666,1,0,0,1.0,1.0,0,0,1.0,1.0,63.0,100,0,0.0,0.0,0.0,1.0,0,0.0,0.0,0.0,1.0,80.881,01:20.881,0.092,0.058,0.0339999999999999,1,4.00,2,1.95,5,1.80,10,1.55,2,1.0,5,1,5.95,7,3.35,5,0.0793650793650793,2.036,0.0323174603174603,10.00,5.50,9.91,6.40,9.58,5.04,5.31,5.50,6.40,1.0,0.8576329331046312,1.0,0.5987915407854985,0.0,0.4150943396226415,1.0,0.5818181818181819,2.0,1.0,0.8584229390681003,29.0,30.0,25.0,1.0,0,0.0,1.0,0.0,0.0,0.0,1.0,0.0,1.0,0.0,0.0,1.0,1.0,0.0,0.0,1.0,60.0,8.65,9.30,16,7,EMI,PER,Sergio Perez,NLD,Netherlands,Нидерланды,#F75600,Honda,#DE0000,0.0,0.0,0.0,0.0,161.0,161.0,1,1,2,1.0,1,2,7.0,10,5,9.30,
2024,2024071,2,8,Oscar Piastri,McLaren,2.0,5,4,4,4,+14.132,12,81,PIA,28,9,#DE8E18,28-9,2,1,1.0,9.5,1.0,1.0,0.5135135135135135,5,0,0,3.0,5.0,0,0,0.0,0.0,63.0,100,2,2.0,0.0,2.0,5.0,0,0.0,0.0,0.0,1.0,81.065,01:21.065,0.133,0.095,0.038,3,3.80,4,1.85,9,1.60,3,1.90,3,1.0,9,3,5.65,4,3.50,7,0.1111111111111111,2.258,0.0358412698412704,8.50,5.50,9.13,8.20,9.41,5.04,5.31,5.50,6.40,0.0,0.4667764964305326,0.0,0.4772608468374281,0.0,0.5,1.0,0.529032258064516,3.0,0.0,0.4848016486347243,30.0,47.0,12.0,0.0,0,0.0,0.0,0.0,0.0,0.0,0.0,0.0,0.0,0.0,0.0,0.0,0.0,1.0,0.0,1.0,0.0,7.95,9.15,16,7,EMI,NOR,Lando Norris,AUS,Australia,Австралия,#F7C900,Mercedes,#707070,100.0,0.0,0.0,0.0,53.0,53.0,4,5,3,3.0,3,4,4.0,3,9,9.15,
2024,2024071,2,8,Charles Leclerc,Ferrari,4.0,3,3,3,3,+7.916,15,16,LEC,6,5,#BA3B30,6-5,15,3,1.0,8.5,1.0,1.0,0.5151515151515151,3,0,0,2.0,3.0,0,0,1.0,1.0,63.0,100,1,1.0,0.0,1.0,3.0,0,0.0,0.0,0.0,1.0,80.96,01:20.960,0.152,0.081,0.071,5,3.60,3,1.90,7,1.70,6,1.75,4,1.0,7,4,5.50,6,3.45,12,0.1904761904761904,4.478,0.0710793650793661,7.80,5.50,9.57,7.30,7.76,5.04,5.31,5.50,6.40,0.0,0.4805914972273567,1.0,0.5281456953642384,1.0,0.5,1.0,0.5,5.0,0.0,0.4705882352941176,25.0,25.0,15.0,0.0,0,0.0,0.0,0.0,0.0,0.0,0.0,0.0,0.0,0.0,1.0,1.0,0.0,0.0,0.0,0.0,0.0,7.333333333333333,8.95,16,7,EMI,SAI,Carlos Sainz,MON,Monaco,Монако,#D80000,Ferrari,#DC0004,100.0,0.0,0.0,0.0,113.0,113.0,3,3,4,4.0,5,3,6.0,6,7,8.95,
2024,2024071,2,8,Carlos Sainz,Ferrari,5.0,4,5,5,5,+22.325,10,55,SAI,8,5,#BA3B30,8-5,7,3,1.0,8.0,0.0,0.0,0.4848484848484848,4,0,0,2.0,4.0,0,0,0.0,0.0,63.0,100,1,1.0,0.0,1.0,4.0,0,0.0,0.0,0.0,1.0,81.201,01:21.201,0.135,0.082,0.053,4,3.70,6,1.75,8,1.65,7,1.70,5,1.0,8,5,5.45,8,3.35,7,0.1111111111111111,3.171,0.0503333333333341,8.43,5.50,8.55,7.30,8.73,5.04,5.31,5.50,6.40,1.0,0.5194085027726433,0.0,0.4718543046357616,0.0,0.5,0.0,0.5,4.0,1.0,0.5294117647058824,25.0,25.0,10.0,0.0,0,0.0,0.0,0.0,0.0,0.0,0.0,0.0,0.0,0.0,0.0,0.0,0.0,0.0,0.0,0.0,3.0,7.753333333333333,8.80,16,7,EMI,LEC,Charles Leclerc,ESP,Spain,Испания,#F7B800,Ferrari,#DC0004,100.0,0.0,0.0,0.0,93.0,93.0,5,4,5,5.0,4,6,8.0,7,8,8.80,
2024,2024071,2,8,George Russell,Mercedes,6.0,6,7,7,7,+47.154,7,63,RUS,14,10,#0AA395,14-10,10,1,1.0,7.5,1.0,1.0,0.5357142857142857,6,0,0,3.0,6.0,0,0,0.0,0.0,63.0,100,3,3.0,0.0,3.0,6.0,0,0.0,0.0,0.0,1.0,81.113,01:21.113,0.174,0.087,0.087,6,3.50,5,1.80,10,1.55,2,1.95,6,1.0,10,6,5.30,5,3.50,10,0.1587301587301587,5.154,0.0818095238095237,7.00,5.50,8.92,9.10,7.26,5.04,5.31,5.50,6.40,1.0,0.5631536604987932,1.0,0.5347721822541966,0.0,0.4150943396226415,1.0,0.5548780487804879,9.0,0.0,0.4895482130815913,15.0,47.0,33.0,0.0,0,0.0,0.0,0.0,0.0,0.0,0.0,1.0,0.0,0.0,0.0,0.0,0.0,0.0,0.0,0.0,0.0,7.1000000000000005,8.80,16,7,EMI,HAM,Lewis Hamilton,GBR,Great Britain,Великобритания,#314486,Mercedes,#707070,100.0,0.0,0.0,0.0,44.0,44.0,7,6,6,6.0,6,5,5.0,2,10,8.80,
2024,2024071,2,8,Lewis Hamilton,Mercedes,8.0,8,6,6,6,+35.104,8,44,HAM,1,10,#0AA395,1-10,10,1,1.0,6.5,0.0,0.0,0.4642857142857143,8,0,0,4.0,8.0,0,0,1.0,1.0,63.0,100,1,1.0,0.0,1.0,7.0,1,1.0,0.0,1.0,1.0,81.386,01:21.386,0.217,0.154,0.063,8,3.30,7,1.70,3,1.90,8,1.65,7,1.0,3,8,5.00,3,3.55,7,0.1111111111111111,4.747,0.0753492063492056,5.43,7.75,7.76,7.30,7.57,5.04,5.31,5.50,6.40,0.0,0.4368463395012067,0.0,0.4652278177458033,1.0,0.5849056603773585,0.0,0.4451219512195122,7.0,1.0,0.5104517869184086,15.0,47.0,33.0,0.0,0,0.0,0.0,0.0,0.0,0.0,0.0,0.0,0.0,0.0,0.0,0.0,0.0,0.0,0.0,0.0,0.0,6.128333333333333,8.55,16,7,EMI,RUS,George Russell,GBR,Great Britain,Великобритания,#314486,Mercedes,#707070,100.0,0.0,100.0,0.0,35.0,35.0,6,8,7,8.0,8,7,3.0,8,3,8.55,
2024,2024071,2,8,Lance Stroll,Aston Martin,13.0,13,9,9,9,+1:19.556,2,18,STR,10,4,#459A72,10-4,4,1,1.0,4.0,1.0,1.0,0.8,13,0,0,7.0,13.0,0,0,1.0,1.0,63.0,100,2,5.0,3.0,8.0,13.0,0,0.0,0.0,0.0,1.0,82.042,01:22.042,0.190,0.123,0.067,7,3.40,9,1.60,12,1.45,4,1.85,8,1.0,12,7,5.00,10,3.30,9,0.1428571428571428,5.106,0.0810476190476189,6.41,5.50,4.97,8.20,7.3,5.04,5.31,5.50,6.40,1.0,0.6403596403596404,1.0,0.5497787610619469,1.0,0.5,1.0,0.5616438356164383,8.0,1.0,0.5169971671388102,2.0,47.0,2.0,0.0,0,0.0,0.0,0.0,0.0,0.0,0.0,0.0,0.0,0.0,0.0,0.0,0.0,0.0,0.0,0.0,0.0,6.556666666666668,8.30,16,7,EMI,ALO,Fernando Alonso,CAN,Canada,Канада,#E30000,Mercedes,#707070,62.0,38.0,0.0,0.0,11.0,11.0,9,13,8,7.0,7,9,10.0,4,12,8.30,
2024,2024071,2,8,Kevin Magnussen,Haas F1 Team,18.0,18,12,12,12,+1 Lap,0,20,MAG,22,7,#505050,22-7,6,3,1.0,1.5,0.0,0.0,0.2142857142857142,18,0,0,9.0,18.0,0,0,0.0,0.0,62.0,98,4,4.0,0.0,4.0,16.0,2,2.0,0.0,2.0,1.0,82.462,01:22.462,0.272,0.083,0.189,13,2.80,14,1.35,2,1.95,1,2.00,9,1.0,2,13,4.15,1,3.95,10,0.1612903225806451,11.112,0.1792258064516123,3.41,10.00,3.19,10.00,2.71,5.04,5.31,5.50,6.40,0.0,0.3875,1.0,0.5406779661016948,0.0,0.5,1.0,0.6451612903225806,16.0,0.0,0.2751269035532995,0.0,25.0,0.0,1.0,0,0.0,0.0,0.0,0.0,1.0,1.0,0.0,0.0,0.0,0.0,0.0,0.0,0.0,0.0,0.0,0.0,5.6066666666666665,8.10,16,7,EMI,HUL,Nico Hulkenberg,DEN,Denmark,Дания,#D20019,Ferrari,#DC0004,100.0,0.0,100.0,0.0,1.0,1.0,12,18,9,13.0,13,14,1.0,1,2,8.10,
2024,2024071,2,8,Alexander Albon,Williams,14.0,14,-,DNF,20,-,0,23,ALB,24,18,#3C95C9,24-18,20,1,1.0,3.5,1.0,,,14,0,0,7.0,14.0,1,0,0.0,,51.0,81,0,0.0,0.0,0.0,14.0,0,0.0,0.0,0.0,1.0,82.053,01:22.053,0.218,0.127,0.091,9,3.20,10,1.55,13,1.40,11,1.50,10,1.0,13,9,4.75,13,2.90,7,0.1372549019607843,3.743,0.0733921568627438,5.39,5.50,4.93,6.40,7.66,5.04,5.31,5.50,6.40,1.0,0.6703980099502488,1.0,0.7391304347826086,1.0,0.5,1.0,0.5818181818181819,6.0,1.0,0.6017282010997643,0.0,47.0,0.0,0.0,0,0.0,0.0,0.0,0.0,0.0,0.0,0.0,0.0,0.0,0.0,0.0,0.0,0.0,0.0,0.0,0.0,5.576666666666667,7.65,16,7,EMI,SAR,Logan Sargeant,THA,Thailand,Таиланд,#2E2549,Mercedes,#707070,0.0,0.0,0.0,0.0,0.0,0.0,14,14,10,9.0,9,10,13.0,11,13,7.65,
2024,2024071,2,8,Nico Hulkenberg,Haas F1 Team,10.0,10,11,11,11,+1 Lap,0,27,HUL,25,7,#505050,25-7,11,3,1.0,5.5,1.0,1.0,0.7857142857142857,10,0,0,5.0,10.0,0,0,1.0,1.0,62.0,98,-1,1.0,2.0,3.0,8.0,2,2.0,0.0,2.0,1.0,82.575,01:22.575,0.218,0.137,0.0809999999999999,10,3.10,16,1.25,1,2.00,15,1.30,11,1.0,1,12,4.35,9,3.30,6,0.0967741935483871,5.238,0.0844838709677419,5.39,10.00,2.71,5.50,7.14,5.04,5.31,5.50,6.40,1.0,0.6124999999999999,0.0,0.459322033898305,1.0,0.5,0.0,0.3548387096774194,10.0,1.0,0.7248730964467005,0.0,25.0,0.0,1.0,0,0.0,0.0,0.0,1.0,0.0,1.0,0.0,0.0,0.0,0.0,0.0,0.0,0.0,0.0,0.0,0.0,6.176666666666667,7.65,16,7,EMI,MAG,Kevin Magnussen,GER,Germany,Германия,#000000,Ferrari,#DC0004,33.0,67.0,100.0,0.0,6.0,6.0,11,10,11,12.0,10,16,9.0,15,1,7.65,
2024,2024071,2,8,Pierre Gasly,Alpine,15.0,15,16,16,16,+1 Lap,0,10,GAS,17,3,#3494CC,17-3,9,4,1.0,3.0,0.0,0.0,0.4,15,0,0,8.0,15.0,0,0,0.0,0.0,62.0,98,1,1.0,0.0,1.0,15.0,0,0.0,0.0,0.0,1.0,82.42,01:22.420,0.247,0.129,0.118,11,3.00,12,1.45,14,1.35,9,1.60,12,1.0,14,10,4.45,12,2.95,6,0.0967741935483871,6.647,0.1072096774193547,4.33,5.50,3.36,7.30,6.08,5.04,5.31,5.50,6.40,1.0,0.6013888888888889,1.0,0.6627218934911242,0.0,0.5,1.0,0.5703125,12.0,1.0,0.685456595264938,0.0,0.0,0.0,0.0,0,0.0,0.0,0.0,0.0,0.0,0.0,0.0,0.0,0.0,0.0,0.0,0.0,0.0,0.0,0.0,0.0,5.0200000000000005,7.40,16,7,EMI,OCO,Esteban Ocon,FRA,France,Франция,#004CA2,Renault,#FAEF00,100.0,0.0,0.0,0.0,0.0,0.0,16,15,12,10.0,11,12,12.0,9,14,7.40,
2024,2024071,2,8,Fernando Alonso,Aston Martin,19.0,20,19,19,19,+1 Lap,0,14,ALO,19,4,#459A72,19-4,7,1,1.0,1.0,0.0,0.0,0.2,20,0,0,10.0,20.0,0,0,0.0,0.0,62.0,98,0,1.0,1.0,2.0,20.0,0,0.0,0.0,0.0,1.0,82.254,01:22.254,0.267,0.168,0.099,12,2.90,11,1.50,16,1.25,13,1.40,13,1.0,16,11,4.40,15,2.65,8,0.1290322580645161,5.656,0.091225806451612,3.60,5.50,4.07,6.40,6.82,5.04,5.31,5.50,6.40,0.0,0.3596403596403597,0.0,0.4502212389380531,0.0,0.5,0.0,0.4383561643835617,11.0,0.0,0.4830028328611898,2.0,47.0,10.0,0.0,0,0.0,0.0,0.0,0.0,0.0,0.0,0.0,0.0,0.0,0.0,0.0,0.0,0.0,0.0,0.0,0.0,4.383333333333334,7.05,16,7,EMI,STR,Lance Stroll,ESP,Spain,Испания,#F7B800,Mercedes,#707070,50.0,50.0,0.0,0.0,33.0,33.0,19,20,13,11.0,12,11,15.0,13,16,7.05,
2024,2024071,2,8,Sergio Perez,Red Bull Racing,11.0,11,8,8,8,+54.776,4,11,PER,5,14,#1A4C82,5-14,14,2,1.0,5.0,0.0,0.0,0.3333333333333333,11,0,0,6.0,11.0,0,0,0.0,0.0,63.0,100,-2,3.0,5.0,8.0,10.0,1,1.0,0.0,1.0,1.0,81.649,01:21.649,0.320,0.115,0.205,19,2.20,8,1.65,4,1.85,17,1.20,14,1.0,4,15,3.85,11,3.05,10,0.1587301587301587,12.825,0.2035714285714275,1.66,7.75,6.64,4.60,1.58,5.04,5.31,5.50,6.40,0.0,0.1423670668953687,0.0,0.4012084592145015,1.0,0.5849056603773585,0.0,0.4181818181818181,19.0,0.0,0.1415770609318996,29.0,30.0,4.0,0.0,0,0.0,0.0,0.0,0.0,0.0,0.0,0.0,0.0,0.0,0.0,0.0,0.0,0.0,0.0,0.0,0.0,3.165,6.90,16,7,EMI,VER,Max Verstappen,MEX,Mexico,Мексика,#006640,Honda,#DE0000,38.0,62.0,100.0,0.0,107.0,107.0,8,11,14,15.0,19,8,11.0,17,4,6.90,
2024,2024071,2,8,Esteban Ocon,Alpine,12.0,12,14,14,14,+1 Lap,0,31,OCO,13,3,#3494CC,13-3,9,4,1.0,4.5,1.0,1.0,0.6,12,0,0,6.0,12.0,0,0,1.0,1.0,62.0,98,-1,2.0,3.0,5.0,12.0,0,0.0,0.0,0.0,1.0,82.808,01:22.808,0.287,0.112,0.175,14,2.70,19,1.10,11,1.50,16,1.25,15,1.0,11,16,3.80,14,2.75,10,0.1612903225806451,11.005,0.1774999999999999,2.87,5.50,1.71,5.50,2.79,5.04,5.31,5.50,6.40,0.0,0.3986111111111111,0.0,0.3372781065088757,1.0,0.5,0.0,0.4296875,15.0,0.0,0.314543404735062,0.0,0.0,0.0,0.0,0,0.0,0.0,0.0,0.0,0.0,0.0,0.0,0.0,0.0,0.0,0.0,0.0,0.0,0.0,0.0,0.0,3.7466666666666666,6.55,16,7,EMI,GAS,Pierre Gasly,FRA,France,Франция,#004CA2,Renault,#FAEF00,40.0,60.0,0.0,0.0,1.0,1.0,14,12,15,16.0,14,19,14.0,16,11,6.55,
2024,2024071,2,8,Yuki Tsunoda,RB,7.0,7,10,10,10,+1 Lap,1,22,TSU,9,11,#476CBF,9-11,13,2,1.0,7.0,1.0,1.0,0.5384615384615384,7,0,0,4.0,7.0,0,0,1.0,1.0,62.0,98,-1,1.0,2.0,3.0,9.0,-2,0.0,2.0,2.0,1.0,82.45,01:22.450,0.291,0.105,0.186,15,2.60,13,1.40,19,1.10,14,1.35,16,1.0,19,14,4.00,17,2.45,8,0.1290322580645161,11.289,0.1820806451612901,2.72,1.00,3.24,5.50,2.58,5.04,5.31,5.50,6.40,1.0,0.7311827956989247,1.0,0.5418060200668896,1.0,0.5,1.0,0.5978260869565218,17.0,1.0,0.7206703910614525,1.0,30.0,1.0,0.0,0,0.0,0.0,0.0,0.0,0.0,0.0,0.0,0.0,0.0,0.0,0.0,0.0,0.0,0.0,0.0,0.0,2.896666666666667,6.45,16,7,EMI,RIC,Daniel Ricciardo,JPN,Japan,Япония,#C60018,Honda,#DE0000,33.0,67.0,0.0,100.0,15.0,15.0,10,7,16,14.0,15,13,17.0,14,19,6.45,
2024,2024071,2,8,Guanyu Zhou,Kick Sauber,17.0,17,15,15,15,+1 Lap,0,24,ZHO,23,8,#64D064,23-8,5,3,1.0,2.0,0.0,0.0,0.4444444444444444,17,0,0,9.0,17.0,0,0,1.0,1.0,62.0,98,0,1.0,1.0,2.0,18.0,-1,0.0,1.0,1.0,1.0,82.739,01:22.739,0.302,0.112,0.19,17,2.40,17,1.20,18,1.15,12,1.45,17,1.0,18,18,3.60,16,2.60,11,0.1774193548387097,11.946,0.1926774193548391,2.32,3.25,2.01,6.40,2.08,5.04,5.31,5.50,6.40,1.0,0.5043478260869565,1.0,0.6677740863787375,0.0,0.5,1.0,0.8648648648648649,18.0,0.0,0.4031007751937984,0.0,25.0,0.0,0.0,0,0.0,0.0,0.0,0.0,0.0,0.0,0.0,0.0,0.0,0.0,0.0,0.0,0.0,0.0,0.0,0.0,3.155,6.20,16,7,EMI,BOT,Valtteri Bottas,CHN,China,Китай,#F70000,Ferrari,#DC0004,50.0,50.0,0.0,100.0,0.0,0.0,15,17,17,18.0,17,17,16.0,12,18,6.20,
2024,2024071,2,8,Logan Sargeant,Williams,,19,17,17,17,+1 Lap,0,2,SAR,27,18,#3C95C9,27-18,21,1,0.0,,0.0,,,19,0,0,10.0,19.0,0,0,1.0,,62.0,98,-2,1.0,3.0,4.0,19.0,0,0.0,0.0,0.0,1.0,82.803,01:22.803,0.293,0.163,0.1299999999999999,16,2.50,18,1.15,15,1.30,18,1.15,18,1.0,15,17,3.65,18,2.45,5,0.0806451612903225,7.985,0.1287903225806444,2.65,5.50,1.74,4.60,5.07,5.04,5.31,5.50,6.40,0.0,0.3296019900497512,0.0,0.2608695652173913,0.0,0.5,0.0,0.4181818181818181,13.0,0.0,0.3982717989002357,0.0,47.0,0.0,0.0,0,0.0,0.0,0.0,0.0,0.0,0.0,0.0,0.0,0.0,0.0,0.0,0.0,0.0,0.0,0.0,0.0,3.45,6.10,16,7,EMI,ALB,Alexander Albon,USA,USA,США,#071C63,Mercedes,#707070,25.0,75.0,0.0,0.0,0.0,0.0,17,19,18,17.0,16,18,18.0,18,15,6.10,
2024,2024071,2,8,Valtteri Bottas,Kick Sauber,16.0,16,18,18,18,+1 Lap,0,77,BOT,3,8,#64D064,3-8,8,3,1.0,2.5,1.0,1.0,0.5555555555555556,16,0,0,8.0,16.0,0,0,0.0,0.0,62.0,98,-6,0.0,6.0,6.0,17.0,-1,0.0,1.0,1.0,1.0,82.976,01:22.976,0.303,0.113,0.19,18,2.30,20,1.05,17,1.20,20,1.05,19,1.0,17,20,3.35,19,2.25,10,0.1612903225806451,10.628,0.1714193548387085,2.28,3.25,1.00,1.00,3.08,5.04,5.31,5.50,6.40,0.0,0.4956521739130434,0.0,0.3322259136212624,1.0,0.5,0.0,0.1351351351351351,14.0,1.0,0.5968992248062015,0.0,25.0,0.0,0.0,0,0.0,0.0,0.0,0.0,0.0,0.0,0.0,0.0,0.0,0.0,0.0,0.0,0.0,0.0,0.0,0.0,2.228333333333333,5.60,16,7,EMI,ZHO,Guanyu Zhou,FIN,Finland,Финляндия,#04276B,Ferrari,#DC0004,0.0,100.0,0.0,100.0,0.0,0.0,18,16,19,20.0,18,20,19.0,20,17,5.60,
2024,2024071,2,8,Daniel Ricciardo,RB,9.0,9,13,13,13,+1 Lap,0,3,RIC,7,11,#476CBF,7-11,2,2,1.0,6.0,0.0,0.0,0.4615384615384615,9,0,0,5.0,9.0,0,0,0.0,0.0,62.0,98,-3,0.0,3.0,3.0,11.0,-2,0.0,2.0,2.0,1.0,82.567,01:22.567,0.338,0.111,0.227,20,2.10,15,1.30,20,1.05,19,1.10,20,1.0,20,19,3.40,20,2.15,10,0.1612903225806451,13.385,0.2158870967741934,1.00,1.00,2.74,3.70,1.0,5.04,5.31,5.50,6.40,0.0,0.2688172043010752,0.0,0.4581939799331104,0.0,0.5,0.0,0.4021739130434783,20.0,0.0,0.2793296089385474,1.0,30.0,12.0,0.0,0,0.0,0.0,0.0,0.0,0.0,0.0,0.0,0.0,0.0,0.0,0.0,0.0,0.0,0.0,0.0,0.0,1.45,5.55,16,7,EMI,TSU,Yuki Tsunoda,AUS,Australia,Австралия,#F7C900,Honda,#DE0000,0.0,100.0,0.0,100.0,5.0,5.0,13,9,20,19.0,20,15,20.0,19,20,5.55,
2024,2024081,2,9,Oscar Piastri,McLaren,2.0,2,2,2,2,+7.152,18,81,PIA,28,9,#DE8E18,28-9,2,1,1.0,9.53,1.0,1.0,0.526228602981778,2,0,0,1.0,2.0,0,0,1.0,1.0,78.0,100,0,0.0,0.0,0.0,2.0,0,0.0,0.0,0.0,1.0,78.438,01:18.438,0.185,0.152,0.033,1,4.00,5,1.80,2,1.95,4,1.85,1,1.0,2,1,5.80,2,3.80,5,0.0641025641025641,3.105,0.0398076923076918,10.00,1.00,9.32,6.40,10.0,5.33,5.83,1.00,6.40,1.0,0.5376344086021505,1.0,0.5005370569280344,1.0,0.5,1.0,0.5,1.0,1.0,0.5512679162072767,30.0,49.0,18.0,1.0,1,1.0,1.0,0.0,0.0,0.0,2.0,0.0,0.0,1.0,0.0,1.0,0.0,1.0,0.0,1.0,0.0,7.899999999999999,9.60,27,8,MON,NOR,Lando Norris,AUS,Australia,Австралия,#F7C900,Mercedes,#707070,0.0,0.0,0.0,0.0,71.0,71.0,2,2,1,1.0,1,5,2.0,4,2,9.60,
2024,2024081,2,9,Charles Leclerc,Ferrari,1.0,1,1,1,1,2:23:15.554,25,16,LEC,6,5,#BA3B30,6-5,15,3,1.0,10.0,1.0,1.0,0.5249343832020997,1,0,0,1.0,1.0,0,0,1.0,1.0,78.0,100,0,0.0,0.0,0.0,1.0,0,0.0,0.0,0.0,1.0,78.357,01:18.357,0.254,0.182,0.072,5,3.60,3,1.90,1,2.00,3,1.90,2,1.0,1,5,5.50,1,3.90,11,0.141025641025641,7.323,0.0938846153846151,8.03,1.00,9.60,6.40,7.78,5.33,5.83,1.00,6.40,1.0,0.764034253092293,1.0,0.507399577167019,1.0,0.5,1.0,0.5,5.0,1.0,0.7922606924643585,40.0,40.0,25.0,1.0,0,0.0,0.0,0.0,1.0,0.0,1.0,0.0,1.0,0.0,0.0,1.0,1.0,0.0,0.0,1.0,78.0,6.586666666666666,9.40,27,8,MON,SAI,Carlos Sainz,MON,Monaco,Монако,#D80000,Ferrari,#DC0004,0.0,0.0,0.0,0.0,138.0,138.0,1,1,2,5.0,5,3,1.0,3,1,9.40,
2024,2024081,2,9,Max Verstappen,Red Bull Racing,6.0,6,6,6,6,+13.853,8,1,VER,2,14,#1A4C82,2-14,16,2,1.0,7.63,1.0,1.0,0.7964509394572025,6,0,0,3.0,6.0,0,0,1.0,,78.0,100,0,0.0,0.0,0.0,6.0,0,0.0,0.0,0.0,1.0,78.283,01:18.283,0.211,0.152,0.059,3,3.80,2,1.95,6,1.75,8,1.65,3,1.0,6,2,5.75,7,3.40,8,0.1025641025641025,5.605,0.0718589743589745,9.26,1.00,9.87,6.40,8.69,5.33,5.83,1.00,6.40,,,,,,,,,3.0,1.0,1.0,8.0,12.0,8.0,0.0,0,0.0,0.0,0.0,0.0,0.0,0.0,0.0,0.0,0.0,0.0,0.0,0.0,0.0,0.0,0.0,0.0,7.406666666666666,9.15,27,8,MON,PER,Sergio Perez,NLD,Netherlands,Нидерланды,#F75600,Honda,#DE0000,0.0,0.0,0.0,0.0,169.0,169.0,6,6,3,2.0,3,2,7.0,8,6,9.15,
2024,2024081,2,9,George Russell,Mercedes,5.0,5,5,5,5,+13.309,10,63,RUS,14,10,#0AA395,14-10,10,1,1.0,8.11,1.0,1.0,0.5311067452521283,5,0,0,3.0,5.0,0,0,1.0,1.0,78.0,100,0,0.0,0.0,0.0,5.0,0,0.0,0.0,0.0,1.0,78.5,01:18.500,0.204,0.153,0.0509999999999999,2,3.90,7,1.70,5,1.80,7,1.70,4,1.0,5,3,5.60,5,3.50,4,0.0512820512820512,4.288,0.0549743589743591,9.46,1.00,9.10,6.40,9.38,5.33,5.83,1.00,6.40,1.0,0.6524137931034484,0.0,0.4764397905759162,1.0,0.5,1.0,0.5,2.0,1.0,0.6059431524547804,17.0,49.0,29.0,0.0,0,0.0,0.0,0.0,0.0,0.0,0.0,0.0,0.0,0.0,0.0,0.0,0.0,0.0,0.0,0.0,0.0,7.54,9.10,27,8,MON,HAM,Lewis Hamilton,GBR,Great Britain,Великобритания,#314486,Mercedes,#707070,0.0,0.0,0.0,0.0,54.0,54.0,5,5,4,3.0,2,7,5.0,7,5,9.10,
2024,2024081,2,9,Lando Norris,McLaren,4.0,4,4,4,4,+8.650,12,4,NOR,4,9,#DE8E18,4-9,10,1,1.0,8.58,0.0,0.0,0.473771397018222,4,0,0,2.0,4.0,0,0,0.0,0.0,78.0,100,0,0.0,0.0,0.0,4.0,0,0.0,0.0,0.0,1.0,78.443,01:18.443,0.234,0.160,0.074,4,3.70,6,1.75,4,1.85,6,1.75,5,1.0,4,6,5.45,4,3.60,9,0.1153846153846153,6.650,0.0852564102564099,8.60,1.00,9.30,6.40,8.14,5.33,5.83,1.00,6.40,0.0,0.4623655913978494,0.0,0.4994629430719656,0.0,0.5,0.0,0.5,4.0,0.0,0.4487320837927233,30.0,49.0,29.0,0.0,0,0.0,0.0,0.0,0.0,0.0,0.0,0.0,0.0,0.0,0.0,0.0,0.0,0.0,0.0,0.0,0.0,6.966666666666666,9.05,27,8,MON,PIA,Oscar Piastri,GBR,Great Britain,Великобритания,#314486,Mercedes,#707070,0.0,0.0,0.0,0.0,113.0,113.0,4,4,5,6.0,4,6,4.0,6,4,9.05,
2024,2024081,2,9,Lewis Hamilton,Mercedes,7.0,7,7,7,7,+14.908,7,44,HAM,1,10,#0AA395,1-10,10,1,1.0,7.16,0.0,0.0,0.4688932547478717,7,0,0,4.0,7.0,0,0,0.0,0.0,78.0,100,0,0.0,0.0,0.0,7.0,0,0.0,0.0,0.0,1.0,78.245,01:18.245,0.359,0.223,0.1359999999999999,6,3.50,1,2.00,7,1.70,9,1.60,6,1.0,7,4,5.50,8,3.30,8,0.1025641025641025,10.520,0.1348717948717946,5.04,1.00,10.00,6.40,6.1,5.33,5.83,1.00,6.40,0.0,0.3475862068965517,1.0,0.5235602094240838,0.0,0.5,0.0,0.5,8.0,0.0,0.3940568475452196,17.0,49.0,29.0,1.0,0,0.0,0.0,1.0,0.0,0.0,1.0,1.0,0.0,0.0,0.0,0.0,0.0,0.0,0.0,0.0,0.0,4.593333333333334,8.80,27,8,MON,RUS,George Russell,GBR,Great Britain,Великобритания,#314486,Mercedes,#707070,0.0,0.0,0.0,0.0,42.0,42.0,7,7,6,4.0,6,1,8.0,9,7,8.80,
2024,2024081,2,9,Lance Stroll,Aston Martin,14.0,13,14,14,14,+2 Laps,0,18,STR,10,4,#459A72,10-4,4,1,1.0,3.84,1.0,1.0,0.5705794947994056,13,0,0,7.0,13.0,0,0,0.0,0.0,76.0,97,2,2.0,0.0,2.0,11.0,0,0.0,0.0,0.0,1.0,79.821,01:19.821,0.372,0.255,0.1169999999999999,10,3.10,8,1.65,12,1.45,1,2.00,7,1.0,12,8,4.75,6,3.45,4,0.0526315789473684,7.418,0.0976052631578948,4.67,1.00,4.42,10.00,7.63,5.33,5.83,1.00,6.40,0.0,0.4849428868120457,1.0,0.6666666666666666,1.0,0.5,1.0,0.6097560975609757,6.0,1.0,0.5694029850746269,0.0,49.0,0.0,1.0,0,0.0,0.0,0.0,0.0,1.0,1.0,0.0,0.0,0.0,0.0,0.0,0.0,0.0,0.0,0.0,0.0,4.946666666666666,8.20,27,8,MON,ALO,Fernando Alonso,CAN,Canada,Канада,#E30000,Mercedes,#707070,100.0,0.0,0.0,0.0,11.0,11.0,14,13,7,8.0,10,8,6.0,1,12,8.20,
2024,2024081,2,9,Carlos Sainz,Ferrari,3.0,3,3,3,3,+7.585,15,55,SAI,8,5,#BA3B30,8-5,7,3,1.0,9.05,0.0,0.0,0.4750656167979002,3,0,0,2.0,3.0,0,0,0.0,0.0,78.0,100,0,0.0,0.0,0.0,3.0,0,0.0,0.0,0.0,1.0,78.437,01:18.437,0.449,0.231,0.218,15,2.60,4,1.85,3,1.90,5,1.80,8,1.0,3,13,4.45,3,3.70,12,0.1538461538461538,18.240,0.2338461538461539,2.48,1.00,9.32,6.40,2.04,5.33,5.83,1.00,6.40,0.0,0.2359657469077069,0.0,0.4926004228329809,0.0,0.5,0.0,0.5,14.0,0.0,0.2077393075356415,40.0,40.0,15.0,0.0,0,0.0,0.0,0.0,0.0,0.0,0.0,0.0,0.0,0.0,1.0,1.0,0.0,0.0,1.0,1.0,0.0,2.8866666666666667,8.15,27,8,MON,LEC,Charles Leclerc,ESP,Spain,Испания,#F7B800,Ferrari,#DC0004,0.0,0.0,0.0,0.0,108.0,108.0,3,3,8,13.0,15,4,3.0,5,3,8.15,
2024,2024081,2,9,Valtteri Bottas,Kick Sauber,19.0,17,13,13,13,+2 Laps,0,77,BOT,3,8,#64D064,3-8,8,3,1.0,1.47,1.0,1.0,0.5951417004048584,17,0,0,9.0,17.0,0,0,1.0,1.0,76.0,97,2,2.0,0.0,2.0,15.0,0,0.0,0.0,0.0,1.0,80.201,01:20.201,0.368,0.268,0.0999999999999999,9,3.20,12,1.45,15,1.30,2,1.95,9,1.0,15,9,4.65,9,3.25,5,0.0657894736842105,8.409,0.1106447368421051,4.79,1.00,3.07,10.00,7.09,5.33,5.83,1.00,6.40,1.0,0.8272884283246977,1.0,0.7542997542997542,1.0,0.5,1.0,0.9090909090909092,7.0,1.0,0.8763906056860321,0.0,40.0,0.0,0.0,0,0.0,0.0,0.0,0.0,0.0,0.0,0.0,0.0,0.0,0.0,0.0,0.0,0.0,0.0,0.0,0.0,5.026666666666666,7.90,27,8,MON,ZHO,Guanyu Zhou,FIN,Finland,Финляндия,#04276B,Ferrari,#DC0004,100.0,0.0,0.0,0.0,0.0,0.0,13,17,9,9.0,9,12,9.0,2,15,7.90,
2024,2024081,2,9,Yuki Tsunoda,RB,8.0,8,8,8,8,+1 Lap,4,22,TSU,9,11,#476CBF,9-11,13,2,1.0,6.68,1.0,1.0,0.6072727272727273,8,0,0,4.0,8.0,0,0,1.0,1.0,77.0,99,0,0.0,0.0,0.0,8.0,0,0.0,0.0,0.0,1.0,79.873,01:19.873,0.430,0.223,0.207,12,2.90,9,1.60,8,1.65,10,1.55,10,1.0,8,12,4.50,10,3.20,10,0.1298701298701298,16.586,0.2154025974025975,3.02,1.00,4.23,6.40,2.8,5.33,5.83,1.00,6.40,1.0,0.546112115732369,1.0,0.656832298136646,1.0,0.5,1.0,0.5,12.0,1.0,0.7161125319693094,4.0,12.0,4.0,0.0,0,0.0,0.0,0.0,0.0,0.0,0.0,0.0,0.0,0.0,0.0,0.0,0.0,0.0,0.0,0.0,0.0,3.2466666666666666,7.70,27,8,MON,RIC,Daniel Ricciardo,JPN,Japan,Япония,#C60018,Honda,#DE0000,0.0,0.0,0.0,0.0,19.0,19.0,8,8,10,12.0,12,9,10.0,10,8,7.70,
2024,2024081,2,9,Pierre Gasly,Alpine,10.0,10,10,10,10,+1 Lap,1,10,GAS,17,3,#3494CC,17-3,9,4,1.0,5.74,1.0,1.0,0.5218181818181818,10,0,0,5.0,10.0,0,0,1.0,,77.0,99,0,0.0,0.0,0.0,10.0,0,0.0,0.0,0.0,1.0,80.138,01:20.138,0.397,0.247,0.15,11,3.00,11,1.50,10,1.55,12,1.45,11,1.0,10,11,4.50,12,3.00,10,0.1298701298701298,12.147,0.1577532467532459,3.96,1.00,3.30,6.40,5.16,5.33,5.83,1.00,6.40,,,,,,,,,11.0,1.0,1.0,1.0,1.0,1.0,0.0,0,0.0,0.0,0.0,0.0,0.0,0.0,0.0,0.0,0.0,0.0,0.0,0.0,0.0,0.0,0.0,0.0,3.8733333333333335,7.50,27,8,MON,OCO,Esteban Ocon,FRA,France,Франция,#004CA2,Renault,#FAEF00,0.0,0.0,0.0,0.0,1.0,1.0,10,10,11,11.0,11,11,12.0,12,10,7.50,
2024,2024081,2,9,Logan Sargeant,Williams,17.0,15,15,15,15,+2 Laps,0,2,SAR,27,18,#3C95C9,27-18,21,1,1.0,2.42,0.0,0.0,0.2804171494785631,15,0,0,8.0,15.0,0,0,0.0,0.0,76.0,97,-1,1.0,2.0,3.0,14.0,0,0.0,0.0,0.0,1.0,80.266,01:20.266,0.362,0.226,0.1359999999999999,7,3.40,13,1.40,14,1.35,15,1.30,12,1.0,14,7,4.80,15,2.65,7,0.0921052631578947,10.885,0.1432236842105262,4.96,1.00,2.84,4.60,5.76,5.33,5.83,1.00,6.40,1.0,0.6569536423841059,0.0,0.44375,0.0,0.5,0.0,0.4181818181818181,10.0,1.0,0.6923076923076923,2.0,49.0,0.0,0.0,0,0.0,0.0,0.0,0.0,0.0,0.0,0.0,0.0,0.0,0.0,0.0,0.0,0.0,0.0,0.0,0.0,4.239999999999999,7.45,27,8,MON,ALB,Alexander Albon,USA,USA,США,#071C63,Mercedes,#707070,33.0,67.0,0.0,0.0,0.0,0.0,15,15,12,7.0,7,13,15.0,15,14,7.45,
2024,2024081,2,9,Alexander Albon,Williams,9.0,9,9,9,9,+1 Lap,2,23,ALB,24,18,#3C95C9,24-18,20,1,1.0,6.21,1.0,1.0,0.7195828505214369,9,0,0,5.0,9.0,0,0,1.0,1.0,77.0,99,0,0.0,0.0,0.0,9.0,0,0.0,0.0,0.0,1.0,80.064,01:20.064,0.445,0.230,0.215,13,2.80,10,1.55,9,1.60,11,1.50,13,1.0,9,14,4.35,11,3.10,10,0.1298701298701298,17.031,0.221181818181819,2.59,1.00,3.56,6.40,2.56,5.33,5.83,1.00,6.40,0.0,0.343046357615894,1.0,0.55625,1.0,0.5,1.0,0.5818181818181819,13.0,0.0,0.3076923076923077,2.0,49.0,2.0,0.0,0,0.0,0.0,0.0,0.0,0.0,0.0,0.0,0.0,0.0,0.0,0.0,0.0,0.0,0.0,0.0,0.0,2.9599999999999995,7.45,27,8,MON,SAR,Logan Sargeant,THA,Thailand,Таиланд,#2E2549,Mercedes,#707070,0.0,0.0,0.0,0.0,2.0,2.0,9,9,13,14.0,13,10,11.0,11,9,7.45,
2024,2024081,2,9,Fernando Alonso,Aston Martin,16.0,14,11,11,11,+2 Laps,0,14,ALO,19,4,#459A72,19-4,7,1,1.0,2.89,0.0,0.0,0.4294205052005943,14,0,0,7.0,14.0,0,0,1.0,1.0,76.0,97,0,0.0,0.0,0.0,13.0,0,0.0,0.0,0.0,1.0,80.445,01:20.445,0.362,0.219,0.143,8,3.30,15,1.30,13,1.40,14,1.35,14,1.0,13,10,4.60,14,2.75,9,0.1184210526315789,10.865,0.1429605263157896,4.96,1.00,2.21,6.40,5.77,5.33,5.83,1.00,6.40,1.0,0.5150571131879543,0.0,0.3333333333333333,0.0,0.5,0.0,0.3902439024390244,9.0,0.0,0.4305970149253731,0.0,49.0,15.0,0.0,0,0.0,0.0,0.0,0.0,0.0,0.0,0.0,0.0,0.0,0.0,0.0,0.0,0.0,0.0,0.0,0.0,4.54,7.35,27,8,MON,STR,Lance Stroll,ESP,Spain,Испания,#F7B800,Mercedes,#707070,0.0,0.0,0.0,0.0,33.0,33.0,11,14,14,10.0,8,15,14.0,14,13,7.35,
2024,2024081,2,9,Daniel Ricciardo,RB,13.0,12,12,12,12,+2 Laps,0,3,RIC,7,11,#476CBF,7-11,2,2,1.0,4.32,0.0,0.0,0.3927272727272727,12,0,0,6.0,12.0,0,0,0.0,0.0,76.0,97,0,0.0,0.0,0.0,12.0,0,0.0,0.0,0.0,1.0,80.444,01:20.444,0.448,0.184,0.264,14,2.70,14,1.35,11,1.50,13,1.40,15,1.0,11,15,4.05,13,2.90,8,0.1052631578947368,19.504,0.2566315789473686,2.51,1.00,2.21,6.40,1.11,5.33,5.83,1.00,6.40,0.0,0.4538878842676311,0.0,0.343167701863354,0.0,0.5,0.0,0.5,15.0,0.0,0.2838874680306905,4.0,12.0,18.0,0.0,0,0.0,0.0,0.0,0.0,0.0,0.0,0.0,0.0,0.0,0.0,0.0,0.0,0.0,0.0,0.0,0.0,2.9066666666666663,6.95,27,8,MON,TSU,Yuki Tsunoda,AUS,Australia,Австралия,#F7C900,Honda,#DE0000,0.0,0.0,0.0,0.0,5.0,5.0,12,12,15,15.0,14,14,13.0,13,11,6.95,
2024,2024081,2,9,Guanyu Zhou,Kick Sauber,20.0,18,16,16,16,+2 Laps,0,24,ZHO,23,8,#64D064,23-8,5,3,1.0,1.0,0.0,0.0,0.4048582995951417,18,0,0,9.0,18.0,0,0,0.0,0.0,76.0,97,-3,0.0,3.0,3.0,16.0,0,0.0,0.0,0.0,1.0,80.786,01:20.786,0.501,0.243,0.258,16,2.50,16,1.25,16,1.25,16,1.25,16,1.0,16,16,3.75,16,2.50,8,0.1052631578947368,19.703,0.2592499999999996,1.00,1.00,1.00,1.00,1.0,5.33,5.83,1.00,6.40,0.0,0.1727115716753022,0.0,0.2457002457002456,0.0,0.5,0.0,0.0909090909090909,16.0,0.0,0.1236093943139678,0.0,40.0,0.0,0.0,0,0.0,0.0,0.0,0.0,0.0,0.0,0.0,0.0,0.0,0.0,0.0,0.0,0.0,0.0,0.0,0.0,1.0,6.25,27,8,MON,BOT,Valtteri Bottas,CHN,China,Китай,#F70000,Ferrari,#DC0004,0.0,100.0,0.0,0.0,0.0,0.0,16,18,16,16.0,16,16,16.0,16,16,6.25,
2024,2024081,2,9,Esteban Ocon,Alpine,11.0,11,-,DNF,17,-,0,31,OCO,13,3,#3494CC,13-3,9,4,1.0,5.26,0.0,0.0,0.4781818181818181,11,0,0,6.0,11.0,1,0,0.0,,0.0,0,-,,,,,-,-,-,,0.0,-,-,-,-,,DNC,DNC,DNC,DNC,DNC,DNC,DNC,DNC,DNC,0.0,17,DNC,DNC,DNC,DNC,-,,-,,-,-,-,-,,5.33,5.83,1.00,6.40,,,,,,,,,,0.0,,1.0,1.0,1.0,0.0,0,0.0,0.0,0.0,0.0,0.0,0.0,0.0,0.0,0.0,0.0,0.0,0.0,0.0,0.0,0.0,0.0,,DNC,27,8,MON,GAS,Pierre Gasly,FRA,France,Франция,#004CA2,Renault,#FAEF00,0.0,0.0,0.0,0.0,1.0,1.0,12,11,11,12.0,10,16,9.0,14,7,7.45,
2024,2024081,2,9,Sergio Perez,Red Bull Racing,18.0,16,-,DNF,18,-,0,11,PER,5,14,#1A4C82,5-14,14,2,1.0,1.95,0.0,0.0,0.2035490605427974,16,0,0,8.0,16.0,1,0,0.0,,0.0,0,-,,,,,-,-,-,,0.0,-,-,-,-,,DNC,DNC,DNC,DNC,DNC,DNC,DNC,DNC,DNC,0.0,18,DNC,DNC,DNC,DNC,-,,-,,-,-,-,-,,5.33,5.83,1.00,6.40,,,,,,,,,,0.0,,8.0,12.0,0.0,0.0,0,0.0,0.0,0.0,0.0,0.0,0.0,0.0,0.0,0.0,0.0,0.0,0.0,0.0,0.0,0.0,0.0,,DNC,27,8,MON,VER,Max Verstappen,MEX,Mexico,Мексика,#006640,Honda,#DE0000,0.0,0.0,0.0,0.0,107.0,107.0,8,16,16,17.0,18,13,11.5,12,9,6.67,
2024,2024081,2,9,Nico Hulkenberg,Haas F1 Team,12.0,19,-,DNF,19,-,0,27,HUL,25,7,#505050,25-7,11,3,1.0,4.79,1.0,1.0,0.5870098039215687,19,0,0,10.0,19.0,1,0,0.0,,0.0,0,-,,,,,-,-,-,,0.0,-,-,-,-,,DNC,DNC,DNC,DNC,DNC,DNC,DNC,DNC,DNC,0.0,19,DNC,DNC,DNC,DNC,-,,-,,-,-,-,-,,5.33,5.83,1.00,6.40,,,,,,,,,,0.0,,0.0,40.0,0.0,0.0,0,0.0,0.0,0.0,0.0,0.0,0.0,0.0,0.0,0.0,0.0,0.0,0.0,0.0,0.0,0.0,0.0,,DNC,27,8,MON,MAG,Kevin Magnussen,GER,Germany,Германия,#000000,Ferrari,#DC0004,0.0,0.0,0.0,0.0,6.0,6.0,11,19,7,10.5,9,12,5.5,8,2,8.22,
2024,2024081,2,9,Kevin Magnussen,Haas F1 Team,15.0,20,-,DNF,20,-,0,20,MAG,22,7,#505050,22-7,6,3,1.0,3.37,0.0,0.0,0.4129901960784314,20,0,0,10.0,20.0,1,0,0.0,,0.0,0,-,,,,,-,-,-,,0.0,-,-,-,-,,DNC,DNC,DNC,DNC,DNC,DNC,DNC,DNC,DNC,0.0,20,DNC,DNC,DNC,DNC,-,,-,,-,-,-,-,,5.33,5.83,1.00,6.40,,,,,,,,,,0.0,,0.0,40.0,0.0,0.0,0,0.0,0.0,0.0,0.0,0.0,0.0,0.0,0.0,0.0,0.0,0.0,0.0,0.0,0.0,0.0,0.0,,DNC,27,8,MON,HUL,Nico Hulkenberg,DEN,Denmark,Дания,#D20019,Ferrari,#DC0004,0.0,0.0,0.0,0.0,1.0,1.0,12,20,8,12.0,14,10,1.0,2,2,8.20,
2024,2024091,2,10,Max Verstappen,Red Bull Racing,2.0,2,1,1,1,1:45:47.927,25,1,VER,2,14,#1A4C82,2-14,16,2,1.0,9.53,1.0,1.0,0.7673107890499195,2,0,0,1.0,2.0,0,0,1.0,,70.0,100,0,1.0,1.0,2.0,2.0,0,0.0,0.0,0.0,1.0,84.561,01:24.561,0.315,0.267,0.0479999999999999,1,4.00,2,1.95,8,1.65,9,1.60,1,1.0,8,1,5.95,6,3.25,2,0.0285714285714285,3.310,0.0472857142857143,10.00,4.00,9.98,5.50,9.86,7.45,6.98,4.00,5.65,1.0,0.6357279084551811,1.0,0.7420074349442379,1.0,0.5714285714285714,0.0,0.4757785467128028,7.0,1.0,0.5079855744461618,25.0,29.0,25.0,1.0,1,1.0,1.0,0.0,0.0,0.0,2.0,0.0,1.0,0.0,0.0,1.0,0.0,1.0,0.0,1.0,42.0,8.25,9.20,12,9,CAN,PER,Sergio Perez,NLD,Netherlands,Нидерланды,#F75600,Honda,#DE0000,50.0,50.0,0.0,0.0,194.0,194.0,1,2,1,1.0,1,2,6.0,9,8,9.20,
2024,2024091,2,10,Lando Norris,McLaren,3.0,3,2,2,2,+3.879,18,4,NOR,4,9,#DE8E18,4-9,10,1,1.0,9.05,1.0,1.0,0.5133295519001702,3,0,0,2.0,3.0,0,0,1.0,1.0,70.0,100,2,3.0,1.0,4.0,3.0,0,0.0,0.0,0.0,1.0,84.545,01:24.545,0.387,0.357,0.03,7,3.40,1,2.00,9,1.60,4,1.85,2,1.0,9,4,5.40,3,3.45,2,0.0285714285714285,2.447,0.0349571428571428,8.87,4.00,10.00,6.62,9.96,7.45,6.98,4.00,5.65,0.0,0.4748394004282655,1.0,0.5076142131979695,1.0,0.5,1.0,0.6347075743048898,3.0,1.0,1.0,28.0,70.0,46.0,1.0,0,0.0,0.0,1.0,0.0,0.0,1.0,0.0,0.0,1.0,0.0,1.0,0.0,0.0,1.0,1.0,8.0,7.683333333333333,8.85,12,9,CAN,PIA,Oscar Piastri,GBR,Great Britain,Великобритания,#314486,Mercedes,#707070,75.0,25.0,0.0,0.0,131.0,131.0,2,3,2,4.0,7,1,3.0,4,9,8.85,
2024,2024091,2,10,Nico Hulkenberg,Haas F1 Team,19.0,17,11,11,11,+30.824,0,27,HUL,25,7,#505050,25-7,11,3,1.0,1.47,0.0,0.0,0.2768361581920904,17,0,0,9.0,17.0,0,0,1.0,1.0,70.0,100,4,8.0,4.0,12.0,13.0,4,4.0,0.0,4.0,1.0,86.195,01:26.195,0.433,0.365,0.068,8,3.30,9,1.60,2,1.95,2,1.95,3,1.0,2,9,4.90,2,3.90,1,0.0142857142857142,3.694,0.0527714285714286,8.15,8.00,7.49,7.75,9.81,7.45,6.98,4.00,5.65,1.0,0.5521680216802167,0.0,0.4882659713168188,0.0,0.4444444444444444,1.0,0.5187416331994645,8.0,0.0,0.4974645030425964,0.0,0.0,0.0,0.0,0,0.0,0.0,0.0,0.0,0.0,0.0,0.0,0.0,0.0,0.0,0.0,0.0,0.0,0.0,0.0,0.0,8.058333333333334,8.80,12,9,CAN,MAG,Kevin Magnussen,GER,Germany,Германия,#000000,Ferrari,#DC0004,67.0,33.0,100.0,0.0,6.0,6.0,11,17,3,9.0,8,9,2.0,2,2,8.80,
2024,2024091,2,10,Oscar Piastri,McLaren,4.0,4,5,5,5,+10.199,10,81,PIA,28,9,#DE8E18,28-9,2,1,1.0,8.58,0.0,0.0,0.4866704480998298,4,0,0,2.0,4.0,0,0,0.0,0.0,70.0,100,-3,0.0,3.0,3.0,4.0,0,0.0,0.0,0.0,1.0,84.741,01:24.741,0.327,0.327,0.0,2,3.90,3,1.90,10,1.55,17,1.20,4,1.0,10,2,5.80,17,2.75,0,0.0,-,,9.81,4.00,9.70,3.81,,7.45,6.98,4.00,5.65,1.0,0.5251605995717346,0.0,0.4923857868020304,0.0,0.5,0.0,0.3652924256951103,19.0,0.0,,28.0,70.0,14.0,0.0,0,0.0,0.0,0.0,0.0,0.0,0.0,0.0,0.0,0.0,0.0,0.0,0.0,0.0,0.0,0.0,0.0,7.841666666666668,8.55,12,9,CAN,NOR,Lando Norris,AUS,Australia,Австралия,#F7C900,Mercedes,#707070,0.0,100.0,0.0,0.0,81.0,81.0,5,4,4,2.0,2,3,17.0,17,10,8.55,
2024,2024091,2,10,Lance Stroll,Aston Martin,9.0,9,7,7,7,+23.625,6,18,STR,10,4,#459A72,10-4,4,1,1.0,6.21,0.0,0.0,0.4486994219653179,9,0,0,5.0,9.0,0,0,0.0,0.0,70.0,100,1,2.0,1.0,3.0,9.0,0,1.0,1.0,2.0,1.0,86.215,01:26.215,0.370,0.339,0.0309999999999999,4,3.70,10,1.55,11,1.50,6,1.75,5,1.0,11,6,5.25,7,3.25,1,0.0142857142857142,2.252,0.0321714285714287,9.14,4.00,7.46,6.06,9.99,7.45,6.98,4.00,5.65,1.0,0.5019220208676551,0.0,0.471853257432005,0.0,0.4444444444444444,1.0,0.5509090909090909,2.0,1.0,0.5017579105976896,14.0,70.0,6.0,0.0,0,0.0,0.0,0.0,0.0,0.0,0.0,0.0,0.0,0.0,0.0,0.0,0.0,0.0,0.0,0.0,0.0,7.77,8.50,12,9,CAN,ALO,Fernando Alonso,CAN,Canada,Канада,#E30000,Mercedes,#707070,67.0,33.0,50.0,50.0,17.0,17.0,7,9,5,6.0,4,10,7.0,6,11,8.50,
2024,2024091,2,10,Fernando Alonso,Aston Martin,6.0,6,6,6,6,+17.510,8,14,ALO,19,4,#459A72,19-4,7,1,1.0,7.63,1.0,1.0,0.5513005780346821,6,0,0,3.0,6.0,0,0,1.0,1.0,70.0,100,-1,0.0,1.0,1.0,5.0,1,1.0,0.0,1.0,1.0,85.63,01:25.630,0.374,0.332,0.0419999999999999,5,3.60,6,1.75,4,1.85,16,1.25,6,1.0,4,5,5.35,8,3.10,2,0.0285714285714285,2.778,0.0396857142857141,9.07,5.00,8.35,4.94,9.92,7.45,6.98,4.00,5.65,0.0,0.4980779791323448,1.0,0.528146742567995,1.0,0.5555555555555556,0.0,0.4490909090909091,5.0,0.0,0.4982420894023104,14.0,70.0,8.0,0.0,0,0.0,0.0,0.0,0.0,0.0,0.0,0.0,0.0,0.0,0.0,0.0,0.0,0.0,0.0,0.0,0.0,7.703333333333333,8.45,12,9,CAN,STR,Lance Stroll,ESP,Spain,Испания,#F7B800,Mercedes,#707070,0.0,100.0,100.0,0.0,41.0,41.0,6,6,6,5.0,5,6,8.0,16,4,8.45,
2024,2024091,2,10,Esteban Ocon,Alpine,18.0,18,10,10,10,+30.313,1,31,OCO,13,3,#3494CC,13-3,9,4,1.0,1.95,0.0,0.0,0.3665413533834586,18,0,0,9.0,18.0,0,0,0.0,0.0,70.0,100,0,3.0,3.0,6.0,16.0,2,2.0,0.0,2.0,1.0,86.374,01:26.374,0.384,0.384,0.0,6,3.50,12,1.45,3,1.90,11,1.50,7,1.0,3,8,4.95,4,3.40,0,0.0,-,,8.92,6.00,7.21,5.50,,7.45,6.98,4.00,5.65,1.0,0.5634870499052432,0.0,0.4918144611186903,1.0,0.8571428571428571,0.0,0.3548387096774194,17.0,0.0,,3.0,3.0,3.0,0.0,0,0.0,0.0,0.0,0.0,0.0,0.0,0.0,0.0,0.0,0.0,0.0,0.0,0.0,0.0,0.0,0.0,7.863333333333333,8.35,12,9,CAN,GAS,Pierre Gasly,FRA,France,Франция,#004CA2,Renault,#FAEF00,50.0,50.0,100.0,0.0,2.0,2.0,10,18,7,8.0,6,12,4.0,11,3,8.35,
2024,2024091,2,10,Kevin Magnussen,Haas F1 Team,14.0,14,12,12,12,+31.253,0,20,MAG,22,7,#505050,22-7,6,3,1.0,3.84,1.0,1.0,0.7231638418079096,14,0,0,7.0,14.0,0,0,0.0,0.0,70.0,100,3,6.0,3.0,9.0,8.0,6,6.0,0.0,6.0,1.0,85.959,01:25.959,0.531,0.489,0.042,14,2.70,7,1.70,1,2.00,3,1.90,8,1.0,1,11,4.40,1,3.90,2,0.0285714285714285,2.878,0.0411142857142855,6.61,10.00,7.85,7.19,9.91,7.45,6.98,4.00,5.65,0.0,0.4478319783197831,1.0,0.5117340286831812,1.0,0.5555555555555556,0.0,0.4812583668005354,6.0,1.0,0.5025354969574037,0.0,0.0,0.0,1.0,0,0.0,0.0,0.0,1.0,0.0,1.0,0.0,0.0,0.0,0.0,0.0,0.0,0.0,0.0,0.0,0.0,7.271666666666667,8.30,12,9,CAN,HUL,Nico Hulkenberg,DEN,Denmark,Дания,#D20019,Ferrari,#DC0004,67.0,33.0,100.0,0.0,1.0,1.0,12,14,8,11.0,14,7,1.0,3,1,8.30,
2024,2024091,2,10,George Russell,Mercedes,1.0,1,3,3,3,+4.317,15,63,RUS,14,10,#0AA395,14-10,10,1,1.0,10.0,1.0,1.0,0.5827505827505828,1,0,0,1.0,1.0,0,0,1.0,1.0,70.0,100,-1,3.0,4.0,7.0,1.0,0,0.0,0.0,0.0,1.0,84.769,01:24.769,0.452,0.321,0.131,9,3.20,4,1.85,7,1.70,14,1.35,9,1.0,7,7,5.05,9,3.05,4,0.0571428571428571,7.510,0.1072857142857141,7.85,4.00,9.66,4.94,9.35,7.45,6.98,4.00,5.65,1.0,0.5631276901004304,1.0,0.5039123630672926,0.0,0.4444444444444444,0.0,0.4731800766283525,12.0,1.0,1.0,28.0,70.0,46.0,0.0,0,0.0,0.0,0.0,0.0,0.0,0.0,0.0,0.0,0.0,1.0,1.0,1.0,0.0,0.0,1.0,20.0,6.723333333333333,8.10,12,9,CAN,HAM,Lewis Hamilton,GBR,Great Britain,Великобритания,#314486,Mercedes,#707070,43.0,57.0,0.0,0.0,69.0,69.0,3,1,9,7.0,9,4,9.0,14,7,8.10,
2024,2024091,2,10,Daniel Ricciardo,RB,5.0,5,8,8,8,+28.672,4,3,RIC,7,11,#476CBF,7-11,2,2,1.0,8.11,1.0,1.0,0.5483434753211629,5,0,0,3.0,5.0,0,0,1.0,1.0,70.0,100,-1,3.0,4.0,7.0,7.0,-2,0.0,2.0,2.0,1.0,86.184,01:26.184,0.350,0.350,0.0,3,3.80,8,1.65,15,1.30,15,1.30,10,1.0,15,3,5.45,18,2.60,0,0.0,-,,9.45,2.00,7.50,4.94,,7.45,6.98,4.00,5.65,1.0,0.9043062200956936,1.0,0.5357142857142857,1.0,0.6666666666666666,1.0,0.8316498316498316,18.0,0.0,,4.0,29.0,14.0,0.0,0,0.0,0.0,0.0,0.0,0.0,0.0,0.0,0.0,0.0,0.0,0.0,0.0,0.0,0.0,0.0,0.0,7.456666666666666,8.05,12,9,CAN,TSU,Yuki Tsunoda,AUS,Australia,Австралия,#F7C900,Honda,#DE0000,43.0,57.0,0.0,100.0,9.0,9.0,8,5,10,3.0,3,8,18.0,15,15,8.05,
2024,2024091,2,10,Lewis Hamilton,Mercedes,7.0,7,4,4,4,+4.915,13,44,HAM,1,10,#0AA395,1-10,10,1,1.0,7.16,0.0,0.0,0.4172494172494173,7,0,0,4.0,7.0,0,0,0.0,0.0,70.0,100,0,2.0,2.0,4.0,6.0,1,1.0,0.0,1.0,1.0,84.865,01:24.865,0.564,0.564,0.0,16,2.50,5,1.80,5,1.80,10,1.55,11,1.0,5,13,4.30,5,3.35,0,0.0,-,,6.09,5.00,9.51,5.50,,7.45,6.98,4.00,5.65,0.0,0.4368723098995696,0.0,0.4960876369327073,1.0,0.5555555555555556,1.0,0.5268199233716474,20.0,0.0,,28.0,70.0,46.0,0.0,0,0.0,0.0,0.0,0.0,0.0,0.0,1.0,0.0,0.0,0.0,0.0,0.0,0.0,0.0,0.0,0.0,5.81,7.65,12,9,CAN,RUS,George Russell,GBR,Great Britain,Великобритания,#314486,Mercedes,#707070,50.0,50.0,100.0,0.0,55.0,55.0,4,7,11,13.0,16,5,5.0,10,5,7.65,
2024,2024091,2,10,Pierre Gasly,Alpine,15.0,15,9,9,9,+30.021,2,10,GAS,17,3,#3494CC,17-3,9,4,1.0,3.37,1.0,1.0,0.6334586466165414,15,0,0,8.0,15.0,0,0,1.0,1.0,70.0,100,8,8.0,0.0,8.0,18.0,-3,0.0,3.0,3.0,1.0,86.216,01:26.216,0.512,0.453,0.059,12,2.90,11,1.50,20,1.05,1,2.00,12,1.0,19,10,4.40,10,3.05,3,0.0428571428571428,4.668,0.0666857142857143,6.91,1.00,7.45,10.00,9.7,7.45,6.98,4.00,5.65,0.0,0.4365129500947568,1.0,0.5081855388813097,0.0,0.1428571428571428,1.0,0.6451612903225806,10.0,1.0,1.0,3.0,3.0,3.0,1.0,0,0.0,0.0,0.0,0.0,1.0,1.0,0.0,0.0,0.0,0.0,0.0,0.0,0.0,0.0,0.0,0.0,6.44,7.45,12,9,CAN,OCO,Esteban Ocon,FRA,France,Франция,#004CA2,Renault,#FAEF00,100.0,0.0,0.0,100.0,3.0,3.0,9,15,12,10.0,12,11,10.0,1,20,7.45,
2024,2024091,2,10,Alexander Albon,Williams,10.0,10,-,DNF,17,-,0,23,ALB,24,18,#3C95C9,24-18,20,1,1.0,5.74,1.0,1.0,0.5705765407554672,10,0,0,5.0,10.0,1,0,0.0,,52.0,74,1,4.0,3.0,7.0,12.0,-2,0.0,2.0,2.0,1.0,88.463,01:28.463,0.472,0.472,0.0,10,3.10,16,1.25,16,1.25,7,1.70,13,1.0,16,12,4.35,13,2.95,0,0.0,-,,7.53,2.00,4.03,6.06,,7.45,6.98,4.00,5.65,,,,,,,,,15.0,0.0,,0.0,70.0,0.0,0.0,0,0.0,0.0,0.0,0.0,0.0,0.0,0.0,0.0,0.0,0.0,0.0,0.0,0.0,0.0,0.0,0.0,6.363333333333333,7.30,12,9,CAN,SAR,Logan Sargeant,THA,Thailand,Таиланд,#2E2549,Mercedes,#707070,57.0,43.0,0.0,100.0,2.0,2.0,14,10,13,12.0,10,16,13.0,7,16,7.30,
2024,2024091,2,10,Carlos Sainz,Ferrari,12.0,12,-,DNF,16,-,0,55,SAI,8,5,#BA3B30,8-5,7,3,1.0,4.79,0.0,0.0,0.4766169154228855,12,0,0,6.0,12.0,1,0,0.0,,53.0,76,2,3.0,1.0,4.0,14.0,-2,0.0,2.0,2.0,1.0,88.465,01:28.465,0.491,0.491,0.0,11,3.00,17,1.20,17,1.20,5,1.80,14,1.0,17,15,4.20,11,3.00,0,0.0,-,,7.24,2.00,4.03,6.62,,7.45,6.98,4.00,5.65,1.0,0.555640828856485,1.0,0.8011928429423459,0.0,0.2857142857142857,1.0,0.6347075743048898,16.0,0.0,,0.0,0.0,8.0,0.0,0,0.0,0.0,0.0,0.0,0.0,0.0,0.0,0.0,0.0,0.0,0.0,0.0,0.0,0.0,0.0,0.0,6.263333333333333,7.20,12,9,CAN,LEC,Charles Leclerc,ESP,Spain,Испания,#F7B800,Ferrari,#DC0004,75.0,25.0,0.0,100.0,108.0,108.0,4,12,14,15.0,11,17,11.0,5,17,7.20,
2024,2024091,2,10,Valtteri Bottas,Kick Sauber,17.0,PLS,13,13,13,+40.487,0,77,BOT,3,8,#64D064,3-8,8,3,1.0,2.42,1.0,1.0,0.7076023391812866,PLS,0,1,,19.0,0,0,1.0,1.0,70.0,100,0,1.0,1.0,2.0,19.0,0,0.0,0.0,0.0,1.0,86.724,01:26.724,0.525,0.448,0.077,13,2.80,13,1.40,12,1.45,12,1.45,15,1.0,12,14,4.20,14,2.90,3,0.0428571428571428,4.184,0.0597714285714289,6.70,4.00,6.68,5.50,9.75,7.45,6.98,4.00,5.65,1.0,0.5033809166040571,1.0,0.5834061135371179,1.0,0.5,1.0,0.5,9.0,0.0,0.4936708860759494,0.0,0.0,0.0,0.0,0,0.0,0.0,0.0,0.0,0.0,0.0,0.0,0.0,0.0,0.0,0.0,0.0,0.0,0.0,0.0,0.0,6.05,7.10,12,9,CAN,ZHO,Guanyu Zhou,FIN,Finland,Финляндия,#04276B,Ferrari,#DC0004,50.0,50.0,0.0,0.0,0.0,0.0,13,14,15,14.0,13,13,14.0,12,12,7.10,
2024,2024091,2,10,Guanyu Zhou,Kick Sauber,20.0,PLS,15,15,15,+1 Lap,0,24,ZHO,23,8,#64D064,23-8,5,3,1.0,1.0,0.0,0.0,0.2923976608187134,PLS,0,1,,20.0,0,0,0.0,0.0,69.0,99,0,2.0,2.0,4.0,20.0,0,0.0,0.0,0.0,1.0,87.977,01:27.977,0.531,0.497,0.034,15,2.60,15,1.30,13,1.40,13,1.40,16,1.0,13,16,3.90,16,2.80,1,0.0144927536231884,2.123,0.0307681159420288,6.61,4.00,4.77,5.50,10.0,7.45,6.98,4.00,5.65,0.0,0.4966190833959429,0.0,0.4165938864628821,0.0,0.5,0.0,0.5,1.0,1.0,0.5063291139240507,0.0,0.0,0.0,0.0,0,0.0,0.0,0.0,0.0,0.0,0.0,0.0,0.0,0.0,0.0,0.0,0.0,0.0,0.0,0.0,0.0,5.989999999999999,6.70,12,9,CAN,BOT,Valtteri Bottas,CHN,China,Китай,#F70000,Ferrari,#DC0004,50.0,50.0,0.0,0.0,0.0,0.0,15,16,16,16.0,15,15,16.0,13,13,6.70,
2024,2024091,2,10,Sergio Perez,Red Bull Racing,16.0,16,-,DNF,18,-,0,11,PER,5,14,#1A4C82,5-14,14,2,1.0,2.89,0.0,0.0,0.2326892109500805,16,0,0,8.0,16.0,1,0,0.0,,52.0,74,1,2.0,1.0,3.0,17.0,-1,1.0,2.0,3.0,1.0,88.833,01:28.833,0.587,0.498,0.0889999999999999,18,2.30,18,1.15,14,1.35,8,1.65,17,1.0,14,19,3.45,12,3.00,1,0.0192307692307692,4.356,0.0837692307692306,5.73,3.00,3.47,6.06,9.55,7.45,6.98,4.00,5.65,0.0,0.3642720915448188,0.0,0.257992565055762,0.0,0.4285714285714285,1.0,0.5242214532871973,11.0,0.0,0.4920144255538383,25.0,29.0,0.0,0.0,0,0.0,0.0,0.0,0.0,0.0,0.0,0.0,0.0,0.0,0.0,0.0,0.0,0.0,0.0,0.0,0.0,5.33,6.45,12,9,CAN,VER,Max Verstappen,MEX,Mexico,Мексика,#006640,Honda,#DE0000,67.0,33.0,33.0,67.0,107.0,107.0,8,16,17,19.0,18,18,12.0,8,14,6.45,
2024,2024091,2,10,Charles Leclerc,Ferrari,11.0,11,-,DNF,19,-,0,16,LEC,6,5,#BA3B30,6-5,15,3,1.0,5.26,1.0,1.0,0.5233830845771144,11,0,0,6.0,11.0,1,0,0.0,,41.0,59,-3,0.0,3.0,3.0,10.0,1,2.0,1.0,3.0,1.0,90.452,01:30.452,0.583,0.538,0.0449999999999999,17,2.40,19,1.10,6,1.75,18,1.15,18,1.0,6,18,3.50,15,2.90,1,0.024390243902439,1.534,0.0374146341463412,5.79,5.00,1.00,3.81,9.94,7.45,6.98,4.00,5.65,0.0,0.4443591711435149,0.0,0.198807157057654,1.0,0.7142857142857143,0.0,0.3652924256951103,4.0,1.0,1.0,0.0,0.0,0.0,0.0,0,0.0,0.0,0.0,0.0,0.0,0.0,0.0,0.0,0.0,0.0,0.0,0.0,0.0,0.0,0.0,0.0,5.328333333333333,6.40,12,9,CAN,SAI,Carlos Sainz,MON,Monaco,Монако,#D80000,Ferrari,#DC0004,0.0,100.0,67.0,33.0,138.0,138.0,3,11,18,18.0,17,19,15.0,18,6,6.40,
2024,2024091,2,10,Yuki Tsunoda,RB,8.0,8,14,14,14,+52.694,0,22,TSU,9,11,#476CBF,9-11,13,2,1.0,6.68,0.0,0.0,0.451656524678837,8,0,0,4.0,8.0,0,0,0.0,0.0,70.0,100,-8,1.0,9.0,10.0,11.0,-3,0.0,3.0,3.0,1.0,86.841,01:26.841,0.888,0.451,0.437,19,2.20,14,1.35,19,1.10,19,1.10,19,1.0,18,17,3.55,19,2.20,2,0.0285714285714285,21.731,0.3104428571428571,1.00,1.00,6.50,1.00,7.64,7.45,6.98,4.00,5.65,0.0,0.0956937799043062,0.0,0.4642857142857143,0.0,0.3333333333333333,0.0,0.1683501683501683,13.0,1.0,1.0,4.0,29.0,0.0,0.0,0,0.0,0.0,0.0,0.0,0.0,0.0,0.0,0.0,0.0,0.0,0.0,0.0,0.0,0.0,0.0,0.0,1.0,5.75,12,9,CAN,RIC,Daniel Ricciardo,JPN,Japan,Япония,#C60018,Honda,#DE0000,10.0,90.0,0.0,100.0,19.0,19.0,14,8,19,17.0,19,14,19.0,19,19,5.75,
2024,2024091,2,10,Logan Sargeant,Williams,13.0,13,-,DNF,20,-,0,2,SAR,27,18,#3C95C9,27-18,21,1,1.0,4.32,0.0,0.0,0.4294234592445328,13,0,0,7.0,13.0,1,0,0.0,,23.0,33,-,1.0,6.0,7.0,15.0,-2,0.0,2.0,2.0,1.0,-,-,1.766,0.616,1.15,DNC,DNC,DNC,DNC,18,DNC,DNC,DNC,DNC,0.0,20,DNC,DNC,DNC,DNC,2,0.0869565217391304,25.210,1.0960869565217397,-,2.00,-,-,1.0,7.45,6.98,4.00,5.65,,,,,,,,,14.0,1.0,1.0,0.0,70.0,0.0,0.0,0,0.0,0.0,0.0,0.0,0.0,0.0,0.0,0.0,0.0,0.0,0.0,0.0,0.0,0.0,0.0,0.0,,DNC,12,9,CAN,ALB,Alexander Albon,USA,USA,США,#071C63,Mercedes,#707070,14.0,86.0,0.0,100.0,0.0,0.0,18,13,15,12.5,12,16,15.0,18,18,6.85,
2024,2024101,2,11,Max Verstappen,Red Bull Racing,2.0,2,1,1,1,1:28:20.227,25,1,VER,2,14,#1A4C82,2-14,16,2,1.0,9.53,1.0,1.0,0.5879086983343614,2,0,0,1.0,2.0,0,0,1.0,1.0,66.0,100,1,1.0,0.0,1.0,2.0,0,1.0,1.0,2.0,1.0,79.569,01:19.569,0.128,0.087,0.041,2,3.90,1,2.00,7,1.70,7,1.70,1,1.0,7,1,5.90,5,3.40,7,0.106060606060606,2.879,0.0436212121212124,9.95,4.60,10.00,6.40,9.12,6.99,6.22,4.60,5.50,1.0,0.5306666666666666,1.0,0.5467468562055768,1.0,0.5,0.0,0.3902439024390244,3.0,1.0,0.5181818181818181,29.0,29.0,25.0,1.0,1,1.0,0.0,1.0,0.0,0.0,2.0,0.0,1.0,0.0,0.0,1.0,0.0,1.0,0.0,1.0,55.0,8.466666666666667,9.30,34,10,ESP,PER,Sergio Perez,NLD,Netherlands,Нидерланды,#F75600,Honda,#DE0000,100.0,0.0,50.0,50.0,219.0,219.0,1,2,1,1.0,2,1,5.0,7,7,9.30,
2024,2024101,2,11,Oscar Piastri,McLaren,10.0,9,7,7,7,+33.760,6,81,PIA,28,9,#DE8E18,28-9,2,1,1.0,5.74,0.0,0.0,0.3646759847522236,9,0,0,5.0,9.0,0,0,0.0,0.0,66.0,100,3,3.0,0.0,3.0,8.0,1,1.0,0.0,1.0,1.0,79.954,01:19.954,0.146,0.117,0.0289999999999999,3,3.80,6,1.75,4,1.85,3,1.90,2,1.0,4,3,5.55,1,3.75,5,0.0757575757575757,2.285,0.0346212121212133,9.49,6.40,8.59,8.20,9.39,6.99,6.22,4.60,5.50,1.0,0.5495078170237406,0.0,0.4638228941684665,1.0,0.8648648648648649,0.0,0.5,2.0,1.0,0.5500878734622144,25.0,52.0,6.0,0.0,0,0.0,0.0,0.0,0.0,0.0,0.0,0.0,0.0,0.0,0.0,0.0,0.0,0.0,0.0,0.0,0.0,8.76,9.30,34,10,ESP,NOR,Lando Norris,AUS,Australia,Австралия,#F7C900,Mercedes,#707070,100.0,0.0,100.0,0.0,87.0,87.0,7,9,2,3.0,3,6,1.0,3,4,9.30,
2024,2024101,2,11,Charles Leclerc,Ferrari,5.0,5,5,5,5,+22.709,10,16,LEC,6,5,#BA3B30,6-5,15,3,1.0,8.11,1.0,1.0,0.5152477763659467,5,0,0,3.0,5.0,0,0,1.0,1.0,66.0,100,1,2.0,1.0,3.0,5.0,0,0.0,0.0,0.0,1.0,79.86,01:19.860,0.126,0.113,0.0129999999999999,1,4.00,5,1.80,8,1.65,8,1.65,3,1.0,8,2,5.80,6,3.30,4,0.0606060606060606,0.946,0.0143333333333337,10.00,4.60,8.93,6.40,10.0,6.99,6.22,4.60,5.50,1.0,0.5633802816901409,1.0,0.5123350545037292,1.0,0.5,1.0,0.6336633663366336,1.0,1.0,0.5724098454493418,18.0,18.0,10.0,1.0,0,0.0,1.0,0.0,0.0,0.0,1.0,0.0,0.0,0.0,0.0,0.0,0.0,0.0,0.0,0.0,0.0,8.5,9.10,34,10,ESP,SAI,Carlos Sainz,MON,Monaco,Монако,#D80000,Ferrari,#DC0004,67.0,33.0,0.0,0.0,148.0,148.0,5,5,3,2.0,1,5,6.0,8,8,9.10,
2024,2024101,2,11,Sergio Perez,Red Bull Racing,8.0,11,8,8,8,+59.524,4,11,PER,5,14,#1A4C82,5-14,14,2,1.0,6.68,0.0,0.0,0.4120913016656384,11,0,0,6.0,11.0,0,0,0.0,0.0,66.0,100,5,6.0,1.0,7.0,11.0,0,1.0,1.0,2.0,1.0,80.035,01:20.035,0.173,0.096,0.0769999999999999,5,3.60,8,1.65,11,1.50,1,2.00,4,1.0,11,6,5.25,3,3.50,9,0.1363636363636363,4.300,0.0651515151515144,8.80,4.60,8.29,10.00,8.48,6.99,6.22,4.60,5.50,0.0,0.4693333333333334,0.0,0.4532531437944231,0.0,0.5,1.0,0.6097560975609757,7.0,0.0,0.4818181818181818,29.0,29.0,4.0,1.0,0,0.0,0.0,0.0,0.0,1.0,1.0,0.0,0.0,0.0,0.0,0.0,0.0,0.0,0.0,0.0,0.0,8.3,8.75,34,10,ESP,VER,Max Verstappen,MEX,Mexico,Мексика,#006640,Honda,#DE0000,86.0,14.0,50.0,50.0,111.0,111.0,8,11,4,6.0,5,8,3.0,1,11,8.75,
2024,2024101,2,11,Lewis Hamilton,Mercedes,3.0,3,3,3,3,+17.790,15,44,HAM,1,10,#0AA395,1-10,10,1,1.0,9.05,1.0,1.0,0.5133295519001702,3,0,0,2.0,3.0,0,0,1.0,1.0,66.0,100,2,3.0,1.0,4.0,4.0,-1,0.0,1.0,1.0,1.0,79.822,01:19.822,0.184,0.140,0.0439999999999999,6,3.50,3,1.90,14,1.35,5,1.80,5,1.0,14,4,5.40,9,3.15,7,0.106060606060606,3.194,0.0483939393939387,8.52,2.80,9.07,7.30,8.98,6.99,6.22,4.60,5.50,1.0,0.5101796407185629,1.0,0.5024930747922438,0.0,0.2187499999999999,1.0,0.7227722772277227,4.0,1.0,0.527614571092832,27.0,52.0,46.0,0.0,0,0.0,0.0,0.0,0.0,0.0,0.0,0.0,0.0,0.0,1.0,1.0,0.0,0.0,1.0,1.0,0.0,7.363333333333332,8.55,34,10,ESP,RUS,George Russell,GBR,Great Britain,Великобритания,#314486,Mercedes,#707070,75.0,25.0,0.0,100.0,70.0,70.0,3,3,5,4.0,6,3,9.0,5,14,8.55,
2024,2024101,2,11,Pierre Gasly,Alpine,7.0,7,9,9,9,+1:02.025,2,10,GAS,17,3,#3494CC,17-3,9,4,1.0,7.16,1.0,1.0,0.5355272999252056,7,0,0,4.0,7.0,0,0,1.0,1.0,66.0,100,1,3.0,2.0,5.0,7.0,0,0.0,0.0,0.0,1.0,80.387,01:20.387,0.164,0.108,0.056,4,3.70,9,1.60,10,1.55,9,1.60,6,1.0,10,5,5.30,10,3.15,6,0.0909090909090909,3.382,0.0512424242424243,9.03,4.60,7.00,6.40,8.9,6.99,6.22,4.60,5.50,1.0,0.5168860904407556,1.0,0.5255255255255256,1.0,0.6216216216216216,1.0,0.6336633663366336,5.0,1.0,0.5171411969785009,3.0,3.0,3.0,0.0,0,0.0,0.0,0.0,0.0,0.0,0.0,0.0,0.0,0.0,0.0,0.0,0.0,0.0,0.0,0.0,0.0,7.853333333333333,8.45,34,10,ESP,OCO,Esteban Ocon,FRA,France,Франция,#004CA2,Renault,#FAEF00,60.0,40.0,0.0,0.0,5.0,5.0,9,7,6,5.0,4,9,10.0,9,10,8.45,
2024,2024101,2,11,Nico Hulkenberg,Haas F1 Team,13.0,13,11,11,11,+1:19.215,0,27,HUL,25,7,#505050,25-7,11,3,1.0,4.32,1.0,1.0,0.5991678224687933,13,0,0,7.0,13.0,0,0,1.0,1.0,66.0,100,0,0.0,0.0,0.0,10.0,3,3.0,0.0,3.0,1.0,80.542,01:20.542,0.188,0.137,0.0509999999999999,8,3.30,10,1.55,2,1.95,10,1.55,7,1.0,2,10,4.85,4,3.50,9,0.1363636363636363,3.569,0.0540757575757586,8.41,10.00,6.44,5.50,8.81,6.99,6.22,4.60,5.50,1.0,0.5554821664464993,1.0,0.6584867075664621,1.0,0.684931506849315,1.0,0.5445544554455446,6.0,1.0,0.564381806534273,0.0,18.0,0.0,0.0,0,0.0,0.0,0.0,0.0,0.0,0.0,0.0,0.0,0.0,0.0,0.0,0.0,0.0,0.0,0.0,0.0,8.19,8.35,34,10,ESP,MAG,Kevin Magnussen,GER,Germany,Германия,#000000,Ferrari,#DC0004,0.0,0.0,100.0,0.0,6.0,6.0,11,13,7,10.0,8,10,4.0,10,2,8.35,
2024,2024101,2,11,George Russell,Mercedes,4.0,4,4,4,4,+22.320,12,63,RUS,14,10,#0AA395,14-10,10,1,1.0,8.58,0.0,0.0,0.4866704480998298,4,0,0,2.0,4.0,0,0,0.0,0.0,66.0,100,-3,0.0,3.0,3.0,1.0,3,3.0,0.0,3.0,1.0,79.847,01:19.847,0.197,0.117,0.08,9,3.20,4,1.85,1,2.00,17,1.20,8,1.0,1,7,5.05,7,3.20,8,0.1212121212121212,5.283,0.0800454545454547,8.18,10.00,8.98,2.80,8.04,6.99,6.22,4.60,5.50,0.0,0.4898203592814371,0.0,0.4975069252077562,1.0,0.78125,0.0,0.2772277227722772,9.0,0.0,0.472385428907168,27.0,52.0,46.0,1.0,0,0.0,0.0,0.0,1.0,0.0,1.0,0.0,0.0,0.0,0.0,0.0,0.0,0.0,0.0,0.0,2.0,7.586666666666666,8.25,34,10,ESP,HAM,Lewis Hamilton,GBR,Great Britain,Великобритания,#314486,Mercedes,#707070,0.0,100.0,100.0,0.0,81.0,81.0,4,4,8,7.0,9,4,7.0,17,1,8.25,
2024,2024101,2,11,Lando Norris,McLaren,1.0,1,2,2,2,+2.219,19,4,NOR,4,9,#DE8E18,4-9,10,1,1.0,10.0,1.0,1.0,0.6353240152477764,1,0,0,1.0,1.0,0,0,1.0,1.0,66.0,100,3,3.0,0.0,3.0,3.0,-2,0.0,2.0,2.0,1.0,79.588,01:19.588,0.213,0.127,0.086,10,3.10,2,1.95,17,1.20,2,1.95,9,1.0,17,8,5.05,8,3.15,12,0.1818181818181818,6.063,0.0918636363636361,7.78,1.00,9.93,8.20,7.68,6.99,6.22,4.60,5.50,0.0,0.4504921829762594,1.0,0.5361771058315334,0.0,0.1351351351351351,1.0,0.5,11.0,0.0,0.4499121265377855,25.0,52.0,46.0,0.0,0,0.0,0.0,0.0,0.0,0.0,0.0,1.0,0.0,1.0,0.0,1.0,1.0,0.0,0.0,1.0,9.0,6.72,8.20,34,10,ESP,PIA,Oscar Piastri,GBR,Great Britain,Великобритания,#314486,Mercedes,#707070,100.0,0.0,0.0,100.0,150.0,150.0,2,1,9,8.0,10,2,8.0,2,17,8.20,
2024,2024101,2,11,Lance Stroll,Aston Martin,14.0,14,14,14,14,+1 Lap,0,18,STR,10,4,#459A72,10-4,4,1,1.0,3.84,0.0,0.0,0.421978021978022,14,0,0,7.0,14.0,0,0,0.0,0.0,65.0,98,2,4.0,2.0,6.0,13.0,1,1.0,0.0,1.0,1.0,81.036,01:21.036,0.241,0.144,0.097,13,2.80,14,1.35,5,1.80,6,1.75,10,1.0,5,13,4.15,2,3.55,6,0.0923076923076923,6.052,0.0931076923076926,7.06,6.40,4.63,7.30,7.65,6.99,6.22,4.60,5.50,1.0,0.5130813953488372,0.0,0.4705284552845528,1.0,0.8648648648648649,1.0,0.6134453781512605,12.0,1.0,0.5110220440881763,0.0,52.0,0.0,0.0,0,0.0,0.0,0.0,0.0,0.0,0.0,0.0,0.0,0.0,0.0,0.0,0.0,0.0,0.0,0.0,0.0,6.989999999999999,7.70,34,10,ESP,ALO,Fernando Alonso,CAN,Canada,Канада,#E30000,Mercedes,#707070,67.0,33.0,100.0,0.0,17.0,17.0,14,14,10,13.0,13,14,2.0,6,5,7.70,
2024,2024101,2,11,Carlos Sainz,Ferrari,6.0,6,6,6,6,+31.028,8,55,SAI,8,5,#BA3B30,8-5,7,3,1.0,7.63,0.0,0.0,0.4847522236340534,6,0,0,3.0,6.0,0,0,0.0,0.0,66.0,100,-2,2.0,4.0,6.0,6.0,0,0.0,0.0,0.0,1.0,79.978,01:19.978,0.214,0.107,0.107,11,3.00,7,1.70,9,1.60,15,1.30,11,1.0,9,11,4.70,13,2.90,6,0.0909090909090909,6.536,0.099030303030303,7.75,4.60,8.50,3.70,7.47,6.99,6.22,4.60,5.50,0.0,0.4366197183098591,0.0,0.4876649454962708,0.0,0.5,0.0,0.3663366336633663,13.0,0.0,0.4275901545506583,18.0,18.0,8.0,0.0,0,0.0,0.0,0.0,0.0,0.0,0.0,0.0,0.0,0.0,0.0,0.0,0.0,0.0,0.0,0.0,0.0,6.550000000000001,7.60,34,10,ESP,LEC,Charles Leclerc,ESP,Spain,Испания,#F7B800,Ferrari,#DC0004,33.0,67.0,0.0,0.0,116.0,116.0,6,6,11,11.0,11,7,13.0,15,9,7.60,
2024,2024101,2,11,Esteban Ocon,Alpine,9.0,8,10,10,10,+1:11.889,1,31,OCO,13,3,#3494CC,13-3,9,4,1.0,6.21,0.0,0.0,0.4644727000747943,8,0,0,4.0,8.0,0,0,0.0,0.0,66.0,100,-2,2.0,4.0,6.0,9.0,-1,0.0,1.0,1.0,1.0,80.573,01:20.573,0.187,0.119,0.068,7,3.40,11,1.50,15,1.30,16,1.25,12,1.0,15,9,4.90,18,2.55,8,0.1212121212121212,4.676,0.0708484848484855,8.44,2.80,6.32,3.70,8.31,6.99,6.22,4.60,5.50,0.0,0.4831139095592444,0.0,0.4744744744744745,0.0,0.3783783783783784,0.0,0.3663366336633663,8.0,0.0,0.4828588030214991,3.0,3.0,3.0,0.0,0,0.0,0.0,0.0,0.0,0.0,0.0,0.0,0.0,0.0,0.0,0.0,0.0,0.0,0.0,0.0,0.0,6.71,7.45,34,10,ESP,GAS,Pierre Gasly,FRA,France,Франция,#004CA2,Renault,#FAEF00,33.0,67.0,0.0,100.0,3.0,3.0,10,8,12,9.0,7,11,18.0,16,15,7.45,
2024,2024101,2,11,Guanyu Zhou,Kick Sauber,15.0,15,13,13,13,+1 Lap,0,24,ZHO,23,8,#64D064,23-8,5,3,1.0,3.37,0.0,0.0,0.4129901960784314,15,0,0,8.0,15.0,0,0,1.0,1.0,65.0,98,0,4.0,4.0,8.0,17.0,-2,0.0,2.0,2.0,1.0,80.846,01:20.846,0.217,0.122,0.095,12,2.90,12,1.45,20,1.05,11,1.50,13,1.0,20,12,4.35,19,2.55,7,0.1076923076923077,5.853,0.0900461538461548,7.67,1.00,5.32,5.50,7.74,6.99,6.22,4.60,5.50,1.0,0.7424975798644724,1.0,0.657601977750309,0.0,0.5,1.0,0.6626506024096385,10.0,1.0,0.7166666666666667,0.0,18.0,0.0,0.0,0,0.0,0.0,0.0,0.0,0.0,0.0,0.0,0.0,0.0,0.0,0.0,0.0,0.0,0.0,0.0,0.0,6.196666666666666,6.90,34,10,ESP,BOT,Valtteri Bottas,CHN,China,Китай,#F70000,Ferrari,#DC0004,50.0,50.0,0.0,100.0,0.0,0.0,13,15,13,12.0,12,12,19.0,11,20,6.90,
2024,2024101,2,11,Daniel Ricciardo,RB,18.0,18,15,15,15,+1 Lap,0,3,RIC,7,11,#476CBF,7-11,2,2,1.0,1.95,0.0,0.0,0.4462242562929062,18,0,0,9.0,18.0,0,0,1.0,1.0,65.0,98,3,4.0,1.0,5.0,19.0,-1,0.0,1.0,1.0,1.0,81.31,01:21.310,0.309,0.168,0.141,16,2.50,16,1.25,16,1.25,4,1.85,14,1.0,16,16,3.75,11,3.10,9,0.1384615384615384,8.880,0.1366153846153845,5.32,2.80,3.63,8.20,6.34,6.99,6.22,4.60,5.50,1.0,0.7812041116005873,0.0,0.4938775510204081,0.0,0.2545454545454545,1.0,0.7454545454545454,17.0,1.0,0.6913849509269356,0.0,29.0,6.0,0.0,0,0.0,0.0,0.0,0.0,0.0,0.0,0.0,0.0,0.0,0.0,0.0,0.0,0.0,0.0,0.0,0.0,5.38,6.85,34,10,ESP,TSU,Yuki Tsunoda,AUS,Australia,Австралия,#F7C900,Honda,#DE0000,80.0,20.0,0.0,100.0,9.0,9.0,15,18,14,16.0,16,16,11.0,4,16,6.85,
2024,2024101,2,11,Kevin Magnussen,Haas F1 Team,16.0,16,17,17,17,+1 Lap,0,20,MAG,22,7,#505050,22-7,6,3,1.0,2.89,0.0,0.0,0.4008321775312066,16,0,0,8.0,16.0,0,0,0.0,0.0,65.0,98,-1,2.0,3.0,5.0,16.0,0,1.0,1.0,2.0,1.0,81.387,01:21.387,0.254,0.111,0.143,14,2.70,17,1.20,12,1.45,13,1.40,15,1.0,12,15,3.90,14,2.85,8,0.123076923076923,7.880,0.1212307692307691,6.73,4.60,3.34,4.60,6.8,6.99,6.22,4.60,5.50,0.0,0.4445178335535006,0.0,0.3415132924335378,0.0,0.3150684931506849,0.0,0.4554455445544554,15.0,0.0,0.4356181934657271,0.0,18.0,0.0,0.0,0,0.0,0.0,0.0,0.0,0.0,0.0,0.0,0.0,0.0,0.0,0.0,0.0,0.0,0.0,0.0,0.0,6.0200000000000005,6.75,34,10,ESP,HUL,Nico Hulkenberg,DEN,Denmark,Дания,#D20019,Ferrari,#DC0004,40.0,60.0,50.0,50.0,1.0,1.0,17,16,15,15.0,14,17,14.0,13,12,6.75,
2024,2024101,2,11,Fernando Alonso,Aston Martin,11.0,10,12,12,12,+1 Lap,0,14,ALO,19,4,#459A72,19-4,7,1,1.0,5.26,1.0,1.0,0.578021978021978,10,0,0,5.0,10.0,0,0,1.0,1.0,65.0,98,-1,3.0,4.0,7.0,12.0,-2,0.0,2.0,2.0,1.0,80.876,01:20.876,0.255,0.144,0.111,15,2.60,13,1.40,18,1.15,12,1.45,16,1.0,18,14,4.00,17,2.60,7,0.1076923076923077,6.754,0.1039076923076926,6.70,1.00,5.21,4.60,7.32,6.99,6.22,4.60,5.50,0.0,0.4869186046511628,1.0,0.5294715447154471,0.0,0.1351351351351351,0.0,0.3865546218487395,14.0,0.0,0.4889779559118236,0.0,52.0,8.0,0.0,0,0.0,0.0,0.0,0.0,0.0,0.0,0.0,0.0,0.0,0.0,0.0,0.0,0.0,0.0,0.0,0.0,5.4,6.60,34,10,ESP,STR,Lance Stroll,ESP,Spain,Испания,#F7B800,Mercedes,#707070,43.0,57.0,0.0,100.0,41.0,41.0,12,10,16,14.0,15,13,17.0,12,18,6.60,
2024,2024101,2,11,Yuki Tsunoda,RB,17.0,17,19,19,19,+1 Lap,0,22,TSU,9,11,#476CBF,9-11,13,2,1.0,2.42,1.0,1.0,0.5537757437070938,17,0,0,9.0,17.0,0,0,0.0,0.0,65.0,98,-3,1.0,4.0,5.0,15.0,2,2.0,0.0,2.0,1.0,81.284,01:21.284,0.459,0.164,0.295,19,2.20,15,1.30,3,1.90,19,1.10,17,1.0,3,17,3.50,12,3.00,9,0.1384615384615384,16.527,0.2542615384615391,1.49,8.20,3.72,2.80,2.83,6.99,6.22,4.60,5.50,0.0,0.2187958883994126,1.0,0.5061224489795919,1.0,0.7454545454545454,0.0,0.2545454545454545,19.0,0.0,0.3086150490730643,0.0,29.0,0.0,0.0,0,0.0,0.0,0.0,0.0,0.0,0.0,0.0,0.0,0.0,0.0,0.0,0.0,0.0,0.0,0.0,0.0,2.8266666666666667,6.50,34,10,ESP,RIC,Daniel Ricciardo,JPN,Japan,Япония,#C60018,Honda,#DE0000,20.0,80.0,100.0,0.0,19.0,19.0,19,17,17,17.0,19,15,12.0,19,3,6.50,
2024,2024101,2,11,Logan Sargeant,Williams,20.0,19,20,20,20,+2 Laps,0,2,SAR,27,18,#3C95C9,27-18,21,1,1.0,1.0,0.0,0.0,0.4048582995951417,19,0,0,10.0,19.0,0,0,0.0,0.0,64.0,97,-5,0.0,5.0,5.0,18.0,1,1.0,0.0,1.0,1.0,82.027,01:22.027,0.325,0.182,0.143,17,2.40,20,1.05,6,1.75,20,1.05,18,1.0,6,18,3.45,15,2.80,7,0.109375,8.550,0.1335937499999993,4.91,6.40,1.00,1.00,6.44,6.99,6.22,4.60,5.50,1.0,0.8307952622673435,0.0,0.2688172043010752,1.0,0.5818181818181819,0.0,0.1785714285714285,16.0,1.0,0.8655913978494624,0.0,52.0,0.0,0.0,0,0.0,0.0,0.0,0.0,0.0,0.0,0.0,0.0,0.0,0.0,0.0,0.0,0.0,0.0,0.0,0.0,4.506666666666667,6.25,34,10,ESP,ALB,Alexander Albon,USA,USA,США,#071C63,Mercedes,#707070,0.0,100.0,100.0,0.0,0.0,0.0,20,19,18,18.0,17,20,15.0,20,6,6.25,
2024,2024101,2,11,Alexander Albon,Williams,19.0,PLS,18,18,18,+1 Lap,0,23,ALB,24,18,#3C95C9,24-18,20,1,1.0,1.47,1.0,1.0,0.5951417004048584,PLS,0,1,,20.0,0,0,1.0,1.0,65.0,98,-1,2.0,3.0,5.0,20.0,0,0.0,0.0,0.0,1.0,81.557,01:21.557,0.478,0.123,0.355,20,2.10,19,1.10,13,1.40,14,1.35,19,1.0,13,20,3.20,16,2.75,10,0.1538461538461538,20.503,0.3154307692307699,1.00,4.60,2.72,4.60,1.0,6.99,6.22,4.60,5.50,0.0,0.1692047377326565,1.0,0.7311827956989247,0.0,0.4181818181818181,1.0,0.8214285714285714,20.0,0.0,0.1344086021505376,0.0,52.0,0.0,0.0,0,0.0,0.0,0.0,0.0,0.0,0.0,0.0,0.0,0.0,0.0,0.0,0.0,0.0,0.0,0.0,0.0,2.2,5.95,34,10,ESP,SAR,Logan Sargeant,THA,Thailand,Таиланд,#2E2549,Mercedes,#707070,40.0,60.0,0.0,0.0,2.0,2.0,18,12,19,20.0,20,19,16.0,14,13,5.95,
2024,2024101,2,11,Valtteri Bottas,Kick Sauber,12.0,12,16,16,16,+1 Lap,0,77,BOT,3,8,#64D064,3-8,8,3,1.0,4.79,1.0,1.0,0.5870098039215687,12,0,0,6.0,12.0,0,0,0.0,0.0,65.0,98,-3,3.0,6.0,9.0,14.0,-2,0.0,2.0,2.0,1.0,81.544,01:21.544,0.413,0.149,0.264,18,2.30,18,1.15,19,1.10,18,1.15,20,1.0,19,19,3.45,20,2.25,10,0.1538461538461538,16.032,0.2466461538461527,2.66,1.00,2.77,2.80,3.06,6.99,6.22,4.60,5.50,0.0,0.2575024201355276,0.0,0.3423980222496909,1.0,0.5,0.0,0.3373493975903614,18.0,0.0,0.2833333333333333,0.0,18.0,0.0,0.0,0,0.0,0.0,0.0,0.0,0.0,0.0,0.0,0.0,0.0,0.0,0.0,0.0,0.0,0.0,0.0,0.0,2.4066666666666667,5.70,34,10,ESP,ZHO,Guanyu Zhou,FIN,Finland,Финляндия,#04276B,Ferrari,#DC0004,33.0,67.0,0.0,100.0,0.0,0.0,16,12,20,19.0,18,18,20.0,18,19,5.70,
2024,2024110,2,12,Oscar Piastri,McLaren,3.0,3,2,2,2,+4.616,7,81,PIA,28,9,#DE8E18,28-9,2,1,1.0,9.05,0.0,0.0,0.4870828848223897,3,0,0,2.0,3.0,0,0,1.0,1.0,23.0,100,1,1.0,0.0,1.0,3.0,0,0.0,0.0,0.0,1.0,69.677,01:09.677,0.082,0.064,0.018,3,3.80,2,1.95,9,1.60,3,1.90,1,1.0,9,1,5.75,3,3.50,2,0.0869565217391304,0.425,0.0184782608695657,8.73,5.50,9.34,7.75,9.62,6.75,5.69,5.50,5.50,1.0,0.6539325842696628,1.0,0.508991825613079,0.0,0.5,1.0,0.7045454545454546,4.0,1.0,0.6413333333333333,13.0,21.0,7.0,1.0,0,1.0,0.0,0.0,0.0,0.0,1.0,0.0,0.0,1.0,0.0,1.0,0.0,0.0,1.0,1.0,0.0,8.028333333333334,9.25,4,11,AUT*,NOR,Lando Norris,AUS,Australia,Австралия,#F7C900,Mercedes,#707070,100.0,0.0,0.0,0.0,94.0,94.0,2,3,1,1.0,3,2,3.0,3,9,9.25,
2024,2024110,2,12,Charles Leclerc,Ferrari,10.0,10,7,7,7,+13.424,2,16,LEC,6,5,#BA3B30,6-5,15,3,1.0,5.74,0.0,0.0,0.4144404332129964,10,0,0,5.0,10.0,0,0,0.0,0.0,23.0,100,0,0.0,0.0,0.0,7.0,3,3.0,0.0,3.0,1.0,69.959,01:09.959,0.084,0.069,0.015,4,3.70,7,1.70,1,2.00,11,1.50,2,1.0,1,3,5.40,4,3.50,2,0.0869565217391304,0.344,0.0149565217391314,8.63,10.00,8.07,5.50,9.9,6.75,5.69,5.50,5.50,1.0,0.637370753323486,0.0,0.4911746804625685,1.0,0.5882352941176471,1.0,0.6285714285714286,2.0,1.0,0.6564986737400531,6.0,6.0,2.0,1.0,0,0.0,0.0,0.0,1.0,0.0,1.0,0.0,0.0,0.0,0.0,0.0,0.0,0.0,0.0,0.0,0.0,8.336666666666668,8.90,4,11,AUT*,SAI,Carlos Sainz,MON,Monaco,Монако,#D80000,Ferrari,#DC0004,0.0,0.0,100.0,0.0,150.0,150.0,7,10,2,3.0,4,7,4.0,11,1,8.90,
2024,2024110,2,12,Nico Hulkenberg,Haas F1 Team,17.0,17,19,19,19,+48.423,0,27,HUL,25,7,#505050,25-7,11,3,1.0,2.42,0.0,0.0,0.3151041666666667,17,0,0,9.0,17.0,0,0,0.0,0.0,23.0,100,1,1.0,0.0,1.0,15.0,2,2.0,0.0,2.0,1.0,70.907,01:10.907,0.067,0.067,0.0,2,3.90,14,1.35,3,1.90,6,1.75,3,1.0,3,4,5.25,1,3.65,0,0.0,-,,9.46,8.50,3.79,7.75,,6.75,5.69,5.50,5.50,1.0,0.5641025641025642,0.0,0.3816717019133938,0.0,0.5,1.0,0.5849056603773585,19.0,0.0,,0.0,6.0,0.0,0.0,0,0.0,0.0,0.0,0.0,0.0,0.0,0.0,0.0,0.0,0.0,0.0,0.0,0.0,0.0,0.0,0.0,9.015,8.90,4,11,AUT*,MAG,Kevin Magnussen,GER,Germany,Германия,#000000,Ferrari,#DC0004,100.0,0.0,100.0,0.0,6.0,6.0,19,17,3,4.0,2,14,1.0,6,3,8.90,
2024,2024110,2,12,Lance Stroll,Aston Martin,12.0,12,10,10,10,+30.175,0,18,STR,10,4,#459A72,10-4,4,1,1.0,4.79,1.0,1.0,0.5257958287596048,12,0,0,6.0,12.0,0,0,1.0,1.0,23.0,100,1,1.0,0.0,1.0,11.0,1,1.0,0.0,1.0,1.0,70.64,01:10.640,0.096,0.038,0.058,6,3.50,10,1.55,5,1.80,5,1.80,4,1.0,5,7,5.05,2,3.60,5,0.217391304347826,1.162,0.0505217391304362,8.04,7.00,4.99,7.75,7.07,6.75,5.69,5.50,5.50,1.0,0.8893805309734513,1.0,0.6531413612565444,1.0,0.6363636363636364,1.0,0.8857142857142857,10.0,1.0,0.8760842627013631,0.0,21.0,0.0,0.0,0,0.0,0.0,0.0,0.0,0.0,0.0,0.0,0.0,0.0,0.0,0.0,0.0,0.0,0.0,0.0,0.0,7.818333333333332,8.65,4,11,AUT*,ALO,Fernando Alonso,CAN,Canada,Канада,#E30000,Mercedes,#707070,100.0,0.0,100.0,0.0,17.0,17.0,10,12,4,7.0,6,10,2.0,5,5,8.65,
2024,2024110,2,12,Max Verstappen,Red Bull Racing,1.0,1,1,1,1,26:41.389,8,1,VER,2,14,#1A4C82,2-14,16,2,1.0,10.0,1.0,1.0,0.5827505827505828,1,0,0,1.0,1.0,0,0,1.0,1.0,23.0,100,0,0.0,0.0,0.0,1.0,0,0.0,0.0,0.0,1.0,69.532,01:09.532,0.108,0.048,0.06,9,3.20,1,2.00,7,1.70,7,1.70,5,1.0,7,6,5.20,5,3.40,3,0.1304347826086956,1.264,0.0549565217391296,7.46,5.50,10.00,5.50,6.72,6.75,5.69,5.50,5.50,0.0,0.4797427652733119,1.0,0.5763688760806917,1.0,0.5789473684210527,1.0,0.5,11.0,0.0,0.4019138755980861,9.0,9.0,8.0,1.0,0,0.0,0.0,1.0,0.0,0.0,1.0,1.0,1.0,0.0,0.0,1.0,1.0,0.0,0.0,1.0,23.0,6.806666666666668,8.60,4,11,AUT*,PER,Sergio Perez,NLD,Netherlands,Нидерланды,#F75600,Honda,#DE0000,0.0,0.0,0.0,0.0,227.0,227.0,1,1,5,6.0,9,1,5.0,7,7,8.60,
2024,2024110,2,12,Sergio Perez,Red Bull Racing,7.0,7,8,8,8,+17.409,1,11,PER,5,14,#1A4C82,5-14,14,2,1.0,7.16,0.0,0.0,0.4172494172494173,7,0,0,4.0,7.0,0,0,0.0,0.0,23.0,100,0,0.0,0.0,0.0,8.0,-1,0.0,1.0,1.0,1.0,70.119,01:10.119,0.095,0.082,0.0129999999999999,5,3.60,8,1.65,15,1.30,9,1.60,6,1.0,15,5,5.25,14,2.90,1,0.0434782608695652,0.314,0.0136521739130431,8.09,4.00,7.35,5.50,10.0,6.75,5.69,5.50,5.50,1.0,0.5202572347266881,0.0,0.4236311239193083,0.0,0.4210526315789473,0.0,0.5,1.0,1.0,0.5980861244019139,9.0,9.0,1.0,0.0,0,0.0,0.0,0.0,0.0,0.0,0.0,0.0,0.0,0.0,0.0,0.0,0.0,0.0,0.0,0.0,0.0,6.976666666666667,8.15,4,11,AUT*,VER,Max Verstappen,MEX,Mexico,Мексика,#006640,Honda,#DE0000,0.0,0.0,0.0,100.0,112.0,112.0,8,7,6,5.0,5,8,14.0,9,15,8.15,
2024,2024110,2,12,Kevin Magnussen,Haas F1 Team,11.0,11,9,9,9,+24.067,0,20,MAG,22,7,#505050,22-7,6,3,1.0,5.26,1.0,1.0,0.6848958333333334,11,0,0,6.0,11.0,0,0,1.0,1.0,23.0,100,0,0.0,0.0,0.0,9.0,2,2.0,0.0,2.0,1.0,70.386,01:10.386,0.111,0.043,0.068,10,3.10,9,1.60,2,1.95,12,1.45,7,1.0,2,12,4.70,6,3.40,6,0.2608695652173913,1.512,0.0657391304347826,7.31,8.50,6.14,5.50,5.87,6.75,5.69,5.50,5.50,0.0,0.4358974358974359,1.0,0.6183282980866063,1.0,0.5,0.0,0.4150943396226415,12.0,1.0,1.0,0.0,6.0,0.0,0.0,0,0.0,0.0,0.0,0.0,0.0,0.0,0.0,0.0,0.0,0.0,0.0,0.0,0.0,0.0,0.0,0.0,7.206666666666666,8.10,4,11,AUT*,HUL,Nico Hulkenberg,DEN,Denmark,Дания,#D20019,Ferrari,#DC0004,0.0,0.0,100.0,0.0,1.0,1.0,9,11,7,12.0,10,9,6.0,12,2,8.10,
2024,2024110,2,12,Lewis Hamilton,Mercedes,6.0,6,6,6,6,+11.207,3,44,HAM,1,10,#0AA395,1-10,10,1,1.0,7.63,0.0,0.0,0.4706971005552128,6,0,0,3.0,6.0,0,0,0.0,0.0,23.0,100,0,0.0,0.0,0.0,6.0,0,0.0,0.0,0.0,1.0,69.891,01:09.891,0.112,0.087,0.025,11,3.00,5,1.80,10,1.55,8,1.65,8,1.0,10,10,4.80,9,3.20,2,0.0869565217391304,0.505,0.0219565217391302,7.26,5.50,8.38,5.50,9.34,6.75,5.69,5.50,5.50,1.0,0.5,0.0,0.4869262056943638,1.0,0.5789473684210527,0.0,0.4150943396226415,5.0,1.0,0.5324971493728621,8.0,21.0,14.0,0.0,0,0.0,0.0,0.0,0.0,0.0,0.0,0.0,0.0,0.0,0.0,0.0,0.0,0.0,0.0,0.0,0.0,6.673333333333333,8.00,4,11,AUT*,RUS,George Russell,GBR,Great Britain,Великобритания,#314486,Mercedes,#707070,0.0,0.0,0.0,0.0,73.0,73.0,6,6,8,10.0,11,5,9.0,8,10,8.00,
2024,2024110,2,12,George Russell,Mercedes,4.0,4,4,4,4,+8.354,5,63,RUS,14,10,#0AA395,14-10,10,1,1.0,8.58,1.0,1.0,0.5293028994447871,4,0,0,2.0,4.0,0,0,1.0,1.0,23.0,100,1,1.0,0.0,1.0,5.0,-1,0.0,1.0,1.0,1.0,69.791,01:09.791,0.112,0.072,0.04,12,2.90,4,1.85,14,1.35,4,1.85,9,1.0,14,11,4.75,8,3.20,1,0.0434782608695652,0.837,0.0363913043478262,7.26,4.00,8.83,7.75,8.2,6.75,5.69,5.50,5.50,0.0,0.5,1.0,0.5130737943056363,0.0,0.4210526315789473,1.0,0.5849056603773585,7.0,0.0,0.467502850627138,8.0,21.0,14.0,0.0,0,0.0,0.0,0.0,0.0,0.0,0.0,0.0,0.0,0.0,0.0,0.0,0.0,0.0,0.0,0.0,0.0,6.798333333333333,7.95,4,11,AUT*,HAM,Lewis Hamilton,GBR,Great Britain,Великобритания,#314486,Mercedes,#707070,100.0,0.0,0.0,100.0,86.0,86.0,4,4,9,11.0,12,4,8.0,4,14,7.95,
2024,2024110,2,12,Yuki Tsunoda,RB,14.0,14,13,13,13,+35.452,0,22,TSU,9,11,#476CBF,9-11,13,2,1.0,3.84,1.0,1.0,0.5705794947994056,14,0,0,7.0,14.0,0,0,1.0,1.0,23.0,100,0,0.0,0.0,0.0,13.0,1,1.0,0.0,1.0,1.0,70.82,01:10.820,0.102,0.074,0.0279999999999999,7,3.40,13,1.40,6,1.75,13,1.40,10,1.0,6,8,4.80,11,3.15,2,0.0869565217391304,0.703,0.0305652173913044,7.75,7.00,4.18,5.50,8.66,6.75,5.69,5.50,5.50,1.0,0.5563531945441493,1.0,0.5257861635220126,1.0,0.6363636363636364,0.0,0.3548387096774194,6.0,1.0,0.5484483850538315,0.0,9.0,0.0,0.0,0,0.0,0.0,0.0,0.0,0.0,0.0,0.0,0.0,0.0,0.0,0.0,0.0,0.0,0.0,0.0,0.0,7.25,7.95,4,11,AUT*,RIC,Daniel Ricciardo,JPN,Japan,Япония,#C60018,Honda,#DE0000,0.0,0.0,100.0,0.0,19.0,19.0,13,14,10,8.0,7,13,11.0,13,6,7.95,
2024,2024110,2,12,Esteban Ocon,Alpine,8.0,8,11,11,11,+30.839,0,31,OCO,13,3,#3494CC,13-3,9,4,1.0,6.68,1.0,1.0,0.5182311869666407,8,0,0,4.0,8.0,0,0,1.0,1.0,23.0,100,-1,0.0,1.0,1.0,10.0,-2,0.0,2.0,2.0,1.0,70.653,01:10.653,0.056,0.056,0.0,1,4.00,12,1.45,19,1.10,16,1.25,11,1.0,19,2,5.45,19,2.35,0,0.0,-,,10.00,2.50,4.94,3.25,,6.75,5.69,5.50,5.50,1.0,0.5649717514124294,0.0,0.5,1.0,0.7142857142857143,0.0,0.3714285714285714,20.0,0.0,,0.0,0.0,0.0,1.0,0,0.0,1.0,0.0,0.0,0.0,1.0,0.0,0.0,0.0,0.0,0.0,0.0,0.0,0.0,0.0,0.0,7.625,7.80,4,11,AUT*,GAS,Pierre Gasly,FRA,France,Франция,#004CA2,Renault,#FAEF00,0.0,100.0,0.0,100.0,3.0,3.0,11,8,11,2.0,1,12,19.0,16,19,7.80,
2024,2024110,2,12,Carlos Sainz,Ferrari,5.0,5,5,5,5,+9.989,4,55,SAI,8,5,#BA3B30,8-5,7,3,1.0,8.11,1.0,1.0,0.5855595667870036,5,0,0,3.0,5.0,0,0,1.0,1.0,23.0,100,-1,0.0,1.0,1.0,4.0,1,1.0,0.0,1.0,1.0,69.896,01:09.896,0.160,0.075,0.085,16,2.50,6,1.75,4,1.85,15,1.30,12,1.0,4,14,4.25,10,3.15,4,0.1739130434782608,1.712,0.0744347826086951,4.91,7.00,8.36,3.25,5.18,6.75,5.69,5.50,5.50,0.0,0.362629246676514,1.0,0.5088253195374315,0.0,0.4117647058823529,0.0,0.3714285714285714,15.0,0.0,0.3435013262599469,6.0,6.0,4.0,0.0,0,0.0,0.0,0.0,0.0,0.0,0.0,0.0,0.0,0.0,0.0,0.0,0.0,0.0,0.0,0.0,0.0,4.9816666666666665,7.40,4,11,AUT*,LEC,Charles Leclerc,ESP,Spain,Испания,#F7B800,Ferrari,#DC0004,0.0,100.0,100.0,0.0,120.0,120.0,5,5,12,14.0,16,6,10.0,15,4,7.40,
2024,2024110,2,12,Pierre Gasly,Alpine,9.0,9,12,12,12,+31.308,0,10,GAS,17,3,#3494CC,17-3,9,4,1.0,6.21,0.0,0.0,0.4817688130333591,9,0,0,5.0,9.0,0,0,0.0,0.0,23.0,100,0,0.0,0.0,0.0,12.0,-3,0.0,3.0,3.0,1.0,70.653,01:10.653,0.103,0.088,0.015,8,3.30,11,1.50,20,1.05,10,1.55,13,1.0,20,9,4.80,16,2.60,2,0.0869565217391304,0.416,0.0180869565217389,7.70,1.00,4.94,5.50,9.65,6.75,5.69,5.50,5.50,0.0,0.4350282485875706,1.0,0.5,0.0,0.2857142857142857,1.0,0.6285714285714286,3.0,1.0,1.0,0.0,0.0,0.0,0.0,0,0.0,0.0,0.0,0.0,0.0,0.0,0.0,0.0,0.0,0.0,0.0,0.0,0.0,0.0,0.0,0.0,6.216666666666666,7.40,4,11,AUT*,OCO,Esteban Ocon,FRA,France,Франция,#004CA2,Renault,#FAEF00,0.0,0.0,0.0,100.0,5.0,5.0,12,9,13,9.0,8,11,16.0,10,20,7.40,
2024,2024110,2,12,Alexander Albon,Williams,19.0,PLS,17,17,17,+44.673,0,23,ALB,24,18,#3C95C9,24-18,20,1,1.0,1.47,0.0,0.0,0.3037190082644628,PLS,0,1,,20.0,0,0,0.0,0.0,23.0,100,2,2.0,0.0,2.0,20.0,0,0.0,0.0,0.0,1.0,71.072,01:11.072,0.131,0.063,0.068,13,2.80,16,1.25,13,1.40,2,1.95,14,1.0,13,15,4.05,7,3.35,4,0.1739130434782608,1.562,0.0679130434782613,6.33,5.50,3.04,10.00,5.69,6.75,5.69,5.50,5.50,1.0,0.5396419437340153,1.0,0.532399299474606,1.0,0.5789473684210527,1.0,0.7547169811320755,13.0,1.0,0.5424213536701621,0.0,21.0,0.0,0.0,0,0.0,0.0,0.0,0.0,0.0,0.0,0.0,0.0,0.0,0.0,0.0,0.0,0.0,0.0,0.0,0.0,6.803333333333334,7.40,4,11,AUT*,SAR,Logan Sargeant,THA,Thailand,Таиланд,#2E2549,Mercedes,#707070,100.0,0.0,0.0,0.0,2.0,2.0,17,14,14,15.0,13,16,7.0,2,13,7.40,
2024,2024110,2,12,Lando Norris,McLaren,2.0,2,3,3,3,+5.348,6,4,NOR,4,9,#DE8E18,4-9,10,1,1.0,9.53,1.0,1.0,0.5129171151776103,2,0,0,1.0,2.0,0,0,0.0,0.0,23.0,100,-1,0.0,1.0,1.0,2.0,0,0.0,0.0,0.0,1.0,69.752,01:09.752,0.166,0.087,0.079,17,2.40,3,1.90,8,1.65,14,1.35,15,1.0,8,13,4.30,13,3.00,2,0.0869565217391304,1.653,0.0718695652173909,4.62,5.50,9.01,3.25,5.38,6.75,5.69,5.50,5.50,0.0,0.346067415730337,0.0,0.4910081743869209,1.0,0.5,0.0,0.2954545454545454,14.0,0.0,0.3586666666666666,13.0,21.0,14.0,0.0,0,0.0,0.0,0.0,0.0,0.0,0.0,0.0,0.0,0.0,1.0,1.0,0.0,1.0,0.0,1.0,0.0,4.538333333333333,7.30,4,11,AUT*,PIA,Oscar Piastri,GBR,Great Britain,Великобритания,#314486,Mercedes,#707070,0.0,100.0,0.0,0.0,156.0,156.0,3,2,15,13.0,17,3,13.0,14,8,7.30,
2024,2024110,2,12,Daniel Ricciardo,RB,16.0,16,14,14,14,+39.397,0,3,RIC,7,11,#476CBF,7-11,2,2,1.0,2.89,0.0,0.0,0.4294205052005943,16,0,0,8.0,16.0,0,0,0.0,0.0,23.0,100,2,2.0,0.0,2.0,17.0,-1,0.0,1.0,1.0,1.0,70.91,01:10.910,0.134,0.088,0.046,14,2.70,15,1.30,18,1.15,1,2.00,16,1.0,18,16,4.00,12,3.15,3,0.1304347826086956,1.147,0.0498695652173921,6.18,4.00,3.77,10.00,7.13,6.75,5.69,5.50,5.50,0.0,0.4436468054558506,0.0,0.4742138364779875,0.0,0.3636363636363636,1.0,0.6451612903225806,9.0,0.0,0.4515516149461684,0.0,9.0,7.0,1.0,0,0.0,0.0,0.0,0.0,1.0,1.0,0.0,0.0,0.0,0.0,0.0,0.0,0.0,0.0,0.0,0.0,6.453333333333333,7.15,4,11,AUT*,TSU,Yuki Tsunoda,AUS,Australia,Австралия,#F7C900,Honda,#DE0000,100.0,0.0,0.0,100.0,9.0,9.0,14,16,16,16.0,14,15,12.0,1,18,7.15,
2024,2024110,2,12,Logan Sargeant,Williams,15.0,15,16,16,16,+44.076,0,2,SAR,27,18,#3C95C9,27-18,21,1,1.0,3.37,1.0,1.0,0.6962809917355373,15,0,0,8.0,15.0,0,0,1.0,1.0,23.0,100,-1,0.0,1.0,1.0,16.0,-1,0.0,1.0,1.0,1.0,71.154,01:11.154,0.150,0.061,0.089,15,2.60,17,1.20,17,1.20,17,1.20,17,1.0,17,17,3.80,18,2.40,5,0.217391304347826,1.822,0.0792173913043479,5.40,4.00,2.67,3.25,4.8,6.75,5.69,5.50,5.50,0.0,0.4603580562659847,0.0,0.467600700525394,0.0,0.4210526315789473,0.0,0.2452830188679245,17.0,0.0,0.4575786463298379,0.0,21.0,0.0,0.0,0,0.0,0.0,0.0,0.0,0.0,0.0,0.0,0.0,0.0,0.0,0.0,0.0,0.0,0.0,0.0,0.0,4.808333333333334,6.20,4,11,AUT*,ALB,Alexander Albon,USA,USA,США,#071C63,Mercedes,#707070,0.0,100.0,0.0,100.0,0.0,0.0,16,15,17,17.0,15,17,18.0,17,17,6.20,
2024,2024110,2,12,Valtteri Bottas,Kick Sauber,18.0,18,18,18,18,+46.511,0,77,BOT,3,8,#64D064,3-8,8,3,1.0,1.95,1.0,1.0,0.6610169491525423,18,0,0,9.0,18.0,0,0,1.0,1.0,23.0,100,-1,0.0,1.0,1.0,18.0,0,0.0,0.0,0.0,1.0,71.237,01:11.237,0.167,0.129,0.038,18,2.30,19,1.10,11,1.50,18,1.15,18,1.0,11,18,3.40,15,2.65,2,0.0869565217391304,1.083,0.047086956521739,4.57,5.50,2.30,3.25,7.35,6.75,5.69,5.50,5.50,1.0,0.5134831460674157,1.0,0.6969696969696969,1.0,0.5,1.0,0.5,8.0,1.0,0.5884707766212971,0.0,6.0,0.0,0.0,0,0.0,0.0,0.0,0.0,0.0,0.0,0.0,0.0,0.0,0.0,0.0,0.0,0.0,0.0,0.0,0.0,4.505,6.05,4,11,AUT*,ZHO,Guanyu Zhou,FIN,Finland,Финляндия,#04276B,Ferrari,#DC0004,0.0,100.0,0.0,0.0,0.0,0.0,18,18,18,18.0,18,19,15.0,18,11,6.05,
2024,2024110,2,12,Guanyu Zhou,Kick Sauber,20.0,19,20,20,20,,0,24,ZHO,23,8,#64D064,23-8,5,3,1.0,1.0,0.0,0.0,0.3389830508474576,19,0,0,10.0,19.0,0,0,0.0,0.0,23.0,100,-1,0.0,1.0,1.0,19.0,0,0.0,0.0,0.0,1.0,71.524,01:11.524,0.172,0.089,0.0829999999999999,19,2.20,20,1.05,12,1.45,19,1.10,19,1.0,12,19,3.25,17,2.55,1,0.0434782608695652,1.723,0.0749130434782608,4.33,5.50,1.00,3.25,5.14,6.75,5.69,5.50,5.50,0.0,0.4865168539325842,0.0,0.303030303030303,0.0,0.5,0.0,0.5,16.0,0.0,0.411529223378703,0.0,6.0,0.0,0.0,0,0.0,0.0,0.0,0.0,0.0,0.0,0.0,0.0,0.0,0.0,0.0,0.0,0.0,0.0,0.0,0.0,4.345,5.80,4,11,AUT*,BOT,Valtteri Bottas,CHN,China,Китай,#F70000,Ferrari,#DC0004,0.0,100.0,0.0,0.0,0.0,0.0,20,19,19,19.0,19,20,17.0,19,12,5.80,
2024,2024110,2,12,Fernando Alonso,Aston Martin,13.0,13,15,15,15,+43.155,0,14,ALO,19,4,#459A72,19-4,7,1,1.0,4.32,0.0,0.0,0.4742041712403952,13,0,0,7.0,13.0,0,0,0.0,0.0,23.0,100,-2,0.0,2.0,2.0,14.0,-1,0.0,1.0,1.0,1.0,71.158,01:11.158,0.240,0.104,0.136,20,2.10,18,1.15,16,1.25,20,1.05,20,1.0,16,20,3.25,20,2.30,4,0.1739130434782608,2.923,0.1270869565217392,1.00,4.00,2.65,1.00,1.0,6.75,5.69,5.50,5.50,0.0,0.1106194690265486,0.0,0.3468586387434554,0.0,0.3636363636363636,0.0,0.1142857142857142,18.0,0.0,0.1239157372986369,0.0,21.0,4.0,0.0,0,0.0,0.0,0.0,0.0,0.0,0.0,0.0,0.0,0.0,0.0,0.0,0.0,0.0,0.0,0.0,0.0,1.5,5.55,4,11,AUT*,STR,Lance Stroll,ESP,Spain,Испания,#F7B800,Mercedes,#707070,0.0,100.0,0.0,100.0,41.0,41.0,15,13,20,20.0,20,18,20.0,20,16,5.55,
2024,2024111,2,13,George Russell,Mercedes,3.0,3,1,1,1,1:24:22.798,25,63,RUS,14,10,#0AA395,14-10,10,1,1.0,9.05,1.0,1.0,0.5273892773892774,3,0,0,2.0,3.0,0,0,1.0,1.0,71.0,100,0,0.0,0.0,0.0,3.0,0,0.0,0.0,0.0,1.0,70.425,01:10.425,0.127,0.076,0.051,2,3.90,3,1.90,10,1.55,10,1.55,1,1.0,10,1,5.80,9,3.10,9,0.1267605633802817,3.235,0.0455633802816887,10.00,7.00,8.43,7.60,9.53,7.98,5.34,7.00,7.60,1.0,0.508646998982706,1.0,0.5407312379730597,0.0,0.4117647058823529,1.0,0.5428571428571428,5.0,1.0,0.5093532870122929,37.0,55.0,37.0,1.0,0,1.0,0.0,0.0,0.0,0.0,1.0,0.0,1.0,0.0,0.0,1.0,0.0,0.0,1.0,1.0,8.0,9.1,8.90,3,11,AUT,HAM,Lewis Hamilton,GBR,Great Britain,Великобритания,#314486,Mercedes,#707070,0.0,0.0,0.0,0.0,111.0,111.0,1,3,1,1.0,2,3,9.0,10,10,8.90,
2024,2024111,2,13,Pierre Gasly,Alpine,13.0,13,10,10,10,+1:01.766,1,10,GAS,17,3,#3494CC,17-3,9,4,1.0,4.32,0.0,0.0,0.4294234592445328,13,0,0,7.0,13.0,0,0,1.0,1.0,71.0,100,4,4.0,0.0,4.0,11.0,1,1.0,0.0,1.0,1.0,71.26,01:11.260,0.134,0.090,0.044,4,3.70,12,1.45,5,1.80,2,1.95,2,1.0,5,5,5.15,2,3.75,7,0.0985915492957746,2.789,0.0392816901408456,9.76,10.00,4.58,10.00,9.87,7.98,5.34,7.00,7.60,1.0,0.5526613816534541,1.0,0.527042577675489,0.0,0.5,1.0,0.5882352941176471,2.0,1.0,0.5585738539898133,1.0,1.0,1.0,0.0,0,0.0,0.0,0.0,0.0,0.0,0.0,0.0,0.0,0.0,0.0,0.0,0.0,0.0,0.0,0.0,0.0,9.84,8.90,3,11,AUT,OCO,Esteban Ocon,FRA,France,Франция,#004CA2,Renault,#FAEF00,100.0,0.0,100.0,0.0,6.0,6.0,10,13,2,5.0,4,12,2.0,2,5,8.90,
2024,2024111,2,13,Oscar Piastri,McLaren,7.0,7,2,2,2,+1.906,18,81,PIA,28,9,#DE8E18,28-9,2,1,1.0,7.16,0.0,0.0,0.4289994008388257,7,0,0,4.0,7.0,0,0,1.0,1.0,71.0,100,3,3.0,0.0,3.0,7.0,-1,0.0,1.0,1.0,1.0,70.461,01:10.461,0.130,0.079,0.051,3,3.80,4,1.85,16,1.25,3,1.90,3,1.0,16,2,5.65,8,3.15,8,0.1126760563380281,3.371,0.0474788732394379,9.90,4.00,8.26,9.40,9.43,7.98,5.34,7.00,7.60,1.0,0.55,0.0,0.471730439748715,0.0,0.3636363636363636,1.0,0.5529411764705883,6.0,1.0,0.552431165787932,18.0,55.0,20.0,0.0,0,0.0,0.0,0.0,0.0,0.0,0.0,0.0,0.0,1.0,0.0,1.0,0.0,0.0,0.0,0.0,1.0,8.833333333333334,8.80,3,11,AUT,NOR,Lando Norris,AUS,Australia,Австралия,#F7C900,Mercedes,#707070,100.0,0.0,0.0,100.0,112.0,112.0,2,7,3,2.0,3,4,8.0,3,16,8.80,
2024,2024111,2,13,Sergio Perez,Red Bull Racing,8.0,8,7,7,7,+54.672,6,11,PER,5,14,#1A4C82,5-14,14,2,1.0,6.68,0.0,0.0,0.4004796163069544,8,0,0,4.0,8.0,0,0,0.0,0.0,71.0,100,3,4.0,1.0,5.0,6.0,1,1.0,0.0,1.0,1.0,71.064,01:11.064,0.156,0.112,0.044,9,3.20,8,1.65,2,1.95,4,1.85,4,1.0,2,9,4.85,1,3.80,8,0.1126760563380281,2.834,0.0399154929577473,9.00,10.00,5.48,9.40,9.83,7.98,5.34,7.00,7.60,1.0,0.5369928400954654,0.0,0.3540051679586563,1.0,0.5882352941176471,1.0,0.5529411764705883,4.0,1.0,0.5392210641799232,16.0,18.0,6.0,0.0,0,0.0,0.0,0.0,0.0,0.0,0.0,0.0,0.0,0.0,0.0,0.0,0.0,0.0,0.0,0.0,0.0,9.233333333333333,8.65,3,11,AUT,VER,Max Verstappen,MEX,Mexico,Мексика,#006640,Honda,#DE0000,80.0,20.0,100.0,0.0,118.0,118.0,7,8,4,9.0,9,8,1.0,4,2,8.65,
2024,2024111,2,13,Charles Leclerc,Ferrari,6.0,6,11,11,11,+1:07.056,0,16,LEC,6,5,#BA3B30,6-5,15,3,1.0,7.63,0.0,0.0,0.4706971005552128,6,0,0,3.0,6.0,0,0,0.0,0.0,71.0,100,4,6.0,2.0,8.0,18.0,0,0.0,0.0,0.0,1.0,70.567,01:10.567,0.175,0.113,0.0619999999999999,10,3.10,6,1.75,11,1.50,1,2.00,5,1.0,11,10,4.85,3,3.50,8,0.1126760563380281,4.028,0.0567323943661974,8.34,7.00,7.77,10.00,8.94,7.98,5.34,7.00,7.60,0.0,0.4625623960066555,0.0,0.4880653266331658,1.0,0.6363636363636364,1.0,0.5681818181818181,10.0,0.0,0.4720168954593453,15.0,27.0,0.0,1.0,0,0.0,0.0,0.0,0.0,1.0,1.0,0.0,0.0,0.0,0.0,0.0,0.0,0.0,0.0,0.0,0.0,8.393333333333333,8.35,3,11,AUT,SAI,Carlos Sainz,MON,Monaco,Монако,#D80000,Ferrari,#DC0004,75.0,25.0,0.0,0.0,150.0,150.0,11,6,5,10.0,10,6,3.0,1,11,8.35,
2024,2024111,2,13,Lewis Hamilton,Mercedes,5.0,5,4,4,4,+23.142,12,44,HAM,1,10,#0AA395,1-10,10,1,1.0,8.11,0.0,0.0,0.4726107226107225,5,0,0,3.0,5.0,0,0,0.0,0.0,71.0,100,-2,0.0,2.0,2.0,4.0,1,1.0,0.0,1.0,1.0,70.7,01:10.700,0.137,0.077,0.06,7,3.40,7,1.70,1,2.00,17,1.20,6,1.0,1,7,5.10,6,3.20,6,0.0845070422535211,3.710,0.052253521126761,9.66,10.00,7.16,6.40,9.18,7.98,5.34,7.00,7.60,0.0,0.491353001017294,0.0,0.4592687620269403,1.0,0.5882352941176471,0.0,0.4571428571428572,9.0,0.0,0.490646712987707,37.0,55.0,37.0,1.0,0,0.0,0.0,0.0,1.0,0.0,1.0,0.0,0.0,0.0,0.0,0.0,0.0,0.0,0.0,0.0,0.0,9.173333333333334,8.30,3,11,AUT,RUS,George Russell,GBR,Great Britain,Великобритания,#314486,Mercedes,#707070,0.0,100.0,100.0,0.0,85.0,85.0,4,5,6,7.0,7,7,6.0,17,1,8.30,
2024,2024111,2,13,Carlos Sainz,Ferrari,4.0,4,3,3,3,+4.533,15,55,SAI,8,5,#BA3B30,8-5,7,3,1.0,8.58,1.0,1.0,0.5293028994447871,4,0,0,2.0,4.0,0,0,1.0,1.0,71.0,100,0,1.0,1.0,2.0,5.0,-1,0.0,1.0,1.0,1.0,70.484,01:10.484,0.136,0.096,0.04,6,3.50,5,1.80,15,1.30,11,1.50,7,1.0,15,4,5.30,15,2.80,8,0.1126760563380281,2.608,0.036732394366198,9.69,4.00,8.15,7.60,10.0,7.98,5.34,7.00,7.60,1.0,0.5374376039933444,1.0,0.5119346733668342,0.0,0.3636363636363636,0.0,0.4318181818181817,1.0,1.0,0.5279831045406548,15.0,27.0,15.0,0.0,0,0.0,0.0,0.0,0.0,0.0,0.0,0.0,0.0,0.0,1.0,1.0,0.0,0.0,0.0,0.0,0.0,8.393333333333333,8.10,3,11,AUT,LEC,Charles Leclerc,ESP,Spain,Испания,#F7B800,Ferrari,#DC0004,50.0,50.0,0.0,100.0,135.0,135.0,3,4,7,4.0,6,5,15.0,11,15,8.10,
2024,2024111,2,13,Kevin Magnussen,Haas F1 Team,12.0,12,8,8,8,+1:00.355,4,20,MAG,22,7,#505050,22-7,6,3,1.0,4.79,0.0,0.0,0.4354545454545455,12,0,0,6.0,12.0,0,0,0.0,0.0,71.0,100,-2,1.0,3.0,4.0,10.0,1,1.0,0.0,1.0,1.0,71.254,01:11.254,0.135,0.080,0.055,5,3.60,11,1.50,4,1.85,18,1.15,8,1.0,4,6,5.10,12,3.00,8,0.1126760563380281,3.703,0.052154929577466,9.72,10.00,4.61,6.40,9.18,7.98,5.34,7.00,7.60,1.0,0.5070422535211268,0.0,0.4728205128205128,1.0,0.7142857142857143,0.0,0.4210526315789473,8.0,0.0,0.4826498422712933,12.0,27.0,4.0,0.0,0,0.0,0.0,0.0,0.0,0.0,0.0,0.0,0.0,0.0,0.0,0.0,0.0,0.0,0.0,0.0,0.0,9.213333333333331,8.10,3,11,AUT,HUL,Nico Hulkenberg,DEN,Denmark,Дания,#D20019,Ferrari,#DC0004,25.0,75.0,100.0,0.0,5.0,5.0,8,12,8,6.0,5,11,12.0,18,4,8.10,
2024,2024111,2,13,Lando Norris,McLaren,2.0,2,20,20,20,+7 Laps,0,4,NOR,4,9,#DE8E18,4-9,10,1,1.0,9.53,1.0,1.0,0.5710005991611744,2,0,0,1.0,2.0,0,0,0.0,0.0,64.0,90,0,0.0,0.0,0.0,2.0,0,0.0,0.0,0.0,1.0,70.245,01:10.245,0.182,0.092,0.09,12,2.90,2,1.95,9,1.60,9,1.60,9,1.0,9,11,4.85,5,3.20,8,0.125,5.208,0.0813749999999995,8.10,7.00,9.25,7.60,7.64,7.98,5.34,7.00,7.60,0.0,0.4499999999999999,1.0,0.528269560251285,1.0,0.6363636363636364,0.0,0.4470588235294117,14.0,0.0,0.4475688342120679,18.0,55.0,37.0,0.0,0,0.0,0.0,0.0,0.0,0.0,0.0,0.0,0.0,0.0,0.0,0.0,0.0,1.0,0.0,1.0,0.0,7.833333333333333,8.05,3,11,AUT,PIA,Oscar Piastri,GBR,Great Britain,Великобритания,#314486,Mercedes,#707070,0.0,0.0,0.0,0.0,156.0,156.0,20,2,9,11.0,12,2,5.0,9,9,8.05,
2024,2024111,2,13,Daniel Ricciardo,RB,11.0,11,9,9,9,+1:01.169,2,3,RIC,7,11,#476CBF,7-11,2,2,1.0,5.26,1.0,1.0,0.578021978021978,11,0,0,6.0,11.0,0,0,1.0,1.0,71.0,100,0,1.0,1.0,2.0,12.0,-2,0.0,2.0,2.0,1.0,71.253,01:11.253,0.127,0.077,0.05,1,4.00,10,1.55,20,1.05,12,1.45,10,1.0,20,3,5.55,19,2.50,7,0.0985915492957746,3.471,0.048887323943662,10.00,1.00,4.61,7.60,9.36,7.98,5.34,7.00,7.60,1.0,0.5834305717619603,1.0,0.57625,0.0,0.2,0.0,0.4634146341463415,7.0,1.0,0.6290322580645161,2.0,18.0,20.0,1.0,0,0.0,1.0,0.0,0.0,0.0,1.0,0.0,0.0,0.0,0.0,0.0,0.0,0.0,0.0,0.0,0.0,8.1,8.05,3,11,AUT,TSU,Yuki Tsunoda,AUS,Australia,Австралия,#F7C900,Honda,#DE0000,50.0,50.0,0.0,100.0,11.0,11.0,9,11,10,3.0,1,10,19.0,12,20,8.05,
2024,2024111,2,13,Max Verstappen,Red Bull Racing,1.0,1,5,5,5,+37.253,10,1,VER,2,14,#1A4C82,2-14,16,2,1.0,10.0,1.0,1.0,0.5995203836930456,1,0,0,1.0,1.0,0,0,1.0,1.0,71.0,100,0,0.0,0.0,0.0,1.0,0,0.0,0.0,0.0,1.0,70.083,01:10.083,0.192,0.123,0.069,14,2.70,1,2.00,8,1.65,8,1.65,11,1.0,8,12,4.70,4,3.30,11,0.1549295774647887,4.762,0.0670704225352104,7.76,7.00,10.00,7.60,8.4,7.98,5.34,7.00,7.60,0.0,0.4630071599045346,1.0,0.6459948320413437,0.0,0.4117647058823529,0.0,0.4470588235294117,11.0,0.0,0.4607789358200768,16.0,18.0,10.0,1.0,0,0.0,0.0,1.0,0.0,0.0,1.0,0.0,0.0,0.0,0.0,0.0,1.0,0.0,0.0,1.0,62.0,7.606666666666666,8.00,3,11,AUT,PER,Sergio Perez,NLD,Netherlands,Нидерланды,#F75600,Honda,#DE0000,0.0,0.0,0.0,0.0,237.0,237.0,5,1,11,12.0,14,1,4.0,8,8,8.00,
2024,2024111,2,13,Nico Hulkenberg,Haas F1 Team,9.0,9,6,6,6,+54.088,8,27,HUL,25,7,#505050,25-7,11,3,1.0,6.21,1.0,1.0,0.5645454545454546,9,0,0,5.0,9.0,0,0,1.0,1.0,71.0,100,2,3.0,1.0,4.0,9.0,-1,0.0,1.0,1.0,1.0,71.139,01:11.139,0.143,0.099,0.0439999999999999,8,3.30,9,1.60,17,1.20,5,1.80,12,1.0,17,8,4.90,11,3.00,7,0.0985915492957746,2.818,0.0396901408450709,9.45,4.00,5.14,8.80,9.84,7.98,5.34,7.00,7.60,0.0,0.4929577464788731,1.0,0.5271794871794871,0.0,0.2857142857142857,1.0,0.5789473684210527,3.0,1.0,0.5173501577287066,12.0,27.0,8.0,0.0,0,0.0,0.0,0.0,0.0,0.0,0.0,0.0,0.0,0.0,0.0,0.0,0.0,0.0,0.0,0.0,0.0,8.433333333333332,7.90,3,11,AUT,MAG,Kevin Magnussen,GER,Germany,Германия,#000000,Ferrari,#DC0004,75.0,25.0,0.0,100.0,14.0,14.0,6,9,12,8.0,8,9,11.0,5,17,7.90,
2024,2024111,2,13,Esteban Ocon,Alpine,10.0,10,12,12,12,+1:08.325,0,31,OCO,13,3,#3494CC,13-3,9,4,1.0,5.74,1.0,1.0,0.5705765407554672,10,0,0,5.0,10.0,0,0,0.0,0.0,71.0,100,-1,2.0,3.0,5.0,8.0,1,1.0,0.0,1.0,1.0,71.363,01:11.363,0.188,0.104,0.084,13,2.80,13,1.40,3,1.90,15,1.30,13,1.0,3,13,4.20,7,3.20,7,0.0985915492957746,5.556,0.0782535211267611,7.90,10.00,4.11,7.00,7.8,7.98,5.34,7.00,7.60,0.0,0.4473386183465458,0.0,0.4729574223245109,1.0,0.5,0.0,0.4117647058823529,13.0,0.0,0.4414261460101868,1.0,1.0,1.0,0.0,0,0.0,0.0,0.0,0.0,0.0,0.0,0.0,0.0,0.0,0.0,0.0,0.0,0.0,0.0,0.0,0.0,8.1,7.40,3,11,AUT,GAS,Pierre Gasly,FRA,France,Франция,#004CA2,Renault,#FAEF00,40.0,60.0,100.0,0.0,3.0,3.0,12,10,13,13.0,13,13,7.0,15,3,7.40,
2024,2024111,2,13,Valtteri Bottas,Kick Sauber,18.0,18,16,16,16,+1 Lap,0,77,BOT,3,8,#64D064,3-8,8,3,1.0,1.95,1.0,1.0,0.6610169491525423,18,0,0,9.0,18.0,0,0,1.0,1.0,70.0,99,0,1.0,1.0,2.0,16.0,1,1.0,0.0,1.0,1.0,71.609,01:11.609,0.179,0.108,0.071,11,3.00,18,1.15,7,1.70,13,1.40,14,1.0,7,14,4.15,10,3.10,7,0.1,5.447,0.0778142857142865,8.21,10.00,2.97,7.60,7.83,7.98,5.34,7.00,7.60,1.0,0.7304270462633452,1.0,0.6796338672768879,1.0,0.5882352941176471,1.0,0.8837209302325582,12.0,1.0,0.6613175675675675,0.0,27.0,0.0,0.0,0,0.0,0.0,0.0,0.0,0.0,0.0,0.0,0.0,0.0,0.0,0.0,0.0,0.0,0.0,0.0,0.0,8.406666666666668,7.25,3,11,AUT,ZHO,Guanyu Zhou,FIN,Finland,Финляндия,#04276B,Ferrari,#DC0004,50.0,50.0,100.0,0.0,0.0,0.0,16,18,14,14.0,11,18,10.0,13,7,7.25,
2024,2024111,2,13,Fernando Alonso,Aston Martin,15.0,15,18,18,18,+1 Lap,0,14,ALO,19,4,#459A72,19-4,7,1,1.0,3.37,1.0,1.0,0.5820379965457686,15,0,0,8.0,15.0,0,0,0.0,0.0,70.0,99,-1,2.0,3.0,5.0,13.0,1,1.0,0.0,1.0,1.0,71.474,01:11.474,0.230,0.132,0.098,18,2.30,14,1.35,6,1.75,16,1.25,15,1.0,6,18,3.65,13,3.00,9,0.1285714285714285,6.050,0.0864285714285724,6.45,10.00,3.60,7.00,7.37,7.98,5.34,7.00,7.60,0.0,0.4663774403470715,1.0,0.5135520684736091,1.0,0.7142857142857143,0.0,0.4430379746835443,15.0,1.0,0.5286944045911047,0.0,55.0,15.0,0.0,0,0.0,0.0,0.0,0.0,0.0,0.0,1.0,0.0,0.0,0.0,0.0,0.0,0.0,0.0,0.0,0.0,7.133333333333333,6.65,3,11,AUT,STR,Lance Stroll,ESP,Spain,Испания,#F7B800,Mercedes,#707070,40.0,60.0,100.0,0.0,41.0,41.0,18,15,15,18.0,18,14,13.0,16,6,6.65,
2024,2024111,2,13,Lance Stroll,Aston Martin,17.0,17,13,13,13,+1 Lap,0,18,STR,10,4,#459A72,10-4,4,1,1.0,2.42,0.0,0.0,0.4179620034542314,17,0,0,9.0,17.0,0,0,1.0,1.0,70.0,99,2,3.0,1.0,4.0,17.0,-1,0.0,1.0,1.0,1.0,71.515,01:11.515,0.203,0.101,0.102,15,2.60,16,1.25,19,1.10,7,1.70,16,1.0,19,15,3.85,16,2.80,9,0.1285714285714285,7.116,0.1016571428571426,7.38,4.00,3.41,8.80,6.57,7.98,5.34,7.00,7.60,1.0,0.5336225596529284,0.0,0.4864479315263909,0.0,0.2857142857142857,1.0,0.5569620253164557,17.0,0.0,0.4713055954088952,0.0,55.0,0.0,0.0,0,0.0,0.0,0.0,0.0,0.0,0.0,0.0,0.0,0.0,0.0,0.0,0.0,0.0,0.0,0.0,0.0,7.053333333333334,6.65,3,11,AUT,ALO,Fernando Alonso,CAN,Canada,Канада,#E30000,Mercedes,#707070,75.0,25.0,0.0,100.0,17.0,17.0,13,17,16,15.0,15,16,16.0,7,19,6.65,
2024,2024111,2,13,Yuki Tsunoda,RB,14.0,14,14,14,14,+1 Lap,0,22,TSU,9,11,#476CBF,9-11,13,2,1.0,3.84,0.0,0.0,0.421978021978022,14,0,0,7.0,14.0,0,0,0.0,0.0,70.0,99,2,3.0,1.0,4.0,14.0,-1,0.0,1.0,1.0,1.0,71.518,01:11.518,0.210,0.067,0.143,16,2.50,17,1.20,18,1.15,6,1.75,17,1.0,18,17,3.70,14,2.90,6,0.0857142857142857,8.506,0.1215142857142853,7.14,4.00,3.39,8.80,5.52,7.98,5.34,7.00,7.60,0.0,0.4165694282380396,0.0,0.42375,1.0,0.8,1.0,0.5365853658536587,18.0,0.0,0.3709677419354839,2.0,18.0,0.0,0.0,0,0.0,0.0,0.0,0.0,0.0,0.0,0.0,0.0,0.0,0.0,0.0,0.0,0.0,0.0,0.0,0.0,6.8933333333333335,6.60,3,11,AUT,RIC,Daniel Ricciardo,JPN,Japan,Япония,#C60018,Honda,#DE0000,75.0,25.0,0.0,100.0,19.0,19.0,14,14,17,17.0,16,17,14.0,6,18,6.60,
2024,2024111,2,13,Alexander Albon,Williams,16.0,16,15,15,15,+1 Lap,0,23,ALB,24,18,#3C95C9,24-18,20,1,1.0,2.89,1.0,1.0,0.6628440366972477,16,0,0,8.0,16.0,0,0,1.0,1.0,70.0,99,-3,2.0,5.0,7.0,15.0,0,0.0,0.0,0.0,1.0,71.495,01:11.495,0.212,0.127,0.0849999999999999,17,2.40,15,1.30,12,1.45,19,1.10,18,1.0,12,16,3.70,18,2.55,7,0.1,6.262,0.0894571428571428,7.07,7.00,3.50,5.80,7.21,7.98,5.34,7.00,7.60,1.0,0.8760842627013631,1.0,0.7777777777777778,1.0,0.5,0.0,0.4328358208955224,16.0,1.0,0.8781973203410474,0.0,55.0,0.0,0.0,0,0.0,0.0,0.0,0.0,0.0,0.0,0.0,0.0,0.0,0.0,0.0,0.0,0.0,0.0,0.0,0.0,6.846666666666667,6.25,3,11,AUT,SAR,Logan Sargeant,THA,Thailand,Таиланд,#2E2549,Mercedes,#707070,29.0,71.0,0.0,0.0,2.0,2.0,15,16,18,16.0,17,15,18.0,19,12,6.25,
2024,2024111,2,13,Logan Sargeant,Williams,19.0,19,19,19,19,+2 Laps,0,2,SAR,27,18,#3C95C9,27-18,21,1,1.0,1.47,0.0,0.0,0.3371559633027522,19,0,0,10.0,19.0,0,0,0.0,0.0,69.0,97,0,0.0,0.0,0.0,20.0,0,0.0,0.0,0.0,1.0,72.038,01:12.038,0.388,0.163,0.225,20,2.10,20,1.05,13,1.40,14,1.35,19,1.0,13,20,3.15,17,2.75,8,0.1159420289855072,14.280,0.20695652173913,1.00,7.00,1.00,7.60,1.0,7.98,5.34,7.00,7.60,0.0,0.1239157372986369,0.0,0.2222222222222222,0.0,0.5,1.0,0.5671641791044777,20.0,0.0,0.1218026796589524,0.0,55.0,0.0,0.0,0,0.0,0.0,0.0,0.0,0.0,0.0,0.0,0.0,0.0,0.0,0.0,0.0,0.0,0.0,0.0,0.0,3.1,5.90,3,11,AUT,ALB,Alexander Albon,USA,USA,США,#071C63,Mercedes,#707070,0.0,0.0,0.0,0.0,0.0,0.0,19,19,19,20.0,20,20,17.0,14,13,5.90,
2024,2024111,2,13,Guanyu Zhou,Kick Sauber,20.0,20,17,17,17,+1 Lap,0,24,ZHO,23,8,#64D064,23-8,5,3,1.0,1.0,0.0,0.0,0.3389830508474576,20,0,0,10.0,20.0,0,0,0.0,0.0,70.0,99,-11,0.0,11.0,11.0,19.0,0,0.0,0.0,0.0,1.0,71.952,01:11.952,0.329,0.155,0.174,19,2.20,19,1.10,14,1.35,20,1.05,20,1.0,14,19,3.30,20,2.40,7,0.1,10.506,0.1500857142857138,3.03,7.00,1.40,1.00,4.01,7.98,5.34,7.00,7.60,0.0,0.2695729537366548,0.0,0.3203661327231121,0.0,0.4117647058823529,0.0,0.1162790697674418,19.0,0.0,0.3386824324324324,0.0,27.0,0.0,0.0,0,0.0,0.0,0.0,0.0,0.0,0.0,0.0,0.0,0.0,0.0,0.0,0.0,0.0,0.0,0.0,0.0,3.353333333333333,5.70,3,11,AUT,BOT,Valtteri Bottas,CHN,China,Китай,#F70000,Ferrari,#DC0004,0.0,100.0,0.0,0.0,0.0,0.0,17,20,20,19.0,19,19,20.0,20,14,5.70,
2024,2024121,2,14,Max Verstappen,Red Bull Racing,4.0,4,2,2,2,+1.465,18,1,VER,2,14,#1A4C82,2-14,16,2,1.0,8.58,1.0,1.0,0.853731343283582,4,0,0,2.0,4.0,0,0,1.0,1.0,52.0,100,-1,1.0,2.0,3.0,3.0,1,1.0,0.0,1.0,1.0,94.024,01:34.024,0.454,0.314,0.14,3,3.80,3,1.90,4,1.85,12,1.45,1,1.0,4,2,5.70,4,3.30,3,0.0576923076923076,6.555,0.1260576923076924,9.25,7.00,9.68,5.00,5.86,6.10,6.73,5.50,6.00,1.0,0.7088122605363985,1.0,0.7750200160128102,1.0,0.56,0.0,0.3333333333333333,5.0,0.0,0.4246376811594203,18.0,19.0,18.0,1.0,0,1.0,0.0,0.0,0.0,0.0,1.0,0.0,0.0,1.0,0.0,1.0,0.0,0.0,0.0,0.0,0.0,8.166666666666666,9.00,10,12,GBR,PER,Sergio Perez,NLD,Netherlands,Нидерланды,#F75600,Honda,#DE0000,33.0,67.0,100.0,0.0,255.0,255.0,2,4,1,2.0,3,3,4.0,12,4,9.00,
2024,2024121,2,14,Carlos Sainz,Ferrari,7.0,7,5,5,5,+47.318,11,55,SAI,8,5,#BA3B30,8-5,7,3,1.0,7.16,1.0,1.0,0.5764895330112721,7,0,0,4.0,7.0,0,0,1.0,1.0,52.0,100,-1,0.0,1.0,1.0,6.0,1,1.0,0.0,1.0,1.0,94.628,01:34.628,0.422,0.263,0.1589999999999999,1,4.00,6,1.75,5,1.80,13,1.40,2,1.0,5,1,5.75,8,3.20,3,0.0576923076923076,6.471,0.1244423076923077,10.00,7.00,8.24,5.00,5.93,6.10,6.73,5.50,6.00,1.0,0.513874614594039,1.0,0.613095238095238,0.0,0.4117647058823529,0.0,0.4166666666666667,4.0,0.0,0.3722536095417451,11.0,19.0,15.0,1.0,0,0.0,1.0,0.0,0.0,0.0,1.0,1.0,0.0,0.0,0.0,0.0,0.0,0.0,0.0,0.0,0.0,8.666666666666666,8.95,10,12,GBR,LEC,Charles Leclerc,ESP,Spain,Испания,#F7B800,Ferrari,#DC0004,0.0,100.0,100.0,0.0,146.0,146.0,5,7,2,1.0,1,6,8.0,13,5,8.95,
2024,2024121,2,14,Charles Leclerc,Ferrari,11.0,11,14,14,14,+1 Lap,0,16,LEC,6,5,#BA3B30,6-5,15,3,1.0,5.26,0.0,0.0,0.4235104669887278,11,0,0,6.0,11.0,0,0,0.0,0.0,51.0,98,1,2.0,1.0,3.0,8.0,3,3.0,0.0,3.0,1.0,95.899,01:35.899,0.445,0.421,0.024,2,3.90,15,1.30,1,2.00,7,1.70,3,1.0,1,5,5.20,1,3.70,3,0.0588235294117647,1.658,0.0325098039215689,9.46,10.00,5.20,7.00,10.0,6.10,6.73,5.50,6.00,0.0,0.4861253854059609,0.0,0.3869047619047618,1.0,0.5882352941176471,1.0,0.5833333333333334,1.0,1.0,0.6277463904582549,11.0,19.0,0.0,1.0,0,0.0,0.0,0.0,1.0,0.0,1.0,0.0,0.0,0.0,0.0,0.0,0.0,0.0,0.0,0.0,0.0,9.14,8.90,10,12,GBR,SAI,Carlos Sainz,MON,Monaco,Монако,#D80000,Ferrari,#DC0004,67.0,33.0,100.0,0.0,150.0,150.0,14,11,3,5.0,2,15,1.0,7,1,8.90,
2024,2024121,2,14,Lewis Hamilton,Mercedes,2.0,2,1,1,1,1:22:27.059,25,44,HAM,1,10,#0AA395,1-10,10,1,1.0,9.53,0.0,0.0,0.4879672299027137,2,0,0,1.0,2.0,0,0,1.0,,52.0,100,0,2.0,2.0,4.0,2.0,0,0.0,0.0,0.0,1.0,93.89,01:33.890,0.580,0.423,0.1569999999999999,7,3.40,1,2.00,8,1.65,9,1.60,4,1.0,8,3,5.40,6,3.25,4,0.0769230769230769,6.943,0.1335192307692304,6.32,5.50,10.00,6.00,5.53,6.10,6.73,5.50,6.00,1.0,0.8633879781420765,1.0,0.5411255411255411,0.0,0.5,1.0,0.6666666666666666,6.0,1.0,0.6513545347467609,25.0,64.0,40.0,1.0,0,0.0,0.0,1.0,0.0,0.0,1.0,0.0,1.0,0.0,0.0,1.0,0.0,1.0,0.0,1.0,15.0,6.13,8.65,10,12,GBR,RUS,George Russell,GBR,Great Britain,Великобритания,#314486,Mercedes,#707070,50.0,50.0,0.0,0.0,110.0,110.0,1,2,4,3.0,7,1,6.0,9,8,8.65,
2024,2024121,2,14,Nico Hulkenberg,Haas F1 Team,6.0,6,6,6,6,+55.722,8,27,HUL,25,7,#505050,25-7,11,3,1.0,7.63,1.0,1.0,0.7592039800995024,6,0,0,3.0,6.0,0,0,1.0,1.0,52.0,100,1,1.0,0.0,1.0,9.0,-3,0.0,3.0,3.0,1.0,95.05,01:35.050,0.535,0.307,0.228,4,3.70,9,1.60,18,1.15,5,1.80,5,1.0,18,4,5.30,13,2.95,3,0.0576923076923076,10.174,0.1956538461538468,7.37,1.00,7.23,7.00,2.78,6.10,6.73,5.50,6.00,1.0,0.5583333333333333,1.0,0.5080815179198875,0.0,0.1538461538461538,0.0,0.4375,15.0,0.0,0.4,8.0,19.0,8.0,0.0,0,0.0,0.0,0.0,0.0,0.0,0.0,0.0,0.0,0.0,0.0,0.0,0.0,0.0,0.0,0.0,0.0,6.246666666666667,8.25,10,12,GBR,MAG,Kevin Magnussen,GER,Germany,Германия,#000000,Ferrari,#DC0004,100.0,0.0,0.0,100.0,22.0,22.0,6,6,5,4.0,4,9,13.0,5,18,8.25,
2024,2024121,2,14,Lando Norris,McLaren,3.0,3,3,3,3,+7.547,15,4,NOR,4,9,#DE8E18,4-9,10,1,1.0,9.05,1.0,1.0,0.5273892773892774,3,0,0,2.0,3.0,0,0,1.0,1.0,52.0,100,2,3.0,1.0,4.0,4.0,-1,0.0,1.0,1.0,1.0,94.082,01:34.082,0.605,0.427,0.178,10,3.10,4,1.85,15,1.30,4,1.85,6,1.0,15,9,4.95,9,3.15,4,0.0769230769230769,7.602,0.1461923076923072,5.73,4.00,9.54,8.00,4.97,6.10,6.73,5.50,6.00,1.0,0.5290858725761773,0.0,0.4937888198757763,0.0,0.4210526315789473,0.0,0.4705882352941176,8.0,0.0,0.4352014010507881,27.0,64.0,40.0,0.0,0,0.0,0.0,0.0,0.0,0.0,0.0,0.0,0.0,0.0,1.0,1.0,0.0,0.0,1.0,1.0,19.0,5.82,8.10,10,12,GBR,PIA,Oscar Piastri,GBR,Great Britain,Великобритания,#314486,Mercedes,#707070,75.0,25.0,0.0,100.0,171.0,171.0,3,3,6,9.0,10,4,9.0,4,15,8.10,
2024,2024121,2,14,Oscar Piastri,McLaren,5.0,5,4,4,4,+12.429,12,81,PIA,28,9,#DE8E18,28-9,2,1,1.0,8.11,0.0,0.0,0.4726107226107225,5,0,0,3.0,5.0,0,0,0.0,0.0,52.0,100,3,4.0,1.0,5.0,5.0,0,0.0,0.0,0.0,1.0,93.982,01:33.982,0.632,0.505,0.127,15,2.60,2,1.95,9,1.60,2,1.95,7,1.0,9,11,4.55,2,3.55,2,0.0384615384615384,5.861,0.1127115384615382,5.10,5.50,9.78,9.00,6.45,6.10,6.73,5.50,6.00,0.0,0.4709141274238226,1.0,0.5062111801242236,1.0,0.5789473684210527,1.0,0.5294117647058824,3.0,1.0,0.5647985989492119,27.0,64.0,12.0,0.0,0,0.0,0.0,0.0,0.0,0.0,0.0,0.0,0.0,0.0,0.0,0.0,0.0,0.0,0.0,0.0,1.0,5.816666666666666,8.10,10,12,GBR,NOR,Lando Norris,AUS,Australia,Австралия,#F7C900,Mercedes,#707070,80.0,20.0,0.0,0.0,124.0,124.0,4,5,7,11.0,15,2,2.0,2,9,8.10,
2024,2024121,2,14,Lance Stroll,Aston Martin,8.0,8,7,7,7,+56.569,6,18,STR,10,4,#459A72,10-4,4,1,1.0,6.68,1.0,1.0,0.537842190016103,8,0,0,4.0,8.0,0,0,1.0,1.0,52.0,100,-2,1.0,3.0,4.0,7.0,1,1.0,0.0,1.0,1.0,95.123,01:35.123,0.556,0.283,0.2730000000000001,6,3.50,10,1.55,6,1.75,16,1.25,8,1.0,6,6,5.05,12,3.00,4,0.0769230769230769,12.270,0.2359615384615381,6.88,7.00,7.05,4.00,1.0,6.10,6.73,5.50,6.00,1.0,0.5534995977473853,0.0,0.4828767123287671,1.0,0.56,0.0,0.4,19.0,0.0,0.3333333333333333,10.0,64.0,6.0,0.0,0,0.0,0.0,0.0,0.0,0.0,0.0,0.0,0.0,0.0,0.0,0.0,0.0,0.0,0.0,0.0,0.0,6.419999999999999,8.05,10,12,GBR,ALO,Fernando Alonso,CAN,Canada,Канада,#E30000,Mercedes,#707070,25.0,75.0,100.0,0.0,23.0,23.0,7,8,8,6.0,6,10,12.0,16,6,8.05,
2024,2024121,2,14,Kevin Magnussen,Haas F1 Team,17.0,17,12,12,12,+1:30.153,0,20,MAG,22,7,#505050,22-7,6,3,1.0,2.42,0.0,0.0,0.2407960199004974,17,0,0,9.0,17.0,0,0,0.0,0.0,52.0,100,3,4.0,1.0,5.0,17.0,0,1.0,1.0,2.0,1.0,95.146,01:35.146,0.601,0.409,0.192,9,3.20,11,1.50,13,1.40,3,1.90,9,1.0,13,10,4.70,5,3.30,1,0.0192307692307692,8.549,0.164403846153846,5.83,5.50,7.00,9.00,4.17,6.10,6.73,5.50,6.00,0.0,0.4416666666666667,0.0,0.4919184820801124,1.0,0.8461538461538461,1.0,0.5625,9.0,1.0,0.6000000000000001,8.0,19.0,0.0,0.0,0,0.0,0.0,0.0,0.0,0.0,0.0,0.0,0.0,0.0,0.0,0.0,0.0,0.0,0.0,0.0,0.0,6.303333333333334,8.00,10,12,GBR,HUL,Nico Hulkenberg,DEN,Denmark,Дания,#D20019,Ferrari,#DC0004,80.0,20.0,50.0,50.0,5.0,5.0,12,17,9,10.0,9,11,5.0,3,13,8.00,
2024,2024121,2,14,Daniel Ricciardo,RB,15.0,15,13,13,13,+1 Lap,0,3,RIC,7,11,#476CBF,7-11,2,2,1.0,3.37,0.0,0.0,0.4382314694408322,15,0,0,8.0,15.0,0,0,0.0,0.0,51.0,98,0,2.0,2.0,4.0,15.0,0,0.0,0.0,0.0,1.0,95.759,01:35.759,0.548,0.353,0.195,5,3.60,14,1.35,12,1.45,11,1.50,10,1.0,12,7,4.95,14,2.95,3,0.0588235294117647,8.894,0.1743921568627452,7.06,5.50,5.53,6.00,3.72,6.10,6.73,5.50,6.00,1.0,0.552858261550509,0.0,0.453650533223954,0.0,0.3928571428571428,1.0,0.5454545454545454,10.0,1.0,0.5075034106412005,1.0,19.0,12.0,0.0,0,0.0,0.0,0.0,0.0,0.0,0.0,0.0,0.0,0.0,0.0,0.0,0.0,0.0,0.0,0.0,0.0,6.623333333333332,7.90,10,12,GBR,TSU,Yuki Tsunoda,AUS,Australia,Австралия,#F7C900,Honda,#DE0000,50.0,50.0,0.0,0.0,11.0,11.0,13,15,10,7.0,5,14,14.0,11,12,7.90,
2024,2024121,2,14,Alexander Albon,Williams,9.0,9,9,9,9,+1:08.387,2,23,ALB,24,18,#3C95C9,24-18,20,1,1.0,6.21,1.0,1.0,0.5645454545454546,9,0,0,5.0,9.0,0,0,1.0,1.0,52.0,100,1,1.0,0.0,1.0,12.0,-3,0.0,3.0,3.0,1.0,94.978,01:34.978,0.598,0.375,0.2229999999999999,8,3.30,8,1.65,19,1.10,6,1.75,11,1.0,19,8,4.95,16,2.85,3,0.0576923076923076,9.961,0.1915576923076925,5.90,1.00,7.40,7.00,2.96,6.10,6.73,5.50,6.00,1.0,0.5272564789991063,1.0,0.5346820809248555,0.0,0.2,1.0,0.5833333333333334,13.0,1.0,0.550185873605948,2.0,64.0,2.0,0.0,0,0.0,0.0,0.0,0.0,0.0,0.0,0.0,0.0,0.0,0.0,0.0,0.0,0.0,0.0,0.0,0.0,5.266666666666667,7.80,10,12,GBR,SAR,Logan Sargeant,THA,Thailand,Таиланд,#2E2549,Mercedes,#707070,100.0,0.0,0.0,100.0,4.0,4.0,9,9,11,8.0,8,8,16.0,6,19,7.80,
2024,2024121,2,14,Fernando Alonso,Aston Martin,10.0,10,8,8,8,+1:03.577,4,14,ALO,19,4,#459A72,19-4,7,1,1.0,5.74,0.0,0.0,0.4621578099838969,10,0,0,5.0,10.0,0,0,0.0,0.0,52.0,100,0,1.0,1.0,2.0,10.0,0,1.0,1.0,2.0,1.0,94.915,01:34.915,0.613,0.360,0.253,13,2.80,7,1.70,10,1.55,10,1.55,12,1.0,10,12,4.50,10,3.10,1,0.0192307692307692,11.090,0.2132692307692305,5.55,5.50,7.55,6.00,2.0,6.10,6.73,5.50,6.00,0.0,0.4465004022526146,1.0,0.5171232876712328,0.0,0.44,1.0,0.6,18.0,1.0,0.6666666666666666,10.0,64.0,15.0,0.0,0,0.0,0.0,0.0,0.0,0.0,0.0,0.0,0.0,0.0,0.0,0.0,0.0,0.0,0.0,0.0,0.0,5.616666666666667,7.60,10,12,GBR,STR,Lance Stroll,ESP,Spain,Испания,#F7B800,Mercedes,#707070,50.0,50.0,50.0,50.0,45.0,45.0,8,10,12,12.0,13,7,10.0,10,10,7.60,
2024,2024121,2,14,Yuki Tsunoda,RB,13.0,13,10,10,10,+1:19.303,1,22,TSU,9,11,#476CBF,9-11,13,2,1.0,4.32,1.0,1.0,0.5617685305591678,13,0,0,7.0,13.0,0,0,1.0,1.0,52.0,100,-1,0.0,1.0,1.0,11.0,2,2.0,0.0,2.0,1.0,95.286,01:35.286,0.606,0.401,0.2049999999999999,12,2.90,12,1.45,2,1.95,15,1.30,13,1.0,2,13,4.35,7,3.25,2,0.0384615384615384,9.201,0.1769423076923075,5.71,8.50,6.66,5.00,3.61,6.10,6.73,5.50,6.00,0.0,0.447141738449491,1.0,0.5463494667760459,1.0,0.6071428571428571,0.0,0.4545454545454545,12.0,0.0,0.4924965893587994,1.0,19.0,1.0,0.0,0,0.0,0.0,0.0,0.0,0.0,0.0,0.0,0.0,0.0,0.0,0.0,0.0,0.0,0.0,0.0,0.0,6.056666666666668,7.60,10,12,GBR,RIC,Daniel Ricciardo,JPN,Japan,Япония,#C60018,Honda,#DE0000,0.0,100.0,100.0,0.0,20.0,20.0,10,13,13,13.0,12,12,7.0,15,2,7.60,
2024,2024121,2,14,Valtteri Bottas,Kick Sauber,16.0,16,15,15,15,+1 Lap,0,77,BOT,3,8,#64D064,3-8,8,3,1.0,2.89,0.0,0.0,0.4294205052005943,16,0,0,8.0,16.0,0,0,1.0,1.0,51.0,98,1,3.0,2.0,5.0,18.0,-2,0.0,2.0,2.0,1.0,96.171,01:36.171,0.606,0.396,0.2099999999999999,11,3.00,16,1.25,17,1.20,8,1.65,14,1.0,17,14,4.25,17,2.85,2,0.0392156862745098,8.940,0.1752941176470593,5.71,2.50,4.55,7.00,3.68,6.10,6.73,5.50,6.00,1.0,0.5326492537313433,1.0,0.8198198198198198,0.0,0.3125,1.0,0.875,11.0,1.0,0.6456140350877193,0.0,19.0,0.0,0.0,0,0.0,0.0,0.0,0.0,0.0,0.0,0.0,0.0,0.0,0.0,0.0,0.0,0.0,0.0,0.0,0.0,5.390000000000001,7.10,10,12,GBR,ZHO,Guanyu Zhou,FIN,Finland,Финляндия,#04276B,Ferrari,#DC0004,60.0,40.0,0.0,100.0,0.0,0.0,15,16,14,14.0,11,16,17.0,8,17,7.10,
2024,2024121,2,14,George Russell,Mercedes,1.0,1,-,DNF,19,-,0,63,RUS,14,10,#0AA395,14-10,10,1,1.0,10.0,1.0,1.0,0.5120327700972862,1,0,0,1.0,1.0,1,0,0.0,,33.0,63,-3,0.0,3.0,3.0,1.0,0,0.0,0.0,0.0,1.0,94.528,01:34.528,0.808,0.571,0.2370000000000001,19,2.20,5,1.80,7,1.70,18,1.15,15,1.0,7,16,4.00,15,2.85,2,0.0606060606060606,6.323,0.1916060606060599,1.00,5.50,8.48,3.00,2.96,6.10,6.73,5.50,6.00,0.0,0.1366120218579234,0.0,0.4588744588744589,1.0,0.5,0.0,0.3333333333333333,14.0,0.0,0.3486454652532391,25.0,64.0,40.0,0.0,0,0.0,0.0,0.0,0.0,0.0,0.0,0.0,0.0,0.0,0.0,0.0,1.0,0.0,0.0,1.0,17.0,2.083333333333333,6.85,10,12,GBR,HAM,Lewis Hamilton,GBR,Great Britain,Великобритания,#314486,Mercedes,#707070,0.0,100.0,0.0,0.0,111.0,111.0,4,1,15,16.0,19,5,15.0,18,7,6.85,
2024,2024121,2,14,Sergio Perez,Red Bull Racing,19.0,PLS,17,17,17,+2 Laps,0,11,PER,5,14,#1A4C82,5-14,14,2,1.0,1.47,0.0,0.0,0.1462686567164179,PLS,0,1,,19.0,0,0,0.0,0.0,50.0,96,4,4.0,0.0,4.0,19.0,0,0.0,0.0,0.0,1.0,96.897,01:36.897,0.688,0.583,0.1049999999999999,18,2.30,18,1.15,14,1.35,1,2.00,16,1.0,14,19,3.45,3,3.35,1,0.02,3.959,0.07918,3.80,5.50,2.81,10.00,7.94,6.10,6.73,5.50,6.00,0.0,0.2911877394636015,0.0,0.2249799839871897,0.0,0.44,1.0,0.6666666666666666,2.0,1.0,0.5753623188405798,18.0,19.0,0.0,1.0,0,0.0,0.0,0.0,0.0,1.0,1.0,0.0,0.0,0.0,0.0,0.0,0.0,0.0,0.0,0.0,0.0,5.116666666666666,6.80,10,12,GBR,VER,Max Verstappen,MEX,Mexico,Мексика,#006640,Honda,#DE0000,100.0,0.0,0.0,0.0,118.0,118.0,17,12,16,19.0,18,18,3.0,1,14,6.80,
2024,2024121,2,14,Esteban Ocon,Alpine,18.0,18,16,16,16,+2 Laps,0,31,OCO,13,3,#3494CC,13-3,9,4,1.0,1.95,1.0,1.0,0.6610169491525423,18,0,0,9.0,18.0,0,0,,,50.0,96,-2,1.0,3.0,4.0,16.0,2,2.0,0.0,2.0,1.0,96.553,01:36.553,0.639,0.502,0.137,17,2.40,17,1.20,3,1.90,17,1.20,17,1.0,3,17,3.60,11,3.10,4,0.08,6.911,0.13822,4.94,8.50,3.64,4.00,5.32,6.10,6.73,5.50,6.00,,,,,,,,,7.0,1.0,1.0,0.0,0.0,0.0,0.0,0,0.0,0.0,0.0,0.0,0.0,0.0,0.0,0.0,0.0,0.0,0.0,0.0,0.0,0.0,0.0,0.0,5.376666666666668,6.70,10,12,GBR,GAS,Pierre Gasly,FRA,France,Франция,#004CA2,Renault,#FAEF00,25.0,75.0,100.0,0.0,3.0,3.0,16,18,17,17.0,17,17,11.0,17,3,6.70,
2024,2024121,2,14,Logan Sargeant,Williams,12.0,12,11,11,11,+1:28.960,0,2,SAR,27,18,#3C95C9,27-18,21,1,1.0,4.79,0.0,0.0,0.4354545454545455,12,0,0,6.0,12.0,0,0,0.0,0.0,52.0,100,-1,1.0,2.0,3.0,13.0,-1,0.0,1.0,1.0,1.0,95.381,01:35.381,0.624,0.383,0.241,14,2.70,13,1.40,16,1.25,14,1.35,18,1.0,16,15,4.10,18,2.60,3,0.0576923076923076,10.602,0.2038846153846149,5.29,4.00,6.44,5.00,2.42,6.10,6.73,5.50,6.00,0.0,0.4727435210008936,0.0,0.4653179190751445,1.0,0.8,0.0,0.4166666666666667,16.0,0.0,0.449814126394052,2.0,64.0,0.0,0.0,0,0.0,0.0,0.0,0.0,0.0,0.0,0.0,0.0,0.0,0.0,0.0,0.0,0.0,0.0,0.0,0.0,5.026666666666666,6.70,10,12,GBR,ALB,Alexander Albon,USA,USA,США,#071C63,Mercedes,#707070,33.0,67.0,0.0,100.0,0.0,0.0,11,12,18,15.0,14,13,18.0,14,16,6.70,
2024,2024121,2,14,Guanyu Zhou,Kick Sauber,14.0,14,18,18,18,+2 Laps,0,24,ZHO,23,8,#64D064,23-8,5,3,1.0,3.84,1.0,1.0,0.5705794947994056,14,0,0,7.0,14.0,0,0,0.0,0.0,50.0,96,-5,0.0,5.0,5.0,14.0,0,0.0,0.0,0.0,1.0,97.656,01:37.656,0.636,0.379,0.257,16,2.50,19,1.10,11,1.50,19,1.10,19,1.0,11,18,3.60,19,2.60,6,0.12,10.644,0.2128800000000001,5.01,5.50,1.00,1.00,2.02,6.10,6.73,5.50,6.00,0.0,0.4673507462686567,0.0,0.1801801801801802,1.0,0.6875,0.0,0.125,17.0,0.0,0.3543859649122807,0.0,19.0,0.0,0.0,0,0.0,0.0,0.0,0.0,0.0,0.0,0.0,0.0,0.0,0.0,0.0,0.0,0.0,0.0,0.0,0.0,4.423333333333333,6.20,10,12,GBR,BOT,Valtteri Bottas,CHN,China,Китай,#F70000,Ferrari,#DC0004,0.0,100.0,0.0,0.0,0.0,0.0,18,14,19,18.0,16,19,19.0,19,11,6.20,
2024,2024121,2,14,Pierre Gasly,Alpine,20.0,DNS,-,DNS,20,-,0,10,GAS,17,3,#3494CC,17-3,9,4,1.0,1.0,0.0,0.0,0.3389830508474576,DNS,1,0,,,0,0,,,0.0,0,-,,,,,-,-,-,,0.0,-,-,-,-,,DNC,DNC,DNC,DNC,DNC,DNC,DNC,DNC,DNC,0.0,20,DNC,DNC,DNC,DNC,-,,-,,-,-,-,-,,6.10,6.73,5.50,6.00,,,,,,,,,,0.0,,0.0,0.0,0.0,0.0,0,0.0,0.0,0.0,0.0,0.0,0.0,0.0,0.0,0.0,0.0,0.0,0.0,0.0,0.0,0.0,0.0,,DNC,10,12,GBR,OCO,Esteban Ocon,FRA,France,Франция,#004CA2,Renault,#FAEF00,0.0,0.0,0.0,0.0,6.0,6.0,11,13,3,5.0,4,11,3.333333333333333,3,8,8.80,
2024,2024131,2,15,Lewis Hamilton,Mercedes,5.0,5,3,3,3,+14.880,15,44,HAM,1,10,#0AA395,1-10,10,1,1.0,8.11,1.0,1.0,0.7701804368471035,5,0,0,3.0,5.0,0,0,1.0,1.0,70.0,100,1,1.0,0.0,1.0,4.0,1,1.0,0.0,1.0,1.0,83.523,01:23.523,0.144,0.103,0.0409999999999999,1,4.00,3,1.90,6,1.75,5,1.80,1,1.0,6,1,5.90,2,3.55,6,0.0857142857142857,3.151,0.0450142857142858,10.00,6.00,9.23,6.73,9.08,6.03,5.49,5.00,5.87,1.0,0.5636978579481398,1.0,0.5477744807121662,1.0,0.5,1.0,0.5,3.0,1.0,0.5401546698393812,20.0,64.0,38.0,1.0,1,1.0,1.0,0.0,0.0,0.0,2.0,0.0,0.0,0.0,1.0,1.0,0.0,0.0,0.0,0.0,0.0,8.788333333333334,9.45,19,13,HUN,RUS,George Russell,GBR,Great Britain,Великобритания,#314486,Mercedes,#707070,100.0,0.0,100.0,0.0,125.0,125.0,3,5,1,1.0,1,3,2.0,5,6,9.45,
2024,2024131,2,15,Oscar Piastri,McLaren,2.0,2,1,1,1,1:38:01.989,25,81,PIA,28,9,#DE8E18,28-9,2,1,1.0,9.53,0.0,0.0,0.4879672299027137,2,0,0,1.0,2.0,0,0,1.0,1.0,70.0,100,1,1.0,0.0,1.0,1.0,1,1.0,0.0,1.0,1.0,83.353,01:23.353,0.162,0.093,0.069,4,3.70,1,2.00,4,1.85,4,1.85,2,1.0,4,3,5.70,1,3.70,7,0.1,4.292,0.0613142857142861,9.20,6.00,10.00,6.73,7.87,6.03,5.49,5.00,5.87,1.0,0.5320994794679005,1.0,0.5042864346949067,1.0,0.6666666666666666,1.0,0.5324367088607596,6.0,0.0,0.4965299684542586,43.0,64.0,25.0,1.0,0,0.0,0.0,1.0,0.0,0.0,1.0,0.0,1.0,0.0,0.0,1.0,0.0,1.0,0.0,1.0,45.0,8.255,9.40,19,13,HUN,NOR,Lando Norris,AUS,Australia,Австралия,#F7C900,Mercedes,#707070,100.0,0.0,100.0,0.0,149.0,149.0,1,2,2,3.0,4,1,1.0,4,4,9.40,
2024,2024131,2,15,Charles Leclerc,Ferrari,6.0,6,4,4,4,+19.686,12,16,LEC,6,5,#BA3B30,6-5,15,3,1.0,7.63,0.0,0.0,0.4706971005552128,6,0,0,3.0,6.0,0,0,1.0,1.0,70.0,100,0,1.0,1.0,2.0,5.0,1,1.0,0.0,1.0,1.0,83.568,01:23.568,0.149,0.100,0.0489999999999999,3,3.80,4,1.85,7,1.70,10,1.55,3,1.0,7,4,5.65,7,3.25,6,0.0857142857142857,3.285,0.0469285714285717,9.78,6.00,9.03,5.91,8.94,6.03,5.49,5.00,5.87,0.0,0.4989795918367346,1.0,0.5025041736227045,1.0,0.75,0.0,0.3916500994035785,4.0,0.0,0.4882577826324413,20.0,20.0,12.0,0.0,0,0.0,0.0,0.0,0.0,0.0,0.0,0.0,0.0,0.0,0.0,0.0,0.0,0.0,0.0,0.0,2.0,8.505,8.90,19,13,HUN,SAI,Carlos Sainz,MON,Monaco,Монако,#D80000,Ferrari,#DC0004,50.0,50.0,100.0,0.0,162.0,162.0,4,6,3,4.0,3,4,7.0,10,7,8.90,
2024,2024131,2,15,Carlos Sainz,Ferrari,4.0,4,6,6,6,+23.073,8,55,SAI,8,5,#BA3B30,8-5,7,3,1.0,8.58,1.0,1.0,0.5293028994447871,4,0,0,2.0,4.0,0,0,0.0,0.0,70.0,100,4,4.0,0.0,4.0,7.0,-3,0.0,3.0,3.0,1.0,83.587,01:23.587,0.148,0.105,0.043,2,3.90,5,1.80,18,1.15,2,1.95,4,1.0,17,2,5.70,12,3.10,5,0.0714285714285714,2.874,0.0410571428571423,9.82,2.00,8.94,9.18,9.37,6.03,5.49,5.00,5.87,1.0,0.5010204081632653,0.0,0.4974958263772955,0.0,0.25,1.0,0.6083499005964215,2.0,1.0,0.5117422173675586,20.0,20.0,8.0,0.0,0,0.0,0.0,0.0,0.0,0.0,0.0,0.0,0.0,0.0,0.0,0.0,0.0,0.0,0.0,0.0,0.0,8.41,8.80,19,13,HUN,LEC,Charles Leclerc,ESP,Spain,Испания,#F7B800,Ferrari,#DC0004,100.0,0.0,0.0,100.0,154.0,154.0,6,4,4,2.0,2,5,12.0,2,18,8.80,
2024,2024131,2,15,Lance Stroll,Aston Martin,8.0,8,10,10,10,+1:17.976,1,18,STR,10,4,#459A72,10-4,4,1,1.0,6.68,0.0,0.0,0.4826589595375722,8,0,0,4.0,8.0,0,0,1.0,1.0,70.0,100,5,7.0,2.0,9.0,8.0,0,0.0,0.0,0.0,1.0,84.354,01:24.354,0.204,0.135,0.0689999999999999,9,3.20,9,1.60,10,1.55,1,2.00,5,1.0,10,9,4.80,3,3.55,7,0.1,4.715,0.0673571428571416,7.34,5.00,5.47,10.00,7.43,6.03,5.49,5.00,5.87,0.0,0.4909698996655519,1.0,0.5352250489236791,0.0,0.4545454545454545,1.0,0.5977286312014345,9.0,1.0,0.5170494084899094,1.0,64.0,1.0,1.0,0,0.0,0.0,0.0,0.0,1.0,1.0,0.0,0.0,0.0,0.0,0.0,0.0,0.0,0.0,0.0,0.0,7.393333333333333,8.35,19,13,HUN,ALO,Fernando Alonso,CAN,Canada,Канада,#E30000,Mercedes,#707070,78.0,22.0,0.0,0.0,24.0,24.0,10,8,5,9.0,9,9,3.0,1,10,8.35,
2024,2024131,2,15,Lando Norris,McLaren,1.0,1,2,2,2,+2.141,18,4,NOR,4,9,#DE8E18,4-9,10,1,1.0,10.0,1.0,1.0,0.5120327700972862,1,0,0,1.0,1.0,0,0,0.0,0.0,70.0,100,0,1.0,1.0,2.0,3.0,-2,0.0,2.0,2.0,1.0,83.39,01:23.390,0.187,0.139,0.0479999999999999,6,3.50,2,1.95,15,1.30,9,1.60,6,1.0,14,5,5.45,13,2.90,6,0.0857142857142857,4.186,0.0598000000000005,8.09,3.00,9.83,5.91,7.98,6.03,5.49,5.00,5.87,0.0,0.4679005205320995,0.0,0.4957135653050933,0.0,0.3333333333333333,0.0,0.4675632911392405,5.0,1.0,0.5034700315457413,43.0,64.0,38.0,0.0,0,0.0,0.0,0.0,0.0,0.0,0.0,0.0,0.0,1.0,0.0,1.0,1.0,0.0,0.0,1.0,18.0,6.878333333333333,8.35,19,13,HUN,PIA,Oscar Piastri,GBR,Great Britain,Великобритания,#314486,Mercedes,#707070,50.0,50.0,0.0,100.0,189.0,189.0,2,1,6,5.0,6,2,13.0,9,15,8.35,
2024,2024131,2,15,George Russell,Mercedes,17.0,17,8,8,8,+42.368,5,63,RUS,14,10,#0AA395,14-10,10,1,1.0,2.42,0.0,0.0,0.2298195631528965,17,0,0,9.0,17.0,0,0,0.0,0.0,70.0,100,1,2.0,1.0,3.0,16.0,1,2.0,1.0,3.0,1.0,83.879,01:23.879,0.195,0.136,0.059,7,3.40,8,1.65,9,1.60,8,1.65,7,1.0,9,7,5.05,9,3.25,10,0.1428571428571428,4.427,0.0632428571428574,7.74,6.00,7.62,6.73,7.73,6.03,5.49,5.00,5.87,0.0,0.4363021420518602,0.0,0.4522255192878338,0.0,0.5,0.0,0.5,7.0,0.0,0.4598453301606186,20.0,64.0,38.0,0.0,0,0.0,0.0,0.0,0.0,0.0,0.0,1.0,0.0,0.0,0.0,0.0,0.0,0.0,0.0,0.0,0.0,7.281666666666666,8.30,19,13,HUN,HAM,Lewis Hamilton,GBR,Great Britain,Великобритания,#314486,Mercedes,#707070,67.0,33.0,67.0,33.0,116.0,116.0,8,17,7,7.0,7,8,9.0,8,9,8.30,
2024,2024131,2,15,Fernando Alonso,Aston Martin,7.0,7,11,11,11,+1:22.460,0,14,ALO,19,4,#459A72,19-4,7,1,1.0,7.16,1.0,1.0,0.5173410404624278,7,0,0,4.0,7.0,0,0,0.0,0.0,70.0,100,1,3.0,2.0,5.0,6.0,1,1.0,0.0,1.0,1.0,84.514,01:24.514,0.198,0.129,0.069,8,3.30,10,1.55,8,1.65,6,1.75,8,1.0,8,8,4.85,4,3.40,6,0.0857142857142857,5.174,0.0739142857142862,7.61,6.00,4.75,6.73,6.94,6.03,5.49,5.00,5.87,1.0,0.5090301003344482,0.0,0.464774951076321,1.0,0.5454545454545454,0.0,0.4022713687985654,10.0,0.0,0.4829505915100904,1.0,64.0,8.0,0.0,0,0.0,0.0,0.0,0.0,0.0,0.0,0.0,0.0,0.0,0.0,0.0,0.0,0.0,0.0,0.0,0.0,7.195,8.25,19,13,HUN,STR,Lance Stroll,ESP,Spain,Испания,#F7B800,Mercedes,#707070,60.0,40.0,100.0,0.0,45.0,45.0,11,7,8,8.0,8,10,4.0,6,8,8.25,
2024,2024131,2,15,Sergio Perez,Red Bull Racing,16.0,16,7,7,7,+39.792,6,11,PER,5,14,#1A4C82,5-14,14,2,1.0,2.89,0.0,0.0,0.2420435510887772,16,0,0,8.0,16.0,0,0,0.0,0.0,70.0,100,2,4.0,2.0,6.0,17.0,-1,1.0,2.0,3.0,1.0,83.762,01:23.762,0.247,0.152,0.095,13,2.80,7,1.70,13,1.40,3,1.90,9,1.0,12,10,4.50,6,3.30,7,0.1,6.871,0.0981571428571425,5.43,4.00,8.15,7.55,5.15,6.03,5.49,5.00,5.87,1.0,0.6094276094276094,0.0,0.4906682721252258,0.0,0.4,1.0,0.5973101265822784,14.0,1.0,0.809748427672956,16.0,18.0,6.0,0.0,0,0.0,0.0,0.0,0.0,0.0,0.0,0.0,0.0,0.0,0.0,0.0,0.0,0.0,0.0,0.0,0.0,5.544999999999999,7.80,19,13,HUN,VER,Max Verstappen,MEX,Mexico,Мексика,#006640,Honda,#DE0000,67.0,33.0,33.0,67.0,124.0,124.0,7,16,9,10.0,13,7,6.0,3,13,7.80,
2024,2024131,2,15,Max Verstappen,Red Bull Racing,3.0,3,5,5,5,+21.349,10,1,VER,2,14,#1A4C82,2-14,16,2,1.0,9.05,1.0,1.0,0.7579564489112227,3,0,0,2.0,3.0,0,0,1.0,1.0,70.0,100,-1,1.0,2.0,3.0,2.0,1,1.0,0.0,1.0,1.0,83.694,01:23.694,0.291,0.126,0.1649999999999999,14,2.70,6,1.75,5,1.80,13,1.40,10,1.0,5,11,4.45,10,3.20,7,0.1,10.601,0.1514428571428555,3.48,6.00,8.46,5.09,1.21,6.03,5.49,5.00,5.87,0.0,0.3905723905723905,1.0,0.5093317278747743,1.0,0.6,0.0,0.4026898734177215,19.0,0.0,0.190251572327044,16.0,18.0,10.0,0.0,0,0.0,0.0,0.0,0.0,0.0,0.0,0.0,0.0,0.0,0.0,0.0,0.0,0.0,1.0,1.0,5.0,4.168333333333333,7.65,19,13,HUN,PER,Sergio Perez,NLD,Netherlands,Нидерланды,#F75600,Honda,#DE0000,33.0,67.0,100.0,0.0,265.0,265.0,5,3,10,11.0,14,6,10.0,13,5,7.65,
2024,2024131,2,15,Alexander Albon,Williams,13.0,13,14,14,14,+1 Lap,0,23,ALB,24,18,#3C95C9,24-18,20,1,1.0,4.32,1.0,1.0,0.5294117647058824,13,0,0,7.0,13.0,0,0,1.0,1.0,69.0,99,-1,1.0,2.0,3.0,9.0,4,4.0,0.0,4.0,1.0,85.034,01:25.034,0.239,0.152,0.087,10,3.10,16,1.25,2,1.95,15,1.30,11,1.0,2,13,4.35,8,3.25,7,0.1014492753623188,6.773,0.0981594202898537,5.79,9.00,2.39,5.09,5.15,6.03,5.49,5.00,5.87,1.0,0.5096830985915494,0.0,0.4517958412098299,1.0,0.9,0.0,0.4306260575296108,15.0,0.0,0.4320469798657718,0.0,64.0,0.0,0.0,0,0.0,0.0,0.0,0.0,0.0,0.0,0.0,0.0,0.0,0.0,0.0,0.0,0.0,0.0,0.0,0.0,6.208333333333333,7.60,19,13,HUN,SAR,Logan Sargeant,THA,Thailand,Таиланд,#2E2549,Mercedes,#707070,33.0,67.0,100.0,0.0,4.0,4.0,14,13,11,13.0,10,16,8.0,15,2,7.60,
2024,2024131,2,15,Yuki Tsunoda,RB,10.0,10,9,9,9,+1:17.259,2,22,TSU,9,11,#476CBF,9-11,13,2,1.0,5.74,0.0,0.0,0.4803347280334728,10,0,0,5.0,10.0,0,0,1.0,1.0,70.0,100,-4,0.0,4.0,4.0,12.0,-2,0.0,2.0,2.0,1.0,84.665,01:24.665,0.173,0.093,0.0799999999999999,5,3.60,11,1.50,17,1.20,18,1.15,12,1.0,16,6,5.10,18,2.35,6,0.0857142857142857,5.448,0.0778285714285719,8.71,3.00,4.06,2.64,6.65,6.03,5.49,5.00,5.87,1.0,0.735641891891892,1.0,0.5356200527704484,0.0,0.5,0.0,0.3087719298245614,13.0,1.0,0.7173678532901835,2.0,18.0,2.0,0.0,0,0.0,0.0,0.0,0.0,0.0,0.0,0.0,0.0,0.0,0.0,0.0,0.0,0.0,0.0,0.0,0.0,6.746666666666667,7.45,19,13,HUN,RIC,Daniel Ricciardo,JPN,Japan,Япония,#C60018,Honda,#DE0000,0.0,100.0,0.0,100.0,22.0,22.0,9,10,12,6.0,5,11,18.0,18,17,7.45,
2024,2024131,2,15,Kevin Magnussen,Haas F1 Team,15.0,15,15,15,15,+1 Lap,0,20,MAG,22,7,#505050,22-7,6,3,1.0,3.37,0.0,0.0,0.3904982618771727,15,0,0,8.0,15.0,0,0,0.0,0.0,69.0,99,-2,0.0,2.0,2.0,10.0,5,5.0,0.0,5.0,1.0,85.155,01:25.155,0.246,0.171,0.0749999999999999,12,2.90,18,1.15,1,2.00,17,1.20,13,1.0,1,14,4.05,11,3.20,9,0.1304347826086956,5.246,0.0760289855072477,5.48,10.00,1.85,4.27,6.78,6.03,5.49,5.00,5.87,1.0,0.845679012345679,0.0,0.4111111111111111,1.0,0.8333333333333334,0.0,0.5,11.0,1.0,0.6793587174348698,0.0,20.0,0.0,1.0,0,0.0,0.0,0.0,1.0,0.0,1.0,0.0,0.0,0.0,0.0,0.0,0.0,0.0,0.0,0.0,0.0,6.031666666666666,7.25,19,13,HUN,HUL,Nico Hulkenberg,DEN,Denmark,Дания,#D20019,Ferrari,#DC0004,0.0,100.0,100.0,0.0,5.0,5.0,15,15,13,14.0,12,18,11.0,17,1,7.25,
2024,2024131,2,15,Logan Sargeant,Williams,14.0,14,17,17,17,+1 Lap,0,2,SAR,27,18,#3C95C9,27-18,21,1,1.0,3.84,0.0,0.0,0.4705882352941176,14,0,0,7.0,14.0,0,0,0.0,0.0,69.0,99,1,2.0,1.0,3.0,18.0,-4,0.0,4.0,4.0,1.0,84.922,01:24.922,0.244,0.143,0.101,11,3.00,13,1.40,20,1.05,7,1.70,14,1.0,19,12,4.40,16,2.75,6,0.0869565217391304,5.257,0.0761884057971006,5.57,1.00,2.90,6.73,6.77,6.03,5.49,5.00,5.87,0.0,0.4903169014084507,1.0,0.5482041587901701,0.0,0.1,1.0,0.5693739424703892,12.0,1.0,0.5679530201342281,0.0,64.0,0.0,0.0,0,0.0,0.0,0.0,0.0,0.0,0.0,0.0,0.0,0.0,0.0,0.0,0.0,0.0,0.0,0.0,0.0,5.001666666666667,7.15,19,13,HUN,ALB,Alexander Albon,USA,USA,США,#071C63,Mercedes,#707070,67.0,33.0,0.0,100.0,0.0,0.0,17,14,14,12.0,11,13,16.0,7,20,7.15,
2024,2024131,2,15,Esteban Ocon,Alpine,19.0,19,18,18,18,+1 Lap,0,31,OCO,13,3,#3494CC,13-3,9,4,1.0,1.47,1.0,1.0,0.5951417004048584,19,0,0,10.0,19.0,0,0,1.0,,69.0,99,0,1.0,1.0,2.0,15.0,4,4.0,0.0,4.0,1.0,85.016,01:25.016,0.311,0.134,0.177,17,2.40,15,1.30,3,1.90,12,1.45,15,1.0,3,16,3.70,5,3.35,7,0.1014492753623188,10.643,0.1542463768115946,2.60,9.00,2.48,5.91,1.0,6.03,5.49,5.00,5.87,,,,,,,,,20.0,0.0,0.1186239620403321,0.0,0.0,0.0,0.0,0,0.0,0.0,0.0,0.0,0.0,0.0,0.0,0.0,0.0,0.0,0.0,0.0,0.0,0.0,0.0,0.0,4.218333333333334,7.05,19,13,HUN,GAS,Pierre Gasly,FRA,France,Франция,#004CA2,Renault,#FAEF00,50.0,50.0,100.0,0.0,3.0,3.0,18,19,15,16.0,17,15,5.0,12,3,7.05,
2024,2024131,2,15,Daniel Ricciardo,RB,9.0,9,12,12,12,+1 Lap,0,3,RIC,7,11,#476CBF,7-11,2,2,1.0,6.21,1.0,1.0,0.5196652719665272,9,0,0,5.0,9.0,0,0,0.0,0.0,69.0,99,0,2.0,2.0,4.0,11.0,-2,0.0,2.0,2.0,1.0,84.786,01:24.786,0.299,0.150,0.149,15,2.60,12,1.45,16,1.25,11,1.50,16,1.0,15,15,4.05,15,2.75,7,0.1014492753623188,9.132,0.1323478260869574,3.13,3.00,3.52,5.91,2.62,6.03,5.49,5.00,5.87,0.0,0.2643581081081081,0.0,0.4643799472295514,1.0,0.5,1.0,0.6912280701754385,17.0,0.0,0.2826321467098166,2.0,18.0,25.0,0.0,0,0.0,0.0,0.0,0.0,0.0,0.0,0.0,0.0,0.0,0.0,0.0,0.0,0.0,0.0,0.0,0.0,3.5716666666666668,6.80,19,13,HUN,TSU,Yuki Tsunoda,AUS,Australia,Австралия,#F7C900,Honda,#DE0000,50.0,50.0,0.0,100.0,11.0,11.0,12,9,16,15.0,15,12,15.0,11,16,6.80,
2024,2024131,2,15,Valtteri Bottas,Kick Sauber,12.0,12,16,16,16,+1 Lap,0,77,BOT,3,8,#64D064,3-8,8,3,1.0,4.79,1.0,1.0,0.7106824925816023,12,0,0,6.0,12.0,0,0,1.0,1.0,69.0,99,-1,2.0,3.0,5.0,13.0,-1,1.0,2.0,3.0,1.0,85.135,01:25.135,0.305,0.279,0.0259999999999999,16,2.50,17,1.20,12,1.45,14,1.35,17,1.0,11,17,3.70,14,2.80,3,0.0434782608695652,2.245,0.0325362318840584,2.86,4.00,1.94,5.09,10.0,6.03,5.49,5.00,5.87,1.0,0.7409326424870466,1.0,0.6598639455782312,1.0,0.5,1.0,0.8357963875205254,1.0,1.0,0.7987220447284346,0.0,20.0,0.0,0.0,0,0.0,0.0,0.0,0.0,0.0,0.0,0.0,0.0,0.0,0.0,0.0,0.0,0.0,0.0,0.0,0.0,3.421666666666667,6.50,19,13,HUN,ZHO,Guanyu Zhou,FIN,Finland,Финляндия,#04276B,Ferrari,#DC0004,40.0,60.0,33.0,67.0,0.0,0.0,16,12,17,17.0,16,17,14.0,14,12,6.50,
2024,2024131,2,15,Nico Hulkenberg,Haas F1 Team,11.0,11,13,13,13,+1 Lap,0,27,HUL,25,7,#505050,25-7,11,3,1.0,5.26,1.0,1.0,0.6095017381228274,11,0,0,6.0,11.0,0,0,1.0,1.0,69.0,99,-2,1.0,3.0,4.0,14.0,-3,0.0,3.0,3.0,1.0,84.977,01:24.977,0.347,0.212,0.1349999999999999,19,2.20,14,1.35,19,1.10,16,1.25,18,1.0,18,18,3.55,19,2.35,6,0.0869565217391304,8.593,0.124536231884059,1.00,2.00,2.65,4.27,3.2,6.03,5.49,5.00,5.87,0.0,0.1543209876543209,1.0,0.5888888888888889,0.0,0.1666666666666666,1.0,0.5,16.0,0.0,0.3206412825651302,0.0,20.0,0.0,0.0,0,0.0,0.0,0.0,0.0,0.0,0.0,0.0,0.0,0.0,0.0,0.0,0.0,0.0,0.0,0.0,0.0,1.711666666666667,5.90,19,13,HUN,MAG,Kevin Magnussen,GER,Germany,Германия,#000000,Ferrari,#DC0004,25.0,75.0,0.0,100.0,22.0,22.0,13,11,18,18.0,19,14,19.0,16,19,5.90,
2024,2024131,2,15,Guanyu Zhou,Kick Sauber,18.0,18,19,19,19,+1 Lap,0,24,ZHO,23,8,#64D064,23-8,5,3,1.0,1.95,0.0,0.0,0.2893175074183976,18,0,0,9.0,18.0,0,0,0.0,0.0,69.0,99,-6,0.0,6.0,6.0,19.0,-1,0.0,1.0,1.0,1.0,85.342,01:25.342,0.347,0.191,0.1559999999999999,18,2.30,19,1.10,14,1.35,19,1.10,19,1.0,13,19,3.40,17,2.45,6,0.0869565217391304,9.224,0.1336811594202888,1.00,4.00,1.00,1.00,2.52,6.03,5.49,5.00,5.87,0.0,0.2590673575129534,0.0,0.3401360544217687,0.0,0.5,0.0,0.1642036124794745,18.0,0.0,0.2012779552715655,0.0,20.0,0.0,0.0,0,0.0,0.0,0.0,0.0,0.0,0.0,0.0,0.0,0.0,0.0,0.0,0.0,0.0,0.0,0.0,0.0,1.5,5.85,19,13,HUN,BOT,Valtteri Bottas,CHN,China,Китай,#F70000,Ferrari,#DC0004,0.0,100.0,0.0,100.0,0.0,0.0,19,18,19,19.0,18,19,17.0,19,14,5.85,
2024,2024131,2,15,Pierre Gasly,Alpine,20.0,PLS,-,DNF,20,-,0,10,GAS,17,3,#3494CC,17-3,9,4,1.0,1.0,0.0,0.0,0.4048582995951417,PLS,0,1,,20.0,1,0,0.0,,33.0,47,-,1.0,0.0,1.0,20.0,0,0.0,0.0,0.0,1.0,-,-,0.172,0.094,0.0779999999999999,DNC,DNC,DNC,DNC,11,DNC,DNC,DNC,DNC,0.0,20,DNC,DNC,DNC,DNC,4,0.1212121212121212,2.222,0.0673333333333344,-,5.00,-,-,7.43,6.03,5.49,5.00,5.87,,,,,,,,,8.0,1.0,0.8813760379596679,0.0,0.0,0.0,0.0,0,0.0,0.0,0.0,0.0,0.0,0.0,0.0,0.0,0.0,0.0,0.0,0.0,0.0,0.0,0.0,0.0,,DNC,19,13,HUN,OCO,Esteban Ocon,FRA,France,Франция,#004CA2,Renault,#FAEF00,100.0,0.0,0.0,0.0,6.0,6.0,12,12,3,5.0,4,11,4.666666666666666,3,11,8.70,
2024,2024141,2,16,Max Verstappen,Red Bull Racing,1.0,11,4,4,4,+8.700,12,1,VER,2,14,#1A4C82,2-14,16,2,1.0,10.0,1.0,1.0,0.5249343832020997,11,0,0,6.0,11.0,0,0,1.0,1.0,44.0,100,3,3.0,0.0,3.0,9.0,2,2.0,0.0,2.0,1.0,108.139,01:48.139,0.105,0.097,0.0079999999999999,1,4.00,3,1.90,1,2.00,2,1.95,1,1.0,1,1,5.90,1,3.95,3,0.0681818181818181,0.529,0.0120227272727271,10.00,10.00,9.20,6.73,10.0,5.49,5.21,6.31,4.36,1.0,0.7757951900698216,1.0,0.5447010065127293,1.0,0.684931506849315,1.0,0.8706338939197931,1.0,1.0,0.8771929824561403,19.0,20.0,12.0,1.0,1,1.0,1.0,0.0,1.0,0.0,3.0,0.0,0.0,0.0,0.0,0.0,1.0,0.0,0.0,1.0,0.0,9.455,9.85,8,14,BEL,PER,Sergio Perez,NLD,Netherlands,Нидерланды,#F75600,Honda,#DE0000,100.0,0.0,100.0,0.0,277.0,277.0,4,11,1,1.0,1,3,1.0,2,1,9.85,
2024,2024141,2,16,Lewis Hamilton,Mercedes,4.0,3,1,1,1,1:19:57.566,25,44,HAM,1,10,#0AA395,1-10,10,1,1.0,8.58,1.0,1.0,0.5451080050825922,3,0,0,2.0,3.0,0,0,,,44.0,100,1,1.0,0.0,1.0,2.0,1,1.0,0.0,1.0,1.0,107.962,01:47.962,0.105,0.078,0.0269999999999999,2,3.90,1,2.00,2,1.95,6,1.75,2,1.0,2,2,5.90,3,3.70,3,0.0681818181818181,1.026,0.023318181818182,10.00,8.20,10.00,5.09,8.88,5.49,5.21,6.31,4.36,,,,,,,,,2.0,1.0,0.6706948640483383,25.0,57.0,35.0,1.0,0,0.0,0.0,1.0,0.0,0.0,1.0,0.0,1.0,0.0,0.0,1.0,0.0,0.0,0.0,0.0,15.0,8.881666666666668,9.60,8,14,BEL,RUS,George Russell,GBR,Great Britain,Великобритания,#314486,Mercedes,#707070,100.0,0.0,100.0,0.0,150.0,150.0,1,3,2,2.0,2,1,3.0,6,2,9.60,
2024,2024141,2,16,Oscar Piastri,McLaren,6.0,5,2,2,2,+0.647,18,81,PIA,28,9,#DE8E18,28-9,2,1,1.0,7.63,0.0,0.0,0.4847522236340534,5,0,0,3.0,5.0,0,0,1.0,1.0,44.0,100,2,2.0,0.0,2.0,4.0,1,1.0,0.0,1.0,1.0,107.981,01:47.981,0.169,0.101,0.068,8,3.30,2,1.95,3,1.90,3,1.90,3,1.0,3,6,5.25,2,3.80,4,0.0909090909090909,2.486,0.0564999999999997,6.21,8.20,9.91,5.91,5.57,5.49,5.21,6.31,4.36,0.0,0.4164989939637827,1.0,0.5305139186295503,1.0,0.8913043478260869,1.0,0.5372727272727272,9.0,0.0,0.4261667941851568,28.0,57.0,19.0,0.0,0,0.0,0.0,0.0,0.0,0.0,0.0,0.0,0.0,1.0,0.0,1.0,0.0,0.0,0.0,0.0,4.0,6.491666666666667,9.05,8,14,BEL,NOR,Lando Norris,AUS,Australia,Австралия,#F7C900,Mercedes,#707070,100.0,0.0,100.0,0.0,167.0,167.0,2,5,3,6.0,8,2,2.0,3,3,9.05,
2024,2024141,2,16,Pierre Gasly,Alpine,12.0,12,13,13,13,+1:03.839,0,10,GAS,17,3,#3494CC,17-3,9,4,1.0,4.79,0.0,0.0,0.4548907882241215,12,0,0,6.0,12.0,0,0,0.0,0.0,44.0,100,2,3.0,1.0,4.0,12.0,0,0.0,0.0,0.0,1.0,109.329,01:49.329,0.142,0.112,0.0299999999999999,4,3.70,10,1.55,11,1.50,4,1.85,4,1.0,10,5,5.25,6,3.35,3,0.0681818181818181,1.163,0.0264318181818184,7.81,6.40,3.85,5.91,8.57,5.49,5.21,6.31,4.36,1.0,0.613993710691824,0.0,0.4430379746835443,1.0,0.6956521739130436,0.0,0.3714644877435575,3.0,1.0,0.5829931972789116,2.0,2.0,2.0,0.0,0,0.0,0.0,0.0,0.0,0.0,0.0,0.0,0.0,0.0,0.0,0.0,0.0,0.0,0.0,0.0,0.0,7.258333333333333,8.60,8,14,BEL,OCO,Esteban Ocon,FRA,France,Франция,#004CA2,Renault,#FAEF00,75.0,25.0,0.0,0.0,6.0,6.0,13,12,4,5.0,4,10,6.0,4,11,8.60,
2024,2024141,2,16,Lando Norris,McLaren,5.0,4,5,5,5,+9.324,10,4,NOR,4,9,#DE8E18,4-9,10,1,1.0,8.11,1.0,1.0,0.5152477763659467,4,0,0,2.0,4.0,0,0,0.0,0.0,44.0,100,1,1.0,0.0,1.0,7.0,-3,0.0,3.0,3.0,1.0,108.235,01:48.235,0.127,0.084,0.043,3,3.80,5,1.80,19,1.10,7,1.70,5,1.0,18,3,5.60,14,2.80,5,0.1136363636363636,1.633,0.0371136363636372,8.70,1.00,8.77,5.09,7.5,5.49,5.21,6.31,4.36,1.0,0.5835010060362172,0.0,0.4694860813704496,0.0,0.108695652173913,0.0,0.4627272727272727,4.0,1.0,0.5738332058148431,28.0,57.0,35.0,0.0,0,0.0,0.0,0.0,0.0,0.0,0.0,0.0,0.0,0.0,0.0,0.0,0.0,0.0,0.0,0.0,0.0,6.815,8.40,8,14,BEL,PIA,Oscar Piastri,GBR,Great Britain,Великобритания,#314486,Mercedes,#707070,100.0,0.0,0.0,100.0,199.0,199.0,5,4,5,3.0,3,5,14.0,7,19,8.40,
2024,2024141,2,16,Charles Leclerc,Ferrari,2.0,1,3,3,3,+8.023,15,16,LEC,6,5,#BA3B30,6-5,15,3,1.0,9.53,1.0,1.0,0.5879086983343614,1,0,0,1.0,1.0,0,0,1.0,1.0,44.0,100,-2,0.0,2.0,2.0,1.0,0,0.0,0.0,0.0,1.0,108.22,01:48.220,0.159,0.099,0.06,6,3.50,4,1.85,8,1.65,14,1.35,6,1.0,7,4,5.35,11,3.00,7,0.1590909090909091,2.633,0.0598409090909099,6.80,6.40,8.84,2.64,5.24,5.49,5.21,6.31,4.36,1.0,0.6390977443609022,1.0,0.5299760191846523,0.0,0.4383561643835617,0.0,0.3415265200517464,10.0,1.0,0.6057803468208093,23.0,23.0,15.0,0.0,0,0.0,0.0,0.0,0.0,0.0,0.0,0.0,0.0,0.0,1.0,1.0,0.0,1.0,0.0,1.0,4.0,6.04,8.35,8,14,BEL,SAI,Carlos Sainz,MON,Monaco,Монако,#D80000,Ferrari,#DC0004,0.0,100.0,0.0,0.0,177.0,177.0,3,1,6,4.0,6,4,11.0,14,8,8.35,
2024,2024141,2,16,Carlos Sainz,Ferrari,8.0,7,6,6,6,+19.269,8,55,SAI,8,5,#BA3B30,8-5,7,3,1.0,6.68,0.0,0.0,0.4120913016656384,7,0,0,4.0,7.0,0,0,0.0,0.0,44.0,100,1,1.0,0.0,1.0,6.0,1,1.0,0.0,1.0,1.0,108.442,01:48.442,0.209,0.121,0.088,12,2.90,6,1.75,4,1.85,8,1.65,7,1.0,4,11,4.65,4,3.50,5,0.1136363636363636,3.443,0.0782499999999996,3.84,8.20,7.84,5.09,3.41,5.49,5.21,6.31,4.36,0.0,0.3609022556390977,0.0,0.4700239808153477,1.0,0.5616438356164383,1.0,0.6584734799482534,14.0,0.0,0.3942196531791908,23.0,23.0,12.0,0.0,0,0.0,0.0,0.0,0.0,0.0,0.0,0.0,0.0,0.0,0.0,0.0,0.0,0.0,0.0,0.0,7.0,4.775,8.15,8,14,BEL,LEC,Charles Leclerc,ESP,Spain,Испания,#F7B800,Ferrari,#DC0004,100.0,0.0,100.0,0.0,162.0,162.0,6,7,7,11.0,12,6,4.0,8,4,8.15,
2024,2024141,2,16,Fernando Alonso,Aston Martin,9.0,8,8,8,8,+49.437,4,14,ALO,19,4,#459A72,19-4,7,1,1.0,6.21,1.0,1.0,0.6482254697286013,8,0,0,4.0,8.0,0,0,1.0,1.0,44.0,100,-2,0.0,2.0,2.0,8.0,0,0.0,0.0,0.0,1.0,109.512,01:49.512,0.147,0.080,0.0669999999999999,5,3.60,12,1.45,9,1.60,15,1.30,8,1.0,8,7,5.05,13,2.90,6,0.1363636363636363,2.824,0.0641818181818197,7.51,6.40,3.03,2.64,4.81,5.49,5.21,6.31,4.36,1.0,0.5473760932944607,1.0,0.5941176470588235,1.0,0.5,0.0,0.4334975369458128,11.0,0.0,0.4197207678883071,4.0,57.0,12.0,0.0,0,0.0,0.0,0.0,0.0,0.0,0.0,0.0,0.0,0.0,0.0,0.0,0.0,0.0,0.0,0.0,0.0,6.513333333333333,7.95,8,14,BEL,STR,Lance Stroll,ESP,Spain,Испания,#F7B800,Mercedes,#707070,0.0,100.0,0.0,0.0,49.0,49.0,8,8,8,7.0,5,12,13.0,15,9,7.95,
2024,2024141,2,16,Esteban Ocon,Alpine,10.0,9,9,9,9,+52.026,2,31,OCO,13,3,#3494CC,13-3,9,4,1.0,5.74,1.0,1.0,0.5451092117758785,9,0,0,5.0,9.0,0,0,1.0,1.0,44.0,100,7,7.0,0.0,7.0,11.0,-2,0.0,2.0,2.0,1.0,109.109,01:49.109,0.191,0.145,0.046,10,3.10,9,1.60,17,1.20,1,2.00,9,1.0,16,10,4.70,7,3.20,2,0.0454545454545454,2.240,0.0509090909090911,4.91,2.80,4.84,10.00,6.13,5.49,5.21,6.31,4.36,0.0,0.3860062893081761,1.0,0.5569620253164557,0.0,0.3043478260869565,1.0,0.6285355122564424,7.0,0.0,0.4170068027210884,2.0,2.0,2.0,1.0,0,0.0,0.0,0.0,0.0,1.0,1.0,0.0,0.0,0.0,0.0,0.0,0.0,0.0,0.0,0.0,0.0,5.406666666666666,7.90,8,14,BEL,GAS,Pierre Gasly,FRA,France,Франция,#004CA2,Renault,#FAEF00,100.0,0.0,0.0,100.0,5.0,5.0,9,9,9,10.0,10,9,7.0,1,17,7.90,
2024,2024141,2,16,Alexander Albon,Williams,11.0,10,12,12,12,+1:03.125,0,23,ALB,24,18,#3C95C9,24-18,20,1,1.0,5.26,1.0,1.0,0.7815750371471025,10,0,0,5.0,10.0,0,0,1.0,1.0,44.0,100,0,1.0,1.0,2.0,10.0,0,1.0,1.0,2.0,1.0,109.37,01:49.370,0.182,0.121,0.061,9,3.20,11,1.50,10,1.55,10,1.55,10,1.0,9,9,4.70,8,3.10,4,0.0909090909090909,2.296,0.052181818181818,5.44,6.40,3.66,4.27,6.0,5.49,5.21,6.31,4.36,1.0,0.84472049689441,1.0,0.6387434554973822,1.0,0.6956521739130436,1.0,0.5531088082901554,8.0,1.0,0.8571428571428571,0.0,57.0,0.0,0.0,0,0.0,0.0,0.0,0.0,0.0,0.0,0.0,0.0,0.0,0.0,0.0,0.0,0.0,0.0,0.0,0.0,5.405,7.80,8,14,BEL,SAR,Logan Sargeant,THA,Thailand,Таиланд,#2E2549,Mercedes,#707070,50.0,50.0,50.0,50.0,4.0,4.0,12,10,10,9.0,9,11,8.0,10,10,7.80,
2024,2024141,2,16,Lance Stroll,Aston Martin,15.0,15,11,11,11,+1:02.485,0,18,STR,10,4,#459A72,10-4,4,1,1.0,3.37,0.0,0.0,0.3517745302713987,15,0,0,8.0,15.0,0,0,0.0,0.0,44.0,100,-1,1.0,2.0,3.0,15.0,0,0.0,0.0,0.0,1.0,109.725,01:49.725,0.169,0.121,0.048,7,3.40,15,1.30,12,1.45,11,1.50,11,1.0,11,8,4.70,12,2.95,3,0.0681818181818181,2.011,0.045704545454546,6.21,6.40,2.07,3.45,6.65,5.49,5.21,6.31,4.36,0.0,0.4526239067055393,0.0,0.4058823529411764,0.0,0.5,1.0,0.5665024630541873,6.0,1.0,0.5802792321116929,4.0,57.0,0.0,0.0,0,0.0,0.0,0.0,0.0,0.0,0.0,0.0,0.0,0.0,0.0,0.0,0.0,0.0,0.0,0.0,0.0,5.781666666666666,7.65,8,14,BEL,ALO,Fernando Alonso,CAN,Canada,Канада,#E30000,Mercedes,#707070,33.0,67.0,0.0,0.0,24.0,24.0,11,15,11,8.0,7,15,12.0,11,12,7.65,
2024,2024141,2,16,Valtteri Bottas,Kick Sauber,14.0,14,15,15,15,+1:10.112,0,77,BOT,3,8,#64D064,3-8,8,3,1.0,3.84,1.0,1.0,0.7933884297520661,14,0,0,7.0,14.0,0,0,1.0,,44.0,100,1,2.0,1.0,3.0,13.0,1,1.0,0.0,1.0,1.0,109.573,01:49.573,0.222,0.137,0.0849999999999999,15,2.60,13,1.40,5,1.80,9,1.60,12,1.0,5,16,4.00,5,3.40,3,0.0681818181818181,3.405,0.0773863636363643,3.07,8.20,2.75,5.09,3.49,5.49,5.21,6.31,4.36,,,,,,,,,13.0,1.0,1.0,0.0,23.0,0.0,0.0,0,0.0,0.0,0.0,0.0,0.0,0.0,0.0,0.0,0.0,0.0,0.0,0.0,0.0,0.0,0.0,0.0,4.261666666666666,7.40,8,14,BEL,ZHO,Guanyu Zhou,FIN,Finland,Финляндия,#04276B,Ferrari,#DC0004,67.0,33.0,100.0,0.0,0.0,0.0,15,14,12,16.0,15,13,5.0,9,5,7.40,
2024,2024141,2,16,Yuki Tsunoda,RB,18.0,20,16,16,16,+1:16.211,0,22,TSU,9,11,#476CBF,9-11,13,2,1.0,1.95,0.0,0.0,0.3110047846889952,20,0,0,10.0,20.0,0,0,0.0,0.0,44.0,100,-1,1.0,2.0,3.0,19.0,1,1.0,0.0,1.0,1.0,109.962,01:49.962,0.208,0.105,0.103,11,3.00,18,1.15,7,1.70,13,1.40,13,1.0,6,12,4.15,9,3.10,4,0.0909090909090909,3.979,0.0904318181818178,3.90,8.20,1.00,3.45,2.19,5.49,5.21,6.31,4.36,1.0,0.5693430656934306,0.0,0.1631321370309951,1.0,0.640625,0.0,0.3685897435897436,17.0,0.0,0.4260700389105057,1.0,20.0,0.0,0.0,0,0.0,0.0,0.0,0.0,0.0,0.0,0.0,0.0,0.0,0.0,0.0,0.0,0.0,0.0,0.0,0.0,4.541666666666667,7.25,8,14,BEL,RIC,Daniel Ricciardo,JPN,Japan,Япония,#C60018,Honda,#DE0000,33.0,67.0,100.0,0.0,22.0,22.0,16,20,13,12.0,11,18,9.0,13,7,7.25,
2024,2024141,2,16,Daniel Ricciardo,RB,13.0,13,10,10,10,+54.400,1,3,RIC,7,11,#476CBF,7-11,2,2,1.0,4.32,1.0,1.0,0.6889952153110048,13,0,0,7.0,13.0,0,0,1.0,1.0,44.0,100,2,3.0,1.0,4.0,14.0,-1,0.0,1.0,1.0,1.0,109.045,01:49.045,0.224,0.130,0.094,16,2.50,8,1.65,16,1.25,5,1.80,14,1.0,15,13,4.15,10,3.05,5,0.1136363636363636,3.645,0.0828409090909086,2.95,4.60,5.13,5.91,2.95,5.49,5.21,6.31,4.36,0.0,0.4306569343065693,1.0,0.8368678629690048,0.0,0.359375,1.0,0.6314102564102565,15.0,1.0,0.5739299610894941,1.0,20.0,19.0,0.0,0,0.0,0.0,0.0,0.0,0.0,0.0,0.0,0.0,0.0,0.0,0.0,0.0,0.0,0.0,0.0,0.0,3.7183333333333337,7.20,8,14,BEL,TSU,Yuki Tsunoda,AUS,Australia,Австралия,#F7C900,Honda,#DE0000,75.0,25.0,0.0,100.0,12.0,12.0,10,13,14,13.0,16,8,10.0,5,16,7.20,
2024,2024141,2,16,Kevin Magnussen,Haas F1 Team,17.0,17,14,14,14,+1:06.105,0,20,MAG,22,7,#505050,22-7,6,3,1.0,2.42,0.0,0.0,0.4557438794726929,17,0,0,9.0,17.0,0,0,1.0,1.0,44.0,100,-3,1.0,4.0,5.0,17.0,0,0.0,0.0,0.0,1.0,109.806,01:49.806,0.210,0.167,0.0429999999999999,13,2.80,16,1.25,14,1.35,16,1.25,15,1.0,13,15,4.05,15,2.60,3,0.0681818181818181,1.915,0.0435227272727277,3.78,6.40,1.70,1.82,6.86,5.49,5.21,6.31,4.36,1.0,0.5,1.0,0.5431309904153354,0.0,0.5,1.0,0.6453900709219857,5.0,1.0,0.7014314928425357,0.0,23.0,0.0,0.0,0,0.0,0.0,0.0,0.0,0.0,0.0,0.0,0.0,0.0,0.0,0.0,0.0,0.0,0.0,0.0,0.0,3.8899999999999992,6.65,8,14,BEL,HUL,Nico Hulkenberg,DEN,Denmark,Дания,#D20019,Ferrari,#DC0004,20.0,80.0,0.0,0.0,5.0,5.0,14,17,15,15.0,13,16,15.0,16,14,6.65,
2024,2024141,2,16,Sergio Perez,Red Bull Racing,3.0,2,7,7,7,+42.669,7,11,PER,5,14,#1A4C82,5-14,14,2,1.0,9.05,0.0,0.0,0.4750656167979002,2,0,0,1.0,2.0,0,0,0.0,0.0,44.0,100,-4,0.0,4.0,4.0,3.0,-1,0.0,1.0,1.0,1.0,108.475,01:48.475,0.225,0.100,0.125,17,2.40,7,1.70,15,1.30,17,1.20,16,1.0,14,14,4.10,18,2.50,7,0.1590909090909091,4.332,0.0984545454545478,2.89,4.60,7.69,1.00,1.4,5.49,5.21,6.31,4.36,0.0,0.2242048099301784,0.0,0.4552989934872706,0.0,0.3150684931506849,0.0,0.129366106080207,18.0,0.0,0.1228070175438596,19.0,20.0,7.0,0.0,0,0.0,0.0,0.0,0.0,0.0,0.0,1.0,0.0,0.0,0.0,0.0,0.0,0.0,1.0,1.0,0.0,2.86,6.60,8,14,BEL,VER,Max Verstappen,MEX,Mexico,Мексика,#006640,Honda,#DE0000,0.0,100.0,0.0,100.0,131.0,131.0,7,2,16,14.0,17,7,18.0,17,15,6.60,
2024,2024141,2,16,Nico Hulkenberg,Haas F1 Team,16.0,16,18,18,18,+1:28.307,0,27,HUL,25,7,#505050,25-7,11,3,1.0,2.89,1.0,1.0,0.544256120527307,16,0,0,8.0,16.0,0,0,0.0,0.0,44.0,100,-4,0.0,4.0,4.0,16.0,0,0.0,0.0,0.0,1.0,109.866,01:49.866,0.210,0.125,0.0849999999999999,14,2.70,17,1.20,13,1.40,18,1.15,17,1.0,12,17,3.90,17,2.55,5,0.1136363636363636,3.660,0.0831818181818174,3.78,6.40,1.43,1.00,2.92,5.49,5.21,6.31,4.36,0.0,0.5,0.0,0.4568690095846645,1.0,0.5,0.0,0.3546099290780141,16.0,0.0,0.2985685071574642,0.0,23.0,0.0,0.0,0,0.0,0.0,0.0,0.0,0.0,0.0,0.0,0.0,0.0,0.0,0.0,0.0,0.0,0.0,0.0,0.0,3.753333333333333,6.45,8,14,BEL,MAG,Kevin Magnussen,GER,Germany,Германия,#000000,Ferrari,#DC0004,0.0,100.0,0.0,0.0,22.0,22.0,18,16,17,17.0,14,17,17.0,18,13,6.45,
2024,2024141,2,16,Logan Sargeant,Williams,19.0,18,17,17,17,+1:25.531,0,2,SAR,27,18,#3C95C9,27-18,21,1,1.0,1.47,0.0,0.0,0.2184249628528974,18,0,0,9.0,18.0,0,0,0.0,0.0,44.0,100,-1,2.0,3.0,5.0,20.0,-2,0.0,2.0,2.0,1.0,109.725,01:49.725,0.257,0.141,0.116,18,2.30,14,1.35,18,1.15,12,1.45,18,1.0,17,18,3.65,16,2.60,6,0.1363636363636363,4.507,0.1024318181818195,1.00,2.80,2.07,3.45,1.0,5.49,5.21,6.31,4.36,0.0,0.15527950310559,0.0,0.3612565445026177,0.0,0.3043478260869565,0.0,0.4468911917098446,19.0,0.0,0.1428571428571428,0.0,57.0,0.0,0.0,0,0.0,0.0,0.0,0.0,0.0,0.0,0.0,0.0,0.0,0.0,0.0,0.0,0.0,0.0,0.0,0.0,1.7083333333333333,6.25,8,14,BEL,ALB,Alexander Albon,USA,USA,США,#071C63,Mercedes,#707070,40.0,60.0,0.0,100.0,0.0,0.0,17,18,18,18.0,18,14,16.0,12,18,6.25,
2024,2024141,2,16,Guanyu Zhou,Kick Sauber,20.0,19,-,DNF,19,-,0,24,ZHO,23,8,#64D064,23-8,5,3,1.0,1.0,0.0,0.0,0.2066115702479339,19,0,0,10.0,19.0,1,0,0.0,,5.0,11,-,0.0,2.0,2.0,18.0,1,1.0,0.0,1.0,0.0,-,-,-,-,,DNC,DNC,DNC,DNC,6,DNC,DNC,DNC,DNC,0.0,20,DNC,DNC,DNC,DNC,0,0.0,-,,-,8.20,-,-,,5.49,5.21,6.31,4.36,,,,,,,,,20.0,0.0,,0.0,23.0,0.0,0.0,0,0.0,0.0,0.0,0.0,0.0,0.0,0.0,0.0,0.0,0.0,0.0,0.0,0.0,0.0,0.0,0.0,,DNC,8,14,BEL,BOT,Valtteri Bottas,CHN,China,Китай,#F70000,Ferrari,#DC0004,0.0,100.0,100.0,0.0,0.0,0.0,20,19,20,19.5,19,20,18.0,16,6,5.70,
2024,2024141,2,16,George Russell,Mercedes,7.0,6,-,DSQ,20,-,0,63,RUS,14,10,#0AA395,14-10,10,1,1.0,7.16,0.0,0.0,0.4548919949174079,6,0,0,3.0,6.0,0,1,,,44.0,100,-,,,,,-,-,-,,0.0,-,-,-,-,,DNC,DNC,DNC,DNC,DNC,DNC,DNC,DNC,DNC,0.0,19,DNC,DNC,DNC,DNC,-,0.1136363636363636,-,,-,-,-,-,4.36,5.49,5.21,6.31,4.36,,,,,,,,,12.0,,,25.0,57.0,35.0,,0,,,,,,,,0.0,0.0,0.0,0.0,0.0,0.0,0.0,0.0,14.0,,DSQ,8,14,BEL,HAM,Lewis Hamilton,GBR,Great Britain,Великобритания,#314486,Mercedes,#707070,0.0,0.0,0.0,0.0,116.0,116.0,8,6,6,6.5,7,6,7.5,9,7,8.48,DSQ
2024,2024151,2,17,Lando Norris,McLaren,1.0,1,1,1,1,1:30:45.519,26,4,NOR,4,9,#DE8E18,4-9,10,1,1.0,10.0,1.0,1.0,0.5279831045406548,1,0,0,1.0,1.0,0,0,1.0,1.0,72.0,100,1,1.0,0.0,1.0,2.0,-1,0.0,1.0,1.0,1.0,75.208,01:15.208,0.117,0.084,0.033,3,3.80,1,2.00,12,1.45,4,1.85,1,1.0,12,1,5.80,7,3.30,11,0.1527777777777778,2.590,0.035972222222221,9.47,3.25,10.00,4.27,9.8,6.43,5.70,5.50,3.45,0.0,0.4863893168977915,1.0,0.5422993492407809,1.0,0.5,1.0,0.5,3.0,1.0,0.5090909090909091,38.0,49.0,36.0,1.0,1,1.0,0.0,1.0,0.0,0.0,2.0,1.0,1.0,0.0,0.0,1.0,1.0,0.0,0.0,1.0,51.0,7.566666666666667,9.10,15,15,NLD,PIA,Oscar Piastri,GBR,Great Britain,Великобритания,#314486,Mercedes,#707070,100.0,0.0,0.0,100.0,225.0,225.0,1,1,1,1.0,3,1,7.0,4,12,9.10,
2024,2024151,2,17,Max Verstappen,Red Bull Racing,2.0,2,2,2,2,+22.896,18,1,VER,2,14,#1A4C82,2-14,16,2,1.0,9.47,1.0,1.0,0.545821325648415,2,0,0,1.0,2.0,0,0,1.0,1.0,72.0,100,-1,0.0,1.0,1.0,1.0,1,1.0,0.0,1.0,1.0,75.558,01:15.558,0.115,0.060,0.055,2,3.90,5,1.80,4,1.85,12,1.45,2,1.0,4,3,5.70,8,3.30,15,0.2083333333333333,4.313,0.059902777777776,9.54,7.75,8.56,2.64,8.84,6.43,5.70,5.50,3.45,1.0,0.5034300791556728,1.0,0.51847365233192,1.0,0.7045454545454546,1.0,0.5,7.0,0.0,0.4714666666666666,26.0,26.0,18.0,0.0,0,0.0,0.0,0.0,0.0,0.0,0.0,0.0,0.0,1.0,0.0,1.0,0.0,1.0,0.0,1.0,17.0,8.091666666666667,9.00,15,15,NLD,PER,Sergio Perez,NLD,Netherlands,Нидерланды,#F75600,Honda,#DE0000,0.0,100.0,100.0,0.0,295.0,295.0,2,2,2,3.0,2,5,8.0,12,4,9.00,
2024,2024151,2,17,Oscar Piastri,McLaren,3.0,3,4,4,4,+27.337,12,81,PIA,28,9,#DE8E18,28-9,2,1,1.0,8.94,0.0,0.0,0.4720168954593453,3,0,0,2.0,3.0,0,0,0.0,0.0,72.0,100,1,1.0,0.0,1.0,4.0,-1,0.0,1.0,1.0,1.0,75.587,01:15.587,0.101,0.057,0.044,1,4.00,6,1.75,13,1.40,5,1.80,3,1.0,13,2,5.75,9,3.20,13,0.1805555555555555,3.224,0.0447777777777784,10.00,3.25,8.44,4.27,9.45,6.43,5.70,5.50,3.45,1.0,0.5136106831022086,0.0,0.4577006507592191,0.0,0.5,0.0,0.5,4.0,0.0,0.4909090909090908,38.0,49.0,12.0,1.0,0,0.0,1.0,0.0,0.0,0.0,1.0,0.0,0.0,0.0,0.0,0.0,0.0,0.0,1.0,1.0,4.0,7.919999999999999,8.95,15,15,NLD,NOR,Lando Norris,AUS,Australia,Австралия,#F7C900,Mercedes,#707070,100.0,0.0,0.0,100.0,179.0,179.0,4,3,3,2.0,1,6,9.0,5,13,8.95,
2024,2024151,2,17,Carlos Sainz,Ferrari,10.0,10,5,5,5,+32.137,10,55,SAI,8,5,#BA3B30,8-5,7,3,1.0,5.24,0.0,0.0,0.4162033359809373,10,0,0,5.0,10.0,0,0,0.0,0.0,72.0,100,3,3.0,0.0,3.0,9.0,1,1.0,0.0,1.0,1.0,75.593,01:15.593,0.135,0.107,0.028,5,3.60,7,1.70,7,1.70,2,1.95,4,1.0,7,5,5.30,1,3.65,5,0.0694444444444444,2.222,0.0308611111111108,8.88,7.75,8.41,5.91,10.0,6.43,5.70,5.50,3.45,1.0,0.5171811298776936,0.0,0.4952885747938751,0.0,0.5,1.0,0.5805500982318271,1.0,1.0,0.529380624669137,25.0,25.0,11.0,0.0,0,0.0,0.0,0.0,0.0,0.0,0.0,0.0,0.0,0.0,0.0,0.0,0.0,0.0,0.0,0.0,0.0,8.196666666666667,8.95,15,15,NLD,LEC,Charles Leclerc,ESP,Spain,Испания,#F7B800,Ferrari,#DC0004,100.0,0.0,100.0,0.0,172.0,172.0,5,10,4,5.0,5,7,1.0,2,7,8.95,
2024,2024151,2,17,Lewis Hamilton,Mercedes,11.0,14,8,8,8,+49.599,4,44,HAM,1,10,#0AA395,1-10,10,1,1.0,4.71,0.0,0.0,0.3589939024390243,14,0,0,7.0,14.0,0,0,0.0,0.0,72.0,100,8,8.0,0.0,8.0,13.0,1,1.0,0.0,1.0,1.0,75.504,01:15.504,0.167,0.111,0.056,9,3.20,2,1.95,9,1.60,1,2.00,5,1.0,9,7,5.15,2,3.60,6,0.0833333333333333,3.917,0.0544027777777781,7.82,7.75,8.78,10.00,9.06,6.43,5.70,5.50,3.45,0.0,0.4768292682926829,1.0,0.5025758443045221,0.0,0.5,1.0,0.7434944237918216,5.0,1.0,0.5064281721632197,10.0,49.0,36.0,1.0,0,0.0,0.0,0.0,0.0,1.0,1.0,0.0,0.0,0.0,0.0,0.0,0.0,0.0,0.0,0.0,0.0,8.171666666666667,8.75,15,15,NLD,RUS,George Russell,GBR,Great Britain,Великобритания,#314486,Mercedes,#707070,100.0,0.0,100.0,0.0,154.0,154.0,8,14,5,7.0,9,2,2.0,1,9,8.75,
2024,2024151,2,17,George Russell,Mercedes,4.0,4,7,7,7,+44.617,6,63,RUS,14,10,#0AA395,14-10,10,1,1.0,8.41,1.0,1.0,0.6410060975609756,4,0,0,2.0,4.0,0,0,1.0,1.0,72.0,100,0,1.0,1.0,2.0,3.0,1,1.0,0.0,1.0,1.0,75.526,01:15.526,0.144,0.080,0.0639999999999999,7,3.40,3,1.90,5,1.80,10,1.55,6,1.0,5,6,5.30,6,3.35,6,0.0833333333333333,4.341,0.0602916666666667,8.58,7.75,8.69,3.45,8.83,6.43,5.70,5.50,3.45,1.0,0.5231707317073171,0.0,0.497424155695478,1.0,0.5,0.0,0.2565055762081785,8.0,0.0,0.4935718278367803,10.0,49.0,36.0,0.0,0,0.0,0.0,0.0,0.0,0.0,0.0,0.0,0.0,0.0,0.0,0.0,0.0,0.0,0.0,0.0,0.0,7.586666666666667,8.65,15,15,NLD,HAM,Lewis Hamilton,GBR,Great Britain,Великобритания,#314486,Mercedes,#707070,50.0,50.0,100.0,0.0,122.0,122.0,7,4,6,6.0,7,3,6.0,10,5,8.65,
2024,2024151,2,17,Charles Leclerc,Ferrari,6.0,6,3,3,3,+25.439,15,16,LEC,6,5,#BA3B30,6-5,15,3,1.0,7.35,1.0,1.0,0.5837966640190627,6,0,0,3.0,6.0,0,0,1.0,1.0,72.0,100,1,1.0,0.0,1.0,5.0,1,1.0,0.0,1.0,1.0,75.555,01:15.555,0.153,0.096,0.0569999999999999,8,3.30,4,1.85,6,1.75,6,1.75,7,1.0,6,8,5.15,3,3.50,9,0.125,4.221,0.058625,8.29,7.75,8.57,4.27,8.89,6.43,5.70,5.50,3.45,0.0,0.4828188701223062,1.0,0.5047114252061249,1.0,0.5,0.0,0.4194499017681729,6.0,0.0,0.4706193753308629,25.0,25.0,15.0,0.0,0,0.0,0.0,0.0,0.0,0.0,0.0,0.0,0.0,0.0,1.0,1.0,0.0,0.0,0.0,0.0,0.0,7.5299999999999985,8.65,15,15,NLD,SAI,Carlos Sainz,MON,Monaco,Монако,#D80000,Ferrari,#DC0004,100.0,0.0,100.0,0.0,192.0,192.0,3,6,7,8.0,8,4,3.0,6,6,8.65,
2024,2024151,2,17,Sergio Perez,Red Bull Racing,5.0,5,6,6,6,+39.542,8,11,PER,5,14,#1A4C82,5-14,14,2,1.0,7.88,0.0,0.0,0.454178674351585,5,0,0,3.0,5.0,0,0,0.0,0.0,72.0,100,-1,0.0,1.0,1.0,6.0,-1,0.0,1.0,1.0,1.0,75.705,01:15.705,0.119,0.088,0.031,4,3.70,8,1.65,14,1.35,13,1.40,8,1.0,14,4,5.35,15,2.75,4,0.0555555555555555,2.393,0.0332361111111115,9.41,3.25,7.95,2.64,9.91,6.43,5.70,5.50,3.45,0.0,0.4965699208443272,0.0,0.4815263476680799,0.0,0.2954545454545454,0.0,0.5,2.0,1.0,0.5285333333333333,26.0,26.0,8.0,0.0,0,0.0,0.0,0.0,0.0,0.0,0.0,0.0,0.0,0.0,0.0,0.0,0.0,0.0,0.0,0.0,0.0,7.255,8.10,15,15,NLD,VER,Max Verstappen,MEX,Mexico,Мексика,#006640,Honda,#DE0000,0.0,100.0,0.0,100.0,139.0,139.0,6,5,8,4.0,4,8,15.0,13,14,8.10,
2024,2024151,2,17,Daniel Ricciardo,RB,15.0,13,12,12,12,+1 Lap,0,3,RIC,7,11,#476CBF,7-11,2,2,1.0,2.59,0.0,0.0,0.3825701624815362,13,0,0,7.0,13.0,0,0,1.0,1.0,71.0,99,2,2.0,0.0,2.0,15.0,-2,0.0,2.0,2.0,1.0,76.447,01:16.447,0.142,0.072,0.0699999999999999,6,3.50,12,1.45,19,1.10,3,1.90,9,1.0,19,9,4.95,12,3.00,11,0.1549295774647887,5.059,0.0712535211267601,8.65,1.00,4.89,5.09,8.39,6.43,5.70,5.50,3.45,1.0,0.7256711409395974,1.0,0.5884476534296029,0.0,0.2352941176470588,1.0,0.8357963875205254,9.0,1.0,0.6409472880061116,0.0,26.0,12.0,0.0,0,0.0,0.0,0.0,0.0,0.0,0.0,0.0,0.0,0.0,0.0,0.0,0.0,0.0,0.0,0.0,0.0,6.781666666666666,7.95,15,15,NLD,TSU,Yuki Tsunoda,AUS,Australia,Австралия,#F7C900,Honda,#DE0000,100.0,0.0,0.0,100.0,12.0,12.0,12,13,9,9.0,6,12,12.0,3,19,7.95,
2024,2024151,2,17,Pierre Gasly,Alpine,9.0,9,9,9,9,+1 Lap,2,10,GAS,17,3,#3494CC,17-3,9,4,1.0,5.76,1.0,1.0,0.7365728900255754,9,0,0,5.0,9.0,0,0,1.0,1.0,71.0,99,0,3.0,3.0,6.0,7.0,2,2.0,0.0,2.0,1.0,76.337,01:16.337,0.232,0.100,0.132,13,2.80,9,1.60,1,2.00,11,1.50,10,1.0,1,13,4.40,4,3.50,9,0.1267605633802817,8.664,0.1220281690140843,5.68,10.00,5.35,3.45,6.36,6.43,5.70,5.50,3.45,1.0,0.6986469864698648,1.0,0.6199304750869061,1.0,0.7547169811320755,1.0,0.7752808988764045,13.0,1.0,0.6563467492260061,2.0,2.0,2.0,1.0,0,0.0,0.0,0.0,1.0,0.0,1.0,0.0,0.0,0.0,0.0,0.0,0.0,0.0,0.0,0.0,0.0,6.028333333333333,7.90,15,15,NLD,OCO,Esteban Ocon,FRA,France,Франция,#004CA2,Renault,#FAEF00,50.0,50.0,100.0,0.0,8.0,8.0,9,9,10,13.0,13,9,4.0,11,1,7.90,
2024,2024151,2,17,Alexander Albon,Williams,,19,14,14,14,+1 Lap,0,23,ALB,24,18,#3C95C9,24-18,20,1,0.0,,0.0,,,19,0,0,10.0,19.0,0,0,1.0,1.0,71.0,99,1,5.0,4.0,9.0,17.0,2,2.0,0.0,2.0,1.0,76.438,01:16.438,0.272,0.145,0.127,15,2.60,11,1.50,3,1.90,9,1.60,11,1.0,3,14,4.10,5,3.50,10,0.1408450704225352,8.980,0.1264788732394368,4.36,10.00,4.93,4.27,6.19,6.43,5.70,5.50,3.45,1.0,0.5362853628536285,1.0,0.6716621253405994,1.0,0.6451612903225806,1.0,0.810246679316888,15.0,1.0,0.5468197879858657,0.0,49.0,0.0,0.0,0,0.0,0.0,0.0,0.0,0.0,0.0,0.0,0.0,0.0,0.0,0.0,0.0,0.0,0.0,0.0,0.0,5.285,7.60,15,15,NLD,SAR,Logan Sargeant,THA,Thailand,Таиланд,#2E2549,Mercedes,#707070,56.0,44.0,100.0,0.0,4.0,4.0,14,19,11,14.0,15,11,5.0,9,3,7.60,
2024,2024151,2,17,Fernando Alonso,Aston Martin,7.0,7,10,10,10,+1 Lap,1,14,ALO,19,4,#459A72,19-4,7,1,1.0,6.82,1.0,1.0,0.5202135774218154,7,0,0,4.0,7.0,0,0,1.0,1.0,71.0,99,1,3.0,2.0,5.0,8.0,-1,0.0,1.0,1.0,1.0,76.405,01:16.405,0.215,0.120,0.095,12,2.90,10,1.55,15,1.30,7,1.70,12,1.0,15,11,4.45,11,3.00,9,0.1267605633802817,7.161,0.1008591549295766,6.24,3.25,5.07,4.27,7.21,6.43,5.70,5.50,3.45,0.0,0.4642857142857142,1.0,0.5264797507788163,1.0,0.7647058823529411,1.0,0.5,11.0,1.0,0.5052557813594954,1.0,49.0,11.0,0.0,0,0.0,0.0,0.0,0.0,0.0,0.0,0.0,0.0,0.0,0.0,0.0,0.0,0.0,0.0,0.0,0.0,5.413333333333334,7.45,15,15,NLD,STR,Lance Stroll,ESP,Spain,Испания,#F7B800,Mercedes,#707070,60.0,40.0,0.0,100.0,50.0,50.0,10,7,12,11.0,12,10,11.0,7,15,7.45,
2024,2024151,2,17,Nico Hulkenberg,Haas F1 Team,13.0,12,11,11,11,+1 Lap,0,27,HUL,25,7,#505050,25-7,11,3,1.0,3.65,1.0,1.0,0.5391432791728213,12,0,0,6.0,12.0,0,0,1.0,1.0,71.0,99,-2,2.0,4.0,6.0,11.0,1,1.0,0.0,1.0,1.0,76.482,01:16.482,0.192,0.091,0.101,11,3.00,13,1.40,8,1.65,15,1.30,13,1.0,8,12,4.40,13,2.95,9,0.1267605633802817,6.982,0.0983380281690152,7.00,7.75,4.75,1.82,7.31,6.43,5.70,5.50,3.45,1.0,0.8177570093457943,1.0,0.6718528995756718,1.0,0.5849056603773585,1.0,0.6453900709219857,10.0,1.0,0.5810810810810811,0.0,25.0,0.0,0.0,0,0.0,0.0,0.0,0.0,0.0,0.0,0.0,0.0,0.0,0.0,0.0,0.0,0.0,0.0,0.0,0.0,6.261666666666667,7.35,15,15,NLD,MAG,Kevin Magnussen,GER,Germany,Германия,#000000,Ferrari,#DC0004,33.0,67.0,100.0,0.0,22.0,22.0,11,12,13,12.0,11,13,13.0,15,8,7.35,
2024,2024151,2,17,Lance Stroll,Aston Martin,8.0,8,13,13,13,+1 Lap,0,18,STR,10,4,#459A72,10-4,4,1,1.0,6.29,0.0,0.0,0.4797864225781846,8,0,0,4.0,8.0,0,0,0.0,0.0,71.0,99,1,2.0,1.0,3.0,10.0,-2,0.0,2.0,2.0,1.0,76.527,01:16.527,0.186,0.076,0.11,10,3.10,14,1.35,18,1.15,8,1.65,14,1.0,18,10,4.45,14,2.80,14,0.1971830985915492,7.435,0.1047183098591541,7.20,1.00,4.56,4.27,7.06,6.43,5.70,5.50,3.45,1.0,0.5357142857142857,0.0,0.4735202492211838,0.0,0.2352941176470588,0.0,0.5,12.0,0.0,0.4947442186405045,1.0,49.0,0.0,0.0,0,0.0,0.0,0.0,0.0,0.0,0.0,0.0,0.0,0.0,0.0,0.0,0.0,0.0,0.0,0.0,0.0,5.678333333333334,7.25,15,15,NLD,ALO,Fernando Alonso,CAN,Canada,Канада,#E30000,Mercedes,#707070,67.0,33.0,0.0,100.0,24.0,24.0,13,8,14,10.0,10,14,14.0,8,18,7.25,
2024,2024151,2,17,Valtteri Bottas,Kick Sauber,17.0,16,19,19,19,+2 Laps,0,77,BOT,3,8,#64D064,3-8,8,3,1.0,1.53,1.0,1.0,0.6047430830039525,16,0,0,8.0,16.0,0,0,1.0,1.0,70.0,97,-2,0.0,2.0,2.0,14.0,2,2.0,0.0,2.0,1.0,76.992,01:16.992,0.240,0.128,0.1119999999999999,14,2.70,17,1.20,2,1.95,16,1.25,15,1.0,2,15,3.90,10,3.20,13,0.1857142857142857,8.689,0.1241285714285725,5.42,10.00,2.64,1.82,6.28,6.43,5.70,5.50,3.45,1.0,0.8442367601246106,1.0,0.7252747252747253,1.0,0.9090909090909092,0.0,0.4080717488789238,14.0,1.0,0.8626373626373627,0.0,25.0,0.0,0.0,0,0.0,0.0,0.0,0.0,0.0,0.0,0.0,0.0,0.0,0.0,0.0,0.0,0.0,0.0,0.0,0.0,5.583333333333333,7.10,15,15,NLD,ZHO,Guanyu Zhou,FIN,Finland,Финляндия,#04276B,Ferrari,#DC0004,0.0,100.0,100.0,0.0,0.0,0.0,19,16,15,15.0,14,17,10.0,16,2,7.10,
2024,2024151,2,17,Logan Sargeant,Williams,,18,16,16,16,+1 Lap,0,2,SAR,27,18,#3C95C9,27-18,21,1,0.0,,0.0,,,18,0,0,9.0,18.0,0,0,0.0,0.0,71.0,99,-3,0.0,3.0,3.0,18.0,0,1.0,1.0,2.0,1.0,77.05,01:17.050,0.290,0.133,0.1569999999999999,16,2.50,18,1.15,10,1.55,19,1.10,16,1.0,10,17,3.65,16,2.65,7,0.0985915492957746,10.869,0.1530845070422539,3.77,5.50,2.41,1.00,5.13,6.43,5.70,5.50,3.45,0.0,0.4637146371463714,0.0,0.3283378746594005,0.0,0.3548387096774194,0.0,0.1897533206831119,17.0,0.0,0.4531802120141343,0.0,49.0,0.0,0.0,0,0.0,0.0,0.0,0.0,0.0,0.0,0.0,0.0,0.0,0.0,0.0,0.0,0.0,0.0,0.0,0.0,3.5966666666666662,6.30,15,15,NLD,ALB,Alexander Albon,USA,USA,США,#071C63,Mercedes,#707070,0.0,100.0,50.0,50.0,0.0,0.0,16,18,16,17.0,16,18,16.0,19,10,6.30,
2024,2024151,2,17,Yuki Tsunoda,RB,12.0,11,17,17,17,+1 Lap,0,22,TSU,9,11,#476CBF,9-11,13,2,1.0,4.18,1.0,1.0,0.6174298375184638,11,0,0,6.0,11.0,0,0,0.0,0.0,71.0,99,-3,0.0,3.0,3.0,12.0,-1,0.0,1.0,1.0,1.0,76.803,01:16.803,0.305,0.125,0.18,17,2.40,15,1.30,16,1.25,17,1.20,17,1.0,16,16,3.70,18,2.45,10,0.1408450704225352,11.624,0.1637183098591552,3.27,3.25,3.42,1.00,4.7,6.43,5.70,5.50,3.45,0.0,0.2743288590604026,0.0,0.4115523465703972,1.0,0.7647058823529411,0.0,0.1642036124794745,18.0,0.0,0.3590527119938885,0.0,26.0,0.0,0.0,0,0.0,0.0,0.0,0.0,0.0,0.0,0.0,0.0,0.0,0.0,0.0,0.0,0.0,0.0,0.0,0.0,2.888333333333333,6.15,15,15,NLD,RIC,Daniel Ricciardo,JPN,Japan,Япония,#C60018,Honda,#DE0000,0.0,100.0,0.0,100.0,22.0,22.0,17,11,17,16.0,17,15,18.0,17,16,6.15,
2024,2024151,2,17,Esteban Ocon,Alpine,16.0,15,15,15,15,+1 Lap,0,31,OCO,13,3,#3494CC,13-3,9,4,1.0,2.06,0.0,0.0,0.2634271099744245,15,0,0,8.0,15.0,0,0,0.0,0.0,71.0,99,-3,1.0,4.0,5.0,16.0,-1,0.0,1.0,1.0,1.0,76.839,01:16.839,0.330,0.131,0.199,18,2.30,16,1.25,17,1.20,18,1.15,18,1.0,17,18,3.55,20,2.35,10,0.1408450704225352,14.061,0.1980422535211272,2.45,3.25,3.28,1.00,3.33,6.43,5.70,5.50,3.45,0.0,0.3013530135301354,0.0,0.3800695249130938,0.0,0.2452830188679245,0.0,0.2247191011235955,19.0,0.0,0.3436532507739938,2.0,2.0,2.0,0.0,0,0.0,0.0,0.0,0.0,0.0,0.0,0.0,0.0,0.0,0.0,0.0,0.0,0.0,0.0,0.0,0.0,2.341666666666667,5.90,15,15,NLD,GAS,Pierre Gasly,FRA,France,Франция,#004CA2,Renault,#FAEF00,20.0,80.0,0.0,100.0,5.0,5.0,15,15,18,18.0,18,16,20.0,18,17,5.90,
2024,2024151,2,17,Kevin Magnussen,Haas F1 Team,14.0,PLS,18,18,18,+1 Lap,0,20,MAG,22,7,#505050,22-7,6,3,1.0,3.12,0.0,0.0,0.4608567208271787,PLS,0,1,,20.0,0,0,0.0,0.0,71.0,99,-3,4.0,7.0,11.0,20.0,0,0.0,0.0,0.0,1.0,77.072,01:17.072,0.357,0.219,0.1379999999999999,19,2.20,19,1.10,11,1.50,20,1.05,19,1.0,11,19,3.30,17,2.55,9,0.1267605633802817,10.615,0.1495070422535212,1.56,5.50,2.32,1.00,5.27,6.43,5.70,5.50,3.45,0.0,0.1822429906542056,0.0,0.3281471004243281,0.0,0.4150943396226415,0.0,0.3546099290780141,16.0,0.0,0.4189189189189189,0.0,25.0,0.0,0.0,0,0.0,0.0,0.0,0.0,0.0,0.0,0.0,0.0,0.0,0.0,0.0,0.0,0.0,0.0,0.0,0.0,2.123333333333333,5.85,15,15,NLD,HUL,Nico Hulkenberg,DEN,Denmark,Дания,#D20019,Ferrari,#DC0004,36.0,64.0,0.0,0.0,5.0,5.0,18,15,19,19.0,19,19,17.0,20,11,5.85,
2024,2024151,2,17,Guanyu Zhou,Kick Sauber,18.0,17,20,20,20,+2 Laps,0,24,ZHO,23,8,#64D064,23-8,5,3,1.0,1.0,0.0,0.0,0.3952569169960473,17,0,0,9.0,17.0,0,0,0.0,0.0,70.0,97,-1,1.0,2.0,3.0,19.0,-2,0.0,2.0,2.0,1.0,77.391,01:17.391,0.374,0.096,0.278,20,2.10,20,1.05,20,1.05,14,1.35,20,1.0,20,20,3.15,19,2.40,14,0.2,17.960,0.2565714285714291,1.00,1.00,1.00,2.64,1.0,6.43,5.70,5.50,3.45,0.0,0.1557632398753894,0.0,0.2747252747252747,0.0,0.0909090909090909,1.0,0.5919282511210763,20.0,0.0,0.1373626373626373,0.0,25.0,0.0,0.0,0,0.0,0.0,0.0,0.0,0.0,0.0,0.0,0.0,0.0,0.0,0.0,0.0,0.0,0.0,0.0,0.0,1.2733333333333334,5.55,15,15,NLD,BOT,Valtteri Bottas,CHN,China,Китай,#F70000,Ferrari,#DC0004,33.0,67.0,0.0,100.0,0.0,0.0,20,17,20,20.0,20,20,19.0,14,20,5.55,
2024,2024161,2,18,Charles Leclerc,Ferrari,4.0,4,1,1,1,1:14:40.727,25,16,LEC,6,5,#BA3B30,6-5,15,3,1.0,8.58,1.0,1.0,0.5140802875973638,4,0,0,2.0,4.0,0,0,1.0,1.0,53.0,100,0,0.0,0.0,0.0,2.0,2,2.0,0.0,2.0,1.0,83.92,01:23.920,0.103,0.069,0.0339999999999999,2,3.90,4,1.85,1,2.00,12,1.45,1,1.0,1,2,5.75,4,3.45,6,0.1132075471698113,2.112,0.039849056603774,9.96,10.00,8.59,4.75,9.7,5.83,5.75,7.75,4.99,1.0,0.5357719203873049,1.0,0.5305744286596665,1.0,0.5296610169491525,1.0,0.59375,3.0,1.0,0.5054715997915581,37.0,38.0,25.0,1.0,1,1.0,0.0,0.0,1.0,0.0,2.0,0.0,1.0,0.0,0.0,1.0,0.0,0.0,0.0,0.0,15.0,9.098333333333334,9.20,20,16,ITA,SAI,Carlos Sainz,MON,Monaco,Монако,#D80000,Ferrari,#DC0004,0.0,0.0,100.0,0.0,217.0,217.0,1,4,1,2.0,2,4,4.0,12,1,9.20,
2024,2024161,2,18,Max Verstappen,Red Bull Racing,7.0,7,6,6,6,+37.932,8,1,VER,2,14,#1A4C82,2-14,16,2,1.0,7.16,1.0,1.0,0.5173410404624278,7,0,0,4.0,7.0,0,0,1.0,1.0,53.0,100,1,1.0,0.0,1.0,6.0,1,1.0,0.0,1.0,1.0,84.081,01:24.081,0.102,0.089,0.0129999999999999,1,4.00,6,1.75,6,1.75,9,1.60,2,1.0,5,1,5.75,5,3.35,4,0.0754716981132075,0.891,0.0168113207547162,10.00,8.88,8.03,5.50,10.0,5.83,5.75,7.75,4.99,1.0,0.6807351940095302,1.0,0.5436696005416384,1.0,0.533974744437763,0.0,0.4680851063829787,1.0,1.0,0.5254860746190225,12.0,12.0,8.0,1.0,0,0.0,1.0,0.0,0.0,0.0,1.0,0.0,0.0,0.0,0.0,0.0,0.0,0.0,0.0,0.0,3.0,9.063333333333334,9.10,20,16,ITA,PER,Sergio Perez,NLD,Netherlands,Нидерланды,#F75600,Honda,#DE0000,100.0,0.0,100.0,0.0,303.0,303.0,6,7,2,1.0,1,6,5.0,9,6,9.10,
2024,2024161,2,18,Oscar Piastri,McLaren,2.0,2,2,2,2,+2.664,18,81,PIA,28,9,#DE8E18,28-9,2,1,1.0,9.53,0.0,0.0,0.4879672299027137,2,0,0,1.0,2.0,0,0,1.0,1.0,53.0,100,1,1.0,0.0,1.0,1.0,1,1.0,0.0,1.0,1.0,83.509,01:23.509,0.149,0.098,0.0509999999999999,6,3.50,1,2.00,3,1.90,8,1.65,3,1.0,2,3,5.50,3,3.55,6,0.1132075471698113,2.646,0.049924528301887,8.05,8.88,10.00,5.50,9.56,5.83,5.75,7.75,4.99,1.0,0.6486704270749396,1.0,0.5050505050505051,1.0,0.6175243393602226,0.0,0.5,5.0,1.0,0.5218340611353712,34.0,52.0,18.0,1.0,0,0.0,0.0,1.0,0.0,0.0,1.0,0.0,0.0,1.0,0.0,1.0,0.0,1.0,0.0,1.0,32.0,7.7633333333333345,9.05,20,16,ITA,NOR,Lando Norris,AUS,Australia,Австралия,#F7C900,Mercedes,#707070,100.0,0.0,100.0,0.0,197.0,197.0,2,2,3,3.0,6,1,3.0,8,3,9.05,
2024,2024161,2,18,Fernando Alonso,Aston Martin,11.0,11,11,11,11,+1:08.495,0,14,ALO,19,4,#459A72,19-4,7,1,1.0,5.26,1.0,1.0,0.6848958333333334,11,0,0,6.0,11.0,0,0,1.0,1.0,53.0,100,3,4.0,1.0,5.0,10.0,1,1.0,0.0,1.0,1.0,84.687,01:24.687,0.114,0.093,0.021,3,3.80,9,1.60,7,1.70,2,1.95,4,1.0,6,4,5.40,2,3.65,5,0.0943396226415094,1.147,0.0216415094339621,9.50,8.88,5.95,7.00,9.94,5.83,5.75,7.75,4.99,1.0,0.8605072463768116,1.0,0.5867850098619329,1.0,0.533974744437763,1.0,0.5,2.0,1.0,0.5473568281938326,0.0,52.0,12.0,0.0,0,0.0,0.0,0.0,0.0,0.0,0.0,0.0,0.0,0.0,0.0,0.0,0.0,0.0,0.0,0.0,0.0,8.98,9.05,20,16,ITA,STR,Lance Stroll,ESP,Spain,Испания,#F7B800,Mercedes,#707070,80.0,20.0,100.0,0.0,50.0,50.0,11,11,4,4.0,3,9,2.0,2,7,9.05,
2024,2024161,2,18,Lewis Hamilton,Mercedes,6.0,6,5,5,5,+22.820,10,44,HAM,1,10,#0AA395,1-10,10,1,1.0,7.63,0.0,0.0,0.4574340527577937,6,0,0,3.0,6.0,0,0,1.0,1.0,53.0,100,2,2.0,0.0,2.0,5.0,1,1.0,0.0,1.0,1.0,83.852,01:23.852,0.179,0.103,0.076,9,3.20,3,1.90,5,1.80,4,1.85,5,1.0,4,7,5.10,1,3.65,2,0.0377358490566037,3.868,0.0729811320754716,6.81,8.88,8.82,6.25,9.26,5.83,5.75,7.75,4.99,1.0,0.594240837696335,1.0,0.5086505190311419,1.0,0.7320692497938994,0.0,0.3846153846153846,8.0,1.0,0.5246458923512748,16.0,52.0,32.0,0.0,0,0.0,0.0,0.0,0.0,0.0,0.0,0.0,0.0,0.0,0.0,0.0,0.0,0.0,0.0,0.0,0.0,7.0616666666666665,8.75,20,16,ITA,RUS,George Russell,GBR,Great Britain,Великобритания,#314486,Mercedes,#707070,100.0,0.0,100.0,0.0,164.0,164.0,5,6,5,7.0,9,3,1.0,4,5,8.75,
2024,2024161,2,18,Carlos Sainz,Ferrari,5.0,5,4,4,4,+15.621,12,55,SAI,8,5,#BA3B30,8-5,7,3,1.0,8.11,0.0,0.0,0.4859197124026363,5,0,0,3.0,5.0,0,0,0.0,0.0,53.0,100,-2,0.0,2.0,2.0,4.0,1,1.0,0.0,1.0,1.0,84.206,01:24.206,0.135,0.079,0.056,5,3.60,7,1.70,4,1.85,14,1.35,6,1.0,3,5,5.30,8,3.20,4,0.0754716981132075,2.956,0.0557735849056607,8.63,8.88,7.60,3.25,9.49,5.83,5.75,7.75,4.99,0.0,0.4642280796126949,0.0,0.4694255713403336,0.0,0.4703389830508474,0.0,0.40625,6.0,0.0,0.4945284002084419,37.0,38.0,12.0,0.0,0,0.0,0.0,0.0,0.0,0.0,0.0,0.0,0.0,0.0,0.0,0.0,0.0,0.0,0.0,0.0,2.0,7.775000000000001,8.50,20,16,ITA,LEC,Charles Leclerc,ESP,Spain,Испания,#F7B800,Ferrari,#DC0004,0.0,100.0,100.0,0.0,184.0,184.0,4,5,6,5.0,5,7,8.0,14,4,8.50,
2024,2024161,2,18,Daniel Ricciardo,RB,12.0,12,13,13,13,+1:33.452,0,3,RIC,7,11,#476CBF,7-11,2,2,1.0,4.79,1.0,1.0,0.6236979166666667,12,0,0,6.0,12.0,0,0,1.0,,53.0,100,0,2.0,2.0,4.0,11.0,1,1.0,0.0,1.0,1.0,85.199,01:25.199,0.131,0.091,0.04,4,3.70,13,1.40,8,1.65,13,1.40,7,1.0,7,6,5.10,11,3.05,4,0.0754716981132075,2.191,0.04133962264151,8.80,8.88,4.19,4.75,9.68,5.83,5.75,7.75,4.99,,,,,,,,,4.0,1.0,0.906367041198502,0.0,12.0,18.0,0.0,0,0.0,0.0,0.0,0.0,0.0,0.0,0.0,0.0,0.0,0.0,0.0,0.0,0.0,0.0,0.0,0.0,8.138333333333334,8.15,20,16,ITA,TSU,Yuki Tsunoda,AUS,Australia,Австралия,#F7C900,Honda,#DE0000,50.0,50.0,100.0,0.0,12.0,12.0,13,12,7,6.0,4,13,11.0,13,8,8.15,
2024,2024161,2,18,Kevin Magnussen,Haas F1 Team,13.0,13,10,10,10,+1:08.302,1,20,MAG,22,7,#505050,22-7,6,3,1.0,4.32,0.0,0.0,0.4294234592445328,13,0,0,7.0,13.0,0,0,1.0,1.0,53.0,100,1,3.0,2.0,5.0,12.0,1,1.0,0.0,1.0,1.0,84.917,01:24.917,0.170,0.093,0.077,7,3.40,10,1.55,9,1.60,10,1.55,8,1.0,8,8,4.95,9,3.15,6,0.1132075471698113,3.900,0.0735849056603769,7.18,8.88,5.16,5.50,9.25,5.83,5.75,7.75,4.99,1.0,0.8777506112469438,1.0,0.5149700598802396,1.0,0.8987854251012146,0.0,0.4680851063829787,9.0,1.0,0.5353009259259259,1.0,38.0,1.0,0.0,0,0.0,0.0,0.0,0.0,0.0,0.0,0.0,0.0,0.0,0.0,0.0,0.0,0.0,0.0,0.0,0.0,7.183333333333334,8.10,20,16,ITA,HUL,Nico Hulkenberg,DEN,Denmark,Дания,#D20019,Ferrari,#DC0004,60.0,40.0,100.0,0.0,6.0,6.0,10,13,8,8.0,7,10,9.0,10,9,8.10,
2024,2024161,2,18,Sergio Perez,Red Bull Racing,8.0,8,8,8,8,+54.148,4,11,PER,5,14,#1A4C82,5-14,14,2,1.0,6.68,0.0,0.0,0.4826589595375722,8,0,0,4.0,8.0,0,0,0.0,0.0,53.0,100,2,3.0,1.0,4.0,8.0,0,0.0,0.0,0.0,1.0,84.459,01:24.459,0.230,0.126,0.104,12,2.90,8,1.65,11,1.50,5,1.80,9,1.0,10,12,4.55,6,3.30,4,0.0754716981132075,4.805,0.0906603773584907,4.69,7.75,6.74,6.25,9.03,5.83,5.75,7.75,4.99,0.0,0.3192648059904697,0.0,0.4563303994583615,0.0,0.4660252555622368,1.0,0.5319148936170213,12.0,0.0,0.4745139253809773,12.0,12.0,4.0,0.0,0,0.0,0.0,0.0,0.0,0.0,0.0,0.0,0.0,0.0,0.0,0.0,0.0,0.0,0.0,0.0,1.0,5.460000000000001,7.85,20,16,ITA,VER,Max Verstappen,MEX,Mexico,Мексика,#006640,Honda,#DE0000,75.0,25.0,0.0,0.0,143.0,143.0,8,8,9,12.0,12,8,6.0,5,11,7.85,
2024,2024161,2,18,George Russell,Mercedes,3.0,3,7,7,7,+39.715,6,63,RUS,14,10,#0AA395,14-10,10,1,1.0,9.05,1.0,1.0,0.5425659472422063,3,0,0,2.0,3.0,0,0,0.0,0.0,53.0,100,7,7.0,0.0,7.0,7.0,-4,0.0,4.0,4.0,1.0,83.94,01:23.940,0.231,0.078,0.153,13,2.80,5,1.80,19,1.10,1,2.00,10,1.0,18,11,4.60,10,3.10,6,0.1132075471698113,7.380,0.1392452830188678,4.65,3.25,8.52,10.00,8.39,5.83,5.75,7.75,4.99,0.0,0.4057591623036649,0.0,0.4913494809688581,0.0,0.2679307502061006,1.0,0.6153846153846154,16.0,0.0,0.4753541076487252,16.0,52.0,32.0,1.0,0,0.0,0.0,0.0,0.0,1.0,1.0,0.0,0.0,0.0,0.0,0.0,0.0,0.0,1.0,1.0,0.0,5.308333333333334,7.70,20,16,ITA,HAM,Lewis Hamilton,GBR,Great Britain,Великобритания,#314486,Mercedes,#707070,100.0,0.0,0.0,100.0,128.0,128.0,7,3,10,11.0,13,5,10.0,1,19,7.70,
2024,2024161,2,18,Lando Norris,McLaren,1.0,1,3,3,3,+6.153,16,4,NOR,4,9,#DE8E18,4-9,10,1,1.0,10.0,1.0,1.0,0.5120327700972862,1,0,0,1.0,1.0,0,0,0.0,0.0,53.0,100,1,1.0,0.0,1.0,3.0,-2,0.0,2.0,2.0,1.0,83.568,01:23.568,0.238,0.124,0.1139999999999999,14,2.70,2,1.95,18,1.15,7,1.70,11,1.0,17,10,4.65,12,2.85,4,0.0754716981132075,5.896,0.1112452830188682,4.36,5.50,9.80,5.50,8.76,5.83,5.75,7.75,4.99,0.0,0.3513295729250604,0.0,0.494949494949495,0.0,0.3824756606397774,1.0,0.5,13.0,0.0,0.4781659388646288,34.0,52.0,32.0,0.0,0,0.0,0.0,0.0,0.0,0.0,0.0,1.0,0.0,0.0,1.0,1.0,1.0,0.0,0.0,1.0,0.0,4.74,7.50,20,16,ITA,PIA,Oscar Piastri,GBR,Great Britain,Великобритания,#314486,Mercedes,#707070,100.0,0.0,0.0,100.0,241.0,241.0,3,1,11,10.0,14,2,12.0,7,18,7.50,
2024,2024161,2,18,Alexander Albon,Williams,9.0,9,9,9,9,+1:07.456,2,23,ALB,24,18,#3C95C9,24-18,20,1,1.0,6.21,1.0,1.0,0.7610294117647058,9,0,0,5.0,9.0,0,0,1.0,1.0,53.0,100,-2,1.0,3.0,4.0,9.0,0,0.0,0.0,0.0,1.0,85.138,01:25.138,0.172,0.096,0.0759999999999999,8,3.30,12,1.45,12,1.45,15,1.30,12,1.0,11,9,4.75,16,2.75,6,0.1132075471698113,3.595,0.0678301886792447,7.10,7.75,4.40,3.25,9.33,5.83,5.75,7.75,4.99,1.0,0.5263157894736843,1.0,0.5385556915544676,1.0,0.5,0.0,0.3714285714285714,7.0,1.0,0.5059652928416487,2.0,52.0,2.0,0.0,0,0.0,0.0,0.0,0.0,0.0,0.0,0.0,0.0,0.0,0.0,0.0,0.0,0.0,0.0,0.0,0.0,6.566666666666666,7.50,20,16,ITA,COL,Franco Colapinto,THA,Thailand,Таиланд,#2E2549,Mercedes,#707070,25.0,75.0,0.0,0.0,6.0,6.0,9,9,12,9.0,8,12,16.0,15,12,7.50,
2024,2024161,2,18,Franco Colapinto,Williams,18.0,18,12,12,12,+1:21.308,0,43,COL,31,18,#3C95C9,31-18,1,1,1.0,1.95,0.0,0.0,0.2389705882352941,18,0,0,9.0,18.0,0,0,0.0,0.0,53.0,100,1,3.0,2.0,5.0,18.0,0,0.0,0.0,0.0,1.0,85.322,01:25.322,0.189,0.100,0.089,10,3.10,16,1.25,15,1.30,11,1.50,13,1.0,14,13,4.35,15,2.80,7,0.1320754716981132,4.491,0.0847358490566035,6.39,7.75,3.77,5.50,9.11,5.83,5.75,7.75,4.99,0.0,0.4736842105263158,0.0,0.4614443084455324,0.0,0.5,1.0,0.6285714285714286,11.0,0.0,0.4940347071583514,2.0,52.0,0.0,0.0,0,0.0,0.0,0.0,0.0,0.0,0.0,0.0,0.0,0.0,0.0,0.0,0.0,0.0,0.0,0.0,0.0,6.468333333333334,7.15,20,16,ITA,ALB,Alexander Albon,ARG,Argentina,Аргентина,#68A6DB,Mercedes,#707070,60.0,40.0,0.0,0.0,0.0,0.0,12,18,13,13.0,10,16,15.0,11,15,7.15,
2024,2024161,2,18,Lance Stroll,Aston Martin,17.0,17,19,19,19,+1 Lap,0,18,STR,10,4,#459A72,10-4,4,1,1.0,2.42,0.0,0.0,0.3151041666666667,17,0,0,9.0,17.0,0,0,0.0,0.0,52.0,98,3,5.0,2.0,7.0,17.0,0,0.0,0.0,0.0,1.0,85.2,01:25.200,0.306,0.131,0.175,17,2.40,14,1.35,14,1.35,3,1.90,14,1.0,13,17,3.75,7,3.25,7,0.1346153846153846,7.907,0.1520576923076908,1.54,7.75,4.19,7.00,8.22,5.83,5.75,7.75,4.99,0.0,0.1394927536231884,0.0,0.413214990138067,0.0,0.4660252555622368,0.0,0.5,17.0,0.0,0.4526431718061674,0.0,52.0,0.0,0.0,0,0.0,0.0,0.0,0.0,0.0,0.0,0.0,0.0,0.0,0.0,0.0,0.0,0.0,0.0,0.0,0.0,3.485,7.00,20,16,ITA,ALO,Fernando Alonso,CAN,Canada,Канада,#E30000,Mercedes,#707070,71.0,29.0,0.0,0.0,24.0,24.0,19,17,14,17.0,17,14,7.0,3,14,7.00,
2024,2024161,2,18,Esteban Ocon,Alpine,15.0,15,14,14,14,+1 Lap,0,31,OCO,13,3,#3494CC,13-3,9,4,1.0,3.37,0.0,0.0,0.4674063800277392,15,0,0,8.0,15.0,0,0,1.0,1.0,52.0,98,-3,2.0,5.0,7.0,15.0,0,1.0,1.0,2.0,1.0,85.743,01:25.743,0.223,0.143,0.08,11,3.00,17,1.20,13,1.40,17,1.20,15,1.0,12,14,4.20,17,2.60,5,0.0961538461538461,4.130,0.0794230769230779,4.98,7.75,2.32,2.50,9.18,5.83,5.75,7.75,4.99,1.0,0.6450777202072538,0.0,0.3754045307443365,0.0,0.4660252555622368,0.0,0.5,10.0,1.0,0.5171830985915493,0.0,0.0,0.0,0.0,0,0.0,0.0,0.0,0.0,0.0,0.0,0.0,0.0,0.0,0.0,0.0,0.0,0.0,0.0,0.0,0.0,5.028333333333333,6.80,20,16,ITA,GAS,Pierre Gasly,FRA,France,Франция,#004CA2,Renault,#FAEF00,29.0,71.0,50.0,50.0,5.0,5.0,14,15,15,14.0,11,17,17.0,17,13,6.80,
2024,2024161,2,18,Pierre Gasly,Alpine,14.0,14,15,15,15,+1 Lap,0,10,GAS,17,3,#3494CC,17-3,9,4,1.0,3.84,1.0,1.0,0.5325936199722607,14,0,0,7.0,14.0,0,0,0.0,0.0,52.0,98,-3,1.0,4.0,5.0,13.0,1,1.0,0.0,1.0,1.0,85.296,01:25.296,0.277,0.146,0.131,16,2.50,15,1.30,10,1.55,16,1.25,16,1.0,9,15,3.80,14,2.80,7,0.1346153846153846,6.511,0.12521153846154,2.74,8.88,3.86,2.50,8.57,5.83,5.75,7.75,4.99,0.0,0.3549222797927461,1.0,0.6245954692556634,1.0,0.533974744437763,1.0,0.5,15.0,0.0,0.4828169014084507,0.0,0.0,0.0,0.0,0,0.0,0.0,0.0,0.0,0.0,0.0,0.0,0.0,0.0,0.0,0.0,0.0,0.0,0.0,0.0,0.0,3.723333333333334,6.60,20,16,ITA,OCO,Esteban Ocon,FRA,France,Франция,#004CA2,Renault,#FAEF00,20.0,80.0,100.0,0.0,8.0,8.0,15,14,16,15.0,16,15,14.0,16,10,6.60,
2024,2024161,2,18,Nico Hulkenberg,Haas F1 Team,10.0,10,17,17,17,+1 Lap,0,27,HUL,25,7,#505050,25-7,11,3,1.0,5.74,1.0,1.0,0.5705765407554672,10,0,0,5.0,10.0,0,0,0.0,0.0,52.0,98,2,2.0,0.0,2.0,16.0,-6,0.0,6.0,6.0,1.0,85.004,01:25.004,0.319,0.120,0.199,19,2.20,11,1.50,20,1.05,6,1.75,17,1.0,19,18,3.70,13,2.80,5,0.0961538461538461,8.665,0.1666346153846157,1.00,1.00,4.86,6.25,8.03,5.83,5.75,7.75,4.99,0.0,0.1222493887530562,0.0,0.4850299401197605,0.0,0.1012145748987854,1.0,0.5319148936170213,18.0,0.0,0.464699074074074,1.0,38.0,0.0,0.0,0,0.0,0.0,0.0,0.0,0.0,0.0,0.0,0.0,0.0,0.0,0.0,0.0,0.0,0.0,0.0,0.0,1.875,6.50,20,16,ITA,MAG,Kevin Magnussen,GER,Germany,Германия,#000000,Ferrari,#DC0004,100.0,0.0,0.0,100.0,22.0,22.0,17,10,17,18.0,19,11,13.0,6,20,6.50,
2024,2024161,2,18,Valtteri Bottas,Kick Sauber,19.0,19,16,16,16,+1 Lap,0,77,BOT,3,8,#64D064,3-8,8,3,1.0,1.47,1.0,1.0,0.5951417004048584,19,0,0,10.0,19.0,0,0,1.0,1.0,52.0,98,-5,2.0,7.0,9.0,19.0,0,0.0,0.0,0.0,1.0,85.975,01:25.975,0.275,0.152,0.123,15,2.60,18,1.15,16,1.25,19,1.10,18,1.0,15,16,3.75,18,2.35,5,0.0961538461538461,6.153,0.1183269230769234,2.82,7.75,1.53,1.00,8.66,5.83,5.75,7.75,4.99,1.0,0.6527777777777777,1.0,0.6047430830039525,1.0,0.5,0.0,0.2857142857142857,14.0,1.0,0.5232628398791541,0.0,38.0,0.0,0.0,0,0.0,0.0,0.0,0.0,0.0,0.0,0.0,0.0,0.0,0.0,0.0,0.0,0.0,0.0,0.0,0.0,3.3383333333333334,6.10,20,16,ITA,ZHO,Guanyu Zhou,FIN,Finland,Финляндия,#04276B,Ferrari,#DC0004,22.0,78.0,0.0,0.0,0.0,0.0,16,19,18,16.0,15,18,18.0,19,16,6.10,
2024,2024161,2,18,Guanyu Zhou,Kick Sauber,20.0,20,18,18,18,+1 Lap,0,24,ZHO,23,8,#64D064,23-8,5,3,1.0,1.0,0.0,0.0,0.4048582995951417,20,0,0,10.0,20.0,0,0,0.0,0.0,52.0,98,-3,1.0,4.0,5.0,20.0,0,0.0,0.0,0.0,1.0,86.128,01:26.128,0.307,0.125,0.182,18,2.30,19,1.10,17,1.20,18,1.15,19,1.0,16,19,3.40,19,2.35,7,0.1346153846153846,9.201,0.1769423076923081,1.50,7.75,1.00,2.50,7.89,5.83,5.75,7.75,4.99,0.0,0.3472222222222222,0.0,0.3952569169960473,0.0,0.5,1.0,0.7142857142857143,19.0,0.0,0.4767371601208459,0.0,38.0,0.0,0.0,0,0.0,0.0,0.0,0.0,0.0,0.0,0.0,0.0,0.0,0.0,0.0,0.0,0.0,0.0,0.0,0.0,2.708333333333333,5.75,20,16,ITA,BOT,Valtteri Bottas,CHN,China,Китай,#F70000,Ferrari,#DC0004,20.0,80.0,0.0,0.0,0.0,0.0,18,20,19,19.0,18,19,19.0,18,17,5.75,
2024,2024161,2,18,Yuki Tsunoda,RB,16.0,16,-,DNF,20,-,0,22,TSU,9,11,#476CBF,9-11,13,2,1.0,2.89,0.0,0.0,0.3763020833333333,16,0,0,8.0,16.0,1,0,0.0,,7.0,13,-,0.0,6.0,6.0,14.0,2,2.0,0.0,2.0,0.0,-,-,2.092,0.401,1.691,DNC,DNC,DNC,DNC,2,DNC,DNC,DNC,DNC,0.0,20,DNC,DNC,DNC,DNC,1,0.1428571428571428,4.905,0.7007142857142858,-,10.00,-,-,1.0,5.83,5.75,7.75,4.99,,,,,,,,,20.0,0.0,0.0936329588014981,0.0,12.0,0.0,0.0,0,0.0,0.0,0.0,0.0,0.0,0.0,0.0,0.0,0.0,0.0,0.0,0.0,0.0,0.0,0.0,0.0,,DNC,20,16,ITA,RIC,Daniel Ricciardo,JPN,Japan,Япония,#C60018,Honda,#DE0000,0.0,100.0,100.0,0.0,22.0,22.0,15,16,15,14.333333333333334,14,14,17.333333333333332,15,2,6.58,
2024,2024171,2,19,Oscar Piastri,McLaren,2.0,2,1,1,1,1:32:58.007,25,81,PIA,28,9,#DE8E18,28-9,2,1,1.0,9.53,1.0,1.0,0.7673107890499195,2,0,0,1.0,2.0,0,0,1.0,1.0,51.0,100,2,2.0,0.0,2.0,2.0,0,0.0,0.0,0.0,1.0,107.958,01:47.958,0.166,0.129,0.037,3,3.80,1,2.00,7,1.70,3,1.90,1,1.0,7,2,5.80,3,3.60,2,0.0392156862745098,1.642,0.0321960784313724,9.50,5.50,10.00,5.80,9.72,7.11,6.56,5.50,4.79,1.0,0.5292479108635098,1.0,0.5230125523012553,0.0,0.3548387096774194,1.0,0.5576923076923077,2.0,0.0,0.4929006085192698,38.0,73.0,25.0,1.0,1,1.0,0.0,1.0,0.0,0.0,2.0,0.0,1.0,0.0,0.0,1.0,0.0,1.0,0.0,1.0,32.0,8.216666666666667,9.40,5,17,AZR,NOR,Lando Norris,AUS,Australia,Австралия,#F7C900,Mercedes,#707070,100.0,0.0,0.0,0.0,222.0,222.0,1,2,1,2.0,3,1,3.0,3,7,9.40,
2024,2024171,2,19,George Russell,Mercedes,5.0,5,3,3,3,+31.328,15,63,RUS,14,10,#0AA395,14-10,10,1,1.0,8.11,1.0,1.0,0.5311067452521283,5,0,0,3.0,5.0,0,0,1.0,1.0,51.0,100,3,3.0,0.0,3.0,6.0,-1,0.0,1.0,1.0,1.0,108.178,01:48.178,0.153,0.099,0.0539999999999999,1,4.00,5,1.80,16,1.25,2,1.95,2,1.0,15,1,5.80,6,3.20,5,0.0980392156862745,2.709,0.0531176470588247,10.00,3.25,9.18,6.40,8.6,7.11,6.56,5.50,4.79,1.0,0.6944444444444444,1.0,0.5670166769610872,0.0,0.2954545454545454,0.0,0.3902439024390244,4.0,1.0,0.6291148500365764,17.0,73.0,31.0,1.0,0,0.0,1.0,0.0,0.0,0.0,1.0,0.0,0.0,0.0,1.0,1.0,0.0,0.0,0.0,0.0,0.0,8.275,9.00,5,17,AZR,HAM,Lewis Hamilton,GBR,Great Britain,Великобритания,#314486,Mercedes,#707070,100.0,0.0,0.0,100.0,143.0,143.0,3,5,2,1.0,1,5,6.0,2,16,9.00,
2024,2024171,2,19,Carlos Sainz,Ferrari,3.0,3,-,DNF,18,-,0,55,SAI,8,5,#BA3B30,8-5,7,3,1.0,9.05,0.0,0.0,0.4750656167979002,3,0,0,2.0,3.0,1,0,0.0,,49.0,96,2,2.0,0.0,2.0,4.0,-1,0.0,1.0,1.0,1.0,107.968,01:47.968,0.178,0.120,0.0579999999999999,4,3.70,2,1.95,15,1.30,4,1.85,3,1.0,14,3,5.65,11,3.15,5,0.1020408163265306,3.148,0.0642448979591818,9.03,3.25,9.96,5.80,8.0,7.11,6.56,5.50,4.79,1.0,0.5636704119850187,1.0,0.5025227043390516,0.0,0.3714285714285714,1.0,0.5918367346938775,9.0,1.0,0.5582693649685974,18.0,19.0,8.0,0.0,0,0.0,0.0,0.0,0.0,0.0,0.0,0.0,0.0,0.0,0.0,0.0,0.0,0.0,1.0,1.0,1.0,7.528333333333332,8.80,5,17,AZR,LEC,Charles Leclerc,ESP,Spain,Испания,#F7B800,Ferrari,#DC0004,100.0,0.0,0.0,100.0,184.0,184.0,6,3,3,3.0,4,2,11.0,4,15,8.80,
2024,2024171,2,19,Sergio Perez,Red Bull Racing,4.0,4,-,DNF,17,-,0,11,PER,5,14,#1A4C82,5-14,14,2,1.0,8.58,1.0,1.0,0.5293028994447871,4,0,0,2.0,4.0,1,0,0.0,,49.0,96,2,2.0,0.0,2.0,3.0,1,1.0,0.0,1.0,1.0,107.995,01:47.995,0.221,0.165,0.0559999999999999,11,3.00,3,1.90,3,1.90,5,1.80,4,1.0,3,9,4.90,2,3.70,4,0.0816326530612244,2.952,0.0602448979591836,7.37,7.75,9.86,5.80,8.22,7.11,6.56,5.50,4.79,0.0,0.4871116986120291,1.0,0.5321100917431192,1.0,0.5,1.0,0.5918367346938775,7.0,1.0,0.5584239130434783,10.0,10.0,0.0,0.0,0,0.0,0.0,0.0,0.0,0.0,0.0,0.0,0.0,0.0,0.0,0.0,0.0,0.0,0.0,0.0,0.0,7.171666666666667,8.60,5,17,AZR,VER,Max Verstappen,MEX,Mexico,Мексика,#006640,Honda,#DE0000,100.0,0.0,100.0,0.0,143.0,143.0,9,4,4,9.0,11,3,2.0,5,3,8.60,
2024,2024171,2,19,Fernando Alonso,Aston Martin,8.0,7,6,6,6,+1:25.468,8,14,ALO,19,4,#459A72,19-4,7,1,1.0,6.68,1.0,1.0,0.6349809885931559,7,0,0,4.0,7.0,0,0,1.0,,51.0,100,2,2.0,0.0,2.0,7.0,0,0.0,0.0,0.0,1.0,108.789,01:48.789,0.180,0.118,0.062,5,3.60,10,1.55,8,1.65,6,1.75,5,1.0,8,5,5.15,5,3.40,4,0.0784313725490196,3.226,0.0632549019607843,8.96,5.50,6.91,5.80,8.06,7.11,6.56,5.50,4.79,1.0,0.5524044389642417,1.0,0.6109637488947833,1.0,0.5,1.0,0.5576923076923077,8.0,0.0,0.4893746205221616,8.0,73.0,8.0,0.0,0,0.0,0.0,0.0,0.0,0.0,0.0,0.0,0.0,0.0,0.0,0.0,0.0,0.0,0.0,0.0,0.0,7.856666666666666,8.55,5,17,AZR,STR,Lance Stroll,ESP,Spain,Испания,#F7B800,Mercedes,#707070,100.0,0.0,0.0,0.0,58.0,58.0,6,7,5,5.0,5,10,5.0,6,8,8.55,
2024,2024171,2,19,Franco Colapinto,Williams,9.0,8,8,8,8,+1:29.541,4,43,COL,31,18,#3C95C9,31-18,1,1,1.0,6.21,1.0,1.0,0.5196652719665272,8,0,0,4.0,8.0,0,0,0.0,0.0,51.0,100,1,3.0,2.0,5.0,8.0,0,0.0,0.0,0.0,1.0,109.011,01:49.011,0.163,0.129,0.034,2,3.90,13,1.40,9,1.60,9,1.60,6,1.0,9,4,5.30,8,3.20,3,0.0588235294117647,1.690,0.0331372549019618,9.61,5.50,6.09,5.20,9.67,7.11,6.56,5.50,4.79,1.0,0.5286028602860285,0.0,0.467741935483871,1.0,0.5,1.0,0.5652173913043479,3.0,1.0,0.5519406392694064,10.0,73.0,4.0,0.0,0,0.0,0.0,0.0,0.0,0.0,0.0,0.0,0.0,0.0,0.0,0.0,0.0,0.0,0.0,0.0,0.0,8.19,8.50,5,17,AZR,ALB,Alexander Albon,ARG,Argentina,Аргентина,#68A6DB,Mercedes,#707070,60.0,40.0,0.0,0.0,4.0,4.0,8,8,6,4.0,2,13,8.0,9,9,8.50,
2024,2024171,2,19,Lando Norris,McLaren,16.0,15,4,4,4,+36.143,13,4,NOR,4,9,#DE8E18,4-9,10,1,1.0,2.89,0.0,0.0,0.2326892109500805,15,0,0,8.0,15.0,0,0,0.0,0.0,51.0,100,0,2.0,2.0,4.0,12.0,2,2.0,0.0,2.0,1.0,108.196,01:48.196,0.193,0.164,0.0289999999999999,8,3.30,6,1.75,1,2.00,12,1.45,7,1.0,1,6,5.05,4,3.45,2,0.0392156862745098,1.380,0.0270588235294116,8.45,10.00,9.12,4.60,10.0,7.11,6.56,5.50,4.79,0.0,0.4707520891364902,0.0,0.4769874476987448,1.0,0.6451612903225806,0.0,0.4423076923076923,1.0,1.0,0.5070993914807302,38.0,73.0,31.0,1.0,0,0.0,0.0,0.0,1.0,0.0,1.0,1.0,0.0,0.0,0.0,0.0,0.0,0.0,0.0,0.0,0.0,8.066666666666666,8.50,5,17,AZR,PIA,Oscar Piastri,GBR,Great Britain,Великобритания,#314486,Mercedes,#707070,50.0,50.0,100.0,0.0,254.0,254.0,4,15,7,6.0,8,6,4.0,12,1,8.50,
2024,2024171,2,19,Max Verstappen,Red Bull Racing,6.0,6,5,5,5,+1:17.098,10,1,VER,2,14,#1A4C82,2-14,16,2,1.0,7.63,0.0,0.0,0.4706971005552128,6,0,0,3.0,6.0,0,0,1.0,,51.0,100,-1,0.0,1.0,1.0,5.0,1,1.0,0.0,1.0,1.0,108.317,01:48.317,0.211,0.118,0.093,9,3.20,7,1.70,4,1.85,14,1.35,8,1.0,4,8,4.90,7,3.20,5,0.0980392156862745,4.701,0.0921764705882357,7.76,7.75,8.67,4.00,6.5,7.11,6.56,5.50,4.79,1.0,0.5128883013879709,0.0,0.4678899082568807,0.0,0.5,0.0,0.4081632653061224,12.0,0.0,0.4415760869565217,10.0,10.0,10.0,0.0,0,0.0,0.0,0.0,0.0,0.0,0.0,0.0,0.0,0.0,0.0,0.0,0.0,0.0,0.0,0.0,0.0,7.131666666666667,8.10,5,17,AZR,PER,Sergio Perez,NLD,Netherlands,Нидерланды,#F75600,Honda,#DE0000,0.0,100.0,100.0,0.0,313.0,313.0,5,6,8,8.0,9,7,7.0,14,4,8.10,
2024,2024171,2,19,Lewis Hamilton,Mercedes,7.0,PLS,9,9,9,+1:32.401,2,44,HAM,1,10,#0AA395,1-10,10,1,1.0,7.16,0.0,0.0,0.4688932547478717,PLS,0,1,,19.0,0,0,0.0,0.0,51.0,100,9,9.0,0.0,9.0,17.0,1,1.0,0.0,1.0,1.0,108.764,01:48.764,0.298,0.175,0.123,16,2.50,8,1.65,5,1.80,1,2.00,9,1.0,5,14,4.15,1,3.80,5,0.0980392156862745,6.059,0.1188039215686268,4.40,7.75,7.01,10.00,5.07,7.11,6.56,5.50,4.79,0.0,0.3055555555555556,0.0,0.4329833230389129,1.0,0.7045454545454546,1.0,0.6097560975609757,16.0,0.0,0.3708851499634236,17.0,73.0,31.0,1.0,0,0.0,0.0,0.0,0.0,1.0,1.0,0.0,0.0,0.0,0.0,0.0,0.0,0.0,0.0,0.0,0.0,5.891666666666667,7.95,5,17,AZR,RUS,George Russell,GBR,Great Britain,Великобритания,#314486,Mercedes,#707070,100.0,0.0,100.0,0.0,166.0,166.0,9,4,9,14.0,16,8,1.0,1,5,7.95,
2024,2024171,2,19,Alexander Albon,Williams,10.0,9,7,7,7,+1:27.396,6,23,ALB,24,18,#3C95C9,24-18,20,1,1.0,5.74,0.0,0.0,0.4803347280334728,9,0,0,5.0,9.0,0,0,1.0,1.0,51.0,100,-1,2.0,3.0,5.0,9.0,0,0.0,0.0,0.0,1.0,108.786,01:48.786,0.190,0.114,0.076,7,3.40,9,1.60,10,1.55,15,1.30,10,1.0,10,7,5.00,14,2.85,3,0.0588235294117647,3.424,0.0671372549019614,8.57,5.50,6.93,4.00,7.85,7.11,6.56,5.50,4.79,0.0,0.4713971397139714,1.0,0.532258064516129,0.0,0.5,0.0,0.4347826086956522,10.0,0.0,0.4480593607305936,10.0,73.0,6.0,0.0,0,0.0,0.0,0.0,0.0,0.0,0.0,0.0,0.0,0.0,0.0,0.0,0.0,0.0,0.0,0.0,0.0,7.296666666666667,7.85,5,17,AZR,COL,Franco Colapinto,THA,Thailand,Таиланд,#2E2549,Mercedes,#707070,40.0,60.0,0.0,0.0,12.0,12.0,7,9,10,7.0,7,9,14.0,15,10,7.85,
2024,2024171,2,19,Charles Leclerc,Ferrari,1.0,1,2,2,2,+10.910,18,16,LEC,6,5,#BA3B30,6-5,15,3,1.0,10.0,1.0,1.0,0.5249343832020997,1,0,0,1.0,1.0,0,0,1.0,,51.0,100,-1,0.0,1.0,1.0,1.0,0,0.0,0.0,0.0,1.0,107.996,01:47.996,0.231,0.130,0.101,14,2.70,4,1.85,6,1.75,13,1.40,11,1.0,6,11,4.55,10,3.15,6,0.1176470588235294,4.870,0.0954901960784314,6.99,5.50,9.86,4.00,6.33,7.11,6.56,5.50,4.79,0.0,0.4363295880149813,0.0,0.4974772956609485,1.0,0.6285714285714286,0.0,0.4081632653061224,13.0,0.0,0.4417306350314026,18.0,19.0,18.0,0.0,0,0.0,0.0,0.0,0.0,0.0,0.0,0.0,0.0,1.0,0.0,1.0,1.0,0.0,0.0,1.0,18.0,6.243333333333333,7.70,5,17,AZR,SAI,Carlos Sainz,MON,Monaco,Монако,#D80000,Ferrari,#DC0004,0.0,100.0,0.0,0.0,235.0,235.0,2,1,11,11.0,14,4,10.0,13,6,7.70,
2024,2024171,2,19,Guanyu Zhou,Kick Sauber,18.0,17,14,14,14,+2:28.841,0,24,ZHO,23,8,#64D064,23-8,5,3,1.0,1.95,0.0,0.0,0.4462242562929062,17,0,0,9.0,17.0,0,0,1.0,1.0,51.0,100,2,4.0,2.0,6.0,18.0,-2,0.0,2.0,2.0,1.0,109.845,01:49.845,0.187,0.080,0.107,6,3.50,16,1.25,20,1.05,8,1.65,12,1.0,19,10,4.75,16,2.70,6,0.1176470588235294,5.158,0.101137254901961,8.69,1.00,2.99,5.80,6.02,7.11,6.56,5.50,4.79,1.0,0.6902303415409055,1.0,0.5526802218114603,0.0,0.2352941176470588,1.0,0.7837837837837838,14.0,1.0,0.6225439503619441,0.0,19.0,0.0,0.0,0,0.0,0.0,0.0,0.0,0.0,0.0,0.0,0.0,0.0,0.0,0.0,0.0,0.0,0.0,0.0,0.0,6.926666666666666,7.45,5,17,AZR,BOT,Valtteri Bottas,CHN,China,Китай,#F70000,Ferrari,#DC0004,67.0,33.0,0.0,100.0,0.0,0.0,14,17,12,10.0,6,16,16.0,8,20,7.45,
2024,2024171,2,19,Pierre Gasly,Alpine,20.0,18,12,12,12,+1:57.189,0,10,GAS,17,3,#3494CC,17-3,9,4,1.0,1.0,0.0,0.0,0.4048582995951417,18,0,0,9.0,18.0,0,0,1.0,1.0,51.0,100,-4,2.0,6.0,8.0,15.0,2,2.0,0.0,2.0,1.0,109.52,01:49.520,0.227,0.130,0.097,13,2.80,15,1.30,2,1.95,17,1.20,13,1.0,2,15,4.10,12,3.15,4,0.0784313725490196,4.637,0.0909215686274509,7.14,10.00,4.20,2.20,6.57,7.11,6.56,5.50,4.79,1.0,0.877149877149877,1.0,0.8076923076923077,1.0,0.6451612903225806,0.0,0.3928571428571429,11.0,1.0,0.8678996036988111,0.0,0.0,0.0,0.0,0,0.0,0.0,0.0,0.0,0.0,0.0,0.0,0.0,0.0,0.0,0.0,0.0,0.0,0.0,0.0,0.0,6.793333333333333,7.25,5,17,AZR,OCO,Esteban Ocon,FRA,France,Франция,#004CA2,Renault,#FAEF00,25.0,75.0,100.0,0.0,8.0,8.0,12,18,13,15.0,13,15,12.0,17,2,7.25,
2024,2024171,2,19,Lance Stroll,Aston Martin,14.0,13,-,DNF,19,-,0,18,STR,10,4,#459A72,10-4,4,1,1.0,3.84,0.0,0.0,0.3650190114068441,13,0,0,7.0,13.0,1,0,0.0,,45.0,88,0,1.0,1.0,2.0,20.0,0,0.0,0.0,0.0,1.0,109.466,01:49.466,0.224,0.175,0.049,12,2.90,14,1.35,13,1.40,11,1.50,14,1.0,12,13,4.25,13,2.90,3,0.0666666666666666,2.553,0.0567333333333332,7.26,5.50,4.40,4.60,8.41,7.11,6.56,5.50,4.79,0.0,0.4475955610357583,0.0,0.3890362511052166,0.0,0.5,0.0,0.4423076923076923,5.0,1.0,0.5106253794778386,8.0,73.0,0.0,0.0,0,0.0,0.0,0.0,0.0,0.0,0.0,0.0,0.0,0.0,0.0,0.0,0.0,0.0,0.0,0.0,0.0,6.523333333333333,7.15,5,17,AZR,ALO,Fernando Alonso,CAN,Canada,Канада,#E30000,Mercedes,#707070,50.0,50.0,0.0,0.0,24.0,24.0,16,13,14,13.0,12,14,13.0,11,13,7.15,
2024,2024171,2,19,Oliver Bearman,Haas F1 Team,11.0,10,10,10,10,+1:33.127,1,50,BEA,30,7,#505050,30-7,10,3,1.0,5.26,1.0,1.0,0.5490605427974947,10,0,0,5.0,10.0,0,0,1.0,1.0,51.0,100,2,5.0,3.0,8.0,10.0,0,0.0,0.0,0.0,1.0,108.973,01:48.973,0.316,0.171,0.145,18,2.30,12,1.45,11,1.50,7,1.70,15,1.0,11,17,3.75,9,3.20,5,0.0980392156862745,7.227,0.1417058823529429,3.70,5.50,6.23,5.80,3.84,7.11,6.56,5.50,4.79,0.0,0.4065934065934065,0.0,0.478494623655914,1.0,0.6285714285714286,1.0,0.5272727272727272,17.0,0.0,0.4033613445378151,1.0,19.0,31.0,0.0,0,0.0,0.0,0.0,0.0,0.0,0.0,0.0,0.0,0.0,0.0,0.0,0.0,0.0,0.0,0.0,0.0,4.3500000000000005,6.95,5,17,AZR,HUL,Nico Hulkenberg,GBR,Great Britain,Великобритания,#314486,Ferrari,#DC0004,62.0,38.0,0.0,0.0,1.0,7.0,10,10,15,17.0,18,12,9.0,7,11,6.95,
2024,2024171,2,19,Nico Hulkenberg,Haas F1 Team,13.0,12,11,11,11,+1:33.465,0,27,HUL,25,7,#505050,25-7,11,3,1.0,4.32,0.0,0.0,0.4509394572025052,12,0,0,6.0,12.0,0,0,0.0,0.0,51.0,100,1,5.0,4.0,9.0,13.0,-1,0.0,1.0,1.0,1.0,108.823,01:48.823,0.272,0.157,0.115,15,2.60,11,1.50,17,1.20,10,1.55,16,1.0,16,16,4.10,15,2.75,7,0.1372549019607843,5.486,0.1075686274509802,5.40,3.25,6.79,5.20,5.68,7.11,6.56,5.50,4.79,1.0,0.5934065934065934,1.0,0.521505376344086,0.0,0.3714285714285714,0.0,0.4727272727272727,15.0,1.0,0.5966386554621849,1.0,19.0,0.0,0.0,0,0.0,0.0,0.0,0.0,0.0,0.0,0.0,0.0,0.0,0.0,0.0,0.0,0.0,0.0,0.0,0.0,5.008333333333334,6.85,5,17,AZR,BEA,Oliver Bearman,GER,Germany,Германия,#000000,Ferrari,#DC0004,56.0,44.0,0.0,100.0,22.0,22.0,11,12,16,16.0,15,11,15.0,10,17,6.85,
2024,2024171,2,19,Daniel Ricciardo,RB,15.0,14,13,13,13,+2:26.907,0,3,RIC,7,11,#476CBF,7-11,2,2,1.0,3.37,0.0,0.0,0.4129901960784314,14,0,0,7.0,14.0,0,0,1.0,,51.0,100,-6,1.0,7.0,8.0,14.0,-1,0.0,1.0,1.0,1.0,109.845,01:49.845,0.220,0.162,0.0579999999999999,10,3.10,17,1.20,18,1.15,19,1.10,17,1.0,17,12,4.30,18,2.25,2,0.0392156862745098,3.070,0.0601960784313724,7.41,3.25,2.99,1.00,8.22,7.11,6.56,5.50,4.79,,,,,,,,,6.0,1.0,1.0,0.0,10.0,25.0,0.0,0,0.0,0.0,0.0,0.0,0.0,0.0,0.0,0.0,0.0,0.0,0.0,0.0,0.0,0.0,0.0,0.0,5.648333333333333,6.55,5,17,AZR,TSU,Yuki Tsunoda,AUS,Australia,Австралия,#F7C900,Honda,#DE0000,12.0,88.0,0.0,100.0,12.0,12.0,13,14,17,12.0,10,17,18.0,19,18,6.55,
2024,2024171,2,19,Esteban Ocon,Alpine,19.0,PLS,15,15,15,+1 Lap,0,31,OCO,13,3,#3494CC,13-3,9,4,1.0,1.47,1.0,1.0,0.5951417004048584,PLS,0,1,,20.0,0,0,0.0,0.0,50.0,98,-2,1.0,3.0,4.0,19.0,0,0.0,0.0,0.0,1.0,110.382,01:50.382,0.386,0.180,0.206,19,2.20,19,1.10,14,1.35,16,1.25,18,1.0,13,19,3.30,17,2.60,3,0.06,9.734,0.1946799999999996,1.00,5.50,1.00,3.40,1.0,7.11,6.56,5.50,4.79,0.0,0.1228501228501228,0.0,0.1923076923076923,0.0,0.3548387096774194,1.0,0.6071428571428572,19.0,0.0,0.1321003963011889,0.0,0.0,0.0,0.0,0,0.0,0.0,0.0,0.0,0.0,0.0,0.0,0.0,0.0,0.0,0.0,0.0,0.0,0.0,0.0,0.0,2.15,5.90,5,17,AZR,GAS,Pierre Gasly,FRA,France,Франция,#004CA2,Renault,#FAEF00,25.0,75.0,0.0,0.0,5.0,5.0,15,15,18,19.0,19,19,17.0,16,14,5.90,
2024,2024171,2,19,Valtteri Bottas,Kick Sauber,17.0,16,16,16,16,+1 Lap,0,77,BOT,3,8,#64D064,3-8,8,3,1.0,2.42,1.0,1.0,0.5537757437070938,16,0,0,8.0,16.0,0,0,0.0,0.0,50.0,98,-5,0.0,5.0,5.0,16.0,-1,0.0,1.0,1.0,1.0,109.999,01:49.999,0.311,0.172,0.139,17,2.40,18,1.15,19,1.10,18,1.15,19,1.0,18,18,3.55,19,2.25,8,0.16,7.266,0.1453200000000015,3.90,3.25,2.42,1.60,3.65,7.11,6.56,5.50,4.79,0.0,0.3097696584590945,0.0,0.4473197781885397,1.0,0.7647058823529411,0.0,0.2162162162162162,18.0,0.0,0.3774560496380558,0.0,19.0,0.0,0.0,0,0.0,0.0,0.0,0.0,0.0,0.0,0.0,0.0,0.0,0.0,0.0,0.0,0.0,0.0,0.0,0.0,3.408333333333333,5.80,5,17,AZR,ZHO,Guanyu Zhou,FIN,Finland,Финляндия,#04276B,Ferrari,#DC0004,0.0,100.0,0.0,100.0,0.0,0.0,16,16,19,18.0,17,18,19.0,18,19,5.80,
2024,2024171,2,19,Yuki Tsunoda,RB,12.0,11,-,DNF,20,-,0,22,TSU,9,11,#476CBF,9-11,13,2,1.0,4.79,1.0,1.0,0.5870098039215687,11,0,0,6.0,11.0,1,0,0.0,,14.0,27,-,0.0,6.0,6.0,11.0,0,0.0,0.0,0.0,0.0,-,-,0.366,0.366,0.0,DNC,DNC,DNC,DNC,12,DNC,DNC,DNC,DNC,0.0,20,DNC,DNC,DNC,DNC,0,0.0,-,,-,5.50,-,-,,7.11,6.56,5.50,4.79,,,,,,,,,20.0,0.0,,0.0,10.0,0.0,0.0,0,0.0,0.0,0.0,0.0,0.0,0.0,0.0,0.0,0.0,0.0,0.0,0.0,0.0,0.0,0.0,0.0,,DNC,5,17,AZR,RIC,Daniel Ricciardo,JPN,Japan,Япония,#C60018,Honda,#DE0000,0.0,100.0,0.0,0.0,22.0,22.0,14,11,14,12.666666666666666,11,12,16.666666666666668,12,12,7.02,
2024,2024181,2,20,Max Verstappen,Red Bull Racing,2.0,2,2,2,2,+20.945,18,1,VER,2,14,#1A4C82,2-14,16,2,1.0,9.53,1.0,1.0,0.688086642599278,2,0,0,1.0,2.0,0,0,1.0,1.0,62.0,100,0,0.0,0.0,0.0,2.0,0,0.0,0.0,0.0,1.0,97.353,01:37.353,0.098,0.079,0.019,1,4.00,2,1.95,7,1.70,8,1.65,1,1.0,7,1,5.95,8,3.35,6,0.0967741935483871,1.470,0.0237096774193552,10.00,6.14,8.82,6.00,10.0,5.93,4.18,6.14,6.00,1.0,0.5861664712778429,1.0,0.6961325966850829,0.0,0.3804213135068153,0.0,0.4615384615384615,1.0,1.0,0.6321112515802781,19.0,19.0,18.0,1.0,1,1.0,1.0,0.0,0.0,0.0,2.0,0.0,0.0,1.0,0.0,1.0,0.0,1.0,0.0,1.0,0.0,8.69,9.30,33,18,SGP,PER,Sergio Perez,NLD,Netherlands,Нидерланды,#F75600,Honda,#DE0000,0.0,0.0,0.0,0.0,331.0,331.0,2,2,1,1.0,1,2,8.0,8,7,9.30,
2024,2024181,2,20,Charles Leclerc,Ferrari,9.0,9,5,5,5,+1:02.430,10,16,LEC,6,5,#BA3B30,6-5,15,3,1.0,6.21,1.0,1.0,0.5196652719665272,9,0,0,5.0,9.0,0,0,1.0,1.0,62.0,100,4,4.0,0.0,4.0,8.0,1,1.0,0.0,1.0,1.0,97.998,01:37.998,0.250,0.127,0.123,11,3.00,4,1.85,4,1.85,1,2.00,2,1.0,4,10,4.85,1,3.85,9,0.1451612903225806,7.977,0.1286612903225802,5.74,7.43,6.39,10.00,3.65,5.93,4.18,6.14,6.00,0.0,0.4408602150537635,1.0,0.5927643784786641,1.0,0.6754545454545454,1.0,0.5,14.0,0.0,0.2915335463258786,16.0,18.0,10.0,1.0,0,0.0,0.0,0.0,0.0,1.0,1.0,0.0,0.0,0.0,0.0,0.0,0.0,0.0,0.0,0.0,0.0,6.7316666666666665,8.70,33,18,SGP,SAI,Carlos Sainz,MON,Monaco,Монако,#D80000,Ferrari,#DC0004,100.0,0.0,100.0,0.0,245.0,245.0,5,9,2,10.0,11,4,1.0,1,4,8.70,
2024,2024181,2,20,Lewis Hamilton,Mercedes,3.0,3,6,6,6,+1:25.248,8,44,HAM,1,10,#0AA395,1-10,10,1,1.0,9.05,1.0,1.0,0.5133295519001702,3,0,0,2.0,3.0,0,0,0.0,0.0,62.0,100,1,3.0,2.0,5.0,3.0,0,0.0,0.0,0.0,1.0,98.46,01:38.460,0.208,0.143,0.065,7,3.40,6,1.75,8,1.65,4,1.85,3,1.0,8,6,5.15,4,3.50,4,0.064516129032258,4.189,0.0675645161290326,6.92,6.14,4.66,7.00,7.35,5.93,4.18,6.14,6.00,0.0,0.4678837052062204,0.0,0.4302862419205909,1.0,0.5,1.0,0.5833333333333334,6.0,0.0,0.4896735509660226,20.0,64.0,45.0,0.0,0,0.0,0.0,0.0,0.0,0.0,0.0,0.0,0.0,0.0,0.0,0.0,0.0,0.0,1.0,1.0,0.0,6.803333333333334,8.65,33,18,SGP,RUS,George Russell,GBR,Great Britain,Великобритания,#314486,Mercedes,#707070,60.0,40.0,0.0,0.0,174.0,174.0,6,3,3,6.0,7,6,4.0,4,8,8.65,
2024,2024181,2,20,Sergio Perez,Red Bull Racing,13.0,13,10,10,10,+1 Lap,1,11,PER,5,14,#1A4C82,5-14,14,2,1.0,4.32,0.0,0.0,0.311913357400722,13,0,0,7.0,13.0,0,0,0.0,0.0,61.0,98,1,1.0,0.0,1.0,10.0,3,3.0,0.0,3.0,1.0,98.675,01:38.675,0.203,0.108,0.095,6,3.50,12,1.45,2,1.95,6,1.75,4,1.0,2,9,4.95,3,3.70,7,0.1147540983606557,5.666,0.0928852459016402,7.06,10.00,3.85,7.00,5.82,5.93,4.18,6.14,6.00,0.0,0.4138335287221571,0.0,0.3038674033149171,1.0,0.6195786864931846,1.0,0.5384615384615384,8.0,0.0,0.3678887484197218,19.0,19.0,1.0,0.0,0,0.0,0.0,0.0,0.0,0.0,0.0,0.0,0.0,0.0,0.0,0.0,0.0,0.0,0.0,0.0,0.0,7.539999999999999,8.65,33,18,SGP,VER,Max Verstappen,MEX,Mexico,Мексика,#006640,Honda,#DE0000,100.0,0.0,100.0,0.0,144.0,144.0,10,13,4,9.0,6,12,3.0,6,2,8.65,
2024,2024181,2,20,George Russell,Mercedes,4.0,4,4,4,4,+1:01.040,12,63,RUS,14,10,#0AA395,14-10,10,1,1.0,8.58,0.0,0.0,0.4866704480998298,4,0,0,2.0,4.0,0,0,1.0,1.0,62.0,100,-1,0.0,1.0,1.0,4.0,0,0.0,0.0,0.0,1.0,98.058,01:38.058,0.174,0.110,0.0639999999999999,3,3.80,5,1.80,9,1.60,13,1.40,5,1.0,9,2,5.60,11,3.00,8,0.1290322580645161,3.865,0.0623387096774195,7.87,6.14,6.17,5.00,7.66,5.93,4.18,6.14,6.00,1.0,0.5321162947937796,1.0,0.569713758079409,0.0,0.5,0.0,0.4166666666666667,4.0,1.0,0.5103264490339774,20.0,64.0,45.0,0.0,0,0.0,0.0,0.0,0.0,0.0,0.0,0.0,0.0,0.0,0.0,0.0,0.0,0.0,0.0,0.0,0.0,7.103333333333334,8.60,33,18,SGP,HAM,Lewis Hamilton,GBR,Great Britain,Великобритания,#314486,Mercedes,#707070,0.0,100.0,0.0,0.0,155.0,155.0,4,4,5,2.0,3,5,11.0,13,9,8.60,
2024,2024181,2,20,Fernando Alonso,Aston Martin,7.0,7,8,8,8,+1 Lap,4,14,ALO,19,4,#459A72,19-4,7,1,1.0,7.16,1.0,1.0,0.7473903966597077,7,0,0,4.0,7.0,0,0,1.0,1.0,61.0,98,0,1.0,1.0,2.0,7.0,0,0.0,0.0,0.0,1.0,98.598,01:38.598,0.158,0.105,0.053,2,3.90,8,1.65,12,1.45,9,1.60,6,1.0,12,3,5.55,10,3.05,7,0.1147540983606557,3.550,0.0581967213114765,8.32,6.14,4.14,6.00,7.91,5.93,4.18,6.14,6.00,1.0,0.66934835076428,1.0,0.708904109589041,1.0,0.5581818181818181,1.0,0.5454545454545454,3.0,1.0,0.8877665544332211,4.0,64.0,10.0,0.0,0,0.0,0.0,0.0,0.0,0.0,0.0,0.0,0.0,0.0,0.0,0.0,0.0,0.0,0.0,0.0,0.0,7.57,8.60,33,18,SGP,STR,Lance Stroll,ESP,Spain,Испания,#F7B800,Mercedes,#707070,50.0,50.0,0.0,0.0,62.0,62.0,8,7,6,3.0,2,8,10.0,9,12,8.60,
2024,2024181,2,20,Lando Norris,McLaren,1.0,1,1,1,1,1:40:52.571,25,4,NOR,4,9,#DE8E18,4-9,10,1,1.0,10.0,1.0,1.0,0.5521811154058531,1,0,0,1.0,1.0,0,0,1.0,1.0,62.0,100,0,0.0,0.0,0.0,1.0,0,0.0,0.0,0.0,1.0,97.038,01:37.038,0.237,0.184,0.0529999999999999,10,3.10,1,2.00,6,1.75,7,1.70,7,1.0,6,8,5.10,5,3.45,5,0.0806451612903225,3.908,0.0630322580645154,6.10,6.14,10.00,6.00,7.62,5.93,4.18,6.14,6.00,0.0,0.5,1.0,0.5704506560182544,1.0,0.5,0.0,0.4285714285714285,5.0,1.0,0.5328671328671328,40.0,64.0,45.0,1.0,0,0.0,0.0,1.0,0.0,0.0,1.0,0.0,1.0,0.0,0.0,1.0,1.0,0.0,0.0,1.0,62.0,6.09,8.55,33,18,SGP,PIA,Oscar Piastri,GBR,Great Britain,Великобритания,#314486,Mercedes,#707070,0.0,0.0,0.0,0.0,279.0,279.0,1,1,7,8.0,10,1,5.0,7,6,8.55,
2024,2024181,2,20,Oscar Piastri,McLaren,5.0,5,3,3,3,+41.823,15,81,PIA,28,9,#DE8E18,28-9,2,1,1.0,8.11,0.0,0.0,0.4478188845941468,5,0,0,3.0,5.0,0,0,0.0,0.0,62.0,100,2,2.0,0.0,2.0,5.0,0,0.0,0.0,0.0,1.0,97.694,01:37.694,0.237,0.157,0.0799999999999999,9,3.20,3,1.90,10,1.55,3,1.90,8,1.0,10,7,5.10,6,3.45,9,0.1451612903225806,4.870,0.0785483870967761,6.10,6.14,7.53,8.00,6.68,5.93,4.18,6.14,6.00,1.0,0.5,0.0,0.4295493439817455,0.0,0.5,1.0,0.5714285714285714,7.0,0.0,0.4671328671328671,40.0,64.0,15.0,0.0,0,0.0,0.0,0.0,0.0,0.0,0.0,0.0,0.0,0.0,1.0,1.0,0.0,0.0,0.0,0.0,0.0,6.423333333333333,8.55,33,18,SGP,NOR,Lando Norris,AUS,Australia,Австралия,#F7C900,Mercedes,#707070,100.0,0.0,0.0,0.0,237.0,237.0,3,5,8,7.0,9,3,6.0,3,10,8.55,
2024,2024181,2,20,Carlos Sainz,Ferrari,10.0,10,7,7,7,+1:36.039,6,55,SAI,8,5,#BA3B30,8-5,7,3,1.0,5.74,0.0,0.0,0.4803347280334728,10,0,0,5.0,10.0,0,0,0.0,0.0,62.0,100,4,5.0,1.0,6.0,12.0,-2,0.0,2.0,2.0,1.0,98.532,01:38.532,0.195,0.157,0.038,5,3.60,7,1.70,18,1.15,2,1.95,9,1.0,18,4,5.30,9,3.10,4,0.064516129032258,2.631,0.0424354838709682,7.28,3.57,4.39,10.00,8.87,5.93,4.18,6.14,6.00,1.0,0.5591397849462366,0.0,0.4072356215213358,0.0,0.3245454545454545,0.0,0.5,2.0,1.0,0.7084664536741214,16.0,18.0,10.0,0.0,0,0.0,0.0,0.0,0.0,0.0,0.0,0.0,0.0,0.0,0.0,0.0,0.0,0.0,0.0,0.0,0.0,7.115000000000001,8.40,33,18,SGP,LEC,Charles Leclerc,ESP,Spain,Испания,#F7B800,Ferrari,#DC0004,83.0,17.0,0.0,100.0,190.0,190.0,7,10,9,4.0,5,7,9.0,2,18,8.40,
2024,2024181,2,20,Franco Colapinto,Williams,12.0,12,11,11,11,+1 Lap,0,43,COL,31,18,#3C95C9,31-18,1,1,1.0,4.79,0.0,0.0,0.4766169154228855,12,0,0,6.0,12.0,0,0,1.0,,61.0,98,1,1.0,0.0,1.0,9.0,3,3.0,0.0,3.0,1.0,98.62,01:38.620,0.257,0.148,0.109,12,2.90,10,1.55,1,2.00,5,1.80,10,1.0,1,12,4.45,2,3.80,7,0.1147540983606557,6.688,0.1096393442622949,5.54,10.00,4.06,7.00,4.8,5.93,4.18,6.14,6.00,,,,,,,,,12.0,1.0,1.0,0.0,64.0,0.0,1.0,0,0.0,0.0,0.0,1.0,0.0,1.0,0.0,0.0,0.0,0.0,0.0,0.0,0.0,0.0,0.0,0.0,6.526666666666666,8.25,33,18,SGP,ALB,Alexander Albon,ARG,Argentina,Аргентина,#68A6DB,Mercedes,#707070,100.0,0.0,100.0,0.0,4.0,4.0,11,12,10,12.0,12,10,2.0,5,1,8.25,
2024,2024181,2,20,Nico Hulkenberg,Haas F1 Team,6.0,6,9,9,9,+1 Lap,2,27,HUL,25,7,#505050,25-7,11,3,1.0,7.63,1.0,1.0,0.6652136006974717,6,0,0,3.0,6.0,0,0,1.0,1.0,61.0,98,-1,0.0,1.0,1.0,6.0,0,0.0,0.0,0.0,1.0,98.603,01:38.603,0.192,0.101,0.091,4,3.70,9,1.60,11,1.50,14,1.35,11,1.0,11,5,5.30,13,2.85,11,0.180327868852459,5.721,0.0937868852459017,7.36,6.14,4.12,5.00,5.76,5.93,4.18,6.14,6.00,1.0,0.6355785837651123,1.0,0.6688311688311689,1.0,0.5,1.0,0.5,9.0,1.0,0.7227101631116688,2.0,18.0,2.0,0.0,0,0.0,0.0,0.0,0.0,0.0,0.0,0.0,0.0,0.0,0.0,0.0,0.0,0.0,0.0,0.0,0.0,6.763333333333333,8.15,33,18,SGP,MAG,Kevin Magnussen,GER,Germany,Германия,#000000,Ferrari,#DC0004,0.0,100.0,0.0,0.0,24.0,24.0,9,6,11,5.0,4,9,13.0,14,11,8.15,
2024,2024181,2,20,Yuki Tsunoda,RB,8.0,8,12,12,12,+1 Lap,0,22,TSU,9,11,#476CBF,9-11,13,2,1.0,6.68,1.0,1.0,0.6980146290491117,8,0,0,4.0,8.0,0,0,1.0,1.0,61.0,98,0,1.0,1.0,2.0,11.0,-3,0.0,3.0,3.0,1.0,98.656,01:38.656,0.210,0.101,0.1089999999999999,8,3.30,11,1.50,19,1.10,10,1.55,12,1.0,19,11,4.80,16,2.65,7,0.1147540983606557,6.118,0.1002950819672139,6.86,2.29,3.92,6.00,5.37,5.93,4.18,6.14,6.00,1.0,0.8727735368956743,1.0,0.6058732612055642,0.0,0.2716488730723606,1.0,0.5,11.0,0.0,0.4990706319702602,0.0,19.0,0.0,0.0,0,0.0,0.0,0.0,0.0,0.0,0.0,0.0,0.0,0.0,0.0,0.0,0.0,0.0,0.0,0.0,0.0,5.954999999999999,7.45,33,18,SGP,RIC,Daniel Ricciardo,JPN,Japan,Япония,#C60018,Honda,#DE0000,50.0,50.0,0.0,100.0,22.0,22.0,12,8,12,11.0,8,11,16.0,10,19,7.45,
2024,2024181,2,20,Esteban Ocon,Alpine,15.0,15,13,13,13,+1 Lap,0,31,OCO,13,3,#3494CC,13-3,9,4,1.0,3.37,1.0,1.0,0.6334586466165414,15,0,0,8.0,15.0,0,0,1.0,1.0,61.0,98,0,1.0,1.0,2.0,13.0,2,2.0,0.0,2.0,1.0,99.221,01:39.221,0.285,0.127,0.1579999999999999,15,2.60,15,1.30,3,1.90,11,1.50,13,1.0,3,14,3.90,7,3.40,8,0.1311475409836065,9.333,0.1529999999999995,4.76,8.71,1.80,6.00,2.18,5.93,4.18,6.14,6.00,1.0,0.5927770859277709,1.0,0.6020066889632106,1.0,0.5396530359355638,1.0,0.8571428571428571,17.0,0.0,0.4386317907444668,0.0,0.0,0.0,0.0,0,0.0,0.0,0.0,0.0,0.0,0.0,0.0,0.0,0.0,0.0,0.0,0.0,0.0,0.0,0.0,0.0,5.625,7.30,33,18,SGP,GAS,Pierre Gasly,FRA,France,Франция,#004CA2,Renault,#FAEF00,50.0,50.0,100.0,0.0,5.0,5.0,13,15,13,14.0,15,15,7.0,11,3,7.30,
2024,2024181,2,20,Kevin Magnussen,Haas F1 Team,14.0,14,19,19,19,,0,20,MAG,22,7,#505050,22-7,6,3,1.0,3.84,0.0,0.0,0.3347863993025283,14,0,0,7.0,14.0,0,0,0.0,0.0,57.0,92,-1,1.0,2.0,3.0,14.0,0,1.0,1.0,2.0,1.0,99.155,01:39.155,0.304,0.136,0.1679999999999999,16,2.50,14,1.35,13,1.40,15,1.30,14,1.0,13,15,3.85,15,2.70,8,0.1403508771929824,8.696,0.1525614035087704,4.22,6.14,2.04,5.00,2.21,5.93,4.18,6.14,6.00,0.0,0.3644214162348877,0.0,0.3311688311688311,0.0,0.5,0.0,0.5,16.0,0.0,0.2772898368883312,2.0,18.0,0.0,0.0,0,0.0,0.0,0.0,0.0,0.0,0.0,0.0,0.0,0.0,0.0,0.0,0.0,0.0,0.0,0.0,0.0,4.67,6.55,33,18,SGP,HUL,Nico Hulkenberg,DEN,Denmark,Дания,#D20019,Ferrari,#DC0004,33.0,67.0,50.0,50.0,6.0,6.0,19,14,14,15.0,16,14,15.0,15,13,6.55,
2024,2024181,2,20,Daniel Ricciardo,RB,16.0,16,18,18,18,+1 Lap,0,3,RIC,7,11,#476CBF,7-11,2,2,1.0,2.89,0.0,0.0,0.3019853709508882,16,0,0,8.0,16.0,0,0,0.0,0.0,61.0,98,0,3.0,3.0,6.0,16.0,0,0.0,0.0,0.0,1.0,99.02,01:39.020,0.419,0.295,0.124,19,2.20,13,1.40,14,1.35,12,1.45,15,1.0,14,18,3.60,14,2.80,3,0.0491803278688524,6.099,0.0999836065573768,1.00,6.14,2.55,6.00,5.39,5.93,4.18,6.14,6.00,0.0,0.1272264631043257,0.0,0.3941267387944358,1.0,0.7283511269276394,0.0,0.5,10.0,1.0,0.5009293680297398,0.0,19.0,15.0,0.0,0,0.0,0.0,0.0,0.0,0.0,0.0,1.0,0.0,0.0,0.0,0.0,0.0,0.0,0.0,0.0,0.0,2.69,6.40,33,18,SGP,TSU,Yuki Tsunoda,AUS,Australia,Австралия,#F7C900,Honda,#DE0000,50.0,50.0,0.0,0.0,12.0,12.0,18,16,15,18.0,19,13,14.0,12,14,6.40,
2024,2024181,2,20,Pierre Gasly,Alpine,18.0,18,17,17,17,+1 Lap,0,10,GAS,17,3,#3494CC,17-3,9,4,1.0,1.95,0.0,0.0,0.3665413533834586,18,0,0,9.0,18.0,0,0,0.0,0.0,61.0,98,-5,0.0,5.0,5.0,17.0,1,1.0,0.0,1.0,1.0,99.382,01:39.382,0.338,0.202,0.136,18,2.30,17,1.20,5,1.80,19,1.10,16,1.0,5,19,3.50,12,2.90,10,0.1639344262295081,8.714,0.1428524590163924,3.27,7.43,1.19,1.00,2.79,5.93,4.18,6.14,6.00,0.0,0.4072229140722291,0.0,0.3979933110367892,0.0,0.4603469640644361,0.0,0.1428571428571428,15.0,1.0,0.5613682092555331,0.0,0.0,0.0,0.0,0,0.0,0.0,0.0,0.0,0.0,0.0,0.0,0.0,0.0,0.0,0.0,0.0,0.0,0.0,0.0,0.0,3.5849999999999995,6.40,33,18,SGP,OCO,Esteban Ocon,FRA,France,Франция,#004CA2,Renault,#FAEF00,0.0,100.0,100.0,0.0,8.0,8.0,17,18,16,19.0,18,17,12.0,19,5,6.40,
2024,2024181,2,20,Guanyu Zhou,Kick Sauber,20.0,20,15,15,15,+1 Lap,0,24,ZHO,23,8,#64D064,23-8,5,3,1.0,1.0,0.0,0.0,0.4048582995951417,20,0,0,10.0,20.0,0,0,1.0,1.0,61.0,98,-1,1.0,2.0,3.0,20.0,0,0.0,0.0,0.0,1.0,99.402,01:39.402,0.268,0.145,0.123,13,2.80,18,1.15,16,1.25,17,1.20,17,1.0,16,13,3.95,19,2.45,7,0.1147540983606557,6.976,0.114360655737703,5.23,6.14,1.12,5.00,4.52,5.93,4.18,6.14,6.00,1.0,0.519364448857994,1.0,0.5283018867924528,0.0,0.5,1.0,0.625,13.0,1.0,0.7313915857605178,0.0,18.0,0.0,0.0,0,0.0,0.0,0.0,0.0,0.0,0.0,0.0,0.0,0.0,0.0,0.0,0.0,0.0,0.0,0.0,0.0,5.343333333333334,6.40,33,18,SGP,BOT,Valtteri Bottas,CHN,China,Китай,#F70000,Ferrari,#DC0004,33.0,67.0,0.0,0.0,0.0,0.0,15,20,17,13.0,13,18,19.0,17,16,6.40,
2024,2024181,2,20,Valtteri Bottas,Kick Sauber,19.0,19,16,16,16,+1 Lap,0,77,BOT,3,8,#64D064,3-8,8,3,1.0,1.47,1.0,1.0,0.5951417004048584,19,0,0,10.0,19.0,0,0,0.0,0.0,61.0,98,-3,0.0,3.0,3.0,19.0,0,0.0,0.0,0.0,1.0,99.433,01:39.433,0.282,0.104,0.178,14,2.70,19,1.10,15,1.30,18,1.15,18,1.0,15,16,3.80,18,2.45,7,0.1147540983606557,9.859,0.1616229508196727,4.84,6.14,1.00,3.00,1.66,5.93,4.18,6.14,6.00,0.0,0.4806355511420059,0.0,0.4716981132075471,1.0,0.5,0.0,0.375,18.0,0.0,0.2686084142394822,0.0,18.0,0.0,0.0,0,0.0,0.0,0.0,0.0,0.0,0.0,0.0,0.0,0.0,0.0,0.0,0.0,0.0,0.0,0.0,0.0,4.75,6.25,33,18,SGP,ZHO,Guanyu Zhou,FIN,Finland,Финляндия,#04276B,Ferrari,#DC0004,0.0,100.0,0.0,0.0,0.0,0.0,16,19,18,16.0,14,19,18.0,18,15,6.25,
2024,2024181,2,20,Lance Stroll,Aston Martin,17.0,17,14,14,14,+1 Lap,0,18,STR,10,4,#459A72,10-4,4,1,1.0,2.42,0.0,0.0,0.2526096033402922,17,0,0,9.0,17.0,0,0,0.0,0.0,61.0,98,-1,0.0,1.0,1.0,18.0,-1,0.0,1.0,1.0,1.0,99.248,01:39.248,0.308,0.137,0.1709999999999999,17,2.40,16,1.25,17,1.20,16,1.25,19,1.0,17,17,3.65,17,2.45,7,0.1147540983606557,10.523,0.1725081967213118,4.11,4.86,1.70,5.00,1.0,5.93,4.18,6.14,6.00,0.0,0.33065164923572,0.0,0.2910958904109589,0.0,0.4418181818181818,0.0,0.4545454545454545,19.0,0.0,0.1122334455667789,4.0,64.0,0.0,0.0,0,0.0,0.0,0.0,0.0,0.0,0.0,0.0,0.0,0.0,0.0,0.0,0.0,0.0,0.0,0.0,0.0,4.383333333333334,6.10,33,18,SGP,ALO,Fernando Alonso,CAN,Canada,Канада,#E30000,Mercedes,#707070,0.0,100.0,0.0,100.0,24.0,24.0,14,17,19,17.0,17,16,17.0,16,17,6.10,
2024,2024181,2,20,Alexander Albon,Williams,11.0,11,-,DNF,20,-,0,23,ALB,24,18,#3C95C9,24-18,20,1,1.0,5.26,1.0,1.0,0.5233830845771144,11,0,0,6.0,11.0,1,0,0.0,,15.0,24,-,0.0,0.0,0.0,15.0,-4,0.0,4.0,4.0,0.0,-,-,0.216,0.216,0.0,DNC,DNC,DNC,DNC,20,DNC,DNC,DNC,DNC,0.0,20,DNC,DNC,DNC,DNC,0,0.0,-,,-,1.00,-,-,,5.93,4.18,6.14,6.00,,,,,,,,,20.0,0.0,,0.0,64.0,0.0,0.0,0,0.0,0.0,0.0,0.0,0.0,0.0,0.0,0.0,0.0,0.0,0.0,0.0,0.0,0.0,0.0,0.0,,DNC,33,18,SGP,COL,Franco Colapinto,THA,Thailand,Таиланд,#2E2549,Mercedes,#707070,0.0,0.0,0.0,100.0,12.0,12.0,12,11,7,5.5,5,10,11.5,8,20,8.22,
2024,2024190,2,21,Max Verstappen,Red Bull Racing,1.0,1,1,1,1,31:06.146,8,1,VER,2,14,#1A4C82,2-14,16,2,1.0,10.0,1.0,1.0,0.6553079947575361,1,0,0,1.0,1.0,0,0,1.0,1.0,19.0,100,0,0.0,0.0,0.0,1.0,0,0.0,0.0,0.0,1.0,98.156,01:38.156,0.115,0.115,0.0,1,4.00,1,2.00,8,1.65,7,1.70,1,1.0,8,1,6.00,6,3.35,0,0.0,-,,10.00,6.40,10.00,4.86,,5.78,5.05,6.40,4.86,1.0,0.5807200929152149,1.0,0.6535947712418301,0.0,0.4383561643835617,0.0,0.4418181818181818,20.0,0.0,,8.0,8.0,8.0,1.0,1,1.0,1.0,1.0,0.0,0.0,3.0,1.0,1.0,0.0,0.0,1.0,1.0,0.0,0.0,1.0,19.0,8.543333333333333,9.35,40,19,USA*,PER,Sergio Perez,NLD,Netherlands,Нидерланды,#F75600,Honda,#DE0000,0.0,0.0,0.0,0.0,339.0,339.0,1,1,1,1.0,1,1,6.0,7,8,9.35,
2024,2024190,2,21,Carlos Sainz,Ferrari,5.0,5,2,2,2,+3.882,7,55,SAI,8,5,#BA3B30,8-5,7,3,1.0,8.11,0.0,0.0,0.4726107226107225,5,0,0,3.0,5.0,0,0,1.0,1.0,19.0,100,2,2.0,0.0,2.0,5.0,0,0.0,0.0,0.0,1.0,98.22,01:38.220,0.133,0.068,0.065,2,3.90,2,1.95,9,1.60,3,1.90,2,1.0,9,2,5.85,3,3.50,3,0.1578947368421052,1.375,0.0723684210526315,9.33,6.40,9.77,7.43,7.5,5.78,5.05,6.40,4.86,1.0,0.716039907904835,1.0,0.5191285866099894,1.0,0.5818181818181819,1.0,0.6045565500406835,9.0,1.0,0.5372492836676217,12.0,15.0,7.0,0.0,0,0.0,0.0,0.0,0.0,0.0,0.0,0.0,0.0,1.0,0.0,1.0,0.0,0.0,0.0,0.0,0.0,8.525,9.35,40,19,USA*,LEC,Charles Leclerc,ESP,Spain,Испания,#F7B800,Ferrari,#DC0004,100.0,0.0,0.0,0.0,197.0,197.0,2,5,2,2.0,2,2,3.0,3,9,9.35,
2024,2024190,2,21,Lando Norris,McLaren,4.0,4,3,3,3,+6.240,6,4,NOR,4,9,#DE8E18,4-9,10,1,1.0,8.58,1.0,1.0,0.7480383609415867,4,0,0,2.0,4.0,0,0,1.0,1.0,19.0,100,0,0.0,0.0,0.0,2.0,2,2.0,0.0,2.0,1.0,98.473,01:38.473,0.191,0.152,0.039,9,3.20,4,1.85,1,2.00,9,1.60,3,1.0,1,5,5.05,2,3.60,2,0.1052631578947368,1.067,0.0561578947368424,7.19,10.00,8.84,4.86,8.27,5.78,5.05,6.40,4.86,1.0,0.7269969666329625,1.0,0.6242937853107344,1.0,0.5,0.0,0.3270524899057874,6.0,1.0,0.5104938271604939,6.0,13.0,13.0,1.0,0,0.0,0.0,0.0,1.0,0.0,1.0,0.0,0.0,0.0,1.0,1.0,0.0,0.0,0.0,0.0,0.0,7.27,8.65,40,19,USA*,PIA,Oscar Piastri,GBR,Great Britain,Великобритания,#314486,Mercedes,#707070,0.0,0.0,100.0,0.0,285.0,285.0,3,4,3,5.0,9,4,2.0,9,1,8.65,
2024,2024190,2,21,Alexander Albon,Williams,18.0,PLS,17,17,17,+44.564,0,23,ALB,24,18,#3C95C9,24-18,20,1,1.0,1.95,0.0,0.0,0.2535760728218465,PLS,0,1,,20.0,0,0,0.0,0.0,19.0,100,3,3.0,0.0,3.0,20.0,0,0.0,0.0,0.0,1.0,99.954,01:39.954,0.155,0.120,0.035,3,3.80,11,1.50,14,1.35,2,1.95,4,1.0,14,4,5.30,9,3.30,2,0.1052631578947368,0.609,0.0320526315789478,8.52,6.40,3.44,8.71,9.42,5.78,5.05,6.40,4.86,1.0,0.5514563106796116,1.0,0.5073746312684366,1.0,0.5818181818181819,1.0,0.7092833876221498,2.0,1.0,0.525963149078727,0.0,13.0,0.0,0.0,0,0.0,0.0,0.0,0.0,0.0,0.0,0.0,0.0,0.0,0.0,0.0,0.0,0.0,0.0,0.0,0.0,8.198333333333332,8.60,40,19,USA*,COL,Franco Colapinto,THA,Thailand,Таиланд,#2E2549,Mercedes,#707070,100.0,0.0,0.0,0.0,12.0,12.0,17,12,4,4.0,3,11,9.0,2,14,8.60,
2024,2024190,2,21,Sergio Perez,Red Bull Racing,11.0,11,9,9,9,+29.950,0,11,PER,5,14,#1A4C82,5-14,14,2,1.0,5.26,0.0,0.0,0.3446920052424639,11,0,0,6.0,11.0,0,0,0.0,0.0,19.0,100,1,1.0,0.0,1.0,10.0,1,1.0,0.0,1.0,1.0,99.445,01:39.445,0.190,0.122,0.068,8,3.30,10,1.55,6,1.75,6,1.75,5,1.0,6,8,4.85,4,3.50,4,0.2105263157894736,1.479,0.0778421052631601,7.22,8.20,5.30,6.14,7.24,5.78,5.05,6.40,4.86,0.0,0.4192799070847851,0.0,0.3464052287581699,1.0,0.5616438356164383,1.0,0.5581818181818181,10.0,1.0,1.0,8.0,8.0,0.0,0.0,0,0.0,0.0,0.0,0.0,0.0,0.0,0.0,0.0,0.0,0.0,0.0,0.0,0.0,0.0,0.0,0.0,7.203333333333333,8.35,40,19,USA*,VER,Max Verstappen,MEX,Mexico,Мексика,#006640,Honda,#DE0000,100.0,0.0,100.0,0.0,144.0,144.0,9,11,5,8.0,8,10,4.0,6,6,8.35,
2024,2024190,2,21,Nico Hulkenberg,Haas F1 Team,6.0,6,8,8,8,+26.588,1,27,HUL,25,7,#505050,25-7,11,3,1.0,7.63,1.0,1.0,0.53319357092942,6,0,0,3.0,6.0,0,0,0.0,0.0,19.0,100,1,1.0,0.0,1.0,9.0,-3,0.0,3.0,3.0,1.0,99.283,01:39.283,0.162,0.109,0.053,4,3.70,7,1.70,20,1.05,5,1.80,6,1.0,20,3,5.40,12,2.85,2,0.1052631578947368,1.050,0.0552631578947374,8.26,1.00,5.89,6.14,8.32,5.78,5.05,6.40,4.86,1.0,0.7461607949412827,1.0,0.5068846815834767,0.0,0.108695652173913,1.0,0.5581818181818181,5.0,1.0,0.8927038626609443,3.0,15.0,1.0,0.0,0,0.0,0.0,0.0,0.0,0.0,0.0,0.0,0.0,0.0,0.0,0.0,0.0,0.0,0.0,0.0,0.0,6.696666666666666,8.25,40,19,USA*,MAG,Kevin Magnussen,GER,Germany,Германия,#000000,Ferrari,#DC0004,100.0,0.0,0.0,100.0,25.0,25.0,8,6,6,3.0,4,7,12.0,5,20,8.25,
2024,2024190,2,21,Esteban Ocon,Alpine,17.0,17,15,15,15,+42.804,0,31,OCO,13,3,#3494CC,13-3,9,4,1.0,2.42,0.0,0.0,0.3356449375866852,17,0,0,9.0,17.0,0,0,0.0,0.0,19.0,100,2,2.0,0.0,2.0,17.0,0,0.0,0.0,0.0,1.0,99.967,01:39.967,0.185,0.176,0.009,7,3.40,12,1.45,11,1.50,4,1.85,7,1.0,11,6,4.85,8,3.35,2,0.1052631578947368,0.377,0.0198421052631583,7.41,6.40,3.39,7.43,10.0,5.78,5.05,6.40,4.86,0.0,0.4868593955321945,1.0,0.5247678018575852,1.0,0.5818181818181819,1.0,0.6754545454545454,1.0,1.0,0.6020469596628537,0.0,0.0,0.0,0.0,0,0.0,0.0,0.0,0.0,0.0,0.0,0.0,0.0,0.0,0.0,0.0,0.0,0.0,0.0,0.0,0.0,7.245,8.20,40,19,USA*,GAS,Pierre Gasly,FRA,France,Франция,#004CA2,Renault,#FAEF00,100.0,0.0,0.0,0.0,5.0,5.0,15,17,7,6.0,7,12,8.0,4,11,8.20,
2024,2024190,2,21,Oscar Piastri,McLaren,16.0,16,10,10,10,+37.059,0,81,PIA,28,9,#DE8E18,28-9,2,1,1.0,2.89,0.0,0.0,0.2519616390584132,16,0,0,8.0,16.0,0,0,0.0,0.0,19.0,100,4,4.0,0.0,4.0,14.0,2,2.0,0.0,2.0,1.0,99.44,01:39.440,0.312,0.256,0.0559999999999999,16,2.50,9,1.60,2,1.95,1,2.00,8,1.0,2,14,4.10,1,3.95,1,0.0526315789473684,1.203,0.0633157894736843,2.70,10.00,5.32,10.00,7.93,5.78,5.05,6.40,4.86,0.0,0.2730030333670374,0.0,0.3757062146892655,0.0,0.5,1.0,0.6729475100942127,7.0,0.0,0.4895061728395062,6.0,13.0,0.0,1.0,0,0.0,0.0,0.0,0.0,1.0,1.0,0.0,0.0,0.0,0.0,0.0,0.0,0.0,0.0,0.0,0.0,5.133333333333334,8.05,40,19,USA*,NOR,Lando Norris,AUS,Australia,Австралия,#F7C900,Mercedes,#707070,100.0,0.0,100.0,0.0,237.0,237.0,10,16,8,14.0,16,9,1.0,1,2,8.05,
2024,2024190,2,21,Lance Stroll,Aston Martin,13.0,13,13,13,13,+41.236,0,18,STR,10,4,#459A72,10-4,4,1,1.0,4.32,1.0,1.0,0.5294117647058824,13,0,0,7.0,13.0,0,0,1.0,1.0,19.0,100,-1,0.0,1.0,1.0,12.0,1,1.0,0.0,1.0,1.0,100.051,01:40.051,0.175,0.113,0.0619999999999999,6,3.50,15,1.30,7,1.70,14,1.35,9,1.0,7,9,4.80,10,3.05,1,0.0526315789473684,1.011,0.0532105263157892,7.78,8.20,3.09,3.57,8.41,5.78,5.05,6.40,4.86,1.0,0.7695351137487637,1.0,0.569060773480663,1.0,0.7454545454545454,1.0,0.6092150170648465,4.0,1.0,0.7515638963360144,0.0,13.0,0.0,0.0,0,0.0,0.0,0.0,0.0,0.0,0.0,0.0,0.0,0.0,0.0,0.0,0.0,0.0,0.0,0.0,0.0,7.148333333333333,7.85,40,19,USA*,ALO,Fernando Alonso,CAN,Canada,Канада,#E30000,Mercedes,#707070,0.0,100.0,100.0,0.0,24.0,24.0,13,13,9,9.0,6,15,10.0,14,7,7.85,
2024,2024190,2,21,Kevin Magnussen,Haas F1 Team,8.0,8,7,7,7,+25.161,2,20,MAG,22,7,#505050,22-7,6,3,1.0,6.68,0.0,0.0,0.46680642907058,8,0,0,4.0,8.0,0,0,1.0,1.0,19.0,100,0,1.0,1.0,2.0,7.0,1,1.0,0.0,1.0,1.0,99.326,01:39.326,0.309,0.082,0.2269999999999999,15,2.60,8,1.65,4,1.85,11,1.50,10,1.0,4,13,4.25,7,3.35,4,0.2105263157894736,3.972,0.2090526315789493,2.81,8.20,5.73,4.86,1.0,5.78,5.05,6.40,4.86,0.0,0.2538392050587172,0.0,0.4931153184165232,1.0,0.8913043478260869,0.0,0.4418181818181818,19.0,0.0,0.1072961373390558,3.0,15.0,2.0,0.0,0,0.0,0.0,0.0,0.0,0.0,0.0,0.0,0.0,0.0,0.0,0.0,0.0,0.0,0.0,0.0,0.0,4.05,7.60,40,19,USA*,HUL,Nico Hulkenberg,DEN,Denmark,Дания,#D20019,Ferrari,#DC0004,50.0,50.0,100.0,0.0,8.0,8.0,7,8,10,13.0,15,8,7.0,11,4,7.60,
2024,2024190,2,21,Charles Leclerc,Ferrari,3.0,3,4,4,4,+6.956,5,16,LEC,6,5,#BA3B30,6-5,15,3,1.0,9.05,1.0,1.0,0.5273892773892774,3,0,0,2.0,3.0,0,0,0.0,0.0,19.0,100,0,1.0,1.0,2.0,4.0,-1,0.0,1.0,1.0,1.0,98.417,01:38.417,0.285,0.204,0.0809999999999999,14,2.70,3,1.90,16,1.25,8,1.65,11,1.0,16,11,4.60,11,2.90,2,0.1052631578947368,1.792,0.0943157894736843,3.70,4.60,9.05,4.86,6.46,5.78,5.05,6.40,4.86,0.0,0.283960092095165,0.0,0.4808714133900106,0.0,0.4181818181818181,0.0,0.3954434499593166,13.0,0.0,0.4627507163323782,12.0,15.0,5.0,0.0,0,0.0,0.0,0.0,0.0,0.0,0.0,0.0,0.0,0.0,0.0,0.0,0.0,0.0,1.0,1.0,0.0,4.043333333333333,7.50,40,19,USA*,SAI,Carlos Sainz,MON,Monaco,Монако,#D80000,Ferrari,#DC0004,50.0,50.0,0.0,100.0,250.0,250.0,4,3,11,11.0,14,3,11.0,8,16,7.50,
2024,2024190,2,21,Pierre Gasly,Alpine,12.0,12,14,14,14,+41.995,0,10,GAS,17,3,#3494CC,17-3,9,4,1.0,4.79,1.0,1.0,0.6643550624133149,12,0,0,6.0,12.0,0,0,1.0,1.0,19.0,100,-1,0.0,1.0,1.0,13.0,-1,0.0,1.0,1.0,1.0,100.056,01:40.056,0.174,0.088,0.086,5,3.60,16,1.25,18,1.15,13,1.40,12,1.0,18,7,4.85,18,2.55,3,0.1578947368421052,1.733,0.0912105263157926,7.81,4.60,3.07,3.57,6.61,5.78,5.05,6.40,4.86,1.0,0.5131406044678055,0.0,0.4752321981424148,0.0,0.4181818181818181,0.0,0.3245454545454545,12.0,0.0,0.3979530403371463,0.0,0.0,0.0,0.0,0,0.0,0.0,0.0,0.0,0.0,0.0,0.0,0.0,0.0,0.0,0.0,0.0,0.0,0.0,0.0,0.0,6.5683333333333325,7.40,40,19,USA*,OCO,Esteban Ocon,FRA,France,Франция,#004CA2,Renault,#FAEF00,0.0,100.0,0.0,100.0,8.0,8.0,14,12,12,7.0,5,16,18.0,13,18,7.40,
2024,2024190,2,21,Lewis Hamilton,Mercedes,7.0,7,6,6,6,+18.724,3,44,HAM,1,10,#0AA395,1-10,10,1,1.0,7.16,0.0,0.0,0.4289994008388257,7,0,0,4.0,7.0,0,0,0.0,0.0,19.0,100,0,0.0,0.0,0.0,6.0,1,1.0,0.0,1.0,1.0,99.025,01:39.025,0.330,0.188,0.142,19,2.20,6,1.75,3,1.90,10,1.55,13,1.0,3,16,3.95,5,3.45,2,0.1052631578947368,2.562,0.1348421052631585,2.04,8.20,6.83,4.86,4.53,5.78,5.05,6.40,4.86,0.0,0.2323462414578587,0.0,0.494927536231884,1.0,0.640625,1.0,0.6797202797202797,16.0,0.0,0.4001766784452297,7.0,13.0,13.0,0.0,0,0.0,0.0,0.0,0.0,0.0,0.0,0.0,0.0,0.0,0.0,0.0,0.0,0.0,0.0,0.0,0.0,3.536666666666666,7.40,40,19,USA*,RUS,George Russell,GBR,Great Britain,Великобритания,#314486,Mercedes,#707070,0.0,0.0,100.0,0.0,177.0,177.0,6,7,13,16.0,19,6,5.0,10,3,7.40,
2024,2024190,2,21,George Russell,Mercedes,2.0,2,5,5,5,+15.766,4,63,RUS,14,10,#0AA395,14-10,10,1,1.0,9.53,1.0,1.0,0.5710005991611744,2,0,0,1.0,2.0,0,0,1.0,1.0,19.0,100,-2,0.0,2.0,2.0,3.0,-1,0.0,1.0,1.0,1.0,98.986,01:38.986,0.203,0.117,0.086,11,3.00,5,1.80,15,1.30,18,1.15,14,1.0,15,10,4.80,19,2.45,3,0.1578947368421052,1.660,0.0873684210526299,6.74,4.60,6.97,2.29,6.79,5.78,5.05,6.40,4.86,1.0,0.7676537585421411,1.0,0.5050724637681159,0.0,0.359375,0.0,0.3202797202797203,11.0,1.0,0.5998233215547704,7.0,13.0,13.0,0.0,0,0.0,0.0,0.0,0.0,0.0,0.0,0.0,0.0,0.0,0.0,0.0,0.0,1.0,0.0,1.0,0.0,5.641666666666667,7.25,40,19,USA*,HAM,Lewis Hamilton,GBR,Great Britain,Великобритания,#314486,Mercedes,#707070,0.0,100.0,0.0,100.0,159.0,159.0,5,2,14,10.0,11,5,19.0,18,15,7.25,
2024,2024190,2,21,Franco Colapinto,Williams,10.0,10,12,12,12,+39.460,0,43,COL,31,18,#3C95C9,31-18,1,1,1.0,5.74,1.0,1.0,0.7464239271781534,10,0,0,5.0,10.0,0,0,1.0,1.0,19.0,100,-1,0.0,1.0,1.0,11.0,-1,0.0,1.0,1.0,1.0,99.981,01:39.981,0.198,0.143,0.055,10,3.10,13,1.40,17,1.20,12,1.45,15,1.0,17,12,4.50,16,2.65,2,0.1052631578947368,0.980,0.0515789473684205,6.93,4.60,3.34,3.57,8.49,5.78,5.05,6.40,4.86,0.0,0.4485436893203883,0.0,0.4926253687315634,0.0,0.4181818181818181,0.0,0.2907166123778501,3.0,0.0,0.474036850921273,0.0,13.0,0.0,0.0,0,0.0,0.0,0.0,0.0,0.0,0.0,0.0,0.0,0.0,0.0,0.0,0.0,0.0,0.0,0.0,0.0,5.9816666666666665,7.15,40,19,USA*,ALB,Alexander Albon,ARG,Argentina,Аргентина,#68A6DB,Mercedes,#707070,0.0,100.0,0.0,100.0,4.0,4.0,12,10,15,12.0,10,13,16.0,12,17,7.15,
2024,2024190,2,21,Liam Lawson,RB,15.0,15,16,16,16,+44.008,0,30,LAW,29,11,#476CBF,29-11,17,2,1.0,3.37,0.0,0.0,0.3517745302713987,15,0,0,8.0,15.0,0,0,0.0,0.0,19.0,100,-1,0.0,1.0,1.0,15.0,0,1.0,1.0,2.0,1.0,100.115,01:40.115,0.226,0.137,0.089,12,2.90,17,1.20,10,1.55,15,1.30,16,1.0,10,15,4.10,14,2.85,1,0.0526315789473684,1.884,0.0991578947368421,5.89,6.40,2.85,3.57,6.23,5.78,5.05,6.40,4.86,1.0,0.8548621190130624,0.0,0.4672131147540984,0.0,0.4383561643835617,1.0,0.7811816192560174,15.0,1.0,0.678649237472767,0.0,8.0,0.0,0.0,0,0.0,0.0,0.0,0.0,0.0,0.0,0.0,0.0,0.0,0.0,0.0,0.0,0.0,0.0,0.0,0.0,5.588333333333334,6.95,40,19,USA*,TSU,Yuki Tsunoda,NZL,New Zealand,Новая Зеландия,#0D1168,Honda,#DE0000,0.0,100.0,50.0,50.0,0.0,0.0,16,15,16,15.0,12,17,14.0,15,10,6.95,
2024,2024190,2,21,Guanyu Zhou,Kick Sauber,20.0,19,19,19,19,+52.842,0,24,ZHO,23,8,#64D064,23-8,5,3,1.0,1.0,0.0,0.0,0.4048582995951417,19,0,0,10.0,19.0,0,0,1.0,1.0,19.0,100,-1,0.0,1.0,1.0,19.0,0,0.0,0.0,0.0,1.0,100.481,01:40.481,0.233,0.155,0.078,13,2.80,19,1.10,13,1.40,17,1.20,17,1.0,13,17,3.90,17,2.60,1,0.0526315789473684,1.353,0.0712105263157891,5.63,6.40,1.52,3.57,7.56,5.78,5.05,6.40,4.86,1.0,0.7135614702154627,1.0,0.6031746031746031,0.0,0.5,0.0,0.5,8.0,1.0,0.542713567839196,0.0,15.0,0.0,0.0,0,0.0,0.0,0.0,0.0,0.0,0.0,0.0,0.0,0.0,0.0,0.0,0.0,0.0,0.0,0.0,0.0,5.415,6.50,40,19,USA*,BOT,Valtteri Bottas,CHN,China,Китай,#F70000,Ferrari,#DC0004,0.0,100.0,0.0,0.0,0.0,0.0,19,19,17,17.0,13,19,17.0,17,13,6.50,
2024,2024190,2,21,Yuki Tsunoda,RB,9.0,9,11,11,11,+38.363,0,22,TSU,9,11,#476CBF,9-11,13,2,1.0,6.21,1.0,1.0,0.6482254697286013,9,0,0,5.0,9.0,0,0,1.0,1.0,19.0,100,-3,1.0,4.0,5.0,8.0,1,1.0,0.0,1.0,1.0,100.007,01:40.007,0.358,0.167,0.1909999999999999,20,2.10,14,1.35,5,1.80,20,1.05,18,1.0,5,19,3.45,13,2.85,3,0.1578947368421052,3.195,0.1681578947368447,1.00,8.20,3.25,1.00,2.95,5.78,5.05,6.40,4.86,0.0,0.1451378809869375,1.0,0.5327868852459017,1.0,0.5616438356164383,0.0,0.2188183807439825,17.0,0.0,0.3213507625272331,0.0,8.0,0.0,0.0,0,0.0,0.0,0.0,0.0,0.0,0.0,0.0,0.0,0.0,0.0,0.0,0.0,0.0,0.0,0.0,0.0,2.2,6.30,40,19,USA*,LAW,Liam Lawson,JPN,Japan,Япония,#C60018,Honda,#DE0000,20.0,80.0,100.0,0.0,22.0,22.0,11,9,18,19.0,20,14,13.0,20,5,6.30,
2024,2024190,2,21,Valtteri Bottas,Kick Sauber,19.0,18,20,20,20,,0,77,BOT,3,8,#64D064,3-8,8,3,1.0,1.47,1.0,1.0,0.5951417004048584,18,0,0,9.0,18.0,0,0,0.0,0.0,19.0,100,-1,0.0,1.0,1.0,18.0,0,0.0,0.0,0.0,1.0,100.623,01:40.623,0.324,0.240,0.084,18,2.30,20,1.05,12,1.45,16,1.25,19,1.0,12,20,3.35,15,2.70,2,0.1052631578947368,1.826,0.0961052631578943,2.26,6.40,1.00,3.57,6.37,5.78,5.05,6.40,4.86,0.0,0.2864385297845374,0.0,0.3968253968253968,1.0,0.5,1.0,0.5,14.0,0.0,0.457286432160804,0.0,15.0,0.0,0.0,0,0.0,0.0,0.0,0.0,0.0,0.0,0.0,0.0,0.0,0.0,0.0,0.0,0.0,0.0,0.0,0.0,3.168333333333333,6.05,40,19,USA*,ZHO,Guanyu Zhou,FIN,Finland,Финляндия,#04276B,Ferrari,#DC0004,0.0,100.0,0.0,0.0,0.0,0.0,20,18,19,20.0,18,20,15.0,16,12,6.05,
2024,2024190,2,21,Fernando Alonso,Aston Martin,14.0,14,18,18,18,+46.807,0,14,ALO,19,4,#459A72,19-4,7,1,1.0,3.84,0.0,0.0,0.4705882352941176,14,0,0,7.0,14.0,0,0,0.0,0.0,19.0,100,-2,0.0,2.0,2.0,16.0,-2,0.0,2.0,2.0,1.0,100.255,01:40.255,0.322,0.139,0.183,17,2.40,18,1.15,19,1.10,19,1.10,20,1.0,19,18,3.55,20,2.20,3,0.1578947368421052,3.262,0.1716842105263158,2.33,2.80,2.34,2.29,2.78,5.78,5.05,6.40,4.86,0.0,0.2304648862512364,0.0,0.430939226519337,0.0,0.2545454545454545,0.0,0.3907849829351536,18.0,0.0,0.2484361036639857,0.0,13.0,7.0,0.0,0,0.0,0.0,0.0,0.0,0.0,0.0,0.0,0.0,0.0,0.0,0.0,0.0,0.0,0.0,0.0,0.0,2.401666666666667,5.75,40,19,USA*,STR,Lance Stroll,ESP,Spain,Испания,#F7B800,Mercedes,#707070,0.0,100.0,0.0,100.0,62.0,62.0,18,14,20,18.0,17,18,20.0,19,19,5.75,
2024,2024191,2,22,Charles Leclerc,Ferrari,4.0,4,1,1,1,1:35:09.639,25,16,LEC,6,5,#BA3B30,6-5,15,3,1.0,8.58,0.0,0.0,0.4866704480998298,4,0,0,2.0,4.0,0,0,1.0,1.0,56.0,100,1,1.0,0.0,1.0,1.0,3,3.0,0.0,3.0,1.0,98.912,01:38.912,0.149,0.118,0.031,1,4.00,1,2.00,2,1.95,7,1.70,1,1.0,2,1,6.00,3,3.65,4,0.0714285714285714,1.703,0.0304107142857148,10.00,8.62,10.00,6.14,10.0,7.55,5.46,6.36,5.50,1.0,0.5186721991701244,1.0,0.514668039114771,1.0,0.5686015831134564,1.0,0.5274914089347078,1.0,1.0,0.5073566717402334,43.0,47.0,25.0,1.0,1,1.0,1.0,1.0,0.0,0.0,3.0,0.0,1.0,0.0,0.0,1.0,0.0,0.0,0.0,0.0,51.0,9.126666666666669,9.65,39,19,USA,SAI,Carlos Sainz,MON,Monaco,Монако,#D80000,Ferrari,#DC0004,100.0,0.0,100.0,0.0,275.0,275.0,1,4,1,1.0,1,1,3.0,7,2,9.65,
2024,2024191,2,22,Liam Lawson,RB,15.0,19,9,9,9,+1:10.563,2,30,LAW,29,11,#476CBF,29-11,17,2,1.0,3.37,0.0,0.0,0.3904982618771727,19,0,0,10.0,19.0,0,0,1.0,1.0,56.0,100,1,2.0,1.0,3.0,14.0,5,5.0,0.0,5.0,1.0,100.171,01:40.171,0.165,0.108,0.057,3,3.80,10,1.55,1,2.00,9,1.60,2,1.0,1,5,5.35,4,3.60,5,0.0892857142857142,2.659,0.0474821428571427,9.55,10.00,5.48,6.14,9.44,7.55,5.46,6.36,5.50,1.0,0.90521327014218,1.0,0.6357308584686775,1.0,0.5580357142857142,1.0,0.6323377960865088,4.0,1.0,0.9042145593869731,2.0,23.0,2.0,1.0,0,0.0,0.0,0.0,1.0,0.0,1.0,0.0,0.0,0.0,0.0,0.0,0.0,0.0,0.0,0.0,0.0,9.056666666666668,8.95,39,19,USA,TSU,Yuki Tsunoda,NZL,New Zealand,Новая Зеландия,#0D1168,Honda,#DE0000,67.0,33.0,100.0,0.0,2.0,2.0,9,19,2,5.0,3,10,4.0,9,1,8.95,
2024,2024191,2,22,Carlos Sainz,Ferrari,3.0,3,2,2,2,+8.562,18,55,SAI,8,5,#BA3B30,8-5,7,3,1.0,9.05,1.0,1.0,0.5133295519001702,3,0,0,2.0,3.0,0,0,0.0,0.0,56.0,100,0,0.0,0.0,0.0,3.0,0,1.0,1.0,2.0,1.0,99.072,01:39.072,0.175,0.132,0.0429999999999999,4,3.70,2,1.95,8,1.65,10,1.55,3,1.0,8,3,5.65,7,3.20,4,0.0714285714285714,2.194,0.0391785714285717,9.28,6.54,9.43,5.50,9.71,7.55,5.46,6.36,5.50,0.0,0.4813278008298755,0.0,0.485331960885229,0.0,0.4313984168865435,0.0,0.4725085910652921,2.0,0.0,0.4926433282597666,43.0,47.0,18.0,0.0,0,0.0,0.0,0.0,0.0,0.0,0.0,0.0,0.0,1.0,0.0,1.0,0.0,0.0,1.0,1.0,0.0,8.193333333333333,8.85,39,19,USA,LEC,Charles Leclerc,ESP,Spain,Испания,#F7B800,Ferrari,#DC0004,0.0,0.0,50.0,50.0,215.0,215.0,2,3,3,3.0,4,2,7.0,10,8,8.85,
2024,2024191,2,22,Lando Norris,McLaren,1.0,1,4,4,4,+20.354,12,4,NOR,4,9,#DE8E18,4-9,10,1,1.0,10.0,1.0,1.0,0.5521811154058531,1,0,0,1.0,1.0,0,0,1.0,1.0,56.0,100,1,1.0,0.0,1.0,4.0,-3,0.0,3.0,3.0,1.0,99.138,01:39.138,0.149,0.096,0.0529999999999999,2,3.90,3,1.90,16,1.25,6,1.75,4,1.0,16,2,5.80,11,3.00,6,0.1071428571428571,2.905,0.0518749999999995,10.00,4.46,9.19,6.14,9.3,7.55,5.46,6.36,5.50,1.0,0.537345513164965,1.0,0.5116926503340756,0.0,0.4054545454545454,1.0,0.5581818181818181,5.0,0.0,0.4946808510638298,22.0,31.0,20.0,0.0,0,0.0,0.0,0.0,0.0,0.0,0.0,0.0,0.0,0.0,0.0,0.0,1.0,0.0,0.0,1.0,5.0,8.433333333333334,8.80,39,19,USA,PIA,Oscar Piastri,GBR,Great Britain,Великобритания,#314486,Mercedes,#707070,100.0,0.0,0.0,100.0,297.0,297.0,4,1,4,2.0,2,3,11.0,6,16,8.80,
2024,2024191,2,22,George Russell,Mercedes,6.0,20,6,6,6,+56.295,8,63,RUS,14,10,#0AA395,14-10,10,1,1.0,7.63,1.0,1.0,0.8384615384615385,20,0,0,10.0,20.0,0,0,1.0,,56.0,100,7,8.0,1.0,9.0,19.0,1,1.0,0.0,1.0,1.0,99.733,01:39.733,0.191,0.123,0.068,8,3.30,6,1.75,6,1.75,1,2.00,5,1.0,6,8,5.05,2,3.75,8,0.1428571428571428,3.655,0.0652678571428566,8.83,7.23,7.05,10.00,8.87,7.55,5.46,6.36,5.50,,,,,,,,,7.0,1.0,1.0,8.0,31.0,20.0,1.0,0,0.0,0.0,0.0,0.0,1.0,1.0,0.0,0.0,0.0,0.0,0.0,0.0,0.0,0.0,0.0,0.0,8.758333333333333,8.80,39,19,USA,HAM,Lewis Hamilton,GBR,Great Britain,Великобритания,#314486,Mercedes,#707070,89.0,11.0,100.0,0.0,167.0,167.0,6,20,5,8.0,8,6,2.0,1,6,8.80,
2024,2024191,2,22,Max Verstappen,Red Bull Racing,2.0,2,3,3,3,+19.412,15,1,VER,2,14,#1A4C82,2-14,16,2,1.0,9.53,1.0,1.0,0.6240995415848067,2,0,0,1.0,2.0,0,0,1.0,1.0,56.0,100,-1,0.0,1.0,1.0,2.0,0,1.0,1.0,2.0,1.0,99.277,01:39.277,0.178,0.105,0.073,5,3.60,5,1.80,7,1.70,12,1.45,6,1.0,7,4,5.40,8,3.15,8,0.1428571428571428,3.728,0.0665714285714297,9.19,6.54,8.69,4.86,8.82,7.55,5.46,6.36,5.50,1.0,0.5068946497517927,1.0,0.5843981170141224,1.0,0.5,0.0,0.4171673819742489,8.0,1.0,0.5014212620807277,21.0,23.0,15.0,0.0,0,0.0,0.0,0.0,0.0,0.0,0.0,0.0,0.0,0.0,1.0,1.0,0.0,1.0,0.0,1.0,0.0,8.026666666666666,8.55,39,19,USA,PER,Sergio Perez,NLD,Netherlands,Нидерланды,#F75600,Honda,#DE0000,0.0,100.0,50.0,50.0,354.0,354.0,3,2,6,4.0,5,5,8.0,12,7,8.55,
2024,2024191,2,22,Kevin Magnussen,Haas F1 Team,9.0,8,11,11,11,+1:19.782,0,20,MAG,22,7,#505050,22-7,6,3,1.0,6.21,1.0,1.0,0.5645454545454546,8,0,0,4.0,8.0,0,0,0.0,0.0,56.0,100,4,5.0,1.0,6.0,7.0,1,1.0,0.0,1.0,1.0,100.026,01:40.026,0.194,0.130,0.064,9,3.20,9,1.60,5,1.80,2,1.95,7,1.0,5,10,4.80,1,3.75,4,0.0714285714285714,3.274,0.0584642857142857,8.75,7.23,6.00,8.07,9.09,7.55,5.46,6.36,5.50,0.0,0.496031746031746,0.0,0.4922067268252665,1.0,0.5250544662309369,1.0,0.5946941783345615,6.0,1.0,0.5306479859894921,4.0,47.0,0.0,0.0,0,0.0,0.0,0.0,0.0,0.0,0.0,0.0,0.0,0.0,0.0,0.0,0.0,0.0,0.0,0.0,0.0,8.383333333333333,8.55,39,19,USA,HUL,Nico Hulkenberg,DEN,Denmark,Дания,#D20019,Ferrari,#DC0004,83.0,17.0,100.0,0.0,8.0,8.0,11,8,7,10.0,9,9,1.0,2,5,8.55,
2024,2024191,2,22,Sergio Perez,Red Bull Racing,10.0,9,7,7,7,+59.072,6,11,PER,5,14,#1A4C82,5-14,14,2,1.0,5.74,0.0,0.0,0.3759004584151932,9,0,0,5.0,9.0,0,0,0.0,0.0,56.0,100,2,3.0,1.0,4.0,9.0,0,1.0,1.0,2.0,1.0,99.976,01:39.976,0.187,0.115,0.072,6,3.50,8,1.65,11,1.50,3,1.90,8,1.0,11,6,5.15,5,3.40,7,0.125,3.820,0.0682142857142866,8.94,6.54,6.18,6.79,8.77,7.55,5.46,6.36,5.50,0.0,0.4931053502482074,0.0,0.4156018829858776,0.0,0.5,1.0,0.582832618025751,9.0,0.0,0.4985787379192723,21.0,23.0,6.0,0.0,0,0.0,0.0,0.0,0.0,0.0,0.0,0.0,0.0,0.0,0.0,0.0,0.0,0.0,0.0,0.0,0.0,8.181666666666667,8.55,39,19,USA,VER,Max Verstappen,MEX,Mexico,Мексика,#006640,Honda,#DE0000,75.0,25.0,50.0,50.0,150.0,150.0,7,9,8,6.0,6,8,5.0,3,11,8.55,
2024,2024191,2,22,Nico Hulkenberg,Haas F1 Team,12.0,11,8,8,8,+1:02.957,4,27,HUL,25,7,#505050,25-7,11,3,1.0,4.79,0.0,0.0,0.4354545454545455,11,0,0,6.0,11.0,0,0,1.0,1.0,56.0,100,0,1.0,1.0,2.0,11.0,0,0.0,0.0,0.0,1.0,99.974,01:39.974,0.189,0.097,0.092,7,3.40,7,1.70,12,1.45,11,1.50,9,1.0,12,7,5.10,14,2.95,8,0.1428571428571428,5.079,0.0906964285714276,8.89,6.54,6.19,5.50,8.04,7.55,5.46,6.36,5.50,1.0,0.503968253968254,1.0,0.5077932731747333,0.0,0.4749455337690632,0.0,0.4053058216654384,13.0,0.0,0.4693520140105078,4.0,47.0,4.0,0.0,0,0.0,0.0,0.0,0.0,0.0,0.0,0.0,0.0,0.0,0.0,0.0,0.0,0.0,0.0,0.0,0.0,7.933333333333334,8.05,39,19,USA,MAG,Kevin Magnussen,GER,Germany,Германия,#000000,Ferrari,#DC0004,50.0,50.0,0.0,0.0,29.0,29.0,8,11,9,7.0,7,7,14.0,11,12,8.05,
2024,2024191,2,22,Oscar Piastri,McLaren,5.0,5,5,5,5,+21.921,10,81,PIA,28,9,#DE8E18,28-9,2,1,1.0,8.11,0.0,0.0,0.4478188845941468,5,0,0,3.0,5.0,0,0,0.0,0.0,56.0,100,-1,0.0,1.0,1.0,5.0,0,0.0,0.0,0.0,1.0,99.256,01:39.256,0.199,0.151,0.048,10,3.10,4,1.85,9,1.60,13,1.40,10,1.0,9,9,4.95,12,3.00,3,0.0535714285714285,2.558,0.0456785714285713,8.61,6.54,8.77,4.86,9.5,7.55,5.46,6.36,5.50,0.0,0.4626544868350349,0.0,0.4883073496659242,1.0,0.5945454545454546,0.0,0.4418181818181818,3.0,1.0,0.5053191489361702,22.0,31.0,10.0,0.0,0,0.0,0.0,0.0,0.0,0.0,0.0,0.0,0.0,0.0,0.0,0.0,0.0,0.0,0.0,0.0,0.0,7.64,7.95,39,19,USA,NOR,Lando Norris,AUS,Australia,Австралия,#F7C900,Mercedes,#707070,0.0,100.0,0.0,0.0,247.0,247.0,5,5,10,9.0,10,4,12.0,13,9,7.95,
2024,2024191,2,22,Franco Colapinto,Williams,17.0,15,10,10,10,+1:11.979,1,43,COL,31,18,#3C95C9,31-18,1,1,1.0,2.42,0.0,0.0,0.4557438794726929,15,0,0,8.0,15.0,0,0,1.0,1.0,56.0,100,2,4.0,2.0,6.0,16.0,-1,2.0,3.0,5.0,1.0,100.198,01:40.198,0.204,0.125,0.0789999999999999,11,3.00,11,1.50,14,1.35,5,1.80,11,1.0,14,11,4.50,9,3.15,6,0.1071428571428571,4.203,0.075053571428573,8.47,5.85,5.38,6.79,8.55,7.55,5.46,6.36,5.50,1.0,0.5801369863013699,1.0,0.6977950713359273,1.0,0.6081081081081081,1.0,0.582832618025751,10.0,1.0,0.5370603015075377,1.0,31.0,1.0,0.0,0,0.0,0.0,0.0,0.0,0.0,0.0,0.0,0.0,0.0,0.0,0.0,0.0,0.0,0.0,0.0,0.0,7.753333333333334,7.65,39,19,USA,ALB,Alexander Albon,ARG,Argentina,Аргентина,#68A6DB,Mercedes,#707070,67.0,33.0,40.0,60.0,5.0,5.0,10,15,11,11.0,11,11,9.0,5,14,7.65,
2024,2024191,2,22,Lance Stroll,Aston Martin,14.0,13,15,15,15,+1 Lap,0,18,STR,10,4,#459A72,10-4,4,1,1.0,3.84,0.0,0.0,0.3650190114068441,13,0,0,7.0,13.0,0,0,0.0,0.0,55.0,98,2,4.0,2.0,6.0,13.0,0,1.0,1.0,2.0,1.0,100.984,01:40.984,0.263,0.137,0.126,14,2.70,16,1.25,13,1.40,4,1.85,12,1.0,13,15,3.95,6,3.25,7,0.1272727272727272,6.270,0.1139999999999996,6.82,6.54,2.56,6.79,7.28,7.55,5.46,6.36,5.50,1.0,0.5222052067381318,0.0,0.4475524475524475,1.0,0.5945454545454546,1.0,0.6172727272727273,15.0,1.0,0.574585635359116,0.0,31.0,0.0,0.0,0,0.0,0.0,0.0,0.0,0.0,0.0,0.0,0.0,0.0,0.0,0.0,0.0,0.0,0.0,0.0,0.0,6.7683333333333335,7.20,39,19,USA,ALO,Fernando Alonso,CAN,Canada,Канада,#E30000,Mercedes,#707070,67.0,33.0,50.0,50.0,24.0,24.0,15,13,12,15.0,14,16,6.0,4,13,7.20,
2024,2024191,2,22,Pierre Gasly,Alpine,7.0,6,12,12,12,+1:30.558,0,10,GAS,17,3,#3494CC,17-3,9,4,1.0,7.16,1.0,1.0,0.6236933797909407,6,0,0,3.0,6.0,0,0,1.0,1.0,56.0,100,-2,1.0,3.0,4.0,6.0,0,0.0,0.0,0.0,1.0,100.434,01:40.434,0.246,0.164,0.0819999999999999,13,2.80,12,1.45,10,1.55,15,1.30,13,1.0,10,12,4.25,15,2.85,5,0.0892857142857142,4.523,0.0807678571428575,7.30,6.54,4.54,4.21,8.36,7.55,5.46,6.36,5.50,0.0,0.4765013054830287,1.0,0.6193724420190996,1.0,0.8673740053050398,0.0,0.4067632850241546,11.0,1.0,0.5069739235900544,0.0,0.0,0.0,0.0,0,0.0,0.0,0.0,0.0,0.0,0.0,0.0,0.0,0.0,0.0,0.0,0.0,0.0,0.0,0.0,0.0,6.658333333333332,7.10,39,19,USA,OCO,Esteban Ocon,FRA,France,Франция,#004CA2,Renault,#FAEF00,25.0,75.0,0.0,0.0,8.0,8.0,12,6,13,12.0,13,12,15.0,15,10,7.10,
2024,2024191,2,22,Esteban Ocon,Alpine,13.0,12,18,18,18,+1 Lap,0,31,OCO,13,3,#3494CC,13-3,9,4,1.0,4.32,0.0,0.0,0.3763066202090592,12,0,0,6.0,12.0,0,0,0.0,0.0,55.0,98,1,2.0,1.0,3.0,20.0,-8,0.0,8.0,8.0,1.0,100.921,01:40.921,0.220,0.116,0.104,12,2.90,15,1.30,19,1.10,8,1.65,14,1.0,19,13,4.20,16,2.75,5,0.0909090909090909,4.838,0.0879636363636357,8.02,1.00,2.79,6.14,8.13,7.55,5.46,6.36,5.50,1.0,0.5234986945169713,0.0,0.3806275579809004,0.0,0.1326259946949602,1.0,0.5932367149758454,12.0,0.0,0.4930260764099454,0.0,0.0,0.0,0.0,0,0.0,0.0,0.0,0.0,0.0,0.0,1.0,0.0,0.0,0.0,0.0,0.0,0.0,0.0,0.0,0.0,6.536666666666666,6.95,39,19,USA,GAS,Pierre Gasly,FRA,France,Франция,#004CA2,Renault,#FAEF00,67.0,33.0,0.0,100.0,5.0,5.0,18,12,14,13.0,12,15,16.0,8,19,6.95,
2024,2024191,2,22,Yuki Tsunoda,RB,11.0,10,14,14,14,+1 Lap,0,22,TSU,9,11,#476CBF,9-11,13,2,1.0,5.26,1.0,1.0,0.6095017381228274,10,0,0,5.0,10.0,0,0,0.0,0.0,55.0,98,-3,1.0,4.0,5.0,8.0,2,2.0,0.0,2.0,1.0,100.823,01:40.823,0.472,0.116,0.356,19,2.20,14,1.35,4,1.85,17,1.20,15,1.0,4,17,3.55,10,3.05,6,0.109090909090909,16.877,0.3068545454545446,1.00,7.92,3.14,3.57,1.0,7.55,5.46,6.36,5.50,0.0,0.0947867298578199,0.0,0.3642691415313225,0.0,0.4419642857142856,0.0,0.3676622039134912,19.0,0.0,0.0957854406130268,2.0,23.0,0.0,0.0,0,0.0,0.0,0.0,0.0,0.0,0.0,0.0,0.0,0.0,0.0,0.0,0.0,0.0,0.0,0.0,0.0,2.5816666666666666,6.60,39,19,USA,LAW,Liam Lawson,JPN,Japan,Япония,#C60018,Honda,#DE0000,20.0,80.0,100.0,0.0,22.0,22.0,14,10,15,17.0,19,14,10.0,17,4,6.60,
2024,2024191,2,22,Fernando Alonso,Aston Martin,8.0,7,13,13,13,+1 Lap,0,14,ALO,19,4,#459A72,19-4,7,1,1.0,6.68,1.0,1.0,0.6349809885931559,7,0,0,4.0,7.0,0,0,1.0,1.0,55.0,98,-2,2.0,4.0,6.0,10.0,-3,0.0,3.0,3.0,1.0,100.816,01:40.816,0.284,0.092,0.1919999999999999,15,2.60,13,1.40,17,1.20,16,1.25,16,1.0,17,14,4.00,18,2.45,11,0.2,9.457,0.1719454545454523,6.24,4.46,3.16,4.21,5.39,7.55,5.46,6.36,5.50,0.0,0.4777947932618683,1.0,0.5524475524475524,0.0,0.4054545454545454,0.0,0.3827272727272727,16.0,0.0,0.4254143646408839,0.0,31.0,18.0,0.0,0,0.0,0.0,0.0,0.0,0.0,0.0,0.0,0.0,0.0,0.0,0.0,0.0,0.0,0.0,0.0,0.0,5.605,6.45,39,19,USA,STR,Lance Stroll,ESP,Spain,Испания,#F7B800,Mercedes,#707070,33.0,67.0,0.0,100.0,62.0,62.0,13,7,16,14.0,15,13,18.0,16,17,6.45,
2024,2024191,2,22,Guanyu Zhou,Kick Sauber,20.0,18,19,19,19,+1 Lap,0,24,ZHO,23,8,#64D064,23-8,5,3,1.0,1.0,0.0,0.0,0.3389830508474576,18,0,0,9.0,18.0,0,0,0.0,0.0,55.0,98,-7,0.0,7.0,7.0,15.0,3,4.0,1.0,5.0,1.0,101.198,01:41.198,0.404,0.142,0.262,18,2.30,18,1.15,3,1.90,19,1.10,17,1.0,3,19,3.45,13,3.00,4,0.0727272727272727,11.319,0.2057999999999992,2.89,8.62,1.79,1.00,4.29,7.55,5.46,6.36,5.50,0.0,0.3921302578018996,1.0,0.6415770609318997,1.0,0.5957152729785764,0.0,0.2544529262086514,18.0,0.0,0.4593147751605996,0.0,47.0,0.0,0.0,0,0.0,0.0,0.0,0.0,0.0,0.0,0.0,0.0,0.0,0.0,0.0,0.0,0.0,0.0,0.0,0.0,3.53,6.45,39,19,USA,BOT,Valtteri Bottas,CHN,China,Китай,#F70000,Ferrari,#DC0004,0.0,100.0,80.0,20.0,0.0,0.0,19,18,17,19.0,18,18,13.0,19,3,6.45,
2024,2024191,2,22,Alexander Albon,Williams,16.0,14,16,16,16,+1 Lap,0,23,ALB,24,18,#3C95C9,24-18,20,1,1.0,2.89,1.0,1.0,0.544256120527307,14,0,0,7.0,14.0,0,0,0.0,0.0,55.0,98,-1,4.0,5.0,9.0,18.0,-4,1.0,5.0,6.0,1.0,101.048,01:41.048,0.288,0.163,0.1249999999999999,16,2.50,17,1.20,18,1.15,14,1.35,18,1.0,18,16,3.70,17,2.50,6,0.109090909090909,6.109,0.1110727272727258,6.13,3.77,2.33,4.86,7.37,7.55,5.46,6.36,5.50,0.0,0.4198630136986301,0.0,0.3022049286640726,0.0,0.3918918918918919,0.0,0.4171673819742489,14.0,0.0,0.4629396984924622,1.0,31.0,0.0,0.0,0,0.0,0.0,0.0,0.0,0.0,0.0,0.0,0.0,0.0,0.0,0.0,0.0,0.0,0.0,0.0,0.0,5.525,6.20,39,19,USA,COL,Franco Colapinto,THA,Thailand,Таиланд,#2E2549,Mercedes,#707070,44.0,56.0,17.0,83.0,12.0,12.0,16,14,18,16.0,16,17,17.0,14,18,6.20,
2024,2024191,2,22,Valtteri Bottas,Kick Sauber,18.0,16,17,17,17,+1 Lap,0,77,BOT,3,8,#64D064,3-8,8,3,1.0,1.95,1.0,1.0,0.6610169491525423,16,0,0,8.0,16.0,0,0,1.0,1.0,55.0,98,-4,1.0,5.0,6.0,17.0,-1,2.0,3.0,5.0,1.0,101.419,01:41.419,0.347,0.131,0.2159999999999999,17,2.40,19,1.10,15,1.30,18,1.15,19,1.0,15,18,3.50,19,2.45,8,0.1454545454545454,10.037,0.1824909090909097,4.48,5.85,1.00,2.93,5.05,7.55,5.46,6.36,5.50,1.0,0.6078697421981004,0.0,0.3584229390681003,0.0,0.4042847270214236,1.0,0.7455470737913487,17.0,1.0,0.5406852248394004,0.0,47.0,0.0,0.0,0,0.0,0.0,0.0,0.0,0.0,0.0,0.0,0.0,0.0,0.0,0.0,0.0,0.0,0.0,0.0,0.0,4.45,5.95,39,19,USA,ZHO,Guanyu Zhou,FIN,Finland,Финляндия,#04276B,Ferrari,#DC0004,17.0,83.0,40.0,60.0,0.0,0.0,17,16,19,18.0,17,19,19.0,18,15,5.95,
2024,2024191,2,22,Lewis Hamilton,Mercedes,19.0,17,-,DNF,20,-,0,44,HAM,1,10,#0AA395,1-10,10,1,1.0,1.47,0.0,0.0,0.1615384615384615,17,0,0,9.0,17.0,1,0,0.0,,1.0,2,-,0.0,0.0,0.0,12.0,5,5.0,0.0,5.0,0.0,-,-,-,-,,DNC,DNC,DNC,DNC,DNC,DNC,DNC,DNC,DNC,0.0,20,DNC,DNC,DNC,DNC,-,,-,,-,-,-,-,,7.55,5.46,6.36,5.50,,,,,,,,,,0.0,,8.0,31.0,20.0,0.0,0,0.0,0.0,0.0,0.0,0.0,0.0,0.0,0.0,0.0,0.0,0.0,0.0,0.0,0.0,0.0,0.0,,DNC,39,19,USA,RUS,George Russell,GBR,Great Britain,Великобритания,#314486,Mercedes,#707070,0.0,0.0,100.0,0.0,177.0,177.0,5,17,9,12.0,14,6,3.5,6,3,8.05,
2024,2024201,2,23,Max Verstappen,Red Bull Racing,2.0,2,6,6,6,+59.558,8,1,VER,2,14,#1A4C82,2-14,16,2,1.0,9.53,1.0,1.0,0.8301393728222997,2,0,0,1.0,2.0,0,0,1.0,1.0,71.0,100,3,5.0,2.0,7.0,1.0,1,1.0,0.0,1.0,1.0,81.684,01:21.684,0.184,0.111,0.073,7,3.40,4,1.85,2,1.95,2,1.95,1,1.0,2,6,5.25,1,3.90,10,0.1408450704225352,6.190,0.0871830985915484,7.16,6.40,7.34,7.43,6.55,5.92,5.31,4.60,5.54,1.0,0.7816593886462883,1.0,0.6790009250693801,0.0,0.3902439024390244,1.0,0.5475313190862195,11.0,1.0,0.7724056603773585,8.0,8.0,8.0,1.0,0,1.0,0.0,0.0,0.0,0.0,1.0,0.0,0.0,0.0,0.0,0.0,0.0,1.0,0.0,1.0,8.0,7.078333333333333,9.15,24,20,MEX,PER,Sergio Perez,NLD,Netherlands,Нидерланды,#F75600,Honda,#DE0000,71.0,29.0,100.0,0.0,362.0,362.0,6,2,1,6.0,7,4,1.0,2,2,9.15,
2024,2024201,2,23,Kevin Magnussen,Haas F1 Team,7.0,7,7,7,7,+1:03.642,6,20,MAG,22,7,#505050,22-7,6,3,1.0,7.16,1.0,1.0,0.5550387596899224,7,0,0,4.0,7.0,0,0,1.0,1.0,71.0,100,3,3.0,0.0,3.0,7.0,0,0.0,0.0,0.0,1.0,81.958,01:21.958,0.119,0.083,0.0359999999999999,1,4.00,8,1.65,9,1.60,4,1.85,2,1.0,9,2,5.65,5,3.45,6,0.0845070422535211,2.977,0.0419295774647883,10.00,4.60,6.16,7.43,9.76,5.92,5.31,4.60,5.54,1.0,0.5963029218843172,1.0,0.5703703703703703,0.0,0.4181818181818181,1.0,0.5,3.0,1.0,0.5150395778364116,8.0,49.0,6.0,1.0,0,0.0,1.0,0.0,0.0,0.0,1.0,0.0,0.0,0.0,0.0,0.0,0.0,0.0,0.0,0.0,0.0,8.671666666666667,9.10,24,20,MEX,HUL,Nico Hulkenberg,DEN,Denmark,Дания,#D20019,Ferrari,#DC0004,100.0,0.0,0.0,0.0,14.0,14.0,7,7,2,2.0,1,8,5.0,4,9,9.10,
2024,2024201,2,23,Carlos Sainz,Ferrari,1.0,1,1,1,1,1:40:55.800,25,55,SAI,8,5,#BA3B30,8-5,7,3,1.0,10.0,1.0,1.0,0.5382131324004307,1,0,0,1.0,1.0,0,0,1.0,1.0,71.0,100,1,1.0,0.0,1.0,2.0,-1,0.0,1.0,1.0,1.0,81.07,01:21.070,0.121,0.076,0.045,2,3.90,1,2.00,13,1.40,8,1.65,3,1.0,13,1,5.90,11,3.05,9,0.1267605633802817,2.791,0.0393098591549303,9.91,2.80,10.00,6.14,9.94,5.92,5.31,4.60,5.54,1.0,0.5536312849162012,1.0,0.5173305742369374,0.0,0.3783783783783784,1.0,0.5,2.0,1.0,0.5372972972972972,41.0,49.0,25.0,1.0,0,0.0,0.0,1.0,0.0,0.0,1.0,0.0,1.0,0.0,0.0,1.0,1.0,0.0,0.0,1.0,63.0,8.096666666666666,8.95,24,20,MEX,LEC,Charles Leclerc,ESP,Spain,Испания,#F7B800,Ferrari,#DC0004,100.0,0.0,0.0,100.0,240.0,240.0,1,1,3,1.0,2,1,11.0,8,13,8.95,
2024,2024201,2,23,Lando Norris,McLaren,3.0,3,2,2,2,+4.705,18,4,NOR,4,9,#DE8E18,4-9,10,1,1.0,9.05,1.0,1.0,0.7890148212728858,3,0,0,2.0,3.0,0,0,1.0,1.0,71.0,100,0,1.0,1.0,2.0,3.0,0,0.0,0.0,0.0,1.0,81.116,01:21.116,0.152,0.087,0.065,4,3.70,2,1.95,7,1.70,11,1.50,4,1.0,7,3,5.65,8,3.20,8,0.1126760563380281,4.476,0.0630422535211267,8.56,4.60,9.80,5.50,8.26,5.92,5.31,4.60,5.54,1.0,0.7235841081994928,1.0,0.611353711790393,1.0,0.8214285714285714,0.0,0.3548387096774194,8.0,1.0,0.6252838758516275,22.0,44.0,40.0,0.0,0,0.0,0.0,0.0,0.0,0.0,0.0,0.0,0.0,1.0,0.0,1.0,0.0,0.0,1.0,1.0,0.0,7.390000000000001,8.85,24,20,MEX,PIA,Oscar Piastri,GBR,Great Britain,Великобритания,#314486,Mercedes,#707070,50.0,50.0,0.0,0.0,315.0,315.0,2,3,4,3.0,4,2,8.0,11,7,8.85,
2024,2024201,2,23,Lewis Hamilton,Mercedes,6.0,6,4,4,4,+44.780,12,44,HAM,1,10,#0AA395,1-10,10,1,1.0,7.63,0.0,0.0,0.4847522236340534,6,0,0,3.0,6.0,0,0,1.0,1.0,71.0,100,3,4.0,1.0,5.0,5.0,1,1.0,0.0,1.0,1.0,81.686,01:21.686,0.229,0.153,0.076,10,3.10,5,1.80,3,1.90,3,1.90,5,1.0,3,8,4.90,2,3.80,7,0.0985915492957746,5.923,0.0834225352112676,5.19,6.40,7.33,7.43,6.82,5.92,5.31,4.60,5.54,0.0,0.3728448275862069,1.0,0.508674531575295,1.0,0.6956521739130436,1.0,0.5225035161744023,10.0,0.0,0.4054696789536266,22.0,44.0,40.0,0.0,0,0.0,0.0,0.0,0.0,0.0,0.0,0.0,0.0,0.0,0.0,0.0,0.0,0.0,0.0,0.0,0.0,5.765000000000001,8.70,24,20,MEX,RUS,George Russell,GBR,Great Britain,Великобритания,#314486,Mercedes,#707070,80.0,20.0,100.0,0.0,189.0,189.0,4,6,5,8.0,10,5,2.0,3,3,8.70,
2024,2024201,2,23,Charles Leclerc,Ferrari,4.0,4,3,3,3,+34.387,16,16,LEC,6,5,#BA3B30,6-5,15,3,1.0,8.58,0.0,0.0,0.4617868675995695,4,0,0,2.0,4.0,0,0,0.0,0.0,71.0,100,1,2.0,1.0,3.0,4.0,0,0.0,0.0,0.0,1.0,81.224,01:21.224,0.165,0.098,0.067,6,3.50,3,1.90,8,1.65,9,1.60,6,1.0,8,5,5.40,6,3.25,5,0.0704225352112676,4.175,0.0588028169014086,7.99,4.60,9.33,6.14,8.56,5.92,5.31,4.60,5.54,0.0,0.4463687150837989,0.0,0.4826694257630626,1.0,0.6216216216216216,0.0,0.5,6.0,0.0,0.4627027027027027,41.0,49.0,16.0,0.0,0,0.0,0.0,0.0,0.0,0.0,0.0,1.0,0.0,0.0,1.0,1.0,0.0,0.0,0.0,0.0,0.0,7.116666666666667,8.65,24,20,MEX,SAI,Carlos Sainz,MON,Monaco,Монако,#D80000,Ferrari,#DC0004,67.0,33.0,0.0,0.0,291.0,291.0,3,4,6,5.0,6,3,6.0,9,8,8.65,
2024,2024201,2,23,George Russell,Mercedes,5.0,5,5,5,5,+48.536,10,63,RUS,14,10,#0AA395,14-10,10,1,1.0,8.11,1.0,1.0,0.5152477763659467,5,0,0,3.0,5.0,0,0,0.0,0.0,71.0,100,2,3.0,1.0,4.0,6.0,-1,0.0,1.0,1.0,1.0,81.744,01:21.744,0.148,0.105,0.043,3,3.80,6,1.75,14,1.35,6,1.75,7,1.0,14,4,5.55,10,3.10,5,0.0704225352112676,2.733,0.0384929577464789,8.73,2.80,7.08,6.79,10.0,5.92,5.31,4.60,5.54,1.0,0.627155172413793,0.0,0.4913254684247051,0.0,0.3043478260869565,0.0,0.4774964838255978,1.0,1.0,0.5945303210463734,22.0,44.0,40.0,0.0,0,0.0,0.0,0.0,0.0,0.0,0.0,0.0,0.0,0.0,0.0,0.0,0.0,0.0,0.0,0.0,0.0,7.418333333333333,8.65,24,20,MEX,HAM,Lewis Hamilton,GBR,Great Britain,Великобритания,#314486,Mercedes,#707070,75.0,25.0,0.0,100.0,177.0,177.0,5,5,7,4.0,3,6,10.0,6,14,8.65,
2024,2024201,2,23,Nico Hulkenberg,Haas F1 Team,10.0,10,9,9,9,+1 Lap,2,27,HUL,25,7,#505050,25-7,11,3,1.0,5.74,0.0,0.0,0.4449612403100775,10,0,0,5.0,10.0,0,0,0.0,0.0,70.0,99,3,4.0,1.0,5.0,8.0,1,1.0,0.0,1.0,1.0,82.309,01:22.309,0.193,0.149,0.044,8,3.30,9,1.60,4,1.85,5,1.80,8,1.0,4,7,4.90,3,3.65,8,0.1142857142857142,3.499,0.0499857142857146,6.77,6.40,4.64,7.43,9.19,5.92,5.31,4.60,5.54,0.0,0.4036970781156827,0.0,0.4296296296296296,1.0,0.5818181818181819,0.0,0.5,5.0,0.0,0.4849604221635883,8.0,49.0,2.0,0.0,0,0.0,0.0,0.0,0.0,0.0,0.0,0.0,0.0,0.0,0.0,0.0,0.0,0.0,0.0,0.0,0.0,6.8183333333333325,8.55,24,20,MEX,MAG,Kevin Magnussen,GER,Germany,Германия,#000000,Ferrari,#DC0004,80.0,20.0,100.0,0.0,31.0,31.0,9,10,8,7.0,8,9,3.0,5,4,8.55,
2024,2024201,2,23,Oscar Piastri,McLaren,17.0,17,8,8,8,+1:04.928,4,81,PIA,28,9,#DE8E18,28-9,2,1,1.0,2.42,0.0,0.0,0.2109851787271142,17,0,0,9.0,17.0,0,0,0.0,0.0,71.0,100,7,9.0,2.0,11.0,17.0,-2,0.0,2.0,2.0,1.0,81.941,01:21.941,0.273,0.164,0.109,14,2.70,7,1.70,18,1.15,1,2.00,9,1.0,17,12,4.40,9,3.15,7,0.0985915492957746,7.794,0.1097746478873237,3.27,1.00,6.23,10.00,4.95,5.92,5.31,4.60,5.54,0.0,0.2764158918005072,0.0,0.388646288209607,0.0,0.1785714285714285,1.0,0.6451612903225806,12.0,0.0,0.3747161241483724,22.0,44.0,4.0,1.0,0,0.0,0.0,0.0,0.0,1.0,1.0,0.0,0.0,0.0,0.0,0.0,0.0,0.0,0.0,0.0,0.0,4.013333333333333,7.55,24,20,MEX,NOR,Lando Norris,AUS,Australia,Австралия,#F7C900,Mercedes,#707070,82.0,18.0,0.0,100.0,251.0,251.0,8,17,9,12.0,14,7,9.0,1,18,7.55,
2024,2024201,2,23,Pierre Gasly,Alpine,8.0,8,10,10,10,+1 Lap,1,10,GAS,17,3,#3494CC,17-3,9,4,1.0,6.68,1.0,1.0,0.8196319018404907,8,0,0,4.0,8.0,0,0,1.0,1.0,70.0,99,2,3.0,1.0,4.0,9.0,-1,0.0,1.0,1.0,1.0,82.536,01:22.536,0.231,0.080,0.151,11,3.00,10,1.55,15,1.30,7,1.70,10,1.0,15,10,4.55,12,3.00,8,0.1142857142857142,9.592,0.1370285714285712,5.11,2.80,3.66,6.79,3.02,5.92,5.31,4.60,5.54,0.0,0.4757914338919926,1.0,0.5874799357945425,0.0,0.3783783783783784,1.0,0.6554054054054055,14.0,0.0,0.3927178153446034,1.0,1.0,1.0,0.0,0,0.0,0.0,0.0,0.0,0.0,0.0,0.0,0.0,0.0,0.0,0.0,0.0,0.0,0.0,0.0,0.0,5.005,7.55,24,20,MEX,OCO,Esteban Ocon,FRA,France,Франция,#004CA2,Renault,#FAEF00,75.0,25.0,0.0,100.0,9.0,9.0,10,8,10,10.0,11,10,12.0,7,15,7.55,
2024,2024201,2,23,Sergio Perez,Red Bull Racing,18.0,18,17,17,17,+1 Lap,0,11,PER,5,14,#1A4C82,5-14,14,2,1.0,1.95,0.0,0.0,0.1698606271777003,18,0,0,9.0,18.0,0,0,0.0,0.0,70.0,99,1,3.0,2.0,5.0,13.0,3,3.0,0.0,3.0,1.0,82.579,01:22.579,0.302,0.099,0.2029999999999999,16,2.50,11,1.50,1,2.00,10,1.55,11,1.0,1,15,4.00,4,3.55,8,0.1142857142857142,10.667,0.1523857142857147,2.00,10.00,3.47,6.14,1.93,5.92,5.31,4.60,5.54,0.0,0.2183406113537118,0.0,0.3209990749306198,1.0,0.6097560975609757,0.0,0.4524686809137803,16.0,0.0,0.2275943396226415,8.0,8.0,0.0,1.0,0,0.0,0.0,0.0,1.0,0.0,1.0,0.0,0.0,0.0,0.0,0.0,0.0,0.0,0.0,0.0,0.0,4.023333333333333,7.55,24,20,MEX,VER,Max Verstappen,MEX,Mexico,Мексика,#006640,Honda,#DE0000,60.0,40.0,100.0,0.0,150.0,150.0,17,18,11,15.0,16,11,4.0,10,1,7.55,
2024,2024201,2,23,Lance Stroll,Aston Martin,14.0,14,11,11,11,+1 Lap,0,18,STR,10,4,#459A72,10-4,4,1,1.0,3.84,0.0,0.0,0.4705882352941176,14,0,0,7.0,14.0,0,0,1.0,,70.0,99,0,2.0,2.0,4.0,11.0,1,1.0,0.0,1.0,1.0,82.63,01:22.630,0.255,0.113,0.142,13,2.80,13,1.40,5,1.80,12,1.45,12,1.0,5,14,4.20,7,3.25,13,0.1857142857142857,9.611,0.1372999999999982,4.06,6.40,3.25,5.50,3.0,5.92,5.31,4.60,5.54,,,,,,,,,15.0,0.0,0.2415458937198067,0.0,44.0,0.0,0.0,0,0.0,0.0,0.0,0.0,0.0,0.0,0.0,0.0,0.0,0.0,0.0,0.0,0.0,0.0,0.0,0.0,4.69,7.45,24,20,MEX,ALO,Fernando Alonso,CAN,Canada,Канада,#E30000,Mercedes,#707070,50.0,50.0,100.0,0.0,24.0,24.0,11,14,12,14.0,13,13,7.0,12,5,7.45,
2024,2024201,2,23,Esteban Ocon,Alpine,19.0,PLS,13,13,13,+1 Lap,0,31,OCO,13,3,#3494CC,13-3,9,4,1.0,1.47,0.0,0.0,0.1803680981595092,PLS,0,1,,20.0,0,0,0.0,0.0,70.0,99,-3,2.0,5.0,7.0,18.0,0,0.0,0.0,0.0,1.0,82.787,01:22.787,0.219,0.098,0.121,9,3.20,15,1.30,12,1.45,14,1.35,13,1.0,12,11,4.50,15,2.80,6,0.0857142857142857,7.960,0.1137142857142854,5.63,4.60,2.57,3.57,4.67,5.92,5.31,4.60,5.54,1.0,0.5242085661080075,0.0,0.4125200642054574,1.0,0.6216216216216216,0.0,0.3445945945945945,13.0,1.0,0.6072821846553966,1.0,1.0,1.0,0.0,0,0.0,0.0,0.0,0.0,0.0,0.0,0.0,0.0,0.0,0.0,0.0,0.0,0.0,0.0,0.0,0.0,5.114999999999999,7.30,24,20,MEX,GAS,Pierre Gasly,FRA,France,Франция,#004CA2,Renault,#FAEF00,29.0,71.0,0.0,0.0,5.0,5.0,13,14,13,11.0,9,15,15.0,14,12,7.30,
2024,2024201,2,23,Valtteri Bottas,Kick Sauber,15.0,15,14,14,14,+1 Lap,0,77,BOT,3,8,#64D064,3-8,8,3,1.0,3.37,1.0,1.0,0.7711670480549199,15,0,0,8.0,15.0,0,0,1.0,1.0,70.0,99,-7,0.0,7.0,7.0,15.0,-2,0.0,2.0,2.0,1.0,82.883,01:22.883,0.164,0.103,0.061,5,3.60,16,1.25,17,1.20,16,1.25,14,1.0,16,9,4.85,17,2.45,6,0.0857142857142857,4.158,0.0594000000000002,8.03,1.00,2.16,1.00,8.52,5.92,5.31,4.60,5.54,1.0,0.7511693171188026,1.0,0.6835443037974683,0.0,0.1351351351351351,1.0,0.5,7.0,1.0,0.8949579831932774,0.0,49.0,0.0,0.0,0,0.0,0.0,0.0,0.0,0.0,0.0,0.0,0.0,0.0,0.0,0.0,0.0,0.0,0.0,0.0,0.0,5.6866666666666665,7.30,24,20,MEX,ZHO,Guanyu Zhou,FIN,Finland,Финляндия,#04276B,Ferrari,#DC0004,0.0,100.0,0.0,100.0,0.0,0.0,14,15,14,9.0,5,16,17.0,16,17,7.30,
2024,2024201,2,23,Franco Colapinto,Williams,16.0,16,12,12,12,+1 Lap,0,43,COL,31,18,#3C95C9,31-18,1,1,1.0,2.89,0.0,0.0,0.3175824175824176,16,0,0,8.0,16.0,0,0,1.0,,70.0,99,-5,0.0,5.0,5.0,14.0,0,1.0,1.0,2.0,1.0,82.622,01:22.622,0.243,0.165,0.0779999999999999,12,2.90,12,1.45,11,1.50,15,1.30,15,1.0,11,13,4.35,16,2.80,6,0.0857142857142857,5.237,0.0748142857142852,4.58,4.60,3.28,2.29,7.43,5.92,5.31,4.60,5.54,,,,,,,,,9.0,1.0,1.0,0.0,44.0,0.0,0.0,0,0.0,0.0,0.0,0.0,0.0,0.0,0.0,0.0,0.0,0.0,0.0,0.0,0.0,0.0,0.0,0.0,4.201666666666667,7.15,24,20,MEX,ALB,Alexander Albon,ARG,Argentina,Аргентина,#68A6DB,Mercedes,#707070,0.0,100.0,50.0,50.0,5.0,5.0,12,16,15,13.0,12,12,16.0,15,11,7.15,
2024,2024201,2,23,Guanyu Zhou,Kick Sauber,20.0,19,15,15,15,+1 Lap,0,24,ZHO,23,8,#64D064,23-8,5,3,1.0,1.0,0.0,0.0,0.22883295194508,19,0,0,10.0,19.0,0,0,0.0,0.0,70.0,99,-7,0.0,7.0,7.0,16.0,1,1.0,0.0,1.0,1.0,83.15,01:23.150,0.287,0.096,0.1909999999999999,15,2.60,17,1.20,6,1.75,17,1.20,16,1.0,6,16,3.80,14,2.95,9,0.1285714285714285,11.591,0.1655857142857144,2.66,6.40,1.00,1.00,1.0,5.92,5.31,4.60,5.54,0.0,0.2488306828811974,0.0,0.3164556962025316,1.0,0.8648648648648649,0.0,0.5,18.0,0.0,0.1050420168067226,0.0,49.0,0.0,0.0,0,0.0,0.0,0.0,0.0,0.0,0.0,0.0,0.0,0.0,0.0,0.0,0.0,0.0,0.0,0.0,0.0,3.0066666666666664,6.75,24,20,MEX,BOT,Valtteri Bottas,CHN,China,Китай,#F70000,Ferrari,#DC0004,0.0,100.0,100.0,0.0,0.0,0.0,15,19,16,16.0,15,17,14.0,17,6,6.75,
2024,2024201,2,23,Liam Lawson,RB,12.0,12,16,16,16,+1 Lap,0,30,LAW,29,11,#476CBF,29-11,17,2,1.0,4.79,0.0,0.0,0.4766169154228855,12,0,0,6.0,12.0,0,0,1.0,,70.0,99,-3,1.0,4.0,5.0,10.0,0,0.0,0.0,0.0,1.0,82.699,01:22.699,0.325,0.152,0.173,17,2.40,14,1.35,10,1.55,13,1.40,17,1.0,10,17,3.75,13,2.95,7,0.1,10.762,0.1537428571428563,1.00,4.60,2.95,3.57,1.84,5.92,5.31,4.60,5.54,,,,,,,,,17.0,1.0,1.0,0.0,8.0,0.0,0.0,0,0.0,0.0,0.0,0.0,0.0,0.0,0.0,0.0,0.0,0.0,0.0,0.0,0.0,0.0,0.0,0.0,2.0283333333333333,6.70,24,20,MEX,TSU,Yuki Tsunoda,NZL,New Zealand,Новая Зеландия,#0D1168,Honda,#DE0000,20.0,80.0,0.0,0.0,2.0,2.0,16,12,17,17.0,17,14,13.0,13,10,6.70,
2024,2024201,2,23,Fernando Alonso,Aston Martin,13.0,13,-,DNF,18,-,0,14,ALO,19,4,#459A72,19-4,7,1,1.0,4.32,1.0,1.0,0.5294117647058824,13,0,0,7.0,13.0,1,0,0.0,,15.0,21,-,0.0,1.0,1.0,12.0,-1,0.0,1.0,1.0,0.0,-,-,0.234,0.116,0.118,DNC,DNC,DNC,DNC,16,DNC,DNC,DNC,DNC,0.0,20,DNC,DNC,DNC,DNC,1,0.0666666666666666,0.700,0.0466666666666659,-,2.80,-,-,9.42,5.92,5.31,4.60,5.54,,,,,,,,,4.0,1.0,0.7584541062801933,0.0,44.0,25.0,0.0,0,0.0,0.0,0.0,0.0,0.0,0.0,0.0,0.0,0.0,0.0,0.0,0.0,0.0,0.0,0.0,0.0,,DNC,24,20,MEX,STR,Lance Stroll,ESP,Spain,Испания,#F7B800,Mercedes,#707070,0.0,100.0,0.0,100.0,62.0,62.0,16,13,18,17.0,18,16,18.0,16,16,6.03,
2024,2024201,2,23,Alexander Albon,Williams,9.0,9,-,DNF,19,-,0,23,ALB,24,18,#3C95C9,24-18,20,1,1.0,6.21,1.0,1.0,0.6824175824175824,9,0,0,5.0,9.0,1,0,0.0,,0.0,0,-,0.0,0.0,0.0,,-,-,-,,0.0,-,-,-,-,,DNC,DNC,DNC,DNC,DNC,DNC,DNC,DNC,DNC,0.0,18,DNC,DNC,DNC,DNC,-,,-,,-,-,-,-,,5.92,5.31,4.60,5.54,,,,,,,,,,0.0,,0.0,44.0,0.0,0.0,0,0.0,0.0,0.0,0.0,0.0,0.0,0.0,0.0,0.0,0.0,0.0,0.0,0.0,0.0,0.0,0.0,,DNC,24,20,MEX,COL,Franco Colapinto,THA,Thailand,Таиланд,#2E2549,Mercedes,#707070,0.0,0.0,0.0,0.0,12.0,12.0,13,9,12,9.5,8,14,16.0,10,18,7.30,
2024,2024201,2,23,Yuki Tsunoda,RB,11.0,11,-,DNF,20,-,0,22,TSU,9,11,#476CBF,9-11,13,2,1.0,5.26,1.0,1.0,0.5233830845771144,11,0,0,6.0,11.0,1,0,0.0,,0.0,0,-,0.0,0.0,0.0,,-,-,-,,0.0,-,-,-,-,,DNC,DNC,DNC,DNC,DNC,DNC,DNC,DNC,DNC,0.0,19,DNC,DNC,DNC,DNC,-,,-,,-,-,-,-,,5.92,5.31,4.60,5.54,,,,,,,,,,0.0,,0.0,8.0,0.0,0.0,0,0.0,0.0,0.0,0.0,0.0,0.0,0.0,0.0,0.0,0.0,0.0,0.0,0.0,0.0,0.0,0.0,,DNC,24,20,MEX,LAW,Liam Lawson,JPN,Japan,Япония,#C60018,Honda,#DE0000,0.0,0.0,0.0,0.0,22.0,22.0,14,11,14,15.5,15,15,11.5,12,9,6.95,
2024,2024210,2,24,Lando Norris,McLaren,2.0,2,1,1,1,29:46.045,8,4,NOR,4,9,#DE8E18,4-9,10,1,1.0,9.53,0.0,0.0,0.4879672299027137,2,0,0,1.0,2.0,0,0,1.0,1.0,24.0,100,1,1.0,0.0,1.0,2.0,0,0.0,0.0,0.0,1.0,72.35,01:12.350,0.118,0.109,0.0089999999999999,2,3.90,3,1.90,6,1.75,4,1.85,1,1.0,6,1,5.80,2,3.60,1,0.0416666666666666,0.221,0.0092083333333328,9.34,5.50,9.90,6.14,10.0,6.58,6.15,5.50,4.86,1.0,0.5436554132712457,0.0,0.4992435703479577,0.0,0.5,1.0,0.6323377960865088,1.0,1.0,0.5567928730512249,15.0,18.0,11.0,1.0,0,1.0,0.0,0.0,0.0,0.0,1.0,0.0,1.0,0.0,0.0,1.0,0.0,1.0,0.0,1.0,3.0,8.166666666666666,9.40,37,21,BRA*,PIA,Oscar Piastri,GBR,Great Britain,Великобритания,#314486,Mercedes,#707070,100.0,0.0,0.0,0.0,323.0,323.0,1,2,1,1.0,2,3,2.0,4,6,9.40,
2024,2024210,2,24,Max Verstappen,Red Bull Racing,4.0,4,4,4,4,+6.497,5,1,VER,2,14,#1A4C82,2-14,16,2,1.0,8.58,1.0,1.0,0.6651162790697674,4,0,0,2.0,4.0,0,0,1.0,1.0,24.0,100,1,1.0,0.0,1.0,4.0,0,0.0,0.0,0.0,1.0,72.326,01:12.326,0.152,0.097,0.0549999999999999,4,3.70,1,2.00,8,1.65,5,1.80,2,1.0,8,2,5.70,3,3.45,2,0.0833333333333333,1.088,0.045333333333333,8.39,5.50,10.00,6.14,8.13,6.58,6.15,5.50,4.86,1.0,0.5726962457337884,1.0,0.5608524957936063,0.0,0.44,0.0,0.3804213135068153,4.0,1.0,0.5139064475347661,6.0,6.0,5.0,1.0,0,0.0,0.0,1.0,0.0,0.0,1.0,0.0,0.0,0.0,0.0,0.0,0.0,0.0,0.0,0.0,0.0,7.533333333333334,9.15,37,21,BRA*,PER,Sergio Perez,NLD,Netherlands,Нидерланды,#F75600,Honda,#DE0000,100.0,0.0,0.0,0.0,367.0,367.0,4,4,2,2.0,4,1,3.0,5,8,9.15,
2024,2024210,2,24,Esteban Ocon,Alpine,17.0,16,13,13,13,+34.128,0,31,OCO,13,3,#3494CC,13-3,9,4,1.0,2.42,0.0,0.0,0.2526096033402922,16,0,0,8.0,16.0,0,0,0.0,0.0,24.0,100,0,0.0,0.0,0.0,15.0,1,1.0,0.0,1.0,1.0,73.514,01:13.514,0.124,0.124,0.0,3,3.80,12,1.45,4,1.85,12,1.45,3,1.0,4,4,5.25,5,3.30,0,0.0,-,,9.17,7.00,5.26,4.86,,6.58,6.15,5.50,4.86,1.0,0.5297515886770652,0.0,0.4218123496391339,1.0,0.56,0.0,0.5,19.0,0.0,,2.0,2.0,2.0,0.0,0,0.0,0.0,0.0,0.0,0.0,0.0,0.0,0.0,0.0,0.0,0.0,0.0,0.0,0.0,0.0,0.0,8.09,8.55,37,21,BRA*,GAS,Pierre Gasly,FRA,France,Франция,#004CA2,Renault,#FAEF00,0.0,0.0,100.0,0.0,5.0,5.0,13,16,3,4.0,3,12,5.0,12,4,8.55,
2024,2024210,2,24,Oscar Piastri,McLaren,1.0,1,2,2,2,+0.593,7,81,PIA,28,9,#DE8E18,28-9,2,1,1.0,10.0,1.0,1.0,0.5120327700972862,1,0,0,1.0,1.0,0,0,0.0,0.0,24.0,100,-1,0.0,1.0,1.0,1.0,0,0.0,0.0,0.0,1.0,72.343,01:12.343,0.172,0.112,0.0599999999999999,8,3.30,2,1.95,5,1.80,13,1.40,4,1.0,5,6,5.25,8,3.20,3,0.125,1.167,0.0486249999999988,7.84,5.50,9.93,3.57,7.96,6.58,6.15,5.50,4.86,0.0,0.4563445867287544,1.0,0.5007564296520424,1.0,0.5,0.0,0.3676622039134912,7.0,0.0,0.443207126948775,15.0,18.0,7.0,0.0,0,0.0,0.0,0.0,0.0,0.0,0.0,0.0,0.0,1.0,0.0,1.0,1.0,0.0,0.0,1.0,21.0,6.738333333333333,8.45,37,21,BRA*,NOR,Lando Norris,AUS,Australia,Австралия,#F7C900,Mercedes,#707070,0.0,100.0,0.0,0.0,258.0,258.0,2,1,4,6.0,8,2,8.0,13,5,8.45,
2024,2024210,2,24,Sergio Perez,Red Bull Racing,13.0,13,8,8,8,+18.717,1,11,PER,5,14,#1A4C82,5-14,14,2,1.0,4.32,0.0,0.0,0.3348837209302325,13,0,0,7.0,13.0,0,0,0.0,0.0,24.0,100,4,4.0,0.0,4.0,12.0,1,1.0,0.0,1.0,1.0,72.87,01:12.870,0.229,0.175,0.054,13,2.80,7,1.70,2,1.95,1,2.00,5,1.0,2,11,4.50,1,3.95,1,0.0416666666666666,1.291,0.0537916666666665,6.26,7.00,7.83,10.00,7.69,6.58,6.15,5.50,4.86,0.0,0.4273037542662116,0.0,0.4391475042063937,1.0,0.56,1.0,0.6195786864931846,9.0,0.0,0.4860935524652339,6.0,6.0,1.0,1.0,0,0.0,0.0,0.0,0.0,1.0,1.0,0.0,0.0,0.0,0.0,0.0,0.0,0.0,0.0,0.0,0.0,7.006666666666667,8.45,37,21,BRA*,VER,Max Verstappen,MEX,Mexico,Мексика,#006640,Honda,#DE0000,100.0,0.0,100.0,0.0,151.0,151.0,8,13,5,11.0,13,7,1.0,1,2,8.45,
2024,2024210,2,24,Alexander Albon,Williams,9.0,9,10,10,10,+24.606,0,23,ALB,24,18,#3C95C9,24-18,20,1,1.0,6.21,1.0,1.0,0.617910447761194,9,0,0,5.0,9.0,0,0,1.0,1.0,24.0,100,1,2.0,1.0,3.0,11.0,-2,0.0,2.0,2.0,1.0,73.194,01:13.194,0.094,0.094,0.0,1,4.00,10,1.55,19,1.10,6,1.75,6,1.0,19,3,5.55,15,2.85,0,0.0,-,,10.00,2.50,6.54,6.14,,6.58,6.15,5.50,4.86,1.0,0.5730659025787966,1.0,0.5637931034482759,0.0,0.2631578947368421,1.0,0.5581818181818181,20.0,0.0,,0.0,18.0,0.0,1.0,0,0.0,1.0,0.0,0.0,0.0,1.0,1.0,0.0,0.0,0.0,0.0,0.0,0.0,0.0,0.0,0.0,8.106666666666667,8.40,37,21,BRA*,COL,Franco Colapinto,THA,Thailand,Таиланд,#2E2549,Mercedes,#707070,67.0,33.0,0.0,100.0,12.0,12.0,10,9,6,3.0,1,10,15.0,6,19,8.40,
2024,2024210,2,24,Pierre Gasly,Alpine,7.0,7,7,7,7,+18.161,2,10,GAS,17,3,#3494CC,17-3,9,4,1.0,7.16,1.0,1.0,0.7473903966597077,7,0,0,4.0,7.0,0,0,1.0,1.0,24.0,100,0,0.0,0.0,0.0,7.0,0,0.0,0.0,0.0,1.0,73.025,01:13.025,0.161,0.154,0.007,5,3.60,8,1.65,11,1.50,10,1.55,7,1.0,11,5,5.25,11,3.05,1,0.0416666666666666,0.239,0.0099583333333335,8.14,5.50,7.21,4.86,9.96,6.58,6.15,5.50,4.86,0.0,0.4702484113229347,1.0,0.5781876503608662,0.0,0.44,1.0,0.5,2.0,1.0,1.0,2.0,2.0,2.0,0.0,0,0.0,0.0,0.0,0.0,0.0,0.0,0.0,0.0,0.0,0.0,0.0,0.0,0.0,0.0,0.0,0.0,7.153333333333333,8.30,37,21,BRA*,OCO,Esteban Ocon,FRA,France,Франция,#004CA2,Renault,#FAEF00,0.0,0.0,0.0,0.0,11.0,11.0,7,7,7,5.0,5,8,11.0,10,11,8.30,
2024,2024210,2,24,George Russell,Mercedes,6.0,6,6,6,6,+12.475,3,63,RUS,14,10,#0AA395,14-10,10,1,1.0,7.63,1.0,1.0,0.5919317300232738,6,0,0,3.0,6.0,0,0,1.0,1.0,24.0,100,0,0.0,0.0,0.0,6.0,0,0.0,0.0,0.0,1.0,72.727,01:12.727,0.183,0.138,0.0449999999999999,9,3.20,6,1.75,10,1.55,9,1.60,8,1.0,10,8,4.95,9,3.15,4,0.1666666666666666,1.241,0.0517083333333351,7.54,5.50,8.40,4.86,7.8,6.58,6.15,5.50,4.86,0.0,0.4824056301983365,1.0,0.5870020964360587,1.0,0.8461538461538461,0.0,0.3954434499593166,8.0,0.0,0.4704463208685163,3.0,18.0,11.0,0.0,0,0.0,0.0,0.0,0.0,0.0,0.0,0.0,0.0,0.0,0.0,0.0,0.0,0.0,0.0,0.0,0.0,6.753333333333334,8.10,37,21,BRA*,HAM,Lewis Hamilton,GBR,Great Britain,Великобритания,#314486,Mercedes,#707070,0.0,0.0,0.0,0.0,180.0,180.0,6,6,8,8.0,9,6,9.0,9,10,8.10,
2024,2024210,2,24,Lewis Hamilton,Mercedes,11.0,11,11,11,11,+29.764,0,44,HAM,1,10,#0AA395,1-10,10,1,1.0,5.26,0.0,0.0,0.4080682699767261,11,0,0,6.0,11.0,0,0,0.0,0.0,24.0,100,2,2.0,0.0,2.0,14.0,-3,0.0,3.0,3.0,1.0,73.351,01:13.351,0.163,0.128,0.035,7,3.40,11,1.50,20,1.05,2,1.95,9,1.0,20,9,4.90,14,3.00,2,0.0833333333333333,0.787,0.0327916666666657,8.09,1.00,5.91,7.43,8.78,6.58,6.15,5.50,4.86,1.0,0.5175943698016635,0.0,0.4129979035639413,0.0,0.1538461538461538,1.0,0.6045565500406835,3.0,1.0,0.5295536791314838,3.0,18.0,11.0,0.0,0,0.0,0.0,0.0,0.0,0.0,0.0,0.0,0.0,0.0,0.0,0.0,0.0,0.0,0.0,0.0,0.0,6.798333333333333,7.90,37,21,BRA*,RUS,George Russell,GBR,Great Britain,Великобритания,#314486,Mercedes,#707070,100.0,0.0,0.0,100.0,189.0,189.0,11,11,9,9.0,7,11,14.0,2,20,7.90,
2024,2024210,2,24,Liam Lawson,RB,8.0,8,9,9,9,+20.773,0,30,LAW,29,11,#476CBF,29-11,17,2,1.0,6.68,1.0,1.0,0.7740440324449595,8,0,0,4.0,8.0,0,0,1.0,1.0,24.0,100,-1,0.0,1.0,1.0,8.0,0,0.0,0.0,0.0,1.0,73.121,01:13.121,0.162,0.098,0.064,6,3.50,9,1.60,12,1.45,15,1.30,10,1.0,12,7,5.10,16,2.75,2,0.0833333333333333,1.157,0.0482083333333337,8.12,5.50,6.83,3.57,7.98,6.58,6.15,5.50,4.86,1.0,0.5366820885657634,1.0,0.6186594202898551,1.0,0.5,0.0,0.3676622039134912,5.0,1.0,0.5006273525721455,0.0,6.0,0.0,0.0,0,0.0,0.0,0.0,0.0,0.0,0.0,0.0,0.0,0.0,0.0,0.0,0.0,0.0,0.0,0.0,0.0,6.925,7.85,37,21,BRA*,TSU,Yuki Tsunoda,NZL,New Zealand,Новая Зеландия,#0D1168,Honda,#DE0000,0.0,100.0,0.0,0.0,2.0,2.0,9,8,10,7.0,6,9,16.0,15,12,7.85,
2024,2024210,2,24,Franco Colapinto,Williams,14.0,14,12,12,12,+33.233,0,43,COL,31,18,#3C95C9,31-18,1,1,1.0,3.84,0.0,0.0,0.3820895522388059,14,0,0,7.0,14.0,0,0,0.0,0.0,24.0,100,0,1.0,1.0,2.0,13.0,1,1.0,0.0,1.0,1.0,73.566,01:13.566,0.186,0.121,0.065,10,3.10,14,1.35,3,1.90,11,1.50,11,1.0,3,12,4.45,4,3.40,2,0.0833333333333333,1.484,0.0618333333333337,7.45,7.00,5.06,4.86,7.28,6.58,6.15,5.50,4.86,0.0,0.4269340974212035,0.0,0.4362068965517241,1.0,0.7368421052631579,0.0,0.4418181818181818,10.0,1.0,1.0,0.0,18.0,0.0,0.0,0,0.0,0.0,0.0,0.0,0.0,0.0,0.0,0.0,0.0,0.0,0.0,0.0,0.0,0.0,0.0,0.0,6.943333333333334,7.85,37,21,BRA*,ALB,Alexander Albon,ARG,Argentina,Аргентина,#68A6DB,Mercedes,#707070,50.0,50.0,100.0,0.0,5.0,5.0,12,14,11,12.0,10,14,4.0,11,3,7.85,
2024,2024210,2,24,Carlos Sainz,Ferrari,5.0,5,5,5,5,+7.224,4,55,SAI,8,5,#BA3B30,8-5,7,3,1.0,8.11,0.0,0.0,0.4726107226107225,5,0,0,3.0,5.0,0,0,0.0,0.0,24.0,100,0,0.0,0.0,0.0,5.0,0,0.0,0.0,0.0,1.0,72.501,01:12.501,0.253,0.098,0.155,14,2.70,4,1.85,9,1.60,8,1.65,12,1.0,9,10,4.55,6,3.25,3,0.125,3.081,0.1283749999999995,5.60,5.50,9.30,4.86,3.83,6.58,6.15,5.50,4.86,1.0,0.5343511450381678,1.0,0.5013477088948787,0.0,0.5,1.0,0.5765124555160143,14.0,1.0,0.5334261838440112,10.0,10.0,4.0,0.0,0,0.0,0.0,0.0,0.0,0.0,0.0,0.0,0.0,0.0,0.0,0.0,0.0,0.0,0.0,0.0,0.0,5.46,7.80,37,21,BRA*,LEC,Charles Leclerc,ESP,Spain,Испания,#F7B800,Ferrari,#DC0004,0.0,0.0,0.0,0.0,244.0,244.0,5,5,12,10.0,14,4,6.0,8,9,7.80,
2024,2024210,2,24,Charles Leclerc,Ferrari,3.0,3,3,3,3,+5.656,6,16,LEC,6,5,#BA3B30,6-5,15,3,1.0,9.05,1.0,1.0,0.5273892773892774,3,0,0,2.0,3.0,0,0,1.0,1.0,24.0,100,-1,0.0,1.0,1.0,3.0,0,0.0,0.0,0.0,1.0,72.513,01:12.513,0.279,0.118,0.161,16,2.50,5,1.80,7,1.70,14,1.35,13,1.0,7,13,4.30,10,3.05,5,0.2083333333333333,3.306,0.1377500000000016,4.88,5.50,9.25,3.57,3.35,6.58,6.15,5.50,4.86,0.0,0.465648854961832,0.0,0.4986522911051212,1.0,0.5,0.0,0.4234875444839857,15.0,0.0,0.4665738161559888,10.0,10.0,6.0,0.0,0,0.0,0.0,0.0,0.0,0.0,0.0,0.0,0.0,0.0,1.0,1.0,0.0,0.0,1.0,1.0,0.0,4.765,7.35,37,21,BRA*,SAI,Carlos Sainz,MON,Monaco,Монако,#D80000,Ferrari,#DC0004,0.0,100.0,0.0,0.0,297.0,297.0,3,3,13,13.0,16,5,10.0,14,7,7.35,
2024,2024210,2,24,Yuki Tsunoda,RB,18.0,17,15,15,15,+41.374,0,22,TSU,9,11,#476CBF,9-11,13,2,1.0,1.95,0.0,0.0,0.2259559675550405,17,0,0,9.0,17.0,0,0,0.0,0.0,24.0,100,1,1.0,0.0,1.0,17.0,0,0.0,0.0,0.0,1.0,73.779,01:13.779,0.202,0.153,0.049,11,3.00,16,1.25,14,1.35,7,1.70,14,1.0,14,14,4.25,13,3.05,2,0.0833333333333333,1.165,0.0485416666666675,7.01,5.50,4.21,6.14,7.96,6.58,6.15,5.50,4.86,0.0,0.4633179114342366,0.0,0.3813405797101449,0.0,0.5,1.0,0.6323377960865088,6.0,0.0,0.4993726474278544,0.0,6.0,0.0,0.0,0,0.0,0.0,0.0,0.0,0.0,0.0,0.0,0.0,0.0,0.0,0.0,0.0,0.0,0.0,0.0,0.0,6.613333333333333,7.30,37,21,BRA*,LAW,Liam Lawson,JPN,Japan,Япония,#C60018,Honda,#DE0000,100.0,0.0,0.0,0.0,22.0,22.0,15,17,14,14.0,11,16,13.0,7,14,7.30,
2024,2024210,2,24,Guanyu Zhou,Kick Sauber,20.0,PLS,17,17,17,+54.139,0,24,ZHO,23,8,#64D064,23-8,5,3,1.0,1.0,0.0,0.0,0.22883295194508,PLS,0,1,,20.0,0,0,0.0,0.0,24.0,100,2,2.0,0.0,2.0,20.0,0,0.0,0.0,0.0,1.0,74.254,01:14.254,0.274,0.128,0.146,15,2.60,18,1.15,15,1.30,3,1.90,15,1.0,15,16,3.75,7,3.20,3,0.125,2.825,0.1177083333333328,5.02,5.50,2.32,7.43,4.38,6.58,6.15,5.50,4.86,0.0,0.4261460101867572,0.0,0.4034782608695652,1.0,0.5789473684210527,1.0,0.6754545454545454,13.0,0.0,0.4093457943925234,0.0,10.0,0.0,0.0,0,0.0,0.0,0.0,0.0,0.0,0.0,0.0,0.0,0.0,0.0,0.0,0.0,0.0,0.0,0.0,0.0,5.501666666666666,6.95,37,21,BRA*,BOT,Valtteri Bottas,CHN,China,Китай,#F70000,Ferrari,#DC0004,100.0,0.0,0.0,0.0,0.0,0.0,17,19,15,16.0,15,18,7.0,3,15,6.95,
2024,2024210,2,24,Nico Hulkenberg,Haas F1 Team,12.0,12,20,20,20,,0,27,HUL,25,7,#505050,25-7,11,3,1.0,4.79,0.0,0.0,0.4548907882241215,12,0,0,6.0,12.0,0,0,0.0,0.0,19.0,79,-3,0.0,3.0,3.0,9.0,3,3.0,0.0,3.0,1.0,73.56,01:13.560,0.322,0.122,0.2,18,2.30,13,1.40,1,2.00,20,1.05,16,1.0,1,17,3.70,12,3.05,3,0.1578947368421052,3.402,0.1790526315789466,3.69,10.00,5.08,1.00,1.21,6.58,6.15,5.50,4.86,0.0,0.452760736196319,1.0,0.5369978858350951,1.0,0.6451612903225806,0.0,0.5,17.0,0.0,0.2089810017271157,0.0,10.0,0.0,1.0,0,0.0,0.0,0.0,1.0,0.0,1.0,0.0,0.0,0.0,0.0,0.0,0.0,0.0,0.0,0.0,0.0,4.293333333333333,6.75,37,21,BRA*,BEA,Oliver Bearman,GER,Germany,Германия,#000000,Ferrari,#DC0004,0.0,100.0,100.0,0.0,31.0,31.0,20,12,16,17.0,18,13,12.0,20,1,6.75,
2024,2024210,2,24,Valtteri Bottas,Kick Sauber,15.0,15,16,16,16,+43.231,0,77,BOT,3,8,#64D064,3-8,8,3,1.0,3.37,1.0,1.0,0.7711670480549199,15,0,0,8.0,15.0,0,0,1.0,1.0,24.0,100,-1,0.0,1.0,1.0,16.0,-1,0.0,1.0,1.0,1.0,73.974,01:13.974,0.211,0.129,0.0819999999999999,12,2.90,17,1.20,18,1.15,16,1.25,17,1.0,18,15,4.10,19,2.40,2,0.0833333333333333,1.928,0.0803333333333332,6.76,4.00,3.43,3.57,6.32,6.58,6.15,5.50,4.86,1.0,0.5738539898132428,1.0,0.5965217391304348,0.0,0.4210526315789473,0.0,0.3245454545454545,11.0,1.0,0.5906542056074767,0.0,10.0,0.0,0.0,0,0.0,0.0,0.0,0.0,0.0,0.0,0.0,0.0,0.0,0.0,0.0,0.0,0.0,0.0,0.0,0.0,5.7683333333333335,6.50,37,21,BRA*,ZHO,Guanyu Zhou,FIN,Finland,Финляндия,#04276B,Ferrari,#DC0004,0.0,100.0,0.0,100.0,0.0,0.0,16,15,17,15.0,12,17,19.0,16,18,6.50,
2024,2024210,2,24,Oliver Bearman,Haas F1 Team,10.0,10,14,14,14,+35.507,0,50,BEA,30,7,#505050,30-7,10,3,1.0,5.74,1.0,1.0,0.5451092117758785,10,0,0,5.0,10.0,0,0,1.0,1.0,24.0,100,-3,1.0,4.0,5.0,10.0,0,1.0,1.0,2.0,1.0,73.735,01:13.735,0.294,0.150,0.144,17,2.40,15,1.30,13,1.40,19,1.10,18,1.0,13,18,3.70,17,2.50,3,0.125,2.732,0.1138333333333333,4.46,5.50,4.38,1.00,4.58,6.58,6.15,5.50,4.86,1.0,0.5472392638036809,0.0,0.4630021141649048,0.0,0.3548387096774194,1.0,0.5,12.0,1.0,0.7910189982728842,0.0,10.0,11.0,0.0,0,0.0,0.0,0.0,0.0,0.0,0.0,0.0,0.0,0.0,0.0,0.0,0.0,0.0,0.0,0.0,0.0,4.056666666666667,6.20,37,21,BRA*,HUL,Nico Hulkenberg,GBR,Great Britain,Великобритания,#314486,Ferrari,#DC0004,20.0,80.0,50.0,50.0,1.0,7.0,14,10,18,18.0,17,15,17.0,19,13,6.20,
2024,2024210,2,24,Lance Stroll,Aston Martin,19.0,PLS,19,19,19,+57.983,0,18,STR,10,4,#459A72,10-4,4,1,1.0,1.47,0.0,0.0,0.3371559633027522,PLS,0,1,,19.0,0,0,0.0,0.0,24.0,100,-1,1.0,2.0,3.0,19.0,0,0.0,0.0,0.0,1.0,74.546,01:14.546,0.351,0.137,0.2139999999999999,19,2.20,19,1.10,17,1.20,18,1.15,19,1.0,17,19,3.30,20,2.35,3,0.125,3.970,0.1654166666666666,2.88,5.50,1.15,3.57,1.91,6.58,6.15,5.50,4.86,1.0,0.7422680412371134,1.0,0.5348837209302325,0.0,0.5,0.0,0.5,16.0,1.0,0.6563573883161511,0.0,18.0,0.0,0.0,0,0.0,0.0,0.0,0.0,0.0,0.0,0.0,0.0,0.0,0.0,0.0,0.0,0.0,0.0,0.0,0.0,3.431666666666666,5.65,37,21,BRA*,ALO,Fernando Alonso,CAN,Canada,Канада,#E30000,Mercedes,#707070,33.0,67.0,0.0,0.0,24.0,24.0,19,15,19,19.0,19,19,20.0,18,17,5.65,
2024,2024210,2,24,Fernando Alonso,Aston Martin,16.0,PLS,18,18,18,+56.537,0,14,ALO,19,4,#459A72,19-4,7,1,1.0,2.89,1.0,1.0,0.6628440366972477,PLS,0,1,,18.0,0,0,1.0,1.0,24.0,100,-1,1.0,2.0,3.0,18.0,0,0.0,0.0,0.0,1.0,74.584,01:14.584,0.419,0.188,0.2309999999999999,20,2.10,20,1.05,16,1.25,17,1.20,20,1.0,16,20,3.15,18,2.45,2,0.0833333333333333,4.394,0.1830833333333335,1.00,5.50,1.00,3.57,1.0,6.58,6.15,5.50,4.86,0.0,0.2577319587628866,0.0,0.4651162790697674,1.0,0.5,1.0,0.5,18.0,0.0,0.3436426116838488,0.0,18.0,4.0,0.0,0,0.0,0.0,0.0,0.0,0.0,0.0,0.0,0.0,0.0,0.0,0.0,0.0,0.0,0.0,0.0,0.0,2.178333333333333,5.60,37,21,BRA*,STR,Lance Stroll,ESP,Spain,Испания,#F7B800,Mercedes,#707070,33.0,67.0,0.0,0.0,62.0,62.0,18,11,20,20.0,20,20,18.0,17,16,5.60,
2024,2024211,2,25,Max Verstappen,Red Bull Racing,12.0,17,1,1,1,2:06:54.430,26,1,VER,2,14,#1A4C82,2-14,16,2,1.0,4.79,1.0,1.0,0.5257958287596048,17,0,0,9.0,15.0,0,0,1.0,1.0,69.0,100,5,5.0,0.0,5.0,11.0,4,4.0,0.0,4.0,1.0,83.932,01:23.932,0.246,0.223,0.0229999999999999,3,3.80,1,2.00,1,2.00,1,2.00,1,1.0,1,2,5.80,1,4.00,2,0.0289855072463768,1.444,0.0209275362318838,8.61,10.00,10.00,10.00,9.82,6.49,6.75,6.91,5.44,1.0,0.5565610859728507,1.0,0.628140703517588,1.0,0.9090909090909092,1.0,0.5494505494505495,4.0,1.0,0.5501400560224089,26.0,34.0,26.0,1.0,1,1.0,0.0,1.0,1.0,1.0,4.0,1.0,1.0,0.0,0.0,1.0,0.0,0.0,0.0,0.0,27.0,9.073333333333332,9.80,36,21,BRA,PER,Sergio Perez,NLD,Netherlands,Нидерланды,#F75600,Honda,#DE0000,100.0,0.0,100.0,0.0,393.0,393.0,1,17,1,2.0,3,1,1.0,1,1,9.80,
2024,2024211,2,25,Pierre Gasly,Alpine,15.0,13,3,3,3,+22.532,15,10,GAS,17,3,#3494CC,17-3,9,4,1.0,3.37,0.0,0.0,0.2820083682008368,13,0,0,7.0,11.0,0,0,0.0,0.0,69.0,100,2,3.0,1.0,4.0,9.0,2,2.0,0.0,2.0,1.0,84.481,01:24.481,0.212,0.182,0.03,2,3.90,5,1.80,2,1.95,4,1.85,2,1.0,2,3,5.70,2,3.80,2,0.0289855072463768,1.815,0.0263043478260869,9.21,8.50,8.40,7.30,9.69,6.49,6.75,6.91,5.44,0.0,0.4794377928162415,0.0,0.4786324786324786,1.0,0.5483870967741935,1.0,0.5328467153284672,5.0,0.0,0.4921279837480955,33.0,33.0,33.0,0.0,0,0.0,0.0,0.0,0.0,0.0,0.0,0.0,0.0,0.0,1.0,1.0,0.0,0.0,0.0,0.0,0.0,8.773333333333333,9.50,36,21,BRA,OCO,Esteban Ocon,FRA,France,Франция,#004CA2,Renault,#FAEF00,75.0,25.0,100.0,0.0,26.0,26.0,3,13,2,3.0,2,5,2.0,4,2,9.50,
2024,2024211,2,25,George Russell,Mercedes,2.0,2,4,4,4,+23.265,12,63,RUS,14,10,#0AA395,14-10,10,1,1.0,9.53,1.0,1.0,0.7673107890499195,2,0,0,1.0,2.0,0,0,1.0,1.0,69.0,100,1,2.0,1.0,3.0,1.0,1,1.0,0.0,1.0,1.0,83.997,01:23.997,0.254,0.242,0.012,4,3.70,2,1.95,5,1.80,6,1.75,3,1.0,4,4,5.65,4,3.55,3,0.0434782608695652,1.140,0.0165217391304345,8.46,7.75,9.81,6.40,9.93,6.49,6.75,6.91,5.44,1.0,0.6502690238278247,1.0,0.6276391554702495,0.0,0.4769230769230769,1.0,0.5378151260504201,3.0,1.0,0.5746527777777777,13.0,25.0,21.0,0.0,0,0.0,0.0,0.0,0.0,0.0,0.0,0.0,0.0,0.0,0.0,0.0,0.0,1.0,0.0,1.0,28.0,7.998333333333334,9.20,36,21,BRA,HAM,Lewis Hamilton,GBR,Great Britain,Великобритания,#314486,Mercedes,#707070,67.0,33.0,100.0,0.0,192.0,192.0,4,2,3,4.0,4,2,4.0,6,5,9.20,
2024,2024211,2,25,Esteban Ocon,Alpine,4.0,4,2,2,2,+19.477,18,31,OCO,13,3,#3494CC,13-3,9,4,1.0,8.58,1.0,1.0,0.7179916317991633,4,0,0,2.0,4.0,0,0,1.0,1.0,69.0,100,1,1.0,0.0,1.0,4.0,0,0.0,0.0,0.0,1.0,84.222,01:24.222,0.167,0.156,0.011,1,4.00,4,1.85,10,1.55,7,1.70,4,1.0,9,1,5.85,7,3.25,2,0.0289855072463768,0.937,0.0135797101449272,10.00,7.00,9.15,6.40,10.0,6.49,6.75,6.91,5.44,1.0,0.5205622071837585,1.0,0.5213675213675214,0.0,0.4516129032258064,0.0,0.4671532846715329,1.0,1.0,0.5078720162519046,33.0,33.0,33.0,1.0,0,0.0,1.0,0.0,0.0,0.0,1.0,0.0,0.0,1.0,0.0,1.0,0.0,0.0,0.0,0.0,14.0,8.9,9.10,36,21,BRA,GAS,Pierre Gasly,FRA,France,Франция,#004CA2,Renault,#FAEF00,100.0,0.0,0.0,0.0,23.0,23.0,2,4,4,1.0,1,4,7.0,7,10,9.10,
2024,2024211,2,25,Lando Norris,McLaren,1.0,1,6,6,6,+31.372,8,4,NOR,4,9,#DE8E18,4-9,10,1,1.0,10.0,1.0,1.0,0.5995203836930456,1,0,0,1.0,1.0,0,0,1.0,1.0,69.0,100,1,2.0,1.0,3.0,2.0,-1,0.0,1.0,1.0,1.0,84.144,01:24.144,0.280,0.258,0.022,6,3.50,3,1.90,14,1.35,5,1.80,5,1.0,13,5,5.40,8,3.15,4,0.0579710144927536,1.943,0.0281594202898548,8.01,6.25,9.38,6.40,9.64,6.49,6.75,6.91,5.44,1.0,0.5632911392405063,1.0,0.5586658725431806,0.0,0.4716981132075472,1.0,0.5818181818181819,6.0,1.0,0.5421822272215973,12.0,25.0,21.0,0.0,0,0.0,0.0,0.0,0.0,0.0,0.0,0.0,0.0,0.0,0.0,0.0,1.0,0.0,0.0,1.0,0.0,7.448333333333333,8.55,36,21,BRA,PIA,Oscar Piastri,GBR,Great Britain,Великобритания,#314486,Mercedes,#707070,67.0,33.0,0.0,100.0,331.0,331.0,6,1,5,5.0,6,3,8.0,5,14,8.55,
2024,2024211,2,25,Charles Leclerc,Ferrari,6.0,6,5,5,5,+30.177,10,16,LEC,6,5,#BA3B30,6-5,15,3,1.0,7.63,1.0,1.0,0.6652136006974717,6,0,0,3.0,6.0,0,0,1.0,,69.0,100,0,1.0,1.0,2.0,5.0,1,1.0,0.0,1.0,1.0,84.54,01:24.540,0.316,0.251,0.065,7,3.40,6,1.75,6,1.75,8,1.65,6,1.0,5,7,5.15,6,3.40,3,0.0434782608695652,4.083,0.0591739130434778,7.37,7.75,8.23,5.50,8.88,6.49,6.75,6.91,5.44,1.0,0.7790697674418604,1.0,0.8916576381365113,1.0,0.5,0.0,0.4014598540145985,9.0,1.0,0.5288862418106016,10.0,10.0,10.0,0.0,0,0.0,0.0,0.0,0.0,0.0,0.0,0.0,0.0,0.0,0.0,0.0,0.0,0.0,0.0,0.0,0.0,7.121666666666667,8.55,36,21,BRA,SAI,Carlos Sainz,MON,Monaco,Монако,#D80000,Ferrari,#DC0004,50.0,50.0,100.0,0.0,307.0,307.0,5,6,6,7.0,7,6,6.0,8,6,8.55,
2024,2024211,2,25,Yuki Tsunoda,RB,3.0,3,7,7,7,+42.056,6,22,TSU,9,11,#476CBF,9-11,13,2,1.0,9.05,1.0,1.0,0.5273892773892774,3,0,0,2.0,3.0,0,0,1.0,1.0,69.0,100,-3,0.0,3.0,3.0,3.0,0,0.0,0.0,0.0,1.0,84.608,01:24.608,0.260,0.247,0.013,5,3.60,7,1.70,9,1.60,13,1.40,7,1.0,8,6,5.30,11,3.00,2,0.0289855072463768,1.124,0.0162898550724637,8.36,7.00,8.03,2.80,9.93,6.49,6.75,6.91,5.44,1.0,0.5610738255033557,1.0,0.5385647216633132,1.0,0.5283018867924528,1.0,0.5957446808510639,2.0,1.0,0.5188087774294671,8.0,34.0,6.0,0.0,0,0.0,0.0,0.0,0.0,0.0,0.0,0.0,0.0,0.0,0.0,0.0,0.0,0.0,1.0,1.0,0.0,7.206666666666666,8.30,36,21,BRA,LAW,Liam Lawson,JPN,Japan,Япония,#C60018,Honda,#DE0000,0.0,100.0,0.0,0.0,28.0,28.0,7,3,7,6.0,5,7,11.0,13,9,8.30,
2024,2024211,2,25,Sergio Perez,Red Bull Racing,13.0,12,11,11,11,+51.531,0,11,PER,5,14,#1A4C82,5-14,14,2,1.0,4.32,0.0,0.0,0.4742041712403952,12,0,0,6.0,10.0,0,0,0.0,0.0,69.0,100,3,4.0,1.0,5.0,18.0,-8,0.0,8.0,8.0,1.0,85.331,01:25.331,0.345,0.243,0.1019999999999999,8,3.30,10,1.55,17,1.20,2,1.95,8,1.0,16,8,4.85,9,3.15,6,0.0869565217391304,6.479,0.0938985507246374,6.86,1.00,5.92,8.20,8.03,6.49,6.75,6.91,5.44,0.0,0.4434389140271493,0.0,0.371859296482412,0.0,0.0909090909090909,0.0,0.4505494505494505,11.0,0.0,0.449859943977591,26.0,34.0,0.0,0.0,0,0.0,0.0,0.0,0.0,0.0,0.0,0.0,0.0,0.0,0.0,0.0,0.0,0.0,0.0,0.0,0.0,6.1066666666666665,8.00,36,21,BRA,VER,Max Verstappen,MEX,Mexico,Мексика,#006640,Honda,#DE0000,80.0,20.0,0.0,100.0,151.0,151.0,11,12,8,8.0,8,10,9.0,2,17,8.00,
2024,2024211,2,25,Lewis Hamilton,Mercedes,16.0,14,10,10,10,+50.753,1,44,HAM,1,10,#0AA395,1-10,10,1,1.0,2.89,0.0,0.0,0.2326892109500805,14,0,0,7.0,12.0,0,0,0.0,0.0,69.0,100,0,6.0,6.0,12.0,10.0,2,2.0,0.0,2.0,1.0,85.365,01:25.365,0.476,0.324,0.1519999999999999,13,2.80,11,1.50,3,1.90,9,1.60,9,1.0,3,12,4.30,5,3.50,4,0.0579710144927536,8.401,0.1217536231884059,4.55,8.50,5.82,5.50,7.35,6.49,6.75,6.91,5.44,0.0,0.3497309761721752,0.0,0.3723608445297505,1.0,0.5230769230769231,0.0,0.4621848739495798,14.0,0.0,0.4253472222222221,13.0,25.0,21.0,0.0,0,0.0,0.0,0.0,0.0,0.0,0.0,0.0,0.0,0.0,0.0,0.0,0.0,0.0,0.0,0.0,0.0,5.366666666666667,7.80,36,21,BRA,RUS,George Russell,GBR,Great Britain,Великобритания,#314486,Mercedes,#707070,50.0,50.0,100.0,0.0,190.0,190.0,10,14,9,12.0,13,11,5.0,9,3,7.80,
2024,2024211,2,25,Oscar Piastri,McLaren,8.0,8,8,8,8,+44.943,4,81,PIA,28,9,#DE8E18,28-9,2,1,1.0,6.68,0.0,0.0,0.4004796163069544,8,0,0,4.0,7.0,0,0,0.0,0.0,69.0,100,-1,1.0,2.0,3.0,7.0,0,0.0,0.0,0.0,1.0,84.82,01:24.820,0.382,0.281,0.1009999999999999,11,3.00,8,1.65,11,1.50,11,1.50,10,1.0,10,10,4.65,12,3.00,3,0.0434782608695652,6.153,0.0891739130434781,6.21,7.00,7.41,4.60,8.14,6.49,6.75,6.91,5.44,0.0,0.4367088607594937,0.0,0.4413341274568195,1.0,0.5283018867924528,0.0,0.4181818181818181,10.0,0.0,0.4578177727784027,12.0,25.0,4.0,0.0,0,0.0,0.0,0.0,0.0,0.0,0.0,0.0,0.0,0.0,0.0,0.0,0.0,0.0,0.0,0.0,0.0,6.073333333333333,7.65,36,21,BRA,NOR,Lando Norris,AUS,Australia,Австралия,#F7C900,Mercedes,#707070,33.0,67.0,0.0,0.0,262.0,262.0,8,8,10,10.0,11,8,12.0,11,11,7.65,
2024,2024211,2,25,Carlos Sainz,Ferrari,14.0,PLS,-,DNF,16,-,0,55,SAI,8,5,#BA3B30,8-5,7,3,1.0,3.84,0.0,0.0,0.3347863993025283,PLS,0,1,,18.0,1,0,0.0,,38.0,55,3,5.0,2.0,7.0,17.0,1,1.0,0.0,1.0,1.0,87.017,01:27.017,0.615,0.505,0.1099999999999999,15,2.60,16,1.25,8,1.65,3,1.90,11,1.0,7,16,3.85,3,3.55,2,0.0526315789473684,3.750,0.0986842105263157,2.09,7.75,1.00,8.20,7.91,6.49,6.75,6.91,5.44,0.0,0.2209302325581395,0.0,0.1083423618634886,0.0,0.5,1.0,0.5985401459854014,13.0,0.0,0.4711137581893985,10.0,10.0,0.0,0.0,0,0.0,0.0,0.0,0.0,0.0,0.0,0.0,0.0,0.0,0.0,0.0,0.0,0.0,0.0,0.0,0.0,4.051666666666667,7.40,36,21,BRA,LEC,Charles Leclerc,ESP,Spain,Испания,#F7B800,Ferrari,#DC0004,71.0,29.0,100.0,0.0,244.0,244.0,4,4,11,16.0,15,16,3.0,3,8,7.40,
2024,2024211,2,25,Liam Lawson,RB,5.0,5,9,9,9,+50.452,2,30,LAW,29,11,#476CBF,29-11,17,2,1.0,8.11,0.0,0.0,0.4726107226107225,5,0,0,3.0,5.0,0,0,0.0,0.0,69.0,100,-4,1.0,5.0,6.0,6.0,-1,0.0,1.0,1.0,1.0,85.003,01:25.003,0.363,0.337,0.0259999999999999,10,3.10,9,1.60,15,1.30,15,1.30,12,1.0,14,9,4.70,15,2.60,6,0.0869565217391304,3.169,0.0459275362318838,6.54,6.25,6.88,1.90,9.21,6.49,6.75,6.91,5.44,0.0,0.4389261744966443,0.0,0.4614352783366868,0.0,0.4716981132075472,0.0,0.4042553191489362,7.0,0.0,0.4811912225705329,8.0,34.0,2.0,0.0,0,0.0,0.0,0.0,0.0,0.0,0.0,0.0,0.0,0.0,0.0,0.0,0.0,0.0,0.0,0.0,0.0,5.718333333333334,7.30,36,21,BRA,TSU,Yuki Tsunoda,NZL,New Zealand,Новая Зеландия,#0D1168,Honda,#DE0000,17.0,83.0,0.0,100.0,4.0,4.0,9,5,12,9.0,10,9,15.0,15,15,7.30,
2024,2024211,2,25,Guanyu Zhou,Kick Sauber,20.0,19,15,15,15,+1:19.649,0,24,ZHO,23,8,#64D064,23-8,5,3,1.0,1.0,0.0,0.0,0.1597444089456869,19,0,0,10.0,17.0,0,0,0.0,0.0,69.0,100,-3,1.0,4.0,5.0,16.0,1,1.0,0.0,1.0,1.0,86.145,01:26.145,0.394,0.298,0.096,12,2.90,15,1.30,7,1.70,14,1.35,13,1.0,6,13,4.20,10,3.05,5,0.072463768115942,6.689,0.0969420289855067,5.99,7.75,3.54,2.80,7.95,6.49,6.75,6.91,5.44,0.0,0.4765314240254574,0.0,0.4676354029062087,1.0,0.7560975609756098,1.0,0.7368421052631579,12.0,0.0,0.4679223072395527,0.0,10.0,0.0,0.0,0,0.0,0.0,0.0,0.0,0.0,0.0,0.0,0.0,0.0,0.0,0.0,0.0,0.0,0.0,0.0,0.0,5.751666666666668,7.25,36,21,BRA,BOT,Valtteri Bottas,CHN,China,Китай,#F70000,Ferrari,#DC0004,20.0,80.0,100.0,0.0,0.0,0.0,15,19,13,13.0,12,15,10.0,14,7,7.25,
2024,2024211,2,25,Fernando Alonso,Aston Martin,9.0,9,14,14,14,+1:18.049,0,14,ALO,19,4,#459A72,19-4,7,1,1.0,6.21,1.0,1.0,0.5196652719665272,9,0,0,5.0,8.0,0,0,,,69.0,100,-1,2.0,3.0,5.0,8.0,0,0.0,0.0,0.0,1.0,85.403,01:25.403,0.504,0.337,0.1669999999999999,14,2.70,12,1.45,12,1.45,12,1.45,14,1.0,11,14,4.15,14,2.90,7,0.1014492753623188,10.889,0.1578115942028987,4.05,7.00,5.71,4.60,6.46,6.49,6.75,6.91,5.44,,,,,,,,,17.0,1.0,1.0,0.0,25.0,0.0,0.0,0,0.0,0.0,0.0,0.0,0.0,0.0,0.0,0.0,0.0,0.0,0.0,0.0,0.0,0.0,0.0,0.0,4.633333333333333,7.05,36,21,BRA,STR,Lance Stroll,ESP,Spain,Испания,#F7B800,Mercedes,#707070,40.0,60.0,0.0,0.0,62.0,62.0,14,9,14,14.0,14,12,14.0,12,12,7.05,
2024,2024211,2,25,Valtteri Bottas,Kick Sauber,11.0,11,13,13,13,+1:03.588,0,77,BOT,3,8,#64D064,3-8,8,3,1.0,5.26,1.0,1.0,0.8402555910543131,11,0,0,6.0,9.0,0,0,1.0,1.0,69.0,100,-5,2.0,7.0,9.0,15.0,-6,0.0,6.0,6.0,1.0,85.979,01:25.979,0.361,0.305,0.0559999999999999,9,3.20,14,1.35,16,1.25,16,1.25,15,1.0,15,11,4.55,16,2.50,3,0.0434782608695652,3.625,0.0525362318840579,6.58,2.50,4.03,1.00,9.04,6.49,6.75,6.91,5.44,1.0,0.5234685759745425,1.0,0.5323645970937912,0.0,0.2439024390243902,0.0,0.2631578947368421,8.0,1.0,0.5320776927604474,0.0,10.0,0.0,0.0,0,0.0,0.0,0.0,0.0,0.0,0.0,0.0,0.0,0.0,0.0,0.0,0.0,0.0,0.0,0.0,0.0,4.97,7.05,36,21,BRA,ZHO,Guanyu Zhou,FIN,Finland,Финляндия,#04276B,Ferrari,#DC0004,22.0,78.0,0.0,100.0,0.0,0.0,13,11,15,11.0,9,14,16.0,16,16,7.05,
2024,2024211,2,25,Oliver Bearman,Haas F1 Team,17.0,15,12,12,12,+57.085,0,50,BEA,30,7,#505050,30-7,10,3,1.0,2.42,1.0,1.0,0.622107969151671,15,0,0,8.0,13.0,0,0,,,69.0,100,0,7.0,7.0,14.0,13.0,0,2.0,2.0,4.0,1.0,85.743,01:25.743,0.677,0.199,0.478,16,2.50,13,1.40,13,1.40,10,1.55,16,1.0,12,15,3.90,13,2.95,7,0.1014492753623188,26.242,0.3803188405797096,1.00,7.00,4.72,5.50,1.0,6.49,6.75,6.91,5.44,,,,,,,,,18.0,0.0,0.1201923076923076,0.0,10.0,21.0,0.0,0,0.0,0.0,0.0,0.0,0.0,0.0,0.0,0.0,0.0,0.0,0.0,0.0,0.0,0.0,0.0,0.0,2.75,6.85,36,21,BRA,HUL,Nico Hulkenberg,GBR,Great Britain,Великобритания,#314486,Ferrari,#DC0004,50.0,50.0,50.0,50.0,1.0,7.0,12,15,16,15.0,16,13,13.0,10,13,6.85,
2024,2024211,2,25,Franco Colapinto,Williams,18.0,16,-,DNF,17,-,0,43,COL,31,18,#3C95C9,31-18,1,1,1.0,1.95,0.0,0.0,0.2140504939626784,16,0,0,8.0,14.0,1,0,,,30.0,43,-,1.0,3.0,4.0,12.0,2,3.0,1.0,4.0,1.0,-,-,0.436,0.246,0.19,DNC,DNC,DNC,DNC,4,DNC,DNC,DNC,DNC,0.0,17,DNC,DNC,DNC,DNC,3,0.1,4.582,0.1527333333333331,-,8.50,-,-,6.59,6.49,6.75,6.91,5.44,,,,,,,,,16.0,1.0,1.0,0.0,25.0,0.0,0.0,0,0.0,0.0,0.0,0.0,0.0,0.0,0.0,0.0,0.0,0.0,0.0,0.0,0.0,0.0,0.0,0.0,,DNC,36,21,BRA,ALB,Alexander Albon,ARG,Argentina,Аргентина,#68A6DB,Mercedes,#707070,25.0,75.0,75.0,25.0,5.0,5.0,13,16,14,15.0,14,14,9.5,12,4,7.05,
2024,2024211,2,25,Alexander Albon,Williams,7.0,DNS,-,DNS,18,-,0,23,ALB,24,18,#3C95C9,24-18,20,1,1.0,7.16,1.0,1.0,0.7859495060373217,DNS,1,0,,,0,0,,,0.0,0,-,,,,,-,-,-,,,-,-,-,-,,DNC,DNC,DNC,DNC,DNC,DNC,DNC,DNC,DNC,0.0,19,DNC,DNC,DNC,DNC,-,,-,,-,-,-,-,,6.49,6.75,6.91,5.44,,,,,,,,,,0.0,,0.0,25.0,0.0,0.0,0,0.0,0.0,0.0,0.0,0.0,0.0,0.0,0.0,0.0,0.0,0.0,0.0,0.0,0.0,0.0,,,DNC,36,21,BRA,COL,Franco Colapinto,THA,Thailand,Таиланд,#2E2549,Mercedes,#707070,0.0,0.0,0.0,0.0,12.0,12.0,12,13,10,7.333333333333333,4,13,16.666666666666668,8,12,7.83,
2024,2024211,2,25,Lance Stroll,Aston Martin,10.0,DNS,-,DNS,19,-,0,18,STR,10,4,#459A72,10-4,4,1,1.0,5.74,0.0,0.0,0.4803347280334728,DNS,1,0,,,0,0,,,0.0,0,-,,,,,-,-,-,,0.0,-,-,-,-,,DNC,DNC,DNC,DNC,DNC,DNC,DNC,DNC,DNC,0.0,20,DNC,DNC,DNC,DNC,-,,-,,-,-,-,-,,6.49,6.75,6.91,5.44,,,,,,,,,,0.0,,0.0,25.0,0.0,0.0,0,0.0,0.0,0.0,0.0,0.0,0.0,0.0,0.0,0.0,0.0,0.0,0.0,0.0,0.0,0.0,0.0,,DNC,36,21,BRA,ALO,Fernando Alonso,CAN,Canada,Канада,#E30000,Mercedes,#707070,0.0,0.0,0.0,0.0,24.0,24.0,17,17,15,14.0,14,14,17.0,15,16,6.60,
2024,2024211,2,25,Nico Hulkenberg,Haas F1 Team,19.0,17,-,DSQ,20,-,0,27,HUL,25,7,#505050,25-7,11,3,1.0,1.47,0.0,0.0,0.377892030848329,17,0,0,9.0,16.0,0,1,,,30.0,43,-,,,,,-,-,-,,0.0,-,-,-,-,,DNC,DNC,DNC,DNC,DNC,DNC,DNC,DNC,DNC,0.0,18,DNC,DNC,DNC,DNC,-,0.1333333333333333,-,,-,-,-,-,7.32,6.49,6.75,6.91,5.44,,,,,,,,,15.0,,,0.0,10.0,0.0,,0,,,,,,,,0.0,0.0,0.0,0.0,0.0,0.0,0.0,0.0,0.0,,DSQ,36,21,BRA,BEA,Oliver Bearman,GER,Germany,Германия,#000000,Ferrari,#DC0004,0.0,0.0,0.0,0.0,31.0,31.0,14,17,11,10.5,11,11,11.5,14,6,7.60,DSQ
2024,2024221,2,26,George Russell,Mercedes,1.0,1,1,1,1,1:22:05.969,25,63,RUS,14,10,#0AA395,14-10,10,1,1.0,10.0,1.0,1.0,0.6353240152477764,1,0,0,1.0,1.0,0,0,1.0,1.0,50.0,100,0,0.0,0.0,0.0,1.0,0,0.0,0.0,0.0,1.0,97.487,01:37.487,0.124,0.114,0.0099999999999999,1,4.00,2,1.95,6,1.75,9,1.60,1,1.0,5,1,5.95,5,3.35,2,0.04,0.548,0.01096,10.00,5.50,9.99,5.50,10.0,4.51,5.60,5.50,5.59,1.0,0.8591065292096219,0.0,0.4997498749374687,1.0,0.5,0.0,0.3982621288921071,1.0,1.0,0.9090909090909092,43.0,58.0,52.0,1.0,1,1.0,1.0,0.0,0.0,0.0,2.0,0.0,1.0,0.0,0.0,1.0,1.0,0.0,0.0,1.0,49.0,8.5,9.30,23,22,LVG,HAM,Lewis Hamilton,GBR,Great Britain,Великобритания,#314486,Mercedes,#707070,0.0,0.0,0.0,0.0,217.0,217.0,1,1,1,1.0,1,2,5.0,9,6,9.30,
2024,2024221,2,26,Max Verstappen,Red Bull Racing,5.0,5,5,5,5,+16.582,10,1,VER,2,14,#1A4C82,2-14,16,2,1.0,8.11,1.0,1.0,0.7372727272727272,5,0,0,3.0,5.0,0,0,1.0,1.0,50.0,100,0,3.0,3.0,6.0,5.0,0,0.0,0.0,0.0,1.0,97.717,01:37.717,0.151,0.113,0.0379999999999999,2,3.90,5,1.80,7,1.70,10,1.55,2,1.0,6,2,5.70,8,3.25,3,0.06,1.758,0.0351599999999996,8.77,5.50,8.88,5.50,7.95,4.51,5.60,5.50,5.59,1.0,0.8001824817518248,1.0,0.6192468619246863,1.0,0.8461538461538461,0.0,0.3548387096774194,5.0,1.0,0.7894736842105263,11.0,13.0,10.0,0.0,0,0.0,0.0,0.0,0.0,0.0,0.0,0.0,0.0,0.0,0.0,0.0,0.0,0.0,0.0,0.0,0.0,7.68,8.95,23,22,LVG,PER,Sergio Perez,NLD,Netherlands,Нидерланды,#F75600,Honda,#DE0000,50.0,50.0,0.0,0.0,403.0,403.0,5,5,2,2.0,2,5,8.0,10,7,8.95,
2024,2024221,2,26,Guanyu Zhou,Kick Sauber,13.0,13,13,13,13,+1:14.085,0,24,ZHO,23,8,#64D064,23-8,5,3,1.0,4.32,1.0,1.0,0.7461139896373058,13,0,0,7.0,13.0,0,0,1.0,1.0,50.0,100,0,2.0,2.0,4.0,12.0,1,1.0,0.0,1.0,1.0,98.722,01:38.722,0.162,0.141,0.021,3,3.80,13,1.40,2,1.95,11,1.50,3,1.0,2,5,5.20,2,3.45,2,0.04,1.032,0.0206399999999996,8.26,7.75,4.03,5.50,9.18,4.51,5.60,5.50,5.59,1.0,0.8082191780821919,1.0,0.8011928429423459,1.0,0.5849056603773585,1.0,0.7217847769028871,2.0,1.0,0.700228832951945,0.0,31.0,0.0,0.0,0,0.0,0.0,0.0,0.0,0.0,0.0,0.0,0.0,0.0,0.0,0.0,0.0,0.0,0.0,0.0,0.0,7.715,8.65,23,22,LVG,BOT,Valtteri Bottas,CHN,China,Китай,#F70000,Ferrari,#DC0004,50.0,50.0,100.0,0.0,0.0,0.0,13,13,3,5.0,3,13,2.0,11,2,8.65,
2024,2024221,2,26,Carlos Sainz,Ferrari,2.0,2,3,3,3,+11.906,15,55,SAI,8,5,#BA3B30,8-5,7,3,1.0,9.53,1.0,1.0,0.526228602981778,2,0,0,1.0,2.0,0,0,1.0,1.0,50.0,100,5,6.0,1.0,7.0,3.0,-1,0.0,1.0,1.0,1.0,97.628,01:37.628,0.219,0.196,0.0229999999999999,6,3.50,3,1.90,17,1.20,2,1.95,4,1.0,16,3,5.40,10,3.15,3,0.06,1.481,0.029620000000001,5.66,3.25,9.31,8.31,8.42,4.51,5.60,5.50,5.59,1.0,0.6461187214611872,1.0,0.504880694143167,0.0,0.2452830188679245,1.0,0.5361290322580645,4.0,1.0,0.5888111888111888,27.0,31.0,15.0,0.0,0,0.0,0.0,0.0,0.0,0.0,0.0,0.0,0.0,0.0,1.0,1.0,0.0,1.0,0.0,1.0,0.0,5.7,8.55,23,22,LVG,LEC,Charles Leclerc,ESP,Spain,Испания,#F7B800,Ferrari,#DC0004,86.0,14.0,0.0,100.0,259.0,259.0,3,2,4,3.0,6,3,10.0,2,17,8.55,
2024,2024221,2,26,Charles Leclerc,Ferrari,4.0,4,4,4,4,+14.283,12,16,LEC,6,5,#BA3B30,6-5,15,3,1.0,8.58,0.0,0.0,0.473771397018222,4,0,0,2.0,4.0,0,0,0.0,0.0,50.0,100,3,5.0,2.0,7.0,2.0,2,2.0,0.0,2.0,1.0,97.664,01:37.664,0.275,0.217,0.058,12,2.90,4,1.85,1,2.00,5,1.80,5,1.0,1,10,4.75,1,3.80,4,0.08,2.978,0.0595600000000001,3.10,10.00,9.13,7.19,5.88,4.51,5.60,5.50,5.59,0.0,0.3538812785388128,0.0,0.495119305856833,1.0,0.7547169811320755,0.0,0.4638709677419355,9.0,0.0,0.4111888111888112,27.0,31.0,12.0,1.0,0,0.0,0.0,0.0,1.0,0.0,1.0,0.0,0.0,0.0,0.0,0.0,0.0,0.0,0.0,0.0,0.0,4.931666666666667,8.55,23,22,LVG,SAI,Carlos Sainz,MON,Monaco,Монако,#D80000,Ferrari,#DC0004,71.0,29.0,100.0,0.0,319.0,319.0,4,4,5,10.0,12,4,1.0,5,1,8.55,
2024,2024221,2,26,Nico Hulkenberg,Haas F1 Team,9.0,9,8,8,8,+59.808,4,27,HUL,25,7,#505050,25-7,11,3,1.0,6.21,1.0,1.0,0.5645454545454546,9,0,0,5.0,9.0,0,0,1.0,1.0,50.0,100,3,6.0,3.0,9.0,9.0,0,0.0,0.0,0.0,1.0,98.563,01:38.563,0.180,0.157,0.0229999999999999,4,3.70,9,1.60,11,1.50,8,1.65,6,1.0,10,4,5.30,11,3.15,3,0.06,1.303,0.0260599999999999,7.44,5.50,4.79,7.19,8.72,4.51,5.60,5.50,5.59,1.0,0.8148959474260679,1.0,0.6570644718792867,1.0,0.8461538461538461,1.0,0.7722878625134264,3.0,1.0,0.755632582322357,4.0,31.0,4.0,0.0,0,0.0,0.0,0.0,0.0,0.0,0.0,0.0,0.0,0.0,0.0,0.0,0.0,0.0,0.0,0.0,0.0,7.075,8.45,23,22,LVG,MAG,Kevin Magnussen,GER,Germany,Германия,#000000,Ferrari,#DC0004,67.0,33.0,0.0,0.0,35.0,35.0,8,9,6,4.0,4,9,11.0,8,11,8.45,
2024,2024221,2,26,Lando Norris,McLaren,6.0,6,6,6,6,+43.385,9,4,NOR,4,9,#DE8E18,4-9,10,1,1.0,7.63,1.0,1.0,0.53319357092942,6,0,0,3.0,6.0,0,0,1.0,1.0,50.0,100,3,4.0,1.0,5.0,6.0,0,0.0,0.0,0.0,1.0,97.906,01:37.906,0.239,0.175,0.064,8,3.30,6,1.75,8,1.65,6,1.75,7,1.0,7,6,5.05,3,3.40,3,0.06,2.877,0.0575400000000001,4.75,5.50,7.96,7.19,6.05,4.51,5.60,5.50,5.59,1.0,0.5536130536130536,1.0,0.5617501764290755,1.0,0.5,0.0,0.4812583668005354,8.0,1.0,0.5707547169811321,15.0,58.0,52.0,0.0,0,0.0,0.0,0.0,0.0,0.0,0.0,1.0,0.0,0.0,0.0,0.0,0.0,0.0,0.0,0.0,0.0,5.281666666666667,8.45,23,22,LVG,PIA,Oscar Piastri,GBR,Great Britain,Великобритания,#314486,Mercedes,#707070,80.0,20.0,0.0,0.0,340.0,340.0,6,6,7,6.0,8,6,3.0,6,8,8.45,
2024,2024221,2,26,Yuki Tsunoda,RB,7.0,7,9,9,9,+1:02.808,2,22,TSU,9,11,#476CBF,9-11,13,2,1.0,7.16,1.0,1.0,0.6799620132953466,7,0,0,4.0,7.0,0,0,1.0,1.0,50.0,100,3,5.0,2.0,7.0,7.0,0,0.0,0.0,0.0,1.0,98.628,01:38.628,0.239,0.193,0.0459999999999999,7,3.40,11,1.50,9,1.60,7,1.70,8,1.0,8,7,4.90,7,3.30,4,0.08,2.626,0.0525199999999995,4.75,5.50,4.48,7.19,6.47,4.51,5.60,5.50,5.59,1.0,0.5447247706422018,1.0,0.6686567164179104,0.0,0.4150943396226415,1.0,0.8778998778998778,6.0,1.0,0.612689393939394,2.0,13.0,2.0,0.0,0,0.0,0.0,0.0,0.0,0.0,0.0,0.0,0.0,0.0,0.0,0.0,0.0,0.0,0.0,0.0,0.0,5.281666666666667,8.20,23,22,LVG,LAW,Liam Lawson,JPN,Japan,Япония,#C60018,Honda,#DE0000,71.0,29.0,0.0,0.0,30.0,30.0,9,7,8,7.0,7,11,7.0,7,9,8.20,
2024,2024221,2,26,Oscar Piastri,McLaren,8.0,8,7,7,7,+51.365,6,81,PIA,28,9,#DE8E18,28-9,2,1,1.0,6.68,0.0,0.0,0.46680642907058,8,0,0,4.0,8.0,0,0,0.0,0.0,50.0,100,4,6.0,2.0,8.0,8.0,0,0.0,0.0,0.0,1.0,98.27,01:38.270,0.259,0.182,0.077,11,3.00,7,1.70,10,1.55,4,1.85,9,1.0,9,11,4.70,4,3.40,8,0.16,3.757,0.0751399999999989,3.83,5.50,6.21,7.75,4.55,4.51,5.60,5.50,5.59,0.0,0.4463869463869463,0.0,0.4382498235709245,0.0,0.5,1.0,0.5187416331994645,13.0,0.0,0.4292452830188679,15.0,58.0,6.0,0.0,0,0.0,0.0,0.0,0.0,0.0,0.0,0.0,0.0,0.0,0.0,0.0,0.0,0.0,0.0,0.0,0.0,4.761666666666667,8.10,23,22,LVG,NOR,Lando Norris,AUS,Australia,Австралия,#F7C900,Mercedes,#707070,75.0,25.0,0.0,0.0,268.0,268.0,7,8,9,11.0,11,7,4.0,4,10,8.10,
2024,2024221,2,26,Lewis Hamilton,Mercedes,10.0,10,2,2,2,+7.313,18,44,HAM,1,10,#0AA395,1-10,10,1,1.0,5.74,0.0,0.0,0.3646759847522236,10,0,0,5.0,10.0,0,0,0.0,0.0,50.0,100,5,5.0,0.0,5.0,10.0,0,0.0,0.0,0.0,1.0,97.484,01:37.484,0.307,0.171,0.1359999999999999,16,2.50,1,2.00,12,1.45,3,1.90,10,1.0,11,12,4.50,6,3.35,5,0.1,5.851,0.1170199999999999,1.64,5.50,10.00,8.31,1.0,4.51,5.60,5.50,5.59,0.0,0.1408934707903779,1.0,0.5002501250625312,0.0,0.5,1.0,0.6017378711078929,19.0,0.0,0.0909090909090909,43.0,58.0,52.0,1.0,0,0.0,0.0,1.0,0.0,0.0,1.0,0.0,0.0,1.0,0.0,1.0,0.0,0.0,0.0,0.0,1.0,3.395,7.85,23,22,LVG,RUS,George Russell,GBR,Great Britain,Великобритания,#314486,Mercedes,#707070,100.0,0.0,0.0,0.0,208.0,208.0,2,10,10,12.0,16,1,6.0,3,12,7.85,
2024,2024221,2,26,Lance Stroll,Aston Martin,20.0,18,15,15,15,+1:24.102,0,18,STR,10,4,#459A72,10-4,4,1,1.0,1.0,0.0,0.0,0.2923976608187134,18,0,0,9.0,18.0,0,0,0.0,0.0,50.0,100,0,0.0,0.0,0.0,18.0,0,0.0,0.0,0.0,1.0,98.577,01:38.577,0.256,0.149,0.107,9,3.20,10,1.55,14,1.35,12,1.45,11,1.0,13,9,4.75,14,2.80,5,0.1,4.328,0.0865599999999994,3.97,5.50,4.73,5.50,3.58,4.51,5.60,5.50,5.59,1.0,0.7311233885819521,1.0,0.5284916201117319,0.0,0.4150943396226415,1.0,0.5566801619433199,16.0,0.0,0.3904034896401309,0.0,58.0,0.0,0.0,0,0.0,0.0,0.0,0.0,0.0,0.0,0.0,0.0,0.0,0.0,0.0,0.0,0.0,0.0,0.0,0.0,4.48,7.55,23,22,LVG,ALO,Fernando Alonso,CAN,Canada,Канада,#E30000,Mercedes,#707070,0.0,0.0,0.0,0.0,24.0,24.0,15,18,11,9.0,9,10,14.0,12,14,7.55,
2024,2024221,2,26,Sergio Perez,Red Bull Racing,16.0,15,10,10,10,+1:03.114,1,11,PER,5,14,#1A4C82,5-14,14,2,1.0,2.89,0.0,0.0,0.2627272727272727,15,0,0,8.0,15.0,0,0,0.0,0.0,50.0,100,8,10.0,2.0,12.0,17.0,-2,0.0,2.0,2.0,1.0,98.425,01:38.425,0.295,0.187,0.1079999999999999,13,2.80,8,1.65,20,1.05,1,2.00,12,1.0,18,13,4.45,13,3.05,6,0.12,5.189,0.1037800000000015,2.19,1.00,5.46,10.00,2.12,4.51,5.60,5.50,5.59,0.0,0.1998175182481752,0.0,0.3807531380753138,0.0,0.1538461538461538,1.0,0.6451612903225806,18.0,0.0,0.2105263157894737,11.0,13.0,1.0,1.0,0,0.0,0.0,0.0,0.0,1.0,1.0,0.0,0.0,0.0,0.0,0.0,0.0,0.0,0.0,0.0,0.0,3.293333333333333,7.50,23,22,LVG,VER,Max Verstappen,MEX,Mexico,Мексика,#006640,Honda,#DE0000,83.0,17.0,0.0,100.0,152.0,152.0,10,15,12,13.0,13,8,13.0,1,20,7.50,
2024,2024221,2,26,Liam Lawson,RB,15.0,14,16,16,16,+1:31.005,0,30,LAW,29,11,#476CBF,29-11,17,2,1.0,3.37,0.0,0.0,0.3200379867046533,14,0,0,7.0,14.0,0,0,0.0,0.0,50.0,100,-8,0.0,8.0,8.0,13.0,1,1.0,0.0,1.0,1.0,99.096,01:39.096,0.256,0.181,0.075,10,3.10,16,1.25,3,1.90,18,1.15,13,1.0,3,14,4.35,12,3.05,4,0.08,4.031,0.0806200000000001,3.97,7.75,2.22,1.00,4.09,4.51,5.60,5.50,5.59,0.0,0.4552752293577981,0.0,0.3313432835820895,1.0,0.5849056603773585,0.0,0.122100122100122,14.0,0.0,0.3873106060606061,2.0,13.0,0.0,0.0,0,0.0,0.0,0.0,0.0,0.0,0.0,0.0,0.0,0.0,0.0,0.0,0.0,0.0,0.0,0.0,0.0,4.105,7.40,23,22,LVG,TSU,Yuki Tsunoda,NZL,New Zealand,Новая Зеландия,#0D1168,Honda,#DE0000,0.0,100.0,100.0,0.0,4.0,4.0,16,14,13,14.0,10,16,12.0,18,3,7.40,
2024,2024221,2,26,Esteban Ocon,Alpine,11.0,11,17,17,17,+1 Lap,0,31,OCO,13,3,#3494CC,13-3,9,4,1.0,5.26,0.0,0.0,0.3675751222921034,11,0,0,6.0,11.0,0,0,1.0,,49.0,98,-7,1.0,8.0,9.0,11.0,0,0.0,0.0,0.0,1.0,99.124,01:39.124,0.196,0.136,0.06,5,3.60,17,1.20,13,1.40,17,1.20,14,1.0,12,8,4.80,16,2.60,4,0.0816326530612244,2.810,0.0573469387755102,6.71,5.50,2.09,1.56,6.06,4.51,5.60,5.50,5.59,,,,,,,,,7.0,1.0,1.0,0.0,0.0,0.0,0.0,0,0.0,0.0,0.0,0.0,0.0,0.0,0.0,0.0,0.0,0.0,0.0,0.0,0.0,0.0,0.0,0.0,5.65,7.40,23,22,LVG,GAS,Pierre Gasly,FRA,France,Франция,#004CA2,Renault,#FAEF00,11.0,89.0,0.0,0.0,23.0,23.0,17,11,14,8.0,5,17,16.0,17,13,7.40,
2024,2024221,2,26,Fernando Alonso,Aston Martin,17.0,16,11,11,11,+1:09.195,0,14,ALO,19,4,#459A72,19-4,7,1,1.0,2.42,1.0,1.0,0.7076023391812866,16,0,0,8.0,16.0,0,0,1.0,1.0,50.0,100,-2,3.0,5.0,8.0,15.0,1,1.0,0.0,1.0,1.0,98.681,01:38.681,0.311,0.233,0.0779999999999999,17,2.40,12,1.45,4,1.85,13,1.40,15,1.0,4,17,3.85,9,3.25,3,0.06,3.145,0.0628999999999996,1.46,7.75,4.22,4.38,5.59,4.51,5.60,5.50,5.59,0.0,0.2688766114180479,0.0,0.4715083798882681,1.0,0.5849056603773585,0.0,0.4433198380566802,11.0,1.0,0.6095965103598692,0.0,58.0,15.0,0.0,0,0.0,0.0,0.0,0.0,0.0,0.0,0.0,0.0,0.0,0.0,0.0,0.0,0.0,0.0,0.0,0.0,2.995,7.10,23,22,LVG,STR,Lance Stroll,ESP,Spain,Испания,#F7B800,Mercedes,#707070,38.0,62.0,100.0,0.0,62.0,62.0,11,16,15,17.0,17,12,9.0,13,4,7.10,
2024,2024221,2,26,Valtteri Bottas,Kick Sauber,19.0,19,18,18,18,+1 Lap,0,77,BOT,3,8,#64D064,3-8,8,3,1.0,1.47,0.0,0.0,0.2538860103626943,19,0,0,10.0,19.0,0,0,0.0,0.0,49.0,98,-6,0.0,6.0,6.0,19.0,0,0.0,0.0,0.0,1.0,99.349,01:39.349,0.300,0.208,0.092,14,2.70,18,1.15,15,1.30,16,1.25,16,1.0,14,16,3.85,17,2.55,4,0.0816326530612244,4.044,0.0825306122448987,1.96,5.50,1.00,2.12,3.93,4.51,5.60,5.50,5.59,0.0,0.1917808219178082,0.0,0.198807157057654,0.0,0.4150943396226415,0.0,0.2782152230971129,15.0,0.0,0.2997711670480549,0.0,31.0,0.0,0.0,0,0.0,0.0,0.0,0.0,0.0,0.0,0.0,0.0,0.0,0.0,0.0,0.0,0.0,0.0,0.0,0.0,2.5766666666666667,6.40,23,22,LVG,ZHO,Guanyu Zhou,FIN,Finland,Финляндия,#04276B,Ferrari,#DC0004,0.0,100.0,0.0,0.0,0.0,0.0,18,19,16,16.0,14,18,17.0,16,15,6.40,
2024,2024221,2,26,Kevin Magnussen,Haas F1 Team,12.0,12,12,12,12,+1:09.803,0,20,MAG,22,7,#505050,22-7,6,3,1.0,4.79,0.0,0.0,0.4354545454545455,12,0,0,6.0,12.0,0,0,0.0,0.0,50.0,100,-6,1.0,7.0,8.0,14.0,-2,0.0,2.0,2.0,1.0,99.038,01:39.038,0.306,0.195,0.1109999999999999,15,2.60,15,1.30,19,1.10,15,1.30,17,1.0,17,15,3.90,18,2.40,4,0.08,4.779,0.0955799999999999,1.69,1.00,2.50,2.12,2.82,4.51,5.60,5.50,5.59,0.0,0.185104052573932,0.0,0.3429355281207133,0.0,0.1538461538461538,0.0,0.2277121374865735,17.0,0.0,0.2443674176776429,4.0,31.0,0.0,0.0,0,0.0,0.0,0.0,0.0,0.0,0.0,0.0,0.0,0.0,0.0,0.0,0.0,0.0,0.0,0.0,0.0,1.6466666666666665,6.30,23,22,LVG,HUL,Nico Hulkenberg,DEN,Denmark,Дания,#D20019,Ferrari,#DC0004,12.0,88.0,0.0,100.0,14.0,14.0,12,12,17,15.0,15,15,18.0,15,19,6.30,
2024,2024221,2,26,Franco Colapinto,Williams,14.0,PLS,14,14,14,+1:15.172,0,43,COL,31,18,#3C95C9,31-18,1,1,1.0,3.84,1.0,1.0,0.6632124352331606,PLS,0,1,,20.0,0,0,1.0,,50.0,100,-2,2.0,4.0,6.0,20.0,0,0.0,0.0,0.0,1.0,98.783,01:38.783,0.321,0.245,0.076,18,2.30,14,1.35,16,1.25,14,1.35,18,1.0,15,18,3.65,15,2.60,3,0.06,3.195,0.0638999999999998,1.00,5.50,3.73,4.38,5.51,4.51,5.60,5.50,5.59,,,,,,,,,12.0,0.0,0.4846086191732629,0.0,58.0,0.0,0.0,0,0.0,0.0,0.0,0.0,0.0,0.0,0.0,0.0,0.0,0.0,0.0,0.0,0.0,0.0,0.0,0.0,2.313333333333333,6.25,23,22,LVG,ALB,Alexander Albon,ARG,Argentina,Аргентина,#68A6DB,Mercedes,#707070,33.0,67.0,0.0,0.0,5.0,5.0,14,17,18,18.0,18,14,15.0,14,16,6.25,
2024,2024221,2,26,Alexander Albon,Williams,18.0,17,-,DNF,19,-,0,23,ALB,24,18,#3C95C9,24-18,20,1,1.0,1.95,0.0,0.0,0.3367875647668393,17,0,0,9.0,17.0,1,0,0.0,,25.0,50,-,1.0,2.0,3.0,16.0,1,1.0,0.0,1.0,1.0,-,-,0.285,0.228,0.0569999999999999,DNC,DNC,DNC,DNC,5,DNC,DNC,DNC,DNC,0.0,20,DNC,DNC,DNC,DNC,1,0.04,1.494,0.0597599999999999,-,7.75,-,-,5.86,4.51,5.60,5.50,5.59,,,,,,,,,10.0,1.0,0.515391380826737,0.0,58.0,0.0,0.0,0,0.0,0.0,0.0,0.0,0.0,0.0,0.0,0.0,0.0,0.0,0.0,0.0,0.0,0.0,0.0,0.0,,DNC,23,22,LVG,COL,Franco Colapinto,THA,Thailand,Таиланд,#2E2549,Mercedes,#707070,33.0,67.0,100.0,0.0,12.0,12.0,13,17,14,11.666666666666666,7,16,18.333333333333332,11,5,7.27,
2024,2024221,2,26,Pierre Gasly,Alpine,3.0,3,-,DNF,20,-,0,10,GAS,17,3,#3494CC,17-3,9,4,1.0,9.05,1.0,1.0,0.6324248777078966,3,0,0,2.0,3.0,1,0,0.0,,15.0,30,-,0.0,2.0,2.0,4.0,-1,0.0,1.0,1.0,0.0,-,-,0.354,0.354,0.0,DNC,DNC,DNC,DNC,18,DNC,DNC,DNC,DNC,0.0,19,DNC,DNC,DNC,DNC,0,0.0,-,,-,3.25,-,-,,4.51,5.60,5.50,5.59,,,,,,,,,20.0,0.0,,0.0,0.0,0.0,0.0,0,0.0,0.0,0.0,0.0,0.0,0.0,0.0,0.0,0.0,0.0,0.0,0.0,0.0,1.0,1.0,0.0,,DNC,23,22,LVG,OCO,Esteban Ocon,FRA,France,Франция,#004CA2,Renault,#FAEF00,0.0,100.0,0.0,100.0,26.0,26.0,6,3,9,8.5,8,8,10.0,11,18,8.22,
2024,2024230,2,27,Oscar Piastri,McLaren,3.0,3,1,1,1,27:03.010,8,81,PIA,28,9,#DE8E18,28-9,2,1,1.0,9.05,0.0,0.0,0.4750656167979002,3,0,0,2.0,3.0,0,0,1.0,1.0,19.0,100,0,0.0,0.0,0.0,2.0,1,1.0,0.0,1.0,1.0,85.191,01:25.191,0.099,0.099,0.0,2,3.90,3,1.90,5,1.80,9,1.60,1,1.0,5,1,5.80,2,3.40,0,0.0,-,,9.91,7.30,9.86,7.75,,7.43,6.61,6.40,7.75,1.0,0.5850059031877214,1.0,0.509297520661157,1.0,0.5328467153284672,0.0,0.5,20.0,0.0,,15.0,24.0,8.0,1.0,0,1.0,0.0,0.0,0.0,0.0,1.0,0.0,1.0,0.0,0.0,1.0,0.0,0.0,1.0,1.0,1.0,9.115,9.20,30,23,QAT*,NOR,Lando Norris,AUS,Australia,Австралия,#F7C900,Mercedes,#707070,0.0,0.0,100.0,0.0,276.0,276.0,1,3,1,1.0,2,3,2.0,9,5,9.20,
2024,2024230,2,27,Carlos Sainz,Ferrari,4.0,4,4,4,4,+1.326,5,55,SAI,8,5,#BA3B30,8-5,7,3,1.0,8.58,1.0,1.0,0.5140802875973638,4,0,0,2.0,4.0,0,0,1.0,1.0,19.0,100,0,0.0,0.0,0.0,4.0,0,0.0,0.0,0.0,1.0,85.161,01:25.161,0.124,0.094,0.03,7,3.40,1,2.00,11,1.50,10,1.55,2,1.0,11,2,5.40,11,3.05,1,0.0526315789473684,0.564,0.0296842105263161,9.14,6.40,10.00,7.75,10.0,7.43,6.61,6.40,7.75,1.0,0.5641975308641975,1.0,0.5128205128205128,1.0,0.5378151260504201,0.0,0.4366197183098591,1.0,1.0,1.0,9.0,11.0,5.0,1.0,0,0.0,0.0,1.0,0.0,0.0,1.0,0.0,0.0,0.0,0.0,0.0,0.0,0.0,0.0,0.0,0.0,8.451666666666666,8.45,30,23,QAT*,LEC,Charles Leclerc,ESP,Spain,Испания,#F7B800,Ferrari,#DC0004,0.0,0.0,0.0,0.0,264.0,264.0,4,4,2,2.0,7,1,11.0,10,11,8.45,
2024,2024230,2,27,Esteban Ocon,Alpine,18.0,17,14,14,14,+30.379,0,31,OCO,13,3,#3494CC,13-3,9,4,1.0,1.95,0.0,0.0,0.2259559675550405,17,0,0,9.0,17.0,0,0,0.0,0.0,19.0,100,0,0.0,0.0,0.0,14.0,3,3.0,0.0,3.0,1.0,86.399,01:26.399,0.096,0.096,0.0,1,4.00,16,1.25,2,1.95,16,1.25,3,1.0,2,3,5.25,7,3.20,0,0.0,-,,10.00,9.10,4.04,7.75,,7.43,6.61,6.40,7.75,1.0,0.5787037037037037,0.0,0.3550087873462215,1.0,0.5870967741935483,1.0,0.5849056603773585,17.0,0.0,,0.0,0.0,0.0,1.0,0,0.0,1.0,0.0,0.0,0.0,1.0,0.0,0.0,0.0,0.0,0.0,0.0,0.0,0.0,0.0,0.0,9.475,8.45,30,23,QAT*,GAS,Pierre Gasly,FRA,France,Франция,#004CA2,Renault,#FAEF00,0.0,0.0,100.0,0.0,23.0,23.0,14,17,3,3.0,1,16,7.0,16,2,8.45,
2024,2024230,2,27,Kevin Magnussen,Haas F1 Team,15.0,15,10,10,10,+15.485,0,20,MAG,22,7,#505050,22-7,6,3,1.0,3.37,0.0,0.0,0.3517745302713987,15,0,0,8.0,15.0,0,0,0.0,0.0,19.0,100,1,1.0,0.0,1.0,11.0,4,4.0,0.0,4.0,1.0,85.613,01:25.613,0.185,0.164,0.0209999999999999,12,2.90,9,1.60,1,2.00,3,1.90,4,1.0,1,10,4.50,1,3.90,4,0.2105263157894736,0.892,0.0469473684210554,7.28,10.00,7.83,10.00,8.73,7.43,6.61,6.40,7.75,1.0,0.5098039215686274,0.0,0.4694244604316547,1.0,0.5494505494505495,1.0,0.5633802816901409,7.0,0.0,0.4991423670668953,2.0,11.0,0.0,1.0,0,0.0,0.0,0.0,1.0,0.0,1.0,0.0,0.0,0.0,0.0,0.0,0.0,0.0,0.0,0.0,0.0,8.186666666666667,8.40,30,23,QAT*,HUL,Nico Hulkenberg,DEN,Denmark,Дания,#D20019,Ferrari,#DC0004,100.0,0.0,100.0,0.0,14.0,14.0,10,15,4,10.0,12,9,1.0,3,1,8.40,
2024,2024230,2,27,George Russell,Mercedes,2.0,2,3,3,3,+0.410,6,63,RUS,14,10,#0AA395,14-10,10,1,1.0,9.53,1.0,1.0,0.5710005991611744,2,0,0,1.0,2.0,0,0,1.0,1.0,19.0,100,0,0.0,0.0,0.0,3.0,-1,0.0,1.0,1.0,1.0,85.175,01:25.175,0.142,0.108,0.0339999999999999,8,3.30,2,1.95,15,1.30,8,1.65,5,1.0,15,4,5.25,14,2.95,1,0.0526315789473684,0.672,0.0353684210526314,8.59,5.50,9.93,7.75,9.58,7.43,6.61,6.40,7.75,1.0,0.5457433290978398,1.0,0.5245641838351822,0.0,0.4014598540145985,1.0,0.5849056603773585,2.0,1.0,0.6216742375081116,9.0,24.0,16.0,0.0,0,0.0,0.0,0.0,0.0,0.0,0.0,0.0,0.0,0.0,1.0,1.0,0.0,1.0,0.0,1.0,0.0,7.935,8.20,30,23,QAT*,HAM,Lewis Hamilton,GBR,Great Britain,Великобритания,#314486,Mercedes,#707070,0.0,0.0,0.0,100.0,223.0,223.0,3,2,5,4.0,8,2,14.0,8,15,8.20,
2024,2024230,2,27,Lance Stroll,Aston Martin,14.0,14,13,13,13,+24.421,0,18,STR,10,4,#459A72,10-4,4,1,1.0,3.84,0.0,0.0,0.421978021978022,14,0,0,7.0,14.0,0,0,0.0,0.0,19.0,100,0,0.0,0.0,0.0,13.0,1,2.0,1.0,3.0,1.0,86.083,01:26.083,0.111,0.111,0.0,3,3.80,13,1.40,8,1.65,15,1.30,6,1.0,8,5,5.20,15,2.95,0,0.0,-,,9.54,7.30,5.56,7.75,,7.43,6.61,6.40,7.75,1.0,0.5582211819777647,0.0,0.4583676834295136,0.0,0.5,1.0,0.5849056603773585,18.0,0.0,,0.0,24.0,0.0,0.0,0,0.0,0.0,0.0,0.0,0.0,0.0,0.0,0.0,0.0,0.0,0.0,0.0,0.0,0.0,0.0,0.0,8.868333333333332,8.15,30,23,QAT*,ALO,Fernando Alonso,CAN,Canada,Канада,#E30000,Mercedes,#707070,0.0,0.0,67.0,33.0,24.0,24.0,13,14,6,5.0,3,13,15.0,15,8,8.15,
2024,2024230,2,27,Valtteri Bottas,Kick Sauber,13.0,13,12,12,12,+23.351,0,77,BOT,3,8,#64D064,3-8,8,3,1.0,4.32,1.0,1.0,0.7461139896373058,13,0,0,7.0,13.0,0,0,1.0,1.0,19.0,100,0,0.0,0.0,0.0,12.0,1,2.0,1.0,3.0,1.0,86.048,01:26.048,0.121,0.076,0.045,6,3.50,12,1.45,7,1.70,14,1.35,7,1.0,7,6,4.95,12,3.05,3,0.1578947368421052,0.810,0.0426315789473685,9.23,7.30,5.73,7.75,9.05,7.43,6.61,6.40,7.75,1.0,0.7950043066322137,1.0,0.8514115898959881,1.0,0.5,1.0,0.8857142857142857,5.0,1.0,0.6501436781609196,0.0,11.0,0.0,0.0,0,0.0,0.0,0.0,0.0,0.0,0.0,0.0,0.0,0.0,0.0,0.0,0.0,0.0,0.0,0.0,0.0,8.661666666666667,8.00,30,23,QAT*,ZHO,Guanyu Zhou,FIN,Finland,Финляндия,#04276B,Ferrari,#DC0004,0.0,0.0,67.0,33.0,0.0,0.0,12,13,7,6.0,6,12,12.0,14,7,8.00,
2024,2024230,2,27,Yuki Tsunoda,RB,17.0,16,17,17,17,+35.102,0,22,TSU,9,11,#476CBF,9-11,13,2,1.0,2.42,0.0,0.0,0.2965686274509804,16,0,0,8.0,16.0,0,0,0.0,0.0,19.0,100,1,1.0,0.0,1.0,18.0,-2,0.0,2.0,2.0,1.0,86.528,01:26.528,0.118,0.083,0.0349999999999999,4,3.70,17,1.20,17,1.20,4,1.85,8,1.0,17,7,4.90,13,3.05,2,0.1052631578947368,0.686,0.0361052631578936,9.33,4.60,3.42,10.00,9.53,7.43,6.61,6.40,7.75,1.0,0.5,1.0,0.5007320644216691,1.0,0.8214285714285714,1.0,0.5633802816901409,3.0,1.0,1.0,0.0,1.0,0.0,0.0,0,0.0,0.0,0.0,0.0,0.0,0.0,0.0,0.0,0.0,0.0,0.0,0.0,0.0,0.0,0.0,0.0,8.653333333333334,7.95,30,23,QAT*,LAW,Liam Lawson,JPN,Japan,Япония,#C60018,Honda,#DE0000,100.0,0.0,0.0,100.0,30.0,30.0,17,16,8,7.0,4,17,13.0,4,17,7.95,
2024,2024230,2,27,Max Verstappen,Red Bull Racing,6.0,6,8,8,8,+10.368,1,1,VER,2,14,#1A4C82,2-14,16,2,1.0,7.63,1.0,1.0,0.7252851711026617,6,0,0,3.0,6.0,0,0,1.0,1.0,19.0,100,1,1.0,0.0,1.0,9.0,-3,0.0,3.0,3.0,1.0,85.43,01:25.430,0.143,0.102,0.0409999999999999,9,3.20,8,1.65,18,1.15,2,1.95,9,1.0,18,8,4.85,9,3.10,1,0.0526315789473684,0.711,0.0374210526315788,8.56,3.70,8.71,10.00,9.43,7.43,6.61,6.40,7.75,1.0,0.895397489539749,1.0,0.6736272235112143,0.0,0.3663366336633663,1.0,0.5,4.0,1.0,0.6056518946692356,1.0,1.0,1.0,0.0,0,0.0,0.0,0.0,0.0,0.0,0.0,0.0,0.0,0.0,0.0,0.0,0.0,0.0,0.0,0.0,0.0,7.990000000000001,7.95,30,23,QAT*,PER,Sergio Perez,NLD,Netherlands,Нидерланды,#F75600,Honda,#DE0000,100.0,0.0,0.0,100.0,404.0,404.0,8,6,9,8.0,9,8,9.0,2,18,7.95,
2024,2024230,2,27,Charles Leclerc,Ferrari,5.0,5,5,5,5,+5.073,4,16,LEC,6,5,#BA3B30,6-5,15,3,1.0,8.11,0.0,0.0,0.4859197124026363,5,0,0,3.0,5.0,0,0,0.0,0.0,19.0,100,1,1.0,0.0,1.0,6.0,-1,0.0,1.0,1.0,1.0,85.265,01:25.265,0.192,0.192,0.0,15,2.60,4,1.85,16,1.25,1,2.00,10,1.0,16,13,4.45,5,3.25,0,0.0,-,,7.06,5.50,9.50,10.00,,7.43,6.61,6.40,7.75,0.0,0.4358024691358024,0.0,0.4871794871794871,0.0,0.4621848739495798,1.0,0.5633802816901409,19.0,0.0,,9.0,11.0,4.0,1.0,0,0.0,0.0,0.0,0.0,1.0,1.0,1.0,0.0,0.0,0.0,0.0,0.0,0.0,0.0,0.0,0.0,7.289999999999999,7.70,30,23,QAT*,SAI,Carlos Sainz,MON,Monaco,Монако,#D80000,Ferrari,#DC0004,100.0,0.0,0.0,100.0,323.0,323.0,5,5,10,13.0,15,4,5.0,1,16,7.70,
2024,2024230,2,27,Lando Norris,McLaren,1.0,1,2,2,2,+0.136,7,4,NOR,4,9,#DE8E18,4-9,10,1,1.0,10.0,1.0,1.0,0.5249343832020997,1,0,0,1.0,1.0,0,0,0.0,0.0,19.0,100,0,0.0,0.0,0.0,1.0,0,0.0,0.0,0.0,1.0,85.265,01:25.265,0.193,0.143,0.05,16,2.50,5,1.80,10,1.55,7,1.70,11,1.0,10,15,4.30,4,3.25,1,0.0526315789473684,0.924,0.0486315789473687,7.03,6.40,9.50,7.75,8.61,7.43,6.61,6.40,7.75,0.0,0.4149940968122786,0.0,0.490702479338843,0.0,0.4671532846715329,1.0,0.5,8.0,1.0,1.0,15.0,24.0,16.0,0.0,0,0.0,0.0,0.0,0.0,0.0,0.0,0.0,0.0,1.0,0.0,1.0,1.0,0.0,0.0,1.0,18.0,7.045000000000001,7.55,30,23,QAT*,PIA,Oscar Piastri,GBR,Great Britain,Великобритания,#314486,Mercedes,#707070,0.0,0.0,0.0,0.0,347.0,347.0,2,1,11,15.0,16,5,4.0,7,10,7.55,
2024,2024230,2,27,Lewis Hamilton,Mercedes,7.0,7,6,6,6,+5.650,3,44,HAM,1,10,#0AA395,1-10,10,1,1.0,7.16,0.0,0.0,0.4289994008388257,7,0,0,4.0,7.0,0,0,0.0,0.0,19.0,100,-1,0.0,1.0,1.0,5.0,2,2.0,0.0,2.0,1.0,85.368,01:25.368,0.189,0.093,0.096,14,2.70,6,1.75,3,1.90,17,1.20,12,1.0,3,12,4.45,10,3.10,1,0.0526315789473684,1.644,0.0865263157894739,7.15,8.20,9.00,5.50,5.83,7.43,6.61,6.40,7.75,0.0,0.4542566709021601,0.0,0.4754358161648178,1.0,0.5985401459854014,0.0,0.4150943396226415,12.0,0.0,0.3783257624918884,9.0,24.0,16.0,0.0,0,0.0,0.0,0.0,0.0,0.0,0.0,0.0,0.0,0.0,0.0,0.0,0.0,0.0,0.0,0.0,0.0,7.05,7.55,30,23,QAT*,RUS,George Russell,GBR,Great Britain,Великобритания,#314486,Mercedes,#707070,0.0,100.0,100.0,0.0,211.0,211.0,6,7,12,12.0,14,6,10.0,17,3,7.55,
2024,2024230,2,27,Nico Hulkenberg,Haas F1 Team,9.0,9,7,7,7,+8.508,2,27,HUL,25,7,#505050,25-7,11,3,1.0,6.21,1.0,1.0,0.6482254697286013,9,0,0,5.0,9.0,0,0,1.0,1.0,19.0,100,0,0.0,0.0,0.0,7.0,2,2.0,0.0,2.0,1.0,85.4,01:25.400,0.194,0.160,0.034,17,2.40,7,1.70,4,1.85,11,1.50,13,1.0,4,17,4.10,3,3.35,2,0.1052631578947368,0.886,0.0466315789473696,7.00,8.20,8.85,7.75,8.76,7.43,6.61,6.40,7.75,0.0,0.4901960784313725,1.0,0.5305755395683454,0.0,0.4505494505494505,0.0,0.4366197183098591,6.0,1.0,0.5008576329331046,2.0,11.0,2.0,0.0,0,0.0,0.0,0.0,0.0,0.0,0.0,0.0,0.0,0.0,0.0,0.0,0.0,0.0,0.0,0.0,0.0,7.325,7.45,30,23,QAT*,MAG,Kevin Magnussen,GER,Germany,Германия,#000000,Ferrari,#DC0004,0.0,0.0,100.0,0.0,37.0,37.0,7,9,13,17.0,17,7,3.0,11,4,7.45,
2024,2024230,2,27,Fernando Alonso,Aston Martin,11.0,11,11,11,11,+19.204,0,14,ALO,19,4,#459A72,19-4,7,1,1.0,5.26,1.0,1.0,0.578021978021978,11,0,0,6.0,11.0,0,0,1.0,1.0,19.0,100,-1,0.0,1.0,1.0,10.0,1,1.0,0.0,1.0,1.0,85.874,01:25.874,0.176,0.137,0.0389999999999999,11,3.00,11,1.50,6,1.75,19,1.10,14,1.0,6,11,4.50,16,2.85,2,0.1052631578947368,1.066,0.0561052631578963,7.55,7.30,6.57,5.50,8.06,7.43,6.61,6.40,7.75,0.0,0.4417788180222352,1.0,0.5416323165704865,1.0,0.5,0.0,0.4150943396226415,9.0,1.0,1.0,0.0,24.0,5.0,0.0,0,0.0,0.0,0.0,0.0,0.0,0.0,0.0,0.0,0.0,0.0,0.0,0.0,0.0,0.0,0.0,0.0,7.166666666666667,7.35,30,23,QAT*,STR,Lance Stroll,ESP,Spain,Испания,#F7B800,Mercedes,#707070,0.0,100.0,100.0,0.0,62.0,62.0,11,11,14,11.0,11,11,16.0,19,6,7.35,
2024,2024230,2,27,Liam Lawson,RB,10.0,10,16,16,16,+34.356,0,30,LAW,29,11,#476CBF,29-11,17,2,1.0,5.74,1.0,1.0,0.7034313725490197,10,0,0,5.0,10.0,0,0,1.0,1.0,19.0,100,0,1.0,1.0,2.0,16.0,-6,0.0,6.0,6.0,1.0,86.53,01:26.530,0.118,0.118,0.0,5,3.60,18,1.15,20,1.05,12,1.45,15,1.0,20,9,4.75,19,2.50,0,0.0,-,,9.33,1.00,3.41,7.75,,7.43,6.61,6.40,7.75,0.0,0.5,0.0,0.4992679355783309,0.0,0.1785714285714285,0.0,0.4366197183098591,15.0,0.0,,0.0,1.0,0.0,0.0,0,0.0,0.0,0.0,0.0,0.0,0.0,0.0,0.0,0.0,0.0,0.0,0.0,0.0,0.0,0.0,0.0,7.678333333333334,7.25,30,23,QAT*,TSU,Yuki Tsunoda,NZL,New Zealand,Новая Зеландия,#0D1168,Honda,#DE0000,50.0,50.0,0.0,100.0,4.0,4.0,16,10,15,9.0,5,18,19.0,12,20,7.25,
2024,2024230,2,27,Pierre Gasly,Alpine,8.0,8,9,9,9,+14.513,0,10,GAS,17,3,#3494CC,17-3,9,4,1.0,6.68,1.0,1.0,0.7740440324449595,8,0,0,4.0,8.0,0,0,1.0,1.0,19.0,100,-1,0.0,1.0,1.0,8.0,0,1.0,1.0,2.0,1.0,85.713,01:25.713,0.185,0.123,0.062,13,2.80,10,1.55,12,1.45,18,1.15,16,1.0,12,14,4.35,18,2.60,2,0.1052631578947368,1.157,0.0608947368421043,7.28,6.40,7.34,5.50,7.71,7.43,6.61,6.40,7.75,0.0,0.4212962962962963,1.0,0.6449912126537786,0.0,0.4129032258064516,0.0,0.4150943396226415,10.0,1.0,1.0,0.0,0.0,0.0,0.0,0,0.0,0.0,0.0,0.0,0.0,0.0,0.0,0.0,0.0,0.0,0.0,0.0,0.0,0.0,0.0,0.0,6.836666666666667,6.95,30,23,QAT*,OCO,Esteban Ocon,FRA,France,Франция,#004CA2,Renault,#FAEF00,0.0,100.0,50.0,50.0,26.0,26.0,9,8,16,14.0,13,10,18.0,18,12,6.95,
2024,2024230,2,27,Franco Colapinto,Williams,20.0,PLS,18,18,18,+35.639,0,43,COL,31,18,#3C95C9,31-18,1,1,1.0,1.0,0.0,0.0,0.1727115716753022,PLS,0,1,,20.0,0,0,0.0,0.0,19.0,100,1,1.0,0.0,1.0,19.0,0,0.0,0.0,0.0,1.0,86.329,01:26.329,0.314,0.137,0.177,18,2.30,14,1.35,13,1.40,5,1.80,17,1.0,13,18,3.65,6,3.20,3,0.1578947368421052,2.895,0.1523684210526306,3.33,6.40,4.38,10.00,1.0,7.43,6.61,6.40,7.75,0.0,0.2936507936507936,1.0,0.5644329896907216,1.0,0.6336633663366336,1.0,0.5633802816901409,14.0,1.0,1.0,0.0,24.0,0.0,0.0,0,0.0,0.0,0.0,0.0,0.0,0.0,0.0,0.0,0.0,0.0,0.0,0.0,0.0,0.0,0.0,0.0,4.953333333333333,6.85,30,23,QAT*,ALB,Alexander Albon,ARG,Argentina,Аргентина,#68A6DB,Mercedes,#707070,100.0,0.0,0.0,0.0,5.0,5.0,18,18,17,18.0,18,14,6.0,5,13,6.85,
2024,2024230,2,27,Alexander Albon,Williams,12.0,12,15,15,15,+33.062,0,23,ALB,24,18,#3C95C9,24-18,20,1,1.0,4.79,1.0,1.0,0.8272884283246977,12,0,0,6.0,12.0,0,0,1.0,1.0,19.0,100,0,0.0,0.0,0.0,15.0,-3,1.0,4.0,5.0,1.0,86.537,01:26.537,0.161,0.161,0.0,10,3.10,19,1.10,19,1.10,13,1.40,18,1.0,19,16,4.20,20,2.50,0,0.0,-,,8.01,3.70,3.38,7.75,,7.43,6.61,6.40,7.75,1.0,0.7063492063492064,0.0,0.4355670103092783,0.0,0.3663366336633663,0.0,0.4366197183098591,16.0,0.0,,0.0,24.0,0.0,0.0,0,0.0,0.0,0.0,0.0,0.0,0.0,0.0,0.0,0.0,0.0,0.0,0.0,0.0,0.0,0.0,0.0,7.248333333333334,6.70,30,23,QAT*,COL,Franco Colapinto,THA,Thailand,Таиланд,#2E2549,Mercedes,#707070,0.0,0.0,20.0,80.0,12.0,12.0,15,12,18,16.0,10,19,20.0,13,19,6.70,
2024,2024230,2,27,Sergio Perez,Red Bull Racing,16.0,PLS,20,20,20,,0,11,PER,5,14,#1A4C82,5-14,14,2,1.0,2.89,0.0,0.0,0.2747148288973384,PLS,0,1,,19.0,0,0,0.0,0.0,19.0,100,1,1.0,0.0,1.0,20.0,0,0.0,0.0,0.0,1.0,86.362,01:26.362,0.390,0.273,0.1169999999999999,20,2.10,15,1.30,14,1.35,6,1.75,19,1.0,14,19,3.40,8,3.10,1,0.0526315789473684,1.565,0.0823684210526314,1.00,6.40,4.22,10.00,6.14,7.43,6.61,6.40,7.75,0.0,0.104602510460251,0.0,0.3263727764887857,1.0,0.6336633663366336,0.0,0.5,11.0,0.0,0.3943481053307642,1.0,1.0,0.0,0.0,0,0.0,0.0,0.0,0.0,0.0,0.0,0.0,0.0,0.0,0.0,0.0,0.0,0.0,0.0,0.0,0.0,3.4,6.50,30,23,QAT*,VER,Max Verstappen,MEX,Mexico,Мексика,#006640,Honda,#DE0000,100.0,0.0,0.0,0.0,152.0,152.0,20,12,19,19.0,20,15,8.0,6,14,6.50,
2024,2024230,2,27,Guanyu Zhou,Kick Sauber,19.0,18,19,19,19,+1:11.436,0,24,ZHO,23,8,#64D064,23-8,5,3,1.0,1.47,0.0,0.0,0.2538860103626943,18,0,0,9.0,18.0,0,0,0.0,0.0,19.0,100,-3,1.0,4.0,5.0,17.0,1,1.0,0.0,1.0,1.0,87.032,01:27.032,0.345,0.180,0.1649999999999999,19,2.20,20,1.05,9,1.60,20,1.05,20,1.0,9,20,3.25,17,2.65,2,0.1052631578947368,1.892,0.0995789473684208,2.38,7.30,1.00,1.00,4.87,7.43,6.61,6.40,7.75,0.0,0.2049956933677864,0.0,0.1485884101040119,0.0,0.5,0.0,0.1142857142857142,13.0,0.0,0.3498563218390804,0.0,11.0,0.0,0.0,0,0.0,0.0,0.0,0.0,0.0,0.0,0.0,0.0,0.0,0.0,0.0,0.0,0.0,0.0,0.0,0.0,2.97,5.90,30,23,QAT*,BOT,Valtteri Bottas,CHN,China,Китай,#F70000,Ferrari,#DC0004,20.0,80.0,100.0,0.0,0.0,0.0,19,18,20,20.0,19,20,17.0,20,9,5.90,
2024,2024231,2,28,Max Verstappen,Red Bull Racing,1.0,2,1,1,1,1:31:05.323,25,1,VER,2,14,#1A4C82,2-14,16,2,1.0,10.0,1.0,1.0,0.6169031462060456,2,0,0,1.0,2.0,0,0,1.0,,57.0,100,0,0.0,0.0,0.0,1.0,1,1.0,0.0,1.0,1.0,84.63,01:24.630,0.075,0.062,0.0129999999999999,1,4.00,1,2.00,4,1.85,9,1.60,1,1.0,4,1,6.00,2,3.45,2,0.0350877192982456,0.811,0.0142280701754382,10.00,6.14,10.00,6.25,9.02,7.14,5.54,4.86,6.25,1.0,0.5288207297726071,1.0,0.6662225183211192,0.0,0.4524686809137803,1.0,0.5,4.0,1.0,0.5041922861934041,25.0,25.0,25.0,1.0,1,1.0,1.0,1.0,0.0,0.0,3.0,0.0,1.0,0.0,0.0,1.0,1.0,0.0,0.0,1.0,57.0,8.731666666666667,9.45,29,23,QAT,PER,Sergio Perez,NLD,Netherlands,Нидерланды,#F75600,Honda,#DE0000,0.0,0.0,100.0,0.0,429.0,429.0,1,2,1,1.0,1,1,2.0,9,4,9.45,
2024,2024231,2,28,George Russell,Mercedes,2.0,1,4,4,4,+14.104,12,63,RUS,14,10,#0AA395,14-10,10,1,1.0,9.53,1.0,1.0,0.5553613053613053,1,0,0,1.0,1.0,0,0,1.0,1.0,57.0,100,2,2.0,0.0,2.0,3.0,-2,0.0,2.0,2.0,1.0,85.196,01:25.196,0.099,0.095,0.004,2,3.90,5,1.80,16,1.25,4,1.85,2,1.0,15,2,5.70,12,3.10,1,0.0175438596491228,0.184,0.0032280701754385,9.25,2.29,8.18,7.75,10.0,7.14,5.54,4.86,6.25,1.0,0.6821533923303835,1.0,0.5789101203113942,1.0,0.6960486322188449,0.0,0.4366197183098591,1.0,1.0,0.7374631268436578,12.0,35.0,14.0,0.0,0,0.0,0.0,0.0,0.0,0.0,0.0,0.0,0.0,0.0,0.0,0.0,0.0,1.0,0.0,1.0,0.0,7.84,8.80,29,23,QAT,HAM,Lewis Hamilton,GBR,Great Britain,Великобритания,#314486,Mercedes,#707070,100.0,0.0,0.0,100.0,235.0,235.0,4,1,2,2.0,2,5,12.0,4,16,8.80,
2024,2024231,2,28,Oscar Piastri,McLaren,4.0,4,3,3,3,+6.819,15,81,PIA,28,9,#DE8E18,28-9,2,1,1.0,8.58,0.0,0.0,0.4866704480998298,4,0,0,2.0,4.0,0,0,1.0,1.0,57.0,100,1,1.0,0.0,1.0,5.0,-1,0.0,1.0,1.0,1.0,84.948,01:24.948,0.111,0.080,0.031,4,3.70,4,1.85,12,1.45,7,1.70,3,1.0,11,3,5.55,10,3.15,3,0.0526315789473684,1.514,0.0265614035087721,8.88,3.57,8.98,7.00,7.92,7.14,5.54,4.86,6.25,1.0,0.6311300639658849,0.0,0.4840970350404313,0.0,0.3676622039134912,0.0,0.4307692307692308,10.0,1.0,0.5968349660889224,17.0,35.0,15.0,0.0,0,0.0,0.0,0.0,0.0,0.0,0.0,0.0,0.0,0.0,1.0,1.0,0.0,0.0,0.0,0.0,0.0,7.6816666666666675,8.70,29,23,QAT,NOR,Lando Norris,AUS,Australia,Австралия,#F7C900,Mercedes,#707070,100.0,0.0,0.0,100.0,291.0,291.0,3,4,3,3.0,4,4,10.0,7,12,8.70,
2024,2024231,2,28,Charles Leclerc,Ferrari,5.0,5,2,2,2,+6.031,18,16,LEC,6,5,#BA3B30,6-5,15,3,1.0,8.11,1.0,1.0,0.5311067452521283,5,0,0,3.0,5.0,0,0,1.0,1.0,57.0,100,-1,0.0,1.0,1.0,4.0,1,1.0,0.0,1.0,1.0,84.946,01:24.946,0.119,0.091,0.0279999999999999,5,3.60,3,1.90,6,1.75,12,1.45,4,1.0,6,4,5.50,7,3.20,4,0.0701754385964912,1.533,0.0268947368421055,8.62,6.14,8.98,5.50,7.89,7.14,5.54,4.86,6.25,1.0,0.5307881773399015,1.0,0.5273047563123899,1.0,0.5,0.0,0.4680851063829787,11.0,1.0,0.5874906924795235,26.0,32.0,18.0,0.0,0,0.0,0.0,0.0,0.0,0.0,0.0,0.0,0.0,1.0,0.0,1.0,0.0,0.0,0.0,0.0,0.0,7.686666666666666,8.70,29,23,QAT,SAI,Carlos Sainz,MON,Monaco,Монако,#D80000,Ferrari,#DC0004,0.0,100.0,100.0,0.0,341.0,341.0,2,5,4,4.0,5,3,7.0,12,6,8.70,
2024,2024231,2,28,Sergio Perez,Red Bull Racing,9.0,9,-,DNF,17,-,0,11,PER,5,14,#1A4C82,5-14,14,2,1.0,6.21,0.0,0.0,0.3830968537939543,9,0,0,5.0,9.0,1,0,0.0,,38.0,67,0,0.0,0.0,0.0,7.0,2,2.0,0.0,2.0,1.0,86.181,01:26.181,0.110,0.092,0.018,3,3.80,12,1.45,2,1.95,11,1.50,5,1.0,2,5,5.25,3,3.45,2,0.0526315789473684,0.605,0.0159210526315794,8.91,7.43,5.01,6.25,8.87,7.14,5.54,4.86,6.25,0.0,0.4711792702273929,0.0,0.3337774816788807,1.0,0.5475313190862195,0.0,0.5,5.0,0.0,0.4958077138065958,25.0,25.0,0.0,0.0,0,0.0,0.0,0.0,0.0,0.0,0.0,0.0,0.0,0.0,0.0,0.0,0.0,0.0,0.0,0.0,0.0,8.22,8.70,29,23,QAT,VER,Max Verstappen,MEX,Mexico,Мексика,#006640,Honda,#DE0000,0.0,0.0,100.0,0.0,152.0,152.0,20,9,5,5.0,3,12,3.0,11,2,8.70,
2024,2024231,2,28,Lando Norris,McLaren,3.0,3,10,10,10,+35.762,2,4,NOR,4,9,#DE8E18,4-9,10,1,1.0,9.05,1.0,1.0,0.5133295519001702,3,0,0,2.0,3.0,0,0,0.0,0.0,57.0,100,4,4.0,0.0,4.0,2.0,1,1.0,0.0,1.0,1.0,84.765,01:24.765,0.229,0.165,0.064,14,2.70,2,1.95,5,1.80,2,1.95,6,1.0,5,11,4.65,1,3.75,4,0.0701754385964912,3.151,0.0552807017543861,5.19,6.14,9.57,9.25,5.35,7.14,5.54,4.86,6.25,0.0,0.3688699360341151,1.0,0.5159029649595688,1.0,0.6323377960865088,1.0,0.5692307692307692,14.0,0.0,0.4031650339110776,17.0,35.0,14.0,0.0,0,0.0,0.0,0.0,0.0,0.0,0.0,1.0,0.0,0.0,0.0,0.0,0.0,0.0,1.0,1.0,0.0,6.025,8.40,29,23,QAT,PIA,Oscar Piastri,GBR,Great Britain,Великобритания,#314486,Mercedes,#707070,100.0,0.0,100.0,0.0,349.0,349.0,10,3,6,11.0,14,2,1.0,2,5,8.40,
2024,2024231,2,28,Kevin Magnussen,Haas F1 Team,10.0,10,9,9,9,+32.177,2,20,MAG,22,7,#505050,22-7,6,3,1.0,5.74,1.0,1.0,0.7464239271781534,10,0,0,5.0,10.0,0,0,1.0,,57.0,100,3,3.0,0.0,3.0,11.0,-1,0.0,1.0,1.0,1.0,86.142,01:26.142,0.130,0.097,0.033,8,3.30,10,1.55,13,1.40,3,1.90,7,1.0,12,8,4.85,4,3.30,2,0.0350877192982456,1.375,0.0241228070175433,8.28,3.57,5.13,8.50,8.13,7.14,5.54,4.86,6.25,1.0,0.5579514824797843,1.0,0.8368678629690048,0.0,0.4234875444839857,1.0,0.5230769230769231,8.0,0.0,0.4624573378839591,2.0,32.0,2.0,0.0,0,0.0,0.0,0.0,0.0,0.0,0.0,0.0,0.0,0.0,0.0,0.0,0.0,0.0,0.0,0.0,0.0,7.531666666666666,8.15,29,23,QAT,HUL,Nico Hulkenberg,DEN,Denmark,Дания,#D20019,Ferrari,#DC0004,100.0,0.0,0.0,100.0,16.0,16.0,9,10,7,8.0,8,10,4.0,3,13,8.15,
2024,2024231,2,28,Pierre Gasly,Alpine,11.0,11,5,5,5,+16.782,10,10,GAS,17,3,#3494CC,17-3,9,4,1.0,5.26,1.0,1.0,0.8402555910543131,11,0,0,6.0,11.0,0,0,1.0,,57.0,100,1,2.0,1.0,3.0,12.0,-1,0.0,1.0,1.0,1.0,85.808,01:25.808,0.130,0.108,0.022,7,3.40,7,1.70,14,1.35,8,1.65,8,1.0,13,6,5.10,13,3.00,2,0.0350877192982456,0.927,0.0162631578947372,8.28,3.57,6.21,7.00,8.84,7.14,5.54,4.86,6.25,,,,,,,,,6.0,1.0,1.0,10.0,10.0,10.0,0.0,0,0.0,0.0,0.0,0.0,0.0,0.0,0.0,0.0,0.0,0.0,0.0,0.0,0.0,0.0,0.0,0.0,7.281666666666666,8.10,29,23,QAT,OCO,Esteban Ocon,FRA,France,Франция,#004CA2,Renault,#FAEF00,67.0,33.0,0.0,100.0,36.0,36.0,5,11,8,6.0,7,7,13.0,8,14,8.10,
2024,2024231,2,28,Carlos Sainz,Ferrari,7.0,7,6,6,6,+17.476,8,55,SAI,8,5,#BA3B30,8-5,7,3,1.0,7.16,0.0,0.0,0.4688932547478717,7,0,0,4.0,7.0,0,0,0.0,0.0,57.0,100,0,0.0,0.0,0.0,6.0,1,1.0,0.0,1.0,1.0,85.236,01:25.236,0.151,0.091,0.06,11,3.00,6,1.75,7,1.70,10,1.55,9,1.0,7,10,4.75,5,3.25,5,0.087719298245614,3.030,0.0531578947368416,7.62,6.14,8.05,6.25,5.54,7.14,5.54,4.86,6.25,0.0,0.4692118226600986,0.0,0.4726952436876101,0.0,0.5,1.0,0.5319148936170213,13.0,0.0,0.4125093075204765,26.0,32.0,14.0,0.0,0,0.0,0.0,0.0,0.0,0.0,0.0,0.0,0.0,0.0,0.0,0.0,0.0,0.0,0.0,0.0,0.0,7.1450000000000005,8.00,29,23,QAT,LEC,Charles Leclerc,ESP,Spain,Испания,#F7B800,Ferrari,#DC0004,0.0,0.0,100.0,0.0,272.0,272.0,6,7,9,10.0,11,6,5.0,10,7,8.00,
2024,2024231,2,28,Guanyu Zhou,Kick Sauber,12.0,12,8,8,8,+25.360,4,24,ZHO,23,8,#64D064,23-8,5,3,1.0,4.79,1.0,1.0,0.5257958287596048,12,0,0,6.0,12.0,0,0,1.0,1.0,57.0,100,2,3.0,1.0,4.0,15.0,-3,0.0,3.0,3.0,1.0,86.15,01:26.150,0.123,0.098,0.0249999999999999,6,3.50,11,1.50,18,1.15,5,1.80,10,1.0,17,7,5.00,16,2.95,4,0.0701754385964912,1.464,0.0256842105263157,8.50,1.00,5.11,7.75,7.99,7.14,5.54,4.86,6.25,1.0,0.8947368421052632,1.0,0.7248226950354609,0.0,0.1706484641638225,1.0,0.5849056603773585,9.0,1.0,0.8128179043743642,4.0,32.0,4.0,0.0,0,0.0,0.0,0.0,0.0,0.0,0.0,0.0,0.0,0.0,0.0,0.0,0.0,0.0,0.0,0.0,0.0,7.125,7.95,29,23,QAT,BOT,Valtteri Bottas,CHN,China,Китай,#F70000,Ferrari,#DC0004,75.0,25.0,0.0,100.0,4.0,4.0,8,12,10,7.0,6,11,16.0,5,18,7.95,
2024,2024231,2,28,Fernando Alonso,Aston Martin,8.0,8,7,7,7,+19.867,6,14,ALO,19,4,#459A72,19-4,7,1,1.0,6.68,1.0,1.0,0.6646766169154228,8,0,0,4.0,8.0,0,0,1.0,,57.0,100,-3,2.0,5.0,7.0,8.0,0,1.0,1.0,2.0,1.0,86.015,01:26.015,0.130,0.126,0.004,9,3.20,9,1.60,8,1.65,15,1.30,11,1.0,8,9,4.80,15,2.95,1,0.0175438596491228,0.355,0.0062280701754386,8.28,4.86,5.54,4.00,9.73,7.14,5.54,4.86,6.25,,,,,,,,,2.0,1.0,1.0,6.0,35.0,14.0,0.0,0,0.0,0.0,0.0,0.0,0.0,0.0,0.0,0.0,0.0,0.0,0.0,0.0,0.0,0.0,0.0,0.0,6.996666666666666,7.75,29,23,QAT,STR,Lance Stroll,ESP,Spain,Испания,#F7B800,Mercedes,#707070,29.0,71.0,50.0,50.0,68.0,68.0,7,8,11,9.0,9,9,15.0,15,8,7.75,
2024,2024231,2,28,Liam Lawson,RB,17.0,17,14,14,14,+1:02.656,0,30,LAW,29,11,#476CBF,29-11,17,2,1.0,2.42,0.0,0.0,0.3865814696485623,17,0,0,9.0,17.0,0,0,0.0,0.0,57.0,100,-6,0.0,6.0,6.0,14.0,2,2.0,0.0,2.0,1.0,87.209,01:27.209,0.151,0.131,0.0199999999999999,10,3.10,14,1.35,3,1.90,16,1.25,12,1.0,3,12,4.45,11,3.15,2,0.0350877192982456,0.982,0.017228070175439,7.62,7.43,1.70,1.75,8.75,7.14,5.54,4.86,6.25,1.0,0.5313807531380753,1.0,0.5573770491803279,0.0,0.4262765347102696,1.0,0.6363636363636364,7.0,1.0,0.5817819148936171,0.0,25.0,0.0,0.0,0,0.0,0.0,0.0,0.0,0.0,0.0,0.0,0.0,0.0,0.0,0.0,0.0,0.0,0.0,0.0,0.0,6.61,7.60,29,23,QAT,TSU,Yuki Tsunoda,NZL,New Zealand,Новая Зеландия,#0D1168,Honda,#DE0000,0.0,100.0,100.0,0.0,4.0,4.0,14,17,12,12.0,10,14,11.0,16,3,7.60,
2024,2024231,2,28,Lewis Hamilton,Mercedes,6.0,6,12,12,12,+56.122,0,44,HAM,1,10,#0AA395,1-10,10,1,1.0,7.63,0.0,0.0,0.4446386946386946,6,0,0,3.0,6.0,0,0,0.0,0.0,57.0,100,5,5.0,0.0,5.0,9.0,-3,0.0,3.0,3.0,1.0,85.889,01:25.889,0.257,0.147,0.11,15,2.60,8,1.65,17,1.20,1,2.00,13,1.0,16,13,4.25,8,3.20,2,0.0350877192982456,4.292,0.0752982456140351,4.31,1.00,5.95,10.00,3.56,7.14,5.54,4.86,6.25,0.0,0.3178466076696165,0.0,0.4210898796886058,0.0,0.303951367781155,1.0,0.5633802816901409,15.0,0.0,0.2625368731563421,12.0,35.0,14.0,1.0,0,0.0,0.0,0.0,0.0,1.0,1.0,0.0,0.0,0.0,0.0,0.0,0.0,0.0,0.0,0.0,0.0,4.706666666666666,7.45,29,23,QAT,RUS,George Russell,GBR,Great Britain,Великобритания,#314486,Mercedes,#707070,100.0,0.0,0.0,100.0,211.0,211.0,12,6,13,13.0,15,8,8.0,1,17,7.45,
2024,2024231,2,28,Yuki Tsunoda,RB,14.0,14,13,13,13,+1:01.100,0,22,TSU,9,11,#476CBF,9-11,13,2,1.0,3.84,1.0,1.0,0.6134185303514377,14,0,0,7.0,14.0,0,0,1.0,1.0,57.0,100,-7,1.0,8.0,9.0,10.0,4,4.0,0.0,4.0,1.0,87.316,01:27.316,0.180,0.125,0.0549999999999999,12,2.90,16,1.25,1,2.00,17,1.20,14,1.0,1,14,4.15,9,3.20,3,0.0526315789473684,2.554,0.0448070175438601,6.72,10.00,1.35,1.00,6.29,7.14,5.54,4.86,6.25,0.0,0.4686192468619247,0.0,0.4426229508196722,1.0,0.5737234652897304,0.0,0.3636363636363636,12.0,0.0,0.418218085106383,0.0,25.0,0.0,1.0,0,0.0,0.0,0.0,1.0,0.0,1.0,0.0,0.0,0.0,0.0,0.0,0.0,0.0,0.0,0.0,0.0,6.313333333333333,7.35,29,23,QAT,LAW,Liam Lawson,JPN,Japan,Япония,#C60018,Honda,#DE0000,11.0,89.0,100.0,0.0,30.0,30.0,13,14,14,14.0,12,16,9.0,17,1,7.35,
2024,2024231,2,28,Nico Hulkenberg,Haas F1 Team,18.0,18,-,DNF,16,-,0,27,HUL,25,7,#505050,25-7,11,3,1.0,1.95,0.0,0.0,0.2535760728218465,18,0,0,9.0,18.0,1,0,0.0,,39.0,68,2,2.0,0.0,2.0,18.0,0,0.0,0.0,0.0,1.0,87.426,01:27.426,0.185,0.175,0.01,13,2.80,17,1.20,11,1.50,6,1.75,15,1.0,10,15,4.00,6,3.25,1,0.0256410256410256,0.364,0.0093333333333334,6.56,4.86,1.00,7.75,9.45,7.14,5.54,4.86,6.25,0.0,0.4420485175202156,0.0,0.1631321370309951,1.0,0.5765124555160143,0.0,0.4769230769230769,3.0,1.0,0.537542662116041,2.0,32.0,0.0,0.0,0,0.0,0.0,0.0,0.0,0.0,0.0,0.0,0.0,0.0,0.0,0.0,0.0,0.0,0.0,0.0,0.0,6.474999999999999,7.25,29,23,QAT,MAG,Kevin Magnussen,GER,Germany,Германия,#000000,Ferrari,#DC0004,100.0,0.0,0.0,0.0,37.0,37.0,8,18,15,15.0,13,17,6.0,6,11,7.25,
2024,2024231,2,28,Valtteri Bottas,Kick Sauber,13.0,13,11,11,11,+50.243,0,77,BOT,3,8,#64D064,3-8,8,3,1.0,4.32,0.0,0.0,0.4742041712403952,13,0,0,7.0,13.0,0,0,0.0,0.0,57.0,100,-1,2.0,3.0,5.0,13.0,0,1.0,1.0,2.0,1.0,87.135,01:27.135,0.363,0.223,0.1399999999999999,17,2.40,13,1.40,9,1.60,13,1.40,16,1.0,9,17,3.80,14,3.00,5,0.087719298245614,5.395,0.0946491228070182,1.00,4.86,1.94,5.50,1.84,7.14,5.54,4.86,6.25,0.0,0.1052631578947368,0.0,0.2751773049645389,1.0,0.8293515358361775,0.0,0.4150943396226415,16.0,0.0,0.1871820956256358,4.0,32.0,0.0,0.0,0,0.0,0.0,0.0,0.0,0.0,0.0,0.0,0.0,0.0,0.0,0.0,0.0,0.0,0.0,0.0,0.0,2.393333333333333,6.80,29,23,QAT,ZHO,Guanyu Zhou,FIN,Finland,Финляндия,#04276B,Ferrari,#DC0004,40.0,60.0,50.0,50.0,0.0,0.0,11,13,16,17.0,17,13,14.0,13,9,6.80,
2024,2024231,2,28,Alexander Albon,Williams,16.0,16,15,15,15,+1 Lap,0,23,ALB,24,18,#3C95C9,24-18,20,1,1.0,2.89,1.0,1.0,0.6628440366972477,16,0,0,8.0,16.0,0,0,1.0,,56.0,98,-2,1.0,3.0,4.0,16.0,-1,0.0,1.0,1.0,1.0,87.281,01:27.281,0.287,0.143,0.144,16,2.50,15,1.30,15,1.30,14,1.35,17,1.0,14,16,3.80,17,2.65,5,0.0892857142857142,5.825,0.1040178571428569,3.38,3.57,1.47,4.75,1.0,7.14,5.54,4.86,6.25,,,,,,,,,17.0,1.0,1.0,0.0,35.0,0.0,0.0,0,0.0,0.0,0.0,0.0,0.0,0.0,0.0,0.0,0.0,0.0,0.0,0.0,0.0,0.0,0.0,0.0,3.64,6.45,29,23,QAT,COL,Franco Colapinto,THA,Thailand,Таиланд,#2E2549,Mercedes,#707070,25.0,75.0,0.0,100.0,12.0,12.0,15,16,17,16.0,16,15,17.0,14,15,6.45,
2024,2024231,2,28,Lance Stroll,Aston Martin,15.0,15,-,DNF,18,-,0,18,STR,10,4,#459A72,10-4,4,1,1.0,3.37,0.0,0.0,0.3353233830845771,15,0,0,8.0,15.0,1,0,0.0,,8.0,14,-,0.0,0.0,0.0,17.0,0,0.0,0.0,0.0,0.0,-,-,-,-,,DNC,DNC,DNC,DNC,10,DNC,DNC,DNC,DNC,0.0,18,DNC,DNC,DNC,DNC,0,0.0,-,,-,4.86,-,-,,7.14,5.54,4.86,6.25,,,,,,,,,20.0,0.0,,6.0,35.0,0.0,0.0,0,0.0,0.0,0.0,0.0,0.0,0.0,0.0,0.0,0.0,0.0,0.0,0.0,0.0,0.0,0.0,0.0,,DNC,29,23,QAT,ALO,Fernando Alonso,CAN,Canada,Канада,#E30000,Mercedes,#707070,0.0,0.0,0.0,0.0,24.0,24.0,14,15,9,9.5,8,12,11.0,14,10,7.80,
2024,2024231,2,28,Franco Colapinto,Williams,19.0,19,-,DNF,19,-,0,43,COL,31,18,#3C95C9,31-18,1,1,1.0,1.47,0.0,0.0,0.3371559633027522,19,0,0,10.0,19.0,1,0,0.0,,0.0,0,-,0.0,0.0,0.0,,-,-,-,,0.0,-,-,-,-,,DNC,DNC,DNC,DNC,DNC,DNC,DNC,DNC,DNC,0.0,19,DNC,DNC,DNC,DNC,-,,-,,-,-,-,-,,7.14,5.54,4.86,6.25,,,,,,,,,,0.0,,0.0,35.0,0.0,0.0,0,0.0,0.0,0.0,0.0,0.0,0.0,0.0,0.0,0.0,0.0,0.0,0.0,0.0,0.0,0.0,0.0,,DNC,29,23,QAT,ALB,Alexander Albon,ARG,Argentina,Аргентина,#68A6DB,Mercedes,#707070,0.0,0.0,0.0,0.0,5.0,5.0,18,19,17,18.0,18,14,6.0,5,12,6.85,
2024,2024231,2,28,Esteban Ocon,Alpine,20.0,20,-,DNF,20,-,0,31,OCO,13,3,#3494CC,13-3,9,4,1.0,1.0,0.0,0.0,0.1597444089456869,20,0,0,10.0,20.0,1,0,0.0,,0.0,0,-,0.0,0.0,0.0,,-,-,-,,0.0,-,-,-,-,,DNC,DNC,DNC,DNC,DNC,DNC,DNC,DNC,DNC,0.0,20,DNC,DNC,DNC,DNC,-,,-,,-,-,-,-,,7.14,5.54,4.86,6.25,,,,,,,,,,0.0,,10.0,10.0,10.0,0.0,0,0.0,0.0,0.0,0.0,0.0,0.0,0.0,0.0,0.0,0.0,0.0,0.0,0.0,0.0,0.0,0.0,,DNC,29,23,QAT,GAS,Pierre Gasly,FRA,France,Франция,#004CA2,Renault,#FAEF00,0.0,0.0,0.0,0.0,23.0,23.0,14,20,3,3.0,1,16,7.0,16,2,8.45,
2024,2024241,2,29,Charles Leclerc,Ferrari,14.0,19,3,3,3,+31.928,15,16,LEC,6,5,#BA3B30,6-5,15,3,1.0,3.84,0.0,0.0,0.2979053529868115,19,0,0,10.0,19.0,0,0,0.0,0.0,58.0,100,4,4.0,0.0,4.0,8.0,10,10.0,0.0,10.0,1.0,88.944,01:28.944,0.132,0.102,0.03,4,3.70,3,1.90,1,2.00,3,1.90,1,1.0,1,3,5.60,1,3.90,7,0.1206896551724138,2.387,0.0411551724137921,8.39,10.00,7.87,7.00,9.26,6.30,5.07,6.67,4.00,0.0,0.456226209896683,0.0,0.4492009132420091,1.0,0.5882352941176471,1.0,0.6363636363636364,4.0,1.0,0.5016251354279523,33.0,37.0,15.0,1.0,1,1.0,0.0,0.0,1.0,0.0,2.0,0.0,0.0,0.0,1.0,1.0,0.0,0.0,0.0,0.0,0.0,8.426666666666668,9.50,1,24,ARE,SAI,Carlos Sainz,MON,Monaco,Монако,#D80000,Ferrari,#DC0004,100.0,0.0,100.0,0.0,356.0,356.0,3,19,1,3.0,4,3,1.0,3,1,9.50,
2024,2024241,2,29,Carlos Sainz,Ferrari,3.0,3,2,2,2,+5.832,18,55,SAI,8,5,#BA3B30,8-5,7,3,1.0,9.05,1.0,1.0,0.7020946470131886,3,0,0,2.0,3.0,0,0,1.0,1.0,58.0,100,0,0.0,0.0,0.0,2.0,1,1.0,0.0,1.0,1.0,88.588,01:28.588,0.105,0.063,0.0419999999999999,1,4.00,2,1.95,10,1.55,7,1.70,2,1.0,10,1,5.95,5,3.25,9,0.1551724137931034,2.426,0.0418275862068973,10.00,7.00,9.65,4.00,9.2,6.30,5.07,6.67,4.00,1.0,0.5437737901033171,1.0,0.5507990867579909,0.0,0.4117647058823529,0.0,0.3636363636363636,5.0,0.0,0.4983748645720476,33.0,37.0,20.0,1.0,0,0.0,1.0,0.0,0.0,0.0,1.0,0.0,0.0,1.0,0.0,1.0,0.0,0.0,1.0,1.0,0.0,8.5,9.20,1,24,ARE,LEC,Charles Leclerc,ESP,Spain,Испания,#F7B800,Ferrari,#DC0004,0.0,0.0,100.0,0.0,290.0,290.0,2,3,2,1.0,1,2,5.0,7,10,9.20,
2024,2024241,2,29,Lando Norris,McLaren,1.0,1,1,1,1,1:26:33.291,25,4,NOR,4,9,#DE8E18,4-9,10,1,1.0,10.0,1.0,1.0,0.5120327700972862,1,0,0,1.0,1.0,0,0,1.0,1.0,58.0,100,0,0.0,0.0,0.0,1.0,0,0.0,0.0,0.0,1.0,88.517,01:28.517,0.105,0.077,0.0279999999999999,2,3.90,1,2.00,13,1.40,6,1.75,3,1.0,12,2,5.90,11,3.15,7,0.1206896551724138,1.879,0.0323965517241382,10.00,6.67,10.00,4.00,9.99,6.30,5.07,6.67,4.00,1.0,0.6389776357827476,1.0,0.5763688760806917,1.0,0.8696219035202086,0.0,0.3404255319148936,2.0,1.0,0.5559265442404007,26.0,50.0,47.0,1.0,0,0.0,0.0,1.0,0.0,0.0,1.0,0.0,1.0,0.0,0.0,1.0,1.0,0.0,0.0,1.0,58.0,8.445,9.05,1,24,ARE,PIA,Oscar Piastri,GBR,Great Britain,Великобритания,#314486,Mercedes,#707070,0.0,0.0,0.0,0.0,374.0,374.0,1,1,3,2.0,2,1,11.0,6,13,9.05,
2024,2024241,2,29,Lewis Hamilton,Mercedes,18.0,16,4,4,4,+36.483,12,44,HAM,1,10,#0AA395,1-10,10,1,1.0,1.95,0.0,0.0,0.2140504939626784,16,0,0,8.0,16.0,0,0,1.0,1.0,58.0,100,3,3.0,0.0,3.0,12.0,3,4.0,1.0,5.0,1.0,88.961,01:28.961,0.142,0.080,0.0619999999999999,6,3.50,4,1.85,4,1.85,4,1.85,4,1.0,4,5,5.35,2,3.70,8,0.1379310344827586,3.592,0.0619310344827583,7.79,7.67,7.78,6.25,7.52,6.30,5.07,6.67,4.00,0.0,0.4469305794607,1.0,0.5242587601078167,1.0,0.5113333333333333,1.0,0.6097560975609756,10.0,0.0,0.4723618090452261,22.0,50.0,47.0,0.0,0,0.0,0.0,0.0,0.0,0.0,0.0,0.0,0.0,0.0,0.0,0.0,0.0,0.0,0.0,0.0,0.0,7.513333333333333,9.05,1,24,ARE,RUS,George Russell,GBR,Great Britain,Великобритания,#314486,Mercedes,#707070,100.0,0.0,80.0,20.0,223.0,223.0,4,16,4,5.0,6,4,2.0,4,4,9.05,
2024,2024241,2,29,George Russell,Mercedes,7.0,6,5,5,5,+37.538,10,63,RUS,14,10,#0AA395,14-10,10,1,1.0,7.16,1.0,1.0,0.7859495060373217,6,0,0,3.0,6.0,0,0,0.0,0.0,58.0,100,0,0.0,0.0,0.0,4.0,2,2.0,0.0,2.0,1.0,89.105,01:29.105,0.111,0.061,0.05,3,3.80,7,1.70,6,1.75,8,1.65,5,1.0,6,4,5.50,3,3.40,10,0.1724137931034483,2.981,0.0513965517241378,9.64,7.33,7.06,4.00,8.4,6.30,5.07,6.67,4.00,1.0,0.5530694205393001,0.0,0.4757412398921832,0.0,0.4886666666666667,0.0,0.3902439024390244,6.0,1.0,0.5276381909547739,22.0,50.0,47.0,0.0,0,0.0,0.0,0.0,0.0,0.0,0.0,0.0,0.0,0.0,0.0,0.0,0.0,0.0,0.0,0.0,0.0,8.315,8.90,1,24,ARE,HAM,Lewis Hamilton,GBR,Great Britain,Великобритания,#314486,Mercedes,#707070,0.0,0.0,100.0,0.0,245.0,245.0,5,6,5,4.0,3,7,3.0,8,6,8.90,
2024,2024241,2,29,Max Verstappen,Red Bull Racing,5.0,4,6,6,6,+49.847,8,1,VER,2,14,#1A4C82,2-14,16,2,1.0,8.11,1.0,1.0,0.5855595667870036,4,0,0,2.0,4.0,0,0,1.0,,58.0,100,8,8.0,0.0,8.0,11.0,-7,1.0,8.0,9.0,1.0,89.043,01:29.043,0.142,0.080,0.0619999999999999,7,3.40,5,1.80,17,1.20,1,2.00,6,1.0,16,7,5.20,9,3.20,9,0.1551724137931034,3.484,0.060068965517242,7.79,4.33,7.37,10.00,7.67,6.30,5.07,6.67,4.00,,,,,,,,,8.0,1.0,1.0,8.0,8.0,8.0,1.0,0,0.0,0.0,0.0,0.0,1.0,1.0,0.0,0.0,0.0,0.0,0.0,0.0,0.0,0.0,0.0,0.0,7.581666666666666,8.40,1,24,ARE,PER,Sergio Perez,NLD,Netherlands,Нидерланды,#F75600,Honda,#DE0000,100.0,0.0,11.0,89.0,437.0,437.0,6,4,6,7.0,7,5,9.0,1,17,8.40,
2024,2024241,2,29,Guanyu Zhou,Kick Sauber,17.0,15,13,13,13,+1 Lap,0,24,ZHO,23,8,#64D064,23-8,5,3,1.0,2.42,0.0,0.0,0.2804171494785631,15,0,0,8.0,15.0,0,0,1.0,,57.0,98,1,1.0,0.0,1.0,14.0,0,2.0,2.0,4.0,1.0,89.614,01:29.614,0.132,0.066,0.066,5,3.60,9,1.60,14,1.35,5,1.80,7,1.0,13,6,5.20,12,3.15,7,0.1228070175438596,3.429,0.0601578947368416,8.39,6.67,4.52,4.75,7.67,6.30,5.07,6.67,4.00,1.0,0.522090852520224,1.0,0.7278582930756844,1.0,0.5558333333333333,1.0,0.59375,9.0,0.0,0.4340690435766836,0.0,37.0,0.0,0.0,0,0.0,0.0,0.0,0.0,0.0,0.0,0.0,0.0,0.0,0.0,0.0,0.0,0.0,0.0,0.0,0.0,7.496666666666667,8.35,1,24,ARE,BOT,Valtteri Bottas,CHN,China,Китай,#F70000,Ferrari,#DC0004,100.0,0.0,50.0,50.0,4.0,4.0,13,15,7,6.0,5,9,12.0,5,14,8.35,
2024,2024241,2,29,Fernando Alonso,Aston Martin,8.0,8,9,9,9,+1:22.373,2,14,ALO,19,4,#459A72,19-4,7,1,1.0,6.68,1.0,1.0,0.6072727272727273,8,0,0,4.0,8.0,0,0,1.0,1.0,58.0,100,-1,2.0,3.0,5.0,6.0,2,2.0,0.0,2.0,1.0,89.42,01:29.420,0.161,0.116,0.045,10,3.10,8,1.65,8,1.65,10,1.55,8,1.0,8,8,4.75,10,3.20,3,0.0517241379310344,2.064,0.035586206896552,6.66,7.33,5.49,3.25,9.72,6.30,5.07,6.67,4.00,1.0,0.6403846153846153,1.0,0.5960912052117263,0.0,0.4886666666666667,1.0,0.5652173913043478,3.0,1.0,0.655428186109238,2.0,50.0,20.0,0.0,0,0.0,0.0,0.0,0.0,0.0,0.0,0.0,0.0,0.0,0.0,0.0,0.0,0.0,0.0,0.0,0.0,6.203333333333333,7.95,1,24,ARE,STR,Lance Stroll,ESP,Spain,Испания,#F7B800,Mercedes,#707070,40.0,60.0,100.0,0.0,70.0,70.0,9,8,8,8.0,10,8,10.0,10,8,7.95,
2024,2024241,2,29,Pierre Gasly,Alpine,6.0,5,7,7,7,+1:12.560,6,10,GAS,17,3,#3494CC,17-3,9,4,1.0,7.63,1.0,1.0,0.8841251448435691,5,0,0,3.0,5.0,0,0,1.0,1.0,58.0,100,-2,1.0,3.0,4.0,3.0,2,2.0,0.0,2.0,1.0,89.759,01:29.759,0.172,0.075,0.0969999999999999,11,3.00,10,1.55,5,1.80,12,1.45,9,1.0,5,10,4.55,6,3.25,8,0.1379310344827586,5.331,0.0919137931034485,6.01,7.33,3.80,2.50,5.01,6.30,5.07,6.67,4.00,1.0,0.7897503285151117,1.0,0.7916666666666666,1.0,0.5235714285714286,1.0,0.7142857142857143,14.0,1.0,0.6431322207958922,6.0,6.0,6.0,0.0,0,0.0,0.0,0.0,0.0,0.0,0.0,0.0,0.0,0.0,0.0,0.0,0.0,0.0,0.0,0.0,0.0,5.645,7.80,1,24,ARE,DOO,Jack Doohan,FRA,France,Франция,#004CA2,Renault,#FAEF00,25.0,75.0,100.0,0.0,42.0,42.0,7,5,9,10.0,11,10,6.0,12,5,7.80,
2024,2024241,2,29,Oscar Piastri,McLaren,2.0,2,10,10,10,+1:23.821,1,81,PIA,28,9,#DE8E18,28-9,2,1,1.0,9.53,0.0,0.0,0.4879672299027137,2,0,0,1.0,2.0,0,0,0.0,0.0,58.0,100,5,5.0,0.0,5.0,19.0,-17,0.0,17.0,17.0,1.0,89.047,01:29.047,0.178,0.113,0.0649999999999999,12,2.90,6,1.75,19,1.10,2,1.95,10,1.0,18,9,4.65,13,3.05,6,0.1034482758620689,3.268,0.0563448275862054,5.65,1.00,7.35,7.75,7.98,6.30,5.07,6.67,4.00,0.0,0.3610223642172524,0.0,0.4236311239193083,0.0,0.1303780964797914,1.0,0.6595744680851063,7.0,0.0,0.4440734557595994,26.0,50.0,1.0,0.0,0,0.0,0.0,0.0,0.0,0.0,0.0,0.0,0.0,0.0,0.0,0.0,0.0,1.0,0.0,1.0,0.0,5.2250000000000005,7.70,1,24,ARE,NOR,Lando Norris,AUS,Australia,Австралия,#F7C900,Mercedes,#707070,100.0,0.0,0.0,100.0,292.0,292.0,10,2,10,9.0,12,6,13.0,2,19,7.70,
2024,2024241,2,29,Nico Hulkenberg,Haas F1 Team,4.0,7,8,8,8,+1:15.554,4,27,HUL,25,7,#505050,25-7,11,3,1.0,8.58,1.0,1.0,0.7179916317991633,7,0,0,4.0,7.0,0,0,1.0,1.0,58.0,100,-1,2.0,3.0,5.0,5.0,2,2.0,0.0,2.0,1.0,89.786,01:29.786,0.181,0.097,0.0839999999999999,13,2.80,12,1.45,7,1.70,9,1.60,11,1.0,7,13,4.25,4,3.30,10,0.1724137931034483,4.724,0.0814482758620678,5.47,7.33,3.67,3.25,5.88,6.30,5.07,6.67,4.00,1.0,0.8454404945904173,1.0,0.5303468208092486,0.0,0.458125,1.0,0.5652173913043478,12.0,1.0,0.6049382716049383,4.0,37.0,4.0,0.0,0,0.0,0.0,0.0,0.0,0.0,0.0,0.0,0.0,0.0,0.0,0.0,0.0,0.0,0.0,0.0,0.0,5.41,7.55,1,24,ARE,MAG,Kevin Magnussen,GER,Germany,Германия,#000000,Ferrari,#DC0004,40.0,60.0,100.0,0.0,41.0,41.0,8,7,11,13.0,13,12,4.0,9,7,7.55,
2024,2024241,2,29,Lance Stroll,Aston Martin,13.0,13,14,14,14,+1 Lap,0,18,STR,10,4,#459A72,10-4,4,1,1.0,4.32,0.0,0.0,0.3927272727272727,13,0,0,7.0,13.0,0,0,0.0,0.0,57.0,98,-2,2.0,4.0,6.0,9.0,3,5.0,2.0,7.0,1.0,89.775,01:29.775,0.210,0.107,0.103,14,2.70,11,1.50,3,1.90,14,1.35,12,1.0,3,14,4.20,7,3.25,6,0.1052631578947368,5.170,0.0907017543859642,3.74,7.67,3.72,2.50,5.11,6.30,5.07,6.67,4.00,0.0,0.3596153846153846,0.0,0.4039087947882736,1.0,0.5113333333333333,0.0,0.4347826086956521,13.0,0.0,0.3445718138907619,2.0,50.0,0.0,0.0,0,0.0,0.0,0.0,0.0,0.0,0.0,0.0,0.0,0.0,0.0,0.0,0.0,0.0,0.0,0.0,0.0,4.1883333333333335,7.45,1,24,ARE,ALO,Fernando Alonso,CAN,Canada,Канада,#E30000,Mercedes,#707070,33.0,67.0,71.0,29.0,24.0,24.0,14,13,12,14.0,14,11,7.0,14,3,7.45,
2024,2024241,2,29,Alexander Albon,Williams,16.0,18,11,11,11,+1 Lap,0,23,ALB,24,18,#3C95C9,24-18,20,1,1.0,2.89,1.0,1.0,0.6628440366972477,18,0,0,9.0,18.0,0,0,1.0,,57.0,98,-2,0.0,2.0,2.0,15.0,2,3.0,1.0,4.0,1.0,90.1,01:30.100,0.155,0.073,0.082,9,3.20,15,1.30,9,1.60,16,1.25,13,1.0,9,11,4.50,15,2.85,7,0.1228070175438596,4.459,0.0782280701754376,7.02,7.33,2.10,2.50,6.15,6.30,5.07,6.67,4.00,,,,,,,,,11.0,1.0,1.0,0.0,50.0,0.0,0.0,0,0.0,0.0,0.0,0.0,0.0,0.0,0.0,0.0,0.0,0.0,0.0,0.0,0.0,0.0,0.0,0.0,6.3183333333333325,7.35,1,24,ARE,COL,Franco Colapinto,THA,Thailand,Таиланд,#2E2549,Mercedes,#707070,0.0,100.0,75.0,25.0,12.0,12.0,11,18,13,11.0,9,15,15.0,16,9,7.35,
2024,2024241,2,29,Valtteri Bottas,Kick Sauber,9.0,9,-,DNF,18,-,0,77,BOT,3,8,#64D064,3-8,8,3,1.0,6.21,1.0,1.0,0.7195828505214369,9,0,0,5.0,9.0,1,0,0.0,,30.0,52,-1,0.0,1.0,1.0,13.0,-4,1.0,5.0,6.0,1.0,90.182,01:30.182,0.144,0.103,0.0409999999999999,8,3.30,17,1.20,16,1.25,11,1.50,14,1.0,15,12,4.50,16,2.75,3,0.1,0.968,0.0322666666666653,7.68,5.33,1.69,3.25,10.0,6.30,5.07,6.67,4.00,0.0,0.477909147479776,0.0,0.2721417069243156,0.0,0.4441666666666666,0.0,0.40625,1.0,1.0,0.5659309564233163,0.0,37.0,0.0,0.0,0,0.0,0.0,0.0,0.0,0.0,0.0,0.0,0.0,0.0,0.0,0.0,0.0,0.0,0.0,0.0,0.0,6.55,7.25,1,24,ARE,ZHO,Guanyu Zhou,FIN,Finland,Финляндия,#04276B,Ferrari,#DC0004,0.0,100.0,17.0,83.0,0.0,0.0,11,9,14,12.0,8,17,16.0,11,16,7.25,
2024,2024241,2,29,Kevin Magnussen,Haas F1 Team,15.0,14,16,16,16,+1 Lap,0,20,MAG,22,7,#505050,22-7,6,3,1.0,3.37,0.0,0.0,0.2820083682008368,14,0,0,7.0,14.0,0,0,0.0,0.0,57.0,98,-2,0.0,2.0,2.0,7.0,6,6.0,0.0,6.0,1.0,89.87,01:29.870,0.256,0.125,0.131,18,2.30,13,1.40,2,1.95,15,1.30,15,1.0,2,17,3.70,8,3.25,7,0.1228070175438596,6.031,0.1058070175438587,1.00,8.67,3.25,2.50,3.84,6.30,5.07,6.67,4.00,0.0,0.1545595054095827,0.0,0.4696531791907514,1.0,0.541875,0.0,0.4347826086956521,16.0,0.0,0.3950617283950617,4.0,37.0,0.0,0.0,0,0.0,0.0,0.0,0.0,0.0,0.0,1.0,0.0,0.0,0.0,0.0,0.0,0.0,0.0,0.0,0.0,2.5283333333333333,6.95,1,24,ARE,HUL,Nico Hulkenberg,DEN,Denmark,Дания,#D20019,Ferrari,#DC0004,0.0,100.0,100.0,0.0,16.0,16.0,16,14,15,17.0,18,13,8.0,15,2,6.95,
2024,2024241,2,29,Liam Lawson,RB,12.0,12,17,17,17,,0,30,LAW,29,11,#476CBF,29-11,17,2,1.0,4.79,0.0,0.0,0.4766169154228855,12,0,0,6.0,12.0,0,0,0.0,0.0,55.0,95,-2,0.0,2.0,2.0,10.0,1,4.0,3.0,7.0,1.0,89.92,01:29.920,0.216,0.088,0.128,15,2.60,14,1.35,11,1.50,13,1.40,16,1.0,11,15,3.95,14,2.90,4,0.0727272727272727,5.640,0.1025454545454543,3.38,7.00,3.00,2.50,4.12,6.30,5.07,6.67,4.00,1.0,0.5090361445783133,1.0,0.6060606060606061,1.0,0.617828773168579,1.0,0.7142857142857143,15.0,1.0,0.8046875,0.0,8.0,0.0,0.0,0,0.0,0.0,0.0,0.0,0.0,0.0,0.0,0.0,0.0,0.0,0.0,0.0,0.0,0.0,0.0,0.0,3.8366666666666656,6.85,1,24,ARE,TSU,Yuki Tsunoda,NZL,New Zealand,Новая Зеландия,#0D1168,Honda,#DE0000,0.0,100.0,57.0,43.0,4.0,4.0,17,12,16,15.0,15,14,14.0,13,11,6.85,
2024,2024241,2,29,Yuki Tsunoda,RB,11.0,11,12,12,12,+1 Lap,0,22,TSU,9,11,#476CBF,9-11,13,2,1.0,5.26,1.0,1.0,0.5233830845771144,11,0,0,6.0,11.0,0,0,1.0,1.0,57.0,98,-4,1.0,5.0,6.0,17.0,-7,1.0,8.0,9.0,1.0,90.129,01:30.129,0.218,0.064,0.154,16,2.50,16,1.25,18,1.15,17,1.20,17,1.0,17,16,3.75,18,2.35,10,0.175438596491228,7.968,0.1397894736842118,3.26,4.33,1.95,1.00,1.0,6.30,5.07,6.67,4.00,0.0,0.4909638554216867,0.0,0.3939393939393939,0.0,0.382171226831421,0.0,0.2857142857142857,18.0,0.0,0.1953125,0.0,8.0,0.0,0.0,0,0.0,0.0,0.0,0.0,0.0,0.0,0.0,0.0,0.0,0.0,0.0,0.0,0.0,0.0,0.0,0.0,3.061666666666666,6.10,1,24,ARE,LAW,Liam Lawson,JPN,Japan,Япония,#C60018,Honda,#DE0000,17.0,83.0,11.0,89.0,30.0,30.0,12,11,17,16.0,16,16,18.0,17,18,6.10,
2024,2024241,2,29,Jack Doohan,Alpine,20.0,17,15,15,15,+1 Lap,0,61,DOO,32,3,#3494CC,32-3,2,4,1.0,1.0,0.0,0.0,0.115874855156431,17,0,0,9.0,17.0,0,0,0.0,0.0,57.0,98,-4,1.0,5.0,6.0,16.0,0,2.0,2.0,4.0,1.0,90.32,01:30.320,0.246,0.116,0.13,17,2.40,18,1.15,15,1.30,18,1.15,18,1.0,14,18,3.55,17,2.45,6,0.1052631578947368,6.757,0.1185438596491239,1.60,6.67,1.00,1.00,2.78,6.30,5.07,6.67,4.00,0.0,0.2102496714848883,0.0,0.2083333333333333,0.0,0.4764285714285714,0.0,0.2857142857142857,17.0,0.0,0.3568677792041078,6.0,6.0,1.0,0.0,0,0.0,0.0,0.0,0.0,0.0,0.0,0.0,0.0,0.0,0.0,0.0,0.0,0.0,0.0,0.0,0.0,2.345,6.00,1,24,ARE,GAS,Pierre Gasly,AUS,Australia,Австралия,#F7C900,Renault,#FAEF00,17.0,83.0,50.0,50.0,0.0,0.0,15,17,18,18.0,17,18,17.0,18,15,6.00,
2024,2024241,2,29,Franco Colapinto,Williams,19.0,20,-,DNF,19,-,0,43,COL,31,18,#3C95C9,31-18,1,1,1.0,1.47,0.0,0.0,0.3371559633027522,20,0,0,10.0,20.0,1,0,0.0,,26.0,45,-,0.0,0.0,0.0,18.0,1,1.0,0.0,1.0,1.0,-,-,0.217,0.217,0.0,DNC,DNC,DNC,DNC,12,DNC,DNC,DNC,DNC,0.0,20,DNC,DNC,DNC,DNC,0,0.0,-,,-,7.00,-,-,,6.30,5.07,6.67,4.00,,,,,,,,,20.0,0.0,,0.0,50.0,0.0,0.0,0,0.0,0.0,0.0,0.0,0.0,0.0,0.0,0.0,0.0,0.0,0.0,0.0,0.0,0.0,0.0,0.0,,DNC,1,24,ARE,ALB,Alexander Albon,ARG,Argentina,Аргентина,#68A6DB,Mercedes,#707070,0.0,0.0,100.0,0.0,5.0,5.0,18,20,17,18.0,18,14,6.0,5,12,6.85,
2024,2024241,2,29,Sergio Perez,Red Bull Racing,10.0,10,-,DNF,20,-,0,11,PER,5,14,#1A4C82,5-14,14,2,1.0,5.74,0.0,0.0,0.4144404332129964,10,0,0,5.0,10.0,1,0,0.0,,0.0,0,-,0.0,0.0,0.0,,-,-,-,,0.0,-,-,-,-,,DNC,DNC,DNC,DNC,DNC,DNC,DNC,DNC,DNC,0.0,19,DNC,DNC,DNC,DNC,-,,-,,-,-,-,-,,6.30,5.07,6.67,4.00,,,,,,,,,,0.0,,8.0,8.0,0.0,0.0,0,0.0,0.0,0.0,0.0,0.0,0.0,0.0,0.0,0.0,0.0,0.0,0.0,0.0,0.0,0.0,0.0,,DNC,1,24,ARE,VER,Max Verstappen,MEX,Mexico,Мексика,#006640,Honda,#DE0000,0.0,0.0,0.0,0.0,152.0,152.0,20,10,5,5.0,3,12,3.0,11,2,8.70,
