SprintIndex,SeasonID,RaceID,LapNumber,LapNumberFlow,Team,3_Laptime,23_Laptime,3_PaceDiff,23_PaceDiff,3_PaceDiffClear,23_PaceDiffClear,PaceMarker,PaceDiffTeammateDelta,PaceDiffTeammateBetter,PaceDiffClearTeammateDelta,PaceDiffClearTeammateBetter,PaceDiffTeammateMean,PaceDiffTeammateMeanInt,PaceDiffClearTeammateMean,PaceDiffClearTeammateMeanInt
2,2023,2023011,1.0,1,Alfa Romeo,,,,,,,,-,-,-,,-,,-,
2,2023,2023011,2.0,2,Alfa Romeo,,,,,,,,-,-,-,,-,,-,
2,2023,2023011,3.0,3,Alfa Romeo,99.397,100.596,-0.44,0.759,-0.44,0.759,99.837,1.199,3.0,1.199,3,0.160,0.1595,0.160,0.1595
2,2023,2023011,4.0,4,Alfa Romeo,99.823,100.853,0.002,1.032,0.002,1.032,99.945,1.030,3.0,1.030,3,0.517,0.517,0.517,0.517
2,2023,2023011,5.0,5,Alfa Romeo,101.033,100.814,1.047,0.828,0.058,0.828,100.1,-0.219,23.0,0.770,3,0.938,0.9375,0.443,0.443
2,2023,2023011,6.0,6,Alfa Romeo,100.265,101.156,0.079,0.97,0.079,0.97,100.192,0.891,3.0,0.891,3,0.524,0.5245,0.524,0.5245
2,2023,2023011,7.0,7,Alfa Romeo,100.564,101.197,0.29,0.923,0.052,0.923,100.306,0.633,3.0,0.871,3,0.607,0.6065,0.488,0.48750000000000004
2,2023,2023011,8.0,8,Alfa Romeo,100.387,101.184,0.012,0.809,0.012,0.809,100.395,0.797,3.0,0.797,3,0.411,0.41050000000000003,0.411,0.41050000000000003
2,2023,2023011,9.0,9,Alfa Romeo,100.275,101.526,-0.202,1.049,-0.202,1.049,100.486,1.251,3.0,1.251,3,0.423,0.4235,0.423,0.4235
2,2023,2023011,10.0,10,Alfa Romeo,100.676,101.743,0.053,1.12,0.053,1.12,100.623,1.067,3.0,1.067,3,0.587,0.5865,0.587,0.5865
2,2023,2023011,11.0,11,Alfa Romeo,,102.108,,1.601,,1.601,100.585,-,-,-,,-,0.363625,-,0.363625
2,2023,2023011,12.0,12,Alfa Romeo,,,,,,,100.064,-,-,-,,-,0.14075,-,0.14075
2,2023,2023011,13.0,13,Alfa Romeo,98.03,,-1.411,,-1.411,,99.523,-,-,-,,-,-0.082125,-,-0.082125
2,2023,2023011,14.0,14,Alfa Romeo,98.098,99.33,-0.921,0.311,-0.921,0.311,99.019,1.232,3.0,1.232,3,-0.305,-0.30500000000000005,-0.305,-0.30500000000000005
2,2023,2023011,15.0,15,Alfa Romeo,98.851,99.229,0.2,0.578,-0.355,0.578,98.714,0.378,3.0,0.933,3,0.389,0.389,0.111,0.11149999999999999
2,2023,2023011,16.0,16,Alfa Romeo,98.494,98.998,-0.085,0.419,-0.085,0.419,98.613,0.504,3.0,0.504,3,0.167,0.16699999999999998,0.167,0.16699999999999998
2,2023,2023011,17.0,17,Alfa Romeo,99.973,99.143,1.329,0.499,1.329,0.499,98.704,-0.830,23.0,-0.830,23,0.914,0.9139999999999999,0.914,0.9139999999999999
2,2023,2023011,18.0,18,Alfa Romeo,100.24,98.873,1.506,0.139,1.506,0.139,98.794,-1.367,23.0,-1.367,23,0.823,0.8225,0.823,0.8225
2,2023,2023011,19.0,19,Alfa Romeo,99.497,98.794,0.852,0.149,0.852,0.149,98.679,-0.703,23.0,-0.703,23,0.500,0.5005,0.500,0.5005
2,2023,2023011,20.0,20,Alfa Romeo,100.442,98.896,1.801,0.255,0.785,0.255,98.706,-1.546,23.0,-0.530,23,1.028,1.028,0.520,0.52
2,2023,2023011,21.0,21,Alfa Romeo,99.355,98.888,0.651,0.184,0.651,0.184,98.735,-0.467,23.0,-0.467,23,0.417,0.4175,0.417,0.4175
2,2023,2023011,22.0,22,Alfa Romeo,99.356,99.115,0.6,0.359,0.6,0.359,98.826,-0.241,23.0,-0.241,23,0.479,0.4795,0.479,0.4795
2,2023,2023011,23.0,23,Alfa Romeo,99.311,99.462,0.497,0.648,0.497,0.648,98.882,0.151,3.0,0.151,3,0.573,0.5725,0.573,0.5725
2,2023,2023011,24.0,24,Alfa Romeo,99.427,99.503,0.538,0.614,0.538,0.614,98.928,0.076,3.0,0.076,3,0.576,0.5760000000000001,0.576,0.5760000000000001
2,2023,2023011,25.0,25,Alfa Romeo,99.49,99.066,0.591,0.167,0.591,0.167,99.036,-0.424,23.0,-0.424,23,0.379,0.379,0.379,0.379
2,2023,2023011,26.0,26,Alfa Romeo,99.5,99.427,0.738,0.665,0.738,0.388,98.867,-0.073,23.0,-0.350,23,0.702,0.7015,0.563,0.563
2,2023,2023011,27.0,27,Alfa Romeo,99.287,99.235,0.62,0.568,0.62,0.568,98.741,-0.052,23.0,-0.052,23,0.594,0.594,0.594,0.594
2,2023,2023011,28.0,28,Alfa Romeo,99.016,99.412,0.612,1.008,0.612,1.008,98.415,0.396,3.0,0.396,3,0.810,0.81,0.810,0.81
2,2023,2023011,29.0,29,Alfa Romeo,,99.361,,1.087,,1.087,98.452,-,-,-,,-,0.6618333333333334,-,0.6618333333333334
2,2023,2023011,30.0,30,Alfa Romeo,,99.382,,1.216,,1.216,98.191,-,-,-,,-,0.5136666666666667,-,0.5136666666666667
2,2023,2023011,31.0,31,Alfa Romeo,97.379,99.67,-0.78,1.511,-0.78,1.511,98.211,2.291,3.0,2.291,3,0.365,0.36549999999999994,0.365,0.36549999999999994
2,2023,2023011,32.0,32,Alfa Romeo,97.675,,-0.119,,-0.119,,97.803,-,-,-,,-,0.16449999999999995,-,0.16449999999999995
2,2023,2023011,33.0,33,Alfa Romeo,97.775,,0.125,,0.074,,97.686,-,-,-,,-,-0.03650000000000003,-,-0.03650000000000003
2,2023,2023011,34.0,34,Alfa Romeo,97.774,97.037,0.131,-0.606,0.131,-0.606,97.702,-0.737,23.0,-0.737,23,-0.237,-0.2375,-0.237,-0.2375
2,2023,2023011,35.0,35,Alfa Romeo,97.817,97.55,0.085,-0.182,0.085,-0.182,97.732,-0.267,23.0,-0.267,23,-0.048,-0.048499999999999995,-0.048,-0.048499999999999995
2,2023,2023011,36.0,36,Alfa Romeo,97.827,97.957,0.144,0.274,0.144,0.274,97.736,0.130,3.0,0.130,3,0.209,0.20900000000000002,0.209,0.20900000000000002
2,2023,2023011,37.0,37,Alfa Romeo,97.774,98.003,0.137,0.366,0.137,0.366,97.687,0.229,3.0,0.229,3,0.252,0.2515,0.252,0.2515
2,2023,2023011,38.0,38,Alfa Romeo,97.658,98.422,0.034,0.798,0.034,0.798,97.683,0.764,3.0,0.764,3,0.416,0.41600000000000004,0.416,0.41600000000000004
2,2023,2023011,39.0,39,Alfa Romeo,97.784,98.368,0.003,0.587,0.003,0.587,97.781,0.584,3.0,0.584,3,0.295,0.295,0.295,0.295
2,2023,2023011,40.0,40,Alfa Romeo,,,,,,,97.269,-,-,-,,-,0.7516666666666667,-,0.7516666666666667
2,2023,2023011,41.0,41,Alfa Romeo,,,,,,,96.705,-,-,-,,-,1.2083333333333335,-,1.2083333333333335
2,2023,2023011,42.0,42,Alfa Romeo,97.736,99.904,0.581,2.749,0.581,2.749,97.155,2.168,3.0,2.168,3,1.665,1.665,1.665,1.665
2,2023,2023011,43.0,43,Alfa Romeo,97.813,98.311,0.633,1.131,0.633,1.131,97.246,0.498,3.0,0.498,3,0.882,0.882,0.882,0.882
2,2023,2023011,44.0,44,Alfa Romeo,97.868,97.974,0.622,0.728,0.622,0.728,97.26,0.106,3.0,0.106,3,0.675,0.675,0.675,0.675
2,2023,2023011,45.0,45,Alfa Romeo,97.688,97.95,0.361,0.623,0.361,0.623,97.541,0.262,3.0,0.262,3,0.492,0.492,0.492,0.492
2,2023,2023011,46.0,46,Alfa Romeo,97.83,98.336,0.362,0.868,0.283,0.868,97.728,0.506,3.0,0.585,3,0.615,0.615,0.576,0.5755
2,2023,2023011,47.0,47,Alfa Romeo,97.815,99.553,0.362,2.1,0.362,1.013,97.587,1.738,3.0,0.651,3,1.231,1.231,0.688,0.6875
2,2023,2023011,48.0,48,Alfa Romeo,97.5,98.596,0.046,1.142,0.046,1.142,97.554,1.096,3.0,1.096,3,0.594,0.594,0.594,0.594
2,2023,2023011,49.0,49,Alfa Romeo,97.85,98.628,0.223,1.001,-0.022,1.001,97.662,0.778,3.0,1.023,3,0.612,0.612,0.489,0.48949999999999994
2,2023,2023011,50.0,50,Alfa Romeo,97.71,99.893,0.307,2.49,0.307,1.27,97.537,2.183,3.0,0.963,3,1.399,1.3985,0.788,0.7885
2,2023,2023011,51.0,51,Alfa Romeo,97.816,98.719,0.218,1.121,0.218,1.121,97.685,0.903,3.0,0.903,3,0.669,0.6695,0.669,0.6695
2,2023,2023011,52.0,52,Alfa Romeo,97.947,98.713,0.297,1.063,0.186,1.063,97.663,0.766,3.0,0.877,3,0.680,0.6799999999999999,0.624,0.6244999999999999
2,2023,2023011,53.0,53,Alfa Romeo,97.856,98.634,0.173,0.951,0.173,0.951,97.729,0.778,3.0,0.778,3,0.562,0.5619999999999999,0.562,0.5619999999999999
2,2023,2023011,54.0,54,Alfa Romeo,97.738,,-0.05,,-0.05,,97.884,-,-,-,,-,-0.19833333333333347,-,-0.19833333333333347
2,2023,2023011,55.0,55,Alfa Romeo,97.807,,-0.066,,-0.066,,97.873,-,-,-,,-,-0.9586666666666669,-,-0.9586666666666669
2,2023,2023011,56.0,56,Alfa Romeo,98.16,93.996,0.363,-3.801,0.363,-3.801,97.891,-4.164,23.0,-4.164,23,-1.719,-1.719,-1.719,-1.719
2,2023,2023011,57.0,57,Alfa Romeo,98.407,,0.65,,0.65,,97.757,-,-,-,,-,,-,
2,2023,2023021,1.0,58,Alfa Romeo,,,,,,,,-,-,-,,-,,-,
2,2023,2023021,2.0,59,Alfa Romeo,,,,,,,,-,-,-,,-,,-,
2,2023,2023021,3.0,60,Alfa Romeo,96.956,96.26,0.783,0.087,0.783,0.087,96.173,-0.696,23.0,-0.696,23,0.435,0.435,0.435,0.435
2,2023,2023021,4.0,61,Alfa Romeo,97.211,96.359,1.014,0.162,1.014,0.162,96.378,-0.852,23.0,-0.852,23,0.588,0.588,0.588,0.588
2,2023,2023021,5.0,62,Alfa Romeo,96.597,96.314,0.513,0.23,0.513,0.23,96.084,-0.283,23.0,-0.283,23,0.371,0.3715,0.371,0.3715
2,2023,2023021,6.0,63,Alfa Romeo,97.418,95.928,1.422,-0.068,1.422,-0.068,96.012,-1.490,23.0,-1.490,23,0.677,0.6769999999999999,0.677,0.6769999999999999
2,2023,2023021,7.0,64,Alfa Romeo,97.674,96.506,1.668,0.5,1.668,0.5,96.104,-1.168,23.0,-1.168,23,1.084,1.084,1.084,1.084
2,2023,2023021,8.0,65,Alfa Romeo,98.831,97.134,2.757,1.06,2.757,0.404,96.181,-1.697,23.0,-2.353,23,1.909,1.9085,1.581,1.5805
2,2023,2023021,9.0,66,Alfa Romeo,,96.451,,0.575,,0.575,96.051,-,-,-,,-,1.5722,-,1.267
2,2023,2023021,10.0,67,Alfa Romeo,,96.253,,0.424,,0.424,95.841,-,-,-,,-,1.2359,-,0.9535
2,2023,2023021,11.0,68,Alfa Romeo,96.218,,0.473,,0.473,,95.745,-,-,-,,-,0.8996,-,0.64
2,2023,2023021,12.0,69,Alfa Romeo,95.927,,0.116,,0.116,,95.85,-,-,-,,-,,-,
2,2023,2023021,13.0,70,Alfa Romeo,96.495,95.263,0.843,-0.389,0.415,-0.389,95.759,-1.232,23.0,-0.804,23,0.227,0.22699999999999998,0.013,0.012999999999999984
2,2023,2023021,14.0,71,Alfa Romeo,96.207,95.547,0.641,-0.019,0.641,-0.019,95.684,-0.660,23.0,-0.660,23,0.311,0.311,0.311,0.311
2,2023,2023021,15.0,72,Alfa Romeo,96.259,95.618,0.624,-0.017,0.624,-0.017,95.645,-0.641,23.0,-0.641,23,0.303,0.3035,0.303,0.3035
2,2023,2023021,16.0,73,Alfa Romeo,96.153,95.98,0.449,0.276,0.449,0.276,95.704,-0.173,23.0,-0.173,23,0.363,0.36250000000000004,0.363,0.36250000000000004
2,2023,2023021,17.0,74,Alfa Romeo,,,,,,,94.457,-,-,-,,-,0.5483333333333333,-,0.5483333333333333
2,2023,2023021,18.0,75,Alfa Romeo,,,,,,,,-,-,-,,-,0.7341666666666666,-,0.7341666666666666
2,2023,2023021,19.0,76,Alfa Romeo,,,,,,,,-,-,-,,-,0.92,-,0.92
2,2023,2023021,20.0,77,Alfa Romeo,,,,,,,,-,-,-,,-,,-,
2,2023,2023021,21.0,78,Alfa Romeo,,,,,,,,-,-,-,,-,,-,
2,2023,2023021,22.0,79,Alfa Romeo,98.366,97.391,1.965,0.99,1.965,0.99,96.401,-0.975,23.0,-0.975,23,1.478,1.4775,1.478,1.4775
2,2023,2023021,23.0,80,Alfa Romeo,98.218,96.346,2.641,0.769,2.641,0.769,95.577,-1.872,23.0,-1.872,23,1.705,1.705,1.705,1.705
2,2023,2023021,24.0,81,Alfa Romeo,96.239,95.452,0.985,0.198,0.985,0.198,95.286,-0.787,23.0,-0.787,23,0.592,0.5915,0.592,0.5915
2,2023,2023021,25.0,82,Alfa Romeo,96.412,95.56,1.293,0.441,1.293,0.441,95.262,-0.852,23.0,-0.852,23,0.867,0.867,0.867,0.867
2,2023,2023021,26.0,83,Alfa Romeo,96.343,96.338,1.262,1.257,1.262,0.514,95.223,-0.005,23.0,-0.748,23,1.260,1.2595,0.888,0.888
2,2023,2023021,27.0,84,Alfa Romeo,96.993,95.629,2.042,0.678,1.285,0.678,94.993,-1.364,23.0,-0.607,23,1.360,1.3599999999999999,0.982,0.9815
2,2023,2023021,28.0,85,Alfa Romeo,96.128,95.4,1.275,0.547,1.275,0.547,94.853,-0.728,23.0,-0.728,23,0.911,0.911,0.911,0.911
2,2023,2023021,29.0,86,Alfa Romeo,96.166,94.811,1.562,0.207,1.562,0.207,94.623,-1.355,23.0,-1.355,23,0.885,0.8845000000000001,0.885,0.8845000000000001
2,2023,2023021,30.0,87,Alfa Romeo,95.846,96.153,1.208,1.515,1.208,0.402,94.909,0.307,3.0,-0.806,23,1.361,1.3615,0.805,0.8049999999999999
2,2023,2023021,31.0,88,Alfa Romeo,96.248,95.268,1.713,0.733,1.459,0.733,94.549,-0.980,23.0,-0.726,23,1.223,1.223,1.096,1.096
2,2023,2023021,32.0,89,Alfa Romeo,96.142,95.136,1.638,0.632,1.638,0.632,94.547,-1.006,23.0,-1.006,23,1.135,1.135,1.135,1.135
2,2023,2023021,33.0,90,Alfa Romeo,95.997,95.397,1.59,0.99,1.59,0.99,94.423,-0.600,23.0,-0.600,23,1.290,1.29,1.290,1.29
2,2023,2023021,34.0,91,Alfa Romeo,96.148,95.361,1.729,0.942,1.729,0.942,94.454,-0.787,23.0,-0.787,23,1.336,1.3355000000000001,1.336,1.3355000000000001
2,2023,2023021,35.0,92,Alfa Romeo,,95.164,,0.864,,0.864,94.426,-,-,-,,-,1.1268333333333334,-,1.1268333333333334
2,2023,2023021,36.0,93,Alfa Romeo,,95.233,,1.06,,1.06,94.173,-,-,-,,-,0.9181666666666668,-,0.9181666666666668
2,2023,2023021,37.0,94,Alfa Romeo,94.384,95.391,0.206,1.213,0.206,1.213,94.2,1.007,3.0,1.007,3,0.710,0.7095,0.710,0.7095
2,2023,2023021,38.0,95,Alfa Romeo,94.976,95.158,0.84,1.022,0.84,1.022,94.204,0.182,3.0,0.182,3,0.931,0.931,0.931,0.931
2,2023,2023021,39.0,96,Alfa Romeo,95.348,94.646,1.218,0.516,1.218,0.516,94.167,-0.702,23.0,-0.702,23,0.867,0.867,0.867,0.867
2,2023,2023021,40.0,97,Alfa Romeo,96.474,94.764,2.363,0.653,2.363,0.653,94.208,-1.710,23.0,-1.710,23,1.508,1.508,1.508,1.508
2,2023,2023021,41.0,98,Alfa Romeo,96.7,94.363,2.602,0.265,2.602,0.265,94.122,-2.337,23.0,-2.337,23,1.433,1.4335,1.433,1.4335
2,2023,2023021,42.0,99,Alfa Romeo,95.325,94.825,1.328,0.828,1.328,0.441,94.116,-0.500,23.0,-0.887,23,1.078,1.078,0.885,0.8845000000000001
2,2023,2023021,43.0,100,Alfa Romeo,95.288,94.514,1.353,0.579,1.353,0.579,93.935,-0.774,23.0,-0.774,23,0.966,0.966,0.966,0.966
2,2023,2023021,44.0,101,Alfa Romeo,95.004,94.622,1.116,0.734,1.116,0.734,93.888,-0.382,23.0,-0.382,23,0.925,0.925,0.925,0.925
2,2023,2023021,45.0,102,Alfa Romeo,95.227,94.541,1.314,0.628,1.314,0.628,93.994,-0.686,23.0,-0.686,23,0.971,0.9710000000000001,0.971,0.9710000000000001
2,2023,2023021,46.0,103,Alfa Romeo,95.283,94.538,1.401,0.656,1.401,0.656,94.128,-0.745,23.0,-0.745,23,1.028,1.0285,1.028,1.0285
2,2023,2023021,47.0,104,Alfa Romeo,96.694,94.18,2.809,0.295,2.06,0.295,93.926,-2.514,23.0,-1.765,23,1.552,1.552,1.177,1.1775
2,2023,2023021,48.0,105,Alfa Romeo,96.607,94.138,2.738,0.269,2.738,0.269,93.954,-2.469,23.0,-2.469,23,1.504,1.5035,1.504,1.5035
2,2023,2023021,49.0,106,Alfa Romeo,95.501,93.894,1.746,0.139,1.746,0.139,93.824,-1.607,23.0,-1.607,23,0.943,0.9425,0.943,0.9425
2,2023,2023021,50.0,107,Alfa Romeo,,94.105,,0.224,,0.224,93.881,-,-,-,,-,,-,
2,2023,2023031,1.0,108,Alfa Romeo,,,,,,,,-,-,-,,-,,-,
2,2023,2023031,2.0,109,Alfa Romeo,,,,,,,,-,-,-,,-,,-,
2,2023,2023031,3.0,110,Alfa Romeo,,,,,,,,-,-,-,,-,,-,
2,2023,2023031,4.0,111,Alfa Romeo,,,,,,,,-,-,-,,-,,-,
2,2023,2023031,5.0,112,Alfa Romeo,84.849,84.847,0.596,0.594,0.596,0.594,84.253,-0.002,23.0,-0.002,23,0.595,0.595,0.595,0.595
2,2023,2023031,6.0,113,Alfa Romeo,84.331,84.856,0.699,1.224,0.699,1.224,83.632,0.525,3.0,0.525,3,0.962,0.9615,0.962,0.9615
2,2023,2023031,7.0,114,Alfa Romeo,,,,,,,,-,-,-,,-,0.6985,-,0.6985
2,2023,2023031,8.0,115,Alfa Romeo,,,,,,,,-,-,-,,-,0.4355,-,0.4355
2,2023,2023031,9.0,116,Alfa Romeo,,,,,,,,-,-,-,,-,0.1725,-,0.1725
2,2023,2023031,10.0,117,Alfa Romeo,94.202,91.657,1.182,-1.363,1.182,-1.363,93.02,-2.545,23.0,-2.545,23,-0.091,-0.09050000000000002,-0.091,-0.09050000000000002
2,2023,2023031,11.0,118,Alfa Romeo,85.889,85.23,0.872,0.213,0.872,0.213,85.017,-0.659,23.0,-0.659,23,0.542,0.5425,0.542,0.5425
2,2023,2023031,12.0,119,Alfa Romeo,84.397,83.869,0.734,0.206,0.734,0.206,83.709,-0.528,23.0,-0.528,23,0.470,0.47,0.470,0.47
2,2023,2023031,13.0,120,Alfa Romeo,83.394,83.411,-0.016,0.001,-0.016,0.001,83.595,0.017,3.0,0.017,3,-0.007,-0.0075,-0.007,-0.0075
2,2023,2023031,14.0,121,Alfa Romeo,83.598,83.581,0.157,0.14,0.157,0.14,83.474,-0.017,23.0,-0.017,23,0.149,0.14850000000000002,0.149,0.14850000000000002
2,2023,2023031,15.0,122,Alfa Romeo,83.939,85.028,0.42,1.509,0.42,1.509,83.796,1.089,3.0,1.089,3,0.964,0.9644999999999999,0.964,0.9644999999999999
2,2023,2023031,16.0,123,Alfa Romeo,84.456,85.545,0.971,2.06,0.536,2.06,83.603,1.089,3.0,1.524,3,1.516,1.5155,1.298,1.298
2,2023,2023031,17.0,124,Alfa Romeo,84.103,83.374,0.264,-0.465,0.264,-0.465,83.839,-0.729,23.0,-0.729,23,-0.101,-0.1005,-0.101,-0.1005
2,2023,2023031,18.0,125,Alfa Romeo,,,,,,,,-,-,-,,-,0.482,-,0.482
2,2023,2023031,19.0,126,Alfa Romeo,,,,,,,,-,-,-,,-,1.0645,-,1.0645
2,2023,2023031,20.0,127,Alfa Romeo,85.798,83.666,2.713,0.581,2.713,0.581,83.085,-2.132,23.0,-2.132,23,1.647,1.647,1.647,1.647
2,2023,2023031,21.0,128,Alfa Romeo,84.504,83.268,1.475,0.239,1.475,0.239,83.216,-1.236,23.0,-1.236,23,0.857,0.857,0.857,0.857
2,2023,2023031,22.0,129,Alfa Romeo,83.753,83.205,0.688,0.14,0.688,0.14,83.163,-0.548,23.0,-0.548,23,0.414,0.414,0.414,0.414
2,2023,2023031,23.0,130,Alfa Romeo,83.485,83.418,0.431,0.364,0.431,0.364,83.075,-0.067,23.0,-0.067,23,0.397,0.39749999999999996,0.397,0.39749999999999996
2,2023,2023031,24.0,131,Alfa Romeo,84.155,83.121,1.11,0.076,1.11,0.076,83.105,-1.034,23.0,-1.034,23,0.593,0.5930000000000001,0.593,0.5930000000000001
2,2023,2023031,25.0,132,Alfa Romeo,84.481,83.46,1.402,0.381,1.073,0.381,83.301,-1.021,23.0,-0.692,23,0.891,0.8915,0.727,0.727
2,2023,2023031,26.0,133,Alfa Romeo,84.149,83.488,1.189,0.528,1.189,0.528,83.024,-0.661,23.0,-0.661,23,0.859,0.8585,0.859,0.8585
2,2023,2023031,27.0,134,Alfa Romeo,84.528,82.631,1.868,-0.029,1.064,-0.029,82.803,-1.897,23.0,-1.093,23,0.920,0.9195000000000001,0.518,0.5175000000000001
2,2023,2023031,28.0,135,Alfa Romeo,83.298,82.904,0.704,0.31,0.704,0.31,82.645,-0.394,23.0,-0.394,23,0.507,0.507,0.507,0.507
2,2023,2023031,29.0,136,Alfa Romeo,83.014,83.25,0.416,0.652,0.416,0.652,82.688,0.236,3.0,0.236,3,0.534,0.534,0.534,0.534
2,2023,2023031,30.0,137,Alfa Romeo,83.485,83.563,0.751,0.829,0.456,0.829,82.777,0.078,3.0,0.373,3,0.790,0.79,0.642,0.6425
2,2023,2023031,31.0,138,Alfa Romeo,83.366,84.468,0.668,1.77,0.668,0.596,82.831,1.102,3.0,-0.072,23,1.219,1.219,0.632,0.632
2,2023,2023031,32.0,139,Alfa Romeo,83.593,83.025,0.975,0.407,0.975,0.407,82.654,-0.568,23.0,-0.568,23,0.691,0.691,0.691,0.691
2,2023,2023031,33.0,140,Alfa Romeo,83.716,82.777,1.252,0.313,1.252,0.313,82.464,-0.939,23.0,-0.939,23,0.782,0.7825,0.782,0.7825
2,2023,2023031,34.0,141,Alfa Romeo,83.765,83.493,1.135,0.863,1.135,0.863,82.643,-0.272,23.0,-0.272,23,0.999,0.999,0.999,0.999
2,2023,2023031,35.0,142,Alfa Romeo,83.049,83.667,0.429,1.047,0.429,1.047,82.815,0.618,3.0,0.618,3,0.738,0.738,0.738,0.738
2,2023,2023031,36.0,143,Alfa Romeo,82.831,84.117,0.383,1.669,0.383,1.669,82.495,1.286,3.0,1.286,3,1.026,1.026,1.026,1.026
2,2023,2023031,37.0,144,Alfa Romeo,83.02,83.222,0.741,0.943,0.741,0.943,82.313,0.202,3.0,0.202,3,0.842,0.842,0.842,0.842
2,2023,2023031,38.0,145,Alfa Romeo,82.773,82.917,0.478,0.622,0.478,0.622,82.295,0.144,3.0,0.144,3,0.550,0.55,0.550,0.55
2,2023,2023031,39.0,146,Alfa Romeo,83.019,82.464,0.866,0.311,0.866,0.311,82.2,-0.555,23.0,-0.555,23,0.589,0.5885,0.589,0.5885
2,2023,2023031,40.0,147,Alfa Romeo,82.695,82.243,0.641,0.189,0.641,0.189,82.054,-0.452,23.0,-0.452,23,0.415,0.41500000000000004,0.415,0.41500000000000004
2,2023,2023031,41.0,148,Alfa Romeo,83.085,82.246,1.134,0.295,0.869,0.295,82.003,-0.839,23.0,-0.574,23,0.714,0.7144999999999999,0.582,0.582
2,2023,2023031,42.0,149,Alfa Romeo,82.944,82.732,1.007,0.795,1.007,0.795,81.937,-0.212,23.0,-0.212,23,0.901,0.901,0.901,0.901
2,2023,2023031,43.0,150,Alfa Romeo,82.563,82.348,0.82,0.605,0.82,0.605,81.858,-0.215,23.0,-0.215,23,0.712,0.7124999999999999,0.712,0.7124999999999999
2,2023,2023031,44.0,151,Alfa Romeo,82.523,82.115,0.89,0.482,0.89,0.482,81.789,-0.408,23.0,-0.408,23,0.686,0.6859999999999999,0.686,0.6859999999999999
2,2023,2023031,45.0,152,Alfa Romeo,82.391,82.049,0.87,0.528,0.87,0.528,81.565,-0.342,23.0,-0.342,23,0.699,0.6990000000000001,0.699,0.6990000000000001
2,2023,2023031,46.0,153,Alfa Romeo,82.233,81.936,0.825,0.528,0.825,0.528,81.408,-0.297,23.0,-0.297,23,0.676,0.6765,0.676,0.6765
2,2023,2023031,47.0,154,Alfa Romeo,82.37,81.862,0.825,0.317,0.825,0.317,81.872,-0.508,23.0,-0.508,23,0.571,0.571,0.571,0.571
2,2023,2023031,48.0,155,Alfa Romeo,82.436,81.819,0.721,0.104,0.721,0.104,81.715,-0.617,23.0,-0.617,23,0.412,0.4125,0.412,0.4125
2,2023,2023031,49.0,156,Alfa Romeo,82.473,81.983,0.942,0.452,0.942,0.452,81.566,-0.490,23.0,-0.490,23,0.697,0.697,0.697,0.697
2,2023,2023031,50.0,157,Alfa Romeo,82.405,81.836,0.991,0.422,0.991,0.422,81.414,-0.569,23.0,-0.569,23,0.707,0.7065,0.707,0.7065
2,2023,2023031,51.0,158,Alfa Romeo,82.473,82.781,1.011,1.319,1.011,0.481,81.836,0.308,3.0,-0.530,23,1.165,1.165,0.746,0.746
2,2023,2023031,52.0,159,Alfa Romeo,82.661,82.05,1.233,0.622,1.233,0.622,81.428,-0.611,23.0,-0.611,23,0.927,0.9275,0.927,0.9275
2,2023,2023031,53.0,160,Alfa Romeo,,,,,,,80.929,-,-,-,,-,,-,
2,2023,2023031,54.0,161,Alfa Romeo,,,,,,,,-,-,-,,-,,-,
2,2023,2023031,55.0,162,Alfa Romeo,,,,,,,,-,-,-,,-,,-,
2,2023,2023031,56.0,163,Alfa Romeo,,,,,,,,-,-,-,,-,,-,
2,2023,2023031,57.0,164,Alfa Romeo,,,,,,,,-,-,-,,-,,-,
2,2023,2023031,58.0,165,Alfa Romeo,,,,,,,,-,-,-,,-,,-,
2,2023,2023040,1.0,166,Alfa Romeo,,,,,,,,-,-,-,,-,,-,
2,2023,2023040,2.0,167,Alfa Romeo,,,,,,,,-,-,-,,-,,-,
2,2023,2023040,3.0,168,Alfa Romeo,,,,,,,,-,-,-,,-,,-,
2,2023,2023040,4.0,169,Alfa Romeo,,,,,,,,-,-,-,,-,,-,
2,2023,2023040,5.0,170,Alfa Romeo,,,,,,,,-,-,-,,-,,-,
2,2023,2023040,6.0,171,Alfa Romeo,,,,,,,,-,-,-,,-,,-,
2,2023,2023040,7.0,172,Alfa Romeo,107.299,107.331,1.112,1.144,1.112,1.144,106.187,0.032,3.0,0.032,3,1.128,1.1280000000000001,1.128,1.1280000000000001
2,2023,2023040,8.0,173,Alfa Romeo,106.333,106.48,0.775,0.922,0.775,0.922,105.558,0.147,3.0,0.147,3,0.849,0.8485,0.849,0.8485
2,2023,2023040,9.0,174,Alfa Romeo,106.277,106.107,0.845,0.675,0.845,0.675,105.445,-0.170,23.0,-0.170,23,0.760,0.76,0.760,0.76
2,2023,2023040,10.0,175,Alfa Romeo,109.171,108.427,3.744,3.0,2.06,0.721,105.782,-0.744,23.0,-1.339,23,3.372,3.372,1.391,1.3905
2,2023,2023040,11.0,176,Alfa Romeo,108.697,106.189,2.957,0.449,2.957,0.449,105.792,-2.508,23.0,-2.508,23,1.703,1.7029999999999998,1.703,1.7029999999999998
2,2023,2023040,12.0,177,Alfa Romeo,107.225,105.915,1.884,0.574,1.884,0.574,105.471,-1.310,23.0,-1.310,23,1.229,1.2289999999999999,1.229,1.2289999999999999
2,2023,2023040,13.0,178,Alfa Romeo,107.53,106.384,1.99,0.844,1.99,0.488,105.702,-1.146,23.0,-1.502,23,1.417,1.417,1.239,1.2389999999999999
2,2023,2023040,14.0,179,Alfa Romeo,109.489,106.142,3.933,0.586,2.564,0.586,105.665,-3.347,23.0,-1.978,23,2.260,2.2595,1.575,1.575
2,2023,2023040,15.0,180,Alfa Romeo,108.71,105.988,3.069,0.347,3.069,0.347,105.641,-2.722,23.0,-2.722,23,1.708,1.708,1.708,1.708
2,2023,2023040,16.0,181,Alfa Romeo,107.995,105.766,2.39,0.161,2.39,0.161,105.656,-2.229,23.0,-2.229,23,1.276,1.2755,1.276,1.2755
2,2023,2023040,17.0,182,Alfa Romeo,107.904,106.049,1.875,0.02,1.875,0.02,106.029,-1.855,23.0,-1.855,23,0.948,0.9475,0.948,0.9475
2,2023,2023041,1.0,183,Alfa Romeo,,,,,,,,-,-,-,,-,,-,
2,2023,2023041,2.0,184,Alfa Romeo,,,,,,,,-,-,-,,-,,-,
2,2023,2023041,3.0,185,Alfa Romeo,109.439,109.313,0.897,0.771,0.897,0.771,108.542,-0.126,23.0,-0.126,23,0.834,0.8340000000000001,0.834,0.8340000000000001
2,2023,2023041,4.0,186,Alfa Romeo,108.992,109.096,0.589,0.693,0.589,0.693,108.403,0.104,3.0,0.104,3,0.641,0.641,0.641,0.641
2,2023,2023041,5.0,187,Alfa Romeo,109.019,109.152,0.661,0.794,0.661,0.794,108.398,0.133,3.0,0.133,3,0.728,0.7275,0.728,0.7275
2,2023,2023041,6.0,188,Alfa Romeo,,109.307,,0.949,,0.949,108.4,-,-,-,,-,0.7256666666666667,-,0.7256666666666667
2,2023,2023041,7.0,189,Alfa Romeo,,109.112,,0.911,,0.911,108.201,-,-,-,,-,0.7238333333333333,-,0.7238333333333333
2,2023,2023041,8.0,190,Alfa Romeo,108.297,109.251,0.245,1.199,0.245,1.199,108.191,0.954,3.0,0.954,3,0.722,0.722,0.722,0.722
2,2023,2023041,9.0,191,Alfa Romeo,109.739,109.363,1.523,1.147,1.523,1.147,108.322,-0.376,23.0,-0.376,23,1.335,1.335,1.335,1.335
2,2023,2023041,10.0,192,Alfa Romeo,,,,,,,107.387,-,-,-,,-,1.3309166666666665,-,1.3309166666666665
2,2023,2023041,11.0,193,Alfa Romeo,,,,,,,,-,-,-,,-,1.3268333333333333,-,1.3268333333333333
2,2023,2023041,12.0,194,Alfa Romeo,,,,,,,,-,-,-,,-,1.32275,-,1.32275
2,2023,2023041,13.0,195,Alfa Romeo,,,,,,,,-,-,-,,-,,-,
2,2023,2023041,14.0,196,Alfa Romeo,,,,,,,,-,-,-,,-,,-,
2,2023,2023041,15.0,197,Alfa Romeo,109.679,109.022,1.639,0.982,1.639,0.982,108.04,-0.657,23.0,-0.657,23,1.310,1.3105,1.310,1.3105
2,2023,2023041,16.0,198,Alfa Romeo,108.513,108.274,1.123,0.884,1.123,0.884,107.39,-0.239,23.0,-0.239,23,1.004,1.0035,1.004,1.0035
2,2023,2023041,17.0,199,Alfa Romeo,108.769,108.444,1.388,1.063,1.388,1.063,107.49,-0.325,23.0,-0.325,23,1.225,1.2254999999999998,1.225,1.2254999999999998
2,2023,2023041,18.0,200,Alfa Romeo,108.46,107.83,1.215,0.585,1.215,0.585,107.272,-0.630,23.0,-0.630,23,0.900,0.9,0.900,0.9
2,2023,2023041,19.0,201,Alfa Romeo,108.853,109.47,1.596,2.213,1.113,0.855,107.418,0.617,3.0,-0.258,23,1.905,1.9045,0.984,0.984
2,2023,2023041,20.0,202,Alfa Romeo,108.28,108.394,0.937,1.051,0.937,1.051,107.398,0.114,3.0,0.114,3,0.994,0.994,0.994,0.994
2,2023,2023041,21.0,203,Alfa Romeo,108.319,108.28,0.983,0.944,0.983,0.944,107.471,-0.039,23.0,-0.039,23,0.964,0.9635,0.964,0.9635
2,2023,2023041,22.0,204,Alfa Romeo,108.316,108.371,0.974,1.029,0.974,1.029,107.342,0.055,3.0,0.055,3,1.002,1.0015,1.002,1.0015
2,2023,2023041,23.0,205,Alfa Romeo,108.097,108.602,0.737,1.242,0.737,1.242,107.545,0.505,3.0,0.505,3,0.990,0.9895,0.990,0.9895
2,2023,2023041,24.0,206,Alfa Romeo,108.32,108.374,0.966,1.02,0.966,1.02,107.385,0.054,3.0,0.054,3,0.993,0.993,0.993,0.993
2,2023,2023041,25.0,207,Alfa Romeo,108.039,108.105,0.754,0.82,0.754,0.82,107.318,0.066,3.0,0.066,3,0.787,0.7869999999999999,0.787,0.7869999999999999
2,2023,2023041,26.0,208,Alfa Romeo,108.552,107.952,1.351,0.751,0.985,0.751,107.324,-0.600,23.0,-0.234,23,1.051,1.051,0.868,0.868
2,2023,2023041,27.0,209,Alfa Romeo,108.333,108.066,1.135,0.868,1.135,0.868,107.284,-0.267,23.0,-0.267,23,1.002,1.0015,1.002,1.0015
2,2023,2023041,28.0,210,Alfa Romeo,109.576,108.055,2.365,0.844,0.988,0.844,107.31,-1.521,23.0,-0.144,23,1.605,1.6045,0.916,0.9159999999999999
2,2023,2023041,29.0,211,Alfa Romeo,108.065,107.934,0.989,0.858,0.989,0.858,107.129,-0.131,23.0,-0.131,23,0.923,0.9235,0.923,0.9235
2,2023,2023041,30.0,212,Alfa Romeo,107.849,108.071,0.96,1.182,0.96,1.182,106.931,0.222,3.0,0.222,3,1.071,1.071,1.071,1.071
2,2023,2023041,31.0,213,Alfa Romeo,107.971,107.553,1.142,0.724,1.142,0.724,106.842,-0.418,23.0,-0.418,23,0.933,0.9329999999999999,0.933,0.9329999999999999
2,2023,2023041,32.0,214,Alfa Romeo,108.046,107.617,1.21,0.781,1.21,0.781,106.908,-0.429,23.0,-0.429,23,0.996,0.9955,0.996,0.9955
2,2023,2023041,33.0,215,Alfa Romeo,109.361,107.662,2.462,0.763,2.462,0.763,106.899,-1.699,23.0,-1.699,23,1.613,1.6125,1.613,1.6125
2,2023,2023041,34.0,216,Alfa Romeo,,107.627,,0.957,,0.957,106.67,-,-,-,,-,,-,
2,2023,2023041,35.0,217,Alfa Romeo,,107.587,,1.026,,1.026,106.561,-,-,-,,-,,-,
2,2023,2023041,36.0,218,Alfa Romeo,106.304,,-0.175,,-0.175,,106.559,-,-,-,,-,,-,
2,2023,2023041,37.0,219,Alfa Romeo,106.722,,0.304,,0.304,,106.418,-,-,-,,-,,-,
2,2023,2023041,38.0,220,Alfa Romeo,106.823,,0.463,,0.463,,106.386,-,-,-,,-,,-,
2,2023,2023041,39.0,221,Alfa Romeo,107.213,,0.851,,0.47,,106.391,-,-,-,,-,,-,
2,2023,2023041,40.0,222,Alfa Romeo,106.841,,0.406,,0.406,,106.53,-,-,-,,-,,-,
2,2023,2023041,41.0,223,Alfa Romeo,107.199,,0.797,,0.797,,106.495,-,-,-,,-,,-,
2,2023,2023041,42.0,224,Alfa Romeo,108.026,,1.705,,1.705,,106.321,-,-,-,,-,,-,
2,2023,2023041,43.0,225,Alfa Romeo,108.059,,1.807,,1.807,,106.332,-,-,-,,-,,-,
2,2023,2023041,44.0,226,Alfa Romeo,106.864,,0.697,,0.697,,106.213,-,-,-,,-,,-,
2,2023,2023041,45.0,227,Alfa Romeo,106.699,,0.542,,0.542,,106.44,-,-,-,,-,,-,
2,2023,2023041,46.0,228,Alfa Romeo,106.599,,0.54,,0.54,,106.08,-,-,-,,-,,-,
2,2023,2023041,47.0,229,Alfa Romeo,106.688,,0.607,,0.607,,106.1,-,-,-,,-,,-,
2,2023,2023041,48.0,230,Alfa Romeo,106.754,,0.706,,0.706,,106.194,-,-,-,,-,,-,
2,2023,2023041,49.0,231,Alfa Romeo,106.649,,0.945,,0.945,,105.704,-,-,-,,-,,-,
2,2023,2023041,50.0,232,Alfa Romeo,106.652,,0.971,,0.971,,105.681,-,-,-,,-,,-,
2,2023,2023051,1.0,233,Alfa Romeo,,,,,,,,-,-,-,,-,,-,
2,2023,2023051,2.0,234,Alfa Romeo,,,,,,,,-,-,-,,-,,-,
2,2023,2023051,3.0,235,Alfa Romeo,93.933,94.369,-0.094,0.342,-0.094,0.342,94.027,0.436,3.0,0.436,3,0.124,0.12400000000000001,0.124,0.12400000000000001
2,2023,2023051,4.0,236,Alfa Romeo,94.493,93.834,0.69,0.031,0.252,0.031,93.899,-0.659,23.0,-0.221,23,0.360,0.3605,0.142,0.14150000000000001
2,2023,2023051,5.0,237,Alfa Romeo,94.177,93.613,0.595,0.031,0.595,0.031,93.614,-0.564,23.0,-0.564,23,0.313,0.313,0.313,0.313
2,2023,2023051,6.0,238,Alfa Romeo,93.821,93.754,0.33,0.263,0.33,0.263,93.491,-0.067,23.0,-0.067,23,0.296,0.2965,0.296,0.2965
2,2023,2023051,7.0,239,Alfa Romeo,93.67,93.538,0.384,0.252,0.384,0.252,93.301,-0.132,23.0,-0.132,23,0.318,0.318,0.318,0.318
2,2023,2023051,8.0,240,Alfa Romeo,93.856,93.607,0.496,0.247,0.496,0.247,93.548,-0.249,23.0,-0.249,23,0.371,0.3715,0.371,0.3715
2,2023,2023051,9.0,241,Alfa Romeo,93.727,93.588,0.29,0.151,0.29,0.151,93.454,-0.139,23.0,-0.139,23,0.220,0.22049999999999997,0.220,0.22049999999999997
2,2023,2023051,10.0,242,Alfa Romeo,93.762,93.782,0.31,0.33,0.31,0.33,93.55,0.020,3.0,0.020,3,0.320,0.32,0.320,0.32
2,2023,2023051,11.0,243,Alfa Romeo,93.377,93.437,0.1,0.16,0.1,0.16,93.347,0.060,3.0,0.060,3,0.130,0.13,0.130,0.13
2,2023,2023051,12.0,244,Alfa Romeo,93.151,93.302,-0.078,0.073,-0.078,0.073,93.229,0.151,3.0,0.151,3,-0.003,-0.0025000000000000022,-0.003,-0.0025000000000000022
2,2023,2023051,13.0,245,Alfa Romeo,93.352,93.697,0.005,0.35,0.005,0.35,93.446,0.345,3.0,0.345,3,0.177,0.1775,0.177,0.1775
2,2023,2023051,14.0,246,Alfa Romeo,93.894,93.864,0.466,0.436,0.466,0.436,93.49,-0.030,23.0,-0.030,23,0.451,0.451,0.451,0.451
2,2023,2023051,15.0,247,Alfa Romeo,,93.749,,0.481,,0.481,93.468,-,-,-,,-,0.3001666666666667,-,0.3001666666666667
2,2023,2023051,16.0,248,Alfa Romeo,,94.01,,0.777,,0.777,93.251,-,-,-,,-,0.14933333333333332,-,0.14933333333333332
2,2023,2023051,17.0,249,Alfa Romeo,92.543,93.56,-0.51,0.507,-0.51,0.507,93.114,1.017,3.0,1.017,3,-0.002,-0.0015000000000000013,-0.002,-0.0015000000000000013
2,2023,2023051,18.0,250,Alfa Romeo,93.893,93.718,0.802,0.627,-0.157,0.627,93.202,-0.175,23.0,0.784,3,0.715,0.7145,0.235,0.235
2,2023,2023051,19.0,251,Alfa Romeo,93.326,94.801,0.155,1.63,0.155,0.81,93.256,1.475,3.0,0.655,3,0.892,0.8925,0.483,0.48250000000000004
2,2023,2023051,20.0,252,Alfa Romeo,92.981,94.245,-0.039,1.225,-0.039,1.225,93.105,1.264,3.0,1.264,3,0.593,0.5930000000000001,0.593,0.5930000000000001
2,2023,2023051,21.0,253,Alfa Romeo,93.112,94.653,-0.007,1.534,-0.007,1.139,93.217,1.541,3.0,1.146,3,0.764,0.7635000000000001,0.566,0.5660000000000001
2,2023,2023051,22.0,254,Alfa Romeo,92.876,94.271,-0.042,1.353,-0.042,1.353,93.065,1.395,3.0,1.395,3,0.655,0.6555,0.655,0.6555
2,2023,2023051,23.0,255,Alfa Romeo,93.085,93.788,0.146,0.849,0.146,0.849,93.069,0.703,3.0,0.703,3,0.497,0.4975,0.497,0.4975
2,2023,2023051,24.0,256,Alfa Romeo,93.046,94.29,0.126,1.37,0.126,0.803,93.003,1.244,3.0,0.677,3,0.748,0.748,0.465,0.4645
2,2023,2023051,25.0,257,Alfa Romeo,92.901,93.658,-0.011,0.746,-0.011,0.746,92.921,0.757,3.0,0.757,3,0.367,0.3675,0.367,0.3675
2,2023,2023051,26.0,258,Alfa Romeo,92.851,93.66,-0.008,0.801,-0.008,0.801,92.914,0.809,3.0,0.809,3,0.397,0.3965,0.397,0.3965
2,2023,2023051,27.0,259,Alfa Romeo,92.797,94.028,-0.017,1.214,-0.017,0.78,92.933,1.231,3.0,0.797,3,0.599,0.5985,0.382,0.3815
2,2023,2023051,28.0,260,Alfa Romeo,92.64,93.528,-0.168,0.72,-0.168,0.72,92.906,0.888,3.0,0.888,3,0.276,0.27599999999999997,0.276,0.27599999999999997
2,2023,2023051,29.0,261,Alfa Romeo,92.937,93.167,0.136,0.366,-0.165,0.366,92.816,0.230,3.0,0.531,3,0.251,0.251,0.100,0.10049999999999999
2,2023,2023051,30.0,262,Alfa Romeo,92.631,93.073,-0.161,0.281,-0.161,0.281,92.894,0.442,3.0,0.442,3,0.060,0.06000000000000001,0.060,0.06000000000000001
2,2023,2023051,31.0,263,Alfa Romeo,92.584,,-0.051,,-0.051,,92.701,-,-,-,,-,0.01083333333333334,-,0.01083333333333334
2,2023,2023051,32.0,264,Alfa Romeo,92.496,,-0.028,,-0.028,,92.657,-,-,-,,-,-0.03833333333333333,-,-0.03833333333333333
2,2023,2023051,33.0,265,Alfa Romeo,92.575,92.264,0.068,-0.243,0.068,-0.243,92.924,-0.311,23.0,-0.311,23,-0.087,-0.0875,-0.087,-0.0875
2,2023,2023051,34.0,266,Alfa Romeo,92.47,91.894,0.085,-0.491,0.085,-0.491,92.417,-0.576,23.0,-0.576,23,-0.203,-0.20299999999999999,-0.203,-0.20299999999999999
2,2023,2023051,35.0,267,Alfa Romeo,92.443,91.898,0.111,-0.434,0.111,-0.434,92.352,-0.545,23.0,-0.545,23,-0.162,-0.1615,-0.162,-0.1615
2,2023,2023051,36.0,268,Alfa Romeo,92.524,91.905,0.1,-0.519,0.1,-0.519,92.424,-0.619,23.0,-0.619,23,-0.210,-0.20950000000000002,-0.210,-0.20950000000000002
2,2023,2023051,37.0,269,Alfa Romeo,92.492,92.249,0.093,-0.15,0.093,-0.15,92.618,-0.243,23.0,-0.243,23,-0.028,-0.028499999999999998,-0.028,-0.028499999999999998
2,2023,2023051,38.0,270,Alfa Romeo,92.632,92.459,0.259,0.086,0.259,0.086,92.461,-0.173,23.0,-0.173,23,0.172,0.1725,0.172,0.1725
2,2023,2023051,39.0,271,Alfa Romeo,92.844,92.351,0.501,0.008,0.501,0.008,92.372,-0.493,23.0,-0.493,23,0.255,0.2545,0.255,0.2545
2,2023,2023051,40.0,272,Alfa Romeo,94.143,92.179,1.815,-0.149,0.482,-0.149,92.416,-1.964,23.0,-0.631,23,0.833,0.833,0.166,0.16649999999999998
2,2023,2023051,41.0,273,Alfa Romeo,92.777,92.244,0.609,0.076,0.609,0.076,92.204,-0.533,23.0,-0.533,23,0.342,0.34249999999999997,0.342,0.34249999999999997
2,2023,2023051,42.0,274,Alfa Romeo,92.216,92.343,0.085,0.212,0.085,0.212,92.161,0.127,3.0,0.127,3,0.148,0.1485,0.148,0.1485
2,2023,2023051,43.0,275,Alfa Romeo,92.348,92.087,0.319,0.058,0.319,0.058,92.029,-0.261,23.0,-0.261,23,0.189,0.1885,0.189,0.1885
2,2023,2023051,44.0,276,Alfa Romeo,92.079,92.402,0.165,0.488,0.165,0.284,91.956,0.323,3.0,0.119,3,0.327,0.3265,0.224,0.22449999999999998
2,2023,2023051,45.0,277,Alfa Romeo,92.269,92.31,0.195,0.236,0.195,0.236,92.088,0.041,3.0,0.041,3,0.215,0.2155,0.215,0.2155
2,2023,2023051,46.0,278,Alfa Romeo,92.618,92.203,0.433,0.018,-0.043,0.018,92.278,-0.415,23.0,0.061,3,0.226,0.2255,-0.012,-0.012499999999999999
2,2023,2023051,47.0,279,Alfa Romeo,92.014,92.233,-0.103,0.116,-0.103,0.116,92.136,0.219,3.0,0.219,3,0.007,0.006500000000000006,0.007,0.006500000000000006
2,2023,2023051,48.0,280,Alfa Romeo,92.427,91.996,0.433,0.002,0.188,0.002,92.284,-0.431,23.0,-0.186,23,0.217,0.2175,0.095,0.095
2,2023,2023051,49.0,281,Alfa Romeo,92.35,92.208,0.352,0.21,0.352,0.21,92.133,-0.142,23.0,-0.142,23,0.281,0.28099999999999997,0.281,0.28099999999999997
2,2023,2023051,50.0,282,Alfa Romeo,93.074,91.958,1.083,-0.033,0.682,-0.033,92.067,-1.116,23.0,-0.715,23,0.525,0.525,0.325,0.3245
2,2023,2023051,51.0,283,Alfa Romeo,92.997,91.855,1.131,-0.011,1.131,-0.011,91.903,-1.142,23.0,-1.142,23,0.560,0.56,0.560,0.56
2,2023,2023051,52.0,284,Alfa Romeo,92.793,92.193,0.969,0.369,0.969,0.163,91.884,-0.600,23.0,-0.806,23,0.669,0.669,0.566,0.566
2,2023,2023051,53.0,285,Alfa Romeo,92.855,92.119,0.947,0.211,0.947,0.211,92.1,-0.736,23.0,-0.736,23,0.579,0.579,0.579,0.579
2,2023,2023051,54.0,286,Alfa Romeo,92.188,91.925,0.356,0.093,0.356,0.093,91.832,-0.263,23.0,-0.263,23,0.224,0.22449999999999998,0.224,0.22449999999999998
2,2023,2023051,55.0,287,Alfa Romeo,92.063,91.892,0.38,0.209,0.38,0.209,91.694,-0.171,23.0,-0.171,23,0.294,0.2945,0.294,0.2945
2,2023,2023051,56.0,288,Alfa Romeo,91.838,91.736,0.209,0.107,0.209,0.107,91.759,-0.102,23.0,-0.102,23,0.158,0.158,0.158,0.158
2,2023,2023051,57.0,289,Alfa Romeo,91.894,92.184,0.375,0.665,0.375,0.665,91.519,0.290,3.0,0.290,3,0.520,0.52,0.520,0.52
2,2023,2023061,1.0,290,Alfa Romeo,,,,,,,,-,-,-,,-,,-,
2,2023,2023061,2.0,291,Alfa Romeo,,,,,,,,-,-,-,,-,,-,
2,2023,2023061,3.0,292,Alfa Romeo,80.142,77.003,0.549,-2.59,0.549,-2.59,79.593,-3.139,23.0,-3.139,23,-1.020,-1.0205,-1.020,-1.0205
2,2023,2023061,4.0,293,Alfa Romeo,80.341,76.946,0.988,-2.407,0.988,-2.407,79.353,-3.395,23.0,-3.395,23,-0.710,-0.7095,-0.710,-0.7095
2,2023,2023061,5.0,294,Alfa Romeo,80.022,76.926,1.101,-1.995,1.101,-1.995,78.921,-3.096,23.0,-3.096,23,-0.447,-0.44700000000000006,-0.447,-0.44700000000000006
2,2023,2023061,6.0,295,Alfa Romeo,79.165,77.205,0.548,-1.412,0.548,-1.412,78.617,-1.960,23.0,-1.960,23,-0.432,-0.43199999999999994,-0.432,-0.43199999999999994
2,2023,2023061,7.0,296,Alfa Romeo,79.167,77.408,0.622,-1.137,0.622,-1.137,78.545,-1.759,23.0,-1.759,23,-0.258,-0.2575,-0.258,-0.2575
2,2023,2023061,8.0,297,Alfa Romeo,78.774,77.254,0.323,-1.197,0.323,-1.197,78.519,-1.520,23.0,-1.520,23,-0.437,-0.43700000000000006,-0.437,-0.43700000000000006
2,2023,2023061,9.0,298,Alfa Romeo,79.007,77.523,0.444,-1.04,0.444,-1.04,78.625,-1.484,23.0,-1.484,23,-0.298,-0.29800000000000004,-0.298,-0.29800000000000004
2,2023,2023061,10.0,299,Alfa Romeo,79.527,78.449,0.855,-0.223,0.855,-0.223,78.761,-1.078,23.0,-1.078,23,0.316,0.316,0.316,0.316
2,2023,2023061,11.0,300,Alfa Romeo,79.38,79.602,0.511,0.733,0.511,0.733,78.869,0.222,3.0,0.222,3,0.622,0.622,0.622,0.622
2,2023,2023061,12.0,301,Alfa Romeo,80.206,80.319,1.07,1.183,0.31,1.183,79.452,0.113,3.0,0.873,3,1.127,1.1265,0.747,0.7465
2,2023,2023061,13.0,302,Alfa Romeo,79.511,80.561,0.363,1.413,0.363,1.413,79.213,1.050,3.0,1.050,3,0.888,0.888,0.888,0.888
2,2023,2023061,14.0,303,Alfa Romeo,80.067,80.653,0.923,1.509,0.923,1.509,79.198,0.586,3.0,0.586,3,1.216,1.216,1.216,1.216
2,2023,2023061,15.0,304,Alfa Romeo,80.912,80.398,1.79,1.276,1.152,1.276,79.181,-0.514,23.0,0.124,3,1.533,1.533,1.214,1.214
2,2023,2023061,16.0,305,Alfa Romeo,80.48,80.727,1.357,1.604,1.357,1.604,79.123,0.247,3.0,0.247,3,1.481,1.4805000000000001,1.481,1.4805000000000001
2,2023,2023061,17.0,306,Alfa Romeo,80.577,80.669,1.6,1.692,1.6,1.692,79.326,0.092,3.0,0.092,3,1.646,1.646,1.646,1.646
2,2023,2023061,18.0,307,Alfa Romeo,78.764,81.524,0.056,2.816,0.056,2.816,78.82,2.760,3.0,2.760,3,1.436,1.436,1.436,1.436
2,2023,2023061,19.0,308,Alfa Romeo,77.824,82.387,-0.81,3.753,-0.81,2.415,78.752,4.563,3.0,3.225,3,1.472,1.4715,0.802,0.8025
2,2023,2023061,20.0,309,Alfa Romeo,78.024,80.574,-0.319,2.231,-0.319,2.231,78.397,2.550,3.0,2.550,3,0.956,0.956,0.956,0.956
2,2023,2023061,21.0,310,Alfa Romeo,78.024,78.245,-0.201,0.02,-0.201,0.02,78.225,0.221,3.0,0.221,3,-0.091,-0.09050000000000001,-0.091,-0.09050000000000001
2,2023,2023061,22.0,311,Alfa Romeo,78.26,77.588,0.123,-0.549,0.123,-0.549,78.154,-0.672,23.0,-0.672,23,-0.213,-0.21300000000000002,-0.213,-0.21300000000000002
2,2023,2023061,23.0,312,Alfa Romeo,78.737,77.45,0.545,-0.742,0.545,-0.742,78.243,-1.287,23.0,-1.287,23,-0.098,-0.09849999999999998,-0.098,-0.09849999999999998
2,2023,2023061,24.0,313,Alfa Romeo,80.068,77.465,1.9,-0.703,1.9,-0.703,78.183,-2.603,23.0,-2.603,23,0.599,0.5985,0.599,0.5985
2,2023,2023061,25.0,314,Alfa Romeo,80.203,77.771,1.995,-0.437,1.995,-0.437,78.227,-2.432,23.0,-2.432,23,0.779,0.779,0.779,0.779
2,2023,2023061,26.0,315,Alfa Romeo,80.222,78.161,1.875,-0.186,1.875,-0.413,78.456,-2.061,23.0,-2.288,23,0.845,0.8445,0.731,0.731
2,2023,2023061,27.0,316,Alfa Romeo,80.162,78.097,1.766,-0.299,1.766,-0.299,78.418,-2.065,23.0,-2.065,23,0.734,0.7335,0.734,0.7335
2,2023,2023061,28.0,317,Alfa Romeo,79.853,80.78,1.45,2.377,1.45,0.077,78.518,0.927,3.0,-1.373,23,1.913,1.9135,0.763,0.7635
2,2023,2023061,29.0,318,Alfa Romeo,80.208,78.863,1.767,0.422,1.767,0.422,78.548,-1.345,23.0,-1.345,23,1.095,1.0945,1.095,1.0945
2,2023,2023061,30.0,319,Alfa Romeo,79.393,79.5,1.039,1.146,1.039,0.674,78.454,0.107,3.0,-0.365,23,1.092,1.0924999999999998,0.857,0.8565
2,2023,2023061,31.0,320,Alfa Romeo,79.021,79.192,0.636,0.807,0.636,0.807,78.586,0.171,3.0,0.171,3,0.722,0.7215,0.722,0.7215
2,2023,2023061,32.0,321,Alfa Romeo,79.47,79.626,0.897,1.053,0.897,1.053,78.654,0.156,3.0,0.156,3,0.975,0.975,0.975,0.975
2,2023,2023061,33.0,322,Alfa Romeo,78.655,81.602,-0.065,2.882,-0.065,1.387,79.018,2.947,3.0,1.452,3,1.409,1.4085,0.661,0.661
2,2023,2023061,34.0,323,Alfa Romeo,80.226,80.587,1.776,2.137,0.822,2.137,78.671,0.361,3.0,1.315,3,1.957,1.9565000000000001,1.480,1.4795
2,2023,2023061,35.0,324,Alfa Romeo,79.889,78.586,1.745,0.442,1.745,0.442,78.399,-1.303,23.0,-1.303,23,1.094,1.0935000000000001,1.094,1.0935000000000001
2,2023,2023061,36.0,325,Alfa Romeo,79.139,78.846,1.088,0.795,1.088,0.795,78.214,-0.293,23.0,-0.293,23,0.942,0.9415,0.942,0.9415
2,2023,2023061,37.0,326,Alfa Romeo,79.112,79.099,1.077,1.064,1.077,1.064,78.043,-0.013,23.0,-0.013,23,1.071,1.0705,1.071,1.0705
2,2023,2023061,38.0,327,Alfa Romeo,80.07,78.681,2.141,0.752,1.065,0.752,77.983,-1.389,23.0,-0.313,23,1.446,1.4465,0.908,0.9085
2,2023,2023061,39.0,328,Alfa Romeo,78.876,78.659,0.937,0.72,0.937,0.72,78.109,-0.217,23.0,-0.217,23,0.829,0.8285,0.829,0.8285
2,2023,2023061,40.0,329,Alfa Romeo,78.968,78.607,1.035,0.674,1.035,0.674,77.945,-0.361,23.0,-0.361,23,0.855,0.8545,0.855,0.8545
2,2023,2023061,41.0,330,Alfa Romeo,78.706,78.831,0.857,0.982,0.857,0.982,77.932,0.125,3.0,0.125,3,0.919,0.9195,0.919,0.9195
2,2023,2023061,42.0,331,Alfa Romeo,78.435,78.666,0.589,0.82,0.589,0.82,77.922,0.231,3.0,0.231,3,0.704,0.7044999999999999,0.704,0.7044999999999999
2,2023,2023061,43.0,332,Alfa Romeo,78.685,78.701,0.769,0.785,0.769,0.785,77.916,0.016,3.0,0.016,3,0.777,0.777,0.777,0.777
2,2023,2023061,44.0,333,Alfa Romeo,78.606,78.721,0.691,0.806,0.691,0.806,78.12,0.115,3.0,0.115,3,0.748,0.7484999999999999,0.748,0.7484999999999999
2,2023,2023061,45.0,334,Alfa Romeo,78.202,78.762,0.352,0.912,0.352,0.912,77.953,0.560,3.0,0.560,3,0.632,0.632,0.632,0.632
2,2023,2023061,46.0,335,Alfa Romeo,78.153,78.66,0.479,0.986,0.479,0.986,77.674,0.507,3.0,0.507,3,0.732,0.7324999999999999,0.732,0.7324999999999999
2,2023,2023061,47.0,336,Alfa Romeo,78.343,78.809,0.598,1.064,0.598,1.064,77.745,0.466,3.0,0.466,3,0.831,0.831,0.831,0.831
2,2023,2023061,48.0,337,Alfa Romeo,78.151,78.947,0.356,1.152,0.356,1.152,77.812,0.796,3.0,0.796,3,0.754,0.754,0.754,0.754
2,2023,2023061,49.0,338,Alfa Romeo,78.383,79.065,0.337,1.019,0.337,1.019,78.269,0.682,3.0,0.682,3,0.678,0.6779999999999999,0.678,0.6779999999999999
2,2023,2023061,50.0,339,Alfa Romeo,79.704,81.664,0.665,2.625,0.665,2.625,79.039,1.960,3.0,1.960,3,1.645,1.645,1.645,1.645
2,2023,2023061,51.0,340,Alfa Romeo,,90.253,,7.218,,7.218,83.035,-,-,-,,-,1.162375,-,1.162375
2,2023,2023061,52.0,341,Alfa Romeo,,,,,,,87.933,-,-,-,,-,0.67975,-,0.67975
2,2023,2023061,53.0,342,Alfa Romeo,92.72,,-0.683,,-0.683,,93.403,-,-,-,,-,0.197125,-,0.197125
2,2023,2023061,54.0,343,Alfa Romeo,98.747,100.446,-1.135,0.564,-1.135,0.564,99.882,1.699,3.0,1.699,3,-0.286,-0.28550000000000003,-0.286,-0.28550000000000003
2,2023,2023061,55.0,344,Alfa Romeo,103.627,106.545,-1.542,1.376,-5.781,-3.992,106.884,2.918,3.0,1.789,3,-0.083,-0.08300000000000007,-4.886,-4.8865
2,2023,2023061,56.0,345,Alfa Romeo,100.028,101.908,-2.419,-0.539,-2.419,-0.539,102.447,1.880,3.0,1.880,3,-1.479,-1.479,-1.479,-1.479
2,2023,2023061,57.0,346,Alfa Romeo,100.402,104.702,-2.286,2.014,-2.286,2.014,103.781,4.300,3.0,4.300,3,-0.136,-0.13600000000000012,-0.136,-0.13600000000000012
2,2023,2023061,58.0,347,Alfa Romeo,102.952,105.564,-2.62,-0.008,-4.06,-0.008,105.843,2.612,3.0,4.052,3,-1.314,-1.314,-2.034,-2.034
2,2023,2023061,59.0,348,Alfa Romeo,102.622,103.592,-0.429,0.541,-0.429,0.541,103.051,0.970,3.0,0.970,3,0.056,0.05600000000000002,0.056,0.05600000000000002
2,2023,2023061,60.0,349,Alfa Romeo,101.926,101.62,-0.234,-0.54,-0.234,-0.54,102.895,-0.306,23.0,-0.306,23,-0.387,-0.387,-0.387,-0.387
2,2023,2023061,61.0,350,Alfa Romeo,100.096,101.501,-1.33,0.075,-1.33,0.075,101.426,1.405,3.0,1.405,3,-0.628,-0.6275000000000001,-0.628,-0.6275000000000001
2,2023,2023061,62.0,351,Alfa Romeo,99.577,100.987,-0.718,0.692,-0.718,0.692,100.295,1.410,3.0,1.410,3,-0.013,-0.013000000000000012,-0.013,-0.013000000000000012
2,2023,2023061,63.0,352,Alfa Romeo,99.237,100.738,-0.488,1.013,-0.488,1.013,99.954,1.501,3.0,1.501,3,0.262,0.26249999999999996,0.262,0.26249999999999996
2,2023,2023061,64.0,353,Alfa Romeo,97.459,102.573,-1.566,3.548,-1.566,3.548,99.025,5.114,3.0,5.114,3,0.991,0.991,0.991,0.991
2,2023,2023061,65.0,354,Alfa Romeo,96.44,99.444,-1.258,1.746,-1.258,1.746,97.698,3.004,3.0,3.004,3,0.244,0.244,0.244,0.244
2,2023,2023061,66.0,355,Alfa Romeo,95.048,94.287,-0.78,-1.541,-0.78,-1.541,95.828,-0.761,23.0,-0.761,23,-1.160,-1.1604999999999999,-1.160,-1.1604999999999999
2,2023,2023061,67.0,356,Alfa Romeo,95.077,93.464,0.108,-1.505,0.108,-1.505,95.139,-1.613,23.0,-1.613,23,-0.698,-0.6984999999999999,-0.698,-0.6984999999999999
2,2023,2023061,68.0,357,Alfa Romeo,94.038,94.679,-0.102,0.539,-0.102,0.539,96.703,0.641,3.0,0.641,3,0.219,0.21850000000000003,0.219,0.21850000000000003
2,2023,2023061,69.0,358,Alfa Romeo,90.766,93.879,-3.142,-0.029,-3.142,-0.029,94.112,3.113,3.0,3.113,3,-1.585,-1.5855,-1.585,-1.5855
2,2023,2023061,70.0,359,Alfa Romeo,92.495,90.405,0.672,-1.418,0.672,-1.418,93.689,-2.090,23.0,-2.090,23,-0.373,-0.37299999999999994,-0.373,-0.37299999999999994
2,2023,2023061,71.0,360,Alfa Romeo,91.967,89.336,1.747,-0.884,1.747,-0.884,90.22,-2.631,23.0,-2.631,23,0.432,0.43150000000000005,0.432,0.43150000000000005
2,2023,2023061,72.0,361,Alfa Romeo,92.025,87.964,2.284,-1.777,2.284,-1.777,89.741,-4.061,23.0,-4.061,23,0.253,0.25349999999999995,0.253,0.25349999999999995
2,2023,2023061,73.0,362,Alfa Romeo,87.23,90.119,-1.192,1.697,-1.192,-0.415,88.539,2.889,3.0,0.777,3,0.253,0.25250000000000006,-0.803,-0.8035
2,2023,2023061,74.0,363,Alfa Romeo,86.646,88.049,-0.927,0.476,-0.927,0.476,87.645,1.403,3.0,1.403,3,-0.226,-0.22550000000000003,-0.226,-0.22550000000000003
2,2023,2023061,75.0,364,Alfa Romeo,86.553,86.612,-0.299,-0.24,-0.299,-0.24,87.194,0.059,3.0,0.059,3,-0.269,-0.26949999999999996,-0.269,-0.26949999999999996
2,2023,2023061,76.0,365,Alfa Romeo,84.637,85.717,-2.255,-1.175,-2.255,-1.175,86.892,1.080,3.0,1.080,3,-1.715,-1.7149999999999999,-1.715,-1.7149999999999999
2,2023,2023061,77.0,366,Alfa Romeo,84.139,86.615,-1.934,0.542,-1.934,0.542,86.073,2.476,3.0,2.476,3,-0.696,-0.696,-0.696,-0.696
2,2023,2023071,1.0,367,Alfa Romeo,,,,,,,,-,-,-,,-,,-,
2,2023,2023071,2.0,368,Alfa Romeo,,,,,,,,-,-,-,,-,,-,
2,2023,2023071,3.0,369,Alfa Romeo,82.033,81.997,0.488,0.452,0.488,0.452,81.545,-0.036,23.0,-0.036,23,0.470,0.47,0.470,0.47
2,2023,2023071,4.0,370,Alfa Romeo,82.24,81.232,0.99,-0.018,0.99,-0.018,81.343,-1.008,23.0,-1.008,23,0.486,0.486,0.486,0.486
2,2023,2023071,5.0,371,Alfa Romeo,,80.397,,-0.784,,-0.784,81.229,-,-,-,,-,0.14733333333333332,-,0.14733333333333332
2,2023,2023071,6.0,372,Alfa Romeo,,81.514,,0.269,,-0.3,81.363,-,-,-,,-,-0.19133333333333336,-,-0.19133333333333336
2,2023,2023071,7.0,373,Alfa Romeo,80.188,81.494,-1.183,0.123,-1.183,0.123,81.482,1.306,3.0,1.306,3,-0.530,-0.53,-0.530,-0.53
2,2023,2023071,8.0,374,Alfa Romeo,79.955,81.705,-1.434,0.316,-1.434,0.316,81.515,1.750,3.0,1.750,3,-0.559,-0.5589999999999999,-0.559,-0.5589999999999999
2,2023,2023071,9.0,375,Alfa Romeo,80.485,,-0.817,,-0.817,,81.314,-,-,-,,-,-0.3003333333333333,-,-0.3003333333333333
2,2023,2023071,10.0,376,Alfa Romeo,82.633,,1.332,,-0.278,,81.45,-,-,-,,-,-0.04166666666666663,-,-0.04166666666666663
2,2023,2023071,11.0,377,Alfa Romeo,81.56,81.174,0.41,0.024,0.41,0.024,81.252,-0.386,23.0,-0.386,23,0.217,0.217,0.217,0.217
2,2023,2023071,12.0,378,Alfa Romeo,81.19,79.955,0.172,-1.063,0.172,-1.063,81.077,-1.235,23.0,-1.235,23,-0.446,-0.4455,-0.446,-0.4455
2,2023,2023071,13.0,379,Alfa Romeo,80.805,79.948,-0.164,-1.021,-0.164,-1.021,80.997,-0.857,23.0,-0.857,23,-0.592,-0.5924999999999999,-0.592,-0.5924999999999999
2,2023,2023071,14.0,380,Alfa Romeo,82.361,82.523,1.241,1.403,1.241,-0.553,81.403,0.162,3.0,-1.794,23,1.322,1.322,0.344,0.34400000000000003
2,2023,2023071,15.0,381,Alfa Romeo,82.934,81.185,1.664,-0.085,1.664,-0.085,81.304,-1.749,23.0,-1.749,23,0.789,0.7895,0.789,0.7895
2,2023,2023071,16.0,382,Alfa Romeo,81.922,80.906,0.8,-0.215,0.8,-0.215,81.239,-1.015,23.0,-1.015,23,0.293,0.29250000000000004,0.293,0.29250000000000004
2,2023,2023071,17.0,383,Alfa Romeo,81.789,80.815,0.927,-0.047,0.927,-0.047,80.974,-0.974,23.0,-0.974,23,0.440,0.44,0.440,0.44
2,2023,2023071,18.0,384,Alfa Romeo,81.419,80.568,0.638,-0.213,0.638,-0.213,80.781,-0.851,23.0,-0.851,23,0.213,0.21250000000000002,0.213,0.21250000000000002
2,2023,2023071,19.0,385,Alfa Romeo,81.578,80.49,0.917,-0.171,0.917,-0.171,80.705,-1.088,23.0,-1.088,23,0.373,0.373,0.373,0.373
2,2023,2023071,20.0,386,Alfa Romeo,83.449,80.479,2.771,-0.199,0.974,-0.199,80.792,-2.970,23.0,-1.173,23,1.286,1.286,0.387,0.38749999999999996
2,2023,2023071,21.0,387,Alfa Romeo,81.727,81.619,1.0,0.892,1.0,0.126,80.851,-0.108,23.0,-0.874,23,0.946,0.946,0.563,0.563
2,2023,2023071,22.0,388,Alfa Romeo,81.807,81.227,1.001,0.421,1.001,0.421,80.806,-0.580,23.0,-0.580,23,0.711,0.711,0.711,0.711
2,2023,2023071,23.0,389,Alfa Romeo,81.673,81.493,0.818,0.638,0.818,0.638,80.971,-0.180,23.0,-0.180,23,0.728,0.728,0.728,0.728
2,2023,2023071,24.0,390,Alfa Romeo,81.559,81.399,0.803,0.643,0.803,0.643,80.808,-0.160,23.0,-0.160,23,0.723,0.7230000000000001,0.723,0.7230000000000001
2,2023,2023071,25.0,391,Alfa Romeo,81.219,81.114,0.587,0.482,0.587,0.482,80.659,-0.105,23.0,-0.105,23,0.534,0.5345,0.534,0.5345
2,2023,2023071,26.0,392,Alfa Romeo,81.205,80.895,0.717,0.407,0.717,0.407,80.669,-0.310,23.0,-0.310,23,0.562,0.5619999999999999,0.562,0.5619999999999999
2,2023,2023071,27.0,393,Alfa Romeo,81.15,80.55,0.955,0.355,0.955,0.355,80.195,-0.600,23.0,-0.600,23,0.655,0.655,0.655,0.655
2,2023,2023071,28.0,394,Alfa Romeo,81.253,80.946,1.149,0.842,1.149,0.425,80.221,-0.307,23.0,-0.724,23,0.996,0.9955,0.787,0.787
2,2023,2023071,29.0,395,Alfa Romeo,81.141,80.508,1.063,0.43,1.063,0.43,80.106,-0.633,23.0,-0.633,23,0.746,0.7464999999999999,0.746,0.7464999999999999
2,2023,2023071,30.0,396,Alfa Romeo,80.866,80.405,0.752,0.291,0.752,0.291,80.229,-0.461,23.0,-0.461,23,0.521,0.5215,0.521,0.5215
2,2023,2023071,31.0,397,Alfa Romeo,80.928,80.673,0.743,0.488,0.743,0.488,80.241,-0.255,23.0,-0.255,23,0.615,0.6154999999999999,0.615,0.6154999999999999
2,2023,2023071,32.0,398,Alfa Romeo,81.081,80.679,0.85,0.448,0.85,0.448,80.322,-0.402,23.0,-0.402,23,0.649,0.649,0.649,0.649
2,2023,2023071,33.0,399,Alfa Romeo,81.425,80.782,0.943,0.3,0.943,0.3,80.508,-0.643,23.0,-0.643,23,0.621,0.6214999999999999,0.621,0.6214999999999999
2,2023,2023071,34.0,400,Alfa Romeo,83.001,80.446,2.718,0.163,1.233,0.163,80.365,-2.555,23.0,-1.070,23,1.440,1.4405,0.698,0.6980000000000001
2,2023,2023071,35.0,401,Alfa Romeo,81.606,80.371,1.309,0.074,1.309,0.074,80.422,-1.235,23.0,-1.235,23,0.692,0.6915,0.692,0.6915
2,2023,2023071,36.0,402,Alfa Romeo,81.789,,1.587,,1.587,,80.308,-,-,-,,-,0.5581666666666667,-,0.5581666666666667
2,2023,2023071,37.0,403,Alfa Romeo,83.289,,3.115,,1.695,,80.374,-,-,-,,-,0.42483333333333334,-,0.42483333333333334
2,2023,2023071,38.0,404,Alfa Romeo,81.948,78.753,1.889,-1.306,1.889,-1.306,80.165,-3.195,23.0,-3.195,23,0.291,0.2915,0.291,0.2915
2,2023,2023071,39.0,405,Alfa Romeo,,78.982,,-0.771,,-0.771,79.801,-,-,-,,-,0.284,-,0.284
2,2023,2023071,40.0,406,Alfa Romeo,,79.119,,-0.546,,-0.546,79.821,-,-,-,,-,0.2765,-,0.2765
2,2023,2023071,41.0,407,Alfa Romeo,80.472,79.065,0.972,-0.434,0.972,-0.434,79.554,-1.406,23.0,-1.406,23,0.269,0.269,0.269,0.269
2,2023,2023071,42.0,408,Alfa Romeo,79.706,79.044,0.27,-0.392,0.27,-0.392,79.512,-0.662,23.0,-0.662,23,-0.061,-0.061,-0.061,-0.061
2,2023,2023071,43.0,409,Alfa Romeo,80.158,79.073,0.819,-0.266,0.819,-0.266,79.347,-1.085,23.0,-1.085,23,0.276,0.27649999999999997,0.276,0.27649999999999997
2,2023,2023071,44.0,410,Alfa Romeo,82.064,79.336,2.778,0.05,0.439,-0.087,79.485,-2.728,23.0,-0.526,23,1.414,1.414,0.176,0.176
2,2023,2023071,45.0,411,Alfa Romeo,79.292,79.326,-0.003,0.031,-0.003,0.031,79.307,0.034,3.0,0.034,3,0.014,0.014,0.014,0.014
2,2023,2023071,46.0,412,Alfa Romeo,78.885,79.122,-0.283,-0.046,-0.283,-0.046,79.18,0.237,3.0,0.237,3,-0.164,-0.16449999999999998,-0.164,-0.16449999999999998
2,2023,2023071,47.0,413,Alfa Romeo,78.956,79.214,-0.132,0.126,-0.132,0.126,79.13,0.258,3.0,0.258,3,-0.003,-0.0030000000000000027,-0.003,-0.0030000000000000027
2,2023,2023071,48.0,414,Alfa Romeo,79.498,79.749,0.377,0.628,0.377,0.124,79.283,0.251,3.0,-0.253,23,0.502,0.5025,0.251,0.2505
2,2023,2023071,49.0,415,Alfa Romeo,79.208,79.276,0.026,0.094,0.026,0.094,79.32,0.068,3.0,0.068,3,0.060,0.06,0.060,0.06
2,2023,2023071,50.0,416,Alfa Romeo,78.242,79.461,-0.824,0.395,-0.824,0.395,79.094,1.219,3.0,1.219,3,-0.214,-0.21449999999999997,-0.214,-0.21449999999999997
2,2023,2023071,51.0,417,Alfa Romeo,79.231,79.699,0.154,0.622,0.154,0.173,79.339,0.468,3.0,0.019,3,0.388,0.388,0.163,0.16349999999999998
2,2023,2023071,52.0,418,Alfa Romeo,79.531,79.04,0.614,0.123,0.614,0.123,78.917,-0.491,23.0,-0.491,23,0.368,0.3685,0.368,0.3685
2,2023,2023071,53.0,419,Alfa Romeo,81.381,79.086,2.527,0.232,0.963,0.232,79.025,-2.295,23.0,-0.731,23,1.380,1.3795000000000002,0.598,0.5975
2,2023,2023071,54.0,420,Alfa Romeo,80.104,79.057,1.318,0.271,1.318,0.271,78.861,-1.047,23.0,-1.047,23,0.794,0.7945,0.794,0.7945
2,2023,2023071,55.0,421,Alfa Romeo,79.523,79.147,0.739,0.363,0.739,0.363,78.944,-0.376,23.0,-0.376,23,0.551,0.5509999999999999,0.551,0.5509999999999999
2,2023,2023071,56.0,422,Alfa Romeo,81.435,80.335,2.589,1.489,0.876,0.44,79.04,-1.100,23.0,-0.436,23,2.039,2.039,0.658,0.658
2,2023,2023071,57.0,423,Alfa Romeo,79.922,79.425,1.053,0.556,1.053,0.556,78.88,-0.497,23.0,-0.497,23,0.804,0.8045,0.804,0.8045
2,2023,2023071,58.0,424,Alfa Romeo,81.352,79.123,2.396,0.167,0.684,0.167,79.136,-2.229,23.0,-0.517,23,1.281,1.2814999999999999,0.426,0.42550000000000004
2,2023,2023071,59.0,425,Alfa Romeo,79.359,78.973,0.324,-0.062,0.324,-0.062,79.169,-0.386,23.0,-0.386,23,0.131,0.131,0.131,0.131
2,2023,2023071,60.0,426,Alfa Romeo,79.704,79.07,0.644,0.01,0.644,0.01,79.07,-0.634,23.0,-0.634,23,0.327,0.327,0.327,0.327
2,2023,2023071,61.0,427,Alfa Romeo,78.959,78.954,0.076,0.071,0.076,0.071,78.974,-0.005,23.0,-0.005,23,0.073,0.0735,0.073,0.0735
2,2023,2023071,62.0,428,Alfa Romeo,79.72,79.369,0.76,0.409,0.76,0.132,79.153,-0.351,23.0,-0.628,23,0.585,0.5845,0.446,0.446
2,2023,2023071,63.0,429,Alfa Romeo,79.774,79.231,0.767,0.224,0.767,0.224,79.186,-0.543,23.0,-0.543,23,0.495,0.4955,0.495,0.4955
2,2023,2023071,64.0,430,Alfa Romeo,82.619,79.257,3.392,0.03,1.051,0.03,79.475,-3.362,23.0,-1.021,23,1.711,1.7109999999999999,0.540,0.5405
2,2023,2023071,65.0,431,Alfa Romeo,80.781,79.137,1.457,-0.187,1.457,-0.187,79.397,-1.644,23.0,-1.644,23,0.635,0.635,0.635,0.635
2,2023,2023071,66.0,432,Alfa Romeo,,79.108,,-0.038,,-0.038,79.146,-,-,-,,-,,-,
2,2023,2023081,1.0,433,Alfa Romeo,,,,,,,,-,-,-,,-,,-,
2,2023,2023081,2.0,434,Alfa Romeo,,,,,,,,-,-,-,,-,,-,
2,2023,2023081,3.0,435,Alfa Romeo,78.791,78.964,0.328,0.501,0.328,0.501,78.463,0.173,3.0,0.173,3,0.414,0.4145,0.414,0.4145
2,2023,2023081,4.0,436,Alfa Romeo,78.629,78.749,0.276,0.396,0.276,0.396,78.383,0.120,3.0,0.120,3,0.336,0.336,0.336,0.336
2,2023,2023081,5.0,437,Alfa Romeo,79.448,79.443,1.028,1.023,0.282,1.023,78.494,-0.005,23.0,0.741,3,1.026,1.0255,0.652,0.6525
2,2023,2023081,6.0,438,Alfa Romeo,78.775,79.469,0.26,0.954,0.26,0.954,78.522,0.694,3.0,0.694,3,0.607,0.607,0.607,0.607
2,2023,2023081,7.0,439,Alfa Romeo,,,,,,,78.748,-,-,-,,-,0.4915,-,0.4915
2,2023,2023081,8.0,440,Alfa Romeo,,,,,,,,-,-,-,,-,0.376,-,0.376
2,2023,2023081,9.0,441,Alfa Romeo,78.676,78.601,0.298,0.223,0.298,0.223,78.378,-0.075,23.0,-0.075,23,0.261,0.2605,0.261,0.2605
2,2023,2023081,10.0,442,Alfa Romeo,79.076,78.941,0.623,0.488,0.246,0.488,78.7,-0.135,23.0,0.242,3,0.555,0.5555,0.367,0.367
2,2023,2023081,11.0,443,Alfa Romeo,78.722,78.531,0.464,0.273,0.464,0.273,78.258,-0.191,23.0,-0.191,23,0.369,0.36850000000000005,0.369,0.36850000000000005
2,2023,2023081,12.0,444,Alfa Romeo,,,,,,,,-,-,-,,-,0.37892857142857145,-,0.37892857142857145
2,2023,2023081,13.0,445,Alfa Romeo,,,,,,,,-,-,-,,-,0.3893571428571429,-,0.3893571428571429
2,2023,2023081,14.0,446,Alfa Romeo,,,,,,,,-,-,-,,-,0.3997857142857143,-,0.3997857142857143
2,2023,2023081,15.0,447,Alfa Romeo,,,,,,,,-,-,-,,-,,-,
2,2023,2023081,16.0,448,Alfa Romeo,,,,,,,,-,-,-,,-,,-,
2,2023,2023081,17.0,449,Alfa Romeo,,,,,,,,-,-,-,,-,,-,
2,2023,2023081,18.0,450,Alfa Romeo,78.647,79.316,0.107,0.776,0.107,0.776,78.54,0.669,3.0,0.669,3,0.442,0.4415,0.442,0.4415
2,2023,2023081,19.0,451,Alfa Romeo,79.098,78.036,1.234,0.172,0.778,0.172,77.888,-1.062,23.0,-0.606,23,0.703,0.703,0.475,0.475
2,2023,2023081,20.0,452,Alfa Romeo,78.637,78.76,0.655,0.778,0.655,0.778,78.062,0.123,3.0,0.123,3,0.717,0.7165,0.717,0.7165
2,2023,2023081,21.0,453,Alfa Romeo,78.254,78.793,0.23,0.769,0.23,0.769,78.195,0.539,3.0,0.539,3,0.499,0.4995,0.499,0.4995
2,2023,2023081,22.0,454,Alfa Romeo,77.856,78.385,-0.075,0.454,-0.075,0.454,77.95,0.529,3.0,0.529,3,0.190,0.1895,0.190,0.1895
2,2023,2023081,23.0,455,Alfa Romeo,77.955,78.673,-0.01,0.708,-0.01,0.708,78.064,0.718,3.0,0.718,3,0.349,0.349,0.349,0.349
2,2023,2023081,24.0,456,Alfa Romeo,77.801,78.359,-0.106,0.452,-0.106,0.452,77.925,0.558,3.0,0.558,3,0.173,0.17300000000000001,0.173,0.17300000000000001
2,2023,2023081,25.0,457,Alfa Romeo,77.974,78.584,0.023,0.633,0.023,0.633,77.999,0.610,3.0,0.610,3,0.328,0.328,0.328,0.328
2,2023,2023081,26.0,458,Alfa Romeo,78.074,78.734,0.03,0.69,0.03,0.69,78.079,0.660,3.0,0.660,3,0.360,0.36,0.360,0.36
2,2023,2023081,27.0,459,Alfa Romeo,78.115,78.448,0.14,0.473,0.14,0.473,78.043,0.333,3.0,0.333,3,0.306,0.3065,0.306,0.3065
2,2023,2023081,28.0,460,Alfa Romeo,78.066,78.322,0.08,0.336,0.08,0.336,77.986,0.256,3.0,0.256,3,0.208,0.20800000000000002,0.208,0.20800000000000002
2,2023,2023081,29.0,461,Alfa Romeo,77.951,78.94,0.002,0.991,0.002,0.529,78.06,0.989,3.0,0.527,3,0.496,0.4965,0.266,0.2655
2,2023,2023081,30.0,462,Alfa Romeo,78.248,78.634,0.287,0.673,-0.054,0.673,78.03,0.386,3.0,0.727,3,0.480,0.48,0.309,0.3095
2,2023,2023081,31.0,463,Alfa Romeo,77.864,78.441,-0.017,0.56,-0.017,0.56,77.887,0.577,3.0,0.577,3,0.272,0.2715,0.272,0.2715
2,2023,2023081,32.0,464,Alfa Romeo,78.405,,0.517,,0.049,,77.966,-,-,-,,-,0.25233333333333335,-,0.22583333333333336
2,2023,2023081,33.0,465,Alfa Romeo,78.009,,0.206,,0.206,,77.819,-,-,-,,-,0.2331666666666667,-,0.1801666666666667
2,2023,2023081,34.0,466,Alfa Romeo,78.247,78.009,0.333,0.095,0.174,0.095,77.923,-0.238,23.0,-0.079,23,0.214,0.21400000000000002,0.135,0.1345
2,2023,2023081,35.0,467,Alfa Romeo,78.167,78.402,0.318,0.553,0.318,0.183,81.842,0.235,3.0,-0.135,23,0.435,0.4355,0.251,0.2505
2,2023,2023081,36.0,468,Alfa Romeo,,78.055,,0.305,,0.305,77.879,-,-,-,,-,0.2856666666666666,-,0.16233333333333333
2,2023,2023081,37.0,469,Alfa Romeo,,77.836,,0.26,,0.26,77.596,-,-,-,,-,0.1358333333333333,-,0.07416666666666666
2,2023,2023081,38.0,470,Alfa Romeo,77.246,77.634,-0.208,0.18,-0.208,0.18,77.515,0.388,3.0,0.388,3,-0.014,-0.013999999999999999,-0.014,-0.013999999999999999
2,2023,2023081,39.0,471,Alfa Romeo,77.146,77.219,-0.236,-0.163,-0.236,-0.163,77.439,0.073,3.0,0.073,3,-0.200,-0.1995,-0.200,-0.1995
2,2023,2023081,40.0,472,Alfa Romeo,76.993,77.8,-0.359,0.448,-0.359,-0.027,77.398,0.807,3.0,0.332,3,0.045,0.04450000000000001,-0.193,-0.193
2,2023,2023081,41.0,473,Alfa Romeo,77.131,77.431,-0.178,0.121,-0.178,0.121,77.487,0.299,3.0,0.299,3,-0.028,-0.028499999999999998,-0.028,-0.028499999999999998
2,2023,2023081,42.0,474,Alfa Romeo,77.289,79.675,-0.02,2.366,-0.02,0.686,77.407,2.386,3.0,0.706,3,1.173,1.173,0.333,0.333
2,2023,2023081,43.0,475,Alfa Romeo,77.022,78.558,-0.196,1.34,-0.196,1.34,77.393,1.536,3.0,1.536,3,0.572,0.5720000000000001,0.572,0.5720000000000001
2,2023,2023081,44.0,476,Alfa Romeo,76.993,77.694,-0.052,0.649,-0.052,0.649,77.045,0.701,3.0,0.701,3,0.298,0.2985,0.298,0.2985
2,2023,2023081,45.0,477,Alfa Romeo,76.931,77.575,-0.012,0.632,-0.012,0.632,76.97,0.644,3.0,0.644,3,0.310,0.31,0.310,0.31
2,2023,2023081,46.0,478,Alfa Romeo,76.818,77.141,-0.043,0.28,-0.043,0.28,76.872,0.323,3.0,0.323,3,0.119,0.11850000000000002,0.119,0.11850000000000002
2,2023,2023081,47.0,479,Alfa Romeo,77.045,77.373,0.182,0.51,0.182,0.51,76.955,0.328,3.0,0.328,3,0.346,0.346,0.346,0.346
2,2023,2023081,48.0,480,Alfa Romeo,77.235,77.366,0.255,0.386,0.255,0.386,77.03,0.131,3.0,0.131,3,0.321,0.3205,0.321,0.3205
2,2023,2023081,49.0,481,Alfa Romeo,77.272,77.412,0.286,0.426,0.286,0.426,76.986,0.140,3.0,0.140,3,0.356,0.356,0.356,0.356
2,2023,2023081,50.0,482,Alfa Romeo,77.201,77.249,0.266,0.314,0.266,0.314,76.958,0.048,3.0,0.048,3,0.290,0.29000000000000004,0.290,0.29000000000000004
2,2023,2023081,51.0,483,Alfa Romeo,77.201,77.503,0.326,0.628,0.326,0.628,76.9,0.302,3.0,0.302,3,0.477,0.477,0.477,0.477
2,2023,2023081,52.0,484,Alfa Romeo,76.625,77.354,-0.148,0.581,-0.148,0.581,76.792,0.729,3.0,0.729,3,0.216,0.21649999999999997,0.216,0.21649999999999997
2,2023,2023081,53.0,485,Alfa Romeo,77.114,77.236,0.41,0.532,0.41,0.532,76.741,0.122,3.0,0.122,3,0.471,0.471,0.471,0.471
2,2023,2023081,54.0,486,Alfa Romeo,77.298,77.404,0.548,0.654,0.548,0.654,76.829,0.106,3.0,0.106,3,0.601,0.601,0.601,0.601
2,2023,2023081,55.0,487,Alfa Romeo,77.004,77.523,0.245,0.764,0.245,0.764,76.814,0.519,3.0,0.519,3,0.504,0.5045,0.504,0.5045
2,2023,2023081,56.0,488,Alfa Romeo,77.129,77.311,0.358,0.54,0.358,0.54,76.781,0.182,3.0,0.182,3,0.449,0.449,0.449,0.449
2,2023,2023081,57.0,489,Alfa Romeo,77.047,77.237,0.316,0.506,0.316,0.506,76.772,0.190,3.0,0.190,3,0.411,0.41100000000000003,0.411,0.41100000000000003
2,2023,2023081,58.0,490,Alfa Romeo,77.323,77.09,0.643,0.41,0.369,0.41,76.776,-0.233,23.0,0.041,3,0.526,0.5265,0.389,0.38949999999999996
2,2023,2023081,59.0,491,Alfa Romeo,77.052,77.196,0.376,0.52,0.376,0.52,76.676,0.144,3.0,0.144,3,0.448,0.448,0.448,0.448
2,2023,2023081,60.0,492,Alfa Romeo,77.238,77.227,0.489,0.478,0.489,0.478,76.783,-0.011,23.0,-0.011,23,0.483,0.4835,0.483,0.4835
2,2023,2023081,61.0,493,Alfa Romeo,77.377,78.766,0.568,1.957,0.568,0.407,76.895,1.389,3.0,-0.161,23,1.262,1.2625,0.487,0.48749999999999993
2,2023,2023081,62.0,494,Alfa Romeo,77.146,77.205,0.404,0.463,0.404,0.463,76.823,0.059,3.0,0.059,3,0.433,0.4335,0.433,0.4335
2,2023,2023081,63.0,495,Alfa Romeo,78.018,77.721,1.259,0.962,0.493,0.597,76.868,-0.297,23.0,0.104,3,1.111,1.1105,0.545,0.5449999999999999
2,2023,2023081,64.0,496,Alfa Romeo,77.359,77.508,0.573,0.722,0.573,0.722,76.844,0.149,3.0,0.149,3,0.647,0.6475,0.647,0.6475
2,2023,2023081,65.0,497,Alfa Romeo,77.495,78.724,0.631,1.86,0.631,1.234,76.921,1.229,3.0,0.603,3,1.246,1.2455,0.932,0.9325
2,2023,2023081,66.0,498,Alfa Romeo,77.296,78.688,0.33,1.722,0.33,1.722,77.047,1.392,3.0,1.392,3,1.026,1.026,1.026,1.026
2,2023,2023081,67.0,499,Alfa Romeo,77.363,79.04,0.422,2.099,0.422,1.126,77.081,1.677,3.0,0.704,3,1.261,1.2605000000000002,0.774,0.7739999999999999
2,2023,2023081,68.0,500,Alfa Romeo,77.137,77.447,0.348,0.658,0.348,0.658,76.789,0.310,3.0,0.310,3,0.503,0.503,0.503,0.503
2,2023,2023081,69.0,501,Alfa Romeo,77.054,78.04,0.199,1.185,0.199,1.185,76.865,0.986,3.0,0.986,3,0.692,0.6920000000000001,0.692,0.6920000000000001
2,2023,2023081,70.0,502,Alfa Romeo,77.699,,0.672,,0.672,,77.027,-,-,-,,-,,-,
2,2023,2023090,1.0,503,Alfa Romeo,,,,,,,,-,-,-,,-,,-,
2,2023,2023090,2.0,504,Alfa Romeo,,,,,,,,-,-,-,,-,,-,
2,2023,2023090,3.0,505,Alfa Romeo,80.819,81.782,0.71,1.673,0.71,1.673,80.109,0.963,3.0,0.963,3,1.192,1.1915,1.192,1.1915
2,2023,2023090,4.0,506,Alfa Romeo,79.582,80.042,0.634,1.094,0.634,1.094,78.948,0.460,3.0,0.460,3,0.864,0.8640000000000001,0.864,0.8640000000000001
2,2023,2023090,5.0,507,Alfa Romeo,79.415,79.71,1.017,1.312,1.017,1.312,78.398,0.295,3.0,0.295,3,1.164,1.1644999999999999,1.164,1.1644999999999999
2,2023,2023090,6.0,508,Alfa Romeo,79.073,78.663,1.087,0.677,1.087,0.677,77.986,-0.410,23.0,-0.410,23,0.882,0.882,0.882,0.882
2,2023,2023090,7.0,509,Alfa Romeo,78.862,78.69,1.102,0.93,1.102,0.93,77.79,-0.172,23.0,-0.172,23,1.016,1.016,1.016,1.016
2,2023,2023090,8.0,510,Alfa Romeo,78.921,78.56,1.243,0.882,1.243,0.882,77.697,-0.361,23.0,-0.361,23,1.062,1.0625,1.062,1.0625
2,2023,2023090,9.0,511,Alfa Romeo,78.678,77.917,1.161,0.4,1.161,0.4,77.529,-0.761,23.0,-0.761,23,0.780,0.7805,0.780,0.7805
2,2023,2023090,10.0,512,Alfa Romeo,77.564,77.845,0.196,0.477,0.196,0.477,77.368,0.281,3.0,0.281,3,0.337,0.3365,0.337,0.3365
2,2023,2023090,11.0,513,Alfa Romeo,77.677,77.594,0.441,0.358,0.441,0.358,77.236,-0.083,23.0,-0.083,23,0.399,0.39949999999999997,0.399,0.39949999999999997
2,2023,2023090,12.0,514,Alfa Romeo,76.946,77.384,-0.069,0.369,-0.069,0.369,77.097,0.438,3.0,0.438,3,0.150,0.15,0.150,0.15
2,2023,2023090,13.0,515,Alfa Romeo,77.472,77.57,0.545,0.643,0.545,0.643,76.962,0.098,3.0,0.098,3,0.594,0.5940000000000001,0.594,0.5940000000000001
2,2023,2023090,14.0,516,Alfa Romeo,77.729,77.896,1.026,1.193,1.026,1.193,76.727,0.167,3.0,0.167,3,1.110,1.1095000000000002,1.110,1.1095000000000002
2,2023,2023090,15.0,517,Alfa Romeo,77.22,77.352,0.694,0.826,0.694,0.826,76.526,0.132,3.0,0.132,3,0.760,0.76,0.760,0.76
2,2023,2023090,16.0,518,Alfa Romeo,77.553,77.687,1.038,1.172,1.038,1.172,76.564,0.134,3.0,0.134,3,1.105,1.105,1.105,1.105
2,2023,2023090,17.0,519,Alfa Romeo,77.669,,1.712,,1.712,,76.072,-,-,-,,-,1.065,-,1.065
2,2023,2023090,18.0,520,Alfa Romeo,77.062,,1.753,,1.753,,75.421,-,-,-,,-,1.025,-,1.025
2,2023,2023090,19.0,521,Alfa Romeo,77.552,74.554,2.484,-0.514,2.484,-0.514,75.1,-2.998,23.0,-2.998,23,0.985,0.985,0.985,0.985
2,2023,2023090,20.0,522,Alfa Romeo,80.3,72.423,5.598,-2.279,3.091,-2.279,74.828,-7.877,23.0,-5.370,23,1.659,1.6595,0.406,0.40600000000000014
2,2023,2023090,21.0,523,Alfa Romeo,78.034,72.473,4.066,-1.495,4.066,-1.495,73.968,-5.561,23.0,-5.561,23,1.285,1.2854999999999999,1.285,1.2854999999999999
2,2023,2023090,22.0,524,Alfa Romeo,76.758,71.305,3.206,-2.247,3.206,-2.247,73.566,-5.453,23.0,-5.453,23,0.480,0.47950000000000004,0.480,0.47950000000000004
2,2023,2023090,23.0,525,Alfa Romeo,78.173,73.0,4.553,-0.62,3.661,-1.912,73.782,-5.173,23.0,-5.573,23,1.966,1.9665,0.875,0.8745
2,2023,2023090,24.0,526,Alfa Romeo,77.803,72.111,4.015,-1.677,4.015,-1.677,73.788,-5.692,23.0,-5.692,23,1.169,1.1689999999999998,1.169,1.1689999999999998
2,2023,2023091,1.0,527,Alfa Romeo,,,,,,,,-,-,-,,-,,-,
2,2023,2023091,2.0,528,Alfa Romeo,,,,,,,,-,-,-,,-,,-,
2,2023,2023091,3.0,529,Alfa Romeo,,,,,,,,-,-,-,,-,,-,
2,2023,2023091,4.0,530,Alfa Romeo,,,,,,,,-,-,-,,-,,-,
2,2023,2023091,5.0,531,Alfa Romeo,72.673,72.247,0.924,0.498,0.924,0.498,71.749,-0.426,23.0,-0.426,23,0.711,0.7110000000000001,0.711,0.7110000000000001
2,2023,2023091,6.0,532,Alfa Romeo,72.064,71.555,0.777,0.268,0.777,0.268,71.308,-0.509,23.0,-0.509,23,0.522,0.5225,0.522,0.5225
2,2023,2023091,7.0,533,Alfa Romeo,71.555,71.161,0.535,0.141,0.535,0.141,71.02,-0.394,23.0,-0.394,23,0.338,0.338,0.338,0.338
2,2023,2023091,8.0,534,Alfa Romeo,71.81,,0.732,,0.478,,71.231,-,-,-,,-,0.2005,-,0.2005
2,2023,2023091,9.0,535,Alfa Romeo,71.556,,0.408,,0.408,,71.161,-,-,-,,-,0.063,-,0.063
2,2023,2023091,10.0,536,Alfa Romeo,71.723,70.448,0.563,-0.712,0.563,-0.712,71.18,-1.275,23.0,-1.275,23,-0.075,-0.07450000000000001,-0.075,-0.07450000000000001
2,2023,2023091,11.0,537,Alfa Romeo,72.176,70.692,0.983,-0.501,0.731,-0.501,71.278,-1.484,23.0,-1.232,23,0.241,0.241,0.115,0.11499999999999999
2,2023,2023091,12.0,538,Alfa Romeo,72.125,70.959,0.92,-0.246,0.92,-0.246,71.205,-1.166,23.0,-1.166,23,0.337,0.337,0.337,0.337
2,2023,2023091,13.0,539,Alfa Romeo,72.114,71.196,0.781,-0.137,0.781,-0.137,71.333,-0.918,23.0,-0.918,23,0.322,0.322,0.322,0.322
2,2023,2023091,14.0,540,Alfa Romeo,,,,,,,,-,-,-,,-,0.47525,-,0.47525
2,2023,2023091,15.0,541,Alfa Romeo,,,,,,,,-,-,-,,-,0.6285000000000001,-,0.6285000000000001
2,2023,2023091,16.0,542,Alfa Romeo,,70.647,,-0.716,,-0.716,71.364,-,-,-,,-,0.78175,-,0.78175
2,2023,2023091,17.0,543,Alfa Romeo,72.747,70.709,1.954,-0.084,1.954,-0.084,70.819,-2.038,23.0,-2.038,23,0.935,0.9349999999999999,0.935,0.9349999999999999
2,2023,2023091,18.0,544,Alfa Romeo,72.287,71.086,1.472,0.271,1.472,0.271,70.919,-1.201,23.0,-1.201,23,0.871,0.8714999999999999,0.871,0.8714999999999999
2,2023,2023091,19.0,545,Alfa Romeo,72.273,71.112,1.489,0.328,1.489,0.328,70.873,-1.161,23.0,-1.161,23,0.909,0.9085000000000001,0.909,0.9085000000000001
2,2023,2023091,20.0,546,Alfa Romeo,72.87,71.02,1.923,0.073,1.923,0.073,71.114,-1.850,23.0,-1.850,23,0.998,0.998,0.998,0.998
2,2023,2023091,21.0,547,Alfa Romeo,,71.446,,0.553,,0.282,70.94,-,-,-,,-,0.7236666666666667,-,0.6568333333333334
2,2023,2023091,22.0,548,Alfa Romeo,,71.33,,0.407,,0.407,71.151,-,-,-,,-,0.44933333333333336,-,0.31566666666666676
2,2023,2023091,23.0,549,Alfa Romeo,70.22,71.74,-0.585,0.935,-0.585,0.534,70.853,1.520,3.0,1.119,3,0.175,0.17500000000000004,-0.025,-0.025499999999999967
2,2023,2023091,24.0,550,Alfa Romeo,70.594,71.348,-0.12,0.634,-0.615,0.634,70.749,0.754,3.0,1.249,3,0.257,0.257,0.010,0.009500000000000008
2,2023,2023091,25.0,551,Alfa Romeo,69.977,71.684,-0.689,1.018,-0.689,0.837,70.802,1.707,3.0,1.526,3,0.165,0.16450000000000004,0.074,0.07400000000000001
2,2023,2023091,26.0,552,Alfa Romeo,70.162,71.659,-0.456,1.041,-0.456,1.041,70.697,1.497,3.0,1.497,3,0.292,0.2925,0.292,0.2925
2,2023,2023091,27.0,553,Alfa Romeo,70.427,71.367,-0.139,0.801,-0.139,0.801,70.635,0.940,3.0,0.940,3,0.331,0.331,0.331,0.331
2,2023,2023091,28.0,554,Alfa Romeo,70.351,71.494,-0.221,0.922,-0.221,0.922,70.631,1.143,3.0,1.143,3,0.351,0.35050000000000003,0.351,0.35050000000000003
2,2023,2023091,29.0,555,Alfa Romeo,70.109,71.714,-0.559,1.046,-0.559,1.046,70.755,1.605,3.0,1.605,3,0.243,0.2435,0.243,0.2435
2,2023,2023091,30.0,556,Alfa Romeo,70.35,71.71,-0.376,0.984,-0.376,0.984,70.756,1.360,3.0,1.360,3,0.304,0.304,0.304,0.304
2,2023,2023091,31.0,557,Alfa Romeo,70.494,71.779,-0.277,1.008,-0.277,1.008,70.779,1.285,3.0,1.285,3,0.365,0.3655,0.365,0.3655
2,2023,2023091,32.0,558,Alfa Romeo,70.62,71.643,-0.137,0.886,-0.137,0.886,70.837,1.023,3.0,1.023,3,0.374,0.3745,0.374,0.3745
2,2023,2023091,33.0,559,Alfa Romeo,70.705,71.503,-0.044,0.754,-0.044,0.754,70.809,0.798,3.0,0.798,3,0.355,0.355,0.355,0.355
2,2023,2023091,34.0,560,Alfa Romeo,70.634,71.591,-0.006,0.951,-0.006,0.951,70.691,0.957,3.0,0.957,3,0.472,0.4725,0.472,0.4725
2,2023,2023091,35.0,561,Alfa Romeo,71.023,71.641,0.321,0.939,0.321,0.939,70.911,0.618,3.0,0.618,3,0.630,0.63,0.630,0.63
2,2023,2023091,36.0,562,Alfa Romeo,72.273,71.766,1.53,1.023,0.084,1.023,70.835,-0.507,23.0,0.939,3,1.276,1.2765,0.553,0.5535
2,2023,2023091,37.0,563,Alfa Romeo,70.631,71.896,-0.091,1.174,-0.091,1.174,70.74,1.265,3.0,1.265,3,0.541,0.5415,0.541,0.5415
2,2023,2023091,38.0,564,Alfa Romeo,71.504,,0.855,,0.339,,70.805,-,-,-,,-,0.3423,-,0.3423
2,2023,2023091,39.0,565,Alfa Romeo,71.345,,0.645,,0.645,,70.724,-,-,-,,-,0.1431,-,0.1431
2,2023,2023091,40.0,566,Alfa Romeo,,69.872,,-0.706,,-0.706,70.612,-,-,-,,-,-0.05609999999999993,-,-0.05609999999999993
2,2023,2023091,41.0,567,Alfa Romeo,,70.085,,-0.389,,-0.389,70.503,-,-,-,,-,,-,
2,2023,2023091,42.0,568,Alfa Romeo,70.102,69.895,-0.351,-0.558,-0.351,-0.558,70.554,-0.207,23.0,-0.207,23,-0.455,-0.4545,-0.455,-0.4545
2,2023,2023091,43.0,569,Alfa Romeo,70.343,70.066,0.226,-0.051,0.226,-0.051,70.176,-0.277,23.0,-0.277,23,0.088,0.08750000000000001,0.088,0.08750000000000001
2,2023,2023091,44.0,570,Alfa Romeo,70.196,71.369,0.091,1.264,0.091,0.493,70.165,1.173,3.0,0.402,3,0.677,0.6775,0.292,0.292
2,2023,2023091,45.0,571,Alfa Romeo,70.009,71.131,0.003,1.125,0.003,1.125,70.006,1.122,3.0,1.122,3,0.564,0.564,0.564,0.564
2,2023,2023091,46.0,572,Alfa Romeo,70.074,69.786,0.303,0.015,0.303,0.015,69.806,-0.288,23.0,-0.288,23,0.159,0.159,0.159,0.159
2,2023,2023091,47.0,573,Alfa Romeo,70.078,69.864,0.392,0.178,0.392,0.178,69.829,-0.214,23.0,-0.214,23,0.285,0.28500000000000003,0.285,0.28500000000000003
2,2023,2023091,48.0,574,Alfa Romeo,71.574,69.863,1.882,0.171,0.317,0.171,69.811,-1.711,23.0,-0.146,23,1.026,1.0265,0.244,0.244
2,2023,2023091,49.0,575,Alfa Romeo,69.94,70.644,0.254,0.958,0.254,0.192,69.864,0.704,3.0,-0.062,23,0.606,0.606,0.223,0.223
2,2023,2023091,50.0,576,Alfa Romeo,70.146,69.893,0.486,0.233,0.486,0.233,69.66,-0.253,23.0,-0.253,23,0.359,0.3595,0.359,0.3595
2,2023,2023091,51.0,577,Alfa Romeo,70.149,70.079,0.545,0.475,0.545,0.475,69.699,-0.070,23.0,-0.070,23,0.510,0.51,0.510,0.51
2,2023,2023091,52.0,578,Alfa Romeo,70.365,69.961,0.731,0.327,0.731,0.327,69.841,-0.404,23.0,-0.404,23,0.529,0.529,0.529,0.529
2,2023,2023091,53.0,579,Alfa Romeo,70.075,70.379,0.418,0.722,0.418,0.722,69.693,0.304,3.0,0.304,3,0.570,0.57,0.570,0.57
2,2023,2023091,54.0,580,Alfa Romeo,70.282,70.386,0.674,0.778,0.674,0.778,69.789,0.104,3.0,0.104,3,0.726,0.726,0.726,0.726
2,2023,2023091,55.0,581,Alfa Romeo,73.55,70.43,3.849,0.729,0.909,0.729,69.958,-3.120,23.0,-0.180,23,2.289,2.289,0.819,0.819
2,2023,2023091,56.0,582,Alfa Romeo,70.938,70.408,1.245,0.715,1.245,0.715,69.916,-0.530,23.0,-0.530,23,0.980,0.98,0.980,0.98
2,2023,2023091,57.0,583,Alfa Romeo,70.827,70.784,1.044,1.001,1.044,1.001,70.137,-0.043,23.0,-0.043,23,1.022,1.0225,1.022,1.0225
2,2023,2023091,58.0,584,Alfa Romeo,70.517,72.024,0.641,2.148,0.641,0.663,69.991,1.507,3.0,0.022,3,1.395,1.3945,0.652,0.652
2,2023,2023091,59.0,585,Alfa Romeo,70.699,70.294,0.756,0.351,0.756,0.351,69.997,-0.405,23.0,-0.405,23,0.553,0.5535,0.553,0.5535
2,2023,2023091,60.0,586,Alfa Romeo,70.68,70.487,0.743,0.55,0.743,0.55,69.937,-0.193,23.0,-0.193,23,0.647,0.6465000000000001,0.647,0.6465000000000001
2,2023,2023091,61.0,587,Alfa Romeo,70.878,70.551,0.954,0.627,0.954,0.627,70.184,-0.327,23.0,-0.327,23,0.790,0.7905,0.790,0.7905
2,2023,2023091,62.0,588,Alfa Romeo,71.987,70.643,2.018,0.674,1.202,0.674,70.029,-1.344,23.0,-0.528,23,1.346,1.3459999999999999,0.938,0.938
2,2023,2023091,63.0,589,Alfa Romeo,71.463,70.447,1.375,0.359,1.375,0.359,70.235,-1.016,23.0,-1.016,23,0.867,0.867,0.867,0.867
2,2023,2023091,64.0,590,Alfa Romeo,71.609,70.508,1.406,0.305,1.406,0.305,70.364,-1.101,23.0,-1.101,23,0.855,0.8554999999999999,0.855,0.8554999999999999
2,2023,2023091,65.0,591,Alfa Romeo,72.19,70.455,1.979,0.244,0.967,0.244,70.358,-1.735,23.0,-0.723,23,1.111,1.1115,0.605,0.6054999999999999
2,2023,2023091,66.0,592,Alfa Romeo,70.748,72.045,0.551,1.848,0.551,0.157,70.33,1.297,3.0,-0.394,23,1.200,1.1995,0.354,0.35400000000000004
2,2023,2023091,67.0,593,Alfa Romeo,70.382,70.253,0.358,0.229,0.358,0.229,70.088,-0.129,23.0,-0.129,23,0.293,0.2935,0.293,0.2935
2,2023,2023091,68.0,594,Alfa Romeo,70.477,72.254,0.489,2.266,0.489,0.283,70.136,1.777,3.0,-0.206,23,1.377,1.3775,0.386,0.386
2,2023,2023091,69.0,595,Alfa Romeo,70.283,70.288,0.204,0.209,0.204,0.209,70.143,0.005,3.0,0.005,3,0.206,0.2065,0.206,0.2065
2,2023,2023091,70.0,596,Alfa Romeo,70.092,70.753,0.101,0.762,0.101,0.762,69.991,0.661,3.0,0.661,3,0.431,0.4315,0.431,0.4315
2,2023,2023101,1.0,597,Alfa Romeo,,,,,,,,-,-,-,,-,,-,
2,2023,2023101,2.0,598,Alfa Romeo,,,,,,,,-,-,-,,-,,-,
2,2023,2023101,3.0,599,Alfa Romeo,94.865,94.679,0.98,0.794,0.98,0.794,93.885,-0.186,23.0,-0.186,23,0.887,0.887,0.887,0.887
2,2023,2023101,4.0,600,Alfa Romeo,94.611,94.408,0.927,0.724,0.927,0.724,93.684,-0.203,23.0,-0.203,23,0.826,0.8255,0.826,0.8255
2,2023,2023101,5.0,601,Alfa Romeo,94.804,94.736,0.831,0.763,0.728,0.763,94.175,-0.068,23.0,0.035,3,0.797,0.7969999999999999,0.746,0.7455
2,2023,2023101,6.0,602,Alfa Romeo,94.791,94.807,0.665,0.681,0.665,0.681,94.277,0.016,3.0,0.016,3,0.673,0.673,0.673,0.673
2,2023,2023101,7.0,603,Alfa Romeo,94.879,94.995,0.833,0.949,0.833,0.949,94.091,0.116,3.0,0.116,3,0.891,0.891,0.891,0.891
2,2023,2023101,8.0,604,Alfa Romeo,94.476,94.267,0.713,0.504,0.713,0.504,93.763,-0.209,23.0,-0.209,23,0.609,0.6085,0.609,0.6085
2,2023,2023101,9.0,605,Alfa Romeo,94.386,94.044,0.809,0.467,0.809,0.467,93.577,-0.342,23.0,-0.342,23,0.638,0.638,0.638,0.638
2,2023,2023101,10.0,606,Alfa Romeo,94.306,94.392,0.668,0.754,0.668,0.494,93.735,0.086,3.0,-0.174,23,0.711,0.7110000000000001,0.581,0.581
2,2023,2023101,11.0,607,Alfa Romeo,94.354,94.221,0.716,0.583,0.716,0.583,93.646,-0.133,23.0,-0.133,23,0.649,0.6495,0.649,0.6495
2,2023,2023101,12.0,608,Alfa Romeo,94.541,94.235,0.831,0.525,0.831,0.525,93.851,-0.306,23.0,-0.306,23,0.678,0.6779999999999999,0.678,0.6779999999999999
2,2023,2023101,13.0,609,Alfa Romeo,94.618,94.13,0.907,0.419,0.907,0.419,93.721,-0.488,23.0,-0.488,23,0.663,0.663,0.663,0.663
2,2023,2023101,14.0,610,Alfa Romeo,94.604,94.418,0.878,0.692,0.878,0.692,93.959,-0.186,23.0,-0.186,23,0.785,0.7849999999999999,0.785,0.7849999999999999
2,2023,2023101,15.0,611,Alfa Romeo,94.627,94.677,0.877,0.927,0.877,0.927,93.772,0.050,3.0,0.050,3,0.902,0.902,0.902,0.902
2,2023,2023101,16.0,612,Alfa Romeo,94.367,94.263,0.837,0.733,0.837,0.733,93.562,-0.104,23.0,-0.104,23,0.785,0.7849999999999999,0.785,0.7849999999999999
2,2023,2023101,17.0,613,Alfa Romeo,93.867,94.027,0.515,0.675,0.515,0.675,93.363,0.160,3.0,0.160,3,0.595,0.595,0.595,0.595
2,2023,2023101,18.0,614,Alfa Romeo,93.749,93.861,0.45,0.562,0.45,0.562,93.309,0.112,3.0,0.112,3,0.506,0.506,0.506,0.506
2,2023,2023101,19.0,615,Alfa Romeo,93.73,93.907,0.453,0.63,0.453,0.63,93.341,0.177,3.0,0.177,3,0.541,0.5415,0.541,0.5415
2,2023,2023101,20.0,616,Alfa Romeo,93.671,93.726,0.483,0.538,0.483,0.538,93.2,0.055,3.0,0.055,3,0.510,0.5105,0.510,0.5105
2,2023,2023101,21.0,617,Alfa Romeo,93.607,93.56,0.42,0.373,0.42,0.373,93.195,-0.047,23.0,-0.047,23,0.396,0.39649999999999996,0.396,0.39649999999999996
2,2023,2023101,22.0,618,Alfa Romeo,93.468,93.679,0.373,0.584,0.373,0.584,93.095,0.211,3.0,0.211,3,0.478,0.4785,0.478,0.4785
2,2023,2023101,23.0,619,Alfa Romeo,93.787,93.642,0.747,0.602,0.426,0.602,93.084,-0.145,23.0,0.176,3,0.674,0.6745,0.514,0.514
2,2023,2023101,24.0,620,Alfa Romeo,93.464,,0.394,,0.394,,93.081,-,-,-,,-,0.4033333333333333,-,0.29633333333333334
2,2023,2023101,25.0,621,Alfa Romeo,93.292,,0.177,,0.177,,93.202,-,-,-,,-,0.13216666666666665,-,0.07866666666666666
2,2023,2023101,26.0,622,Alfa Romeo,93.47,92.524,0.334,-0.612,0.334,-0.612,93.171,-0.946,23.0,-0.946,23,-0.139,-0.13899999999999998,-0.139,-0.13899999999999998
2,2023,2023101,27.0,623,Alfa Romeo,93.588,92.912,0.521,-0.155,0.521,-0.155,93.067,-0.676,23.0,-0.676,23,0.183,0.183,0.183,0.183
2,2023,2023101,28.0,624,Alfa Romeo,93.5,92.999,0.492,-0.009,0.492,-0.009,93.008,-0.501,23.0,-0.501,23,0.241,0.2415,0.241,0.2415
2,2023,2023101,29.0,625,Alfa Romeo,93.351,92.812,0.508,-0.031,0.508,-0.031,92.843,-0.539,23.0,-0.539,23,0.238,0.2385,0.238,0.2385
2,2023,2023101,30.0,626,Alfa Romeo,93.367,93.006,0.641,0.28,0.641,0.28,92.739,-0.361,23.0,-0.361,23,0.461,0.4605,0.461,0.4605
2,2023,2023101,31.0,627,Alfa Romeo,93.44,93.073,0.769,0.402,0.769,0.402,92.684,-0.367,23.0,-0.367,23,0.586,0.5855,0.586,0.5855
2,2023,2023101,32.0,628,Alfa Romeo,,,,,,,92.39,-,-,-,,-,0.6321111111111111,-,0.6321111111111111
2,2023,2023101,33.0,629,Alfa Romeo,,,,,,,,-,-,-,,-,0.6787222222222222,-,0.6787222222222222
2,2023,2023101,34.0,630,Alfa Romeo,,,,,,,,-,-,-,,-,0.7253333333333333,-,0.7253333333333333
2,2023,2023101,35.0,631,Alfa Romeo,,,,,,,,-,-,-,,-,,-,
2,2023,2023101,36.0,632,Alfa Romeo,,,,,,,,-,-,-,,-,,-,
2,2023,2023101,37.0,633,Alfa Romeo,,,,,,,,-,-,-,,-,,-,
2,2023,2023101,38.0,634,Alfa Romeo,,,,,,,,-,-,-,,-,,-,
2,2023,2023101,39.0,635,Alfa Romeo,,,,,,,,-,-,-,,-,,-,
2,2023,2023101,40.0,636,Alfa Romeo,93.056,93.31,0.878,1.132,0.878,1.132,92.178,0.254,3.0,0.254,3,1.005,1.005,1.005,1.005
2,2023,2023101,41.0,637,Alfa Romeo,92.229,92.655,0.632,1.058,0.632,1.058,91.637,0.426,3.0,0.426,3,0.845,0.845,0.845,0.845
2,2023,2023101,42.0,638,Alfa Romeo,91.902,92.243,0.335,0.676,0.335,0.676,91.626,0.341,3.0,0.341,3,0.506,0.5055000000000001,0.506,0.5055000000000001
2,2023,2023101,43.0,639,Alfa Romeo,92.047,92.645,0.307,0.905,0.307,0.905,91.756,0.598,3.0,0.598,3,0.606,0.606,0.606,0.606
2,2023,2023101,44.0,640,Alfa Romeo,92.563,92.789,0.547,0.773,0.547,0.773,92.414,0.226,3.0,0.226,3,0.660,0.66,0.660,0.66
2,2023,2023101,45.0,641,Alfa Romeo,93.177,92.502,0.858,0.183,0.104,0.183,92.407,-0.675,23.0,0.079,3,0.520,0.5205,0.143,0.1435
2,2023,2023101,46.0,642,Alfa Romeo,92.284,92.329,0.326,0.371,0.326,0.371,92.032,0.045,3.0,0.045,3,0.349,0.34850000000000003,0.349,0.34850000000000003
2,2023,2023101,47.0,643,Alfa Romeo,92.079,91.957,0.371,0.249,0.371,0.249,91.73,-0.122,23.0,-0.122,23,0.310,0.31,0.310,0.31
2,2023,2023101,48.0,644,Alfa Romeo,91.974,91.769,0.396,0.191,0.396,0.191,91.591,-0.205,23.0,-0.205,23,0.293,0.2935,0.293,0.2935
2,2023,2023101,49.0,645,Alfa Romeo,92.167,92.599,0.409,0.841,0.409,0.356,91.825,0.432,3.0,-0.053,23,0.625,0.625,0.382,0.38249999999999995
2,2023,2023101,50.0,646,Alfa Romeo,92.163,92.459,0.348,0.644,0.348,0.644,91.868,0.296,3.0,0.296,3,0.496,0.496,0.496,0.496
2,2023,2023101,51.0,647,Alfa Romeo,92.133,92.09,0.356,0.313,0.356,0.313,91.802,-0.043,23.0,-0.043,23,0.335,0.3345,0.335,0.3345
2,2023,2023101,52.0,648,Alfa Romeo,91.852,92.114,0.068,0.33,0.068,0.33,91.784,0.262,3.0,0.262,3,0.199,0.199,0.199,0.199
2,2023,2023111,1.0,649,Alfa Romeo,,,,,,,,-,-,-,,-,,-,
2,2023,2023111,2.0,650,Alfa Romeo,,,,,,,,-,-,-,,-,,-,
2,2023,2023111,3.0,651,Alfa Romeo,86.525,86.774,0.356,0.605,0.356,0.605,86.169,0.249,3.0,0.249,3,0.480,0.4805,0.480,0.4805
2,2023,2023111,4.0,652,Alfa Romeo,85.966,86.413,0.28,0.727,0.28,0.727,85.686,0.447,3.0,0.447,3,0.504,0.5035000000000001,0.504,0.5035000000000001
2,2023,2023111,5.0,653,Alfa Romeo,85.991,86.337,0.279,0.625,0.279,0.625,85.752,0.346,3.0,0.346,3,0.452,0.452,0.452,0.452
2,2023,2023111,6.0,654,Alfa Romeo,85.73,86.313,0.14,0.723,0.14,0.723,85.59,0.583,3.0,0.583,3,0.431,0.4315,0.431,0.4315
2,2023,2023111,7.0,655,Alfa Romeo,85.738,85.933,0.182,0.377,0.182,0.377,85.569,0.195,3.0,0.195,3,0.279,0.27949999999999997,0.279,0.27949999999999997
2,2023,2023111,8.0,656,Alfa Romeo,86.076,86.036,0.416,0.376,0.416,0.376,85.744,-0.040,23.0,-0.040,23,0.396,0.396,0.396,0.396
2,2023,2023111,9.0,657,Alfa Romeo,,85.844,,0.257,,0.257,85.669,-,-,-,,-,0.05312499999999998,-,0.05312499999999998
2,2023,2023111,10.0,658,Alfa Romeo,,,,,,,85.42,-,-,-,,-,-0.28975000000000006,-,-0.28975000000000006
2,2023,2023111,11.0,659,Alfa Romeo,84.246,,-0.945,,-0.945,,85.218,-,-,-,,-,-0.6326250000000001,-,-0.6326250000000001
2,2023,2023111,12.0,660,Alfa Romeo,84.648,83.743,-0.523,-1.428,-0.523,-1.428,85.184,-0.905,23.0,-0.905,23,-0.976,-0.9755,-0.976,-0.9755
2,2023,2023111,13.0,661,Alfa Romeo,84.851,83.875,-0.334,-1.31,-0.334,-1.31,85.2,-0.976,23.0,-0.976,23,-0.822,-0.8220000000000001,-0.822,-0.8220000000000001
2,2023,2023111,14.0,662,Alfa Romeo,84.815,83.87,-0.303,-1.248,-0.303,-1.248,85.149,-0.945,23.0,-0.945,23,-0.775,-0.7755,-0.775,-0.7755
2,2023,2023111,15.0,663,Alfa Romeo,84.92,84.995,-0.223,-0.148,-0.223,-0.764,85.275,0.075,3.0,-0.541,23,-0.185,-0.1855,-0.493,-0.4935
2,2023,2023111,16.0,664,Alfa Romeo,85.33,84.889,0.29,-0.151,-0.082,-0.151,85.136,-0.441,23.0,-0.069,23,0.069,0.06949999999999999,-0.116,-0.11649999999999999
2,2023,2023111,17.0,665,Alfa Romeo,84.995,85.707,-0.146,0.566,-0.146,-0.043,85.185,0.712,3.0,0.103,3,0.210,0.20999999999999996,-0.095,-0.0945
2,2023,2023111,18.0,666,Alfa Romeo,86.179,85.307,1.029,0.157,0.003,0.157,85.33,-0.872,23.0,0.154,3,0.593,0.593,0.080,0.08
2,2023,2023111,19.0,667,Alfa Romeo,85.312,85.543,0.309,0.54,0.309,0.282,85.075,0.231,3.0,-0.027,23,0.424,0.4245,0.295,0.2955
2,2023,2023111,20.0,668,Alfa Romeo,84.907,85.263,0.138,0.494,0.138,0.494,84.86,0.356,3.0,0.356,3,0.316,0.316,0.316,0.316
2,2023,2023111,21.0,669,Alfa Romeo,85.341,85.667,0.346,0.672,0.346,0.672,84.995,0.326,3.0,0.326,3,0.509,0.509,0.509,0.509
2,2023,2023111,22.0,670,Alfa Romeo,87.15,85.691,2.051,0.592,0.474,0.592,85.243,-1.459,23.0,0.118,3,1.322,1.3215000000000001,0.533,0.5329999999999999
2,2023,2023111,23.0,671,Alfa Romeo,85.805,85.948,0.664,0.807,0.664,0.661,85.219,0.143,3.0,-0.003,23,0.736,0.7355,0.663,0.6625000000000001
2,2023,2023111,24.0,672,Alfa Romeo,85.791,85.913,0.64,0.762,0.64,0.762,85.167,0.122,3.0,0.122,3,0.701,0.7010000000000001,0.701,0.7010000000000001
2,2023,2023111,25.0,673,Alfa Romeo,85.224,85.776,0.208,0.76,0.208,0.76,85.18,0.552,3.0,0.552,3,0.484,0.484,0.484,0.484
2,2023,2023111,26.0,674,Alfa Romeo,85.489,85.944,0.467,0.922,0.467,0.922,85.04,0.455,3.0,0.455,3,0.695,0.6945,0.695,0.6945
2,2023,2023111,27.0,675,Alfa Romeo,85.517,85.829,0.313,0.625,0.313,0.625,85.426,0.312,3.0,0.312,3,0.469,0.469,0.469,0.469
2,2023,2023111,28.0,676,Alfa Romeo,85.226,85.624,0.043,0.441,0.043,0.441,85.204,0.398,3.0,0.398,3,0.242,0.242,0.242,0.242
2,2023,2023111,29.0,677,Alfa Romeo,85.352,86.407,0.417,1.472,0.417,0.896,85.063,1.055,3.0,0.479,3,0.945,0.9445,0.656,0.6565
2,2023,2023111,30.0,678,Alfa Romeo,85.261,86.038,0.386,1.163,0.386,1.163,84.959,0.777,3.0,0.777,3,0.774,0.7745,0.774,0.7745
2,2023,2023111,31.0,679,Alfa Romeo,85.157,86.056,0.418,1.317,0.418,1.317,84.795,0.899,3.0,0.899,3,0.867,0.8674999999999999,0.867,0.8674999999999999
2,2023,2023111,32.0,680,Alfa Romeo,85.422,85.707,0.689,0.974,0.689,0.974,84.793,0.285,3.0,0.285,3,0.831,0.8314999999999999,0.831,0.8314999999999999
2,2023,2023111,33.0,681,Alfa Romeo,85.473,85.907,0.702,1.136,0.702,1.136,84.778,0.434,3.0,0.434,3,0.919,0.9189999999999999,0.919,0.9189999999999999
2,2023,2023111,34.0,682,Alfa Romeo,85.608,86.049,0.948,1.389,0.948,1.389,84.724,0.441,3.0,0.441,3,1.168,1.1684999999999999,1.168,1.1684999999999999
2,2023,2023111,35.0,683,Alfa Romeo,86.534,86.058,1.884,1.408,0.876,1.408,84.95,-0.476,23.0,0.532,3,1.646,1.646,1.142,1.142
2,2023,2023111,36.0,684,Alfa Romeo,85.444,85.917,0.897,1.37,0.897,1.37,84.562,0.473,3.0,0.473,3,1.134,1.1335000000000002,1.134,1.1335000000000002
2,2023,2023111,37.0,685,Alfa Romeo,85.266,86.023,0.622,1.379,0.622,1.379,84.67,0.757,3.0,0.757,3,1.000,1.0005,1.000,1.0005
2,2023,2023111,38.0,686,Alfa Romeo,85.334,,0.672,,0.672,,84.857,-,-,-,,-,0.7931999999999999,-,0.7328
2,2023,2023111,39.0,687,Alfa Romeo,85.272,,0.556,,0.556,,84.776,-,-,-,,-,0.5859,-,0.46510000000000007
2,2023,2023111,40.0,688,Alfa Romeo,,84.531,,-0.172,,-0.172,84.854,-,-,-,,-,0.37860000000000005,-,0.19740000000000013
2,2023,2023111,41.0,689,Alfa Romeo,,84.357,,-0.146,,-0.146,84.53,-,-,-,,-,,-,
2,2023,2023111,42.0,690,Alfa Romeo,83.651,85.037,-0.729,0.657,-0.729,0.053,84.494,1.386,3.0,0.782,3,-0.036,-0.035999999999999976,-0.338,-0.33799999999999997
2,2023,2023111,43.0,691,Alfa Romeo,84.214,84.51,-0.216,0.08,-0.553,0.08,84.454,0.296,3.0,0.633,3,-0.068,-0.068,-0.237,-0.23650000000000002
2,2023,2023111,44.0,692,Alfa Romeo,84.104,84.428,0.09,0.414,0.09,0.414,84.065,0.324,3.0,0.324,3,0.252,0.252,0.252,0.252
2,2023,2023111,45.0,693,Alfa Romeo,84.226,85.209,0.309,1.292,0.309,0.73,83.954,0.983,3.0,0.421,3,0.800,0.8005,0.519,0.5195
2,2023,2023111,46.0,694,Alfa Romeo,84.205,84.866,0.426,1.087,0.426,1.087,83.779,0.661,3.0,0.661,3,0.756,0.7565,0.756,0.7565
2,2023,2023111,47.0,695,Alfa Romeo,84.423,84.696,0.636,0.909,0.636,0.909,84.095,0.273,3.0,0.273,3,0.772,0.7725,0.772,0.7725
2,2023,2023111,48.0,696,Alfa Romeo,84.302,84.094,0.672,0.464,0.672,0.464,83.646,-0.208,23.0,-0.208,23,0.568,0.5680000000000001,0.568,0.5680000000000001
2,2023,2023111,49.0,697,Alfa Romeo,84.292,84.253,0.747,0.708,0.747,0.708,83.575,-0.039,23.0,-0.039,23,0.728,0.7275,0.728,0.7275
2,2023,2023111,50.0,698,Alfa Romeo,84.488,84.383,0.97,0.865,0.97,0.865,83.518,-0.105,23.0,-0.105,23,0.917,0.9175,0.917,0.9175
2,2023,2023111,51.0,699,Alfa Romeo,83.81,84.734,0.342,1.266,0.342,1.266,83.727,0.924,3.0,0.924,3,0.804,0.804,0.804,0.804
2,2023,2023111,52.0,700,Alfa Romeo,84.059,84.467,0.592,1.0,0.592,1.0,83.497,0.408,3.0,0.408,3,0.796,0.796,0.796,0.796
2,2023,2023111,53.0,701,Alfa Romeo,84.309,86.879,0.934,3.504,0.934,1.226,83.659,2.570,3.0,0.292,3,2.219,2.219,1.080,1.08
2,2023,2023111,54.0,702,Alfa Romeo,84.09,84.734,0.756,1.4,0.756,1.4,83.46,0.644,3.0,0.644,3,1.078,1.0779999999999998,1.078,1.0779999999999998
2,2023,2023111,55.0,703,Alfa Romeo,84.097,86.689,0.577,3.169,0.577,1.186,83.63,2.592,3.0,0.609,3,1.873,1.873,0.881,0.8815
2,2023,2023111,56.0,704,Alfa Romeo,84.496,84.678,0.854,1.036,0.854,1.036,83.848,0.182,3.0,0.182,3,0.945,0.9450000000000001,0.945,0.9450000000000001
2,2023,2023111,57.0,705,Alfa Romeo,85.382,84.7,1.596,0.914,0.836,0.914,84.099,-0.682,23.0,0.078,3,1.255,1.2550000000000001,0.875,0.875
2,2023,2023111,58.0,706,Alfa Romeo,84.748,84.6,0.845,0.697,0.845,0.697,84.017,-0.148,23.0,-0.148,23,0.771,0.7709999999999999,0.771,0.7709999999999999
2,2023,2023111,59.0,707,Alfa Romeo,83.808,84.218,0.132,0.542,0.132,0.542,83.736,0.410,3.0,0.410,3,0.337,0.337,0.337,0.337
2,2023,2023111,60.0,708,Alfa Romeo,85.32,85.835,1.555,2.07,0.294,0.374,84.122,0.515,3.0,0.080,3,1.812,1.8125,0.334,0.33399999999999996
2,2023,2023111,61.0,709,Alfa Romeo,84.311,84.06,0.454,0.203,0.454,0.203,83.884,-0.251,23.0,-0.251,23,0.329,0.3285,0.329,0.3285
2,2023,2023111,62.0,710,Alfa Romeo,84.056,84.292,0.177,0.413,0.177,0.413,83.954,0.236,3.0,0.236,3,0.295,0.295,0.295,0.295
2,2023,2023111,63.0,711,Alfa Romeo,84.125,84.487,0.29,0.652,0.29,0.652,83.835,0.362,3.0,0.362,3,0.471,0.471,0.471,0.471
2,2023,2023111,64.0,712,Alfa Romeo,84.236,84.795,0.333,0.892,0.333,0.892,84.265,0.559,3.0,0.559,3,0.613,0.6125,0.613,0.6125
2,2023,2023111,65.0,713,Alfa Romeo,83.774,84.41,-0.176,0.46,-0.176,0.46,84.274,0.636,3.0,0.636,3,0.142,0.14200000000000002,0.142,0.14200000000000002
2,2023,2023111,66.0,714,Alfa Romeo,83.918,84.152,0.134,0.368,0.134,0.368,83.917,0.234,3.0,0.234,3,0.251,0.251,0.251,0.251
2,2023,2023111,67.0,715,Alfa Romeo,84.07,85.467,0.436,1.833,0.436,0.825,83.805,1.397,3.0,0.389,3,1.135,1.1345,0.630,0.6305
2,2023,2023111,68.0,716,Alfa Romeo,83.964,84.765,0.333,1.134,0.333,1.134,83.723,0.801,3.0,0.801,3,0.733,0.7334999999999999,0.733,0.7334999999999999
2,2023,2023111,69.0,717,Alfa Romeo,84.481,85.286,0.326,1.131,0.326,1.131,84.155,0.805,3.0,0.805,3,0.729,0.7285,0.729,0.7285
2,2023,2023120,1.0,718,Alfa Romeo,,,,,,,,-,-,-,,-,,-,
2,2023,2023120,2.0,719,Alfa Romeo,,,,,,,,-,-,-,,-,,-,
2,2023,2023120,3.0,720,Alfa Romeo,,,,,,,,-,-,-,,-,,-,
2,2023,2023120,4.0,721,Alfa Romeo,,,,,,,,-,-,-,,-,,-,
2,2023,2023120,5.0,722,Alfa Romeo,,,,,,,,-,-,-,,-,,-,
2,2023,2023120,6.0,723,Alfa Romeo,,,,,,,,-,-,-,,-,,-,
2,2023,2023120,7.0,724,Alfa Romeo,124.61,124.86,0.864,1.114,0.864,1.114,123.746,0.250,3.0,0.250,3,0.989,0.9890000000000001,0.989,0.9890000000000001
2,2023,2023120,8.0,725,Alfa Romeo,124.275,125.956,0.878,2.559,0.878,1.561,123.648,1.681,3.0,0.683,3,1.719,1.7185000000000001,1.220,1.2195
2,2023,2023120,9.0,726,Alfa Romeo,124.657,125.056,0.879,1.278,0.879,1.278,123.827,0.399,3.0,0.399,3,1.079,1.0785,1.079,1.0785
2,2023,2023120,10.0,727,Alfa Romeo,123.988,125.874,0.265,2.151,0.265,1.403,123.817,1.886,3.0,1.138,3,1.208,1.208,0.834,0.8340000000000001
2,2023,2023120,11.0,728,Alfa Romeo,123.984,125.195,-0.044,1.167,-0.044,1.167,124.028,1.211,3.0,1.211,3,0.561,0.5615,0.561,0.5615
2,2023,2023121,1.0,729,Alfa Romeo,,,,,,,,-,-,-,,-,,-,
2,2023,2023121,2.0,730,Alfa Romeo,,,,,,,,-,-,-,,-,,-,
2,2023,2023121,3.0,731,Alfa Romeo,114.834,115.198,0.753,1.117,0.753,1.117,114.081,0.364,3.0,0.364,3,0.935,0.935,0.935,0.935
2,2023,2023121,4.0,732,Alfa Romeo,115.571,114.639,1.212,0.28,1.212,0.28,114.463,-0.932,23.0,-0.932,23,0.746,0.746,0.746,0.746
2,2023,2023121,5.0,733,Alfa Romeo,115.599,116.11,0.954,1.465,0.954,0.608,114.755,0.511,3.0,-0.346,23,1.210,1.2095,0.781,0.7809999999999999
2,2023,2023121,6.0,734,Alfa Romeo,,115.867,,1.295,,1.295,114.625,-,-,-,,-,0.831,-,0.509625
2,2023,2023121,7.0,735,Alfa Romeo,,,,,,,113.559,-,-,-,,-,0.4525,-,0.23824999999999996
2,2023,2023121,8.0,736,Alfa Romeo,112.919,,-0.371,,-0.371,,113.29,-,-,-,,-,0.07400000000000007,-,-0.03312500000000007
2,2023,2023121,9.0,737,Alfa Romeo,113.499,112.422,0.234,-0.843,0.234,-0.843,113.294,-1.077,23.0,-1.077,23,-0.304,-0.3045,-0.304,-0.3045
2,2023,2023121,10.0,738,Alfa Romeo,113.782,113.904,0.463,0.585,0.463,-0.786,113.489,0.122,3.0,-1.249,23,0.524,0.524,-0.162,-0.1615
2,2023,2023121,11.0,739,Alfa Romeo,113.53,112.645,0.069,-0.816,0.069,-0.816,113.563,-0.885,23.0,-0.885,23,-0.373,-0.37349999999999994,-0.373,-0.37349999999999994
2,2023,2023121,12.0,740,Alfa Romeo,113.411,113.303,-0.15,-0.258,-0.15,-0.258,113.67,-0.108,23.0,-0.108,23,-0.204,-0.20400000000000001,-0.204,-0.20400000000000001
2,2023,2023121,13.0,741,Alfa Romeo,113.924,113.733,0.148,-0.043,-0.211,-0.043,113.843,-0.191,23.0,0.168,3,0.052,0.0525,-0.127,-0.127
2,2023,2023121,14.0,742,Alfa Romeo,113.719,113.927,-0.056,0.152,-0.056,0.152,113.775,0.208,3.0,0.208,3,0.048,0.048,0.048,0.048
2,2023,2023121,15.0,743,Alfa Romeo,115.311,114.979,1.299,0.967,0.116,0.099,114.478,-0.332,23.0,-0.017,23,1.133,1.133,0.108,0.10750000000000001
2,2023,2023121,16.0,744,Alfa Romeo,114.537,114.295,0.675,0.433,0.675,0.433,113.969,-0.242,23.0,-0.242,23,0.554,0.554,0.554,0.554
2,2023,2023121,17.0,745,Alfa Romeo,114.71,114.886,0.744,0.92,0.744,0.92,113.966,0.176,3.0,0.176,3,0.832,0.8320000000000001,0.832,0.8320000000000001
2,2023,2023121,18.0,746,Alfa Romeo,114.982,115.003,0.821,0.842,0.821,0.842,114.161,0.021,3.0,0.021,3,0.831,0.8314999999999999,0.831,0.8314999999999999
2,2023,2023121,19.0,747,Alfa Romeo,115.107,115.516,0.604,1.013,0.604,1.013,114.567,0.409,3.0,0.409,3,0.808,0.8085,0.808,0.8085
2,2023,2023121,20.0,748,Alfa Romeo,115.526,115.451,0.157,0.082,0.157,0.082,115.623,-0.075,23.0,-0.075,23,0.119,0.1195,0.119,0.1195
2,2023,2023121,21.0,749,Alfa Romeo,117.084,115.811,1.096,-0.177,-0.116,-0.177,116.278,-1.273,23.0,-0.061,23,0.460,0.4595,-0.146,-0.1465
2,2023,2023121,22.0,750,Alfa Romeo,116.219,118.747,0.164,2.692,0.164,-0.309,116.559,2.528,3.0,-0.473,23,1.428,1.4280000000000002,-0.072,-0.0725
2,2023,2023121,23.0,751,Alfa Romeo,114.59,115.68,0.778,1.868,0.778,1.868,113.812,1.090,3.0,1.090,3,1.323,1.323,1.323,1.323
2,2023,2023121,24.0,752,Alfa Romeo,,114.616,,2.256,,2.256,112.36,-,-,-,,-,0.783625,-,0.783625
2,2023,2023121,25.0,753,Alfa Romeo,,,,,,,111.581,-,-,-,,-,0.24425000000000008,-,0.24425000000000008
2,2023,2023121,26.0,754,Alfa Romeo,110.515,,-0.872,,-0.872,,111.43,-,-,-,,-,-0.29512499999999986,-,-0.29512499999999986
2,2023,2023121,27.0,755,Alfa Romeo,111.131,110.188,-0.363,-1.306,-0.363,-1.306,111.507,-0.943,23.0,-0.943,23,-0.835,-0.8345,-0.835,-0.8345
2,2023,2023121,28.0,756,Alfa Romeo,111.46,111.466,-0.299,-0.293,-0.299,-0.293,111.759,0.006,3.0,0.006,3,-0.296,-0.296,-0.296,-0.296
2,2023,2023121,29.0,757,Alfa Romeo,111.672,112.052,-0.163,0.217,-0.163,0.217,111.986,0.380,3.0,0.380,3,0.027,0.026999999999999996,0.027,0.026999999999999996
2,2023,2023121,30.0,758,Alfa Romeo,111.904,112.82,-0.119,0.797,-0.119,0.178,112.111,0.916,3.0,0.297,3,0.339,0.339,0.029,0.0295
2,2023,2023121,31.0,759,Alfa Romeo,112.128,112.35,0.126,0.348,0.126,0.348,112.015,0.222,3.0,0.222,3,0.237,0.237,0.237,0.237
2,2023,2023121,32.0,760,Alfa Romeo,112.898,112.247,0.887,0.236,0.887,0.236,112.011,-0.651,23.0,-0.651,23,0.561,0.5615,0.561,0.5615
2,2023,2023121,33.0,761,Alfa Romeo,113.414,111.506,1.486,-0.422,0.615,-0.422,111.997,-1.908,23.0,-1.037,23,0.532,0.532,0.097,0.0965
2,2023,2023121,34.0,762,Alfa Romeo,112.188,112.052,0.201,0.065,0.201,0.065,111.987,-0.136,23.0,-0.136,23,0.133,0.133,0.133,0.133
2,2023,2023121,35.0,763,Alfa Romeo,112.412,112.507,0.442,0.537,0.442,0.537,112.07,0.095,3.0,0.095,3,0.490,0.48950000000000005,0.490,0.48950000000000005
2,2023,2023121,36.0,764,Alfa Romeo,112.391,112.809,0.416,0.834,0.416,0.834,112.001,0.418,3.0,0.418,3,0.625,0.625,0.625,0.625
2,2023,2023121,37.0,765,Alfa Romeo,112.129,112.981,0.206,1.058,0.206,1.058,111.937,0.852,3.0,0.852,3,0.632,0.632,0.632,0.632
2,2023,2023121,38.0,766,Alfa Romeo,112.077,113.446,0.095,1.464,0.095,1.464,112.061,1.369,3.0,1.369,3,0.779,0.7795,0.779,0.7795
2,2023,2023121,39.0,767,Alfa Romeo,112.396,113.017,0.245,0.866,0.245,0.866,112.227,0.621,3.0,0.621,3,0.555,0.5555,0.555,0.5555
2,2023,2023121,40.0,768,Alfa Romeo,112.344,111.884,0.108,-0.352,0.108,-0.352,112.355,-0.460,23.0,-0.460,23,-0.122,-0.122,-0.122,-0.122
2,2023,2023121,41.0,769,Alfa Romeo,112.363,113.108,0.311,1.056,0.311,-0.265,112.167,0.745,3.0,-0.576,23,0.683,0.6835,0.023,0.022999999999999993
2,2023,2023121,42.0,770,Alfa Romeo,112.382,111.69,0.231,-0.461,0.231,-0.461,112.568,-0.692,23.0,-0.692,23,-0.115,-0.115,-0.115,-0.115
2,2023,2023121,43.0,771,Alfa Romeo,112.17,112.023,-0.007,-0.154,-0.007,-0.154,112.177,-0.147,23.0,-0.147,23,-0.081,-0.0805,-0.081,-0.0805
2,2023,2023121,44.0,772,Alfa Romeo,112.234,112.006,0.112,-0.116,0.112,-0.116,112.122,-0.228,23.0,-0.228,23,-0.002,-0.0020000000000000018,-0.002,-0.0020000000000000018
2,2023,2023131,1.0,773,Alfa Romeo,,,,,,,,-,-,-,,-,,-,
2,2023,2023131,2.0,774,Alfa Romeo,,,,,,,,-,-,-,,-,,-,
2,2023,2023131,3.0,775,Alfa Romeo,112.324,89.926,12.087,-10.311,12.087,-10.311,100.237,-22.398,23.0,-22.398,23,0.888,0.8879999999999999,0.888,0.8879999999999999
2,2023,2023131,4.0,776,Alfa Romeo,108.246,85.286,15.069,-7.891,15.069,-7.891,93.177,-22.960,23.0,-22.960,23,3.589,3.5890000000000004,3.589,3.5890000000000004
2,2023,2023131,5.0,777,Alfa Romeo,98.86,83.977,9.962,-4.921,9.962,-4.921,88.898,-14.883,23.0,-14.883,23,2.520,2.5204999999999997,2.520,2.5204999999999997
2,2023,2023131,6.0,778,Alfa Romeo,92.468,83.522,5.7,-3.246,5.7,-3.246,86.859,-8.946,23.0,-8.946,23,1.227,1.227,1.227,1.227
2,2023,2023131,7.0,779,Alfa Romeo,87.519,85.449,2.036,-0.034,2.036,-1.28,85.664,-2.070,23.0,-3.316,23,1.001,1.0010000000000001,0.378,0.378
2,2023,2023131,8.0,780,Alfa Romeo,83.722,84.884,-0.905,0.257,-0.905,0.257,84.703,1.162,3.0,1.162,3,-0.324,-0.324,-0.324,-0.324
2,2023,2023131,9.0,781,Alfa Romeo,81.456,85.204,-2.509,1.239,-2.509,1.239,84.07,3.748,3.0,3.748,3,-0.635,-0.6349999999999999,-0.635,-0.6349999999999999
2,2023,2023131,10.0,782,Alfa Romeo,79.887,,-2.024,,-2.024,,82.085,-,-,-,,-,-0.02633333333333321,-,-0.02633333333333321
2,2023,2023131,11.0,783,Alfa Romeo,78.942,,-0.59,,-0.59,,79.532,-,-,-,,-,0.5823333333333335,-,0.5823333333333335
2,2023,2023131,12.0,784,Alfa Romeo,78.907,79.633,0.828,1.554,0.828,1.554,78.079,0.726,3.0,0.726,3,1.191,1.191,1.191,1.191
2,2023,2023131,13.0,785,Alfa Romeo,78.098,78.607,0.58,1.089,0.58,1.089,77.541,0.509,3.0,0.509,3,0.835,0.8345,0.835,0.8345
2,2023,2023131,14.0,786,Alfa Romeo,77.867,78.019,0.523,0.675,0.523,0.675,77.344,0.152,3.0,0.152,3,0.599,0.599,0.599,0.599
2,2023,2023131,15.0,787,Alfa Romeo,77.107,77.84,-0.318,0.415,-0.318,0.415,77.425,0.733,3.0,0.733,3,0.048,0.04849999999999999,0.048,0.04849999999999999
2,2023,2023131,16.0,788,Alfa Romeo,,,,,,,,-,-,-,,-,0.05124999999999999,-,0.05124999999999999
2,2023,2023131,17.0,789,Alfa Romeo,,,,,,,,-,-,-,,-,0.053999999999999986,-,0.053999999999999986
2,2023,2023131,18.0,790,Alfa Romeo,,,,,,,,-,-,-,,-,0.05674999999999998,-,0.05674999999999998
2,2023,2023131,19.0,791,Alfa Romeo,,,,,,,,-,-,-,,-,,-,
2,2023,2023131,20.0,792,Alfa Romeo,,,,,,,,-,-,-,,-,,-,
2,2023,2023131,21.0,793,Alfa Romeo,,,,,,,,-,-,-,,-,,-,
2,2023,2023131,22.0,794,Alfa Romeo,,,,,,,,-,-,-,,-,,-,
2,2023,2023131,23.0,795,Alfa Romeo,78.023,77.35,0.407,-0.266,0.407,-0.266,77.616,-0.673,23.0,-0.673,23,0.070,0.07049999999999998,0.070,0.07049999999999998
2,2023,2023131,24.0,796,Alfa Romeo,77.903,77.312,0.818,0.227,0.818,0.227,77.085,-0.591,23.0,-0.591,23,0.522,0.5225,0.522,0.5225
2,2023,2023131,25.0,797,Alfa Romeo,77.837,77.751,0.794,0.708,0.794,0.708,77.082,-0.086,23.0,-0.086,23,0.751,0.751,0.751,0.751
2,2023,2023131,26.0,798,Alfa Romeo,78.472,77.181,1.561,0.27,0.911,0.27,77.115,-1.291,23.0,-0.641,23,0.915,0.9155,0.591,0.5905
2,2023,2023131,27.0,799,Alfa Romeo,77.806,77.7,0.901,0.795,0.901,0.795,76.943,-0.106,23.0,-0.106,23,0.848,0.8480000000000001,0.848,0.8480000000000001
2,2023,2023131,28.0,800,Alfa Romeo,77.469,77.136,0.618,0.285,0.618,0.285,76.873,-0.333,23.0,-0.333,23,0.452,0.4515,0.452,0.4515
2,2023,2023131,29.0,801,Alfa Romeo,77.664,76.713,0.9,-0.051,0.9,-0.051,76.797,-0.951,23.0,-0.951,23,0.424,0.4245,0.424,0.4245
2,2023,2023131,30.0,802,Alfa Romeo,77.715,76.986,0.992,0.263,0.992,0.263,76.78,-0.729,23.0,-0.729,23,0.627,0.6275,0.627,0.6275
2,2023,2023131,31.0,803,Alfa Romeo,77.751,77.926,0.921,1.096,0.921,1.096,76.891,0.175,3.0,0.175,3,1.009,1.0085000000000002,1.009,1.0085000000000002
2,2023,2023131,32.0,804,Alfa Romeo,77.429,78.022,0.701,1.294,0.701,1.294,76.747,0.593,3.0,0.593,3,0.998,0.9975,0.998,0.9975
2,2023,2023131,33.0,805,Alfa Romeo,77.119,77.83,0.481,1.192,0.481,1.192,76.638,0.711,3.0,0.711,3,0.837,0.8365,0.837,0.8365
2,2023,2023131,34.0,806,Alfa Romeo,78.321,77.583,1.711,0.973,0.996,0.973,76.65,-0.738,23.0,-0.023,23,1.342,1.342,0.984,0.9844999999999999
2,2023,2023131,35.0,807,Alfa Romeo,78.093,76.959,1.603,0.469,1.603,0.469,76.49,-1.134,23.0,-1.134,23,1.036,1.036,1.036,1.036
2,2023,2023131,36.0,808,Alfa Romeo,77.746,76.802,1.395,0.451,1.395,0.451,76.402,-0.944,23.0,-0.944,23,0.923,0.923,0.923,0.923
2,2023,2023131,37.0,809,Alfa Romeo,76.888,,0.725,,0.725,,76.163,-,-,-,,-,0.5055000000000001,-,0.5055000000000001
2,2023,2023131,38.0,810,Alfa Romeo,76.577,,0.395,,0.395,,76.278,-,-,-,,-,0.08800000000000008,-,0.08800000000000008
2,2023,2023131,39.0,811,Alfa Romeo,76.456,75.417,0.19,-0.849,0.19,-0.849,76.306,-1.039,23.0,-1.039,23,-0.330,-0.3295,-0.330,-0.3295
2,2023,2023131,40.0,812,Alfa Romeo,76.512,76.127,0.254,-0.131,0.254,-0.131,76.267,-0.385,23.0,-0.385,23,0.061,0.0615,0.061,0.0615
2,2023,2023131,41.0,813,Alfa Romeo,76.705,76.244,0.449,-0.012,0.449,-0.012,76.417,-0.461,23.0,-0.461,23,0.218,0.2185,0.218,0.2185
2,2023,2023131,42.0,814,Alfa Romeo,76.494,76.117,0.25,-0.127,0.25,-0.127,76.361,-0.377,23.0,-0.377,23,0.061,0.0615,0.061,0.0615
2,2023,2023131,43.0,815,Alfa Romeo,76.774,76.123,0.699,0.048,0.699,0.048,76.075,-0.651,23.0,-0.651,23,0.373,0.3735,0.373,0.3735
2,2023,2023131,44.0,816,Alfa Romeo,76.633,75.88,0.658,-0.095,0.658,-0.095,75.983,-0.753,23.0,-0.753,23,0.282,0.28150000000000003,0.282,0.28150000000000003
2,2023,2023131,45.0,817,Alfa Romeo,78.0,76.139,1.89,0.029,0.657,0.029,76.261,-1.861,23.0,-0.628,23,0.959,0.9594999999999999,0.343,0.343
2,2023,2023131,46.0,818,Alfa Romeo,76.901,76.224,0.996,0.319,0.996,0.319,76.07,-0.677,23.0,-0.677,23,0.657,0.6575,0.657,0.6575
2,2023,2023131,47.0,819,Alfa Romeo,,75.866,,0.23,,0.23,75.735,-,-,-,,-,0.44633333333333336,-,0.44633333333333336
2,2023,2023131,48.0,820,Alfa Romeo,,76.359,,1.026,,0.522,75.425,-,-,-,,-,0.2351666666666667,-,0.2351666666666667
2,2023,2023131,49.0,821,Alfa Romeo,74.698,75.844,-0.549,0.597,-0.549,0.597,75.247,1.146,3.0,1.146,3,0.024,0.023999999999999966,0.024,0.023999999999999966
2,2023,2023131,50.0,822,Alfa Romeo,74.793,75.752,-0.356,0.603,-0.356,0.603,75.214,0.959,3.0,0.959,3,0.123,0.1235,0.123,0.1235
2,2023,2023131,51.0,823,Alfa Romeo,75.223,75.579,0.209,0.564,0.209,0.564,75.014,0.355,3.0,0.355,3,0.386,0.38649999999999995,0.386,0.38649999999999995
2,2023,2023131,52.0,824,Alfa Romeo,75.607,75.679,0.459,0.531,0.459,0.531,75.556,0.072,3.0,0.072,3,0.495,0.495,0.495,0.495
2,2023,2023131,53.0,825,Alfa Romeo,75.075,75.879,-0.226,0.578,-0.226,0.578,75.39,0.804,3.0,0.804,3,0.176,0.176,0.176,0.176
2,2023,2023131,54.0,826,Alfa Romeo,75.297,75.759,0.076,0.538,0.076,0.538,75.316,0.462,3.0,0.462,3,0.307,0.307,0.307,0.307
2,2023,2023131,55.0,827,Alfa Romeo,75.134,75.914,-0.007,0.773,-0.007,0.773,75.208,0.780,3.0,0.780,3,0.383,0.383,0.383,0.383
2,2023,2023131,56.0,828,Alfa Romeo,75.653,75.723,0.517,0.587,0.086,0.587,75.319,0.070,3.0,0.501,3,0.552,0.552,0.336,0.33649999999999997
2,2023,2023131,57.0,829,Alfa Romeo,75.309,76.032,0.143,0.866,0.143,0.643,75.201,0.723,3.0,0.500,3,0.504,0.5045,0.393,0.393
2,2023,2023131,58.0,830,Alfa Romeo,75.995,75.895,0.809,0.709,0.809,0.709,75.24,-0.100,23.0,-0.100,23,0.759,0.759,0.759,0.759
2,2023,2023131,59.0,831,Alfa Romeo,,75.968,,0.628,,0.628,75.34,-,-,-,,-,0.804125,-,0.804125
2,2023,2023131,60.0,832,Alfa Romeo,,,,,,,75.691,-,-,-,,-,0.8492500000000001,-,0.8492500000000001
2,2023,2023131,61.0,833,Alfa Romeo,83.161,,-0.914,,-0.914,,84.075,-,-,-,,-,0.894375,-,0.894375
2,2023,2023131,62.0,834,Alfa Romeo,85.098,85.085,0.946,0.933,0.946,0.933,84.152,-0.013,23.0,-0.013,23,0.940,0.9395,0.940,0.9395
2,2023,2023131,63.0,835,Alfa Romeo,,,,,,,,-,-,-,,-,,-,
2,2023,2023131,64.0,836,Alfa Romeo,,,,,,,,-,-,-,,-,,-,
2,2023,2023131,65.0,837,Alfa Romeo,,,,,,,,-,-,-,,-,,-,
2,2023,2023131,66.0,838,Alfa Romeo,,,,,,,,-,-,-,,-,,-,
2,2023,2023131,67.0,839,Alfa Romeo,,,,,,,,-,-,-,,-,,-,
2,2023,2023131,68.0,840,Alfa Romeo,87.723,,2.921,,2.921,,84.802,-,-,-,,-,,-,
2,2023,2023131,69.0,841,Alfa Romeo,84.601,,1.655,,1.655,,82.946,-,-,-,,-,,-,
2,2023,2023131,70.0,842,Alfa Romeo,83.331,,0.865,,0.865,,82.466,-,-,-,,-,,-,
2,2023,2023131,71.0,843,Alfa Romeo,82.873,,0.69,,0.69,,82.26,-,-,-,,-,,-,
2,2023,2023131,72.0,844,Alfa Romeo,83.03,,0.499,,0.499,,82.531,-,-,-,,-,,-,
2,2023,2023141,1.0,845,Alfa Romeo,,,,,,,,-,-,-,,-,,-,
2,2023,2023141,2.0,846,Alfa Romeo,,,,,,,,-,-,-,,-,,-,
2,2023,2023141,3.0,847,Alfa Romeo,87.95,87.871,0.761,0.682,0.761,0.682,87.189,-0.079,23.0,-0.079,23,0.722,0.7215,0.722,0.7215
2,2023,2023141,4.0,848,Alfa Romeo,87.119,87.615,0.109,0.605,0.109,0.605,87.054,0.496,3.0,0.496,3,0.357,0.357,0.357,0.357
2,2023,2023141,5.0,849,Alfa Romeo,87.575,87.535,0.567,0.527,0.127,0.527,87.047,-0.040,23.0,0.400,3,0.547,0.5469999999999999,0.327,0.327
2,2023,2023141,6.0,850,Alfa Romeo,87.15,87.066,0.172,0.088,0.172,0.088,87.008,-0.084,23.0,-0.084,23,0.130,0.13,0.130,0.13
2,2023,2023141,7.0,851,Alfa Romeo,87.36,87.185,0.424,0.249,0.424,0.249,86.936,-0.175,23.0,-0.175,23,0.337,0.3365,0.337,0.3365
2,2023,2023141,8.0,852,Alfa Romeo,87.227,87.253,0.323,0.349,0.323,0.349,86.966,0.026,3.0,0.026,3,0.336,0.33599999999999997,0.336,0.33599999999999997
2,2023,2023141,9.0,853,Alfa Romeo,87.265,87.416,0.178,0.329,0.178,0.329,87.115,0.151,3.0,0.151,3,0.254,0.2535,0.254,0.2535
2,2023,2023141,10.0,854,Alfa Romeo,87.863,87.544,0.649,0.33,0.265,0.33,87.246,-0.319,23.0,0.065,3,0.490,0.48950000000000005,0.297,0.2975
2,2023,2023141,11.0,855,Alfa Romeo,87.693,,0.343,,0.343,,87.416,-,-,-,,-,0.2653333333333333,-,0.1373333333333333
2,2023,2023141,12.0,856,Alfa Romeo,88.716,,1.384,,0.518,,87.536,-,-,-,,-,0.04116666666666663,-,-0.022833333333333372
2,2023,2023141,13.0,857,Alfa Romeo,88.007,86.253,0.694,-1.06,0.694,-1.06,87.33,-1.754,23.0,-1.754,23,-0.183,-0.18300000000000005,-0.183,-0.18300000000000005
2,2023,2023141,14.0,858,Alfa Romeo,87.991,87.775,0.605,0.389,0.605,-0.437,87.545,-0.216,23.0,-1.042,23,0.497,0.497,0.084,0.08399999999999999
2,2023,2023141,15.0,859,Alfa Romeo,87.427,87.645,0.074,0.292,0.074,0.292,87.521,0.218,3.0,0.218,3,0.183,0.183,0.183,0.183
2,2023,2023141,16.0,860,Alfa Romeo,87.824,87.153,0.587,-0.084,0.211,-0.084,87.338,-0.671,23.0,-0.295,23,0.252,0.2515,0.064,0.0635
2,2023,2023141,17.0,861,Alfa Romeo,87.47,86.866,0.226,-0.378,0.226,-0.378,87.322,-0.604,23.0,-0.604,23,-0.076,-0.076,-0.076,-0.076
2,2023,2023141,18.0,862,Alfa Romeo,87.634,87.055,0.375,-0.204,0.375,-0.204,87.309,-0.579,23.0,-0.579,23,0.086,0.0855,0.086,0.0855
2,2023,2023141,19.0,863,Alfa Romeo,87.725,87.347,0.417,0.039,0.417,0.039,87.334,-0.378,23.0,-0.378,23,0.228,0.22799999999999998,0.228,0.22799999999999998
2,2023,2023141,20.0,864,Alfa Romeo,88.438,87.075,1.051,-0.312,1.051,-0.312,87.509,-1.363,23.0,-1.363,23,0.369,0.36949999999999994,0.369,0.36949999999999994
2,2023,2023141,21.0,865,Alfa Romeo,89.044,87.17,1.773,-0.101,1.006,-0.101,87.367,-1.874,23.0,-1.107,23,0.836,0.836,0.453,0.4525
2,2023,2023141,22.0,866,Alfa Romeo,88.116,87.333,1.092,0.309,1.092,0.309,87.09,-0.783,23.0,-0.783,23,0.701,0.7005,0.701,0.7005
2,2023,2023141,23.0,867,Alfa Romeo,88.123,87.285,1.118,0.28,1.118,0.28,87.024,-0.838,23.0,-0.838,23,0.699,0.6990000000000001,0.699,0.6990000000000001
2,2023,2023141,24.0,868,Alfa Romeo,88.022,87.153,1.19,0.321,1.19,0.321,86.832,-0.869,23.0,-0.869,23,0.755,0.7555,0.755,0.7555
2,2023,2023141,25.0,869,Alfa Romeo,,87.028,,0.274,,0.274,86.78,-,-,-,,-,0.5416666666666666,-,0.5416666666666666
2,2023,2023141,26.0,870,Alfa Romeo,,87.164,,0.426,,0.426,86.759,-,-,-,,-,0.3278333333333333,-,0.3278333333333333
2,2023,2023141,27.0,871,Alfa Romeo,85.988,87.348,-0.566,0.794,-0.566,0.794,86.643,1.360,3.0,1.360,3,0.114,0.11400000000000005,0.114,0.11400000000000005
2,2023,2023141,28.0,872,Alfa Romeo,86.486,87.858,-0.137,1.235,-0.529,0.729,86.739,1.372,3.0,1.258,3,0.549,0.549,0.100,0.09999999999999998
2,2023,2023141,29.0,873,Alfa Romeo,86.201,87.356,-0.393,0.762,-0.393,0.762,86.604,1.155,3.0,1.155,3,0.184,0.1845,0.184,0.1845
2,2023,2023141,30.0,874,Alfa Romeo,86.643,87.442,-0.055,0.744,-0.055,0.744,86.757,0.799,3.0,0.799,3,0.344,0.3445,0.344,0.3445
2,2023,2023141,31.0,875,Alfa Romeo,86.648,87.683,-0.1,0.935,-0.1,0.935,86.789,1.035,3.0,1.035,3,0.418,0.41750000000000004,0.418,0.41750000000000004
2,2023,2023141,32.0,876,Alfa Romeo,86.606,87.82,-0.146,1.068,-0.146,1.068,86.787,1.214,3.0,1.214,3,0.461,0.461,0.461,0.461
2,2023,2023141,33.0,877,Alfa Romeo,86.873,,0.334,,0.334,,86.576,-,-,-,,-,0.23966666666666667,-,0.23966666666666667
2,2023,2023141,34.0,878,Alfa Romeo,86.621,,0.034,,0.034,,86.614,-,-,-,,-,0.018333333333333313,-,0.018333333333333313
2,2023,2023141,35.0,879,Alfa Romeo,86.523,85.983,0.067,-0.473,0.067,-0.473,86.456,-0.540,23.0,-0.540,23,-0.203,-0.20299999999999999,-0.203,-0.20299999999999999
2,2023,2023141,36.0,880,Alfa Romeo,86.782,86.935,0.257,0.41,0.257,-0.183,86.614,0.153,3.0,-0.440,23,0.334,0.3335,0.037,0.037000000000000005
2,2023,2023141,37.0,881,Alfa Romeo,86.545,86.7,0.01,0.165,0.01,0.165,86.535,0.155,3.0,0.155,3,0.088,0.08750000000000001,0.088,0.08750000000000001
2,2023,2023141,38.0,882,Alfa Romeo,87.093,86.503,0.568,-0.022,0.238,-0.022,86.618,-0.590,23.0,-0.260,23,0.273,0.27299999999999996,0.108,0.108
2,2023,2023141,39.0,883,Alfa Romeo,86.981,86.473,0.556,0.048,0.556,0.048,86.665,-0.508,23.0,-0.508,23,0.302,0.30200000000000005,0.302,0.30200000000000005
2,2023,2023141,40.0,884,Alfa Romeo,87.862,86.406,1.388,-0.068,0.618,-0.068,86.563,-1.456,23.0,-0.686,23,0.660,0.6599999999999999,0.275,0.275
2,2023,2023141,41.0,885,Alfa Romeo,87.203,86.6,0.726,0.123,0.726,0.123,86.665,-0.603,23.0,-0.603,23,0.424,0.4245,0.424,0.4245
2,2023,2023141,42.0,886,Alfa Romeo,86.864,86.671,0.372,0.179,0.372,0.179,86.492,-0.193,23.0,-0.193,23,0.275,0.27549999999999997,0.275,0.27549999999999997
2,2023,2023141,43.0,887,Alfa Romeo,87.753,86.288,1.292,-0.173,0.452,-0.173,86.811,-1.465,23.0,-0.625,23,0.559,0.5595,0.140,0.1395
2,2023,2023141,44.0,888,Alfa Romeo,86.962,86.313,0.446,-0.203,0.446,-0.203,86.661,-0.649,23.0,-0.649,23,0.121,0.1215,0.121,0.1215
2,2023,2023141,45.0,889,Alfa Romeo,86.889,86.461,0.244,-0.184,0.244,-0.184,86.671,-0.428,23.0,-0.428,23,0.030,0.03,0.030,0.03
2,2023,2023141,46.0,890,Alfa Romeo,86.806,86.134,0.245,-0.427,0.245,-0.427,86.64,-0.672,23.0,-0.672,23,-0.091,-0.091,-0.091,-0.091
2,2023,2023141,47.0,891,Alfa Romeo,86.736,86.305,0.178,-0.253,0.178,-0.253,86.855,-0.431,23.0,-0.431,23,-0.038,-0.037500000000000006,-0.038,-0.037500000000000006
2,2023,2023141,48.0,892,Alfa Romeo,87.005,86.448,0.347,-0.21,0.347,-0.21,86.658,-0.557,23.0,-0.557,23,0.068,0.06849999999999999,0.068,0.06849999999999999
2,2023,2023141,49.0,893,Alfa Romeo,87.134,88.825,0.274,1.965,0.274,-0.252,87.18,1.691,3.0,-0.526,23,1.119,1.1195,0.011,0.01100000000000001
2,2023,2023141,50.0,894,Alfa Romeo,86.95,86.768,-0.146,-0.328,-0.146,-0.328,87.192,-0.182,23.0,-0.182,23,-0.237,-0.237,-0.237,-0.237
2,2023,2023141,51.0,895,Alfa Romeo,,,,,,,86.914,-,-,-,,-,,-,
2,2023,2023151,1.0,896,Alfa Romeo,,,,,,,,-,-,-,,-,,-,
2,2023,2023151,2.0,897,Alfa Romeo,,,,,,,,-,-,-,,-,,-,
2,2023,2023151,3.0,898,Alfa Romeo,103.036,,1.573,,1.573,,101.463,-,-,-,,-,,-,
2,2023,2023151,4.0,899,Alfa Romeo,101.766,99.869,0.622,-1.275,0.622,-1.275,101.3,-1.897,23.0,-1.897,23,-0.326,-0.32649999999999996,-0.326,-0.32649999999999996
2,2023,2023151,5.0,900,Alfa Romeo,101.757,100.371,0.689,-0.697,0.689,-0.697,101.068,-1.386,23.0,-1.386,23,-0.004,-0.0040000000000000036,-0.004,-0.0040000000000000036
2,2023,2023151,6.0,901,Alfa Romeo,101.27,100.471,0.317,-0.482,0.317,-0.482,101.281,-0.799,23.0,-0.799,23,-0.082,-0.08249999999999999,-0.082,-0.08249999999999999
2,2023,2023151,7.0,902,Alfa Romeo,102.397,100.588,1.472,-0.337,0.787,-0.337,101.111,-1.809,23.0,-1.124,23,0.568,0.5675,0.225,0.225
2,2023,2023151,8.0,903,Alfa Romeo,102.153,101.24,1.452,0.539,1.452,-0.129,100.752,-0.913,23.0,-1.581,23,0.996,0.9955,0.661,0.6615
2,2023,2023151,9.0,904,Alfa Romeo,101.303,100.555,0.827,0.079,0.827,0.079,100.546,-0.748,23.0,-0.748,23,0.453,0.45299999999999996,0.453,0.45299999999999996
2,2023,2023151,10.0,905,Alfa Romeo,101.23,100.566,0.796,0.132,0.796,0.132,100.526,-0.664,23.0,-0.664,23,0.464,0.464,0.464,0.464
2,2023,2023151,11.0,906,Alfa Romeo,101.376,100.534,0.888,0.046,0.888,0.046,100.524,-0.842,23.0,-0.842,23,0.467,0.467,0.467,0.467
2,2023,2023151,12.0,907,Alfa Romeo,101.063,100.316,0.553,-0.194,0.553,-0.194,100.51,-0.747,23.0,-0.747,23,0.180,0.17950000000000002,0.180,0.17950000000000002
2,2023,2023151,13.0,908,Alfa Romeo,101.194,100.397,0.633,-0.164,0.633,-0.164,100.628,-0.797,23.0,-0.797,23,0.234,0.2345,0.234,0.2345
2,2023,2023151,14.0,909,Alfa Romeo,100.955,100.833,0.488,0.366,0.488,-0.037,100.62,-0.122,23.0,-0.525,23,0.427,0.427,0.226,0.2255
2,2023,2023151,15.0,910,Alfa Romeo,100.793,100.463,0.381,0.051,0.381,0.051,100.412,-0.330,23.0,-0.330,23,0.216,0.216,0.216,0.216
2,2023,2023151,16.0,911,Alfa Romeo,100.925,100.425,0.465,-0.035,0.465,-0.035,100.499,-0.500,23.0,-0.500,23,0.215,0.21500000000000002,0.215,0.21500000000000002
2,2023,2023151,17.0,912,Alfa Romeo,100.809,100.424,0.291,-0.094,0.291,-0.094,100.518,-0.385,23.0,-0.385,23,0.098,0.09849999999999999,0.098,0.09849999999999999
2,2023,2023151,18.0,913,Alfa Romeo,100.904,100.582,0.383,0.061,0.383,0.061,100.521,-0.322,23.0,-0.322,23,0.222,0.222,0.222,0.222
2,2023,2023151,19.0,914,Alfa Romeo,101.786,101.684,1.084,0.982,1.084,0.982,100.702,-0.102,23.0,-0.102,23,1.033,1.033,1.033,1.033
2,2023,2023151,20.0,915,Alfa Romeo,,,,,,,,-,-,-,,-,1.4146,-,1.4146
2,2023,2023151,21.0,916,Alfa Romeo,,,,,,,,-,-,-,,-,1.7962,-,1.7962
2,2023,2023151,22.0,917,Alfa Romeo,,,,,,,,-,-,-,,-,2.1778,-,2.1778
2,2023,2023151,23.0,918,Alfa Romeo,,,,,,,,-,-,-,,-,,-,
2,2023,2023151,24.0,919,Alfa Romeo,106.415,103.949,4.174,1.708,4.174,1.708,102.241,-2.466,23.0,-2.466,23,2.941,2.9410000000000003,2.941,2.9410000000000003
2,2023,2023151,25.0,920,Alfa Romeo,101.759,101.346,0.987,0.574,0.987,0.574,100.772,-0.413,23.0,-0.413,23,0.780,0.7805,0.780,0.7805
2,2023,2023151,26.0,921,Alfa Romeo,101.366,100.973,0.9,0.507,0.9,0.507,100.466,-0.393,23.0,-0.393,23,0.704,0.7035,0.704,0.7035
2,2023,2023151,27.0,922,Alfa Romeo,101.288,100.57,0.959,0.241,0.959,0.241,100.329,-0.718,23.0,-0.718,23,0.600,0.6,0.600,0.6
2,2023,2023151,28.0,923,Alfa Romeo,101.288,101.31,0.565,0.587,0.565,0.587,101.153,0.022,3.0,0.022,3,0.576,0.576,0.576,0.576
2,2023,2023151,29.0,924,Alfa Romeo,101.478,101.476,0.603,0.601,0.603,0.601,100.875,-0.002,23.0,-0.002,23,0.602,0.602,0.602,0.602
2,2023,2023151,30.0,925,Alfa Romeo,101.369,100.866,1.127,0.624,1.127,0.624,100.252,-0.503,23.0,-0.503,23,0.875,0.8755,0.875,0.8755
2,2023,2023151,31.0,926,Alfa Romeo,100.907,100.778,0.897,0.768,0.897,0.768,100.037,-0.129,23.0,-0.129,23,0.833,0.8325,0.833,0.8325
2,2023,2023151,32.0,927,Alfa Romeo,101.162,100.576,1.111,0.525,1.111,0.525,100.087,-0.586,23.0,-0.586,23,0.818,0.8180000000000001,0.818,0.8180000000000001
2,2023,2023151,33.0,928,Alfa Romeo,101.06,100.708,1.009,0.657,1.009,0.657,100.121,-0.352,23.0,-0.352,23,0.833,0.833,0.833,0.833
2,2023,2023151,34.0,929,Alfa Romeo,101.088,100.499,0.647,0.058,0.647,0.058,100.496,-0.589,23.0,-0.589,23,0.353,0.35250000000000004,0.353,0.35250000000000004
2,2023,2023151,35.0,930,Alfa Romeo,100.808,101.189,0.204,0.585,0.204,0.585,100.814,0.381,3.0,0.381,3,0.394,0.39449999999999996,0.394,0.39449999999999996
2,2023,2023151,36.0,931,Alfa Romeo,101.628,102.747,1.039,2.158,1.039,0.579,101.04,1.119,3.0,-0.460,23,1.599,1.5985,0.809,0.8089999999999999
2,2023,2023151,37.0,932,Alfa Romeo,102.375,101.148,1.763,0.536,1.343,0.536,101.0,-1.227,23.0,-0.807,23,1.149,1.1495,0.940,0.9395
2,2023,2023151,38.0,933,Alfa Romeo,102.282,100.821,1.57,0.109,1.57,0.109,100.712,-1.461,23.0,-1.461,23,0.840,0.8395,0.840,0.8395
2,2023,2023151,39.0,934,Alfa Romeo,102.059,100.894,1.416,0.251,1.416,0.251,100.97,-1.165,23.0,-1.165,23,0.833,0.8334999999999999,0.833,0.8334999999999999
2,2023,2023151,40.0,935,Alfa Romeo,,100.806,,0.568,,0.568,100.238,-,-,-,,-,0.4164999999999999,-,0.4164999999999999
2,2023,2023151,41.0,936,Alfa Romeo,,100.853,,0.786,,0.786,100.067,-,-,-,,-,-0.000500000000000056,-,-0.000500000000000056
2,2023,2023151,42.0,937,Alfa Romeo,98.392,100.425,-1.434,0.599,-1.434,0.599,99.826,2.033,3.0,2.033,3,-0.417,-0.4175,-0.417,-0.4175
2,2023,2023151,43.0,938,Alfa Romeo,,,,,,,99.43,-,-,-,,-,-0.317,-,-0.317
2,2023,2023151,44.0,939,Alfa Romeo,,,,,,,,-,-,-,,-,-0.2165,-,-0.2165
2,2023,2023151,45.0,940,Alfa Romeo,99.08,,-0.053,,-0.053,,99.133,-,-,-,,-,-0.11599999999999999,-,-0.11599999999999999
2,2023,2023151,46.0,941,Alfa Romeo,98.979,99.316,-0.184,0.153,-0.184,0.153,99.248,0.337,3.0,0.337,3,-0.015,-0.0155,-0.015,-0.0155
2,2023,2023151,47.0,942,Alfa Romeo,98.729,100.485,0.47,2.226,0.47,1.294,98.314,1.756,3.0,0.824,3,1.348,1.3479999999999999,0.882,0.882
2,2023,2023151,48.0,943,Alfa Romeo,98.573,99.79,0.199,1.416,0.199,1.416,98.502,1.217,3.0,1.217,3,0.807,0.8075,0.807,0.8075
2,2023,2023151,49.0,944,Alfa Romeo,98.525,100.042,0.099,1.616,0.099,1.616,98.426,1.517,3.0,1.517,3,0.858,0.8575,0.858,0.8575
2,2023,2023151,50.0,945,Alfa Romeo,98.092,99.818,-0.284,1.442,-0.284,1.442,98.535,1.726,3.0,1.726,3,0.579,0.579,0.579,0.579
2,2023,2023151,51.0,946,Alfa Romeo,98.075,100.482,-0.41,1.997,-0.41,1.997,98.485,2.407,3.0,2.407,3,0.794,0.7935000000000001,0.794,0.7935000000000001
2,2023,2023151,52.0,947,Alfa Romeo,,103.708,,5.053,,2.463,98.959,-,-,-,,-,,-,
2,2023,2023151,53.0,948,Alfa Romeo,,101.753,,2.721,,2.721,99.284,-,-,-,,-,,-,
2,2023,2023151,54.0,949,Alfa Romeo,,101.708,,2.641,,2.641,99.225,-,-,-,,-,,-,
2,2023,2023151,55.0,950,Alfa Romeo,,100.798,,2.016,,2.016,98.782,-,-,-,,-,,-,
2,2023,2023151,56.0,951,Alfa Romeo,,101.215,,2.376,,2.376,98.84,-,-,-,,-,,-,
2,2023,2023151,57.0,952,Alfa Romeo,,101.419,,2.124,,2.124,99.695,-,-,-,,-,,-,
2,2023,2023151,58.0,953,Alfa Romeo,,102.795,,2.966,,2.966,101.162,-,-,-,,-,,-,
2,2023,2023151,59.0,954,Alfa Romeo,,103.773,,3.772,,2.293,100.317,-,-,-,,-,,-,
2,2023,2023151,60.0,955,Alfa Romeo,,101.794,,1.97,,1.97,100.067,-,-,-,,-,,-,
2,2023,2023151,61.0,956,Alfa Romeo,,102.01,,2.149,,2.149,99.861,-,-,-,,-,,-,
2,2023,2023151,62.0,957,Alfa Romeo,,102.246,,1.189,,1.189,101.057,-,-,-,,-,,-,
2,2023,2023161,1.0,958,Alfa Romeo,,,,,,,,-,-,-,,-,,-,
2,2023,2023161,2.0,959,Alfa Romeo,,,,,,,,-,-,-,,-,,-,
2,2023,2023161,3.0,960,Alfa Romeo,,,,,,,,-,-,-,,-,,-,
2,2023,2023161,4.0,961,Alfa Romeo,,,,,,,,-,-,-,,-,,-,
2,2023,2023161,5.0,962,Alfa Romeo,,,,,,,,-,-,-,,-,,-,
2,2023,2023161,6.0,963,Alfa Romeo,,101.337,,1.612,,1.612,99.725,-,-,-,,-,,-,
2,2023,2023161,7.0,964,Alfa Romeo,,101.028,,1.372,,1.372,99.674,-,-,-,,-,,-,
2,2023,2023161,8.0,965,Alfa Romeo,,100.729,,1.051,,1.051,99.678,-,-,-,,-,,-,
2,2023,2023161,9.0,966,Alfa Romeo,,100.915,,1.093,,1.093,99.849,-,-,-,,-,,-,
2,2023,2023161,10.0,967,Alfa Romeo,,,,,,,99.819,-,-,-,,-,,-,
2,2023,2023161,11.0,968,Alfa Romeo,,,,,,,99.926,-,-,-,,-,,-,
2,2023,2023161,12.0,969,Alfa Romeo,,99.205,,-0.64,,-0.64,99.845,-,-,-,,-,,-,
2,2023,2023161,13.0,970,Alfa Romeo,,,,,,,99.257,-,-,-,,-,,-,
2,2023,2023161,14.0,971,Alfa Romeo,,,,,,,,-,-,-,,-,,-,
2,2023,2023161,15.0,972,Alfa Romeo,,99.106,,-0.184,,-0.184,99.29,-,-,-,,-,,-,
2,2023,2023161,16.0,973,Alfa Romeo,,100.159,,0.69,,0.018,99.624,-,-,-,,-,,-,
2,2023,2023161,17.0,974,Alfa Romeo,,99.867,,0.247,,0.247,99.767,-,-,-,,-,,-,
2,2023,2023161,18.0,975,Alfa Romeo,,100.016,,0.578,,0.578,99.586,-,-,-,,-,,-,
2,2023,2023161,19.0,976,Alfa Romeo,,99.809,,0.488,,0.488,99.379,-,-,-,,-,,-,
2,2023,2023161,20.0,977,Alfa Romeo,,100.741,,1.379,,0.855,99.463,-,-,-,,-,,-,
2,2023,2023161,21.0,978,Alfa Romeo,,100.625,,1.335,,1.335,99.543,-,-,-,,-,,-,
2,2023,2023161,22.0,979,Alfa Romeo,,100.415,,1.223,,1.223,99.192,-,-,-,,-,,-,
2,2023,2023161,23.0,980,Alfa Romeo,,100.134,,0.868,,0.868,99.348,-,-,-,,-,,-,
2,2023,2023161,24.0,981,Alfa Romeo,,99.971,,0.878,,0.878,99.17,-,-,-,,-,,-,
2,2023,2023161,25.0,982,Alfa Romeo,,99.999,,1.06,,1.06,99.048,-,-,-,,-,,-,
2,2023,2023161,26.0,983,Alfa Romeo,,100.423,,1.525,,1.525,99.072,-,-,-,,-,,-,
2,2023,2023161,27.0,984,Alfa Romeo,,100.822,,2.066,,2.066,98.902,-,-,-,,-,,-,
2,2023,2023161,28.0,985,Alfa Romeo,,100.264,,1.558,,1.558,98.765,-,-,-,,-,,-,
2,2023,2023161,29.0,986,Alfa Romeo,,,,,,,98.795,-,-,-,,-,,-,
2,2023,2023161,30.0,987,Alfa Romeo,,,,,,,98.454,-,-,-,,-,,-,
2,2023,2023161,31.0,988,Alfa Romeo,,98.278,,0.014,,0.014,98.417,-,-,-,,-,,-,
2,2023,2023161,32.0,989,Alfa Romeo,,98.465,,0.175,,0.175,98.356,-,-,-,,-,,-,
2,2023,2023161,33.0,990,Alfa Romeo,,98.643,,0.378,,0.378,98.28,-,-,-,,-,,-,
2,2023,2023161,34.0,991,Alfa Romeo,,98.649,,0.544,,0.544,98.105,-,-,-,,-,,-,
2,2023,2023161,35.0,992,Alfa Romeo,,98.641,,0.415,,0.415,98.305,-,-,-,,-,,-,
2,2023,2023161,36.0,993,Alfa Romeo,,98.255,,0.491,,0.491,97.764,-,-,-,,-,,-,
2,2023,2023161,37.0,994,Alfa Romeo,,98.43,,0.691,,0.691,97.802,-,-,-,,-,,-,
2,2023,2023161,38.0,995,Alfa Romeo,,98.211,,0.787,,0.787,97.523,-,-,-,,-,,-,
2,2023,2023161,39.0,996,Alfa Romeo,,97.992,,0.726,,0.726,97.282,-,-,-,,-,,-,
2,2023,2023161,40.0,997,Alfa Romeo,,98.332,,1.19,,0.95,97.232,-,-,-,,-,,-,
2,2023,2023161,41.0,998,Alfa Romeo,,98.191,,0.871,,0.871,97.403,-,-,-,,-,,-,
2,2023,2023161,42.0,999,Alfa Romeo,,97.906,,0.514,,0.514,97.507,-,-,-,,-,,-,
2,2023,2023161,43.0,1000,Alfa Romeo,,98.213,,0.642,,0.642,97.632,-,-,-,,-,,-,
2,2023,2023161,44.0,1001,Alfa Romeo,,98.202,,0.561,,0.561,97.719,-,-,-,,-,,-,
2,2023,2023161,45.0,1002,Alfa Romeo,,97.791,,0.167,,0.167,97.784,-,-,-,,-,,-,
2,2023,2023161,46.0,1003,Alfa Romeo,,98.264,,0.534,,0.281,97.9,-,-,-,,-,,-,
2,2023,2023161,47.0,1004,Alfa Romeo,,98.232,,0.353,,0.353,97.918,-,-,-,,-,,-,
2,2023,2023161,48.0,1005,Alfa Romeo,,98.585,,0.574,,0.574,98.248,-,-,-,,-,,-,
2,2023,2023161,49.0,1006,Alfa Romeo,,99.73,,1.644,,0.255,98.469,-,-,-,,-,,-,
2,2023,2023161,50.0,1007,Alfa Romeo,,98.098,,0.11,,0.11,97.988,-,-,-,,-,,-,
2,2023,2023161,51.0,1008,Alfa Romeo,,98.444,,0.462,,0.462,98.061,-,-,-,,-,,-,
2,2023,2023161,52.0,1009,Alfa Romeo,,98.513,,0.383,,0.383,98.213,-,-,-,,-,,-,
2,2023,2023170,1.0,1010,Alfa Romeo,,,,,,,,-,-,-,,-,,-,
2,2023,2023170,2.0,1011,Alfa Romeo,,,,,,,,-,-,-,,-,,-,
2,2023,2023170,3.0,1012,Alfa Romeo,,,,,,,,-,-,-,,-,,-,
2,2023,2023170,4.0,1013,Alfa Romeo,,,,,,,,-,-,-,,-,,-,
2,2023,2023170,5.0,1014,Alfa Romeo,,,,,,,,-,-,-,,-,,-,
2,2023,2023170,6.0,1015,Alfa Romeo,,,,,,,,-,-,-,,-,,-,
2,2023,2023170,7.0,1016,Alfa Romeo,,,,,,,,-,-,-,,-,,-,
2,2023,2023170,8.0,1017,Alfa Romeo,90.205,90.331,0.684,0.81,0.684,0.81,89.521,0.126,3.0,0.126,3,0.747,0.7470000000000001,0.747,0.7470000000000001
2,2023,2023170,9.0,1018,Alfa Romeo,89.625,89.573,0.215,0.163,0.215,0.163,89.485,-0.052,23.0,-0.052,23,0.189,0.189,0.189,0.189
2,2023,2023170,10.0,1019,Alfa Romeo,90.202,90.091,0.61,0.499,0.61,0.499,89.592,-0.111,23.0,-0.111,23,0.554,0.5545,0.554,0.5545
2,2023,2023170,11.0,1020,Alfa Romeo,,,,,,,,-,-,-,,-,0.6894166666666667,-,0.6894166666666667
2,2023,2023170,12.0,1021,Alfa Romeo,,,,,,,,-,-,-,,-,0.8243333333333334,-,0.8243333333333334
2,2023,2023170,13.0,1022,Alfa Romeo,,,,,,,,-,-,-,,-,0.9592499999999999,-,0.9592499999999999
2,2023,2023170,14.0,1023,Alfa Romeo,,,,,,,,-,-,-,,-,,-,
2,2023,2023170,15.0,1024,Alfa Romeo,,,,,,,,-,-,-,,-,,-,
2,2023,2023170,16.0,1025,Alfa Romeo,90.291,90.159,1.43,1.298,1.43,1.298,88.861,-0.132,23.0,-0.132,23,1.364,1.3639999999999999,1.364,1.3639999999999999
2,2023,2023170,17.0,1026,Alfa Romeo,89.017,89.553,0.227,0.763,0.227,0.763,88.957,0.536,3.0,0.536,3,0.495,0.495,0.495,0.495
2,2023,2023170,18.0,1027,Alfa Romeo,90.202,90.019,1.232,1.049,0.408,1.049,89.094,-0.183,23.0,0.641,3,1.140,1.1404999999999998,0.728,0.7284999999999999
2,2023,2023170,19.0,1028,Alfa Romeo,89.738,92.079,0.631,2.972,0.631,2.972,89.107,2.341,3.0,2.341,3,1.801,1.8014999999999999,1.801,1.8014999999999999
2,2023,2023171,1.0,1029,Alfa Romeo,,,,,,,,-,-,-,,-,,-,
2,2023,2023171,2.0,1030,Alfa Romeo,,,,,,,,-,-,-,,-,,-,
2,2023,2023171,3.0,1031,Alfa Romeo,,,,,,,,-,-,-,,-,,-,
2,2023,2023171,4.0,1032,Alfa Romeo,,,,,,,,-,-,-,,-,,-,
2,2023,2023171,5.0,1033,Alfa Romeo,,,,,,,,-,-,-,,-,,-,
2,2023,2023171,6.0,1034,Alfa Romeo,92.573,92.609,1.0,1.036,1.0,1.036,91.573,0.036,3.0,0.036,3,1.018,1.018,1.018,1.018
2,2023,2023171,7.0,1035,Alfa Romeo,91.648,91.243,0.741,0.336,0.741,0.336,90.955,-0.405,23.0,-0.405,23,0.538,0.5385,0.538,0.5385
2,2023,2023171,8.0,1036,Alfa Romeo,91.04,91.432,0.44,0.832,0.44,0.832,90.609,0.392,3.0,0.392,3,0.636,0.636,0.636,0.636
2,2023,2023171,9.0,1037,Alfa Romeo,91.277,91.072,0.755,0.55,0.755,0.55,90.562,-0.205,23.0,-0.205,23,0.653,0.6525000000000001,0.653,0.6525000000000001
2,2023,2023171,10.0,1038,Alfa Romeo,90.958,91.43,0.361,0.833,0.361,0.833,90.597,0.472,3.0,0.472,3,0.597,0.597,0.597,0.597
2,2023,2023171,11.0,1039,Alfa Romeo,91.227,90.927,0.711,0.411,0.711,0.411,90.516,-0.300,23.0,-0.300,23,0.561,0.5609999999999999,0.561,0.5609999999999999
2,2023,2023171,12.0,1040,Alfa Romeo,91.289,90.822,0.836,0.369,0.836,0.369,90.614,-0.467,23.0,-0.467,23,0.603,0.6025,0.603,0.6025
2,2023,2023171,13.0,1041,Alfa Romeo,91.142,90.606,0.806,0.27,0.806,0.27,90.367,-0.536,23.0,-0.536,23,0.538,0.538,0.538,0.538
2,2023,2023171,14.0,1042,Alfa Romeo,90.445,90.2,0.38,0.135,0.38,0.135,90.065,-0.245,23.0,-0.245,23,0.258,0.2575,0.258,0.2575
2,2023,2023171,15.0,1043,Alfa Romeo,90.974,91.165,1.344,1.535,0.626,0.421,89.863,0.191,3.0,-0.205,23,1.440,1.4395,0.523,0.5235
2,2023,2023171,16.0,1044,Alfa Romeo,90.066,89.902,0.602,0.438,0.602,0.438,89.573,-0.164,23.0,-0.164,23,0.520,0.52,0.520,0.52
2,2023,2023171,17.0,1045,Alfa Romeo,90.262,89.911,0.627,0.276,0.627,0.276,89.732,-0.351,23.0,-0.351,23,0.452,0.4515,0.452,0.4515
2,2023,2023171,18.0,1046,Alfa Romeo,91.286,,1.53,,0.596,,90.132,-,-,-,,-,0.394,-,0.394
2,2023,2023171,19.0,1047,Alfa Romeo,90.443,,0.746,,0.746,,89.697,-,-,-,,-,0.3365,-,0.3365
2,2023,2023171,20.0,1048,Alfa Romeo,90.631,88.699,1.245,-0.687,1.245,-0.687,89.431,-1.932,23.0,-1.932,23,0.279,0.279,0.279,0.279
2,2023,2023171,21.0,1049,Alfa Romeo,,89.203,,0.036,,0.036,89.274,-,-,-,,-,0.1496666666666667,-,0.1496666666666667
2,2023,2023171,22.0,1050,Alfa Romeo,,88.876,,0.241,,0.241,88.705,-,-,-,,-,0.02033333333333337,-,0.02033333333333337
2,2023,2023171,23.0,1051,Alfa Romeo,88.657,88.561,-0.061,-0.157,-0.061,-0.157,88.759,-0.096,23.0,-0.096,23,-0.109,-0.109,-0.109,-0.109
2,2023,2023171,24.0,1052,Alfa Romeo,88.526,89.242,-0.098,0.618,-0.098,0.618,88.624,0.716,3.0,0.716,3,0.260,0.26,0.260,0.26
2,2023,2023171,25.0,1053,Alfa Romeo,88.325,89.395,-0.245,0.825,-0.245,0.825,88.57,1.070,3.0,1.070,3,0.290,0.29,0.290,0.29
2,2023,2023171,26.0,1054,Alfa Romeo,88.38,88.248,0.084,-0.048,0.084,-0.048,88.296,-0.132,23.0,-0.132,23,0.018,0.018000000000000002,0.018,0.018000000000000002
2,2023,2023171,27.0,1055,Alfa Romeo,87.921,88.575,-0.27,0.384,-0.27,0.384,88.227,0.654,3.0,0.654,3,0.057,0.056999999999999995,0.057,0.056999999999999995
2,2023,2023171,28.0,1056,Alfa Romeo,87.949,88.027,-0.12,-0.042,-0.12,-0.042,88.128,0.078,3.0,0.078,3,-0.081,-0.081,-0.081,-0.081
2,2023,2023171,29.0,1057,Alfa Romeo,87.721,87.997,-0.182,0.094,-0.182,0.094,88.015,0.276,3.0,0.276,3,-0.044,-0.044,-0.044,-0.044
2,2023,2023171,30.0,1058,Alfa Romeo,88.007,89.014,0.151,1.158,0.151,0.191,87.91,1.007,3.0,0.040,3,0.654,0.6545,0.171,0.17099999999999999
2,2023,2023171,31.0,1059,Alfa Romeo,88.059,88.098,0.416,0.455,0.416,0.455,87.759,0.039,3.0,0.039,3,0.435,0.4355,0.435,0.4355
2,2023,2023171,32.0,1060,Alfa Romeo,88.168,89.213,0.525,1.57,0.525,0.537,87.794,1.045,3.0,0.012,3,1.048,1.0475,0.531,0.531
2,2023,2023171,33.0,1061,Alfa Romeo,90.68,88.262,2.896,0.478,0.36,0.478,88.547,-2.418,23.0,0.118,3,1.687,1.6869999999999998,0.419,0.419
2,2023,2023171,34.0,1062,Alfa Romeo,88.121,87.797,0.375,0.051,0.375,0.051,87.784,-0.324,23.0,-0.324,23,0.213,0.213,0.213,0.213
2,2023,2023171,35.0,1063,Alfa Romeo,88.235,,0.587,,0.587,,87.74,-,-,-,,-,0.21283333333333332,-,0.21283333333333332
2,2023,2023171,36.0,1064,Alfa Romeo,88.482,,0.851,,0.851,,87.831,-,-,-,,-,0.21266666666666664,-,0.21266666666666664
2,2023,2023171,37.0,1065,Alfa Romeo,88.212,87.511,0.563,-0.138,0.563,-0.138,87.683,-0.701,23.0,-0.701,23,0.212,0.21249999999999997,0.212,0.21249999999999997
2,2023,2023171,38.0,1066,Alfa Romeo,89.391,87.863,1.817,0.289,1.817,-0.213,87.602,-1.528,23.0,-2.030,23,1.053,1.053,0.802,0.8019999999999999
2,2023,2023171,39.0,1067,Alfa Romeo,,87.211,,0.026,,0.026,87.278,-,-,-,,-,0.8118333333333333,-,0.6445
2,2023,2023171,40.0,1068,Alfa Romeo,,87.153,,0.549,,0.549,86.604,-,-,-,,-,0.5706666666666667,-,0.487
2,2023,2023171,41.0,1069,Alfa Romeo,87.975,87.17,0.732,-0.073,0.732,-0.073,87.3,-0.805,23.0,-0.805,23,0.330,0.3295,0.330,0.3295
2,2023,2023171,42.0,1070,Alfa Romeo,87.557,87.076,0.485,0.004,0.485,0.004,87.233,-0.481,23.0,-0.481,23,0.244,0.2445,0.244,0.2445
2,2023,2023171,43.0,1071,Alfa Romeo,87.194,86.95,0.288,0.044,0.288,0.044,86.906,-0.244,23.0,-0.244,23,0.166,0.16599999999999998,0.166,0.16599999999999998
2,2023,2023171,44.0,1072,Alfa Romeo,87.428,86.911,0.447,-0.07,0.447,-0.07,87.012,-0.517,23.0,-0.517,23,0.189,0.1885,0.189,0.1885
2,2023,2023171,45.0,1073,Alfa Romeo,87.205,86.842,0.151,-0.212,0.151,-0.212,87.179,-0.363,23.0,-0.363,23,-0.030,-0.0305,-0.030,-0.0305
2,2023,2023171,46.0,1074,Alfa Romeo,86.819,86.589,0.096,-0.134,0.096,-0.134,86.792,-0.230,23.0,-0.230,23,-0.019,-0.019000000000000003,-0.019,-0.019000000000000003
2,2023,2023171,47.0,1075,Alfa Romeo,87.14,86.552,0.568,-0.02,0.182,-0.02,86.849,-0.588,23.0,-0.202,23,0.274,0.27399999999999997,0.081,0.081
2,2023,2023171,48.0,1076,Alfa Romeo,86.689,86.74,0.106,0.157,0.106,0.157,86.637,0.051,3.0,0.051,3,0.132,0.1315,0.132,0.1315
2,2023,2023171,49.0,1077,Alfa Romeo,86.686,86.649,0.125,0.088,0.125,0.088,86.819,-0.037,23.0,-0.037,23,0.106,0.1065,0.106,0.1065
2,2023,2023171,50.0,1078,Alfa Romeo,87.113,86.534,0.552,-0.027,0.552,-0.027,86.722,-0.579,23.0,-0.579,23,0.263,0.2625,0.263,0.2625
2,2023,2023171,51.0,1079,Alfa Romeo,87.131,86.818,0.44,0.127,0.44,0.127,86.708,-0.313,23.0,-0.313,23,0.283,0.2835,0.283,0.2835
2,2023,2023171,52.0,1080,Alfa Romeo,87.122,,0.2,,0.2,,87.454,-,-,-,,-,0.15816666666666665,-,0.15816666666666665
2,2023,2023171,53.0,1081,Alfa Romeo,86.905,,0.051,,0.051,,86.854,-,-,-,,-,0.032833333333333325,-,0.032833333333333325
2,2023,2023171,54.0,1082,Alfa Romeo,86.652,86.323,0.072,-0.257,0.072,-0.257,86.897,-0.329,23.0,-0.329,23,-0.092,-0.0925,-0.092,-0.0925
2,2023,2023171,55.0,1083,Alfa Romeo,86.929,86.683,0.358,0.112,0.358,0.112,86.634,-0.246,23.0,-0.246,23,0.235,0.235,0.235,0.235
2,2023,2023171,56.0,1084,Alfa Romeo,87.308,86.701,0.474,-0.133,0.182,-0.133,87.009,-0.607,23.0,-0.315,23,0.170,0.17049999999999998,0.024,0.024499999999999994
2,2023,2023171,57.0,1085,Alfa Romeo,87.103,87.045,0.704,0.646,0.704,0.646,86.399,-0.058,23.0,-0.058,23,0.675,0.675,0.675,0.675
2,2023,2023180,1.0,1086,Alfa Romeo,,,,,,,,-,-,-,,-,,-,
2,2023,2023180,2.0,1087,Alfa Romeo,,,,,,,,-,-,-,,-,,-,
2,2023,2023180,3.0,1088,Alfa Romeo,102.127,102.148,0.752,0.773,0.752,0.773,101.375,0.021,3.0,0.021,3,0.762,0.7625,0.762,0.7625
2,2023,2023180,4.0,1089,Alfa Romeo,101.754,101.896,0.587,0.729,0.587,0.729,101.167,0.142,3.0,0.142,3,0.658,0.6579999999999999,0.658,0.6579999999999999
2,2023,2023180,5.0,1090,Alfa Romeo,102.079,101.889,1.003,0.813,1.003,0.813,101.076,-0.190,23.0,-0.190,23,0.908,0.9079999999999999,0.908,0.9079999999999999
2,2023,2023180,6.0,1091,Alfa Romeo,101.882,102.222,0.662,1.002,0.662,1.002,101.365,0.340,3.0,0.340,3,0.832,0.8320000000000001,0.832,0.8320000000000001
2,2023,2023180,7.0,1092,Alfa Romeo,102.912,102.669,1.496,1.253,0.947,1.253,101.529,-0.243,23.0,0.306,3,1.374,1.3744999999999998,1.100,1.0999999999999999
2,2023,2023180,8.0,1093,Alfa Romeo,102.845,102.939,1.436,1.53,1.436,1.53,101.457,0.094,3.0,0.094,3,1.483,1.483,1.483,1.483
2,2023,2023180,9.0,1094,Alfa Romeo,103.345,103.213,1.907,1.775,1.527,1.775,101.559,-0.132,23.0,0.248,3,1.841,1.841,1.651,1.6509999999999998
2,2023,2023180,10.0,1095,Alfa Romeo,103.084,103.15,1.631,1.697,1.631,1.697,101.477,0.066,3.0,0.066,3,1.664,1.6640000000000001,1.664,1.6640000000000001
2,2023,2023180,11.0,1096,Alfa Romeo,102.975,102.935,1.59,1.55,1.59,1.55,101.385,-0.040,23.0,-0.040,23,1.570,1.57,1.570,1.57
2,2023,2023180,12.0,1097,Alfa Romeo,103.845,103.675,2.489,2.319,1.597,1.169,101.567,-0.170,23.0,-0.428,23,2.404,2.404,1.383,1.383
2,2023,2023180,13.0,1098,Alfa Romeo,102.932,102.116,1.685,0.869,1.685,0.869,101.302,-0.816,23.0,-0.816,23,1.277,1.2770000000000001,1.277,1.2770000000000001
2,2023,2023180,14.0,1099,Alfa Romeo,101.891,101.885,0.791,0.785,0.791,0.785,101.234,-0.006,23.0,-0.006,23,0.788,0.788,0.788,0.788
2,2023,2023180,15.0,1100,Alfa Romeo,102.028,101.661,0.995,0.628,0.995,0.628,101.033,-0.367,23.0,-0.367,23,0.811,0.8115,0.811,0.8115
2,2023,2023180,16.0,1101,Alfa Romeo,101.68,102.063,0.681,1.064,0.681,1.064,101.031,0.383,3.0,0.383,3,0.873,0.8725,0.873,0.8725
2,2023,2023180,17.0,1102,Alfa Romeo,101.825,101.707,0.759,0.641,0.759,0.641,101.229,-0.118,23.0,-0.118,23,0.700,0.7,0.700,0.7
2,2023,2023180,18.0,1103,Alfa Romeo,101.503,101.595,0.39,0.482,0.39,0.482,101.113,0.092,3.0,0.092,3,0.436,0.436,0.436,0.436
2,2023,2023180,19.0,1104,Alfa Romeo,101.739,101.848,0.448,0.557,0.448,0.557,101.291,0.109,3.0,0.109,3,0.503,0.5025000000000001,0.503,0.5025000000000001
2,2023,2023181,1.0,1105,Alfa Romeo,,,,,,,,-,-,-,,-,,-,
2,2023,2023181,2.0,1106,Alfa Romeo,,,,,,,,-,-,-,,-,,-,
2,2023,2023181,3.0,1107,Alfa Romeo,104.704,105.043,0.59,0.929,0.59,0.929,104.114,0.339,3.0,0.339,3,0.760,0.7595000000000001,0.760,0.7595000000000001
2,2023,2023181,4.0,1108,Alfa Romeo,105.328,104.264,1.55,0.486,0.268,0.486,104.129,-1.064,23.0,0.218,3,1.018,1.018,0.377,0.377
2,2023,2023181,5.0,1109,Alfa Romeo,103.389,103.624,-0.137,0.098,-0.137,0.098,103.526,0.235,3.0,0.235,3,-0.020,-0.019500000000000003,-0.020,-0.019500000000000003
2,2023,2023181,6.0,1110,Alfa Romeo,103.722,103.322,0.518,0.118,0.518,0.118,103.273,-0.400,23.0,-0.400,23,0.318,0.318,0.318,0.318
2,2023,2023181,7.0,1111,Alfa Romeo,103.915,103.606,0.599,0.29,0.599,0.29,103.388,-0.309,23.0,-0.309,23,0.445,0.4445,0.445,0.4445
2,2023,2023181,8.0,1112,Alfa Romeo,103.987,103.615,0.582,0.21,0.582,0.21,103.474,-0.372,23.0,-0.372,23,0.396,0.39599999999999996,0.396,0.39599999999999996
2,2023,2023181,9.0,1113,Alfa Romeo,103.664,,0.309,,0.309,,103.371,-,-,-,,-,0.328875,-,0.328875
2,2023,2023181,10.0,1114,Alfa Romeo,,,,,,,103.348,-,-,-,,-,0.26175,-,0.26175
2,2023,2023181,11.0,1115,Alfa Romeo,,102.787,,-0.126,,-0.126,103.151,-,-,-,,-,0.194625,-,0.194625
2,2023,2023181,12.0,1116,Alfa Romeo,103.069,102.81,0.257,-0.002,0.257,-0.002,102.812,-0.259,23.0,-0.259,23,0.128,0.1275,0.128,0.1275
2,2023,2023181,13.0,1117,Alfa Romeo,103.173,103.56,0.119,0.506,0.119,0.076,103.253,0.387,3.0,-0.043,23,0.312,0.3125,0.098,0.0975
2,2023,2023181,14.0,1118,Alfa Romeo,103.094,103.45,-0.046,0.31,-0.046,0.31,103.14,0.356,3.0,0.356,3,0.132,0.132,0.132,0.132
2,2023,2023181,15.0,1119,Alfa Romeo,103.224,103.345,0.08,0.201,0.08,0.201,103.177,0.121,3.0,0.121,3,0.141,0.1405,0.141,0.1405
2,2023,2023181,16.0,1120,Alfa Romeo,103.016,103.132,-0.077,0.039,-0.077,0.039,103.093,0.116,3.0,0.116,3,-0.019,-0.019,-0.019,-0.019
2,2023,2023181,17.0,1121,Alfa Romeo,102.603,103.244,-0.495,0.146,-0.495,0.146,103.159,0.641,3.0,0.641,3,-0.174,-0.1745,-0.174,-0.1745
2,2023,2023181,18.0,1122,Alfa Romeo,103.009,103.132,0.07,0.193,0.07,0.193,102.984,0.123,3.0,0.123,3,0.132,0.1315,0.132,0.1315
2,2023,2023181,19.0,1123,Alfa Romeo,103.406,103.172,0.826,0.592,0.349,0.592,102.612,-0.234,23.0,0.243,3,0.709,0.709,0.470,0.4705
2,2023,2023181,20.0,1124,Alfa Romeo,102.849,102.845,0.426,0.422,0.426,0.422,102.433,-0.004,23.0,-0.004,23,0.424,0.424,0.424,0.424
2,2023,2023181,21.0,1125,Alfa Romeo,102.902,103.142,0.486,0.726,0.486,0.726,102.527,0.240,3.0,0.240,3,0.606,0.606,0.606,0.606
2,2023,2023181,22.0,1126,Alfa Romeo,103.844,103.657,1.531,1.344,0.944,1.344,102.437,-0.187,23.0,0.400,3,1.438,1.4375,1.144,1.1440000000000001
2,2023,2023181,23.0,1127,Alfa Romeo,103.611,103.809,1.349,1.547,1.349,1.547,102.312,0.198,3.0,0.198,3,1.448,1.448,1.448,1.448
2,2023,2023181,24.0,1128,Alfa Romeo,103.731,103.917,1.404,1.59,1.404,1.59,102.401,0.186,3.0,0.186,3,1.497,1.4969999999999999,1.497,1.4969999999999999
2,2023,2023181,25.0,1129,Alfa Romeo,103.735,105.0,1.367,2.632,1.367,1.435,102.546,1.265,3.0,0.068,3,2.000,1.9995,1.401,1.401
2,2023,2023181,26.0,1130,Alfa Romeo,103.455,103.69,0.987,1.222,0.987,1.222,102.582,0.235,3.0,0.235,3,1.105,1.1045,1.105,1.1045
2,2023,2023181,27.0,1131,Alfa Romeo,103.4,,1.09,,1.09,,102.493,-,-,-,,-,0.9855,-,0.9855
2,2023,2023181,28.0,1132,Alfa Romeo,,,,,,,102.298,-,-,-,,-,0.8665,-,0.8665
2,2023,2023181,29.0,1133,Alfa Romeo,,102.946,,0.947,,0.947,101.999,-,-,-,,-,0.7474999999999999,-,0.7474999999999999
2,2023,2023181,30.0,1134,Alfa Romeo,102.281,103.042,0.248,1.009,0.248,1.009,102.122,0.761,3.0,0.761,3,0.628,0.6285,0.628,0.6285
2,2023,2023181,31.0,1135,Alfa Romeo,102.332,102.846,0.23,0.744,0.23,0.744,102.117,0.514,3.0,0.514,3,0.487,0.487,0.487,0.487
2,2023,2023181,32.0,1136,Alfa Romeo,102.355,102.223,0.322,0.19,0.322,0.19,102.096,-0.132,23.0,-0.132,23,0.256,0.256,0.256,0.256
2,2023,2023181,33.0,1137,Alfa Romeo,102.655,102.941,0.497,0.783,0.497,0.783,102.203,0.286,3.0,0.286,3,0.640,0.64,0.640,0.64
2,2023,2023181,34.0,1138,Alfa Romeo,102.736,103.772,0.851,1.887,0.851,1.23,101.995,1.036,3.0,0.379,3,1.369,1.369,1.040,1.0405
2,2023,2023181,35.0,1139,Alfa Romeo,102.58,103.288,0.586,1.294,0.586,1.294,102.013,0.708,3.0,0.708,3,0.940,0.94,0.940,0.94
2,2023,2023181,36.0,1140,Alfa Romeo,102.454,102.713,0.412,0.671,0.412,0.671,102.063,0.259,3.0,0.259,3,0.541,0.5415,0.541,0.5415
2,2023,2023181,37.0,1141,Alfa Romeo,103.227,103.111,1.516,1.4,1.516,0.755,101.752,-0.116,23.0,-0.761,23,1.458,1.458,1.135,1.1355
2,2023,2023181,38.0,1142,Alfa Romeo,103.604,102.219,2.069,0.684,1.338,0.684,101.584,-1.385,23.0,-0.654,23,1.377,1.3765,1.011,1.0110000000000001
2,2023,2023181,39.0,1143,Alfa Romeo,102.52,102.301,1.178,0.959,1.178,0.959,101.493,-0.219,23.0,-0.219,23,1.069,1.0685,1.069,1.0685
2,2023,2023181,40.0,1144,Alfa Romeo,102.426,102.085,1.24,0.899,1.24,0.899,101.186,-0.341,23.0,-0.341,23,1.070,1.0695000000000001,1.070,1.0695000000000001
2,2023,2023181,41.0,1145,Alfa Romeo,102.342,102.158,1.145,0.961,1.145,0.961,101.373,-0.184,23.0,-0.184,23,1.053,1.053,1.053,1.053
2,2023,2023181,42.0,1146,Alfa Romeo,102.685,102.816,1.429,1.56,1.056,1.56,101.361,0.131,3.0,0.504,3,1.494,1.4945,1.308,1.308
2,2023,2023181,43.0,1147,Alfa Romeo,102.282,102.886,0.927,1.531,0.927,1.531,101.462,0.604,3.0,0.604,3,1.229,1.229,1.229,1.229
2,2023,2023181,44.0,1148,Alfa Romeo,102.311,102.931,0.953,1.573,0.953,1.573,101.517,0.620,3.0,0.620,3,1.263,1.263,1.263,1.263
2,2023,2023181,45.0,1149,Alfa Romeo,102.539,102.45,1.349,1.26,1.349,1.26,101.264,-0.089,23.0,-0.089,23,1.304,1.3045,1.304,1.3045
2,2023,2023181,46.0,1150,Alfa Romeo,102.395,102.113,1.18,0.898,1.18,0.898,101.287,-0.282,23.0,-0.282,23,1.039,1.039,1.039,1.039
2,2023,2023181,47.0,1151,Alfa Romeo,102.446,102.503,1.342,1.399,1.342,1.006,101.127,0.057,3.0,-0.336,23,1.371,1.3705,1.174,1.174
2,2023,2023181,48.0,1152,Alfa Romeo,102.228,102.106,0.768,0.646,0.768,0.646,101.57,-0.122,23.0,-0.122,23,0.707,0.7070000000000001,0.707,0.7070000000000001
2,2023,2023181,49.0,1153,Alfa Romeo,102.169,102.051,1.27,1.152,1.27,1.152,101.004,-0.118,23.0,-0.118,23,1.211,1.2109999999999999,1.211,1.2109999999999999
2,2023,2023181,50.0,1154,Alfa Romeo,102.08,101.927,1.206,1.053,1.206,1.053,100.975,-0.153,23.0,-0.153,23,1.129,1.1295,1.129,1.1295
2,2023,2023181,51.0,1155,Alfa Romeo,102.308,101.879,1.334,0.905,1.334,0.905,101.008,-0.429,23.0,-0.429,23,1.119,1.1195,1.119,1.1195
2,2023,2023181,52.0,1156,Alfa Romeo,102.058,102.158,0.866,0.966,0.866,0.966,101.566,0.100,3.0,0.100,3,0.916,0.9159999999999999,0.916,0.9159999999999999
2,2023,2023181,53.0,1157,Alfa Romeo,102.156,102.493,0.864,1.201,0.864,1.201,101.404,0.337,3.0,0.337,3,1.032,1.0325,1.032,1.0325
2,2023,2023181,54.0,1158,Alfa Romeo,101.972,102.441,0.55,1.019,0.55,1.019,101.711,0.469,3.0,0.469,3,0.784,0.7845,0.784,0.7845
2,2023,2023181,55.0,1159,Alfa Romeo,102.918,105.88,1.024,3.986,1.024,3.986,101.959,2.962,3.0,2.962,3,2.505,2.505,2.505,2.505
2,2023,2023181,56.0,1160,Alfa Romeo,103.696,,2.252,,2.252,,101.444,-,-,-,,-,,-,
2,2023,2023191,1.0,1161,Alfa Romeo,,,,,,,,-,-,-,,-,,-,
2,2023,2023191,2.0,1162,Alfa Romeo,,,,,,,,-,-,-,,-,,-,
2,2023,2023191,3.0,1163,Alfa Romeo,85.036,84.86,0.16,-0.016,0.16,-0.016,84.876,-0.176,23.0,-0.176,23,0.072,0.07200000000000001,0.072,0.07200000000000001
2,2023,2023191,4.0,1164,Alfa Romeo,,,,,,,83.957,-,-,-,,-,0.0765,-,0.0765
2,2023,2023191,5.0,1165,Alfa Romeo,,,,,,,,-,-,-,,-,0.081,-,0.081
2,2023,2023191,6.0,1166,Alfa Romeo,83.903,84.088,-0.007,0.178,-0.007,0.178,83.91,0.185,3.0,0.185,3,0.085,0.08549999999999999,0.085,0.08549999999999999
2,2023,2023191,7.0,1167,Alfa Romeo,84.343,84.269,0.174,0.1,0.174,0.1,84.255,-0.074,23.0,-0.074,23,0.137,0.137,0.137,0.137
2,2023,2023191,8.0,1168,Alfa Romeo,84.673,84.652,0.18,0.159,0.18,0.159,84.578,-0.021,23.0,-0.021,23,0.169,0.16949999999999998,0.169,0.16949999999999998
2,2023,2023191,9.0,1169,Alfa Romeo,84.825,84.89,0.301,0.366,0.301,0.366,84.543,0.065,3.0,0.065,3,0.334,0.3335,0.334,0.3335
2,2023,2023191,10.0,1170,Alfa Romeo,85.099,85.091,0.681,0.673,0.681,0.673,84.418,-0.008,23.0,-0.008,23,0.677,0.677,0.677,0.677
2,2023,2023191,11.0,1171,Alfa Romeo,84.831,84.814,0.468,0.451,0.468,0.451,84.593,-0.017,23.0,-0.017,23,0.460,0.4595,0.460,0.4595
2,2023,2023191,12.0,1172,Alfa Romeo,84.996,85.07,0.547,0.621,0.547,0.621,84.458,0.074,3.0,0.074,3,0.584,0.5840000000000001,0.584,0.5840000000000001
2,2023,2023191,13.0,1173,Alfa Romeo,85.444,85.447,0.827,0.83,0.827,0.83,84.668,0.003,3.0,0.003,3,0.829,0.8285,0.829,0.8285
2,2023,2023191,14.0,1174,Alfa Romeo,85.362,85.602,0.768,1.008,0.768,1.008,84.604,0.240,3.0,0.240,3,0.888,0.888,0.888,0.888
2,2023,2023191,15.0,1175,Alfa Romeo,85.948,86.641,1.305,1.998,0.867,0.961,84.743,0.693,3.0,0.094,3,1.651,1.6515,0.914,0.9139999999999999
2,2023,2023191,16.0,1176,Alfa Romeo,85.658,85.607,0.958,0.907,0.958,0.907,84.784,-0.051,23.0,-0.051,23,0.932,0.9325,0.932,0.9325
2,2023,2023191,17.0,1177,Alfa Romeo,85.29,85.314,0.586,0.61,0.586,0.61,84.722,0.024,3.0,0.024,3,0.598,0.598,0.598,0.598
2,2023,2023191,18.0,1178,Alfa Romeo,85.459,85.556,0.625,0.722,0.625,0.722,84.932,0.097,3.0,0.097,3,0.673,0.6735,0.673,0.6735
2,2023,2023191,19.0,1179,Alfa Romeo,85.452,85.186,0.663,0.397,0.663,0.397,84.822,-0.266,23.0,-0.266,23,0.530,0.53,0.530,0.53
2,2023,2023191,20.0,1180,Alfa Romeo,85.092,85.438,0.428,0.774,0.428,0.774,84.691,0.346,3.0,0.346,3,0.601,0.601,0.601,0.601
2,2023,2023191,21.0,1181,Alfa Romeo,85.377,,0.717,,0.717,,84.722,-,-,-,,-,0.30066666666666664,-,0.30066666666666664
2,2023,2023191,22.0,1182,Alfa Romeo,84.462,,-0.253,,-0.253,,84.854,-,-,-,,-,0.0003333333333332966,-,0.0003333333333332966
2,2023,2023191,23.0,1183,Alfa Romeo,84.725,83.583,0.271,-0.871,0.271,-0.871,84.532,-1.142,23.0,-1.142,23,-0.300,-0.3,-0.300,-0.3
2,2023,2023191,24.0,1184,Alfa Romeo,85.171,83.839,0.783,-0.549,0.783,-0.549,84.486,-1.332,23.0,-1.332,23,0.117,0.11699999999999999,0.117,0.11699999999999999
2,2023,2023191,25.0,1185,Alfa Romeo,84.517,84.336,0.332,0.151,0.332,0.151,84.259,-0.181,23.0,-0.181,23,0.241,0.2415,0.241,0.2415
2,2023,2023191,26.0,1186,Alfa Romeo,85.255,84.623,1.048,0.416,1.048,0.416,84.268,-0.632,23.0,-0.632,23,0.732,0.732,0.732,0.732
2,2023,2023191,27.0,1187,Alfa Romeo,85.58,84.6,1.315,0.335,1.315,0.335,84.346,-0.980,23.0,-0.980,23,0.825,0.825,0.825,0.825
2,2023,2023191,28.0,1188,Alfa Romeo,86.01,84.564,1.619,0.173,1.619,0.173,84.578,-1.446,23.0,-1.446,23,0.896,0.896,0.896,0.896
2,2023,2023191,29.0,1189,Alfa Romeo,86.401,84.596,1.975,0.17,1.975,0.17,84.511,-1.805,23.0,-1.805,23,1.073,1.0725,1.073,1.0725
2,2023,2023191,30.0,1190,Alfa Romeo,85.608,86.166,1.381,1.939,1.381,0.519,84.457,0.558,3.0,-0.862,23,1.660,1.6600000000000001,0.950,0.95
2,2023,2023191,31.0,1191,Alfa Romeo,,84.896,,0.732,,0.732,84.315,-,-,-,,-,0.3080833333333335,-,-0.2835833333333333
2,2023,2023191,32.0,1192,Alfa Romeo,,,,,,,83.677,-,-,-,,-,-1.0438333333333332,-,-1.5171666666666666
2,2023,2023191,33.0,1193,Alfa Romeo,,,,,,,,-,-,-,,-,-2.3957499999999996,-,-2.75075
2,2023,2023191,34.0,1194,Alfa Romeo,,,,,,,,-,-,-,,-,,-,
2,2023,2023191,35.0,1195,Alfa Romeo,,,,,,,,-,-,-,,-,,-,
2,2023,2023191,36.0,1196,Alfa Romeo,118.173,129.188,-11.959,-0.944,-11.959,-0.944,130.132,11.015,3.0,11.015,3,-6.451,-6.451499999999999,-6.451,-6.451499999999999
2,2023,2023191,37.0,1197,Alfa Romeo,84.136,86.21,-0.007,2.067,-0.007,2.067,84.143,2.074,3.0,2.074,3,1.030,1.03,1.030,1.03
2,2023,2023191,38.0,1198,Alfa Romeo,83.675,84.081,0.424,0.83,0.424,0.83,83.251,0.406,3.0,0.406,3,0.627,0.627,0.627,0.627
2,2023,2023191,39.0,1199,Alfa Romeo,83.322,83.567,0.192,0.437,0.192,0.437,83.328,0.245,3.0,0.245,3,0.315,0.3145,0.315,0.3145
2,2023,2023191,40.0,1200,Alfa Romeo,83.788,83.672,0.721,0.605,0.721,0.605,83.111,-0.116,23.0,-0.116,23,0.663,0.663,0.663,0.663
2,2023,2023191,41.0,1201,Alfa Romeo,84.367,83.859,1.236,0.728,0.365,0.728,83.262,-0.508,23.0,0.363,3,0.982,0.982,0.546,0.5465
2,2023,2023191,42.0,1202,Alfa Romeo,83.203,83.988,-0.008,0.777,-0.008,0.777,83.244,0.785,3.0,0.785,3,0.385,0.3845,0.385,0.3845
2,2023,2023191,43.0,1203,Alfa Romeo,83.166,85.204,0.066,2.104,0.066,1.046,83.158,2.038,3.0,0.980,3,1.085,1.085,0.556,0.556
2,2023,2023191,44.0,1204,Alfa Romeo,83.43,84.303,0.159,1.032,0.159,1.032,83.292,0.873,3.0,0.873,3,0.596,0.5955,0.596,0.5955
2,2023,2023191,45.0,1205,Alfa Romeo,83.956,84.336,0.504,0.884,0.504,0.884,83.506,0.380,3.0,0.380,3,0.694,0.694,0.694,0.694
2,2023,2023191,46.0,1206,Alfa Romeo,83.987,86.227,0.464,2.704,0.464,0.973,83.732,2.240,3.0,0.509,3,1.584,1.584,0.719,0.7185
2,2023,2023191,47.0,1207,Alfa Romeo,84.057,84.657,0.539,1.139,0.539,1.139,83.706,0.600,3.0,0.600,3,0.839,0.839,0.839,0.839
2,2023,2023191,48.0,1208,Alfa Romeo,84.077,84.348,0.368,0.639,0.368,0.639,83.877,0.271,3.0,0.271,3,0.504,0.5035000000000001,0.504,0.5035000000000001
2,2023,2023191,49.0,1209,Alfa Romeo,84.581,84.907,0.92,1.246,0.374,0.573,84.906,0.326,3.0,0.199,3,1.083,1.083,0.473,0.4735
2,2023,2023191,50.0,1210,Alfa Romeo,83.992,84.119,0.499,0.626,0.499,0.626,83.507,0.127,3.0,0.127,3,0.562,0.5625,0.562,0.5625
2,2023,2023191,51.0,1211,Alfa Romeo,83.88,84.354,0.452,0.926,0.452,0.926,83.475,0.474,3.0,0.474,3,0.689,0.6890000000000001,0.689,0.6890000000000001
2,2023,2023191,52.0,1212,Alfa Romeo,84.861,84.489,1.393,1.021,0.621,1.021,83.558,-0.372,23.0,0.400,3,1.207,1.2069999999999999,0.821,0.821
2,2023,2023191,53.0,1213,Alfa Romeo,84.297,84.354,0.825,0.882,0.825,0.882,83.526,0.057,3.0,0.057,3,0.853,0.8534999999999999,0.853,0.8534999999999999
2,2023,2023191,54.0,1214,Alfa Romeo,84.402,84.008,0.935,0.541,0.935,0.541,83.508,-0.394,23.0,-0.394,23,0.738,0.738,0.738,0.738
2,2023,2023191,55.0,1215,Alfa Romeo,84.004,83.845,0.626,0.467,0.626,0.467,83.423,-0.159,23.0,-0.159,23,0.546,0.5465,0.546,0.5465
2,2023,2023191,56.0,1216,Alfa Romeo,84.356,83.754,1.001,0.399,1.001,0.399,83.513,-0.602,23.0,-0.602,23,0.700,0.7,0.700,0.7
2,2023,2023191,57.0,1217,Alfa Romeo,83.726,84.404,0.451,1.129,0.451,0.642,83.383,0.678,3.0,0.191,3,0.790,0.79,0.546,0.5465
2,2023,2023191,58.0,1218,Alfa Romeo,83.831,84.08,0.557,0.806,0.557,0.806,83.407,0.249,3.0,0.249,3,0.681,0.6815,0.681,0.6815
2,2023,2023191,59.0,1219,Alfa Romeo,83.681,83.846,0.457,0.622,0.457,0.622,83.224,0.165,3.0,0.165,3,0.539,0.5395,0.539,0.5395
2,2023,2023191,60.0,1220,Alfa Romeo,83.788,83.698,0.635,0.545,0.635,0.545,83.318,-0.090,23.0,-0.090,23,0.590,0.5900000000000001,0.590,0.5900000000000001
2,2023,2023191,61.0,1221,Alfa Romeo,83.671,83.846,0.463,0.638,0.463,0.638,83.239,0.175,3.0,0.175,3,0.550,0.5505,0.550,0.5505
2,2023,2023191,62.0,1222,Alfa Romeo,84.204,83.859,0.898,0.553,0.574,0.553,83.357,-0.345,23.0,-0.021,23,0.726,0.7255,0.564,0.5635
2,2023,2023191,63.0,1223,Alfa Romeo,84.088,84.259,0.646,0.817,0.646,0.817,83.442,0.171,3.0,0.171,3,0.732,0.7315,0.732,0.7315
2,2023,2023191,64.0,1224,Alfa Romeo,84.079,84.237,0.747,0.905,0.747,0.905,83.332,0.158,3.0,0.158,3,0.826,0.8260000000000001,0.826,0.8260000000000001
2,2023,2023191,65.0,1225,Alfa Romeo,84.214,84.047,0.869,0.702,0.869,0.702,83.373,-0.167,23.0,-0.167,23,0.785,0.7855,0.785,0.7855
2,2023,2023191,66.0,1226,Alfa Romeo,87.353,84.464,4.004,1.115,1.866,1.115,83.909,-2.889,23.0,-0.751,23,2.559,2.5595,1.490,1.4905
2,2023,2023191,67.0,1227,Alfa Romeo,86.217,84.876,2.657,1.316,2.657,1.316,83.897,-1.341,23.0,-1.341,23,1.986,1.9865,1.986,1.9865
2,2023,2023191,68.0,1228,Alfa Romeo,84.695,84.121,1.229,0.655,1.229,0.655,83.481,-0.574,23.0,-0.574,23,0.942,0.9420000000000001,0.942,0.9420000000000001
2,2023,2023191,69.0,1229,Alfa Romeo,84.295,83.742,0.858,0.305,0.858,0.305,83.437,-0.553,23.0,-0.553,23,0.582,0.5815,0.582,0.5815
2,2023,2023191,70.0,1230,Alfa Romeo,85.619,83.829,1.957,0.167,1.957,0.167,83.824,-1.790,23.0,-1.790,23,1.062,1.062,1.062,1.062
2,2023,2023191,71.0,1231,Alfa Romeo,87.033,84.391,3.008,0.366,3.008,0.366,84.025,-2.642,23.0,-2.642,23,1.687,1.687,1.687,1.687
2,2023,2023200,1.0,1232,Alfa Romeo,,,,,,,,-,-,-,,-,,-,
2,2023,2023200,2.0,1233,Alfa Romeo,,,,,,,,-,-,-,,-,,-,
2,2023,2023200,3.0,1234,Alfa Romeo,75.738,75.837,0.318,0.417,0.318,0.417,75.42,0.099,3.0,0.099,3,0.367,0.3675,0.367,0.3675
2,2023,2023200,4.0,1235,Alfa Romeo,75.886,75.848,0.104,0.066,0.104,0.066,75.931,-0.038,23.0,-0.038,23,0.085,0.08499999999999999,0.085,0.08499999999999999
2,2023,2023200,5.0,1236,Alfa Romeo,76.417,76.679,0.385,0.647,0.385,0.647,76.244,0.262,3.0,0.262,3,0.516,0.516,0.516,0.516
2,2023,2023200,6.0,1237,Alfa Romeo,77.346,76.781,1.235,0.67,1.235,0.67,76.241,-0.565,23.0,-0.565,23,0.953,0.9525000000000001,0.953,0.9525000000000001
2,2023,2023200,7.0,1238,Alfa Romeo,77.595,77.073,1.444,0.922,1.444,0.922,76.165,-0.522,23.0,-0.522,23,1.183,1.183,1.183,1.183
2,2023,2023200,8.0,1239,Alfa Romeo,76.374,76.478,0.337,0.441,0.337,0.441,76.072,0.104,3.0,0.104,3,0.389,0.389,0.389,0.389
2,2023,2023200,9.0,1240,Alfa Romeo,76.98,77.02,0.802,0.842,0.802,0.842,76.299,0.040,3.0,0.040,3,0.822,0.8220000000000001,0.822,0.8220000000000001
2,2023,2023200,10.0,1241,Alfa Romeo,77.15,77.032,0.782,0.664,0.782,0.664,76.443,-0.118,23.0,-0.118,23,0.723,0.7230000000000001,0.723,0.7230000000000001
2,2023,2023200,11.0,1242,Alfa Romeo,77.304,77.328,0.777,0.801,0.777,0.801,76.598,0.024,3.0,0.024,3,0.789,0.789,0.789,0.789
2,2023,2023200,12.0,1243,Alfa Romeo,77.457,77.456,0.783,0.782,0.783,0.782,76.706,-0.001,23.0,-0.001,23,0.782,0.7825,0.782,0.7825
2,2023,2023200,13.0,1244,Alfa Romeo,77.309,77.434,0.584,0.709,0.584,0.709,76.797,0.125,3.0,0.125,3,0.646,0.6465,0.646,0.6465
2,2023,2023200,14.0,1245,Alfa Romeo,77.449,77.411,0.638,0.6,0.638,0.6,76.962,-0.038,23.0,-0.038,23,0.619,0.619,0.619,0.619
2,2023,2023200,15.0,1246,Alfa Romeo,78.707,78.595,1.862,1.75,0.508,0.43,77.232,-0.112,23.0,-0.078,23,1.806,1.806,0.469,0.469
2,2023,2023200,16.0,1247,Alfa Romeo,77.257,77.139,0.68,0.562,0.68,0.562,76.577,-0.118,23.0,-0.118,23,0.621,0.621,0.621,0.621
2,2023,2023200,17.0,1248,Alfa Romeo,77.485,77.651,0.724,0.89,0.724,0.89,76.834,0.166,3.0,0.166,3,0.807,0.8069999999999999,0.807,0.8069999999999999
2,2023,2023200,18.0,1249,Alfa Romeo,77.92,77.954,1.053,1.087,1.053,1.087,76.913,0.034,3.0,0.034,3,1.070,1.0699999999999998,1.070,1.0699999999999998
2,2023,2023200,19.0,1250,Alfa Romeo,77.838,77.632,1.035,0.829,1.035,0.829,76.827,-0.206,23.0,-0.206,23,0.932,0.9319999999999999,0.932,0.9319999999999999
2,2023,2023200,20.0,1251,Alfa Romeo,78.052,77.926,1.17,1.044,1.17,1.044,76.919,-0.126,23.0,-0.126,23,1.107,1.107,1.107,1.107
2,2023,2023200,21.0,1252,Alfa Romeo,78.555,78.678,1.653,1.776,1.653,1.171,77.128,0.123,3.0,-0.482,23,1.715,1.7145000000000001,1.412,1.412
2,2023,2023200,22.0,1253,Alfa Romeo,78.527,78.22,1.679,1.372,1.679,1.372,76.875,-0.307,23.0,-0.307,23,1.526,1.5255,1.526,1.5255
2,2023,2023200,23.0,1254,Alfa Romeo,79.246,78.564,2.303,1.621,1.701,1.621,77.021,-0.682,23.0,-0.080,23,1.962,1.962,1.661,1.661
2,2023,2023200,24.0,1255,Alfa Romeo,78.76,77.401,1.583,0.224,1.583,0.224,77.177,-1.359,23.0,-1.359,23,0.903,0.9035,0.903,0.9035
2,2023,2023201,1.0,1256,Alfa Romeo,,,,,,,,-,-,-,,-,,-,
2,2023,2023201,2.0,1257,Alfa Romeo,,,,,,,,-,-,-,,-,,-,
2,2023,2023201,3.0,1258,Alfa Romeo,,,,,,,,-,-,-,,-,,-,
2,2023,2023201,4.0,1259,Alfa Romeo,81.758,81.539,-18.451,-18.67,-18.451,-18.67,100.209,-0.219,23.0,-0.219,23,-18.561,-18.5605,-18.561,-18.5605
2,2023,2023201,5.0,1260,Alfa Romeo,77.774,78.239,0.637,1.102,0.637,1.102,77.137,0.465,3.0,0.465,3,0.870,0.8695,0.870,0.8695
2,2023,2023201,6.0,1261,Alfa Romeo,77.239,77.289,0.693,0.743,0.693,0.743,76.546,0.050,3.0,0.050,3,0.718,0.718,0.718,0.718
2,2023,2023201,7.0,1262,Alfa Romeo,77.161,77.106,0.662,0.607,0.662,0.607,76.499,-0.055,23.0,-0.055,23,0.635,0.6345000000000001,0.635,0.6345000000000001
2,2023,2023201,8.0,1263,Alfa Romeo,76.64,76.881,0.106,0.347,0.106,0.347,76.577,0.241,3.0,0.241,3,0.226,0.22649999999999998,0.226,0.22649999999999998
2,2023,2023201,9.0,1264,Alfa Romeo,76.902,76.977,0.234,0.309,0.234,0.309,76.709,0.075,3.0,0.075,3,0.272,0.2715,0.272,0.2715
2,2023,2023201,10.0,1265,Alfa Romeo,76.759,76.752,-0.019,-0.026,-0.019,-0.026,76.865,-0.007,23.0,-0.007,23,-0.022,-0.0225,-0.022,-0.0225
2,2023,2023201,11.0,1266,Alfa Romeo,77.131,77.043,0.284,0.196,-0.049,0.196,76.912,-0.088,23.0,0.245,3,0.240,0.24,0.074,0.07350000000000001
2,2023,2023201,12.0,1267,Alfa Romeo,76.837,77.567,-0.173,0.557,-0.173,0.557,77.041,0.730,3.0,0.730,3,0.192,0.19200000000000003,0.192,0.19200000000000003
2,2023,2023201,13.0,1268,Alfa Romeo,77.559,77.642,0.41,0.493,-0.042,0.493,77.35,0.083,3.0,0.535,3,0.452,0.4515,0.226,0.2255
2,2023,2023201,14.0,1269,Alfa Romeo,77.377,77.484,0.189,0.296,0.189,0.296,77.277,0.107,3.0,0.107,3,0.242,0.2425,0.242,0.2425
2,2023,2023201,15.0,1270,Alfa Romeo,77.343,,0.14,,0.14,,77.217,-,-,-,,-,0.08283333333333334,-,0.08283333333333334
2,2023,2023201,16.0,1271,Alfa Romeo,77.765,,0.622,,0.244,,77.566,-,-,-,,-,-0.07683333333333331,-,-0.07683333333333331
2,2023,2023201,17.0,1272,Alfa Romeo,77.431,76.232,0.363,-0.836,0.363,-0.836,77.091,-1.199,23.0,-1.199,23,-0.236,-0.2365,-0.236,-0.2365
2,2023,2023201,18.0,1273,Alfa Romeo,,76.639,,-0.355,,-0.355,77.08,-,-,-,,-,-0.29716666666666663,-,-0.29716666666666663
2,2023,2023201,19.0,1274,Alfa Romeo,,77.406,,0.553,,-0.077,76.898,-,-,-,,-,-0.35783333333333334,-,-0.35783333333333334
2,2023,2023201,20.0,1275,Alfa Romeo,75.731,76.914,-1.01,0.173,-1.01,0.173,76.785,1.183,3.0,1.183,3,-0.418,-0.4185,-0.418,-0.4185
2,2023,2023201,21.0,1276,Alfa Romeo,76.452,76.767,-0.208,0.107,-0.689,0.107,76.727,0.315,3.0,0.796,3,-0.050,-0.050499999999999996,-0.291,-0.291
2,2023,2023201,22.0,1277,Alfa Romeo,76.21,,-0.376,,-0.376,,76.61,-,-,-,,-,,-,
2,2023,2023201,23.0,1278,Alfa Romeo,76.522,,-0.218,,-0.218,,76.908,-,-,-,,-,,-,
2,2023,2023201,24.0,1279,Alfa Romeo,76.898,,0.165,,-0.058,,76.764,-,-,-,,-,,-,
2,2023,2023201,25.0,1280,Alfa Romeo,76.827,,-0.106,,-0.106,,76.933,-,-,-,,-,,-,
2,2023,2023201,26.0,1281,Alfa Romeo,76.628,,0.148,,0.148,,76.48,-,-,-,,-,,-,
2,2023,2023201,27.0,1282,Alfa Romeo,77.081,,0.799,,0.799,,76.326,-,-,-,,-,,-,
2,2023,2023201,28.0,1283,Alfa Romeo,77.111,,0.951,,0.951,,76.192,-,-,-,,-,,-,
2,2023,2023201,29.0,1284,Alfa Romeo,76.921,,0.866,,0.866,,76.133,-,-,-,,-,,-,
2,2023,2023201,30.0,1285,Alfa Romeo,76.549,,0.497,,0.497,,76.119,-,-,-,,-,,-,
2,2023,2023201,31.0,1286,Alfa Romeo,76.502,,0.51,,0.51,,76.029,-,-,-,,-,,-,
2,2023,2023201,32.0,1287,Alfa Romeo,77.597,,1.603,,0.683,,76.073,-,-,-,,-,,-,
2,2023,2023201,33.0,1288,Alfa Romeo,76.853,,0.945,,0.945,,75.973,-,-,-,,-,,-,
2,2023,2023201,34.0,1289,Alfa Romeo,76.94,,0.964,,0.964,,76.067,-,-,-,,-,,-,
2,2023,2023201,35.0,1290,Alfa Romeo,77.022,,1.022,,1.022,,76.103,-,-,-,,-,,-,
2,2023,2023201,36.0,1291,Alfa Romeo,77.879,,1.881,,1.321,,76.047,-,-,-,,-,,-,
2,2023,2023201,37.0,1292,Alfa Romeo,77.615,,1.574,,1.574,,76.134,-,-,-,,-,,-,
2,2023,2023201,38.0,1293,Alfa Romeo,77.876,,1.7,,1.7,,76.282,-,-,-,,-,,-,
2,2023,2023201,39.0,1294,Alfa Romeo,,,,,,,76.197,-,-,-,,-,,-,
2,2023,2023211,1.0,1295,Alfa Romeo,,,,,,,,-,-,-,,-,,-,
2,2023,2023211,2.0,1296,Alfa Romeo,,,,,,,,-,-,-,,-,,-,
2,2023,2023211,3.0,1297,Alfa Romeo,,,,,,,,-,-,-,,-,,-,
2,2023,2023211,4.0,1298,Alfa Romeo,,,,,,,,-,-,-,,-,,-,
2,2023,2023211,5.0,1299,Alfa Romeo,,,,,,,,-,-,-,,-,,-,
2,2023,2023211,6.0,1300,Alfa Romeo,,,,,,,,-,-,-,,-,,-,
2,2023,2023211,7.0,1301,Alfa Romeo,,,,,,,,-,-,-,,-,,-,
2,2023,2023211,8.0,1302,Alfa Romeo,102.159,101.996,0.895,0.732,0.895,0.732,101.264,-0.163,23.0,-0.163,23,0.814,0.8135,0.814,0.8135
2,2023,2023211,9.0,1303,Alfa Romeo,101.377,100.813,1.014,0.45,1.014,0.45,100.363,-0.564,23.0,-0.564,23,0.732,0.732,0.732,0.732
2,2023,2023211,10.0,1304,Alfa Romeo,101.854,99.733,1.678,-0.443,1.678,-0.443,100.604,-2.121,23.0,-2.121,23,0.617,0.6174999999999999,0.617,0.6174999999999999
2,2023,2023211,11.0,1305,Alfa Romeo,100.763,100.064,0.757,0.058,0.757,0.058,100.006,-0.699,23.0,-0.699,23,0.408,0.40750000000000003,0.408,0.40750000000000003
2,2023,2023211,12.0,1306,Alfa Romeo,100.51,99.655,0.968,0.113,0.968,0.113,99.542,-0.855,23.0,-0.855,23,0.540,0.5405,0.540,0.5405
2,2023,2023211,13.0,1307,Alfa Romeo,100.263,99.466,0.852,0.055,0.852,0.055,99.474,-0.797,23.0,-0.797,23,0.454,0.4535,0.454,0.4535
2,2023,2023211,14.0,1308,Alfa Romeo,103.971,100.693,4.452,1.174,0.977,1.174,99.836,-3.278,23.0,0.197,3,2.813,2.8129999999999997,1.075,1.0755
2,2023,2023211,15.0,1309,Alfa Romeo,100.728,101.206,1.21,1.688,1.21,1.688,99.569,0.478,3.0,0.478,3,1.449,1.4489999999999998,1.449,1.4489999999999998
2,2023,2023211,16.0,1310,Alfa Romeo,100.774,101.027,0.91,1.163,0.91,1.163,100.137,0.253,3.0,0.253,3,1.036,1.0365,1.036,1.0365
2,2023,2023211,17.0,1311,Alfa Romeo,101.697,100.336,1.92,0.559,1.92,0.559,99.777,-1.361,23.0,-1.361,23,1.240,1.2395,1.240,1.2395
2,2023,2023211,18.0,1312,Alfa Romeo,100.86,100.913,1.33,1.383,1.33,1.383,99.665,0.053,3.0,0.053,3,1.357,1.3565,1.357,1.3565
2,2023,2023211,19.0,1313,Alfa Romeo,101.27,101.164,1.614,1.508,1.614,1.508,99.716,-0.106,23.0,-0.106,23,1.561,1.561,1.561,1.561
2,2023,2023211,20.0,1314,Alfa Romeo,100.753,101.346,1.311,1.904,1.311,1.904,99.569,0.593,3.0,0.593,3,1.607,1.6075,1.607,1.6075
2,2023,2023211,21.0,1315,Alfa Romeo,102.145,100.203,2.739,0.797,2.739,0.797,99.406,-1.942,23.0,-1.942,23,1.768,1.768,1.768,1.768
2,2023,2023211,22.0,1316,Alfa Romeo,102.542,100.246,3.264,0.968,3.264,0.968,99.318,-2.296,23.0,-2.296,23,2.116,2.1159999999999997,2.116,2.1159999999999997
2,2023,2023211,23.0,1317,Alfa Romeo,101.224,100.314,2.146,1.236,2.146,1.236,99.165,-0.910,23.0,-0.910,23,1.691,1.6909999999999998,1.691,1.6909999999999998
2,2023,2023211,24.0,1318,Alfa Romeo,,100.381,,1.439,,1.439,98.979,-,-,-,,-,1.593142857142857,-,1.593142857142857
2,2023,2023211,25.0,1319,Alfa Romeo,,101.491,,2.086,,2.086,99.405,-,-,-,,-,1.495285714285714,-,1.495285714285714
2,2023,2023211,26.0,1320,Alfa Romeo,,,,,,,,-,-,-,,-,1.3974285714285712,-,1.3974285714285712
2,2023,2023211,27.0,1321,Alfa Romeo,,,,,,,,-,-,-,,-,,-,
2,2023,2023211,28.0,1322,Alfa Romeo,,,,,,,,-,-,-,,-,,-,
2,2023,2023211,29.0,1323,Alfa Romeo,,,,,,,,-,-,-,,-,,-,
2,2023,2023211,30.0,1324,Alfa Romeo,100.952,99.59,1.687,0.325,1.687,0.325,99.265,-1.362,23.0,-1.362,23,1.006,1.006,1.006,1.006
2,2023,2023211,31.0,1325,Alfa Romeo,100.816,98.864,2.259,0.307,2.259,0.307,98.557,-1.952,23.0,-1.952,23,1.283,1.283,1.283,1.283
2,2023,2023211,32.0,1326,Alfa Romeo,100.257,97.375,2.187,-0.695,2.187,-0.695,98.115,-2.882,23.0,-2.882,23,0.746,0.746,0.746,0.746
2,2023,2023211,33.0,1327,Alfa Romeo,101.292,98.043,3.299,0.05,2.742,-0.382,98.152,-3.249,23.0,-3.124,23,1.674,1.6744999999999999,1.180,1.18
2,2023,2023211,34.0,1328,Alfa Romeo,101.214,97.847,3.332,-0.035,3.332,-0.035,98.021,-3.367,23.0,-3.367,23,1.648,1.6484999999999999,1.648,1.6484999999999999
2,2023,2023211,35.0,1329,Alfa Romeo,101.02,97.582,3.16,-0.278,3.16,-0.278,97.886,-3.438,23.0,-3.438,23,1.441,1.441,1.441,1.441
2,2023,2023211,36.0,1330,Alfa Romeo,101.741,97.897,3.894,0.05,3.479,0.05,97.913,-3.844,23.0,-3.429,23,1.972,1.972,1.764,1.7645
2,2023,2023211,37.0,1331,Alfa Romeo,101.632,98.42,3.827,0.615,3.827,0.615,97.949,-3.212,23.0,-3.212,23,2.221,2.221,2.221,2.221
2,2023,2023211,38.0,1332,Alfa Romeo,100.499,98.384,2.719,0.604,2.719,0.604,97.806,-2.115,23.0,-2.115,23,1.661,1.6615,1.661,1.6615
2,2023,2023211,39.0,1333,Alfa Romeo,100.969,98.89,3.18,1.101,3.18,1.101,97.789,-2.079,23.0,-2.079,23,2.141,2.1405000000000003,2.141,2.1405000000000003
2,2023,2023211,40.0,1334,Alfa Romeo,100.347,98.751,2.553,0.957,2.553,0.957,98.012,-1.596,23.0,-1.596,23,1.755,1.755,1.755,1.755
2,2023,2023211,41.0,1335,Alfa Romeo,100.593,98.618,2.886,0.911,2.886,0.911,97.809,-1.975,23.0,-1.975,23,1.899,1.8985,1.899,1.8985
2,2023,2023211,42.0,1336,Alfa Romeo,100.002,99.026,2.339,1.363,2.339,1.363,97.761,-0.976,23.0,-0.976,23,1.851,1.851,1.851,1.851
2,2023,2023211,43.0,1337,Alfa Romeo,99.831,98.321,2.299,0.789,2.299,0.789,97.691,-1.510,23.0,-1.510,23,1.544,1.544,1.544,1.544
2,2023,2023211,44.0,1338,Alfa Romeo,99.304,99.741,1.779,2.216,1.779,0.902,97.859,0.437,3.0,-0.877,23,1.998,1.9975,1.341,1.3405
2,2023,2023211,45.0,1339,Alfa Romeo,99.075,98.534,1.775,1.234,1.775,1.234,97.3,-0.541,23.0,-0.541,23,1.504,1.5045,1.504,1.5045
2,2023,2023211,46.0,1340,Alfa Romeo,98.672,99.897,1.472,2.697,1.472,1.427,97.297,1.225,3.0,-0.045,23,2.085,2.0845000000000002,1.450,1.4495
2,2023,2023211,47.0,1341,Alfa Romeo,99.237,98.719,2.102,1.584,2.102,1.584,97.135,-0.518,23.0,-0.518,23,1.843,1.843,1.843,1.843
2,2023,2023211,48.0,1342,Alfa Romeo,98.926,99.303,1.698,2.075,1.698,2.075,97.383,0.377,3.0,0.377,3,1.887,1.8865,1.887,1.8865
2,2023,2023211,49.0,1343,Alfa Romeo,97.562,99.425,0.401,2.264,0.401,2.264,97.161,1.863,3.0,1.863,3,1.333,1.3325,1.333,1.3325
2,2023,2023211,50.0,1344,Alfa Romeo,99.068,98.315,1.931,1.178,1.931,1.178,97.137,-0.753,23.0,-0.753,23,1.554,1.5545,1.554,1.5545
2,2023,2023221,1.0,1345,Alfa Romeo,,,,,,,,-,-,-,,-,,-,
2,2023,2023221,2.0,1346,Alfa Romeo,,,,,,,,-,-,-,,-,,-,
2,2023,2023221,3.0,1347,Alfa Romeo,91.698,91.817,0.613,0.732,0.613,0.732,91.085,0.119,3.0,0.119,3,0.672,0.6725,0.672,0.6725
2,2023,2023221,4.0,1348,Alfa Romeo,91.281,91.303,0.325,0.347,0.325,0.347,91.06,0.022,3.0,0.022,3,0.336,0.33599999999999997,0.336,0.33599999999999997
2,2023,2023221,5.0,1349,Alfa Romeo,91.445,91.44,0.497,0.492,0.497,0.492,90.99,-0.005,23.0,-0.005,23,0.494,0.4945,0.494,0.4945
2,2023,2023221,6.0,1350,Alfa Romeo,91.122,91.331,0.21,0.419,0.21,0.419,90.912,0.209,3.0,0.209,3,0.315,0.3145,0.315,0.3145
2,2023,2023221,7.0,1351,Alfa Romeo,91.189,91.227,0.284,0.322,0.284,0.322,90.917,0.038,3.0,0.038,3,0.303,0.303,0.303,0.303
2,2023,2023221,8.0,1352,Alfa Romeo,91.206,91.318,0.234,0.346,0.234,0.346,91.024,0.112,3.0,0.112,3,0.290,0.29,0.290,0.29
2,2023,2023221,9.0,1353,Alfa Romeo,91.716,91.662,0.735,0.681,0.478,0.681,91.01,-0.054,23.0,0.203,3,0.708,0.708,0.580,0.5795
2,2023,2023221,10.0,1354,Alfa Romeo,91.713,91.936,0.569,0.792,0.569,0.609,91.212,0.223,3.0,0.040,3,0.680,0.6805,0.589,0.589
2,2023,2023221,11.0,1355,Alfa Romeo,91.616,91.845,0.352,0.581,0.352,0.581,91.38,0.229,3.0,0.229,3,0.466,0.46649999999999997,0.466,0.46649999999999997
2,2023,2023221,12.0,1356,Alfa Romeo,91.78,92.298,0.466,0.984,0.466,0.984,91.376,0.518,3.0,0.518,3,0.725,0.725,0.725,0.725
2,2023,2023221,13.0,1357,Alfa Romeo,91.887,,0.633,,0.633,,91.287,-,-,-,,-,0.522,-,0.522
2,2023,2023221,14.0,1358,Alfa Romeo,91.709,,0.521,,0.521,,91.204,-,-,-,,-,0.319,-,0.319
2,2023,2023221,15.0,1359,Alfa Romeo,91.436,90.762,0.453,-0.221,0.453,-0.221,90.983,-0.674,23.0,-0.674,23,0.116,0.116,0.116,0.116
2,2023,2023221,16.0,1360,Alfa Romeo,91.475,90.842,0.609,-0.024,0.609,-0.024,90.866,-0.633,23.0,-0.633,23,0.292,0.2925,0.292,0.2925
2,2023,2023221,17.0,1361,Alfa Romeo,91.561,90.892,1.008,0.339,1.008,0.339,90.672,-0.669,23.0,-0.669,23,0.673,0.6735,0.673,0.6735
2,2023,2023221,18.0,1362,Alfa Romeo,92.236,90.973,1.613,0.35,1.613,0.35,90.779,-1.263,23.0,-1.263,23,0.982,0.9815,0.982,0.9815
2,2023,2023221,19.0,1363,Alfa Romeo,92.309,91.083,1.844,0.618,1.844,0.618,90.522,-1.226,23.0,-1.226,23,1.231,1.231,1.231,1.231
2,2023,2023221,20.0,1364,Alfa Romeo,92.795,91.099,2.369,0.673,1.96,0.673,90.491,-1.696,23.0,-1.287,23,1.521,1.5210000000000001,1.317,1.3165
2,2023,2023221,21.0,1365,Alfa Romeo,92.462,91.055,1.978,0.571,1.978,0.571,90.529,-1.407,23.0,-1.407,23,1.274,1.2745,1.274,1.2745
2,2023,2023221,22.0,1366,Alfa Romeo,92.922,90.353,2.508,-0.061,2.508,-0.061,90.618,-2.569,23.0,-2.569,23,1.224,1.2235,1.224,1.2235
2,2023,2023221,23.0,1367,Alfa Romeo,92.934,90.707,2.511,0.284,2.511,0.284,90.544,-2.227,23.0,-2.227,23,1.397,1.3975,1.397,1.3975
2,2023,2023221,24.0,1368,Alfa Romeo,92.36,90.957,1.999,0.596,1.999,0.34,90.393,-1.403,23.0,-1.659,23,1.298,1.2975,1.169,1.1695
2,2023,2023221,25.0,1369,Alfa Romeo,92.139,90.695,1.883,0.439,1.883,0.439,90.309,-1.444,23.0,-1.444,23,1.161,1.161,1.161,1.161
2,2023,2023221,26.0,1370,Alfa Romeo,92.821,91.879,2.693,1.751,1.85,0.529,90.351,-0.942,23.0,-1.321,23,2.222,2.222,1.190,1.1895
2,2023,2023221,27.0,1371,Alfa Romeo,91.817,90.619,1.658,0.46,1.658,0.46,90.206,-1.198,23.0,-1.198,23,1.059,1.059,1.059,1.059
2,2023,2023221,28.0,1372,Alfa Romeo,92.424,90.782,2.185,0.543,2.185,0.375,90.343,-1.642,23.0,-1.810,23,1.364,1.364,1.280,1.28
2,2023,2023221,29.0,1373,Alfa Romeo,,90.608,,0.501,,0.501,90.158,-,-,-,,-,1.2555,-,1.1995
2,2023,2023221,30.0,1374,Alfa Romeo,,91.054,,0.981,,0.698,90.138,-,-,-,,-,1.147,-,1.119
2,2023,2023221,31.0,1375,Alfa Romeo,91.308,90.935,1.225,0.852,1.225,0.852,90.1,-0.373,23.0,-0.373,23,1.038,1.0385,1.038,1.0385
2,2023,2023221,32.0,1376,Alfa Romeo,90.245,90.874,0.225,0.854,0.225,0.854,90.076,0.629,3.0,0.629,3,0.539,0.5395,0.539,0.5395
2,2023,2023221,33.0,1377,Alfa Romeo,90.623,90.844,0.665,0.886,0.401,0.886,90.008,0.221,3.0,0.485,3,0.776,0.7755000000000001,0.643,0.6435
2,2023,2023221,34.0,1378,Alfa Romeo,90.473,90.941,0.57,1.038,0.57,1.038,89.903,0.468,3.0,0.468,3,0.804,0.804,0.804,0.804
2,2023,2023221,35.0,1379,Alfa Romeo,90.401,90.594,0.532,0.725,0.532,0.725,89.869,0.193,3.0,0.193,3,0.629,0.6285000000000001,0.629,0.6285000000000001
2,2023,2023221,36.0,1380,Alfa Romeo,90.207,90.67,0.326,0.789,0.326,0.789,89.974,0.463,3.0,0.463,3,0.557,0.5575,0.557,0.5575
2,2023,2023221,37.0,1381,Alfa Romeo,90.246,,0.373,,0.373,,89.991,-,-,-,,-,0.3016666666666667,-,0.3016666666666667
2,2023,2023221,38.0,1382,Alfa Romeo,90.016,,0.282,,0.282,,89.811,-,-,-,,-,0.04583333333333339,-,0.04583333333333339
2,2023,2023221,39.0,1383,Alfa Romeo,90.001,88.951,0.315,-0.735,0.315,-0.735,89.942,-1.050,23.0,-1.050,23,-0.210,-0.21,-0.210,-0.21
2,2023,2023221,40.0,1384,Alfa Romeo,90.345,89.081,0.805,-0.459,0.541,-0.459,89.609,-1.264,23.0,-1.000,23,0.173,0.17300000000000001,0.041,0.04100000000000001
2,2023,2023221,41.0,1385,Alfa Romeo,90.161,89.402,0.757,-0.002,0.757,-0.002,89.404,-0.759,23.0,-0.759,23,0.378,0.3775,0.378,0.3775
2,2023,2023221,42.0,1386,Alfa Romeo,89.863,88.972,0.614,-0.277,0.614,-0.277,89.294,-0.891,23.0,-0.891,23,0.168,0.16849999999999998,0.168,0.16849999999999998
2,2023,2023221,43.0,1387,Alfa Romeo,91.418,88.746,2.253,-0.419,0.766,-0.419,89.363,-2.672,23.0,-1.185,23,0.917,0.917,0.174,0.17350000000000002
2,2023,2023221,44.0,1388,Alfa Romeo,89.999,89.083,0.942,0.026,0.942,0.026,89.057,-0.916,23.0,-0.916,23,0.484,0.484,0.484,0.484
2,2023,2023221,45.0,1389,Alfa Romeo,90.495,89.89,1.647,1.042,1.15,0.355,88.978,-0.605,23.0,-0.795,23,1.345,1.3445,0.752,0.7525
2,2023,2023221,46.0,1390,Alfa Romeo,89.998,89.324,0.987,0.313,0.987,0.313,89.033,-0.674,23.0,-0.674,23,0.650,0.65,0.650,0.65
2,2023,2023221,47.0,1391,Alfa Romeo,90.448,89.409,1.278,0.239,1.278,0.239,89.315,-1.039,23.0,-1.039,23,0.758,0.7585,0.758,0.7585
2,2023,2023221,48.0,1392,Alfa Romeo,90.492,89.383,1.291,0.181,1.291,0.181,89.366,-1.110,23.0,-1.110,23,0.736,0.736,0.736,0.736
2,2023,2023221,49.0,1393,Alfa Romeo,90.688,89.766,1.511,0.589,1.511,0.366,89.258,-0.922,23.0,-1.145,23,1.050,1.0499999999999998,0.938,0.9384999999999999
2,2023,2023221,50.0,1394,Alfa Romeo,91.586,89.704,2.424,0.542,1.69,0.542,89.249,-1.882,23.0,-1.148,23,1.483,1.483,1.116,1.116
2,2023,2023221,51.0,1395,Alfa Romeo,91.017,89.702,1.876,0.561,1.876,0.561,89.154,-1.315,23.0,-1.315,23,1.218,1.2185,1.218,1.2185
2,2023,2023221,52.0,1396,Alfa Romeo,90.924,89.608,1.832,0.516,1.832,0.516,89.194,-1.316,23.0,-1.316,23,1.174,1.174,1.174,1.174
2,2023,2023221,53.0,1397,Alfa Romeo,91.713,89.781,2.575,0.643,1.751,0.643,89.221,-1.932,23.0,-1.108,23,1.609,1.609,1.197,1.197
2,2023,2023221,54.0,1398,Alfa Romeo,90.855,90.289,1.701,1.135,1.701,1.135,89.246,-0.566,23.0,-0.566,23,1.418,1.4180000000000001,1.418,1.4180000000000001
2,2023,2023221,55.0,1399,Alfa Romeo,90.53,90.416,1.358,1.244,1.358,1.244,89.187,-0.114,23.0,-0.114,23,1.301,1.3010000000000002,1.301,1.3010000000000002
2,2023,2023221,56.0,1400,Alfa Romeo,90.13,90.2,0.959,1.029,0.959,1.029,89.264,0.070,3.0,0.070,3,0.994,0.994,0.994,0.994
2,2023,2023221,57.0,1401,Alfa Romeo,90.55,90.991,1.189,1.63,1.189,0.902,89.399,0.441,3.0,-0.287,23,1.409,1.4095,1.046,1.0455
2,2023,2023221,58.0,1402,Alfa Romeo,,90.327,,0.909,,0.909,89.418,-,-,-,,-,,-,
