SprintIndex,SeasonID,RaceID,LapNumber,LapNumberFlow,Team,24_Laptime,27_Laptime,24_PaceDiff,27_PaceDiff,24_PaceDiffClear,27_PaceDiffClear,PaceMarker,PaceDiffTeammateDelta,PaceDiffTeammateBetter,PaceDiffClearTeammateDelta,PaceDiffClearTeammateBetter,PaceDiffTeammateMean,PaceDiffTeammateMeanInt,PaceDiffClearTeammateMean,PaceDiffClearTeammateMeanInt
1,2023,2023011,1.0,1,Williams,,,,,,,,-,-,-,,-,,-,
1,2023,2023011,2.0,2,Williams,,,,,,,,-,-,-,,-,,-,
1,2023,2023011,3.0,3,Williams,100.143,100.349,0.306,0.512,0.306,0.512,99.837,0.206,24.0,0.206,24,0.409,0.40900000000000003,0.409,0.40900000000000003
1,2023,2023011,4.0,4,Williams,99.761,100.644,-0.06,0.823,-0.06,0.823,99.945,0.883,24.0,0.883,24,0.381,0.38149999999999995,0.381,0.38149999999999995
1,2023,2023011,5.0,5,Williams,100.606,100.902,0.62,0.916,0.62,0.731,100.1,0.296,24.0,0.111,24,0.768,0.768,0.675,0.6755
1,2023,2023011,6.0,6,Williams,100.744,100.791,0.558,0.605,0.558,0.605,100.192,0.047,24.0,0.047,24,0.582,0.5815,0.582,0.5815
1,2023,2023011,7.0,7,Williams,100.646,100.892,0.372,0.618,0.372,0.555,100.306,0.246,24.0,0.183,24,0.495,0.495,0.464,0.4635
1,2023,2023011,8.0,8,Williams,100.918,100.868,0.543,0.493,0.543,0.493,100.395,-0.050,27.0,-0.050,27,0.518,0.518,0.518,0.518
1,2023,2023011,9.0,9,Williams,100.969,100.908,0.492,0.431,0.492,0.431,100.486,-0.061,27.0,-0.061,27,0.462,0.4615,0.462,0.4615
1,2023,2023011,10.0,10,Williams,101.119,101.133,0.496,0.51,0.496,0.51,100.623,0.014,24.0,0.014,24,0.503,0.503,0.503,0.503
1,2023,2023011,11.0,11,Williams,,101.532,,1.025,,1.025,100.585,-,-,-,,-,0.23312500000000003,-,0.23312500000000003
1,2023,2023011,12.0,12,Williams,,,,,,,100.064,-,-,-,,-,-0.03674999999999995,-,-0.03674999999999995
1,2023,2023011,13.0,13,Williams,98.649,,-0.792,,-0.792,,99.523,-,-,-,,-,-0.3066249999999999,-,-0.3066249999999999
1,2023,2023011,14.0,14,Williams,98.472,98.413,-0.547,-0.606,-0.547,-0.606,99.019,-0.059,27.0,-0.059,27,-0.577,-0.5765,-0.577,-0.5765
1,2023,2023011,15.0,15,Williams,99.158,99.033,0.507,0.382,0.507,0.05,98.714,-0.125,27.0,-0.457,27,0.445,0.4445,0.279,0.2785
1,2023,2023011,16.0,16,Williams,99.253,98.988,0.674,0.409,0.674,0.409,98.613,-0.265,27.0,-0.265,27,0.541,0.5415,0.541,0.5415
1,2023,2023011,17.0,17,Williams,99.094,99.439,0.45,0.795,0.45,0.55,98.704,0.345,24.0,0.100,24,0.623,0.6225,0.500,0.5
1,2023,2023011,18.0,18,Williams,99.049,99.399,0.315,0.665,0.315,0.665,98.794,0.350,24.0,0.350,24,0.490,0.49,0.490,0.49
1,2023,2023011,19.0,19,Williams,99.272,99.22,0.627,0.575,0.627,0.575,98.679,-0.052,27.0,-0.052,27,0.601,0.601,0.601,0.601
1,2023,2023011,20.0,20,Williams,99.299,99.186,0.658,0.545,0.658,0.545,98.706,-0.113,27.0,-0.113,27,0.602,0.6015,0.602,0.6015
1,2023,2023011,21.0,21,Williams,99.591,99.612,0.887,0.908,0.74,0.57,98.735,0.021,24.0,-0.170,27,0.897,0.8975,0.655,0.655
1,2023,2023011,22.0,22,Williams,99.588,99.362,0.832,0.606,0.832,0.606,98.826,-0.226,27.0,-0.226,27,0.719,0.719,0.719,0.719
1,2023,2023011,23.0,23,Williams,99.802,99.692,0.988,0.878,0.988,0.878,98.882,-0.110,27.0,-0.110,27,0.933,0.933,0.933,0.933
1,2023,2023011,24.0,24,Williams,99.89,99.872,1.001,0.983,1.001,0.983,98.928,-0.018,27.0,-0.018,27,0.992,0.992,0.992,0.992
1,2023,2023011,25.0,25,Williams,99.832,99.834,0.933,0.935,0.933,0.935,99.036,0.002,24.0,0.002,24,0.934,0.934,0.934,0.934
1,2023,2023011,26.0,26,Williams,,100.006,,1.244,,1.244,98.867,-,-,-,,-,0.6751666666666667,-,0.6751666666666667
1,2023,2023011,27.0,27,Williams,,99.602,,0.935,,0.935,98.741,-,-,-,,-,0.41633333333333333,-,0.41633333333333333
1,2023,2023011,28.0,28,Williams,97.503,99.62,-0.901,1.216,-0.901,1.216,98.415,2.117,24.0,2.117,24,0.157,0.15749999999999997,0.157,0.15749999999999997
1,2023,2023011,29.0,29,Williams,98.127,99.673,-0.147,1.399,-0.557,1.399,98.452,1.546,24.0,1.956,24,0.626,0.626,0.421,0.421
1,2023,2023011,30.0,30,Williams,97.931,,-0.235,,-0.235,,98.191,-,-,-,,-,0.40800000000000003,-,0.2713333333333333
1,2023,2023011,31.0,31,Williams,98.104,,-0.055,,-0.234,,98.211,-,-,-,,-,0.19,-,0.1216666666666667
1,2023,2023011,32.0,32,Williams,97.919,97.613,0.125,-0.181,0.125,-0.181,97.803,-0.306,27.0,-0.306,27,-0.028,-0.027999999999999997,-0.028,-0.027999999999999997
1,2023,2023011,33.0,33,Williams,98.104,97.862,0.454,0.212,0.29,0.212,97.686,-0.242,27.0,-0.078,27,0.333,0.333,0.251,0.251
1,2023,2023011,34.0,34,Williams,97.961,97.902,0.318,0.259,0.318,0.259,97.702,-0.059,27.0,-0.059,27,0.288,0.2885,0.288,0.2885
1,2023,2023011,35.0,35,Williams,97.984,98.029,0.252,0.297,0.252,0.297,97.732,0.045,24.0,0.045,24,0.274,0.27449999999999997,0.274,0.27449999999999997
1,2023,2023011,36.0,36,Williams,98.176,97.717,0.493,0.034,0.328,0.034,97.736,-0.459,27.0,-0.294,27,0.264,0.2635,0.181,0.181
1,2023,2023011,37.0,37,Williams,98.038,97.831,0.401,0.194,0.401,0.194,97.687,-0.207,27.0,-0.207,27,0.297,0.2975,0.297,0.2975
1,2023,2023011,38.0,38,Williams,98.33,98.015,0.706,0.391,0.706,0.391,97.683,-0.315,27.0,-0.315,27,0.548,0.5485,0.548,0.5485
1,2023,2023011,39.0,39,Williams,98.346,97.971,0.565,0.19,0.565,0.19,97.781,-0.375,27.0,-0.375,27,0.377,0.37749999999999995,0.377,0.37749999999999995
1,2023,2023011,40.0,40,Williams,,,,,,,97.269,-,-,-,,-,0.0746666666666666,-,0.0746666666666666
1,2023,2023011,41.0,41,Williams,,,,,,,96.705,-,-,-,,-,-0.22816666666666674,-,-0.22816666666666674
1,2023,2023011,42.0,42,Williams,97.211,96.037,0.056,-1.118,0.056,-1.118,97.155,-1.174,27.0,-1.174,27,-0.531,-0.531,-0.531,-0.531
1,2023,2023011,43.0,43,Williams,97.144,96.801,-0.036,-0.379,-0.036,-0.379,97.246,-0.343,27.0,-0.343,27,-0.207,-0.2075,-0.207,-0.2075
1,2023,2023011,44.0,44,Williams,97.327,97.407,0.081,0.161,0.081,0.161,97.26,0.080,24.0,0.080,24,0.121,0.121,0.121,0.121
1,2023,2023011,45.0,45,Williams,97.503,97.462,0.176,0.135,0.176,0.135,97.541,-0.041,27.0,-0.041,27,0.155,0.1555,0.155,0.1555
1,2023,2023011,46.0,46,Williams,97.577,98.441,0.109,0.973,0.109,-0.124,97.728,0.864,24.0,-0.233,27,0.541,0.541,-0.007,-0.0075
1,2023,2023011,47.0,47,Williams,97.545,97.227,0.092,-0.226,0.092,-0.226,97.587,-0.318,27.0,-0.318,27,-0.067,-0.067,-0.067,-0.067
1,2023,2023011,48.0,48,Williams,97.684,97.068,0.23,-0.386,0.123,-0.386,97.554,-0.616,27.0,-0.509,27,-0.078,-0.078,-0.132,-0.1315
1,2023,2023011,49.0,49,Williams,97.609,97.225,-0.018,-0.402,-0.018,-0.402,97.662,-0.384,27.0,-0.384,27,-0.210,-0.21000000000000002,-0.210,-0.21000000000000002
1,2023,2023011,50.0,50,Williams,97.695,97.29,0.292,-0.113,0.292,-0.113,97.537,-0.405,27.0,-0.405,27,0.089,0.0895,0.089,0.0895
1,2023,2023011,51.0,51,Williams,97.727,97.472,0.129,-0.126,0.129,-0.126,97.685,-0.255,27.0,-0.255,27,0.002,0.0015000000000000013,0.002,0.0015000000000000013
1,2023,2023011,52.0,52,Williams,97.861,97.456,0.211,-0.194,0.102,-0.194,97.663,-0.405,27.0,-0.296,27,0.008,0.008499999999999994,-0.046,-0.046000000000000006
1,2023,2023011,53.0,53,Williams,97.778,97.662,0.095,-0.021,0.095,-0.021,97.729,-0.116,27.0,-0.116,27,0.037,0.037,0.037,0.037
1,2023,2023011,54.0,54,Williams,97.78,97.936,-0.008,0.148,-0.008,0.148,97.884,0.156,24.0,0.156,24,0.070,0.06999999999999999,0.070,0.06999999999999999
1,2023,2023011,55.0,55,Williams,97.803,98.316,-0.07,0.443,-0.07,0.443,97.873,0.513,24.0,0.513,24,0.186,0.1865,0.186,0.1865
1,2023,2023011,56.0,56,Williams,98.159,99.626,0.362,1.829,0.173,1.829,97.891,1.467,24.0,1.656,24,1.095,1.0955,1.001,1.001
1,2023,2023011,57.0,57,Williams,98.137,,0.38,,0.38,,97.757,-,-,-,,-,,-,
1,2023,2023021,1.0,58,Williams,,,,,,,,-,-,-,,-,,-,
1,2023,2023021,2.0,59,Williams,,,,,,,,-,-,-,,-,,-,
1,2023,2023021,3.0,60,Williams,97.065,96.997,0.892,0.824,0.892,0.824,96.173,-0.068,27.0,-0.068,27,0.858,0.858,0.858,0.858
1,2023,2023021,4.0,61,Williams,96.913,96.844,0.716,0.647,0.716,0.647,96.378,-0.069,27.0,-0.069,27,0.681,0.6815,0.681,0.6815
1,2023,2023021,5.0,62,Williams,97.108,96.881,1.024,0.797,1.024,0.797,96.084,-0.227,27.0,-0.227,27,0.911,0.9105000000000001,0.911,0.9105000000000001
1,2023,2023021,6.0,63,Williams,97.004,97.043,1.008,1.047,1.008,1.047,96.012,0.039,24.0,0.039,24,1.027,1.0274999999999999,1.027,1.0274999999999999
1,2023,2023021,7.0,64,Williams,97.577,97.282,1.571,1.276,1.022,1.276,96.104,-0.295,27.0,0.254,24,1.423,1.4235,1.149,1.149
1,2023,2023021,8.0,65,Williams,97.053,98.259,0.979,2.185,0.979,1.146,96.181,1.206,24.0,0.167,24,1.582,1.582,1.062,1.0625
1,2023,2023021,9.0,66,Williams,96.126,97.159,0.25,1.283,0.25,1.283,96.051,1.033,24.0,1.033,24,0.766,0.7665,0.766,0.7665
1,2023,2023021,10.0,67,Williams,96.311,96.757,0.482,0.928,0.482,0.928,95.841,0.446,24.0,0.446,24,0.705,0.7050000000000001,0.705,0.7050000000000001
1,2023,2023021,11.0,68,Williams,95.911,96.735,0.166,0.99,0.166,0.99,95.745,0.824,24.0,0.824,24,0.578,0.578,0.578,0.578
1,2023,2023021,12.0,69,Williams,96.066,96.645,0.255,0.834,0.255,0.834,95.85,0.579,24.0,0.579,24,0.544,0.5445,0.544,0.5445
1,2023,2023021,13.0,70,Williams,96.026,96.126,0.374,0.474,0.374,0.474,95.759,0.100,24.0,0.100,24,0.424,0.424,0.424,0.424
1,2023,2023021,14.0,71,Williams,96.878,96.434,1.312,0.868,0.758,0.592,95.684,-0.444,27.0,-0.166,27,1.090,1.09,0.675,0.675
1,2023,2023021,15.0,72,Williams,96.622,96.19,0.987,0.555,0.987,0.555,95.645,-0.432,27.0,-0.432,27,0.771,0.771,0.771,0.771
1,2023,2023021,16.0,73,Williams,96.83,96.154,1.126,0.45,1.126,0.45,95.704,-0.676,27.0,-0.676,27,0.788,0.7879999999999999,0.788,0.7879999999999999
1,2023,2023021,17.0,74,Williams,,,,,,,94.457,-,-,-,,-,0.7626666666666666,-,0.7626666666666666
1,2023,2023021,18.0,75,Williams,,,,,,,,-,-,-,,-,0.7373333333333333,-,0.7373333333333333
1,2023,2023021,19.0,76,Williams,,,,,,,,-,-,-,,-,0.712,-,0.712
1,2023,2023021,20.0,77,Williams,,,,,,,,-,-,-,,-,,-,
1,2023,2023021,21.0,78,Williams,,,,,,,,-,-,-,,-,,-,
1,2023,2023021,22.0,79,Williams,96.964,97.11,0.563,0.709,0.563,0.709,96.401,0.146,24.0,0.146,24,0.636,0.6359999999999999,0.636,0.6359999999999999
1,2023,2023021,23.0,80,Williams,95.656,95.822,0.079,0.245,0.079,0.245,95.577,0.166,24.0,0.166,24,0.162,0.162,0.162,0.162
1,2023,2023021,24.0,81,Williams,95.567,95.557,0.313,0.303,0.313,0.303,95.286,-0.010,27.0,-0.010,27,0.308,0.308,0.308,0.308
1,2023,2023021,25.0,82,Williams,96.007,95.738,0.888,0.619,0.888,0.619,95.262,-0.269,27.0,-0.269,27,0.754,0.7535000000000001,0.754,0.7535000000000001
1,2023,2023021,26.0,83,Williams,98.229,96.912,3.148,1.831,3.148,0.59,95.223,-1.317,27.0,-2.558,27,2.490,2.4895,1.869,1.869
1,2023,2023021,27.0,84,Williams,,95.604,,0.653,,0.653,94.993,-,-,-,,-,,-,
1,2023,2023021,28.0,85,Williams,,95.208,,0.355,,0.355,94.853,-,-,-,,-,,-,
1,2023,2023021,29.0,86,Williams,,94.738,,0.134,,0.134,94.623,-,-,-,,-,,-,
1,2023,2023021,30.0,87,Williams,,96.407,,1.769,,0.251,94.909,-,-,-,,-,,-,
1,2023,2023021,31.0,88,Williams,,95.039,,0.504,,0.504,94.549,-,-,-,,-,,-,
1,2023,2023021,32.0,89,Williams,,95.314,,0.81,,0.81,94.547,-,-,-,,-,,-,
1,2023,2023021,33.0,90,Williams,,95.325,,0.918,,0.918,94.423,-,-,-,,-,,-,
1,2023,2023021,34.0,91,Williams,,95.069,,0.65,,0.65,94.454,-,-,-,,-,,-,
1,2023,2023021,35.0,92,Williams,,95.523,,1.223,,1.223,94.426,-,-,-,,-,,-,
1,2023,2023021,36.0,93,Williams,,95.534,,1.361,,1.361,94.173,-,-,-,,-,,-,
1,2023,2023021,37.0,94,Williams,,95.437,,1.259,,1.259,94.2,-,-,-,,-,,-,
1,2023,2023021,38.0,95,Williams,,96.144,,2.008,,1.441,94.204,-,-,-,,-,,-,
1,2023,2023021,39.0,96,Williams,,95.718,,1.588,,1.588,94.167,-,-,-,,-,,-,
1,2023,2023021,40.0,97,Williams,,95.18,,1.069,,1.069,94.208,-,-,-,,-,,-,
1,2023,2023021,41.0,98,Williams,,95.974,,1.876,,1.452,94.122,-,-,-,,-,,-,
1,2023,2023021,42.0,99,Williams,,95.92,,1.923,,1.923,94.116,-,-,-,,-,,-,
1,2023,2023021,43.0,100,Williams,,95.229,,1.294,,1.294,93.935,-,-,-,,-,,-,
1,2023,2023021,44.0,101,Williams,,94.905,,1.017,,1.017,93.888,-,-,-,,-,,-,
1,2023,2023021,45.0,102,Williams,,95.13,,1.217,,1.217,93.994,-,-,-,,-,,-,
1,2023,2023021,46.0,103,Williams,,94.569,,0.687,,0.687,94.128,-,-,-,,-,,-,
1,2023,2023021,47.0,104,Williams,,94.896,,1.011,,1.011,93.926,-,-,-,,-,,-,
1,2023,2023021,48.0,105,Williams,,94.584,,0.715,,0.715,93.954,-,-,-,,-,,-,
1,2023,2023021,49.0,106,Williams,,94.469,,0.714,,0.714,93.824,-,-,-,,-,,-,
1,2023,2023021,50.0,107,Williams,,96.175,,2.294,,2.294,93.881,-,-,-,,-,,-,
1,2023,2023031,1.0,108,Williams,,,,,,,,-,-,-,,-,,-,
1,2023,2023031,2.0,109,Williams,,,,,,,,-,-,-,,-,,-,
1,2023,2023031,3.0,110,Williams,,,,,,,,-,-,-,,-,,-,
1,2023,2023031,4.0,111,Williams,,,,,,,,-,-,-,,-,,-,
1,2023,2023031,5.0,112,Williams,83.639,85.136,-0.614,0.883,-0.614,0.883,84.253,1.497,24.0,1.497,24,0.135,0.1345,0.135,0.1345
1,2023,2023031,6.0,113,Williams,83.349,84.319,-0.283,0.687,-0.283,0.687,83.632,0.970,24.0,0.970,24,0.202,0.20200000000000004,0.202,0.20200000000000004
1,2023,2023031,7.0,114,Williams,,,,,,,,-,-,-,,-,,-,
1,2023,2023031,8.0,115,Williams,,,,,,,,-,-,-,,-,,-,
1,2023,2023031,9.0,116,Williams,,,,,,,,-,-,-,,-,,-,
1,2023,2023031,10.0,117,Williams,,92.633,,-0.387,,-0.387,93.02,-,-,-,,-,,-,
1,2023,2023031,11.0,118,Williams,,85.76,,0.743,,0.743,85.017,-,-,-,,-,,-,
1,2023,2023031,12.0,119,Williams,,84.08,,0.417,,0.417,83.709,-,-,-,,-,,-,
1,2023,2023031,13.0,120,Williams,,84.245,,0.835,,0.835,83.595,-,-,-,,-,,-,
1,2023,2023031,14.0,121,Williams,,83.499,,0.058,,0.058,83.474,-,-,-,,-,,-,
1,2023,2023031,15.0,122,Williams,,84.186,,0.667,,0.667,83.796,-,-,-,,-,,-,
1,2023,2023031,16.0,123,Williams,,84.676,,1.191,,0.66,83.603,-,-,-,,-,,-,
1,2023,2023031,17.0,124,Williams,,84.105,,0.266,,0.266,83.839,-,-,-,,-,,-,
1,2023,2023031,18.0,125,Williams,,,,,,,,-,-,-,,-,,-,
1,2023,2023031,19.0,126,Williams,,,,,,,,-,-,-,,-,,-,
1,2023,2023031,20.0,127,Williams,,83.766,,0.681,,0.681,83.085,-,-,-,,-,,-,
1,2023,2023031,21.0,128,Williams,,83.878,,0.849,,0.849,83.216,-,-,-,,-,,-,
1,2023,2023031,22.0,129,Williams,,84.059,,0.994,,0.994,83.163,-,-,-,,-,,-,
1,2023,2023031,23.0,130,Williams,,83.982,,0.928,,0.928,83.075,-,-,-,,-,,-,
1,2023,2023031,24.0,131,Williams,,84.049,,1.004,,1.004,83.105,-,-,-,,-,,-,
1,2023,2023031,25.0,132,Williams,,83.993,,0.914,,0.914,83.301,-,-,-,,-,,-,
1,2023,2023031,26.0,133,Williams,,84.205,,1.245,,1.245,83.024,-,-,-,,-,,-,
1,2023,2023031,27.0,134,Williams,,83.758,,1.098,,1.098,82.803,-,-,-,,-,,-,
1,2023,2023031,28.0,135,Williams,,83.735,,1.141,,1.141,82.645,-,-,-,,-,,-,
1,2023,2023031,29.0,136,Williams,,84.122,,1.524,,1.524,82.688,-,-,-,,-,,-,
1,2023,2023031,30.0,137,Williams,,84.282,,1.548,,1.548,82.777,-,-,-,,-,,-,
1,2023,2023031,31.0,138,Williams,,84.16,,1.462,,1.462,82.831,-,-,-,,-,,-,
1,2023,2023031,32.0,139,Williams,,83.996,,1.378,,1.378,82.654,-,-,-,,-,,-,
1,2023,2023031,33.0,140,Williams,,84.377,,1.913,,1.913,82.464,-,-,-,,-,,-,
1,2023,2023031,34.0,141,Williams,,83.848,,1.218,,1.218,82.643,-,-,-,,-,,-,
1,2023,2023031,35.0,142,Williams,,84.874,,2.254,,2.254,82.815,-,-,-,,-,,-,
1,2023,2023031,36.0,143,Williams,,,,,,,82.495,-,-,-,,-,,-,
1,2023,2023031,37.0,144,Williams,,,,,,,82.313,-,-,-,,-,,-,
1,2023,2023031,38.0,145,Williams,,84.396,,2.101,,2.101,82.295,-,-,-,,-,,-,
1,2023,2023031,39.0,146,Williams,,82.887,,0.734,,0.734,82.2,-,-,-,,-,,-,
1,2023,2023031,40.0,147,Williams,,82.674,,0.62,,0.62,82.054,-,-,-,,-,,-,
1,2023,2023031,41.0,148,Williams,,81.974,,0.023,,0.023,82.003,-,-,-,,-,,-,
1,2023,2023031,42.0,149,Williams,,81.945,,0.008,,0.008,81.937,-,-,-,,-,,-,
1,2023,2023031,43.0,150,Williams,,81.881,,0.138,,0.138,81.858,-,-,-,,-,,-,
1,2023,2023031,44.0,151,Williams,,81.57,,-0.063,,-0.063,81.789,-,-,-,,-,,-,
1,2023,2023031,45.0,152,Williams,,81.912,,0.391,,0.391,81.565,-,-,-,,-,,-,
1,2023,2023031,46.0,153,Williams,,81.563,,0.155,,0.155,81.408,-,-,-,,-,,-,
1,2023,2023031,47.0,154,Williams,,85.687,,4.142,,1.797,81.872,-,-,-,,-,,-,
1,2023,2023031,48.0,155,Williams,,85.121,,3.406,,3.406,81.715,-,-,-,,-,,-,
1,2023,2023031,49.0,156,Williams,,83.324,,1.793,,1.793,81.566,-,-,-,,-,,-,
1,2023,2023031,50.0,157,Williams,,81.456,,0.042,,0.042,81.414,-,-,-,,-,,-,
1,2023,2023031,51.0,158,Williams,,83.403,,1.941,,0.023,81.836,-,-,-,,-,,-,
1,2023,2023031,52.0,159,Williams,,81.514,,0.086,,0.086,81.428,-,-,-,,-,,-,
1,2023,2023031,53.0,160,Williams,,,,,,,80.929,-,-,-,,-,,-,
1,2023,2023031,54.0,161,Williams,,,,,,,,-,-,-,,-,,-,
1,2023,2023031,55.0,162,Williams,,,,,,,,-,-,-,,-,,-,
1,2023,2023031,56.0,163,Williams,,,,,,,,-,-,-,,-,,-,
1,2023,2023031,57.0,164,Williams,,,,,,,,-,-,-,,-,,-,
1,2023,2023041,1.0,165,Williams,,,,,,,,-,-,-,,-,,-,
1,2023,2023041,2.0,166,Williams,,,,,,,,-,-,-,,-,,-,
1,2023,2023041,3.0,167,Williams,108.815,109.098,0.273,0.556,0.273,0.556,108.542,0.283,24.0,0.283,24,0.415,0.41450000000000004,0.415,0.41450000000000004
1,2023,2023041,4.0,168,Williams,109.004,108.85,0.601,0.447,0.601,0.447,108.403,-0.154,27.0,-0.154,27,0.524,0.524,0.524,0.524
1,2023,2023041,5.0,169,Williams,108.689,108.875,0.331,0.517,0.331,0.517,108.398,0.186,24.0,0.186,24,0.424,0.42400000000000004,0.424,0.42400000000000004
1,2023,2023041,6.0,170,Williams,108.53,109.285,0.172,0.927,0.172,0.927,108.4,0.755,24.0,0.755,24,0.549,0.5495,0.549,0.5495
1,2023,2023041,7.0,171,Williams,,109.731,,1.53,,1.53,108.201,-,-,-,,-,0.616,-,0.616
1,2023,2023041,8.0,172,Williams,,,,,,,108.191,-,-,-,,-,0.6825,-,0.6825
1,2023,2023041,9.0,173,Williams,107.968,,-0.248,,-0.248,,108.322,-,-,-,,-,0.7489999999999999,-,0.7489999999999999
1,2023,2023041,10.0,174,Williams,,,,,,,107.387,-,-,-,,-,,-,
1,2023,2023041,11.0,175,Williams,,,,,,,,-,-,-,,-,,-,
1,2023,2023041,12.0,176,Williams,,,,,,,,-,-,-,,-,,-,
1,2023,2023041,13.0,177,Williams,,,,,,,,-,-,-,,-,,-,
1,2023,2023041,14.0,178,Williams,,,,,,,,-,-,-,,-,,-,
1,2023,2023041,15.0,179,Williams,108.928,109.448,0.888,1.408,0.888,1.408,108.04,0.520,24.0,0.520,24,1.148,1.148,1.148,1.148
1,2023,2023041,16.0,180,Williams,108.111,108.461,0.721,1.071,0.721,1.071,107.39,0.350,24.0,0.350,24,0.896,0.8959999999999999,0.896,0.8959999999999999
1,2023,2023041,17.0,181,Williams,107.727,108.711,0.346,1.33,0.346,1.33,107.49,0.984,24.0,0.984,24,0.838,0.8380000000000001,0.838,0.8380000000000001
1,2023,2023041,18.0,182,Williams,107.982,107.892,0.737,0.647,0.737,0.647,107.272,-0.090,27.0,-0.090,27,0.692,0.692,0.692,0.692
1,2023,2023041,19.0,183,Williams,107.776,108.088,0.519,0.831,0.519,0.831,107.418,0.312,24.0,0.312,24,0.675,0.675,0.675,0.675
1,2023,2023041,20.0,184,Williams,107.693,108.722,0.35,1.379,0.35,0.985,107.398,1.029,24.0,0.635,24,0.865,0.8645,0.667,0.6675
1,2023,2023041,21.0,185,Williams,108.151,108.568,0.815,1.232,0.504,1.232,107.471,0.417,24.0,0.728,24,1.023,1.0234999999999999,0.868,0.868
1,2023,2023041,22.0,186,Williams,107.986,108.293,0.644,0.951,0.644,0.951,107.342,0.307,24.0,0.307,24,0.797,0.7975,0.797,0.7975
1,2023,2023041,23.0,187,Williams,107.949,108.378,0.589,1.018,0.589,1.018,107.545,0.429,24.0,0.429,24,0.803,0.8035,0.803,0.8035
1,2023,2023041,24.0,188,Williams,108.076,108.514,0.722,1.16,0.722,1.16,107.385,0.438,24.0,0.438,24,0.941,0.941,0.941,0.941
1,2023,2023041,25.0,189,Williams,108.114,108.089,0.829,0.804,0.829,0.804,107.318,-0.025,27.0,-0.025,27,0.817,0.8165,0.817,0.8165
1,2023,2023041,26.0,190,Williams,107.911,107.802,0.71,0.601,0.71,0.601,107.324,-0.109,27.0,-0.109,27,0.655,0.6555,0.655,0.6555
1,2023,2023041,27.0,191,Williams,107.77,108.044,0.572,0.846,0.572,0.846,107.284,0.274,24.0,0.274,24,0.709,0.709,0.709,0.709
1,2023,2023041,28.0,192,Williams,108.057,108.355,0.846,1.144,0.846,1.144,107.31,0.298,24.0,0.298,24,0.995,0.9949999999999999,0.995,0.9949999999999999
1,2023,2023041,29.0,193,Williams,107.858,108.197,0.782,1.121,0.782,1.121,107.129,0.339,24.0,0.339,24,0.952,0.9515,0.952,0.9515
1,2023,2023041,30.0,194,Williams,107.38,107.975,0.491,1.086,0.491,1.086,106.931,0.595,24.0,0.595,24,0.788,0.7885,0.788,0.7885
1,2023,2023041,31.0,195,Williams,107.37,107.663,0.541,0.834,0.541,0.834,106.842,0.293,24.0,0.293,24,0.688,0.6875,0.688,0.6875
1,2023,2023041,32.0,196,Williams,107.64,107.521,0.804,0.685,0.804,0.685,106.908,-0.119,27.0,-0.119,27,0.745,0.7445,0.745,0.7445
1,2023,2023041,33.0,197,Williams,107.284,107.364,0.385,0.465,0.385,0.465,106.899,0.080,24.0,0.080,24,0.425,0.42500000000000004,0.425,0.42500000000000004
1,2023,2023041,34.0,198,Williams,107.486,107.539,0.816,0.869,0.816,0.869,106.67,0.053,24.0,0.053,24,0.843,0.8425,0.843,0.8425
1,2023,2023041,35.0,199,Williams,107.277,107.456,0.716,0.895,0.716,0.895,106.561,0.179,24.0,0.179,24,0.805,0.8055,0.805,0.8055
1,2023,2023041,36.0,200,Williams,107.763,107.614,1.284,1.135,0.795,1.135,106.559,-0.149,27.0,0.340,24,1.210,1.2095,0.965,0.9650000000000001
1,2023,2023041,37.0,201,Williams,107.27,106.844,0.852,0.426,0.852,0.426,106.418,-0.426,27.0,-0.426,27,0.639,0.639,0.639,0.639
1,2023,2023041,38.0,202,Williams,107.155,107.161,0.795,0.801,0.795,0.801,106.386,0.006,24.0,0.006,24,0.798,0.798,0.798,0.798
1,2023,2023041,39.0,203,Williams,106.972,107.323,0.61,0.961,0.61,0.961,106.391,0.351,24.0,0.351,24,0.785,0.7855,0.785,0.7855
1,2023,2023041,40.0,204,Williams,107.049,107.725,0.614,1.29,0.614,0.826,106.53,0.676,24.0,0.212,24,0.952,0.952,0.720,0.72
1,2023,2023041,41.0,205,Williams,106.853,107.2,0.451,0.798,0.451,0.798,106.495,0.347,24.0,0.347,24,0.625,0.6245,0.625,0.6245
1,2023,2023041,42.0,206,Williams,106.845,107.378,0.524,1.057,0.524,1.057,106.321,0.533,24.0,0.533,24,0.790,0.7905,0.790,0.7905
1,2023,2023041,43.0,207,Williams,106.607,108.649,0.355,2.397,0.355,0.961,106.332,2.042,24.0,0.606,24,1.376,1.376,0.658,0.6579999999999999
1,2023,2023041,44.0,208,Williams,106.833,107.047,0.666,0.88,0.666,0.88,106.213,0.214,24.0,0.214,24,0.773,0.773,0.773,0.773
1,2023,2023041,45.0,209,Williams,106.859,106.97,0.702,0.813,0.702,0.813,106.44,0.111,24.0,0.111,24,0.757,0.7575,0.757,0.7575
1,2023,2023041,46.0,210,Williams,106.614,106.819,0.555,0.76,0.555,0.76,106.08,0.205,24.0,0.205,24,0.657,0.6575,0.657,0.6575
1,2023,2023041,47.0,211,Williams,106.621,106.641,0.54,0.56,0.54,0.56,106.1,0.020,24.0,0.020,24,0.550,0.55,0.550,0.55
1,2023,2023041,48.0,212,Williams,108.271,106.754,2.223,0.706,0.434,0.706,106.194,-1.517,27.0,0.272,24,1.464,1.4645,0.570,0.57
1,2023,2023041,49.0,213,Williams,106.343,106.501,0.639,0.797,0.639,0.797,105.704,0.158,24.0,0.158,24,0.718,0.718,0.718,0.718
1,2023,2023041,50.0,214,Williams,106.29,106.507,0.609,0.826,0.609,0.826,105.681,0.217,24.0,0.217,24,0.718,0.7175,0.718,0.7175
1,2023,2023041,51.0,215,Williams,105.925,106.638,0.456,1.169,0.456,1.169,105.469,0.713,24.0,0.713,24,0.812,0.8125,0.812,0.8125
1,2023,2023051,1.0,216,Williams,,,,,,,,-,-,-,,-,,-,
1,2023,2023051,2.0,217,Williams,,,,,,,,-,-,-,,-,,-,
1,2023,2023051,3.0,218,Williams,94.158,,0.131,,0.131,,94.027,-,-,-,,-,,-,
1,2023,2023051,4.0,219,Williams,94.269,93.587,0.466,-0.216,0.466,-0.216,93.899,-0.682,27.0,-0.682,27,0.125,0.125,0.125,0.125
1,2023,2023051,5.0,220,Williams,93.842,93.933,0.26,0.351,0.26,-0.091,93.614,0.091,24.0,-0.351,27,0.305,0.3055,0.085,0.0845
1,2023,2023051,6.0,221,Williams,93.689,93.394,0.198,-0.097,0.198,-0.097,93.491,-0.295,27.0,-0.295,27,0.051,0.0505,0.051,0.0505
1,2023,2023051,7.0,222,Williams,93.544,93.67,0.258,0.384,0.258,0.384,93.301,0.126,24.0,0.126,24,0.321,0.321,0.321,0.321
1,2023,2023051,8.0,223,Williams,94.267,93.789,0.907,0.429,0.209,0.429,93.548,-0.478,27.0,0.220,24,0.668,0.668,0.319,0.319
1,2023,2023051,9.0,224,Williams,93.593,93.726,0.156,0.289,0.156,0.289,93.454,0.133,24.0,0.133,24,0.222,0.22249999999999998,0.222,0.22249999999999998
1,2023,2023051,10.0,225,Williams,93.902,93.394,0.45,-0.058,0.45,-0.058,93.55,-0.508,27.0,-0.508,27,0.196,0.196,0.196,0.196
1,2023,2023051,11.0,226,Williams,93.455,93.667,0.178,0.39,0.178,0.39,93.347,0.212,24.0,0.212,24,0.284,0.28400000000000003,0.284,0.28400000000000003
1,2023,2023051,12.0,227,Williams,93.292,93.817,0.063,0.588,0.063,0.588,93.229,0.525,24.0,0.525,24,0.326,0.3255,0.326,0.3255
1,2023,2023051,13.0,228,Williams,93.605,93.681,0.258,0.334,0.258,0.334,93.446,0.076,24.0,0.076,24,0.296,0.29600000000000004,0.296,0.29600000000000004
1,2023,2023051,14.0,229,Williams,93.704,93.937,0.276,0.509,0.276,0.509,93.49,0.233,24.0,0.233,24,0.393,0.3925,0.393,0.3925
1,2023,2023051,15.0,230,Williams,94.412,94.223,1.144,0.955,0.539,0.574,93.468,-0.189,27.0,0.035,24,1.049,1.0494999999999999,0.556,0.5565
1,2023,2023051,16.0,231,Williams,93.91,93.748,0.677,0.515,0.677,0.515,93.251,-0.162,27.0,-0.162,27,0.596,0.5960000000000001,0.596,0.5960000000000001
1,2023,2023051,17.0,232,Williams,93.692,93.506,0.639,0.453,0.639,0.453,93.114,-0.186,27.0,-0.186,27,0.546,0.546,0.546,0.546
1,2023,2023051,18.0,233,Williams,93.858,93.521,0.767,0.43,0.767,0.43,93.202,-0.337,27.0,-0.337,27,0.599,0.5985,0.599,0.5985
1,2023,2023051,19.0,234,Williams,94.015,93.607,0.844,0.436,0.844,0.436,93.256,-0.408,27.0,-0.408,27,0.640,0.64,0.640,0.64
1,2023,2023051,20.0,235,Williams,93.391,93.574,0.371,0.554,0.371,0.554,93.105,0.183,24.0,0.183,24,0.463,0.4625,0.463,0.4625
1,2023,2023051,21.0,236,Williams,94.324,93.553,1.205,0.434,1.205,0.434,93.217,-0.771,27.0,-0.771,27,0.820,0.8195,0.820,0.8195
1,2023,2023051,22.0,237,Williams,,93.384,,0.466,,0.466,93.065,-,-,-,,-,0.49916666666666665,-,0.49916666666666665
1,2023,2023051,23.0,238,Williams,,93.501,,0.562,,0.562,93.069,-,-,-,,-,0.1788333333333333,-,0.1788333333333333
1,2023,2023051,24.0,239,Williams,92.241,93.316,-0.679,0.396,-0.679,0.396,93.003,1.075,24.0,1.075,24,-0.142,-0.14150000000000001,-0.142,-0.14150000000000001
1,2023,2023051,25.0,240,Williams,92.519,93.578,-0.393,0.666,-0.393,0.497,92.921,1.059,24.0,0.890,24,0.137,0.1365,0.052,0.05199999999999999
1,2023,2023051,26.0,241,Williams,92.586,93.502,-0.273,0.643,-0.273,0.643,92.914,0.916,24.0,0.916,24,0.185,0.185,0.185,0.185
1,2023,2023051,27.0,242,Williams,92.07,93.146,-0.744,0.332,-0.744,0.332,92.933,1.076,24.0,1.076,24,-0.206,-0.206,-0.206,-0.206
1,2023,2023051,28.0,243,Williams,92.378,93.361,-0.43,0.553,-0.43,0.553,92.906,0.983,24.0,0.983,24,0.062,0.06150000000000003,0.062,0.06150000000000003
1,2023,2023051,29.0,244,Williams,92.383,93.338,-0.418,0.537,-0.418,0.537,92.816,0.955,24.0,0.955,24,0.060,0.059500000000000025,0.060,0.059500000000000025
1,2023,2023051,30.0,245,Williams,92.522,93.414,-0.27,0.622,-0.27,0.622,92.894,0.892,24.0,0.892,24,0.176,0.176,0.176,0.176
1,2023,2023051,31.0,246,Williams,92.408,92.89,-0.227,0.255,-0.227,0.255,92.701,0.482,24.0,0.482,24,0.014,0.013999999999999999,0.014,0.013999999999999999
1,2023,2023051,32.0,247,Williams,92.222,94.511,-0.302,1.987,-0.302,0.51,92.657,2.289,24.0,0.812,24,0.843,0.8425,0.104,0.10400000000000001
1,2023,2023051,33.0,248,Williams,92.681,93.178,0.174,0.671,-0.241,0.671,92.924,0.497,24.0,0.912,24,0.422,0.4225,0.215,0.21500000000000002
1,2023,2023051,34.0,249,Williams,92.311,93.103,-0.074,0.718,-0.074,0.718,92.417,0.792,24.0,0.792,24,0.322,0.322,0.322,0.322
1,2023,2023051,35.0,250,Williams,92.305,92.88,-0.027,0.548,-0.027,0.548,92.352,0.575,24.0,0.575,24,0.261,0.2605,0.261,0.2605
1,2023,2023051,36.0,251,Williams,92.318,93.016,-0.106,0.592,-0.106,0.592,92.424,0.698,24.0,0.698,24,0.243,0.243,0.243,0.243
1,2023,2023051,37.0,252,Williams,92.346,93.317,-0.053,0.918,-0.053,0.597,92.618,0.971,24.0,0.650,24,0.432,0.4325,0.272,0.27199999999999996
1,2023,2023051,38.0,253,Williams,93.361,92.975,0.988,0.602,0.022,0.602,92.461,-0.386,27.0,0.580,24,0.795,0.7949999999999999,0.312,0.312
1,2023,2023051,39.0,254,Williams,92.444,93.104,0.101,0.761,0.101,0.761,92.372,0.660,24.0,0.660,24,0.431,0.431,0.431,0.431
1,2023,2023051,40.0,255,Williams,92.753,93.181,0.425,0.853,0.087,0.853,92.416,0.428,24.0,0.766,24,0.639,0.639,0.470,0.47
1,2023,2023051,41.0,256,Williams,92.386,94.076,0.218,1.908,0.218,1.184,92.204,1.690,24.0,0.966,24,1.063,1.063,0.701,0.701
1,2023,2023051,42.0,257,Williams,92.816,93.523,0.685,1.392,0.29,1.392,92.161,0.707,24.0,1.102,24,1.038,1.0385,0.841,0.841
1,2023,2023051,43.0,258,Williams,92.456,93.378,0.427,1.349,0.427,1.349,92.029,0.922,24.0,0.922,24,0.888,0.888,0.888,0.888
1,2023,2023051,44.0,259,Williams,91.996,92.59,0.082,0.676,0.082,0.676,91.956,0.594,24.0,0.594,24,0.379,0.379,0.379,0.379
1,2023,2023051,45.0,260,Williams,92.369,92.701,0.295,0.627,0.295,0.627,92.088,0.332,24.0,0.332,24,0.461,0.46099999999999997,0.461,0.46099999999999997
1,2023,2023051,46.0,261,Williams,92.419,92.79,0.234,0.605,0.234,0.605,92.278,0.371,24.0,0.371,24,0.419,0.4195,0.419,0.4195
1,2023,2023051,47.0,262,Williams,92.711,92.602,0.594,0.485,0.594,0.485,92.136,-0.109,27.0,-0.109,27,0.539,0.5395,0.539,0.5395
1,2023,2023051,48.0,263,Williams,93.044,92.612,1.05,0.618,1.05,0.618,92.284,-0.432,27.0,-0.432,27,0.834,0.8340000000000001,0.834,0.8340000000000001
1,2023,2023051,49.0,264,Williams,93.798,92.727,1.8,0.729,0.753,0.729,92.133,-1.071,27.0,-0.024,27,1.264,1.2645,0.741,0.741
1,2023,2023051,50.0,265,Williams,92.457,92.384,0.466,0.393,0.466,0.393,92.067,-0.073,27.0,-0.073,27,0.429,0.4295,0.429,0.4295
1,2023,2023051,51.0,266,Williams,92.128,92.636,0.262,0.77,0.262,0.637,91.903,0.508,24.0,0.375,24,0.516,0.516,0.450,0.4495
1,2023,2023051,52.0,267,Williams,92.144,92.622,0.32,0.798,0.32,0.798,91.884,0.478,24.0,0.478,24,0.559,0.559,0.559,0.559
1,2023,2023051,53.0,268,Williams,92.076,94.326,0.168,2.418,0.168,0.935,92.1,2.250,24.0,0.767,24,1.293,1.2930000000000001,0.551,0.5515
1,2023,2023051,54.0,269,Williams,92.104,93.065,0.272,1.233,0.272,1.233,91.832,0.961,24.0,0.961,24,0.753,0.7525000000000001,0.753,0.7525000000000001
1,2023,2023051,55.0,270,Williams,91.852,93.375,0.169,1.692,0.169,1.692,91.694,1.523,24.0,1.523,24,0.930,0.9305,0.930,0.9305
1,2023,2023051,56.0,271,Williams,92.147,94.641,0.518,3.012,0.326,3.012,91.759,2.494,24.0,2.686,24,1.765,1.7650000000000001,1.669,1.669
1,2023,2023051,57.0,272,Williams,92.058,,0.539,,0.539,,91.519,-,-,-,,-,,-,
1,2023,2023061,1.0,273,Williams,,,,,,,,-,-,-,,-,,-,
1,2023,2023061,2.0,274,Williams,,,,,,,,-,-,-,,-,,-,
1,2023,2023061,3.0,275,Williams,80.703,80.219,1.11,0.626,1.11,0.626,79.593,-0.484,27.0,-0.484,27,0.868,0.8680000000000001,0.868,0.8680000000000001
1,2023,2023061,4.0,276,Williams,80.276,80.246,0.923,0.893,0.923,0.893,79.353,-0.030,27.0,-0.030,27,0.908,0.908,0.908,0.908
1,2023,2023061,5.0,277,Williams,79.967,80.214,1.046,1.293,1.046,1.293,78.921,0.247,24.0,0.247,24,1.169,1.1695,1.169,1.1695
1,2023,2023061,6.0,278,Williams,79.165,79.312,0.548,0.695,0.548,0.695,78.617,0.147,24.0,0.147,24,0.621,0.6214999999999999,0.621,0.6214999999999999
1,2023,2023061,7.0,279,Williams,79.055,79.239,0.51,0.694,0.51,0.694,78.545,0.184,24.0,0.184,24,0.602,0.602,0.602,0.602
1,2023,2023061,8.0,280,Williams,78.796,78.947,0.345,0.496,0.345,0.496,78.519,0.151,24.0,0.151,24,0.420,0.4205,0.420,0.4205
1,2023,2023061,9.0,281,Williams,79.293,79.529,0.73,0.966,0.73,0.966,78.625,0.236,24.0,0.236,24,0.848,0.848,0.848,0.848
1,2023,2023061,10.0,282,Williams,79.338,80.334,0.666,1.662,0.666,1.137,78.761,0.996,24.0,0.471,24,1.164,1.164,0.901,0.9015
1,2023,2023061,11.0,283,Williams,79.278,80.089,0.409,1.22,0.409,1.22,78.869,0.811,24.0,0.811,24,0.815,0.8145,0.815,0.8145
1,2023,2023061,12.0,284,Williams,80.31,80.638,1.174,1.502,0.446,1.502,79.452,0.328,24.0,1.056,24,1.338,1.338,0.974,0.974
1,2023,2023061,13.0,285,Williams,79.885,80.702,0.737,1.554,0.737,1.554,79.213,0.817,24.0,0.817,24,1.145,1.1455,1.145,1.1455
1,2023,2023061,14.0,286,Williams,80.259,80.318,1.115,1.174,1.115,1.174,79.198,0.059,24.0,0.059,24,1.144,1.1444999999999999,1.144,1.1444999999999999
1,2023,2023061,15.0,287,Williams,80.892,80.28,1.77,1.158,1.229,1.158,79.181,-0.612,27.0,-0.071,27,1.464,1.464,1.194,1.1935
1,2023,2023061,16.0,288,Williams,80.443,80.471,1.32,1.348,1.32,1.348,79.123,0.028,24.0,0.028,24,1.334,1.334,1.334,1.334
1,2023,2023061,17.0,289,Williams,80.624,83.236,1.647,4.259,1.647,1.963,79.326,2.612,24.0,0.316,24,2.953,2.9530000000000003,1.805,1.8050000000000002
1,2023,2023061,18.0,290,Williams,,81.41,,2.702,,2.702,78.82,-,-,-,,-,2.1938000000000004,-,1.2754
1,2023,2023061,19.0,291,Williams,,82.328,,3.694,,3.694,78.752,-,-,-,,-,1.4346,-,0.7458
1,2023,2023061,20.0,292,Williams,78.47,,0.127,,0.127,,78.397,-,-,-,,-,0.6753999999999998,-,0.21619999999999995
1,2023,2023061,21.0,293,Williams,77.131,,-1.094,,-1.094,,78.225,-,-,-,,-,,-,
1,2023,2023061,22.0,294,Williams,77.105,77.483,-1.032,-0.654,-1.032,-0.654,78.154,0.378,24.0,0.378,24,-0.843,-0.843,-0.843,-0.843
1,2023,2023061,23.0,295,Williams,77.064,,-1.128,,-1.128,,78.243,-,-,-,,-,-0.8501666666666666,-,-0.8501666666666666
1,2023,2023061,24.0,296,Williams,76.672,,-1.496,,-1.496,,78.183,-,-,-,,-,-0.8573333333333334,-,-0.8573333333333334
1,2023,2023061,25.0,297,Williams,76.793,77.894,-1.415,-0.314,-1.415,-0.314,78.227,1.101,24.0,1.101,24,-0.865,-0.8645,-0.865,-0.8645
1,2023,2023061,26.0,298,Williams,76.962,78.033,-1.385,-0.314,-1.385,-0.314,78.456,1.071,24.0,1.071,24,-0.850,-0.8495,-0.850,-0.8495
1,2023,2023061,27.0,299,Williams,77.36,77.875,-1.036,-0.521,-1.036,-0.521,78.418,0.515,24.0,0.515,24,-0.778,-0.7785,-0.778,-0.7785
1,2023,2023061,28.0,300,Williams,78.528,77.74,0.125,-0.663,0.125,-0.663,78.518,-0.788,27.0,-0.788,27,-0.269,-0.269,-0.269,-0.269
1,2023,2023061,29.0,301,Williams,78.952,77.753,0.511,-0.688,0.511,-0.688,78.548,-1.199,27.0,-1.199,27,-0.088,-0.08849999999999997,-0.088,-0.08849999999999997
1,2023,2023061,30.0,302,Williams,79.457,77.535,1.103,-0.819,0.698,-0.819,78.454,-1.922,27.0,-1.517,27,0.142,0.14200000000000002,-0.060,-0.0605
1,2023,2023061,31.0,303,Williams,79.152,77.493,0.767,-0.892,0.767,-0.892,78.586,-1.659,27.0,-1.659,27,-0.062,-0.0625,-0.062,-0.0625
1,2023,2023061,32.0,304,Williams,79.589,77.302,1.016,-1.271,1.016,-1.271,78.654,-2.287,27.0,-2.287,27,-0.127,-0.12749999999999995,-0.127,-0.12749999999999995
1,2023,2023061,33.0,305,Williams,81.559,77.344,2.839,-1.376,1.44,-1.376,79.018,-4.215,27.0,-2.816,27,0.732,0.7315,0.032,0.03200000000000003
1,2023,2023061,34.0,306,Williams,80.731,77.666,2.281,-0.784,2.281,-0.784,78.671,-3.065,27.0,-3.065,27,0.749,0.7485,0.749,0.7485
1,2023,2023061,35.0,307,Williams,78.619,78.638,0.475,0.494,0.475,-0.625,78.399,0.019,24.0,-1.100,27,0.484,0.4845,-0.075,-0.07500000000000001
1,2023,2023061,36.0,308,Williams,78.804,77.372,0.753,-0.679,0.753,-0.679,78.214,-1.432,27.0,-1.432,27,0.037,0.03699999999999998,0.037,0.03699999999999998
1,2023,2023061,37.0,309,Williams,79.143,77.383,1.108,-0.652,1.108,-0.652,78.043,-1.760,27.0,-1.760,27,0.228,0.22800000000000004,0.228,0.22800000000000004
1,2023,2023061,38.0,310,Williams,78.633,80.017,0.704,2.088,0.704,2.088,77.983,1.384,24.0,1.384,24,1.396,1.396,1.396,1.396
1,2023,2023061,39.0,311,Williams,78.774,81.035,0.835,3.096,0.835,1.804,78.109,2.261,24.0,0.969,24,1.966,1.9655,1.320,1.3195000000000001
1,2023,2023061,40.0,312,Williams,78.476,79.469,0.543,1.536,0.543,1.536,77.945,0.993,24.0,0.993,24,1.040,1.0395,1.040,1.0395
1,2023,2023061,41.0,313,Williams,78.825,78.519,0.976,0.67,0.976,0.67,77.932,-0.306,27.0,-0.306,27,0.823,0.823,0.823,0.823
1,2023,2023061,42.0,314,Williams,78.93,78.625,1.084,0.779,1.084,0.779,77.922,-0.305,27.0,-0.305,27,0.931,0.9315,0.931,0.9315
1,2023,2023061,43.0,315,Williams,78.486,78.773,0.57,0.857,0.57,0.857,77.916,0.287,24.0,0.287,24,0.714,0.7135,0.714,0.7135
1,2023,2023061,44.0,316,Williams,78.767,82.125,0.852,4.21,0.852,1.28,78.12,3.358,24.0,0.428,24,2.531,2.531,1.066,1.066
1,2023,2023061,45.0,317,Williams,78.829,79.618,0.979,1.768,0.979,1.768,77.953,0.789,24.0,0.789,24,1.373,1.3735,1.373,1.3735
1,2023,2023061,46.0,318,Williams,78.9,79.028,1.226,1.354,1.226,1.354,77.674,0.128,24.0,0.128,24,1.290,1.29,1.290,1.29
1,2023,2023061,47.0,319,Williams,78.528,78.91,0.783,1.165,0.783,1.165,77.745,0.382,24.0,0.382,24,0.974,0.974,0.974,0.974
1,2023,2023061,48.0,320,Williams,78.882,79.212,1.087,1.417,1.087,1.417,77.812,0.330,24.0,0.330,24,1.252,1.252,1.252,1.252
1,2023,2023061,49.0,321,Williams,80.597,82.128,2.551,4.082,1.478,4.082,78.269,1.531,24.0,2.604,24,3.317,3.3165,2.780,2.78
1,2023,2023061,50.0,322,Williams,80.166,83.12,1.127,4.081,1.127,4.081,79.039,2.954,24.0,2.954,24,2.604,2.604,2.604,2.604
1,2023,2023061,51.0,323,Williams,89.941,92.385,6.906,9.35,6.906,9.35,83.035,2.444,24.0,2.444,24,8.128,8.128,8.128,8.128
1,2023,2023061,52.0,324,Williams,,,,,,,87.933,-,-,-,,-,4.9751666666666665,-,4.9751666666666665
1,2023,2023061,53.0,325,Williams,,,,,,,93.403,-,-,-,,-,1.822333333333333,-,1.822333333333333
1,2023,2023061,54.0,326,Williams,98.297,98.806,-1.585,-1.076,-1.585,-1.076,99.882,0.509,24.0,0.509,24,-1.331,-1.3305,-1.331,-1.3305
1,2023,2023061,55.0,327,Williams,105.721,101.078,0.552,-4.091,-3.566,-4.091,106.884,-4.643,27.0,-0.525,27,-1.770,-1.7695,-3.829,-3.8285
1,2023,2023061,56.0,328,Williams,104.909,102.285,2.462,-0.162,2.462,-0.162,102.447,-2.624,27.0,-2.624,27,1.150,1.1500000000000001,1.150,1.1500000000000001
1,2023,2023061,57.0,329,Williams,102.2,118.063,-0.488,15.375,-0.488,-0.246,103.781,15.863,24.0,0.242,24,7.444,7.4435,-0.367,-0.367
1,2023,2023061,58.0,330,Williams,106.101,102.599,0.529,-2.973,-2.906,-2.973,105.843,-3.502,27.0,-0.067,27,-1.222,-1.222,-2.939,-2.9395
1,2023,2023061,59.0,331,Williams,103.133,103.687,0.082,0.636,0.082,0.636,103.051,0.554,24.0,0.554,24,0.359,0.359,0.359,0.359
1,2023,2023061,60.0,332,Williams,115.401,102.558,13.241,0.398,0.011,0.398,102.895,-12.843,27.0,0.387,24,6.819,6.8195,0.205,0.20450000000000002
1,2023,2023061,61.0,333,Williams,101.209,100.969,-0.217,-0.457,-0.217,-0.457,101.426,-0.240,27.0,-0.240,27,-0.337,-0.337,-0.337,-0.337
1,2023,2023061,62.0,334,Williams,99.897,99.586,-0.398,-0.709,-0.398,-0.709,100.295,-0.311,27.0,-0.311,27,-0.553,-0.5535,-0.553,-0.5535
1,2023,2023061,63.0,335,Williams,98.649,103.289,-1.076,3.564,-1.076,-0.781,99.954,4.640,24.0,0.295,24,1.244,1.244,-0.929,-0.9285000000000001
1,2023,2023061,64.0,336,Williams,97.428,98.302,-1.597,-0.723,-1.597,-0.723,99.025,0.874,24.0,0.874,24,-1.160,-1.16,-1.160,-1.16
1,2023,2023061,65.0,337,Williams,95.42,98.073,-2.278,0.375,-2.278,0.375,97.698,2.653,24.0,2.653,24,-0.952,-0.9515,-0.952,-0.9515
1,2023,2023061,66.0,338,Williams,94.016,96.293,-1.812,0.465,-1.812,0.465,95.828,2.277,24.0,2.277,24,-0.673,-0.6735,-0.673,-0.6735
1,2023,2023061,67.0,339,Williams,93.223,99.467,-1.746,4.498,-1.746,4.498,95.139,6.244,24.0,6.244,24,1.376,1.3760000000000001,1.376,1.3760000000000001
1,2023,2023061,68.0,340,Williams,93.322,91.921,-0.818,-2.219,-0.818,-2.219,96.703,-1.401,27.0,-1.401,27,-1.518,-1.5185,-1.518,-1.5185
1,2023,2023061,69.0,341,Williams,94.087,93.193,0.179,-0.715,0.179,-0.715,94.112,-0.894,27.0,-0.894,27,-0.268,-0.268,-0.268,-0.268
1,2023,2023061,70.0,342,Williams,90.63,118.263,-1.193,26.44,-1.193,-0.719,93.689,27.633,24.0,0.474,24,12.623,12.6235,-0.956,-0.956
1,2023,2023061,71.0,343,Williams,89.729,89.015,-0.491,-1.205,-0.491,-1.205,90.22,-0.714,27.0,-0.714,27,-0.848,-0.8480000000000001,-0.848,-0.8480000000000001
1,2023,2023061,72.0,344,Williams,89.217,92.354,-0.524,2.613,-0.524,2.613,89.741,3.137,24.0,3.137,24,1.044,1.0445,1.044,1.0445
1,2023,2023061,73.0,345,Williams,92.141,87.137,3.719,-1.285,3.719,-1.285,88.539,-5.004,27.0,-5.004,27,1.217,1.217,1.217,1.217
1,2023,2023061,74.0,346,Williams,88.241,87.954,0.668,0.381,0.668,0.381,87.645,-0.287,27.0,-0.287,27,0.524,0.5245,0.524,0.5245
1,2023,2023061,75.0,347,Williams,87.197,87.968,0.345,1.116,0.345,1.116,87.194,0.771,24.0,0.771,24,0.731,0.7305,0.731,0.7305
1,2023,2023061,76.0,348,Williams,86.764,89.076,-0.128,2.184,-0.128,2.184,86.892,2.312,24.0,2.312,24,1.028,1.028,1.028,1.028
1,2023,2023061,77.0,349,Williams,87.816,,1.743,,1.743,,86.073,-,-,-,,-,,-,
1,2023,2023071,1.0,350,Williams,,,,,,,,-,-,-,,-,,-,
1,2023,2023071,2.0,351,Williams,,,,,,,,-,-,-,,-,,-,
1,2023,2023071,3.0,352,Williams,82.115,82.124,0.57,0.579,0.57,0.579,81.545,0.009,24.0,0.009,24,0.575,0.5745,0.575,0.5745
1,2023,2023071,4.0,353,Williams,81.84,83.489,0.59,2.239,0.59,0.817,81.343,1.649,24.0,0.227,24,1.414,1.4144999999999999,0.704,0.7035
1,2023,2023071,5.0,354,Williams,81.845,82.011,0.664,0.83,0.664,0.83,81.229,0.166,24.0,0.166,24,0.747,0.747,0.747,0.747
1,2023,2023071,6.0,355,Williams,81.896,81.665,0.651,0.42,0.651,0.42,81.363,-0.231,27.0,-0.231,27,0.535,0.5355,0.535,0.5355
1,2023,2023071,7.0,356,Williams,83.182,82.229,1.811,0.858,0.77,0.541,81.482,-0.953,27.0,-0.229,27,1.335,1.3345,0.655,0.6555
1,2023,2023071,8.0,357,Williams,82.386,82.16,0.997,0.771,0.997,0.771,81.515,-0.226,27.0,-0.226,27,0.884,0.884,0.884,0.884
1,2023,2023071,9.0,358,Williams,82.443,82.317,1.141,1.015,1.141,1.015,81.314,-0.126,27.0,-0.126,27,1.078,1.0779999999999998,1.078,1.0779999999999998
1,2023,2023071,10.0,359,Williams,82.507,82.595,1.206,1.294,1.206,1.294,81.45,0.088,24.0,0.088,24,1.250,1.25,1.250,1.25
1,2023,2023071,11.0,360,Williams,82.274,82.45,1.124,1.3,1.124,1.3,81.252,0.176,24.0,0.176,24,1.212,1.2120000000000002,1.212,1.2120000000000002
1,2023,2023071,12.0,361,Williams,82.189,82.16,1.171,1.142,1.171,1.142,81.077,-0.029,27.0,-0.029,27,1.156,1.1564999999999999,1.156,1.1564999999999999
1,2023,2023071,13.0,362,Williams,82.081,81.968,1.112,0.999,1.112,0.999,80.997,-0.113,27.0,-0.113,27,1.056,1.0555,1.056,1.0555
1,2023,2023071,14.0,363,Williams,82.137,82.188,1.017,1.068,1.017,1.068,81.403,0.051,24.0,0.051,24,1.042,1.0425,1.042,1.0425
1,2023,2023071,15.0,364,Williams,82.189,82.998,0.919,1.728,0.919,1.28,81.304,0.809,24.0,0.361,24,1.324,1.3235000000000001,1.099,1.0995
1,2023,2023071,16.0,365,Williams,,82.913,,1.791,,1.791,81.239,-,-,-,,-,0.9587500000000001,-,0.79075
1,2023,2023071,17.0,366,Williams,,,,,,,80.974,-,-,-,,-,0.5940000000000001,-,0.482
1,2023,2023071,18.0,367,Williams,80.754,,-0.027,,-0.027,,80.781,-,-,-,,-,0.22924999999999995,-,0.17325000000000002
1,2023,2023071,19.0,368,Williams,80.593,80.458,-0.068,-0.203,-0.068,-0.203,80.705,-0.135,27.0,-0.135,27,-0.136,-0.1355,-0.136,-0.1355
1,2023,2023071,20.0,369,Williams,80.897,80.615,0.219,-0.063,0.219,-0.063,80.792,-0.282,27.0,-0.282,27,0.078,0.078,0.078,0.078
1,2023,2023071,21.0,370,Williams,80.981,80.676,0.254,-0.051,0.254,-0.051,80.851,-0.305,27.0,-0.305,27,0.102,0.1015,0.102,0.1015
1,2023,2023071,22.0,371,Williams,81.195,80.636,0.389,-0.17,0.389,-0.17,80.806,-0.559,27.0,-0.559,27,0.110,0.1095,0.110,0.1095
1,2023,2023071,23.0,372,Williams,81.094,80.672,0.239,-0.183,0.239,-0.183,80.971,-0.422,27.0,-0.422,27,0.028,0.027999999999999997,0.028,0.027999999999999997
1,2023,2023071,24.0,373,Williams,81.121,80.994,0.365,0.238,0.365,0.238,80.808,-0.127,27.0,-0.127,27,0.301,0.3015,0.301,0.3015
1,2023,2023071,25.0,374,Williams,81.114,81.033,0.482,0.401,0.482,0.401,80.659,-0.081,27.0,-0.081,27,0.442,0.4415,0.442,0.4415
1,2023,2023071,26.0,375,Williams,81.02,81.004,0.532,0.516,0.532,0.516,80.669,-0.016,27.0,-0.016,27,0.524,0.524,0.524,0.524
1,2023,2023071,27.0,376,Williams,80.762,80.762,0.567,0.567,0.567,0.567,80.195,0.000,24.0,0.000,24,0.567,0.567,0.567,0.567
1,2023,2023071,28.0,377,Williams,81.033,80.834,0.929,0.73,0.929,0.73,80.221,-0.199,27.0,-0.199,27,0.830,0.8295,0.830,0.8295
1,2023,2023071,29.0,378,Williams,80.895,80.844,0.817,0.766,0.817,0.766,80.106,-0.051,27.0,-0.051,27,0.791,0.7915,0.791,0.7915
1,2023,2023071,30.0,379,Williams,80.671,80.946,0.557,0.832,0.557,0.832,80.229,0.275,24.0,0.275,24,0.695,0.6945,0.695,0.6945
1,2023,2023071,31.0,380,Williams,80.912,82.182,0.727,1.997,0.727,0.883,80.241,1.270,24.0,0.156,24,1.362,1.362,0.805,0.8049999999999999
1,2023,2023071,32.0,381,Williams,82.413,81.19,2.182,0.959,0.835,0.959,80.322,-1.223,27.0,0.124,24,1.571,1.5705,0.897,0.897
1,2023,2023071,33.0,382,Williams,81.221,81.224,0.739,0.742,0.739,0.742,80.508,0.003,24.0,0.003,24,0.740,0.7404999999999999,0.740,0.7404999999999999
1,2023,2023071,34.0,383,Williams,81.159,81.054,0.876,0.771,0.876,0.771,80.365,-0.105,27.0,-0.105,27,0.824,0.8235,0.824,0.8235
1,2023,2023071,35.0,384,Williams,80.941,82.383,0.644,2.086,0.644,2.086,80.422,1.442,24.0,1.442,24,1.365,1.365,1.365,1.365
1,2023,2023071,36.0,385,Williams,81.342,,1.14,,1.14,,80.308,-,-,-,,-,1.0095,-,1.0095
1,2023,2023071,37.0,386,Williams,,,,,,,80.374,-,-,-,,-,0.654,-,0.654
1,2023,2023071,38.0,387,Williams,,79.318,,-0.741,,-0.741,80.165,-,-,-,,-,0.2985,-,0.2985
1,2023,2023071,39.0,388,Williams,79.77,79.622,0.017,-0.131,0.017,-0.131,79.801,-0.148,27.0,-0.148,27,-0.057,-0.057,-0.057,-0.057
1,2023,2023071,40.0,389,Williams,79.546,79.603,-0.119,-0.062,-0.119,-0.062,79.821,0.057,24.0,0.057,24,-0.090,-0.0905,-0.090,-0.0905
1,2023,2023071,41.0,390,Williams,79.5,79.247,0.001,-0.252,0.001,-0.252,79.554,-0.253,27.0,-0.253,27,-0.126,-0.1255,-0.126,-0.1255
1,2023,2023071,42.0,391,Williams,79.639,79.62,0.203,0.184,0.203,0.184,79.512,-0.019,27.0,-0.019,27,0.194,0.1935,0.194,0.1935
1,2023,2023071,43.0,392,Williams,79.836,79.805,0.497,0.466,0.359,0.466,79.347,-0.031,27.0,0.107,24,0.482,0.48150000000000004,0.412,0.4125
1,2023,2023071,44.0,393,Williams,79.758,79.835,0.472,0.549,0.472,0.549,79.485,0.077,24.0,0.077,24,0.510,0.5105,0.510,0.5105
1,2023,2023071,45.0,394,Williams,79.654,79.835,0.359,0.54,0.359,0.54,79.307,0.181,24.0,0.181,24,0.450,0.4495,0.450,0.4495
1,2023,2023071,46.0,395,Williams,79.62,79.653,0.452,0.485,0.452,0.485,79.18,0.033,24.0,0.033,24,0.469,0.4685,0.469,0.4685
1,2023,2023071,47.0,396,Williams,79.525,79.646,0.437,0.558,0.437,0.558,79.13,0.121,24.0,0.121,24,0.498,0.49750000000000005,0.498,0.49750000000000005
1,2023,2023071,48.0,397,Williams,79.426,80.875,0.305,1.754,0.305,0.728,79.283,1.449,24.0,0.423,24,1.030,1.0295,0.516,0.5165
1,2023,2023071,49.0,398,Williams,79.712,80.052,0.53,0.87,0.356,0.87,79.32,0.340,24.0,0.514,24,0.700,0.7,0.613,0.613
1,2023,2023071,50.0,399,Williams,79.65,80.019,0.584,0.953,0.584,0.953,79.094,0.369,24.0,0.369,24,0.768,0.7685,0.768,0.7685
1,2023,2023071,51.0,400,Williams,79.447,79.942,0.37,0.865,0.37,0.865,79.339,0.495,24.0,0.495,24,0.617,0.6174999999999999,0.617,0.6174999999999999
1,2023,2023071,52.0,401,Williams,79.39,79.943,0.473,1.026,0.473,1.026,78.917,0.553,24.0,0.553,24,0.750,0.7495,0.750,0.7495
1,2023,2023071,53.0,402,Williams,79.327,79.943,0.473,1.089,0.473,1.089,79.025,0.616,24.0,0.616,24,0.781,0.7809999999999999,0.781,0.7809999999999999
1,2023,2023071,54.0,403,Williams,79.347,79.72,0.561,0.934,0.561,0.934,78.861,0.373,24.0,0.373,24,0.748,0.7475,0.748,0.7475
1,2023,2023071,55.0,404,Williams,79.415,81.834,0.631,3.05,0.631,0.989,78.944,2.419,24.0,0.358,24,1.841,1.8405,0.810,0.81
1,2023,2023071,56.0,405,Williams,79.343,79.827,0.497,0.981,0.497,0.981,79.04,0.484,24.0,0.484,24,0.739,0.739,0.739,0.739
1,2023,2023071,57.0,406,Williams,79.189,80.009,0.32,1.14,0.32,1.14,78.88,0.820,24.0,0.820,24,0.730,0.73,0.730,0.73
1,2023,2023071,58.0,407,Williams,79.248,82.807,0.292,3.851,0.292,1.963,79.136,3.559,24.0,1.671,24,2.071,2.0715,1.127,1.1275
1,2023,2023071,59.0,408,Williams,79.133,81.829,0.098,2.794,0.098,2.794,79.169,2.696,24.0,2.696,24,1.446,1.446,1.446,1.446
1,2023,2023071,60.0,409,Williams,79.26,80.119,0.2,1.059,0.2,1.059,79.07,0.859,24.0,0.859,24,0.629,0.6295,0.629,0.6295
1,2023,2023071,61.0,410,Williams,80.461,81.28,1.578,2.397,0.571,2.397,78.974,0.819,24.0,1.826,24,1.987,1.9874999999999998,1.484,1.484
1,2023,2023071,62.0,411,Williams,79.647,82.134,0.687,3.174,0.687,1.89,79.153,2.487,24.0,1.203,24,1.930,1.9304999999999999,1.288,1.2885
1,2023,2023071,63.0,412,Williams,79.374,80.42,0.367,1.413,0.367,1.413,79.186,1.046,24.0,1.046,24,0.890,0.89,0.890,0.89
1,2023,2023071,64.0,413,Williams,79.307,79.98,0.08,0.753,0.08,0.753,79.475,0.673,24.0,0.673,24,0.416,0.4165,0.416,0.4165
1,2023,2023071,65.0,414,Williams,79.419,80.254,0.095,0.93,0.095,0.93,79.397,0.835,24.0,0.835,24,0.513,0.5125000000000001,0.513,0.5125000000000001
1,2023,2023081,1.0,415,Williams,,,,,,,,-,-,-,,-,,-,
1,2023,2023081,2.0,416,Williams,,,,,,,,-,-,-,,-,,-,
1,2023,2023081,3.0,417,Williams,78.618,79.105,0.155,0.642,0.155,0.642,78.463,0.487,24.0,0.487,24,0.399,0.3985,0.399,0.3985
1,2023,2023081,4.0,418,Williams,78.78,78.437,0.427,0.084,0.427,0.084,78.383,-0.343,27.0,-0.343,27,0.256,0.2555,0.256,0.2555
1,2023,2023081,5.0,419,Williams,78.422,79.517,0.002,1.097,0.002,0.381,78.494,1.095,24.0,0.379,24,0.549,0.5495,0.192,0.1915
1,2023,2023081,6.0,420,Williams,78.745,79.166,0.23,0.651,0.23,0.651,78.522,0.421,24.0,0.421,24,0.441,0.4405,0.441,0.4405
1,2023,2023081,7.0,421,Williams,,,,,,,78.748,-,-,-,,-,,-,
1,2023,2023081,8.0,422,Williams,,,,,,,,-,-,-,,-,,-,
1,2023,2023081,9.0,423,Williams,78.467,,0.089,,0.089,,78.378,-,-,-,,-,,-,
1,2023,2023081,10.0,424,Williams,79.319,,0.866,,0.139,,78.7,-,-,-,,-,,-,
1,2023,2023081,11.0,425,Williams,78.717,,0.459,,0.459,,78.258,-,-,-,,-,,-,
1,2023,2023081,12.0,426,Williams,,,,,,,,-,-,-,,-,,-,
1,2023,2023081,13.0,427,Williams,,,,,,,,-,-,-,,-,,-,
1,2023,2023081,14.0,428,Williams,,,,,,,,-,-,-,,-,,-,
1,2023,2023081,15.0,429,Williams,,,,,,,,-,-,-,,-,,-,
1,2023,2023081,16.0,430,Williams,,,,,,,,-,-,-,,-,,-,
1,2023,2023081,17.0,431,Williams,,,,,,,,-,-,-,,-,,-,
1,2023,2023081,18.0,432,Williams,79.275,,0.735,,0.735,,78.54,-,-,-,,-,,-,
1,2023,2023081,19.0,433,Williams,77.882,,0.018,,0.018,,77.888,-,-,-,,-,,-,
1,2023,2023081,20.0,434,Williams,78.055,,0.073,,0.073,,78.062,-,-,-,,-,,-,
1,2023,2023081,21.0,435,Williams,79.16,,1.136,,0.437,,78.195,-,-,-,,-,,-,
1,2023,2023081,22.0,436,Williams,78.868,,0.937,,0.937,,77.95,-,-,-,,-,,-,
1,2023,2023081,23.0,437,Williams,78.718,,0.753,,0.753,,78.064,-,-,-,,-,,-,
1,2023,2023081,24.0,438,Williams,78.162,,0.255,,0.255,,77.925,-,-,-,,-,,-,
1,2023,2023081,25.0,439,Williams,78.775,,0.824,,0.305,,77.999,-,-,-,,-,,-,
1,2023,2023081,26.0,440,Williams,78.351,,0.307,,0.307,,78.079,-,-,-,,-,,-,
1,2023,2023081,27.0,441,Williams,78.603,,0.628,,0.482,,78.043,-,-,-,,-,,-,
1,2023,2023081,28.0,442,Williams,78.563,,0.577,,0.577,,77.986,-,-,-,,-,,-,
1,2023,2023081,29.0,443,Williams,78.168,,0.219,,0.219,,78.06,-,-,-,,-,,-,
1,2023,2023081,30.0,444,Williams,78.21,,0.249,,0.249,,78.03,-,-,-,,-,,-,
1,2023,2023081,31.0,445,Williams,78.12,,0.239,,0.239,,77.887,-,-,-,,-,,-,
1,2023,2023081,32.0,446,Williams,78.008,,0.12,,0.12,,77.966,-,-,-,,-,,-,
1,2023,2023081,33.0,447,Williams,78.019,,0.216,,0.216,,77.819,-,-,-,,-,,-,
1,2023,2023081,34.0,448,Williams,78.271,,0.357,,0.357,,77.923,-,-,-,,-,,-,
1,2023,2023081,35.0,449,Williams,78.426,,0.577,,0.577,,81.842,-,-,-,,-,,-,
1,2023,2023081,36.0,450,Williams,78.005,,0.255,,0.255,,77.879,-,-,-,,-,,-,
1,2023,2023081,37.0,451,Williams,78.128,,0.552,,0.552,,77.596,-,-,-,,-,,-,
1,2023,2023081,38.0,452,Williams,77.782,,0.328,,0.328,,77.515,-,-,-,,-,,-,
1,2023,2023081,39.0,453,Williams,78.441,,1.059,,0.555,,77.439,-,-,-,,-,,-,
1,2023,2023081,40.0,454,Williams,78.091,,0.739,,0.739,,77.398,-,-,-,,-,,-,
1,2023,2023081,41.0,455,Williams,78.003,,0.694,,0.694,,77.487,-,-,-,,-,,-,
1,2023,2023081,42.0,456,Williams,77.724,,0.415,,0.415,,77.407,-,-,-,,-,,-,
1,2023,2023081,43.0,457,Williams,77.673,,0.455,,0.455,,77.393,-,-,-,,-,,-,
1,2023,2023081,44.0,458,Williams,77.554,,0.509,,0.509,,77.045,-,-,-,,-,,-,
1,2023,2023081,45.0,459,Williams,77.655,,0.712,,0.712,,76.97,-,-,-,,-,,-,
1,2023,2023081,46.0,460,Williams,77.657,,0.796,,0.796,,76.872,-,-,-,,-,,-,
1,2023,2023081,47.0,461,Williams,77.452,,0.589,,0.589,,76.955,-,-,-,,-,,-,
1,2023,2023081,48.0,462,Williams,77.76,,0.78,,0.59,,77.03,-,-,-,,-,,-,
1,2023,2023081,49.0,463,Williams,77.687,,0.701,,0.701,,76.986,-,-,-,,-,,-,
1,2023,2023081,50.0,464,Williams,77.606,,0.671,,0.671,,76.958,-,-,-,,-,,-,
1,2023,2023081,51.0,465,Williams,77.611,,0.736,,0.736,,76.9,-,-,-,,-,,-,
1,2023,2023081,52.0,466,Williams,77.421,,0.648,,0.648,,76.792,-,-,-,,-,,-,
1,2023,2023081,53.0,467,Williams,77.522,,0.818,,0.818,,76.741,-,-,-,,-,,-,
1,2023,2023081,54.0,468,Williams,77.445,,0.695,,0.695,,76.829,-,-,-,,-,,-,
1,2023,2023081,55.0,469,Williams,77.418,,0.659,,0.659,,76.814,-,-,-,,-,,-,
1,2023,2023081,56.0,470,Williams,77.314,,0.543,,0.543,,76.781,-,-,-,,-,,-,
1,2023,2023081,57.0,471,Williams,77.148,,0.417,,0.417,,76.772,-,-,-,,-,,-,
1,2023,2023081,58.0,472,Williams,77.384,,0.704,,0.436,,76.776,-,-,-,,-,,-,
1,2023,2023081,59.0,473,Williams,77.084,,0.408,,0.408,,76.676,-,-,-,,-,,-,
1,2023,2023081,60.0,474,Williams,77.152,,0.403,,0.403,,76.783,-,-,-,,-,,-,
1,2023,2023081,61.0,475,Williams,77.208,,0.399,,0.399,,76.895,-,-,-,,-,,-,
1,2023,2023081,62.0,476,Williams,77.014,,0.272,,0.272,,76.823,-,-,-,,-,,-,
1,2023,2023081,63.0,477,Williams,76.952,,0.193,,0.193,,76.868,-,-,-,,-,,-,
1,2023,2023081,64.0,478,Williams,77.129,,0.343,,0.343,,76.844,-,-,-,,-,,-,
1,2023,2023081,65.0,479,Williams,77.18,,0.316,,0.316,,76.921,-,-,-,,-,,-,
1,2023,2023081,66.0,480,Williams,77.341,,0.375,,0.375,,77.047,-,-,-,,-,,-,
1,2023,2023081,67.0,481,Williams,77.213,,0.272,,0.272,,77.081,-,-,-,,-,,-,
1,2023,2023081,68.0,482,Williams,76.917,,0.128,,0.128,,76.789,-,-,-,,-,,-,
1,2023,2023081,69.0,483,Williams,77.072,,0.217,,0.217,,76.865,-,-,-,,-,,-,
1,2023,2023081,70.0,484,Williams,77.258,,0.231,,0.231,,77.027,-,-,-,,-,,-,
1,2023,2023091,1.0,485,Williams,,,,,,,,-,-,-,,-,,-,
1,2023,2023091,2.0,486,Williams,,,,,,,,-,-,-,,-,,-,
1,2023,2023091,3.0,487,Williams,,,,,,,,-,-,-,,-,,-,
1,2023,2023091,4.0,488,Williams,,,,,,,,-,-,-,,-,,-,
1,2023,2023091,5.0,489,Williams,72.147,72.73,0.398,0.981,0.398,0.981,71.749,0.583,24.0,0.583,24,0.690,0.6895,0.690,0.6895
1,2023,2023091,6.0,490,Williams,71.308,71.886,0.021,0.599,0.021,0.599,71.308,0.578,24.0,0.578,24,0.310,0.31,0.310,0.31
1,2023,2023091,7.0,491,Williams,71.073,71.211,0.053,0.191,0.053,0.191,71.02,0.138,24.0,0.138,24,0.122,0.122,0.122,0.122
1,2023,2023091,8.0,492,Williams,71.415,71.667,0.337,0.589,0.337,0.31,71.231,0.252,24.0,-0.027,27,0.463,0.46299999999999997,0.324,0.3235
1,2023,2023091,9.0,493,Williams,71.599,71.565,0.451,0.417,0.451,0.417,71.161,-0.034,27.0,-0.034,27,0.434,0.434,0.434,0.434
1,2023,2023091,10.0,494,Williams,71.322,71.739,0.162,0.579,0.162,0.579,71.18,0.417,24.0,0.417,24,0.370,0.3705,0.370,0.3705
1,2023,2023091,11.0,495,Williams,71.605,71.833,0.412,0.64,0.412,0.64,71.278,0.228,24.0,0.228,24,0.526,0.526,0.526,0.526
1,2023,2023091,12.0,496,Williams,71.898,71.875,0.693,0.67,0.693,0.67,71.205,-0.023,27.0,-0.023,27,0.681,0.6815,0.681,0.6815
1,2023,2023091,13.0,497,Williams,71.432,72.011,0.099,0.678,0.099,0.678,71.333,0.579,24.0,0.579,24,0.389,0.3885,0.389,0.3885
1,2023,2023091,14.0,498,Williams,,,,,,,,-,-,-,,-,0.36683333333333334,-,0.36683333333333334
1,2023,2023091,15.0,499,Williams,,,,,,,,-,-,-,,-,0.3451666666666667,-,0.3451666666666667
1,2023,2023091,16.0,500,Williams,72.319,71.054,0.956,-0.309,0.956,-0.309,71.364,-1.265,27.0,-1.265,27,0.324,0.3235,0.324,0.3235
1,2023,2023091,17.0,501,Williams,71.563,70.876,0.77,0.083,0.77,0.083,70.819,-0.687,27.0,-0.687,27,0.426,0.4265,0.426,0.4265
1,2023,2023091,18.0,502,Williams,71.726,70.983,0.911,0.168,0.911,0.168,70.919,-0.743,27.0,-0.743,27,0.539,0.5395,0.539,0.5395
1,2023,2023091,19.0,503,Williams,71.355,71.162,0.571,0.378,0.571,0.378,70.873,-0.193,27.0,-0.193,27,0.474,0.4745,0.474,0.4745
1,2023,2023091,20.0,504,Williams,71.305,71.225,0.358,0.278,0.358,0.278,71.114,-0.080,27.0,-0.080,27,0.318,0.318,0.318,0.318
1,2023,2023091,21.0,505,Williams,70.996,71.324,0.103,0.431,0.103,0.431,70.94,0.328,24.0,0.328,24,0.267,0.267,0.267,0.267
1,2023,2023091,22.0,506,Williams,71.093,72.18,0.17,1.257,0.17,0.636,71.151,1.087,24.0,0.466,24,0.713,0.7134999999999999,0.403,0.403
1,2023,2023091,23.0,507,Williams,71.05,71.793,0.245,0.988,0.245,0.988,70.853,0.743,24.0,0.743,24,0.617,0.6165,0.617,0.6165
1,2023,2023091,24.0,508,Williams,70.931,71.594,0.217,0.88,0.217,0.88,70.749,0.663,24.0,0.663,24,0.548,0.5485,0.548,0.5485
1,2023,2023091,25.0,509,Williams,70.822,71.563,0.156,0.897,0.156,0.897,70.802,0.741,24.0,0.741,24,0.526,0.5265,0.526,0.5265
1,2023,2023091,26.0,510,Williams,70.898,71.47,0.28,0.852,0.28,0.852,70.697,0.572,24.0,0.572,24,0.566,0.5660000000000001,0.566,0.5660000000000001
1,2023,2023091,27.0,511,Williams,71.348,71.39,0.782,0.824,0.39,0.824,70.635,0.042,24.0,0.434,24,0.803,0.8029999999999999,0.607,0.607
1,2023,2023091,28.0,512,Williams,71.015,71.307,0.443,0.735,0.443,0.735,70.631,0.292,24.0,0.292,24,0.589,0.589,0.589,0.589
1,2023,2023091,29.0,513,Williams,71.016,71.125,0.348,0.457,0.348,0.457,70.755,0.109,24.0,0.109,24,0.402,0.40249999999999997,0.402,0.40249999999999997
1,2023,2023091,30.0,514,Williams,71.012,71.073,0.286,0.347,0.286,0.347,70.756,0.061,24.0,0.061,24,0.317,0.3165,0.317,0.3165
1,2023,2023091,31.0,515,Williams,71.097,71.141,0.326,0.37,0.326,0.37,70.779,0.044,24.0,0.044,24,0.348,0.348,0.348,0.348
1,2023,2023091,32.0,516,Williams,71.472,71.143,0.715,0.386,0.24,0.386,70.837,-0.329,27.0,0.146,24,0.550,0.5505,0.313,0.313
1,2023,2023091,33.0,517,Williams,70.896,71.479,0.147,0.73,0.147,0.474,70.809,0.583,24.0,0.327,24,0.439,0.4385,0.310,0.3105
1,2023,2023091,34.0,518,Williams,70.905,71.303,0.265,0.663,0.265,0.663,70.691,0.398,24.0,0.398,24,0.464,0.464,0.464,0.464
1,2023,2023091,35.0,519,Williams,71.024,71.169,0.322,0.467,0.322,0.467,70.911,0.145,24.0,0.145,24,0.395,0.3945,0.395,0.3945
1,2023,2023091,36.0,520,Williams,70.98,71.263,0.237,0.52,0.237,0.52,70.835,0.283,24.0,0.283,24,0.379,0.3785,0.379,0.3785
1,2023,2023091,37.0,521,Williams,70.893,71.439,0.171,0.717,0.171,0.717,70.74,0.546,24.0,0.546,24,0.444,0.444,0.444,0.444
1,2023,2023091,38.0,522,Williams,71.165,71.447,0.516,0.798,0.516,0.798,70.805,0.282,24.0,0.282,24,0.657,0.657,0.657,0.657
1,2023,2023091,39.0,523,Williams,71.189,71.244,0.489,0.544,0.489,0.544,70.724,0.055,24.0,0.055,24,0.516,0.5165,0.516,0.5165
1,2023,2023091,40.0,524,Williams,71.191,71.343,0.613,0.765,0.613,0.765,70.612,0.152,24.0,0.152,24,0.689,0.6890000000000001,0.689,0.6890000000000001
1,2023,2023091,41.0,525,Williams,,71.488,,1.014,,1.014,70.503,-,-,-,,-,0.49590000000000006,-,0.49590000000000006
1,2023,2023091,42.0,526,Williams,,71.551,,1.098,,1.098,70.554,-,-,-,,-,0.30280000000000007,-,0.30280000000000007
1,2023,2023091,43.0,527,Williams,69.834,,-0.283,,-0.283,,70.176,-,-,-,,-,0.10970000000000013,-,0.10970000000000013
1,2023,2023091,44.0,528,Williams,69.871,,-0.234,,-0.234,,70.165,-,-,-,,-,,-,
1,2023,2023091,45.0,529,Williams,69.848,69.611,-0.158,-0.395,-0.158,-0.395,70.006,-0.237,27.0,-0.237,27,-0.277,-0.2765,-0.277,-0.2765
1,2023,2023091,46.0,530,Williams,69.732,69.791,-0.039,0.02,-0.039,0.02,69.806,0.059,24.0,0.059,24,-0.009,-0.0095,-0.009,-0.0095
1,2023,2023091,47.0,531,Williams,69.766,70.279,0.08,0.593,0.08,0.233,69.829,0.513,24.0,0.153,24,0.336,0.33649999999999997,0.157,0.1565
1,2023,2023091,48.0,532,Williams,69.832,70.047,0.14,0.355,0.14,0.355,69.811,0.215,24.0,0.215,24,0.247,0.2475,0.247,0.2475
1,2023,2023091,49.0,533,Williams,69.648,71.652,-0.038,1.966,-0.038,0.217,69.864,2.004,24.0,0.255,24,0.964,0.964,0.089,0.0895
1,2023,2023091,50.0,534,Williams,69.749,69.76,0.089,0.1,0.089,0.1,69.66,0.011,24.0,0.011,24,0.095,0.0945,0.095,0.0945
1,2023,2023091,51.0,535,Williams,69.607,69.696,0.003,0.092,0.003,0.092,69.699,0.089,24.0,0.089,24,0.048,0.0475,0.048,0.0475
1,2023,2023091,52.0,536,Williams,69.751,69.989,0.117,0.355,0.117,0.2,69.841,0.238,24.0,0.083,24,0.236,0.236,0.159,0.1585
1,2023,2023091,53.0,537,Williams,69.56,69.972,-0.097,0.315,-0.097,0.315,69.693,0.412,24.0,0.412,24,0.109,0.109,0.109,0.109
1,2023,2023091,54.0,538,Williams,69.678,70.001,0.07,0.393,0.07,0.393,69.789,0.323,24.0,0.323,24,0.232,0.2315,0.232,0.2315
1,2023,2023091,55.0,539,Williams,69.741,70.337,0.04,0.636,0.04,0.418,69.958,0.596,24.0,0.378,24,0.338,0.338,0.229,0.22899999999999998
1,2023,2023091,56.0,540,Williams,69.86,70.236,0.167,0.543,0.167,0.543,69.916,0.376,24.0,0.376,24,0.355,0.35500000000000004,0.355,0.35500000000000004
1,2023,2023091,57.0,541,Williams,71.637,70.084,1.854,0.301,0.185,0.301,70.137,-1.553,27.0,0.116,24,1.078,1.0775000000000001,0.243,0.243
1,2023,2023091,58.0,542,Williams,70.076,70.372,0.2,0.496,0.2,0.22,69.991,0.296,24.0,0.020,24,0.348,0.348,0.210,0.21000000000000002
1,2023,2023091,59.0,543,Williams,70.046,70.109,0.103,0.166,0.103,0.166,69.997,0.063,24.0,0.063,24,0.135,0.1345,0.135,0.1345
1,2023,2023091,60.0,544,Williams,69.953,70.062,0.016,0.125,0.016,0.125,69.937,0.109,24.0,0.109,24,0.071,0.07050000000000001,0.071,0.07050000000000001
1,2023,2023091,61.0,545,Williams,69.868,72.132,-0.056,2.208,-0.056,0.357,70.184,2.264,24.0,0.413,24,1.076,1.076,0.150,0.1505
1,2023,2023091,62.0,546,Williams,69.872,70.499,-0.097,0.53,-0.097,0.53,70.029,0.627,24.0,0.627,24,0.217,0.21650000000000003,0.217,0.21650000000000003
1,2023,2023091,63.0,547,Williams,71.221,70.287,1.133,0.199,-0.079,0.199,70.235,-0.934,27.0,0.278,24,0.666,0.666,0.060,0.060000000000000005
1,2023,2023091,64.0,548,Williams,70.146,70.379,-0.057,0.176,-0.057,0.176,70.364,0.233,24.0,0.233,24,0.059,0.0595,0.059,0.0595
1,2023,2023091,65.0,549,Williams,69.949,70.182,-0.262,-0.029,-0.262,-0.029,70.358,0.233,24.0,0.233,24,-0.146,-0.14550000000000002,-0.146,-0.14550000000000002
1,2023,2023091,66.0,550,Williams,70.123,70.294,-0.074,0.097,-0.074,0.097,70.33,0.171,24.0,0.171,24,0.012,0.011500000000000003,0.012,0.011500000000000003
1,2023,2023091,67.0,551,Williams,70.185,70.195,0.161,0.171,0.161,0.171,70.088,0.010,24.0,0.010,24,0.166,0.166,0.166,0.166
1,2023,2023091,68.0,552,Williams,69.9,70.193,-0.088,0.205,-0.088,0.205,70.136,0.293,24.0,0.293,24,0.058,0.058499999999999996,0.058,0.058499999999999996
1,2023,2023091,69.0,553,Williams,70.261,70.357,0.181,0.278,-0.026,0.278,70.143,0.097,24.0,0.304,24,0.230,0.2295,0.126,0.126
1,2023,2023091,70.0,554,Williams,70.207,70.501,0.216,0.51,0.216,0.51,69.991,0.294,24.0,0.294,24,0.363,0.363,0.363,0.363
1,2023,2023091,71.0,555,Williams,70.604,,0.971,,0.971,,69.633,-,-,-,,-,,-,
1,2023,2023101,1.0,556,Williams,,,,,,,,-,-,-,,-,,-,
1,2023,2023101,2.0,557,Williams,,,,,,,,-,-,-,,-,,-,
1,2023,2023101,3.0,558,Williams,93.809,94.577,-0.076,0.692,-0.076,0.692,93.885,0.768,24.0,0.768,24,0.308,0.308,0.308,0.308
1,2023,2023101,4.0,559,Williams,93.866,94.332,0.182,0.648,0.182,0.648,93.684,0.466,24.0,0.466,24,0.415,0.41500000000000004,0.415,0.41500000000000004
1,2023,2023101,5.0,560,Williams,93.86,94.842,-0.113,0.869,-0.113,0.371,94.175,0.982,24.0,0.484,24,0.378,0.378,0.129,0.129
1,2023,2023101,6.0,561,Williams,94.21,94.356,0.084,0.23,-0.146,0.23,94.277,0.146,24.0,0.376,24,0.157,0.157,0.042,0.04200000000000001
1,2023,2023101,7.0,562,Williams,94.099,94.581,0.053,0.535,0.053,0.535,94.091,0.482,24.0,0.482,24,0.294,0.29400000000000004,0.294,0.29400000000000004
1,2023,2023101,8.0,563,Williams,93.922,94.108,0.159,0.345,0.159,0.345,93.763,0.186,24.0,0.186,24,0.252,0.252,0.252,0.252
1,2023,2023101,9.0,564,Williams,93.731,93.94,0.154,0.363,0.154,0.363,93.577,0.209,24.0,0.209,24,0.259,0.2585,0.259,0.2585
1,2023,2023101,10.0,565,Williams,94.045,94.31,0.407,0.672,0.148,0.294,93.735,0.265,24.0,0.146,24,0.539,0.5395,0.221,0.22099999999999997
1,2023,2023101,11.0,566,Williams,93.842,93.925,0.204,0.287,0.204,0.287,93.646,0.083,24.0,0.083,24,0.245,0.2455,0.245,0.2455
1,2023,2023101,12.0,567,Williams,93.857,94.239,0.147,0.529,0.147,0.529,93.851,0.382,24.0,0.382,24,0.338,0.338,0.338,0.338
1,2023,2023101,13.0,568,Williams,93.751,94.329,0.04,0.618,0.04,0.618,93.721,0.578,24.0,0.578,24,0.329,0.329,0.329,0.329
1,2023,2023101,14.0,569,Williams,93.951,93.683,0.225,-0.043,0.042,-0.043,93.959,-0.268,27.0,-0.085,27,0.091,0.091,-0.000,-0.000499999999999997
1,2023,2023101,15.0,570,Williams,93.786,94.123,0.036,0.373,0.036,-0.023,93.772,0.337,24.0,-0.059,27,0.204,0.2045,0.006,0.006499999999999999
1,2023,2023101,16.0,571,Williams,94.343,93.771,0.813,0.241,0.216,0.241,93.562,-0.572,27.0,0.025,24,0.527,0.5269999999999999,0.228,0.22849999999999998
1,2023,2023101,17.0,572,Williams,93.707,93.728,0.355,0.376,0.355,0.376,93.363,0.021,24.0,0.021,24,0.365,0.3655,0.365,0.3655
1,2023,2023101,18.0,573,Williams,93.615,93.465,0.316,0.166,0.316,0.166,93.309,-0.150,27.0,-0.150,27,0.241,0.241,0.241,0.241
1,2023,2023101,19.0,574,Williams,93.654,93.573,0.377,0.296,0.377,0.296,93.341,-0.081,27.0,-0.081,27,0.337,0.3365,0.337,0.3365
1,2023,2023101,20.0,575,Williams,93.44,93.387,0.252,0.199,0.252,0.199,93.2,-0.053,27.0,-0.053,27,0.226,0.2255,0.226,0.2255
1,2023,2023101,21.0,576,Williams,93.195,93.458,0.008,0.271,0.008,0.271,93.195,0.263,24.0,0.263,24,0.140,0.1395,0.140,0.1395
1,2023,2023101,22.0,577,Williams,93.021,93.479,-0.074,0.384,-0.074,0.384,93.095,0.458,24.0,0.458,24,0.155,0.155,0.155,0.155
1,2023,2023101,23.0,578,Williams,93.117,93.212,0.077,0.172,0.077,0.172,93.084,0.095,24.0,0.095,24,0.124,0.1245,0.124,0.1245
1,2023,2023101,24.0,579,Williams,93.163,93.502,0.093,0.432,0.093,0.432,93.081,0.339,24.0,0.339,24,0.263,0.2625,0.263,0.2625
1,2023,2023101,25.0,580,Williams,93.374,93.508,0.259,0.393,0.054,0.393,93.202,0.134,24.0,0.339,24,0.326,0.326,0.224,0.2235
1,2023,2023101,26.0,581,Williams,93.175,93.553,0.039,0.417,0.039,0.417,93.171,0.378,24.0,0.378,24,0.228,0.22799999999999998,0.228,0.22799999999999998
1,2023,2023101,27.0,582,Williams,93.126,93.731,0.059,0.664,0.059,0.664,93.067,0.605,24.0,0.605,24,0.362,0.36150000000000004,0.362,0.36150000000000004
1,2023,2023101,28.0,583,Williams,93.084,93.49,0.076,0.482,0.076,0.482,93.008,0.406,24.0,0.406,24,0.279,0.27899999999999997,0.279,0.27899999999999997
1,2023,2023101,29.0,584,Williams,92.869,,0.026,,0.026,,92.843,-,-,-,,-,0.09733333333333333,-,0.09733333333333333
1,2023,2023101,30.0,585,Williams,92.882,,0.156,,0.156,,92.739,-,-,-,,-,-0.08433333333333332,-,-0.08433333333333332
1,2023,2023101,31.0,586,Williams,92.816,91.994,0.145,-0.677,0.145,-0.677,92.684,-0.822,27.0,-0.822,27,-0.266,-0.266,-0.266,-0.266
1,2023,2023101,32.0,587,Williams,,,,,,,92.39,-,-,-,,-,-0.19372222222222224,-,-0.19372222222222224
1,2023,2023101,33.0,588,Williams,,,,,,,,-,-,-,,-,-0.12144444444444444,-,-0.12144444444444444
1,2023,2023101,34.0,589,Williams,,,,,,,,-,-,-,,-,-0.049166666666666636,-,-0.049166666666666636
1,2023,2023101,35.0,590,Williams,,,,,,,,-,-,-,,-,,-,
1,2023,2023101,36.0,591,Williams,,,,,,,,-,-,-,,-,,-,
1,2023,2023101,37.0,592,Williams,,,,,,,,-,-,-,,-,,-,
1,2023,2023101,38.0,593,Williams,,,,,,,,-,-,-,,-,,-,
1,2023,2023101,39.0,594,Williams,,,,,,,,-,-,-,,-,,-,
1,2023,2023101,40.0,595,Williams,92.176,92.949,-0.002,0.771,-0.002,0.771,92.178,0.773,24.0,0.773,24,0.385,0.3845,0.385,0.3845
1,2023,2023101,41.0,596,Williams,91.273,91.84,-0.325,0.243,-0.325,0.243,91.637,0.568,24.0,0.568,24,-0.041,-0.04100000000000001,-0.041,-0.04100000000000001
1,2023,2023101,42.0,597,Williams,91.879,91.699,0.312,0.132,-0.055,0.132,91.626,-0.180,27.0,0.187,24,0.222,0.222,0.039,0.038500000000000006
1,2023,2023101,43.0,598,Williams,91.752,91.743,0.012,0.003,0.012,0.003,91.756,-0.009,27.0,-0.009,27,0.007,0.0075,0.007,0.0075
1,2023,2023101,44.0,599,Williams,92.057,92.849,0.041,0.833,0.041,0.218,92.414,0.792,24.0,0.177,24,0.437,0.437,0.130,0.1295
1,2023,2023101,45.0,600,Williams,92.146,92.724,-0.173,0.405,-0.173,0.405,92.407,0.578,24.0,0.578,24,0.116,0.11600000000000002,0.116,0.11600000000000002
1,2023,2023101,46.0,601,Williams,92.116,92.421,0.158,0.463,0.158,0.463,92.032,0.305,24.0,0.305,24,0.310,0.3105,0.310,0.3105
1,2023,2023101,47.0,602,Williams,91.537,91.868,-0.171,0.16,-0.171,0.16,91.73,0.331,24.0,0.331,24,-0.006,-0.005500000000000005,-0.006,-0.005500000000000005
1,2023,2023101,48.0,603,Williams,91.466,91.71,-0.112,0.132,-0.112,0.132,91.591,0.244,24.0,0.244,24,0.010,0.010000000000000002,0.010,0.010000000000000002
1,2023,2023101,49.0,604,Williams,91.912,91.873,0.154,0.115,-0.095,0.115,91.825,-0.039,27.0,0.210,24,0.135,0.1345,0.010,0.010000000000000002
1,2023,2023101,50.0,605,Williams,91.86,92.085,0.045,0.27,0.045,0.27,91.868,0.225,24.0,0.225,24,0.158,0.1575,0.158,0.1575
1,2023,2023101,51.0,606,Williams,91.93,91.956,0.153,0.179,0.153,0.179,91.802,0.026,24.0,0.026,24,0.166,0.16599999999999998,0.166,0.16599999999999998
1,2023,2023101,52.0,607,Williams,91.809,91.984,0.025,0.2,0.025,0.2,91.784,0.175,24.0,0.175,24,0.113,0.1125,0.113,0.1125
1,2023,2023111,1.0,608,Williams,,,,,,,,-,-,-,,-,,-,
1,2023,2023111,2.0,609,Williams,,,,,,,,-,-,-,,-,,-,
1,2023,2023111,3.0,610,Williams,86.796,86.826,0.627,0.657,0.627,0.657,86.169,0.030,24.0,0.030,24,0.642,0.642,0.642,0.642
1,2023,2023111,4.0,611,Williams,86.238,86.514,0.552,0.828,0.552,0.828,85.686,0.276,24.0,0.276,24,0.690,0.69,0.690,0.69
1,2023,2023111,5.0,612,Williams,86.354,86.413,0.642,0.701,0.642,0.701,85.752,0.059,24.0,0.059,24,0.671,0.6715,0.671,0.6715
1,2023,2023111,6.0,613,Williams,86.085,86.184,0.495,0.594,0.495,0.594,85.59,0.099,24.0,0.099,24,0.544,0.5445,0.544,0.5445
1,2023,2023111,7.0,614,Williams,85.884,86.102,0.328,0.546,0.328,0.546,85.569,0.218,24.0,0.218,24,0.437,0.43700000000000006,0.437,0.43700000000000006
1,2023,2023111,8.0,615,Williams,,86.042,,0.382,,0.382,85.744,-,-,-,,-,0.45483333333333337,-,0.45483333333333337
1,2023,2023111,9.0,616,Williams,,86.047,,0.46,,0.46,85.669,-,-,-,,-,0.4726666666666667,-,0.4726666666666667
1,2023,2023111,10.0,617,Williams,85.801,86.02,0.381,0.6,0.381,0.6,85.42,0.219,24.0,0.219,24,0.490,0.4905,0.490,0.4905
1,2023,2023111,11.0,618,Williams,84.834,85.62,-0.357,0.429,-0.357,0.429,85.218,0.786,24.0,0.786,24,0.036,0.036000000000000004,0.036,0.036000000000000004
1,2023,2023111,12.0,619,Williams,85.189,85.699,0.018,0.528,-0.215,0.528,85.184,0.510,24.0,0.743,24,0.273,0.273,0.157,0.15650000000000003
1,2023,2023111,13.0,620,Williams,85.078,,-0.107,,-0.107,,85.2,-,-,-,,-,0.20183333333333336,-,0.12416666666666668
1,2023,2023111,14.0,621,Williams,85.096,,-0.022,,-0.022,,85.149,-,-,-,,-,0.13066666666666668,-,0.09183333333333334
1,2023,2023111,15.0,622,Williams,85.205,85.2,0.062,0.057,0.062,0.057,85.275,-0.005,27.0,-0.005,27,0.059,0.0595,0.059,0.0595
1,2023,2023111,16.0,623,Williams,85.546,85.241,0.506,0.201,0.306,0.201,85.136,-0.305,27.0,-0.105,27,0.354,0.35350000000000004,0.254,0.2535
1,2023,2023111,17.0,624,Williams,85.487,85.235,0.346,0.094,0.346,0.094,85.185,-0.252,27.0,-0.252,27,0.220,0.21999999999999997,0.220,0.21999999999999997
1,2023,2023111,18.0,625,Williams,85.845,85.31,0.695,0.16,0.365,0.16,85.33,-0.535,27.0,-0.205,27,0.427,0.4275,0.263,0.2625
1,2023,2023111,19.0,626,Williams,85.543,85.199,0.54,0.196,0.54,0.196,85.075,-0.344,27.0,-0.344,27,0.368,0.368,0.368,0.368
1,2023,2023111,20.0,627,Williams,85.093,84.883,0.324,0.114,0.324,0.114,84.86,-0.210,27.0,-0.210,27,0.219,0.219,0.219,0.219
1,2023,2023111,21.0,628,Williams,85.826,85.668,0.831,0.673,0.831,0.673,84.995,-0.158,27.0,-0.158,27,0.752,0.752,0.752,0.752
1,2023,2023111,22.0,629,Williams,85.84,85.999,0.741,0.9,0.741,0.61,85.243,0.159,24.0,-0.131,27,0.821,0.8205,0.675,0.6755
1,2023,2023111,23.0,630,Williams,86.077,85.749,0.936,0.608,0.649,0.608,85.219,-0.328,27.0,-0.041,27,0.772,0.772,0.629,0.6285000000000001
1,2023,2023111,24.0,631,Williams,85.74,86.1,0.589,0.949,0.589,0.684,85.167,0.360,24.0,0.095,24,0.769,0.7689999999999999,0.637,0.6365000000000001
1,2023,2023111,25.0,632,Williams,85.585,85.92,0.569,0.904,0.569,0.904,85.18,0.335,24.0,0.335,24,0.736,0.7364999999999999,0.736,0.7364999999999999
1,2023,2023111,26.0,633,Williams,85.612,86.1,0.59,1.078,0.59,1.078,85.04,0.488,24.0,0.488,24,0.834,0.8340000000000001,0.834,0.8340000000000001
1,2023,2023111,27.0,634,Williams,85.69,86.187,0.486,0.983,0.486,0.983,85.426,0.497,24.0,0.497,24,0.734,0.7344999999999999,0.734,0.7344999999999999
1,2023,2023111,28.0,635,Williams,85.624,86.131,0.441,0.948,0.441,0.948,85.204,0.507,24.0,0.507,24,0.695,0.6945,0.695,0.6945
1,2023,2023111,29.0,636,Williams,85.592,85.998,0.657,1.063,0.657,1.063,85.063,0.406,24.0,0.406,24,0.860,0.86,0.860,0.86
1,2023,2023111,30.0,637,Williams,85.482,86.346,0.607,1.471,0.607,1.229,84.959,0.864,24.0,0.622,24,1.039,1.0390000000000001,0.918,0.918
1,2023,2023111,31.0,638,Williams,,86.21,,1.471,,1.471,84.795,-,-,-,,-,0.8656666666666668,-,0.785
1,2023,2023111,32.0,639,Williams,,86.343,,1.61,,1.477,84.793,-,-,-,,-,0.6923333333333335,-,0.652
1,2023,2023111,33.0,640,Williams,84.37,86.21,-0.401,1.439,-0.401,1.439,84.778,1.840,24.0,1.840,24,0.519,0.519,0.519,0.519
1,2023,2023111,34.0,641,Williams,84.258,,-0.402,,-0.402,,84.724,-,-,-,,-,0.15200000000000002,-,0.15200000000000002
1,2023,2023111,35.0,642,Williams,84.884,,0.234,,-0.304,,84.95,-,-,-,,-,-0.21499999999999997,-,-0.21499999999999997
1,2023,2023111,36.0,643,Williams,84.434,83.496,-0.113,-1.051,-0.113,-1.051,84.562,-0.938,27.0,-0.938,27,-0.582,-0.582,-0.582,-0.582
1,2023,2023111,37.0,644,Williams,85.247,84.024,0.603,-0.62,0.133,-0.62,84.67,-1.223,27.0,-0.753,27,-0.009,-0.008500000000000008,-0.243,-0.2435
1,2023,2023111,38.0,645,Williams,85.119,84.102,0.457,-0.56,0.457,-0.56,84.857,-1.017,27.0,-1.017,27,-0.052,-0.05150000000000002,-0.052,-0.05150000000000002
1,2023,2023111,39.0,646,Williams,84.816,84.466,0.1,-0.25,0.1,-0.25,84.776,-0.350,27.0,-0.350,27,-0.075,-0.075,-0.075,-0.075
1,2023,2023111,40.0,647,Williams,86.028,84.618,1.325,-0.085,-0.017,-0.085,84.854,-1.410,27.0,-0.068,27,0.620,0.62,-0.051,-0.051000000000000004
1,2023,2023111,41.0,648,Williams,84.557,84.565,0.054,0.062,0.054,0.062,84.53,0.008,24.0,0.008,24,0.058,0.057999999999999996,0.058,0.057999999999999996
1,2023,2023111,42.0,649,Williams,84.572,84.478,0.192,0.098,0.192,0.098,84.494,-0.094,27.0,-0.094,27,0.145,0.14500000000000002,0.145,0.14500000000000002
1,2023,2023111,43.0,650,Williams,84.329,84.826,-0.101,0.396,-0.101,0.396,84.454,0.497,24.0,0.497,24,0.148,0.14750000000000002,0.148,0.14750000000000002
1,2023,2023111,44.0,651,Williams,84.415,84.73,0.401,0.716,0.401,0.716,84.065,0.315,24.0,0.315,24,0.558,0.5585,0.558,0.5585
1,2023,2023111,45.0,652,Williams,84.444,84.307,0.527,0.39,0.527,0.39,83.954,-0.137,27.0,-0.137,27,0.459,0.4585,0.459,0.4585
1,2023,2023111,46.0,653,Williams,84.608,84.41,0.829,0.631,0.829,0.631,83.779,-0.198,27.0,-0.198,27,0.730,0.73,0.730,0.73
1,2023,2023111,47.0,654,Williams,84.138,84.297,0.351,0.51,0.351,0.51,84.095,0.159,24.0,0.159,24,0.430,0.4305,0.430,0.4305
1,2023,2023111,48.0,655,Williams,84.505,84.023,0.875,0.393,0.597,0.393,83.646,-0.482,27.0,-0.204,27,0.634,0.634,0.495,0.495
1,2023,2023111,49.0,656,Williams,84.317,84.141,0.772,0.596,0.772,0.596,83.575,-0.176,27.0,-0.176,27,0.684,0.6839999999999999,0.684,0.6839999999999999
1,2023,2023111,50.0,657,Williams,84.246,83.896,0.728,0.378,0.728,0.378,83.518,-0.350,27.0,-0.350,27,0.553,0.5529999999999999,0.553,0.5529999999999999
1,2023,2023111,51.0,658,Williams,84.078,86.518,0.61,3.05,0.61,0.485,83.727,2.440,24.0,-0.125,27,1.830,1.8299999999999998,0.547,0.5475
1,2023,2023111,52.0,659,Williams,84.053,84.01,0.586,0.543,0.586,0.543,83.497,-0.043,27.0,-0.043,27,0.565,0.5645,0.565,0.5645
1,2023,2023111,53.0,660,Williams,84.342,84.221,0.967,0.846,0.677,0.846,83.659,-0.121,27.0,0.169,24,0.906,0.9065,0.762,0.7615000000000001
1,2023,2023111,54.0,661,Williams,84.051,84.226,0.717,0.892,0.717,0.892,83.46,0.175,24.0,0.175,24,0.804,0.8045,0.804,0.8045
1,2023,2023111,55.0,662,Williams,84.054,84.052,0.534,0.532,0.534,0.532,83.63,-0.002,27.0,-0.002,27,0.533,0.533,0.533,0.533
1,2023,2023111,56.0,663,Williams,84.193,84.311,0.551,0.669,0.551,0.669,83.848,0.118,24.0,0.118,24,0.610,0.6100000000000001,0.610,0.6100000000000001
1,2023,2023111,57.0,664,Williams,84.194,84.396,0.408,0.61,0.408,0.61,84.099,0.202,24.0,0.202,24,0.509,0.509,0.509,0.509
1,2023,2023111,58.0,665,Williams,85.899,84.761,1.996,0.858,0.281,0.858,84.017,-1.138,27.0,0.577,24,1.427,1.427,0.570,0.5695
1,2023,2023111,59.0,666,Williams,84.175,84.128,0.499,0.452,0.499,0.452,83.736,-0.047,27.0,-0.047,27,0.476,0.47550000000000003,0.476,0.47550000000000003
1,2023,2023111,60.0,667,Williams,84.353,84.963,0.588,1.198,0.588,1.198,84.122,0.610,24.0,0.610,24,0.893,0.893,0.893,0.893
1,2023,2023111,61.0,668,Williams,84.277,86.287,0.419,2.43,0.419,2.43,83.884,2.011,24.0,2.011,24,1.425,1.4245,1.425,1.4245
1,2023,2023111,62.0,669,Williams,84.264,86.629,0.385,2.75,0.385,2.75,83.954,2.365,24.0,2.365,24,1.567,1.5675,1.567,1.5675
1,2023,2023111,63.0,670,Williams,84.21,84.506,0.375,0.671,0.375,0.671,83.835,0.296,24.0,0.296,24,0.523,0.523,0.523,0.523
1,2023,2023111,64.0,671,Williams,84.067,84.798,0.164,0.895,0.164,0.895,84.265,0.731,24.0,0.731,24,0.529,0.5295,0.529,0.5295
1,2023,2023111,65.0,672,Williams,84.057,85.981,0.107,2.031,0.107,0.906,84.274,1.924,24.0,0.799,24,1.069,1.0690000000000002,0.507,0.5065000000000001
1,2023,2023111,66.0,673,Williams,84.265,84.913,0.481,1.129,0.481,1.129,83.917,0.648,24.0,0.648,24,0.805,0.8049999999999999,0.805,0.8049999999999999
1,2023,2023111,67.0,674,Williams,84.103,,0.469,,0.469,,83.805,-,-,-,,-,,-,
1,2023,2023111,68.0,675,Williams,84.07,,0.439,,0.439,,83.723,-,-,-,,-,,-,
1,2023,2023111,69.0,676,Williams,84.137,,-0.018,,-0.018,,84.155,-,-,-,,-,,-,
1,2023,2023121,1.0,677,Williams,,,,,,,,-,-,-,,-,,-,
1,2023,2023121,2.0,678,Williams,,,,,,,,-,-,-,,-,,-,
1,2023,2023121,3.0,679,Williams,113.907,114.142,-0.174,0.061,-0.174,0.061,114.081,0.235,24.0,0.235,24,-0.056,-0.056499999999999995,-0.056,-0.056499999999999995
1,2023,2023121,4.0,680,Williams,115.004,114.152,0.645,-0.207,0.645,-0.207,114.463,-0.852,27.0,-0.852,27,0.219,0.21900000000000003,0.219,0.21900000000000003
1,2023,2023121,5.0,681,Williams,115.653,115.729,1.008,1.084,1.008,1.084,114.755,0.076,24.0,0.076,24,1.046,1.046,1.046,1.046
1,2023,2023121,6.0,682,Williams,114.309,115.947,-0.263,1.375,-0.263,1.375,114.625,1.638,24.0,1.638,24,0.556,0.556,0.556,0.556
1,2023,2023121,7.0,683,Williams,,115.4,,1.841,,1.841,113.559,-,-,-,,-,0.276,-,0.276
1,2023,2023121,8.0,684,Williams,,,,,,,113.29,-,-,-,,-,-0.0040000000000000036,-,-0.0040000000000000036
1,2023,2023121,9.0,685,Williams,111.937,,-1.328,,-1.328,,113.294,-,-,-,,-,-0.28400000000000003,-,-0.28400000000000003
1,2023,2023121,10.0,686,Williams,111.774,113.736,-1.545,0.417,-1.545,0.417,113.489,1.962,24.0,1.962,24,-0.564,-0.564,-0.564,-0.564
1,2023,2023121,11.0,687,Williams,113.93,114.844,0.469,1.383,-0.666,1.383,113.563,0.914,24.0,2.049,24,0.926,0.9259999999999999,0.358,0.3585
1,2023,2023121,12.0,688,Williams,113.815,115.497,0.254,1.936,0.254,1.936,113.67,1.682,24.0,1.682,24,1.095,1.095,1.095,1.095
1,2023,2023121,13.0,689,Williams,113.705,114.596,-0.071,0.82,-0.071,0.82,113.843,0.891,24.0,0.891,24,0.374,0.3745,0.374,0.3745
1,2023,2023121,14.0,690,Williams,113.822,114.962,0.047,1.187,0.047,1.187,113.775,1.140,24.0,1.140,24,0.617,0.617,0.617,0.617
1,2023,2023121,15.0,691,Williams,114.522,115.749,0.51,1.737,0.51,1.737,114.478,1.227,24.0,1.227,24,1.123,1.1235,1.123,1.1235
1,2023,2023121,16.0,692,Williams,115.068,113.822,1.206,-0.04,1.206,-0.04,113.969,-1.246,27.0,-1.246,27,0.583,0.583,0.583,0.583
1,2023,2023121,17.0,693,Williams,114.996,114.913,1.03,0.947,1.03,0.947,113.966,-0.083,27.0,-0.083,27,0.988,0.9884999999999999,0.988,0.9884999999999999
1,2023,2023121,18.0,694,Williams,114.701,115.069,0.54,0.908,0.54,0.908,114.161,0.368,24.0,0.368,24,0.724,0.724,0.724,0.724
1,2023,2023121,19.0,695,Williams,115.183,114.603,0.68,0.1,0.68,0.1,114.567,-0.580,27.0,-0.580,27,0.390,0.39,0.390,0.39
1,2023,2023121,20.0,696,Williams,116.307,115.579,0.938,0.21,0.302,0.21,115.623,-0.728,27.0,-0.092,27,0.574,0.574,0.256,0.256
1,2023,2023121,21.0,697,Williams,116.16,115.771,0.172,-0.217,0.172,-0.217,116.278,-0.389,27.0,-0.389,27,-0.023,-0.022500000000000006,-0.023,-0.022500000000000006
1,2023,2023121,22.0,698,Williams,115.435,115.602,-0.62,-0.453,-0.62,-0.453,116.559,0.167,24.0,0.167,24,-0.536,-0.5365,-0.536,-0.5365
1,2023,2023121,23.0,699,Williams,,114.853,,1.041,,1.041,113.812,-,-,-,,-,-0.470375,-,-0.470375
1,2023,2023121,24.0,700,Williams,,,,,,,112.36,-,-,-,,-,-0.40425,-,-0.40425
1,2023,2023121,25.0,701,Williams,111.432,,-0.115,,-0.115,,111.581,-,-,-,,-,-0.338125,-,-0.338125
1,2023,2023121,26.0,702,Williams,111.563,110.667,0.176,-0.72,0.176,-0.72,111.43,-0.896,27.0,-0.896,27,-0.272,-0.272,-0.272,-0.272
1,2023,2023121,27.0,703,Williams,111.888,111.329,0.394,-0.165,0.394,-0.165,111.507,-0.559,27.0,-0.559,27,0.115,0.1145,0.115,0.1145
1,2023,2023121,28.0,704,Williams,112.076,111.821,0.317,0.062,0.317,0.062,111.759,-0.255,27.0,-0.255,27,0.190,0.1895,0.190,0.1895
1,2023,2023121,29.0,705,Williams,112.691,112.192,0.856,0.357,0.856,0.357,111.986,-0.499,27.0,-0.499,27,0.607,0.6065,0.607,0.6065
1,2023,2023121,30.0,706,Williams,113.203,112.727,1.18,0.704,1.18,0.704,112.111,-0.476,27.0,-0.476,27,0.942,0.942,0.942,0.942
1,2023,2023121,31.0,707,Williams,112.731,112.285,0.729,0.283,0.729,0.283,112.015,-0.446,27.0,-0.446,27,0.506,0.506,0.506,0.506
1,2023,2023121,32.0,708,Williams,114.306,112.6,2.295,0.589,2.295,0.589,112.011,-1.706,27.0,-1.706,27,1.442,1.442,1.442,1.442
1,2023,2023121,33.0,709,Williams,,113.556,,1.628,,1.628,111.997,-,-,-,,-,0.7197499999999999,-,0.7197499999999999
1,2023,2023121,34.0,710,Williams,,,,,,,111.987,-,-,-,,-,-0.0025000000000001688,-,-0.0025000000000001688
1,2023,2023121,35.0,711,Williams,109.841,,-2.129,,-2.129,,112.07,-,-,-,,-,-0.7247500000000004,-,-0.7247500000000004
1,2023,2023121,36.0,712,Williams,110.82,110.236,-1.155,-1.739,-1.155,-1.739,112.001,-0.584,27.0,-0.584,27,-1.447,-1.447,-1.447,-1.447
1,2023,2023121,37.0,713,Williams,111.065,110.486,-0.858,-1.437,-0.858,-1.437,111.937,-0.579,27.0,-0.579,27,-1.147,-1.1475,-1.147,-1.1475
1,2023,2023121,38.0,714,Williams,111.575,110.818,-0.407,-1.164,-0.407,-1.164,112.061,-0.757,27.0,-0.757,27,-0.785,-0.7855,-0.785,-0.7855
1,2023,2023121,39.0,715,Williams,112.918,111.513,0.767,-0.638,0.011,-0.638,112.227,-1.405,27.0,-0.649,27,0.065,0.0645,-0.314,-0.3135
1,2023,2023121,40.0,716,Williams,112.75,112.082,0.514,-0.154,0.514,-0.154,112.355,-0.668,27.0,-0.668,27,0.180,0.18,0.180,0.18
1,2023,2023121,41.0,717,Williams,112.064,111.581,0.012,-0.471,0.012,-0.471,112.167,-0.483,27.0,-0.483,27,-0.229,-0.22949999999999998,-0.229,-0.22949999999999998
1,2023,2023121,42.0,718,Williams,112.918,112.364,0.767,0.213,0.767,0.213,112.568,-0.554,27.0,-0.554,27,0.490,0.49,0.490,0.49
1,2023,2023121,43.0,719,Williams,111.14,111.241,-1.037,-0.936,-1.037,-0.936,112.177,0.101,24.0,0.101,24,-0.986,-0.9864999999999999,-0.986,-0.9864999999999999
1,2023,2023121,44.0,720,Williams,111.451,112.59,-0.671,0.468,-0.671,0.468,112.122,1.139,24.0,1.139,24,-0.102,-0.1015,-0.102,-0.1015
1,2023,2023131,1.0,721,Williams,,,,,,,,-,-,-,,-,,-,
1,2023,2023131,2.0,722,Williams,,,,,,,,-,-,-,,-,,-,
1,2023,2023131,3.0,723,Williams,110.236,116.188,9.999,15.951,9.999,15.951,100.237,5.952,24.0,5.952,24,12.975,12.975000000000001,12.975,12.975000000000001
1,2023,2023131,4.0,724,Williams,108.341,108.687,15.164,15.51,15.164,15.51,93.177,0.346,24.0,0.346,24,15.337,15.337,15.337,15.337
1,2023,2023131,5.0,725,Williams,101.277,103.016,12.379,14.118,12.379,14.118,88.898,1.739,24.0,1.739,24,13.248,13.2485,13.248,13.2485
1,2023,2023131,6.0,726,Williams,94.451,98.379,7.683,11.611,7.683,11.611,86.859,3.928,24.0,3.928,24,9.647,9.647,9.647,9.647
1,2023,2023131,7.0,727,Williams,86.74,93.965,1.257,8.482,1.257,8.482,85.664,7.225,24.0,7.225,24,4.869,4.8694999999999995,4.869,4.8694999999999995
1,2023,2023131,8.0,728,Williams,82.359,89.878,-2.268,5.251,-2.268,5.251,84.703,7.519,24.0,7.519,24,1.492,1.4915000000000003,1.492,1.4915000000000003
1,2023,2023131,9.0,729,Williams,79.783,84.26,-4.182,0.295,-4.182,0.295,84.07,4.477,24.0,4.477,24,-1.944,-1.9435000000000002,-1.944,-1.9435000000000002
1,2023,2023131,10.0,730,Williams,80.383,81.081,-1.528,-0.83,-3.09,-0.83,82.085,0.698,24.0,2.260,24,-1.179,-1.179,-1.960,-1.96
1,2023,2023131,11.0,731,Williams,77.859,79.797,-1.673,0.265,-1.673,0.265,79.532,1.938,24.0,1.938,24,-0.704,-0.704,-0.704,-0.704
1,2023,2023131,12.0,732,Williams,77.102,78.688,-0.977,0.609,-0.977,0.609,78.079,1.586,24.0,1.586,24,-0.184,-0.184,-0.184,-0.184
1,2023,2023131,13.0,733,Williams,77.082,77.399,-0.436,-0.119,-0.436,-0.119,77.541,0.317,24.0,0.317,24,-0.277,-0.27749999999999997,-0.277,-0.27749999999999997
1,2023,2023131,14.0,734,Williams,77.315,77.824,-0.029,0.48,-0.029,0.48,77.344,0.509,24.0,0.509,24,0.225,0.22549999999999998,0.225,0.22549999999999998
1,2023,2023131,15.0,735,Williams,77.544,,0.119,,0.119,,77.425,-,-,-,,-,,-,
1,2023,2023131,16.0,736,Williams,,,,,,,,-,-,-,,-,,-,
1,2023,2023131,17.0,737,Williams,,,,,,,,-,-,-,,-,,-,
1,2023,2023131,18.0,738,Williams,,,,,,,,-,-,-,,-,,-,
1,2023,2023131,19.0,739,Williams,,,,,,,,-,-,-,,-,,-,
1,2023,2023131,20.0,740,Williams,,,,,,,,-,-,-,,-,,-,
1,2023,2023131,21.0,741,Williams,,,,,,,,-,-,-,,-,,-,
1,2023,2023131,22.0,742,Williams,,,,,,,,-,-,-,,-,,-,
1,2023,2023131,23.0,743,Williams,77.043,,-0.573,,-0.573,,77.616,-,-,-,,-,,-,
1,2023,2023131,24.0,744,Williams,77.04,,-0.045,,-0.045,,77.085,-,-,-,,-,,-,
1,2023,2023131,25.0,745,Williams,76.228,,-0.815,,-0.815,,77.082,-,-,-,,-,,-,
1,2023,2023131,26.0,746,Williams,76.391,,-0.52,,-0.52,,77.115,-,-,-,,-,,-,
1,2023,2023131,27.0,747,Williams,76.754,,-0.151,,-0.483,,76.943,-,-,-,,-,,-,
1,2023,2023131,28.0,748,Williams,76.452,,-0.399,,-0.399,,76.873,-,-,-,,-,,-,
1,2023,2023131,29.0,749,Williams,76.3,,-0.464,,-0.464,,76.797,-,-,-,,-,,-,
1,2023,2023131,30.0,750,Williams,76.402,,-0.321,,-0.321,,76.78,-,-,-,,-,,-,
1,2023,2023131,31.0,751,Williams,76.175,,-0.655,,-0.655,,76.891,-,-,-,,-,,-,
1,2023,2023131,32.0,752,Williams,76.148,,-0.58,,-0.58,,76.747,-,-,-,,-,,-,
1,2023,2023131,33.0,753,Williams,76.336,,-0.302,,-0.302,,76.638,-,-,-,,-,,-,
1,2023,2023131,34.0,754,Williams,76.377,,-0.233,,-0.233,,76.65,-,-,-,,-,,-,
1,2023,2023131,35.0,755,Williams,76.211,,-0.279,,-0.279,,76.49,-,-,-,,-,,-,
1,2023,2023131,36.0,756,Williams,76.252,,-0.099,,-0.099,,76.402,-,-,-,,-,,-,
1,2023,2023131,37.0,757,Williams,76.167,,0.004,,0.004,,76.163,-,-,-,,-,,-,
1,2023,2023131,38.0,758,Williams,76.196,,0.014,,0.014,,76.278,-,-,-,,-,,-,
1,2023,2023131,39.0,759,Williams,76.219,,-0.047,,-0.047,,76.306,-,-,-,,-,,-,
1,2023,2023131,40.0,760,Williams,76.207,,-0.051,,-0.051,,76.267,-,-,-,,-,,-,
1,2023,2023131,41.0,761,Williams,76.484,,0.228,,0.228,,76.417,-,-,-,,-,,-,
1,2023,2023131,42.0,762,Williams,76.27,,0.026,,0.026,,76.361,-,-,-,,-,,-,
1,2023,2023131,43.0,763,Williams,76.364,,0.289,,0.289,,76.075,-,-,-,,-,,-,
1,2023,2023131,44.0,764,Williams,,,,,,,75.983,-,-,-,,-,,-,
1,2023,2023131,45.0,765,Williams,,,,,,,76.261,-,-,-,,-,,-,
1,2023,2023131,46.0,766,Williams,75.363,,-0.542,,-0.542,,76.07,-,-,-,,-,,-,
1,2023,2023131,47.0,767,Williams,75.019,,-0.617,,-0.617,,75.735,-,-,-,,-,,-,
1,2023,2023131,48.0,768,Williams,75.265,,-0.068,,-0.257,,75.425,-,-,-,,-,,-,
1,2023,2023131,49.0,769,Williams,75.132,,-0.115,,-0.115,,75.247,-,-,-,,-,,-,
1,2023,2023131,50.0,770,Williams,75.024,,-0.125,,-0.125,,75.214,-,-,-,,-,,-,
1,2023,2023131,51.0,771,Williams,74.917,,-0.097,,-0.097,,75.014,-,-,-,,-,,-,
1,2023,2023131,52.0,772,Williams,76.367,,1.219,,0.009,,75.556,-,-,-,,-,,-,
1,2023,2023131,53.0,773,Williams,75.396,,0.095,,0.095,,75.39,-,-,-,,-,,-,
1,2023,2023131,54.0,774,Williams,75.082,,-0.139,,-0.139,,75.316,-,-,-,,-,,-,
1,2023,2023131,55.0,775,Williams,74.468,,-0.673,,-0.673,,75.208,-,-,-,,-,,-,
1,2023,2023131,56.0,776,Williams,74.816,,-0.32,,-0.547,,75.319,-,-,-,,-,,-,
1,2023,2023131,57.0,777,Williams,74.71,,-0.456,,-0.456,,75.201,-,-,-,,-,,-,
1,2023,2023131,58.0,778,Williams,74.613,,-0.573,,-0.573,,75.24,-,-,-,,-,,-,
1,2023,2023131,59.0,779,Williams,74.483,,-0.857,,-0.857,,75.34,-,-,-,,-,,-,
1,2023,2023131,60.0,780,Williams,76.861,,1.17,,1.17,,75.691,-,-,-,,-,,-,
1,2023,2023131,61.0,781,Williams,,,,,,,84.075,-,-,-,,-,,-,
1,2023,2023131,62.0,782,Williams,,,,,,,84.152,-,-,-,,-,,-,
1,2023,2023131,63.0,783,Williams,,,,,,,,-,-,-,,-,,-,
1,2023,2023131,64.0,784,Williams,,,,,,,,-,-,-,,-,,-,
1,2023,2023131,65.0,785,Williams,,,,,,,,-,-,-,,-,,-,
1,2023,2023131,66.0,786,Williams,,,,,,,,-,-,-,,-,,-,
1,2023,2023131,67.0,787,Williams,,,,,,,,-,-,-,,-,,-,
1,2023,2023131,68.0,788,Williams,85.116,,0.314,,0.314,,84.802,-,-,-,,-,,-,
1,2023,2023131,69.0,789,Williams,82.887,,-0.059,,-0.059,,82.946,-,-,-,,-,,-,
1,2023,2023131,70.0,790,Williams,82.401,,-0.065,,-0.065,,82.466,-,-,-,,-,,-,
1,2023,2023131,71.0,791,Williams,82.247,,0.064,,0.064,,82.26,-,-,-,,-,,-,
1,2023,2023131,72.0,792,Williams,82.496,,-0.035,,-0.035,,82.531,-,-,-,,-,,-,
1,2023,2023141,1.0,793,Williams,,,,,,,,-,-,-,,-,,-,
1,2023,2023141,2.0,794,Williams,,,,,,,,-,-,-,,-,,-,
1,2023,2023141,3.0,795,Williams,86.578,87.647,-0.611,0.458,-0.611,0.458,87.189,1.069,24.0,1.069,24,-0.076,-0.07649999999999998,-0.076,-0.07649999999999998
1,2023,2023141,4.0,796,Williams,86.684,87.389,-0.326,0.379,-0.326,0.379,87.054,0.705,24.0,0.705,24,0.026,0.026499999999999996,0.026,0.026499999999999996
1,2023,2023141,5.0,797,Williams,86.868,87.17,-0.14,0.162,-0.14,0.162,87.047,0.302,24.0,0.302,24,0.011,0.010999999999999996,0.011,0.010999999999999996
1,2023,2023141,6.0,798,Williams,86.661,87.135,-0.317,0.157,-0.317,0.157,87.008,0.474,24.0,0.474,24,-0.080,-0.08,-0.080,-0.08
1,2023,2023141,7.0,799,Williams,86.773,87.251,-0.163,0.315,-0.163,0.315,86.936,0.478,24.0,0.478,24,0.076,0.076,0.076,0.076
1,2023,2023141,8.0,800,Williams,86.676,87.233,-0.228,0.329,-0.228,0.329,86.966,0.557,24.0,0.557,24,0.051,0.0505,0.051,0.0505
1,2023,2023141,9.0,801,Williams,86.838,87.459,-0.249,0.372,-0.249,0.372,87.115,0.621,24.0,0.621,24,0.061,0.0615,0.061,0.0615
1,2023,2023141,10.0,802,Williams,87.305,87.685,0.091,0.471,0.091,0.471,87.246,0.380,24.0,0.380,24,0.281,0.28099999999999997,0.281,0.28099999999999997
1,2023,2023141,11.0,803,Williams,87.389,87.804,0.039,0.454,0.039,0.454,87.416,0.415,24.0,0.415,24,0.246,0.2465,0.246,0.2465
1,2023,2023141,12.0,804,Williams,87.533,88.694,0.201,1.362,0.201,0.47,87.536,1.161,24.0,0.269,24,0.782,0.7815000000000001,0.336,0.3355
1,2023,2023141,13.0,805,Williams,87.676,87.799,0.363,0.486,0.363,0.486,87.33,0.123,24.0,0.123,24,0.424,0.4245,0.424,0.4245
1,2023,2023141,14.0,806,Williams,87.723,,0.337,,0.337,,87.545,-,-,-,,-,0.26825,-,0.26825
1,2023,2023141,15.0,807,Williams,,,,,,,87.521,-,-,-,,-,0.11199999999999999,-,0.11199999999999999
1,2023,2023141,16.0,808,Williams,,86.84,,-0.397,,-0.397,87.338,-,-,-,,-,-0.04425000000000001,-,-0.04425000000000001
1,2023,2023141,17.0,809,Williams,87.087,87.0,-0.157,-0.244,-0.157,-0.244,87.322,-0.087,27.0,-0.087,27,-0.201,-0.2005,-0.201,-0.2005
1,2023,2023141,18.0,810,Williams,86.893,86.906,-0.366,-0.353,-0.366,-0.353,87.309,0.013,24.0,0.013,24,-0.359,-0.3595,-0.359,-0.3595
1,2023,2023141,19.0,811,Williams,87.308,87.165,0.0,-0.143,-0.435,-0.143,87.334,-0.143,27.0,0.292,24,-0.071,-0.0715,-0.289,-0.289
1,2023,2023141,20.0,812,Williams,86.853,87.28,-0.534,-0.107,-0.534,-0.107,87.509,0.427,24.0,0.427,24,-0.321,-0.3205,-0.321,-0.3205
1,2023,2023141,21.0,813,Williams,86.601,87.363,-0.67,0.092,-0.67,0.092,87.367,0.762,24.0,0.762,24,-0.289,-0.28900000000000003,-0.289,-0.28900000000000003
1,2023,2023141,22.0,814,Williams,86.833,87.465,-0.191,0.441,-0.191,0.441,87.09,0.632,24.0,0.632,24,0.125,0.125,0.125,0.125
1,2023,2023141,23.0,815,Williams,86.913,87.149,-0.092,0.144,-0.092,0.144,87.024,0.236,24.0,0.236,24,0.026,0.025999999999999995,0.026,0.025999999999999995
1,2023,2023141,24.0,816,Williams,86.748,87.104,-0.084,0.272,-0.084,0.272,86.832,0.356,24.0,0.356,24,0.094,0.094,0.094,0.094
1,2023,2023141,25.0,817,Williams,86.898,87.165,0.144,0.411,0.144,0.411,86.78,0.267,24.0,0.267,24,0.277,0.27749999999999997,0.277,0.27749999999999997
1,2023,2023141,26.0,818,Williams,87.049,87.021,0.311,0.283,0.311,0.283,86.759,-0.028,27.0,-0.028,27,0.297,0.297,0.297,0.297
1,2023,2023141,27.0,819,Williams,86.735,87.253,0.181,0.699,0.181,0.699,86.643,0.518,24.0,0.518,24,0.440,0.43999999999999995,0.440,0.43999999999999995
1,2023,2023141,28.0,820,Williams,87.024,87.546,0.401,0.923,0.233,0.776,86.739,0.522,24.0,0.543,24,0.662,0.662,0.505,0.5045000000000001
1,2023,2023141,29.0,821,Williams,86.977,87.545,0.383,0.951,0.383,0.951,86.604,0.568,24.0,0.568,24,0.667,0.667,0.667,0.667
1,2023,2023141,30.0,822,Williams,86.94,87.121,0.242,0.423,0.242,0.423,86.757,0.181,24.0,0.181,24,0.333,0.3325,0.333,0.3325
1,2023,2023141,31.0,823,Williams,86.735,87.461,-0.013,0.713,-0.013,0.713,86.789,0.726,24.0,0.726,24,0.350,0.35,0.350,0.35
1,2023,2023141,32.0,824,Williams,86.432,87.522,-0.32,0.77,-0.32,0.77,86.787,1.090,24.0,1.090,24,0.225,0.225,0.225,0.225
1,2023,2023141,33.0,825,Williams,86.389,87.293,-0.15,0.754,-0.15,0.754,86.576,0.904,24.0,0.904,24,0.302,0.302,0.302,0.302
1,2023,2023141,34.0,826,Williams,86.579,87.219,-0.008,0.632,-0.008,0.632,86.614,0.640,24.0,0.640,24,0.312,0.312,0.312,0.312
1,2023,2023141,35.0,827,Williams,86.545,87.233,0.089,0.777,0.089,0.777,86.456,0.688,24.0,0.688,24,0.433,0.433,0.433,0.433
1,2023,2023141,36.0,828,Williams,86.981,87.142,0.456,0.617,0.163,0.617,86.614,0.161,24.0,0.454,24,0.536,0.5365,0.390,0.39
1,2023,2023141,37.0,829,Williams,86.831,87.292,0.296,0.757,0.296,0.757,86.535,0.461,24.0,0.461,24,0.526,0.5265,0.526,0.5265
1,2023,2023141,38.0,830,Williams,87.37,87.103,0.845,0.578,0.291,0.578,86.618,-0.267,27.0,0.287,24,0.712,0.7115,0.434,0.4345
1,2023,2023141,39.0,831,Williams,86.802,87.137,0.377,0.712,0.377,0.712,86.665,0.335,24.0,0.335,24,0.544,0.5445,0.544,0.5445
1,2023,2023141,40.0,832,Williams,86.572,87.64,0.098,1.166,0.098,0.685,86.563,1.068,24.0,0.587,24,0.632,0.632,0.392,0.3915
1,2023,2023141,41.0,833,Williams,86.675,87.18,0.198,0.703,0.198,0.703,86.665,0.505,24.0,0.505,24,0.451,0.4505,0.451,0.4505
1,2023,2023141,42.0,834,Williams,86.708,87.176,0.216,0.684,0.216,0.684,86.492,0.468,24.0,0.468,24,0.450,0.45,0.450,0.45
1,2023,2023141,43.0,835,Williams,86.913,89.385,0.452,2.924,0.452,0.97,86.811,2.472,24.0,0.518,24,1.688,1.688,0.711,0.711
1,2023,2023141,44.0,836,Williams,87.725,87.686,1.209,1.17,0.394,1.17,86.661,-0.039,27.0,0.776,24,1.190,1.1895,0.782,0.782
1,2023,2023141,45.0,837,Williams,86.907,87.502,0.262,0.857,0.262,0.857,86.671,0.595,24.0,0.595,24,0.559,0.5595,0.559,0.5595
1,2023,2023141,46.0,838,Williams,87.252,87.709,0.691,1.148,0.691,1.148,86.64,0.457,24.0,0.457,24,0.919,0.9195,0.919,0.9195
1,2023,2023141,47.0,839,Williams,88.491,87.622,1.933,1.064,0.479,1.064,86.855,-0.869,27.0,0.585,24,1.498,1.4985,0.772,0.7715000000000001
1,2023,2023141,48.0,840,Williams,86.822,87.44,0.164,0.782,0.164,0.782,86.658,0.618,24.0,0.618,24,0.473,0.47300000000000003,0.473,0.47300000000000003
1,2023,2023141,49.0,841,Williams,87.569,87.742,0.709,0.882,0.15,0.882,87.18,0.173,24.0,0.732,24,0.795,0.7955,0.516,0.516
1,2023,2023141,50.0,842,Williams,87.197,89.626,0.101,2.53,0.101,2.53,87.192,2.429,24.0,2.429,24,1.315,1.3155,1.315,1.3155
1,2023,2023141,51.0,843,Williams,87.433,,0.519,,0.519,,86.914,-,-,-,,-,,-,
1,2023,2023141,52.0,844,Williams,,,,,,,,-,-,-,,-,,-,
1,2023,2023151,1.0,845,Williams,,,,,,,,-,-,-,,-,,-,
1,2023,2023151,2.0,846,Williams,,,,,,,,-,-,-,,-,,-,
1,2023,2023151,3.0,847,Williams,101.783,101.7,0.32,0.237,0.32,0.237,101.463,-0.083,27.0,-0.083,27,0.278,0.27849999999999997,0.278,0.27849999999999997
1,2023,2023151,4.0,848,Williams,101.473,101.875,0.329,0.731,0.329,0.731,101.3,0.402,24.0,0.402,24,0.530,0.53,0.530,0.53
1,2023,2023151,5.0,849,Williams,101.361,101.264,0.293,0.196,0.293,0.196,101.068,-0.097,27.0,-0.097,27,0.244,0.2445,0.244,0.2445
1,2023,2023151,6.0,850,Williams,102.001,101.636,1.048,0.683,1.048,0.683,101.281,-0.365,27.0,-0.365,27,0.866,0.8655,0.866,0.8655
1,2023,2023151,7.0,851,Williams,103.107,102.886,2.182,1.961,0.735,0.735,101.111,-0.221,27.0,0.000,24,2.071,2.0715,0.735,0.735
1,2023,2023151,8.0,852,Williams,101.318,101.683,0.617,0.982,0.617,0.982,100.752,0.365,24.0,0.365,24,0.799,0.7995,0.799,0.7995
1,2023,2023151,9.0,853,Williams,100.869,101.228,0.393,0.752,0.393,0.752,100.546,0.359,24.0,0.359,24,0.573,0.5725,0.573,0.5725
1,2023,2023151,10.0,854,Williams,100.625,100.739,0.191,0.305,0.191,0.305,100.526,0.114,24.0,0.114,24,0.248,0.248,0.248,0.248
1,2023,2023151,11.0,855,Williams,100.363,100.711,-0.125,0.223,-0.125,0.223,100.524,0.348,24.0,0.348,24,0.049,0.049,0.049,0.049
1,2023,2023151,12.0,856,Williams,100.458,100.554,-0.052,0.044,-0.052,0.044,100.51,0.096,24.0,0.096,24,-0.004,-0.004,-0.004,-0.004
1,2023,2023151,13.0,857,Williams,100.755,100.797,0.194,0.236,0.194,0.236,100.628,0.042,24.0,0.042,24,0.215,0.215,0.215,0.215
1,2023,2023151,14.0,858,Williams,100.775,100.983,0.308,0.516,0.308,0.516,100.62,0.208,24.0,0.208,24,0.412,0.41200000000000003,0.412,0.41200000000000003
1,2023,2023151,15.0,859,Williams,100.638,100.838,0.226,0.426,0.226,0.426,100.412,0.200,24.0,0.200,24,0.326,0.326,0.326,0.326
1,2023,2023151,16.0,860,Williams,100.815,100.965,0.355,0.505,0.355,0.505,100.499,0.150,24.0,0.150,24,0.430,0.43,0.430,0.43
1,2023,2023151,17.0,861,Williams,100.689,101.113,0.171,0.595,0.171,0.595,100.518,0.424,24.0,0.424,24,0.383,0.383,0.383,0.383
1,2023,2023151,18.0,862,Williams,100.949,101.57,0.428,1.049,0.428,1.049,100.521,0.621,24.0,0.621,24,0.738,0.7384999999999999,0.738,0.7384999999999999
1,2023,2023151,19.0,863,Williams,101.174,,0.472,,0.472,,100.702,-,-,-,,-,0.5316666666666666,-,0.5316666666666666
1,2023,2023151,20.0,864,Williams,,,,,,,,-,-,-,,-,0.3248333333333333,-,0.3248333333333333
1,2023,2023151,21.0,865,Williams,,,,,,,,-,-,-,,-,0.118,-,0.118
1,2023,2023151,22.0,866,Williams,,,,,,,,-,-,-,,-,,-,
1,2023,2023151,23.0,867,Williams,,,,,,,,-,-,-,,-,,-,
1,2023,2023151,24.0,868,Williams,103.087,100.39,0.846,-1.851,0.846,-1.851,102.241,-2.697,27.0,-2.697,27,-0.502,-0.5025,-0.502,-0.5025
1,2023,2023151,25.0,869,Williams,100.961,100.3,0.189,-0.472,0.189,-0.472,100.772,-0.661,27.0,-0.661,27,-0.141,-0.1415,-0.141,-0.1415
1,2023,2023151,26.0,870,Williams,100.927,100.338,0.461,-0.128,0.461,-0.128,100.466,-0.589,27.0,-0.589,27,0.167,0.1665,0.167,0.1665
1,2023,2023151,27.0,871,Williams,101.309,99.889,0.98,-0.44,0.98,-0.44,100.329,-1.420,27.0,-1.420,27,0.270,0.27,0.270,0.27
1,2023,2023151,28.0,872,Williams,101.442,99.972,0.719,-0.751,0.719,-0.751,101.153,-1.470,27.0,-1.470,27,-0.016,-0.016000000000000014,-0.016,-0.016000000000000014
1,2023,2023151,29.0,873,Williams,101.455,99.748,0.58,-1.127,0.58,-1.127,100.875,-1.707,27.0,-1.707,27,-0.274,-0.2735,-0.274,-0.2735
1,2023,2023151,30.0,874,Williams,100.469,99.904,0.227,-0.338,0.227,-0.523,100.252,-0.565,27.0,-0.750,27,-0.056,-0.05550000000000001,-0.148,-0.14800000000000002
1,2023,2023151,31.0,875,Williams,100.981,99.69,0.971,-0.32,0.495,-0.32,100.037,-1.291,27.0,-0.815,27,0.326,0.3255,0.087,0.0875
1,2023,2023151,32.0,876,Williams,100.542,99.807,0.491,-0.244,0.491,-0.244,100.087,-0.735,27.0,-0.735,27,0.123,0.1235,0.123,0.1235
1,2023,2023151,33.0,877,Williams,100.772,99.763,0.721,-0.288,0.721,-0.288,100.121,-1.009,27.0,-1.009,27,0.216,0.2165,0.216,0.2165
1,2023,2023151,34.0,878,Williams,100.55,99.799,0.109,-0.642,0.109,-0.642,100.496,-0.751,27.0,-0.751,27,-0.267,-0.2665,-0.267,-0.2665
1,2023,2023151,35.0,879,Williams,101.065,99.764,0.461,-0.84,0.461,-0.84,100.814,-1.301,27.0,-1.301,27,-0.189,-0.18949999999999997,-0.189,-0.18949999999999997
1,2023,2023151,36.0,880,Williams,101.94,99.878,1.351,-0.711,0.457,-0.711,101.04,-2.062,27.0,-1.168,27,0.320,0.32,-0.127,-0.12699999999999997
1,2023,2023151,37.0,881,Williams,101.028,99.752,0.416,-0.86,0.416,-0.86,101.0,-1.276,27.0,-1.276,27,-0.222,-0.222,-0.222,-0.222
1,2023,2023151,38.0,882,Williams,100.837,99.877,0.125,-0.835,0.125,-0.835,100.712,-0.960,27.0,-0.960,27,-0.355,-0.355,-0.355,-0.355
1,2023,2023151,39.0,883,Williams,101.246,100.134,0.603,-0.509,0.603,-0.509,100.97,-1.112,27.0,-1.112,27,0.047,0.046999999999999986,0.047,0.046999999999999986
1,2023,2023151,40.0,884,Williams,100.935,100.28,0.697,0.042,0.697,0.042,100.238,-0.655,27.0,-0.655,27,0.369,0.3695,0.369,0.3695
1,2023,2023151,41.0,885,Williams,100.579,100.297,0.512,0.23,0.512,0.23,100.067,-0.282,27.0,-0.282,27,0.371,0.371,0.371,0.371
1,2023,2023151,42.0,886,Williams,100.637,100.602,0.811,0.776,0.811,0.776,99.826,-0.035,27.0,-0.035,27,0.794,0.7935000000000001,0.794,0.7935000000000001
1,2023,2023151,43.0,887,Williams,,,,,,,99.43,-,-,-,,-,0.32012500000000005,-,0.2921250000000001
1,2023,2023151,44.0,888,Williams,,,,,,,,-,-,-,,-,-0.15325,-,-0.20924999999999994
1,2023,2023151,45.0,889,Williams,,98.531,,-0.602,,-0.602,99.133,-,-,-,,-,-0.626625,-,-0.7106250000000001
1,2023,2023151,46.0,890,Williams,97.342,98.784,-1.821,-0.379,-1.821,-0.603,99.248,1.442,24.0,1.218,24,-1.100,-1.1,-1.212,-1.212
1,2023,2023151,47.0,891,Williams,98.047,98.589,-0.212,0.33,-0.212,0.33,98.314,0.542,24.0,0.542,24,0.059,0.05900000000000001,0.059,0.05900000000000001
1,2023,2023151,48.0,892,Williams,97.992,98.711,-0.382,0.337,-0.382,0.337,98.502,0.719,24.0,0.719,24,-0.022,-0.022499999999999992,-0.022,-0.022499999999999992
1,2023,2023151,49.0,893,Williams,98.019,98.69,-0.407,0.264,-0.407,0.264,98.426,0.671,24.0,0.671,24,-0.071,-0.07149999999999998,-0.071,-0.07149999999999998
1,2023,2023151,50.0,894,Williams,98.122,98.657,-0.254,0.281,-0.254,0.281,98.535,0.535,24.0,0.535,24,0.014,0.013500000000000012,0.014,0.013500000000000012
1,2023,2023151,51.0,895,Williams,98.213,98.62,-0.272,0.135,-0.272,0.135,98.485,0.407,24.0,0.407,24,-0.069,-0.0685,-0.069,-0.0685
1,2023,2023151,52.0,896,Williams,100.048,98.812,1.393,0.157,0.258,0.157,98.959,-1.236,27.0,-0.101,27,0.775,0.775,0.208,0.20750000000000002
1,2023,2023151,53.0,897,Williams,99.613,98.983,0.581,-0.049,0.581,-0.049,99.284,-0.630,27.0,-0.630,27,0.266,0.26599999999999996,0.266,0.26599999999999996
1,2023,2023151,54.0,898,Williams,98.226,98.933,-0.841,-0.134,-0.841,-0.134,99.225,0.707,24.0,0.707,24,-0.487,-0.4875,-0.487,-0.4875
1,2023,2023151,55.0,899,Williams,97.656,98.858,-1.126,0.076,-1.126,0.076,98.782,1.202,24.0,1.202,24,-0.525,-0.5249999999999999,-0.525,-0.5249999999999999
1,2023,2023151,56.0,900,Williams,98.387,98.881,-0.453,0.041,-0.453,0.041,98.84,0.494,24.0,0.494,24,-0.206,-0.20600000000000002,-0.206,-0.20600000000000002
1,2023,2023151,57.0,901,Williams,101.555,99.171,2.26,-0.124,2.26,-0.124,99.695,-2.384,27.0,-2.384,27,1.068,1.0679999999999998,1.068,1.0679999999999998
1,2023,2023151,58.0,902,Williams,117.964,100.767,18.135,0.938,1.291,-0.556,101.162,-17.197,27.0,-1.847,27,9.537,9.5365,0.367,0.36749999999999994
1,2023,2023151,59.0,903,Williams,100.685,99.374,0.684,-0.627,0.684,-0.627,100.317,-1.311,27.0,-1.311,27,0.029,0.028500000000000025,0.029,0.028500000000000025
1,2023,2023151,60.0,904,Williams,99.668,99.786,-0.156,-0.038,-0.156,-0.038,100.067,0.118,24.0,0.118,24,-0.097,-0.097,-0.097,-0.097
1,2023,2023151,61.0,905,Williams,98.501,101.938,-1.36,2.077,-1.36,2.077,99.861,3.437,24.0,3.437,24,0.358,0.35849999999999993,0.358,0.35849999999999993
1,2023,2023151,62.0,906,Williams,99.891,103.955,-1.166,2.898,-1.166,2.898,101.057,4.064,24.0,4.064,24,0.866,0.8660000000000001,0.866,0.8660000000000001
1,2023,2023161,1.0,907,Williams,,,,,,,,-,-,-,,-,,-,
1,2023,2023161,2.0,908,Williams,,,,,,,,-,-,-,,-,,-,
1,2023,2023161,3.0,909,Williams,,,,,,,,-,-,-,,-,,-,
1,2023,2023161,4.0,910,Williams,,,,,,,,-,-,-,,-,,-,
1,2023,2023161,5.0,911,Williams,,,,,,,,-,-,-,,-,,-,
1,2023,2023161,6.0,912,Williams,101.273,,1.548,,1.548,,99.725,-,-,-,,-,,-,
1,2023,2023161,7.0,913,Williams,100.904,98.848,1.248,-0.808,1.248,-0.808,99.674,-2.056,27.0,-2.056,27,0.220,0.21999999999999997,0.220,0.21999999999999997
1,2023,2023161,8.0,914,Williams,101.168,99.721,1.49,0.043,1.49,0.043,99.678,-1.447,27.0,-1.447,27,0.766,0.7665,0.766,0.7665
1,2023,2023161,9.0,915,Williams,100.764,100.317,0.942,0.495,0.942,0.495,99.849,-0.447,27.0,-0.447,27,0.718,0.7184999999999999,0.718,0.7184999999999999
1,2023,2023161,10.0,916,Williams,100.45,100.619,0.631,0.8,0.631,0.8,99.819,0.169,24.0,0.169,24,0.716,0.7155,0.716,0.7155
1,2023,2023161,11.0,917,Williams,101.14,101.063,1.224,1.147,1.224,1.147,99.926,-0.077,27.0,-0.077,27,1.185,1.1855,1.185,1.1855
1,2023,2023161,12.0,918,Williams,102.28,100.716,2.435,0.871,2.435,0.871,99.845,-1.564,27.0,-1.564,27,1.653,1.653,1.653,1.653
1,2023,2023161,13.0,919,Williams,,,,,,,99.257,-,-,-,,-,1.345,-,1.345
1,2023,2023161,14.0,920,Williams,,,,,,,,-,-,-,,-,1.037,-,1.037
1,2023,2023161,15.0,921,Williams,99.185,100.853,-0.105,1.563,-0.105,1.563,99.29,1.668,24.0,1.668,24,0.729,0.729,0.729,0.729
1,2023,2023161,16.0,922,Williams,99.549,100.472,0.08,1.003,0.08,1.003,99.624,0.923,24.0,0.923,24,0.541,0.5415,0.541,0.5415
1,2023,2023161,17.0,923,Williams,99.93,100.746,0.31,1.126,0.31,1.126,99.767,0.816,24.0,0.816,24,0.718,0.718,0.718,0.718
1,2023,2023161,18.0,924,Williams,100.339,100.568,0.901,1.13,0.463,1.13,99.586,0.229,24.0,0.667,24,1.015,1.0154999999999998,0.796,0.7965
1,2023,2023161,19.0,925,Williams,99.872,100.463,0.551,1.142,0.551,1.142,99.379,0.591,24.0,0.591,24,0.847,0.8465,0.847,0.8465
1,2023,2023161,20.0,926,Williams,100.098,101.168,0.736,1.806,0.736,1.806,99.463,1.070,24.0,1.070,24,1.271,1.271,1.271,1.271
1,2023,2023161,21.0,927,Williams,100.421,,1.131,,1.131,,99.543,-,-,-,,-,,-,
1,2023,2023161,22.0,928,Williams,100.071,,0.879,,0.879,,99.192,-,-,-,,-,,-,
1,2023,2023161,23.0,929,Williams,99.919,,0.653,,0.653,,99.348,-,-,-,,-,,-,
1,2023,2023161,24.0,930,Williams,100.147,,1.054,,1.054,,99.17,-,-,-,,-,,-,
1,2023,2023161,25.0,931,Williams,100.286,,1.347,,1.347,,99.048,-,-,-,,-,,-,
1,2023,2023161,26.0,932,Williams,,,,,,,99.072,-,-,-,,-,,-,
1,2023,2023171,1.0,933,Williams,,,,,,,,-,-,-,,-,,-,
1,2023,2023171,2.0,934,Williams,,,,,,,,-,-,-,,-,,-,
1,2023,2023171,3.0,935,Williams,,,,,,,,-,-,-,,-,,-,
1,2023,2023171,4.0,936,Williams,,,,,,,,-,-,-,,-,,-,
1,2023,2023171,5.0,937,Williams,,,,,,,,-,-,-,,-,,-,
1,2023,2023171,6.0,938,Williams,92.71,92.728,1.137,1.155,1.137,1.155,91.573,0.018,24.0,0.018,24,1.146,1.146,1.146,1.146
1,2023,2023171,7.0,939,Williams,90.726,91.137,-0.181,0.23,-0.181,0.23,90.955,0.411,24.0,0.411,24,0.025,0.024500000000000008,0.025,0.024500000000000008
1,2023,2023171,8.0,940,Williams,90.614,90.873,0.014,0.273,0.014,0.273,90.609,0.259,24.0,0.259,24,0.144,0.14350000000000002,0.144,0.14350000000000002
1,2023,2023171,9.0,941,Williams,91.05,91.699,0.528,1.177,0.528,0.496,90.562,0.649,24.0,-0.032,27,0.853,0.8525,0.512,0.512
1,2023,2023171,10.0,942,Williams,90.245,91.164,-0.352,0.567,-0.352,0.567,90.597,0.919,24.0,0.919,24,0.107,0.10749999999999998,0.107,0.10749999999999998
1,2023,2023171,11.0,943,Williams,90.521,91.102,0.005,0.586,0.005,0.586,90.516,0.581,24.0,0.581,24,0.295,0.2955,0.295,0.2955
1,2023,2023171,12.0,944,Williams,91.693,90.698,1.24,0.245,0.134,0.245,90.614,-0.995,27.0,0.111,24,0.742,0.7424999999999999,0.190,0.1895
1,2023,2023171,13.0,945,Williams,90.652,,0.316,,0.316,,90.367,-,-,-,,-,0.35266666666666663,-,-0.016000000000000014
1,2023,2023171,14.0,946,Williams,89.635,,-0.43,,-0.43,,90.065,-,-,-,,-,-0.03716666666666668,-,-0.22150000000000003
1,2023,2023171,15.0,947,Williams,89.407,88.999,-0.223,-0.631,-0.223,-0.631,89.863,-0.408,27.0,-0.408,27,-0.427,-0.427,-0.427,-0.427
1,2023,2023171,16.0,948,Williams,89.001,89.421,-0.463,-0.043,-0.463,-0.437,89.573,0.420,24.0,0.026,24,-0.253,-0.253,-0.450,-0.45
1,2023,2023171,17.0,949,Williams,88.944,89.055,-0.691,-0.58,-0.691,-0.58,89.732,0.111,24.0,0.111,24,-0.635,-0.6355,-0.635,-0.6355
1,2023,2023171,18.0,950,Williams,,89.695,,-0.061,,-0.399,90.132,-,-,-,,-,-0.2796666666666667,-,-0.2796666666666667
1,2023,2023171,19.0,951,Williams,,89.66,,-0.037,,-0.037,89.697,-,-,-,,-,0.0761666666666666,-,0.0761666666666666
1,2023,2023171,20.0,952,Williams,90.166,89.47,0.78,0.084,0.78,0.084,89.431,-0.696,27.0,-0.696,27,0.432,0.432,0.432,0.432
1,2023,2023171,21.0,953,Williams,89.204,90.041,0.037,0.874,0.037,0.47,89.274,0.837,24.0,0.433,24,0.456,0.4555,0.254,0.2535
1,2023,2023171,22.0,954,Williams,90.046,89.805,1.411,1.17,0.497,1.17,88.705,-0.241,27.0,0.673,24,1.290,1.2905,0.833,0.8334999999999999
1,2023,2023171,23.0,955,Williams,89.061,89.298,0.343,0.58,0.343,0.58,88.759,0.237,24.0,0.237,24,0.462,0.4615,0.462,0.4615
1,2023,2023171,24.0,956,Williams,88.305,89.37,-0.319,0.746,-0.319,0.746,88.624,1.065,24.0,1.065,24,0.213,0.2135,0.213,0.2135
1,2023,2023171,25.0,957,Williams,88.358,89.532,-0.212,0.962,-0.212,0.962,88.57,1.174,24.0,1.174,24,0.375,0.375,0.375,0.375
1,2023,2023171,26.0,958,Williams,88.502,,0.206,,0.206,,88.296,-,-,-,,-,0.524,-,0.524
1,2023,2023171,27.0,959,Williams,88.251,,0.06,,0.06,,88.227,-,-,-,,-,0.673,-,0.673
1,2023,2023171,28.0,960,Williams,88.463,89.319,0.394,1.25,0.394,1.25,88.128,0.856,24.0,0.856,24,0.822,0.8220000000000001,0.822,0.8220000000000001
1,2023,2023171,29.0,961,Williams,89.649,88.291,1.746,0.388,0.492,0.388,88.015,-1.358,27.0,-0.104,27,1.067,1.067,0.440,0.44
1,2023,2023171,30.0,962,Williams,88.326,88.095,0.47,0.239,0.47,0.239,87.91,-0.231,27.0,-0.231,27,0.354,0.3545,0.354,0.3545
1,2023,2023171,31.0,963,Williams,,87.983,,0.34,,0.34,87.759,-,-,-,,-,0.43066666666666664,-,0.43066666666666664
1,2023,2023171,32.0,964,Williams,,88.23,,0.587,,0.587,87.794,-,-,-,,-,0.5068333333333332,-,0.5068333333333332
1,2023,2023171,33.0,965,Williams,87.93,88.804,0.146,1.02,0.146,1.02,88.547,0.874,24.0,0.874,24,0.583,0.583,0.583,0.583
1,2023,2023171,34.0,966,Williams,88.447,88.982,0.701,1.236,0.048,1.236,87.784,0.535,24.0,1.188,24,0.968,0.9684999999999999,0.642,0.642
1,2023,2023171,35.0,967,Williams,87.658,88.571,0.01,0.923,0.01,0.923,87.74,0.913,24.0,0.913,24,0.467,0.4665,0.467,0.4665
1,2023,2023171,36.0,968,Williams,87.255,89.054,-0.376,1.423,-0.376,1.095,87.831,1.799,24.0,1.471,24,0.524,0.5235000000000001,0.359,0.3595
1,2023,2023171,37.0,969,Williams,87.29,88.881,-0.359,1.232,-0.359,1.232,87.683,1.591,24.0,1.591,24,0.436,0.4365,0.436,0.4365
1,2023,2023171,38.0,970,Williams,87.61,88.976,0.036,1.402,0.036,1.402,87.602,1.366,24.0,1.366,24,0.719,0.719,0.719,0.719
1,2023,2023171,39.0,971,Williams,87.409,89.587,0.224,2.402,0.224,2.402,87.278,2.178,24.0,2.178,24,1.313,1.3130000000000002,1.313,1.3130000000000002
1,2023,2023171,40.0,972,Williams,86.959,,0.355,,0.355,,86.604,-,-,-,,-,,-,
1,2023,2023171,41.0,973,Williams,87.245,,0.002,,0.002,,87.3,-,-,-,,-,,-,
1,2023,2023171,42.0,974,Williams,87.446,,0.374,,0.374,,87.233,-,-,-,,-,,-,
1,2023,2023171,43.0,975,Williams,87.088,,0.182,,0.182,,86.906,-,-,-,,-,,-,
1,2023,2023171,44.0,976,Williams,,,,,,,87.012,-,-,-,,-,,-,
1,2023,2023171,45.0,977,Williams,,,,,,,87.179,-,-,-,,-,,-,
1,2023,2023171,46.0,978,Williams,86.778,,0.055,,0.055,,86.792,-,-,-,,-,,-,
1,2023,2023171,47.0,979,Williams,86.695,,0.123,,0.123,,86.849,-,-,-,,-,,-,
1,2023,2023171,48.0,980,Williams,87.455,,0.872,,0.185,,86.637,-,-,-,,-,,-,
1,2023,2023171,49.0,981,Williams,86.841,,0.28,,0.28,,86.819,-,-,-,,-,,-,
1,2023,2023171,50.0,982,Williams,87.613,,1.052,,0.47,,86.722,-,-,-,,-,,-,
1,2023,2023171,51.0,983,Williams,87.22,,0.529,,0.529,,86.708,-,-,-,,-,,-,
1,2023,2023171,52.0,984,Williams,87.55,,0.628,,0.628,,87.454,-,-,-,,-,,-,
1,2023,2023171,53.0,985,Williams,87.465,,0.611,,0.611,,86.854,-,-,-,,-,,-,
1,2023,2023171,54.0,986,Williams,87.238,,0.658,,0.658,,86.897,-,-,-,,-,,-,
1,2023,2023171,55.0,987,Williams,87.292,,0.721,,0.721,,86.634,-,-,-,,-,,-,
1,2023,2023171,56.0,988,Williams,86.773,,-0.061,,-0.061,,87.009,-,-,-,,-,,-,
1,2023,2023171,57.0,989,Williams,86.666,,0.267,,0.267,,86.399,-,-,-,,-,,-,
1,2023,2023181,1.0,990,Williams,,,,,,,,-,-,-,,-,,-,
1,2023,2023181,2.0,991,Williams,,,,,,,,-,-,-,,-,,-,
1,2023,2023181,3.0,992,Williams,104.644,104.757,0.53,0.643,0.53,0.643,104.114,0.113,24.0,0.113,24,0.587,0.5865,0.587,0.5865
1,2023,2023181,4.0,993,Williams,104.873,105.423,1.095,1.645,1.095,1.645,104.129,0.550,24.0,0.550,24,1.370,1.37,1.370,1.37
1,2023,2023181,5.0,994,Williams,103.803,103.736,0.277,0.21,0.277,0.21,103.526,-0.067,27.0,-0.067,27,0.243,0.2435,0.243,0.2435
1,2023,2023181,6.0,995,Williams,103.62,103.644,0.416,0.44,0.416,0.44,103.273,0.024,24.0,0.024,24,0.428,0.428,0.428,0.428
1,2023,2023181,7.0,996,Williams,103.814,104.94,0.498,1.624,0.498,0.646,103.388,1.126,24.0,0.148,24,1.061,1.061,0.572,0.5720000000000001
1,2023,2023181,8.0,997,Williams,104.006,104.28,0.601,0.875,0.601,0.875,103.474,0.274,24.0,0.274,24,0.738,0.738,0.738,0.738
1,2023,2023181,9.0,998,Williams,103.728,103.724,0.373,0.369,0.373,0.369,103.371,-0.004,27.0,-0.004,27,0.371,0.371,0.371,0.371
1,2023,2023181,10.0,999,Williams,,104.188,,0.84,,0.84,103.348,-,-,-,,-,0.321,-,0.321
1,2023,2023181,11.0,1000,Williams,,,,,,,103.151,-,-,-,,-,0.271,-,0.271
1,2023,2023181,12.0,1001,Williams,103.292,,0.48,,0.48,,102.812,-,-,-,,-,0.22099999999999997,-,0.22099999999999997
1,2023,2023181,13.0,1002,Williams,103.267,103.183,0.213,0.129,0.213,0.129,103.253,-0.084,27.0,-0.084,27,0.171,0.17099999999999999,0.171,0.17099999999999999
1,2023,2023181,14.0,1003,Williams,103.164,103.099,0.024,-0.041,0.024,-0.041,103.14,-0.065,27.0,-0.065,27,-0.009,-0.0085,-0.009,-0.0085
1,2023,2023181,15.0,1004,Williams,103.092,102.693,-0.052,-0.451,-0.052,-0.451,103.177,-0.399,27.0,-0.399,27,-0.252,-0.2515,-0.252,-0.2515
1,2023,2023181,16.0,1005,Williams,103.131,103.071,0.038,-0.022,0.038,-0.022,103.093,-0.060,27.0,-0.060,27,0.008,0.008,0.008,0.008
1,2023,2023181,17.0,1006,Williams,103.08,102.415,-0.018,-0.683,-0.018,-0.683,103.159,-0.665,27.0,-0.665,27,-0.351,-0.35050000000000003,-0.351,-0.35050000000000003
1,2023,2023181,18.0,1007,Williams,103.007,102.46,0.068,-0.479,0.068,-0.479,102.984,-0.547,27.0,-0.547,27,-0.205,-0.2055,-0.205,-0.2055
1,2023,2023181,19.0,1008,Williams,103.069,102.481,0.489,-0.099,0.489,-0.099,102.612,-0.588,27.0,-0.588,27,0.195,0.195,0.195,0.195
1,2023,2023181,20.0,1009,Williams,103.029,102.777,0.606,0.354,0.606,0.354,102.433,-0.252,27.0,-0.252,27,0.480,0.48,0.480,0.48
1,2023,2023181,21.0,1010,Williams,102.679,103.587,0.263,1.171,0.263,0.579,102.527,0.908,24.0,0.316,24,0.717,0.7170000000000001,0.421,0.421
1,2023,2023181,22.0,1011,Williams,103.298,103.214,0.985,0.901,0.985,0.901,102.437,-0.084,27.0,-0.084,27,0.943,0.9430000000000001,0.943,0.9430000000000001
1,2023,2023181,23.0,1012,Williams,103.861,103.732,1.599,1.47,1.194,1.072,102.312,-0.129,27.0,-0.122,27,1.534,1.5345,1.133,1.133
1,2023,2023181,24.0,1013,Williams,103.614,103.454,1.287,1.127,1.287,1.127,102.401,-0.160,27.0,-0.160,27,1.207,1.2069999999999999,1.207,1.2069999999999999
1,2023,2023181,25.0,1014,Williams,103.618,103.234,1.25,0.866,1.25,0.866,102.546,-0.384,27.0,-0.384,27,1.058,1.058,1.058,1.058
1,2023,2023181,26.0,1015,Williams,103.218,103.95,0.75,1.482,0.75,1.482,102.582,0.732,24.0,0.732,24,1.116,1.116,1.116,1.116
1,2023,2023181,27.0,1016,Williams,102.855,104.066,0.545,1.756,0.545,1.756,102.493,1.211,24.0,1.211,24,1.151,1.1505,1.151,1.1505
1,2023,2023181,28.0,1017,Williams,103.006,103.4,0.835,1.229,0.835,1.229,102.298,0.394,24.0,0.394,24,1.032,1.032,1.032,1.032
1,2023,2023181,29.0,1018,Williams,,102.904,,0.905,,0.905,101.999,-,-,-,,-,0.9223333333333333,-,0.9223333333333333
1,2023,2023181,30.0,1019,Williams,,103.039,,1.006,,1.006,102.122,-,-,-,,-,0.8126666666666666,-,0.8126666666666666
1,2023,2023181,31.0,1020,Williams,101.927,103.683,-0.175,1.581,-0.175,1.581,102.117,1.756,24.0,1.756,24,0.703,0.703,0.703,0.703
1,2023,2023181,32.0,1021,Williams,102.27,,0.237,,-0.017,,102.096,-,-,-,,-,0.3835,-,0.3835
1,2023,2023181,33.0,1022,Williams,102.105,,-0.053,,-0.053,,102.203,-,-,-,,-,0.06400000000000006,-,0.06400000000000006
1,2023,2023181,34.0,1023,Williams,102.021,101.238,0.136,-0.647,0.136,-0.647,101.995,-0.783,27.0,-0.783,27,-0.256,-0.2555,-0.256,-0.2555
1,2023,2023181,35.0,1024,Williams,101.861,101.63,-0.133,-0.364,-0.133,-0.605,102.013,-0.231,27.0,-0.472,27,-0.248,-0.2485,-0.369,-0.369
1,2023,2023181,36.0,1025,Williams,102.009,101.541,-0.033,-0.501,-0.033,-0.501,102.063,-0.468,27.0,-0.468,27,-0.267,-0.267,-0.267,-0.267
1,2023,2023181,37.0,1026,Williams,101.765,101.838,0.054,0.127,0.054,0.127,101.752,0.073,24.0,0.073,24,0.090,0.0905,0.090,0.0905
1,2023,2023181,38.0,1027,Williams,101.441,101.57,-0.094,0.035,-0.094,0.035,101.584,0.129,24.0,0.129,24,-0.029,-0.0295,-0.029,-0.0295
1,2023,2023181,39.0,1028,Williams,101.732,101.497,0.39,0.155,0.064,0.155,101.493,-0.235,27.0,0.091,24,0.273,0.2725,0.110,0.1095
1,2023,2023181,40.0,1029,Williams,101.371,101.289,0.185,0.103,0.185,0.103,101.186,-0.082,27.0,-0.082,27,0.144,0.144,0.144,0.144
1,2023,2023181,41.0,1030,Williams,102.367,101.432,1.17,0.235,0.275,0.235,101.373,-0.935,27.0,-0.040,27,0.702,0.7024999999999999,0.255,0.255
1,2023,2023181,42.0,1031,Williams,101.573,101.665,0.317,0.409,0.317,0.409,101.361,0.092,24.0,0.092,24,0.363,0.363,0.363,0.363
1,2023,2023181,43.0,1032,Williams,102.202,101.806,0.847,0.451,0.36,0.451,101.462,-0.396,27.0,0.091,24,0.649,0.649,0.405,0.40549999999999997
1,2023,2023181,44.0,1033,Williams,101.857,101.574,0.499,0.216,0.499,0.216,101.517,-0.283,27.0,-0.283,27,0.357,0.3575,0.357,0.3575
1,2023,2023181,45.0,1034,Williams,101.517,101.969,0.327,0.779,0.327,0.779,101.264,0.452,24.0,0.452,24,0.553,0.553,0.553,0.553
1,2023,2023181,46.0,1035,Williams,101.764,102.036,0.549,0.821,0.381,0.821,101.287,0.272,24.0,0.440,24,0.685,0.685,0.601,0.601
1,2023,2023181,47.0,1036,Williams,101.675,102.097,0.571,0.993,0.571,0.993,101.127,0.422,24.0,0.422,24,0.782,0.782,0.782,0.782
1,2023,2023181,48.0,1037,Williams,101.318,101.953,-0.142,0.493,-0.142,0.493,101.57,0.635,24.0,0.635,24,0.175,0.1755,0.175,0.1755
1,2023,2023181,49.0,1038,Williams,101.596,101.555,0.697,0.656,0.453,0.656,101.004,-0.041,27.0,0.203,24,0.676,0.6765,0.554,0.5545
1,2023,2023181,50.0,1039,Williams,101.386,101.626,0.512,0.752,0.512,0.752,100.975,0.240,24.0,0.240,24,0.632,0.632,0.632,0.632
1,2023,2023181,51.0,1040,Williams,102.06,101.916,1.086,0.942,1.086,0.942,101.008,-0.144,27.0,-0.144,27,1.014,1.014,1.014,1.014
1,2023,2023181,52.0,1041,Williams,102.909,101.948,1.717,0.756,1.08,0.756,101.566,-0.961,27.0,-0.324,27,1.236,1.2365,0.918,0.918
1,2023,2023181,53.0,1042,Williams,102.483,103.008,1.191,1.716,1.191,0.593,101.404,0.525,24.0,-0.598,27,1.454,1.4535,0.892,0.892
1,2023,2023181,54.0,1043,Williams,102.762,101.823,1.34,0.401,1.34,0.401,101.711,-0.939,27.0,-0.939,27,0.871,0.8705,0.871,0.8705
1,2023,2023181,55.0,1044,Williams,103.001,102.494,1.107,0.6,0.882,0.6,101.959,-0.507,27.0,-0.282,27,0.853,0.8534999999999999,0.741,0.741
1,2023,2023181,56.0,1045,Williams,102.791,102.508,1.347,1.064,1.347,1.064,101.444,-0.283,27.0,-0.283,27,1.206,1.2055,1.206,1.2055
1,2023,2023191,1.0,1046,Williams,,,,,,,,-,-,-,,-,,-,
1,2023,2023191,2.0,1047,Williams,,,,,,,,-,-,-,,-,,-,
1,2023,2023191,3.0,1048,Williams,84.801,85.693,-0.075,0.817,-0.075,0.817,84.876,0.892,24.0,0.892,24,0.371,0.371,0.371,0.371
1,2023,2023191,4.0,1049,Williams,,,,,,,83.957,-,-,-,,-,0.42483333333333334,-,0.42483333333333334
1,2023,2023191,5.0,1050,Williams,,,,,,,,-,-,-,,-,0.47866666666666663,-,0.47866666666666663
1,2023,2023191,6.0,1051,Williams,84.193,84.692,0.283,0.782,0.283,0.782,83.91,0.499,24.0,0.499,24,0.532,0.5325,0.532,0.5325
1,2023,2023191,7.0,1052,Williams,84.402,84.28,0.233,0.111,0.233,0.111,84.255,-0.122,27.0,-0.122,27,0.172,0.17200000000000001,0.172,0.17200000000000001
1,2023,2023191,8.0,1053,Williams,84.662,85.087,0.169,0.594,0.169,0.064,84.578,0.425,24.0,-0.105,27,0.382,0.3815,0.117,0.1165
1,2023,2023191,9.0,1054,Williams,84.906,84.834,0.382,0.31,0.382,0.31,84.543,-0.072,27.0,-0.072,27,0.346,0.346,0.346,0.346
1,2023,2023191,10.0,1055,Williams,85.0,84.508,0.582,0.09,0.582,0.09,84.418,-0.492,27.0,-0.492,27,0.336,0.33599999999999997,0.336,0.33599999999999997
1,2023,2023191,11.0,1056,Williams,84.924,84.71,0.561,0.347,0.561,0.347,84.593,-0.214,27.0,-0.214,27,0.454,0.454,0.454,0.454
1,2023,2023191,12.0,1057,Williams,84.901,84.636,0.452,0.187,0.452,0.187,84.458,-0.265,27.0,-0.265,27,0.320,0.3195,0.320,0.3195
1,2023,2023191,13.0,1058,Williams,85.442,85.043,0.825,0.426,0.825,0.219,84.668,-0.399,27.0,-0.606,27,0.625,0.6255,0.522,0.522
1,2023,2023191,14.0,1059,Williams,85.448,85.037,0.854,0.443,0.854,0.443,84.604,-0.411,27.0,-0.411,27,0.648,0.6485,0.648,0.6485
1,2023,2023191,15.0,1060,Williams,85.172,85.154,0.529,0.511,0.529,0.511,84.743,-0.018,27.0,-0.018,27,0.520,0.52,0.520,0.52
1,2023,2023191,16.0,1061,Williams,85.531,85.274,0.831,0.574,0.497,0.574,84.784,-0.257,27.0,0.077,24,0.702,0.7024999999999999,0.535,0.5355
1,2023,2023191,17.0,1062,Williams,85.222,85.282,0.518,0.578,0.518,0.578,84.722,0.060,24.0,0.060,24,0.548,0.548,0.548,0.548
1,2023,2023191,18.0,1063,Williams,85.542,85.424,0.708,0.59,0.506,0.59,84.932,-0.118,27.0,0.084,24,0.649,0.649,0.548,0.548
1,2023,2023191,19.0,1064,Williams,85.457,85.604,0.668,0.815,0.668,0.815,84.822,0.147,24.0,0.147,24,0.742,0.7415,0.742,0.7415
1,2023,2023191,20.0,1065,Williams,85.397,85.893,0.733,1.229,0.733,0.747,84.691,0.496,24.0,0.014,24,0.981,0.9810000000000001,0.740,0.74
1,2023,2023191,21.0,1066,Williams,85.097,85.219,0.437,0.559,0.437,0.559,84.722,0.122,24.0,0.122,24,0.498,0.498,0.498,0.498
1,2023,2023191,22.0,1067,Williams,85.154,,0.439,,0.439,,84.854,-,-,-,,-,0.2063333333333333,-,0.2063333333333333
1,2023,2023191,23.0,1068,Williams,84.89,,0.436,,0.436,,84.532,-,-,-,,-,-0.08533333333333337,-,-0.08533333333333337
1,2023,2023191,24.0,1069,Williams,85.019,83.003,0.631,-1.385,0.631,-1.385,84.486,-2.016,27.0,-2.016,27,-0.377,-0.377,-0.377,-0.377
1,2023,2023191,25.0,1070,Williams,84.813,83.579,0.628,-0.606,0.628,-0.606,84.259,-1.234,27.0,-1.234,27,0.011,0.01100000000000001,0.011,0.01100000000000001
1,2023,2023191,26.0,1071,Williams,84.79,83.747,0.583,-0.46,0.583,-0.46,84.268,-1.043,27.0,-1.043,27,0.061,0.06149999999999997,0.061,0.06149999999999997
1,2023,2023191,27.0,1072,Williams,85.131,83.377,0.866,-0.888,0.866,-0.888,84.346,-1.754,27.0,-1.754,27,-0.011,-0.01100000000000001,-0.011,-0.01100000000000001
1,2023,2023191,28.0,1073,Williams,85.709,86.29,1.318,1.899,1.318,-0.604,84.578,0.581,24.0,-1.922,27,1.609,1.6085,0.357,0.35700000000000004
1,2023,2023191,29.0,1074,Williams,85.968,84.196,1.542,-0.23,1.542,-0.23,84.511,-1.772,27.0,-1.772,27,0.656,0.656,0.656,0.656
1,2023,2023191,30.0,1075,Williams,85.279,86.036,1.052,1.809,1.052,0.247,84.457,0.757,24.0,-0.805,27,1.430,1.4304999999999999,0.649,0.6495
1,2023,2023191,31.0,1076,Williams,85.936,84.753,1.772,0.589,1.022,0.589,84.315,-1.183,27.0,-0.433,27,1.180,1.1804999999999999,0.805,0.8055
1,2023,2023191,32.0,1077,Williams,85.094,,1.417,,1.417,,83.677,-,-,-,,-,0.24409999999999976,-,-0.05590000000000006
1,2023,2023191,33.0,1078,Williams,,,,,,,,-,-,-,,-,-0.6923000000000004,-,-0.9173000000000001
1,2023,2023191,34.0,1079,Williams,,,,,,,,-,-,-,,-,-1.6287000000000007,-,-1.7787000000000002
1,2023,2023191,35.0,1080,Williams,,,,,,,,-,-,-,,-,,-,
1,2023,2023191,36.0,1081,Williams,129.393,123.868,-0.739,-6.264,-0.739,-6.264,130.132,-5.525,27.0,-5.525,27,-3.502,-3.5015,-3.502,-3.5015
1,2023,2023191,37.0,1082,Williams,84.067,85.762,-0.076,1.619,-0.076,1.619,84.143,1.695,24.0,1.695,24,0.771,0.7715,0.771,0.7715
1,2023,2023191,38.0,1083,Williams,82.998,84.235,-0.253,0.984,-0.253,0.984,83.251,1.237,24.0,1.237,24,0.365,0.3655,0.365,0.3655
1,2023,2023191,39.0,1084,Williams,84.014,84.108,0.884,0.978,-0.127,0.978,83.328,0.094,24.0,1.105,24,0.931,0.931,0.425,0.4255
1,2023,2023191,40.0,1085,Williams,83.008,83.216,-0.059,0.149,-0.059,0.149,83.111,0.208,24.0,0.208,24,0.045,0.045,0.045,0.045
1,2023,2023191,41.0,1086,Williams,83.323,83.485,0.192,0.354,0.192,0.354,83.262,0.162,24.0,0.162,24,0.273,0.273,0.273,0.273
1,2023,2023191,42.0,1087,Williams,83.347,83.673,0.136,0.462,0.136,0.462,83.244,0.326,24.0,0.326,24,0.299,0.29900000000000004,0.299,0.29900000000000004
1,2023,2023191,43.0,1088,Williams,83.317,83.871,0.217,0.771,0.217,0.771,83.158,0.554,24.0,0.554,24,0.494,0.494,0.494,0.494
1,2023,2023191,44.0,1089,Williams,83.409,83.764,0.138,0.493,0.138,0.493,83.292,0.355,24.0,0.355,24,0.316,0.3155,0.316,0.3155
1,2023,2023191,45.0,1090,Williams,83.578,84.013,0.126,0.561,0.126,0.561,83.506,0.435,24.0,0.435,24,0.344,0.3435,0.344,0.3435
1,2023,2023191,46.0,1091,Williams,83.898,83.742,0.375,0.219,0.375,0.219,83.732,-0.156,27.0,-0.156,27,0.297,0.297,0.297,0.297
1,2023,2023191,47.0,1092,Williams,84.142,83.45,0.624,-0.068,0.463,-0.068,83.706,-0.692,27.0,-0.531,27,0.278,0.278,0.198,0.1975
1,2023,2023191,48.0,1093,Williams,84.063,83.807,0.354,0.098,0.354,0.098,83.877,-0.256,27.0,-0.256,27,0.226,0.22599999999999998,0.226,0.22599999999999998
1,2023,2023191,49.0,1094,Williams,85.654,84.536,1.993,0.875,0.273,-0.01,84.906,-1.118,27.0,-0.283,27,1.434,1.4340000000000002,0.132,0.1315
1,2023,2023191,50.0,1095,Williams,83.805,83.495,0.312,0.002,0.312,0.002,83.507,-0.310,27.0,-0.310,27,0.157,0.157,0.157,0.157
1,2023,2023191,51.0,1096,Williams,83.86,83.799,0.432,0.371,0.432,0.371,83.475,-0.061,27.0,-0.061,27,0.401,0.40149999999999997,0.401,0.40149999999999997
1,2023,2023191,52.0,1097,Williams,83.768,83.858,0.3,0.39,0.3,0.39,83.558,0.090,24.0,0.090,24,0.345,0.345,0.345,0.345
1,2023,2023191,53.0,1098,Williams,83.759,83.817,0.287,0.345,0.287,0.345,83.526,0.058,24.0,0.058,24,0.316,0.31599999999999995,0.316,0.31599999999999995
1,2023,2023191,54.0,1099,Williams,83.608,83.916,0.141,0.449,0.141,0.449,83.508,0.308,24.0,0.308,24,0.295,0.295,0.295,0.295
1,2023,2023191,55.0,1100,Williams,84.033,83.817,0.655,0.439,0.21,0.439,83.423,-0.216,27.0,0.229,24,0.547,0.547,0.325,0.3245
1,2023,2023191,56.0,1101,Williams,83.568,84.322,0.213,0.967,0.213,0.967,83.513,0.754,24.0,0.754,24,0.590,0.59,0.590,0.59
1,2023,2023191,57.0,1102,Williams,83.236,84.89,-0.039,1.615,-0.039,0.653,83.383,1.654,24.0,0.692,24,0.788,0.788,0.307,0.307
1,2023,2023191,58.0,1103,Williams,83.238,83.534,-0.036,0.26,-0.036,0.26,83.407,0.296,24.0,0.296,24,0.112,0.112,0.112,0.112
1,2023,2023191,59.0,1104,Williams,83.297,83.805,0.073,0.581,0.073,0.581,83.224,0.508,24.0,0.508,24,0.327,0.32699999999999996,0.327,0.32699999999999996
1,2023,2023191,60.0,1105,Williams,83.146,83.764,-0.007,0.611,-0.007,0.611,83.318,0.618,24.0,0.618,24,0.302,0.302,0.302,0.302
1,2023,2023191,61.0,1106,Williams,83.128,83.822,-0.08,0.614,-0.08,0.614,83.239,0.694,24.0,0.694,24,0.267,0.267,0.267,0.267
1,2023,2023191,62.0,1107,Williams,83.189,83.585,-0.117,0.279,-0.117,0.279,83.357,0.396,24.0,0.396,24,0.081,0.08100000000000002,0.081,0.08100000000000002
1,2023,2023191,63.0,1108,Williams,83.12,84.008,-0.322,0.566,-0.322,0.566,83.442,0.888,24.0,0.888,24,0.122,0.12199999999999997,0.122,0.12199999999999997
1,2023,2023191,64.0,1109,Williams,82.913,84.054,-0.419,0.722,-0.419,0.722,83.332,1.141,24.0,1.141,24,0.151,0.1515,0.151,0.1515
1,2023,2023191,65.0,1110,Williams,82.773,83.751,-0.572,0.406,-0.572,0.406,83.373,0.978,24.0,0.978,24,-0.083,-0.08299999999999996,-0.083,-0.08299999999999996
1,2023,2023191,66.0,1111,Williams,82.826,86.118,-0.523,2.769,-0.523,0.2,83.909,3.292,24.0,0.723,24,1.123,1.123,-0.162,-0.1615
1,2023,2023191,67.0,1112,Williams,82.979,83.347,-0.581,-0.213,-0.581,-0.213,83.897,0.368,24.0,0.368,24,-0.397,-0.39699999999999996,-0.397,-0.39699999999999996
1,2023,2023191,68.0,1113,Williams,82.806,84.509,-0.66,1.043,-0.66,1.043,83.481,1.703,24.0,1.703,24,0.191,0.19149999999999995,0.191,0.19149999999999995
1,2023,2023191,69.0,1114,Williams,82.785,84.978,-0.652,1.541,-0.652,1.541,83.437,2.193,24.0,2.193,24,0.444,0.44449999999999995,0.444,0.44449999999999995
1,2023,2023191,70.0,1115,Williams,83.024,85.038,-0.638,1.376,-0.638,1.376,83.824,2.014,24.0,2.014,24,0.369,0.36899999999999994,0.369,0.36899999999999994
1,2023,2023191,71.0,1116,Williams,82.845,,-1.18,,-1.18,,84.025,-,-,-,,-,,-,
1,2023,2023201,1.0,1117,Williams,,,,,,,,-,-,-,,-,,-,
1,2023,2023201,2.0,1118,Williams,,,,,,,,-,-,-,,-,,-,
1,2023,2023201,3.0,1119,Williams,,,,,,,,-,-,-,,-,,-,
1,2023,2023201,4.0,1120,Williams,,81.801,,-18.408,,-18.408,100.209,-,-,-,,-,,-,
1,2023,2023201,5.0,1121,Williams,,78.262,,1.125,,1.125,77.137,-,-,-,,-,,-,
1,2023,2023201,6.0,1122,Williams,,77.247,,0.701,,0.701,76.546,-,-,-,,-,,-,
1,2023,2023201,7.0,1123,Williams,,77.182,,0.683,,0.683,76.499,-,-,-,,-,,-,
1,2023,2023201,8.0,1124,Williams,,76.798,,0.264,,0.264,76.577,-,-,-,,-,,-,
1,2023,2023201,9.0,1125,Williams,,76.854,,0.186,,0.186,76.709,-,-,-,,-,,-,
1,2023,2023201,10.0,1126,Williams,,76.934,,0.156,,0.156,76.865,-,-,-,,-,,-,
1,2023,2023201,11.0,1127,Williams,,77.295,,0.448,,0.448,76.912,-,-,-,,-,,-,
1,2023,2023201,12.0,1128,Williams,,77.66,,0.65,,0.65,77.041,-,-,-,,-,,-,
1,2023,2023201,13.0,1129,Williams,,77.921,,0.772,,0.772,77.35,-,-,-,,-,,-,
1,2023,2023201,14.0,1130,Williams,,77.587,,0.399,,0.399,77.277,-,-,-,,-,,-,
1,2023,2023201,15.0,1131,Williams,,77.85,,0.647,,0.647,77.217,-,-,-,,-,,-,
1,2023,2023201,16.0,1132,Williams,,77.485,,0.342,,0.342,77.566,-,-,-,,-,,-,
1,2023,2023201,17.0,1133,Williams,,,,,,,77.091,-,-,-,,-,,-,
1,2023,2023201,18.0,1134,Williams,,,,,,,77.08,-,-,-,,-,,-,
1,2023,2023201,19.0,1135,Williams,,76.235,,-0.618,,-0.618,76.898,-,-,-,,-,,-,
1,2023,2023201,20.0,1136,Williams,,76.379,,-0.362,,-0.362,76.785,-,-,-,,-,,-,
1,2023,2023201,21.0,1137,Williams,,76.288,,-0.372,,-0.372,76.727,-,-,-,,-,,-,
1,2023,2023201,22.0,1138,Williams,,76.101,,-0.485,,-0.485,76.61,-,-,-,,-,,-,
1,2023,2023201,23.0,1139,Williams,,76.358,,-0.382,,-0.382,76.908,-,-,-,,-,,-,
1,2023,2023201,24.0,1140,Williams,,76.537,,-0.196,,-0.196,76.764,-,-,-,,-,,-,
1,2023,2023201,25.0,1141,Williams,,76.793,,-0.14,,-0.14,76.933,-,-,-,,-,,-,
1,2023,2023201,26.0,1142,Williams,,76.766,,0.286,,0.286,76.48,-,-,-,,-,,-,
1,2023,2023201,27.0,1143,Williams,,76.648,,0.366,,0.366,76.326,-,-,-,,-,,-,
1,2023,2023201,28.0,1144,Williams,,76.658,,0.498,,0.498,76.192,-,-,-,,-,,-,
1,2023,2023201,29.0,1145,Williams,,77.001,,0.946,,0.946,76.133,-,-,-,,-,,-,
1,2023,2023201,30.0,1146,Williams,,77.475,,1.423,,0.924,76.119,-,-,-,,-,,-,
1,2023,2023201,31.0,1147,Williams,,76.951,,0.959,,0.959,76.029,-,-,-,,-,,-,
1,2023,2023201,32.0,1148,Williams,,77.025,,1.031,,1.031,76.073,-,-,-,,-,,-,
1,2023,2023201,33.0,1149,Williams,,76.648,,0.74,,0.74,75.973,-,-,-,,-,,-,
1,2023,2023201,34.0,1150,Williams,,77.558,,1.582,,1.582,76.067,-,-,-,,-,,-,
1,2023,2023201,35.0,1151,Williams,,77.703,,1.703,,1.703,76.103,-,-,-,,-,,-,
1,2023,2023201,36.0,1152,Williams,,77.192,,1.194,,1.194,76.047,-,-,-,,-,,-,
1,2023,2023201,37.0,1153,Williams,,76.997,,0.956,,0.956,76.134,-,-,-,,-,,-,
1,2023,2023201,38.0,1154,Williams,,77.392,,1.216,,1.216,76.282,-,-,-,,-,,-,
1,2023,2023201,39.0,1155,Williams,,77.24,,1.096,,1.096,76.197,-,-,-,,-,,-,
1,2023,2023201,40.0,1156,Williams,,76.904,,0.751,,0.751,76.203,-,-,-,,-,,-,
1,2023,2023201,41.0,1157,Williams,,76.909,,0.746,,0.746,76.163,-,-,-,,-,,-,
1,2023,2023201,42.0,1158,Williams,,77.047,,0.8,,0.8,76.247,-,-,-,,-,,-,
1,2023,2023201,43.0,1159,Williams,,77.625,,1.301,,1.301,76.407,-,-,-,,-,,-,
1,2023,2023201,44.0,1160,Williams,,,,,,,76.451,-,-,-,,-,,-,
1,2023,2023201,45.0,1161,Williams,,,,,,,76.362,-,-,-,,-,,-,
1,2023,2023201,46.0,1162,Williams,,76.117,,0.051,,0.051,76.093,-,-,-,,-,,-,
1,2023,2023201,47.0,1163,Williams,,76.051,,-0.061,,-0.061,76.112,-,-,-,,-,,-,
1,2023,2023201,48.0,1164,Williams,,75.808,,-0.166,,-0.166,76.062,-,-,-,,-,,-,
1,2023,2023201,49.0,1165,Williams,,75.988,,0.049,,0.049,75.939,-,-,-,,-,,-,
1,2023,2023201,50.0,1166,Williams,,76.153,,0.175,,0.175,75.978,-,-,-,,-,,-,
1,2023,2023201,51.0,1167,Williams,,75.738,,-0.041,,-0.041,75.779,-,-,-,,-,,-,
1,2023,2023201,52.0,1168,Williams,,75.795,,0.214,,0.214,75.581,-,-,-,,-,,-,
1,2023,2023201,53.0,1169,Williams,,75.878,,0.524,,0.524,75.354,-,-,-,,-,,-,
1,2023,2023201,54.0,1170,Williams,,76.802,,1.54,,0.82,75.31,-,-,-,,-,,-,
1,2023,2023201,55.0,1171,Williams,,76.286,,1.135,,1.135,75.214,-,-,-,,-,,-,
1,2023,2023201,56.0,1172,Williams,,75.969,,0.699,,0.699,75.316,-,-,-,,-,,-,
1,2023,2023201,57.0,1173,Williams,,76.053,,0.878,,0.878,75.361,-,-,-,,-,,-,
1,2023,2023201,58.0,1174,Williams,,76.513,,1.538,,1.261,74.994,-,-,-,,-,,-,
1,2023,2023201,59.0,1175,Williams,,76.419,,1.644,,1.644,74.844,-,-,-,,-,,-,
1,2023,2023201,60.0,1176,Williams,,76.017,,1.188,,1.188,74.902,-,-,-,,-,,-,
1,2023,2023201,61.0,1177,Williams,,75.819,,1.08,,1.08,74.753,-,-,-,,-,,-,
1,2023,2023201,62.0,1178,Williams,,75.942,,1.301,,1.301,74.704,-,-,-,,-,,-,
1,2023,2023201,63.0,1179,Williams,,75.789,,1.15,,1.15,74.687,-,-,-,,-,,-,
1,2023,2023201,64.0,1180,Williams,,77.584,,2.921,,1.345,74.791,-,-,-,,-,,-,
1,2023,2023201,65.0,1181,Williams,,76.226,,1.45,,1.45,74.87,-,-,-,,-,,-,
1,2023,2023201,66.0,1182,Williams,,76.477,,1.684,,1.684,74.792,-,-,-,,-,,-,
1,2023,2023201,67.0,1183,Williams,,76.333,,1.633,,1.633,75.192,-,-,-,,-,,-,
1,2023,2023201,68.0,1184,Williams,,76.091,,1.373,,1.373,74.75,-,-,-,,-,,-,
1,2023,2023201,69.0,1185,Williams,,75.904,,1.111,,1.111,74.834,-,-,-,,-,,-,
1,2023,2023201,70.0,1186,Williams,,75.96,,0.904,,0.904,75.143,-,-,-,,-,,-,
1,2023,2023211,1.0,1187,Williams,,,,,,,,-,-,-,,-,,-,
1,2023,2023211,2.0,1188,Williams,,,,,,,,-,-,-,,-,,-,
1,2023,2023211,3.0,1189,Williams,,,,,,,,-,-,-,,-,,-,
1,2023,2023211,4.0,1190,Williams,,,,,,,,-,-,-,,-,,-,
1,2023,2023211,5.0,1191,Williams,,,,,,,,-,-,-,,-,,-,
1,2023,2023211,6.0,1192,Williams,,,,,,,,-,-,-,,-,,-,
1,2023,2023211,7.0,1193,Williams,,,,,,,,-,-,-,,-,,-,
1,2023,2023211,8.0,1194,Williams,100.682,100.817,-0.582,-0.447,-0.582,-0.447,101.264,0.135,24.0,0.135,24,-0.514,-0.5145,-0.514,-0.5145
1,2023,2023211,9.0,1195,Williams,100.37,100.229,0.007,-0.134,0.007,-0.134,100.363,-0.141,27.0,-0.141,27,-0.064,-0.0635,-0.064,-0.0635
1,2023,2023211,10.0,1196,Williams,100.097,100.171,-0.079,-0.005,-0.079,-0.005,100.604,0.074,24.0,0.074,24,-0.042,-0.042,-0.042,-0.042
1,2023,2023211,11.0,1197,Williams,99.964,99.887,-0.042,-0.119,-0.042,-0.119,100.006,-0.077,27.0,-0.077,27,-0.081,-0.0805,-0.081,-0.0805
1,2023,2023211,12.0,1198,Williams,99.283,99.357,-0.259,-0.185,-0.259,-0.185,99.542,0.074,24.0,0.074,24,-0.222,-0.222,-0.222,-0.222
1,2023,2023211,13.0,1199,Williams,99.733,99.693,0.322,0.282,0.322,0.282,99.474,-0.040,27.0,-0.040,27,0.302,0.302,0.302,0.302
1,2023,2023211,14.0,1200,Williams,100.042,102.164,0.523,2.645,0.523,2.645,99.836,2.122,24.0,2.122,24,1.584,1.584,1.584,1.584
1,2023,2023211,15.0,1201,Williams,100.515,,0.997,,0.997,,99.569,-,-,-,,-,1.2655,-,1.2655
1,2023,2023211,16.0,1202,Williams,,,,,,,100.137,-,-,-,,-,0.9470000000000001,-,0.9470000000000001
1,2023,2023211,17.0,1203,Williams,,99.945,,0.168,,0.168,99.777,-,-,-,,-,0.6285000000000001,-,0.6285000000000001
1,2023,2023211,18.0,1204,Williams,99.548,100.132,0.018,0.602,0.018,0.602,99.665,0.584,24.0,0.584,24,0.310,0.31,0.310,0.31
1,2023,2023211,19.0,1205,Williams,99.834,100.113,0.178,0.457,0.178,0.457,99.716,0.279,24.0,0.279,24,0.318,0.3175,0.318,0.3175
1,2023,2023211,20.0,1206,Williams,99.309,99.454,-0.133,0.012,-0.133,0.012,99.569,0.145,24.0,0.145,24,-0.061,-0.060500000000000005,-0.061,-0.060500000000000005
1,2023,2023211,21.0,1207,Williams,98.688,99.362,-0.718,-0.044,-0.718,-0.044,99.406,0.674,24.0,0.674,24,-0.381,-0.381,-0.381,-0.381
1,2023,2023211,22.0,1208,Williams,99.061,98.51,-0.217,-0.768,-0.217,-0.768,99.318,-0.551,27.0,-0.551,27,-0.492,-0.4925,-0.492,-0.4925
1,2023,2023211,23.0,1209,Williams,98.609,98.671,-0.469,-0.407,-0.469,-0.407,99.165,0.062,24.0,0.062,24,-0.438,-0.43799999999999994,-0.438,-0.43799999999999994
1,2023,2023211,24.0,1210,Williams,99.166,98.448,0.224,-0.494,0.224,-0.494,98.979,-0.718,27.0,-0.718,27,-0.135,-0.135,-0.135,-0.135
1,2023,2023211,25.0,1211,Williams,99.279,99.336,-0.126,-0.069,-0.126,-0.069,99.405,0.057,24.0,0.057,24,-0.098,-0.0975,-0.098,-0.0975
1,2023,2023211,26.0,1212,Williams,,,,,,,,-,-,-,,-,-0.0998,-,-0.0998
1,2023,2023211,27.0,1213,Williams,,,,,,,,-,-,-,,-,-0.10210000000000001,-,-0.10210000000000001
1,2023,2023211,28.0,1214,Williams,,,,,,,,-,-,-,,-,-0.1044,-,-0.1044
1,2023,2023211,29.0,1215,Williams,,,,,,,,-,-,-,,-,,-,
1,2023,2023211,30.0,1216,Williams,98.865,99.447,-0.4,0.182,-0.4,0.182,99.265,0.582,24.0,0.582,24,-0.109,-0.10900000000000001,-0.109,-0.10900000000000001
1,2023,2023211,31.0,1217,Williams,97.996,98.757,-0.561,0.2,-0.561,0.2,98.557,0.761,24.0,0.761,24,-0.181,-0.18050000000000002,-0.181,-0.18050000000000002
1,2023,2023211,32.0,1218,Williams,98.07,97.74,0.0,-0.33,0.0,-0.33,98.115,-0.330,27.0,-0.330,27,-0.165,-0.165,-0.165,-0.165
1,2023,2023211,33.0,1219,Williams,97.789,98.253,-0.204,0.26,-0.204,0.26,98.152,0.464,24.0,0.464,24,0.028,0.02800000000000001,0.028,0.02800000000000001
1,2023,2023211,34.0,1220,Williams,97.96,98.803,0.078,0.921,0.078,0.202,98.021,0.843,24.0,0.124,24,0.499,0.4995,0.140,0.14
1,2023,2023211,35.0,1221,Williams,98.394,97.915,0.534,0.055,0.534,0.055,97.886,-0.479,27.0,-0.479,27,0.295,0.29450000000000004,0.295,0.29450000000000004
1,2023,2023211,36.0,1222,Williams,98.491,98.198,0.644,0.351,0.644,0.351,97.913,-0.293,27.0,-0.293,27,0.497,0.4975,0.497,0.4975
1,2023,2023211,37.0,1223,Williams,98.099,98.694,0.294,0.889,0.294,0.6,97.949,0.595,24.0,0.306,24,0.592,0.5915,0.447,0.44699999999999995
1,2023,2023211,38.0,1224,Williams,97.788,98.611,0.008,0.831,0.008,0.831,97.806,0.823,24.0,0.823,24,0.419,0.4195,0.419,0.4195
1,2023,2023211,39.0,1225,Williams,98.652,98.304,0.863,0.515,0.863,0.515,97.789,-0.348,27.0,-0.348,27,0.689,0.6890000000000001,0.689,0.6890000000000001
1,2023,2023211,40.0,1226,Williams,101.17,99.781,3.376,1.987,1.206,0.705,98.012,-1.389,27.0,-0.501,27,2.681,2.6814999999999998,0.956,0.9555
1,2023,2023211,41.0,1227,Williams,99.349,98.695,1.642,0.988,1.642,0.988,97.809,-0.654,27.0,-0.654,27,1.315,1.315,1.315,1.315
1,2023,2023211,42.0,1228,Williams,98.718,100.057,1.055,2.394,1.055,1.01,97.761,1.339,24.0,-0.045,27,1.724,1.7245,1.032,1.0325
1,2023,2023211,43.0,1229,Williams,98.565,98.65,1.033,1.118,1.033,1.118,97.691,0.085,24.0,0.085,24,1.075,1.0755,1.075,1.0755
1,2023,2023211,44.0,1230,Williams,99.131,98.942,1.606,1.417,1.011,1.417,97.859,-0.189,27.0,0.406,24,1.512,1.5115,1.214,1.214
1,2023,2023211,45.0,1231,Williams,98.508,98.569,1.208,1.269,1.208,1.269,97.3,0.061,24.0,0.061,24,1.238,1.2385,1.238,1.2385
1,2023,2023211,46.0,1232,Williams,98.284,98.814,1.084,1.614,1.084,1.614,97.297,0.530,24.0,0.530,24,1.349,1.3490000000000002,1.349,1.3490000000000002
1,2023,2023211,47.0,1233,Williams,98.398,98.397,1.263,1.262,1.263,1.262,97.135,-0.001,27.0,-0.001,27,1.262,1.2625,1.262,1.2625
1,2023,2023211,48.0,1234,Williams,98.096,98.288,0.868,1.06,0.868,1.06,97.383,0.192,24.0,0.192,24,0.964,0.964,0.964,0.964
1,2023,2023211,49.0,1235,Williams,97.875,98.631,0.714,1.47,0.714,1.47,97.161,0.756,24.0,0.756,24,1.092,1.092,1.092,1.092
1,2023,2023211,50.0,1236,Williams,97.357,98.086,0.22,0.949,0.22,0.949,97.137,0.729,24.0,0.729,24,0.585,0.5845,0.585,0.5845
1,2023,2023221,1.0,1237,Williams,,,,,,,,-,-,-,,-,,-,
1,2023,2023221,2.0,1238,Williams,,,,,,,,-,-,-,,-,,-,
1,2023,2023221,3.0,1239,Williams,91.768,91.4,0.683,0.315,0.683,0.315,91.085,-0.368,27.0,-0.368,27,0.499,0.499,0.499,0.499
1,2023,2023221,4.0,1240,Williams,91.591,91.487,0.635,0.531,0.635,0.531,91.06,-0.104,27.0,-0.104,27,0.583,0.583,0.583,0.583
1,2023,2023221,5.0,1241,Williams,91.422,92.275,0.474,1.327,0.474,0.652,90.99,0.853,24.0,0.178,24,0.900,0.9005,0.563,0.563
1,2023,2023221,6.0,1242,Williams,91.491,91.712,0.579,0.8,0.579,0.8,90.912,0.221,24.0,0.221,24,0.690,0.6895,0.690,0.6895
1,2023,2023221,7.0,1243,Williams,91.438,91.157,0.533,0.252,0.533,0.252,90.917,-0.281,27.0,-0.281,27,0.393,0.3925,0.393,0.3925
1,2023,2023221,8.0,1244,Williams,91.58,91.542,0.608,0.57,0.608,0.311,91.024,-0.038,27.0,-0.297,27,0.589,0.589,0.460,0.4595
1,2023,2023221,9.0,1245,Williams,91.644,91.408,0.663,0.427,0.663,0.427,91.01,-0.236,27.0,-0.236,27,0.545,0.545,0.545,0.545
1,2023,2023221,10.0,1246,Williams,91.978,92.038,0.834,0.894,0.659,0.501,91.212,0.060,24.0,-0.158,27,0.864,0.864,0.580,0.5800000000000001
1,2023,2023221,11.0,1247,Williams,91.962,91.882,0.698,0.618,0.698,0.618,91.38,-0.080,27.0,-0.080,27,0.658,0.6579999999999999,0.658,0.6579999999999999
1,2023,2023221,12.0,1248,Williams,91.958,91.889,0.644,0.575,0.644,0.575,91.376,-0.069,27.0,-0.069,27,0.609,0.6094999999999999,0.609,0.6094999999999999
1,2023,2023221,13.0,1249,Williams,91.7,92.05,0.446,0.796,0.446,0.796,91.287,0.350,24.0,0.350,24,0.621,0.621,0.621,0.621
1,2023,2023221,14.0,1250,Williams,91.655,91.825,0.467,0.637,0.467,0.637,91.204,0.170,24.0,0.170,24,0.552,0.552,0.552,0.552
1,2023,2023221,15.0,1251,Williams,91.729,,0.746,,0.746,,90.983,-,-,-,,-,0.47800000000000004,-,0.364375
1,2023,2023221,16.0,1252,Williams,,,,,,,90.866,-,-,-,,-,0.404,-,0.17675000000000002
1,2023,2023221,17.0,1253,Williams,,90.404,,-0.149,,-0.149,90.672,-,-,-,,-,0.33,-,-0.010874999999999968
1,2023,2023221,18.0,1254,Williams,90.463,91.295,-0.16,0.672,-0.16,-0.237,90.779,0.832,24.0,-0.077,27,0.256,0.256,-0.199,-0.1985
1,2023,2023221,19.0,1255,Williams,90.573,90.368,0.108,-0.097,0.108,-0.097,90.522,-0.205,27.0,-0.205,27,0.005,0.005499999999999998,0.005,0.005499999999999998
1,2023,2023221,20.0,1256,Williams,90.392,90.406,-0.034,-0.02,-0.034,-0.02,90.491,0.014,24.0,0.014,24,-0.027,-0.027000000000000003,-0.027,-0.027000000000000003
1,2023,2023221,21.0,1257,Williams,90.54,90.281,0.056,-0.203,0.056,-0.203,90.529,-0.259,27.0,-0.259,27,-0.074,-0.07350000000000001,-0.074,-0.07350000000000001
1,2023,2023221,22.0,1258,Williams,90.706,90.434,0.292,0.02,0.292,0.02,90.618,-0.272,27.0,-0.272,27,0.156,0.156,0.156,0.156
1,2023,2023221,23.0,1259,Williams,90.272,90.837,-0.151,0.414,-0.151,0.099,90.544,0.565,24.0,0.250,24,0.132,0.1315,-0.026,-0.025999999999999995
1,2023,2023221,24.0,1260,Williams,90.511,90.609,0.15,0.248,0.15,0.248,90.393,0.098,24.0,0.098,24,0.199,0.199,0.199,0.199
1,2023,2023221,25.0,1261,Williams,90.655,90.53,0.399,0.274,0.399,0.274,90.309,-0.125,27.0,-0.125,27,0.337,0.3365,0.337,0.3365
1,2023,2023221,26.0,1262,Williams,90.092,90.608,-0.036,0.48,-0.036,0.48,90.351,0.516,24.0,0.516,24,0.222,0.222,0.222,0.222
1,2023,2023221,27.0,1263,Williams,90.728,90.465,0.569,0.306,0.203,0.306,90.206,-0.263,27.0,0.103,24,0.438,0.4375,0.255,0.2545
1,2023,2023221,28.0,1264,Williams,90.631,90.987,0.392,0.748,0.392,0.34,90.343,0.356,24.0,-0.052,27,0.570,0.5700000000000001,0.366,0.366
1,2023,2023221,29.0,1265,Williams,90.588,90.693,0.481,0.586,0.481,0.586,90.158,0.105,24.0,0.105,24,0.533,0.5335,0.533,0.5335
1,2023,2023221,30.0,1266,Williams,90.591,90.642,0.518,0.569,0.518,0.569,90.138,0.051,24.0,0.051,24,0.543,0.5435,0.543,0.5435
1,2023,2023221,31.0,1267,Williams,90.555,90.647,0.472,0.564,0.472,0.564,90.1,0.092,24.0,0.092,24,0.518,0.518,0.518,0.518
1,2023,2023221,32.0,1268,Williams,90.35,91.13,0.33,1.11,0.33,0.743,90.076,0.780,24.0,0.413,24,0.720,0.7200000000000001,0.536,0.5365
1,2023,2023221,33.0,1269,Williams,90.447,90.878,0.489,0.92,0.489,0.92,90.008,0.431,24.0,0.431,24,0.705,0.7045,0.705,0.7045
1,2023,2023221,34.0,1270,Williams,90.026,90.769,0.123,0.866,0.123,0.866,89.903,0.743,24.0,0.743,24,0.494,0.4945,0.494,0.4945
1,2023,2023221,35.0,1271,Williams,89.987,90.545,0.118,0.676,0.118,0.676,89.869,0.558,24.0,0.558,24,0.397,0.397,0.397,0.397
1,2023,2023221,36.0,1272,Williams,90.341,90.74,0.46,0.859,0.46,0.859,89.974,0.399,24.0,0.399,24,0.659,0.6595,0.659,0.6595
1,2023,2023221,37.0,1273,Williams,90.413,91.78,0.54,1.907,0.54,1.112,89.991,1.367,24.0,0.572,24,1.224,1.2235,0.826,0.8260000000000001
1,2023,2023221,38.0,1274,Williams,90.238,91.231,0.504,1.497,0.504,1.497,89.811,0.993,24.0,0.993,24,1.001,1.0005000000000002,1.001,1.0005000000000002
1,2023,2023221,39.0,1275,Williams,90.497,91.989,0.811,2.303,0.598,1.806,89.942,1.492,24.0,1.208,24,1.557,1.557,1.202,1.202
1,2023,2023221,40.0,1276,Williams,90.331,91.754,0.791,2.214,0.791,2.214,89.609,1.423,24.0,1.423,24,1.502,1.5025,1.502,1.5025
1,2023,2023221,41.0,1277,Williams,90.31,,0.906,,0.906,,89.404,-,-,-,,-,1.096,-,1.096
1,2023,2023221,42.0,1278,Williams,90.355,,1.106,,1.106,,89.294,-,-,-,,-,0.6895,-,0.6895
1,2023,2023221,43.0,1279,Williams,,88.58,,-0.585,,-0.585,89.363,-,-,-,,-,0.2829999999999999,-,0.2829999999999999
1,2023,2023221,44.0,1280,Williams,,88.645,,-0.412,,-0.412,89.057,-,-,-,,-,,-,
1,2023,2023221,45.0,1281,Williams,87.845,88.791,-1.003,-0.057,-1.003,-0.057,88.978,0.946,24.0,0.946,24,-0.530,-0.5299999999999999,-0.530,-0.5299999999999999
1,2023,2023221,46.0,1282,Williams,88.694,88.918,-0.317,-0.093,-0.317,-0.093,89.033,0.224,24.0,0.224,24,-0.205,-0.20500000000000002,-0.205,-0.20500000000000002
1,2023,2023221,47.0,1283,Williams,88.74,89.458,-0.43,0.288,-0.43,0.288,89.315,0.718,24.0,0.718,24,-0.071,-0.07100000000000001,-0.071,-0.07100000000000001
1,2023,2023221,48.0,1284,Williams,88.92,89.931,-0.281,0.73,-0.451,-0.025,89.366,1.011,24.0,0.426,24,0.224,0.22449999999999998,-0.238,-0.23800000000000002
1,2023,2023221,49.0,1285,Williams,88.761,88.896,-0.416,-0.281,-0.416,-0.281,89.258,0.135,24.0,0.135,24,-0.349,-0.34850000000000003,-0.349,-0.34850000000000003
1,2023,2023221,50.0,1286,Williams,89.011,88.98,-0.151,-0.182,-0.444,-0.182,89.249,-0.031,27.0,0.262,24,-0.166,-0.16649999999999998,-0.313,-0.313
1,2023,2023221,51.0,1287,Williams,88.675,88.837,-0.466,-0.304,-0.466,-0.304,89.154,0.162,24.0,0.162,24,-0.385,-0.385,-0.385,-0.385
1,2023,2023221,52.0,1288,Williams,88.402,88.64,-0.69,-0.452,-0.69,-0.452,89.194,0.238,24.0,0.238,24,-0.571,-0.571,-0.571,-0.571
1,2023,2023221,53.0,1289,Williams,88.608,88.943,-0.53,-0.195,-0.53,-0.357,89.221,0.335,24.0,0.173,24,-0.363,-0.36250000000000004,-0.444,-0.4435
1,2023,2023221,54.0,1290,Williams,88.812,88.923,-0.342,-0.231,-0.479,-0.231,89.246,0.111,24.0,0.248,24,-0.287,-0.28650000000000003,-0.355,-0.355
1,2023,2023221,55.0,1291,Williams,88.742,89.025,-0.43,-0.147,-0.43,-0.147,89.187,0.283,24.0,0.283,24,-0.288,-0.2885,-0.288,-0.2885
1,2023,2023221,56.0,1292,Williams,88.743,89.43,-0.428,0.259,-0.428,-0.026,89.264,0.687,24.0,0.402,24,-0.084,-0.08449999999999999,-0.227,-0.227
1,2023,2023221,57.0,1293,Williams,88.749,89.265,-0.612,-0.096,-0.612,-0.096,89.399,0.516,24.0,0.516,24,-0.354,-0.354,-0.354,-0.354
1,2023,2023221,58.0,1294,Williams,88.67,89.379,-0.748,-0.039,-0.748,-0.039,89.418,0.709,24.0,0.709,24,-0.394,-0.3935,-0.394,-0.3935
