SprintIndex,SeasonID,RaceID,EventIndex,TeamID,DriverID,DriverIDT,Abbreviation,FullName,Number,Color,LapNumber,LapNumberFlow,Laptime,LaptimeClear,LaptimeMistake,LaptimeNaN,LaptimeClearPace,LaptimeDiff,PaceDiff,PaceDiffDelta,PaceDiffMean,PaceDiffValueBetterID,PaceDiffClear,PaceDiffClearDelta,PaceDiffClearMean,PaceDiffClearValueBetterID,PaceDiffTeammate,Compound,CompoundColor,TyreLife,Stint,StintVerticalLine,StintLabel,StintMeanConsistency,SCLeave,SCEnter,VSCLeave,VSCEnter,Overtakes,Position
2,2024,2024011,0,8,3,3-8,BOT,Valtteri Bottas,77,#64D064,1.0,1,-,-,0,1,-,-,-,-,-,-,-,-,-,-,,S,#CD3C3C,1,1.0,0,0,0.309,0,0,0,0,,18
2,2024,2024011,0,8,3,3-8,BOT,Valtteri Bottas,77,#64D064,2.0,2,-,-,0,1,-,-,-,-,-,-,-,-,-,-,,S,#CD3C3C,2,1.0,0,0,0.309,0,0,0,0,0.0,18
2,2024,2024011,0,8,3,3-8,BOT,Valtteri Bottas,77,#64D064,3.0,3,98.837,98.837,0,0,-,-,-0.721,0.255,-0.594,23,-0.721,0.255,-0.594,23,-0.466,S,#CD3C3C,3,1.0,0,0,0.309,0,0,0,0,0.0,18
2,2024,2024011,0,8,3,3-8,BOT,Valtteri Bottas,77,#64D064,4.0,4,98.643,98.643,0,0,98.74,0.194,-0.609,0.215,-0.502,23,-0.609,0.215,-0.502,23,-0.394,S,#CD3C3C,4,1.0,0,0,0.309,0,0,0,0,0.0,18
2,2024,2024011,0,8,3,3-8,BOT,Valtteri Bottas,77,#64D064,5.0,5,100.087,98.924,1,0,98.784,1.444,-1.91,1.289,-1.265,23,-0.747,0.126,-0.684,23,-0.621,S,#CD3C3C,5,1.0,0,0,0.309,0,0,0,0,-1.0,19
2,2024,2024011,0,8,3,3-8,BOT,Valtteri Bottas,77,#64D064,6.0,6,99.206,99.206,0,0,99.065,0.881,-0.941,0.718,-0.582,23,-0.941,0.718,-0.582,23,-0.223,S,#CD3C3C,6,1.0,0,0,0.309,0,0,0,0,0.0,19
2,2024,2024011,0,8,3,3-8,BOT,Valtteri Bottas,77,#64D064,7.0,7,98.654,98.654,0,0,98.93,0.552,-0.272,-0.863,-0.704,3,-0.272,-0.863,-0.704,3,-1.135,S,#CD3C3C,7,1.0,0,1,0.309,0,0,0,0,0.0,19
2,2024,2024011,0,8,3,3-8,BOT,Valtteri Bottas,77,#64D064,8.0,8,98.968,98.968,0,0,98.811,0.314,-0.444,-0.678,-0.783,3,-0.444,-0.678,-0.783,3,-1.122,S,#CD3C3C,8,1.0,0,0,0.309,0,0,0,0,0.0,19
2,2024,2024011,0,8,3,3-8,BOT,Valtteri Bottas,77,#64D064,9.0,9,99.425,99.04,1,0,99.004,0.457,-0.994,-,-,-,-0.609,-,-,-,,S,#CD3C3C,9,1.0,0,0,0.309,0,0,0,0,0.0,18
2,2024,2024011,0,8,3,3-8,BOT,Valtteri Bottas,77,#64D064,10.0,10,99.112,99.112,0,0,99.076,0.313,-0.863,-,-,-,-0.863,-,-,-,,S,#CD3C3C,10,1.0,0,0,0.309,0,0,0,0,0.0,15
2,2024,2024011,0,8,3,3-8,BOT,Valtteri Bottas,77,#64D064,11.0,11,99.187,99.187,0,0,99.149,0.075,-1.154,2.822,0.257,23,-1.154,2.822,0.257,23,1.668,S,#CD3C3C,11,1.0,0,0,0.309,0,0,0,0,0.0,15
2,2024,2024011,0,8,3,3-8,BOT,Valtteri Bottas,77,#64D064,12.0,12,-,-,0,1,-,-,-,-,-,-,-,-,-,-,0.995,S,#CD3C3C,12,1.0,1,0,0.309,0,0,0,0,0.0,14
2,2024,2024011,0,8,3,3-8,BOT,Valtteri Bottas,77,#64D064,13.0,13,-,-,0,1,-,-,-,-,-,-,-,-,-,-,0.403,H,#A5AFB9,1,2.0,0,0,0.132,0,0,0,0,0.0,19
2,2024,2024011,0,8,3,3-8,BOT,Valtteri Bottas,77,#64D064,14.0,14,96.454,96.454,0,0,-,-,1.154,-1.028,0.640,3,1.154,-1.028,0.640,3,0.126,H,#A5AFB9,2,2.0,0,0,0.132,0,0,0,0,1.0,18
2,2024,2024011,0,8,3,3-8,BOT,Valtteri Bottas,77,#64D064,15.0,15,97.287,97.287,0,0,96.87,0.833,-0.066,-0.213,-0.172,3,-0.066,-0.213,-0.172,3,-0.279,H,#A5AFB9,3,2.0,0,0,0.132,0,0,0,0,0.0,18
2,2024,2024011,0,8,3,3-8,BOT,Valtteri Bottas,77,#64D064,16.0,16,97.718,97.718,0,0,97.502,0.431,-0.468,0.059,-0.439,23,-0.468,0.059,-0.439,23,-0.409,H,#A5AFB9,4,2.0,0,0,0.132,0,0,0,0,0.0,18
2,2024,2024011,0,8,3,3-8,BOT,Valtteri Bottas,77,#64D064,17.0,17,97.765,97.765,0,0,97.742,0.047,-0.459,-0.710,-0.814,3,-0.459,0.160,-0.379,23,-1.169,H,#A5AFB9,5,2.0,0,0,0.132,0,0,0,0,0.0,18
2,2024,2024011,0,8,3,3-8,BOT,Valtteri Bottas,77,#64D064,18.0,18,97.918,97.918,0,0,97.842,0.153,-0.601,0.366,-0.418,23,-0.601,0.366,-0.418,23,-0.235,H,#A5AFB9,6,2.0,0,0,0.132,0,0,0,0,0.0,18
2,2024,2024011,0,8,3,3-8,BOT,Valtteri Bottas,77,#64D064,19.0,19,97.662,97.662,0,0,97.79,0.256,-0.49,0.010,-0.485,23,-0.490,0.010,-0.485,23,-0.48,H,#A5AFB9,7,2.0,0,0,0.132,0,0,0,0,0.0,18
2,2024,2024011,0,8,3,3-8,BOT,Valtteri Bottas,77,#64D064,20.0,20,98.285,97.696,1,0,97.679,0.623,-1.126,0.536,-0.858,23,-0.537,-0.053,-0.564,3,-0.59,H,#A5AFB9,8,2.0,0,0,0.132,0,0,0,0,0.0,17
2,2024,2024011,0,8,3,3-8,BOT,Valtteri Bottas,77,#64D064,21.0,21,97.73,97.73,0,0,97.713,0.555,-0.489,-0.217,-0.597,3,-0.489,-0.071,-0.524,3,-0.706,H,#A5AFB9,9,2.0,0,1,0.132,0,0,0,0,0.0,17
2,2024,2024011,0,8,3,3-8,BOT,Valtteri Bottas,77,#64D064,22.0,22,97.998,97.998,0,0,97.864,0.268,-0.752,0.146,-0.679,23,-0.752,0.146,-0.679,23,-0.606,H,#A5AFB9,10,2.0,0,0,0.132,0,0,0,0,0.0,17
2,2024,2024011,0,8,3,3-8,BOT,Valtteri Bottas,77,#64D064,23.0,23,98.18,98.18,0,0,98.089,0.182,-0.928,0.392,-0.732,23,-0.928,0.392,-0.732,23,-0.536,H,#A5AFB9,11,2.0,0,0,0.132,0,0,0,0,0.0,17
2,2024,2024011,0,8,3,3-8,BOT,Valtteri Bottas,77,#64D064,24.0,24,98.146,98.146,0,0,98.163,0.034,-0.83,0.252,-0.704,23,-0.830,0.252,-0.704,23,-0.578,H,#A5AFB9,12,2.0,0,0,0.132,0,0,0,0,0.0,17
2,2024,2024011,0,8,3,3-8,BOT,Valtteri Bottas,77,#64D064,25.0,25,98.262,98.262,0,0,98.204,0.116,-0.847,0.379,-0.657,23,-0.847,0.379,-0.657,23,-0.468,H,#A5AFB9,13,2.0,0,0,0.132,0,0,0,0,0.0,17
2,2024,2024011,0,8,3,3-8,BOT,Valtteri Bottas,77,#64D064,26.0,26,98.308,98.308,0,0,98.285,0.046,-0.968,0.313,-0.811,23,-0.968,0.313,-0.811,23,-0.655,H,#A5AFB9,14,2.0,0,0,0.132,0,0,0,0,0.0,17
2,2024,2024011,0,8,3,3-8,BOT,Valtteri Bottas,77,#64D064,27.0,27,98.426,98.426,0,0,98.367,0.118,-1.063,0.373,-0.876,23,-1.063,0.373,-0.876,23,-0.69,H,#A5AFB9,15,2.0,0,0,0.132,0,0,0,0,0.0,17
2,2024,2024011,0,8,3,3-8,BOT,Valtteri Bottas,77,#64D064,28.0,28,98.595,98.595,0,0,98.511,0.169,-1.288,-,-,-,-1.288,-,-,-,,H,#A5AFB9,16,2.0,0,0,0.132,0,0,0,0,0.0,16
2,2024,2024011,0,8,3,3-8,BOT,Valtteri Bottas,77,#64D064,29.0,29,98.654,98.654,0,0,98.624,0.059,-1.395,-,-,-,-1.395,-,-,-,,H,#A5AFB9,17,2.0,0,0,0.132,0,0,0,0,0.0,15
2,2024,2024011,0,8,3,3-8,BOT,Valtteri Bottas,77,#64D064,30.0,30,-,-,0,1,-,-,-,-,-,-,-,-,-,-,1.463,H,#A5AFB9,18,2.0,1,0,0.132,0,0,0,0,0.0,16
2,2024,2024011,0,8,3,3-8,BOT,Valtteri Bottas,77,#64D064,31.0,31,-,-,0,1,-,-,-,-,-,-,-,-,-,-,0.561,H,#A5AFB9,1,3.0,0,0,0.316,0,0,0,0,0.0,19
2,2024,2024011,0,8,3,3-8,BOT,Valtteri Bottas,77,#64D064,32.0,32,96.763,96.763,0,0,-,-,0.102,0.715,0.459,23,0.102,0.715,0.459,23,0.817,H,#A5AFB9,2,3.0,0,0,0.316,0,0,0,0,0.0,19
2,2024,2024011,0,8,3,3-8,BOT,Valtteri Bottas,77,#64D064,33.0,33,96.202,96.202,0,0,96.482,0.561,0.521,-1.769,-0.363,3,0.521,-0.081,0.480,3,-1.248,H,#A5AFB9,3,3.0,0,0,0.316,0,0,0,0,0.0,19
2,2024,2024011,0,8,3,3-8,BOT,Valtteri Bottas,77,#64D064,34.0,34,98.009,96.39,1,0,96.296,1.807,-1.492,1.491,-0.746,23,0.127,-0.128,0.063,3,-0.001,H,#A5AFB9,4,3.0,0,0,0.316,0,0,0,0,0.0,19
2,2024,2024011,0,8,3,3-8,BOT,Valtteri Bottas,77,#64D064,35.0,35,96.578,96.578,0,0,96.484,1.431,-0.306,0.032,-0.290,23,-0.306,0.032,-0.290,23,-0.274,H,#A5AFB9,5,3.0,0,0,0.316,0,0,0,0,0.0,19
2,2024,2024011,0,8,3,3-8,BOT,Valtteri Bottas,77,#64D064,36.0,36,96.792,96.792,0,0,96.685,0.214,-0.722,-0.139,-0.791,3,-0.722,0.117,-0.663,23,-0.861,H,#A5AFB9,6,3.0,0,0,0.316,0,0,0,0,0.0,19
2,2024,2024011,0,8,3,3-8,BOT,Valtteri Bottas,77,#64D064,37.0,37,98.008,97.283,1,0,97.038,1.216,-2.107,1.203,-1.506,23,-1.382,0.478,-1.143,23,-0.904,H,#A5AFB9,7,3.0,0,0,0.316,0,0,0,0,0.0,19
2,2024,2024011,0,8,3,3-8,BOT,Valtteri Bottas,77,#64D064,38.0,38,97.774,97.774,0,0,97.529,0.234,-1.781,0.917,-1.323,23,-1.781,0.917,-1.323,23,-0.864,H,#A5AFB9,8,3.0,0,0,0.316,0,0,0,0,0.0,19
2,2024,2024011,0,8,3,3-8,BOT,Valtteri Bottas,77,#64D064,39.0,39,97.189,97.189,0,0,97.482,0.585,-1.41,0.552,-1.134,23,-1.410,0.552,-1.134,23,-0.858,H,#A5AFB9,9,3.0,0,0,0.316,0,0,0,0,0.0,19
2,2024,2024011,0,8,3,3-8,BOT,Valtteri Bottas,77,#64D064,40.0,40,97.393,97.393,0,0,97.291,0.204,-1.588,0.710,-1.233,23,-1.588,0.710,-1.233,23,-0.878,H,#A5AFB9,10,3.0,0,0,0.316,0,0,0,0,0.0,19
2,2024,2024011,0,8,3,3-8,BOT,Valtteri Bottas,77,#64D064,41.0,41,96.437,96.437,0,0,96.915,0.956,-0.78,-0.258,-0.909,3,-0.780,-0.258,-0.909,3,-1.038,H,#A5AFB9,11,3.0,0,0,0.316,0,0,0,0,0.0,19
2,2024,2024011,0,8,3,3-8,BOT,Valtteri Bottas,77,#64D064,42.0,42,96.374,96.374,0,0,96.405,0.063,-0.803,-0.278,-0.942,3,-0.803,-0.278,-0.942,3,-1.081,H,#A5AFB9,12,3.0,0,0,0.316,0,0,0,0,0.0,19
2,2024,2024011,0,8,3,3-8,BOT,Valtteri Bottas,77,#64D064,43.0,43,96.569,96.569,0,0,96.471,0.195,-1.035,-0.202,-1.136,3,-1.035,-0.202,-1.136,3,-1.237,H,#A5AFB9,13,3.0,0,0,0.316,0,0,0,0,0.0,19
2,2024,2024011,0,8,3,3-8,BOT,Valtteri Bottas,77,#64D064,44.0,44,96.63,96.63,0,0,96.6,0.061,-1.098,-0.787,-1.492,3,-1.098,-0.095,-1.146,3,-1.885,H,#A5AFB9,14,3.0,0,1,0.316,0,0,0,0,0.0,19
2,2024,2024011,0,8,3,3-8,BOT,Valtteri Bottas,77,#64D064,45.0,45,96.663,96.663,0,0,96.646,0.033,-1.165,-0.017,-1.173,3,-1.165,-0.017,-1.173,3,-1.182,H,#A5AFB9,15,3.0,0,0,0.316,0,0,0,0,0.0,19
2,2024,2024011,0,8,3,3-8,BOT,Valtteri Bottas,77,#64D064,46.0,46,96.297,96.297,0,0,96.48,0.366,-0.698,-0.444,-0.920,3,-0.698,-0.444,-0.920,3,-1.142,H,#A5AFB9,16,3.0,0,0,0.316,0,0,0,0,0.0,19
2,2024,2024011,0,8,3,3-8,BOT,Valtteri Bottas,77,#64D064,47.0,47,96.604,96.604,0,0,96.45,0.307,-0.953,0.043,-0.931,23,-0.953,0.043,-0.931,23,-0.91,H,#A5AFB9,17,3.0,0,0,0.316,0,0,0,0,0.0,19
2,2024,2024011,0,8,3,3-8,BOT,Valtteri Bottas,77,#64D064,48.0,48,96.765,96.765,0,0,96.684,0.161,-1.01,0.111,-0.955,23,-1.010,0.111,-0.955,23,-0.899,H,#A5AFB9,18,3.0,0,0,0.316,0,0,0,0,0.0,19
2,2024,2024011,0,8,3,3-8,BOT,Valtteri Bottas,77,#64D064,49.0,49,96.91,96.91,0,0,96.838,0.145,-0.957,0.190,-0.862,23,-0.957,0.190,-0.862,23,-0.767,H,#A5AFB9,19,3.0,0,0,0.316,0,0,0,0,0.0,19
2,2024,2024011,0,8,3,3-8,BOT,Valtteri Bottas,77,#64D064,50.0,50,96.91,96.91,0,0,96.91,0.000,-0.947,0.118,-0.888,23,-0.947,0.118,-0.888,23,-0.829,H,#A5AFB9,20,3.0,0,0,0.316,0,0,0,0,0.0,19
2,2024,2024011,0,8,3,3-8,BOT,Valtteri Bottas,77,#64D064,51.0,51,96.819,96.819,0,0,96.864,0.091,-0.768,-0.223,-0.879,3,-0.768,-0.223,-0.879,3,-0.991,H,#A5AFB9,21,3.0,0,0,0.316,0,0,0,0,0.0,19
2,2024,2024011,0,8,3,3-8,BOT,Valtteri Bottas,77,#64D064,52.0,52,96.949,96.949,0,0,96.884,0.130,-0.896,-0.445,-1.119,3,-0.896,-0.143,-0.968,3,-1.341,H,#A5AFB9,22,3.0,0,0,0.316,0,0,0,0,0.0,19
2,2024,2024011,0,8,3,3-8,BOT,Valtteri Bottas,77,#64D064,53.0,53,99.035,97.022,1,0,96.986,2.086,-2.952,1.894,-2.005,23,-0.939,-0.119,-0.999,3,-1.058,H,#A5AFB9,23,3.0,0,0,0.316,0,0,0,0,0.0,19
2,2024,2024011,0,8,3,3-8,BOT,Valtteri Bottas,77,#64D064,54.0,54,97.095,97.095,0,0,97.058,1.940,-0.966,-1.294,-1.613,3,-0.966,-0.167,-1.050,3,-2.26,H,#A5AFB9,24,3.0,0,0,0.316,0,0,0,0,0.0,19
2,2024,2024011,0,8,3,3-8,BOT,Valtteri Bottas,77,#64D064,55.0,55,97.205,97.205,0,0,97.15,0.110,-0.906,-0.178,-0.995,3,-0.906,-0.178,-0.995,3,-1.084,H,#A5AFB9,25,3.0,0,0,0.316,0,0,0,0,0.0,19
2,2024,2024011,0,8,3,3-8,BOT,Valtteri Bottas,77,#64D064,56.0,56,97.956,97.956,0,0,97.58,0.751,-1.576,0.623,-1.264,23,-1.576,0.623,-1.264,23,-0.953,H,#A5AFB9,26,3.0,0,0,0.316,0,0,0,0,0.0,19
2,2024,2024011,0,8,23,23-8,ZHO,Guanyu Zhou,24,#64D064,1.0,1,-,-,0,1,-,-,-,-,-,-,-,-,-,-,,S,#CD3C3C,1,1.0,0,0,0.199,0,0,0,0,,13
2,2024,2024011,0,8,23,23-8,ZHO,Guanyu Zhou,24,#64D064,2.0,2,-,-,0,1,-,-,-,-,-,-,-,-,-,-,,S,#CD3C3C,2,1.0,0,0,0.199,0,0,0,0,0.0,13
2,2024,2024011,0,8,23,23-8,ZHO,Guanyu Zhou,24,#64D064,3.0,3,98.582,98.582,0,0,-,-,-0.466,0.255,-0.594,23,-0.466,0.255,-0.594,23,-0.721,S,#CD3C3C,3,1.0,0,0,0.199,0,0,0,0,0.0,13
2,2024,2024011,0,8,23,23-8,ZHO,Guanyu Zhou,24,#64D064,4.0,4,98.428,98.428,0,0,98.505,0.154,-0.394,0.215,-0.502,23,-0.394,0.215,-0.502,23,-0.609,S,#CD3C3C,4,1.0,0,0,0.199,0,0,0,0,0.0,13
2,2024,2024011,0,8,23,23-8,ZHO,Guanyu Zhou,24,#64D064,5.0,5,98.798,98.798,0,0,98.613,0.370,-0.621,1.289,-1.265,23,-0.621,0.126,-0.684,23,-1.91,S,#CD3C3C,5,1.0,0,1,0.199,0,0,0,0,0.0,13
2,2024,2024011,0,8,23,23-8,ZHO,Guanyu Zhou,24,#64D064,6.0,6,98.488,98.488,0,0,98.643,0.310,-0.223,0.718,-0.582,23,-0.223,0.718,-0.582,23,-0.941,S,#CD3C3C,6,1.0,0,0,0.199,0,0,0,0,0.0,13
2,2024,2024011,0,8,23,23-8,ZHO,Guanyu Zhou,24,#64D064,7.0,7,99.517,99.517,0,0,99.002,1.029,-1.135,-0.863,-0.704,3,-1.135,-0.863,-0.704,3,-0.272,S,#CD3C3C,7,1.0,0,0,0.199,0,0,0,0,0.0,13
2,2024,2024011,0,8,23,23-8,ZHO,Guanyu Zhou,24,#64D064,8.0,8,99.646,99.646,0,0,99.582,0.129,-1.122,-0.678,-0.783,3,-1.122,-0.678,-0.783,3,-0.444,S,#CD3C3C,8,1.0,0,0,0.199,0,0,0,0,0.0,13
2,2024,2024011,0,8,23,23-8,ZHO,Guanyu Zhou,24,#64D064,9.0,9,-,-,0,1,-,-,-,-,-,-,-,-,-,-,-0.994,S,#CD3C3C,9,1.0,1,0,0.199,0,0,0,0,0.0,16
2,2024,2024011,0,8,23,23-8,ZHO,Guanyu Zhou,24,#64D064,10.0,10,-,-,0,1,-,-,-,-,-,-,-,-,-,-,-0.863,H,#A5AFB9,1,2.0,0,0,0.124,0,0,0,0,0.0,17
2,2024,2024011,0,8,23,23-8,ZHO,Guanyu Zhou,24,#64D064,11.0,11,96.365,96.365,0,0,-,-,1.668,2.822,0.257,23,1.668,2.822,0.257,23,-1.154,H,#A5AFB9,2,2.0,0,0,0.124,0,0,0,0,0.0,16
2,2024,2024011,0,8,23,23-8,ZHO,Guanyu Zhou,24,#64D064,12.0,12,96.995,96.995,0,0,96.68,0.630,0.995,-,-,-,0.995,-,-,-,,H,#A5AFB9,3,2.0,0,0,0.124,0,0,0,0,0.0,15
2,2024,2024011,0,8,23,23-8,ZHO,Guanyu Zhou,24,#64D064,13.0,13,97.436,97.436,0,0,97.216,0.441,0.403,-,-,-,0.403,-,-,-,,H,#A5AFB9,4,2.0,0,0,0.124,0,0,0,0,0.0,13
2,2024,2024011,0,8,23,23-8,ZHO,Guanyu Zhou,24,#64D064,14.0,14,97.482,97.482,0,0,97.459,0.046,0.126,-1.028,0.640,3,0.126,-1.028,0.640,3,1.154,H,#A5AFB9,5,2.0,0,0,0.124,0,0,0,0,0.0,12
2,2024,2024011,0,8,23,23-8,ZHO,Guanyu Zhou,24,#64D064,15.0,15,97.5,97.5,0,0,97.491,0.018,-0.279,-0.213,-0.172,3,-0.279,-0.213,-0.172,3,-0.066,H,#A5AFB9,6,2.0,0,0,0.124,0,0,0,0,0.0,11
2,2024,2024011,0,8,23,23-8,ZHO,Guanyu Zhou,24,#64D064,16.0,16,97.659,97.659,0,0,97.58,0.159,-0.409,0.059,-0.439,23,-0.409,0.059,-0.439,23,-0.468,H,#A5AFB9,7,2.0,0,0,0.124,0,0,0,0,0.0,9
2,2024,2024011,0,8,23,23-8,ZHO,Guanyu Zhou,24,#64D064,17.0,17,98.475,97.606,1,0,97.632,0.816,-1.169,-0.710,-0.814,3,-0.299,0.160,-0.379,23,-0.459,H,#A5AFB9,8,2.0,0,0,0.124,0,0,0,0,-1.0,10
2,2024,2024011,0,8,23,23-8,ZHO,Guanyu Zhou,24,#64D064,18.0,18,97.552,97.552,0,0,97.579,0.923,-0.235,0.366,-0.418,23,-0.235,0.366,-0.418,23,-0.601,H,#A5AFB9,9,2.0,0,0,0.124,0,0,0,0,0.0,10
2,2024,2024011,0,8,23,23-8,ZHO,Guanyu Zhou,24,#64D064,19.0,19,97.652,97.652,0,0,97.602,0.100,-0.48,0.010,-0.485,23,-0.480,0.010,-0.485,23,-0.49,H,#A5AFB9,10,2.0,0,1,0.124,0,0,0,0,0.0,10
2,2024,2024011,0,8,23,23-8,ZHO,Guanyu Zhou,24,#64D064,20.0,20,97.749,97.749,0,0,97.7,0.097,-0.59,0.536,-0.858,23,-0.590,-0.053,-0.564,3,-1.126,H,#A5AFB9,11,2.0,0,0,0.124,0,0,0,0,0.0,10
2,2024,2024011,0,8,23,23-8,ZHO,Guanyu Zhou,24,#64D064,21.0,21,97.947,97.8,1,0,97.775,0.198,-0.706,-0.217,-0.597,3,-0.560,-0.071,-0.524,3,-0.489,H,#A5AFB9,12,2.0,0,0,0.124,0,0,0,0,0.0,10
2,2024,2024011,0,8,23,23-8,ZHO,Guanyu Zhou,24,#64D064,22.0,22,97.852,97.852,0,0,97.826,0.095,-0.606,0.146,-0.679,23,-0.606,0.146,-0.679,23,-0.752,H,#A5AFB9,13,2.0,0,0,0.124,0,0,0,0,0.0,10
2,2024,2024011,0,8,23,23-8,ZHO,Guanyu Zhou,24,#64D064,23.0,23,97.788,97.788,0,0,97.82,0.064,-0.536,0.392,-0.732,23,-0.536,0.392,-0.732,23,-0.928,H,#A5AFB9,14,2.0,0,0,0.124,0,0,0,0,0.0,10
2,2024,2024011,0,8,23,23-8,ZHO,Guanyu Zhou,24,#64D064,24.0,24,97.894,97.894,0,0,97.841,0.106,-0.578,0.252,-0.704,23,-0.578,0.252,-0.704,23,-0.83,H,#A5AFB9,15,2.0,0,0,0.124,0,0,0,0,0.0,10
2,2024,2024011,0,8,23,23-8,ZHO,Guanyu Zhou,24,#64D064,25.0,25,97.883,97.883,0,0,97.888,0.011,-0.468,0.379,-0.657,23,-0.468,0.379,-0.657,23,-0.847,H,#A5AFB9,16,2.0,0,0,0.124,0,0,0,0,0.0,10
2,2024,2024011,0,8,23,23-8,ZHO,Guanyu Zhou,24,#64D064,26.0,26,97.995,97.995,0,0,97.939,0.112,-0.655,0.313,-0.811,23,-0.655,0.313,-0.811,23,-0.968,H,#A5AFB9,17,2.0,0,0,0.124,0,0,0,0,0.0,10
2,2024,2024011,0,8,23,23-8,ZHO,Guanyu Zhou,24,#64D064,27.0,27,98.053,98.053,0,0,98.024,0.058,-0.69,0.373,-0.876,23,-0.690,0.373,-0.876,23,-1.063,H,#A5AFB9,18,2.0,0,0,0.124,0,0,0,0,0.0,10
2,2024,2024011,0,8,23,23-8,ZHO,Guanyu Zhou,24,#64D064,28.0,28,-,-,0,1,-,-,-,-,-,-,-,-,-,-,-1.288,H,#A5AFB9,19,2.0,1,0,0.124,0,0,0,0,0.0,11
2,2024,2024011,0,8,23,23-8,ZHO,Guanyu Zhou,24,#64D064,29.0,29,-,-,0,1,-,-,-,-,-,-,-,-,-,-,-1.395,H,#A5AFB9,1,3.0,0,0,0.234,0,0,0,0,0.0,17
2,2024,2024011,0,8,23,23-8,ZHO,Guanyu Zhou,24,#64D064,30.0,30,95.458,95.458,0,0,-,-,1.463,-,-,-,1.463,-,-,-,,H,#A5AFB9,2,3.0,0,0,0.234,0,0,0,0,0.0,17
2,2024,2024011,0,8,23,23-8,ZHO,Guanyu Zhou,24,#64D064,31.0,31,96.297,95.753,1,0,95.606,0.839,0.561,-,-,-,1.105,-,-,-,,H,#A5AFB9,3,3.0,0,0,0.234,0,0,0,0,0.0,14
2,2024,2024011,0,8,23,23-8,ZHO,Guanyu Zhou,24,#64D064,32.0,32,96.048,96.048,0,0,95.9,0.249,0.817,0.715,0.459,23,0.817,0.715,0.459,23,0.102,H,#A5AFB9,4,3.0,0,0,0.234,0,0,0,0,0.0,14
2,2024,2024011,0,8,23,23-8,ZHO,Guanyu Zhou,24,#64D064,33.0,33,97.971,96.283,1,0,96.166,1.923,-1.248,-1.769,-0.363,3,0.440,-0.081,0.480,3,0.521,H,#A5AFB9,5,3.0,0,0,0.234,0,0,0,0,-1.0,14
2,2024,2024011,0,8,23,23-8,ZHO,Guanyu Zhou,24,#64D064,34.0,34,96.518,96.518,0,0,96.4,1.453,-0.001,1.491,-0.746,23,-0.001,-0.128,0.063,3,-1.492,H,#A5AFB9,6,3.0,0,0,0.234,0,0,0,0,0.0,14
2,2024,2024011,0,8,23,23-8,ZHO,Guanyu Zhou,24,#64D064,35.0,35,96.546,96.546,0,0,96.532,0.028,-0.274,0.032,-0.290,23,-0.274,0.032,-0.290,23,-0.306,H,#A5AFB9,7,3.0,0,0,0.234,0,0,0,0,0.0,13
2,2024,2024011,0,8,23,23-8,ZHO,Guanyu Zhou,24,#64D064,36.0,36,96.931,96.676,1,0,96.611,0.385,-0.861,-0.139,-0.791,3,-0.605,0.117,-0.663,23,-0.722,H,#A5AFB9,8,3.0,0,0,0.234,0,0,0,0,0.0,12
2,2024,2024011,0,8,23,23-8,ZHO,Guanyu Zhou,24,#64D064,37.0,37,96.805,96.805,0,0,96.74,0.126,-0.904,1.203,-1.506,23,-0.904,0.478,-1.143,23,-2.107,H,#A5AFB9,9,3.0,0,0,0.234,0,0,0,0,0.0,11
2,2024,2024011,0,8,23,23-8,ZHO,Guanyu Zhou,24,#64D064,38.0,38,96.857,96.857,0,0,96.831,0.052,-0.864,0.917,-1.323,23,-0.864,0.917,-1.323,23,-1.781,H,#A5AFB9,10,3.0,0,0,0.234,0,0,0,0,0.0,11
2,2024,2024011,0,8,23,23-8,ZHO,Guanyu Zhou,24,#64D064,39.0,39,96.637,96.637,0,0,96.747,0.220,-0.858,0.552,-1.134,23,-0.858,0.552,-1.134,23,-1.41,H,#A5AFB9,11,3.0,0,0,0.234,0,0,0,0,0.0,11
2,2024,2024011,0,8,23,23-8,ZHO,Guanyu Zhou,24,#64D064,40.0,40,96.683,96.683,0,0,96.66,0.046,-0.878,0.710,-1.233,23,-0.878,0.710,-1.233,23,-1.588,H,#A5AFB9,12,3.0,0,0,0.234,0,0,0,0,0.0,11
2,2024,2024011,0,8,23,23-8,ZHO,Guanyu Zhou,24,#64D064,41.0,41,96.695,96.695,0,0,96.689,0.012,-1.038,-0.258,-0.909,3,-1.038,-0.258,-0.909,3,-0.78,H,#A5AFB9,13,3.0,0,0,0.234,0,0,0,0,0.0,11
2,2024,2024011,0,8,23,23-8,ZHO,Guanyu Zhou,24,#64D064,42.0,42,96.652,96.652,0,0,96.673,0.043,-1.081,-0.278,-0.942,3,-1.081,-0.278,-0.942,3,-0.803,H,#A5AFB9,14,3.0,0,0,0.234,0,0,0,0,0.0,10
2,2024,2024011,0,8,23,23-8,ZHO,Guanyu Zhou,24,#64D064,43.0,43,96.771,96.771,0,0,96.712,0.119,-1.237,-0.202,-1.136,3,-1.237,-0.202,-1.136,3,-1.035,H,#A5AFB9,15,3.0,0,1,0.234,0,0,0,0,0.0,10
2,2024,2024011,0,8,23,23-8,ZHO,Guanyu Zhou,24,#64D064,44.0,44,97.417,96.726,1,0,96.748,0.646,-1.885,-0.787,-1.492,3,-1.193,-0.095,-1.146,3,-1.098,H,#A5AFB9,16,3.0,0,0,0.234,0,0,0,0,-1.0,11
2,2024,2024011,0,8,23,23-8,ZHO,Guanyu Zhou,24,#64D064,45.0,45,96.68,96.68,0,0,96.703,0.737,-1.182,-0.017,-1.173,3,-1.182,-0.017,-1.173,3,-1.165,H,#A5AFB9,17,3.0,0,0,0.234,0,0,0,0,0.0,11
2,2024,2024011,0,8,23,23-8,ZHO,Guanyu Zhou,24,#64D064,46.0,46,96.741,96.741,0,0,96.71,0.061,-1.142,-0.444,-0.920,3,-1.142,-0.444,-0.920,3,-0.698,H,#A5AFB9,18,3.0,0,0,0.234,0,0,0,0,0.0,11
2,2024,2024011,0,8,23,23-8,ZHO,Guanyu Zhou,24,#64D064,47.0,47,96.561,96.561,0,0,96.651,0.180,-0.91,0.043,-0.931,23,-0.910,0.043,-0.931,23,-0.953,H,#A5AFB9,19,3.0,0,0,0.234,0,0,0,0,0.0,11
2,2024,2024011,0,8,23,23-8,ZHO,Guanyu Zhou,24,#64D064,48.0,48,96.654,96.654,0,0,96.608,0.093,-0.899,0.111,-0.955,23,-0.899,0.111,-0.955,23,-1.01,H,#A5AFB9,20,3.0,0,0,0.234,0,0,0,0,0.0,11
2,2024,2024011,0,8,23,23-8,ZHO,Guanyu Zhou,24,#64D064,49.0,49,96.72,96.72,0,0,96.687,0.066,-0.767,0.190,-0.862,23,-0.767,0.190,-0.862,23,-0.957,H,#A5AFB9,21,3.0,0,0,0.234,0,0,0,0,0.0,11
2,2024,2024011,0,8,23,23-8,ZHO,Guanyu Zhou,24,#64D064,50.0,50,96.792,96.792,0,0,96.756,0.072,-0.829,0.118,-0.888,23,-0.829,0.118,-0.888,23,-0.947,H,#A5AFB9,22,3.0,0,0,0.234,0,0,0,0,0.0,11
2,2024,2024011,0,8,23,23-8,ZHO,Guanyu Zhou,24,#64D064,51.0,51,97.042,97.042,0,0,96.917,0.250,-0.991,-0.223,-0.879,3,-0.991,-0.223,-0.879,3,-0.768,H,#A5AFB9,23,3.0,0,0,0.234,0,0,0,0,0.0,11
2,2024,2024011,0,8,23,23-8,ZHO,Guanyu Zhou,24,#64D064,52.0,52,97.394,97.092,1,0,97.067,0.352,-1.341,-0.445,-1.119,3,-1.039,-0.143,-0.968,3,-0.896,H,#A5AFB9,24,3.0,0,0,0.234,0,0,0,0,0.0,11
2,2024,2024011,0,8,23,23-8,ZHO,Guanyu Zhou,24,#64D064,53.0,53,97.141,97.141,0,0,97.116,0.253,-1.058,1.894,-2.005,23,-1.058,-0.119,-0.999,3,-2.952,H,#A5AFB9,25,3.0,0,0,0.234,0,0,0,0,0.0,11
2,2024,2024011,0,8,23,23-8,ZHO,Guanyu Zhou,24,#64D064,54.0,54,98.389,97.262,1,0,97.202,1.248,-2.26,-1.294,-1.613,3,-1.133,-0.167,-1.050,3,-0.966,H,#A5AFB9,26,3.0,0,0,0.234,0,0,0,0,0.0,11
2,2024,2024011,0,8,23,23-8,ZHO,Guanyu Zhou,24,#64D064,55.0,55,97.383,97.383,0,0,97.322,1.006,-1.084,-0.178,-0.995,3,-1.084,-0.178,-0.995,3,-0.906,H,#A5AFB9,27,3.0,0,0,0.234,0,0,0,0,0.0,11
2,2024,2024011,0,8,23,23-8,ZHO,Guanyu Zhou,24,#64D064,56.0,56,97.333,97.333,0,0,97.358,0.050,-0.953,0.623,-1.264,23,-0.953,0.623,-1.264,23,-1.576,H,#A5AFB9,28,3.0,0,0,0.234,0,0,0,0,0.0,11
2,2024,2024021,1,8,3,3-8,BOT,Valtteri Bottas,77,#64D064,1.0,58,-,-,0,1,-,-,-,-,-,-,-,-,-,-,,S,#CD3C3C,1,1.0,0,0,0.123,0,0,0,0,,17
2,2024,2024021,1,8,3,3-8,BOT,Valtteri Bottas,77,#64D064,2.0,59,-,-,0,1,-,-,-,-,-,-,-,-,-,-,,S,#CD3C3C,2,1.0,0,0,0.123,0,0,0,0,0.0,17
2,2024,2024021,1,8,3,3-8,BOT,Valtteri Bottas,77,#64D064,3.0,60,96.966,96.966,0,0,-,-,-1.338,-0.266,-1.471,3,-1.338,-0.266,-1.471,3,-1.604,S,#CD3C3C,3,1.0,0,0,0.123,0,0,0,0,0.0,17
2,2024,2024021,1,8,3,3-8,BOT,Valtteri Bottas,77,#64D064,4.0,61,96.417,96.417,0,0,96.691,0.549,-0.998,-0.109,-1.052,3,-0.998,-0.109,-1.052,3,-1.107,S,#CD3C3C,4,1.0,0,1,0.123,0,0,0,0,0.0,17
2,2024,2024021,1,8,3,3-8,BOT,Valtteri Bottas,77,#64D064,5.0,62,96.244,96.244,0,0,96.33,0.173,-0.958,0.006,-0.955,23,-0.958,0.006,-0.955,23,-0.952,S,#CD3C3C,5,1.0,0,0,0.123,0,0,0,0,0.0,17
2,2024,2024021,1,8,3,3-8,BOT,Valtteri Bottas,77,#64D064,6.0,63,96.225,96.225,0,0,96.234,0.019,-0.739,-0.847,-1.163,3,-0.739,-0.847,-1.163,3,-1.586,S,#CD3C3C,6,1.0,0,0,0.123,0,0,0,0,0.0,16
2,2024,2024021,1,8,3,3-8,BOT,Valtteri Bottas,77,#64D064,7.0,64,-,-,0,1,-,-,-,-,-,-,-,-,-,-,,S,#CD3C3C,7,1.0,1,0,0.123,0,1,0,0,0.0,16
2,2024,2024021,1,8,3,3-8,BOT,Valtteri Bottas,77,#64D064,8.0,65,-,-,0,1,-,-,-,-,-,-,-,-,-,-,,H,#A5AFB9,1,2.0,0,0,0.235,0,0,0,0,0.0,16
2,2024,2024021,1,8,3,3-8,BOT,Valtteri Bottas,77,#64D064,9.0,66,-,-,0,1,-,-,-,-,-,-,-,-,-,-,,H,#A5AFB9,2,2.0,0,0,0.235,1,0,0,0,0.0,16
2,2024,2024021,1,8,3,3-8,BOT,Valtteri Bottas,77,#64D064,10.0,67,-,-,0,1,-,-,-,-,-,-,-,-,-,-,,H,#A5AFB9,3,2.0,0,0,0.235,0,0,0,0,0.0,16
2,2024,2024021,1,8,3,3-8,BOT,Valtteri Bottas,77,#64D064,11.0,68,96.456,96.456,0,0,-,-,-1.241,0.761,-0.861,23,-1.241,0.761,-0.861,23,-0.48,H,#A5AFB9,4,2.0,0,0,0.235,0,0,0,0,0.0,16
2,2024,2024021,1,8,3,3-8,BOT,Valtteri Bottas,77,#64D064,12.0,69,95.827,95.827,0,0,96.142,0.629,-1.095,0.829,-0.680,23,-1.095,0.829,-0.680,23,-0.266,H,#A5AFB9,5,2.0,0,0,0.235,0,0,0,0,0.0,16
2,2024,2024021,1,8,3,3-8,BOT,Valtteri Bottas,77,#64D064,13.0,70,95.447,95.447,0,0,95.637,0.380,-0.632,0.092,-0.586,23,-0.632,0.092,-0.586,23,-0.54,H,#A5AFB9,6,2.0,0,0,0.235,0,0,0,0,0.0,16
2,2024,2024021,1,8,3,3-8,BOT,Valtteri Bottas,77,#64D064,14.0,71,95.424,95.424,0,0,95.436,0.023,-0.586,-1.234,-1.203,3,-0.586,-0.280,-0.726,3,-1.82,H,#A5AFB9,7,2.0,0,0,0.235,0,0,0,0,0.0,16
2,2024,2024021,1,8,3,3-8,BOT,Valtteri Bottas,77,#64D064,15.0,72,95.721,95.721,0,0,95.572,0.297,-0.771,-0.332,-0.937,3,-0.771,-0.332,-0.937,3,-1.103,H,#A5AFB9,8,2.0,0,0,0.235,0,0,0,0,0.0,16
2,2024,2024021,1,8,3,3-8,BOT,Valtteri Bottas,77,#64D064,16.0,73,96.825,96.825,0,0,96.273,1.104,-1.698,0.760,-1.318,23,-1.698,0.760,-1.318,23,-0.938,H,#A5AFB9,9,2.0,0,0,0.235,0,0,0,0,-1.0,17
2,2024,2024021,1,8,3,3-8,BOT,Valtteri Bottas,77,#64D064,17.0,74,97.238,97.238,0,0,97.032,0.413,-2.139,1.356,-1.461,23,-2.139,1.356,-1.461,23,-0.783,H,#A5AFB9,10,2.0,0,0,0.235,0,0,0,0,0.0,17
2,2024,2024021,1,8,3,3-8,BOT,Valtteri Bottas,77,#64D064,18.0,75,96.058,96.058,0,0,96.648,1.180,-1.153,0.592,-0.857,23,-1.153,0.592,-0.857,23,-0.561,H,#A5AFB9,11,2.0,0,0,0.235,0,0,0,0,0.0,17
2,2024,2024021,1,8,3,3-8,BOT,Valtteri Bottas,77,#64D064,19.0,76,95.828,95.828,0,0,95.943,0.230,-1.075,0.421,-0.865,23,-1.075,0.421,-0.865,23,-0.654,H,#A5AFB9,12,2.0,0,0,0.235,0,0,0,0,0.0,17
2,2024,2024021,1,8,3,3-8,BOT,Valtteri Bottas,77,#64D064,20.0,77,96.253,96.253,0,0,96.041,0.425,-1.546,1.166,-0.963,23,-1.546,1.166,-0.963,23,-0.38,H,#A5AFB9,13,2.0,0,0,0.235,0,0,0,0,0.0,17
2,2024,2024021,1,8,3,3-8,BOT,Valtteri Bottas,77,#64D064,21.0,78,96.801,96.339,1,0,96.296,0.548,-2.256,1.402,-1.555,23,-1.794,1.217,-1.185,23,-0.854,H,#A5AFB9,14,2.0,0,0,0.235,0,0,0,0,0.0,17
2,2024,2024021,1,8,3,3-8,BOT,Valtteri Bottas,77,#64D064,22.0,79,96.425,96.425,0,0,96.382,0.376,-1.702,1.267,-1.069,23,-1.702,1.267,-1.069,23,-0.435,H,#A5AFB9,15,2.0,0,1,0.235,0,0,0,0,0.0,17
2,2024,2024021,1,8,3,3-8,BOT,Valtteri Bottas,77,#64D064,23.0,80,96.251,96.251,0,0,96.338,0.174,-1.619,0.955,-1.141,23,-1.619,0.955,-1.141,23,-0.664,H,#A5AFB9,16,2.0,0,0,0.235,0,0,0,0,0.0,17
2,2024,2024021,1,8,3,3-8,BOT,Valtteri Bottas,77,#64D064,24.0,81,96.902,95.935,1,0,96.093,0.651,-2.315,1.757,-1.437,23,-1.348,0.790,-0.953,23,-0.558,H,#A5AFB9,17,2.0,0,0,0.235,0,0,0,0,-1.0,18
2,2024,2024021,1,8,3,3-8,BOT,Valtteri Bottas,77,#64D064,25.0,82,95.619,95.619,0,0,95.777,1.283,-1.028,0.474,-0.791,23,-1.028,0.474,-0.791,23,-0.554,H,#A5AFB9,18,2.0,0,0,0.235,0,0,0,0,0.0,18
2,2024,2024021,1,8,3,3-8,BOT,Valtteri Bottas,77,#64D064,26.0,83,95.319,95.319,0,0,95.469,0.300,-0.745,0.283,-0.604,23,-0.745,0.283,-0.604,23,-0.462,H,#A5AFB9,19,2.0,0,0,0.235,0,0,0,0,0.0,18
2,2024,2024021,1,8,3,3-8,BOT,Valtteri Bottas,77,#64D064,27.0,84,95.254,95.254,0,0,95.286,0.065,-0.729,0.252,-0.603,23,-0.729,0.252,-0.603,23,-0.477,H,#A5AFB9,20,2.0,0,0,0.235,0,0,0,0,0.0,18
2,2024,2024021,1,8,3,3-8,BOT,Valtteri Bottas,77,#64D064,28.0,85,95.324,95.324,0,0,95.289,0.070,-0.879,0.445,-0.656,23,-0.879,0.445,-0.656,23,-0.434,H,#A5AFB9,21,2.0,0,0,0.235,0,0,0,0,0.0,18
2,2024,2024021,1,8,3,3-8,BOT,Valtteri Bottas,77,#64D064,29.0,86,94.857,94.857,0,0,95.09,0.467,-0.496,-0.133,-0.562,3,-0.496,-0.133,-0.562,3,-0.629,H,#A5AFB9,22,2.0,0,0,0.235,0,0,0,0,0.0,18
2,2024,2024021,1,8,3,3-8,BOT,Valtteri Bottas,77,#64D064,30.0,87,95.313,95.313,0,0,95.085,0.456,-0.943,0.428,-0.729,23,-0.943,0.428,-0.729,23,-0.515,H,#A5AFB9,23,2.0,0,0,0.235,0,0,0,0,0.0,18
2,2024,2024021,1,8,3,3-8,BOT,Valtteri Bottas,77,#64D064,31.0,88,95.415,95.415,0,0,95.364,0.102,-1.076,0.615,-0.769,23,-1.076,0.615,-0.769,23,-0.461,H,#A5AFB9,24,2.0,0,0,0.235,0,0,0,0,0.0,18
2,2024,2024021,1,8,3,3-8,BOT,Valtteri Bottas,77,#64D064,32.0,89,95.173,95.173,0,0,95.294,0.242,-0.941,0.542,-0.670,23,-0.941,0.542,-0.670,23,-0.399,H,#A5AFB9,25,2.0,0,0,0.235,0,0,0,0,0.0,18
2,2024,2024021,1,8,3,3-8,BOT,Valtteri Bottas,77,#64D064,33.0,90,95.792,95.447,1,0,95.31,0.619,-1.532,1.113,-0.976,23,-1.187,0.768,-0.803,23,-0.419,H,#A5AFB9,26,2.0,0,0,0.235,0,0,0,0,0.0,18
2,2024,2024021,1,8,3,3-8,BOT,Valtteri Bottas,77,#64D064,34.0,91,95.721,95.721,0,0,95.584,0.071,-1.81,1.071,-1.274,23,-1.810,1.071,-1.274,23,-0.739,H,#A5AFB9,27,2.0,0,0,0.235,0,0,0,0,0.0,18
2,2024,2024021,1,8,3,3-8,BOT,Valtteri Bottas,77,#64D064,35.0,92,-,-,0,1,-,-,-,-,-,-,-,-,-,-,-0.749,H,#A5AFB9,28,2.0,1,0,0.235,0,0,0,0,0.0,18
2,2024,2024021,1,8,3,3-8,BOT,Valtteri Bottas,77,#64D064,36.0,93,-,-,0,1,-,-,-,-,-,-,-,-,-,-,-0.771,S,#CD3C3C,1,3.0,0,0,0.233,0,0,0,0,0.0,18
2,2024,2024021,1,8,3,3-8,BOT,Valtteri Bottas,77,#64D064,37.0,94,93.08,93.08,0,0,-,-,0.287,-1.052,-0.239,3,0.287,-1.052,-0.239,3,-0.765,S,#CD3C3C,2,3.0,0,0,0.233,0,0,0,0,0.0,18
2,2024,2024021,1,8,3,3-8,BOT,Valtteri Bottas,77,#64D064,38.0,95,92.927,92.927,0,0,93.004,0.153,0.204,-0.987,-0.289,3,0.204,-0.987,-0.289,3,-0.783,S,#CD3C3C,3,3.0,0,0,0.233,0,0,0,0,0.0,18
2,2024,2024021,1,8,3,3-8,BOT,Valtteri Bottas,77,#64D064,39.0,96,93.028,93.028,0,0,92.978,0.101,0.016,-0.887,-0.427,3,0.016,-0.887,-0.427,3,-0.871,S,#CD3C3C,4,3.0,0,0,0.233,0,0,0,0,0.0,18
2,2024,2024021,1,8,3,3-8,BOT,Valtteri Bottas,77,#64D064,40.0,97,93.175,93.175,0,0,93.102,0.147,-0.29,-0.561,-0.571,3,-0.290,-0.561,-0.571,3,-0.851,S,#CD3C3C,5,3.0,0,0,0.233,0,0,0,0,0.0,18
2,2024,2024021,1,8,3,3-8,BOT,Valtteri Bottas,77,#64D064,41.0,98,93.194,93.194,0,0,93.184,0.019,-0.231,-,-,-,-0.231,-,-,-,,S,#CD3C3C,6,3.0,0,0,0.233,0,0,0,0,0.0,18
2,2024,2024021,1,8,3,3-8,BOT,Valtteri Bottas,77,#64D064,42.0,99,92.996,92.996,0,0,93.095,0.198,-0.155,-,-,-,-0.155,-,-,-,,S,#CD3C3C,7,3.0,0,0,0.233,0,0,0,0,0.0,17
2,2024,2024021,1,8,3,3-8,BOT,Valtteri Bottas,77,#64D064,43.0,100,93.068,93.068,0,0,93.032,0.072,-0.16,0.021,-0.149,23,-0.160,0.021,-0.149,23,-0.139,S,#CD3C3C,8,3.0,0,1,0.233,0,0,0,0,0.0,17
2,2024,2024021,1,8,3,3-8,BOT,Valtteri Bottas,77,#64D064,44.0,101,95.201,92.986,1,0,93.027,2.133,-2.392,2.431,-1.177,23,-0.176,0.215,-0.068,23,0.039,S,#CD3C3C,9,3.0,0,0,0.233,0,0,0,0,0.0,17
2,2024,2024021,1,8,3,3-8,BOT,Valtteri Bottas,77,#64D064,45.0,102,92.903,92.903,0,0,92.944,2.298,-0.105,0.047,-0.082,23,-0.105,0.047,-0.082,23,-0.058,S,#CD3C3C,10,3.0,0,0,0.233,0,0,0,0,0.0,17
2,2024,2024021,1,8,3,3-8,BOT,Valtteri Bottas,77,#64D064,46.0,103,92.948,92.948,0,0,92.926,0.045,-0.139,0.074,-0.102,23,-0.139,0.074,-0.102,23,-0.065,S,#CD3C3C,11,3.0,0,0,0.233,0,0,0,0,0.0,17
2,2024,2024021,1,8,3,3-8,BOT,Valtteri Bottas,77,#64D064,47.0,104,92.852,92.852,0,0,92.9,0.096,-0.108,-0.355,-0.285,3,-0.108,-0.355,-0.285,3,-0.463,S,#CD3C3C,12,3.0,0,0,0.233,0,0,0,0,0.0,17
2,2024,2024021,1,8,3,3-8,BOT,Valtteri Bottas,77,#64D064,48.0,105,92.947,92.947,0,0,92.9,0.095,-0.119,0.186,-0.026,23,-0.119,0.186,-0.026,23,0.067,S,#CD3C3C,13,3.0,0,0,0.233,0,0,0,0,0.0,17
2,2024,2024021,1,8,3,3-8,BOT,Valtteri Bottas,77,#64D064,49.0,106,92.706,92.706,0,0,92.827,0.241,0.134,0.498,0.383,23,0.134,0.498,0.383,23,0.632,S,#CD3C3C,14,3.0,0,0,0.233,0,0,0,0,0.0,17
2,2024,2024021,1,8,23,23-8,ZHO,Guanyu Zhou,24,#64D064,1.0,58,-,-,0,1,-,-,-,-,-,-,-,-,-,-,,M,#F0E628,1,1.0,0,0,0.142,0,0,0,0,,19
2,2024,2024021,1,8,23,23-8,ZHO,Guanyu Zhou,24,#64D064,2.0,59,-,-,0,1,-,-,-,-,-,-,-,-,-,-,,M,#F0E628,2,1.0,0,0,0.142,0,0,0,0,0.0,19
2,2024,2024021,1,8,23,23-8,ZHO,Guanyu Zhou,24,#64D064,3.0,60,97.232,97.232,0,0,-,-,-1.604,-0.266,-1.471,3,-1.604,-0.266,-1.471,3,-1.338,M,#F0E628,3,1.0,0,0,0.142,0,0,0,0,0.0,19
2,2024,2024021,1,8,23,23-8,ZHO,Guanyu Zhou,24,#64D064,4.0,61,96.526,96.526,0,0,96.879,0.706,-1.107,-0.109,-1.052,3,-1.107,-0.109,-1.052,3,-0.998,M,#F0E628,4,1.0,0,0,0.142,0,0,0,0,0.0,19
2,2024,2024021,1,8,23,23-8,ZHO,Guanyu Zhou,24,#64D064,5.0,62,96.238,96.238,0,0,96.382,0.288,-0.952,0.006,-0.955,23,-0.952,0.006,-0.955,23,-0.958,M,#F0E628,5,1.0,0,0,0.142,0,0,0,0,0.0,19
2,2024,2024021,1,8,23,23-8,ZHO,Guanyu Zhou,24,#64D064,6.0,63,97.072,97.072,0,0,96.655,0.834,-1.586,-0.847,-1.163,3,-1.586,-0.847,-1.163,3,-0.739,M,#F0E628,6,1.0,0,0,0.142,0,0,0,0,0.0,18
2,2024,2024021,1,8,23,23-8,ZHO,Guanyu Zhou,24,#64D064,7.0,64,-,-,0,1,-,-,-,-,-,-,-,-,-,-,,M,#F0E628,7,1.0,0,0,0.142,0,1,0,0,0.0,18
2,2024,2024021,1,8,23,23-8,ZHO,Guanyu Zhou,24,#64D064,8.0,65,-,-,0,1,-,-,-,-,-,-,-,-,-,-,,M,#F0E628,8,1.0,0,0,0.142,0,0,0,0,0.0,10
2,2024,2024021,1,8,23,23-8,ZHO,Guanyu Zhou,24,#64D064,9.0,66,-,-,0,1,-,-,-,-,-,-,-,-,-,-,,M,#F0E628,9,1.0,0,0,0.142,1,0,0,0,0.0,10
2,2024,2024021,1,8,23,23-8,ZHO,Guanyu Zhou,24,#64D064,10.0,67,-,-,0,1,-,-,-,-,-,-,-,-,-,-,,M,#F0E628,10,1.0,0,0,0.142,0,0,0,0,0.0,10
2,2024,2024021,1,8,23,23-8,ZHO,Guanyu Zhou,24,#64D064,11.0,68,95.695,95.695,0,0,-,-,-0.48,0.761,-0.861,23,-0.480,0.761,-0.861,23,-1.241,M,#F0E628,11,1.0,0,0,0.142,0,0,0,0,0.0,10
2,2024,2024021,1,8,23,23-8,ZHO,Guanyu Zhou,24,#64D064,12.0,69,94.998,94.998,0,0,95.346,0.697,-0.266,0.829,-0.680,23,-0.266,0.829,-0.680,23,-1.095,M,#F0E628,12,1.0,0,0,0.142,0,0,0,0,0.0,10
2,2024,2024021,1,8,23,23-8,ZHO,Guanyu Zhou,24,#64D064,13.0,70,95.355,95.355,0,0,95.176,0.357,-0.54,0.092,-0.586,23,-0.540,0.092,-0.586,23,-0.632,M,#F0E628,13,1.0,0,0,0.142,0,0,0,0,0.0,10
2,2024,2024021,1,8,23,23-8,ZHO,Guanyu Zhou,24,#64D064,14.0,71,96.658,95.704,1,0,95.53,1.303,-1.82,-1.234,-1.203,3,-0.866,-0.280,-0.726,3,-0.586,M,#F0E628,14,1.0,0,0,0.142,0,0,0,0,-1.0,11
2,2024,2024021,1,8,23,23-8,ZHO,Guanyu Zhou,24,#64D064,15.0,72,96.053,96.053,0,0,95.878,0.605,-1.103,-0.332,-0.937,3,-1.103,-0.332,-0.937,3,-0.771,M,#F0E628,15,1.0,0,0,0.142,0,0,0,0,0.0,11
2,2024,2024021,1,8,23,23-8,ZHO,Guanyu Zhou,24,#64D064,16.0,73,96.065,96.065,0,0,96.059,0.012,-0.938,0.760,-1.318,23,-0.938,0.760,-1.318,23,-1.698,M,#F0E628,16,1.0,0,0,0.142,0,0,0,0,0.0,11
2,2024,2024021,1,8,23,23-8,ZHO,Guanyu Zhou,24,#64D064,17.0,74,95.882,95.882,0,0,95.974,0.183,-0.783,1.356,-1.461,23,-0.783,1.356,-1.461,23,-2.139,M,#F0E628,17,1.0,0,0,0.142,0,0,0,0,0.0,11
2,2024,2024021,1,8,23,23-8,ZHO,Guanyu Zhou,24,#64D064,18.0,75,95.466,95.466,0,0,95.674,0.416,-0.561,0.592,-0.857,23,-0.561,0.592,-0.857,23,-1.153,M,#F0E628,18,1.0,0,0,0.142,0,0,0,0,0.0,11
2,2024,2024021,1,8,23,23-8,ZHO,Guanyu Zhou,24,#64D064,19.0,76,95.407,95.407,0,0,95.436,0.059,-0.654,0.421,-0.865,23,-0.654,0.421,-0.865,23,-1.075,M,#F0E628,19,1.0,0,0,0.142,0,0,0,0,0.0,11
2,2024,2024021,1,8,23,23-8,ZHO,Guanyu Zhou,24,#64D064,20.0,77,95.087,95.087,0,0,95.247,0.320,-0.38,1.166,-0.963,23,-0.380,1.166,-0.963,23,-1.546,M,#F0E628,20,1.0,0,0,0.142,0,0,0,0,0.0,11
2,2024,2024021,1,8,23,23-8,ZHO,Guanyu Zhou,24,#64D064,21.0,78,95.399,95.122,1,0,95.105,0.312,-0.854,1.402,-1.555,23,-0.577,1.217,-1.185,23,-2.256,M,#F0E628,21,1.0,0,0,0.142,0,0,0,0,0.0,11
2,2024,2024021,1,8,23,23-8,ZHO,Guanyu Zhou,24,#64D064,22.0,79,95.158,95.158,0,0,95.14,0.241,-0.435,1.267,-1.069,23,-0.435,1.267,-1.069,23,-1.702,M,#F0E628,22,1.0,0,0,0.142,0,0,0,0,0.0,11
2,2024,2024021,1,8,23,23-8,ZHO,Guanyu Zhou,24,#64D064,23.0,80,95.296,95.296,0,0,95.227,0.138,-0.664,0.955,-1.141,23,-0.664,0.955,-1.141,23,-1.619,M,#F0E628,23,1.0,0,1,0.142,0,0,0,0,0.0,11
2,2024,2024021,1,8,23,23-8,ZHO,Guanyu Zhou,24,#64D064,24.0,81,95.145,95.145,0,0,95.22,0.151,-0.558,1.757,-1.437,23,-0.558,0.790,-0.953,23,-2.315,M,#F0E628,24,1.0,0,0,0.142,0,0,0,0,0.0,11
2,2024,2024021,1,8,23,23-8,ZHO,Guanyu Zhou,24,#64D064,25.0,82,95.145,95.145,0,0,95.145,0.000,-0.554,0.474,-0.791,23,-0.554,0.474,-0.791,23,-1.028,M,#F0E628,25,1.0,0,0,0.142,0,0,0,0,0.0,11
2,2024,2024021,1,8,23,23-8,ZHO,Guanyu Zhou,24,#64D064,26.0,83,95.036,95.036,0,0,95.09,0.109,-0.462,0.283,-0.604,23,-0.462,0.283,-0.604,23,-0.745,M,#F0E628,26,1.0,0,0,0.142,0,0,0,0,0.0,11
2,2024,2024021,1,8,23,23-8,ZHO,Guanyu Zhou,24,#64D064,27.0,84,95.002,95.002,0,0,95.019,0.034,-0.477,0.252,-0.603,23,-0.477,0.252,-0.603,23,-0.729,M,#F0E628,27,1.0,0,0,0.142,0,0,0,0,0.0,11
2,2024,2024021,1,8,23,23-8,ZHO,Guanyu Zhou,24,#64D064,28.0,85,94.879,94.879,0,0,94.94,0.123,-0.434,0.445,-0.656,23,-0.434,0.445,-0.656,23,-0.879,M,#F0E628,28,1.0,0,0,0.142,0,0,0,0,0.0,11
2,2024,2024021,1,8,23,23-8,ZHO,Guanyu Zhou,24,#64D064,29.0,86,94.99,94.99,0,0,94.934,0.111,-0.629,-0.133,-0.562,3,-0.629,-0.133,-0.562,3,-0.496,M,#F0E628,29,1.0,0,0,0.142,0,0,0,0,0.0,11
2,2024,2024021,1,8,23,23-8,ZHO,Guanyu Zhou,24,#64D064,30.0,87,94.885,94.885,0,0,94.938,0.105,-0.515,0.428,-0.729,23,-0.515,0.428,-0.729,23,-0.943,M,#F0E628,30,1.0,0,0,0.142,0,0,0,0,0.0,11
2,2024,2024021,1,8,23,23-8,ZHO,Guanyu Zhou,24,#64D064,31.0,88,94.8,94.8,0,0,94.842,0.085,-0.461,0.615,-0.769,23,-0.461,0.615,-0.769,23,-1.076,M,#F0E628,31,1.0,0,0,0.142,0,0,0,0,0.0,11
2,2024,2024021,1,8,23,23-8,ZHO,Guanyu Zhou,24,#64D064,32.0,89,94.631,94.631,0,0,94.715,0.169,-0.399,0.542,-0.670,23,-0.399,0.542,-0.670,23,-0.941,M,#F0E628,32,1.0,0,0,0.142,0,0,0,0,0.0,11
2,2024,2024021,1,8,23,23-8,ZHO,Guanyu Zhou,24,#64D064,33.0,90,94.679,94.679,0,0,94.655,0.048,-0.419,1.113,-0.976,23,-0.419,0.768,-0.803,23,-1.532,M,#F0E628,33,1.0,0,0,0.142,0,0,0,0,0.0,11
2,2024,2024021,1,8,23,23-8,ZHO,Guanyu Zhou,24,#64D064,34.0,91,94.65,94.65,0,0,94.664,0.029,-0.739,1.071,-1.274,23,-0.739,1.071,-1.274,23,-1.81,M,#F0E628,34,1.0,0,0,0.142,0,0,0,0,0.0,10
2,2024,2024021,1,8,23,23-8,ZHO,Guanyu Zhou,24,#64D064,35.0,92,94.405,94.405,0,0,94.528,0.245,-0.749,-,-,-,-0.749,-,-,-,,M,#F0E628,35,1.0,0,0,0.142,0,0,0,0,0.0,10
2,2024,2024021,1,8,23,23-8,ZHO,Guanyu Zhou,24,#64D064,36.0,93,94.282,94.282,0,0,94.344,0.123,-0.771,-,-,-,-0.771,-,-,-,,M,#F0E628,36,1.0,0,0,0.142,0,0,0,0,0.0,10
2,2024,2024021,1,8,23,23-8,ZHO,Guanyu Zhou,24,#64D064,37.0,94,94.132,94.132,0,0,94.207,0.150,-0.765,-1.052,-0.239,3,-0.765,-1.052,-0.239,3,0.287,M,#F0E628,37,1.0,0,0,0.142,0,0,0,0,0.0,10
2,2024,2024021,1,8,23,23-8,ZHO,Guanyu Zhou,24,#64D064,38.0,95,93.914,93.914,0,0,94.023,0.218,-0.783,-0.987,-0.289,3,-0.783,-0.987,-0.289,3,0.204,M,#F0E628,38,1.0,0,0,0.142,0,0,0,0,0.0,10
2,2024,2024021,1,8,23,23-8,ZHO,Guanyu Zhou,24,#64D064,39.0,96,93.915,93.915,0,0,93.914,0.001,-0.871,-0.887,-0.427,3,-0.871,-0.887,-0.427,3,0.016,M,#F0E628,39,1.0,0,0,0.142,0,0,0,0,0.0,10
2,2024,2024021,1,8,23,23-8,ZHO,Guanyu Zhou,24,#64D064,40.0,97,93.736,93.736,0,0,93.826,0.179,-0.851,-0.561,-0.571,3,-0.851,-0.561,-0.571,3,-0.29,M,#F0E628,40,1.0,0,0,0.142,0,0,0,0,0.0,10
2,2024,2024021,1,8,23,23-8,ZHO,Guanyu Zhou,24,#64D064,41.0,98,-,-,0,1,-,-,-,-,-,-,-,-,-,-,-0.231,M,#F0E628,41,1.0,1,0,0.142,0,0,0,0,0.0,10
2,2024,2024021,1,8,23,23-8,ZHO,Guanyu Zhou,24,#64D064,42.0,99,-,-,0,1,-,-,-,-,-,-,-,-,-,-,-0.155,S,#CD3C3C,1,2.0,0,0,0.143,0,0,0,0,0.0,18
2,2024,2024021,1,8,23,23-8,ZHO,Guanyu Zhou,24,#64D064,43.0,100,93.047,93.047,0,0,-,-,-0.139,0.021,-0.149,23,-0.139,0.021,-0.149,23,-0.16,S,#CD3C3C,2,2.0,0,0,0.143,0,0,0,0,0.0,18
2,2024,2024021,1,8,23,23-8,ZHO,Guanyu Zhou,24,#64D064,44.0,101,92.77,92.77,0,0,92.908,0.277,0.039,2.431,-1.177,23,0.039,0.215,-0.068,23,-2.392,S,#CD3C3C,3,2.0,0,0,0.143,0,0,0,0,0.0,18
2,2024,2024021,1,8,23,23-8,ZHO,Guanyu Zhou,24,#64D064,45.0,102,92.857,92.857,0,0,92.814,0.087,-0.058,0.047,-0.082,23,-0.058,0.047,-0.082,23,-0.105,S,#CD3C3C,4,2.0,0,0,0.143,0,0,0,0,0.0,18
2,2024,2024021,1,8,23,23-8,ZHO,Guanyu Zhou,24,#64D064,46.0,103,92.874,92.874,0,0,92.866,0.017,-0.065,0.074,-0.102,23,-0.065,0.074,-0.102,23,-0.139,S,#CD3C3C,5,2.0,0,1,0.143,0,0,0,0,0.0,18
2,2024,2024021,1,8,23,23-8,ZHO,Guanyu Zhou,24,#64D064,47.0,104,93.207,93.207,0,0,93.04,0.333,-0.463,-0.355,-0.285,3,-0.463,-0.355,-0.285,3,-0.108,S,#CD3C3C,6,2.0,0,0,0.143,0,0,0,0,0.0,18
2,2024,2024021,1,8,23,23-8,ZHO,Guanyu Zhou,24,#64D064,48.0,105,92.761,92.761,0,0,92.984,0.446,0.067,0.186,-0.026,23,0.067,0.186,-0.026,23,-0.119,S,#CD3C3C,7,2.0,0,0,0.143,0,0,0,0,0.0,18
2,2024,2024021,1,8,23,23-8,ZHO,Guanyu Zhou,24,#64D064,49.0,106,92.208,92.208,0,0,92.484,0.553,0.632,0.498,0.383,23,0.632,0.498,0.383,23,0.134,S,#CD3C3C,8,2.0,0,0,0.143,0,0,0,0,0.0,18
2,2024,2024031,2,8,3,3-8,BOT,Valtteri Bottas,77,#64D064,1.0,108,-,-,0,1,-,-,-,-,-,-,-,-,-,-,,M,#F0E628,2,1.0,0,0,0.204,0,0,0,0,,12
2,2024,2024031,2,8,3,3-8,BOT,Valtteri Bottas,77,#64D064,2.0,109,-,-,0,1,-,-,-,-,-,-,-,-,-,-,,M,#F0E628,3,1.0,0,0,0.204,0,0,0,0,0.0,12
2,2024,2024031,2,8,3,3-8,BOT,Valtteri Bottas,77,#64D064,3.0,110,83.272,83.272,0,0,-,-,-0.005,-0.640,-0.325,3,-0.005,-0.640,-0.325,3,-0.645,M,#F0E628,4,1.0,0,0,0.204,0,0,0,0,0.0,12
2,2024,2024031,2,8,3,3-8,BOT,Valtteri Bottas,77,#64D064,4.0,111,83.705,83.705,0,0,83.488,0.433,-0.402,-0.243,-0.524,3,-0.402,-0.243,-0.524,3,-0.645,M,#F0E628,5,1.0,0,0,0.204,0,0,0,0,0.0,11
2,2024,2024031,2,8,3,3-8,BOT,Valtteri Bottas,77,#64D064,5.0,112,83.56,83.56,0,0,83.632,0.145,-0.194,-0.601,-0.494,3,-0.194,-0.601,-0.494,3,-0.795,M,#F0E628,6,1.0,0,1,0.204,0,0,0,0,0.0,11
2,2024,2024031,2,8,3,3-8,BOT,Valtteri Bottas,77,#64D064,6.0,113,83.122,83.122,0,0,83.341,0.438,0.079,-,-,-,0.079,-,-,-,,M,#F0E628,7,1.0,0,0,0.204,0,0,0,0,0.0,11
2,2024,2024031,2,8,3,3-8,BOT,Valtteri Bottas,77,#64D064,7.0,114,83.738,83.738,0,0,83.43,0.616,-0.655,-,-,-,-0.655,-,-,-,,M,#F0E628,8,1.0,0,0,0.204,0,0,0,0,0.0,10
2,2024,2024031,2,8,3,3-8,BOT,Valtteri Bottas,77,#64D064,8.0,115,-,-,0,1,-,-,-,-,-,-,-,-,-,-,-1.144,M,#F0E628,9,1.0,1,0,0.204,0,0,0,0,0.0,18
2,2024,2024031,2,8,3,3-8,BOT,Valtteri Bottas,77,#64D064,9.0,116,-,-,0,1,-,-,-,-,-,-,-,-,-,-,-0.441,H,#A5AFB9,2,2.0,0,0,0.279,0,0,0,0,0.0,18
2,2024,2024031,2,8,3,3-8,BOT,Valtteri Bottas,77,#64D064,10.0,117,83.161,83.161,0,0,-,-,-0.087,-0.499,-0.336,3,-0.087,-0.499,-0.336,3,-0.586,H,#A5AFB9,3,2.0,0,0,0.279,0,0,0,0,0.0,18
2,2024,2024031,2,8,3,3-8,BOT,Valtteri Bottas,77,#64D064,11.0,118,83.44,83.068,1,0,83.115,0.279,-0.408,-0.007,-0.411,3,-0.037,-0.378,-0.226,3,-0.415,H,#A5AFB9,4,2.0,0,0,0.279,0,0,0,0,0.0,18
2,2024,2024031,2,8,3,3-8,BOT,Valtteri Bottas,77,#64D064,12.0,119,82.976,82.976,0,0,83.022,0.464,0.097,-0.201,-0.003,3,0.097,-0.201,-0.003,3,-0.104,H,#A5AFB9,5,2.0,0,0,0.279,0,0,0,0,0.0,18
2,2024,2024031,2,8,3,3-8,BOT,Valtteri Bottas,77,#64D064,13.0,120,83.159,83.159,0,0,83.068,0.183,-0.099,-0.312,-0.255,3,-0.099,-0.081,-0.140,3,-0.411,H,#A5AFB9,6,2.0,0,0,0.279,0,0,0,0,0.0,18
2,2024,2024031,2,8,3,3-8,BOT,Valtteri Bottas,77,#64D064,14.0,121,83.395,83.244,1,0,83.202,0.236,-0.371,0.093,-0.325,23,-0.220,-0.058,-0.249,3,-0.278,H,#A5AFB9,7,2.0,0,0,0.279,0,0,0,0,0.0,18
2,2024,2024031,2,8,3,3-8,BOT,Valtteri Bottas,77,#64D064,15.0,122,83.329,83.329,0,0,83.286,0.066,-0.161,0.000,-0.161,23,-0.161,0.000,-0.161,23,-0.161,H,#A5AFB9,8,2.0,0,0,0.279,0,0,0,0,0.0,18
2,2024,2024031,2,8,3,3-8,BOT,Valtteri Bottas,77,#64D064,16.0,123,-,-,0,1,-,-,-,-,-,-,-,-,-,-,0.034,H,#A5AFB9,9,2.0,0,0,0.279,0,0,0,1,0.0,17
2,2024,2024031,2,8,3,3-8,BOT,Valtteri Bottas,77,#64D064,17.0,124,-,-,0,1,-,-,-,-,-,-,-,-,-,-,,H,#A5AFB9,10,2.0,0,0,0.279,0,0,1,0,0.0,16
2,2024,2024031,2,8,3,3-8,BOT,Valtteri Bottas,77,#64D064,18.0,125,82.609,82.609,0,0,-,-,1.181,-2.349,0.006,3,1.181,-2.349,0.006,3,-1.168,H,#A5AFB9,11,2.0,0,0,0.279,0,0,0,0,0.0,16
2,2024,2024031,2,8,3,3-8,BOT,Valtteri Bottas,77,#64D064,19.0,126,82.597,82.597,0,0,82.603,0.012,0.055,-0.940,-0.415,3,0.055,-0.940,-0.415,3,-0.885,H,#A5AFB9,12,2.0,0,0,0.279,0,0,0,0,0.0,16
2,2024,2024031,2,8,3,3-8,BOT,Valtteri Bottas,77,#64D064,20.0,127,82.694,82.694,0,0,82.646,0.097,-0.144,-0.375,-0.332,3,-0.144,-0.375,-0.332,3,-0.519,H,#A5AFB9,13,2.0,0,0,0.279,0,0,0,0,0.0,16
2,2024,2024031,2,8,3,3-8,BOT,Valtteri Bottas,77,#64D064,21.0,128,82.439,82.439,0,0,82.566,0.255,0.098,-1.034,-0.419,3,0.098,-0.811,-0.307,3,-0.936,H,#A5AFB9,14,2.0,0,0,0.279,0,0,0,0,0.0,16
2,2024,2024031,2,8,3,3-8,BOT,Valtteri Bottas,77,#64D064,22.0,129,82.722,82.39,1,0,82.414,0.283,-0.17,-0.709,-0.524,3,0.163,-1.042,-0.358,3,-0.879,H,#A5AFB9,15,2.0,0,0,0.279,0,0,0,0,0.0,16
2,2024,2024031,2,8,3,3-8,BOT,Valtteri Bottas,77,#64D064,23.0,130,82.34,82.34,0,0,82.365,0.382,0.185,-0.924,-0.277,3,0.185,-0.924,-0.277,3,-0.739,H,#A5AFB9,16,2.0,0,1,0.279,0,0,0,0,0.0,16
2,2024,2024031,2,8,3,3-8,BOT,Valtteri Bottas,77,#64D064,24.0,131,82.91,82.446,1,0,82.393,0.570,-0.357,-0.286,-0.500,3,0.107,-0.750,-0.268,3,-0.643,H,#A5AFB9,17,2.0,0,0,0.279,0,0,0,0,0.0,16
2,2024,2024031,2,8,3,3-8,BOT,Valtteri Bottas,77,#64D064,25.0,132,82.551,82.551,0,0,82.498,0.359,0.051,-0.480,-0.189,3,0.051,-0.480,-0.189,3,-0.429,H,#A5AFB9,18,2.0,0,0,0.279,0,0,0,0,0.0,16
2,2024,2024031,2,8,3,3-8,BOT,Valtteri Bottas,77,#64D064,26.0,133,83.067,82.742,1,0,82.647,0.516,-0.372,0.005,-0.369,23,-0.047,-0.320,-0.207,3,-0.367,H,#A5AFB9,19,2.0,0,0,0.279,0,0,0,0,0.0,16
2,2024,2024031,2,8,3,3-8,BOT,Valtteri Bottas,77,#64D064,27.0,134,82.934,82.934,0,0,82.838,0.133,-0.203,-0.163,-0.284,3,-0.203,-0.163,-0.284,3,-0.366,H,#A5AFB9,20,2.0,0,0,0.279,0,0,0,0,0.0,16
2,2024,2024031,2,8,3,3-8,BOT,Valtteri Bottas,77,#64D064,28.0,135,82.948,82.948,0,0,82.941,0.014,-0.248,-0.075,-0.285,3,-0.248,-0.075,-0.285,3,-0.323,H,#A5AFB9,21,2.0,0,0,0.279,0,0,0,0,0.0,16
2,2024,2024031,2,8,3,3-8,BOT,Valtteri Bottas,77,#64D064,29.0,136,82.835,82.835,0,0,82.892,0.113,-0.232,0.233,-0.116,23,-0.232,0.233,-0.116,23,0.001,H,#A5AFB9,22,2.0,0,0,0.279,0,0,0,0,0.0,16
2,2024,2024031,2,8,3,3-8,BOT,Valtteri Bottas,77,#64D064,30.0,137,82.998,82.998,0,0,82.916,0.163,-0.293,0.009,-0.288,23,-0.293,0.284,-0.151,23,-0.284,H,#A5AFB9,23,2.0,0,0,0.279,0,0,0,0,0.0,15
2,2024,2024031,2,8,3,3-8,BOT,Valtteri Bottas,77,#64D064,31.0,138,83.01,83.01,0,0,83.004,0.012,-0.379,0.184,-0.287,23,-0.379,0.184,-0.287,23,-0.195,H,#A5AFB9,24,2.0,0,0,0.279,0,0,0,0,0.0,15
2,2024,2024031,2,8,3,3-8,BOT,Valtteri Bottas,77,#64D064,32.0,139,82.897,82.897,0,0,82.954,0.113,-0.269,-0.273,-0.406,3,-0.269,-0.273,-0.406,3,-0.542,H,#A5AFB9,25,2.0,0,0,0.279,0,0,0,0,0.0,15
2,2024,2024031,2,8,3,3-8,BOT,Valtteri Bottas,77,#64D064,33.0,140,82.851,82.851,0,0,82.874,0.046,-0.206,-0.395,-0.403,3,-0.206,-0.395,-0.403,3,-0.601,H,#A5AFB9,26,2.0,0,0,0.279,0,0,0,0,0.0,15
2,2024,2024031,2,8,3,3-8,BOT,Valtteri Bottas,77,#64D064,34.0,141,86.453,83.148,1,0,83.0,3.602,-3.675,3.385,-1.982,23,-0.370,0.080,-0.330,23,-0.29,H,#A5AFB9,27,2.0,0,0,0.279,0,0,0,0,0.0,15
2,2024,2024031,2,8,3,3-8,BOT,Valtteri Bottas,77,#64D064,35.0,142,83.446,83.446,0,0,83.297,3.007,-0.686,-,-,-,-0.686,-,-,-,,H,#A5AFB9,28,2.0,0,0,0.279,0,0,0,0,0.0,14
2,2024,2024031,2,8,3,3-8,BOT,Valtteri Bottas,77,#64D064,36.0,143,-,-,0,1,-,-,-,-,-,-,-,-,-,-,,H,#A5AFB9,29,2.0,1,0,0.279,0,0,0,0,0.0,16
2,2024,2024031,2,8,3,3-8,BOT,Valtteri Bottas,77,#64D064,37.0,144,-,-,0,1,-,-,-,-,-,-,-,-,-,-,-0.418,H,#A5AFB9,1,3.0,0,0,0.443,0,0,0,0,0.0,16
2,2024,2024031,2,8,3,3-8,BOT,Valtteri Bottas,77,#64D064,38.0,145,81.755,81.755,0,0,-,-,0.464,-0.675,0.127,3,0.464,-0.675,0.127,3,-0.211,H,#A5AFB9,2,3.0,0,0,0.443,0,0,0,0,0.0,16
2,2024,2024031,2,8,3,3-8,BOT,Valtteri Bottas,77,#64D064,39.0,146,81.646,81.646,0,0,81.7,0.109,0.375,-0.362,0.194,3,0.375,-0.362,0.194,3,0.013,H,#A5AFB9,3,3.0,0,0,0.443,0,0,0,0,0.0,16
2,2024,2024031,2,8,3,3-8,BOT,Valtteri Bottas,77,#64D064,40.0,147,81.533,81.533,0,0,81.59,0.113,0.521,-0.375,0.334,3,0.521,-0.375,0.334,3,0.146,H,#A5AFB9,4,3.0,0,0,0.443,0,0,0,0,0.0,16
2,2024,2024031,2,8,3,3-8,BOT,Valtteri Bottas,77,#64D064,41.0,148,82.008,82.008,0,0,81.77,0.475,-0.174,-1.991,-1.169,3,-0.174,-0.043,-0.196,3,-2.165,H,#A5AFB9,5,3.0,0,0,0.443,0,0,0,0,0.0,16
2,2024,2024031,2,8,3,3-8,BOT,Valtteri Bottas,77,#64D064,42.0,149,85.18,82.448,1,0,82.228,3.172,-3.482,2.985,-1.990,23,-0.751,0.254,-0.624,23,-0.497,H,#A5AFB9,6,3.0,0,0,0.443,0,0,0,0,0.0,15
2,2024,2024031,2,8,3,3-8,BOT,Valtteri Bottas,77,#64D064,43.0,150,82.889,82.889,0,0,82.669,2.291,-1.115,-0.938,-1.584,3,-1.115,0.718,-0.756,23,-2.053,H,#A5AFB9,7,3.0,0,0,0.443,0,0,0,0,0.0,15
2,2024,2024031,2,8,3,3-8,BOT,Valtteri Bottas,77,#64D064,44.0,151,83.241,83.241,0,0,83.065,0.352,-1.766,1.094,-1.219,23,-1.766,1.094,-1.219,23,-0.672,H,#A5AFB9,8,3.0,0,0,0.443,0,0,0,0,0.0,15
2,2024,2024031,2,8,3,3-8,BOT,Valtteri Bottas,77,#64D064,45.0,152,81.711,81.711,0,0,82.476,1.530,-0.521,0.102,-0.470,23,-0.521,0.102,-0.470,23,-0.419,H,#A5AFB9,9,3.0,0,0,0.443,0,0,0,0,0.0,15
2,2024,2024031,2,8,3,3-8,BOT,Valtteri Bottas,77,#64D064,46.0,153,81.554,81.554,0,0,81.632,0.157,-0.503,-0.109,-0.557,3,-0.503,-0.109,-0.557,3,-0.612,H,#A5AFB9,10,3.0,0,1,0.443,0,0,0,0,0.0,15
2,2024,2024031,2,8,3,3-8,BOT,Valtteri Bottas,77,#64D064,47.0,154,81.583,81.583,0,0,81.568,0.029,-0.56,-0.193,-0.657,3,-0.560,-0.193,-0.657,3,-0.753,H,#A5AFB9,11,3.0,0,0,0.443,0,0,0,0,0.0,15
2,2024,2024031,2,8,3,3-8,BOT,Valtteri Bottas,77,#64D064,48.0,155,81.422,81.422,0,0,81.502,0.161,-0.344,-1.713,-1.200,3,-0.344,-0.130,-0.409,3,-2.057,H,#A5AFB9,12,3.0,0,0,0.443,0,0,0,0,0.0,15
2,2024,2024031,2,8,3,3-8,BOT,Valtteri Bottas,77,#64D064,49.0,156,81.457,81.457,0,0,81.44,0.035,-0.395,0.130,-0.330,23,-0.395,0.130,-0.330,23,-0.265,H,#A5AFB9,13,3.0,0,0,0.443,0,0,0,0,0.0,15
2,2024,2024031,2,8,3,3-8,BOT,Valtteri Bottas,77,#64D064,50.0,157,83.898,81.553,1,0,81.505,2.441,-2.765,2.067,-1.732,23,-0.420,-0.278,-0.559,3,-0.698,H,#A5AFB9,14,3.0,0,0,0.443,0,0,0,0,0.0,15
2,2024,2024031,2,8,3,3-8,BOT,Valtteri Bottas,77,#64D064,51.0,158,81.649,81.649,0,0,81.601,2.249,-0.468,-0.181,-0.558,3,-0.468,-0.181,-0.558,3,-0.649,H,#A5AFB9,15,3.0,0,0,0.443,0,0,0,0,0.0,15
2,2024,2024031,2,8,3,3-8,BOT,Valtteri Bottas,77,#64D064,52.0,159,82.056,82.056,0,0,81.852,0.407,-0.836,-0.004,-0.838,3,-0.836,-0.004,-0.838,3,-0.84,H,#A5AFB9,16,3.0,0,0,0.443,0,0,0,0,0.0,15
2,2024,2024031,2,8,3,3-8,BOT,Valtteri Bottas,77,#64D064,53.0,160,81.82,81.82,0,0,81.938,0.236,-0.52,-0.364,-0.702,3,-0.520,-0.364,-0.702,3,-0.884,H,#A5AFB9,17,3.0,0,0,0.443,0,0,0,0,0.0,15
2,2024,2024031,2,8,3,3-8,BOT,Valtteri Bottas,77,#64D064,54.0,161,82.029,82.029,0,0,81.924,0.209,-0.546,-0.038,-0.565,3,-0.546,-0.038,-0.565,3,-0.584,H,#A5AFB9,18,3.0,0,0,0.443,0,0,0,0,0.0,15
2,2024,2024031,2,8,3,3-8,BOT,Valtteri Bottas,77,#64D064,55.0,162,82.01,82.01,0,0,82.02,0.019,-0.348,0.212,-0.242,23,-0.348,0.212,-0.242,23,-0.136,H,#A5AFB9,19,3.0,0,0,0.443,0,0,0,0,0.0,15
2,2024,2024031,2,8,3,3-8,BOT,Valtteri Bottas,77,#64D064,56.0,163,-,-,0,1,-,-,-,-,-,-,-,-,-,-,,H,#A5AFB9,20,3.0,0,0,0.443,0,0,0,1,0.0,15
2,2024,2024031,2,8,3,3-8,BOT,Valtteri Bottas,77,#64D064,57.0,164,-,-,0,1,-,-,-,-,-,-,-,-,-,-,,H,#A5AFB9,21,3.0,0,0,0.443,0,0,0,0,0.0,14
2,2024,2024031,2,8,23,23-8,ZHO,Guanyu Zhou,24,#64D064,1.0,108,-,-,0,1,-,-,-,-,-,-,-,-,-,-,,S,#CD3C3C,1,2.0,0,0,0.062,0,0,0,0,,19
2,2024,2024031,2,8,23,23-8,ZHO,Guanyu Zhou,24,#64D064,2.0,109,-,-,0,1,-,-,-,-,-,-,-,-,-,-,,S,#CD3C3C,2,2.0,0,0,0.062,0,0,0,0,0.0,19
2,2024,2024031,2,8,23,23-8,ZHO,Guanyu Zhou,24,#64D064,3.0,110,83.912,83.912,0,0,-,-,-0.645,-0.640,-0.325,3,-0.645,-0.640,-0.325,3,-0.005,S,#CD3C3C,3,2.0,0,0,0.062,0,0,0,0,0.0,19
2,2024,2024031,2,8,23,23-8,ZHO,Guanyu Zhou,24,#64D064,4.0,111,83.948,83.948,0,0,83.93,0.036,-0.645,-0.243,-0.524,3,-0.645,-0.243,-0.524,3,-0.402,S,#CD3C3C,4,2.0,0,1,0.062,0,0,0,0,0.0,18
2,2024,2024031,2,8,23,23-8,ZHO,Guanyu Zhou,24,#64D064,5.0,112,84.161,84.161,0,0,84.054,0.213,-0.795,-0.601,-0.494,3,-0.795,-0.601,-0.494,3,-0.194,S,#CD3C3C,5,2.0,0,0,0.062,0,0,0,0,0.0,17
2,2024,2024031,2,8,23,23-8,ZHO,Guanyu Zhou,24,#64D064,6.0,113,-,-,0,1,-,-,-,-,-,-,-,-,-,-,0.079,S,#CD3C3C,6,2.0,1,0,0.062,0,0,0,0,0.0,17
2,2024,2024031,2,8,23,23-8,ZHO,Guanyu Zhou,24,#64D064,7.0,114,-,-,0,1,-,-,-,-,-,-,-,-,-,-,-0.655,H,#A5AFB9,2,3.0,0,0,0.145,0,0,0,0,0.0,18
2,2024,2024031,2,8,23,23-8,ZHO,Guanyu Zhou,24,#64D064,8.0,115,84.402,84.402,0,0,-,-,-1.144,-,-,-,-1.144,-,-,-,,H,#A5AFB9,3,3.0,0,0,0.145,0,0,0,0,0.0,17
2,2024,2024031,2,8,23,23-8,ZHO,Guanyu Zhou,24,#64D064,9.0,116,83.624,83.624,0,0,84.013,0.778,-0.441,-,-,-,-0.441,-,-,-,,H,#A5AFB9,4,3.0,0,0,0.145,0,0,0,0,0.0,17
2,2024,2024031,2,8,23,23-8,ZHO,Guanyu Zhou,24,#64D064,10.0,117,83.66,83.66,0,0,83.642,0.036,-0.586,-0.499,-0.336,3,-0.586,-0.499,-0.336,3,-0.087,H,#A5AFB9,5,3.0,0,0,0.145,0,0,0,0,0.0,17
2,2024,2024031,2,8,23,23-8,ZHO,Guanyu Zhou,24,#64D064,11.0,118,83.447,83.447,0,0,83.554,0.213,-0.415,-0.007,-0.411,3,-0.415,-0.378,-0.226,3,-0.408,H,#A5AFB9,6,3.0,0,0,0.145,0,0,0,0,0.0,17
2,2024,2024031,2,8,23,23-8,ZHO,Guanyu Zhou,24,#64D064,12.0,119,83.177,83.177,0,0,83.312,0.270,-0.104,-0.201,-0.003,3,-0.104,-0.201,-0.003,3,0.097,H,#A5AFB9,7,3.0,0,0,0.145,0,0,0,0,0.0,17
2,2024,2024031,2,8,23,23-8,ZHO,Guanyu Zhou,24,#64D064,13.0,120,83.471,83.24,1,0,83.208,0.294,-0.411,-0.312,-0.255,3,-0.180,-0.081,-0.140,3,-0.099,H,#A5AFB9,8,3.0,0,0,0.145,0,0,0,0,0.0,17
2,2024,2024031,2,8,23,23-8,ZHO,Guanyu Zhou,24,#64D064,14.0,121,83.302,83.302,0,0,83.271,0.169,-0.278,0.093,-0.325,23,-0.278,-0.058,-0.249,3,-0.371,H,#A5AFB9,9,3.0,0,0,0.145,0,0,0,0,0.0,17
2,2024,2024031,2,8,23,23-8,ZHO,Guanyu Zhou,24,#64D064,15.0,122,83.329,83.329,0,0,83.316,0.027,-0.161,0.000,-0.161,23,-0.161,0.000,-0.161,23,-0.161,H,#A5AFB9,10,3.0,0,0,0.145,0,0,0,0,0.0,17
2,2024,2024031,2,8,23,23-8,ZHO,Guanyu Zhou,24,#64D064,16.0,123,83.339,83.339,0,0,83.334,0.010,0.034,-,-,-,0.034,-,-,-,,H,#A5AFB9,11,3.0,0,0,0.145,0,0,0,0,0.0,15
2,2024,2024031,2,8,23,23-8,ZHO,Guanyu Zhou,24,#64D064,17.0,124,-,-,0,1,-,-,-,-,-,-,-,-,-,-,,H,#A5AFB9,12,3.0,0,0,0.145,0,0,1,1,0.0,15
2,2024,2024031,2,8,23,23-8,ZHO,Guanyu Zhou,24,#64D064,18.0,125,84.958,84.958,0,0,-,-,-1.168,-2.349,0.006,3,-1.168,-2.349,0.006,3,1.181,H,#A5AFB9,13,3.0,0,0,0.145,0,0,0,0,0.0,14
2,2024,2024031,2,8,23,23-8,ZHO,Guanyu Zhou,24,#64D064,19.0,126,83.537,83.537,0,0,84.248,1.421,-0.885,-0.940,-0.415,3,-0.885,-0.940,-0.415,3,0.055,H,#A5AFB9,14,3.0,0,0,0.145,0,0,0,0,0.0,14
2,2024,2024031,2,8,23,23-8,ZHO,Guanyu Zhou,24,#64D064,20.0,127,83.069,83.069,0,0,83.303,0.468,-0.519,-0.375,-0.332,3,-0.519,-0.375,-0.332,3,-0.144,H,#A5AFB9,15,3.0,0,0,0.145,0,0,0,0,0.0,14
2,2024,2024031,2,8,23,23-8,ZHO,Guanyu Zhou,24,#64D064,21.0,128,83.473,83.25,1,0,83.16,0.404,-0.936,-1.034,-0.419,3,-0.713,-0.811,-0.307,3,0.098,H,#A5AFB9,16,3.0,0,1,0.145,0,0,0,0,0.0,14
2,2024,2024031,2,8,23,23-8,ZHO,Guanyu Zhou,24,#64D064,22.0,129,83.431,83.431,0,0,83.34,0.042,-0.879,-0.709,-0.524,3,-0.879,-1.042,-0.358,3,-0.17,H,#A5AFB9,17,3.0,0,0,0.145,0,0,0,0,0.0,14
2,2024,2024031,2,8,23,23-8,ZHO,Guanyu Zhou,24,#64D064,23.0,130,83.264,83.264,0,0,83.348,0.167,-0.739,-0.924,-0.277,3,-0.739,-0.924,-0.277,3,0.185,H,#A5AFB9,18,3.0,0,0,0.145,0,0,0,0,0.0,14
2,2024,2024031,2,8,23,23-8,ZHO,Guanyu Zhou,24,#64D064,24.0,131,83.196,83.196,0,0,83.23,0.068,-0.643,-0.286,-0.500,3,-0.643,-0.750,-0.268,3,-0.357,H,#A5AFB9,19,3.0,0,0,0.145,0,0,0,0,0.0,14
2,2024,2024031,2,8,23,23-8,ZHO,Guanyu Zhou,24,#64D064,25.0,132,83.031,83.031,0,0,83.114,0.165,-0.429,-0.480,-0.189,3,-0.429,-0.480,-0.189,3,0.051,H,#A5AFB9,20,3.0,0,0,0.145,0,0,0,0,0.0,14
2,2024,2024031,2,8,23,23-8,ZHO,Guanyu Zhou,24,#64D064,26.0,133,83.062,83.062,0,0,83.047,0.031,-0.367,0.005,-0.369,23,-0.367,-0.320,-0.207,3,-0.372,H,#A5AFB9,21,3.0,0,0,0.145,0,0,0,0,0.0,14
2,2024,2024031,2,8,23,23-8,ZHO,Guanyu Zhou,24,#64D064,27.0,134,83.097,83.097,0,0,83.08,0.035,-0.366,-0.163,-0.284,3,-0.366,-0.163,-0.284,3,-0.203,H,#A5AFB9,22,3.0,0,0,0.145,0,0,0,0,0.0,13
2,2024,2024031,2,8,23,23-8,ZHO,Guanyu Zhou,24,#64D064,28.0,135,83.023,83.023,0,0,83.06,0.074,-0.323,-0.075,-0.285,3,-0.323,-0.075,-0.285,3,-0.248,H,#A5AFB9,23,3.0,0,0,0.145,0,0,0,0,0.0,13
2,2024,2024031,2,8,23,23-8,ZHO,Guanyu Zhou,24,#64D064,29.0,136,82.602,82.602,0,0,82.812,0.421,0.001,0.233,-0.116,23,0.001,0.233,-0.116,23,-0.232,H,#A5AFB9,24,3.0,0,0,0.145,0,0,0,0,0.0,12
2,2024,2024031,2,8,23,23-8,ZHO,Guanyu Zhou,24,#64D064,30.0,137,82.989,82.714,1,0,82.658,0.387,-0.284,0.009,-0.288,23,-0.009,0.284,-0.151,23,-0.293,H,#A5AFB9,25,3.0,0,0,0.145,0,0,0,0,0.0,12
2,2024,2024031,2,8,23,23-8,ZHO,Guanyu Zhou,24,#64D064,31.0,138,82.826,82.826,0,0,82.77,0.163,-0.195,0.184,-0.287,23,-0.195,0.184,-0.287,23,-0.379,H,#A5AFB9,26,3.0,0,0,0.145,0,0,0,0,0.0,12
2,2024,2024031,2,8,23,23-8,ZHO,Guanyu Zhou,24,#64D064,32.0,139,83.17,83.17,0,0,82.998,0.344,-0.542,-0.273,-0.406,3,-0.542,-0.273,-0.406,3,-0.269,H,#A5AFB9,27,3.0,0,0,0.145,0,0,0,0,0.0,12
2,2024,2024031,2,8,23,23-8,ZHO,Guanyu Zhou,24,#64D064,33.0,140,83.246,83.246,0,0,83.208,0.076,-0.601,-0.395,-0.403,3,-0.601,-0.395,-0.403,3,-0.206,H,#A5AFB9,28,3.0,0,0,0.145,0,0,0,0,0.0,11
2,2024,2024031,2,8,23,23-8,ZHO,Guanyu Zhou,24,#64D064,34.0,141,83.068,83.068,0,0,83.157,0.178,-0.29,3.385,-1.982,23,-0.290,0.080,-0.330,23,-3.675,H,#A5AFB9,29,3.0,0,0,0.145,0,0,0,0,0.0,11
2,2024,2024031,2,8,23,23-8,ZHO,Guanyu Zhou,24,#64D064,35.0,142,-,-,0,1,-,-,-,-,-,-,-,-,-,-,-0.686,H,#A5AFB9,30,3.0,1,0,0.145,0,0,0,0,0.0,17
2,2024,2024031,2,8,23,23-8,ZHO,Guanyu Zhou,24,#64D064,36.0,143,-,-,0,1,-,-,-,-,-,-,-,-,-,-,,H,#A5AFB9,1,4.0,0,0,0.369,0,0,0,0,0.0,17
2,2024,2024031,2,8,23,23-8,ZHO,Guanyu Zhou,24,#64D064,37.0,144,82.598,82.598,0,0,-,-,-0.418,-,-,-,-0.418,-,-,-,,H,#A5AFB9,2,4.0,0,0,0.369,0,0,0,0,0.0,17
2,2024,2024031,2,8,23,23-8,ZHO,Guanyu Zhou,24,#64D064,38.0,145,82.43,82.43,0,0,82.514,0.168,-0.211,-0.675,0.127,3,-0.211,-0.675,0.127,3,0.464,H,#A5AFB9,3,4.0,0,0,0.369,0,0,0,0,0.0,17
2,2024,2024031,2,8,23,23-8,ZHO,Guanyu Zhou,24,#64D064,39.0,146,82.008,82.008,0,0,82.219,0.422,0.013,-0.362,0.194,3,0.013,-0.362,0.194,3,0.375,H,#A5AFB9,4,4.0,0,0,0.369,0,0,0,0,0.0,17
2,2024,2024031,2,8,23,23-8,ZHO,Guanyu Zhou,24,#64D064,40.0,147,81.908,81.908,0,0,81.958,0.100,0.146,-0.375,0.334,3,0.146,-0.375,0.334,3,0.521,H,#A5AFB9,5,4.0,0,0,0.369,0,0,0,0,0.0,17
2,2024,2024031,2,8,23,23-8,ZHO,Guanyu Zhou,24,#64D064,41.0,148,83.999,82.052,1,0,81.98,2.091,-2.165,-1.991,-1.169,3,-0.217,-0.043,-0.196,3,-0.174,H,#A5AFB9,6,4.0,0,0,0.369,0,0,0,0,0.0,17
2,2024,2024031,2,8,23,23-8,ZHO,Guanyu Zhou,24,#64D064,42.0,149,82.195,82.195,0,0,82.123,1.804,-0.497,2.985,-1.990,23,-0.497,0.254,-0.624,23,-3.482,H,#A5AFB9,7,4.0,0,0,0.369,0,0,0,0,0.0,17
2,2024,2024031,2,8,23,23-8,ZHO,Guanyu Zhou,24,#64D064,43.0,150,83.827,82.171,1,0,82.183,1.632,-2.053,-0.938,-1.584,3,-0.397,0.718,-0.756,23,-1.115,H,#A5AFB9,8,4.0,0,0,0.369,0,0,0,0,0.0,16
2,2024,2024031,2,8,23,23-8,ZHO,Guanyu Zhou,24,#64D064,44.0,151,82.147,82.147,0,0,82.159,1.680,-0.672,1.094,-1.219,23,-0.672,1.094,-1.219,23,-1.766,H,#A5AFB9,9,4.0,0,0,0.369,0,0,0,0,0.0,16
2,2024,2024031,2,8,23,23-8,ZHO,Guanyu Zhou,24,#64D064,45.0,152,81.609,81.609,0,0,81.878,0.538,-0.419,0.102,-0.470,23,-0.419,0.102,-0.470,23,-0.521,H,#A5AFB9,10,4.0,0,0,0.369,0,0,0,0,0.0,16
2,2024,2024031,2,8,23,23-8,ZHO,Guanyu Zhou,24,#64D064,46.0,153,81.663,81.663,0,0,81.636,0.054,-0.612,-0.109,-0.557,3,-0.612,-0.109,-0.557,3,-0.503,H,#A5AFB9,11,4.0,0,1,0.369,0,0,0,0,0.0,16
2,2024,2024031,2,8,23,23-8,ZHO,Guanyu Zhou,24,#64D064,47.0,154,81.776,81.776,0,0,81.72,0.113,-0.753,-0.193,-0.657,3,-0.753,-0.193,-0.657,3,-0.56,H,#A5AFB9,12,4.0,0,0,0.369,0,0,0,0,0.0,16
2,2024,2024031,2,8,23,23-8,ZHO,Guanyu Zhou,24,#64D064,48.0,155,83.135,81.552,1,0,81.664,1.359,-2.057,-1.713,-1.200,3,-0.474,-0.130,-0.409,3,-0.344,H,#A5AFB9,13,4.0,0,0,0.369,0,0,0,0,0.0,16
2,2024,2024031,2,8,23,23-8,ZHO,Guanyu Zhou,24,#64D064,49.0,156,81.327,81.327,0,0,81.439,1.808,-0.265,0.130,-0.330,23,-0.265,0.130,-0.330,23,-0.395,H,#A5AFB9,14,4.0,0,0,0.369,0,0,0,0,0.0,16
2,2024,2024031,2,8,23,23-8,ZHO,Guanyu Zhou,24,#64D064,50.0,157,81.831,81.831,0,0,81.579,0.504,-0.698,2.067,-1.732,23,-0.698,-0.278,-0.559,3,-2.765,H,#A5AFB9,15,4.0,0,0,0.369,0,0,0,0,0.0,16
2,2024,2024031,2,8,23,23-8,ZHO,Guanyu Zhou,24,#64D064,51.0,158,81.83,81.83,0,0,81.83,0.001,-0.649,-0.181,-0.558,3,-0.649,-0.181,-0.558,3,-0.468,H,#A5AFB9,16,4.0,0,0,0.369,0,0,0,0,0.0,16
2,2024,2024031,2,8,23,23-8,ZHO,Guanyu Zhou,24,#64D064,52.0,159,82.06,82.06,0,0,81.945,0.230,-0.84,-0.004,-0.838,3,-0.840,-0.004,-0.838,3,-0.836,H,#A5AFB9,17,4.0,0,0,0.369,0,0,0,0,0.0,16
2,2024,2024031,2,8,23,23-8,ZHO,Guanyu Zhou,24,#64D064,53.0,160,82.184,82.184,0,0,82.122,0.124,-0.884,-0.364,-0.702,3,-0.884,-0.364,-0.702,3,-0.52,H,#A5AFB9,18,4.0,0,0,0.369,0,0,0,0,0.0,16
2,2024,2024031,2,8,23,23-8,ZHO,Guanyu Zhou,24,#64D064,54.0,161,82.067,82.067,0,0,82.125,0.117,-0.584,-0.038,-0.565,3,-0.584,-0.038,-0.565,3,-0.546,H,#A5AFB9,19,4.0,0,0,0.369,0,0,0,0,0.0,16
2,2024,2024031,2,8,23,23-8,ZHO,Guanyu Zhou,24,#64D064,55.0,162,81.798,81.798,0,0,81.932,0.269,-0.136,0.212,-0.242,23,-0.136,0.212,-0.242,23,-0.348,H,#A5AFB9,20,4.0,0,0,0.369,0,0,0,0,0.0,16
2,2024,2024031,2,8,23,23-8,ZHO,Guanyu Zhou,24,#64D064,56.0,163,-,-,0,1,-,-,-,-,-,-,-,-,-,-,,H,#A5AFB9,21,4.0,0,0,0.369,0,0,0,1,0.0,16
2,2024,2024031,2,8,23,23-8,ZHO,Guanyu Zhou,24,#64D064,57.0,164,-,-,0,1,-,-,-,-,-,-,-,-,-,-,,H,#A5AFB9,22,4.0,0,0,0.369,0,0,0,0,0.0,15
2,2024,2024041,3,8,3,3-8,BOT,Valtteri Bottas,77,#64D064,1.0,166,-,-,0,1,-,-,-,-,-,-,-,-,-,-,,S,#CD3C3C,1,1.0,1,0,-,0,0,0,0,,11
2,2024,2024041,3,8,3,3-8,BOT,Valtteri Bottas,77,#64D064,2.0,167,-,-,0,1,-,-,-,-,-,-,-,-,-,-,,S,#CD3C3C,2,2.0,0,0,0.591,0,0,0,0,,11
2,2024,2024041,3,8,3,3-8,BOT,Valtteri Bottas,77,#64D064,3.0,168,-,-,0,1,-,-,-,-,-,-,-,-,-,-,,S,#CD3C3C,3,2.0,0,0,0.591,0,0,0,0,-1.0,12
2,2024,2024041,3,8,3,3-8,BOT,Valtteri Bottas,77,#64D064,4.0,169,99.462,99.462,0,0,-,-,-,-,-,-,-,-,-,-,-1.531,S,#CD3C3C,4,2.0,0,1,0.591,0,0,0,0,0.0,12
2,2024,2024041,3,8,3,3-8,BOT,Valtteri Bottas,77,#64D064,5.0,170,98.279,98.279,0,0,98.87,1.183,-,-,-,-,-,-,-,-,-1.268,S,#CD3C3C,5,2.0,0,0,0.591,0,0,0,0,1.0,11
2,2024,2024041,3,8,3,3-8,BOT,Valtteri Bottas,77,#64D064,6.0,171,-,-,0,1,-,-,-,-,-,-,-,-,-,-,-1.495,S,#CD3C3C,6,2.0,1,0,0.591,0,0,0,0,0.0,12
2,2024,2024041,3,8,3,3-8,BOT,Valtteri Bottas,77,#64D064,7.0,172,-,-,0,1,-,-,-,-,-,-,-,-,-,-,,H,#A5AFB9,1,3.0,0,0,0.469,0,0,0,0,0.0,17
2,2024,2024041,3,8,3,3-8,BOT,Valtteri Bottas,77,#64D064,8.0,173,96.706,96.706,0,0,-,-,1.635,-,-,-,1.635,-,-,-,,H,#A5AFB9,2,3.0,0,0,0.469,0,0,0,0,0.0,15
2,2024,2024041,3,8,3,3-8,BOT,Valtteri Bottas,77,#64D064,9.0,174,97.406,97.406,0,0,97.056,0.700,1.132,-,-,-,1.132,-,-,-,,H,#A5AFB9,3,3.0,0,0,0.469,0,0,0,0,0.0,15
2,2024,2024041,3,8,3,3-8,BOT,Valtteri Bottas,77,#64D064,10.0,175,97.451,97.451,0,0,97.428,0.045,1.34,-,-,-,1.340,-,-,-,,H,#A5AFB9,4,3.0,0,0,0.469,0,0,0,0,0.0,15
2,2024,2024041,3,8,3,3-8,BOT,Valtteri Bottas,77,#64D064,11.0,176,98.432,98.432,0,0,97.941,0.981,0.604,-,-,-,0.604,-,-,-,,H,#A5AFB9,5,3.0,0,0,0.469,0,0,0,0,0.0,15
2,2024,2024041,3,8,3,3-8,BOT,Valtteri Bottas,77,#64D064,12.0,177,100.691,98.357,1,0,98.394,2.259,-1.6,-,-,-,0.734,-,-,-,,H,#A5AFB9,6,3.0,0,0,0.469,0,0,0,0,0.0,15
2,2024,2024041,3,8,3,3-8,BOT,Valtteri Bottas,77,#64D064,13.0,178,98.282,98.282,0,0,98.32,2.409,0.583,-,-,-,0.583,-,-,-,,H,#A5AFB9,7,3.0,0,0,0.469,0,0,0,0,1.0,13
2,2024,2024041,3,8,3,3-8,BOT,Valtteri Bottas,77,#64D064,14.0,179,98.717,98.717,0,0,98.5,0.435,0.084,-,-,-,0.084,-,-,-,,H,#A5AFB9,8,3.0,0,1,0.469,0,0,0,0,0.0,13
2,2024,2024041,3,8,3,3-8,BOT,Valtteri Bottas,77,#64D064,15.0,180,100.42,98.675,1,0,98.696,1.703,-1.626,-,-,-,0.119,-,-,-,,H,#A5AFB9,9,3.0,0,0,0.469,0,0,0,0,-1.0,14
2,2024,2024041,3,8,3,3-8,BOT,Valtteri Bottas,77,#64D064,16.0,181,98.633,98.633,0,0,98.654,1.787,0.015,-,-,-,0.015,-,-,-,,H,#A5AFB9,10,3.0,0,0,0.469,0,0,0,0,2.0,12
2,2024,2024041,3,8,3,3-8,BOT,Valtteri Bottas,77,#64D064,17.0,182,98.718,98.718,0,0,98.676,0.085,-0.357,-,-,-,-0.357,-,-,-,,H,#A5AFB9,11,3.0,0,0,0.469,0,0,0,0,-1.0,13
2,2024,2024041,3,8,3,3-8,BOT,Valtteri Bottas,77,#64D064,18.0,183,98.83,98.83,0,0,98.774,0.112,-0.575,-,-,-,-0.575,-,-,-,,H,#A5AFB9,12,3.0,0,0,0.469,0,0,0,0,1.0,12
2,2024,2024041,3,8,3,3-8,BOT,Valtteri Bottas,77,#64D064,19.0,184,99.632,99.632,0,0,99.231,0.802,-1.491,-,-,-,-1.491,-,-,-,,H,#A5AFB9,13,3.0,0,0,0.469,0,0,0,0,1.0,11
2,2024,2024041,3,8,3,3-8,BOT,Valtteri Bottas,77,#64D064,20.0,185,99.113,99.113,0,0,99.372,0.519,-1.033,-,-,-,-1.033,-,-,-,,H,#A5AFB9,14,3.0,0,0,0.469,0,0,0,0,0.0,11
2,2024,2024041,3,8,3,3-8,BOT,Valtteri Bottas,77,#64D064,21.0,186,99.457,99.457,0,0,99.285,0.344,-1.193,-,-,-,-1.193,-,-,-,,H,#A5AFB9,15,3.0,0,0,0.469,0,0,0,0,0.0,11
2,2024,2024041,3,8,3,3-8,BOT,Valtteri Bottas,77,#64D064,22.0,187,-,-,0,1,-,-,-,-,-,-,-,-,-,-,,H,#A5AFB9,16,3.0,1,0,0.469,0,0,0,0,0.0,11
2,2024,2024041,3,8,3,3-8,BOT,Valtteri Bottas,77,#64D064,23.0,188,-,-,0,1,-,-,-,-,-,-,-,-,-,-,,H,#A5AFB9,1,4.0,0,0,0.364,0,0,0,0,0.0,15
2,2024,2024041,3,8,3,3-8,BOT,Valtteri Bottas,77,#64D064,24.0,189,98.126,98.126,0,0,-,-,-0.716,-,-,-,-0.716,-,-,-,,H,#A5AFB9,2,4.0,0,0,0.364,0,0,0,0,0.0,15
2,2024,2024041,3,8,3,3-8,BOT,Valtteri Bottas,77,#64D064,25.0,190,96.608,96.608,0,0,97.367,1.518,0.725,-,-,-,0.725,-,-,-,,H,#A5AFB9,3,4.0,0,0,0.364,0,0,0,0,1.0,14
2,2024,2024041,3,8,3,3-8,BOT,Valtteri Bottas,77,#64D064,26.0,191,96.858,96.858,0,0,96.733,0.250,0.514,-,-,-,0.514,-,-,-,,H,#A5AFB9,4,4.0,0,0,0.364,0,0,0,0,0.0,14
2,2024,2024041,3,8,3,3-8,BOT,Valtteri Bottas,77,#64D064,27.0,192,96.622,96.622,0,0,96.74,0.236,0.747,-,-,-,0.747,-,-,-,,H,#A5AFB9,5,4.0,0,0,0.364,0,0,0,0,0.0,14
2,2024,2024041,3,8,3,3-8,BOT,Valtteri Bottas,77,#64D064,28.0,193,97.472,97.472,0,0,97.047,0.850,-0.184,-,-,-,-0.184,-,-,-,,H,#A5AFB9,6,4.0,0,0,0.364,0,0,0,0,0.0,14
2,2024,2024041,3,8,3,3-8,BOT,Valtteri Bottas,77,#64D064,29.0,194,97.712,97.712,0,0,97.592,0.240,-0.303,-,-,-,-0.303,-,-,-,,H,#A5AFB9,7,4.0,0,0,0.364,0,0,0,0,0.0,14
2,2024,2024041,3,8,3,3-8,BOT,Valtteri Bottas,77,#64D064,30.0,195,98.253,98.253,0,0,97.982,0.541,-0.768,-,-,-,-0.768,-,-,-,,H,#A5AFB9,8,4.0,0,0,0.364,0,0,0,0,0.0,14
2,2024,2024041,3,8,3,3-8,BOT,Valtteri Bottas,77,#64D064,31.0,196,98.058,98.058,0,0,98.156,0.195,-0.476,-,-,-,-0.476,-,-,-,,H,#A5AFB9,9,4.0,0,0,0.364,0,0,0,0,0.0,14
2,2024,2024041,3,8,3,3-8,BOT,Valtteri Bottas,77,#64D064,32.0,197,98.748,98.748,0,0,98.403,0.690,-1.066,-,-,-,-1.066,-,-,-,,H,#A5AFB9,10,4.0,0,0,0.364,0,0,0,0,0.0,14
2,2024,2024041,3,8,3,3-8,BOT,Valtteri Bottas,77,#64D064,33.0,198,98.722,98.722,0,0,98.735,0.026,-1.168,-,-,-,-1.168,-,-,-,,H,#A5AFB9,11,4.0,0,0,0.364,0,0,0,0,0.0,14
2,2024,2024041,3,8,3,3-8,BOT,Valtteri Bottas,77,#64D064,34.0,199,98.003,98.003,0,0,98.362,0.719,-0.984,-,-,-,-0.984,-,-,-,,H,#A5AFB9,12,4.0,0,0,0.364,0,0,0,0,0.0,13
2,2024,2024041,3,8,3,3-8,BOT,Valtteri Bottas,77,#64D064,35.0,200,98.007,98.007,0,0,98.005,0.004,-1.508,-,-,-,-1.508,-,-,-,,H,#A5AFB9,13,4.0,0,0,0.364,0,0,0,0,0.0,12
2,2024,2024041,3,8,3,3-8,BOT,Valtteri Bottas,77,#64D064,36.0,201,98.257,98.257,0,0,98.132,0.250,-2.053,-,-,-,-2.053,-,-,-,,H,#A5AFB9,14,4.0,0,0,0.364,0,0,0,0,0.0,12
2,2024,2024041,3,8,3,3-8,BOT,Valtteri Bottas,77,#64D064,37.0,202,97.602,97.602,0,0,97.93,0.655,-1.236,-,-,-,-1.236,-,-,-,,H,#A5AFB9,15,4.0,0,0,0.364,0,0,0,0,0.0,12
2,2024,2024041,3,8,3,3-8,BOT,Valtteri Bottas,77,#64D064,38.0,203,98.0,98.0,0,0,97.801,0.398,-1.791,-,-,-,-1.791,-,-,-,,H,#A5AFB9,16,4.0,0,1,0.364,0,0,0,0,0.0,12
2,2024,2024041,3,8,3,3-8,BOT,Valtteri Bottas,77,#64D064,39.0,204,97.232,97.232,0,0,97.616,0.768,-1.201,-,-,-,-1.201,-,-,-,,H,#A5AFB9,17,4.0,0,0,0.364,0,0,0,0,0.0,12
2,2024,2024041,3,8,3,3-8,BOT,Valtteri Bottas,77,#64D064,40.0,205,97.858,97.858,0,0,97.545,0.626,-1.791,-,-,-,-1.791,-,-,-,,H,#A5AFB9,18,4.0,0,0,0.364,0,0,0,0,0.0,12
2,2024,2024041,3,8,3,3-8,BOT,Valtteri Bottas,77,#64D064,41.0,206,97.312,97.312,0,0,97.585,0.546,-1.49,-,-,-,-1.490,-,-,-,,H,#A5AFB9,19,4.0,0,0,0.364,0,0,0,0,0.0,12
2,2024,2024041,3,8,3,3-8,BOT,Valtteri Bottas,77,#64D064,42.0,207,98.001,98.001,0,0,97.656,0.689,-2.02,-,-,-,-2.020,-,-,-,,H,#A5AFB9,20,4.0,0,0,0.364,0,0,0,0,0.0,12
2,2024,2024041,3,8,3,3-8,BOT,Valtteri Bottas,77,#64D064,43.0,208,97.444,97.444,0,0,97.722,0.557,-1.498,-,-,-,-1.498,-,-,-,,H,#A5AFB9,21,4.0,0,0,0.364,0,0,0,0,-1.0,13
2,2024,2024041,3,8,3,3-8,BOT,Valtteri Bottas,77,#64D064,44.0,209,97.507,97.507,0,0,97.476,0.063,-1.586,-,-,-,-1.586,-,-,-,,H,#A5AFB9,22,4.0,0,0,0.364,0,0,0,0,0.0,13
2,2024,2024041,3,8,3,3-8,BOT,Valtteri Bottas,77,#64D064,45.0,210,98.734,98.734,0,0,98.12,1.227,-2.68,-,-,-,-2.680,-,-,-,,H,#A5AFB9,23,4.0,0,0,0.364,0,0,0,0,0.0,13
2,2024,2024041,3,8,3,3-8,BOT,Valtteri Bottas,77,#64D064,46.0,211,99.966,98.317,1,0,98.526,1.232,-3.928,-,-,-,-2.280,-,-,-,,H,#A5AFB9,24,4.0,0,0,0.364,0,0,0,0,-1.0,14
2,2024,2024041,3,8,3,3-8,BOT,Valtteri Bottas,77,#64D064,47.0,212,97.9,97.9,0,0,98.108,2.066,-1.726,-,-,-,-1.726,-,-,-,,H,#A5AFB9,25,4.0,0,0,0.364,0,0,0,0,0.0,14
2,2024,2024041,3,8,3,3-8,BOT,Valtteri Bottas,77,#64D064,48.0,213,97.206,97.206,0,0,97.553,0.694,-1.181,-,-,-,-1.181,-,-,-,,H,#A5AFB9,26,4.0,0,0,0.364,0,0,0,0,0.0,14
2,2024,2024041,3,8,3,3-8,BOT,Valtteri Bottas,77,#64D064,49.0,214,96.944,96.944,0,0,97.075,0.262,-0.901,-,-,-,-0.901,-,-,-,,H,#A5AFB9,27,4.0,0,0,0.364,0,0,0,0,0.0,14
2,2024,2024041,3,8,3,3-8,BOT,Valtteri Bottas,77,#64D064,50.0,215,99.195,97.05,1,0,96.997,2.251,-3.279,-,-,-,-1.134,-,-,-,,H,#A5AFB9,28,4.0,0,0,0.364,0,0,0,0,0.0,14
2,2024,2024041,3,8,3,3-8,BOT,Valtteri Bottas,77,#64D064,51.0,216,97.156,97.156,0,0,97.103,2.039,-1.253,-,-,-,-1.253,-,-,-,,H,#A5AFB9,29,4.0,0,0,0.364,0,0,0,0,0.0,14
2,2024,2024041,3,8,3,3-8,BOT,Valtteri Bottas,77,#64D064,52.0,217,97.727,97.727,0,0,97.442,0.571,-1.316,-,-,-,-1.316,-,-,-,,H,#A5AFB9,30,4.0,0,0,0.364,0,0,0,0,0.0,14
2,2024,2024041,3,8,23,23-8,ZHO,Guanyu Zhou,24,#64D064,1.0,166,-,-,0,1,-,-,-,-,-,-,-,-,-,-,,M,#F0E628,1,1.0,1,0,-,0,0,0,0,,18
2,2024,2024041,3,8,23,23-8,ZHO,Guanyu Zhou,24,#64D064,2.0,167,-,-,0,1,-,-,-,-,-,-,-,-,-,-,,S,#CD3C3C,1,2.0,0,0,0.256,0,0,0,0,,18
2,2024,2024041,3,8,23,23-8,ZHO,Guanyu Zhou,24,#64D064,3.0,168,-,-,0,1,-,-,-,-,-,-,-,-,-,-,,S,#CD3C3C,2,2.0,0,0,0.256,0,0,0,0,2.0,16
2,2024,2024041,3,8,23,23-8,ZHO,Guanyu Zhou,24,#64D064,4.0,169,100.228,100.228,0,0,-,-,-1.531,-,-,-,-1.531,-,-,-,,S,#CD3C3C,3,2.0,0,0,0.256,0,0,0,0,0.0,16
2,2024,2024041,3,8,23,23-8,ZHO,Guanyu Zhou,24,#64D064,5.0,170,99.597,99.597,0,0,99.912,0.631,-1.268,-,-,-,-1.268,-,-,-,,S,#CD3C3C,4,2.0,0,1,0.256,0,0,0,0,0.0,16
2,2024,2024041,3,8,23,23-8,ZHO,Guanyu Zhou,24,#64D064,6.0,171,99.991,99.991,0,0,99.794,0.394,-1.495,-,-,-,-1.495,-,-,-,,S,#CD3C3C,5,2.0,0,0,0.256,0,0,0,0,0.0,16
2,2024,2024041,3,8,23,23-8,ZHO,Guanyu Zhou,24,#64D064,7.0,172,-,-,0,1,-,-,-,-,-,-,-,-,-,-,,S,#CD3C3C,6,2.0,1,0,0.256,0,0,0,0,0.0,16
2,2024,2024041,3,8,23,23-8,ZHO,Guanyu Zhou,24,#64D064,8.0,173,-,-,0,1,-,-,-,-,-,-,-,-,-,-,1.635,H,#A5AFB9,1,3.0,0,0,0.170,0,0,0,0,0.0,18
2,2024,2024041,3,8,23,23-8,ZHO,Guanyu Zhou,24,#64D064,9.0,174,97.16,97.16,0,0,-,-,-,-,-,-,-,-,-,-,1.132,H,#A5AFB9,2,3.0,0,1,0.170,0,0,0,0,0.0,18
2,2024,2024041,3,8,23,23-8,ZHO,Guanyu Zhou,24,#64D064,10.0,175,97.5,97.5,0,0,97.33,0.340,-,-,-,-,-,-,-,-,1.34,H,#A5AFB9,3,3.0,0,0,0.170,0,0,0,0,0.0,18
2,2024,2024041,3,8,23,23-8,ZHO,Guanyu Zhou,24,#64D064,11.0,176,-,-,0,1,-,-,-,-,-,-,-,-,-,-,0.604,H,#A5AFB9,4,3.0,1,0,0.170,0,0,0,0,0.0,18
2,2024,2024041,3,8,23,23-8,ZHO,Guanyu Zhou,24,#64D064,12.0,177,-,-,0,1,-,-,-,-,-,-,-,-,-,-,-1.6,H,#A5AFB9,5,4.0,1,0,-,0,0,0,0,0.0,18
2,2024,2024050,4,8,3,3-8,BOT,Valtteri Bottas,77,#64D064,1.0,219,-,-,0,1,-,-,-,-,-,-,-,-,-,-,,M,#F0E628,5,1.0,0,0,0.169,0,0,0,0,,11
2,2024,2024050,4,8,3,3-8,BOT,Valtteri Bottas,77,#64D064,2.0,220,-,-,0,1,-,-,-,-,-,-,-,-,-,-,,M,#F0E628,6,1.0,0,0,0.169,0,0,0,0,0.0,11
2,2024,2024050,4,8,3,3-8,BOT,Valtteri Bottas,77,#64D064,3.0,221,103.089,103.089,0,0,-,-,-0.949,1.078,-0.410,23,-0.949,1.078,-0.410,23,0.129,M,#F0E628,7,1.0,0,0,0.169,0,0,0,0,-1.0,12
2,2024,2024050,4,8,3,3-8,BOT,Valtteri Bottas,77,#64D064,4.0,222,102.559,102.559,0,0,102.824,0.530,-0.802,1.057,-0.274,23,-0.802,1.057,-0.274,23,0.255,M,#F0E628,8,1.0,0,0,0.169,0,0,0,0,0.0,12
2,2024,2024050,4,8,3,3-8,BOT,Valtteri Bottas,77,#64D064,5.0,223,102.224,102.224,0,0,102.392,0.335,-0.422,0.436,-0.204,23,-0.422,0.436,-0.204,23,0.014,M,#F0E628,9,1.0,0,0,0.169,0,0,0,0,0.0,12
2,2024,2024050,4,8,3,3-8,BOT,Valtteri Bottas,77,#64D064,6.0,224,102.14,102.14,0,0,102.182,0.084,-0.23,-0.477,-0.468,3,-0.230,0.045,-0.207,23,-0.707,M,#F0E628,10,1.0,0,0,0.169,0,0,0,0,0.0,12
2,2024,2024050,4,8,3,3-8,BOT,Valtteri Bottas,77,#64D064,7.0,225,102.506,102.506,0,0,102.323,0.366,-0.357,0.104,-0.305,23,-0.357,0.104,-0.305,23,-0.253,M,#F0E628,11,1.0,0,0,0.169,0,0,0,0,0.0,12
2,2024,2024050,4,8,3,3-8,BOT,Valtteri Bottas,77,#64D064,8.0,226,102.555,102.555,0,0,102.53,0.049,-0.247,-0.087,-0.290,3,-0.247,-0.087,-0.290,3,-0.334,M,#F0E628,12,1.0,0,0,0.169,0,0,0,0,0.0,12
2,2024,2024050,4,8,3,3-8,BOT,Valtteri Bottas,77,#64D064,9.0,227,102.517,102.517,0,0,102.536,0.038,-0.108,-1.032,-0.624,3,-0.108,-0.227,-0.222,3,-1.14,M,#F0E628,13,1.0,0,0,0.169,0,0,0,0,0.0,12
2,2024,2024050,4,8,3,3-8,BOT,Valtteri Bottas,77,#64D064,10.0,228,102.544,102.544,0,0,102.53,0.027,-0.067,-0.302,-0.218,3,-0.067,-0.302,-0.218,3,-0.369,M,#F0E628,14,1.0,0,0,0.169,0,0,0,0,0.0,12
2,2024,2024050,4,8,3,3-8,BOT,Valtteri Bottas,77,#64D064,11.0,229,102.761,102.761,0,0,102.652,0.217,-0.219,-0.152,-0.295,3,-0.219,-0.152,-0.295,3,-0.371,M,#F0E628,15,1.0,0,1,0.169,0,0,0,0,0.0,12
2,2024,2024050,4,8,3,3-8,BOT,Valtteri Bottas,77,#64D064,12.0,230,103.033,103.033,0,0,102.897,0.272,-0.396,0.207,-0.292,23,-0.396,0.207,-0.292,23,-0.189,M,#F0E628,16,1.0,0,0,0.169,0,0,0,0,0.0,12
2,2024,2024050,4,8,3,3-8,BOT,Valtteri Bottas,77,#64D064,13.0,231,103.411,103.411,0,0,103.222,0.378,-0.582,0.359,-0.402,23,-0.582,0.359,-0.402,23,-0.223,M,#F0E628,17,1.0,0,0,0.169,0,0,0,0,0.0,12
2,2024,2024050,4,8,3,3-8,BOT,Valtteri Bottas,77,#64D064,14.0,232,104.039,103.604,1,0,103.508,0.628,-1.094,0.912,-0.638,23,-0.659,0.477,-0.420,23,-0.182,M,#F0E628,18,1.0,0,0,0.169,0,0,0,0,-1.0,13
2,2024,2024050,4,8,3,3-8,BOT,Valtteri Bottas,77,#64D064,15.0,233,103.797,103.797,0,0,103.7,0.242,-0.786,1.000,-0.286,23,-0.786,1.000,-0.286,23,0.214,M,#F0E628,19,1.0,0,0,0.169,0,0,0,0,0.0,13
2,2024,2024050,4,8,3,3-8,BOT,Valtteri Bottas,77,#64D064,16.0,234,103.318,103.318,0,0,103.558,0.479,-0.431,0.593,-0.135,23,-0.431,0.593,-0.135,23,0.162,M,#F0E628,20,1.0,0,0,0.169,0,0,0,0,0.0,13
2,2024,2024050,4,8,3,3-8,BOT,Valtteri Bottas,77,#64D064,17.0,235,102.921,102.921,0,0,103.12,0.397,-0.139,0.077,-0.101,23,-0.139,0.077,-0.101,23,-0.062,M,#F0E628,21,1.0,0,0,0.169,0,0,0,0,0.0,12
2,2024,2024050,4,8,3,3-8,BOT,Valtteri Bottas,77,#64D064,18.0,236,103.423,103.423,0,0,103.172,0.502,-0.498,0.244,-0.376,23,-0.498,0.244,-0.376,23,-0.254,M,#F0E628,22,1.0,0,0,0.169,0,0,0,0,0.0,12
2,2024,2024050,4,8,3,3-8,BOT,Valtteri Bottas,77,#64D064,19.0,237,103.901,103.901,0,0,103.662,0.478,-0.567,0.451,-0.341,23,-0.567,0.451,-0.341,23,-0.116,M,#F0E628,23,1.0,0,0,0.169,0,0,0,0,0.0,12
2,2024,2024050,4,8,23,23-8,ZHO,Guanyu Zhou,24,#64D064,1.0,219,-,-,0,1,-,-,-,-,-,-,-,-,-,-,,M,#F0E628,5,1.0,0,0,0.190,0,0,0,0,,9
2,2024,2024050,4,8,23,23-8,ZHO,Guanyu Zhou,24,#64D064,2.0,220,-,-,0,1,-,-,-,-,-,-,-,-,-,-,,M,#F0E628,6,1.0,0,0,0.190,0,0,0,0,0.0,9
2,2024,2024050,4,8,23,23-8,ZHO,Guanyu Zhou,24,#64D064,3.0,221,102.011,102.011,0,0,-,-,0.129,1.078,-0.410,23,0.129,1.078,-0.410,23,-0.949,M,#F0E628,7,1.0,0,0,0.190,0,0,0,0,0.0,9
2,2024,2024050,4,8,23,23-8,ZHO,Guanyu Zhou,24,#64D064,4.0,222,101.502,101.502,0,0,101.756,0.509,0.255,1.057,-0.274,23,0.255,1.057,-0.274,23,-0.802,M,#F0E628,8,1.0,0,0,0.190,0,0,0,0,0.0,9
2,2024,2024050,4,8,23,23-8,ZHO,Guanyu Zhou,24,#64D064,5.0,223,101.788,101.788,0,0,101.645,0.286,0.014,0.436,-0.204,23,0.014,0.436,-0.204,23,-0.422,M,#F0E628,9,1.0,0,0,0.190,0,0,0,0,0.0,9
2,2024,2024050,4,8,23,23-8,ZHO,Guanyu Zhou,24,#64D064,6.0,224,102.617,102.095,1,0,101.941,0.829,-0.707,-0.477,-0.468,3,-0.185,0.045,-0.207,23,-0.23,M,#F0E628,10,1.0,0,0,0.190,0,0,0,0,0.0,9
2,2024,2024050,4,8,23,23-8,ZHO,Guanyu Zhou,24,#64D064,7.0,225,102.402,102.402,0,0,102.248,0.215,-0.253,0.104,-0.305,23,-0.253,0.104,-0.305,23,-0.357,M,#F0E628,11,1.0,0,0,0.190,0,0,0,0,0.0,9
2,2024,2024050,4,8,23,23-8,ZHO,Guanyu Zhou,24,#64D064,8.0,226,102.642,102.642,0,0,102.522,0.240,-0.334,-0.087,-0.290,3,-0.334,-0.087,-0.290,3,-0.247,M,#F0E628,12,1.0,0,0,0.190,0,0,0,0,0.0,9
2,2024,2024050,4,8,23,23-8,ZHO,Guanyu Zhou,24,#64D064,9.0,227,103.549,102.744,1,0,102.693,0.907,-1.14,-1.032,-0.624,3,-0.335,-0.227,-0.222,3,-0.108,M,#F0E628,13,1.0,0,0,0.190,0,0,0,0,-1.0,10
2,2024,2024050,4,8,23,23-8,ZHO,Guanyu Zhou,24,#64D064,10.0,228,102.846,102.846,0,0,102.795,0.703,-0.369,-0.302,-0.218,3,-0.369,-0.302,-0.218,3,-0.067,M,#F0E628,14,1.0,0,0,0.190,0,0,0,0,0.0,10
2,2024,2024050,4,8,23,23-8,ZHO,Guanyu Zhou,24,#64D064,11.0,229,102.913,102.913,0,0,102.88,0.067,-0.371,-0.152,-0.295,3,-0.371,-0.152,-0.295,3,-0.219,M,#F0E628,15,1.0,0,1,0.190,0,0,0,0,0.0,10
2,2024,2024050,4,8,23,23-8,ZHO,Guanyu Zhou,24,#64D064,12.0,230,102.826,102.826,0,0,102.869,0.087,-0.189,0.207,-0.292,23,-0.189,0.207,-0.292,23,-0.396,M,#F0E628,16,1.0,0,0,0.190,0,0,0,0,0.0,10
2,2024,2024050,4,8,23,23-8,ZHO,Guanyu Zhou,24,#64D064,13.0,231,103.052,103.052,0,0,102.939,0.226,-0.223,0.359,-0.402,23,-0.223,0.359,-0.402,23,-0.582,M,#F0E628,17,1.0,0,0,0.190,0,0,0,0,0.0,10
2,2024,2024050,4,8,23,23-8,ZHO,Guanyu Zhou,24,#64D064,14.0,232,103.127,103.127,0,0,103.09,0.075,-0.182,0.912,-0.638,23,-0.182,0.477,-0.420,23,-1.094,M,#F0E628,18,1.0,0,0,0.190,0,0,0,0,0.0,10
2,2024,2024050,4,8,23,23-8,ZHO,Guanyu Zhou,24,#64D064,15.0,233,102.797,102.797,0,0,102.962,0.330,0.214,1.000,-0.286,23,0.214,1.000,-0.286,23,-0.786,M,#F0E628,19,1.0,0,0,0.190,0,0,0,0,0.0,10
2,2024,2024050,4,8,23,23-8,ZHO,Guanyu Zhou,24,#64D064,16.0,234,102.725,102.725,0,0,102.761,0.072,0.162,0.593,-0.135,23,0.162,0.593,-0.135,23,-0.431,M,#F0E628,20,1.0,0,0,0.190,0,0,0,0,0.0,10
2,2024,2024050,4,8,23,23-8,ZHO,Guanyu Zhou,24,#64D064,17.0,235,102.845,102.845,0,0,102.785,0.120,-0.062,0.077,-0.101,23,-0.062,0.077,-0.101,23,-0.139,M,#F0E628,21,1.0,0,0,0.190,0,0,0,0,0.0,9
2,2024,2024050,4,8,23,23-8,ZHO,Guanyu Zhou,24,#64D064,18.0,236,103.179,103.179,0,0,103.012,0.334,-0.254,0.244,-0.376,23,-0.254,0.244,-0.376,23,-0.498,M,#F0E628,22,1.0,0,0,0.190,0,0,0,0,0.0,9
2,2024,2024050,4,8,23,23-8,ZHO,Guanyu Zhou,24,#64D064,19.0,237,103.45,103.45,0,0,103.315,0.271,-0.116,0.451,-0.341,23,-0.116,0.451,-0.341,23,-0.567,M,#F0E628,23,1.0,0,0,0.190,0,0,0,0,0.0,9
2,2024,2024051,5,8,3,3-8,BOT,Valtteri Bottas,77,#64D064,1.0,238,-,-,0,1,-,-,-,-,-,-,-,-,-,-,,M,#F0E628,1,1.0,0,0,0.137,0,0,0,0,,11
2,2024,2024051,5,8,3,3-8,BOT,Valtteri Bottas,77,#64D064,2.0,239,-,-,0,1,-,-,-,-,-,-,-,-,-,-,,M,#F0E628,2,1.0,0,0,0.137,0,0,0,0,0.0,11
2,2024,2024051,5,8,3,3-8,BOT,Valtteri Bottas,77,#64D064,3.0,240,102.548,102.548,0,0,-,-,-0.183,-1.443,-0.904,3,-0.183,-1.443,-0.904,3,-1.626,M,#F0E628,3,1.0,0,0,0.137,0,0,0,0,0.0,11
2,2024,2024051,5,8,3,3-8,BOT,Valtteri Bottas,77,#64D064,4.0,241,103.032,103.032,0,0,102.79,0.484,-0.487,-0.452,-0.713,3,-0.487,-0.452,-0.713,3,-0.939,M,#F0E628,4,1.0,0,0,0.137,0,0,0,0,0.0,11
2,2024,2024051,5,8,3,3-8,BOT,Valtteri Bottas,77,#64D064,5.0,242,103.192,103.192,0,0,103.112,0.160,-0.389,-0.826,-0.802,3,-0.389,-0.826,-0.802,3,-1.215,M,#F0E628,5,1.0,0,1,0.137,0,0,0,0,0.0,11
2,2024,2024051,5,8,3,3-8,BOT,Valtteri Bottas,77,#64D064,6.0,243,103.151,103.151,0,0,103.172,0.041,-0.194,-1.061,-0.724,3,-0.194,-1.061,-0.724,3,-1.255,M,#F0E628,6,1.0,0,0,0.137,0,0,0,0,0.0,11
2,2024,2024051,5,8,3,3-8,BOT,Valtteri Bottas,77,#64D064,7.0,244,102.959,102.959,0,0,103.055,0.192,0.116,-1.114,-0.441,3,0.116,-1.114,-0.441,3,-0.998,M,#F0E628,7,1.0,0,0,0.137,0,0,0,0,1.0,10
2,2024,2024051,5,8,3,3-8,BOT,Valtteri Bottas,77,#64D064,8.0,245,103.45,103.45,0,0,103.204,0.491,-0.373,-,-,-,-0.373,-,-,-,,M,#F0E628,8,1.0,0,0,0.137,0,0,0,0,0.0,10
2,2024,2024051,5,8,3,3-8,BOT,Valtteri Bottas,77,#64D064,9.0,246,-,-,0,1,-,-,-,-,-,-,-,-,-,-,,M,#F0E628,9,1.0,1,0,0.137,0,0,0,0,0.0,11
2,2024,2024051,5,8,3,3-8,BOT,Valtteri Bottas,77,#64D064,10.0,247,-,-,0,1,-,-,-,-,-,-,-,-,-,-,0.778,H,#A5AFB9,1,2.0,0,0,0.148,0,0,0,0,0.0,15
2,2024,2024051,5,8,3,3-8,BOT,Valtteri Bottas,77,#64D064,11.0,248,101.276,101.276,0,0,-,-,0.905,-0.557,0.627,3,0.905,-0.557,0.627,3,0.348,H,#A5AFB9,2,2.0,0,0,0.148,0,0,0,0,0.0,15
2,2024,2024051,5,8,3,3-8,BOT,Valtteri Bottas,77,#64D064,12.0,249,101.994,101.994,0,0,101.635,0.718,0.203,0.066,0.236,23,0.203,0.066,0.236,23,0.269,H,#A5AFB9,3,2.0,0,0,0.148,0,0,0,0,0.0,14
2,2024,2024051,5,8,3,3-8,BOT,Valtteri Bottas,77,#64D064,13.0,250,102.144,102.144,0,0,102.069,0.150,0.025,-0.068,-0.009,3,0.025,-0.068,-0.009,3,-0.043,H,#A5AFB9,4,2.0,0,0,0.148,0,0,0,0,0.0,13
2,2024,2024051,5,8,3,3-8,BOT,Valtteri Bottas,77,#64D064,14.0,251,102.359,102.359,0,0,102.252,0.215,-0.292,-0.267,-0.425,3,-0.292,-0.267,-0.425,3,-0.559,H,#A5AFB9,5,2.0,0,0,0.148,0,0,0,0,0.0,13
2,2024,2024051,5,8,3,3-8,BOT,Valtteri Bottas,77,#64D064,15.0,252,102.391,102.391,0,0,102.375,0.032,-0.435,-0.603,-0.737,3,-0.435,-0.603,-0.737,3,-1.038,H,#A5AFB9,6,2.0,0,1,0.148,0,0,0,0,0.0,12
2,2024,2024051,5,8,3,3-8,BOT,Valtteri Bottas,77,#64D064,16.0,253,102.215,102.215,0,0,102.303,0.176,-0.228,-1.025,-0.740,3,-0.228,-1.025,-0.740,3,-1.253,H,#A5AFB9,7,2.0,0,0,0.148,0,0,0,0,0.0,12
2,2024,2024051,5,8,3,3-8,BOT,Valtteri Bottas,77,#64D064,17.0,254,102.606,102.606,0,0,102.41,0.391,-0.782,-0.583,-1.073,3,-0.782,-0.583,-1.073,3,-1.365,H,#A5AFB9,8,2.0,0,0,0.148,0,0,0,0,0.0,11
2,2024,2024051,5,8,3,3-8,BOT,Valtteri Bottas,77,#64D064,18.0,255,102.768,102.768,0,0,102.687,0.162,-0.936,-0.119,-0.996,3,-0.936,-0.119,-0.996,3,-1.055,H,#A5AFB9,9,2.0,0,0,0.148,0,0,0,0,0.0,11
2,2024,2024051,5,8,3,3-8,BOT,Valtteri Bottas,77,#64D064,19.0,256,102.252,102.252,0,0,102.51,0.516,-0.431,-0.575,-0.719,3,-0.431,-0.575,-0.719,3,-1.006,H,#A5AFB9,10,2.0,0,0,0.148,0,0,0,0,0.0,11
2,2024,2024051,5,8,3,3-8,BOT,Valtteri Bottas,77,#64D064,20.0,257,-,-,0,1,-,-,-,-,-,-,-,-,-,-,-1.183,H,#A5AFB9,11,2.0,0,0,0.148,0,0,0,0,,-
2,2024,2024051,5,8,23,23-8,ZHO,Guanyu Zhou,24,#64D064,1.0,238,-,-,0,1,-,-,-,-,-,-,-,-,-,-,,M,#F0E628,1,1.0,0,0,0.172,0,0,0,0,,17
2,2024,2024051,5,8,23,23-8,ZHO,Guanyu Zhou,24,#64D064,2.0,239,-,-,0,1,-,-,-,-,-,-,-,-,-,-,,M,#F0E628,2,1.0,0,0,0.172,0,0,0,0,-1.0,18
2,2024,2024051,5,8,23,23-8,ZHO,Guanyu Zhou,24,#64D064,3.0,240,103.991,103.991,0,0,-,-,-1.626,-1.443,-0.904,3,-1.626,-1.443,-0.904,3,-0.183,M,#F0E628,3,1.0,0,0,0.172,0,0,0,0,-1.0,19
2,2024,2024051,5,8,23,23-8,ZHO,Guanyu Zhou,24,#64D064,4.0,241,103.484,103.484,0,0,103.738,0.507,-0.939,-0.452,-0.713,3,-0.939,-0.452,-0.713,3,-0.487,M,#F0E628,4,1.0,0,0,0.172,0,0,0,0,0.0,19
2,2024,2024051,5,8,23,23-8,ZHO,Guanyu Zhou,24,#64D064,5.0,242,104.018,104.018,0,0,103.751,0.534,-1.215,-0.826,-0.802,3,-1.215,-0.826,-0.802,3,-0.389,M,#F0E628,5,1.0,0,1,0.172,0,0,0,0,0.0,19
2,2024,2024051,5,8,23,23-8,ZHO,Guanyu Zhou,24,#64D064,6.0,243,104.212,104.212,0,0,104.115,0.194,-1.255,-1.061,-0.724,3,-1.255,-1.061,-0.724,3,-0.194,M,#F0E628,6,1.0,0,0,0.172,0,0,0,0,0.0,19
2,2024,2024051,5,8,23,23-8,ZHO,Guanyu Zhou,24,#64D064,7.0,244,104.073,104.073,0,0,104.142,0.139,-0.998,-1.114,-0.441,3,-0.998,-1.114,-0.441,3,0.116,M,#F0E628,7,1.0,0,0,0.172,0,0,0,0,0.0,19
2,2024,2024051,5,8,23,23-8,ZHO,Guanyu Zhou,24,#64D064,8.0,245,-,-,0,1,-,-,-,-,-,-,-,-,-,-,-0.373,M,#F0E628,8,1.0,1,0,0.172,0,0,0,0,0.0,20
2,2024,2024051,5,8,23,23-8,ZHO,Guanyu Zhou,24,#64D064,9.0,246,-,-,0,1,-,-,-,-,-,-,-,-,-,-,,H,#A5AFB9,1,2.0,0,0,0.112,0,0,0,0,0.0,20
2,2024,2024051,5,8,23,23-8,ZHO,Guanyu Zhou,24,#64D064,10.0,247,101.765,101.765,0,0,-,-,0.778,-,-,-,0.778,-,-,-,,H,#A5AFB9,2,2.0,0,0,0.112,0,0,0,0,0.0,20
2,2024,2024051,5,8,23,23-8,ZHO,Guanyu Zhou,24,#64D064,11.0,248,101.833,101.833,0,0,101.799,0.068,0.348,-0.557,0.627,3,0.348,-0.557,0.627,3,0.905,H,#A5AFB9,3,2.0,0,0,0.112,0,0,0,0,0.0,20
2,2024,2024051,5,8,23,23-8,ZHO,Guanyu Zhou,24,#64D064,12.0,249,101.928,101.928,0,0,101.88,0.095,0.269,0.066,0.236,23,0.269,0.066,0.236,23,0.203,H,#A5AFB9,4,2.0,0,0,0.112,0,0,0,0,0.0,19
2,2024,2024051,5,8,23,23-8,ZHO,Guanyu Zhou,24,#64D064,13.0,250,102.212,102.212,0,0,102.07,0.284,-0.043,-0.068,-0.009,3,-0.043,-0.068,-0.009,3,0.025,H,#A5AFB9,5,2.0,0,0,0.112,0,0,0,0,0.0,18
2,2024,2024051,5,8,23,23-8,ZHO,Guanyu Zhou,24,#64D064,14.0,251,102.626,102.626,0,0,102.419,0.414,-0.559,-0.267,-0.425,3,-0.559,-0.267,-0.425,3,-0.292,H,#A5AFB9,6,2.0,0,0,0.112,0,0,0,0,0.0,18
2,2024,2024051,5,8,23,23-8,ZHO,Guanyu Zhou,24,#64D064,15.0,252,102.994,102.994,0,0,102.81,0.368,-1.038,-0.603,-0.737,3,-1.038,-0.603,-0.737,3,-0.435,H,#A5AFB9,7,2.0,0,1,0.112,0,0,0,0,0.0,17
2,2024,2024051,5,8,23,23-8,ZHO,Guanyu Zhou,24,#64D064,16.0,253,103.24,103.24,0,0,103.117,0.246,-1.253,-1.025,-0.740,3,-1.253,-1.025,-0.740,3,-0.228,H,#A5AFB9,8,2.0,0,0,0.112,0,0,0,0,-1.0,18
2,2024,2024051,5,8,23,23-8,ZHO,Guanyu Zhou,24,#64D064,17.0,254,103.189,103.189,0,0,103.214,0.051,-1.365,-0.583,-1.073,3,-1.365,-0.583,-1.073,3,-0.782,H,#A5AFB9,9,2.0,0,0,0.112,0,0,0,0,0.0,18
2,2024,2024051,5,8,23,23-8,ZHO,Guanyu Zhou,24,#64D064,18.0,255,102.887,102.887,0,0,103.038,0.302,-1.055,-0.119,-0.996,3,-1.055,-0.119,-0.996,3,-0.936,H,#A5AFB9,10,2.0,0,0,0.112,0,0,0,0,0.0,17
2,2024,2024051,5,8,23,23-8,ZHO,Guanyu Zhou,24,#64D064,19.0,256,102.827,102.827,0,0,102.857,0.060,-1.006,-0.575,-0.719,3,-1.006,-0.575,-0.719,3,-0.431,H,#A5AFB9,11,2.0,0,0,0.112,0,0,0,0,0.0,17
2,2024,2024051,5,8,23,23-8,ZHO,Guanyu Zhou,24,#64D064,20.0,257,103.17,103.17,0,0,102.998,0.343,-1.183,-,-,-,-1.183,-,-,-,,H,#A5AFB9,12,2.0,0,0,0.112,0,0,0,0,0.0,16
2,2024,2024051,5,8,23,23-8,ZHO,Guanyu Zhou,24,#64D064,21.0,258,-,-,0,1,-,-,-,-,-,-,-,-,-,-,,H,#A5AFB9,13,2.0,0,0,0.112,0,0,0,1,0.0,16
2,2024,2024051,5,8,23,23-8,ZHO,Guanyu Zhou,24,#64D064,22.0,259,-,-,0,1,-,-,-,-,-,-,-,-,-,-,,H,#A5AFB9,14,2.0,0,0,0.112,0,0,0,0,0.0,15
2,2024,2024051,5,8,23,23-8,ZHO,Guanyu Zhou,24,#64D064,23.0,260,-,-,0,1,-,-,-,-,-,-,-,-,-,-,,H,#A5AFB9,15,2.0,1,0,0.112,0,0,0,0,0.0,16
2,2024,2024051,5,8,23,23-8,ZHO,Guanyu Zhou,24,#64D064,24.0,261,-,-,0,1,-,-,-,-,-,-,-,-,-,-,,H,#A5AFB9,1,3.0,0,0,0.234,0,0,0,0,0.0,18
2,2024,2024051,5,8,23,23-8,ZHO,Guanyu Zhou,24,#64D064,25.0,262,-,-,0,1,-,-,-,-,-,-,-,-,-,-,,H,#A5AFB9,2,3.0,0,0,0.234,0,0,0,0,0.0,18
2,2024,2024051,5,8,23,23-8,ZHO,Guanyu Zhou,24,#64D064,26.0,263,-,-,0,1,-,-,-,-,-,-,-,-,-,-,,H,#A5AFB9,3,3.0,0,0,0.234,1,0,0,0,0.0,17
2,2024,2024051,5,8,23,23-8,ZHO,Guanyu Zhou,24,#64D064,27.0,264,-,-,0,1,-,-,-,-,-,-,-,-,-,-,,H,#A5AFB9,4,3.0,0,0,0.234,0,1,0,0,0.0,15
2,2024,2024051,5,8,23,23-8,ZHO,Guanyu Zhou,24,#64D064,28.0,265,-,-,0,1,-,-,-,-,-,-,-,-,-,-,,H,#A5AFB9,5,3.0,0,0,0.234,0,0,0,0,0.0,15
2,2024,2024051,5,8,23,23-8,ZHO,Guanyu Zhou,24,#64D064,29.0,266,-,-,0,1,-,-,-,-,-,-,-,-,-,-,,H,#A5AFB9,6,3.0,0,0,0.234,0,0,0,0,0.0,15
2,2024,2024051,5,8,23,23-8,ZHO,Guanyu Zhou,24,#64D064,30.0,267,-,-,0,1,-,-,-,-,-,-,-,-,-,-,,H,#A5AFB9,7,3.0,0,0,0.234,0,0,0,0,0.0,15
2,2024,2024051,5,8,23,23-8,ZHO,Guanyu Zhou,24,#64D064,31.0,268,-,-,0,1,-,-,-,-,-,-,-,-,-,-,,H,#A5AFB9,8,3.0,0,0,0.234,1,0,0,0,0.0,15
2,2024,2024051,5,8,23,23-8,ZHO,Guanyu Zhou,24,#64D064,32.0,269,-,-,0,1,-,-,-,-,-,-,-,-,-,-,,H,#A5AFB9,9,3.0,0,0,0.234,0,0,0,0,0.0,15
2,2024,2024051,5,8,23,23-8,ZHO,Guanyu Zhou,24,#64D064,33.0,270,102.746,102.746,0,0,-,-,-2.008,-,-,-,-2.008,-,-,-,,H,#A5AFB9,10,3.0,0,0,0.234,0,0,0,0,-1.0,15
2,2024,2024051,5,8,23,23-8,ZHO,Guanyu Zhou,24,#64D064,34.0,271,101.72,101.72,0,0,102.233,1.026,-1.084,-,-,-,-1.084,-,-,-,,H,#A5AFB9,11,3.0,0,0,0.234,0,0,0,0,0.0,15
2,2024,2024051,5,8,23,23-8,ZHO,Guanyu Zhou,24,#64D064,35.0,272,101.366,101.366,0,0,101.543,0.354,-0.827,-,-,-,-0.827,-,-,-,,H,#A5AFB9,12,3.0,0,0,0.234,0,0,0,0,0.0,15
2,2024,2024051,5,8,23,23-8,ZHO,Guanyu Zhou,24,#64D064,36.0,273,101.283,101.283,0,0,101.324,0.083,-0.682,-,-,-,-0.682,-,-,-,,H,#A5AFB9,13,3.0,0,1,0.234,0,0,0,0,0.0,15
2,2024,2024051,5,8,23,23-8,ZHO,Guanyu Zhou,24,#64D064,37.0,274,101.738,101.297,1,0,101.29,0.455,-1.071,-,-,-,-0.630,-,-,-,,H,#A5AFB9,14,3.0,0,0,0.234,0,0,0,0,0.0,15
2,2024,2024051,5,8,23,23-8,ZHO,Guanyu Zhou,24,#64D064,38.0,275,101.311,101.311,0,0,101.304,0.427,-0.746,-,-,-,-0.746,-,-,-,,H,#A5AFB9,15,3.0,0,0,0.234,0,0,0,0,1.0,13
2,2024,2024051,5,8,23,23-8,ZHO,Guanyu Zhou,24,#64D064,39.0,276,101.749,101.749,0,0,101.53,0.438,-1.144,-,-,-,-1.144,-,-,-,,H,#A5AFB9,16,3.0,0,0,0.234,0,0,0,0,0.0,13
2,2024,2024051,5,8,23,23-8,ZHO,Guanyu Zhou,24,#64D064,40.0,277,-,-,0,1,-,-,-,-,-,-,-,-,-,-,,H,#A5AFB9,17,3.0,1,0,0.234,0,0,0,0,0.0,15
2,2024,2024051,5,8,23,23-8,ZHO,Guanyu Zhou,24,#64D064,41.0,278,-,-,0,1,-,-,-,-,-,-,-,-,-,-,,S,#CD3C3C,1,4.0,0,0,0.234,0,0,0,0,0.0,16
2,2024,2024051,5,8,23,23-8,ZHO,Guanyu Zhou,24,#64D064,42.0,279,98.633,98.633,0,0,-,-,1.904,-,-,-,1.904,-,-,-,,S,#CD3C3C,2,4.0,0,0,0.234,0,0,0,0,0.0,16
2,2024,2024051,5,8,23,23-8,ZHO,Guanyu Zhou,24,#64D064,43.0,280,99.32,99.32,0,0,98.976,0.687,1.256,-,-,-,1.256,-,-,-,,S,#CD3C3C,3,4.0,0,0,0.234,0,0,0,0,0.0,16
2,2024,2024051,5,8,23,23-8,ZHO,Guanyu Zhou,24,#64D064,44.0,281,99.682,99.682,0,0,99.501,0.362,0.847,-,-,-,0.847,-,-,-,,S,#CD3C3C,4,4.0,0,0,0.234,0,0,0,0,0.0,16
2,2024,2024051,5,8,23,23-8,ZHO,Guanyu Zhou,24,#64D064,45.0,282,99.553,99.553,0,0,99.618,0.129,0.832,-,-,-,0.832,-,-,-,,S,#CD3C3C,5,4.0,0,0,0.234,0,0,0,0,0.0,16
2,2024,2024051,5,8,23,23-8,ZHO,Guanyu Zhou,24,#64D064,46.0,283,99.636,99.636,0,0,99.594,0.083,1.004,-,-,-,1.004,-,-,-,,S,#CD3C3C,6,4.0,0,0,0.234,0,0,0,0,0.0,16
2,2024,2024051,5,8,23,23-8,ZHO,Guanyu Zhou,24,#64D064,47.0,284,100.046,100.046,0,0,99.841,0.410,0.643,-,-,-,0.643,-,-,-,,S,#CD3C3C,7,4.0,0,0,0.234,0,0,0,0,0.0,16
2,2024,2024051,5,8,23,23-8,ZHO,Guanyu Zhou,24,#64D064,48.0,285,100.391,100.391,0,0,100.218,0.345,0.287,-,-,-,0.287,-,-,-,,S,#CD3C3C,8,4.0,0,0,0.234,0,0,0,0,0.0,16
2,2024,2024051,5,8,23,23-8,ZHO,Guanyu Zhou,24,#64D064,49.0,286,101.502,100.462,1,0,100.427,1.111,-0.855,-,-,-,0.185,-,-,-,,S,#CD3C3C,9,4.0,0,1,0.234,0,0,0,0,1.0,15
2,2024,2024051,5,8,23,23-8,ZHO,Guanyu Zhou,24,#64D064,50.0,287,100.534,100.534,0,0,100.498,0.968,0.132,-,-,-,0.132,-,-,-,,S,#CD3C3C,10,4.0,0,0,0.234,0,0,0,0,0.0,15
2,2024,2024051,5,8,23,23-8,ZHO,Guanyu Zhou,24,#64D064,51.0,288,100.179,100.179,0,0,100.357,0.355,0.531,-,-,-,0.531,-,-,-,,S,#CD3C3C,11,4.0,0,0,0.234,0,0,0,0,0.0,15
2,2024,2024051,5,8,23,23-8,ZHO,Guanyu Zhou,24,#64D064,52.0,289,100.542,100.542,0,0,100.36,0.363,0.354,-,-,-,0.354,-,-,-,,S,#CD3C3C,12,4.0,0,0,0.234,0,0,0,0,0.0,15
2,2024,2024051,5,8,23,23-8,ZHO,Guanyu Zhou,24,#64D064,53.0,290,101.049,101.049,0,0,100.796,0.507,-0.031,-,-,-,-0.031,-,-,-,,S,#CD3C3C,13,4.0,0,0,0.234,0,0,0,0,1.0,14
2,2024,2024051,5,8,23,23-8,ZHO,Guanyu Zhou,24,#64D064,54.0,291,101.258,101.258,0,0,101.154,0.209,-0.192,-,-,-,-0.192,-,-,-,,S,#CD3C3C,14,4.0,0,0,0.234,0,0,0,0,0.0,14
2,2024,2024051,5,8,23,23-8,ZHO,Guanyu Zhou,24,#64D064,55.0,292,100.785,100.785,0,0,101.022,0.473,0.333,-,-,-,0.333,-,-,-,,S,#CD3C3C,15,4.0,0,0,0.234,0,0,0,0,0.0,14
2,2024,2024051,5,8,23,23-8,ZHO,Guanyu Zhou,24,#64D064,56.0,293,101.192,101.192,0,0,100.988,0.407,0.073,-,-,-,0.073,-,-,-,,S,#CD3C3C,16,4.0,0,0,0.234,0,0,0,0,0.0,14
2,2024,2024060,6,8,3,3-8,BOT,Valtteri Bottas,77,#64D064,1.0,294,-,-,0,1,-,-,-,-,-,-,-,-,-,-,,M,#F0E628,1,1.0,1,0,-,0,1,0,0,,16
2,2024,2024060,6,8,3,3-8,BOT,Valtteri Bottas,77,#64D064,2.0,295,-,-,0,1,-,-,-,-,-,-,-,-,-,-,,M,#F0E628,2,2.0,1,0,-,0,0,0,0,0.0,15
2,2024,2024060,6,8,3,3-8,BOT,Valtteri Bottas,77,#64D064,3.0,296,-,-,0,1,-,-,-,-,-,-,-,-,-,-,,M,#F0E628,3,3.0,0,0,0.209,1,0,0,0,0.0,15
2,2024,2024060,6,8,3,3-8,BOT,Valtteri Bottas,77,#64D064,4.0,297,-,-,0,1,-,-,-,-,-,-,-,-,-,-,,M,#F0E628,4,3.0,0,0,0.209,0,0,0,0,0.0,15
2,2024,2024060,6,8,3,3-8,BOT,Valtteri Bottas,77,#64D064,5.0,298,92.742,92.742,0,0,-,-,-0.536,0.073,-0.499,23,-0.536,0.073,-0.499,23,-0.463,M,#F0E628,5,3.0,0,0,0.209,0,0,0,0,0.0,15
2,2024,2024060,6,8,3,3-8,BOT,Valtteri Bottas,77,#64D064,6.0,299,92.511,92.511,0,0,92.626,0.231,-0.457,0.083,-0.415,23,-0.457,0.083,-0.415,23,-0.374,M,#F0E628,6,3.0,0,0,0.209,0,0,0,0,0.0,15
2,2024,2024060,6,8,3,3-8,BOT,Valtteri Bottas,77,#64D064,7.0,300,92.462,92.462,0,0,92.486,0.049,-0.389,0.331,-0.224,23,-0.389,0.331,-0.224,23,-0.058,M,#F0E628,7,3.0,0,0,0.209,0,0,0,0,0.0,15
2,2024,2024060,6,8,3,3-8,BOT,Valtteri Bottas,77,#64D064,8.0,301,93.012,92.643,1,0,92.553,0.550,-0.816,0.578,-0.527,23,-0.447,0.209,-0.343,23,-0.238,M,#F0E628,8,3.0,0,0,0.209,0,0,0,0,0.0,15
2,2024,2024060,6,8,3,3-8,BOT,Valtteri Bottas,77,#64D064,9.0,302,92.824,92.824,0,0,92.733,0.188,-0.493,0.060,-0.463,23,-0.493,0.060,-0.463,23,-0.433,M,#F0E628,9,3.0,0,0,0.209,0,0,0,0,0.0,15
2,2024,2024060,6,8,3,3-8,BOT,Valtteri Bottas,77,#64D064,10.0,303,92.763,92.763,0,0,92.794,0.061,-0.436,-0.056,-0.464,3,-0.436,-0.056,-0.464,3,-0.492,M,#F0E628,10,3.0,0,0,0.209,0,0,0,0,0.0,15
2,2024,2024060,6,8,3,3-8,BOT,Valtteri Bottas,77,#64D064,11.0,304,93.876,92.978,1,0,92.87,1.113,-1.429,1.222,-0.818,23,-0.531,0.324,-0.369,23,-0.207,M,#F0E628,11,3.0,0,0,0.209,0,0,0,0,-1.0,16
2,2024,2024060,6,8,3,3-8,BOT,Valtteri Bottas,77,#64D064,12.0,305,93.193,93.193,0,0,93.086,0.683,-0.695,0.262,-0.564,23,-0.695,0.262,-0.564,23,-0.433,M,#F0E628,12,3.0,0,1,0.209,0,0,0,0,0.0,16
2,2024,2024060,6,8,3,3-8,BOT,Valtteri Bottas,77,#64D064,13.0,306,92.873,92.873,0,0,93.033,0.320,-0.332,-0.218,-0.441,3,-0.332,-0.218,-0.441,3,-0.55,M,#F0E628,13,3.0,0,0,0.209,0,0,0,0,0.0,16
2,2024,2024060,6,8,3,3-8,BOT,Valtteri Bottas,77,#64D064,14.0,307,92.984,92.984,0,0,92.928,0.111,-0.148,-0.926,-0.611,3,-0.148,-0.926,-0.611,3,-1.074,M,#F0E628,14,3.0,0,0,0.209,0,0,0,0,0.0,16
2,2024,2024060,6,8,3,3-8,BOT,Valtteri Bottas,77,#64D064,15.0,308,93.375,93.176,1,0,93.08,0.391,-0.66,-1.124,-1.222,3,-0.461,-0.088,-0.505,3,-1.784,M,#F0E628,15,3.0,0,0,0.209,0,0,0,0,0.0,16
2,2024,2024060,6,8,3,3-8,BOT,Valtteri Bottas,77,#64D064,16.0,309,93.369,93.369,0,0,93.273,0.006,-1.152,0.751,-0.776,23,-1.152,0.751,-0.776,23,-0.401,M,#F0E628,16,3.0,0,0,0.209,0,0,0,0,0.0,16
2,2024,2024060,6,8,3,3-8,BOT,Valtteri Bottas,77,#64D064,17.0,310,92.706,92.706,0,0,93.038,0.663,-0.533,-0.120,-0.593,3,-0.533,-0.120,-0.593,3,-0.653,M,#F0E628,17,3.0,0,0,0.209,0,0,0,0,0.0,16
2,2024,2024060,6,8,3,3-8,BOT,Valtteri Bottas,77,#64D064,18.0,311,92.887,92.887,0,0,92.797,0.181,-0.744,-0.283,-0.885,3,-0.744,-0.283,-0.885,3,-1.027,M,#F0E628,18,3.0,0,0,0.209,0,0,0,0,0.0,16
2,2024,2024060,6,8,3,3-8,BOT,Valtteri Bottas,77,#64D064,19.0,312,92.747,92.747,0,0,92.817,0.140,-0.608,0.031,-0.593,23,-0.608,0.031,-0.593,23,-0.577,M,#F0E628,19,3.0,0,0,0.209,0,0,0,0,0.0,16
2,2024,2024060,6,8,23,23-8,ZHO,Guanyu Zhou,24,#64D064,1.0,294,-,-,0,1,-,-,-,-,-,-,-,-,-,-,,M,#F0E628,1,1.0,1,0,-,0,1,0,0,,14
2,2024,2024060,6,8,23,23-8,ZHO,Guanyu Zhou,24,#64D064,2.0,295,-,-,0,1,-,-,-,-,-,-,-,-,-,-,,M,#F0E628,2,2.0,1,0,-,0,0,0,0,0.0,13
2,2024,2024060,6,8,23,23-8,ZHO,Guanyu Zhou,24,#64D064,3.0,296,-,-,0,1,-,-,-,-,-,-,-,-,-,-,,M,#F0E628,3,3.0,0,0,0.219,1,0,0,0,0.0,13
2,2024,2024060,6,8,23,23-8,ZHO,Guanyu Zhou,24,#64D064,4.0,297,-,-,0,1,-,-,-,-,-,-,-,-,-,-,,M,#F0E628,4,3.0,0,0,0.219,0,0,0,0,0.0,13
2,2024,2024060,6,8,23,23-8,ZHO,Guanyu Zhou,24,#64D064,5.0,298,92.669,92.669,0,0,-,-,-0.463,0.073,-0.499,23,-0.463,0.073,-0.499,23,-0.536,M,#F0E628,5,3.0,0,0,0.219,0,0,0,0,0.0,13
2,2024,2024060,6,8,23,23-8,ZHO,Guanyu Zhou,24,#64D064,6.0,299,92.428,92.428,0,0,92.548,0.241,-0.374,0.083,-0.415,23,-0.374,0.083,-0.415,23,-0.457,M,#F0E628,6,3.0,0,0,0.219,0,0,0,0,0.0,13
2,2024,2024060,6,8,23,23-8,ZHO,Guanyu Zhou,24,#64D064,7.0,300,92.131,92.131,0,0,92.28,0.297,-0.058,0.331,-0.224,23,-0.058,0.331,-0.224,23,-0.389,M,#F0E628,7,3.0,0,0,0.219,0,0,0,0,0.0,13
2,2024,2024060,6,8,23,23-8,ZHO,Guanyu Zhou,24,#64D064,8.0,301,92.434,92.434,0,0,92.282,0.303,-0.238,0.578,-0.527,23,-0.238,0.209,-0.343,23,-0.816,M,#F0E628,8,3.0,0,0,0.219,0,0,0,0,0.0,13
2,2024,2024060,6,8,23,23-8,ZHO,Guanyu Zhou,24,#64D064,9.0,302,92.764,92.764,0,0,92.599,0.330,-0.433,0.060,-0.463,23,-0.433,0.060,-0.463,23,-0.493,M,#F0E628,9,3.0,0,0,0.219,0,0,0,0,0.0,13
2,2024,2024060,6,8,23,23-8,ZHO,Guanyu Zhou,24,#64D064,10.0,303,92.82,92.82,0,0,92.792,0.056,-0.492,-0.056,-0.464,3,-0.492,-0.056,-0.464,3,-0.436,M,#F0E628,10,3.0,0,0,0.219,0,0,0,0,0.0,13
2,2024,2024060,6,8,23,23-8,ZHO,Guanyu Zhou,24,#64D064,11.0,304,92.654,92.654,0,0,92.737,0.166,-0.207,1.222,-0.818,23,-0.207,0.324,-0.369,23,-1.429,M,#F0E628,11,3.0,0,0,0.219,0,0,0,0,0.0,13
2,2024,2024060,6,8,23,23-8,ZHO,Guanyu Zhou,24,#64D064,12.0,305,92.93,92.93,0,0,92.792,0.276,-0.433,0.262,-0.564,23,-0.433,0.262,-0.564,23,-0.695,M,#F0E628,12,3.0,0,1,0.219,0,0,0,0,0.0,13
2,2024,2024060,6,8,23,23-8,ZHO,Guanyu Zhou,24,#64D064,13.0,306,93.091,93.091,0,0,93.011,0.161,-0.55,-0.218,-0.441,3,-0.550,-0.218,-0.441,3,-0.332,M,#F0E628,13,3.0,0,0,0.219,0,0,0,0,0.0,13
2,2024,2024060,6,8,23,23-8,ZHO,Guanyu Zhou,24,#64D064,14.0,307,93.91,93.91,0,0,93.5,0.819,-1.074,-0.926,-0.611,3,-1.074,-0.926,-0.611,3,-0.148,M,#F0E628,14,3.0,0,0,0.219,0,0,0,0,0.0,13
2,2024,2024060,6,8,23,23-8,ZHO,Guanyu Zhou,24,#64D064,15.0,308,94.499,93.264,1,0,93.587,0.589,-1.784,-1.124,-1.222,3,-0.549,-0.088,-0.505,3,-0.66,M,#F0E628,15,3.0,0,0,0.219,0,0,0,0,0.0,13
2,2024,2024060,6,8,23,23-8,ZHO,Guanyu Zhou,24,#64D064,16.0,309,92.618,92.618,0,0,92.941,1.881,-0.401,0.751,-0.776,23,-0.401,0.751,-0.776,23,-1.152,M,#F0E628,16,3.0,0,0,0.219,0,0,0,0,0.0,13
2,2024,2024060,6,8,23,23-8,ZHO,Guanyu Zhou,24,#64D064,17.0,310,92.826,92.826,0,0,92.722,0.208,-0.653,-0.120,-0.593,3,-0.653,-0.120,-0.593,3,-0.533,M,#F0E628,17,3.0,0,0,0.219,0,0,0,0,0.0,13
2,2024,2024060,6,8,23,23-8,ZHO,Guanyu Zhou,24,#64D064,18.0,311,93.17,93.17,0,0,92.998,0.344,-1.027,-0.283,-0.885,3,-1.027,-0.283,-0.885,3,-0.744,M,#F0E628,18,3.0,0,0,0.219,0,0,0,0,0.0,13
2,2024,2024060,6,8,23,23-8,ZHO,Guanyu Zhou,24,#64D064,19.0,312,92.716,92.716,0,0,92.943,0.454,-0.577,0.031,-0.593,23,-0.577,0.031,-0.593,23,-0.608,M,#F0E628,19,3.0,0,0,0.219,0,0,0,0,0.0,13
2,2024,2024061,7,8,3,3-8,BOT,Valtteri Bottas,77,#64D064,1.0,313,-,-,0,1,-,-,-,-,-,-,-,-,-,-,,S,#CD3C3C,1,1.0,0,0,0.144,0,0,0,0,,19
2,2024,2024061,7,8,3,3-8,BOT,Valtteri Bottas,77,#64D064,2.0,314,-,-,0,1,-,-,-,-,-,-,-,-,-,-,,S,#CD3C3C,2,1.0,0,0,0.144,0,0,0,0,1.0,18
2,2024,2024061,7,8,3,3-8,BOT,Valtteri Bottas,77,#64D064,3.0,315,94.634,94.634,0,0,-,-,-0.528,0.295,-0.381,23,-0.528,0.295,-0.381,23,-0.233,S,#CD3C3C,3,1.0,0,0,0.144,0,0,0,0,0.0,18
2,2024,2024061,7,8,3,3-8,BOT,Valtteri Bottas,77,#64D064,4.0,316,94.397,94.397,0,0,94.516,0.237,-0.472,0.040,-0.452,23,-0.472,0.040,-0.452,23,-0.432,S,#CD3C3C,4,1.0,0,0,0.144,0,0,0,0,0.0,18
2,2024,2024061,7,8,3,3-8,BOT,Valtteri Bottas,77,#64D064,5.0,317,93.828,93.828,0,0,94.113,0.569,-0.081,0.155,-0.004,23,-0.081,0.155,-0.004,23,0.074,S,#CD3C3C,5,1.0,0,0,0.144,0,0,0,0,0.0,18
2,2024,2024061,7,8,3,3-8,BOT,Valtteri Bottas,77,#64D064,6.0,318,94.373,94.373,0,0,94.101,0.545,-0.67,0.055,-0.643,23,-0.670,0.055,-0.643,23,-0.615,S,#CD3C3C,6,1.0,0,1,0.144,0,0,0,0,0.0,18
2,2024,2024061,7,8,3,3-8,BOT,Valtteri Bottas,77,#64D064,7.0,319,94.395,94.395,0,0,94.384,0.022,-0.518,-0.060,-0.548,3,-0.518,-0.060,-0.548,3,-0.578,S,#CD3C3C,7,1.0,0,0,0.144,0,0,0,0,0.0,18
2,2024,2024061,7,8,3,3-8,BOT,Valtteri Bottas,77,#64D064,8.0,320,94.754,94.754,0,0,94.574,0.359,-0.875,0.215,-0.768,23,-0.875,0.215,-0.768,23,-0.66,S,#CD3C3C,8,1.0,0,0,0.144,0,0,0,0,0.0,18
2,2024,2024061,7,8,3,3-8,BOT,Valtteri Bottas,77,#64D064,9.0,321,94.597,94.597,0,0,94.676,0.157,-0.677,0.334,-0.510,23,-0.677,0.334,-0.510,23,-0.343,S,#CD3C3C,9,1.0,0,0,0.144,0,0,0,0,0.0,18
2,2024,2024061,7,8,3,3-8,BOT,Valtteri Bottas,77,#64D064,10.0,322,94.726,94.726,0,0,94.661,0.129,-0.549,0.440,-0.329,23,-0.549,0.440,-0.329,23,-0.109,S,#CD3C3C,10,1.0,0,0,0.144,0,0,0,0,0.0,17
2,2024,2024061,7,8,3,3-8,BOT,Valtteri Bottas,77,#64D064,11.0,323,-,-,0,1,-,-,-,-,-,-,-,-,-,-,-0.438,S,#CD3C3C,11,1.0,1,0,0.144,0,0,0,0,0.0,19
2,2024,2024061,7,8,3,3-8,BOT,Valtteri Bottas,77,#64D064,12.0,324,-,-,0,1,-,-,-,-,-,-,-,-,-,-,-0.463,H,#A5AFB9,1,2.0,0,0,0.142,0,0,0,0,0.0,20
2,2024,2024061,7,8,3,3-8,BOT,Valtteri Bottas,77,#64D064,13.0,325,93.803,93.803,0,0,-,-,0.148,-0.863,-0.283,3,0.148,-0.863,-0.283,3,-0.715,H,#A5AFB9,2,2.0,0,0,0.142,0,0,0,0,0.0,20
2,2024,2024061,7,8,3,3-8,BOT,Valtteri Bottas,77,#64D064,14.0,326,93.594,93.594,0,0,93.698,0.209,0.071,-0.601,-0.230,3,0.071,-0.601,-0.230,3,-0.53,H,#A5AFB9,3,2.0,0,0,0.142,0,0,0,0,0.0,20
2,2024,2024061,7,8,3,3-8,BOT,Valtteri Bottas,77,#64D064,15.0,327,93.615,93.615,0,0,93.604,0.021,-0.206,-0.551,-0.481,3,-0.206,-0.551,-0.481,3,-0.757,H,#A5AFB9,4,2.0,0,0,0.142,0,0,0,0,0.0,20
2,2024,2024061,7,8,3,3-8,BOT,Valtteri Bottas,77,#64D064,16.0,328,93.896,93.896,0,0,93.756,0.281,-0.396,-0.109,-0.451,3,-0.396,-0.109,-0.451,3,-0.505,H,#A5AFB9,5,2.0,0,0,0.142,0,0,0,0,0.0,20
2,2024,2024061,7,8,3,3-8,BOT,Valtteri Bottas,77,#64D064,17.0,329,93.65,93.65,0,0,93.773,0.246,-0.054,-0.445,-0.277,3,-0.054,-0.445,-0.277,3,-0.499,H,#A5AFB9,6,2.0,0,0,0.142,0,0,0,0,0.0,20
2,2024,2024061,7,8,3,3-8,BOT,Valtteri Bottas,77,#64D064,18.0,330,94.056,93.704,1,0,93.677,0.406,-0.448,-0.338,-0.617,3,-0.095,-0.691,-0.441,3,-0.786,H,#A5AFB9,7,2.0,0,0,0.142,0,0,0,0,0.0,20
2,2024,2024061,7,8,3,3-8,BOT,Valtteri Bottas,77,#64D064,19.0,331,93.757,93.757,0,0,93.73,0.299,-0.306,-0.184,-0.398,3,-0.306,-0.184,-0.398,3,-0.49,H,#A5AFB9,8,2.0,0,1,0.142,0,0,0,0,0.0,20
2,2024,2024061,7,8,3,3-8,BOT,Valtteri Bottas,77,#64D064,20.0,332,94.152,94.152,0,0,93.954,0.395,-0.641,-0.134,-0.708,3,-0.641,-0.134,-0.708,3,-0.775,H,#A5AFB9,9,2.0,0,0,0.142,0,0,0,0,0.0,20
2,2024,2024061,7,8,3,3-8,BOT,Valtteri Bottas,77,#64D064,21.0,333,94.199,94.199,0,0,94.176,0.047,-0.713,-0.490,-0.958,3,-0.713,-0.490,-0.958,3,-1.203,H,#A5AFB9,10,2.0,0,0,0.142,0,0,0,0,0.0,20
2,2024,2024061,7,8,3,3-8,BOT,Valtteri Bottas,77,#64D064,22.0,334,-,-,0,1,-,-,-,-,-,-,-,-,-,-,,H,#A5AFB9,11,2.0,0,0,0.142,0,0,0,1,0.0,20
2,2024,2024061,7,8,3,3-8,BOT,Valtteri Bottas,77,#64D064,23.0,335,-,-,0,1,-,-,-,-,-,-,-,-,-,-,,H,#A5AFB9,12,2.0,0,0,0.142,0,0,1,0,0.0,20
2,2024,2024061,7,8,3,3-8,BOT,Valtteri Bottas,77,#64D064,24.0,336,93.747,93.747,0,0,-,-,-0.456,0.059,-0.426,23,-0.456,0.059,-0.426,23,-0.397,H,#A5AFB9,13,2.0,0,0,0.142,0,0,0,0,0.0,20
2,2024,2024061,7,8,3,3-8,BOT,Valtteri Bottas,77,#64D064,25.0,337,93.4,93.4,0,0,93.574,0.347,-0.228,-0.264,-0.360,3,-0.228,-0.264,-0.360,3,-0.492,H,#A5AFB9,14,2.0,0,0,0.142,0,0,0,0,0.0,20
2,2024,2024061,7,8,3,3-8,BOT,Valtteri Bottas,77,#64D064,26.0,338,93.786,93.48,1,0,93.44,0.386,-0.669,0.142,-0.598,23,-0.363,-0.164,-0.445,3,-0.527,H,#A5AFB9,15,2.0,0,0,0.142,0,0,0,0,0.0,20
2,2024,2024061,7,8,3,3-8,BOT,Valtteri Bottas,77,#64D064,27.0,339,93.561,93.561,0,0,93.521,0.225,-0.256,0.076,-0.218,23,-0.256,0.076,-0.218,23,-0.18,H,#A5AFB9,16,2.0,0,0,0.142,0,0,0,0,0.0,20
2,2024,2024061,7,8,3,3-8,BOT,Valtteri Bottas,77,#64D064,28.0,340,-,-,0,1,-,-,-,-,-,-,-,-,-,-,,H,#A5AFB9,17,2.0,0,0,0.142,0,1,0,0,0.0,18
2,2024,2024061,7,8,3,3-8,BOT,Valtteri Bottas,77,#64D064,29.0,341,-,-,0,1,-,-,-,-,-,-,-,-,-,-,,H,#A5AFB9,18,2.0,1,0,0.142,0,0,0,0,0.0,18
2,2024,2024061,7,8,3,3-8,BOT,Valtteri Bottas,77,#64D064,30.0,342,-,-,0,1,-,-,-,-,-,-,-,-,-,-,,M,#F0E628,1,3.0,0,0,0.141,0,0,0,0,0.0,18
2,2024,2024061,7,8,3,3-8,BOT,Valtteri Bottas,77,#64D064,31.0,343,-,-,0,1,-,-,-,-,-,-,-,-,-,-,,M,#F0E628,2,3.0,0,0,0.141,0,0,0,0,0.0,18
2,2024,2024061,7,8,3,3-8,BOT,Valtteri Bottas,77,#64D064,32.0,344,-,-,0,1,-,-,-,-,-,-,-,-,-,-,,M,#F0E628,3,3.0,0,0,0.141,1,0,0,0,0.0,18
2,2024,2024061,7,8,3,3-8,BOT,Valtteri Bottas,77,#64D064,33.0,345,-,-,0,1,-,-,-,-,-,-,-,-,-,-,,M,#F0E628,4,3.0,0,0,0.141,0,0,0,0,0.0,18
2,2024,2024061,7,8,3,3-8,BOT,Valtteri Bottas,77,#64D064,34.0,346,93.392,93.392,0,0,-,-,-0.698,-0.046,-0.721,3,-0.698,-0.046,-0.721,3,-0.744,M,#F0E628,5,3.0,0,0,0.141,0,0,0,0,0.0,18
2,2024,2024061,7,8,3,3-8,BOT,Valtteri Bottas,77,#64D064,35.0,347,92.922,92.922,0,0,93.157,0.470,-0.68,-0.262,-0.811,3,-0.680,-0.262,-0.811,3,-0.942,M,#F0E628,6,3.0,0,0,0.141,0,0,0,0,0.0,18
2,2024,2024061,7,8,3,3-8,BOT,Valtteri Bottas,77,#64D064,36.0,348,93.229,92.936,1,0,92.929,0.307,-0.855,-0.029,-0.869,3,-0.562,-0.322,-0.723,3,-0.884,M,#F0E628,7,3.0,0,0,0.141,0,0,0,0,0.0,18
2,2024,2024061,7,8,3,3-8,BOT,Valtteri Bottas,77,#64D064,37.0,349,92.95,92.95,0,0,92.943,0.279,-0.605,-0.001,-0.605,3,-0.605,-0.001,-0.605,3,-0.606,M,#F0E628,8,3.0,0,0,0.141,0,0,0,0,0.0,18
2,2024,2024061,7,8,3,3-8,BOT,Valtteri Bottas,77,#64D064,38.0,350,93.007,93.007,0,0,92.978,0.057,-0.799,0.088,-0.755,23,-0.799,0.088,-0.755,23,-0.711,M,#F0E628,9,3.0,0,0,0.141,0,0,0,0,0.0,18
2,2024,2024061,7,8,3,3-8,BOT,Valtteri Bottas,77,#64D064,39.0,351,93.012,93.012,0,0,93.01,0.005,-0.577,-0.297,-0.726,3,-0.577,-0.297,-0.726,3,-0.874,M,#F0E628,10,3.0,0,0,0.141,0,0,0,0,0.0,18
2,2024,2024061,7,8,3,3-8,BOT,Valtteri Bottas,77,#64D064,40.0,352,93.527,93.028,1,0,93.02,0.515,-1.103,-0.176,-1.191,3,-0.604,-0.675,-0.942,3,-1.279,M,#F0E628,11,3.0,0,0,0.141,0,0,0,0,0.0,18
2,2024,2024061,7,8,3,3-8,BOT,Valtteri Bottas,77,#64D064,41.0,353,93.044,93.044,0,0,93.036,0.483,-0.728,0.148,-0.654,23,-0.728,0.148,-0.654,23,-0.58,M,#F0E628,12,3.0,0,0,0.141,0,0,0,0,0.0,17
2,2024,2024061,7,8,3,3-8,BOT,Valtteri Bottas,77,#64D064,42.0,354,92.858,92.858,0,0,92.951,0.186,-0.805,0.081,-0.764,23,-0.805,0.081,-0.764,23,-0.724,M,#F0E628,13,3.0,0,0,0.141,0,0,0,0,0.0,17
2,2024,2024061,7,8,3,3-8,BOT,Valtteri Bottas,77,#64D064,43.0,355,92.748,92.748,0,0,92.803,0.110,-0.754,-0.070,-0.789,3,-0.754,-0.070,-0.789,3,-0.824,M,#F0E628,14,3.0,0,0,0.141,0,0,0,0,0.0,17
2,2024,2024061,7,8,3,3-8,BOT,Valtteri Bottas,77,#64D064,44.0,356,92.947,92.947,0,0,92.848,0.199,-0.851,-0.063,-0.883,3,-0.851,-0.063,-0.883,3,-0.914,M,#F0E628,15,3.0,0,0,0.141,0,0,0,0,0.0,17
2,2024,2024061,7,8,3,3-8,BOT,Valtteri Bottas,77,#64D064,45.0,357,93.026,93.026,0,0,92.986,0.079,-0.804,0.252,-0.678,23,-0.804,0.252,-0.678,23,-0.552,M,#F0E628,16,3.0,0,1,0.141,0,0,0,0,0.0,17
2,2024,2024061,7,8,3,3-8,BOT,Valtteri Bottas,77,#64D064,46.0,358,92.908,92.908,0,0,92.967,0.118,-0.651,0.317,-0.492,23,-0.651,0.317,-0.492,23,-0.334,M,#F0E628,17,3.0,0,0,0.141,0,0,0,0,0.0,17
2,2024,2024061,7,8,3,3-8,BOT,Valtteri Bottas,77,#64D064,47.0,359,92.888,92.888,0,0,92.898,0.020,-0.659,0.107,-0.606,23,-0.659,0.107,-0.606,23,-0.552,M,#F0E628,18,3.0,0,0,0.141,0,0,0,0,0.0,17
2,2024,2024061,7,8,3,3-8,BOT,Valtteri Bottas,77,#64D064,48.0,360,93.421,93.037,1,0,92.962,0.533,-1.251,-0.788,-1.645,3,-0.867,0.178,-0.778,23,-2.039,M,#F0E628,19,3.0,0,0,0.141,0,0,0,0,-1.0,18
2,2024,2024061,7,8,3,3-8,BOT,Valtteri Bottas,77,#64D064,49.0,361,93.186,93.186,0,0,93.112,0.235,-1.04,0.248,-0.916,23,-1.040,0.248,-0.916,23,-0.792,M,#F0E628,20,3.0,0,0,0.141,0,0,0,0,0.0,18
2,2024,2024061,7,8,3,3-8,BOT,Valtteri Bottas,77,#64D064,50.0,362,92.46,92.46,0,0,92.823,0.726,-0.393,-0.062,-0.424,3,-0.393,-0.062,-0.424,3,-0.455,M,#F0E628,21,3.0,0,0,0.141,0,0,0,0,0.0,18
2,2024,2024061,7,8,3,3-8,BOT,Valtteri Bottas,77,#64D064,51.0,363,92.666,92.666,0,0,92.563,0.206,-0.553,0.055,-0.526,23,-0.553,0.055,-0.526,23,-0.498,M,#F0E628,22,3.0,0,0,0.141,0,0,0,0,0.0,18
2,2024,2024061,7,8,3,3-8,BOT,Valtteri Bottas,77,#64D064,52.0,364,92.605,92.605,0,0,92.636,0.061,-0.324,-0.551,-0.600,3,-0.324,-0.161,-0.404,3,-0.875,M,#F0E628,23,3.0,0,0,0.141,0,0,0,0,0.0,18
2,2024,2024061,7,8,3,3-8,BOT,Valtteri Bottas,77,#64D064,53.0,365,92.853,92.853,0,0,92.729,0.248,-0.761,-0.069,-0.795,3,-0.761,-0.069,-0.795,3,-0.83,M,#F0E628,24,3.0,0,0,0.141,0,0,0,0,0.0,17
2,2024,2024061,7,8,3,3-8,BOT,Valtteri Bottas,77,#64D064,54.0,366,92.326,92.326,0,0,92.589,0.527,-0.382,-0.131,-0.448,3,-0.382,-0.131,-0.448,3,-0.513,M,#F0E628,25,3.0,0,0,0.141,0,0,0,0,0.0,17
2,2024,2024061,7,8,3,3-8,BOT,Valtteri Bottas,77,#64D064,55.0,367,92.098,92.098,0,0,92.212,0.228,-0.433,-0.072,-0.469,3,-0.433,-0.072,-0.469,3,-0.505,M,#F0E628,26,3.0,0,0,0.141,0,0,0,0,0.0,17
2,2024,2024061,7,8,3,3-8,BOT,Valtteri Bottas,77,#64D064,56.0,368,92.437,92.437,0,0,92.268,0.339,-0.651,0.446,-0.428,23,-0.651,0.446,-0.428,23,-0.205,M,#F0E628,27,3.0,0,0,0.141,0,0,0,0,0.0,17
2,2024,2024061,7,8,3,3-8,BOT,Valtteri Bottas,77,#64D064,57.0,369,92.619,92.619,0,0,92.528,0.182,-0.565,-0.365,-0.748,3,-0.565,-0.365,-0.748,3,-0.93,M,#F0E628,28,3.0,0,0,0.141,0,0,0,0,0.0,17
2,2024,2024061,7,8,23,23-8,ZHO,Guanyu Zhou,24,#64D064,1.0,313,-,-,0,1,-,-,-,-,-,-,-,-,-,-,,M,#F0E628,1,1.0,0,0,0.126,0,0,0,0,,18
2,2024,2024061,7,8,23,23-8,ZHO,Guanyu Zhou,24,#64D064,2.0,314,-,-,0,1,-,-,-,-,-,-,-,-,-,-,,M,#F0E628,2,1.0,0,0,0.126,0,0,0,0,1.0,17
2,2024,2024061,7,8,23,23-8,ZHO,Guanyu Zhou,24,#64D064,3.0,315,94.339,94.339,0,0,-,-,-0.233,0.295,-0.381,23,-0.233,0.295,-0.381,23,-0.528,M,#F0E628,3,1.0,0,0,0.126,0,0,0,0,0.0,17
2,2024,2024061,7,8,23,23-8,ZHO,Guanyu Zhou,24,#64D064,4.0,316,94.357,94.357,0,0,94.348,0.018,-0.432,0.040,-0.452,23,-0.432,0.040,-0.452,23,-0.472,M,#F0E628,4,1.0,0,0,0.126,0,0,0,0,0.0,17
2,2024,2024061,7,8,23,23-8,ZHO,Guanyu Zhou,24,#64D064,5.0,317,93.673,93.673,0,0,94.015,0.684,0.074,0.155,-0.004,23,0.074,0.155,-0.004,23,-0.081,M,#F0E628,5,1.0,0,0,0.126,0,0,0,0,0.0,17
2,2024,2024061,7,8,23,23-8,ZHO,Guanyu Zhou,24,#64D064,6.0,318,94.318,94.318,0,0,93.996,0.645,-0.615,0.055,-0.643,23,-0.615,0.055,-0.643,23,-0.67,M,#F0E628,6,1.0,0,0,0.126,0,0,0,0,0.0,17
2,2024,2024061,7,8,23,23-8,ZHO,Guanyu Zhou,24,#64D064,7.0,319,94.455,94.455,0,0,94.386,0.137,-0.578,-0.060,-0.548,3,-0.578,-0.060,-0.548,3,-0.518,M,#F0E628,7,1.0,0,0,0.126,0,0,0,0,0.0,17
2,2024,2024061,7,8,23,23-8,ZHO,Guanyu Zhou,24,#64D064,8.0,320,94.539,94.539,0,0,94.497,0.084,-0.66,0.215,-0.768,23,-0.660,0.215,-0.768,23,-0.875,M,#F0E628,8,1.0,0,0,0.126,0,0,0,0,0.0,17
2,2024,2024061,7,8,23,23-8,ZHO,Guanyu Zhou,24,#64D064,9.0,321,94.263,94.263,0,0,94.401,0.276,-0.343,0.334,-0.510,23,-0.343,0.334,-0.510,23,-0.677,M,#F0E628,9,1.0,0,0,0.126,0,0,0,0,0.0,17
2,2024,2024061,7,8,23,23-8,ZHO,Guanyu Zhou,24,#64D064,10.0,322,94.286,94.286,0,0,94.274,0.023,-0.109,0.440,-0.329,23,-0.109,0.440,-0.329,23,-0.549,M,#F0E628,10,1.0,0,0,0.126,0,0,0,0,0.0,16
2,2024,2024061,7,8,23,23-8,ZHO,Guanyu Zhou,24,#64D064,11.0,323,94.662,94.37,1,0,94.328,0.376,-0.438,-,-,-,-0.146,-,-,-,,M,#F0E628,11,1.0,0,0,0.126,0,0,0,0,0.0,15
2,2024,2024061,7,8,23,23-8,ZHO,Guanyu Zhou,24,#64D064,12.0,324,94.455,94.455,0,0,94.413,0.207,-0.463,-,-,-,-0.463,-,-,-,,M,#F0E628,12,1.0,0,0,0.126,0,0,0,0,0.0,13
2,2024,2024061,7,8,23,23-8,ZHO,Guanyu Zhou,24,#64D064,13.0,325,94.666,94.666,0,0,94.56,0.211,-0.715,-0.863,-0.283,3,-0.715,-0.863,-0.283,3,0.148,M,#F0E628,13,1.0,0,0,0.126,0,0,0,0,0.0,12
2,2024,2024061,7,8,23,23-8,ZHO,Guanyu Zhou,24,#64D064,14.0,326,94.195,94.195,0,0,94.43,0.471,-0.53,-0.601,-0.230,3,-0.530,-0.601,-0.230,3,0.071,M,#F0E628,14,1.0,0,1,0.126,0,0,0,0,0.0,12
2,2024,2024061,7,8,23,23-8,ZHO,Guanyu Zhou,24,#64D064,15.0,327,94.166,94.166,0,0,94.18,0.029,-0.757,-0.551,-0.481,3,-0.757,-0.551,-0.481,3,-0.206,M,#F0E628,15,1.0,0,0,0.126,0,0,0,0,0.0,12
2,2024,2024061,7,8,23,23-8,ZHO,Guanyu Zhou,24,#64D064,16.0,328,94.005,94.005,0,0,94.086,0.161,-0.505,-0.109,-0.451,3,-0.505,-0.109,-0.451,3,-0.396,M,#F0E628,16,1.0,0,0,0.126,0,0,0,0,0.0,12
2,2024,2024061,7,8,23,23-8,ZHO,Guanyu Zhou,24,#64D064,17.0,329,94.095,94.095,0,0,94.05,0.090,-0.499,-0.445,-0.277,3,-0.499,-0.445,-0.277,3,-0.054,M,#F0E628,17,1.0,0,0,0.126,0,0,0,0,0.0,12
2,2024,2024061,7,8,23,23-8,ZHO,Guanyu Zhou,24,#64D064,18.0,330,94.394,94.394,0,0,94.244,0.299,-0.786,-0.338,-0.617,3,-0.786,-0.691,-0.441,3,-0.448,M,#F0E628,18,1.0,0,0,0.126,0,0,0,0,0.0,12
2,2024,2024061,7,8,23,23-8,ZHO,Guanyu Zhou,24,#64D064,19.0,331,93.941,93.941,0,0,94.168,0.453,-0.49,-0.184,-0.398,3,-0.490,-0.184,-0.398,3,-0.306,M,#F0E628,19,1.0,0,0,0.126,0,0,0,0,0.0,12
2,2024,2024061,7,8,23,23-8,ZHO,Guanyu Zhou,24,#64D064,20.0,332,94.286,94.286,0,0,94.114,0.345,-0.775,-0.134,-0.708,3,-0.775,-0.134,-0.708,3,-0.641,M,#F0E628,20,1.0,0,0,0.126,0,0,0,0,0.0,12
2,2024,2024061,7,8,23,23-8,ZHO,Guanyu Zhou,24,#64D064,21.0,333,94.689,94.689,0,0,94.488,0.403,-1.203,-0.490,-0.958,3,-1.203,-0.490,-0.958,3,-0.713,M,#F0E628,21,1.0,0,0,0.126,0,0,0,0,0.0,12
2,2024,2024061,7,8,23,23-8,ZHO,Guanyu Zhou,24,#64D064,22.0,334,-,-,0,1,-,-,-,-,-,-,-,-,-,-,,M,#F0E628,22,1.0,0,0,0.126,0,0,0,1,0.0,11
2,2024,2024061,7,8,23,23-8,ZHO,Guanyu Zhou,24,#64D064,23.0,335,-,-,0,1,-,-,-,-,-,-,-,-,-,-,,M,#F0E628,23,1.0,0,0,0.126,0,0,1,0,0.0,10
2,2024,2024061,7,8,23,23-8,ZHO,Guanyu Zhou,24,#64D064,24.0,336,93.688,93.688,0,0,-,-,-0.397,0.059,-0.426,23,-0.397,0.059,-0.426,23,-0.456,M,#F0E628,24,1.0,0,0,0.126,0,0,0,0,0.0,10
2,2024,2024061,7,8,23,23-8,ZHO,Guanyu Zhou,24,#64D064,25.0,337,93.664,93.664,0,0,93.676,0.024,-0.492,-0.264,-0.360,3,-0.492,-0.264,-0.360,3,-0.228,M,#F0E628,25,1.0,0,0,0.126,0,0,0,0,0.0,9
2,2024,2024061,7,8,23,23-8,ZHO,Guanyu Zhou,24,#64D064,26.0,338,93.644,93.644,0,0,93.654,0.020,-0.527,0.142,-0.598,23,-0.527,-0.164,-0.445,3,-0.669,M,#F0E628,26,1.0,0,0,0.126,0,0,0,0,0.0,9
2,2024,2024061,7,8,23,23-8,ZHO,Guanyu Zhou,24,#64D064,27.0,339,93.485,93.485,0,0,93.565,0.159,-0.18,0.076,-0.218,23,-0.180,0.076,-0.218,23,-0.256,M,#F0E628,27,1.0,0,0,0.126,0,0,0,0,0.0,8
2,2024,2024061,7,8,23,23-8,ZHO,Guanyu Zhou,24,#64D064,28.0,340,-,-,0,1,-,-,-,-,-,-,-,-,-,-,,M,#F0E628,28,1.0,1,0,0.126,0,1,0,0,0.0,10
2,2024,2024061,7,8,23,23-8,ZHO,Guanyu Zhou,24,#64D064,29.0,341,-,-,0,1,-,-,-,-,-,-,-,-,-,-,,S,#CD3C3C,1,2.0,0,0,0.209,0,0,0,0,0.0,14
2,2024,2024061,7,8,23,23-8,ZHO,Guanyu Zhou,24,#64D064,30.0,342,-,-,0,1,-,-,-,-,-,-,-,-,-,-,,S,#CD3C3C,2,2.0,0,0,0.209,0,0,0,0,0.0,14
2,2024,2024061,7,8,23,23-8,ZHO,Guanyu Zhou,24,#64D064,31.0,343,-,-,0,1,-,-,-,-,-,-,-,-,-,-,,S,#CD3C3C,3,2.0,0,0,0.209,0,0,0,0,0.0,14
2,2024,2024061,7,8,23,23-8,ZHO,Guanyu Zhou,24,#64D064,32.0,344,-,-,0,1,-,-,-,-,-,-,-,-,-,-,,S,#CD3C3C,4,2.0,0,0,0.209,1,0,0,0,0.0,14
2,2024,2024061,7,8,23,23-8,ZHO,Guanyu Zhou,24,#64D064,33.0,345,-,-,0,1,-,-,-,-,-,-,-,-,-,-,,S,#CD3C3C,5,2.0,0,0,0.209,0,0,0,0,0.0,14
2,2024,2024061,7,8,23,23-8,ZHO,Guanyu Zhou,24,#64D064,34.0,346,93.438,93.438,0,0,-,-,-0.744,-0.046,-0.721,3,-0.744,-0.046,-0.721,3,-0.698,S,#CD3C3C,6,2.0,0,0,0.209,0,0,0,0,0.0,14
2,2024,2024061,7,8,23,23-8,ZHO,Guanyu Zhou,24,#64D064,35.0,347,93.184,93.184,0,0,93.311,0.254,-0.942,-0.262,-0.811,3,-0.942,-0.262,-0.811,3,-0.68,S,#CD3C3C,7,2.0,0,0,0.209,0,0,0,0,0.0,14
2,2024,2024061,7,8,23,23-8,ZHO,Guanyu Zhou,24,#64D064,36.0,348,93.258,93.258,0,0,93.221,0.074,-0.884,-0.029,-0.869,3,-0.884,-0.322,-0.723,3,-0.855,S,#CD3C3C,8,2.0,0,0,0.209,0,0,0,0,0.0,14
2,2024,2024061,7,8,23,23-8,ZHO,Guanyu Zhou,24,#64D064,37.0,349,92.951,92.951,0,0,93.104,0.307,-0.606,-0.001,-0.605,3,-0.606,-0.001,-0.605,3,-0.605,S,#CD3C3C,9,2.0,0,0,0.209,0,0,0,0,0.0,14
2,2024,2024061,7,8,23,23-8,ZHO,Guanyu Zhou,24,#64D064,38.0,350,92.919,92.919,0,0,92.935,0.032,-0.711,0.088,-0.755,23,-0.711,0.088,-0.755,23,-0.799,S,#CD3C3C,10,2.0,0,0,0.209,0,0,0,0,0.0,14
2,2024,2024061,7,8,23,23-8,ZHO,Guanyu Zhou,24,#64D064,39.0,351,93.309,93.309,0,0,93.114,0.390,-0.874,-0.297,-0.726,3,-0.874,-0.297,-0.726,3,-0.577,S,#CD3C3C,11,2.0,0,0,0.209,0,0,0,0,0.0,14
2,2024,2024061,7,8,23,23-8,ZHO,Guanyu Zhou,24,#64D064,40.0,352,93.703,93.703,0,0,93.506,0.394,-1.279,-0.176,-1.191,3,-1.279,-0.675,-0.942,3,-1.103,S,#CD3C3C,12,2.0,0,0,0.209,0,0,0,0,-1.0,15
2,2024,2024061,7,8,23,23-8,ZHO,Guanyu Zhou,24,#64D064,41.0,353,92.896,92.896,0,0,93.3,0.807,-0.58,0.148,-0.654,23,-0.580,0.148,-0.654,23,-0.728,S,#CD3C3C,13,2.0,0,0,0.209,0,0,0,0,0.0,14
2,2024,2024061,7,8,23,23-8,ZHO,Guanyu Zhou,24,#64D064,42.0,354,92.777,92.777,0,0,92.836,0.119,-0.724,0.081,-0.764,23,-0.724,0.081,-0.764,23,-0.805,S,#CD3C3C,14,2.0,0,0,0.209,0,0,0,0,0.0,14
2,2024,2024061,7,8,23,23-8,ZHO,Guanyu Zhou,24,#64D064,43.0,355,92.818,92.818,0,0,92.798,0.041,-0.824,-0.070,-0.789,3,-0.824,-0.070,-0.789,3,-0.754,S,#CD3C3C,15,2.0,0,0,0.209,0,0,0,0,0.0,14
2,2024,2024061,7,8,23,23-8,ZHO,Guanyu Zhou,24,#64D064,44.0,356,93.01,93.01,0,0,92.914,0.192,-0.914,-0.063,-0.883,3,-0.914,-0.063,-0.883,3,-0.851,S,#CD3C3C,16,2.0,0,0,0.209,0,0,0,0,0.0,14
2,2024,2024061,7,8,23,23-8,ZHO,Guanyu Zhou,24,#64D064,45.0,357,92.774,92.774,0,0,92.892,0.236,-0.552,0.252,-0.678,23,-0.552,0.252,-0.678,23,-0.804,S,#CD3C3C,17,2.0,0,1,0.209,0,0,0,0,0.0,14
2,2024,2024061,7,8,23,23-8,ZHO,Guanyu Zhou,24,#64D064,46.0,358,92.591,92.591,0,0,92.682,0.183,-0.334,0.317,-0.492,23,-0.334,0.317,-0.492,23,-0.651,S,#CD3C3C,18,2.0,0,0,0.209,0,0,0,0,0.0,14
2,2024,2024061,7,8,23,23-8,ZHO,Guanyu Zhou,24,#64D064,47.0,359,92.781,92.781,0,0,92.686,0.190,-0.552,0.107,-0.606,23,-0.552,0.107,-0.606,23,-0.659,S,#CD3C3C,19,2.0,0,0,0.209,0,0,0,0,0.0,14
2,2024,2024061,7,8,23,23-8,ZHO,Guanyu Zhou,24,#64D064,48.0,360,94.209,92.86,1,0,92.82,1.428,-2.039,-0.788,-1.645,3,-0.689,0.178,-0.778,23,-1.251,S,#CD3C3C,20,2.0,0,0,0.209,0,0,0,0,-1.0,15
2,2024,2024061,7,8,23,23-8,ZHO,Guanyu Zhou,24,#64D064,49.0,361,92.938,92.938,0,0,92.899,1.271,-0.792,0.248,-0.916,23,-0.792,0.248,-0.916,23,-1.04,S,#CD3C3C,21,2.0,0,0,0.209,0,0,0,0,0.0,15
2,2024,2024061,7,8,23,23-8,ZHO,Guanyu Zhou,24,#64D064,50.0,362,92.522,92.522,0,0,92.73,0.416,-0.455,-0.062,-0.424,3,-0.455,-0.062,-0.424,3,-0.393,S,#CD3C3C,22,2.0,0,0,0.209,0,0,0,0,0.0,15
2,2024,2024061,7,8,23,23-8,ZHO,Guanyu Zhou,24,#64D064,51.0,363,92.611,92.611,0,0,92.566,0.089,-0.498,0.055,-0.526,23,-0.498,0.055,-0.526,23,-0.553,S,#CD3C3C,23,2.0,0,0,0.209,0,0,0,0,0.0,15
2,2024,2024061,7,8,23,23-8,ZHO,Guanyu Zhou,24,#64D064,52.0,364,93.156,92.767,1,0,92.689,0.545,-0.875,-0.551,-0.600,3,-0.485,-0.161,-0.404,3,-0.324,S,#CD3C3C,24,2.0,0,0,0.209,0,0,0,0,1.0,14
2,2024,2024061,7,8,23,23-8,ZHO,Guanyu Zhou,24,#64D064,53.0,365,92.922,92.922,0,0,92.844,0.234,-0.83,-0.069,-0.795,3,-0.830,-0.069,-0.795,3,-0.761,S,#CD3C3C,25,2.0,0,0,0.209,0,0,0,0,0.0,14
2,2024,2024061,7,8,23,23-8,ZHO,Guanyu Zhou,24,#64D064,54.0,366,92.457,92.457,0,0,92.69,0.465,-0.513,-0.131,-0.448,3,-0.513,-0.131,-0.448,3,-0.382,S,#CD3C3C,26,2.0,0,0,0.209,0,0,0,0,0.0,14
2,2024,2024061,7,8,23,23-8,ZHO,Guanyu Zhou,24,#64D064,55.0,367,92.17,92.17,0,0,92.314,0.287,-0.505,-0.072,-0.469,3,-0.505,-0.072,-0.469,3,-0.433,S,#CD3C3C,27,2.0,0,0,0.209,0,0,0,0,0.0,14
2,2024,2024061,7,8,23,23-8,ZHO,Guanyu Zhou,24,#64D064,56.0,368,91.991,91.991,0,0,92.08,0.179,-0.205,0.446,-0.428,23,-0.205,0.446,-0.428,23,-0.651,S,#CD3C3C,28,2.0,0,0,0.209,0,0,0,0,0.0,14
2,2024,2024061,7,8,23,23-8,ZHO,Guanyu Zhou,24,#64D064,57.0,369,92.984,92.984,0,0,92.488,0.993,-0.93,-0.365,-0.748,3,-0.930,-0.365,-0.748,3,-0.565,S,#CD3C3C,29,2.0,0,0,0.209,0,0,0,0,0.0,15
2,2024,2024071,8,8,3,3-8,BOT,Valtteri Bottas,77,#64D064,1.0,370,-,-,0,1,-,-,-,-,-,-,-,-,-,-,,M,#F0E628,1,1.0,0,0,0.070,0,0,0,0,,17
2,2024,2024071,8,8,3,3-8,BOT,Valtteri Bottas,77,#64D064,2.0,371,-,-,0,1,-,-,-,-,-,-,-,-,-,-,,M,#F0E628,2,1.0,0,0,0.070,0,0,0,0,0.0,17
2,2024,2024071,8,8,3,3-8,BOT,Valtteri Bottas,77,#64D064,3.0,372,82.762,82.762,0,0,-,-,-0.845,0.044,-0.823,23,-0.845,0.044,-0.823,23,-0.801,M,#F0E628,3,1.0,0,0,0.070,0,0,0,0,0.0,17
2,2024,2024071,8,8,3,3-8,BOT,Valtteri Bottas,77,#64D064,4.0,373,82.786,82.786,0,0,82.774,0.024,-0.789,-0.260,-0.919,3,-0.789,0.144,-0.717,23,-1.049,M,#F0E628,4,1.0,0,0,0.070,0,0,0,0,0.0,17
2,2024,2024071,8,8,3,3-8,BOT,Valtteri Bottas,77,#64D064,5.0,374,82.794,82.794,0,0,82.79,0.008,-0.795,0.229,-0.680,23,-0.795,0.229,-0.680,23,-0.566,M,#F0E628,5,1.0,0,1,0.070,0,0,0,0,0.0,17
2,2024,2024071,8,8,3,3-8,BOT,Valtteri Bottas,77,#64D064,6.0,375,82.415,82.415,0,0,82.604,0.379,-0.414,-0.232,-0.530,3,-0.414,-0.232,-0.530,3,-0.646,M,#F0E628,6,1.0,0,0,0.070,0,0,0,0,0.0,17
2,2024,2024071,8,8,3,3-8,BOT,Valtteri Bottas,77,#64D064,7.0,376,82.568,82.568,0,0,82.492,0.153,-0.583,-0.403,-0.784,3,-0.583,-0.155,-0.660,3,-0.986,M,#F0E628,7,1.0,0,0,0.070,0,0,0,0,0.0,17
2,2024,2024071,8,8,3,3-8,BOT,Valtteri Bottas,77,#64D064,8.0,377,-,-,0,1,-,-,-,-,-,-,-,-,-,-,-0.9,M,#F0E628,8,1.0,1,0,0.070,0,0,0,0,0.0,19
2,2024,2024071,8,8,3,3-8,BOT,Valtteri Bottas,77,#64D064,9.0,378,-,-,0,1,-,-,-,-,-,-,-,-,-,-,-1.174,H,#A5AFB9,1,2.0,0,0,0.321,0,0,0,0,0.0,18
2,2024,2024071,8,8,3,3-8,BOT,Valtteri Bottas,77,#64D064,10.0,379,81.529,81.529,0,0,-,-,0.447,-1.602,-0.354,3,0.447,-1.602,-0.354,3,-1.155,H,#A5AFB9,2,2.0,0,0,0.321,0,0,0,0,0.0,18
2,2024,2024071,8,8,3,3-8,BOT,Valtteri Bottas,77,#64D064,11.0,380,81.455,81.455,0,0,81.492,0.074,0.449,-1.419,-0.260,3,0.449,-1.419,-0.260,3,-0.97,H,#A5AFB9,3,2.0,0,0,0.321,0,0,0,0,0.0,18
2,2024,2024071,8,8,3,3-8,BOT,Valtteri Bottas,77,#64D064,12.0,381,81.971,81.53,1,0,81.492,0.516,0.065,-1.221,-0.545,3,0.506,-1.441,-0.214,3,-1.156,H,#A5AFB9,4,2.0,0,0,0.321,0,0,0,0,0.0,18
2,2024,2024071,8,8,3,3-8,BOT,Valtteri Bottas,77,#64D064,13.0,382,81.605,81.605,0,0,81.568,0.366,0.457,-1.462,-0.274,3,0.457,-1.462,-0.274,3,-1.005,H,#A5AFB9,5,2.0,0,0,0.321,0,0,0,0,0.0,18
2,2024,2024071,8,8,3,3-8,BOT,Valtteri Bottas,77,#64D064,14.0,383,81.732,81.732,0,0,81.668,0.127,0.198,-1.070,-0.337,3,0.198,-1.070,-0.337,3,-0.872,H,#A5AFB9,6,2.0,0,0,0.321,0,0,0,0,0.0,18
2,2024,2024071,8,8,3,3-8,BOT,Valtteri Bottas,77,#64D064,15.0,384,81.982,81.982,0,0,81.857,0.250,0.024,-0.850,-0.401,3,0.024,-0.850,-0.401,3,-0.826,H,#A5AFB9,7,2.0,0,0,0.321,0,0,0,0,0.0,18
2,2024,2024071,8,8,3,3-8,BOT,Valtteri Bottas,77,#64D064,16.0,385,81.896,81.896,0,0,81.939,0.086,0.154,-0.893,-0.292,3,0.154,-0.893,-0.292,3,-0.739,H,#A5AFB9,8,2.0,0,0,0.321,0,0,0,0,0.0,18
2,2024,2024071,8,8,3,3-8,BOT,Valtteri Bottas,77,#64D064,17.0,386,82.468,82.128,1,0,82.012,0.572,-0.233,-0.565,-0.516,3,0.107,-0.905,-0.345,3,-0.798,H,#A5AFB9,9,2.0,0,0,0.321,0,0,0,0,0.0,18
2,2024,2024071,8,8,3,3-8,BOT,Valtteri Bottas,77,#64D064,18.0,387,82.36,82.36,0,0,82.244,0.108,-0.061,-0.746,-0.434,3,-0.061,-0.746,-0.434,3,-0.807,H,#A5AFB9,10,2.0,0,0,0.321,0,0,0,0,0.0,18
2,2024,2024071,8,8,3,3-8,BOT,Valtteri Bottas,77,#64D064,19.0,388,82.283,82.283,0,0,82.322,0.077,0.037,-0.896,-0.411,3,0.037,-0.896,-0.411,3,-0.859,H,#A5AFB9,11,2.0,0,0,0.321,0,0,0,0,0.0,18
2,2024,2024071,8,8,3,3-8,BOT,Valtteri Bottas,77,#64D064,20.0,389,82.239,82.239,0,0,82.261,0.044,0.094,-0.968,-0.390,3,0.094,-0.968,-0.390,3,-0.874,H,#A5AFB9,12,2.0,0,0,0.321,0,0,0,0,0.0,18
2,2024,2024071,8,8,3,3-8,BOT,Valtteri Bottas,77,#64D064,21.0,390,82.231,82.231,0,0,82.235,0.008,0.156,-0.986,-0.337,3,0.156,-0.986,-0.337,3,-0.83,H,#A5AFB9,13,2.0,0,0,0.321,0,0,0,0,0.0,18
2,2024,2024071,8,8,3,3-8,BOT,Valtteri Bottas,77,#64D064,22.0,391,82.436,82.436,0,0,82.334,0.205,0.06,-0.825,-0.352,3,0.060,-0.825,-0.352,3,-0.765,H,#A5AFB9,14,2.0,0,0,0.321,0,0,0,0,0.0,18
2,2024,2024071,8,8,3,3-8,BOT,Valtteri Bottas,77,#64D064,23.0,392,82.334,82.334,0,0,82.385,0.102,0.08,-0.686,-0.263,3,0.080,-0.686,-0.263,3,-0.606,H,#A5AFB9,15,2.0,0,0,0.321,0,0,0,0,0.0,18
2,2024,2024071,8,8,3,3-8,BOT,Valtteri Bottas,77,#64D064,24.0,393,82.589,82.589,0,0,82.462,0.255,-0.291,-0.432,-0.507,3,-0.291,-0.432,-0.507,3,-0.723,H,#A5AFB9,16,2.0,0,0,0.321,0,0,0,0,0.0,18
2,2024,2024071,8,8,3,3-8,BOT,Valtteri Bottas,77,#64D064,25.0,394,82.605,82.605,0,0,82.597,0.016,-0.246,-0.755,-0.623,3,-0.246,-0.426,-0.459,3,-1.001,H,#A5AFB9,17,2.0,0,0,0.321,0,0,0,0,0.0,18
2,2024,2024071,8,8,3,3-8,BOT,Valtteri Bottas,77,#64D064,26.0,395,82.655,82.655,0,0,82.63,0.050,-0.236,-0.386,-0.429,3,-0.236,-0.386,-0.429,3,-0.622,H,#A5AFB9,18,2.0,0,0,0.321,0,0,0,0,0.0,17
2,2024,2024071,8,8,3,3-8,BOT,Valtteri Bottas,77,#64D064,27.0,396,82.583,82.583,0,0,82.619,0.072,-0.491,-0.346,-0.664,3,-0.491,-0.346,-0.664,3,-0.837,H,#A5AFB9,19,2.0,0,0,0.321,0,0,0,0,0.0,17
2,2024,2024071,8,8,3,3-8,BOT,Valtteri Bottas,77,#64D064,28.0,397,82.969,82.969,0,0,82.776,0.386,-0.755,0.048,-0.731,23,-0.755,0.048,-0.731,23,-0.707,H,#A5AFB9,20,2.0,0,0,0.321,0,0,0,0,0.0,17
2,2024,2024071,8,8,3,3-8,BOT,Valtteri Bottas,77,#64D064,29.0,398,83.139,83.139,0,0,83.054,0.170,-0.966,0.021,-0.956,23,-0.966,0.021,-0.956,23,-0.945,H,#A5AFB9,21,2.0,0,0,0.321,0,0,0,0,0.0,17
2,2024,2024071,8,8,3,3-8,BOT,Valtteri Bottas,77,#64D064,30.0,399,83.276,83.276,0,0,83.208,0.137,-1.153,0.159,-1.073,23,-1.153,0.159,-1.073,23,-0.994,H,#A5AFB9,22,2.0,0,0,0.321,0,0,0,0,0.0,16
2,2024,2024071,8,8,3,3-8,BOT,Valtteri Bottas,77,#64D064,31.0,400,82.862,82.862,0,0,83.069,0.414,-0.802,-0.464,-1.034,3,-0.802,-0.464,-1.034,3,-1.266,H,#A5AFB9,23,2.0,0,0,0.321,0,0,0,0,0.0,15
2,2024,2024071,8,8,3,3-8,BOT,Valtteri Bottas,77,#64D064,32.0,401,82.673,82.673,0,0,82.768,0.189,-0.686,-1.133,-1.252,3,-0.686,-1.133,-1.252,3,-1.819,H,#A5AFB9,24,2.0,0,0,0.321,0,0,0,0,0.0,15
2,2024,2024071,8,8,3,3-8,BOT,Valtteri Bottas,77,#64D064,33.0,402,83.028,83.028,0,0,82.851,0.355,-1.227,-,-,-,-1.227,-,-,-,,H,#A5AFB9,25,2.0,0,0,0.321,0,0,0,0,0.0,15
2,2024,2024071,8,8,3,3-8,BOT,Valtteri Bottas,77,#64D064,34.0,403,82.761,82.761,0,0,82.894,0.267,-0.928,-,-,-,-0.928,-,-,-,,H,#A5AFB9,26,2.0,0,0,0.321,0,0,0,0,0.0,14
2,2024,2024071,8,8,3,3-8,BOT,Valtteri Bottas,77,#64D064,35.0,404,82.683,82.683,0,0,82.722,0.078,-0.867,1.366,-0.184,23,-0.867,1.366,-0.184,23,0.499,H,#A5AFB9,27,2.0,0,0,0.321,0,0,0,0,0.0,14
2,2024,2024071,8,8,3,3-8,BOT,Valtteri Bottas,77,#64D064,36.0,405,82.756,82.756,0,0,82.72,0.073,-0.962,-0.321,-1.123,3,-0.962,1.590,-0.167,23,-1.283,H,#A5AFB9,28,2.0,0,1,0.321,0,0,0,0,0.0,14
2,2024,2024071,8,8,3,3-8,BOT,Valtteri Bottas,77,#64D064,37.0,406,82.718,82.718,0,0,82.737,0.038,-1.204,1.702,-0.353,23,-1.204,1.702,-0.353,23,0.498,H,#A5AFB9,29,2.0,0,0,0.321,0,0,0,0,0.0,14
2,2024,2024071,8,8,3,3-8,BOT,Valtteri Bottas,77,#64D064,38.0,407,82.62,82.62,0,0,82.669,0.098,-1.113,1.071,-0.578,23,-1.113,1.071,-0.578,23,-0.042,H,#A5AFB9,30,2.0,0,0,0.321,0,0,0,0,0.0,12
2,2024,2024071,8,8,3,3-8,BOT,Valtteri Bottas,77,#64D064,39.0,408,82.823,82.823,0,0,82.721,0.203,-1.227,1.243,-0.606,23,-1.227,1.243,-0.606,23,0.016,H,#A5AFB9,31,2.0,0,0,0.321,0,0,0,0,0.0,12
2,2024,2024071,8,8,3,3-8,BOT,Valtteri Bottas,77,#64D064,40.0,409,83.805,82.81,1,0,82.817,0.982,-2.368,1.891,-1.423,23,-1.373,0.896,-0.925,23,-0.477,H,#A5AFB9,32,2.0,0,0,0.321,0,0,0,0,-1.0,13
2,2024,2024071,8,8,3,3-8,BOT,Valtteri Bottas,77,#64D064,41.0,410,82.798,82.798,0,0,82.804,1.007,-1.364,1.415,-0.657,23,-1.364,1.415,-0.657,23,0.051,H,#A5AFB9,33,2.0,0,0,0.321,0,0,0,0,0.0,13
2,2024,2024071,8,8,3,3-8,BOT,Valtteri Bottas,77,#64D064,42.0,411,82.709,82.709,0,0,82.754,0.089,-1.397,0.702,-1.046,23,-1.397,0.702,-1.046,23,-0.695,H,#A5AFB9,34,2.0,0,0,0.321,0,0,0,0,0.0,13
2,2024,2024071,8,8,3,3-8,BOT,Valtteri Bottas,77,#64D064,43.0,412,82.686,82.686,0,0,82.698,0.023,-1.374,-1.174,-1.961,3,-1.374,1.068,-0.840,23,-2.548,H,#A5AFB9,35,2.0,0,0,0.321,0,0,0,0,0.0,13
2,2024,2024071,8,8,3,3-8,BOT,Valtteri Bottas,77,#64D064,44.0,413,82.681,82.681,0,0,82.684,0.005,-1.235,1.451,-0.510,23,-1.235,1.451,-0.510,23,0.216,H,#A5AFB9,36,2.0,0,0,0.321,0,0,0,0,0.0,13
2,2024,2024071,8,8,3,3-8,BOT,Valtteri Bottas,77,#64D064,45.0,414,84.419,83.269,1,0,82.975,1.738,-2.885,2.768,-1.501,23,-1.735,1.618,-0.926,23,-0.117,H,#A5AFB9,37,2.0,0,0,0.321,0,0,0,0,0.0,13
2,2024,2024071,8,8,3,3-8,BOT,Valtteri Bottas,77,#64D064,46.0,415,83.857,83.857,0,0,83.563,0.562,-2.186,2.182,-1.095,23,-2.186,2.182,-1.095,23,-0.004,H,#A5AFB9,38,2.0,0,0,0.321,0,0,0,0,0.0,13
2,2024,2024071,8,8,3,3-8,BOT,Valtteri Bottas,77,#64D064,47.0,416,85.739,83.126,1,0,83.492,1.882,-4.087,3.922,-2.126,23,-1.475,1.310,-0.820,23,-0.165,H,#A5AFB9,39,2.0,0,0,0.321,0,0,0,0,0.0,13
2,2024,2024071,8,8,3,3-8,BOT,Valtteri Bottas,77,#64D064,48.0,417,82.396,82.396,0,0,82.761,3.343,-0.915,-1.946,-1.888,3,-0.915,0.521,-0.655,23,-2.861,H,#A5AFB9,40,2.0,0,0,0.321,0,0,0,0,0.0,13
2,2024,2024071,8,8,3,3-8,BOT,Valtteri Bottas,77,#64D064,49.0,418,82.636,82.636,0,0,82.516,0.240,-1.183,0.702,-0.832,23,-1.183,0.702,-0.832,23,-0.481,H,#A5AFB9,41,2.0,0,0,0.321,0,0,0,0,0.0,13
2,2024,2024071,8,8,3,3-8,BOT,Valtteri Bottas,77,#64D064,50.0,419,83.889,83.172,1,0,82.904,1.253,-2.383,1.401,-1.683,23,-1.667,0.685,-1.325,23,-0.982,H,#A5AFB9,42,2.0,0,0,0.321,0,0,0,0,0.0,13
2,2024,2024071,8,8,3,3-8,BOT,Valtteri Bottas,77,#64D064,51.0,420,83.709,83.709,0,0,83.441,0.180,-2.075,-0.505,-2.328,3,-2.075,1.145,-1.503,23,-2.58,H,#A5AFB9,43,2.0,0,0,0.321,0,0,0,0,-1.0,14
2,2024,2024071,8,8,3,3-8,BOT,Valtteri Bottas,77,#64D064,52.0,421,84.074,84.074,0,0,83.892,0.365,-2.404,1.434,-1.687,23,-2.404,1.434,-1.687,23,-0.97,H,#A5AFB9,44,2.0,0,0,0.321,0,0,0,0,0.0,14
2,2024,2024071,8,8,3,3-8,BOT,Valtteri Bottas,77,#64D064,53.0,422,82.947,82.947,0,0,83.511,1.127,-1.438,0.145,-1.365,23,-1.438,0.145,-1.365,23,-1.293,H,#A5AFB9,45,2.0,0,0,0.321,0,0,0,0,0.0,14
2,2024,2024071,8,8,3,3-8,BOT,Valtteri Bottas,77,#64D064,54.0,423,83.616,82.978,1,0,82.963,0.669,-2.351,-0.468,-2.585,3,-1.714,0.231,-1.599,23,-2.819,H,#A5AFB9,46,2.0,0,0,0.321,0,0,0,0,0.0,14
2,2024,2024071,8,8,3,3-8,BOT,Valtteri Bottas,77,#64D064,55.0,424,83.01,83.01,0,0,82.994,0.606,-1.611,0.316,-1.453,23,-1.611,0.316,-1.453,23,-1.295,H,#A5AFB9,47,2.0,0,0,0.321,0,0,0,0,0.0,14
2,2024,2024071,8,8,3,3-8,BOT,Valtteri Bottas,77,#64D064,56.0,425,82.917,82.917,0,0,82.964,0.093,-1.447,-0.025,-1.460,3,-1.447,-0.025,-1.460,3,-1.472,H,#A5AFB9,48,2.0,0,0,0.321,0,0,0,0,0.0,14
2,2024,2024071,8,8,3,3-8,BOT,Valtteri Bottas,77,#64D064,57.0,426,84.466,82.722,1,0,82.82,1.549,-2.931,0.560,-2.651,23,-1.188,-0.236,-1.306,3,-2.371,H,#A5AFB9,49,2.0,0,0,0.321,0,0,0,0,0.0,14
2,2024,2024071,8,8,3,3-8,BOT,Valtteri Bottas,77,#64D064,58.0,427,82.528,82.528,0,0,82.625,1.938,-0.975,-0.447,-1.198,3,-0.975,-0.447,-1.198,3,-1.422,H,#A5AFB9,50,2.0,0,0,0.321,0,0,0,0,0.0,14
2,2024,2024071,8,8,3,3-8,BOT,Valtteri Bottas,77,#64D064,59.0,428,84.53,83.488,1,0,83.008,2.002,-3.02,0.829,-2.606,23,-1.979,-0.212,-2.085,3,-2.191,H,#A5AFB9,51,2.0,0,0,0.321,0,0,0,0,-1.0,15
2,2024,2024071,8,8,3,3-8,BOT,Valtteri Bottas,77,#64D064,60.0,429,84.449,84.449,0,0,83.969,0.081,-2.833,2.679,-1.494,23,-2.833,2.679,-1.494,23,-0.154,H,#A5AFB9,52,2.0,0,0,0.321,0,0,0,0,-1.0,16
2,2024,2024071,8,8,3,3-8,BOT,Valtteri Bottas,77,#64D064,61.0,430,86.165,85.217,1,0,84.833,1.716,-4.28,4.602,-1.979,23,-3.332,3.654,-1.505,23,0.322,H,#A5AFB9,53,2.0,0,0,0.321,0,0,0,0,-2.0,18
2,2024,2024071,8,8,3,3-8,BOT,Valtteri Bottas,77,#64D064,62.0,431,85.985,85.985,0,0,85.601,0.180,-4.436,4.496,-2.188,23,-4.436,4.496,-2.188,23,0.06,H,#A5AFB9,54,2.0,0,0,0.321,0,0,0,0,0.0,18
2,2024,2024071,8,8,23,23-8,ZHO,Guanyu Zhou,24,#64D064,1.0,370,-,-,0,1,-,-,-,-,-,-,-,-,-,-,,H,#A5AFB9,1,1.0,0,0,0.101,0,0,0,0,,18
2,2024,2024071,8,8,23,23-8,ZHO,Guanyu Zhou,24,#64D064,2.0,371,-,-,0,1,-,-,-,-,-,-,-,-,-,-,,H,#A5AFB9,2,1.0,0,0,0.101,0,0,0,0,0.0,18
2,2024,2024071,8,8,23,23-8,ZHO,Guanyu Zhou,24,#64D064,3.0,372,82.718,82.718,0,0,-,-,-0.801,0.044,-0.823,23,-0.801,0.044,-0.823,23,-0.845,H,#A5AFB9,3,1.0,0,0,0.101,0,0,0,0,0.0,18
2,2024,2024071,8,8,23,23-8,ZHO,Guanyu Zhou,24,#64D064,4.0,373,83.046,82.642,1,0,82.68,0.328,-1.049,-0.260,-0.919,3,-0.645,0.144,-0.717,23,-0.789,H,#A5AFB9,4,1.0,0,0,0.101,0,0,0,0,0.0,18
2,2024,2024071,8,8,23,23-8,ZHO,Guanyu Zhou,24,#64D064,5.0,374,82.565,82.565,0,0,82.603,0.481,-0.566,0.229,-0.680,23,-0.566,0.229,-0.680,23,-0.795,H,#A5AFB9,5,1.0,0,0,0.101,0,0,0,0,0.0,18
2,2024,2024071,8,8,23,23-8,ZHO,Guanyu Zhou,24,#64D064,6.0,375,82.647,82.647,0,0,82.606,0.082,-0.646,-0.232,-0.530,3,-0.646,-0.232,-0.530,3,-0.414,H,#A5AFB9,6,1.0,0,0,0.101,0,0,0,0,0.0,18
2,2024,2024071,8,8,23,23-8,ZHO,Guanyu Zhou,24,#64D064,7.0,376,82.971,82.722,1,0,82.685,0.324,-0.986,-0.403,-0.784,3,-0.738,-0.155,-0.660,3,-0.583,H,#A5AFB9,7,1.0,0,0,0.101,0,0,0,0,0.0,18
2,2024,2024071,8,8,23,23-8,ZHO,Guanyu Zhou,24,#64D064,8.0,377,82.798,82.798,0,0,82.76,0.173,-0.9,-,-,-,-0.900,-,-,-,,H,#A5AFB9,8,1.0,0,0,0.101,0,0,0,0,0.0,16
2,2024,2024071,8,8,23,23-8,ZHO,Guanyu Zhou,24,#64D064,9.0,378,83.153,82.964,1,0,82.881,0.355,-1.174,-,-,-,-0.986,-,-,-,,H,#A5AFB9,9,1.0,0,0,0.101,0,0,0,0,0.0,15
2,2024,2024071,8,8,23,23-8,ZHO,Guanyu Zhou,24,#64D064,10.0,379,83.131,83.131,0,0,83.048,0.022,-1.155,-1.602,-0.354,3,-1.155,-1.602,-0.354,3,0.447,H,#A5AFB9,10,1.0,0,0,0.101,0,0,0,0,0.0,15
2,2024,2024071,8,8,23,23-8,ZHO,Guanyu Zhou,24,#64D064,11.0,380,82.874,82.874,0,0,83.002,0.257,-0.97,-1.419,-0.260,3,-0.970,-1.419,-0.260,3,0.449,H,#A5AFB9,11,1.0,0,0,0.101,0,0,0,0,0.0,15
2,2024,2024071,8,8,23,23-8,ZHO,Guanyu Zhou,24,#64D064,12.0,381,83.192,82.97,1,0,82.922,0.318,-1.156,-1.221,-0.545,3,-0.935,-1.441,-0.214,3,0.065,H,#A5AFB9,12,1.0,0,0,0.101,0,0,0,0,0.0,14
2,2024,2024071,8,8,23,23-8,ZHO,Guanyu Zhou,24,#64D064,13.0,382,83.067,83.067,0,0,83.019,0.125,-1.005,-1.462,-0.274,3,-1.005,-1.462,-0.274,3,0.457,H,#A5AFB9,13,1.0,0,0,0.101,0,0,0,0,0.0,13
2,2024,2024071,8,8,23,23-8,ZHO,Guanyu Zhou,24,#64D064,14.0,383,82.802,82.802,0,0,82.934,0.265,-0.872,-1.070,-0.337,3,-0.872,-1.070,-0.337,3,0.198,H,#A5AFB9,14,1.0,0,0,0.101,0,0,0,0,0.0,12
2,2024,2024071,8,8,23,23-8,ZHO,Guanyu Zhou,24,#64D064,15.0,384,82.832,82.832,0,0,82.817,0.030,-0.826,-0.850,-0.401,3,-0.826,-0.850,-0.401,3,0.024,H,#A5AFB9,15,1.0,0,0,0.101,0,0,0,0,0.0,12
2,2024,2024071,8,8,23,23-8,ZHO,Guanyu Zhou,24,#64D064,16.0,385,82.789,82.789,0,0,82.81,0.043,-0.739,-0.893,-0.292,3,-0.739,-0.893,-0.292,3,0.154,H,#A5AFB9,16,1.0,0,0,0.101,0,0,0,0,0.0,12
2,2024,2024071,8,8,23,23-8,ZHO,Guanyu Zhou,24,#64D064,17.0,386,83.033,83.033,0,0,82.911,0.244,-0.798,-0.565,-0.516,3,-0.798,-0.905,-0.345,3,-0.233,H,#A5AFB9,17,1.0,0,1,0.101,0,0,0,0,0.0,12
2,2024,2024071,8,8,23,23-8,ZHO,Guanyu Zhou,24,#64D064,18.0,387,83.106,83.106,0,0,83.07,0.073,-0.807,-0.746,-0.434,3,-0.807,-0.746,-0.434,3,-0.061,H,#A5AFB9,18,1.0,0,0,0.101,0,0,0,0,0.0,12
2,2024,2024071,8,8,23,23-8,ZHO,Guanyu Zhou,24,#64D064,19.0,388,83.179,83.179,0,0,83.142,0.073,-0.859,-0.896,-0.411,3,-0.859,-0.896,-0.411,3,0.037,H,#A5AFB9,19,1.0,0,0,0.101,0,0,0,0,0.0,12
2,2024,2024071,8,8,23,23-8,ZHO,Guanyu Zhou,24,#64D064,20.0,389,83.207,83.207,0,0,83.193,0.028,-0.874,-0.968,-0.390,3,-0.874,-0.968,-0.390,3,0.094,H,#A5AFB9,20,1.0,0,0,0.101,0,0,0,0,0.0,12
2,2024,2024071,8,8,23,23-8,ZHO,Guanyu Zhou,24,#64D064,21.0,390,83.217,83.217,0,0,83.212,0.010,-0.83,-0.986,-0.337,3,-0.830,-0.986,-0.337,3,0.156,H,#A5AFB9,21,1.0,0,0,0.101,0,0,0,0,0.0,12
2,2024,2024071,8,8,23,23-8,ZHO,Guanyu Zhou,24,#64D064,22.0,391,83.261,83.261,0,0,83.239,0.044,-0.765,-0.825,-0.352,3,-0.765,-0.825,-0.352,3,0.06,H,#A5AFB9,22,1.0,0,0,0.101,0,0,0,0,0.0,12
2,2024,2024071,8,8,23,23-8,ZHO,Guanyu Zhou,24,#64D064,23.0,392,83.02,83.02,0,0,83.14,0.241,-0.606,-0.686,-0.263,3,-0.606,-0.686,-0.263,3,0.08,H,#A5AFB9,23,1.0,0,0,0.101,0,0,0,0,0.0,12
2,2024,2024071,8,8,23,23-8,ZHO,Guanyu Zhou,24,#64D064,24.0,393,83.021,83.021,0,0,83.02,0.001,-0.723,-0.432,-0.507,3,-0.723,-0.432,-0.507,3,-0.291,H,#A5AFB9,24,1.0,0,0,0.101,0,0,0,0,0.0,12
2,2024,2024071,8,8,23,23-8,ZHO,Guanyu Zhou,24,#64D064,25.0,394,83.36,83.031,1,0,83.026,0.339,-1.001,-0.755,-0.623,3,-0.672,-0.426,-0.459,3,-0.246,H,#A5AFB9,25,1.0,0,0,0.101,0,0,0,0,0.0,12
2,2024,2024071,8,8,23,23-8,ZHO,Guanyu Zhou,24,#64D064,26.0,395,83.041,83.041,0,0,83.036,0.319,-0.622,-0.386,-0.429,3,-0.622,-0.386,-0.429,3,-0.236,H,#A5AFB9,26,1.0,0,0,0.101,0,0,0,0,0.0,11
2,2024,2024071,8,8,23,23-8,ZHO,Guanyu Zhou,24,#64D064,27.0,396,82.929,82.929,0,0,82.985,0.112,-0.837,-0.346,-0.664,3,-0.837,-0.346,-0.664,3,-0.491,H,#A5AFB9,27,1.0,0,0,0.101,0,0,0,0,0.0,11
2,2024,2024071,8,8,23,23-8,ZHO,Guanyu Zhou,24,#64D064,28.0,397,82.921,82.921,0,0,82.925,0.008,-0.707,0.048,-0.731,23,-0.707,0.048,-0.731,23,-0.755,H,#A5AFB9,28,1.0,0,0,0.101,0,0,0,0,0.0,11
2,2024,2024071,8,8,23,23-8,ZHO,Guanyu Zhou,24,#64D064,29.0,398,83.118,83.118,0,0,83.02,0.197,-0.945,0.021,-0.956,23,-0.945,0.021,-0.956,23,-0.966,H,#A5AFB9,29,1.0,0,0,0.101,0,0,0,0,0.0,11
2,2024,2024071,8,8,23,23-8,ZHO,Guanyu Zhou,24,#64D064,30.0,399,83.117,83.117,0,0,83.118,0.001,-0.994,0.159,-1.073,23,-0.994,0.159,-1.073,23,-1.153,H,#A5AFB9,30,1.0,0,0,0.101,0,0,0,0,0.0,11
2,2024,2024071,8,8,23,23-8,ZHO,Guanyu Zhou,24,#64D064,31.0,400,83.326,83.326,0,0,83.221,0.209,-1.266,-0.464,-1.034,3,-1.266,-0.464,-1.034,3,-0.802,H,#A5AFB9,31,1.0,0,0,0.101,0,0,0,0,0.0,11
2,2024,2024071,8,8,23,23-8,ZHO,Guanyu Zhou,24,#64D064,32.0,401,83.806,83.806,0,0,83.566,0.480,-1.819,-1.133,-1.252,3,-1.819,-1.133,-1.252,3,-0.686,H,#A5AFB9,32,1.0,0,0,0.101,0,0,0,0,0.0,11
2,2024,2024071,8,8,23,23-8,ZHO,Guanyu Zhou,24,#64D064,33.0,402,-,-,0,1,-,-,-,-,-,-,-,-,-,-,-1.227,H,#A5AFB9,33,1.0,1,0,0.101,0,0,0,0,0.0,14
2,2024,2024071,8,8,23,23-8,ZHO,Guanyu Zhou,24,#64D064,34.0,403,-,-,0,1,-,-,-,-,-,-,-,-,-,-,-0.928,M,#F0E628,1,2.0,0,0,0.518,0,0,0,0,0.0,17
2,2024,2024071,8,8,23,23-8,ZHO,Guanyu Zhou,24,#64D064,35.0,404,81.317,81.317,0,0,-,-,0.499,1.366,-0.184,23,0.499,1.366,-0.184,23,-0.867,M,#F0E628,2,2.0,0,0,0.518,0,0,0,0,0.0,17
2,2024,2024071,8,8,23,23-8,ZHO,Guanyu Zhou,24,#64D064,36.0,405,83.077,81.166,1,0,81.242,1.760,-1.283,-0.321,-1.123,3,0.628,1.590,-0.167,23,-0.962,M,#F0E628,3,2.0,0,0,0.518,0,0,0,0,0.0,17
2,2024,2024071,8,8,23,23-8,ZHO,Guanyu Zhou,24,#64D064,37.0,406,81.016,81.016,0,0,81.091,2.061,0.498,1.702,-0.353,23,0.498,1.702,-0.353,23,-1.204,M,#F0E628,4,2.0,0,0,0.518,0,0,0,0,0.0,17
2,2024,2024071,8,8,23,23-8,ZHO,Guanyu Zhou,24,#64D064,38.0,407,81.549,81.549,0,0,81.282,0.533,-0.042,1.071,-0.578,23,-0.042,1.071,-0.578,23,-1.113,M,#F0E628,5,2.0,0,0,0.518,0,0,0,0,0.0,16
2,2024,2024071,8,8,23,23-8,ZHO,Guanyu Zhou,24,#64D064,39.0,408,81.58,81.58,0,0,81.565,0.031,0.016,1.243,-0.606,23,0.016,1.243,-0.606,23,-1.227,M,#F0E628,6,2.0,0,0,0.518,0,0,0,0,0.0,16
2,2024,2024071,8,8,23,23-8,ZHO,Guanyu Zhou,24,#64D064,40.0,409,81.914,81.914,0,0,81.747,0.334,-0.477,1.891,-1.423,23,-0.477,0.896,-0.925,23,-2.368,M,#F0E628,7,2.0,0,0,0.518,0,0,0,0,0.0,16
2,2024,2024071,8,8,23,23-8,ZHO,Guanyu Zhou,24,#64D064,41.0,410,81.383,81.383,0,0,81.648,0.531,0.051,1.415,-0.657,23,0.051,1.415,-0.657,23,-1.364,M,#F0E628,8,2.0,0,0,0.518,0,0,0,0,0.0,15
2,2024,2024071,8,8,23,23-8,ZHO,Guanyu Zhou,24,#64D064,42.0,411,82.007,82.007,0,0,81.695,0.624,-0.695,0.702,-1.046,23,-0.695,0.702,-1.046,23,-1.397,M,#F0E628,9,2.0,0,0,0.518,0,0,0,0,0.0,15
2,2024,2024071,8,8,23,23-8,ZHO,Guanyu Zhou,24,#64D064,43.0,412,83.86,81.619,1,0,81.813,1.853,-2.548,-1.174,-1.961,3,-0.306,1.068,-0.840,23,-1.374,M,#F0E628,10,2.0,0,0,0.518,0,0,0,0,0.0,15
2,2024,2024071,8,8,23,23-8,ZHO,Guanyu Zhou,24,#64D064,44.0,413,81.23,81.23,0,0,81.424,2.630,0.216,1.451,-0.510,23,0.216,1.451,-0.510,23,-1.235,M,#F0E628,11,2.0,0,0,0.518,0,0,0,0,0.0,15
2,2024,2024071,8,8,23,23-8,ZHO,Guanyu Zhou,24,#64D064,45.0,414,81.651,81.651,0,0,81.44,0.421,-0.117,2.768,-1.501,23,-0.117,1.618,-0.926,23,-2.885,M,#F0E628,12,2.0,0,0,0.518,0,0,0,0,0.0,15
2,2024,2024071,8,8,23,23-8,ZHO,Guanyu Zhou,24,#64D064,46.0,415,81.675,81.675,0,0,81.663,0.024,-0.004,2.182,-1.095,23,-0.004,2.182,-1.095,23,-2.186,M,#F0E628,13,2.0,0,0,0.518,0,0,0,0,0.0,15
2,2024,2024071,8,8,23,23-8,ZHO,Guanyu Zhou,24,#64D064,47.0,416,81.817,81.817,0,0,81.746,0.142,-0.165,3.922,-2.126,23,-0.165,1.310,-0.820,23,-4.087,M,#F0E628,14,2.0,0,0,0.518,0,0,0,0,0.0,15
2,2024,2024071,8,8,23,23-8,ZHO,Guanyu Zhou,24,#64D064,48.0,417,84.342,81.875,1,0,81.846,2.525,-2.861,-1.946,-1.888,3,-0.394,0.521,-0.655,23,-0.915,M,#F0E628,15,2.0,0,1,0.518,0,0,0,0,-1.0,16
2,2024,2024071,8,8,23,23-8,ZHO,Guanyu Zhou,24,#64D064,49.0,418,81.934,81.934,0,0,81.905,2.408,-0.481,0.702,-0.832,23,-0.481,0.702,-0.832,23,-1.183,M,#F0E628,16,2.0,0,0,0.518,0,0,0,0,0.0,16
2,2024,2024071,8,8,23,23-8,ZHO,Guanyu Zhou,24,#64D064,50.0,419,82.488,82.488,0,0,82.211,0.554,-0.982,1.401,-1.683,23,-0.982,0.685,-1.325,23,-2.383,M,#F0E628,17,2.0,0,0,0.518,0,0,0,0,0.0,16
2,2024,2024071,8,8,23,23-8,ZHO,Guanyu Zhou,24,#64D064,51.0,420,84.214,82.564,1,0,82.526,1.726,-2.58,-0.505,-2.328,3,-0.930,1.145,-1.503,23,-2.075,M,#F0E628,18,2.0,0,0,0.518,0,0,0,0,0.0,16
2,2024,2024071,8,8,23,23-8,ZHO,Guanyu Zhou,24,#64D064,52.0,421,82.64,82.64,0,0,82.602,1.574,-0.97,1.434,-1.687,23,-0.970,1.434,-1.687,23,-2.404,M,#F0E628,19,2.0,0,0,0.518,0,0,0,0,0.0,16
2,2024,2024071,8,8,23,23-8,ZHO,Guanyu Zhou,24,#64D064,53.0,422,82.802,82.802,0,0,82.721,0.162,-1.293,0.145,-1.365,23,-1.293,0.145,-1.365,23,-1.438,M,#F0E628,20,2.0,0,0,0.518,0,0,0,0,0.0,16
2,2024,2024071,8,8,23,23-8,ZHO,Guanyu Zhou,24,#64D064,54.0,423,84.084,82.748,1,0,82.775,1.282,-2.819,-0.468,-2.585,3,-1.483,0.231,-1.599,23,-2.351,M,#F0E628,21,2.0,0,0,0.518,0,0,0,0,0.0,16
2,2024,2024071,8,8,23,23-8,ZHO,Guanyu Zhou,24,#64D064,55.0,424,82.694,82.694,0,0,82.721,1.390,-1.295,0.316,-1.453,23,-1.295,0.316,-1.453,23,-1.611,M,#F0E628,22,2.0,0,0,0.518,0,0,0,0,0.0,16
2,2024,2024071,8,8,23,23-8,ZHO,Guanyu Zhou,24,#64D064,56.0,425,82.942,82.942,0,0,82.818,0.248,-1.472,-0.025,-1.460,3,-1.472,-0.025,-1.460,3,-1.447,M,#F0E628,23,2.0,0,0,0.518,0,0,0,0,0.0,16
2,2024,2024071,8,8,23,23-8,ZHO,Guanyu Zhou,24,#64D064,57.0,426,83.906,82.958,1,0,82.95,0.964,-2.371,0.560,-2.651,23,-1.424,-0.236,-1.306,3,-2.931,M,#F0E628,24,2.0,0,0,0.518,0,0,0,0,0.0,16
2,2024,2024071,8,8,23,23-8,ZHO,Guanyu Zhou,24,#64D064,58.0,427,82.975,82.975,0,0,82.967,0.931,-1.422,-0.447,-1.198,3,-1.422,-0.447,-1.198,3,-0.975,M,#F0E628,25,2.0,0,0,0.518,0,0,0,0,0.0,16
2,2024,2024071,8,8,23,23-8,ZHO,Guanyu Zhou,24,#64D064,59.0,428,83.701,83.701,0,0,83.338,0.726,-2.191,0.829,-2.606,23,-2.191,-0.212,-2.085,3,-3.02,M,#F0E628,26,2.0,0,0,0.518,0,0,0,0,0.0,16
2,2024,2024071,8,8,23,23-8,ZHO,Guanyu Zhou,24,#64D064,60.0,429,81.77,81.77,0,0,82.736,1.931,-0.154,2.679,-1.494,23,-0.154,2.679,-1.494,23,-2.833,M,#F0E628,27,2.0,0,0,0.518,0,0,0,0,1.0,15
2,2024,2024071,8,8,23,23-8,ZHO,Guanyu Zhou,24,#64D064,61.0,430,81.563,81.563,0,0,81.666,0.207,0.322,4.602,-1.979,23,0.322,3.654,-1.505,23,-4.28,M,#F0E628,28,2.0,0,0,0.518,0,0,0,0,0.0,15
2,2024,2024071,8,8,23,23-8,ZHO,Guanyu Zhou,24,#64D064,62.0,431,81.489,81.489,0,0,81.526,0.074,0.06,4.496,-2.188,23,0.060,4.496,-2.188,23,-4.436,M,#F0E628,29,2.0,0,0,0.518,0,0,0,0,0.0,15
2,2024,2024081,9,8,3,3-8,BOT,Valtteri Bottas,77,#64D064,1.0,433,-,-,0,1,-,-,-,-,-,-,-,-,-,-,,H,#A5AFB9,1,1.0,1,0,-,0,1,0,0,,19
2,2024,2024081,9,8,3,3-8,BOT,Valtteri Bottas,77,#64D064,2.0,434,-,-,0,1,-,-,-,-,-,-,-,-,-,-,,M,#F0E628,1,2.0,0,0,0.178,1,0,0,0,,15
2,2024,2024081,9,8,3,3-8,BOT,Valtteri Bottas,77,#64D064,3.0,435,-,-,0,1,-,-,-,-,-,-,-,-,-,-,,M,#F0E628,2,2.0,0,0,0.178,0,0,0,0,0.0,14
2,2024,2024081,9,8,3,3-8,BOT,Valtteri Bottas,77,#64D064,4.0,436,83.386,83.386,0,0,-,-,-0.207,0.312,-0.363,3,-0.207,0.312,-0.363,3,-0.519,M,#F0E628,3,2.0,0,0,0.178,0,0,0,0,0.0,14
2,2024,2024081,9,8,3,3-8,BOT,Valtteri Bottas,77,#64D064,5.0,437,83.636,83.636,0,0,83.511,0.250,-0.5,-0.142,-0.429,23,-0.500,-0.142,-0.429,23,-0.358,M,#F0E628,4,2.0,0,0,0.178,0,0,0,0,0.0,14
2,2024,2024081,9,8,3,3-8,BOT,Valtteri Bottas,77,#64D064,6.0,438,82.868,82.868,0,0,83.252,0.768,-0.329,-0.219,-0.220,23,-0.329,-0.219,-0.220,23,-0.11,M,#F0E628,5,2.0,0,0,0.178,0,0,0,0,0.0,14
2,2024,2024081,9,8,3,3-8,BOT,Valtteri Bottas,77,#64D064,7.0,439,82.832,82.832,0,0,82.85,0.036,-0.887,0.102,-0.938,3,-0.887,0.102,-0.938,3,-0.989,M,#F0E628,6,2.0,0,0,0.178,0,0,0,0,0.0,14
2,2024,2024081,9,8,3,3-8,BOT,Valtteri Bottas,77,#64D064,8.0,440,82.249,82.249,0,0,82.54,0.583,-0.632,-0.067,-0.599,23,-0.632,-0.067,-0.599,23,-0.565,M,#F0E628,7,2.0,0,0,0.178,0,0,0,0,0.0,14
2,2024,2024081,9,8,3,3-8,BOT,Valtteri Bottas,77,#64D064,9.0,441,81.715,81.715,0,0,81.982,0.534,-0.314,0.095,-0.361,3,-0.314,0.095,-0.361,3,-0.409,M,#F0E628,8,2.0,0,1,0.178,0,0,0,0,0.0,14
2,2024,2024081,9,8,3,3-8,BOT,Valtteri Bottas,77,#64D064,10.0,442,81.947,81.947,0,0,81.831,0.232,-0.519,-0.003,-0.518,23,-0.519,-0.003,-0.518,23,-0.516,M,#F0E628,9,2.0,0,0,0.178,0,0,0,0,0.0,14
2,2024,2024081,9,8,3,3-8,BOT,Valtteri Bottas,77,#64D064,11.0,443,81.547,81.547,0,0,81.747,0.400,-0.266,0.016,-0.274,3,-0.266,0.016,-0.274,3,-0.282,M,#F0E628,10,2.0,0,0,0.178,0,0,0,0,0.0,14
2,2024,2024081,9,8,3,3-8,BOT,Valtteri Bottas,77,#64D064,12.0,444,81.328,81.328,0,0,81.438,0.219,-0.474,-0.135,-0.406,23,-0.474,-0.135,-0.406,23,-0.339,M,#F0E628,11,2.0,0,0,0.178,0,0,0,0,0.0,14
2,2024,2024081,9,8,3,3-8,BOT,Valtteri Bottas,77,#64D064,13.0,445,81.54,81.54,0,0,81.434,0.212,-0.88,-0.011,-0.875,23,-0.880,-0.011,-0.875,23,-0.869,M,#F0E628,12,2.0,0,0,0.178,0,0,0,0,0.0,14
2,2024,2024081,9,8,3,3-8,BOT,Valtteri Bottas,77,#64D064,14.0,446,81.221,81.221,0,0,81.381,0.319,-0.777,0.043,-0.798,3,-0.777,0.043,-0.798,3,-0.82,M,#F0E628,13,2.0,0,0,0.178,0,0,0,0,0.0,14
2,2024,2024081,9,8,3,3-8,BOT,Valtteri Bottas,77,#64D064,15.0,447,-,-,0,1,-,-,-,-,-,-,-,-,-,-,-1.008,M,#F0E628,14,2.0,1,0,0.178,0,0,0,0,0.0,16
2,2024,2024081,9,8,3,3-8,BOT,Valtteri Bottas,77,#64D064,16.0,448,-,-,0,1,-,-,-,-,-,-,-,-,-,-,-0.025,H,#A5AFB9,2,3.0,0,0,0.401,0,0,0,0,0.0,16
2,2024,2024081,9,8,3,3-8,BOT,Valtteri Bottas,77,#64D064,17.0,449,76.561,76.561,0,0,-,-,3.706,4.418,1.497,3,3.706,4.418,1.497,3,-0.712,H,#A5AFB9,3,3.0,0,0,0.401,0,0,0,0,0.0,16
2,2024,2024081,9,8,3,3-8,BOT,Valtteri Bottas,77,#64D064,18.0,450,76.567,76.567,0,0,76.564,0.006,3.426,4.344,1.254,3,3.426,4.344,1.254,3,-0.918,H,#A5AFB9,4,3.0,0,0,0.401,0,0,0,0,0.0,16
2,2024,2024081,9,8,3,3-8,BOT,Valtteri Bottas,77,#64D064,19.0,451,77.829,77.829,0,0,77.198,1.262,2.156,3.591,0.360,3,2.156,3.591,0.360,3,-1.435,H,#A5AFB9,5,3.0,0,0,0.401,0,0,0,0,0.0,16
2,2024,2024081,9,8,3,3-8,BOT,Valtteri Bottas,77,#64D064,20.0,452,79.124,79.124,0,0,78.476,1.295,0.808,1.780,-0.082,3,0.808,1.780,-0.082,3,-0.972,H,#A5AFB9,6,3.0,0,0,0.401,0,0,0,0,0.0,16
2,2024,2024081,9,8,3,3-8,BOT,Valtteri Bottas,77,#64D064,21.0,453,80.462,80.462,0,0,79.793,1.338,-0.57,0.207,-0.673,3,-0.570,0.207,-0.673,3,-0.777,H,#A5AFB9,7,3.0,0,0,0.401,0,0,0,0,0.0,16
2,2024,2024081,9,8,3,3-8,BOT,Valtteri Bottas,77,#64D064,22.0,454,81.022,81.022,0,0,80.742,0.560,-1.009,0.061,-1.040,3,-1.009,0.061,-1.040,3,-1.07,H,#A5AFB9,8,3.0,0,0,0.401,0,0,0,0,0.0,16
2,2024,2024081,9,8,3,3-8,BOT,Valtteri Bottas,77,#64D064,23.0,455,80.75,80.75,0,0,80.886,0.272,-0.854,0.042,-0.875,3,-0.854,0.042,-0.875,3,-0.896,H,#A5AFB9,9,3.0,0,0,0.401,0,0,0,0,0.0,16
2,2024,2024081,9,8,3,3-8,BOT,Valtteri Bottas,77,#64D064,24.0,456,80.564,80.564,0,0,80.657,0.186,-0.685,-0.217,-0.577,23,-0.685,-0.217,-0.577,23,-0.468,H,#A5AFB9,10,3.0,0,0,0.401,0,0,0,0,0.0,16
2,2024,2024081,9,8,3,3-8,BOT,Valtteri Bottas,77,#64D064,25.0,457,80.783,80.783,0,0,80.673,0.219,-0.914,-0.020,-0.904,23,-0.914,-0.020,-0.904,23,-0.894,H,#A5AFB9,11,3.0,0,0,0.401,0,0,0,0,0.0,16
2,2024,2024081,9,8,3,3-8,BOT,Valtteri Bottas,77,#64D064,26.0,458,80.851,80.851,0,0,80.817,0.068,-1.017,0.018,-1.026,3,-1.017,0.018,-1.026,3,-1.035,H,#A5AFB9,12,3.0,0,0,0.401,0,0,0,0,0.0,16
2,2024,2024081,9,8,3,3-8,BOT,Valtteri Bottas,77,#64D064,27.0,459,81.37,81.37,0,0,81.11,0.519,-1.449,-0.077,-1.411,23,-1.449,-0.077,-1.411,23,-1.372,H,#A5AFB9,13,3.0,0,0,0.401,0,0,0,0,0.0,16
2,2024,2024081,9,8,3,3-8,BOT,Valtteri Bottas,77,#64D064,28.0,460,81.765,81.765,0,0,81.568,0.395,-1.764,-0.249,-1.639,23,-1.764,-0.249,-1.639,23,-1.515,H,#A5AFB9,14,3.0,0,0,0.401,0,0,0,0,0.0,16
2,2024,2024081,9,8,3,3-8,BOT,Valtteri Bottas,77,#64D064,29.0,461,80.857,80.857,0,0,81.311,0.908,-1.055,0.481,-1.296,3,-1.055,0.481,-1.296,3,-1.536,H,#A5AFB9,15,3.0,0,0,0.401,0,0,0,0,0.0,16
2,2024,2024081,9,8,3,3-8,BOT,Valtteri Bottas,77,#64D064,30.0,462,81.47,81.47,0,0,81.164,0.613,-1.678,-0.426,-1.465,23,-1.678,-0.426,-1.465,23,-1.252,H,#A5AFB9,16,3.0,0,0,0.401,0,0,0,0,0.0,16
2,2024,2024081,9,8,3,3-8,BOT,Valtteri Bottas,77,#64D064,31.0,463,80.752,80.752,0,0,81.111,0.718,-0.807,0.054,-0.834,3,-0.807,0.054,-0.834,3,-0.861,H,#A5AFB9,17,3.0,0,0,0.401,0,0,0,0,0.0,16
2,2024,2024081,9,8,3,3-8,BOT,Valtteri Bottas,77,#64D064,32.0,464,80.658,80.658,0,0,80.705,0.094,-0.63,0.124,-0.692,3,-0.630,0.124,-0.692,3,-0.754,H,#A5AFB9,18,3.0,0,0,0.401,0,0,0,0,0.0,16
2,2024,2024081,9,8,3,3-8,BOT,Valtteri Bottas,77,#64D064,33.0,465,80.525,80.525,0,0,80.592,0.133,-0.747,0.152,-0.823,3,-0.747,0.152,-0.823,3,-0.899,H,#A5AFB9,19,3.0,0,0,0.401,0,0,0,0,0.0,16
2,2024,2024081,9,8,3,3-8,BOT,Valtteri Bottas,77,#64D064,34.0,466,80.903,80.903,0,0,80.714,0.378,-1.122,-0.167,-1.038,23,-1.122,-0.167,-1.038,23,-0.955,H,#A5AFB9,20,3.0,0,0,0.401,0,0,0,0,0.0,16
2,2024,2024081,9,8,3,3-8,BOT,Valtteri Bottas,77,#64D064,35.0,467,80.254,80.254,0,0,80.578,0.649,-0.765,0.118,-0.824,3,-0.765,0.118,-0.824,3,-0.883,H,#A5AFB9,21,3.0,0,0,0.401,0,0,0,0,0.0,16
2,2024,2024081,9,8,3,3-8,BOT,Valtteri Bottas,77,#64D064,36.0,468,81.196,81.196,0,0,80.725,0.942,-1.427,-0.210,-1.322,23,-1.427,-0.210,-1.322,23,-1.217,H,#A5AFB9,22,3.0,0,0,0.401,0,0,0,0,0.0,16
2,2024,2024081,9,8,3,3-8,BOT,Valtteri Bottas,77,#64D064,37.0,469,81.386,81.386,0,0,81.291,0.190,-1.547,0.063,-1.579,3,-1.547,0.063,-1.579,3,-1.61,H,#A5AFB9,23,3.0,0,0,0.401,0,0,0,0,0.0,16
2,2024,2024081,9,8,3,3-8,BOT,Valtteri Bottas,77,#64D064,38.0,470,80.948,80.948,0,0,81.167,0.438,-1.312,0.142,-1.383,3,-1.312,0.142,-1.383,3,-1.454,H,#A5AFB9,24,3.0,0,0,0.401,0,0,0,0,0.0,16
2,2024,2024081,9,8,3,3-8,BOT,Valtteri Bottas,77,#64D064,39.0,471,83.172,83.172,0,0,82.06,2.224,-3.328,-1.939,-2.358,23,-3.328,-1.939,-2.358,23,-1.389,H,#A5AFB9,25,3.0,0,0,0.401,0,0,0,0,0.0,16
2,2024,2024081,9,8,3,3-8,BOT,Valtteri Bottas,77,#64D064,40.0,472,83.591,83.591,0,0,83.381,0.419,-3.723,1.378,-4.412,3,-3.723,-2.411,-2.518,23,-5.101,H,#A5AFB9,26,3.0,0,0,0.401,0,0,0,0,0.0,16
2,2024,2024081,9,8,3,3-8,BOT,Valtteri Bottas,77,#64D064,41.0,473,80.23,80.23,0,0,81.91,3.361,-0.462,0.897,-0.910,3,-0.462,0.897,-0.910,3,-1.359,H,#A5AFB9,27,3.0,0,0,0.401,0,0,0,0,0.0,16
2,2024,2024081,9,8,3,3-8,BOT,Valtteri Bottas,77,#64D064,42.0,474,82.109,80.571,1,0,80.4,1.879,-2.303,-0.152,-2.227,23,-0.765,0.281,-0.905,3,-2.151,H,#A5AFB9,28,3.0,0,0,0.401,0,0,0,0,0.0,16
2,2024,2024081,9,8,3,3-8,BOT,Valtteri Bottas,77,#64D064,43.0,475,80.912,80.912,0,0,80.742,1.197,-1.367,-0.334,-1.200,23,-1.367,-0.334,-1.200,23,-1.033,H,#A5AFB9,29,3.0,0,0,0.401,0,0,0,0,0.0,16
2,2024,2024081,9,8,3,3-8,BOT,Valtteri Bottas,77,#64D064,44.0,476,79.772,79.772,0,0,80.342,1.140,-0.77,-0.162,-0.689,23,-0.770,-0.162,-0.689,23,-0.608,H,#A5AFB9,30,3.0,0,0,0.401,0,0,0,0,0.0,16
2,2024,2024081,9,8,3,3-8,BOT,Valtteri Bottas,77,#64D064,45.0,477,80.043,80.043,0,0,79.908,0.271,-1.167,0.643,-1.489,3,-1.167,-0.165,-1.085,23,-1.81,H,#A5AFB9,31,3.0,0,0,0.401,0,0,0,0,0.0,16
2,2024,2024081,9,8,3,3-8,BOT,Valtteri Bottas,77,#64D064,46.0,478,80.417,80.417,0,0,80.23,0.374,-1.473,-0.271,-1.337,23,-1.473,-0.271,-1.337,23,-1.202,H,#A5AFB9,32,3.0,0,1,0.401,0,0,0,0,0.0,16
2,2024,2024081,9,8,3,3-8,BOT,Valtteri Bottas,77,#64D064,47.0,479,82.969,80.489,1,0,80.453,2.552,-3.982,-2.894,-2.535,23,-1.503,-0.415,-1.296,23,-1.088,H,#A5AFB9,33,3.0,0,0,0.401,0,0,0,0,0.0,16
2,2024,2024081,9,8,3,3-8,BOT,Valtteri Bottas,77,#64D064,48.0,480,80.562,80.562,0,0,80.526,2.407,-1.416,1.919,-2.376,3,-1.416,0.542,-1.687,3,-3.335,H,#A5AFB9,34,3.0,0,0,0.401,0,0,0,0,0.0,15
2,2024,2024081,9,8,3,3-8,BOT,Valtteri Bottas,77,#64D064,49.0,481,80.818,80.818,0,0,80.69,0.256,-1.486,1.316,-2.144,3,-1.486,1.316,-2.144,3,-2.802,H,#A5AFB9,35,3.0,0,0,0.401,0,0,0,0,0.0,15
2,2024,2024081,9,8,3,3-8,BOT,Valtteri Bottas,77,#64D064,50.0,482,80.239,80.239,0,0,80.529,0.579,-1.067,0.707,-1.421,3,-1.067,0.707,-1.421,3,-1.774,H,#A5AFB9,36,3.0,0,0,0.401,0,0,0,0,1.0,14
2,2024,2024081,9,8,3,3-8,BOT,Valtteri Bottas,77,#64D064,51.0,483,77.205,77.205,0,0,78.722,3.034,1.571,3.757,-0.307,3,1.571,3.757,-0.307,3,-2.186,H,#A5AFB9,37,3.0,0,0,0.401,0,0,0,0,1.0,13
2,2024,2024081,9,8,3,3-8,BOT,Valtteri Bottas,77,#64D064,52.0,484,77.202,77.202,0,0,77.203,0.003,1.868,3.768,-0.016,3,1.868,3.768,-0.016,3,-1.9,H,#A5AFB9,38,3.0,0,0,0.401,0,0,0,0,0.0,13
2,2024,2024081,9,8,3,3-8,BOT,Valtteri Bottas,77,#64D064,53.0,485,78.456,78.456,0,0,77.829,1.254,0.624,2.919,-0.835,3,0.624,2.919,-0.835,3,-2.295,H,#A5AFB9,39,3.0,0,0,0.401,0,0,0,0,0.0,13
2,2024,2024081,9,8,3,3-8,BOT,Valtteri Bottas,77,#64D064,54.0,486,79.403,79.403,0,0,78.93,0.947,-0.649,2.750,-2.024,3,-0.649,1.984,-1.641,3,-3.399,H,#A5AFB9,40,3.0,0,0,0.401,0,0,0,0,0.0,13
2,2024,2024081,9,8,3,3-8,BOT,Valtteri Bottas,77,#64D064,55.0,487,80.375,80.375,0,0,79.889,0.972,-1.673,1.024,-2.185,3,-1.673,1.024,-2.185,3,-2.697,H,#A5AFB9,41,3.0,0,0,0.401,0,0,0,0,0.0,13
2,2024,2024081,9,8,3,3-8,BOT,Valtteri Bottas,77,#64D064,56.0,488,81.657,79.684,1,0,80.03,1.282,-3.327,-1.342,-2.656,23,-1.354,0.631,-1.670,3,-1.985,H,#A5AFB9,42,3.0,0,0,0.401,0,0,0,0,0.0,13
2,2024,2024081,9,8,3,3-8,BOT,Valtteri Bottas,77,#64D064,57.0,489,78.994,78.994,0,0,79.339,2.663,-1.002,2.125,-2.064,3,-1.002,0.561,-1.282,3,-3.127,H,#A5AFB9,43,3.0,0,0,0.401,0,0,0,0,0.0,13
2,2024,2024081,9,8,3,3-8,BOT,Valtteri Bottas,77,#64D064,58.0,490,79.28,79.28,0,0,79.137,0.286,-1.418,-0.485,-1.175,23,-1.418,-0.485,-1.175,23,-0.933,H,#A5AFB9,44,3.0,0,0,0.401,0,0,0,0,0.0,13
2,2024,2024081,9,8,3,3-8,BOT,Valtteri Bottas,77,#64D064,59.0,491,78.999,78.999,0,0,79.14,0.281,-1.66,-1.063,-1.128,23,-1.660,-1.063,-1.128,23,-0.597,H,#A5AFB9,45,3.0,0,0,0.401,0,0,0,0,0.0,13
2,2024,2024081,9,8,3,3-8,BOT,Valtteri Bottas,77,#64D064,60.0,492,79.069,79.069,0,0,79.034,0.070,-1.6,-0.524,-1.338,23,-1.600,-0.524,-1.338,23,-1.076,H,#A5AFB9,46,3.0,0,0,0.401,0,0,0,0,0.0,13
2,2024,2024081,9,8,3,3-8,BOT,Valtteri Bottas,77,#64D064,61.0,493,78.623,78.623,0,0,78.846,0.446,-1.112,0.084,-1.154,3,-1.112,0.084,-1.154,3,-1.196,H,#A5AFB9,47,3.0,0,0,0.401,0,0,0,0,0.0,13
2,2024,2024081,9,8,3,3-8,BOT,Valtteri Bottas,77,#64D064,62.0,494,78.964,78.964,0,0,78.794,0.341,-1.444,-0.147,-1.370,23,-1.444,-0.147,-1.370,23,-1.297,H,#A5AFB9,48,3.0,0,0,0.401,0,0,0,0,0.0,13
2,2024,2024081,9,8,3,3-8,BOT,Valtteri Bottas,77,#64D064,63.0,495,79.024,79.024,0,0,78.994,0.060,-1.669,-0.235,-1.552,23,-1.669,-0.235,-1.552,23,-1.434,H,#A5AFB9,49,3.0,0,0,0.401,0,0,0,0,0.0,13
2,2024,2024081,9,8,3,3-8,BOT,Valtteri Bottas,77,#64D064,64.0,496,78.531,78.531,0,0,78.778,0.493,-1.257,0.764,-1.639,3,-1.257,0.764,-1.639,3,-2.021,H,#A5AFB9,50,3.0,0,0,0.401,0,0,0,0,0.0,13
2,2024,2024081,9,8,3,3-8,BOT,Valtteri Bottas,77,#64D064,65.0,497,78.642,78.642,0,0,78.586,0.111,-1.253,1.077,-1.792,3,-1.253,1.077,-1.792,3,-2.33,H,#A5AFB9,51,3.0,0,0,0.401,0,0,0,0,0.0,13
2,2024,2024081,9,8,3,3-8,BOT,Valtteri Bottas,77,#64D064,66.0,498,78.383,78.383,0,0,78.512,0.259,-0.895,1.366,-1.578,3,-0.895,1.366,-1.578,3,-2.261,H,#A5AFB9,52,3.0,0,0,0.401,0,0,0,0,0.0,13
2,2024,2024081,9,8,3,3-8,BOT,Valtteri Bottas,77,#64D064,67.0,499,78.467,78.467,0,0,78.425,0.084,-0.906,1.890,-1.851,3,-0.906,1.890,-1.851,3,-2.796,H,#A5AFB9,53,3.0,0,0,0.401,0,0,0,0,0.0,13
2,2024,2024081,9,8,3,3-8,BOT,Valtteri Bottas,77,#64D064,68.0,500,78.052,78.052,0,0,78.26,0.415,-0.558,7.165,-4.141,3,-0.558,2.369,-1.743,3,-7.723,H,#A5AFB9,54,3.0,0,0,0.401,0,0,0,0,0.0,13
2,2024,2024081,9,8,3,3-8,BOT,Valtteri Bottas,77,#64D064,69.0,501,78.088,78.088,0,0,78.07,0.036,-0.691,2.396,-1.889,3,-0.691,2.396,-1.889,3,-3.087,H,#A5AFB9,55,3.0,0,0,0.401,0,0,0,0,0.0,13
2,2024,2024081,9,8,3,3-8,BOT,Valtteri Bottas,77,#64D064,70.0,502,78.778,78.096,1,0,78.092,0.690,-1.478,-,-,-,-0.796,-,-,-,,H,#A5AFB9,56,3.0,0,0,0.401,0,0,0,0,0.0,13
2,2024,2024081,9,8,3,3-8,BOT,Valtteri Bottas,77,#64D064,71.0,503,78.104,78.104,0,0,78.1,0.674,-0.918,-,-,-,-0.918,-,-,-,,H,#A5AFB9,57,3.0,0,0,0.401,0,0,0,0,0.0,13
2,2024,2024081,9,8,3,3-8,BOT,Valtteri Bottas,77,#64D064,72.0,504,78.347,78.347,0,0,78.226,0.243,-1.08,2.238,-2.199,3,-1.080,2.238,-2.199,3,-3.318,H,#A5AFB9,58,3.0,0,0,0.401,0,0,0,0,0.0,13
2,2024,2024081,9,8,3,3-8,BOT,Valtteri Bottas,77,#64D064,73.0,505,80.068,78.332,1,0,78.34,1.721,-3.304,-4.835,-0.886,23,-1.569,-3.100,-0.019,23,1.531,H,#A5AFB9,59,3.0,0,0,0.401,0,0,0,0,0.0,13
2,2024,2024081,9,8,3,3-8,BOT,Valtteri Bottas,77,#64D064,74.0,506,78.318,78.318,0,0,78.325,1.750,-1.646,2.155,-2.724,3,-1.646,-3.342,0.025,23,-3.801,H,#A5AFB9,60,3.0,0,0,0.401,0,0,0,0,0.0,13
2,2024,2024081,9,8,3,3-8,BOT,Valtteri Bottas,77,#64D064,75.0,507,78.779,78.779,0,0,78.548,0.461,-2.056,-4.061,-0.025,23,-2.056,-4.061,-0.025,23,2.005,H,#A5AFB9,61,3.0,0,0,0.401,0,0,0,0,0.0,13
2,2024,2024081,9,8,3,3-8,BOT,Valtteri Bottas,77,#64D064,76.0,508,78.774,78.774,0,0,78.776,0.005,-1.725,-1.601,-0.924,23,-1.725,-1.601,-0.924,23,-0.124,H,#A5AFB9,62,3.0,0,0,0.401,0,0,0,0,0.0,13
2,2024,2024081,9,8,23,23-8,ZHO,Guanyu Zhou,24,#64D064,1.0,433,-,-,0,1,-,-,-,-,-,-,-,-,-,-,,M,#F0E628,1,1.0,1,0,-,0,1,0,0,,20
2,2024,2024081,9,8,23,23-8,ZHO,Guanyu Zhou,24,#64D064,2.0,434,-,-,0,1,-,-,-,-,-,-,-,-,-,-,,H,#A5AFB9,1,2.0,0,0,0.387,1,0,0,0,,16
2,2024,2024081,9,8,23,23-8,ZHO,Guanyu Zhou,24,#64D064,3.0,435,-,-,0,1,-,-,-,-,-,-,-,-,-,-,,H,#A5AFB9,2,2.0,0,0,0.387,0,0,0,0,0.0,16
2,2024,2024081,9,8,23,23-8,ZHO,Guanyu Zhou,24,#64D064,4.0,436,83.698,83.698,0,0,-,-,-0.519,0.312,-0.363,3,-0.519,0.312,-0.363,3,-0.207,H,#A5AFB9,3,2.0,0,0,0.387,0,0,0,0,0.0,16
2,2024,2024081,9,8,23,23-8,ZHO,Guanyu Zhou,24,#64D064,5.0,437,83.494,83.494,0,0,83.596,0.204,-0.358,-0.142,-0.429,23,-0.358,-0.142,-0.429,23,-0.5,H,#A5AFB9,4,2.0,0,0,0.387,0,0,0,0,0.0,16
2,2024,2024081,9,8,23,23-8,ZHO,Guanyu Zhou,24,#64D064,6.0,438,82.649,82.649,0,0,83.072,0.845,-0.11,-0.219,-0.220,23,-0.110,-0.219,-0.220,23,-0.329,H,#A5AFB9,5,2.0,0,0,0.387,0,0,0,0,0.0,16
2,2024,2024081,9,8,23,23-8,ZHO,Guanyu Zhou,24,#64D064,7.0,439,82.934,82.934,0,0,82.792,0.285,-0.989,0.102,-0.938,3,-0.989,0.102,-0.938,3,-0.887,H,#A5AFB9,6,2.0,0,0,0.387,0,0,0,0,0.0,16
2,2024,2024081,9,8,23,23-8,ZHO,Guanyu Zhou,24,#64D064,8.0,440,82.182,82.182,0,0,82.558,0.752,-0.565,-0.067,-0.599,23,-0.565,-0.067,-0.599,23,-0.632,H,#A5AFB9,7,2.0,0,0,0.387,0,0,0,0,0.0,16
2,2024,2024081,9,8,23,23-8,ZHO,Guanyu Zhou,24,#64D064,9.0,441,81.81,81.81,0,0,81.996,0.372,-0.409,0.095,-0.361,3,-0.409,0.095,-0.361,3,-0.314,H,#A5AFB9,8,2.0,0,0,0.387,0,0,0,0,0.0,16
2,2024,2024081,9,8,23,23-8,ZHO,Guanyu Zhou,24,#64D064,10.0,442,81.944,81.944,0,0,81.877,0.134,-0.516,-0.003,-0.518,23,-0.516,-0.003,-0.518,23,-0.519,H,#A5AFB9,9,2.0,0,0,0.387,0,0,0,0,0.0,16
2,2024,2024081,9,8,23,23-8,ZHO,Guanyu Zhou,24,#64D064,11.0,443,81.563,81.563,0,0,81.754,0.381,-0.282,0.016,-0.274,3,-0.282,0.016,-0.274,3,-0.266,H,#A5AFB9,10,2.0,0,0,0.387,0,0,0,0,0.0,16
2,2024,2024081,9,8,23,23-8,ZHO,Guanyu Zhou,24,#64D064,12.0,444,81.193,81.193,0,0,81.378,0.370,-0.339,-0.135,-0.406,23,-0.339,-0.135,-0.406,23,-0.474,H,#A5AFB9,11,2.0,0,0,0.387,0,0,0,0,0.0,16
2,2024,2024081,9,8,23,23-8,ZHO,Guanyu Zhou,24,#64D064,13.0,445,81.529,81.529,0,0,81.361,0.336,-0.869,-0.011,-0.875,23,-0.869,-0.011,-0.875,23,-0.88,H,#A5AFB9,12,2.0,0,0,0.387,0,0,0,0,0.0,16
2,2024,2024081,9,8,23,23-8,ZHO,Guanyu Zhou,24,#64D064,14.0,446,81.264,81.264,0,0,81.396,0.265,-0.82,0.043,-0.798,3,-0.820,0.043,-0.798,3,-0.777,H,#A5AFB9,13,2.0,0,0,0.387,0,0,0,0,0.0,16
2,2024,2024081,9,8,23,23-8,ZHO,Guanyu Zhou,24,#64D064,15.0,447,81.447,81.447,0,0,81.356,0.183,-1.008,-,-,-,-1.008,-,-,-,,H,#A5AFB9,14,2.0,0,0,0.387,0,0,0,0,0.0,15
2,2024,2024081,9,8,23,23-8,ZHO,Guanyu Zhou,24,#64D064,16.0,448,80.481,80.481,0,0,80.964,0.966,-0.025,-,-,-,-0.025,-,-,-,,H,#A5AFB9,15,2.0,0,0,0.387,0,0,0,0,0.0,15
2,2024,2024081,9,8,23,23-8,ZHO,Guanyu Zhou,24,#64D064,17.0,449,80.979,80.979,0,0,80.73,0.498,-0.712,4.418,1.497,3,-0.712,4.418,1.497,3,3.706,H,#A5AFB9,16,2.0,0,0,0.387,0,0,0,0,0.0,15
2,2024,2024081,9,8,23,23-8,ZHO,Guanyu Zhou,24,#64D064,18.0,450,80.911,80.911,0,0,80.945,0.068,-0.918,4.344,1.254,3,-0.918,4.344,1.254,3,3.426,H,#A5AFB9,17,2.0,0,0,0.387,0,0,0,0,0.0,15
2,2024,2024081,9,8,23,23-8,ZHO,Guanyu Zhou,24,#64D064,19.0,451,81.42,81.42,0,0,81.166,0.509,-1.435,3.591,0.360,3,-1.435,3.591,0.360,3,2.156,H,#A5AFB9,18,2.0,0,0,0.387,0,0,0,0,0.0,15
2,2024,2024081,9,8,23,23-8,ZHO,Guanyu Zhou,24,#64D064,20.0,452,80.904,80.904,0,0,81.162,0.516,-0.972,1.780,-0.082,3,-0.972,1.780,-0.082,3,0.808,H,#A5AFB9,19,2.0,0,0,0.387,0,0,0,0,0.0,15
2,2024,2024081,9,8,23,23-8,ZHO,Guanyu Zhou,24,#64D064,21.0,453,80.669,80.669,0,0,80.786,0.235,-0.777,0.207,-0.673,3,-0.777,0.207,-0.673,3,-0.57,H,#A5AFB9,20,2.0,0,0,0.387,0,0,0,0,0.0,15
2,2024,2024081,9,8,23,23-8,ZHO,Guanyu Zhou,24,#64D064,22.0,454,81.083,81.083,0,0,80.876,0.414,-1.07,0.061,-1.040,3,-1.070,0.061,-1.040,3,-1.009,H,#A5AFB9,21,2.0,0,0,0.387,0,0,0,0,0.0,15
2,2024,2024081,9,8,23,23-8,ZHO,Guanyu Zhou,24,#64D064,23.0,455,80.792,80.792,0,0,80.938,0.291,-0.896,0.042,-0.875,3,-0.896,0.042,-0.875,3,-0.854,H,#A5AFB9,22,2.0,0,0,0.387,0,0,0,0,0.0,15
2,2024,2024081,9,8,23,23-8,ZHO,Guanyu Zhou,24,#64D064,24.0,456,80.347,80.347,0,0,80.57,0.445,-0.468,-0.217,-0.577,23,-0.468,-0.217,-0.577,23,-0.685,H,#A5AFB9,23,2.0,0,0,0.387,0,0,0,0,0.0,15
2,2024,2024081,9,8,23,23-8,ZHO,Guanyu Zhou,24,#64D064,25.0,457,80.763,80.763,0,0,80.555,0.416,-0.894,-0.020,-0.904,23,-0.894,-0.020,-0.904,23,-0.914,H,#A5AFB9,24,2.0,0,0,0.387,0,0,0,0,0.0,15
2,2024,2024081,9,8,23,23-8,ZHO,Guanyu Zhou,24,#64D064,26.0,458,80.869,80.869,0,0,80.816,0.106,-1.035,0.018,-1.026,3,-1.035,0.018,-1.026,3,-1.017,H,#A5AFB9,25,2.0,0,0,0.387,0,0,0,0,0.0,15
2,2024,2024081,9,8,23,23-8,ZHO,Guanyu Zhou,24,#64D064,27.0,459,81.293,81.293,0,0,81.081,0.424,-1.372,-0.077,-1.411,23,-1.372,-0.077,-1.411,23,-1.449,H,#A5AFB9,26,2.0,0,0,0.387,0,0,0,0,0.0,15
2,2024,2024081,9,8,23,23-8,ZHO,Guanyu Zhou,24,#64D064,28.0,460,81.516,81.516,0,0,81.405,0.223,-1.515,-0.249,-1.639,23,-1.515,-0.249,-1.639,23,-1.764,H,#A5AFB9,27,2.0,0,0,0.387,0,0,0,0,0.0,15
2,2024,2024081,9,8,23,23-8,ZHO,Guanyu Zhou,24,#64D064,29.0,461,81.338,81.338,0,0,81.427,0.178,-1.536,0.481,-1.296,3,-1.536,0.481,-1.296,3,-1.055,H,#A5AFB9,28,2.0,0,0,0.387,0,0,0,0,0.0,15
2,2024,2024081,9,8,23,23-8,ZHO,Guanyu Zhou,24,#64D064,30.0,462,81.044,81.044,0,0,81.191,0.294,-1.252,-0.426,-1.465,23,-1.252,-0.426,-1.465,23,-1.678,H,#A5AFB9,29,2.0,0,0,0.387,0,0,0,0,0.0,15
2,2024,2024081,9,8,23,23-8,ZHO,Guanyu Zhou,24,#64D064,31.0,463,80.806,80.806,0,0,80.925,0.238,-0.861,0.054,-0.834,3,-0.861,0.054,-0.834,3,-0.807,H,#A5AFB9,30,2.0,0,0,0.387,0,0,0,0,0.0,15
2,2024,2024081,9,8,23,23-8,ZHO,Guanyu Zhou,24,#64D064,32.0,464,80.782,80.782,0,0,80.794,0.024,-0.754,0.124,-0.692,3,-0.754,0.124,-0.692,3,-0.63,H,#A5AFB9,31,2.0,0,0,0.387,0,0,0,0,0.0,15
2,2024,2024081,9,8,23,23-8,ZHO,Guanyu Zhou,24,#64D064,33.0,465,80.677,80.677,0,0,80.73,0.105,-0.899,0.152,-0.823,3,-0.899,0.152,-0.823,3,-0.747,H,#A5AFB9,32,2.0,0,0,0.387,0,0,0,0,0.0,15
2,2024,2024081,9,8,23,23-8,ZHO,Guanyu Zhou,24,#64D064,34.0,466,80.736,80.736,0,0,80.706,0.059,-0.955,-0.167,-1.038,23,-0.955,-0.167,-1.038,23,-1.122,H,#A5AFB9,33,2.0,0,0,0.387,0,0,0,0,0.0,15
2,2024,2024081,9,8,23,23-8,ZHO,Guanyu Zhou,24,#64D064,35.0,467,80.372,80.372,0,0,80.554,0.364,-0.883,0.118,-0.824,3,-0.883,0.118,-0.824,3,-0.765,H,#A5AFB9,34,2.0,0,0,0.387,0,0,0,0,0.0,15
2,2024,2024081,9,8,23,23-8,ZHO,Guanyu Zhou,24,#64D064,36.0,468,80.986,80.986,0,0,80.679,0.614,-1.217,-0.210,-1.322,23,-1.217,-0.210,-1.322,23,-1.427,H,#A5AFB9,35,2.0,0,1,0.387,0,0,0,0,0.0,15
2,2024,2024081,9,8,23,23-8,ZHO,Guanyu Zhou,24,#64D064,37.0,469,81.449,81.449,0,0,81.218,0.463,-1.61,0.063,-1.579,3,-1.610,0.063,-1.579,3,-1.547,H,#A5AFB9,36,2.0,0,0,0.387,0,0,0,0,0.0,15
2,2024,2024081,9,8,23,23-8,ZHO,Guanyu Zhou,24,#64D064,38.0,470,81.09,81.09,0,0,81.27,0.359,-1.454,0.142,-1.383,3,-1.454,0.142,-1.383,3,-1.312,H,#A5AFB9,37,2.0,0,0,0.387,0,0,0,0,0.0,15
2,2024,2024081,9,8,23,23-8,ZHO,Guanyu Zhou,24,#64D064,39.0,471,81.233,81.233,0,0,81.162,0.143,-1.389,-1.939,-2.358,23,-1.389,-1.939,-2.358,23,-3.328,H,#A5AFB9,38,2.0,0,0,0.387,0,0,0,0,0.0,15
2,2024,2024081,9,8,23,23-8,ZHO,Guanyu Zhou,24,#64D064,40.0,472,84.969,81.18,1,0,81.206,3.736,-5.101,1.378,-4.412,3,-1.312,-2.411,-2.518,23,-3.723,H,#A5AFB9,39,2.0,0,0,0.387,0,0,0,0,0.0,15
2,2024,2024081,9,8,23,23-8,ZHO,Guanyu Zhou,24,#64D064,41.0,473,81.127,81.127,0,0,81.154,3.842,-1.359,0.897,-0.910,3,-1.359,0.897,-0.910,3,-0.462,H,#A5AFB9,40,2.0,0,0,0.387,0,0,0,0,0.0,15
2,2024,2024081,9,8,23,23-8,ZHO,Guanyu Zhou,24,#64D064,42.0,474,81.957,80.852,1,0,80.99,0.830,-2.151,-0.152,-2.227,23,-1.046,0.281,-0.905,3,-2.303,H,#A5AFB9,41,2.0,0,0,0.387,0,0,0,0,0.0,15
2,2024,2024081,9,8,23,23-8,ZHO,Guanyu Zhou,24,#64D064,43.0,475,80.578,80.578,0,0,80.715,1.379,-1.033,-0.334,-1.200,23,-1.033,-0.334,-1.200,23,-1.367,H,#A5AFB9,42,2.0,0,0,0.387,0,0,0,0,0.0,15
2,2024,2024081,9,8,23,23-8,ZHO,Guanyu Zhou,24,#64D064,44.0,476,79.61,79.61,0,0,80.094,0.968,-0.608,-0.162,-0.689,23,-0.608,-0.162,-0.689,23,-0.77,H,#A5AFB9,43,2.0,0,0,0.387,0,0,0,0,0.0,15
2,2024,2024081,9,8,23,23-8,ZHO,Guanyu Zhou,24,#64D064,45.0,477,80.686,79.878,1,0,79.744,1.076,-1.81,0.643,-1.489,3,-1.002,-0.165,-1.085,23,-1.167,H,#A5AFB9,44,2.0,0,0,0.387,0,0,0,0,0.0,15
2,2024,2024081,9,8,23,23-8,ZHO,Guanyu Zhou,24,#64D064,46.0,478,80.146,80.146,0,0,80.012,0.540,-1.202,-0.271,-1.337,23,-1.202,-0.271,-1.337,23,-1.473,H,#A5AFB9,45,2.0,0,0,0.387,0,0,0,0,0.0,15
2,2024,2024081,9,8,23,23-8,ZHO,Guanyu Zhou,24,#64D064,47.0,479,80.075,80.075,0,0,80.11,0.071,-1.088,-2.894,-2.535,23,-1.088,-0.415,-1.296,23,-3.982,H,#A5AFB9,46,2.0,0,0,0.387,0,0,0,0,0.0,15
2,2024,2024081,9,8,23,23-8,ZHO,Guanyu Zhou,24,#64D064,48.0,480,82.481,81.104,1,0,80.59,2.406,-3.335,1.919,-2.376,3,-1.958,0.542,-1.687,3,-1.416,H,#A5AFB9,47,2.0,0,0,0.387,0,0,0,0,0.0,14
2,2024,2024081,9,8,23,23-8,ZHO,Guanyu Zhou,24,#64D064,49.0,481,82.134,82.134,0,0,81.619,0.347,-2.802,1.316,-2.144,3,-2.802,1.316,-2.144,3,-1.486,H,#A5AFB9,48,2.0,0,0,0.387,0,0,0,0,0.0,14
2,2024,2024081,9,8,23,23-8,ZHO,Guanyu Zhou,24,#64D064,50.0,482,80.946,80.946,0,0,81.54,1.188,-1.774,0.707,-1.421,3,-1.774,0.707,-1.421,3,-1.067,H,#A5AFB9,49,2.0,0,0,0.387,0,0,0,0,-1.0,15
2,2024,2024081,9,8,23,23-8,ZHO,Guanyu Zhou,24,#64D064,51.0,483,80.962,80.962,0,0,80.954,0.016,-2.186,3.757,-0.307,3,-2.186,3.757,-0.307,3,1.571,H,#A5AFB9,50,2.0,0,0,0.387,0,0,0,0,0.0,15
2,2024,2024081,9,8,23,23-8,ZHO,Guanyu Zhou,24,#64D064,52.0,484,80.97,80.97,0,0,80.966,0.008,-1.9,3.768,-0.016,3,-1.900,3.768,-0.016,3,1.868,H,#A5AFB9,51,2.0,0,0,0.387,0,0,0,0,0.0,15
2,2024,2024081,9,8,23,23-8,ZHO,Guanyu Zhou,24,#64D064,53.0,485,81.375,81.375,0,0,81.172,0.405,-2.295,2.919,-0.835,3,-2.295,2.919,-0.835,3,0.624,H,#A5AFB9,52,2.0,0,0,0.387,0,0,0,0,0.0,15
2,2024,2024081,9,8,23,23-8,ZHO,Guanyu Zhou,24,#64D064,54.0,486,82.153,81.387,1,0,81.381,0.778,-3.399,2.750,-2.024,3,-2.633,1.984,-1.641,3,-0.649,H,#A5AFB9,53,2.0,0,0,0.387,0,0,0,0,0.0,15
2,2024,2024081,9,8,23,23-8,ZHO,Guanyu Zhou,24,#64D064,55.0,487,81.399,81.399,0,0,81.393,0.754,-2.697,1.024,-2.185,3,-2.697,1.024,-2.185,3,-1.673,H,#A5AFB9,54,2.0,0,0,0.387,0,0,0,0,-1.0,16
2,2024,2024081,9,8,23,23-8,ZHO,Guanyu Zhou,24,#64D064,56.0,488,80.315,80.315,0,0,80.857,1.084,-1.985,-1.342,-2.656,23,-1.985,0.631,-1.670,3,-3.327,H,#A5AFB9,55,2.0,0,0,0.387,0,0,0,0,0.0,16
2,2024,2024081,9,8,23,23-8,ZHO,Guanyu Zhou,24,#64D064,57.0,489,81.119,79.555,1,0,79.935,0.804,-3.127,2.125,-2.064,3,-1.563,0.561,-1.282,3,-1.002,H,#A5AFB9,56,2.0,0,0,0.387,0,0,0,0,0.0,15
2,2024,2024081,9,8,23,23-8,ZHO,Guanyu Zhou,24,#64D064,58.0,490,78.795,78.795,0,0,79.175,2.324,-0.933,-0.485,-1.175,23,-0.933,-0.485,-1.175,23,-1.418,H,#A5AFB9,57,2.0,0,0,0.387,0,0,0,0,0.0,15
2,2024,2024081,9,8,23,23-8,ZHO,Guanyu Zhou,24,#64D064,59.0,491,77.936,77.936,0,0,78.366,0.859,-0.597,-1.063,-1.128,23,-0.597,-1.063,-1.128,23,-1.66,H,#A5AFB9,58,2.0,0,0,0.387,0,0,0,0,0.0,15
2,2024,2024081,9,8,23,23-8,ZHO,Guanyu Zhou,24,#64D064,60.0,492,78.545,78.545,0,0,78.24,0.609,-1.076,-0.524,-1.338,23,-1.076,-0.524,-1.338,23,-1.6,H,#A5AFB9,59,2.0,0,0,0.387,0,0,0,0,0.0,15
2,2024,2024081,9,8,23,23-8,ZHO,Guanyu Zhou,24,#64D064,61.0,493,78.707,78.707,0,0,78.626,0.162,-1.196,0.084,-1.154,3,-1.196,0.084,-1.154,3,-1.112,H,#A5AFB9,60,2.0,0,0,0.387,0,0,0,0,0.0,15
2,2024,2024081,9,8,23,23-8,ZHO,Guanyu Zhou,24,#64D064,62.0,494,78.817,78.817,0,0,78.762,0.110,-1.297,-0.147,-1.370,23,-1.297,-0.147,-1.370,23,-1.444,H,#A5AFB9,61,2.0,0,0,0.387,0,0,0,0,0.0,15
2,2024,2024081,9,8,23,23-8,ZHO,Guanyu Zhou,24,#64D064,63.0,495,78.789,78.789,0,0,78.803,0.028,-1.434,-0.235,-1.552,23,-1.434,-0.235,-1.552,23,-1.669,H,#A5AFB9,62,2.0,0,0,0.387,0,0,0,0,0.0,15
2,2024,2024081,9,8,23,23-8,ZHO,Guanyu Zhou,24,#64D064,64.0,496,79.295,79.295,0,0,79.042,0.506,-2.021,0.764,-1.639,3,-2.021,0.764,-1.639,3,-1.257,H,#A5AFB9,63,2.0,0,0,0.387,0,0,0,0,0.0,15
2,2024,2024081,9,8,23,23-8,ZHO,Guanyu Zhou,24,#64D064,65.0,497,79.719,79.719,0,0,79.507,0.424,-2.33,1.077,-1.792,3,-2.330,1.077,-1.792,3,-1.253,H,#A5AFB9,64,2.0,0,0,0.387,0,0,0,0,0.0,15
2,2024,2024081,9,8,23,23-8,ZHO,Guanyu Zhou,24,#64D064,66.0,498,79.749,79.749,0,0,79.734,0.030,-2.261,1.366,-1.578,3,-2.261,1.366,-1.578,3,-0.895,H,#A5AFB9,65,2.0,0,0,0.387,0,0,0,0,0.0,15
2,2024,2024081,9,8,23,23-8,ZHO,Guanyu Zhou,24,#64D064,67.0,499,80.357,80.357,0,0,80.053,0.608,-2.796,1.890,-1.851,3,-2.796,1.890,-1.851,3,-0.906,H,#A5AFB9,66,2.0,0,0,0.387,0,0,0,0,0.0,15
2,2024,2024081,9,8,23,23-8,ZHO,Guanyu Zhou,24,#64D064,68.0,500,85.217,80.42,1,0,80.389,4.860,-7.723,7.165,-4.141,3,-2.927,2.369,-1.743,3,-0.558,H,#A5AFB9,67,2.0,0,0,0.387,0,0,0,0,-1.0,16
2,2024,2024081,9,8,23,23-8,ZHO,Guanyu Zhou,24,#64D064,69.0,501,80.484,80.484,0,0,80.452,4.733,-3.087,2.396,-1.889,3,-3.087,2.396,-1.889,3,-0.691,H,#A5AFB9,68,2.0,0,0,0.387,0,0,0,0,0.0,16
2,2024,2024081,9,8,23,23-8,ZHO,Guanyu Zhou,24,#64D064,70.0,502,-,-,0,1,-,-,-,-,-,-,-,-,-,-,-1.478,H,#A5AFB9,69,2.0,1,0,0.387,0,0,0,0,0.0,16
2,2024,2024081,9,8,23,23-8,ZHO,Guanyu Zhou,24,#64D064,71.0,503,-,-,0,1,-,-,-,-,-,-,-,-,-,-,-0.918,S,#CD3C3C,1,3.0,0,0,2.350,0,0,0,0,0.0,16
2,2024,2024081,9,8,23,23-8,ZHO,Guanyu Zhou,24,#64D064,72.0,504,80.585,80.585,0,0,-,-,-3.318,2.238,-2.199,3,-3.318,2.238,-2.199,3,-1.08,S,#CD3C3C,2,3.0,0,0,2.350,0,0,0,0,0.0,16
2,2024,2024081,9,8,23,23-8,ZHO,Guanyu Zhou,24,#64D064,73.0,505,75.233,75.233,0,0,77.909,5.352,1.531,-4.835,-0.886,23,1.531,-3.100,-0.019,23,-3.304,S,#CD3C3C,3,3.0,0,0,2.350,0,0,0,0,0.0,16
2,2024,2024081,9,8,23,23-8,ZHO,Guanyu Zhou,24,#64D064,74.0,506,80.473,74.976,1,0,75.104,5.240,-3.801,2.155,-2.724,3,1.696,-3.342,0.025,23,-1.646,S,#CD3C3C,4,3.0,0,1,2.350,0,0,0,0,0.0,16
2,2024,2024081,9,8,23,23-8,ZHO,Guanyu Zhou,24,#64D064,75.0,507,74.718,74.718,0,0,74.847,5.755,2.005,-4.061,-0.025,23,2.005,-4.061,-0.025,23,-2.056,S,#CD3C3C,5,3.0,0,0,2.350,0,0,0,0,0.0,16
2,2024,2024081,9,8,23,23-8,ZHO,Guanyu Zhou,24,#64D064,76.0,508,77.173,77.173,0,0,75.946,2.455,-0.124,-1.601,-0.924,23,-0.124,-1.601,-0.924,23,-1.725,S,#CD3C3C,6,3.0,0,0,2.350,0,0,0,0,0.0,16
2,2024,2024091,10,8,3,3-8,BOT,Valtteri Bottas,77,#64D064,1.0,511,-,-,0,1,-,-,-,-,-,-,-,-,-,-,,I,#50A078,1,2.0,0,0,0.440,0,0,0,0,,19
2,2024,2024091,10,8,3,3-8,BOT,Valtteri Bottas,77,#64D064,2.0,512,-,-,0,1,-,-,-,-,-,-,-,-,-,-,,I,#50A078,2,2.0,0,0,0.440,0,0,0,0,0.0,19
2,2024,2024091,10,8,3,3-8,BOT,Valtteri Bottas,77,#64D064,3.0,513,100.755,100.755,0,0,-,-,-1.604,-0.655,-1.931,3,-1.604,-0.655,-1.931,3,-2.259,I,#50A078,3,2.0,0,0,0.440,0,0,0,0,0.0,19
2,2024,2024091,10,8,3,3-8,BOT,Valtteri Bottas,77,#64D064,4.0,514,98.608,98.608,0,0,99.682,2.147,-1.34,-1.177,-1.929,3,-1.340,-1.177,-1.929,3,-2.517,I,#50A078,4,2.0,0,0,0.440,0,0,0,0,0.0,19
2,2024,2024091,10,8,3,3-8,BOT,Valtteri Bottas,77,#64D064,5.0,515,98.637,98.637,0,0,98.622,0.029,-1.852,0.310,-1.697,23,-1.852,0.310,-1.697,23,-1.542,I,#50A078,5,2.0,0,0,0.440,0,0,0,0,0.0,19
2,2024,2024091,10,8,3,3-8,BOT,Valtteri Bottas,77,#64D064,6.0,516,97.036,97.036,0,0,97.836,1.601,-1.305,-0.492,-1.551,3,-1.305,-0.492,-1.551,3,-1.797,I,#50A078,6,2.0,0,0,0.440,0,0,0,0,1.0,18
2,2024,2024091,10,8,3,3-8,BOT,Valtteri Bottas,77,#64D064,7.0,517,95.655,95.655,0,0,96.346,1.381,-1.648,0.337,-1.479,23,-1.648,0.337,-1.479,23,-1.311,I,#50A078,7,2.0,0,0,0.440,0,0,0,0,0.0,18
2,2024,2024091,10,8,3,3-8,BOT,Valtteri Bottas,77,#64D064,8.0,518,93.68,93.68,0,0,94.668,1.975,-0.777,-0.209,-0.881,3,-0.777,-0.209,-0.881,3,-0.986,I,#50A078,8,2.0,0,0,0.440,0,0,0,0,0.0,18
2,2024,2024091,10,8,3,3-8,BOT,Valtteri Bottas,77,#64D064,9.0,519,92.461,92.461,0,0,93.071,1.219,-0.36,-0.603,-0.661,3,-0.360,-0.603,-0.661,3,-0.963,I,#50A078,9,2.0,0,0,0.440,0,0,0,0,0.0,18
2,2024,2024091,10,8,3,3-8,BOT,Valtteri Bottas,77,#64D064,10.0,520,91.422,91.422,0,0,91.941,1.039,0.008,-1.484,-0.734,3,0.008,-1.484,-0.734,3,-1.476,I,#50A078,10,2.0,0,0,0.440,0,0,0,0,0.0,18
2,2024,2024091,10,8,3,3-8,BOT,Valtteri Bottas,77,#64D064,11.0,521,91.668,91.668,0,0,91.545,0.246,-0.412,-0.323,-0.574,3,-0.412,-0.323,-0.574,3,-0.735,I,#50A078,11,2.0,0,0,0.440,0,0,0,0,0.0,18
2,2024,2024091,10,8,3,3-8,BOT,Valtteri Bottas,77,#64D064,12.0,522,91.085,91.085,0,0,91.376,0.583,-0.294,0.268,-0.160,23,-0.294,0.268,-0.160,23,-0.026,I,#50A078,12,2.0,0,0,0.440,0,0,0,0,0.0,17
2,2024,2024091,10,8,3,3-8,BOT,Valtteri Bottas,77,#64D064,13.0,523,90.036,90.036,0,0,90.56,1.049,-0.071,-1.728,-0.935,3,-0.071,-1.728,-0.935,3,-1.799,I,#50A078,13,2.0,0,0,0.440,0,0,0,0,0.0,17
2,2024,2024091,10,8,3,3-8,BOT,Valtteri Bottas,77,#64D064,14.0,524,90.06,90.06,0,0,90.048,0.024,-0.711,-0.362,-0.892,3,-0.711,-0.362,-0.892,3,-1.073,I,#50A078,14,2.0,0,0,0.440,0,0,0,0,0.0,17
2,2024,2024091,10,8,3,3-8,BOT,Valtteri Bottas,77,#64D064,15.0,525,90.489,90.489,0,0,90.274,0.429,-1.479,-0.062,-1.510,3,-1.479,-0.062,-1.510,3,-1.541,I,#50A078,15,2.0,0,0,0.440,0,0,0,0,0.0,17
2,2024,2024091,10,8,3,3-8,BOT,Valtteri Bottas,77,#64D064,16.0,526,89.739,89.739,0,0,90.114,0.750,-1.519,0.049,-1.494,23,-1.519,0.049,-1.494,23,-1.47,I,#50A078,16,2.0,0,0,0.440,0,0,0,0,0.0,17
2,2024,2024091,10,8,3,3-8,BOT,Valtteri Bottas,77,#64D064,17.0,527,88.836,88.836,0,0,89.288,0.903,-1.024,0.245,-0.901,23,-1.024,0.245,-0.901,23,-0.779,I,#50A078,17,2.0,0,0,0.440,0,0,0,0,0.0,17
2,2024,2024091,10,8,3,3-8,BOT,Valtteri Bottas,77,#64D064,18.0,528,87.339,87.339,0,0,88.088,1.497,-0.194,-0.376,-0.382,3,-0.194,-0.376,-0.382,3,-0.57,I,#50A078,18,2.0,0,1,0.440,0,0,0,0,0.0,17
2,2024,2024091,10,8,3,3-8,BOT,Valtteri Bottas,77,#64D064,19.0,529,88.149,88.149,0,0,87.744,0.810,-1.297,-0.081,-1.337,3,-1.297,-0.081,-1.337,3,-1.378,I,#50A078,19,2.0,0,0,0.440,0,0,0,0,0.0,17
2,2024,2024091,10,8,3,3-8,BOT,Valtteri Bottas,77,#64D064,20.0,530,86.765,86.765,0,0,87.457,1.384,0.233,-2.484,-1.009,3,0.233,-2.484,-1.009,3,-2.251,I,#50A078,20,2.0,0,0,0.440,0,0,0,0,0.0,17
2,2024,2024091,10,8,3,3-8,BOT,Valtteri Bottas,77,#64D064,21.0,531,88.049,87.351,1,0,87.058,1.284,-1.011,0.035,-0.994,23,-0.313,-0.663,-0.644,3,-0.976,I,#50A078,21,2.0,0,0,0.440,0,0,0,0,0.0,17
2,2024,2024091,10,8,3,3-8,BOT,Valtteri Bottas,77,#64D064,22.0,532,87.936,87.936,0,0,87.643,0.113,-1.504,-0.092,-1.550,3,-1.504,-0.092,-1.550,3,-1.596,I,#50A078,22,2.0,0,0,0.440,0,0,0,0,0.0,17
2,2024,2024091,10,8,3,3-8,BOT,Valtteri Bottas,77,#64D064,23.0,533,87.74,87.74,0,0,87.838,0.196,-0.984,-1.346,-1.657,3,-0.984,-1.346,-1.657,3,-2.33,I,#50A078,23,2.0,0,0,0.440,0,0,0,0,0.0,17
2,2024,2024091,10,8,3,3-8,BOT,Valtteri Bottas,77,#64D064,24.0,534,-,-,0,1,-,-,-,-,-,-,-,-,-,-,,I,#50A078,24,2.0,0,0,0.440,0,1,0,0,0.0,17
2,2024,2024091,10,8,3,3-8,BOT,Valtteri Bottas,77,#64D064,25.0,535,-,-,0,1,-,-,-,-,-,-,-,-,-,-,,I,#50A078,25,2.0,0,0,0.440,0,0,0,0,0.0,13
2,2024,2024091,10,8,3,3-8,BOT,Valtteri Bottas,77,#64D064,26.0,536,-,-,0,1,-,-,-,-,-,-,-,-,-,-,,I,#50A078,26,2.0,0,0,0.440,0,0,0,0,0.0,13
2,2024,2024091,10,8,3,3-8,BOT,Valtteri Bottas,77,#64D064,27.0,537,-,-,0,1,-,-,-,-,-,-,-,-,-,-,,I,#50A078,27,2.0,0,0,0.440,0,0,0,0,0.0,13
2,2024,2024091,10,8,3,3-8,BOT,Valtteri Bottas,77,#64D064,28.0,538,-,-,0,1,-,-,-,-,-,-,-,-,-,-,,I,#50A078,28,2.0,0,0,0.440,0,0,0,0,0.0,12
2,2024,2024091,10,8,3,3-8,BOT,Valtteri Bottas,77,#64D064,29.0,539,-,-,0,1,-,-,-,-,-,-,-,-,-,-,,I,#50A078,29,2.0,0,0,0.440,1,0,0,0,0.0,12
2,2024,2024091,10,8,3,3-8,BOT,Valtteri Bottas,77,#64D064,30.0,540,-,-,0,1,-,-,-,-,-,-,-,-,-,-,,I,#50A078,30,2.0,0,0,0.440,0,0,0,0,0.0,12
2,2024,2024091,10,8,3,3-8,BOT,Valtteri Bottas,77,#64D064,31.0,541,91.954,91.954,0,0,-,-,-0.257,-1.681,-1.097,3,-0.257,-1.681,-1.097,3,-1.938,I,#50A078,31,2.0,0,0,0.440,0,0,0,0,0.0,12
2,2024,2024091,10,8,3,3-8,BOT,Valtteri Bottas,77,#64D064,32.0,542,92.149,92.149,0,0,92.052,0.195,-0.912,0.444,-0.690,23,-0.912,0.444,-0.690,23,-0.468,I,#50A078,32,2.0,0,0,0.440,0,0,0,0,0.0,12
2,2024,2024091,10,8,3,3-8,BOT,Valtteri Bottas,77,#64D064,33.0,543,90.281,90.281,0,0,91.215,1.868,-0.133,-1.156,-0.711,3,-0.133,-1.156,-0.711,3,-1.289,I,#50A078,33,2.0,0,0,0.440,0,0,0,0,0.0,12
2,2024,2024091,10,8,3,3-8,BOT,Valtteri Bottas,77,#64D064,34.0,544,88.766,88.766,0,0,89.524,1.515,-0.112,-0.283,-0.254,3,-0.112,-0.283,-0.254,3,-0.395,I,#50A078,34,2.0,0,0,0.440,0,0,0,0,0.0,12
2,2024,2024091,10,8,3,3-8,BOT,Valtteri Bottas,77,#64D064,35.0,545,88.408,88.408,0,0,88.587,0.358,-0.141,-0.752,-0.517,3,-0.141,-0.752,-0.517,3,-0.893,I,#50A078,35,2.0,0,0,0.440,0,0,0,0,0.0,12
2,2024,2024091,10,8,3,3-8,BOT,Valtteri Bottas,77,#64D064,36.0,546,88.177,88.177,0,0,88.292,0.231,-0.498,0.528,-0.234,23,-0.498,0.528,-0.234,23,0.03,I,#50A078,36,2.0,0,0,0.440,0,0,0,0,0.0,12
2,2024,2024091,10,8,3,3-8,BOT,Valtteri Bottas,77,#64D064,37.0,547,87.123,87.123,0,0,87.65,1.054,-0.044,-0.987,-0.537,3,-0.044,-0.987,-0.537,3,-1.031,I,#50A078,37,2.0,0,0,0.440,0,0,0,0,0.0,12
2,2024,2024091,10,8,3,3-8,BOT,Valtteri Bottas,77,#64D064,38.0,548,86.822,86.822,0,0,86.972,0.301,-0.178,-1.106,-0.731,3,-0.178,-1.106,-0.731,3,-1.284,I,#50A078,38,2.0,0,0,0.440,0,0,0,0,0.0,12
2,2024,2024091,10,8,3,3-8,BOT,Valtteri Bottas,77,#64D064,39.0,549,86.502,86.502,0,0,86.662,0.320,-0.273,-1.375,-0.961,3,-0.273,-1.375,-0.961,3,-1.648,I,#50A078,39,2.0,0,0,0.440,0,0,0,0,0.0,12
2,2024,2024091,10,8,3,3-8,BOT,Valtteri Bottas,77,#64D064,40.0,550,86.024,86.024,0,0,86.263,0.478,-0.376,-1.705,-1.228,3,-0.376,-1.705,-1.228,3,-2.081,I,#50A078,40,2.0,0,0,0.440,0,0,0,0,0.0,12
2,2024,2024091,10,8,3,3-8,BOT,Valtteri Bottas,77,#64D064,41.0,551,85.784,85.784,0,0,85.904,0.240,-0.57,-1.589,-1.364,3,-0.570,-1.589,-1.364,3,-2.159,I,#50A078,41,2.0,0,0,0.440,0,0,0,0,0.0,12
2,2024,2024091,10,8,3,3-8,BOT,Valtteri Bottas,77,#64D064,42.0,552,-,-,0,1,-,-,-,-,-,-,-,-,-,-,-1.722,I,#50A078,42,2.0,1,0,0.440,0,0,0,0,0.0,16
2,2024,2024091,10,8,3,3-8,BOT,Valtteri Bottas,77,#64D064,43.0,553,-,-,0,1,-,-,-,-,-,-,-,-,-,-,-2.016,M,#F0E628,1,3.0,0,0,0.667,0,0,0,0,0.0,16
2,2024,2024091,10,8,3,3-8,BOT,Valtteri Bottas,77,#64D064,44.0,554,86.97,86.97,0,0,-,-,-2.234,-,-,-,-2.234,-,-,-,,M,#F0E628,2,3.0,0,0,0.667,0,0,0,0,0.0,15
2,2024,2024091,10,8,3,3-8,BOT,Valtteri Bottas,77,#64D064,45.0,555,85.276,85.276,0,0,86.123,1.694,-0.689,-,-,-,-0.689,-,-,-,,M,#F0E628,3,3.0,0,0,0.667,0,0,0,0,-1.0,16
2,2024,2024091,10,8,3,3-8,BOT,Valtteri Bottas,77,#64D064,46.0,556,83.564,83.564,0,0,84.42,1.712,1.37,-13.203,-5.232,3,1.370,-13.203,-5.232,3,-11.833,M,#F0E628,4,3.0,0,0,0.667,0,0,0,0,0.0,16
2,2024,2024091,10,8,3,3-8,BOT,Valtteri Bottas,77,#64D064,47.0,557,81.91,81.91,0,0,82.737,1.654,1.236,-10.678,-4.103,3,1.236,-10.678,-4.103,3,-9.442,M,#F0E628,5,3.0,0,0,0.667,0,0,0,0,0.0,16
2,2024,2024091,10,8,3,3-8,BOT,Valtteri Bottas,77,#64D064,48.0,558,82.121,82.121,0,0,82.016,0.211,-0.061,-4.352,-2.237,3,-0.061,-4.352,-2.237,3,-4.413,M,#F0E628,6,3.0,0,0,0.667,0,0,0,0,0.0,16
2,2024,2024091,10,8,3,3-8,BOT,Valtteri Bottas,77,#64D064,49.0,559,81.035,81.035,0,0,81.578,1.086,0.005,-3.874,-1.932,3,0.005,-3.874,-1.932,3,-3.869,M,#F0E628,7,3.0,0,0,0.667,0,0,0,0,0.0,16
2,2024,2024091,10,8,3,3-8,BOT,Valtteri Bottas,77,#64D064,50.0,560,80.688,80.688,0,0,80.862,0.347,-0.904,-2.236,-2.022,3,-0.904,-2.236,-2.022,3,-3.14,M,#F0E628,8,3.0,0,0,0.667,0,0,0,0,0.0,16
2,2024,2024091,10,8,3,3-8,BOT,Valtteri Bottas,77,#64D064,51.0,561,80.138,80.138,0,0,80.413,0.550,-0.976,-1.894,-1.923,3,-0.976,-1.894,-1.923,3,-2.87,M,#F0E628,9,3.0,0,0,0.667,0,0,0,0,0.0,16
2,2024,2024091,10,8,3,3-8,BOT,Valtteri Bottas,77,#64D064,52.0,562,83.366,83.366,0,0,81.752,3.228,-3.129,-,-,-,-3.129,-,-,-,,M,#F0E628,10,3.0,0,0,0.667,0,0,0,0,0.0,15
2,2024,2024091,10,8,3,3-8,BOT,Valtteri Bottas,77,#64D064,53.0,563,-,-,0,1,-,-,-,-,-,-,-,-,-,-,,M,#F0E628,11,3.0,0,0,0.667,0,1,0,0,0.0,13
2,2024,2024091,10,8,3,3-8,BOT,Valtteri Bottas,77,#64D064,54.0,564,-,-,0,1,-,-,-,-,-,-,-,-,-,-,,M,#F0E628,12,3.0,0,0,0.667,0,0,0,0,0.0,13
2,2024,2024091,10,8,3,3-8,BOT,Valtteri Bottas,77,#64D064,55.0,565,-,-,0,1,-,-,-,-,-,-,-,-,-,-,,M,#F0E628,13,3.0,0,0,0.667,0,0,0,0,0.0,13
2,2024,2024091,10,8,3,3-8,BOT,Valtteri Bottas,77,#64D064,56.0,566,-,-,0,1,-,-,-,-,-,-,-,-,-,-,,M,#F0E628,14,3.0,0,0,0.667,0,0,0,0,0.0,13
2,2024,2024091,10,8,3,3-8,BOT,Valtteri Bottas,77,#64D064,57.0,567,-,-,0,1,-,-,-,-,-,-,-,-,-,-,,M,#F0E628,15,3.0,0,0,0.667,0,0,0,0,0.0,13
2,2024,2024091,10,8,3,3-8,BOT,Valtteri Bottas,77,#64D064,58.0,568,-,-,0,1,-,-,-,-,-,-,-,-,-,-,,M,#F0E628,16,3.0,0,0,0.667,1,0,0,0,0.0,13
2,2024,2024091,10,8,3,3-8,BOT,Valtteri Bottas,77,#64D064,59.0,569,-,-,0,1,-,-,-,-,-,-,-,-,-,-,-0.0,M,#F0E628,17,3.0,0,0,0.667,0,0,0,0,0.0,13
2,2024,2024091,10,8,3,3-8,BOT,Valtteri Bottas,77,#64D064,60.0,570,78.927,78.927,0,0,-,-,-0.436,-0.772,-0.822,3,-0.436,-0.772,-0.822,3,-1.208,M,#F0E628,18,3.0,0,1,0.667,0,0,0,0,0.0,13
2,2024,2024091,10,8,3,3-8,BOT,Valtteri Bottas,77,#64D064,61.0,571,78.356,78.356,0,0,78.642,0.571,-0.17,-1.218,-0.779,3,-0.170,-1.218,-0.779,3,-1.388,M,#F0E628,19,3.0,0,0,0.667,0,0,0,0,0.0,13
2,2024,2024091,10,8,3,3-8,BOT,Valtteri Bottas,77,#64D064,62.0,572,78.472,78.472,0,0,78.414,0.116,-0.673,-0.531,-0.939,3,-0.673,-0.531,-0.939,3,-1.204,M,#F0E628,20,3.0,0,0,0.667,0,0,0,0,0.0,13
2,2024,2024091,10,8,3,3-8,BOT,Valtteri Bottas,77,#64D064,63.0,573,77.768,77.768,0,0,78.12,0.704,-0.331,-0.986,-0.824,3,-0.331,-0.986,-0.824,3,-1.317,M,#F0E628,21,3.0,0,0,0.667,0,0,0,0,0.0,13
2,2024,2024091,10,8,3,3-8,BOT,Valtteri Bottas,77,#64D064,64.0,574,79.259,77.509,1,0,77.638,1.491,-2.05,0.525,-1.788,23,-0.300,-1.225,-0.912,3,-1.525,M,#F0E628,22,3.0,0,0,0.667,0,0,0,0,0.0,13
2,2024,2024091,10,8,3,3-8,BOT,Valtteri Bottas,77,#64D064,65.0,575,77.25,77.25,0,0,77.38,2.009,-0.187,-3.621,-1.998,3,-0.187,-1.498,-0.936,3,-3.808,M,#F0E628,23,3.0,0,0,0.667,0,0,0,0,0.0,13
2,2024,2024091,10,8,3,3-8,BOT,Valtteri Bottas,77,#64D064,66.0,576,80.374,78.638,1,0,77.944,3.124,-3.042,1.612,-2.236,23,-1.306,-0.124,-1.368,3,-1.43,M,#F0E628,24,3.0,0,0,0.667,0,0,0,0,0.0,13
2,2024,2024091,10,8,3,3-8,BOT,Valtteri Bottas,77,#64D064,67.0,577,80.026,80.026,0,0,79.332,0.348,-2.763,1.768,-1.879,23,-2.763,1.768,-1.879,23,-0.995,M,#F0E628,25,3.0,0,0,0.667,0,0,0,0,0.0,13
2,2024,2024091,10,8,3,3-8,BOT,Valtteri Bottas,77,#64D064,68.0,578,78.613,78.613,0,0,79.32,1.413,-1.675,1.288,-1.031,23,-1.675,1.288,-1.031,23,-0.387,M,#F0E628,26,3.0,0,0,0.667,0,0,0,0,0.0,13
2,2024,2024091,10,8,3,3-8,BOT,Valtteri Bottas,77,#64D064,69.0,579,78.345,78.345,0,0,78.479,0.268,-1.422,0.725,-1.060,23,-1.422,0.725,-1.060,23,-0.697,M,#F0E628,27,3.0,0,0,0.667,0,0,0,0,0.0,13
2,2024,2024091,10,8,3,3-8,BOT,Valtteri Bottas,77,#64D064,70.0,580,79.042,79.042,0,0,78.694,0.697,-2.385,-,-,-,-2.385,-,-,-,,M,#F0E628,28,3.0,0,0,0.667,0,0,0,0,0.0,13
2,2024,2024091,10,8,23,23-8,ZHO,Guanyu Zhou,24,#64D064,1.0,511,-,-,0,1,-,-,-,-,-,-,-,-,-,-,,I,#50A078,1,2.0,0,0,0.492,0,0,0,0,,20
2,2024,2024091,10,8,23,23-8,ZHO,Guanyu Zhou,24,#64D064,2.0,512,-,-,0,1,-,-,-,-,-,-,-,-,-,-,,I,#50A078,2,2.0,0,0,0.492,0,0,0,0,0.0,20
2,2024,2024091,10,8,23,23-8,ZHO,Guanyu Zhou,24,#64D064,3.0,513,101.41,101.41,0,0,-,-,-2.259,-0.655,-1.931,3,-2.259,-0.655,-1.931,3,-1.604,I,#50A078,3,2.0,0,0,0.492,0,0,0,0,0.0,20
2,2024,2024091,10,8,23,23-8,ZHO,Guanyu Zhou,24,#64D064,4.0,514,99.785,99.785,0,0,100.598,1.625,-2.517,-1.177,-1.929,3,-2.517,-1.177,-1.929,3,-1.34,I,#50A078,4,2.0,0,0,0.492,0,0,0,0,0.0,20
2,2024,2024091,10,8,23,23-8,ZHO,Guanyu Zhou,24,#64D064,5.0,515,98.327,98.327,0,0,99.056,1.458,-1.542,0.310,-1.697,23,-1.542,0.310,-1.697,23,-1.852,I,#50A078,5,2.0,0,0,0.492,0,0,0,0,0.0,20
2,2024,2024091,10,8,23,23-8,ZHO,Guanyu Zhou,24,#64D064,6.0,516,97.528,97.528,0,0,97.928,0.799,-1.797,-0.492,-1.551,3,-1.797,-0.492,-1.551,3,-1.305,I,#50A078,6,2.0,0,0,0.492,0,0,0,0,1.0,19
2,2024,2024091,10,8,23,23-8,ZHO,Guanyu Zhou,24,#64D064,7.0,517,95.318,95.318,0,0,96.423,2.210,-1.311,0.337,-1.479,23,-1.311,0.337,-1.479,23,-1.648,I,#50A078,7,2.0,0,0,0.492,0,0,0,0,0.0,19
2,2024,2024091,10,8,23,23-8,ZHO,Guanyu Zhou,24,#64D064,8.0,518,93.889,93.889,0,0,94.604,1.429,-0.986,-0.209,-0.881,3,-0.986,-0.209,-0.881,3,-0.777,I,#50A078,8,2.0,0,0,0.492,0,0,0,0,0.0,19
2,2024,2024091,10,8,23,23-8,ZHO,Guanyu Zhou,24,#64D064,9.0,519,93.064,93.064,0,0,93.476,0.825,-0.963,-0.603,-0.661,3,-0.963,-0.603,-0.661,3,-0.36,I,#50A078,9,2.0,0,0,0.492,0,0,0,0,0.0,19
2,2024,2024091,10,8,23,23-8,ZHO,Guanyu Zhou,24,#64D064,10.0,520,92.906,92.906,0,0,92.985,0.158,-1.476,-1.484,-0.734,3,-1.476,-1.484,-0.734,3,0.008,I,#50A078,10,2.0,0,0,0.492,0,0,0,0,0.0,19
2,2024,2024091,10,8,23,23-8,ZHO,Guanyu Zhou,24,#64D064,11.0,521,91.991,91.991,0,0,92.448,0.915,-0.735,-0.323,-0.574,3,-0.735,-0.323,-0.574,3,-0.412,I,#50A078,11,2.0,0,0,0.492,0,0,0,0,0.0,19
2,2024,2024091,10,8,23,23-8,ZHO,Guanyu Zhou,24,#64D064,12.0,522,90.817,90.817,0,0,91.404,1.174,-0.026,0.268,-0.160,23,-0.026,0.268,-0.160,23,-0.294,I,#50A078,12,2.0,0,0,0.492,0,0,0,0,0.0,18
2,2024,2024091,10,8,23,23-8,ZHO,Guanyu Zhou,24,#64D064,13.0,523,91.764,91.764,0,0,91.29,0.947,-1.799,-1.728,-0.935,3,-1.799,-1.728,-0.935,3,-0.071,I,#50A078,13,2.0,0,1,0.492,0,0,0,0,0.0,18
2,2024,2024091,10,8,23,23-8,ZHO,Guanyu Zhou,24,#64D064,14.0,524,90.422,90.422,0,0,91.093,1.342,-1.073,-0.362,-0.892,3,-1.073,-0.362,-0.892,3,-0.711,I,#50A078,14,2.0,0,0,0.492,0,0,0,0,0.0,18
2,2024,2024091,10,8,23,23-8,ZHO,Guanyu Zhou,24,#64D064,15.0,525,90.551,90.551,0,0,90.486,0.129,-1.541,-0.062,-1.510,3,-1.541,-0.062,-1.510,3,-1.479,I,#50A078,15,2.0,0,0,0.492,0,0,0,0,0.0,18
2,2024,2024091,10,8,23,23-8,ZHO,Guanyu Zhou,24,#64D064,16.0,526,89.69,89.69,0,0,90.12,0.861,-1.47,0.049,-1.494,23,-1.470,0.049,-1.494,23,-1.519,I,#50A078,16,2.0,0,0,0.492,0,0,0,0,0.0,18
2,2024,2024091,10,8,23,23-8,ZHO,Guanyu Zhou,24,#64D064,17.0,527,88.591,88.591,0,0,89.14,1.099,-0.779,0.245,-0.901,23,-0.779,0.245,-0.901,23,-1.024,I,#50A078,17,2.0,0,0,0.492,0,0,0,0,0.0,18
2,2024,2024091,10,8,23,23-8,ZHO,Guanyu Zhou,24,#64D064,18.0,528,87.715,87.715,0,0,88.153,0.876,-0.57,-0.376,-0.382,3,-0.570,-0.376,-0.382,3,-0.194,I,#50A078,18,2.0,0,0,0.492,0,0,0,0,0.0,18
2,2024,2024091,10,8,23,23-8,ZHO,Guanyu Zhou,24,#64D064,19.0,529,88.23,88.23,0,0,87.972,0.515,-1.378,-0.081,-1.337,3,-1.378,-0.081,-1.337,3,-1.297,I,#50A078,19,2.0,0,0,0.492,0,0,0,0,0.0,18
2,2024,2024091,10,8,23,23-8,ZHO,Guanyu Zhou,24,#64D064,20.0,530,89.249,89.249,0,0,88.739,1.019,-2.251,-2.484,-1.009,3,-2.251,-2.484,-1.009,3,0.233,I,#50A078,20,2.0,0,0,0.492,0,0,0,0,-1.0,19
2,2024,2024091,10,8,23,23-8,ZHO,Guanyu Zhou,24,#64D064,21.0,531,88.014,88.014,0,0,88.631,1.235,-0.976,0.035,-0.994,23,-0.976,-0.663,-0.644,3,-1.011,I,#50A078,21,2.0,0,0,0.492,0,0,0,0,0.0,19
2,2024,2024091,10,8,23,23-8,ZHO,Guanyu Zhou,24,#64D064,22.0,532,88.028,88.028,0,0,88.021,0.014,-1.596,-0.092,-1.550,3,-1.596,-0.092,-1.550,3,-1.504,I,#50A078,22,2.0,0,0,0.492,0,0,0,0,0.0,19
2,2024,2024091,10,8,23,23-8,ZHO,Guanyu Zhou,24,#64D064,23.0,533,89.086,89.086,0,0,88.557,1.058,-2.33,-1.346,-1.657,3,-2.330,-1.346,-1.657,3,-0.984,I,#50A078,23,2.0,0,0,0.492,0,0,0,0,0.0,19
2,2024,2024091,10,8,23,23-8,ZHO,Guanyu Zhou,24,#64D064,24.0,534,-,-,0,1,-,-,-,-,-,-,-,-,-,-,,I,#50A078,24,2.0,1,0,0.492,0,1,0,0,0.0,19
2,2024,2024091,10,8,23,23-8,ZHO,Guanyu Zhou,24,#64D064,25.0,535,-,-,0,1,-,-,-,-,-,-,-,-,-,-,,I,#50A078,1,3.0,0,0,0.334,0,0,0,0,0.0,19
2,2024,2024091,10,8,23,23-8,ZHO,Guanyu Zhou,24,#64D064,26.0,536,-,-,0,1,-,-,-,-,-,-,-,-,-,-,,I,#50A078,2,3.0,0,0,0.334,0,0,0,0,0.0,19
2,2024,2024091,10,8,23,23-8,ZHO,Guanyu Zhou,24,#64D064,27.0,537,-,-,0,1,-,-,-,-,-,-,-,-,-,-,,I,#50A078,3,3.0,0,0,0.334,0,0,0,0,0.0,19
2,2024,2024091,10,8,23,23-8,ZHO,Guanyu Zhou,24,#64D064,28.0,538,-,-,0,1,-,-,-,-,-,-,-,-,-,-,,I,#50A078,4,3.0,0,0,0.334,0,0,0,0,0.0,18
2,2024,2024091,10,8,23,23-8,ZHO,Guanyu Zhou,24,#64D064,29.0,539,-,-,0,1,-,-,-,-,-,-,-,-,-,-,,I,#50A078,5,3.0,0,0,0.334,1,0,0,0,0.0,18
2,2024,2024091,10,8,23,23-8,ZHO,Guanyu Zhou,24,#64D064,30.0,540,-,-,0,1,-,-,-,-,-,-,-,-,-,-,,I,#50A078,6,3.0,0,0,0.334,0,0,0,0,0.0,18
2,2024,2024091,10,8,23,23-8,ZHO,Guanyu Zhou,24,#64D064,31.0,541,93.635,93.635,0,0,-,-,-1.938,-1.681,-1.097,3,-1.938,-1.681,-1.097,3,-0.257,I,#50A078,7,3.0,0,0,0.334,0,0,0,0,1.0,17
2,2024,2024091,10,8,23,23-8,ZHO,Guanyu Zhou,24,#64D064,32.0,542,91.705,91.705,0,0,92.67,1.930,-0.468,0.444,-0.690,23,-0.468,0.444,-0.690,23,-0.912,I,#50A078,8,3.0,0,0,0.334,0,0,0,0,0.0,17
2,2024,2024091,10,8,23,23-8,ZHO,Guanyu Zhou,24,#64D064,33.0,543,91.437,91.437,0,0,91.571,0.268,-1.289,-1.156,-0.711,3,-1.289,-1.156,-0.711,3,-0.133,I,#50A078,9,3.0,0,0,0.334,0,0,0,0,0.0,17
2,2024,2024091,10,8,23,23-8,ZHO,Guanyu Zhou,24,#64D064,34.0,544,89.049,89.049,0,0,90.243,2.388,-0.395,-0.283,-0.254,3,-0.395,-0.283,-0.254,3,-0.112,I,#50A078,10,3.0,0,0,0.334,0,0,0,0,0.0,17
2,2024,2024091,10,8,23,23-8,ZHO,Guanyu Zhou,24,#64D064,35.0,545,89.16,89.16,0,0,89.104,0.111,-0.893,-0.752,-0.517,3,-0.893,-0.752,-0.517,3,-0.141,I,#50A078,11,3.0,0,0,0.334,0,0,0,0,0.0,17
2,2024,2024091,10,8,23,23-8,ZHO,Guanyu Zhou,24,#64D064,36.0,546,87.649,87.649,0,0,88.404,1.511,0.03,0.528,-0.234,23,0.030,0.528,-0.234,23,-0.498,I,#50A078,12,3.0,0,0,0.334,0,0,0,0,0.0,17
2,2024,2024091,10,8,23,23-8,ZHO,Guanyu Zhou,24,#64D064,37.0,547,88.11,88.11,0,0,87.88,0.461,-1.031,-0.987,-0.537,3,-1.031,-0.987,-0.537,3,-0.044,I,#50A078,13,3.0,0,1,0.334,0,0,0,0,-1.0,18
2,2024,2024091,10,8,23,23-8,ZHO,Guanyu Zhou,24,#64D064,38.0,548,87.928,87.928,0,0,88.019,0.182,-1.284,-1.106,-0.731,3,-1.284,-1.106,-0.731,3,-0.178,I,#50A078,14,3.0,0,0,0.334,0,0,0,0,0.0,18
2,2024,2024091,10,8,23,23-8,ZHO,Guanyu Zhou,24,#64D064,39.0,549,87.877,87.877,0,0,87.902,0.051,-1.648,-1.375,-0.961,3,-1.648,-1.375,-0.961,3,-0.273,I,#50A078,15,3.0,0,0,0.334,0,0,0,0,0.0,18
2,2024,2024091,10,8,23,23-8,ZHO,Guanyu Zhou,24,#64D064,40.0,550,87.729,87.729,0,0,87.803,0.148,-2.081,-1.705,-1.228,3,-2.081,-1.705,-1.228,3,-0.376,I,#50A078,16,3.0,0,0,0.334,0,0,0,0,0.0,17
2,2024,2024091,10,8,23,23-8,ZHO,Guanyu Zhou,24,#64D064,41.0,551,87.373,87.373,0,0,87.551,0.356,-2.159,-1.589,-1.364,3,-2.159,-1.589,-1.364,3,-0.57,I,#50A078,17,3.0,0,0,0.334,0,0,0,0,0.0,16
2,2024,2024091,10,8,23,23-8,ZHO,Guanyu Zhou,24,#64D064,42.0,552,87.01,87.01,0,0,87.192,0.363,-1.722,-,-,-,-1.722,-,-,-,,I,#50A078,18,3.0,0,0,0.334,0,0,0,0,0.0,15
2,2024,2024091,10,8,23,23-8,ZHO,Guanyu Zhou,24,#64D064,43.0,553,87.246,87.246,0,0,87.128,0.236,-2.016,-,-,-,-2.016,-,-,-,,I,#50A078,19,3.0,0,0,0.334,0,0,0,0,0.0,12
2,2024,2024091,10,8,23,23-8,ZHO,Guanyu Zhou,24,#64D064,44.0,554,-,-,0,1,-,-,-,-,-,-,-,-,-,-,-2.234,I,#50A078,20,3.0,1,0,0.334,0,0,0,0,0.0,18
2,2024,2024091,10,8,23,23-8,ZHO,Guanyu Zhou,24,#64D064,45.0,555,-,-,0,1,-,-,-,-,-,-,-,-,-,-,-0.689,M,#F0E628,1,4.0,0,0,1.474,0,0,0,0,0.0,18
2,2024,2024091,10,8,23,23-8,ZHO,Guanyu Zhou,24,#64D064,46.0,556,96.767,96.767,0,0,-,-,-11.833,-13.203,-5.232,3,-11.833,-13.203,-5.232,3,1.37,M,#F0E628,2,4.0,0,0,1.474,0,0,0,0,0.0,18
2,2024,2024091,10,8,23,23-8,ZHO,Guanyu Zhou,24,#64D064,47.0,557,92.588,92.588,0,0,94.678,4.179,-9.442,-10.678,-4.103,3,-9.442,-10.678,-4.103,3,1.236,M,#F0E628,3,4.0,0,0,1.474,0,0,0,0,0.0,18
2,2024,2024091,10,8,23,23-8,ZHO,Guanyu Zhou,24,#64D064,48.0,558,86.473,86.473,0,0,89.53,6.115,-4.413,-4.352,-2.237,3,-4.413,-4.352,-2.237,3,-0.061,M,#F0E628,4,4.0,0,1,1.474,0,0,0,0,0.0,18
2,2024,2024091,10,8,23,23-8,ZHO,Guanyu Zhou,24,#64D064,49.0,559,84.909,84.909,0,0,85.691,1.564,-3.869,-3.874,-1.932,3,-3.869,-3.874,-1.932,3,0.005,M,#F0E628,5,4.0,0,0,1.474,0,0,0,0,0.0,18
2,2024,2024091,10,8,23,23-8,ZHO,Guanyu Zhou,24,#64D064,50.0,560,82.924,82.924,0,0,83.917,1.985,-3.14,-2.236,-2.022,3,-3.140,-2.236,-2.022,3,-0.904,M,#F0E628,6,4.0,0,0,1.474,0,0,0,0,0.0,18
2,2024,2024091,10,8,23,23-8,ZHO,Guanyu Zhou,24,#64D064,51.0,561,82.032,82.032,0,0,82.478,0.892,-2.87,-1.894,-1.923,3,-2.870,-1.894,-1.923,3,-0.976,M,#F0E628,7,4.0,0,0,1.474,0,0,0,0,0.0,18
2,2024,2024091,10,8,23,23-8,ZHO,Guanyu Zhou,24,#64D064,52.0,562,-,-,0,1,-,-,-,-,-,-,-,-,-,-,-3.129,M,#F0E628,8,4.0,1,0,1.474,0,1,0,0,0.0,18
2,2024,2024091,10,8,23,23-8,ZHO,Guanyu Zhou,24,#64D064,53.0,563,-,-,0,1,-,-,-,-,-,-,-,-,-,-,,M,#F0E628,1,5.0,0,0,0.377,0,0,0,0,0.0,16
2,2024,2024091,10,8,23,23-8,ZHO,Guanyu Zhou,24,#64D064,54.0,564,-,-,0,1,-,-,-,-,-,-,-,-,-,-,,M,#F0E628,2,5.0,0,0,0.377,0,0,0,0,0.0,15
2,2024,2024091,10,8,23,23-8,ZHO,Guanyu Zhou,24,#64D064,55.0,565,-,-,0,1,-,-,-,-,-,-,-,-,-,-,,M,#F0E628,3,5.0,0,0,0.377,0,0,0,0,0.0,15
2,2024,2024091,10,8,23,23-8,ZHO,Guanyu Zhou,24,#64D064,56.0,566,-,-,0,1,-,-,-,-,-,-,-,-,-,-,,M,#F0E628,4,5.0,0,0,0.377,0,0,0,0,0.0,15
2,2024,2024091,10,8,23,23-8,ZHO,Guanyu Zhou,24,#64D064,57.0,567,-,-,0,1,-,-,-,-,-,-,-,-,-,-,,M,#F0E628,5,5.0,0,0,0.377,1,0,0,0,0.0,15
2,2024,2024091,10,8,23,23-8,ZHO,Guanyu Zhou,24,#64D064,58.0,568,-,-,0,1,-,-,-,-,-,-,-,-,-,-,,M,#F0E628,6,5.0,0,0,0.377,0,0,0,0,0.0,15
2,2024,2024091,10,8,23,23-8,ZHO,Guanyu Zhou,24,#64D064,59.0,569,80.26,80.26,0,0,-,-,-0.0,-,-,-,-0.000,-,-,-,,M,#F0E628,7,5.0,0,0,0.377,0,0,0,0,0.0,15
2,2024,2024091,10,8,23,23-8,ZHO,Guanyu Zhou,24,#64D064,60.0,570,79.699,79.699,0,0,79.98,0.561,-1.208,-0.772,-0.822,3,-1.208,-0.772,-0.822,3,-0.436,M,#F0E628,8,5.0,0,0,0.377,0,0,0,0,0.0,15
2,2024,2024091,10,8,23,23-8,ZHO,Guanyu Zhou,24,#64D064,61.0,571,79.574,79.574,0,0,79.636,0.125,-1.388,-1.218,-0.779,3,-1.388,-1.218,-0.779,3,-0.17,M,#F0E628,9,5.0,0,0,0.377,0,0,0,0,0.0,15
2,2024,2024091,10,8,23,23-8,ZHO,Guanyu Zhou,24,#64D064,62.0,572,79.003,79.003,0,0,79.288,0.571,-1.204,-0.531,-0.939,3,-1.204,-0.531,-0.939,3,-0.673,M,#F0E628,10,5.0,0,0,0.377,0,0,0,0,0.0,15
2,2024,2024091,10,8,23,23-8,ZHO,Guanyu Zhou,24,#64D064,63.0,573,78.754,78.754,0,0,78.878,0.249,-1.317,-0.986,-0.824,3,-1.317,-0.986,-0.824,3,-0.331,M,#F0E628,11,5.0,0,0,0.377,0,0,0,0,0.0,15
2,2024,2024091,10,8,23,23-8,ZHO,Guanyu Zhou,24,#64D064,64.0,574,78.734,78.734,0,0,78.744,0.020,-1.525,0.525,-1.788,23,-1.525,-1.225,-0.912,3,-2.05,M,#F0E628,12,5.0,0,1,0.377,0,0,0,0,0.0,15
2,2024,2024091,10,8,23,23-8,ZHO,Guanyu Zhou,24,#64D064,65.0,575,80.871,78.748,1,0,78.741,2.137,-3.808,-3.621,-1.998,3,-1.685,-1.498,-0.936,3,-0.187,M,#F0E628,13,5.0,0,0,0.377,0,0,0,0,0.0,15
2,2024,2024091,10,8,23,23-8,ZHO,Guanyu Zhou,24,#64D064,66.0,576,78.762,78.762,0,0,78.755,2.109,-1.43,1.612,-2.236,23,-1.430,-0.124,-1.368,3,-3.042,M,#F0E628,14,5.0,0,0,0.377,0,0,0,0,0.0,15
2,2024,2024091,10,8,23,23-8,ZHO,Guanyu Zhou,24,#64D064,67.0,577,78.258,78.258,0,0,78.51,0.504,-0.995,1.768,-1.879,23,-0.995,1.768,-1.879,23,-2.763,M,#F0E628,15,5.0,0,0,0.377,0,0,0,0,0.0,15
2,2024,2024091,10,8,23,23-8,ZHO,Guanyu Zhou,24,#64D064,68.0,578,77.325,77.325,0,0,77.792,0.933,-0.387,1.288,-1.031,23,-0.387,1.288,-1.031,23,-1.675,M,#F0E628,16,5.0,0,0,0.377,0,0,0,0,0.0,15
2,2024,2024091,10,8,23,23-8,ZHO,Guanyu Zhou,24,#64D064,69.0,579,77.62,77.62,0,0,77.472,0.295,-0.697,0.725,-1.060,23,-0.697,0.725,-1.060,23,-1.422,M,#F0E628,17,5.0,0,0,0.377,0,0,0,0,0.0,15
2,2024,2024101,11,8,3,3-8,BOT,Valtteri Bottas,77,#64D064,1.0,581,-,-,0,1,-,-,-,-,-,-,-,-,-,-,,S,#CD3C3C,1,1.0,0,0,0.099,0,0,0,0,,14
2,2024,2024101,11,8,3,3-8,BOT,Valtteri Bottas,77,#64D064,2.0,582,-,-,0,1,-,-,-,-,-,-,-,-,-,-,,S,#CD3C3C,2,1.0,0,0,0.099,0,0,0,0,0.0,14
2,2024,2024101,11,8,3,3-8,BOT,Valtteri Bottas,77,#64D064,3.0,583,82.113,82.113,0,0,-,-,-0.701,-0.403,-0.902,3,-0.701,-0.403,-0.902,3,-1.104,S,#CD3C3C,3,1.0,0,0,0.099,0,0,0,0,0.0,14
2,2024,2024101,11,8,3,3-8,BOT,Valtteri Bottas,77,#64D064,4.0,584,82.291,82.291,0,0,82.202,0.178,-0.732,-0.067,-0.766,3,-0.732,-0.067,-0.766,3,-0.799,S,#CD3C3C,4,1.0,0,0,0.099,0,0,0,0,0.0,14
2,2024,2024101,11,8,3,3-8,BOT,Valtteri Bottas,77,#64D064,5.0,585,82.662,82.314,1,0,82.302,0.371,-0.887,-0.148,-0.961,3,-0.538,-0.497,-0.786,3,-1.035,S,#CD3C3C,5,1.0,0,0,0.099,0,0,0,0,0.0,14
2,2024,2024101,11,8,3,3-8,BOT,Valtteri Bottas,77,#64D064,6.0,586,82.336,82.336,0,0,82.325,0.326,-0.422,-0.615,-0.729,3,-0.422,-0.615,-0.729,3,-1.037,S,#CD3C3C,6,1.0,0,1,0.099,0,0,0,0,0.0,14
2,2024,2024101,11,8,3,3-8,BOT,Valtteri Bottas,77,#64D064,7.0,587,82.3,82.3,0,0,82.318,0.036,-0.266,-0.187,-0.359,3,-0.266,-0.187,-0.359,3,-0.453,S,#CD3C3C,7,1.0,0,0,0.099,0,0,0,0,1.0,13
2,2024,2024101,11,8,3,3-8,BOT,Valtteri Bottas,77,#64D064,8.0,588,82.503,82.503,0,0,82.402,0.203,-0.466,-0.067,-0.499,3,-0.466,-0.067,-0.499,3,-0.533,S,#CD3C3C,8,1.0,0,0,0.099,0,0,0,0,0.0,13
2,2024,2024101,11,8,3,3-8,BOT,Valtteri Bottas,77,#64D064,9.0,589,82.292,82.292,0,0,82.398,0.211,-0.517,-,-,-,-0.517,-,-,-,,S,#CD3C3C,9,1.0,0,0,0.099,0,0,0,0,0.0,13
2,2024,2024101,11,8,3,3-8,BOT,Valtteri Bottas,77,#64D064,10.0,590,82.314,82.314,0,0,82.303,0.022,-0.585,-,-,-,-0.585,-,-,-,,S,#CD3C3C,10,1.0,0,0,0.099,0,0,0,0,0.0,13
2,2024,2024101,11,8,3,3-8,BOT,Valtteri Bottas,77,#64D064,11.0,591,-,-,0,1,-,-,-,-,-,-,-,-,-,-,1.362,S,#CD3C3C,11,1.0,1,0,0.099,0,0,0,0,0.0,14
2,2024,2024101,11,8,3,3-8,BOT,Valtteri Bottas,77,#64D064,12.0,592,-,-,0,1,-,-,-,-,-,-,-,-,-,-,1.409,S,#CD3C3C,4,2.0,0,0,0.242,0,0,0,0,0.0,18
2,2024,2024101,11,8,3,3-8,BOT,Valtteri Bottas,77,#64D064,13.0,593,79.608,79.608,0,0,-,-,1.882,-1.131,1.317,3,1.882,-1.131,1.317,3,0.751,S,#CD3C3C,5,2.0,0,0,0.242,0,0,0,0,0.0,18
2,2024,2024101,11,8,3,3-8,BOT,Valtteri Bottas,77,#64D064,14.0,594,80.017,80.017,0,0,79.812,0.409,1.407,-1.852,0.481,3,1.407,-1.041,0.887,3,-0.445,S,#CD3C3C,6,2.0,0,0,0.242,0,0,0,0,1.0,17
2,2024,2024101,11,8,3,3-8,BOT,Valtteri Bottas,77,#64D064,15.0,595,81.085,81.085,0,0,80.551,1.068,0.316,-0.291,0.171,3,0.316,-0.291,0.171,3,0.025,S,#CD3C3C,7,2.0,0,0,0.242,0,0,0,0,0.0,16
2,2024,2024101,11,8,3,3-8,BOT,Valtteri Bottas,77,#64D064,16.0,596,81.257,81.257,0,0,81.171,0.172,0.018,-0.125,-0.044,3,0.018,-0.125,-0.044,3,-0.107,S,#CD3C3C,8,2.0,0,0,0.242,0,0,0,0,0.0,16
2,2024,2024101,11,8,3,3-8,BOT,Valtteri Bottas,77,#64D064,17.0,597,81.587,81.587,0,0,81.422,0.330,-0.321,-0.020,-0.331,3,-0.321,-0.020,-0.331,3,-0.341,S,#CD3C3C,9,2.0,0,0,0.242,0,0,0,0,0.0,15
2,2024,2024101,11,8,3,3-8,BOT,Valtteri Bottas,77,#64D064,18.0,598,81.601,81.601,0,0,81.594,0.014,-0.74,0.055,-0.713,23,-0.740,0.055,-0.713,23,-0.685,S,#CD3C3C,10,2.0,0,0,0.242,0,0,0,0,0.0,13
2,2024,2024101,11,8,3,3-8,BOT,Valtteri Bottas,77,#64D064,19.0,599,81.23,81.23,0,0,81.416,0.371,-0.486,-0.149,-0.560,3,-0.486,-0.149,-0.560,3,-0.635,S,#CD3C3C,11,2.0,0,0,0.242,0,0,0,0,0.0,13
2,2024,2024101,11,8,3,3-8,BOT,Valtteri Bottas,77,#64D064,20.0,600,81.612,81.612,0,0,81.421,0.382,-0.781,0.100,-0.731,23,-0.781,0.100,-0.731,23,-0.681,S,#CD3C3C,12,2.0,0,1,0.242,0,0,0,0,0.0,12
2,2024,2024101,11,8,3,3-8,BOT,Valtteri Bottas,77,#64D064,21.0,601,81.686,81.686,0,0,81.649,0.074,-0.821,-0.104,-0.873,3,-0.821,-0.104,-0.873,3,-0.925,S,#CD3C3C,13,2.0,0,0,0.242,0,0,0,0,0.0,12
2,2024,2024101,11,8,3,3-8,BOT,Valtteri Bottas,77,#64D064,22.0,602,81.931,81.931,0,0,81.809,0.245,-0.997,0.260,-0.867,23,-0.997,0.260,-0.867,23,-0.737,S,#CD3C3C,14,2.0,0,0,0.242,0,0,0,0,0.0,12
2,2024,2024101,11,8,3,3-8,BOT,Valtteri Bottas,77,#64D064,23.0,603,82.239,82.239,0,0,82.085,0.308,-1.245,0.443,-1.024,23,-1.245,0.443,-1.024,23,-0.802,S,#CD3C3C,15,2.0,0,0,0.242,0,0,0,0,0.0,12
2,2024,2024101,11,8,3,3-8,BOT,Valtteri Bottas,77,#64D064,24.0,604,81.782,81.782,0,0,82.011,0.457,-0.852,0.221,-0.742,23,-0.852,0.221,-0.742,23,-0.631,S,#CD3C3C,16,2.0,0,0,0.242,0,0,0,0,0.0,12
2,2024,2024101,11,8,3,3-8,BOT,Valtteri Bottas,77,#64D064,25.0,605,83.041,82.392,1,0,82.087,1.259,-2.345,2.572,-1.059,23,-1.695,1.922,-0.734,23,0.227,S,#CD3C3C,17,2.0,0,0,0.242,0,0,0,0,-1.0,13
2,2024,2024101,11,8,3,3-8,BOT,Valtteri Bottas,77,#64D064,26.0,606,83.001,83.001,0,0,82.696,0.040,-2.174,1.733,-1.308,23,-2.174,2.177,-1.085,23,-0.441,S,#CD3C3C,18,2.0,0,0,0.242,0,0,0,0,-1.0,14
2,2024,2024101,11,8,3,3-8,BOT,Valtteri Bottas,77,#64D064,27.0,607,83.428,83.428,0,0,83.214,0.427,-2.487,2.249,-1.363,23,-2.487,2.249,-1.363,23,-0.238,S,#CD3C3C,19,2.0,0,0,0.242,0,0,0,0,-1.0,15
2,2024,2024101,11,8,3,3-8,BOT,Valtteri Bottas,77,#64D064,28.0,608,-,-,0,1,-,-,-,-,-,-,-,-,-,-,-0.364,S,#CD3C3C,20,2.0,1,0,0.242,0,0,0,0,0.0,16
2,2024,2024101,11,8,3,3-8,BOT,Valtteri Bottas,77,#64D064,29.0,609,-,-,0,1,-,-,-,-,-,-,-,-,-,-,-0.382,H,#A5AFB9,1,3.0,0,0,0.544,0,0,0,0,0.0,19
2,2024,2024101,11,8,3,3-8,BOT,Valtteri Bottas,77,#64D064,30.0,610,80.195,80.195,0,0,-,-,0.519,-1.276,-0.119,3,0.519,-1.046,-0.004,3,-0.757,H,#A5AFB9,2,3.0,0,0,0.544,0,0,0,0,0.0,18
2,2024,2024101,11,8,3,3-8,BOT,Valtteri Bottas,77,#64D064,31.0,611,80.47,80.47,0,0,80.332,0.275,0.323,-0.956,-0.155,3,0.323,-0.956,-0.155,3,-0.633,H,#A5AFB9,3,3.0,0,0,0.544,0,0,0,0,0.0,18
2,2024,2024101,11,8,3,3-8,BOT,Valtteri Bottas,77,#64D064,32.0,612,81.613,80.518,1,0,80.494,1.143,-0.896,0.226,-0.783,23,0.200,-0.870,-0.235,3,-0.67,H,#A5AFB9,4,3.0,0,0,0.544,0,0,0,0,0.0,18
2,2024,2024101,11,8,3,3-8,BOT,Valtteri Bottas,77,#64D064,33.0,613,80.565,80.565,0,0,80.541,1.048,0.008,-0.430,-0.207,3,0.008,-0.430,-0.207,3,-0.422,H,#A5AFB9,5,3.0,0,0,0.544,0,0,0,0,1.0,17
2,2024,2024101,11,8,3,3-8,BOT,Valtteri Bottas,77,#64D064,34.0,614,80.744,80.744,0,0,80.654,0.179,-0.218,-0.529,-0.482,3,-0.218,-0.529,-0.482,3,-0.747,H,#A5AFB9,6,3.0,0,0,0.544,0,0,0,0,0.0,17
2,2024,2024101,11,8,3,3-8,BOT,Valtteri Bottas,77,#64D064,35.0,615,80.666,80.666,0,0,80.705,0.078,0.068,-0.752,-0.308,3,0.068,-0.752,-0.308,3,-0.684,H,#A5AFB9,7,3.0,0,0,0.544,0,0,0,0,0.0,17
2,2024,2024101,11,8,3,3-8,BOT,Valtteri Bottas,77,#64D064,36.0,616,80.604,80.604,0,0,80.635,0.062,-0.043,-1.548,-0.817,3,-0.043,-0.866,-0.476,3,-1.591,H,#A5AFB9,8,3.0,0,0,0.544,0,0,0,0,0.0,17
2,2024,2024101,11,8,3,3-8,BOT,Valtteri Bottas,77,#64D064,37.0,617,80.815,80.815,0,0,80.709,0.211,-0.403,-0.708,-0.757,3,-0.403,-0.708,-0.757,3,-1.111,H,#A5AFB9,9,3.0,0,0,0.544,0,0,0,0,0.0,17
2,2024,2024101,11,8,3,3-8,BOT,Valtteri Bottas,77,#64D064,38.0,618,80.773,80.773,0,0,80.794,0.042,-0.694,-0.457,-0.922,3,-0.694,-0.457,-0.922,3,-1.151,H,#A5AFB9,10,3.0,0,0,0.544,0,0,0,0,0.0,16
2,2024,2024101,11,8,3,3-8,BOT,Valtteri Bottas,77,#64D064,39.0,619,82.774,80.914,1,0,80.844,2.001,-2.463,1.388,-1.769,23,-0.603,-0.472,-0.839,3,-1.075,H,#A5AFB9,11,3.0,0,0,0.544,0,0,0,0,0.0,16
2,2024,2024101,11,8,3,3-8,BOT,Valtteri Bottas,77,#64D064,40.0,620,81.055,81.055,0,0,80.984,1.719,-0.766,-1.164,-1.348,3,-0.766,-1.164,-1.348,3,-1.93,H,#A5AFB9,12,3.0,0,0,0.544,0,0,0,0,0.0,16
2,2024,2024101,11,8,3,3-8,BOT,Valtteri Bottas,77,#64D064,41.0,621,84.249,80.766,1,0,80.911,3.194,-4.05,-,-,-,-0.567,-,-,-,,H,#A5AFB9,13,3.0,0,0,0.544,0,0,0,0,-1.0,17
2,2024,2024101,11,8,3,3-8,BOT,Valtteri Bottas,77,#64D064,42.0,622,80.477,80.477,0,0,80.622,3.772,-0.159,-,-,-,-0.159,-,-,-,,H,#A5AFB9,14,3.0,0,0,0.544,0,0,0,0,0.0,16
2,2024,2024101,11,8,3,3-8,BOT,Valtteri Bottas,77,#64D064,43.0,623,82.645,80.908,1,0,80.692,2.168,-2.512,3.666,-0.679,23,-0.774,1.928,0.190,23,1.154,H,#A5AFB9,15,3.0,0,0,0.544,0,0,0,0,-1.0,16
2,2024,2024101,11,8,3,3-8,BOT,Valtteri Bottas,77,#64D064,44.0,624,81.338,81.338,0,0,81.123,1.307,-1.111,2.092,-0.065,23,-1.111,2.092,-0.065,23,0.981,H,#A5AFB9,16,3.0,0,0,0.544,0,0,0,0,0.0,15
2,2024,2024101,11,8,3,3-8,BOT,Valtteri Bottas,77,#64D064,45.0,625,80.81,80.81,0,0,81.074,0.528,-1.022,1.437,-0.303,23,-1.022,1.437,-0.303,23,0.415,H,#A5AFB9,17,3.0,0,0,0.544,0,0,0,0,0.0,15
2,2024,2024101,11,8,3,3-8,BOT,Valtteri Bottas,77,#64D064,46.0,626,80.891,80.891,0,0,80.851,0.081,-1.227,1.665,-0.395,23,-1.227,1.665,-0.395,23,0.438,H,#A5AFB9,18,3.0,0,0,0.544,0,0,0,0,0.0,15
2,2024,2024101,11,8,3,3-8,BOT,Valtteri Bottas,77,#64D064,47.0,627,81.055,81.055,0,0,80.973,0.164,-1.402,1.857,-0.473,23,-1.402,1.857,-0.473,23,0.455,H,#A5AFB9,19,3.0,0,1,0.544,0,0,0,0,0.0,15
2,2024,2024101,11,8,3,3-8,BOT,Valtteri Bottas,77,#64D064,48.0,628,82.101,80.85,1,0,80.952,1.046,-2.392,2.963,-0.910,23,-1.140,1.711,-0.284,23,0.571,H,#A5AFB9,20,3.0,0,0,0.544,0,0,0,0,0.0,15
2,2024,2024101,11,8,3,3-8,BOT,Valtteri Bottas,77,#64D064,49.0,629,80.644,80.644,0,0,80.747,1.457,-1.178,1.726,-0.315,23,-1.178,1.726,-0.315,23,0.548,H,#A5AFB9,21,3.0,0,0,0.544,0,0,0,0,0.0,15
2,2024,2024101,11,8,3,3-8,BOT,Valtteri Bottas,77,#64D064,50.0,630,81.587,81.587,0,0,81.116,0.943,-2.381,2.816,-0.973,23,-2.381,2.816,-0.973,23,0.435,H,#A5AFB9,22,3.0,0,0,0.544,0,0,0,0,0.0,15
2,2024,2024101,11,8,3,3-8,BOT,Valtteri Bottas,77,#64D064,51.0,631,82.406,82.406,0,0,81.996,0.819,-3.126,2.980,-1.636,23,-3.126,2.980,-1.636,23,-0.146,H,#A5AFB9,23,3.0,0,0,0.544,0,0,0,0,0.0,15
2,2024,2024101,11,8,3,3-8,BOT,Valtteri Bottas,77,#64D064,52.0,632,82.596,82.596,0,0,82.501,0.190,-3.165,2.688,-1.821,23,-3.165,2.688,-1.821,23,-0.477,H,#A5AFB9,24,3.0,0,0,0.544,0,0,0,0,0.0,15
2,2024,2024101,11,8,3,3-8,BOT,Valtteri Bottas,77,#64D064,53.0,633,83.642,81.696,1,0,82.146,1.046,-4.233,2.757,-2.854,23,-2.287,1.714,-1.430,23,-1.476,H,#A5AFB9,25,3.0,0,0,0.544,0,0,0,0,0.0,15
2,2024,2024101,11,8,3,3-8,BOT,Valtteri Bottas,77,#64D064,54.0,634,80.795,80.795,0,0,81.245,2.847,-1.432,0.740,-1.062,23,-1.432,0.740,-1.062,23,-0.692,H,#A5AFB9,26,3.0,0,0,0.544,0,0,0,0,0.0,15
2,2024,2024101,11,8,3,3-8,BOT,Valtteri Bottas,77,#64D064,55.0,635,80.81,80.81,0,0,80.803,0.015,-1.414,-0.417,-1.623,3,-1.414,1.010,-0.909,23,-1.831,H,#A5AFB9,27,3.0,0,0,0.544,0,0,0,0,0.0,15
2,2024,2024101,11,8,3,3-8,BOT,Valtteri Bottas,77,#64D064,56.0,636,80.369,80.369,0,0,80.59,0.441,-1.063,0.825,-0.650,23,-1.063,0.825,-0.650,23,-0.238,H,#A5AFB9,28,3.0,0,0,0.544,0,0,0,0,0.0,15
2,2024,2024101,11,8,3,3-8,BOT,Valtteri Bottas,77,#64D064,57.0,637,79.936,79.936,0,0,80.152,0.433,-0.587,-0.877,-1.026,3,-0.587,0.480,-0.347,23,-1.464,H,#A5AFB9,29,3.0,0,0,0.544,0,0,0,0,0.0,15
2,2024,2024101,11,8,3,3-8,BOT,Valtteri Bottas,77,#64D064,58.0,638,81.902,80.163,1,0,80.05,1.966,-2.543,2.534,-1.276,23,-0.804,0.795,-0.406,23,-0.009,H,#A5AFB9,30,3.0,0,0,0.544,0,0,0,0,0.0,15
2,2024,2024101,11,8,3,3-8,BOT,Valtteri Bottas,77,#64D064,59.0,639,80.39,80.39,0,0,80.276,1.512,-0.902,0.739,-0.532,23,-0.902,0.739,-0.532,23,-0.163,H,#A5AFB9,31,3.0,0,0,0.544,0,0,0,0,0.0,15
2,2024,2024101,11,8,3,3-8,BOT,Valtteri Bottas,77,#64D064,60.0,640,82.699,80.775,1,0,80.583,2.309,-3.224,2.956,-1.746,23,-1.300,1.032,-0.784,23,-0.268,H,#A5AFB9,32,3.0,0,0,0.544,0,0,0,0,-1.0,16
2,2024,2024101,11,8,3,3-8,BOT,Valtteri Bottas,77,#64D064,61.0,641,81.16,81.16,0,0,80.968,1.539,-1.623,1.351,-0.948,23,-1.623,1.351,-0.948,23,-0.272,H,#A5AFB9,33,3.0,0,0,0.544,0,0,0,0,0.0,16
2,2024,2024101,11,8,3,3-8,BOT,Valtteri Bottas,77,#64D064,62.0,642,80.876,80.876,0,0,81.018,0.284,-1.327,1.045,-0.804,23,-1.327,1.045,-0.804,23,-0.282,H,#A5AFB9,34,3.0,0,0,0.544,0,0,0,0,0.0,16
2,2024,2024101,11,8,3,3-8,BOT,Valtteri Bottas,77,#64D064,63.0,643,80.747,80.747,0,0,80.812,0.129,-1.063,0.960,-0.583,23,-1.063,0.960,-0.583,23,-0.103,H,#A5AFB9,35,3.0,0,0,0.544,0,0,0,0,0.0,16
2,2024,2024101,11,8,3,3-8,BOT,Valtteri Bottas,77,#64D064,64.0,644,81.325,81.325,0,0,81.036,0.578,-1.305,1.315,-0.647,23,-1.305,1.315,-0.647,23,0.01,H,#A5AFB9,36,3.0,0,0,0.544,0,0,0,0,0.0,16
2,2024,2024101,11,8,3,3-8,BOT,Valtteri Bottas,77,#64D064,65.0,645,81.432,81.432,0,0,81.378,0.107,-1.351,0.447,-1.127,23,-1.351,0.447,-1.127,23,-0.904,H,#A5AFB9,37,3.0,0,0,0.544,0,0,0,0,0.0,16
2,2024,2024101,11,8,23,23-8,ZHO,Guanyu Zhou,24,#64D064,1.0,581,-,-,0,1,-,-,-,-,-,-,-,-,-,-,,S,#CD3C3C,1,1.0,0,0,0.130,0,0,0,0,,17
2,2024,2024101,11,8,23,23-8,ZHO,Guanyu Zhou,24,#64D064,2.0,582,-,-,0,1,-,-,-,-,-,-,-,-,-,-,,S,#CD3C3C,2,1.0,0,0,0.130,0,0,0,0,0.0,17
2,2024,2024101,11,8,23,23-8,ZHO,Guanyu Zhou,24,#64D064,3.0,583,82.516,82.516,0,0,-,-,-1.104,-0.403,-0.902,3,-1.104,-0.403,-0.902,3,-0.701,S,#CD3C3C,3,1.0,0,0,0.130,0,0,0,0,0.0,17
2,2024,2024101,11,8,23,23-8,ZHO,Guanyu Zhou,24,#64D064,4.0,584,82.358,82.358,0,0,82.437,0.158,-0.799,-0.067,-0.766,3,-0.799,-0.067,-0.766,3,-0.732,S,#CD3C3C,4,1.0,0,0,0.130,0,0,0,0,0.0,17
2,2024,2024101,11,8,23,23-8,ZHO,Guanyu Zhou,24,#64D064,5.0,585,82.81,82.81,0,0,82.584,0.452,-1.035,-0.148,-0.961,3,-1.035,-0.497,-0.786,3,-0.887,S,#CD3C3C,5,1.0,0,1,0.130,0,0,0,0,0.0,17
2,2024,2024101,11,8,23,23-8,ZHO,Guanyu Zhou,24,#64D064,6.0,586,82.951,82.951,0,0,82.88,0.141,-1.037,-0.615,-0.729,3,-1.037,-0.615,-0.729,3,-0.422,S,#CD3C3C,6,1.0,0,0,0.130,0,0,0,0,0.0,17
2,2024,2024101,11,8,23,23-8,ZHO,Guanyu Zhou,24,#64D064,7.0,587,82.487,82.487,0,0,82.719,0.464,-0.453,-0.187,-0.359,3,-0.453,-0.187,-0.359,3,-0.266,S,#CD3C3C,7,1.0,0,0,0.130,0,0,0,0,1.0,16
2,2024,2024101,11,8,23,23-8,ZHO,Guanyu Zhou,24,#64D064,8.0,588,82.57,82.57,0,0,82.528,0.083,-0.533,-0.067,-0.499,3,-0.533,-0.067,-0.499,3,-0.466,S,#CD3C3C,8,1.0,0,0,0.130,0,0,0,0,0.0,16
2,2024,2024101,11,8,23,23-8,ZHO,Guanyu Zhou,24,#64D064,9.0,589,-,-,0,1,-,-,-,-,-,-,-,-,-,-,-0.517,S,#CD3C3C,9,1.0,1,0,0.130,0,0,0,0,0.0,18
2,2024,2024101,11,8,23,23-8,ZHO,Guanyu Zhou,24,#64D064,10.0,590,-,-,0,1,-,-,-,-,-,-,-,-,-,-,-0.585,M,#F0E628,1,2.0,0,0,0.201,0,0,0,0,0.0,19
2,2024,2024101,11,8,23,23-8,ZHO,Guanyu Zhou,24,#64D064,11.0,591,80.219,80.219,0,0,-,-,1.362,-,-,-,1.362,-,-,-,,M,#F0E628,2,2.0,0,0,0.201,0,0,0,0,0.0,18
2,2024,2024101,11,8,23,23-8,ZHO,Guanyu Zhou,24,#64D064,12.0,592,80.151,80.151,0,0,80.185,0.068,1.409,-,-,-,1.409,-,-,-,,M,#F0E628,3,2.0,0,0,0.201,0,0,0,0,0.0,17
2,2024,2024101,11,8,23,23-8,ZHO,Guanyu Zhou,24,#64D064,13.0,593,80.739,80.739,0,0,80.445,0.588,0.751,-1.131,1.317,3,0.751,-1.131,1.317,3,1.882,M,#F0E628,4,2.0,0,0,0.201,0,0,0,0,0.0,17
2,2024,2024101,11,8,23,23-8,ZHO,Guanyu Zhou,24,#64D064,14.0,594,81.869,81.058,1,0,80.898,1.130,-0.445,-1.852,0.481,3,0.366,-1.041,0.887,3,1.407,M,#F0E628,5,2.0,0,0,0.201,0,0,0,0,-1.0,18
2,2024,2024101,11,8,23,23-8,ZHO,Guanyu Zhou,24,#64D064,15.0,595,81.376,81.376,0,0,81.217,0.493,0.025,-0.291,0.171,3,0.025,-0.291,0.171,3,0.316,M,#F0E628,6,2.0,0,0,0.201,0,0,0,0,0.0,17
2,2024,2024101,11,8,23,23-8,ZHO,Guanyu Zhou,24,#64D064,16.0,596,81.382,81.382,0,0,81.379,0.006,-0.107,-0.125,-0.044,3,-0.107,-0.125,-0.044,3,0.018,M,#F0E628,7,2.0,0,0,0.201,0,0,0,0,0.0,17
2,2024,2024101,11,8,23,23-8,ZHO,Guanyu Zhou,24,#64D064,17.0,597,81.607,81.607,0,0,81.494,0.225,-0.341,-0.020,-0.331,3,-0.341,-0.020,-0.331,3,-0.321,M,#F0E628,8,2.0,0,0,0.201,0,0,0,0,0.0,16
2,2024,2024101,11,8,23,23-8,ZHO,Guanyu Zhou,24,#64D064,18.0,598,81.546,81.546,0,0,81.577,0.061,-0.685,0.055,-0.713,23,-0.685,0.055,-0.713,23,-0.74,M,#F0E628,9,2.0,0,0,0.201,0,0,0,0,0.0,14
2,2024,2024101,11,8,23,23-8,ZHO,Guanyu Zhou,24,#64D064,19.0,599,81.379,81.379,0,0,81.462,0.167,-0.635,-0.149,-0.560,3,-0.635,-0.149,-0.560,3,-0.486,M,#F0E628,10,2.0,0,0,0.201,0,0,0,0,0.0,14
2,2024,2024101,11,8,23,23-8,ZHO,Guanyu Zhou,24,#64D064,20.0,600,81.512,81.512,0,0,81.446,0.133,-0.681,0.100,-0.731,23,-0.681,0.100,-0.731,23,-0.781,M,#F0E628,11,2.0,0,0,0.201,0,0,0,0,0.0,13
2,2024,2024101,11,8,23,23-8,ZHO,Guanyu Zhou,24,#64D064,21.0,601,81.79,81.79,0,0,81.651,0.278,-0.925,-0.104,-0.873,3,-0.925,-0.104,-0.873,3,-0.821,M,#F0E628,12,2.0,0,0,0.201,0,0,0,0,0.0,13
2,2024,2024101,11,8,23,23-8,ZHO,Guanyu Zhou,24,#64D064,22.0,602,81.671,81.671,0,0,81.73,0.119,-0.737,0.260,-0.867,23,-0.737,0.260,-0.867,23,-0.997,M,#F0E628,13,2.0,0,0,0.201,0,0,0,0,0.0,13
2,2024,2024101,11,8,23,23-8,ZHO,Guanyu Zhou,24,#64D064,23.0,603,81.796,81.796,0,0,81.734,0.125,-0.802,0.443,-1.024,23,-0.802,0.443,-1.024,23,-1.245,M,#F0E628,14,2.0,0,0,0.201,0,0,0,0,0.0,13
2,2024,2024101,11,8,23,23-8,ZHO,Guanyu Zhou,24,#64D064,24.0,604,81.561,81.561,0,0,81.679,0.235,-0.631,0.221,-0.742,23,-0.631,0.221,-0.742,23,-0.852,M,#F0E628,15,2.0,0,0,0.201,0,0,0,0,0.0,13
2,2024,2024101,11,8,23,23-8,ZHO,Guanyu Zhou,24,#64D064,25.0,605,80.469,80.469,0,0,81.015,1.092,0.227,2.572,-1.059,23,0.227,1.922,-0.734,23,-2.345,M,#F0E628,16,2.0,0,1,0.201,0,0,0,0,1.0,12
2,2024,2024101,11,8,23,23-8,ZHO,Guanyu Zhou,24,#64D064,26.0,606,81.268,80.824,1,0,80.646,0.799,-0.441,1.733,-1.308,23,0.003,2.177,-1.085,23,-2.174,M,#F0E628,17,2.0,0,0,0.201,0,0,0,0,0.0,12
2,2024,2024101,11,8,23,23-8,ZHO,Guanyu Zhou,24,#64D064,27.0,607,81.179,81.179,0,0,81.002,0.089,-0.238,2.249,-1.363,23,-0.238,2.249,-1.363,23,-2.487,M,#F0E628,18,2.0,0,0,0.201,0,0,0,0,0.0,12
2,2024,2024101,11,8,23,23-8,ZHO,Guanyu Zhou,24,#64D064,28.0,608,81.254,81.254,0,0,81.216,0.075,-0.364,-,-,-,-0.364,-,-,-,,M,#F0E628,19,2.0,0,0,0.201,0,0,0,0,0.0,12
2,2024,2024101,11,8,23,23-8,ZHO,Guanyu Zhou,24,#64D064,29.0,609,81.057,81.057,0,0,81.156,0.197,-0.382,-,-,-,-0.382,-,-,-,,M,#F0E628,20,2.0,0,0,0.201,0,0,0,0,0.0,12
2,2024,2024101,11,8,23,23-8,ZHO,Guanyu Zhou,24,#64D064,30.0,610,81.471,81.242,1,0,81.149,0.414,-0.757,-1.276,-0.119,3,-0.527,-1.046,-0.004,3,0.519,M,#F0E628,21,2.0,0,0,0.201,0,0,0,0,0.0,12
2,2024,2024101,11,8,23,23-8,ZHO,Guanyu Zhou,24,#64D064,31.0,611,81.426,81.426,0,0,81.334,0.045,-0.633,-0.956,-0.155,3,-0.633,-0.956,-0.155,3,0.323,M,#F0E628,22,2.0,0,0,0.201,0,0,0,0,0.0,12
2,2024,2024101,11,8,23,23-8,ZHO,Guanyu Zhou,24,#64D064,32.0,612,81.387,81.387,0,0,81.406,0.039,-0.67,0.226,-0.783,23,-0.670,-0.870,-0.235,3,-0.896,M,#F0E628,23,2.0,0,0,0.201,0,0,0,0,0.0,11
2,2024,2024101,11,8,23,23-8,ZHO,Guanyu Zhou,24,#64D064,33.0,613,80.995,80.995,0,0,81.191,0.392,-0.422,-0.430,-0.207,3,-0.422,-0.430,-0.207,3,0.008,M,#F0E628,24,2.0,0,0,0.201,0,0,0,0,0.0,11
2,2024,2024101,11,8,23,23-8,ZHO,Guanyu Zhou,24,#64D064,34.0,614,81.273,81.273,0,0,81.134,0.278,-0.747,-0.529,-0.482,3,-0.747,-0.529,-0.482,3,-0.218,M,#F0E628,25,2.0,0,0,0.201,0,0,0,0,0.0,11
2,2024,2024101,11,8,23,23-8,ZHO,Guanyu Zhou,24,#64D064,35.0,615,81.418,81.418,0,0,81.346,0.145,-0.684,-0.752,-0.308,3,-0.684,-0.752,-0.308,3,0.068,M,#F0E628,26,2.0,0,0,0.201,0,0,0,0,0.0,11
2,2024,2024101,11,8,23,23-8,ZHO,Guanyu Zhou,24,#64D064,36.0,616,82.152,81.47,1,0,81.444,0.734,-1.591,-1.548,-0.817,3,-0.909,-0.866,-0.476,3,-0.043,M,#F0E628,27,2.0,0,0,0.201,0,0,0,0,-1.0,12
2,2024,2024101,11,8,23,23-8,ZHO,Guanyu Zhou,24,#64D064,37.0,617,81.523,81.523,0,0,81.497,0.629,-1.111,-0.708,-0.757,3,-1.111,-0.708,-0.757,3,-0.403,M,#F0E628,28,2.0,0,0,0.201,0,0,0,0,0.0,12
2,2024,2024101,11,8,23,23-8,ZHO,Guanyu Zhou,24,#64D064,38.0,618,81.23,81.23,0,0,81.376,0.293,-1.151,-0.457,-0.922,3,-1.151,-0.457,-0.922,3,-0.694,M,#F0E628,29,2.0,0,0,0.201,0,0,0,0,0.0,11
2,2024,2024101,11,8,23,23-8,ZHO,Guanyu Zhou,24,#64D064,39.0,619,81.386,81.386,0,0,81.308,0.156,-1.075,1.388,-1.769,23,-1.075,-0.472,-0.839,3,-2.463,M,#F0E628,30,2.0,0,0,0.201,0,0,0,0,0.0,9
2,2024,2024101,11,8,23,23-8,ZHO,Guanyu Zhou,24,#64D064,40.0,620,82.219,82.219,0,0,81.802,0.833,-1.93,-1.164,-1.348,3,-1.930,-1.164,-1.348,3,-0.766,M,#F0E628,31,2.0,0,0,0.201,0,0,0,0,-1.0,10
2,2024,2024101,11,8,23,23-8,ZHO,Guanyu Zhou,24,#64D064,41.0,621,-,-,0,1,-,-,-,-,-,-,-,-,-,-,-4.05,M,#F0E628,32,2.0,1,0,0.201,0,0,0,0,0.0,11
2,2024,2024101,11,8,23,23-8,ZHO,Guanyu Zhou,24,#64D064,42.0,622,-,-,0,1,-,-,-,-,-,-,-,-,-,-,-0.159,H,#A5AFB9,1,3.0,0,0,0.258,0,0,0,0,0.0,17
2,2024,2024101,11,8,23,23-8,ZHO,Guanyu Zhou,24,#64D064,43.0,623,78.979,78.979,0,0,-,-,1.154,3.666,-0.679,23,1.154,1.928,0.190,23,-2.512,H,#A5AFB9,2,3.0,0,0,0.258,0,0,0,0,1.0,14
2,2024,2024101,11,8,23,23-8,ZHO,Guanyu Zhou,24,#64D064,44.0,624,79.246,79.246,0,0,79.112,0.267,0.981,2.092,-0.065,23,0.981,2.092,-0.065,23,-1.111,H,#A5AFB9,3,3.0,0,0,0.258,0,0,0,0,1.0,13
2,2024,2024101,11,8,23,23-8,ZHO,Guanyu Zhou,24,#64D064,45.0,625,79.373,79.373,0,0,79.31,0.127,0.415,1.437,-0.303,23,0.415,1.437,-0.303,23,-1.022,H,#A5AFB9,4,3.0,0,0,0.258,0,0,0,0,0.0,13
2,2024,2024101,11,8,23,23-8,ZHO,Guanyu Zhou,24,#64D064,46.0,626,79.226,79.226,0,0,79.3,0.147,0.438,1.665,-0.395,23,0.438,1.665,-0.395,23,-1.227,H,#A5AFB9,5,3.0,0,0,0.258,0,0,0,0,0.0,12
2,2024,2024101,11,8,23,23-8,ZHO,Guanyu Zhou,24,#64D064,47.0,627,79.198,79.198,0,0,79.212,0.028,0.455,1.857,-0.473,23,0.455,1.857,-0.473,23,-1.402,H,#A5AFB9,6,3.0,0,0,0.258,0,0,0,0,0.0,12
2,2024,2024101,11,8,23,23-8,ZHO,Guanyu Zhou,24,#64D064,48.0,628,79.138,79.138,0,0,79.168,0.060,0.571,2.963,-0.910,23,0.571,1.711,-0.284,23,-2.392,H,#A5AFB9,7,3.0,0,0,0.258,0,0,0,0,0.0,12
2,2024,2024101,11,8,23,23-8,ZHO,Guanyu Zhou,24,#64D064,49.0,629,78.918,78.918,0,0,79.028,0.220,0.548,1.726,-0.315,23,0.548,1.726,-0.315,23,-1.178,H,#A5AFB9,8,3.0,0,0,0.258,0,0,0,0,0.0,12
2,2024,2024101,11,8,23,23-8,ZHO,Guanyu Zhou,24,#64D064,50.0,630,78.771,78.771,0,0,78.845,0.147,0.435,2.816,-0.973,23,0.435,2.816,-0.973,23,-2.381,H,#A5AFB9,9,3.0,0,0,0.258,0,0,0,0,0.0,12
2,2024,2024101,11,8,23,23-8,ZHO,Guanyu Zhou,24,#64D064,51.0,631,79.426,79.426,0,0,79.098,0.655,-0.146,2.980,-1.636,23,-0.146,2.980,-1.636,23,-3.126,H,#A5AFB9,10,3.0,0,0,0.258,0,0,0,0,0.0,12
2,2024,2024101,11,8,23,23-8,ZHO,Guanyu Zhou,24,#64D064,52.0,632,79.908,79.908,0,0,79.667,0.482,-0.477,2.688,-1.821,23,-0.477,2.688,-1.821,23,-3.165,H,#A5AFB9,11,3.0,0,0,0.258,0,0,0,0,0.0,12
2,2024,2024101,11,8,23,23-8,ZHO,Guanyu Zhou,24,#64D064,53.0,633,80.885,79.982,1,0,79.945,0.977,-1.476,2.757,-2.854,23,-0.573,1.714,-1.430,23,-4.233,H,#A5AFB9,12,3.0,0,0,0.258,0,0,0,0,-1.0,13
2,2024,2024101,11,8,23,23-8,ZHO,Guanyu Zhou,24,#64D064,54.0,634,80.055,80.055,0,0,80.018,0.830,-0.692,0.740,-1.062,23,-0.692,0.740,-1.062,23,-1.432,H,#A5AFB9,13,3.0,0,1,0.258,0,0,0,0,0.0,13
2,2024,2024101,11,8,23,23-8,ZHO,Guanyu Zhou,24,#64D064,55.0,635,81.227,79.8,1,0,79.927,1.172,-1.831,-0.417,-1.623,3,-0.404,1.010,-0.909,23,-1.414,H,#A5AFB9,14,3.0,0,0,0.258,0,0,0,0,0.0,13
2,2024,2024101,11,8,23,23-8,ZHO,Guanyu Zhou,24,#64D064,56.0,636,79.544,79.544,0,0,79.672,1.683,-0.238,0.825,-0.650,23,-0.238,0.825,-0.650,23,-1.063,H,#A5AFB9,15,3.0,0,0,0.258,0,0,0,0,0.0,13
2,2024,2024101,11,8,23,23-8,ZHO,Guanyu Zhou,24,#64D064,57.0,637,80.813,79.456,1,0,79.5,1.269,-1.464,-0.877,-1.026,3,-0.107,0.480,-0.347,23,-0.587,H,#A5AFB9,16,3.0,0,0,0.258,0,0,0,0,0.0,13
2,2024,2024101,11,8,23,23-8,ZHO,Guanyu Zhou,24,#64D064,58.0,638,79.368,79.368,0,0,79.412,1.445,-0.009,2.534,-1.276,23,-0.009,0.795,-0.406,23,-2.543,H,#A5AFB9,17,3.0,0,0,0.258,0,0,0,0,0.0,13
2,2024,2024101,11,8,23,23-8,ZHO,Guanyu Zhou,24,#64D064,59.0,639,79.651,79.651,0,0,79.51,0.283,-0.163,0.739,-0.532,23,-0.163,0.739,-0.532,23,-0.902,H,#A5AFB9,18,3.0,0,0,0.258,0,0,0,0,0.0,13
2,2024,2024101,11,8,23,23-8,ZHO,Guanyu Zhou,24,#64D064,60.0,640,79.743,79.743,0,0,79.697,0.092,-0.268,2.956,-1.746,23,-0.268,1.032,-0.784,23,-3.224,H,#A5AFB9,19,3.0,0,0,0.258,0,0,0,0,0.0,13
2,2024,2024101,11,8,23,23-8,ZHO,Guanyu Zhou,24,#64D064,61.0,641,79.809,79.809,0,0,79.776,0.066,-0.272,1.351,-0.948,23,-0.272,1.351,-0.948,23,-1.623,H,#A5AFB9,20,3.0,0,0,0.258,0,0,0,0,0.0,13
2,2024,2024101,11,8,23,23-8,ZHO,Guanyu Zhou,24,#64D064,62.0,642,79.831,79.831,0,0,79.82,0.022,-0.282,1.045,-0.804,23,-0.282,1.045,-0.804,23,-1.327,H,#A5AFB9,21,3.0,0,0,0.258,0,0,0,0,0.0,13
2,2024,2024101,11,8,23,23-8,ZHO,Guanyu Zhou,24,#64D064,63.0,643,79.787,79.787,0,0,79.809,0.044,-0.103,0.960,-0.583,23,-0.103,0.960,-0.583,23,-1.063,H,#A5AFB9,22,3.0,0,0,0.258,0,0,0,0,0.0,13
2,2024,2024101,11,8,23,23-8,ZHO,Guanyu Zhou,24,#64D064,64.0,644,80.01,80.01,0,0,79.899,0.223,0.01,1.315,-0.647,23,0.010,1.315,-0.647,23,-1.305,H,#A5AFB9,23,3.0,0,0,0.258,0,0,0,0,0.0,13
2,2024,2024101,11,8,23,23-8,ZHO,Guanyu Zhou,24,#64D064,65.0,645,80.985,80.985,0,0,80.498,0.975,-0.904,0.447,-1.127,23,-0.904,0.447,-1.127,23,-1.351,H,#A5AFB9,24,3.0,0,0,0.258,0,0,0,0,0.0,13
2,2024,2024110,12,8,3,3-8,BOT,Valtteri Bottas,77,#64D064,1.0,647,-,-,0,1,-,-,-,-,-,-,-,-,-,-,,M,#F0E628,1,1.0,0,0,0.167,0,0,0,0,,18
2,2024,2024110,12,8,3,3-8,BOT,Valtteri Bottas,77,#64D064,2.0,648,-,-,0,1,-,-,-,-,-,-,-,-,-,-,,M,#F0E628,2,1.0,0,0,0.167,0,0,0,0,0.0,18
2,2024,2024110,12,8,3,3-8,BOT,Valtteri Bottas,77,#64D064,3.0,649,71.541,71.541,0,0,-,-,-1.243,-0.127,-1.179,23,-1.243,-0.127,-1.179,23,-1.116,M,#F0E628,3,1.0,0,0,0.167,0,0,0,0,0.0,18
2,2024,2024110,12,8,3,3-8,BOT,Valtteri Bottas,77,#64D064,4.0,650,70.831,70.831,0,0,71.186,0.710,-0.779,0.118,-0.838,3,-0.779,0.118,-0.838,3,-0.897,M,#F0E628,4,1.0,0,0,0.167,0,0,0,0,0.0,18
2,2024,2024110,12,8,3,3-8,BOT,Valtteri Bottas,77,#64D064,5.0,651,70.638,70.638,0,0,70.734,0.193,-0.588,0.133,-0.654,3,-0.588,0.133,-0.654,3,-0.721,M,#F0E628,5,1.0,0,0,0.167,0,0,0,0,0.0,18
2,2024,2024110,12,8,3,3-8,BOT,Valtteri Bottas,77,#64D064,6.0,652,70.632,70.632,0,0,70.635,0.006,-0.53,-0.019,-0.520,23,-0.530,-0.019,-0.520,23,-0.511,M,#F0E628,6,1.0,0,0,0.167,0,0,0,0,0.0,18
2,2024,2024110,12,8,3,3-8,BOT,Valtteri Bottas,77,#64D064,7.0,653,70.668,70.668,0,0,70.65,0.036,-0.52,0.138,-0.589,3,-0.520,0.138,-0.589,3,-0.658,M,#F0E628,7,1.0,0,0,0.167,0,0,0,0,0.0,18
2,2024,2024110,12,8,3,3-8,BOT,Valtteri Bottas,77,#64D064,8.0,654,70.59,70.59,0,0,70.629,0.078,-0.482,0.202,-0.583,3,-0.482,0.202,-0.583,3,-0.684,M,#F0E628,8,1.0,0,0,0.167,0,0,0,0,0.0,18
2,2024,2024110,12,8,3,3-8,BOT,Valtteri Bottas,77,#64D064,9.0,655,70.685,70.685,0,0,70.638,0.095,-0.534,0.424,-0.746,3,-0.534,0.424,-0.746,3,-0.958,M,#F0E628,9,1.0,0,0,0.167,0,0,0,0,0.0,18
2,2024,2024110,12,8,3,3-8,BOT,Valtteri Bottas,77,#64D064,10.0,656,70.771,70.771,0,0,70.728,0.086,-0.6,0.206,-0.703,3,-0.600,0.206,-0.703,3,-0.806,M,#F0E628,10,1.0,0,0,0.167,0,0,0,0,0.0,18
2,2024,2024110,12,8,3,3-8,BOT,Valtteri Bottas,77,#64D064,11.0,657,70.877,70.877,0,0,70.824,0.106,-0.674,1.870,-1.609,3,-0.674,0.147,-0.748,3,-2.544,M,#F0E628,11,1.0,0,0,0.167,0,0,0,0,0.0,18
2,2024,2024110,12,8,3,3-8,BOT,Valtteri Bottas,77,#64D064,12.0,658,70.753,70.753,0,0,70.815,0.124,-0.54,0.319,-0.700,3,-0.540,0.319,-0.700,3,-0.859,M,#F0E628,12,1.0,0,0,0.167,0,0,0,0,0.0,18
2,2024,2024110,12,8,3,3-8,BOT,Valtteri Bottas,77,#64D064,13.0,659,71.235,71.235,0,0,70.994,0.482,-0.97,0.326,-1.133,3,-0.970,0.326,-1.133,3,-1.296,M,#F0E628,13,1.0,0,1,0.167,0,0,0,0,0.0,18
2,2024,2024110,12,8,3,3-8,BOT,Valtteri Bottas,77,#64D064,14.0,660,71.326,71.326,0,0,71.28,0.091,-0.992,0.239,-1.111,3,-0.992,0.239,-1.111,3,-1.231,M,#F0E628,14,1.0,0,0,0.167,0,0,0,0,0.0,18
2,2024,2024110,12,8,3,3-8,BOT,Valtteri Bottas,77,#64D064,15.0,661,71.549,71.368,1,0,71.347,0.223,-1.036,0.254,-1.163,3,-0.855,0.435,-1.073,3,-1.29,M,#F0E628,15,1.0,0,0,0.167,0,0,0,0,0.0,18
2,2024,2024110,12,8,3,3-8,BOT,Valtteri Bottas,77,#64D064,16.0,662,71.409,71.409,0,0,71.388,0.140,-0.757,0.451,-0.983,3,-0.757,0.451,-0.983,3,-1.208,M,#F0E628,16,1.0,0,0,0.167,0,0,0,0,0.0,18
2,2024,2024110,12,8,3,3-8,BOT,Valtteri Bottas,77,#64D064,17.0,663,71.57,71.57,0,0,71.489,0.161,-0.855,0.409,-1.060,3,-0.855,0.409,-1.060,3,-1.264,M,#F0E628,17,1.0,0,0,0.167,0,0,0,0,0.0,18
2,2024,2024110,12,8,3,3-8,BOT,Valtteri Bottas,77,#64D064,18.0,664,71.394,71.394,0,0,71.482,0.176,-0.693,0.614,-1.000,3,-0.693,0.614,-1.000,3,-1.307,M,#F0E628,18,1.0,0,0,0.167,0,0,0,0,0.0,18
2,2024,2024110,12,8,3,3-8,BOT,Valtteri Bottas,77,#64D064,19.0,665,71.973,71.973,0,0,71.684,0.579,-1.131,0.183,-1.222,3,-1.131,0.183,-1.222,3,-1.314,M,#F0E628,19,1.0,0,0,0.167,0,0,0,0,0.0,18
2,2024,2024110,12,8,3,3-8,BOT,Valtteri Bottas,77,#64D064,20.0,666,72.716,71.814,1,0,71.893,0.743,-1.885,-0.706,-1.532,23,-0.983,0.196,-1.081,3,-1.179,M,#F0E628,20,1.0,0,0,0.167,0,0,0,0,-1.0,19
2,2024,2024110,12,8,3,3-8,BOT,Valtteri Bottas,77,#64D064,21.0,667,71.655,71.655,0,0,71.734,1.061,-0.76,0.303,-0.911,3,-0.760,0.303,-0.911,3,-1.063,M,#F0E628,21,1.0,0,0,0.167,0,0,0,0,0.0,19
2,2024,2024110,12,8,3,3-8,BOT,Valtteri Bottas,77,#64D064,22.0,668,71.099,71.099,0,0,71.377,0.556,-0.277,0.642,-0.598,3,-0.277,0.642,-0.598,3,-0.919,M,#F0E628,22,1.0,0,0,0.167,0,0,0,0,0.0,19
2,2024,2024110,12,8,3,3-8,BOT,Valtteri Bottas,77,#64D064,23.0,669,72.068,72.068,0,0,71.584,0.969,-0.97,0.040,-0.990,3,-0.970,0.040,-0.990,3,-1.01,M,#F0E628,23,1.0,0,0,0.167,0,0,0,0,0.0,19
2,2024,2024110,12,8,23,23-8,ZHO,Guanyu Zhou,24,#64D064,1.0,647,-,-,0,1,-,-,-,-,-,-,-,-,-,-,,M,#F0E628,1,1.0,0,0,0.172,0,0,0,0,,19
2,2024,2024110,12,8,23,23-8,ZHO,Guanyu Zhou,24,#64D064,2.0,648,-,-,0,1,-,-,-,-,-,-,-,-,-,-,,M,#F0E628,2,1.0,0,0,0.172,0,0,0,0,0.0,19
2,2024,2024110,12,8,23,23-8,ZHO,Guanyu Zhou,24,#64D064,3.0,649,71.414,71.414,0,0,-,-,-1.116,-0.127,-1.179,23,-1.116,-0.127,-1.179,23,-1.243,M,#F0E628,3,1.0,0,0,0.172,0,0,0,0,0.0,19
2,2024,2024110,12,8,23,23-8,ZHO,Guanyu Zhou,24,#64D064,4.0,650,70.949,70.949,0,0,71.182,0.465,-0.897,0.118,-0.838,3,-0.897,0.118,-0.838,3,-0.779,M,#F0E628,4,1.0,0,0,0.172,0,0,0,0,0.0,19
2,2024,2024110,12,8,23,23-8,ZHO,Guanyu Zhou,24,#64D064,5.0,651,70.771,70.771,0,0,70.86,0.178,-0.721,0.133,-0.654,3,-0.721,0.133,-0.654,3,-0.588,M,#F0E628,5,1.0,0,0,0.172,0,0,0,0,0.0,19
2,2024,2024110,12,8,23,23-8,ZHO,Guanyu Zhou,24,#64D064,6.0,652,70.613,70.613,0,0,70.692,0.158,-0.511,-0.019,-0.520,23,-0.511,-0.019,-0.520,23,-0.53,M,#F0E628,6,1.0,0,0,0.172,0,0,0,0,0.0,19
2,2024,2024110,12,8,23,23-8,ZHO,Guanyu Zhou,24,#64D064,7.0,653,70.806,70.806,0,0,70.709,0.193,-0.658,0.138,-0.589,3,-0.658,0.138,-0.589,3,-0.52,M,#F0E628,7,1.0,0,0,0.172,0,0,0,0,0.0,19
2,2024,2024110,12,8,23,23-8,ZHO,Guanyu Zhou,24,#64D064,8.0,654,70.792,70.792,0,0,70.799,0.014,-0.684,0.202,-0.583,3,-0.684,0.202,-0.583,3,-0.482,M,#F0E628,8,1.0,0,0,0.172,0,0,0,0,0.0,19
2,2024,2024110,12,8,23,23-8,ZHO,Guanyu Zhou,24,#64D064,9.0,655,71.109,71.109,0,0,70.95,0.317,-0.958,0.424,-0.746,3,-0.958,0.424,-0.746,3,-0.534,M,#F0E628,9,1.0,0,0,0.172,0,0,0,0,0.0,19
2,2024,2024110,12,8,23,23-8,ZHO,Guanyu Zhou,24,#64D064,10.0,656,70.977,70.977,0,0,71.043,0.132,-0.806,0.206,-0.703,3,-0.806,0.206,-0.703,3,-0.6,M,#F0E628,10,1.0,0,0,0.172,0,0,0,0,0.0,19
2,2024,2024110,12,8,23,23-8,ZHO,Guanyu Zhou,24,#64D064,11.0,657,72.747,71.024,1,0,71.001,1.770,-2.544,1.870,-1.609,3,-0.821,0.147,-0.748,3,-0.674,M,#F0E628,11,1.0,0,0,0.172,0,0,0,0,-1.0,20
2,2024,2024110,12,8,23,23-8,ZHO,Guanyu Zhou,24,#64D064,12.0,658,71.072,71.072,0,0,71.048,1.675,-0.859,0.319,-0.700,3,-0.859,0.319,-0.700,3,-0.54,M,#F0E628,12,1.0,0,0,0.172,0,0,0,0,0.0,20
2,2024,2024110,12,8,23,23-8,ZHO,Guanyu Zhou,24,#64D064,13.0,659,71.561,71.561,0,0,71.316,0.489,-1.296,0.326,-1.133,3,-1.296,0.326,-1.133,3,-0.97,M,#F0E628,13,1.0,0,1,0.172,0,0,0,0,0.0,20
2,2024,2024110,12,8,23,23-8,ZHO,Guanyu Zhou,24,#64D064,14.0,660,71.565,71.565,0,0,71.563,0.004,-1.231,0.239,-1.111,3,-1.231,0.239,-1.111,3,-0.992,M,#F0E628,14,1.0,0,0,0.172,0,0,0,0,0.0,20
2,2024,2024110,12,8,23,23-8,ZHO,Guanyu Zhou,24,#64D064,15.0,661,71.803,71.803,0,0,71.684,0.238,-1.29,0.254,-1.163,3,-1.290,0.435,-1.073,3,-1.036,M,#F0E628,15,1.0,0,0,0.172,0,0,0,0,0.0,20
2,2024,2024110,12,8,23,23-8,ZHO,Guanyu Zhou,24,#64D064,16.0,662,71.86,71.86,0,0,71.832,0.057,-1.208,0.451,-0.983,3,-1.208,0.451,-0.983,3,-0.757,M,#F0E628,16,1.0,0,0,0.172,0,0,0,0,0.0,20
2,2024,2024110,12,8,23,23-8,ZHO,Guanyu Zhou,24,#64D064,17.0,663,71.979,71.979,0,0,71.92,0.119,-1.264,0.409,-1.060,3,-1.264,0.409,-1.060,3,-0.855,M,#F0E628,17,1.0,0,0,0.172,0,0,0,0,0.0,20
2,2024,2024110,12,8,23,23-8,ZHO,Guanyu Zhou,24,#64D064,18.0,664,72.008,72.008,0,0,71.994,0.029,-1.307,0.614,-1.000,3,-1.307,0.614,-1.000,3,-0.693,M,#F0E628,18,1.0,0,0,0.172,0,0,0,0,0.0,20
2,2024,2024110,12,8,23,23-8,ZHO,Guanyu Zhou,24,#64D064,19.0,665,72.156,72.156,0,0,72.082,0.148,-1.314,0.183,-1.222,3,-1.314,0.183,-1.222,3,-1.131,M,#F0E628,19,1.0,0,0,0.172,0,0,0,0,0.0,20
2,2024,2024110,12,8,23,23-8,ZHO,Guanyu Zhou,24,#64D064,20.0,666,72.01,72.01,0,0,72.083,0.146,-1.179,-0.706,-1.532,23,-1.179,0.196,-1.081,3,-1.885,M,#F0E628,20,1.0,0,0,0.172,0,0,0,0,0.0,20
2,2024,2024110,12,8,23,23-8,ZHO,Guanyu Zhou,24,#64D064,21.0,667,71.958,71.958,0,0,71.984,0.052,-1.063,0.303,-0.911,3,-1.063,0.303,-0.911,3,-0.76,M,#F0E628,21,1.0,0,0,0.172,0,0,0,0,0.0,20
2,2024,2024110,12,8,23,23-8,ZHO,Guanyu Zhou,24,#64D064,22.0,668,71.741,71.741,0,0,71.85,0.217,-0.919,0.642,-0.598,3,-0.919,0.642,-0.598,3,-0.277,M,#F0E628,22,1.0,0,0,0.172,0,0,0,0,0.0,20
2,2024,2024110,12,8,23,23-8,ZHO,Guanyu Zhou,24,#64D064,23.0,669,72.108,72.108,0,0,71.924,0.367,-1.01,0.040,-0.990,3,-1.010,0.040,-0.990,3,-0.97,M,#F0E628,23,1.0,0,0,0.172,0,0,0,0,0.0,20
2,2024,2024111,13,8,3,3-8,BOT,Valtteri Bottas,77,#64D064,1.0,670,-,-,0,1,-,-,-,-,-,-,-,-,-,-,,M,#F0E628,1,1.0,0,0,0.135,0,0,0,0,,16
2,2024,2024111,13,8,3,3-8,BOT,Valtteri Bottas,77,#64D064,2.0,671,-,-,0,1,-,-,-,-,-,-,-,-,-,-,,M,#F0E628,2,1.0,0,0,0.135,0,0,0,0,-1.0,17
2,2024,2024111,13,8,3,3-8,BOT,Valtteri Bottas,77,#64D064,3.0,672,72.113,72.113,0,0,-,-,-1.037,-0.320,-0.877,23,-1.037,-0.320,-0.877,23,-0.717,M,#F0E628,3,1.0,0,0,0.135,0,0,0,0,0.0,17
2,2024,2024111,13,8,3,3-8,BOT,Valtteri Bottas,77,#64D064,4.0,673,71.571,71.571,0,0,71.842,0.542,-0.579,0.698,-0.928,3,-0.579,0.215,-0.686,3,-1.277,M,#F0E628,4,1.0,0,0,0.135,0,0,0,0,0.0,17
2,2024,2024111,13,8,3,3-8,BOT,Valtteri Bottas,77,#64D064,5.0,674,72.185,71.622,1,0,71.596,0.614,-1.222,-0.406,-1.019,23,-0.659,0.157,-0.738,3,-0.816,M,#F0E628,5,1.0,0,0,0.135,0,0,0,0,0.0,17
2,2024,2024111,13,8,3,3-8,BOT,Valtteri Bottas,77,#64D064,6.0,675,71.672,71.672,0,0,71.647,0.513,-0.574,0.301,-0.724,3,-0.574,0.301,-0.724,3,-0.875,M,#F0E628,6,1.0,0,0,0.135,0,0,0,0,0.0,17
2,2024,2024111,13,8,3,3-8,BOT,Valtteri Bottas,77,#64D064,7.0,676,71.773,71.773,0,0,71.722,0.101,-0.475,0.272,-0.611,3,-0.475,0.272,-0.611,3,-0.747,M,#F0E628,7,1.0,0,0,0.135,0,0,0,0,0.0,17
2,2024,2024111,13,8,3,3-8,BOT,Valtteri Bottas,77,#64D064,8.0,677,71.941,71.941,0,0,71.857,0.168,-0.525,0.148,-0.599,3,-0.525,0.148,-0.599,3,-0.673,M,#F0E628,8,1.0,0,0,0.135,0,0,0,0,0.0,17
2,2024,2024111,13,8,3,3-8,BOT,Valtteri Bottas,77,#64D064,9.0,678,71.671,71.671,0,0,71.806,0.270,-0.343,0.489,-0.588,3,-0.343,0.489,-0.588,3,-0.832,M,#F0E628,9,1.0,0,0,0.135,0,0,0,0,0.0,17
2,2024,2024111,13,8,3,3-8,BOT,Valtteri Bottas,77,#64D064,10.0,679,71.756,71.756,0,0,71.714,0.085,-0.243,0.579,-0.532,3,-0.243,0.579,-0.532,3,-0.822,M,#F0E628,10,1.0,0,1,0.135,0,0,0,0,0.0,17
2,2024,2024111,13,8,3,3-8,BOT,Valtteri Bottas,77,#64D064,11.0,680,71.821,71.821,0,0,71.788,0.065,-0.278,0.247,-0.402,3,-0.278,0.247,-0.402,3,-0.525,M,#F0E628,11,1.0,0,0,0.135,0,0,0,0,0.0,15
2,2024,2024111,13,8,3,3-8,BOT,Valtteri Bottas,77,#64D064,12.0,681,71.965,71.965,0,0,71.893,0.144,-0.426,0.432,-0.642,3,-0.426,0.432,-0.642,3,-0.858,M,#F0E628,12,1.0,0,0,0.135,0,0,0,0,0.0,13
2,2024,2024111,13,8,3,3-8,BOT,Valtteri Bottas,77,#64D064,13.0,682,72.069,72.069,0,0,72.017,0.104,-0.553,0.142,-0.624,3,-0.553,0.142,-0.624,3,-0.695,M,#F0E628,13,1.0,0,0,0.135,0,0,0,0,0.0,12
2,2024,2024111,13,8,3,3-8,BOT,Valtteri Bottas,77,#64D064,14.0,683,72.12,72.12,0,0,72.095,0.051,-0.544,0.217,-0.653,3,-0.544,0.217,-0.653,3,-0.761,M,#F0E628,14,1.0,0,0,0.135,0,0,0,0,0.0,12
2,2024,2024111,13,8,3,3-8,BOT,Valtteri Bottas,77,#64D064,15.0,684,72.191,72.191,0,0,72.156,0.071,-0.498,0.048,-0.522,3,-0.498,0.048,-0.522,3,-0.546,M,#F0E628,15,1.0,0,0,0.135,0,0,0,0,0.0,12
2,2024,2024111,13,8,3,3-8,BOT,Valtteri Bottas,77,#64D064,16.0,685,72.754,72.314,1,0,72.252,0.563,-1.0,-0.313,-0.844,23,-0.560,0.127,-0.624,3,-0.687,M,#F0E628,16,1.0,0,0,0.135,0,0,0,0,0.0,12
2,2024,2024111,13,8,3,3-8,BOT,Valtteri Bottas,77,#64D064,17.0,686,72.437,72.437,0,0,72.375,0.317,-0.561,0.415,-0.768,3,-0.561,0.415,-0.768,3,-0.976,M,#F0E628,17,1.0,0,0,0.135,0,0,0,0,0.0,12
2,2024,2024111,13,8,3,3-8,BOT,Valtteri Bottas,77,#64D064,18.0,687,72.538,72.538,0,0,72.488,0.101,-0.691,1.328,-1.355,3,-0.691,0.186,-0.784,3,-2.019,M,#F0E628,18,1.0,0,0,0.135,0,0,0,0,0.0,12
2,2024,2024111,13,8,3,3-8,BOT,Valtteri Bottas,77,#64D064,19.0,688,-,-,0,1,-,-,-,-,-,-,-,-,-,-,-0.779,M,#F0E628,19,1.0,1,0,0.135,0,0,0,0,0.0,13
2,2024,2024111,13,8,3,3-8,BOT,Valtteri Bottas,77,#64D064,20.0,689,-,-,0,1,-,-,-,-,-,-,-,-,-,-,-3.958,H,#A5AFB9,1,2.0,0,0,0.091,0,0,0,0,0.0,18
2,2024,2024111,13,8,3,3-8,BOT,Valtteri Bottas,77,#64D064,21.0,690,71.308,71.308,0,0,-,-,0.268,2.316,-0.890,3,0.268,2.316,-0.890,3,-2.048,H,#A5AFB9,2,2.0,0,0,0.091,0,0,0,0,0.0,18
2,2024,2024111,13,8,3,3-8,BOT,Valtteri Bottas,77,#64D064,22.0,691,71.777,71.458,1,0,71.383,0.469,-0.292,1.530,-1.057,3,0.028,1.850,-0.897,3,-1.822,H,#A5AFB9,3,2.0,0,0,0.091,0,0,0,0,0.0,18
2,2024,2024111,13,8,3,3-8,BOT,Valtteri Bottas,77,#64D064,23.0,692,71.607,71.607,0,0,71.532,0.170,-0.396,1.067,-0.929,3,-0.396,1.067,-0.929,3,-1.463,H,#A5AFB9,4,2.0,0,0,0.091,0,0,0,0,0.0,18
2,2024,2024111,13,8,3,3-8,BOT,Valtteri Bottas,77,#64D064,24.0,693,71.358,71.358,0,0,71.482,0.249,-0.319,1.368,-1.003,3,-0.319,1.368,-1.003,3,-1.687,H,#A5AFB9,5,2.0,0,0,0.091,0,0,0,0,0.0,18
2,2024,2024111,13,8,3,3-8,BOT,Valtteri Bottas,77,#64D064,25.0,694,71.562,71.243,1,0,71.3,0.204,-0.528,2.529,-1.792,3,-0.209,2.040,-1.229,3,-3.057,H,#A5AFB9,6,2.0,0,0,0.091,0,0,0,0,0.0,18
2,2024,2024111,13,8,3,3-8,BOT,Valtteri Bottas,77,#64D064,26.0,695,71.128,71.128,0,0,71.185,0.434,-0.027,2.711,-1.383,3,-0.027,2.711,-1.383,3,-2.738,H,#A5AFB9,7,2.0,0,0,0.091,0,0,0,0,1.0,17
2,2024,2024111,13,8,3,3-8,BOT,Valtteri Bottas,77,#64D064,27.0,696,71.533,71.533,0,0,71.33,0.405,-0.5,1.372,-1.186,3,-0.500,1.372,-1.186,3,-1.872,H,#A5AFB9,8,2.0,0,0,0.091,0,0,0,0,0.0,17
2,2024,2024111,13,8,3,3-8,BOT,Valtteri Bottas,77,#64D064,28.0,697,71.642,71.642,0,0,71.588,0.109,-0.657,-,-,-,-0.657,-,-,-,,H,#A5AFB9,9,2.0,0,0,0.091,0,0,0,0,0.0,17
2,2024,2024111,13,8,3,3-8,BOT,Valtteri Bottas,77,#64D064,29.0,698,71.633,71.633,0,0,71.637,0.009,-0.629,-,-,-,-0.629,-,-,-,,H,#A5AFB9,10,2.0,0,0,0.091,0,0,0,0,0.0,17
2,2024,2024111,13,8,3,3-8,BOT,Valtteri Bottas,77,#64D064,30.0,699,71.569,71.569,0,0,71.601,0.064,-0.564,-0.654,-0.237,23,-0.564,-0.654,-0.237,23,0.09,H,#A5AFB9,11,2.0,0,0,0.091,0,0,0,0,0.0,17
2,2024,2024111,13,8,3,3-8,BOT,Valtteri Bottas,77,#64D064,31.0,700,71.37,71.37,0,0,71.47,0.199,-0.366,-0.657,-0.037,23,-0.366,-0.657,-0.037,23,0.291,H,#A5AFB9,12,2.0,0,1,0.091,0,0,0,0,0.0,17
2,2024,2024111,13,8,3,3-8,BOT,Valtteri Bottas,77,#64D064,32.0,701,71.459,71.459,0,0,71.414,0.089,-0.413,0.758,-0.792,3,-0.413,-0.728,-0.049,23,-1.171,H,#A5AFB9,13,2.0,0,0,0.091,0,0,0,0,0.0,17
2,2024,2024111,13,8,3,3-8,BOT,Valtteri Bottas,77,#64D064,33.0,702,71.432,71.432,0,0,71.446,0.027,-0.501,-0.684,-0.159,23,-0.501,-0.684,-0.159,23,0.183,H,#A5AFB9,14,2.0,0,0,0.091,0,0,0,0,0.0,17
2,2024,2024111,13,8,3,3-8,BOT,Valtteri Bottas,77,#64D064,34.0,703,71.604,71.604,0,0,71.518,0.172,-0.429,-0.380,-0.239,23,-0.429,-0.380,-0.239,23,-0.049,H,#A5AFB9,15,2.0,0,0,0.091,0,0,0,0,0.0,17
2,2024,2024111,13,8,3,3-8,BOT,Valtteri Bottas,77,#64D064,35.0,704,71.653,71.653,0,0,71.628,0.049,-0.466,0.039,-0.485,3,-0.466,0.039,-0.485,3,-0.505,H,#A5AFB9,16,2.0,0,0,0.091,0,0,0,0,0.0,17
2,2024,2024111,13,8,3,3-8,BOT,Valtteri Bottas,77,#64D064,36.0,705,71.815,71.815,0,0,71.734,0.162,-0.581,0.823,-0.993,3,-0.581,0.148,-0.655,3,-1.404,H,#A5AFB9,17,2.0,0,0,0.091,0,0,0,0,0.0,16
2,2024,2024111,13,8,3,3-8,BOT,Valtteri Bottas,77,#64D064,37.0,706,71.797,71.797,0,0,71.806,0.018,-0.614,0.437,-0.833,3,-0.614,0.437,-0.833,3,-1.051,H,#A5AFB9,18,2.0,0,0,0.091,0,0,0,0,0.0,16
2,2024,2024111,13,8,3,3-8,BOT,Valtteri Bottas,77,#64D064,38.0,707,71.921,71.921,0,0,71.859,0.124,-0.711,0.849,-1.135,3,-0.711,0.849,-1.135,3,-1.56,H,#A5AFB9,19,2.0,0,0,0.091,0,0,0,0,0.0,15
2,2024,2024111,13,8,3,3-8,BOT,Valtteri Bottas,77,#64D064,39.0,708,72.135,72.135,0,0,72.028,0.214,-1.009,-1.148,-0.435,23,-1.009,-1.148,-0.435,23,0.139,H,#A5AFB9,20,2.0,0,0,0.091,0,0,0,0,0.0,13
2,2024,2024111,13,8,3,3-8,BOT,Valtteri Bottas,77,#64D064,40.0,709,72.199,72.199,0,0,72.167,0.064,-1.043,-0.901,-0.592,23,-1.043,-0.901,-0.592,23,-0.142,H,#A5AFB9,21,2.0,0,0,0.091,0,0,0,0,0.0,12
2,2024,2024111,13,8,3,3-8,BOT,Valtteri Bottas,77,#64D064,41.0,710,72.103,72.103,0,0,72.151,0.096,-0.883,2.687,-2.227,3,-0.883,-0.684,-0.541,23,-3.57,H,#A5AFB9,22,2.0,0,0,0.091,0,0,0,0,0.0,12
2,2024,2024111,13,8,3,3-8,BOT,Valtteri Bottas,77,#64D064,42.0,711,-,-,0,1,-,-,-,-,-,-,-,-,-,-,-0.549,H,#A5AFB9,23,2.0,1,0,0.091,0,0,0,0,0.0,14
2,2024,2024111,13,8,3,3-8,BOT,Valtteri Bottas,77,#64D064,43.0,712,-,-,0,1,-,-,-,-,-,-,-,-,-,-,-0.919,H,#A5AFB9,1,3.0,0,0,0.279,0,0,0,0,0.0,18
2,2024,2024111,13,8,3,3-8,BOT,Valtteri Bottas,77,#64D064,44.0,713,71.193,71.193,0,0,-,-,-0.333,0.143,-0.404,3,-0.333,0.143,-0.404,3,-0.476,H,#A5AFB9,2,3.0,0,0,0.279,0,0,0,0,0.0,18
2,2024,2024111,13,8,3,3-8,BOT,Valtteri Bottas,77,#64D064,45.0,714,71.074,71.074,0,0,71.134,0.119,-0.351,0.217,-0.459,3,-0.351,0.217,-0.459,3,-0.568,H,#A5AFB9,3,3.0,0,0,0.279,0,0,0,0,0.0,18
2,2024,2024111,13,8,3,3-8,BOT,Valtteri Bottas,77,#64D064,46.0,715,71.958,70.892,1,0,70.983,0.884,-1.171,-0.727,-0.807,23,-0.106,0.338,-0.275,3,-0.444,H,#A5AFB9,4,3.0,0,0,0.279,0,0,0,0,0.0,18
2,2024,2024111,13,8,3,3-8,BOT,Valtteri Bottas,77,#64D064,47.0,716,70.711,70.711,0,0,70.802,1.247,0.106,1.003,-0.396,3,0.106,1.003,-0.396,3,-0.897,H,#A5AFB9,5,3.0,0,0,0.279,0,0,0,0,0.0,18
2,2024,2024111,13,8,3,3-8,BOT,Valtteri Bottas,77,#64D064,48.0,717,70.449,70.449,0,0,70.58,0.262,0.238,1.214,-0.369,3,0.238,1.214,-0.369,3,-0.976,H,#A5AFB9,6,3.0,0,0,0.279,0,0,0,0,0.0,18
2,2024,2024111,13,8,3,3-8,BOT,Valtteri Bottas,77,#64D064,49.0,718,70.726,70.726,0,0,70.588,0.277,-0.165,0.659,-0.494,3,-0.165,0.659,-0.494,3,-0.824,H,#A5AFB9,7,3.0,0,0,0.279,0,0,0,0,0.0,18
2,2024,2024111,13,8,3,3-8,BOT,Valtteri Bottas,77,#64D064,50.0,719,70.736,70.736,0,0,70.731,0.010,0.037,2.793,-1.359,3,0.037,2.793,-1.359,3,-2.756,H,#A5AFB9,8,3.0,0,0,0.279,0,0,0,0,0.0,18
2,2024,2024111,13,8,3,3-8,BOT,Valtteri Bottas,77,#64D064,51.0,720,71.229,71.229,0,0,70.982,0.493,-0.61,-,-,-,-0.610,-,-,-,,H,#A5AFB9,9,3.0,0,0,0.279,0,0,0,0,0.0,18
2,2024,2024111,13,8,3,3-8,BOT,Valtteri Bottas,77,#64D064,52.0,721,72.04,71.114,1,0,71.172,0.811,-1.367,-,-,-,-0.442,-,-,-,,H,#A5AFB9,10,3.0,0,0,0.279,0,0,0,0,0.0,17
2,2024,2024111,13,8,3,3-8,BOT,Valtteri Bottas,77,#64D064,53.0,722,71.0,71.0,0,0,71.057,1.040,-0.709,-0.274,-0.572,23,-0.709,-0.274,-0.572,23,-0.435,H,#A5AFB9,11,3.0,0,0,0.279,0,0,0,0,0.0,17
2,2024,2024111,13,8,3,3-8,BOT,Valtteri Bottas,77,#64D064,54.0,723,70.902,70.902,0,0,70.951,0.098,-0.669,-0.432,-0.453,23,-0.669,-0.432,-0.453,23,-0.237,H,#A5AFB9,12,3.0,0,0,0.279,0,0,0,0,0.0,17
2,2024,2024111,13,8,3,3-8,BOT,Valtteri Bottas,77,#64D064,55.0,724,70.536,70.536,0,0,70.719,0.366,-0.343,0.273,-0.479,3,-0.343,0.273,-0.479,3,-0.616,H,#A5AFB9,13,3.0,0,0,0.279,0,0,0,0,0.0,17
2,2024,2024111,13,8,3,3-8,BOT,Valtteri Bottas,77,#64D064,56.0,725,71.177,71.177,0,0,70.857,0.641,-0.991,-0.135,-0.923,23,-0.991,-0.135,-0.923,23,-0.856,H,#A5AFB9,14,3.0,0,1,0.279,0,0,0,0,0.0,17
2,2024,2024111,13,8,3,3-8,BOT,Valtteri Bottas,77,#64D064,57.0,726,71.473,71.473,0,0,71.325,0.296,-1.089,-0.318,-0.930,23,-1.089,-0.318,-0.930,23,-0.771,H,#A5AFB9,15,3.0,0,0,0.279,0,0,0,0,0.0,17
2,2024,2024111,13,8,3,3-8,BOT,Valtteri Bottas,77,#64D064,58.0,727,72.808,72.808,0,0,72.14,1.335,-2.21,-1.583,-1.419,23,-2.210,-1.583,-1.419,23,-0.627,H,#A5AFB9,16,3.0,0,0,0.279,0,0,0,0,0.0,17
2,2024,2024111,13,8,3,3-8,BOT,Valtteri Bottas,77,#64D064,59.0,728,73.607,71.793,1,0,72.3,0.799,-2.95,-2.630,-1.635,23,-1.136,-0.816,-0.728,23,-0.32,H,#A5AFB9,17,3.0,0,0,0.279,0,0,0,0,0.0,17
2,2024,2024111,13,8,3,3-8,BOT,Valtteri Bottas,77,#64D064,60.0,729,70.778,70.778,0,0,71.286,2.829,-0.279,-0.013,-0.273,23,-0.279,-0.013,-0.273,23,-0.266,H,#A5AFB9,18,3.0,0,0,0.279,0,0,0,0,0.0,17
2,2024,2024111,13,8,3,3-8,BOT,Valtteri Bottas,77,#64D064,61.0,730,71.21,71.21,0,0,70.994,0.432,-0.681,-0.234,-0.564,23,-0.681,-0.234,-0.564,23,-0.447,H,#A5AFB9,19,3.0,0,0,0.279,0,0,0,0,0.0,17
2,2024,2024111,13,8,3,3-8,BOT,Valtteri Bottas,77,#64D064,62.0,731,71.356,71.356,0,0,71.283,0.146,-0.662,-0.296,-0.514,23,-0.662,-0.296,-0.514,23,-0.366,H,#A5AFB9,20,3.0,0,0,0.279,0,0,0,0,0.0,17
2,2024,2024111,13,8,3,3-8,BOT,Valtteri Bottas,77,#64D064,63.0,732,71.812,71.812,0,0,71.584,0.456,-0.843,-0.641,-0.522,23,-0.843,-0.641,-0.522,23,-0.202,H,#A5AFB9,21,3.0,0,0,0.279,0,0,0,0,0.0,17
2,2024,2024111,13,8,3,3-8,BOT,Valtteri Bottas,77,#64D064,64.0,733,71.574,71.574,0,0,71.693,0.238,-0.511,-,-,-,-0.511,-,-,-,,H,#A5AFB9,22,3.0,0,0,0.279,0,0,0,0,0.0,17
2,2024,2024111,13,8,3,3-8,BOT,Valtteri Bottas,77,#64D064,65.0,734,-,-,0,1,-,-,-,-,-,-,-,-,-,-,,H,#A5AFB9,23,3.0,0,0,0.279,0,0,0,1,0.0,16
2,2024,2024111,13,8,3,3-8,BOT,Valtteri Bottas,77,#64D064,66.0,735,71.464,71.464,0,0,-,-,-0.093,-0.448,0.131,23,-0.093,-0.448,0.131,23,0.355,H,#A5AFB9,24,3.0,0,0,0.279,0,0,0,0,0.0,16
2,2024,2024111,13,8,3,3-8,BOT,Valtteri Bottas,77,#64D064,67.0,736,71.11,71.11,0,0,71.287,0.354,-0.281,-0.152,-0.205,23,-0.281,-0.152,-0.205,23,-0.129,H,#A5AFB9,25,3.0,0,0,0.279,0,0,0,0,0.0,16
2,2024,2024111,13,8,3,3-8,BOT,Valtteri Bottas,77,#64D064,68.0,737,71.085,71.085,0,0,71.098,0.025,-0.561,0.029,-0.576,3,-0.561,0.029,-0.576,3,-0.59,H,#A5AFB9,26,3.0,0,0,0.279,0,0,0,0,0.0,16
2,2024,2024111,13,8,3,3-8,BOT,Valtteri Bottas,77,#64D064,69.0,738,71.174,71.174,0,0,71.13,0.089,-0.728,-0.405,-0.525,23,-0.728,-0.405,-0.525,23,-0.323,H,#A5AFB9,27,3.0,0,0,0.279,0,0,0,0,0.0,16
2,2024,2024111,13,8,3,3-8,BOT,Valtteri Bottas,77,#64D064,70.0,739,71.022,71.022,0,0,71.098,0.152,-0.652,-0.245,-0.529,23,-0.652,-0.245,-0.529,23,-0.407,H,#A5AFB9,28,3.0,0,0,0.279,0,0,0,0,0.0,16
2,2024,2024111,13,8,23,23-8,ZHO,Guanyu Zhou,24,#64D064,1.0,670,-,-,0,1,-,-,-,-,-,-,-,-,-,-,,H,#A5AFB9,1,2.0,0,0,0.337,0,0,0,0,,19
2,2024,2024111,13,8,23,23-8,ZHO,Guanyu Zhou,24,#64D064,2.0,671,-,-,0,1,-,-,-,-,-,-,-,-,-,-,,H,#A5AFB9,2,2.0,0,0,0.337,0,0,0,0,0.0,18
2,2024,2024111,13,8,23,23-8,ZHO,Guanyu Zhou,24,#64D064,3.0,672,71.793,71.793,0,0,-,-,-0.717,-0.320,-0.877,23,-0.717,-0.320,-0.877,23,-1.037,H,#A5AFB9,3,2.0,0,0,0.337,0,0,0,0,0.0,18
2,2024,2024111,13,8,23,23-8,ZHO,Guanyu Zhou,24,#64D064,4.0,673,72.269,71.786,1,0,71.79,0.476,-1.277,0.698,-0.928,3,-0.794,0.215,-0.686,3,-0.579,H,#A5AFB9,4,2.0,0,0,0.337,0,0,0,0,0.0,18
2,2024,2024111,13,8,23,23-8,ZHO,Guanyu Zhou,24,#64D064,5.0,674,71.779,71.779,0,0,71.782,0.490,-0.816,-0.406,-1.019,23,-0.816,0.157,-0.738,3,-1.222,H,#A5AFB9,5,2.0,0,0,0.337,0,0,0,0,0.0,18
2,2024,2024111,13,8,23,23-8,ZHO,Guanyu Zhou,24,#64D064,6.0,675,71.973,71.973,0,0,71.876,0.194,-0.875,0.301,-0.724,3,-0.875,0.301,-0.724,3,-0.574,H,#A5AFB9,6,2.0,0,0,0.337,0,0,0,0,0.0,18
2,2024,2024111,13,8,23,23-8,ZHO,Guanyu Zhou,24,#64D064,7.0,676,72.045,72.045,0,0,72.009,0.072,-0.747,0.272,-0.611,3,-0.747,0.272,-0.611,3,-0.475,H,#A5AFB9,7,2.0,0,0,0.337,0,0,0,0,0.0,18
2,2024,2024111,13,8,23,23-8,ZHO,Guanyu Zhou,24,#64D064,8.0,677,72.089,72.089,0,0,72.067,0.044,-0.673,0.148,-0.599,3,-0.673,0.148,-0.599,3,-0.525,H,#A5AFB9,8,2.0,0,0,0.337,0,0,0,0,0.0,18
2,2024,2024111,13,8,23,23-8,ZHO,Guanyu Zhou,24,#64D064,9.0,678,72.16,72.16,0,0,72.124,0.071,-0.832,0.489,-0.588,3,-0.832,0.489,-0.588,3,-0.343,H,#A5AFB9,9,2.0,0,0,0.337,0,0,0,0,0.0,18
2,2024,2024111,13,8,23,23-8,ZHO,Guanyu Zhou,24,#64D064,10.0,679,72.335,72.335,0,0,72.248,0.175,-0.822,0.579,-0.532,3,-0.822,0.579,-0.532,3,-0.243,H,#A5AFB9,10,2.0,0,0,0.337,0,0,0,0,0.0,18
2,2024,2024111,13,8,23,23-8,ZHO,Guanyu Zhou,24,#64D064,11.0,680,72.068,72.068,0,0,72.202,0.267,-0.525,0.247,-0.402,3,-0.525,0.247,-0.402,3,-0.278,H,#A5AFB9,11,2.0,0,0,0.337,0,0,0,0,0.0,16
2,2024,2024111,13,8,23,23-8,ZHO,Guanyu Zhou,24,#64D064,12.0,681,72.397,72.397,0,0,72.232,0.329,-0.858,0.432,-0.642,3,-0.858,0.432,-0.642,3,-0.426,H,#A5AFB9,12,2.0,0,0,0.337,0,0,0,0,0.0,14
2,2024,2024111,13,8,23,23-8,ZHO,Guanyu Zhou,24,#64D064,13.0,682,72.211,72.211,0,0,72.304,0.186,-0.695,0.142,-0.624,3,-0.695,0.142,-0.624,3,-0.553,H,#A5AFB9,13,2.0,0,0,0.337,0,0,0,0,0.0,13
2,2024,2024111,13,8,23,23-8,ZHO,Guanyu Zhou,24,#64D064,14.0,683,72.337,72.337,0,0,72.274,0.126,-0.761,0.217,-0.653,3,-0.761,0.217,-0.653,3,-0.544,H,#A5AFB9,14,2.0,0,0,0.337,0,0,0,0,0.0,13
2,2024,2024111,13,8,23,23-8,ZHO,Guanyu Zhou,24,#64D064,15.0,684,72.239,72.239,0,0,72.288,0.098,-0.546,0.048,-0.522,3,-0.546,0.048,-0.522,3,-0.498,H,#A5AFB9,15,2.0,0,1,0.337,0,0,0,0,0.0,13
2,2024,2024111,13,8,23,23-8,ZHO,Guanyu Zhou,24,#64D064,16.0,685,72.441,72.441,0,0,72.34,0.202,-0.687,-0.313,-0.844,23,-0.687,0.127,-0.624,3,-1.0,H,#A5AFB9,16,2.0,0,0,0.337,0,0,0,0,0.0,13
2,2024,2024111,13,8,23,23-8,ZHO,Guanyu Zhou,24,#64D064,17.0,686,72.852,72.852,0,0,72.646,0.411,-0.976,0.415,-0.768,3,-0.976,0.415,-0.768,3,-0.561,H,#A5AFB9,17,2.0,0,0,0.337,0,0,0,0,0.0,13
2,2024,2024111,13,8,23,23-8,ZHO,Guanyu Zhou,24,#64D064,18.0,687,73.866,72.724,1,0,72.788,1.014,-2.019,1.328,-1.355,3,-0.877,0.186,-0.784,3,-0.691,H,#A5AFB9,18,2.0,0,0,0.337,0,0,0,0,-2.0,15
2,2024,2024111,13,8,23,23-8,ZHO,Guanyu Zhou,24,#64D064,19.0,688,72.597,72.597,0,0,72.661,1.269,-0.779,-,-,-,-0.779,-,-,-,,H,#A5AFB9,19,2.0,0,0,0.337,0,0,0,0,0.0,15
2,2024,2024111,13,8,23,23-8,ZHO,Guanyu Zhou,24,#64D064,20.0,689,75.649,73.11,1,0,72.854,3.052,-3.958,-,-,-,-1.419,-,-,-,,H,#A5AFB9,20,2.0,0,0,0.337,0,0,0,0,-2.0,15
2,2024,2024111,13,8,23,23-8,ZHO,Guanyu Zhou,24,#64D064,21.0,690,73.624,73.624,0,0,73.367,2.025,-2.048,2.316,-0.890,3,-2.048,2.316,-0.890,3,0.268,H,#A5AFB9,21,2.0,0,0,0.337,0,0,0,0,-2.0,15
2,2024,2024111,13,8,23,23-8,ZHO,Guanyu Zhou,24,#64D064,22.0,691,73.307,73.307,0,0,73.465,0.317,-1.822,1.530,-1.057,3,-1.822,1.850,-0.897,3,-0.292,H,#A5AFB9,22,2.0,0,0,0.337,0,0,0,0,-1.0,15
2,2024,2024111,13,8,23,23-8,ZHO,Guanyu Zhou,24,#64D064,23.0,692,72.674,72.674,0,0,72.99,0.633,-1.463,1.067,-0.929,3,-1.463,1.067,-0.929,3,-0.396,H,#A5AFB9,23,2.0,0,0,0.337,0,0,0,0,0.0,15
2,2024,2024111,13,8,23,23-8,ZHO,Guanyu Zhou,24,#64D064,24.0,693,72.726,72.726,0,0,72.7,0.052,-1.687,1.368,-1.003,3,-1.687,1.368,-1.003,3,-0.319,H,#A5AFB9,24,2.0,0,0,0.337,0,0,0,0,0.0,15
2,2024,2024111,13,8,23,23-8,ZHO,Guanyu Zhou,24,#64D064,25.0,694,74.091,73.282,1,0,73.004,1.365,-3.057,2.529,-1.792,3,-2.249,2.040,-1.229,3,-0.528,H,#A5AFB9,25,2.0,0,0,0.337,0,0,0,0,-2.0,17
2,2024,2024111,13,8,23,23-8,ZHO,Guanyu Zhou,24,#64D064,26.0,695,73.839,73.839,0,0,73.561,0.252,-2.738,2.711,-1.383,3,-2.738,2.711,-1.383,3,-0.027,H,#A5AFB9,26,2.0,0,0,0.337,0,0,0,0,-1.0,18
2,2024,2024111,13,8,23,23-8,ZHO,Guanyu Zhou,24,#64D064,27.0,696,72.905,72.905,0,0,73.372,0.934,-1.872,1.372,-1.186,3,-1.872,1.372,-1.186,3,-0.5,H,#A5AFB9,27,2.0,0,0,0.337,0,0,0,0,0.0,18
2,2024,2024111,13,8,23,23-8,ZHO,Guanyu Zhou,24,#64D064,28.0,697,-,-,0,1,-,-,-,-,-,-,-,-,-,-,-0.657,H,#A5AFB9,28,2.0,1,0,0.337,0,0,0,0,0.0,19
2,2024,2024111,13,8,23,23-8,ZHO,Guanyu Zhou,24,#64D064,29.0,698,-,-,0,1,-,-,-,-,-,-,-,-,-,-,-0.629,M,#F0E628,1,3.0,0,0,0.487,0,0,0,0,0.0,19
2,2024,2024111,13,8,23,23-8,ZHO,Guanyu Zhou,24,#64D064,30.0,699,70.915,70.915,0,0,-,-,0.09,-0.654,-0.237,23,0.090,-0.654,-0.237,23,-0.564,M,#F0E628,2,3.0,0,0,0.487,0,0,0,0,0.0,19
2,2024,2024111,13,8,23,23-8,ZHO,Guanyu Zhou,24,#64D064,31.0,700,70.713,70.713,0,0,70.814,0.202,0.291,-0.657,-0.037,23,0.291,-0.657,-0.037,23,-0.366,M,#F0E628,3,3.0,0,0,0.487,0,0,0,0,0.0,19
2,2024,2024111,13,8,23,23-8,ZHO,Guanyu Zhou,24,#64D064,32.0,701,72.217,70.73,1,0,70.722,1.504,-1.171,0.758,-0.792,3,0.315,-0.728,-0.049,23,-0.413,M,#F0E628,4,3.0,0,0,0.487,0,0,0,0,0.0,19
2,2024,2024111,13,8,23,23-8,ZHO,Guanyu Zhou,24,#64D064,33.0,702,70.748,70.748,0,0,70.739,1.469,0.183,-0.684,-0.159,23,0.183,-0.684,-0.159,23,-0.501,M,#F0E628,5,3.0,0,0,0.487,0,0,0,0,0.0,19
2,2024,2024111,13,8,23,23-8,ZHO,Guanyu Zhou,24,#64D064,34.0,703,71.224,71.224,0,0,70.986,0.476,-0.049,-0.380,-0.239,23,-0.049,-0.380,-0.239,23,-0.429,M,#F0E628,6,3.0,0,0,0.487,0,0,0,0,0.0,19
2,2024,2024111,13,8,23,23-8,ZHO,Guanyu Zhou,24,#64D064,35.0,704,71.692,71.692,0,0,71.458,0.468,-0.505,0.039,-0.485,3,-0.505,0.039,-0.485,3,-0.466,M,#F0E628,7,3.0,0,0,0.487,0,0,0,0,0.0,19
2,2024,2024111,13,8,23,23-8,ZHO,Guanyu Zhou,24,#64D064,36.0,705,72.638,71.963,1,0,71.827,0.946,-1.404,0.823,-0.993,3,-0.729,0.148,-0.655,3,-0.581,M,#F0E628,8,3.0,0,0,0.487,0,0,0,0,0.0,18
2,2024,2024111,13,8,23,23-8,ZHO,Guanyu Zhou,24,#64D064,37.0,706,72.234,72.234,0,0,72.098,0.404,-1.051,0.437,-0.833,3,-1.051,0.437,-0.833,3,-0.614,M,#F0E628,9,3.0,0,0,0.487,0,0,0,0,-1.0,19
2,2024,2024111,13,8,23,23-8,ZHO,Guanyu Zhou,24,#64D064,38.0,707,72.77,72.77,0,0,72.502,0.536,-1.56,0.849,-1.135,3,-1.560,0.849,-1.135,3,-0.711,M,#F0E628,10,3.0,0,0,0.487,0,0,0,0,0.0,19
2,2024,2024111,13,8,23,23-8,ZHO,Guanyu Zhou,24,#64D064,39.0,708,70.987,70.987,0,0,71.878,1.783,0.139,-1.148,-0.435,23,0.139,-1.148,-0.435,23,-1.009,M,#F0E628,11,3.0,0,0,0.487,0,0,0,0,0.0,19
2,2024,2024111,13,8,23,23-8,ZHO,Guanyu Zhou,24,#64D064,40.0,709,71.298,71.298,0,0,71.142,0.311,-0.142,-0.901,-0.592,23,-0.142,-0.901,-0.592,23,-1.043,M,#F0E628,12,3.0,0,1,0.487,0,0,0,0,0.0,19
2,2024,2024111,13,8,23,23-8,ZHO,Guanyu Zhou,24,#64D064,41.0,710,74.79,71.419,1,0,71.358,3.492,-3.57,2.687,-2.227,3,-0.199,-0.684,-0.541,23,-0.883,M,#F0E628,13,3.0,0,0,0.487,0,0,0,0,0.0,19
2,2024,2024111,13,8,23,23-8,ZHO,Guanyu Zhou,24,#64D064,42.0,711,71.54,71.54,0,0,71.48,3.250,-0.549,-,-,-,-0.549,-,-,-,,M,#F0E628,14,3.0,0,0,0.487,0,0,0,0,0.0,19
2,2024,2024111,13,8,23,23-8,ZHO,Guanyu Zhou,24,#64D064,43.0,712,71.821,71.821,0,0,71.68,0.281,-0.919,-,-,-,-0.919,-,-,-,,M,#F0E628,15,3.0,0,0,0.487,0,0,0,0,0.0,19
2,2024,2024111,13,8,23,23-8,ZHO,Guanyu Zhou,24,#64D064,44.0,713,71.336,71.336,0,0,71.578,0.485,-0.476,0.143,-0.404,3,-0.476,0.143,-0.404,3,-0.333,M,#F0E628,16,3.0,0,0,0.487,0,0,0,0,0.0,19
2,2024,2024111,13,8,23,23-8,ZHO,Guanyu Zhou,24,#64D064,45.0,714,71.291,71.291,0,0,71.314,0.045,-0.568,0.217,-0.459,3,-0.568,0.217,-0.459,3,-0.351,M,#F0E628,17,3.0,0,0,0.487,0,0,0,0,0.0,19
2,2024,2024111,13,8,23,23-8,ZHO,Guanyu Zhou,24,#64D064,46.0,715,71.231,71.231,0,0,71.261,0.060,-0.444,-0.727,-0.807,23,-0.444,0.338,-0.275,3,-1.171,M,#F0E628,18,3.0,0,0,0.487,0,0,0,0,0.0,19
2,2024,2024111,13,8,23,23-8,ZHO,Guanyu Zhou,24,#64D064,47.0,716,71.714,71.714,0,0,71.472,0.483,-0.897,1.003,-0.396,3,-0.897,1.003,-0.396,3,0.106,M,#F0E628,19,3.0,0,0,0.487,0,0,0,0,0.0,19
2,2024,2024111,13,8,23,23-8,ZHO,Guanyu Zhou,24,#64D064,48.0,717,71.663,71.663,0,0,71.688,0.051,-0.976,1.214,-0.369,3,-0.976,1.214,-0.369,3,0.238,M,#F0E628,20,3.0,0,0,0.487,0,0,0,0,0.0,19
2,2024,2024111,13,8,23,23-8,ZHO,Guanyu Zhou,24,#64D064,49.0,718,71.385,71.385,0,0,71.524,0.278,-0.824,0.659,-0.494,3,-0.824,0.659,-0.494,3,-0.165,M,#F0E628,21,3.0,0,0,0.487,0,0,0,0,0.0,19
2,2024,2024111,13,8,23,23-8,ZHO,Guanyu Zhou,24,#64D064,50.0,719,73.529,73.529,0,0,72.457,2.144,-2.756,2.793,-1.359,3,-2.756,2.793,-1.359,3,0.037,M,#F0E628,22,3.0,0,0,0.487,0,0,0,0,0.0,19
2,2024,2024111,13,8,23,23-8,ZHO,Guanyu Zhou,24,#64D064,51.0,720,-,-,0,1,-,-,-,-,-,-,-,-,-,-,-0.61,M,#F0E628,23,3.0,1,0,0.487,0,0,0,0,0.0,19
2,2024,2024111,13,8,23,23-8,ZHO,Guanyu Zhou,24,#64D064,52.0,721,-,-,0,1,-,-,-,-,-,-,-,-,-,-,-1.367,H,#A5AFB9,1,4.0,0,0,0.087,0,0,0,0,0.0,19
2,2024,2024111,13,8,23,23-8,ZHO,Guanyu Zhou,24,#64D064,53.0,722,70.726,70.726,0,0,-,-,-0.435,-0.274,-0.572,23,-0.435,-0.274,-0.572,23,-0.709,H,#A5AFB9,2,4.0,0,0,0.087,0,0,0,0,0.0,19
2,2024,2024111,13,8,23,23-8,ZHO,Guanyu Zhou,24,#64D064,54.0,723,70.47,70.47,0,0,70.598,0.256,-0.237,-0.432,-0.453,23,-0.237,-0.432,-0.453,23,-0.669,H,#A5AFB9,3,4.0,0,0,0.087,0,0,0,0,0.0,19
2,2024,2024111,13,8,23,23-8,ZHO,Guanyu Zhou,24,#64D064,55.0,724,70.809,70.809,0,0,70.64,0.339,-0.616,0.273,-0.479,3,-0.616,0.273,-0.479,3,-0.343,H,#A5AFB9,4,4.0,0,0,0.087,0,0,0,0,0.0,19
2,2024,2024111,13,8,23,23-8,ZHO,Guanyu Zhou,24,#64D064,56.0,725,71.042,71.042,0,0,70.926,0.233,-0.856,-0.135,-0.923,23,-0.856,-0.135,-0.923,23,-0.991,H,#A5AFB9,5,4.0,0,0,0.087,0,0,0,0,0.0,19
2,2024,2024111,13,8,23,23-8,ZHO,Guanyu Zhou,24,#64D064,57.0,726,71.155,71.155,0,0,71.098,0.113,-0.771,-0.318,-0.930,23,-0.771,-0.318,-0.930,23,-1.089,H,#A5AFB9,6,4.0,0,0,0.087,0,0,0,0,0.0,19
2,2024,2024111,13,8,23,23-8,ZHO,Guanyu Zhou,24,#64D064,58.0,727,71.225,71.225,0,0,71.19,0.070,-0.627,-1.583,-1.419,23,-0.627,-1.583,-1.419,23,-2.21,H,#A5AFB9,7,4.0,0,0,0.087,0,0,0,0,0.0,19
2,2024,2024111,13,8,23,23-8,ZHO,Guanyu Zhou,24,#64D064,59.0,728,70.977,70.977,0,0,71.101,0.248,-0.32,-2.630,-1.635,23,-0.320,-0.816,-0.728,23,-2.95,H,#A5AFB9,8,4.0,0,0,0.087,0,0,0,0,0.0,19
2,2024,2024111,13,8,23,23-8,ZHO,Guanyu Zhou,24,#64D064,60.0,729,70.765,70.765,0,0,70.871,0.212,-0.266,-0.013,-0.273,23,-0.266,-0.013,-0.273,23,-0.279,H,#A5AFB9,9,4.0,0,1,0.087,0,0,0,0,0.0,19
2,2024,2024111,13,8,23,23-8,ZHO,Guanyu Zhou,24,#64D064,61.0,730,70.976,70.976,0,0,70.87,0.211,-0.447,-0.234,-0.564,23,-0.447,-0.234,-0.564,23,-0.681,H,#A5AFB9,10,4.0,0,0,0.087,0,0,0,0,0.0,19
2,2024,2024111,13,8,23,23-8,ZHO,Guanyu Zhou,24,#64D064,62.0,731,71.06,71.06,0,0,71.018,0.084,-0.366,-0.296,-0.514,23,-0.366,-0.296,-0.514,23,-0.662,H,#A5AFB9,11,4.0,0,0,0.087,0,0,0,0,0.0,19
2,2024,2024111,13,8,23,23-8,ZHO,Guanyu Zhou,24,#64D064,63.0,732,71.171,71.171,0,0,71.116,0.111,-0.202,-0.641,-0.522,23,-0.202,-0.641,-0.522,23,-0.843,H,#A5AFB9,12,4.0,0,0,0.087,0,0,0,0,0.0,19
2,2024,2024111,13,8,23,23-8,ZHO,Guanyu Zhou,24,#64D064,64.0,733,-,-,0,1,-,-,-,-,-,-,-,-,-,-,-0.511,H,#A5AFB9,13,4.0,0,0,0.087,0,0,0,1,0.0,19
2,2024,2024111,13,8,23,23-8,ZHO,Guanyu Zhou,24,#64D064,65.0,734,-,-,0,1,-,-,-,-,-,-,-,-,-,-,,H,#A5AFB9,14,4.0,0,0,0.087,0,0,1,0,0.0,18
2,2024,2024111,13,8,23,23-8,ZHO,Guanyu Zhou,24,#64D064,66.0,735,71.016,71.016,0,0,-,-,0.355,-0.448,0.131,23,0.355,-0.448,0.131,23,-0.093,H,#A5AFB9,15,4.0,0,0,0.087,0,0,0,0,0.0,18
2,2024,2024111,13,8,23,23-8,ZHO,Guanyu Zhou,24,#64D064,67.0,736,70.958,70.958,0,0,70.987,0.058,-0.129,-0.152,-0.205,23,-0.129,-0.152,-0.205,23,-0.281,H,#A5AFB9,16,4.0,0,0,0.087,0,0,0,0,0.0,18
2,2024,2024111,13,8,23,23-8,ZHO,Guanyu Zhou,24,#64D064,68.0,737,71.114,71.114,0,0,71.036,0.156,-0.59,0.029,-0.576,3,-0.590,0.029,-0.576,3,-0.561,H,#A5AFB9,17,4.0,0,0,0.087,0,0,0,0,0.0,18
2,2024,2024111,13,8,23,23-8,ZHO,Guanyu Zhou,24,#64D064,69.0,738,70.769,70.769,0,0,70.942,0.345,-0.323,-0.405,-0.525,23,-0.323,-0.405,-0.525,23,-0.728,H,#A5AFB9,18,4.0,0,0,0.087,0,0,0,0,0.0,17
2,2024,2024111,13,8,23,23-8,ZHO,Guanyu Zhou,24,#64D064,70.0,739,70.777,70.777,0,0,70.773,0.008,-0.407,-0.245,-0.529,23,-0.407,-0.245,-0.529,23,-0.652,H,#A5AFB9,19,4.0,0,0,0.087,0,0,0,0,0.0,17
2,2024,2024121,14,8,3,3-8,BOT,Valtteri Bottas,77,#64D064,1.0,741,-,-,0,1,-,-,-,-,-,-,-,-,-,-,,M,#F0E628,1,1.0,0,0,0.744,0,0,0,0,,18
2,2024,2024121,14,8,3,3-8,BOT,Valtteri Bottas,77,#64D064,2.0,742,-,-,0,1,-,-,-,-,-,-,-,-,-,-,,M,#F0E628,2,1.0,0,0,0.744,0,0,0,0,0.0,18
2,2024,2024121,14,8,3,3-8,BOT,Valtteri Bottas,77,#64D064,3.0,743,94.447,94.447,0,0,-,-,-1.728,-0.960,-1.248,23,-1.728,-0.960,-1.248,23,-0.768,M,#F0E628,3,1.0,0,0,0.744,0,0,0,0,0.0,18
2,2024,2024121,14,8,3,3-8,BOT,Valtteri Bottas,77,#64D064,4.0,744,94.322,94.322,0,0,94.384,0.125,-1.625,-1.101,-1.075,23,-1.625,-1.101,-1.075,23,-0.524,M,#F0E628,4,1.0,0,0,0.744,0,0,0,0,-1.0,19
2,2024,2024121,14,8,3,3-8,BOT,Valtteri Bottas,77,#64D064,5.0,745,93.768,93.768,0,0,94.045,0.554,-1.212,-0.497,-0.964,23,-1.212,-0.497,-0.964,23,-0.715,M,#F0E628,5,1.0,0,0,0.744,0,0,0,0,0.0,19
2,2024,2024121,14,8,3,3-8,BOT,Valtteri Bottas,77,#64D064,6.0,746,93.46,93.46,0,0,93.614,0.308,-0.791,0.328,-0.955,3,-0.791,0.328,-0.955,3,-1.119,M,#F0E628,6,1.0,0,0,0.744,0,0,0,0,0.0,19
2,2024,2024121,14,8,3,3-8,BOT,Valtteri Bottas,77,#64D064,7.0,747,93.648,93.648,0,0,93.554,0.188,-0.867,0.862,-1.298,3,-0.867,0.862,-1.298,3,-1.729,M,#F0E628,7,1.0,0,0,0.744,0,0,0,0,0.0,19
2,2024,2024121,14,8,3,3-8,BOT,Valtteri Bottas,77,#64D064,8.0,748,93.561,93.561,0,0,93.604,0.087,-0.776,2.762,-2.157,3,-0.776,1.355,-1.454,3,-3.538,M,#F0E628,8,1.0,0,0,0.744,0,0,0,0,0.0,19
2,2024,2024121,14,8,3,3-8,BOT,Valtteri Bottas,77,#64D064,9.0,749,93.645,93.645,0,0,93.603,0.084,-0.969,1.677,-1.808,3,-0.969,1.677,-1.808,3,-2.646,M,#F0E628,9,1.0,0,0,0.744,0,0,0,0,0.0,19
2,2024,2024121,14,8,3,3-8,BOT,Valtteri Bottas,77,#64D064,10.0,750,93.787,93.787,0,0,93.716,0.142,-1.084,2.041,-2.104,3,-1.084,2.041,-2.104,3,-3.125,M,#F0E628,10,1.0,0,0,0.744,0,0,0,0,1.0,18
2,2024,2024121,14,8,3,3-8,BOT,Valtteri Bottas,77,#64D064,11.0,751,93.561,93.561,0,0,93.674,0.226,-0.968,1.451,-1.694,3,-0.968,1.451,-1.694,3,-2.419,M,#F0E628,11,1.0,0,0,0.744,0,0,0,0,0.0,18
2,2024,2024121,14,8,3,3-8,BOT,Valtteri Bottas,77,#64D064,12.0,752,93.269,93.269,0,0,93.415,0.292,-0.852,-,-,-,-0.852,-,-,-,,M,#F0E628,12,1.0,0,0,0.744,0,0,0,0,0.0,18
2,2024,2024121,14,8,3,3-8,BOT,Valtteri Bottas,77,#64D064,13.0,753,93.65,93.65,0,0,93.46,0.381,-1.104,-,-,-,-1.104,-,-,-,,M,#F0E628,13,1.0,0,0,0.744,0,0,0,0,0.0,18
2,2024,2024121,14,8,3,3-8,BOT,Valtteri Bottas,77,#64D064,14.0,754,93.156,93.156,0,0,93.403,0.494,-0.728,-0.706,-0.375,23,-0.728,-0.706,-0.375,23,-0.022,M,#F0E628,14,1.0,0,1,0.744,0,0,0,0,1.0,17
2,2024,2024121,14,8,3,3-8,BOT,Valtteri Bottas,77,#64D064,15.0,755,93.228,93.228,0,0,93.192,0.072,-0.759,-0.749,-0.385,23,-0.759,-0.749,-0.385,23,-0.01,M,#F0E628,15,1.0,0,0,0.744,0,0,0,0,0.0,17
2,2024,2024121,14,8,3,3-8,BOT,Valtteri Bottas,77,#64D064,16.0,756,93.967,93.967,0,0,93.598,0.739,-0.701,1.235,-1.319,3,-0.701,1.235,-1.319,3,-1.936,M,#F0E628,16,1.0,0,0,0.744,0,0,0,0,0.0,17
2,2024,2024121,14,8,3,3-8,BOT,Valtteri Bottas,77,#64D064,17.0,757,95.498,95.498,0,0,94.732,1.531,-0.401,2.608,-1.705,3,-0.401,2.608,-1.705,3,-3.009,M,#F0E628,17,1.0,0,0,0.744,0,0,0,0,0.0,17
2,2024,2024121,14,8,3,3-8,BOT,Valtteri Bottas,77,#64D064,18.0,758,96.075,96.075,0,0,95.786,0.577,-0.258,3.562,-2.039,3,-0.258,3.562,-2.039,3,-3.82,M,#F0E628,18,1.0,0,0,0.744,0,0,0,0,0.0,17
2,2024,2024121,14,8,3,3-8,BOT,Valtteri Bottas,77,#64D064,19.0,759,104.426,97.309,1,0,96.692,8.351,-8.032,-,-,-,-0.915,-,-,-,,M,#F0E628,19,1.0,0,0,0.744,0,0,0,0,0.0,17
2,2024,2024121,14,8,3,3-8,BOT,Valtteri Bottas,77,#64D064,20.0,760,98.542,98.542,0,0,97.925,5.884,-1.158,-,-,-,-1.158,-,-,-,,M,#F0E628,20,1.0,0,0,0.744,0,0,0,0,0.0,16
2,2024,2024121,14,8,3,3-8,BOT,Valtteri Bottas,77,#64D064,21.0,761,95.235,95.235,0,0,96.888,3.307,-0.345,9.325,-5.008,3,-0.345,9.325,-5.008,3,-9.67,M,#F0E628,21,1.0,0,0,0.744,0,0,0,0,1.0,15
2,2024,2024121,14,8,3,3-8,BOT,Valtteri Bottas,77,#64D064,22.0,762,94.03,94.03,0,0,94.632,1.205,0.467,16.218,-7.642,3,0.467,13.291,-6.178,3,-15.751,M,#F0E628,22,1.0,0,0,0.744,0,0,0,0,0.0,15
2,2024,2024121,14,8,3,3-8,BOT,Valtteri Bottas,77,#64D064,23.0,763,94.076,94.076,0,0,94.053,0.046,1.021,16.005,-6.982,3,1.021,16.005,-6.982,3,-14.984,M,#F0E628,23,1.0,0,0,0.744,0,0,0,0,0.0,15
2,2024,2024121,14,8,3,3-8,BOT,Valtteri Bottas,77,#64D064,24.0,764,97.35,97.35,0,0,95.713,3.274,-1.069,11.517,-6.828,3,-1.069,11.517,-6.828,3,-12.586,M,#F0E628,24,1.0,0,0,0.744,0,0,0,0,0.0,15
2,2024,2024121,14,8,3,3-8,BOT,Valtteri Bottas,77,#64D064,25.0,765,99.761,99.761,0,0,98.556,2.411,-1.356,8.484,-5.598,3,-1.356,8.484,-5.598,3,-9.84,M,#F0E628,25,1.0,0,0,0.744,0,0,0,0,0.0,15
2,2024,2024121,14,8,3,3-8,BOT,Valtteri Bottas,77,#64D064,26.0,766,-,-,0,1,-,-,-,-,-,-,-,-,-,-,,M,#F0E628,26,1.0,1,0,0.744,0,0,0,0,0.0,15
2,2024,2024121,14,8,3,3-8,BOT,Valtteri Bottas,77,#64D064,27.0,767,-,-,0,1,-,-,-,-,-,-,-,-,-,-,,I,#50A078,1,2.0,0,0,0.383,0,0,0,0,0.0,15
2,2024,2024121,14,8,3,3-8,BOT,Valtteri Bottas,77,#64D064,28.0,768,102.562,102.562,0,0,-,-,-0.389,-0.696,-0.041,23,-0.389,-0.696,-0.041,23,0.307,I,#50A078,2,2.0,0,0,0.383,0,0,0,0,0.0,15
2,2024,2024121,14,8,3,3-8,BOT,Valtteri Bottas,77,#64D064,29.0,769,103.302,103.302,0,0,102.932,0.740,-1.129,-1.309,-0.474,23,-1.129,-1.309,-0.474,23,0.18,I,#50A078,3,2.0,0,0,0.383,0,0,0,0,0.0,15
2,2024,2024121,14,8,3,3-8,BOT,Valtteri Bottas,77,#64D064,30.0,770,103.472,103.472,0,0,103.387,0.170,-1.27,-0.315,-1.113,23,-1.270,-0.315,-1.113,23,-0.955,I,#50A078,4,2.0,0,0,0.383,0,0,0,0,0.0,15
2,2024,2024121,14,8,3,3-8,BOT,Valtteri Bottas,77,#64D064,31.0,771,104.51,104.51,0,0,103.991,1.038,-1.406,-0.194,-1.309,23,-1.406,-0.194,-1.309,23,-1.212,I,#50A078,5,2.0,0,0,0.383,0,0,0,0,0.0,15
2,2024,2024121,14,8,3,3-8,BOT,Valtteri Bottas,77,#64D064,32.0,772,105.199,105.199,0,0,104.854,0.689,-1.325,-0.170,-1.240,23,-1.325,-0.170,-1.240,23,-1.155,I,#50A078,6,2.0,0,1,0.383,0,0,0,0,0.0,15
2,2024,2024121,14,8,3,3-8,BOT,Valtteri Bottas,77,#64D064,33.0,773,105.552,105.552,0,0,105.376,0.353,-1.327,-0.140,-1.257,23,-1.327,-0.140,-1.257,23,-1.187,I,#50A078,7,2.0,0,0,0.383,0,0,0,0,0.0,15
2,2024,2024121,14,8,3,3-8,BOT,Valtteri Bottas,77,#64D064,34.0,774,105.199,105.199,0,0,105.376,0.353,-0.824,2.811,-2.229,3,-0.824,-1.209,-0.219,23,-3.635,I,#50A078,8,2.0,0,0,0.383,0,0,0,0,0.0,14
2,2024,2024121,14,8,3,3-8,BOT,Valtteri Bottas,77,#64D064,35.0,775,105.476,105.476,0,0,105.338,0.277,-1.535,-2.907,-0.081,23,-1.535,-2.907,-0.081,23,1.372,I,#50A078,9,2.0,0,0,0.383,0,0,0,0,0.0,14
2,2024,2024121,14,8,3,3-8,BOT,Valtteri Bottas,77,#64D064,36.0,776,102.968,102.968,0,0,104.222,2.508,-0.469,-0.145,-0.396,23,-0.469,-0.145,-0.396,23,-0.324,I,#50A078,10,2.0,0,0,0.383,0,0,0,0,0.0,14
2,2024,2024121,14,8,3,3-8,BOT,Valtteri Bottas,77,#64D064,37.0,777,-,-,0,1,-,-,-,-,-,-,-,-,-,-,,I,#50A078,11,2.0,1,0,0.383,0,0,0,0,0.0,14
2,2024,2024121,14,8,3,3-8,BOT,Valtteri Bottas,77,#64D064,38.0,778,-,-,0,1,-,-,-,-,-,-,-,-,-,-,,S,#CD3C3C,1,3.0,0,0,0.500,0,0,0,0,0.0,14
2,2024,2024121,14,8,3,3-8,BOT,Valtteri Bottas,77,#64D064,39.0,779,97.114,97.114,0,0,-,-,-3.72,-4.418,-1.511,23,-3.720,-4.418,-1.511,23,0.698,S,#CD3C3C,2,3.0,0,0,0.500,0,0,0,0,0.0,14
2,2024,2024121,14,8,3,3-8,BOT,Valtteri Bottas,77,#64D064,40.0,780,92.973,92.973,0,0,95.044,4.141,-1.378,0.197,-1.476,3,-1.378,-1.049,-0.853,23,-1.575,S,#CD3C3C,3,3.0,0,0,0.500,0,0,0,0,0.0,14
2,2024,2024121,14,8,3,3-8,BOT,Valtteri Bottas,77,#64D064,41.0,781,93.344,93.344,0,0,93.158,0.371,-2.681,-2.193,-1.585,23,-2.681,-2.193,-1.585,23,-0.488,S,#CD3C3C,4,3.0,0,0,0.500,0,0,0,0,0.0,14
2,2024,2024121,14,8,3,3-8,BOT,Valtteri Bottas,77,#64D064,42.0,782,92.348,92.348,0,0,92.846,0.996,-2.003,-1.227,-1.389,23,-2.003,-1.227,-1.389,23,-0.776,S,#CD3C3C,5,3.0,0,0,0.500,0,0,0,0,0.0,14
2,2024,2024121,14,8,3,3-8,BOT,Valtteri Bottas,77,#64D064,43.0,783,91.732,91.732,0,0,92.04,0.616,-1.565,-0.718,-1.206,23,-1.565,-0.718,-1.206,23,-0.847,S,#CD3C3C,6,3.0,0,0,0.500,0,0,0,0,0.0,14
2,2024,2024121,14,8,3,3-8,BOT,Valtteri Bottas,77,#64D064,44.0,784,91.277,91.277,0,0,91.504,0.455,-1.011,0.101,-1.062,3,-1.011,-0.090,-0.966,23,-1.112,S,#CD3C3C,7,3.0,0,0,0.500,0,0,0,0,0.0,14
2,2024,2024121,14,8,3,3-8,BOT,Valtteri Bottas,77,#64D064,45.0,785,93.159,91.336,1,0,91.307,1.882,-2.813,-1.799,-1.913,23,-0.991,0.023,-1.002,3,-1.014,S,#CD3C3C,8,3.0,0,1,0.500,0,0,0,0,0.0,14
2,2024,2024121,14,8,3,3-8,BOT,Valtteri Bottas,77,#64D064,46.0,786,91.396,91.396,0,0,91.366,1.763,-1.063,0.034,-1.080,3,-1.063,0.034,-1.080,3,-1.097,S,#CD3C3C,9,3.0,0,0,0.500,0,0,0,0,0.0,14
2,2024,2024121,14,8,3,3-8,BOT,Valtteri Bottas,77,#64D064,47.0,787,91.431,91.431,0,0,91.414,0.035,-0.982,-0.148,-0.908,23,-0.982,-0.148,-0.908,23,-0.834,S,#CD3C3C,10,3.0,0,0,0.500,0,0,0,0,0.0,14
2,2024,2024121,14,8,3,3-8,BOT,Valtteri Bottas,77,#64D064,48.0,788,92.006,92.006,0,0,91.718,0.575,-1.508,-0.450,-1.283,23,-1.508,-0.450,-1.283,23,-1.058,S,#CD3C3C,11,3.0,0,0,0.500,0,0,0,0,0.0,14
2,2024,2024121,14,8,3,3-8,BOT,Valtteri Bottas,77,#64D064,49.0,789,91.688,91.688,0,0,91.847,0.318,-0.737,0.816,-1.145,3,-0.737,-0.035,-0.720,23,-1.553,S,#CD3C3C,12,3.0,0,0,0.500,0,0,0,0,0.0,14
2,2024,2024121,14,8,3,3-8,BOT,Valtteri Bottas,77,#64D064,50.0,790,92.32,92.32,0,0,92.004,0.632,-1.532,-0.571,-1.246,23,-1.532,-0.571,-1.246,23,-0.961,S,#CD3C3C,13,3.0,0,0,0.500,0,0,0,0,-1.0,15
2,2024,2024121,14,8,3,3-8,BOT,Valtteri Bottas,77,#64D064,51.0,791,92.217,92.217,0,0,92.268,0.103,-1.267,-,-,-,-1.267,-,-,-,,S,#CD3C3C,14,3.0,0,0,0.500,0,0,0,0,0.0,15
2,2024,2024121,14,8,23,23-8,ZHO,Guanyu Zhou,24,#64D064,1.0,741,-,-,0,1,-,-,-,-,-,-,-,-,-,-,,S,#CD3C3C,1,1.0,0,0,0.406,0,0,0,0,,14
2,2024,2024121,14,8,23,23-8,ZHO,Guanyu Zhou,24,#64D064,2.0,742,-,-,0,1,-,-,-,-,-,-,-,-,-,-,,S,#CD3C3C,2,1.0,0,0,0.406,0,0,0,0,0.0,14
2,2024,2024121,14,8,23,23-8,ZHO,Guanyu Zhou,24,#64D064,3.0,743,93.487,93.487,0,0,-,-,-0.768,-0.960,-1.248,23,-0.768,-0.960,-1.248,23,-1.728,S,#CD3C3C,3,1.0,0,0,0.406,0,0,0,0,0.0,14
2,2024,2024121,14,8,23,23-8,ZHO,Guanyu Zhou,24,#64D064,4.0,744,93.221,93.221,0,0,93.354,0.266,-0.524,-1.101,-1.075,23,-0.524,-1.101,-1.075,23,-1.625,S,#CD3C3C,4,1.0,0,0,0.406,0,0,0,0,0.0,14
2,2024,2024121,14,8,23,23-8,ZHO,Guanyu Zhou,24,#64D064,5.0,745,93.271,93.271,0,0,93.246,0.050,-0.715,-0.497,-0.964,23,-0.715,-0.497,-0.964,23,-1.212,S,#CD3C3C,5,1.0,0,0,0.406,0,0,0,0,0.0,14
2,2024,2024121,14,8,23,23-8,ZHO,Guanyu Zhou,24,#64D064,6.0,746,93.788,93.788,0,0,93.53,0.517,-1.119,0.328,-0.955,3,-1.119,0.328,-0.955,3,-0.791,S,#CD3C3C,6,1.0,0,0,0.406,0,0,0,0,0.0,14
2,2024,2024121,14,8,23,23-8,ZHO,Guanyu Zhou,24,#64D064,7.0,747,94.51,94.51,0,0,94.149,0.722,-1.729,0.862,-1.298,3,-1.729,0.862,-1.298,3,-0.867,S,#CD3C3C,7,1.0,0,1,0.406,0,0,0,0,-1.0,15
2,2024,2024121,14,8,23,23-8,ZHO,Guanyu Zhou,24,#64D064,8.0,748,96.323,94.916,1,0,94.713,1.813,-3.538,2.762,-2.157,3,-2.131,1.355,-1.454,3,-0.776,S,#CD3C3C,8,1.0,0,0,0.406,0,0,0,0,-3.0,18
2,2024,2024121,14,8,23,23-8,ZHO,Guanyu Zhou,24,#64D064,9.0,749,95.322,95.322,0,0,95.119,1.001,-2.646,1.677,-1.808,3,-2.646,1.677,-1.808,3,-0.969,S,#CD3C3C,9,1.0,0,0,0.406,0,0,0,0,0.0,18
2,2024,2024121,14,8,23,23-8,ZHO,Guanyu Zhou,24,#64D064,10.0,750,95.828,95.828,0,0,95.575,0.506,-3.125,2.041,-2.104,3,-3.125,2.041,-2.104,3,-1.084,S,#CD3C3C,10,1.0,0,0,0.406,0,0,0,0,-1.0,19
2,2024,2024121,14,8,23,23-8,ZHO,Guanyu Zhou,24,#64D064,11.0,751,95.012,95.012,0,0,95.42,0.816,-2.419,1.451,-1.694,3,-2.419,1.451,-1.694,3,-0.968,S,#CD3C3C,11,1.0,0,0,0.406,0,0,0,0,0.0,19
2,2024,2024121,14,8,23,23-8,ZHO,Guanyu Zhou,24,#64D064,12.0,752,-,-,0,1,-,-,-,-,-,-,-,-,-,-,-0.852,S,#CD3C3C,12,1.0,1,0,0.406,0,0,0,0,0.0,19
2,2024,2024121,14,8,23,23-8,ZHO,Guanyu Zhou,24,#64D064,13.0,753,-,-,0,1,-,-,-,-,-,-,-,-,-,-,-1.104,M,#F0E628,1,2.0,0,0,0.898,0,0,0,0,0.0,19
2,2024,2024121,14,8,23,23-8,ZHO,Guanyu Zhou,24,#64D064,14.0,754,92.45,92.45,0,0,-,-,-0.022,-0.706,-0.375,23,-0.022,-0.706,-0.375,23,-0.728,M,#F0E628,2,2.0,0,0,0.898,0,0,0,0,0.0,19
2,2024,2024121,14,8,23,23-8,ZHO,Guanyu Zhou,24,#64D064,15.0,755,92.479,92.479,0,0,92.464,0.029,-0.01,-0.749,-0.385,23,-0.010,-0.749,-0.385,23,-0.759,M,#F0E628,3,2.0,0,0,0.898,0,0,0,0,0.0,19
2,2024,2024121,14,8,23,23-8,ZHO,Guanyu Zhou,24,#64D064,16.0,756,95.202,95.202,0,0,93.84,2.723,-1.936,1.235,-1.319,3,-1.936,1.235,-1.319,3,-0.701,M,#F0E628,4,2.0,0,1,0.898,0,0,0,0,0.0,19
2,2024,2024121,14,8,23,23-8,ZHO,Guanyu Zhou,24,#64D064,17.0,757,98.106,98.106,0,0,96.654,2.904,-3.009,2.608,-1.705,3,-3.009,2.608,-1.705,3,-0.401,M,#F0E628,5,2.0,0,0,0.898,0,0,0,0,0.0,19
2,2024,2024121,14,8,23,23-8,ZHO,Guanyu Zhou,24,#64D064,18.0,758,99.637,99.637,0,0,98.872,1.531,-3.82,3.562,-2.039,3,-3.820,3.562,-2.039,3,-0.258,M,#F0E628,6,2.0,0,0,0.898,0,0,0,0,0.0,19
2,2024,2024121,14,8,23,23-8,ZHO,Guanyu Zhou,24,#64D064,19.0,759,-,-,0,1,-,-,-,-,-,-,-,-,-,-,-8.032,M,#F0E628,7,2.0,1,0,0.898,0,0,0,0,0.0,19
2,2024,2024121,14,8,23,23-8,ZHO,Guanyu Zhou,24,#64D064,20.0,760,-,-,0,1,-,-,-,-,-,-,-,-,-,-,-1.158,I,#50A078,1,3.0,0,0,1.652,0,0,0,0,0.0,19
2,2024,2024121,14,8,23,23-8,ZHO,Guanyu Zhou,24,#64D064,21.0,761,104.56,104.56,0,0,-,-,-9.67,9.325,-5.008,3,-9.670,9.325,-5.008,3,-0.345,I,#50A078,2,3.0,0,0,1.652,0,0,0,0,0.0,19
2,2024,2024121,14,8,23,23-8,ZHO,Guanyu Zhou,24,#64D064,22.0,762,110.248,107.321,1,0,105.94,5.688,-15.751,16.218,-7.642,3,-12.824,13.291,-6.178,3,0.467,I,#50A078,3,3.0,0,0,1.652,0,0,0,0,0.0,19
2,2024,2024121,14,8,23,23-8,ZHO,Guanyu Zhou,24,#64D064,23.0,763,110.081,110.081,0,0,108.701,0.167,-14.984,16.005,-6.982,3,-14.984,16.005,-6.982,3,1.021,I,#50A078,4,3.0,0,1,1.652,0,0,0,0,0.0,19
2,2024,2024121,14,8,23,23-8,ZHO,Guanyu Zhou,24,#64D064,24.0,764,108.867,108.867,0,0,109.474,1.214,-12.586,11.517,-6.828,3,-12.586,11.517,-6.828,3,-1.069,I,#50A078,5,3.0,0,0,1.652,0,0,0,0,0.0,19
2,2024,2024121,14,8,23,23-8,ZHO,Guanyu Zhou,24,#64D064,25.0,765,108.245,108.245,0,0,108.556,0.622,-9.84,8.484,-5.598,3,-9.840,8.484,-5.598,3,-1.356,I,#50A078,6,3.0,0,0,1.652,0,0,0,0,0.0,19
2,2024,2024121,14,8,23,23-8,ZHO,Guanyu Zhou,24,#64D064,26.0,766,-,-,0,1,-,-,-,-,-,-,-,-,-,-,,I,#50A078,7,3.0,1,0,1.652,0,0,0,0,0.0,19
2,2024,2024121,14,8,23,23-8,ZHO,Guanyu Zhou,24,#64D064,27.0,767,-,-,0,1,-,-,-,-,-,-,-,-,-,-,,I,#50A078,1,4.0,0,0,0.740,0,0,0,0,0.0,19
2,2024,2024121,14,8,23,23-8,ZHO,Guanyu Zhou,24,#64D064,28.0,768,101.866,101.866,0,0,-,-,0.307,-0.696,-0.041,23,0.307,-0.696,-0.041,23,-0.389,I,#50A078,2,4.0,0,0,0.740,0,0,0,0,0.0,19
2,2024,2024121,14,8,23,23-8,ZHO,Guanyu Zhou,24,#64D064,29.0,769,101.993,101.993,0,0,101.929,0.127,0.18,-1.309,-0.474,23,0.180,-1.309,-0.474,23,-1.129,I,#50A078,3,4.0,0,0,0.740,0,0,0,0,0.0,19
2,2024,2024121,14,8,23,23-8,ZHO,Guanyu Zhou,24,#64D064,30.0,770,103.157,103.157,0,0,102.575,1.164,-0.955,-0.315,-1.113,23,-0.955,-0.315,-1.113,23,-1.27,I,#50A078,4,4.0,0,0,0.740,0,0,0,0,0.0,19
2,2024,2024121,14,8,23,23-8,ZHO,Guanyu Zhou,24,#64D064,31.0,771,104.316,104.316,0,0,103.736,1.159,-1.212,-0.194,-1.309,23,-1.212,-0.194,-1.309,23,-1.406,I,#50A078,5,4.0,0,0,0.740,0,0,0,0,0.0,19
2,2024,2024121,14,8,23,23-8,ZHO,Guanyu Zhou,24,#64D064,32.0,772,105.029,105.029,0,0,104.672,0.713,-1.155,-0.170,-1.240,23,-1.155,-0.170,-1.240,23,-1.325,I,#50A078,6,4.0,0,1,0.740,0,0,0,0,0.0,19
2,2024,2024121,14,8,23,23-8,ZHO,Guanyu Zhou,24,#64D064,33.0,773,105.412,105.412,0,0,105.22,0.383,-1.187,-0.140,-1.257,23,-1.187,-0.140,-1.257,23,-1.327,I,#50A078,7,4.0,0,0,0.740,0,0,0,0,0.0,19
2,2024,2024121,14,8,23,23-8,ZHO,Guanyu Zhou,24,#64D064,34.0,774,108.01,103.99,1,0,104.701,2.598,-3.635,2.811,-2.229,3,0.385,-1.209,-0.219,23,-0.824,I,#50A078,8,4.0,0,0,0.740,0,0,0,0,0.0,18
2,2024,2024121,14,8,23,23-8,ZHO,Guanyu Zhou,24,#64D064,35.0,775,102.569,102.569,0,0,103.28,5.441,1.372,-2.907,-0.081,23,1.372,-2.907,-0.081,23,-1.535,I,#50A078,9,4.0,0,0,0.740,0,0,0,0,0.0,18
2,2024,2024121,14,8,23,23-8,ZHO,Guanyu Zhou,24,#64D064,36.0,776,102.823,102.823,0,0,102.696,0.254,-0.324,-0.145,-0.396,23,-0.324,-0.145,-0.396,23,-0.469,I,#50A078,10,4.0,0,0,0.740,0,0,0,0,0.0,18
2,2024,2024121,14,8,23,23-8,ZHO,Guanyu Zhou,24,#64D064,37.0,777,-,-,0,1,-,-,-,-,-,-,-,-,-,-,,I,#50A078,11,4.0,1,0,0.740,0,0,0,0,0.0,18
2,2024,2024121,14,8,23,23-8,ZHO,Guanyu Zhou,24,#64D064,38.0,778,-,-,0,1,-,-,-,-,-,-,-,-,-,-,,S,#CD3C3C,2,5.0,0,0,0.261,0,0,0,0,0.0,18
2,2024,2024121,14,8,23,23-8,ZHO,Guanyu Zhou,24,#64D064,39.0,779,92.696,92.696,0,0,-,-,0.698,-4.418,-1.511,23,0.698,-4.418,-1.511,23,-3.72,S,#CD3C3C,3,5.0,0,0,0.261,0,0,0,0,0.0,18
2,2024,2024121,14,8,23,23-8,ZHO,Guanyu Zhou,24,#64D064,40.0,780,93.17,91.923,1,0,92.31,0.474,-1.575,0.197,-1.476,3,-0.329,-1.049,-0.853,23,-1.378,S,#CD3C3C,4,5.0,0,0,0.261,0,0,0,0,0.0,18
2,2024,2024121,14,8,23,23-8,ZHO,Guanyu Zhou,24,#64D064,41.0,781,91.151,91.151,0,0,91.537,2.019,-0.488,-2.193,-1.585,23,-0.488,-2.193,-1.585,23,-2.681,S,#CD3C3C,5,5.0,0,0,0.261,0,0,0,0,0.0,18
2,2024,2024121,14,8,23,23-8,ZHO,Guanyu Zhou,24,#64D064,42.0,782,91.121,91.121,0,0,91.136,0.030,-0.776,-1.227,-1.389,23,-0.776,-1.227,-1.389,23,-2.003,S,#CD3C3C,6,5.0,0,0,0.261,0,0,0,0,0.0,18
2,2024,2024121,14,8,23,23-8,ZHO,Guanyu Zhou,24,#64D064,43.0,783,91.014,91.014,0,0,91.068,0.107,-0.847,-0.718,-1.206,23,-0.847,-0.718,-1.206,23,-1.565,S,#CD3C3C,7,5.0,0,0,0.261,0,0,0,0,0.0,18
2,2024,2024121,14,8,23,23-8,ZHO,Guanyu Zhou,24,#64D064,44.0,784,91.378,91.187,1,0,91.1,0.364,-1.112,0.101,-1.062,3,-0.921,-0.090,-0.966,23,-1.011,S,#CD3C3C,8,5.0,0,1,0.261,0,0,0,0,0.0,18
2,2024,2024121,14,8,23,23-8,ZHO,Guanyu Zhou,24,#64D064,45.0,785,91.36,91.36,0,0,91.274,0.018,-1.014,-1.799,-1.913,23,-1.014,0.023,-1.002,3,-2.813,S,#CD3C3C,9,5.0,0,0,0.261,0,0,0,0,0.0,18
2,2024,2024121,14,8,23,23-8,ZHO,Guanyu Zhou,24,#64D064,46.0,786,91.43,91.43,0,0,91.395,0.070,-1.097,0.034,-1.080,3,-1.097,0.034,-1.080,3,-1.063,S,#CD3C3C,10,5.0,0,0,0.261,0,0,0,0,0.0,18
2,2024,2024121,14,8,23,23-8,ZHO,Guanyu Zhou,24,#64D064,47.0,787,91.283,91.283,0,0,91.357,0.147,-0.834,-0.148,-0.908,23,-0.834,-0.148,-0.908,23,-0.982,S,#CD3C3C,11,5.0,0,0,0.261,0,0,0,0,0.0,18
2,2024,2024121,14,8,23,23-8,ZHO,Guanyu Zhou,24,#64D064,48.0,788,91.556,91.556,0,0,91.42,0.273,-1.058,-0.450,-1.283,23,-1.058,-0.450,-1.283,23,-1.508,S,#CD3C3C,12,5.0,0,0,0.261,0,0,0,0,0.0,18
2,2024,2024121,14,8,23,23-8,ZHO,Guanyu Zhou,24,#64D064,49.0,789,92.504,91.652,1,0,91.604,0.948,-1.553,0.816,-1.145,3,-0.702,-0.035,-0.720,23,-0.737,S,#CD3C3C,13,5.0,0,0,0.261,0,0,0,0,0.0,18
2,2024,2024121,14,8,23,23-8,ZHO,Guanyu Zhou,24,#64D064,50.0,790,91.749,91.749,0,0,91.701,0.755,-0.961,-0.571,-1.246,23,-0.961,-0.571,-1.246,23,-1.532,S,#CD3C3C,14,5.0,0,0,0.261,0,0,0,0,0.0,18
2,2024,2024131,15,8,3,3-8,BOT,Valtteri Bottas,77,#64D064,1.0,793,-,-,0,1,-,-,-,-,-,-,-,-,-,-,,M,#F0E628,2,1.0,0,0,0.155,0,0,0,0,,13
2,2024,2024131,15,8,3,3-8,BOT,Valtteri Bottas,77,#64D064,2.0,794,-,-,0,1,-,-,-,-,-,-,-,-,-,-,,M,#F0E628,3,1.0,0,0,0.155,0,0,0,0,0.0,13
2,2024,2024131,15,8,3,3-8,BOT,Valtteri Bottas,77,#64D064,3.0,795,86.586,86.586,0,0,-,-,-0.799,-0.456,-0.571,23,-0.799,-0.456,-0.571,23,-0.343,M,#F0E628,4,1.0,0,0,0.155,0,0,0,0,0.0,13
2,2024,2024131,15,8,3,3-8,BOT,Valtteri Bottas,77,#64D064,4.0,796,86.343,86.343,0,0,86.464,0.243,-0.845,0.018,-0.854,3,-0.845,0.018,-0.854,3,-0.863,M,#F0E628,5,1.0,0,0,0.155,0,0,0,0,0.0,13
2,2024,2024131,15,8,3,3-8,BOT,Valtteri Bottas,77,#64D064,5.0,797,86.207,86.207,0,0,86.275,0.136,-0.749,0.291,-0.895,3,-0.749,0.291,-0.895,3,-1.04,M,#F0E628,6,1.0,0,0,0.155,0,0,0,0,0.0,13
2,2024,2024131,15,8,3,3-8,BOT,Valtteri Bottas,77,#64D064,6.0,798,86.02,86.02,0,0,86.113,0.187,-0.765,-0.029,-0.750,23,-0.765,-0.029,-0.750,23,-0.736,M,#F0E628,7,1.0,0,0,0.155,0,0,0,0,0.0,12
2,2024,2024131,15,8,3,3-8,BOT,Valtteri Bottas,77,#64D064,7.0,799,84.968,84.968,0,0,85.494,1.052,-0.357,-,-,-,-0.357,-,-,-,,M,#F0E628,8,1.0,0,0,0.155,0,0,0,0,0.0,11
2,2024,2024131,15,8,3,3-8,BOT,Valtteri Bottas,77,#64D064,8.0,800,85.188,85.188,0,0,85.078,0.220,-0.655,-,-,-,-0.655,-,-,-,,M,#F0E628,9,1.0,0,0,0.155,0,0,0,0,0.0,9
2,2024,2024131,15,8,3,3-8,BOT,Valtteri Bottas,77,#64D064,9.0,801,84.876,84.876,0,0,85.032,0.312,-0.223,-0.027,-0.209,23,-0.223,-0.027,-0.209,23,-0.196,M,#F0E628,10,1.0,0,1,0.155,0,0,0,0,0.0,9
2,2024,2024131,15,8,3,3-8,BOT,Valtteri Bottas,77,#64D064,10.0,802,85.01,85.01,0,0,84.943,0.134,-0.215,-0.078,-0.176,23,-0.215,-0.078,-0.176,23,-0.137,M,#F0E628,11,1.0,0,0,0.155,0,0,0,0,0.0,9
2,2024,2024131,15,8,3,3-8,BOT,Valtteri Bottas,77,#64D064,11.0,803,85.15,85.15,0,0,85.08,0.140,-0.421,-0.412,-0.215,23,-0.421,-0.412,-0.215,23,-0.009,M,#F0E628,12,1.0,0,0,0.155,0,0,0,0,0.0,9
2,2024,2024131,15,8,3,3-8,BOT,Valtteri Bottas,77,#64D064,12.0,804,84.969,84.969,0,0,85.06,0.181,-0.237,-0.306,-0.084,23,-0.237,-0.306,-0.084,23,0.069,M,#F0E628,13,1.0,0,0,0.155,0,0,0,0,0.0,9
2,2024,2024131,15,8,3,3-8,BOT,Valtteri Bottas,77,#64D064,13.0,805,85.277,85.277,0,0,85.123,0.308,-0.295,0.229,-0.409,3,-0.295,-0.261,-0.164,23,-0.524,M,#F0E628,14,1.0,0,0,0.155,0,0,0,0,0.0,9
2,2024,2024131,15,8,3,3-8,BOT,Valtteri Bottas,77,#64D064,14.0,806,85.625,85.219,1,0,85.248,0.348,-0.572,-0.257,-0.444,23,-0.166,0.149,-0.240,3,-0.315,M,#F0E628,15,1.0,0,0,0.155,0,0,0,0,0.0,9
2,2024,2024131,15,8,3,3-8,BOT,Valtteri Bottas,77,#64D064,15.0,807,85.161,85.161,0,0,85.19,0.464,-0.092,0.304,-0.244,3,-0.092,0.304,-0.244,3,-0.396,M,#F0E628,16,1.0,0,0,0.155,0,0,0,0,0.0,8
2,2024,2024131,15,8,3,3-8,BOT,Valtteri Bottas,77,#64D064,16.0,808,-,-,0,1,-,-,-,-,-,-,-,-,-,-,-0.422,M,#F0E628,17,1.0,1,0,0.155,0,0,0,0,0.0,10
2,2024,2024131,15,8,3,3-8,BOT,Valtteri Bottas,77,#64D064,17.0,809,-,-,0,1,-,-,-,-,-,-,-,-,-,-,-0.586,H,#A5AFB9,1,2.0,0,0,0.249,0,0,0,0,0.0,18
2,2024,2024131,15,8,3,3-8,BOT,Valtteri Bottas,77,#64D064,18.0,810,85.976,85.976,0,0,-,-,-0.64,0.027,-0.653,3,-0.640,0.027,-0.653,3,-0.667,H,#A5AFB9,2,2.0,0,0,0.249,0,0,0,0,0.0,18
2,2024,2024131,15,8,3,3-8,BOT,Valtteri Bottas,77,#64D064,19.0,811,84.819,84.819,0,0,85.398,1.157,0.272,1.407,-0.431,3,0.272,1.407,-0.431,3,-1.135,H,#A5AFB9,3,2.0,0,0,0.249,0,0,0,0,1.0,17
2,2024,2024131,15,8,3,3-8,BOT,Valtteri Bottas,77,#64D064,20.0,812,84.916,84.916,0,0,84.868,0.097,-0.056,1.008,-0.560,3,-0.056,1.008,-0.560,3,-1.064,H,#A5AFB9,4,2.0,0,0,0.249,0,0,0,0,0.0,17
2,2024,2024131,15,8,3,3-8,BOT,Valtteri Bottas,77,#64D064,21.0,813,85.457,85.457,0,0,85.186,0.541,-0.447,0.451,-0.672,3,-0.447,0.451,-0.672,3,-0.898,H,#A5AFB9,5,2.0,0,0,0.249,0,0,0,0,0.0,17
2,2024,2024131,15,8,3,3-8,BOT,Valtteri Bottas,77,#64D064,22.0,814,85.587,85.587,0,0,85.522,0.130,-0.642,-0.195,-0.544,23,-0.642,-0.195,-0.544,23,-0.447,H,#A5AFB9,6,2.0,0,0,0.249,0,0,0,0,0.0,17
2,2024,2024131,15,8,3,3-8,BOT,Valtteri Bottas,77,#64D064,23.0,815,85.409,85.409,0,0,85.498,0.178,-0.499,0.341,-0.669,3,-0.499,0.341,-0.669,3,-0.84,H,#A5AFB9,7,2.0,0,0,0.249,0,0,0,0,0.0,17
2,2024,2024131,15,8,3,3-8,BOT,Valtteri Bottas,77,#64D064,24.0,816,85.655,85.655,0,0,85.532,0.246,-0.635,0.137,-0.704,3,-0.635,0.137,-0.704,3,-0.772,H,#A5AFB9,8,2.0,0,0,0.249,0,0,0,0,0.0,17
2,2024,2024131,15,8,3,3-8,BOT,Valtteri Bottas,77,#64D064,25.0,817,85.569,85.569,0,0,85.612,0.086,-0.743,-0.045,-0.720,23,-0.743,-0.045,-0.720,23,-0.698,H,#A5AFB9,9,2.0,0,0,0.249,0,0,0,0,0.0,17
2,2024,2024131,15,8,3,3-8,BOT,Valtteri Bottas,77,#64D064,26.0,818,85.639,85.639,0,0,85.604,0.070,-0.74,-0.156,-0.662,23,-0.740,-0.156,-0.662,23,-0.584,H,#A5AFB9,10,2.0,0,0,0.249,0,0,0,0,0.0,17
2,2024,2024131,15,8,3,3-8,BOT,Valtteri Bottas,77,#64D064,27.0,819,85.775,85.775,0,0,85.707,0.136,-0.859,-0.379,-0.669,23,-0.859,-0.379,-0.669,23,-0.48,H,#A5AFB9,11,2.0,0,0,0.249,0,0,0,0,0.0,17
2,2024,2024131,15,8,3,3-8,BOT,Valtteri Bottas,77,#64D064,28.0,820,85.72,85.72,0,0,85.748,0.055,-1.079,-0.024,-1.067,23,-1.079,-0.177,-0.991,23,-1.055,H,#A5AFB9,12,2.0,0,0,0.249,0,0,0,0,0.0,16
2,2024,2024131,15,8,3,3-8,BOT,Valtteri Bottas,77,#64D064,29.0,821,85.096,85.096,0,0,85.408,0.624,-0.881,0.593,-1.177,3,-0.881,0.593,-1.177,3,-1.474,H,#A5AFB9,13,2.0,0,0,0.249,0,0,0,0,0.0,13
2,2024,2024131,15,8,3,3-8,BOT,Valtteri Bottas,77,#64D064,30.0,822,86.551,85.345,1,0,85.22,1.455,-2.437,-0.884,-1.995,23,-1.231,0.322,-1.392,3,-1.553,H,#A5AFB9,14,2.0,0,0,0.249,0,0,0,0,-1.0,13
2,2024,2024131,15,8,3,3-8,BOT,Valtteri Bottas,77,#64D064,31.0,823,85.593,85.593,0,0,85.469,0.958,-1.587,0.001,-1.587,3,-1.587,0.001,-1.587,3,-1.588,H,#A5AFB9,15,2.0,0,1,0.249,0,0,0,0,0.0,13
2,2024,2024131,15,8,3,3-8,BOT,Valtteri Bottas,77,#64D064,32.0,824,85.438,85.438,0,0,85.516,0.155,-1.314,1.137,-1.883,3,-1.314,1.137,-1.883,3,-2.451,H,#A5AFB9,16,2.0,0,0,0.249,0,0,0,0,0.0,13
2,2024,2024131,15,8,3,3-8,BOT,Valtteri Bottas,77,#64D064,33.0,825,85.546,85.546,0,0,85.492,0.108,-1.306,1.297,-1.954,3,-1.306,1.297,-1.954,3,-2.603,H,#A5AFB9,17,2.0,0,0,0.249,0,0,0,0,0.0,13
2,2024,2024131,15,8,3,3-8,BOT,Valtteri Bottas,77,#64D064,34.0,826,85.61,85.61,0,0,85.578,0.064,-1.183,2.246,-2.306,3,-1.183,2.246,-2.306,3,-3.429,H,#A5AFB9,18,2.0,0,0,0.249,0,0,0,0,0.0,12
2,2024,2024131,15,8,3,3-8,BOT,Valtteri Bottas,77,#64D064,35.0,827,83.887,83.887,0,0,84.748,1.723,0.394,4.400,-1.806,3,0.394,4.400,-1.806,3,-4.006,H,#A5AFB9,19,2.0,0,0,0.249,0,0,0,0,0.0,12
2,2024,2024131,15,8,3,3-8,BOT,Valtteri Bottas,77,#64D064,36.0,828,84.677,84.677,0,0,84.282,0.790,-0.58,-,-,-,-0.580,-,-,-,,H,#A5AFB9,20,2.0,0,0,0.249,0,0,0,0,0.0,12
2,2024,2024131,15,8,3,3-8,BOT,Valtteri Bottas,77,#64D064,37.0,829,84.825,84.825,0,0,84.751,0.148,-0.712,-,-,-,-0.712,-,-,-,,H,#A5AFB9,21,2.0,0,0,0.249,0,0,0,0,0.0,12
2,2024,2024131,15,8,3,3-8,BOT,Valtteri Bottas,77,#64D064,38.0,830,84.954,84.954,0,0,84.89,0.129,-0.898,-1.467,-0.165,23,-0.898,-1.467,-0.165,23,0.569,H,#A5AFB9,22,2.0,0,0,0.249,0,0,0,0,0.0,11
2,2024,2024131,15,8,3,3-8,BOT,Valtteri Bottas,77,#64D064,39.0,831,85.136,85.136,0,0,85.045,0.182,-1.026,-0.878,-0.587,23,-1.026,-0.878,-0.587,23,-0.148,H,#A5AFB9,23,2.0,0,0,0.249,0,0,0,0,0.0,11
2,2024,2024131,15,8,3,3-8,BOT,Valtteri Bottas,77,#64D064,40.0,832,84.973,84.973,0,0,85.054,0.163,-0.947,-0.606,-0.644,23,-0.947,-0.606,-0.644,23,-0.341,H,#A5AFB9,24,2.0,0,0,0.249,0,0,0,0,0.0,11
2,2024,2024131,15,8,3,3-8,BOT,Valtteri Bottas,77,#64D064,41.0,833,85.082,85.082,0,0,85.028,0.109,-1.071,-0.754,-0.694,23,-1.071,-0.754,-0.694,23,-0.317,H,#A5AFB9,25,2.0,0,0,0.249,0,0,0,0,0.0,11
2,2024,2024131,15,8,3,3-8,BOT,Valtteri Bottas,77,#64D064,42.0,834,85.871,85.238,1,0,85.16,0.789,-2.103,-2.172,-1.017,23,-1.470,-1.539,-0.701,23,0.069,H,#A5AFB9,26,2.0,0,0,0.249,0,0,0,0,-1.0,12
2,2024,2024131,15,8,3,3-8,BOT,Valtteri Bottas,77,#64D064,43.0,835,85.395,85.395,0,0,85.317,0.476,-1.418,-1.180,-0.828,23,-1.418,-1.180,-0.828,23,-0.238,H,#A5AFB9,27,2.0,0,0,0.249,0,0,0,0,0.0,12
2,2024,2024131,15,8,3,3-8,BOT,Valtteri Bottas,77,#64D064,44.0,836,86.967,86.967,0,0,86.181,1.572,-2.795,-2.755,-1.417,23,-2.795,-2.755,-1.417,23,-0.04,H,#A5AFB9,28,2.0,0,0,0.249,0,0,0,0,-1.0,13
2,2024,2024131,15,8,3,3-8,BOT,Valtteri Bottas,77,#64D064,45.0,837,-,-,0,1,-,-,-,-,-,-,-,-,-,-,-1.955,H,#A5AFB9,29,2.0,1,0,0.249,0,0,0,0,0.0,15
2,2024,2024131,15,8,3,3-8,BOT,Valtteri Bottas,77,#64D064,46.0,838,-,-,0,1,-,-,-,-,-,-,-,-,-,-,-0.251,H,#A5AFB9,1,3.0,0,0,0.454,0,0,0,0,0.0,18
2,2024,2024131,15,8,3,3-8,BOT,Valtteri Bottas,77,#64D064,47.0,839,83.218,83.218,0,0,-,-,0.516,4.855,-1.911,3,0.516,0.744,0.144,3,-4.339,H,#A5AFB9,2,3.0,0,0,0.454,0,0,0,0,0.0,18
2,2024,2024131,15,8,3,3-8,BOT,Valtteri Bottas,77,#64D064,48.0,840,84.845,84.845,0,0,84.032,1.627,-1.128,-0.994,-0.631,23,-1.128,-0.994,-0.631,23,-0.134,H,#A5AFB9,3,3.0,0,0,0.454,0,0,0,0,0.0,18
2,2024,2024131,15,8,3,3-8,BOT,Valtteri Bottas,77,#64D064,49.0,841,85.509,85.509,0,0,85.177,0.664,-2.196,-1.644,-1.374,23,-2.196,-1.644,-1.374,23,-0.552,H,#A5AFB9,4,3.0,0,0,0.454,0,0,0,0,0.0,18
2,2024,2024131,15,8,3,3-8,BOT,Valtteri Bottas,77,#64D064,50.0,842,83.411,83.411,0,0,84.46,2.098,-0.275,2.551,-1.550,3,-0.275,1.470,-1.010,3,-2.826,H,#A5AFB9,5,3.0,0,0,0.454,0,0,0,0,0.0,18
2,2024,2024131,15,8,3,3-8,BOT,Valtteri Bottas,77,#64D064,51.0,843,83.042,83.042,0,0,83.226,0.369,0.144,2.855,-1.284,3,0.144,2.855,-1.284,3,-2.711,H,#A5AFB9,6,3.0,0,0,0.454,0,0,0,0,0.0,18
2,2024,2024131,15,8,3,3-8,BOT,Valtteri Bottas,77,#64D064,52.0,844,82.792,82.792,0,0,82.917,0.250,0.36,1.375,-0.327,3,0.360,1.375,-0.327,3,-1.015,H,#A5AFB9,7,3.0,0,0,0.454,0,0,0,0,0.0,18
2,2024,2024131,15,8,3,3-8,BOT,Valtteri Bottas,77,#64D064,53.0,845,82.894,82.894,0,0,82.843,0.102,0.205,1.319,-0.455,3,0.205,1.319,-0.455,3,-1.114,H,#A5AFB9,8,3.0,0,0,0.454,0,0,0,0,0.0,18
2,2024,2024131,15,8,3,3-8,BOT,Valtteri Bottas,77,#64D064,54.0,846,83.44,83.44,0,0,83.167,0.546,-0.417,0.652,-0.743,3,-0.417,0.652,-0.743,3,-1.069,H,#A5AFB9,9,3.0,0,0,0.454,0,0,0,0,0.0,18
2,2024,2024131,15,8,3,3-8,BOT,Valtteri Bottas,77,#64D064,55.0,847,85.773,85.773,0,0,84.606,2.333,-2.579,-1.756,-1.701,23,-2.579,-1.756,-1.701,23,-0.823,H,#A5AFB9,10,3.0,0,0,0.454,0,0,0,0,0.0,18
2,2024,2024131,15,8,3,3-8,BOT,Valtteri Bottas,77,#64D064,56.0,848,86.768,86.768,0,0,86.27,0.995,-3.191,-2.593,-1.895,23,-3.191,-2.593,-1.895,23,-0.598,H,#A5AFB9,11,3.0,0,0,0.454,0,0,0,0,0.0,18
2,2024,2024131,15,8,3,3-8,BOT,Valtteri Bottas,77,#64D064,57.0,849,86.516,86.516,0,0,86.642,0.252,-2.91,-2.530,-1.645,23,-2.910,-2.530,-1.645,23,-0.38,H,#A5AFB9,12,3.0,0,0,0.454,0,0,0,0,0.0,18
2,2024,2024131,15,8,3,3-8,BOT,Valtteri Bottas,77,#64D064,58.0,850,85.243,85.243,0,0,85.88,1.273,-1.633,-0.936,-1.165,23,-1.633,-0.936,-1.165,23,-0.697,H,#A5AFB9,13,3.0,0,1,0.454,0,0,0,0,0.0,18
2,2024,2024131,15,8,3,3-8,BOT,Valtteri Bottas,77,#64D064,59.0,851,85.074,85.074,0,0,85.158,0.169,-1.496,2.110,-2.551,3,-1.496,0.390,-1.691,3,-3.606,H,#A5AFB9,14,3.0,0,0,0.454,0,0,0,0,0.0,18
2,2024,2024131,15,8,3,3-8,BOT,Valtteri Bottas,77,#64D064,60.0,852,84.44,84.44,0,0,84.757,0.634,-0.795,2.180,-1.885,3,-0.795,2.180,-1.885,3,-2.975,H,#A5AFB9,15,3.0,0,0,0.454,0,0,0,0,0.0,18
2,2024,2024131,15,8,3,3-8,BOT,Valtteri Bottas,77,#64D064,61.0,853,84.13,84.13,0,0,84.285,0.310,-0.555,0.345,-0.728,3,-0.555,0.345,-0.728,3,-0.9,H,#A5AFB9,16,3.0,0,0,0.454,0,0,0,0,1.0,17
2,2024,2024131,15,8,3,3-8,BOT,Valtteri Bottas,77,#64D064,62.0,854,84.604,84.604,0,0,84.367,0.474,-0.683,0.168,-0.767,3,-0.683,0.168,-0.767,3,-0.851,H,#A5AFB9,17,3.0,0,0,0.454,0,0,0,0,0.0,17
2,2024,2024131,15,8,3,3-8,BOT,Valtteri Bottas,77,#64D064,63.0,855,85.589,85.589,0,0,85.096,0.985,-1.439,-0.284,-1.297,23,-1.439,-0.284,-1.297,23,-1.155,H,#A5AFB9,18,3.0,0,0,0.454,0,0,0,0,0.0,17
2,2024,2024131,15,8,3,3-8,BOT,Valtteri Bottas,77,#64D064,64.0,856,84.466,84.466,0,0,85.028,1.123,-0.298,0.520,-0.558,3,-0.298,0.520,-0.558,3,-0.818,H,#A5AFB9,19,3.0,0,0,0.454,0,0,0,0,0.0,16
2,2024,2024131,15,8,3,3-8,BOT,Valtteri Bottas,77,#64D064,65.0,857,83.596,83.596,0,0,84.031,0.870,0.138,1.124,-0.424,3,0.138,1.124,-0.424,3,-0.986,H,#A5AFB9,20,3.0,0,0,0.454,0,0,0,0,0.0,16
2,2024,2024131,15,8,3,3-8,BOT,Valtteri Bottas,77,#64D064,66.0,858,83.458,83.458,0,0,83.527,0.138,0.243,1.368,-0.441,3,0.243,1.368,-0.441,3,-1.125,H,#A5AFB9,21,3.0,0,0,0.454,0,0,0,0,0.0,16
2,2024,2024131,15,8,3,3-8,BOT,Valtteri Bottas,77,#64D064,67.0,859,83.244,83.244,0,0,83.351,0.214,0.542,2.408,-0.662,3,0.542,2.408,-0.662,3,-1.866,H,#A5AFB9,22,3.0,0,0,0.454,0,0,0,0,0.0,16
2,2024,2024131,15,8,3,3-8,BOT,Valtteri Bottas,77,#64D064,68.0,860,86.159,86.159,0,0,84.702,2.915,-2.302,-1.186,-1.709,23,-2.302,-1.186,-1.709,23,-1.116,H,#A5AFB9,23,3.0,0,0,0.454,0,0,0,0,0.0,16
2,2024,2024131,15,8,3,3-8,BOT,Valtteri Bottas,77,#64D064,69.0,861,87.777,87.777,0,0,86.968,1.618,-3.272,-1.390,-2.577,23,-3.272,-1.390,-2.577,23,-1.882,H,#A5AFB9,24,3.0,0,0,0.454,0,0,0,0,0.0,16
2,2024,2024131,15,8,23,23-8,ZHO,Guanyu Zhou,24,#64D064,1.0,793,-,-,0,1,-,-,-,-,-,-,-,-,-,-,,M,#F0E628,2,1.0,0,0,0.146,0,0,0,0,,19
2,2024,2024131,15,8,23,23-8,ZHO,Guanyu Zhou,24,#64D064,2.0,794,-,-,0,1,-,-,-,-,-,-,-,-,-,-,,M,#F0E628,3,1.0,0,0,0.146,0,0,0,0,0.0,19
2,2024,2024131,15,8,23,23-8,ZHO,Guanyu Zhou,24,#64D064,3.0,795,86.13,86.13,0,0,-,-,-0.343,-0.456,-0.571,23,-0.343,-0.456,-0.571,23,-0.799,M,#F0E628,4,1.0,0,0,0.146,0,0,0,0,0.0,18
2,2024,2024131,15,8,23,23-8,ZHO,Guanyu Zhou,24,#64D064,4.0,796,86.361,86.361,0,0,86.246,0.231,-0.863,0.018,-0.854,3,-0.863,0.018,-0.854,3,-0.845,M,#F0E628,5,1.0,0,1,0.146,0,0,0,0,0.0,18
2,2024,2024131,15,8,23,23-8,ZHO,Guanyu Zhou,24,#64D064,5.0,797,86.498,86.498,0,0,86.43,0.137,-1.04,0.291,-0.895,3,-1.040,0.291,-0.895,3,-0.749,M,#F0E628,6,1.0,0,0,0.146,0,0,0,0,0.0,18
2,2024,2024131,15,8,23,23-8,ZHO,Guanyu Zhou,24,#64D064,6.0,798,85.991,85.991,0,0,86.244,0.507,-0.736,-0.029,-0.750,23,-0.736,-0.029,-0.750,23,-0.765,M,#F0E628,7,1.0,0,0,0.146,0,0,0,0,0.0,17
2,2024,2024131,15,8,23,23-8,ZHO,Guanyu Zhou,24,#64D064,7.0,799,-,-,0,1,-,-,-,-,-,-,-,-,-,-,-0.357,M,#F0E628,8,1.0,1,0,0.146,0,0,0,0,0.0,16
2,2024,2024131,15,8,23,23-8,ZHO,Guanyu Zhou,24,#64D064,8.0,800,-,-,0,1,-,-,-,-,-,-,-,-,-,-,-0.655,H,#A5AFB9,1,2.0,0,0,0.152,0,0,0,0,0.0,20
2,2024,2024131,15,8,23,23-8,ZHO,Guanyu Zhou,24,#64D064,9.0,801,84.849,84.849,0,0,-,-,-0.196,-0.027,-0.209,23,-0.196,-0.027,-0.209,23,-0.223,H,#A5AFB9,2,2.0,0,0,0.152,0,0,0,0,0.0,20
2,2024,2024131,15,8,23,23-8,ZHO,Guanyu Zhou,24,#64D064,10.0,802,84.932,84.932,0,0,84.89,0.083,-0.137,-0.078,-0.176,23,-0.137,-0.078,-0.176,23,-0.215,H,#A5AFB9,3,2.0,0,0,0.152,0,0,0,0,0.0,20
2,2024,2024131,15,8,23,23-8,ZHO,Guanyu Zhou,24,#64D064,11.0,803,84.738,84.738,0,0,84.835,0.194,-0.009,-0.412,-0.215,23,-0.009,-0.412,-0.215,23,-0.421,H,#A5AFB9,4,2.0,0,0,0.152,0,0,0,0,0.0,20
2,2024,2024131,15,8,23,23-8,ZHO,Guanyu Zhou,24,#64D064,12.0,804,84.663,84.663,0,0,84.7,0.075,0.069,-0.306,-0.084,23,0.069,-0.306,-0.084,23,-0.237,H,#A5AFB9,5,2.0,0,0,0.152,0,0,0,0,0.0,20
2,2024,2024131,15,8,23,23-8,ZHO,Guanyu Zhou,24,#64D064,13.0,805,85.506,85.016,1,0,84.839,0.843,-0.524,0.229,-0.409,3,-0.034,-0.261,-0.164,23,-0.295,H,#A5AFB9,6,2.0,0,0,0.152,0,0,0,0,0.0,20
2,2024,2024131,15,8,23,23-8,ZHO,Guanyu Zhou,24,#64D064,14.0,806,85.368,85.368,0,0,85.192,0.138,-0.315,-0.257,-0.444,23,-0.315,0.149,-0.240,3,-0.572,H,#A5AFB9,7,2.0,0,0,0.152,0,0,0,0,0.0,20
2,2024,2024131,15,8,23,23-8,ZHO,Guanyu Zhou,24,#64D064,15.0,807,85.465,85.465,0,0,85.416,0.097,-0.396,0.304,-0.244,3,-0.396,0.304,-0.244,3,-0.092,H,#A5AFB9,8,2.0,0,0,0.152,0,0,0,0,0.0,20
2,2024,2024131,15,8,23,23-8,ZHO,Guanyu Zhou,24,#64D064,16.0,808,85.617,85.617,0,0,85.541,0.152,-0.422,-,-,-,-0.422,-,-,-,,H,#A5AFB9,9,2.0,0,0,0.152,0,0,0,0,0.0,20
2,2024,2024131,15,8,23,23-8,ZHO,Guanyu Zhou,24,#64D064,17.0,809,85.884,85.884,0,0,85.75,0.267,-0.586,-,-,-,-0.586,-,-,-,,H,#A5AFB9,10,2.0,0,0,0.152,0,0,0,0,0.0,20
2,2024,2024131,15,8,23,23-8,ZHO,Guanyu Zhou,24,#64D064,18.0,810,86.003,86.003,0,0,85.944,0.119,-0.667,0.027,-0.653,3,-0.667,0.027,-0.653,3,-0.64,H,#A5AFB9,11,2.0,0,0,0.152,0,0,0,0,0.0,20
2,2024,2024131,15,8,23,23-8,ZHO,Guanyu Zhou,24,#64D064,19.0,811,86.226,86.226,0,0,86.114,0.223,-1.135,1.407,-0.431,3,-1.135,1.407,-0.431,3,0.272,H,#A5AFB9,12,2.0,0,0,0.152,0,0,0,0,0.0,20
2,2024,2024131,15,8,23,23-8,ZHO,Guanyu Zhou,24,#64D064,20.0,812,85.924,85.924,0,0,86.075,0.302,-1.064,1.008,-0.560,3,-1.064,1.008,-0.560,3,-0.056,H,#A5AFB9,13,2.0,0,0,0.152,0,0,0,0,0.0,20
2,2024,2024131,15,8,23,23-8,ZHO,Guanyu Zhou,24,#64D064,21.0,813,85.908,85.908,0,0,85.916,0.016,-0.898,0.451,-0.672,3,-0.898,0.451,-0.672,3,-0.447,H,#A5AFB9,14,2.0,0,0,0.152,0,0,0,0,0.0,20
2,2024,2024131,15,8,23,23-8,ZHO,Guanyu Zhou,24,#64D064,22.0,814,85.392,85.392,0,0,85.65,0.516,-0.447,-0.195,-0.544,23,-0.447,-0.195,-0.544,23,-0.642,H,#A5AFB9,15,2.0,0,1,0.152,0,0,0,0,0.0,20
2,2024,2024131,15,8,23,23-8,ZHO,Guanyu Zhou,24,#64D064,23.0,815,85.75,85.75,0,0,85.571,0.358,-0.84,0.341,-0.669,3,-0.840,0.341,-0.669,3,-0.499,H,#A5AFB9,16,2.0,0,0,0.152,0,0,0,0,0.0,20
2,2024,2024131,15,8,23,23-8,ZHO,Guanyu Zhou,24,#64D064,24.0,816,85.792,85.792,0,0,85.771,0.042,-0.772,0.137,-0.704,3,-0.772,0.137,-0.704,3,-0.635,H,#A5AFB9,17,2.0,0,0,0.152,0,0,0,0,0.0,20
2,2024,2024131,15,8,23,23-8,ZHO,Guanyu Zhou,24,#64D064,25.0,817,85.524,85.524,0,0,85.658,0.268,-0.698,-0.045,-0.720,23,-0.698,-0.045,-0.720,23,-0.743,H,#A5AFB9,18,2.0,0,0,0.152,0,0,0,0,0.0,20
2,2024,2024131,15,8,23,23-8,ZHO,Guanyu Zhou,24,#64D064,26.0,818,85.483,85.483,0,0,85.504,0.041,-0.584,-0.156,-0.662,23,-0.584,-0.156,-0.662,23,-0.74,H,#A5AFB9,19,2.0,0,0,0.152,0,0,0,0,0.0,20
2,2024,2024131,15,8,23,23-8,ZHO,Guanyu Zhou,24,#64D064,27.0,819,85.396,85.396,0,0,85.44,0.087,-0.48,-0.379,-0.669,23,-0.480,-0.379,-0.669,23,-0.859,H,#A5AFB9,20,2.0,0,0,0.152,0,0,0,0,0.0,20
2,2024,2024131,15,8,23,23-8,ZHO,Guanyu Zhou,24,#64D064,28.0,820,85.696,85.542,1,0,85.469,0.300,-1.055,-0.024,-1.067,23,-0.902,-0.177,-0.991,23,-1.079,H,#A5AFB9,21,2.0,0,0,0.152,0,0,0,0,0.0,20
2,2024,2024131,15,8,23,23-8,ZHO,Guanyu Zhou,24,#64D064,29.0,821,85.689,85.689,0,0,85.616,0.007,-1.474,0.593,-1.177,3,-1.474,0.593,-1.177,3,-0.881,H,#A5AFB9,22,2.0,0,0,0.152,0,0,0,0,0.0,18
2,2024,2024131,15,8,23,23-8,ZHO,Guanyu Zhou,24,#64D064,30.0,822,85.667,85.667,0,0,85.678,0.022,-1.553,-0.884,-1.995,23,-1.553,0.322,-1.392,3,-2.437,H,#A5AFB9,23,2.0,0,0,0.152,0,0,0,0,0.0,16
2,2024,2024131,15,8,23,23-8,ZHO,Guanyu Zhou,24,#64D064,31.0,823,85.594,85.594,0,0,85.63,0.073,-1.588,0.001,-1.587,3,-1.588,0.001,-1.587,3,-1.587,H,#A5AFB9,24,2.0,0,0,0.152,0,0,0,0,0.0,15
2,2024,2024131,15,8,23,23-8,ZHO,Guanyu Zhou,24,#64D064,32.0,824,86.575,86.575,0,0,86.084,0.981,-2.451,1.137,-1.883,3,-2.451,1.137,-1.883,3,-1.314,H,#A5AFB9,25,2.0,0,0,0.152,0,0,0,0,-1.0,16
2,2024,2024131,15,8,23,23-8,ZHO,Guanyu Zhou,24,#64D064,33.0,825,86.843,86.843,0,0,86.709,0.268,-2.603,1.297,-1.954,3,-2.603,1.297,-1.954,3,-1.306,H,#A5AFB9,26,2.0,0,0,0.152,0,0,0,0,0.0,16
2,2024,2024131,15,8,23,23-8,ZHO,Guanyu Zhou,24,#64D064,34.0,826,87.856,87.856,0,0,87.35,1.013,-3.429,2.246,-2.306,3,-3.429,2.246,-2.306,3,-1.183,H,#A5AFB9,27,2.0,0,0,0.152,0,0,0,0,-1.0,15
2,2024,2024131,15,8,23,23-8,ZHO,Guanyu Zhou,24,#64D064,35.0,827,88.287,88.287,0,0,88.072,0.431,-4.006,4.400,-1.806,3,-4.006,4.400,-1.806,3,0.394,H,#A5AFB9,28,2.0,0,0,0.152,0,0,0,0,-2.0,16
2,2024,2024131,15,8,23,23-8,ZHO,Guanyu Zhou,24,#64D064,36.0,828,-,-,0,1,-,-,-,-,-,-,-,-,-,-,-0.58,H,#A5AFB9,29,2.0,1,0,0.152,0,0,0,0,0.0,16
2,2024,2024131,15,8,23,23-8,ZHO,Guanyu Zhou,24,#64D064,37.0,829,-,-,0,1,-,-,-,-,-,-,-,-,-,-,-0.712,H,#A5AFB9,1,3.0,0,0,0.529,0,0,0,0,0.0,19
2,2024,2024131,15,8,23,23-8,ZHO,Guanyu Zhou,24,#64D064,38.0,830,83.487,83.487,0,0,-,-,0.569,-1.467,-0.165,23,0.569,-1.467,-0.165,23,-0.898,H,#A5AFB9,2,3.0,0,0,0.529,0,0,0,0,0.0,19
2,2024,2024131,15,8,23,23-8,ZHO,Guanyu Zhou,24,#64D064,39.0,831,84.258,84.258,0,0,83.872,0.771,-0.148,-0.878,-0.587,23,-0.148,-0.878,-0.587,23,-1.026,H,#A5AFB9,3,3.0,0,0,0.529,0,0,0,0,0.0,19
2,2024,2024131,15,8,23,23-8,ZHO,Guanyu Zhou,24,#64D064,40.0,832,84.367,84.367,0,0,84.312,0.109,-0.341,-0.606,-0.644,23,-0.341,-0.606,-0.644,23,-0.947,H,#A5AFB9,4,3.0,0,0,0.529,0,0,0,0,0.0,19
2,2024,2024131,15,8,23,23-8,ZHO,Guanyu Zhou,24,#64D064,41.0,833,84.328,84.328,0,0,84.348,0.039,-0.317,-0.754,-0.694,23,-0.317,-0.754,-0.694,23,-1.071,H,#A5AFB9,5,3.0,0,0,0.529,0,0,0,0,0.0,19
2,2024,2024131,15,8,23,23-8,ZHO,Guanyu Zhou,24,#64D064,42.0,834,83.699,83.699,0,0,84.014,0.629,0.069,-2.172,-1.017,23,0.069,-1.539,-0.701,23,-2.103,H,#A5AFB9,6,3.0,0,0,0.529,0,0,0,0,0.0,19
2,2024,2024131,15,8,23,23-8,ZHO,Guanyu Zhou,24,#64D064,43.0,835,84.215,84.215,0,0,83.957,0.516,-0.238,-1.180,-0.828,23,-0.238,-1.180,-0.828,23,-1.418,H,#A5AFB9,7,3.0,0,0,0.529,0,0,0,0,0.0,19
2,2024,2024131,15,8,23,23-8,ZHO,Guanyu Zhou,24,#64D064,44.0,836,84.212,84.212,0,0,84.214,0.003,-0.04,-2.755,-1.417,23,-0.040,-2.755,-1.417,23,-2.795,H,#A5AFB9,8,3.0,0,0,0.529,0,0,0,0,0.0,19
2,2024,2024131,15,8,23,23-8,ZHO,Guanyu Zhou,24,#64D064,45.0,837,85.811,84.143,1,0,84.178,1.599,-1.955,-,-,-,-0.287,-,-,-,,H,#A5AFB9,9,3.0,0,0,0.529,0,0,0,0,0.0,19
2,2024,2024131,15,8,23,23-8,ZHO,Guanyu Zhou,24,#64D064,46.0,838,84.074,84.074,0,0,84.108,1.737,-0.251,-,-,-,-0.251,-,-,-,,H,#A5AFB9,10,3.0,0,0,0.529,0,0,0,0,0.0,19
2,2024,2024131,15,8,23,23-8,ZHO,Guanyu Zhou,24,#64D064,47.0,839,88.073,83.962,1,0,84.018,3.999,-4.339,4.855,-1.911,3,-0.228,0.744,0.144,3,0.516,H,#A5AFB9,11,3.0,0,0,0.529,0,0,0,0,0.0,19
2,2024,2024131,15,8,23,23-8,ZHO,Guanyu Zhou,24,#64D064,48.0,840,83.851,83.851,0,0,83.907,4.222,-0.134,-0.994,-0.631,23,-0.134,-0.994,-0.631,23,-1.128,H,#A5AFB9,12,3.0,0,0,0.529,0,0,0,0,0.0,19
2,2024,2024131,15,8,23,23-8,ZHO,Guanyu Zhou,24,#64D064,49.0,841,83.865,83.865,0,0,83.858,0.014,-0.552,-1.644,-1.374,23,-0.552,-1.644,-1.374,23,-2.196,H,#A5AFB9,13,3.0,0,0,0.529,0,0,0,0,0.0,19
2,2024,2024131,15,8,23,23-8,ZHO,Guanyu Zhou,24,#64D064,50.0,842,85.962,84.881,1,0,84.373,2.097,-2.826,2.551,-1.550,3,-1.745,1.470,-1.010,3,-0.275,H,#A5AFB9,14,3.0,0,0,0.529,0,0,0,0,0.0,19
2,2024,2024131,15,8,23,23-8,ZHO,Guanyu Zhou,24,#64D064,51.0,843,85.897,85.897,0,0,85.389,0.065,-2.711,2.855,-1.284,3,-2.711,2.855,-1.284,3,0.144,H,#A5AFB9,15,3.0,0,0,0.529,0,0,0,0,0.0,19
2,2024,2024131,15,8,23,23-8,ZHO,Guanyu Zhou,24,#64D064,52.0,844,84.167,84.167,0,0,85.032,1.730,-1.015,1.375,-0.327,3,-1.015,1.375,-0.327,3,0.36,H,#A5AFB9,16,3.0,0,0,0.529,0,0,0,0,0.0,19
2,2024,2024131,15,8,23,23-8,ZHO,Guanyu Zhou,24,#64D064,53.0,845,84.213,84.213,0,0,84.19,0.046,-1.114,1.319,-0.455,3,-1.114,1.319,-0.455,3,0.205,H,#A5AFB9,17,3.0,0,1,0.529,0,0,0,0,0.0,19
2,2024,2024131,15,8,23,23-8,ZHO,Guanyu Zhou,24,#64D064,54.0,846,84.092,84.092,0,0,84.152,0.121,-1.069,0.652,-0.743,3,-1.069,0.652,-0.743,3,-0.417,H,#A5AFB9,18,3.0,0,0,0.529,0,0,0,0,0.0,19
2,2024,2024131,15,8,23,23-8,ZHO,Guanyu Zhou,24,#64D064,55.0,847,84.017,84.017,0,0,84.054,0.075,-0.823,-1.756,-1.701,23,-0.823,-1.756,-1.701,23,-2.579,H,#A5AFB9,19,3.0,0,0,0.529,0,0,0,0,0.0,19
2,2024,2024131,15,8,23,23-8,ZHO,Guanyu Zhou,24,#64D064,56.0,848,84.175,84.175,0,0,84.096,0.158,-0.598,-2.593,-1.895,23,-0.598,-2.593,-1.895,23,-3.191,H,#A5AFB9,20,3.0,0,0,0.529,0,0,0,0,0.0,19
2,2024,2024131,15,8,23,23-8,ZHO,Guanyu Zhou,24,#64D064,57.0,849,83.986,83.986,0,0,84.08,0.189,-0.38,-2.530,-1.645,23,-0.380,-2.530,-1.645,23,-2.91,H,#A5AFB9,21,3.0,0,0,0.529,0,0,0,0,0.0,19
2,2024,2024131,15,8,23,23-8,ZHO,Guanyu Zhou,24,#64D064,58.0,850,84.307,84.307,0,0,84.146,0.321,-0.697,-0.936,-1.165,23,-0.697,-0.936,-1.165,23,-1.633,H,#A5AFB9,22,3.0,0,0,0.529,0,0,0,0,0.0,19
2,2024,2024131,15,8,23,23-8,ZHO,Guanyu Zhou,24,#64D064,59.0,851,87.184,85.464,1,0,84.885,2.877,-3.606,2.110,-2.551,3,-1.886,0.390,-1.691,3,-1.496,H,#A5AFB9,23,3.0,0,0,0.529,0,0,0,0,0.0,19
2,2024,2024131,15,8,23,23-8,ZHO,Guanyu Zhou,24,#64D064,60.0,852,86.62,86.62,0,0,86.042,0.564,-2.975,2.180,-1.885,3,-2.975,2.180,-1.885,3,-0.795,H,#A5AFB9,24,3.0,0,0,0.529,0,0,0,0,0.0,19
2,2024,2024131,15,8,23,23-8,ZHO,Guanyu Zhou,24,#64D064,61.0,853,84.475,84.475,0,0,85.548,2.145,-0.9,0.345,-0.728,3,-0.900,0.345,-0.728,3,-0.555,H,#A5AFB9,25,3.0,0,0,0.529,0,0,0,0,0.0,19
2,2024,2024131,15,8,23,23-8,ZHO,Guanyu Zhou,24,#64D064,62.0,854,84.772,84.772,0,0,84.624,0.297,-0.851,0.168,-0.767,3,-0.851,0.168,-0.767,3,-0.683,H,#A5AFB9,26,3.0,0,0,0.529,0,0,0,0,0.0,19
2,2024,2024131,15,8,23,23-8,ZHO,Guanyu Zhou,24,#64D064,63.0,855,85.305,85.305,0,0,85.038,0.533,-1.155,-0.284,-1.297,23,-1.155,-0.284,-1.297,23,-1.439,H,#A5AFB9,27,3.0,0,0,0.529,0,0,0,0,0.0,19
2,2024,2024131,15,8,23,23-8,ZHO,Guanyu Zhou,24,#64D064,64.0,856,84.986,84.986,0,0,85.146,0.319,-0.818,0.520,-0.558,3,-0.818,0.520,-0.558,3,-0.298,H,#A5AFB9,28,3.0,0,0,0.529,0,0,0,0,0.0,18
2,2024,2024131,15,8,23,23-8,ZHO,Guanyu Zhou,24,#64D064,65.0,857,84.72,84.72,0,0,84.853,0.266,-0.986,1.124,-0.424,3,-0.986,1.124,-0.424,3,0.138,H,#A5AFB9,29,3.0,0,0,0.529,0,0,0,0,0.0,17
2,2024,2024131,15,8,23,23-8,ZHO,Guanyu Zhou,24,#64D064,66.0,858,84.826,84.826,0,0,84.773,0.106,-1.125,1.368,-0.441,3,-1.125,1.368,-0.441,3,0.243,H,#A5AFB9,30,3.0,0,0,0.529,0,0,0,0,0.0,17
2,2024,2024131,15,8,23,23-8,ZHO,Guanyu Zhou,24,#64D064,67.0,859,85.652,85.652,0,0,85.239,0.826,-1.866,2.408,-0.662,3,-1.866,2.408,-0.662,3,0.542,H,#A5AFB9,31,3.0,0,0,0.529,0,0,0,0,-1.0,18
2,2024,2024131,15,8,23,23-8,ZHO,Guanyu Zhou,24,#64D064,68.0,860,84.973,84.973,0,0,85.312,0.679,-1.116,-1.186,-1.709,23,-1.116,-1.186,-1.709,23,-2.302,H,#A5AFB9,32,3.0,0,0,0.529,0,0,0,0,0.0,18
2,2024,2024131,15,8,23,23-8,ZHO,Guanyu Zhou,24,#64D064,69.0,861,86.387,86.387,0,0,85.68,1.414,-1.882,-1.390,-2.577,23,-1.882,-1.390,-2.577,23,-3.272,H,#A5AFB9,33,3.0,0,0,0.529,0,0,0,0,-1.0,19
2,2024,2024141,16,8,3,3-8,BOT,Valtteri Bottas,77,#64D064,1.0,863,-,-,0,1,-,-,-,-,-,-,-,-,-,-,,M,#F0E628,1,1.0,0,0,0.152,0,0,0,0,,13
2,2024,2024141,16,8,3,3-8,BOT,Valtteri Bottas,77,#64D064,2.0,864,-,-,0,1,-,-,-,-,-,-,-,-,-,-,,M,#F0E628,2,1.0,0,0,0.152,0,0,0,0,0.0,13
2,2024,2024141,16,8,3,3-8,BOT,Valtteri Bottas,77,#64D064,3.0,865,111.085,111.085,0,0,-,-,-0.542,-,-,-,-0.542,-,-,-,,M,#F0E628,3,1.0,0,0,0.152,0,0,0,0,0.0,13
2,2024,2024141,16,8,3,3-8,BOT,Valtteri Bottas,77,#64D064,4.0,866,110.527,110.527,0,0,110.806,0.558,-0.12,-,-,-,-0.120,-,-,-,,M,#F0E628,4,1.0,0,0,0.152,0,0,0,0,0.0,13
2,2024,2024141,16,8,3,3-8,BOT,Valtteri Bottas,77,#64D064,5.0,867,110.462,110.462,0,0,110.494,0.065,-0.105,-,-,-,-0.105,-,-,-,,M,#F0E628,5,1.0,0,0,0.152,0,0,0,0,0.0,13
2,2024,2024141,16,8,3,3-8,BOT,Valtteri Bottas,77,#64D064,6.0,868,111.097,111.097,0,0,110.78,0.635,-0.515,-,-,-,-0.515,-,-,-,,M,#F0E628,6,1.0,0,1,0.152,0,0,0,0,0.0,13
2,2024,2024141,16,8,3,3-8,BOT,Valtteri Bottas,77,#64D064,7.0,869,111.179,111.179,0,0,111.138,0.082,-0.589,-,-,-,-0.589,-,-,-,,M,#F0E628,7,1.0,0,0,0.152,0,0,0,0,0.0,13
2,2024,2024141,16,8,3,3-8,BOT,Valtteri Bottas,77,#64D064,8.0,870,111.417,111.417,0,0,111.298,0.238,-0.836,-,-,-,-0.836,-,-,-,,M,#F0E628,8,1.0,0,0,0.152,0,0,0,0,0.0,12
2,2024,2024141,16,8,3,3-8,BOT,Valtteri Bottas,77,#64D064,9.0,871,111.409,111.409,0,0,111.413,0.008,-0.857,-,-,-,-0.857,-,-,-,,M,#F0E628,9,1.0,0,0,0.152,0,0,0,0,0.0,11
2,2024,2024141,16,8,3,3-8,BOT,Valtteri Bottas,77,#64D064,10.0,872,110.863,110.863,0,0,111.136,0.546,-0.49,-,-,-,-0.490,-,-,-,,M,#F0E628,10,1.0,0,0,0.152,0,0,0,0,0.0,11
2,2024,2024141,16,8,3,3-8,BOT,Valtteri Bottas,77,#64D064,11.0,873,-,-,0,1,-,-,-,-,-,-,-,-,-,-,,M,#F0E628,11,1.0,1,0,0.152,0,0,0,0,0.0,11
2,2024,2024141,16,8,3,3-8,BOT,Valtteri Bottas,77,#64D064,12.0,874,-,-,0,1,-,-,-,-,-,-,-,-,-,-,,H,#A5AFB9,1,2.0,0,0,0.240,0,0,0,0,0.0,18
2,2024,2024141,16,8,3,3-8,BOT,Valtteri Bottas,77,#64D064,13.0,875,109.373,109.373,0,0,-,-,0.159,-,-,-,0.159,-,-,-,,H,#A5AFB9,2,2.0,0,0,0.240,0,0,0,0,0.0,16
2,2024,2024141,16,8,3,3-8,BOT,Valtteri Bottas,77,#64D064,14.0,876,111.793,109.627,1,0,109.5,2.420,-2.399,-,-,-,-0.233,-,-,-,,H,#A5AFB9,3,2.0,0,0,0.240,0,0,0,0,-1.0,17
2,2024,2024141,16,8,3,3-8,BOT,Valtteri Bottas,77,#64D064,15.0,877,109.881,109.881,0,0,109.754,1.912,-0.62,-,-,-,-0.620,-,-,-,,H,#A5AFB9,4,2.0,0,0,0.240,0,0,0,0,0.0,17
2,2024,2024141,16,8,3,3-8,BOT,Valtteri Bottas,77,#64D064,16.0,878,109.947,109.947,0,0,109.914,0.066,-0.64,-,-,-,-0.640,-,-,-,,H,#A5AFB9,5,2.0,0,0,0.240,0,0,0,0,0.0,16
2,2024,2024141,16,8,3,3-8,BOT,Valtteri Bottas,77,#64D064,17.0,879,110.175,110.175,0,0,110.061,0.228,-0.951,-,-,-,-0.951,-,-,-,,H,#A5AFB9,6,2.0,0,0,0.240,0,0,0,0,0.0,16
2,2024,2024141,16,8,3,3-8,BOT,Valtteri Bottas,77,#64D064,18.0,880,110.391,109.748,1,0,109.961,0.216,-1.158,-,-,-,-0.514,-,-,-,,H,#A5AFB9,7,2.0,0,0,0.240,0,0,0,0,0.0,15
2,2024,2024141,16,8,3,3-8,BOT,Valtteri Bottas,77,#64D064,19.0,881,109.32,109.32,0,0,109.534,1.071,-0.032,-,-,-,-0.032,-,-,-,,H,#A5AFB9,8,2.0,0,0,0.240,0,0,0,0,1.0,14
2,2024,2024141,16,8,3,3-8,BOT,Valtteri Bottas,77,#64D064,20.0,882,109.95,109.95,0,0,109.635,0.630,-0.559,-,-,-,-0.559,-,-,-,,H,#A5AFB9,9,2.0,0,0,0.240,0,0,0,0,0.0,14
2,2024,2024141,16,8,3,3-8,BOT,Valtteri Bottas,77,#64D064,21.0,883,109.981,109.981,0,0,109.965,0.031,-0.621,-,-,-,-0.621,-,-,-,,H,#A5AFB9,10,2.0,0,0,0.240,0,0,0,0,0.0,14
2,2024,2024141,16,8,3,3-8,BOT,Valtteri Bottas,77,#64D064,22.0,884,109.808,109.808,0,0,109.894,0.173,-0.567,-,-,-,-0.567,-,-,-,,H,#A5AFB9,11,2.0,0,0,0.240,0,0,0,0,0.0,13
2,2024,2024141,16,8,3,3-8,BOT,Valtteri Bottas,77,#64D064,23.0,885,109.887,109.887,0,0,109.848,0.079,-0.761,-,-,-,-0.761,-,-,-,,H,#A5AFB9,12,2.0,0,1,0.240,0,0,0,0,0.0,13
2,2024,2024141,16,8,3,3-8,BOT,Valtteri Bottas,77,#64D064,24.0,886,109.757,109.757,0,0,109.822,0.130,-0.901,-,-,-,-0.901,-,-,-,,H,#A5AFB9,13,2.0,0,0,0.240,0,0,0,0,0.0,12
2,2024,2024141,16,8,3,3-8,BOT,Valtteri Bottas,77,#64D064,25.0,887,109.46,109.46,0,0,109.608,0.297,-0.892,-,-,-,-0.892,-,-,-,,H,#A5AFB9,14,2.0,0,0,0.240,0,0,0,0,0.0,12
2,2024,2024141,16,8,3,3-8,BOT,Valtteri Bottas,77,#64D064,26.0,888,109.591,109.591,0,0,109.526,0.131,-1.054,-,-,-,-1.054,-,-,-,,H,#A5AFB9,15,2.0,0,0,0.240,0,0,0,0,0.0,12
2,2024,2024141,16,8,3,3-8,BOT,Valtteri Bottas,77,#64D064,27.0,889,109.4,109.4,0,0,109.496,0.191,-0.918,-,-,-,-0.918,-,-,-,,H,#A5AFB9,16,2.0,0,0,0.240,0,0,0,0,0.0,12
2,2024,2024141,16,8,3,3-8,BOT,Valtteri Bottas,77,#64D064,28.0,890,109.571,109.571,0,0,109.486,0.171,-1.127,-,-,-,-1.127,-,-,-,,H,#A5AFB9,17,2.0,0,0,0.240,0,0,0,0,0.0,11
2,2024,2024141,16,8,3,3-8,BOT,Valtteri Bottas,77,#64D064,29.0,891,109.357,109.357,0,0,109.464,0.214,-0.876,-,-,-,-0.876,-,-,-,,H,#A5AFB9,18,2.0,0,0,0.240,0,0,0,0,0.0,11
2,2024,2024141,16,8,3,3-8,BOT,Valtteri Bottas,77,#64D064,30.0,892,108.766,108.766,0,0,109.062,0.591,-0.682,-,-,-,-0.682,-,-,-,,H,#A5AFB9,19,2.0,0,0,0.240,0,0,0,0,0.0,11
2,2024,2024141,16,8,3,3-8,BOT,Valtteri Bottas,77,#64D064,31.0,893,108.943,108.943,0,0,108.854,0.177,-0.952,-,-,-,-0.952,-,-,-,,H,#A5AFB9,20,2.0,0,0,0.240,0,0,0,0,0.0,10
2,2024,2024141,16,8,3,3-8,BOT,Valtteri Bottas,77,#64D064,32.0,894,108.951,108.951,0,0,108.947,0.008,-1.145,-,-,-,-1.145,-,-,-,,H,#A5AFB9,21,2.0,0,0,0.240,0,0,0,0,0.0,10
2,2024,2024141,16,8,3,3-8,BOT,Valtteri Bottas,77,#64D064,33.0,895,108.804,108.804,0,0,108.878,0.147,-1.01,-,-,-,-1.010,-,-,-,,H,#A5AFB9,22,2.0,0,0,0.240,0,0,0,0,0.0,10
2,2024,2024141,16,8,3,3-8,BOT,Valtteri Bottas,77,#64D064,34.0,896,109.512,109.512,0,0,109.158,0.708,-1.538,-,-,-,-1.538,-,-,-,,H,#A5AFB9,23,2.0,0,0,0.240,0,0,0,0,0.0,10
2,2024,2024141,16,8,3,3-8,BOT,Valtteri Bottas,77,#64D064,35.0,897,-,-,0,1,-,-,-,-,-,-,-,-,-,-,,H,#A5AFB9,24,2.0,1,0,0.240,0,0,0,0,0.0,14
2,2024,2024141,16,8,3,3-8,BOT,Valtteri Bottas,77,#64D064,36.0,898,-,-,0,1,-,-,-,-,-,-,-,-,-,-,,M,#F0E628,1,3.0,0,0,0.237,0,0,0,0,0.0,17
2,2024,2024141,16,8,3,3-8,BOT,Valtteri Bottas,77,#64D064,37.0,899,107.019,107.019,0,0,-,-,0.995,-,-,-,0.995,-,-,-,,M,#F0E628,2,3.0,0,0,0.237,0,0,0,0,1.0,16
2,2024,2024141,16,8,3,3-8,BOT,Valtteri Bottas,77,#64D064,38.0,900,107.672,107.672,0,0,107.346,0.653,0.3,-,-,-,0.300,-,-,-,,M,#F0E628,3,3.0,0,0,0.237,0,0,0,0,0.0,16
2,2024,2024141,16,8,3,3-8,BOT,Valtteri Bottas,77,#64D064,39.0,901,107.777,107.777,0,0,107.724,0.105,0.2,-,-,-,0.200,-,-,-,,M,#F0E628,4,3.0,0,0,0.237,0,0,0,0,0.0,16
2,2024,2024141,16,8,3,3-8,BOT,Valtteri Bottas,77,#64D064,40.0,902,108.11,108.11,0,0,107.944,0.333,-0.157,-,-,-,-0.157,-,-,-,,M,#F0E628,5,3.0,0,1,0.237,0,0,0,0,0.0,16
2,2024,2024141,16,8,3,3-8,BOT,Valtteri Bottas,77,#64D064,41.0,903,108.818,108.222,1,0,108.166,0.708,-0.897,-,-,-,-0.301,-,-,-,,M,#F0E628,6,3.0,0,0,0.237,0,0,0,0,0.0,16
2,2024,2024141,16,8,3,3-8,BOT,Valtteri Bottas,77,#64D064,42.0,904,108.334,108.334,0,0,108.278,0.484,-0.428,-,-,-,-0.428,-,-,-,,M,#F0E628,7,3.0,0,0,0.237,0,0,0,0,0.0,16
2,2024,2024141,16,8,3,3-8,BOT,Valtteri Bottas,77,#64D064,43.0,905,107.889,107.889,0,0,108.112,0.445,-0.24,-,-,-,-0.240,-,-,-,,M,#F0E628,8,3.0,0,0,0.237,0,0,0,0,0.0,16
2,2024,2024141,16,8,3,3-8,BOT,Valtteri Bottas,77,#64D064,44.0,906,107.516,107.516,0,0,107.702,0.373,-0.133,-,-,-,-0.133,-,-,-,,M,#F0E628,9,3.0,0,0,0.237,0,0,0,0,0.0,16
2,2024,2024141,16,8,23,23-8,ZHO,Guanyu Zhou,24,#64D064,1.0,863,-,-,0,1,-,-,-,-,-,-,-,-,-,-,,H,#A5AFB9,1,1.0,0,0,-,0,0,0,0,,18
2,2024,2024141,16,8,23,23-8,ZHO,Guanyu Zhou,24,#64D064,2.0,864,-,-,0,1,-,-,-,-,-,-,-,-,-,-,,H,#A5AFB9,2,1.0,0,0,-,0,0,0,0,0.0,18
2,2024,2024141,16,8,23,23-8,ZHO,Guanyu Zhou,24,#64D064,3.0,865,-,-,0,1,-,-,-,-,-,-,-,-,-,-,-0.542,H,#A5AFB9,3,1.0,0,0,-,0,0,0,0,-2.0,20
2,2024,2024141,16,8,23,23-8,ZHO,Guanyu Zhou,24,#64D064,4.0,866,112.376,112.376,0,0,-,-,-,-,-,-,-,-,-,-,-0.12,H,#A5AFB9,4,1.0,0,1,-,0,0,0,0,0.0,20
2,2024,2024141,16,8,23,23-8,ZHO,Guanyu Zhou,24,#64D064,5.0,867,-,-,0,1,-,-,-,-,-,-,-,-,-,-,-0.105,H,#A5AFB9,5,1.0,1,0,-,0,0,0,0,0.0,20
2,2024,2024151,17,8,3,3-8,BOT,Valtteri Bottas,77,#64D064,1.0,907,-,-,0,1,-,-,-,-,-,-,-,-,-,-,,S,#CD3C3C,1,1.0,0,0,0.207,0,0,0,0,,14
2,2024,2024151,17,8,3,3-8,BOT,Valtteri Bottas,77,#64D064,2.0,908,-,-,0,1,-,-,-,-,-,-,-,-,-,-,,S,#CD3C3C,2,1.0,0,0,0.207,0,0,0,0,0.0,14
2,2024,2024151,17,8,3,3-8,BOT,Valtteri Bottas,77,#64D064,3.0,909,78.388,78.388,0,0,-,-,-0.938,-0.185,-0.845,23,-0.938,-0.185,-0.845,23,-0.753,S,#CD3C3C,3,1.0,0,0,0.207,0,0,0,0,0.0,14
2,2024,2024151,17,8,3,3-8,BOT,Valtteri Bottas,77,#64D064,4.0,910,77.218,77.218,0,0,77.803,1.170,-0.279,0.890,-0.724,3,-0.279,0.890,-0.724,3,-1.169,S,#CD3C3C,4,1.0,0,0,0.207,0,0,0,0,0.0,14
2,2024,2024151,17,8,3,3-8,BOT,Valtteri Bottas,77,#64D064,5.0,911,77.343,77.343,0,0,77.28,0.125,-0.439,0.823,-0.851,3,-0.439,0.823,-0.851,3,-1.262,S,#CD3C3C,5,1.0,0,0,0.207,0,0,0,0,0.0,14
2,2024,2024151,17,8,3,3-8,BOT,Valtteri Bottas,77,#64D064,6.0,912,76.882,76.882,0,0,77.113,0.461,-0.057,1.099,-0.606,3,-0.057,1.099,-0.606,3,-1.156,S,#CD3C3C,6,1.0,0,0,0.207,0,0,0,0,0.0,14
2,2024,2024151,17,8,3,3-8,BOT,Valtteri Bottas,77,#64D064,7.0,913,77.439,77.043,1,0,76.962,0.557,-0.433,0.893,-0.880,3,-0.037,1.289,-0.681,3,-1.326,S,#CD3C3C,7,1.0,0,0,0.207,0,0,0,0,0.0,14
2,2024,2024151,17,8,3,3-8,BOT,Valtteri Bottas,77,#64D064,8.0,914,77.204,77.204,0,0,77.124,0.235,-0.171,1.360,-0.851,3,-0.171,0.976,-0.659,3,-1.531,S,#CD3C3C,8,1.0,0,1,0.207,0,0,0,0,0.0,14
2,2024,2024151,17,8,3,3-8,BOT,Valtteri Bottas,77,#64D064,9.0,915,77.746,77.39,1,0,77.297,0.542,-0.635,0.283,-0.776,3,-0.280,0.638,-0.599,3,-0.918,S,#CD3C3C,9,1.0,0,0,0.207,0,0,0,0,0.0,14
2,2024,2024151,17,8,3,3-8,BOT,Valtteri Bottas,77,#64D064,10.0,916,77.577,77.577,0,0,77.484,0.169,-0.425,0.577,-0.714,3,-0.425,0.577,-0.714,3,-1.002,S,#CD3C3C,10,1.0,0,0,0.207,0,0,0,0,0.0,14
2,2024,2024151,17,8,3,3-8,BOT,Valtteri Bottas,77,#64D064,11.0,917,77.539,77.539,0,0,77.558,0.038,-0.403,0.315,-0.560,3,-0.403,0.315,-0.560,3,-0.718,S,#CD3C3C,11,1.0,0,0,0.207,0,0,0,0,0.0,14
2,2024,2024151,17,8,3,3-8,BOT,Valtteri Bottas,77,#64D064,12.0,918,77.841,77.841,0,0,77.69,0.302,-0.642,0.273,-0.778,3,-0.642,0.001,-0.643,3,-0.915,S,#CD3C3C,12,1.0,0,0,0.207,0,0,0,0,0.0,14
2,2024,2024151,17,8,3,3-8,BOT,Valtteri Bottas,77,#64D064,13.0,919,78.003,78.003,0,0,77.922,0.162,-0.857,-0.173,-0.770,23,-0.857,-0.173,-0.770,23,-0.684,S,#CD3C3C,13,1.0,0,0,0.207,0,0,0,0,0.0,14
2,2024,2024151,17,8,3,3-8,BOT,Valtteri Bottas,77,#64D064,14.0,920,78.092,78.092,0,0,78.048,0.089,-1.084,0.364,-1.266,3,-1.084,-0.201,-0.984,23,-1.448,S,#CD3C3C,14,1.0,0,0,0.207,0,0,0,0,0.0,14
2,2024,2024151,17,8,3,3-8,BOT,Valtteri Bottas,77,#64D064,15.0,921,-,-,0,1,-,-,-,-,-,-,-,-,-,-,-1.082,S,#CD3C3C,15,1.0,1,0,0.207,0,0,0,0,0.0,16
2,2024,2024151,17,8,3,3-8,BOT,Valtteri Bottas,77,#64D064,16.0,922,-,-,0,1,-,-,-,-,-,-,-,-,-,-,-1.471,H,#A5AFB9,1,2.0,0,0,0.195,0,0,0,0,0.0,20
2,2024,2024151,17,8,3,3-8,BOT,Valtteri Bottas,77,#64D064,17.0,923,76.073,76.073,0,0,-,-,0.744,2.121,-0.317,3,0.744,2.121,-0.317,3,-1.377,H,#A5AFB9,2,2.0,0,0,0.195,0,0,0,0,0.0,20
2,2024,2024151,17,8,3,3-8,BOT,Valtteri Bottas,77,#64D064,18.0,924,76.399,76.399,0,0,76.236,0.326,0.376,-,-,-,0.376,-,-,-,,H,#A5AFB9,3,2.0,0,0,0.195,0,0,0,0,0.0,20
2,2024,2024151,17,8,3,3-8,BOT,Valtteri Bottas,77,#64D064,19.0,925,76.582,76.582,0,0,76.49,0.183,0.229,-,-,-,0.229,-,-,-,,H,#A5AFB9,4,2.0,0,0,0.195,0,0,0,0,0.0,19
2,2024,2024151,17,8,3,3-8,BOT,Valtteri Bottas,77,#64D064,20.0,926,76.898,76.714,1,0,76.648,0.316,-0.114,-0.090,-0.069,23,0.069,0.093,0.022,3,-0.024,H,#A5AFB9,5,2.0,0,0,0.195,0,0,0,0,0.0,19
2,2024,2024151,17,8,3,3-8,BOT,Valtteri Bottas,77,#64D064,21.0,927,76.847,76.847,0,0,76.781,0.051,-0.109,-0.132,-0.043,23,-0.109,-0.132,-0.043,23,0.023,H,#A5AFB9,6,2.0,0,0,0.195,0,0,0,0,0.0,19
2,2024,2024151,17,8,3,3-8,BOT,Valtteri Bottas,77,#64D064,22.0,928,76.694,76.694,0,0,76.77,0.153,0.113,0.032,0.097,3,0.113,0.032,0.097,3,0.081,H,#A5AFB9,7,2.0,0,0,0.195,0,0,0,0,0.0,19
2,2024,2024151,17,8,3,3-8,BOT,Valtteri Bottas,77,#64D064,23.0,929,76.681,76.681,0,0,76.688,0.013,0.164,0.614,-0.143,3,0.164,0.614,-0.143,3,-0.45,H,#A5AFB9,8,2.0,0,0,0.195,0,0,0,0,0.0,18
2,2024,2024151,17,8,3,3-8,BOT,Valtteri Bottas,77,#64D064,24.0,930,76.594,76.594,0,0,76.637,0.087,0.139,-0.151,0.214,23,0.139,-0.151,0.214,23,0.29,H,#A5AFB9,9,2.0,0,0,0.195,0,0,0,0,0.0,18
2,2024,2024151,17,8,3,3-8,BOT,Valtteri Bottas,77,#64D064,25.0,931,76.892,76.892,0,0,76.743,0.298,-0.248,-0.115,-0.191,23,-0.248,-0.115,-0.191,23,-0.133,H,#A5AFB9,10,2.0,0,0,0.195,0,0,0,0,0.0,18
2,2024,2024151,17,8,3,3-8,BOT,Valtteri Bottas,77,#64D064,26.0,932,76.799,76.799,0,0,76.846,0.093,-0.244,-0.399,-0.044,23,-0.244,-0.399,-0.044,23,0.155,H,#A5AFB9,11,2.0,0,0,0.195,0,0,0,0,0.0,18
2,2024,2024151,17,8,3,3-8,BOT,Valtteri Bottas,77,#64D064,27.0,933,76.813,76.813,0,0,76.806,0.014,-0.378,1.377,-1.067,3,-0.378,-0.335,-0.210,23,-1.755,H,#A5AFB9,12,2.0,0,0,0.195,0,0,0,0,0.0,18
2,2024,2024151,17,8,3,3-8,BOT,Valtteri Bottas,77,#64D064,28.0,934,77.221,77.221,0,0,77.017,0.408,-0.465,-0.665,-0.133,23,-0.465,-0.665,-0.133,23,0.2,H,#A5AFB9,13,2.0,0,0,0.195,0,0,0,0,0.0,18
2,2024,2024151,17,8,3,3-8,BOT,Valtteri Bottas,77,#64D064,29.0,935,77.253,77.253,0,0,77.237,0.032,-0.567,-0.105,-0.514,23,-0.567,-0.105,-0.514,23,-0.462,H,#A5AFB9,14,2.0,0,1,0.195,0,0,0,0,0.0,18
2,2024,2024151,17,8,3,3-8,BOT,Valtteri Bottas,77,#64D064,30.0,936,77.034,77.034,0,0,77.144,0.219,-0.629,-0.171,-0.543,23,-0.629,-0.171,-0.543,23,-0.458,H,#A5AFB9,15,2.0,0,0,0.195,0,0,0,0,0.0,17
2,2024,2024151,17,8,3,3-8,BOT,Valtteri Bottas,77,#64D064,31.0,937,77.164,77.164,0,0,77.099,0.130,-0.972,0.804,-1.374,3,-0.972,-0.187,-0.879,23,-1.776,H,#A5AFB9,16,2.0,0,0,0.195,0,0,0,0,0.0,15
2,2024,2024151,17,8,3,3-8,BOT,Valtteri Bottas,77,#64D064,32.0,938,77.841,77.841,0,0,77.502,0.677,-1.807,-0.750,-1.432,23,-1.807,-0.750,-1.432,23,-1.057,H,#A5AFB9,17,2.0,0,0,0.195,0,0,0,0,0.0,15
2,2024,2024151,17,8,3,3-8,BOT,Valtteri Bottas,77,#64D064,33.0,939,78.39,77.55,1,0,77.696,0.549,-2.506,-1.299,-1.857,23,-1.667,-0.460,-1.437,23,-1.207,H,#A5AFB9,18,2.0,0,0,0.195,0,0,0,0,-1.0,15
2,2024,2024151,17,8,3,3-8,BOT,Valtteri Bottas,77,#64D064,34.0,940,77.26,77.26,0,0,77.405,1.130,-1.498,0.151,-1.573,3,-1.498,0.151,-1.573,3,-1.649,H,#A5AFB9,19,2.0,0,0,0.195,0,0,0,0,0.0,15
2,2024,2024151,17,8,3,3-8,BOT,Valtteri Bottas,77,#64D064,35.0,941,76.797,76.797,0,0,77.029,0.463,-1.17,0.424,-1.382,3,-1.170,0.424,-1.382,3,-1.594,H,#A5AFB9,20,2.0,0,0,0.195,0,0,0,0,0.0,15
2,2024,2024151,17,8,3,3-8,BOT,Valtteri Bottas,77,#64D064,36.0,942,77.807,76.978,1,0,76.888,1.010,-2.164,0.483,-2.405,3,-1.335,0.419,-1.544,3,-2.647,H,#A5AFB9,21,2.0,0,0,0.195,0,0,0,0,-1.0,16
2,2024,2024151,17,8,3,3-8,BOT,Valtteri Bottas,77,#64D064,37.0,943,77.16,77.16,0,0,77.069,0.647,-1.459,0.413,-1.666,3,-1.459,0.413,-1.666,3,-1.872,H,#A5AFB9,22,2.0,0,0,0.195,0,0,0,0,0.0,16
2,2024,2024151,17,8,3,3-8,BOT,Valtteri Bottas,77,#64D064,38.0,944,77.492,77.208,1,0,77.184,0.332,-1.656,0.292,-1.802,3,-1.372,0.576,-1.660,3,-1.948,H,#A5AFB9,23,2.0,0,0,0.195,0,0,0,0,0.0,16
2,2024,2024151,17,8,3,3-8,BOT,Valtteri Bottas,77,#64D064,39.0,945,77.256,77.256,0,0,77.232,0.236,-1.147,1.712,-2.003,3,-1.147,0.523,-1.409,3,-2.859,H,#A5AFB9,24,2.0,0,0,0.195,0,0,0,0,0.0,16
2,2024,2024151,17,8,3,3-8,BOT,Valtteri Bottas,77,#64D064,40.0,946,77.148,77.148,0,0,77.202,0.108,-1.247,0.626,-1.560,3,-1.247,0.626,-1.560,3,-1.873,H,#A5AFB9,25,2.0,0,0,0.195,0,0,0,0,0.0,16
2,2024,2024151,17,8,3,3-8,BOT,Valtteri Bottas,77,#64D064,41.0,947,77.507,77.507,0,0,77.328,0.359,-1.442,1.608,-2.246,3,-1.442,0.439,-1.661,3,-3.05,H,#A5AFB9,26,2.0,0,0,0.195,0,0,0,0,0.0,15
2,2024,2024151,17,8,3,3-8,BOT,Valtteri Bottas,77,#64D064,42.0,948,78.697,78.697,0,0,78.102,1.190,-2.639,-0.580,-2.349,23,-2.639,-0.580,-2.349,23,-2.059,H,#A5AFB9,27,2.0,0,0,0.195,0,0,0,0,0.0,15
2,2024,2024151,17,8,3,3-8,BOT,Valtteri Bottas,77,#64D064,43.0,949,-,-,0,1,-,-,-,-,-,-,-,-,-,-,-5.355,H,#A5AFB9,28,2.0,1,0,0.195,0,0,0,0,0.0,18
2,2024,2024151,17,8,3,3-8,BOT,Valtteri Bottas,77,#64D064,44.0,950,-,-,0,1,-,-,-,-,-,-,-,-,-,-,-2.457,M,#F0E628,1,3.0,0,0,0.300,0,0,0,0,0.0,19
2,2024,2024151,17,8,3,3-8,BOT,Valtteri Bottas,77,#64D064,45.0,951,75.822,75.822,0,0,-,-,-0.122,3.151,-1.698,3,-0.122,2.189,-1.216,3,-3.273,M,#F0E628,2,3.0,0,0,0.300,0,0,0,0,0.0,19
2,2024,2024151,17,8,3,3-8,BOT,Valtteri Bottas,77,#64D064,46.0,952,76.152,76.152,0,0,75.987,0.330,-0.396,1.704,-1.248,3,-0.396,1.704,-1.248,3,-2.1,M,#F0E628,3,3.0,0,0,0.300,0,0,0,0,0.0,19
2,2024,2024151,17,8,3,3-8,BOT,Valtteri Bottas,77,#64D064,47.0,953,78.314,76.148,1,0,76.15,2.162,-2.473,-0.777,-2.084,23,-0.307,1.389,-1.002,3,-1.696,M,#F0E628,4,3.0,0,0,0.300,0,0,0,0,0.0,19
2,2024,2024151,17,8,3,3-8,BOT,Valtteri Bottas,77,#64D064,48.0,954,76.144,76.144,0,0,76.146,2.170,-0.41,1.094,-0.957,3,-0.410,1.094,-0.957,3,-1.504,M,#F0E628,5,3.0,0,0,0.300,0,0,0,0,0.0,19
2,2024,2024151,17,8,3,3-8,BOT,Valtteri Bottas,77,#64D064,49.0,955,76.626,76.246,1,0,76.195,0.482,-0.87,0.439,-1.089,3,-0.490,0.819,-0.899,3,-1.309,M,#F0E628,6,3.0,0,0,0.300,0,0,0,0,0.0,19
2,2024,2024151,17,8,3,3-8,BOT,Valtteri Bottas,77,#64D064,50.0,956,76.348,76.348,0,0,76.297,0.278,-0.774,1.003,-1.276,3,-0.774,1.003,-1.276,3,-1.777,M,#F0E628,7,3.0,0,0,0.300,0,0,0,0,0.0,19
2,2024,2024151,17,8,3,3-8,BOT,Valtteri Bottas,77,#64D064,51.0,957,76.453,76.453,0,0,76.4,0.105,-1.037,-,-,-,-1.037,-,-,-,,M,#F0E628,8,3.0,0,0,0.300,0,0,0,0,0.0,19
2,2024,2024151,17,8,3,3-8,BOT,Valtteri Bottas,77,#64D064,52.0,958,76.43,76.43,0,0,76.442,0.023,-0.994,-,-,-,-0.994,-,-,-,,M,#F0E628,9,3.0,0,0,0.300,0,0,0,0,0.0,19
2,2024,2024151,17,8,3,3-8,BOT,Valtteri Bottas,77,#64D064,53.0,959,76.357,76.357,0,0,76.394,0.073,-0.873,-0.444,-0.651,23,-0.873,-0.444,-0.651,23,-0.429,M,#F0E628,10,3.0,0,0,0.300,0,0,0,0,0.0,19
2,2024,2024151,17,8,3,3-8,BOT,Valtteri Bottas,77,#64D064,54.0,960,76.066,76.066,0,0,76.212,0.291,-0.618,-0.306,-0.465,23,-0.618,-0.306,-0.465,23,-0.312,M,#F0E628,11,3.0,0,0,0.300,0,0,0,0,0.0,19
2,2024,2024151,17,8,3,3-8,BOT,Valtteri Bottas,77,#64D064,55.0,961,76.304,76.304,0,0,76.185,0.238,-0.782,-0.501,-0.532,23,-0.782,-0.501,-0.532,23,-0.281,M,#F0E628,12,3.0,0,0,0.300,0,0,0,0,0.0,19
2,2024,2024151,17,8,3,3-8,BOT,Valtteri Bottas,77,#64D064,56.0,962,77.851,77.851,0,0,77.078,1.547,-2.303,-1.811,-1.397,23,-2.303,-1.811,-1.397,23,-0.492,M,#F0E628,13,3.0,0,0,0.300,0,0,0,0,0.0,19
2,2024,2024151,17,8,3,3-8,BOT,Valtteri Bottas,77,#64D064,57.0,963,78.463,76.96,1,0,77.406,0.612,-2.842,-2.043,-1.821,23,-1.339,-0.540,-1.069,23,-0.799,M,#F0E628,14,3.0,0,1,0.300,0,0,0,0,0.0,19
2,2024,2024151,17,8,3,3-8,BOT,Valtteri Bottas,77,#64D064,58.0,964,76.069,76.069,0,0,76.514,2.394,-0.483,0.344,-0.655,3,-0.483,0.344,-0.655,3,-0.827,M,#F0E628,15,3.0,0,0,0.300,0,0,0,0,0.0,19
2,2024,2024151,17,8,3,3-8,BOT,Valtteri Bottas,77,#64D064,59.0,965,76.225,76.225,0,0,76.147,0.156,-0.749,0.134,-0.816,3,-0.749,0.134,-0.816,3,-0.883,M,#F0E628,16,3.0,0,0,0.300,0,0,0,0,0.0,19
2,2024,2024151,17,8,3,3-8,BOT,Valtteri Bottas,77,#64D064,60.0,966,76.639,76.28,1,0,76.252,0.414,-1.177,1.002,-1.678,3,-0.817,0.100,-0.867,3,-2.179,M,#F0E628,17,3.0,0,0,0.300,0,0,0,0,0.0,19
2,2024,2024151,17,8,3,3-8,BOT,Valtteri Bottas,77,#64D064,61.0,967,76.334,76.334,0,0,76.307,0.305,-0.78,0.065,-0.812,3,-0.780,0.065,-0.812,3,-0.845,M,#F0E628,18,3.0,0,0,0.300,0,0,0,0,0.0,19
2,2024,2024151,17,8,3,3-8,BOT,Valtteri Bottas,77,#64D064,62.0,968,76.595,76.354,1,0,76.344,0.261,-1.066,-0.339,-0.897,23,-0.824,-0.097,-0.775,23,-0.727,M,#F0E628,19,3.0,0,0,0.300,0,0,0,0,0.0,19
2,2024,2024151,17,8,3,3-8,BOT,Valtteri Bottas,77,#64D064,63.0,969,76.373,76.373,0,0,76.363,0.222,-0.82,-0.502,-0.569,23,-0.820,-0.502,-0.569,23,-0.318,M,#F0E628,20,3.0,0,0,0.300,0,0,0,0,0.0,19
2,2024,2024151,17,8,3,3-8,BOT,Valtteri Bottas,77,#64D064,64.0,970,76.361,76.361,0,0,76.367,0.012,-0.96,2.979,-2.450,3,-0.960,-0.408,-0.756,23,-3.939,M,#F0E628,21,3.0,0,0,0.300,0,0,0,0,0.0,19
2,2024,2024151,17,8,3,3-8,BOT,Valtteri Bottas,77,#64D064,65.0,971,76.234,76.234,0,0,76.298,0.127,-0.82,-0.198,-0.721,23,-0.820,-0.198,-0.721,23,-0.622,M,#F0E628,22,3.0,0,0,0.300,0,0,0,0,0.0,19
2,2024,2024151,17,8,3,3-8,BOT,Valtteri Bottas,77,#64D064,66.0,972,76.479,76.312,1,0,76.273,0.245,-1.115,-0.742,-0.744,23,-0.947,-0.574,-0.660,23,-0.373,M,#F0E628,23,3.0,0,0,0.300,0,0,0,0,0.0,19
2,2024,2024151,17,8,3,3-8,BOT,Valtteri Bottas,77,#64D064,67.0,973,76.389,76.389,0,0,76.35,0.090,-1.029,-0.665,-0.696,23,-1.029,-0.665,-0.696,23,-0.364,M,#F0E628,24,3.0,0,0,0.300,0,0,0,0,0.0,19
2,2024,2024151,17,8,3,3-8,BOT,Valtteri Bottas,77,#64D064,68.0,974,76.394,76.394,0,0,76.392,0.005,-0.998,1.363,-1.679,3,-0.998,-0.600,-0.698,23,-2.361,M,#F0E628,25,3.0,0,0,0.300,0,0,0,0,0.0,19
2,2024,2024151,17,8,3,3-8,BOT,Valtteri Bottas,77,#64D064,69.0,975,77.284,76.3,1,0,76.347,0.890,-1.708,-1.419,-0.999,23,-0.724,-0.435,-0.506,23,-0.289,M,#F0E628,26,3.0,0,0,0.300,0,0,0,0,0.0,19
2,2024,2024151,17,8,3,3-8,BOT,Valtteri Bottas,77,#64D064,70.0,976,76.206,76.206,0,0,76.253,1.078,-0.607,-0.408,-0.403,23,-0.607,-0.408,-0.403,23,-0.199,M,#F0E628,27,3.0,0,0,0.300,0,0,0,0,0.0,19
2,2024,2024151,17,8,23,23-8,ZHO,Guanyu Zhou,24,#64D064,1.0,907,-,-,0,1,-,-,-,-,-,-,-,-,-,-,,M,#F0E628,1,1.0,0,0,0.151,0,0,0,0,,19
2,2024,2024151,17,8,23,23-8,ZHO,Guanyu Zhou,24,#64D064,2.0,908,-,-,0,1,-,-,-,-,-,-,-,-,-,-,,M,#F0E628,2,1.0,0,0,0.151,0,0,0,0,-1.0,20
2,2024,2024151,17,8,23,23-8,ZHO,Guanyu Zhou,24,#64D064,3.0,909,78.203,78.203,0,0,-,-,-0.753,-0.185,-0.845,23,-0.753,-0.185,-0.845,23,-0.938,M,#F0E628,3,1.0,0,0,0.151,0,0,0,0,1.0,19
2,2024,2024151,17,8,23,23-8,ZHO,Guanyu Zhou,24,#64D064,4.0,910,78.108,78.108,0,0,78.156,0.095,-1.169,0.890,-0.724,3,-1.169,0.890,-0.724,3,-0.279,M,#F0E628,4,1.0,0,0,0.151,0,0,0,0,0.0,19
2,2024,2024151,17,8,23,23-8,ZHO,Guanyu Zhou,24,#64D064,5.0,911,78.166,78.166,0,0,78.137,0.058,-1.262,0.823,-0.851,3,-1.262,0.823,-0.851,3,-0.439,M,#F0E628,5,1.0,0,0,0.151,0,0,0,0,0.0,19
2,2024,2024151,17,8,23,23-8,ZHO,Guanyu Zhou,24,#64D064,6.0,912,77.981,77.981,0,0,78.074,0.185,-1.156,1.099,-0.606,3,-1.156,1.099,-0.606,3,-0.057,M,#F0E628,6,1.0,0,0,0.151,0,0,0,0,0.0,19
2,2024,2024151,17,8,23,23-8,ZHO,Guanyu Zhou,24,#64D064,7.0,913,78.332,78.332,0,0,78.156,0.351,-1.326,0.893,-0.880,3,-1.326,1.289,-0.681,3,-0.433,M,#F0E628,7,1.0,0,0,0.151,0,0,0,0,0.0,19
2,2024,2024151,17,8,23,23-8,ZHO,Guanyu Zhou,24,#64D064,8.0,914,78.564,78.18,1,0,78.256,0.232,-1.531,1.360,-0.851,3,-1.147,0.976,-0.659,3,-0.171,M,#F0E628,8,1.0,0,0,0.151,0,0,0,0,-1.0,20
2,2024,2024151,17,8,23,23-8,ZHO,Guanyu Zhou,24,#64D064,9.0,915,78.029,78.029,0,0,78.105,0.535,-0.918,0.283,-0.776,3,-0.918,0.638,-0.599,3,-0.635,M,#F0E628,9,1.0,0,0,0.151,0,0,0,0,0.0,20
2,2024,2024151,17,8,23,23-8,ZHO,Guanyu Zhou,24,#64D064,10.0,916,78.154,78.154,0,0,78.092,0.125,-1.002,0.577,-0.714,3,-1.002,0.577,-0.714,3,-0.425,M,#F0E628,10,1.0,0,1,0.151,0,0,0,0,0.0,20
2,2024,2024151,17,8,23,23-8,ZHO,Guanyu Zhou,24,#64D064,11.0,917,77.854,77.854,0,0,78.004,0.300,-0.718,0.315,-0.560,3,-0.718,0.315,-0.560,3,-0.403,M,#F0E628,11,1.0,0,0,0.151,0,0,0,0,0.0,20
2,2024,2024151,17,8,23,23-8,ZHO,Guanyu Zhou,24,#64D064,12.0,918,78.114,77.842,1,0,77.848,0.260,-0.915,0.273,-0.778,3,-0.643,0.001,-0.643,3,-0.642,M,#F0E628,12,1.0,0,0,0.151,0,0,0,0,0.0,20
2,2024,2024151,17,8,23,23-8,ZHO,Guanyu Zhou,24,#64D064,13.0,919,77.83,77.83,0,0,77.836,0.284,-0.684,-0.173,-0.770,23,-0.684,-0.173,-0.770,23,-0.857,M,#F0E628,13,1.0,0,0,0.151,0,0,0,0,0.0,19
2,2024,2024151,17,8,23,23-8,ZHO,Guanyu Zhou,24,#64D064,14.0,920,78.456,77.892,1,0,77.861,0.626,-1.448,0.364,-1.266,3,-0.883,-0.201,-0.984,23,-1.084,M,#F0E628,14,1.0,0,0,0.151,0,0,0,0,0.0,19
2,2024,2024151,17,8,23,23-8,ZHO,Guanyu Zhou,24,#64D064,15.0,921,77.953,77.953,0,0,77.922,0.503,-1.082,-,-,-,-1.082,-,-,-,,M,#F0E628,15,1.0,0,0,0.151,0,0,0,0,0.0,17
2,2024,2024151,17,8,23,23-8,ZHO,Guanyu Zhou,24,#64D064,16.0,922,78.234,78.074,1,0,78.013,0.281,-1.471,-,-,-,-1.310,-,-,-,,M,#F0E628,16,1.0,0,0,0.151,0,0,0,0,0.0,16
2,2024,2024151,17,8,23,23-8,ZHO,Guanyu Zhou,24,#64D064,17.0,923,78.194,78.194,0,0,78.134,0.040,-1.377,2.121,-0.317,3,-1.377,2.121,-0.317,3,0.744,M,#F0E628,17,1.0,0,0,0.151,0,0,0,0,0.0,16
2,2024,2024151,17,8,23,23-8,ZHO,Guanyu Zhou,24,#64D064,18.0,924,-,-,0,1,-,-,-,-,-,-,-,-,-,-,0.376,M,#F0E628,18,1.0,1,0,0.151,0,0,0,0,0.0,19
2,2024,2024151,17,8,23,23-8,ZHO,Guanyu Zhou,24,#64D064,19.0,925,-,-,0,1,-,-,-,-,-,-,-,-,-,-,0.229,H,#A5AFB9,1,2.0,0,0,0.433,0,0,0,0,0.0,20
2,2024,2024151,17,8,23,23-8,ZHO,Guanyu Zhou,24,#64D064,20.0,926,76.808,76.808,0,0,-,-,-0.024,-0.090,-0.069,23,-0.024,0.093,0.022,3,-0.114,H,#A5AFB9,2,2.0,0,0,0.433,0,0,0,0,0.0,20
2,2024,2024151,17,8,23,23-8,ZHO,Guanyu Zhou,24,#64D064,21.0,927,76.715,76.715,0,0,76.762,0.093,0.023,-0.132,-0.043,23,0.023,-0.132,-0.043,23,-0.109,H,#A5AFB9,3,2.0,0,0,0.433,0,0,0,0,0.0,20
2,2024,2024151,17,8,23,23-8,ZHO,Guanyu Zhou,24,#64D064,22.0,928,76.726,76.726,0,0,76.72,0.011,0.081,0.032,0.097,3,0.081,0.032,0.097,3,0.113,H,#A5AFB9,4,2.0,0,0,0.433,0,0,0,0,0.0,20
2,2024,2024151,17,8,23,23-8,ZHO,Guanyu Zhou,24,#64D064,23.0,929,77.295,77.295,0,0,77.011,0.569,-0.45,0.614,-0.143,3,-0.450,0.614,-0.143,3,0.164,H,#A5AFB9,5,2.0,0,0,0.433,0,0,0,0,0.0,20
2,2024,2024151,17,8,23,23-8,ZHO,Guanyu Zhou,24,#64D064,24.0,930,76.443,76.443,0,0,76.869,0.852,0.29,-0.151,0.214,23,0.290,-0.151,0.214,23,0.139,H,#A5AFB9,6,2.0,0,0,0.433,0,0,0,0,0.0,20
2,2024,2024151,17,8,23,23-8,ZHO,Guanyu Zhou,24,#64D064,25.0,931,76.777,76.777,0,0,76.61,0.334,-0.133,-0.115,-0.191,23,-0.133,-0.115,-0.191,23,-0.248,H,#A5AFB9,7,2.0,0,0,0.433,0,0,0,0,0.0,20
2,2024,2024151,17,8,23,23-8,ZHO,Guanyu Zhou,24,#64D064,26.0,932,76.4,76.4,0,0,76.589,0.377,0.155,-0.399,-0.044,23,0.155,-0.399,-0.044,23,-0.244,H,#A5AFB9,8,2.0,0,0,0.433,0,0,0,0,0.0,20
2,2024,2024151,17,8,23,23-8,ZHO,Guanyu Zhou,24,#64D064,27.0,933,78.19,76.478,1,0,76.439,1.790,-1.755,1.377,-1.067,3,-0.043,-0.335,-0.210,23,-0.378,H,#A5AFB9,9,2.0,0,0,0.433,0,0,0,0,0.0,20
2,2024,2024151,17,8,23,23-8,ZHO,Guanyu Zhou,24,#64D064,28.0,934,76.556,76.556,0,0,76.517,1.634,0.2,-0.665,-0.133,23,0.200,-0.665,-0.133,23,-0.465,H,#A5AFB9,10,2.0,0,0,0.433,0,0,0,0,0.0,20
2,2024,2024151,17,8,23,23-8,ZHO,Guanyu Zhou,24,#64D064,29.0,935,77.148,77.148,0,0,76.852,0.592,-0.462,-0.105,-0.514,23,-0.462,-0.105,-0.514,23,-0.567,H,#A5AFB9,11,2.0,0,0,0.433,0,0,0,0,0.0,20
2,2024,2024151,17,8,23,23-8,ZHO,Guanyu Zhou,24,#64D064,30.0,936,76.863,76.863,0,0,77.006,0.285,-0.458,-0.171,-0.543,23,-0.458,-0.171,-0.543,23,-0.629,H,#A5AFB9,12,2.0,0,0,0.433,0,0,0,0,0.0,20
2,2024,2024151,17,8,23,23-8,ZHO,Guanyu Zhou,24,#64D064,31.0,937,77.968,76.977,1,0,76.92,1.105,-1.776,0.804,-1.374,3,-0.785,-0.187,-0.879,23,-0.972,H,#A5AFB9,13,2.0,0,0,0.433,0,0,0,0,0.0,20
2,2024,2024151,17,8,23,23-8,ZHO,Guanyu Zhou,24,#64D064,32.0,938,77.091,77.091,0,0,77.034,0.877,-1.057,-0.750,-1.432,23,-1.057,-0.750,-1.432,23,-1.807,H,#A5AFB9,14,2.0,0,0,0.433,0,0,0,0,0.0,20
2,2024,2024151,17,8,23,23-8,ZHO,Guanyu Zhou,24,#64D064,33.0,939,77.091,77.091,0,0,77.091,0.000,-1.207,-1.299,-1.857,23,-1.207,-0.460,-1.437,23,-2.506,H,#A5AFB9,15,2.0,0,0,0.433,0,0,0,0,0.0,20
2,2024,2024151,17,8,23,23-8,ZHO,Guanyu Zhou,24,#64D064,34.0,940,77.411,77.411,0,0,77.251,0.320,-1.649,0.151,-1.573,3,-1.649,0.151,-1.573,3,-1.498,H,#A5AFB9,16,2.0,0,0,0.433,0,0,0,0,0.0,20
2,2024,2024151,17,8,23,23-8,ZHO,Guanyu Zhou,24,#64D064,35.0,941,77.221,77.221,0,0,77.316,0.190,-1.594,0.424,-1.382,3,-1.594,0.424,-1.382,3,-1.17,H,#A5AFB9,17,2.0,0,1,0.433,0,0,0,0,0.0,20
2,2024,2024151,17,8,23,23-8,ZHO,Guanyu Zhou,24,#64D064,36.0,942,78.29,77.397,1,0,77.309,1.069,-2.647,0.483,-2.405,3,-1.754,0.419,-1.544,3,-2.164,H,#A5AFB9,18,2.0,0,0,0.433,0,0,0,0,0.0,20
2,2024,2024151,17,8,23,23-8,ZHO,Guanyu Zhou,24,#64D064,37.0,943,77.573,77.573,0,0,77.485,0.717,-1.872,0.413,-1.666,3,-1.872,0.413,-1.666,3,-1.459,H,#A5AFB9,19,2.0,0,0,0.433,0,0,0,0,0.0,20
2,2024,2024151,17,8,23,23-8,ZHO,Guanyu Zhou,24,#64D064,38.0,944,77.784,77.784,0,0,77.678,0.211,-1.948,0.292,-1.802,3,-1.948,0.576,-1.660,3,-1.656,H,#A5AFB9,20,2.0,0,0,0.433,0,0,0,0,0.0,20
2,2024,2024151,17,8,23,23-8,ZHO,Guanyu Zhou,24,#64D064,39.0,945,78.968,77.779,1,0,77.782,1.184,-2.859,1.712,-2.003,3,-1.670,0.523,-1.409,3,-1.147,H,#A5AFB9,21,2.0,0,0,0.433,0,0,0,0,0.0,20
2,2024,2024151,17,8,23,23-8,ZHO,Guanyu Zhou,24,#64D064,40.0,946,77.774,77.774,0,0,77.776,1.194,-1.873,0.626,-1.560,3,-1.873,0.626,-1.560,3,-1.247,H,#A5AFB9,22,2.0,0,0,0.433,0,0,0,0,0.0,20
2,2024,2024151,17,8,23,23-8,ZHO,Guanyu Zhou,24,#64D064,41.0,947,79.115,77.946,1,0,77.86,1.341,-3.05,1.608,-2.246,3,-1.881,0.439,-1.661,3,-1.442,H,#A5AFB9,23,2.0,0,0,0.433,0,0,0,0,0.0,20
2,2024,2024151,17,8,23,23-8,ZHO,Guanyu Zhou,24,#64D064,42.0,948,78.117,78.117,0,0,78.031,0.998,-2.059,-0.580,-2.349,23,-2.059,-0.580,-2.349,23,-2.639,H,#A5AFB9,24,2.0,0,0,0.433,0,0,0,0,0.0,20
2,2024,2024151,17,8,23,23-8,ZHO,Guanyu Zhou,24,#64D064,43.0,949,81.195,78.142,1,0,78.13,3.078,-5.355,-,-,-,-2.302,-,-,-,,H,#A5AFB9,25,2.0,0,0,0.433,0,0,0,0,0.0,20
2,2024,2024151,17,8,23,23-8,ZHO,Guanyu Zhou,24,#64D064,44.0,950,78.167,78.167,0,0,78.154,3.028,-2.457,-,-,-,-2.457,-,-,-,,H,#A5AFB9,26,2.0,0,0,0.433,0,0,0,0,0.0,20
2,2024,2024151,17,8,23,23-8,ZHO,Guanyu Zhou,24,#64D064,45.0,951,78.973,78.012,1,0,78.089,0.806,-3.273,3.151,-1.698,3,-2.311,2.189,-1.216,3,-0.122,H,#A5AFB9,27,2.0,0,0,0.433,0,0,0,0,0.0,20
2,2024,2024151,17,8,23,23-8,ZHO,Guanyu Zhou,24,#64D064,46.0,952,77.856,77.856,0,0,77.934,1.117,-2.1,1.704,-1.248,3,-2.100,1.704,-1.248,3,-0.396,H,#A5AFB9,28,2.0,0,0,0.433,0,0,0,0,0.0,20
2,2024,2024151,17,8,23,23-8,ZHO,Guanyu Zhou,24,#64D064,47.0,953,77.537,77.537,0,0,77.696,0.319,-1.696,-0.777,-2.084,23,-1.696,1.389,-1.002,3,-2.473,H,#A5AFB9,29,2.0,0,0,0.433,0,0,0,0,0.0,20
2,2024,2024151,17,8,23,23-8,ZHO,Guanyu Zhou,24,#64D064,48.0,954,77.238,77.238,0,0,77.388,0.299,-1.504,1.094,-0.957,3,-1.504,1.094,-0.957,3,-0.41,H,#A5AFB9,30,2.0,0,0,0.433,0,0,0,0,0.0,20
2,2024,2024151,17,8,23,23-8,ZHO,Guanyu Zhou,24,#64D064,49.0,955,77.065,77.065,0,0,77.152,0.173,-1.309,0.439,-1.089,3,-1.309,0.819,-0.899,3,-0.87,H,#A5AFB9,31,2.0,0,0,0.433,0,0,0,0,0.0,20
2,2024,2024151,17,8,23,23-8,ZHO,Guanyu Zhou,24,#64D064,50.0,956,77.351,77.351,0,0,77.208,0.286,-1.777,1.003,-1.276,3,-1.777,1.003,-1.276,3,-0.774,H,#A5AFB9,32,2.0,0,0,0.433,0,0,0,0,0.0,20
2,2024,2024151,17,8,23,23-8,ZHO,Guanyu Zhou,24,#64D064,51.0,957,-,-,0,1,-,-,-,-,-,-,-,-,-,-,-1.037,H,#A5AFB9,33,2.0,1,0,0.433,0,0,0,0,0.0,20
2,2024,2024151,17,8,23,23-8,ZHO,Guanyu Zhou,24,#64D064,52.0,958,-,-,0,1,-,-,-,-,-,-,-,-,-,-,-0.994,S,#CD3C3C,1,3.0,0,0,0.451,0,0,0,0,0.0,20
2,2024,2024151,17,8,23,23-8,ZHO,Guanyu Zhou,24,#64D064,53.0,959,75.913,75.913,0,0,-,-,-0.429,-0.444,-0.651,23,-0.429,-0.444,-0.651,23,-0.873,S,#CD3C3C,2,3.0,0,0,0.451,0,0,0,0,0.0,20
2,2024,2024151,17,8,23,23-8,ZHO,Guanyu Zhou,24,#64D064,54.0,960,75.76,75.76,0,0,75.836,0.153,-0.312,-0.306,-0.465,23,-0.312,-0.306,-0.465,23,-0.618,S,#CD3C3C,3,3.0,0,0,0.451,0,0,0,0,0.0,20
2,2024,2024151,17,8,23,23-8,ZHO,Guanyu Zhou,24,#64D064,55.0,961,75.803,75.803,0,0,75.782,0.043,-0.281,-0.501,-0.532,23,-0.281,-0.501,-0.532,23,-0.782,S,#CD3C3C,4,3.0,0,0,0.451,0,0,0,0,0.0,20
2,2024,2024151,17,8,23,23-8,ZHO,Guanyu Zhou,24,#64D064,56.0,962,76.04,76.04,0,0,75.922,0.237,-0.492,-1.811,-1.397,23,-0.492,-1.811,-1.397,23,-2.303,S,#CD3C3C,5,3.0,0,0,0.451,0,0,0,0,0.0,20
2,2024,2024151,17,8,23,23-8,ZHO,Guanyu Zhou,24,#64D064,57.0,963,76.42,76.42,0,0,76.23,0.380,-0.799,-2.043,-1.821,23,-0.799,-0.540,-1.069,23,-2.842,S,#CD3C3C,6,3.0,0,0,0.451,0,0,0,0,0.0,20
2,2024,2024151,17,8,23,23-8,ZHO,Guanyu Zhou,24,#64D064,58.0,964,76.413,76.413,0,0,76.416,0.007,-0.827,0.344,-0.655,3,-0.827,0.344,-0.655,3,-0.483,S,#CD3C3C,7,3.0,0,0,0.451,0,0,0,0,0.0,20
2,2024,2024151,17,8,23,23-8,ZHO,Guanyu Zhou,24,#64D064,59.0,965,76.359,76.359,0,0,76.386,0.054,-0.883,0.134,-0.816,3,-0.883,0.134,-0.816,3,-0.749,S,#CD3C3C,8,3.0,0,0,0.451,0,0,0,0,0.0,20
2,2024,2024151,17,8,23,23-8,ZHO,Guanyu Zhou,24,#64D064,60.0,966,77.641,76.379,1,0,76.369,1.282,-2.179,1.002,-1.678,3,-0.917,0.100,-0.867,3,-1.177,S,#CD3C3C,9,3.0,0,0,0.451,0,0,0,0,0.0,20
2,2024,2024151,17,8,23,23-8,ZHO,Guanyu Zhou,24,#64D064,61.0,967,76.399,76.399,0,0,76.389,1.242,-0.845,0.065,-0.812,3,-0.845,0.065,-0.812,3,-0.78,S,#CD3C3C,10,3.0,0,1,0.451,0,0,0,0,0.0,20
2,2024,2024151,17,8,23,23-8,ZHO,Guanyu Zhou,24,#64D064,62.0,968,76.256,76.256,0,0,76.328,0.143,-0.727,-0.339,-0.897,23,-0.727,-0.097,-0.775,23,-1.066,S,#CD3C3C,11,3.0,0,0,0.451,0,0,0,0,0.0,20
2,2024,2024151,17,8,23,23-8,ZHO,Guanyu Zhou,24,#64D064,63.0,969,75.871,75.871,0,0,76.064,0.385,-0.318,-0.502,-0.569,23,-0.318,-0.502,-0.569,23,-0.82,S,#CD3C3C,12,3.0,0,0,0.451,0,0,0,0,0.0,20
2,2024,2024151,17,8,23,23-8,ZHO,Guanyu Zhou,24,#64D064,64.0,970,79.34,75.953,1,0,75.912,3.469,-3.939,2.979,-2.450,3,-0.552,-0.408,-0.756,23,-0.96,S,#CD3C3C,13,3.0,0,0,0.451,0,0,0,0,0.0,20
2,2024,2024151,17,8,23,23-8,ZHO,Guanyu Zhou,24,#64D064,65.0,971,76.036,76.036,0,0,75.995,3.304,-0.622,-0.198,-0.721,23,-0.622,-0.198,-0.721,23,-0.82,S,#CD3C3C,14,3.0,0,0,0.451,0,0,0,0,0.0,20
2,2024,2024151,17,8,23,23-8,ZHO,Guanyu Zhou,24,#64D064,66.0,972,75.737,75.737,0,0,75.886,0.299,-0.373,-0.742,-0.744,23,-0.373,-0.574,-0.660,23,-1.115,S,#CD3C3C,15,3.0,0,0,0.451,0,0,0,0,0.0,20
2,2024,2024151,17,8,23,23-8,ZHO,Guanyu Zhou,24,#64D064,67.0,973,75.724,75.724,0,0,75.73,0.013,-0.364,-0.665,-0.696,23,-0.364,-0.665,-0.696,23,-1.029,S,#CD3C3C,16,3.0,0,0,0.451,0,0,0,0,0.0,20
2,2024,2024151,17,8,23,23-8,ZHO,Guanyu Zhou,24,#64D064,68.0,974,77.757,75.794,1,0,75.759,2.033,-2.361,1.363,-1.679,3,-0.398,-0.600,-0.698,23,-0.998,S,#CD3C3C,17,3.0,0,0,0.451,0,0,0,0,0.0,20
2,2024,2024151,17,8,23,23-8,ZHO,Guanyu Zhou,24,#64D064,69.0,975,75.865,75.865,0,0,75.83,1.892,-0.289,-1.419,-0.999,23,-0.289,-0.435,-0.506,23,-1.708,S,#CD3C3C,18,3.0,0,0,0.451,0,0,0,0,0.0,20
2,2024,2024151,17,8,23,23-8,ZHO,Guanyu Zhou,24,#64D064,70.0,976,75.798,75.798,0,0,75.832,0.067,-0.199,-0.408,-0.403,23,-0.199,-0.408,-0.403,23,-0.607,S,#CD3C3C,19,3.0,0,0,0.451,0,0,0,0,0.0,20
2,2024,2024161,18,8,3,3-8,BOT,Valtteri Bottas,77,#64D064,1.0,979,-,-,0,1,-,-,-,-,-,-,-,-,-,-,,H,#A5AFB9,2,1.0,0,0,0.236,0,0,0,0,,19
2,2024,2024161,18,8,3,3-8,BOT,Valtteri Bottas,77,#64D064,2.0,980,-,-,0,1,-,-,-,-,-,-,-,-,-,-,,H,#A5AFB9,3,1.0,0,0,0.236,0,0,0,0,0.0,19
2,2024,2024161,18,8,3,3-8,BOT,Valtteri Bottas,77,#64D064,3.0,981,86.918,86.918,0,0,-,-,-0.759,0.079,-0.798,3,-0.759,0.079,-0.798,3,-0.838,H,#A5AFB9,4,1.0,0,0,0.236,0,0,0,0,0.0,19
2,2024,2024161,18,8,3,3-8,BOT,Valtteri Bottas,77,#64D064,4.0,982,86.324,86.324,0,0,86.621,0.594,-0.376,-0.098,-0.327,23,-0.376,-0.098,-0.327,23,-0.278,H,#A5AFB9,5,1.0,0,0,0.236,0,0,0,0,0.0,19
2,2024,2024161,18,8,3,3-8,BOT,Valtteri Bottas,77,#64D064,5.0,983,88.242,86.411,1,0,86.368,1.918,-2.487,1.014,-2.994,3,-0.657,-0.328,-0.493,23,-3.501,H,#A5AFB9,6,1.0,0,0,0.236,0,0,0,0,1.0,17
2,2024,2024161,18,8,3,3-8,BOT,Valtteri Bottas,77,#64D064,6.0,984,86.499,86.499,0,0,86.455,1.743,-0.877,-0.557,-0.599,23,-0.877,-0.557,-0.599,23,-0.32,H,#A5AFB9,7,1.0,0,0,0.236,0,0,0,0,0.0,17
2,2024,2024161,18,8,3,3-8,BOT,Valtteri Bottas,77,#64D064,7.0,985,86.359,86.359,0,0,86.429,0.140,-0.866,0.022,-0.877,3,-0.866,0.022,-0.877,3,-0.888,H,#A5AFB9,8,1.0,0,0,0.236,0,0,0,0,0.0,17
2,2024,2024161,18,8,3,3-8,BOT,Valtteri Bottas,77,#64D064,8.0,986,86.206,86.206,0,0,86.282,0.153,-0.671,0.205,-0.774,3,-0.671,0.205,-0.774,3,-0.876,H,#A5AFB9,9,1.0,0,0,0.236,0,0,0,0,0.0,17
2,2024,2024161,18,8,3,3-8,BOT,Valtteri Bottas,77,#64D064,9.0,987,86.188,86.188,0,0,86.197,0.018,-0.723,0.127,-0.786,3,-0.723,0.127,-0.786,3,-0.85,H,#A5AFB9,10,1.0,0,0,0.236,0,0,0,0,0.0,17
2,2024,2024161,18,8,3,3-8,BOT,Valtteri Bottas,77,#64D064,10.0,988,86.118,86.118,0,0,86.153,0.070,-0.72,0.010,-0.725,3,-0.720,0.010,-0.725,3,-0.73,H,#A5AFB9,11,1.0,0,0,0.236,0,0,0,0,0.0,16
2,2024,2024161,18,8,3,3-8,BOT,Valtteri Bottas,77,#64D064,11.0,989,86.47,86.47,0,0,86.294,0.352,-0.986,0.018,-0.995,3,-0.986,0.018,-0.995,3,-1.004,H,#A5AFB9,12,1.0,0,0,0.236,0,0,0,0,0.0,16
2,2024,2024161,18,8,3,3-8,BOT,Valtteri Bottas,77,#64D064,12.0,990,86.207,86.207,0,0,86.338,0.263,-0.79,0.141,-0.861,3,-0.790,0.141,-0.861,3,-0.931,H,#A5AFB9,13,1.0,0,0,0.236,0,0,0,0,0.0,14
2,2024,2024161,18,8,3,3-8,BOT,Valtteri Bottas,77,#64D064,13.0,991,86.349,86.349,0,0,86.278,0.142,-0.774,0.453,-1.001,3,-0.774,0.453,-1.001,3,-1.227,H,#A5AFB9,14,1.0,0,0,0.236,0,0,0,0,0.0,13
2,2024,2024161,18,8,3,3-8,BOT,Valtteri Bottas,77,#64D064,14.0,992,86.481,86.481,0,0,86.415,0.132,-0.769,0.611,-1.075,3,-0.769,0.611,-1.075,3,-1.38,H,#A5AFB9,15,1.0,0,0,0.236,0,0,0,0,0.0,13
2,2024,2024161,18,8,3,3-8,BOT,Valtteri Bottas,77,#64D064,15.0,993,86.79,86.79,0,0,86.636,0.309,-1.134,-,-,-,-1.134,-,-,-,,H,#A5AFB9,16,1.0,0,0,0.236,0,0,0,0,0.0,12
2,2024,2024161,18,8,3,3-8,BOT,Valtteri Bottas,77,#64D064,16.0,994,86.569,86.569,0,0,86.68,0.221,-1.041,-,-,-,-1.041,-,-,-,,H,#A5AFB9,17,1.0,0,0,0.236,0,0,0,0,0.0,11
2,2024,2024161,18,8,3,3-8,BOT,Valtteri Bottas,77,#64D064,17.0,995,86.396,86.396,0,0,86.482,0.173,-1.225,-1.304,-0.573,23,-1.225,-1.304,-0.573,23,0.079,H,#A5AFB9,18,1.0,0,1,0.236,0,0,0,0,0.0,11
2,2024,2024161,18,8,3,3-8,BOT,Valtteri Bottas,77,#64D064,18.0,996,86.359,86.359,0,0,86.378,0.037,-1.178,-1.113,-0.621,23,-1.178,-1.113,-0.621,23,-0.065,H,#A5AFB9,19,1.0,0,0,0.236,0,0,0,0,0.0,10
2,2024,2024161,18,8,3,3-8,BOT,Valtteri Bottas,77,#64D064,19.0,997,86.456,86.456,0,0,86.408,0.097,-1.346,-0.679,-1.006,23,-1.346,-1.039,-0.827,23,-0.667,H,#A5AFB9,20,1.0,0,0,0.236,0,0,0,0,0.0,9
2,2024,2024161,18,8,3,3-8,BOT,Valtteri Bottas,77,#64D064,20.0,998,86.803,86.803,0,0,86.63,0.347,-1.682,-1.215,-1.075,23,-1.682,-1.215,-1.075,23,-0.467,H,#A5AFB9,21,1.0,0,0,0.236,0,0,0,0,0.0,9
2,2024,2024161,18,8,3,3-8,BOT,Valtteri Bottas,77,#64D064,21.0,999,87.23,87.23,0,0,87.017,0.427,-2.177,-1.487,-1.433,23,-2.177,-1.487,-1.433,23,-0.69,H,#A5AFB9,22,1.0,0,0,0.236,0,0,0,0,-1.0,10
2,2024,2024161,18,8,3,3-8,BOT,Valtteri Bottas,77,#64D064,22.0,1000,87.404,87.404,0,0,87.317,0.174,-2.358,-1.528,-1.594,23,-2.358,-1.528,-1.594,23,-0.83,H,#A5AFB9,23,1.0,0,0,0.236,0,0,0,0,-1.0,11
2,2024,2024161,18,8,3,3-8,BOT,Valtteri Bottas,77,#64D064,23.0,1001,86.943,86.943,0,0,87.173,0.461,-2.031,-0.882,-1.590,23,-2.031,-0.882,-1.590,23,-1.149,H,#A5AFB9,24,1.0,0,0,0.236,0,0,0,0,0.0,11
2,2024,2024161,18,8,3,3-8,BOT,Valtteri Bottas,77,#64D064,24.0,1002,86.542,86.542,0,0,86.742,0.401,-1.747,-0.501,-1.497,23,-1.747,-0.501,-1.497,23,-1.246,H,#A5AFB9,25,1.0,0,0,0.236,0,0,0,0,0.0,11
2,2024,2024161,18,8,3,3-8,BOT,Valtteri Bottas,77,#64D064,25.0,1003,86.863,86.863,0,0,86.702,0.321,-2.181,-1.280,-1.541,23,-2.181,-1.280,-1.541,23,-0.901,H,#A5AFB9,26,1.0,0,0,0.236,0,0,0,0,-1.0,12
2,2024,2024161,18,8,3,3-8,BOT,Valtteri Bottas,77,#64D064,26.0,1004,86.885,86.885,0,0,86.874,0.022,-2.301,-1.336,-1.633,23,-2.301,-1.336,-1.633,23,-0.965,H,#A5AFB9,27,1.0,0,0,0.236,0,0,0,0,-1.0,13
2,2024,2024161,18,8,3,3-8,BOT,Valtteri Bottas,77,#64D064,27.0,1005,86.309,86.309,0,0,86.597,0.576,-1.764,-0.706,-1.411,23,-1.764,-0.706,-1.411,23,-1.058,H,#A5AFB9,28,1.0,0,0,0.236,0,0,0,0,0.0,13
2,2024,2024161,18,8,3,3-8,BOT,Valtteri Bottas,77,#64D064,28.0,1006,85.804,85.804,0,0,86.056,0.505,-1.325,-0.105,-1.272,23,-1.325,-0.105,-1.272,23,-1.22,H,#A5AFB9,29,1.0,0,0,0.236,0,0,0,0,0.0,13
2,2024,2024161,18,8,3,3-8,BOT,Valtteri Bottas,77,#64D064,29.0,1007,86.827,85.913,1,0,85.858,1.023,-2.28,-1.312,-1.624,23,-1.366,-0.398,-1.167,23,-0.968,H,#A5AFB9,30,1.0,0,0,0.236,0,0,0,0,-1.0,14
2,2024,2024161,18,8,3,3-8,BOT,Valtteri Bottas,77,#64D064,30.0,1008,86.022,86.022,0,0,85.968,0.805,-1.575,-0.531,-1.310,23,-1.575,-0.531,-1.310,23,-1.044,H,#A5AFB9,31,1.0,0,0,0.236,0,0,0,0,0.0,14
2,2024,2024161,18,8,3,3-8,BOT,Valtteri Bottas,77,#64D064,31.0,1009,86.004,86.004,0,0,86.013,0.018,-1.616,-0.526,-1.353,23,-1.616,-0.526,-1.353,23,-1.09,H,#A5AFB9,32,1.0,0,0,0.236,0,0,0,0,0.0,14
2,2024,2024161,18,8,3,3-8,BOT,Valtteri Bottas,77,#64D064,32.0,1010,87.859,87.859,0,0,86.932,1.855,-3.451,-2.503,-2.200,23,-3.451,-2.503,-2.200,23,-0.948,H,#A5AFB9,33,1.0,0,0,0.236,0,0,0,0,-2.0,15
2,2024,2024161,18,8,3,3-8,BOT,Valtteri Bottas,77,#64D064,33.0,1011,-,-,0,1,-,-,-,-,-,-,-,-,-,-,-1.194,H,#A5AFB9,34,1.0,1,0,0.236,0,0,0,0,0.0,15
2,2024,2024161,18,8,3,3-8,BOT,Valtteri Bottas,77,#64D064,34.0,1012,-,-,0,1,-,-,-,-,-,-,-,-,-,-,-1.259,M,#F0E628,2,2.0,0,0,0.340,0,0,0,0,0.0,18
2,2024,2024161,18,8,3,3-8,BOT,Valtteri Bottas,77,#64D064,35.0,1013,85.336,85.336,0,0,-,-,-1.119,0.184,-1.211,3,-1.119,0.184,-1.211,3,-1.303,M,#F0E628,3,2.0,0,0,0.340,0,0,0,0,0.0,18
2,2024,2024161,18,8,3,3-8,BOT,Valtteri Bottas,77,#64D064,36.0,1014,85.114,85.114,0,0,85.225,0.222,-0.952,1.492,-1.698,3,-0.952,0.248,-1.076,3,-2.444,M,#F0E628,4,2.0,0,0,0.340,0,0,0,0,0.0,18
2,2024,2024161,18,8,3,3-8,BOT,Valtteri Bottas,77,#64D064,37.0,1015,85.213,85.213,0,0,85.164,0.099,-1.117,-0.008,-1.113,23,-1.117,-0.008,-1.113,23,-1.109,M,#F0E628,5,2.0,0,0,0.340,0,0,0,0,0.0,18
2,2024,2024161,18,8,3,3-8,BOT,Valtteri Bottas,77,#64D064,38.0,1016,86.704,85.147,1,0,85.18,1.491,-2.498,-0.052,-2.472,23,-0.941,0.247,-1.065,3,-2.446,M,#F0E628,6,2.0,0,0,0.340,0,0,0,0,0.0,18
2,2024,2024161,18,8,3,3-8,BOT,Valtteri Bottas,77,#64D064,39.0,1017,85.081,85.081,0,0,85.114,1.623,-0.859,0.503,-1.111,3,-0.859,0.503,-1.111,3,-1.362,M,#F0E628,7,2.0,0,0,0.340,0,0,0,0,0.0,18
2,2024,2024161,18,8,3,3-8,BOT,Valtteri Bottas,77,#64D064,40.0,1018,85.16,85.16,0,0,85.12,0.079,-1.07,0.660,-1.400,3,-1.070,0.660,-1.400,3,-1.73,M,#F0E628,8,2.0,0,0,0.340,0,0,0,0,0.0,18
2,2024,2024161,18,8,3,3-8,BOT,Valtteri Bottas,77,#64D064,41.0,1019,86.31,85.598,1,0,85.379,1.150,-2.313,0.127,-2.377,3,-1.601,0.839,-2.021,3,-2.44,M,#F0E628,9,2.0,0,0,0.340,0,0,0,0,0.0,18
2,2024,2024161,18,8,3,3-8,BOT,Valtteri Bottas,77,#64D064,42.0,1020,86.036,86.036,0,0,85.817,0.274,-1.941,1.604,-2.743,3,-1.941,0.640,-2.261,3,-3.545,M,#F0E628,10,2.0,0,0,0.340,0,0,0,0,0.0,18
2,2024,2024161,18,8,3,3-8,BOT,Valtteri Bottas,77,#64D064,43.0,1021,84.637,84.637,0,0,85.336,1.399,-0.689,2.279,-1.829,3,-0.689,2.279,-1.829,3,-2.968,M,#F0E628,11,2.0,0,1,0.340,0,0,0,0,0.0,18
2,2024,2024161,18,8,3,3-8,BOT,Valtteri Bottas,77,#64D064,44.0,1022,84.792,84.792,0,0,84.714,0.155,-0.83,2.126,-1.893,3,-0.830,2.126,-1.893,3,-2.956,M,#F0E628,12,2.0,0,0,0.340,0,0,0,0,0.0,18
2,2024,2024161,18,8,3,3-8,BOT,Valtteri Bottas,77,#64D064,45.0,1023,84.588,84.588,0,0,84.69,0.204,-0.726,1.044,-1.248,3,-0.726,1.044,-1.248,3,-1.77,M,#F0E628,13,2.0,0,0,0.340,0,0,0,0,0.0,18
2,2024,2024161,18,8,3,3-8,BOT,Valtteri Bottas,77,#64D064,46.0,1024,84.358,84.358,0,0,84.473,0.230,-0.6,1.499,-1.349,3,-0.600,1.499,-1.349,3,-2.099,M,#F0E628,14,2.0,0,0,0.340,0,0,0,0,0.0,18
2,2024,2024161,18,8,3,3-8,BOT,Valtteri Bottas,77,#64D064,47.0,1025,84.089,84.089,0,0,84.224,0.269,-0.389,3.353,-2.066,3,-0.389,1.759,-1.268,3,-3.742,M,#F0E628,15,2.0,0,0,0.340,0,0,0,0,1.0,17
2,2024,2024161,18,8,3,3-8,BOT,Valtteri Bottas,77,#64D064,48.0,1026,85.126,83.987,1,0,84.038,1.037,-1.384,0.714,-1.741,3,-0.245,1.853,-1.171,3,-2.098,M,#F0E628,16,2.0,0,0,0.340,0,0,0,0,0.0,17
2,2024,2024161,18,8,3,3-8,BOT,Valtteri Bottas,77,#64D064,49.0,1027,83.885,83.885,0,0,83.936,1.241,-0.156,2.413,-1.363,3,-0.156,1.804,-1.058,3,-2.569,M,#F0E628,17,2.0,0,0,0.340,0,0,0,0,0.0,17
2,2024,2024161,18,8,3,3-8,BOT,Valtteri Bottas,77,#64D064,50.0,1028,84.357,84.357,0,0,84.121,0.472,-0.668,1.182,-1.259,3,-0.668,1.182,-1.259,3,-1.85,M,#F0E628,18,2.0,0,0,0.340,0,0,0,0,0.0,17
2,2024,2024161,18,8,3,3-8,BOT,Valtteri Bottas,77,#64D064,51.0,1029,83.979,83.979,0,0,84.168,0.378,-0.358,1.967,-1.341,3,-0.358,1.967,-1.341,3,-2.325,M,#F0E628,19,2.0,0,0,0.340,0,0,0,0,0.0,16
2,2024,2024161,18,8,3,3-8,BOT,Valtteri Bottas,77,#64D064,52.0,1030,83.609,83.609,0,0,83.794,0.370,-0.018,3.671,-1.853,3,-0.018,3.671,-1.853,3,-3.689,M,#F0E628,20,2.0,0,0,0.340,0,0,0,0,0.0,16
2,2024,2024161,18,8,23,23-8,ZHO,Guanyu Zhou,24,#64D064,1.0,979,-,-,0,1,-,-,-,-,-,-,-,-,-,-,,M,#F0E628,2,1.0,0,0,0.414,0,0,0,0,,20
2,2024,2024161,18,8,23,23-8,ZHO,Guanyu Zhou,24,#64D064,2.0,980,-,-,0,1,-,-,-,-,-,-,-,-,-,-,,M,#F0E628,3,1.0,0,0,0.414,0,0,0,0,0.0,20
2,2024,2024161,18,8,23,23-8,ZHO,Guanyu Zhou,24,#64D064,3.0,981,86.997,86.997,0,0,-,-,-0.838,0.079,-0.798,3,-0.838,0.079,-0.798,3,-0.759,M,#F0E628,4,1.0,0,0,0.414,0,0,0,0,0.0,20
2,2024,2024161,18,8,23,23-8,ZHO,Guanyu Zhou,24,#64D064,4.0,982,86.226,86.226,0,0,86.612,0.771,-0.278,-0.098,-0.327,23,-0.278,-0.098,-0.327,23,-0.376,M,#F0E628,5,1.0,0,0,0.414,0,0,0,0,0.0,20
2,2024,2024161,18,8,23,23-8,ZHO,Guanyu Zhou,24,#64D064,5.0,983,89.256,86.084,1,0,86.155,3.030,-3.501,1.014,-2.994,3,-0.329,-0.328,-0.493,23,-2.487,M,#F0E628,6,1.0,0,0,0.414,0,0,0,0,0.0,20
2,2024,2024161,18,8,23,23-8,ZHO,Guanyu Zhou,24,#64D064,6.0,984,85.942,85.942,0,0,86.013,3.314,-0.32,-0.557,-0.599,23,-0.320,-0.557,-0.599,23,-0.877,M,#F0E628,7,1.0,0,0,0.414,0,0,0,0,1.0,18
2,2024,2024161,18,8,23,23-8,ZHO,Guanyu Zhou,24,#64D064,7.0,985,86.381,86.381,0,0,86.161,0.439,-0.888,0.022,-0.877,3,-0.888,0.022,-0.877,3,-0.866,M,#F0E628,8,1.0,0,0,0.414,0,0,0,0,0.0,18
2,2024,2024161,18,8,23,23-8,ZHO,Guanyu Zhou,24,#64D064,8.0,986,86.411,86.411,0,0,86.396,0.030,-0.876,0.205,-0.774,3,-0.876,0.205,-0.774,3,-0.671,M,#F0E628,9,1.0,0,1,0.414,0,0,0,0,0.0,18
2,2024,2024161,18,8,23,23-8,ZHO,Guanyu Zhou,24,#64D064,9.0,987,86.315,86.315,0,0,86.363,0.096,-0.85,0.127,-0.786,3,-0.850,0.127,-0.786,3,-0.723,M,#F0E628,10,1.0,0,0,0.414,0,0,0,0,0.0,18
2,2024,2024161,18,8,23,23-8,ZHO,Guanyu Zhou,24,#64D064,10.0,988,86.128,86.128,0,0,86.221,0.187,-0.73,0.010,-0.725,3,-0.730,0.010,-0.725,3,-0.72,M,#F0E628,11,1.0,0,0,0.414,0,0,0,0,0.0,18
2,2024,2024161,18,8,23,23-8,ZHO,Guanyu Zhou,24,#64D064,11.0,989,86.488,86.488,0,0,86.308,0.360,-1.004,0.018,-0.995,3,-1.004,0.018,-0.995,3,-0.986,M,#F0E628,12,1.0,0,0,0.414,0,0,0,0,0.0,17
2,2024,2024161,18,8,23,23-8,ZHO,Guanyu Zhou,24,#64D064,12.0,990,86.348,86.348,0,0,86.418,0.140,-0.931,0.141,-0.861,3,-0.931,0.141,-0.861,3,-0.79,M,#F0E628,13,1.0,0,0,0.414,0,0,0,0,0.0,15
2,2024,2024161,18,8,23,23-8,ZHO,Guanyu Zhou,24,#64D064,13.0,991,86.802,86.802,0,0,86.575,0.454,-1.227,0.453,-1.001,3,-1.227,0.453,-1.001,3,-0.774,M,#F0E628,14,1.0,0,0,0.414,0,0,0,0,0.0,14
2,2024,2024161,18,8,23,23-8,ZHO,Guanyu Zhou,24,#64D064,14.0,992,87.092,87.092,0,0,86.947,0.290,-1.38,0.611,-1.075,3,-1.380,0.611,-1.075,3,-0.769,M,#F0E628,15,1.0,0,0,0.414,0,0,0,0,0.0,14
2,2024,2024161,18,8,23,23-8,ZHO,Guanyu Zhou,24,#64D064,15.0,993,-,-,0,1,-,-,-,-,-,-,-,-,-,-,-1.134,M,#F0E628,16,1.0,1,0,0.414,0,0,0,0,0.0,13
2,2024,2024161,18,8,23,23-8,ZHO,Guanyu Zhou,24,#64D064,16.0,994,-,-,0,1,-,-,-,-,-,-,-,-,-,-,-1.041,H,#A5AFB9,2,2.0,0,0,0.274,0,0,0,0,0.0,19
2,2024,2024161,18,8,23,23-8,ZHO,Guanyu Zhou,24,#64D064,17.0,995,85.092,85.092,0,0,-,-,0.079,-1.304,-0.573,23,0.079,-1.304,-0.573,23,-1.225,H,#A5AFB9,3,2.0,0,0,0.274,0,0,0,0,0.0,19
2,2024,2024161,18,8,23,23-8,ZHO,Guanyu Zhou,24,#64D064,18.0,996,85.245,85.245,0,0,85.168,0.153,-0.065,-1.113,-0.621,23,-0.065,-1.113,-0.621,23,-1.178,H,#A5AFB9,4,2.0,0,0,0.274,0,0,0,0,0.0,19
2,2024,2024161,18,8,23,23-8,ZHO,Guanyu Zhou,24,#64D064,19.0,997,85.777,85.416,1,0,85.331,0.532,-0.667,-0.679,-1.006,23,-0.307,-1.039,-0.827,23,-1.346,H,#A5AFB9,5,2.0,0,0,0.274,0,0,0,0,0.0,19
2,2024,2024161,18,8,23,23-8,ZHO,Guanyu Zhou,24,#64D064,20.0,998,85.588,85.588,0,0,85.502,0.189,-0.467,-1.215,-1.075,23,-0.467,-1.215,-1.075,23,-1.682,H,#A5AFB9,6,2.0,0,0,0.274,0,0,0,0,0.0,19
2,2024,2024161,18,8,23,23-8,ZHO,Guanyu Zhou,24,#64D064,21.0,999,85.743,85.743,0,0,85.666,0.155,-0.69,-1.487,-1.433,23,-0.690,-1.487,-1.433,23,-2.177,H,#A5AFB9,7,2.0,0,0,0.274,0,0,0,0,0.0,19
2,2024,2024161,18,8,23,23-8,ZHO,Guanyu Zhou,24,#64D064,22.0,1000,85.876,85.876,0,0,85.81,0.133,-0.83,-1.528,-1.594,23,-0.830,-1.528,-1.594,23,-2.358,H,#A5AFB9,8,2.0,0,0,0.274,0,0,0,0,0.0,19
2,2024,2024161,18,8,23,23-8,ZHO,Guanyu Zhou,24,#64D064,23.0,1001,86.061,86.061,0,0,85.968,0.185,-1.149,-0.882,-1.590,23,-1.149,-0.882,-1.590,23,-2.031,H,#A5AFB9,9,2.0,0,0,0.274,0,0,0,0,0.0,19
2,2024,2024161,18,8,23,23-8,ZHO,Guanyu Zhou,24,#64D064,24.0,1002,86.041,86.041,0,0,86.051,0.020,-1.246,-0.501,-1.497,23,-1.246,-0.501,-1.497,23,-1.747,H,#A5AFB9,10,2.0,0,0,0.274,0,0,0,0,0.0,19
2,2024,2024161,18,8,23,23-8,ZHO,Guanyu Zhou,24,#64D064,25.0,1003,85.583,85.583,0,0,85.812,0.458,-0.901,-1.280,-1.541,23,-0.901,-1.280,-1.541,23,-2.181,H,#A5AFB9,11,2.0,0,0,0.274,0,0,0,0,0.0,19
2,2024,2024161,18,8,23,23-8,ZHO,Guanyu Zhou,24,#64D064,26.0,1004,85.549,85.549,0,0,85.566,0.034,-0.965,-1.336,-1.633,23,-0.965,-1.336,-1.633,23,-2.301,H,#A5AFB9,12,2.0,0,0,0.274,0,0,0,0,0.0,19
2,2024,2024161,18,8,23,23-8,ZHO,Guanyu Zhou,24,#64D064,27.0,1005,85.603,85.603,0,0,85.576,0.054,-1.058,-0.706,-1.411,23,-1.058,-0.706,-1.411,23,-1.764,H,#A5AFB9,13,2.0,0,0,0.274,0,0,0,0,0.0,19
2,2024,2024161,18,8,23,23-8,ZHO,Guanyu Zhou,24,#64D064,28.0,1006,85.699,85.699,0,0,85.651,0.096,-1.22,-0.105,-1.272,23,-1.220,-0.105,-1.272,23,-1.325,H,#A5AFB9,14,2.0,0,0,0.274,0,0,0,0,0.0,19
2,2024,2024161,18,8,23,23-8,ZHO,Guanyu Zhou,24,#64D064,29.0,1007,85.515,85.515,0,0,85.607,0.184,-0.968,-1.312,-1.624,23,-0.968,-0.398,-1.167,23,-2.28,H,#A5AFB9,15,2.0,0,0,0.274,0,0,0,0,0.0,19
2,2024,2024161,18,8,23,23-8,ZHO,Guanyu Zhou,24,#64D064,30.0,1008,85.491,85.491,0,0,85.503,0.024,-1.044,-0.531,-1.310,23,-1.044,-0.531,-1.310,23,-1.575,H,#A5AFB9,16,2.0,0,0,0.274,0,0,0,0,0.0,19
2,2024,2024161,18,8,23,23-8,ZHO,Guanyu Zhou,24,#64D064,31.0,1009,85.478,85.478,0,0,85.484,0.013,-1.09,-0.526,-1.353,23,-1.090,-0.526,-1.353,23,-1.616,H,#A5AFB9,17,2.0,0,0,0.274,0,0,0,0,0.0,18
2,2024,2024161,18,8,23,23-8,ZHO,Guanyu Zhou,24,#64D064,32.0,1010,85.356,85.356,0,0,85.417,0.122,-0.948,-2.503,-2.200,23,-0.948,-2.503,-2.200,23,-3.451,H,#A5AFB9,18,2.0,0,0,0.274,0,0,0,0,0.0,18
2,2024,2024161,18,8,23,23-8,ZHO,Guanyu Zhou,24,#64D064,33.0,1011,85.451,85.451,0,0,85.404,0.095,-1.194,-,-,-,-1.194,-,-,-,,H,#A5AFB9,19,2.0,0,0,0.274,0,0,0,0,0.0,17
2,2024,2024161,18,8,23,23-8,ZHO,Guanyu Zhou,24,#64D064,34.0,1012,85.487,85.487,0,0,85.469,0.036,-1.259,-,-,-,-1.259,-,-,-,,H,#A5AFB9,20,2.0,0,1,0.274,0,0,0,0,0.0,16
2,2024,2024161,18,8,23,23-8,ZHO,Guanyu Zhou,24,#64D064,35.0,1013,85.52,85.52,0,0,85.504,0.033,-1.303,0.184,-1.211,3,-1.303,0.184,-1.211,3,-1.119,H,#A5AFB9,21,2.0,0,0,0.274,0,0,0,0,0.0,16
2,2024,2024161,18,8,23,23-8,ZHO,Guanyu Zhou,24,#64D064,36.0,1014,86.606,85.362,1,0,85.441,1.086,-2.444,1.492,-1.698,3,-1.200,0.248,-1.076,3,-0.952,H,#A5AFB9,22,2.0,0,0,0.274,0,0,0,0,0.0,16
2,2024,2024161,18,8,23,23-8,ZHO,Guanyu Zhou,24,#64D064,37.0,1015,85.205,85.205,0,0,85.284,1.401,-1.109,-0.008,-1.113,23,-1.109,-0.008,-1.113,23,-1.117,H,#A5AFB9,23,2.0,0,0,0.274,0,0,0,0,0.0,15
2,2024,2024161,18,8,23,23-8,ZHO,Guanyu Zhou,24,#64D064,38.0,1016,86.652,85.394,1,0,85.3,1.447,-2.446,-0.052,-2.472,23,-1.188,0.247,-1.065,3,-2.498,H,#A5AFB9,24,2.0,0,0,0.274,0,0,0,0,0.0,15
2,2024,2024161,18,8,23,23-8,ZHO,Guanyu Zhou,24,#64D064,39.0,1017,85.584,85.584,0,0,85.489,1.068,-1.362,0.503,-1.111,3,-1.362,0.503,-1.111,3,-0.859,H,#A5AFB9,25,2.0,0,0,0.274,0,0,0,0,0.0,15
2,2024,2024161,18,8,23,23-8,ZHO,Guanyu Zhou,24,#64D064,40.0,1018,85.82,85.82,0,0,85.702,0.236,-1.73,0.660,-1.400,3,-1.730,0.660,-1.400,3,-1.07,H,#A5AFB9,26,2.0,0,0,0.274,0,0,0,0,0.0,15
2,2024,2024161,18,8,23,23-8,ZHO,Guanyu Zhou,24,#64D064,41.0,1019,86.437,86.437,0,0,86.128,0.617,-2.44,0.127,-2.377,3,-2.440,0.839,-2.021,3,-2.313,H,#A5AFB9,27,2.0,0,0,0.274,0,0,0,0,-1.0,16
2,2024,2024161,18,8,23,23-8,ZHO,Guanyu Zhou,24,#64D064,42.0,1020,87.64,86.676,1,0,86.557,1.203,-3.545,1.604,-2.743,3,-2.581,0.640,-2.261,3,-1.941,H,#A5AFB9,28,2.0,0,0,0.274,0,0,0,0,-1.0,17
2,2024,2024161,18,8,23,23-8,ZHO,Guanyu Zhou,24,#64D064,43.0,1021,86.916,86.916,0,0,86.796,0.724,-2.968,2.279,-1.829,3,-2.968,2.279,-1.829,3,-0.689,H,#A5AFB9,29,2.0,0,0,0.274,0,0,0,0,0.0,17
2,2024,2024161,18,8,23,23-8,ZHO,Guanyu Zhou,24,#64D064,44.0,1022,86.918,86.918,0,0,86.917,0.002,-2.956,2.126,-1.893,3,-2.956,2.126,-1.893,3,-0.83,H,#A5AFB9,30,2.0,0,0,0.274,0,0,0,0,0.0,17
2,2024,2024161,18,8,23,23-8,ZHO,Guanyu Zhou,24,#64D064,45.0,1023,85.632,85.632,0,0,86.275,1.286,-1.77,1.044,-1.248,3,-1.770,1.044,-1.248,3,-0.726,H,#A5AFB9,31,2.0,0,0,0.274,0,0,0,0,0.0,17
2,2024,2024161,18,8,23,23-8,ZHO,Guanyu Zhou,24,#64D064,46.0,1024,85.857,85.857,0,0,85.744,0.225,-2.099,1.499,-1.349,3,-2.099,1.499,-1.349,3,-0.6,H,#A5AFB9,32,2.0,0,0,0.274,0,0,0,0,0.0,17
2,2024,2024161,18,8,23,23-8,ZHO,Guanyu Zhou,24,#64D064,47.0,1025,87.442,85.848,1,0,85.853,1.585,-3.742,3.353,-2.066,3,-2.148,1.759,-1.268,3,-0.389,H,#A5AFB9,33,2.0,0,0,0.274,0,0,0,0,-1.0,18
2,2024,2024161,18,8,23,23-8,ZHO,Guanyu Zhou,24,#64D064,48.0,1026,85.84,85.84,0,0,85.844,1.602,-2.098,0.714,-1.741,3,-2.098,1.853,-1.171,3,-1.384,H,#A5AFB9,34,2.0,0,0,0.274,0,0,0,0,0.0,18
2,2024,2024161,18,8,23,23-8,ZHO,Guanyu Zhou,24,#64D064,49.0,1027,86.298,85.69,1,0,85.765,0.458,-2.569,2.413,-1.363,3,-1.960,1.804,-1.058,3,-0.156,H,#A5AFB9,35,2.0,0,0,0.274,0,0,0,0,-1.0,19
2,2024,2024161,18,8,23,23-8,ZHO,Guanyu Zhou,24,#64D064,50.0,1028,85.539,85.539,0,0,85.614,0.759,-1.85,1.182,-1.259,3,-1.850,1.182,-1.259,3,-0.668,H,#A5AFB9,36,2.0,0,0,0.274,0,0,0,0,0.0,19
2,2024,2024161,18,8,23,23-8,ZHO,Guanyu Zhou,24,#64D064,51.0,1029,85.946,85.946,0,0,85.742,0.407,-2.325,1.967,-1.341,3,-2.325,1.967,-1.341,3,-0.358,H,#A5AFB9,37,2.0,0,0,0.274,0,0,0,0,0.0,18
2,2024,2024161,18,8,23,23-8,ZHO,Guanyu Zhou,24,#64D064,52.0,1030,87.28,87.28,0,0,86.613,1.334,-3.689,3.671,-1.853,3,-3.689,3.671,-1.853,3,-0.018,H,#A5AFB9,38,2.0,0,0,0.274,0,0,0,0,0.0,18
2,2024,2024171,19,8,3,3-8,BOT,Valtteri Bottas,77,#64D064,1.0,1032,-,-,0,1,-,-,-,-,-,-,-,-,-,-,,M,#F0E628,2,1.0,0,0,0.492,0,0,0,0,,16
2,2024,2024171,19,8,3,3-8,BOT,Valtteri Bottas,77,#64D064,2.0,1033,-,-,0,1,-,-,-,-,-,-,-,-,-,-,,M,#F0E628,3,1.0,0,0,0.492,0,0,0,0,-1.0,17
2,2024,2024171,19,8,3,3-8,BOT,Valtteri Bottas,77,#64D064,3.0,1034,112.71,112.71,0,0,-,-,-2.129,0.600,-1.829,23,-2.129,0.600,-1.829,23,-1.529,M,#F0E628,4,1.0,0,0,0.492,0,0,0,0,0.0,17
2,2024,2024171,19,8,3,3-8,BOT,Valtteri Bottas,77,#64D064,4.0,1035,111.585,111.585,0,0,112.148,1.125,-1.466,-0.086,-1.509,3,-1.466,-0.086,-1.509,3,-1.552,M,#F0E628,5,1.0,0,0,0.492,0,0,0,0,0.0,17
2,2024,2024171,19,8,3,3-8,BOT,Valtteri Bottas,77,#64D064,5.0,1036,113.313,111.312,1,0,111.448,1.728,-3.364,-0.020,-3.374,3,-1.363,-0.141,-1.433,3,-3.384,M,#F0E628,6,1.0,0,0,0.492,0,0,0,0,0.0,17
2,2024,2024171,19,8,3,3-8,BOT,Valtteri Bottas,77,#64D064,6.0,1037,111.039,111.039,0,0,111.176,2.274,-1.259,-0.196,-1.357,3,-1.259,-0.196,-1.357,3,-1.455,M,#F0E628,7,1.0,0,1,0.492,0,0,0,0,0.0,17
2,2024,2024171,19,8,3,3-8,BOT,Valtteri Bottas,77,#64D064,7.0,1038,111.374,111.374,0,0,111.206,0.335,-1.75,0.269,-1.615,23,-1.750,0.269,-1.615,23,-1.481,M,#F0E628,8,1.0,0,0,0.492,0,0,0,0,0.0,17
2,2024,2024171,19,8,3,3-8,BOT,Valtteri Bottas,77,#64D064,8.0,1039,111.315,111.315,0,0,111.344,0.059,-1.761,0.002,-1.760,23,-1.761,0.002,-1.760,23,-1.759,M,#F0E628,9,1.0,0,0,0.492,0,0,0,0,0.0,17
2,2024,2024171,19,8,3,3-8,BOT,Valtteri Bottas,77,#64D064,9.0,1040,111.467,111.467,0,0,111.391,0.152,-2.026,0.449,-1.802,23,-2.026,0.449,-1.802,23,-1.577,M,#F0E628,10,1.0,0,0,0.492,0,0,0,0,0.0,17
2,2024,2024171,19,8,3,3-8,BOT,Valtteri Bottas,77,#64D064,10.0,1041,112.685,112.685,0,0,112.076,1.218,-2.978,1.920,-2.018,23,-2.978,1.920,-2.018,23,-1.058,M,#F0E628,11,1.0,0,0,0.492,0,0,0,0,-2.0,19
2,2024,2024171,19,8,3,3-8,BOT,Valtteri Bottas,77,#64D064,11.0,1042,-,-,0,1,-,-,-,-,-,-,-,-,-,-,-1.286,M,#F0E628,12,1.0,1,0,0.492,0,0,0,0,0.0,20
2,2024,2024171,19,8,3,3-8,BOT,Valtteri Bottas,77,#64D064,12.0,1043,-,-,0,1,-,-,-,-,-,-,-,-,-,-,-1.039,H,#A5AFB9,2,2.0,0,0,0.275,0,0,0,0,0.0,20
2,2024,2024171,19,8,3,3-8,BOT,Valtteri Bottas,77,#64D064,13.0,1044,109.999,109.999,0,0,-,-,-0.357,-0.615,-0.664,3,-0.357,-0.615,-0.664,3,-0.972,H,#A5AFB9,3,2.0,0,0,0.275,0,0,0,0,0.0,19
2,2024,2024171,19,8,3,3-8,BOT,Valtteri Bottas,77,#64D064,14.0,1045,110.005,110.005,0,0,110.002,0.006,-0.392,-0.630,-0.707,3,-0.392,-0.630,-0.707,3,-1.022,H,#A5AFB9,4,2.0,0,0,0.275,0,0,0,0,0.0,19
2,2024,2024171,19,8,3,3-8,BOT,Valtteri Bottas,77,#64D064,15.0,1046,109.708,109.708,0,0,109.856,0.297,-0.149,-0.609,-0.454,3,-0.149,-0.609,-0.454,3,-0.758,H,#A5AFB9,5,2.0,0,0,0.275,0,0,0,0,0.0,19
2,2024,2024171,19,8,3,3-8,BOT,Valtteri Bottas,77,#64D064,16.0,1047,109.744,109.744,0,0,109.726,0.036,-0.249,-1.250,-0.874,3,-0.249,-0.673,-0.586,3,-1.499,H,#A5AFB9,6,2.0,0,0,0.275,0,0,0,0,0.0,19
2,2024,2024171,19,8,3,3-8,BOT,Valtteri Bottas,77,#64D064,17.0,1048,109.792,109.792,0,0,109.768,0.048,-0.345,-0.726,-0.708,3,-0.345,-0.726,-0.708,3,-1.071,H,#A5AFB9,7,2.0,0,0,0.275,0,0,0,0,0.0,19
2,2024,2024171,19,8,3,3-8,BOT,Valtteri Bottas,77,#64D064,18.0,1049,109.718,109.718,0,0,109.755,0.074,-0.456,-2.085,-1.498,3,-0.456,-0.789,-0.851,3,-2.541,H,#A5AFB9,8,2.0,0,0,0.275,0,0,0,0,0.0,19
2,2024,2024171,19,8,3,3-8,BOT,Valtteri Bottas,77,#64D064,19.0,1050,109.911,109.705,1,0,109.712,0.193,-0.86,-0.585,-1.153,3,-0.654,-0.791,-1.050,3,-1.445,H,#A5AFB9,9,2.0,0,0,0.275,0,0,0,0,0.0,19
2,2024,2024171,19,8,3,3-8,BOT,Valtteri Bottas,77,#64D064,20.0,1051,109.692,109.692,0,0,109.698,0.219,-0.609,-0.758,-0.988,3,-0.609,-0.758,-0.988,3,-1.367,H,#A5AFB9,10,2.0,0,0,0.275,0,0,0,0,0.0,19
2,2024,2024171,19,8,3,3-8,BOT,Valtteri Bottas,77,#64D064,21.0,1052,109.687,109.687,0,0,109.69,0.005,-0.574,-0.796,-0.972,3,-0.574,-0.796,-0.972,3,-1.37,H,#A5AFB9,11,2.0,0,0,0.275,0,0,0,0,0.0,19
2,2024,2024171,19,8,3,3-8,BOT,Valtteri Bottas,77,#64D064,22.0,1053,109.727,109.727,0,0,109.707,0.040,-0.669,-0.643,-0.991,3,-0.669,-0.643,-0.991,3,-1.312,H,#A5AFB9,12,2.0,0,0,0.275,0,0,0,0,0.0,19
2,2024,2024171,19,8,3,3-8,BOT,Valtteri Bottas,77,#64D064,23.0,1054,109.77,109.77,0,0,109.748,0.043,-0.711,-0.793,-1.107,3,-0.711,-0.793,-1.107,3,-1.504,H,#A5AFB9,13,2.0,0,0,0.275,0,0,0,0,0.0,18
2,2024,2024171,19,8,3,3-8,BOT,Valtteri Bottas,77,#64D064,24.0,1055,109.617,109.617,0,0,109.694,0.153,-0.783,-0.659,-1.113,3,-0.783,-0.659,-1.113,3,-1.442,H,#A5AFB9,14,2.0,0,0,0.275,0,0,0,0,0.0,18
2,2024,2024171,19,8,3,3-8,BOT,Valtteri Bottas,77,#64D064,25.0,1056,109.463,109.463,0,0,109.54,0.154,-0.769,-0.591,-1.065,3,-0.769,-0.591,-1.065,3,-1.36,H,#A5AFB9,15,2.0,0,0,0.275,0,0,0,0,0.0,18
2,2024,2024171,19,8,3,3-8,BOT,Valtteri Bottas,77,#64D064,26.0,1057,109.646,109.459,1,0,109.461,0.183,-0.885,-0.456,-1.113,3,-0.698,-0.643,-1.020,3,-1.341,H,#A5AFB9,16,2.0,0,0,0.275,0,0,0,0,0.0,18
2,2024,2024171,19,8,3,3-8,BOT,Valtteri Bottas,77,#64D064,27.0,1058,109.455,109.455,0,0,109.457,0.191,-0.846,-0.581,-1.137,3,-0.846,-0.581,-1.137,3,-1.427,H,#A5AFB9,17,2.0,0,0,0.275,0,0,0,0,0.0,18
2,2024,2024171,19,8,3,3-8,BOT,Valtteri Bottas,77,#64D064,28.0,1059,109.459,109.459,0,0,109.457,0.004,-0.842,-0.301,-0.993,3,-0.842,-0.301,-0.993,3,-1.143,H,#A5AFB9,18,2.0,0,0,0.275,0,0,0,0,0.0,18
2,2024,2024171,19,8,3,3-8,BOT,Valtteri Bottas,77,#64D064,29.0,1060,109.321,109.321,0,0,109.39,0.138,-0.692,-0.364,-0.874,3,-0.692,-0.364,-0.874,3,-1.056,H,#A5AFB9,19,2.0,0,0,0.275,0,0,0,0,0.0,18
2,2024,2024171,19,8,3,3-8,BOT,Valtteri Bottas,77,#64D064,30.0,1061,109.41,109.41,0,0,109.366,0.089,-0.785,-0.331,-0.951,3,-0.785,-0.331,-0.951,3,-1.116,H,#A5AFB9,20,2.0,0,1,0.275,0,0,0,0,0.0,18
2,2024,2024171,19,8,3,3-8,BOT,Valtteri Bottas,77,#64D064,31.0,1062,109.406,109.406,0,0,109.408,0.004,-0.851,-0.388,-1.045,3,-0.851,-0.388,-1.045,3,-1.239,H,#A5AFB9,21,2.0,0,0,0.275,0,0,0,0,0.0,18
2,2024,2024171,19,8,3,3-8,BOT,Valtteri Bottas,77,#64D064,32.0,1063,109.281,109.281,0,0,109.344,0.125,-0.846,-0.076,-0.884,3,-0.846,-0.076,-0.884,3,-0.922,H,#A5AFB9,22,2.0,0,0,0.275,0,0,0,0,0.0,18
2,2024,2024171,19,8,3,3-8,BOT,Valtteri Bottas,77,#64D064,33.0,1064,111.477,109.44,1,0,109.36,2.196,-3.156,2.278,-2.017,23,-1.119,0.241,-0.999,23,-0.878,H,#A5AFB9,23,2.0,0,0,0.275,0,0,0,0,-1.0,19
2,2024,2024171,19,8,3,3-8,BOT,Valtteri Bottas,77,#64D064,34.0,1065,109.598,109.598,0,0,109.519,1.879,-1.211,-,-,-,-1.211,-,-,-,,H,#A5AFB9,24,2.0,0,0,0.275,0,0,0,0,0.0,19
2,2024,2024171,19,8,3,3-8,BOT,Valtteri Bottas,77,#64D064,35.0,1066,109.231,109.231,0,0,109.414,0.367,-0.823,-,-,-,-0.823,-,-,-,,H,#A5AFB9,25,2.0,0,0,0.275,0,0,0,0,0.0,18
2,2024,2024171,19,8,3,3-8,BOT,Valtteri Bottas,77,#64D064,36.0,1067,109.038,109.038,0,0,109.134,0.193,-0.61,0.734,-0.243,23,-0.610,0.734,-0.243,23,0.124,H,#A5AFB9,26,2.0,0,0,0.275,0,0,0,0,0.0,18
2,2024,2024171,19,8,3,3-8,BOT,Valtteri Bottas,77,#64D064,37.0,1068,108.871,108.871,0,0,108.954,0.167,-0.418,0.759,-0.038,23,-0.418,0.759,-0.038,23,0.341,H,#A5AFB9,27,2.0,0,0,0.275,0,0,0,0,0.0,18
2,2024,2024171,19,8,3,3-8,BOT,Valtteri Bottas,77,#64D064,38.0,1069,108.836,108.836,0,0,108.854,0.035,-0.485,0.458,-0.256,23,-0.485,0.779,-0.096,23,-0.027,H,#A5AFB9,28,2.0,0,0,0.275,0,0,0,0,0.0,18
2,2024,2024171,19,8,3,3-8,BOT,Valtteri Bottas,77,#64D064,39.0,1070,109.012,108.668,1,0,108.752,0.176,-0.929,1.011,-0.423,23,-0.586,0.668,-0.252,23,0.082,H,#A5AFB9,29,2.0,0,0,0.275,0,0,0,0,0.0,18
2,2024,2024171,19,8,3,3-8,BOT,Valtteri Bottas,77,#64D064,40.0,1071,108.501,108.501,0,0,108.585,0.511,-0.526,0.487,-0.282,23,-0.526,0.487,-0.282,23,-0.039,H,#A5AFB9,30,2.0,0,0,0.275,0,0,0,0,0.0,18
2,2024,2024171,19,8,3,3-8,BOT,Valtteri Bottas,77,#64D064,41.0,1072,108.418,108.418,0,0,108.46,0.083,-0.445,0.418,-0.236,23,-0.445,0.418,-0.236,23,-0.027,H,#A5AFB9,31,2.0,0,0,0.275,0,0,0,0,0.0,18
2,2024,2024171,19,8,3,3-8,BOT,Valtteri Bottas,77,#64D064,42.0,1073,108.742,108.442,1,0,108.43,0.324,-1.008,0.688,-0.664,23,-0.708,0.388,-0.514,23,-0.32,H,#A5AFB9,32,2.0,0,0,0.275,0,0,0,0,0.0,18
2,2024,2024171,19,8,3,3-8,BOT,Valtteri Bottas,77,#64D064,43.0,1074,108.467,108.467,0,0,108.455,0.275,-0.809,0.823,-0.398,23,-0.809,0.823,-0.398,23,0.014,H,#A5AFB9,33,2.0,0,0,0.275,0,0,0,0,0.0,18
2,2024,2024171,19,8,3,3-8,BOT,Valtteri Bottas,77,#64D064,44.0,1075,108.683,108.482,1,0,108.475,0.216,-1.054,0.776,-0.666,23,-0.854,0.576,-0.566,23,-0.278,H,#A5AFB9,34,2.0,0,0,0.275,0,0,0,0,0.0,18
2,2024,2024171,19,8,3,3-8,BOT,Valtteri Bottas,77,#64D064,45.0,1076,108.498,108.498,0,0,108.49,0.185,-0.88,0.564,-0.598,23,-0.880,0.564,-0.598,23,-0.316,H,#A5AFB9,35,2.0,0,0,0.275,0,0,0,0,0.0,17
2,2024,2024171,19,8,3,3-8,BOT,Valtteri Bottas,77,#64D064,46.0,1077,110.67,108.68,1,0,108.589,2.172,-3.04,2.023,-2.029,23,-1.051,0.675,-0.714,23,-1.017,H,#A5AFB9,36,2.0,0,0,0.275,0,0,0,0,-1.0,18
2,2024,2024171,19,8,3,3-8,BOT,Valtteri Bottas,77,#64D064,47.0,1078,108.863,108.863,0,0,108.772,1.807,-1.183,0.786,-0.790,23,-1.183,0.786,-0.790,23,-0.397,H,#A5AFB9,37,2.0,0,0,0.275,0,0,0,0,0.0,18
2,2024,2024171,19,8,3,3-8,BOT,Valtteri Bottas,77,#64D064,48.0,1079,114.753,114.753,0,0,111.808,5.890,-6.41,6.248,-3.286,23,-6.410,6.690,-3.065,23,-0.162,H,#A5AFB9,38,2.0,0,0,0.275,0,0,0,0,0.0,18
2,2024,2024171,19,8,3,3-8,BOT,Valtteri Bottas,77,#64D064,49.0,1080,-,-,0,1,-,-,-,-,-,-,-,-,-,-,-0.233,H,#A5AFB9,39,2.0,0,0,0.275,0,0,0,1,0.0,18
2,2024,2024171,19,8,3,3-8,BOT,Valtteri Bottas,77,#64D064,50.0,1081,-,-,0,1,-,-,-,-,-,-,-,-,-,-,,H,#A5AFB9,40,2.0,0,0,0.275,0,0,0,0,0.0,16
2,2024,2024171,19,8,23,23-8,ZHO,Guanyu Zhou,24,#64D064,1.0,1032,-,-,0,1,-,-,-,-,-,-,-,-,-,-,,H,#A5AFB9,2,1.0,0,0,0.203,0,0,0,0,,18
2,2024,2024171,19,8,23,23-8,ZHO,Guanyu Zhou,24,#64D064,2.0,1033,-,-,0,1,-,-,-,-,-,-,-,-,-,-,,H,#A5AFB9,3,1.0,0,0,0.203,0,0,0,0,0.0,18
2,2024,2024171,19,8,23,23-8,ZHO,Guanyu Zhou,24,#64D064,3.0,1034,112.11,112.11,0,0,-,-,-1.529,0.600,-1.829,23,-1.529,0.600,-1.829,23,-2.129,H,#A5AFB9,4,1.0,0,0,0.203,0,0,0,0,0.0,18
2,2024,2024171,19,8,23,23-8,ZHO,Guanyu Zhou,24,#64D064,4.0,1035,111.671,111.671,0,0,111.89,0.439,-1.552,-0.086,-1.509,3,-1.552,-0.086,-1.509,3,-1.466,H,#A5AFB9,5,1.0,0,0,0.203,0,0,0,0,0.0,18
2,2024,2024171,19,8,23,23-8,ZHO,Guanyu Zhou,24,#64D064,5.0,1036,113.333,111.453,1,0,111.562,1.662,-3.384,-0.020,-3.374,3,-1.504,-0.141,-1.433,3,-3.364,H,#A5AFB9,6,1.0,0,0,0.203,0,0,0,0,0.0,18
2,2024,2024171,19,8,23,23-8,ZHO,Guanyu Zhou,24,#64D064,6.0,1037,111.235,111.235,0,0,111.344,2.098,-1.455,-0.196,-1.357,3,-1.455,-0.196,-1.357,3,-1.259,H,#A5AFB9,7,1.0,0,0,0.203,0,0,0,0,0.0,18
2,2024,2024171,19,8,23,23-8,ZHO,Guanyu Zhou,24,#64D064,7.0,1038,111.105,111.105,0,0,111.17,0.130,-1.481,0.269,-1.615,23,-1.481,0.269,-1.615,23,-1.75,H,#A5AFB9,8,1.0,0,0,0.203,0,0,0,0,0.0,18
2,2024,2024171,19,8,23,23-8,ZHO,Guanyu Zhou,24,#64D064,8.0,1039,111.313,111.313,0,0,111.209,0.208,-1.759,0.002,-1.760,23,-1.759,0.002,-1.760,23,-1.761,H,#A5AFB9,9,1.0,0,0,0.203,0,0,0,0,0.0,18
2,2024,2024171,19,8,23,23-8,ZHO,Guanyu Zhou,24,#64D064,9.0,1040,111.018,111.018,0,0,111.166,0.295,-1.577,0.449,-1.802,23,-1.577,0.449,-1.802,23,-2.026,H,#A5AFB9,10,1.0,0,0,0.203,0,0,0,0,0.0,18
2,2024,2024171,19,8,23,23-8,ZHO,Guanyu Zhou,24,#64D064,10.0,1041,110.765,110.765,0,0,110.892,0.253,-1.058,1.920,-2.018,23,-1.058,1.920,-2.018,23,-2.978,H,#A5AFB9,11,1.0,0,0,0.203,0,0,0,0,1.0,17
2,2024,2024171,19,8,23,23-8,ZHO,Guanyu Zhou,24,#64D064,11.0,1042,111.018,111.018,0,0,110.892,0.253,-1.286,-,-,-,-1.286,-,-,-,,H,#A5AFB9,12,1.0,0,0,0.203,0,0,0,0,1.0,16
2,2024,2024171,19,8,23,23-8,ZHO,Guanyu Zhou,24,#64D064,12.0,1043,110.575,110.575,0,0,110.797,0.443,-1.039,-,-,-,-1.039,-,-,-,,H,#A5AFB9,13,1.0,0,0,0.203,0,0,0,0,0.0,16
2,2024,2024171,19,8,23,23-8,ZHO,Guanyu Zhou,24,#64D064,13.0,1044,110.614,110.614,0,0,110.595,0.039,-0.972,-0.615,-0.664,3,-0.972,-0.615,-0.664,3,-0.357,H,#A5AFB9,14,1.0,0,0,0.203,0,0,0,0,0.0,15
2,2024,2024171,19,8,23,23-8,ZHO,Guanyu Zhou,24,#64D064,14.0,1045,110.635,110.635,0,0,110.625,0.021,-1.022,-0.630,-0.707,3,-1.022,-0.630,-0.707,3,-0.392,H,#A5AFB9,15,1.0,0,0,0.203,0,0,0,0,0.0,15
2,2024,2024171,19,8,23,23-8,ZHO,Guanyu Zhou,24,#64D064,15.0,1046,110.317,110.317,0,0,110.476,0.318,-0.758,-0.609,-0.454,3,-0.758,-0.609,-0.454,3,-0.149,H,#A5AFB9,16,1.0,0,0,0.203,0,0,0,0,0.0,14
2,2024,2024171,19,8,23,23-8,ZHO,Guanyu Zhou,24,#64D064,16.0,1047,110.994,110.417,1,0,110.367,0.677,-1.499,-1.250,-0.874,3,-0.922,-0.673,-0.586,3,-0.249,H,#A5AFB9,17,1.0,0,0,0.203,0,0,0,0,0.0,14
2,2024,2024171,19,8,23,23-8,ZHO,Guanyu Zhou,24,#64D064,17.0,1048,110.518,110.518,0,0,110.468,0.476,-1.071,-0.726,-0.708,3,-1.071,-0.726,-0.708,3,-0.345,H,#A5AFB9,18,1.0,0,0,0.203,0,0,0,0,-1.0,15
2,2024,2024171,19,8,23,23-8,ZHO,Guanyu Zhou,24,#64D064,18.0,1049,111.803,110.507,1,0,110.512,1.285,-2.541,-2.085,-1.498,3,-1.245,-0.789,-0.851,3,-0.456,H,#A5AFB9,19,1.0,0,1,0.203,0,0,0,0,-1.0,16
2,2024,2024171,19,8,23,23-8,ZHO,Guanyu Zhou,24,#64D064,19.0,1050,110.496,110.496,0,0,110.502,1.307,-1.445,-0.585,-1.153,3,-1.445,-0.791,-1.050,3,-0.86,H,#A5AFB9,20,1.0,0,0,0.203,0,0,0,0,0.0,16
2,2024,2024171,19,8,23,23-8,ZHO,Guanyu Zhou,24,#64D064,20.0,1051,110.45,110.45,0,0,110.473,0.046,-1.367,-0.758,-0.988,3,-1.367,-0.758,-0.988,3,-0.609,H,#A5AFB9,21,1.0,0,0,0.203,0,0,0,0,0.0,16
2,2024,2024171,19,8,23,23-8,ZHO,Guanyu Zhou,24,#64D064,21.0,1052,110.483,110.483,0,0,110.466,0.033,-1.37,-0.796,-0.972,3,-1.370,-0.796,-0.972,3,-0.574,H,#A5AFB9,22,1.0,0,0,0.203,0,0,0,0,0.0,16
2,2024,2024171,19,8,23,23-8,ZHO,Guanyu Zhou,24,#64D064,22.0,1053,110.37,110.37,0,0,110.426,0.113,-1.312,-0.643,-0.991,3,-1.312,-0.643,-0.991,3,-0.669,H,#A5AFB9,23,1.0,0,0,0.203,0,0,0,0,0.0,16
2,2024,2024171,19,8,23,23-8,ZHO,Guanyu Zhou,24,#64D064,23.0,1054,110.563,110.563,0,0,110.466,0.193,-1.504,-0.793,-1.107,3,-1.504,-0.793,-1.107,3,-0.711,H,#A5AFB9,24,1.0,0,0,0.203,0,0,0,0,0.0,16
2,2024,2024171,19,8,23,23-8,ZHO,Guanyu Zhou,24,#64D064,24.0,1055,110.276,110.276,0,0,110.42,0.287,-1.442,-0.659,-1.113,3,-1.442,-0.659,-1.113,3,-0.783,H,#A5AFB9,25,1.0,0,0,0.203,0,0,0,0,0.0,16
2,2024,2024171,19,8,23,23-8,ZHO,Guanyu Zhou,24,#64D064,25.0,1056,110.054,110.054,0,0,110.165,0.222,-1.36,-0.591,-1.065,3,-1.360,-0.591,-1.065,3,-0.769,H,#A5AFB9,26,1.0,0,0,0.203,0,0,0,0,0.0,16
2,2024,2024171,19,8,23,23-8,ZHO,Guanyu Zhou,24,#64D064,26.0,1057,110.102,110.102,0,0,110.078,0.048,-1.341,-0.456,-1.113,3,-1.341,-0.643,-1.020,3,-0.885,H,#A5AFB9,27,1.0,0,0,0.203,0,0,0,0,0.0,16
2,2024,2024171,19,8,23,23-8,ZHO,Guanyu Zhou,24,#64D064,27.0,1058,110.036,110.036,0,0,110.069,0.066,-1.427,-0.581,-1.137,3,-1.427,-0.581,-1.137,3,-0.846,H,#A5AFB9,28,1.0,0,0,0.203,0,0,0,0,0.0,16
2,2024,2024171,19,8,23,23-8,ZHO,Guanyu Zhou,24,#64D064,28.0,1059,109.76,109.76,0,0,109.898,0.276,-1.143,-0.301,-0.993,3,-1.143,-0.301,-0.993,3,-0.842,H,#A5AFB9,29,1.0,0,0,0.203,0,0,0,0,0.0,16
2,2024,2024171,19,8,23,23-8,ZHO,Guanyu Zhou,24,#64D064,29.0,1060,109.685,109.685,0,0,109.722,0.075,-1.056,-0.364,-0.874,3,-1.056,-0.364,-0.874,3,-0.692,H,#A5AFB9,30,1.0,0,0,0.203,0,0,0,0,0.0,16
2,2024,2024171,19,8,23,23-8,ZHO,Guanyu Zhou,24,#64D064,30.0,1061,109.741,109.741,0,0,109.713,0.056,-1.116,-0.331,-0.951,3,-1.116,-0.331,-0.951,3,-0.785,H,#A5AFB9,31,1.0,0,0,0.203,0,0,0,0,0.0,16
2,2024,2024171,19,8,23,23-8,ZHO,Guanyu Zhou,24,#64D064,31.0,1062,109.794,109.794,0,0,109.768,0.053,-1.239,-0.388,-1.045,3,-1.239,-0.388,-1.045,3,-0.851,H,#A5AFB9,32,1.0,0,0,0.203,0,0,0,0,0.0,16
2,2024,2024171,19,8,23,23-8,ZHO,Guanyu Zhou,24,#64D064,32.0,1063,109.357,109.357,0,0,109.576,0.437,-0.922,-0.076,-0.884,3,-0.922,-0.076,-0.884,3,-0.846,H,#A5AFB9,33,1.0,0,0,0.203,0,0,0,0,0.0,16
2,2024,2024171,19,8,23,23-8,ZHO,Guanyu Zhou,24,#64D064,33.0,1064,109.199,109.199,0,0,109.278,0.158,-0.878,2.278,-2.017,23,-0.878,0.241,-0.999,23,-3.156,H,#A5AFB9,34,1.0,0,0,0.203,0,0,0,0,0.0,16
2,2024,2024171,19,8,23,23-8,ZHO,Guanyu Zhou,24,#64D064,34.0,1065,-,-,0,1,-,-,-,-,-,-,-,-,-,-,-1.211,H,#A5AFB9,35,1.0,1,0,0.203,0,0,0,0,0.0,17
2,2024,2024171,19,8,23,23-8,ZHO,Guanyu Zhou,24,#64D064,35.0,1066,-,-,0,1,-,-,-,-,-,-,-,-,-,-,-0.823,M,#F0E628,2,2.0,0,0,0.151,0,0,0,0,0.0,19
2,2024,2024171,19,8,23,23-8,ZHO,Guanyu Zhou,24,#64D064,36.0,1067,108.304,108.304,0,0,-,-,0.124,0.734,-0.243,23,0.124,0.734,-0.243,23,-0.61,M,#F0E628,3,2.0,0,0,0.151,0,0,0,0,0.0,19
2,2024,2024171,19,8,23,23-8,ZHO,Guanyu Zhou,24,#64D064,37.0,1068,108.112,108.112,0,0,108.208,0.192,0.341,0.759,-0.038,23,0.341,0.759,-0.038,23,-0.418,M,#F0E628,4,2.0,0,0,0.151,0,0,0,0,0.0,19
2,2024,2024171,19,8,23,23-8,ZHO,Guanyu Zhou,24,#64D064,38.0,1069,108.378,108.056,1,0,108.084,0.266,-0.027,0.458,-0.256,23,0.294,0.779,-0.096,23,-0.485,M,#F0E628,5,2.0,0,0,0.151,0,0,0,0,0.0,19
2,2024,2024171,19,8,23,23-8,ZHO,Guanyu Zhou,24,#64D064,39.0,1070,108.001,108.001,0,0,108.029,0.377,0.082,1.011,-0.423,23,0.082,0.668,-0.252,23,-0.929,M,#F0E628,6,2.0,0,0,0.151,0,0,0,0,0.0,19
2,2024,2024171,19,8,23,23-8,ZHO,Guanyu Zhou,24,#64D064,40.0,1071,108.014,108.014,0,0,108.008,0.013,-0.039,0.487,-0.282,23,-0.039,0.487,-0.282,23,-0.526,M,#F0E628,7,2.0,0,0,0.151,0,0,0,0,0.0,19
2,2024,2024171,19,8,23,23-8,ZHO,Guanyu Zhou,24,#64D064,41.0,1072,108.0,108.0,0,0,108.007,0.014,-0.027,0.418,-0.236,23,-0.027,0.418,-0.236,23,-0.445,M,#F0E628,8,2.0,0,0,0.151,0,0,0,0,0.0,19
2,2024,2024171,19,8,23,23-8,ZHO,Guanyu Zhou,24,#64D064,42.0,1073,108.054,108.054,0,0,108.027,0.054,-0.32,0.688,-0.664,23,-0.320,0.388,-0.514,23,-1.008,M,#F0E628,9,2.0,0,1,0.151,0,0,0,0,0.0,19
2,2024,2024171,19,8,23,23-8,ZHO,Guanyu Zhou,24,#64D064,43.0,1074,107.644,107.644,0,0,107.849,0.410,0.014,0.823,-0.398,23,0.014,0.823,-0.398,23,-0.809,M,#F0E628,10,2.0,0,0,0.151,0,0,0,0,0.0,19
2,2024,2024171,19,8,23,23-8,ZHO,Guanyu Zhou,24,#64D064,44.0,1075,107.907,107.907,0,0,107.776,0.263,-0.278,0.776,-0.666,23,-0.278,0.576,-0.566,23,-1.054,M,#F0E628,11,2.0,0,0,0.151,0,0,0,0,0.0,19
2,2024,2024171,19,8,23,23-8,ZHO,Guanyu Zhou,24,#64D064,45.0,1076,107.934,107.934,0,0,107.92,0.027,-0.316,0.564,-0.598,23,-0.316,0.564,-0.598,23,-0.88,M,#F0E628,12,2.0,0,0,0.151,0,0,0,0,0.0,18
2,2024,2024171,19,8,23,23-8,ZHO,Guanyu Zhou,24,#64D064,46.0,1077,108.647,108.006,1,0,107.97,0.713,-1.017,2.023,-2.029,23,-0.376,0.675,-0.714,23,-3.04,M,#F0E628,13,2.0,0,0,0.151,0,0,0,0,1.0,17
2,2024,2024171,19,8,23,23-8,ZHO,Guanyu Zhou,24,#64D064,47.0,1078,108.077,108.077,0,0,108.041,0.570,-0.397,0.786,-0.790,23,-0.397,0.786,-0.790,23,-1.183,M,#F0E628,14,2.0,0,0,0.151,0,0,0,0,0.0,17
2,2024,2024171,19,8,23,23-8,ZHO,Guanyu Zhou,24,#64D064,48.0,1079,108.505,108.063,1,0,108.07,0.428,-0.162,6.248,-3.286,23,0.280,6.690,-3.065,23,-6.41,M,#F0E628,15,2.0,0,0,0.151,0,0,0,0,1.0,16
2,2024,2024171,19,8,23,23-8,ZHO,Guanyu Zhou,24,#64D064,49.0,1080,108.049,108.049,0,0,108.056,0.456,-0.233,-,-,-,-0.233,-,-,-,,M,#F0E628,16,2.0,0,0,0.151,0,0,0,0,0.0,16
2,2024,2024171,19,8,23,23-8,ZHO,Guanyu Zhou,24,#64D064,50.0,1081,-,-,0,1,-,-,-,-,-,-,-,-,-,-,,M,#F0E628,17,2.0,0,0,0.151,0,0,0,1,0.0,14
2,2024,2024171,19,8,23,23-8,ZHO,Guanyu Zhou,24,#64D064,51.0,1082,-,-,0,1,-,-,-,-,-,-,-,-,-,-,,M,#F0E628,18,2.0,0,0,0.151,0,0,0,0,0.0,14
2,2024,2024181,20,8,3,3-8,BOT,Valtteri Bottas,77,#64D064,1.0,1083,-,-,0,1,-,-,-,-,-,-,-,-,-,-,,H,#A5AFB9,1,1.0,0,0,0.305,0,0,0,0,,19
2,2024,2024181,20,8,3,3-8,BOT,Valtteri Bottas,77,#64D064,2.0,1084,-,-,0,1,-,-,-,-,-,-,-,-,-,-,,H,#A5AFB9,2,1.0,0,0,0.305,0,0,0,0,0.0,19
2,2024,2024181,20,8,3,3-8,BOT,Valtteri Bottas,77,#64D064,3.0,1085,100.651,100.651,0,0,-,-,-1.035,-0.050,-1.060,3,-1.035,-0.050,-1.060,3,-1.085,H,#A5AFB9,3,1.0,0,0,0.305,0,0,0,0,0.0,19
2,2024,2024181,20,8,3,3-8,BOT,Valtteri Bottas,77,#64D064,4.0,1086,100.126,100.126,0,0,100.388,0.525,-0.851,0.171,-0.766,23,-0.851,0.171,-0.766,23,-0.68,H,#A5AFB9,4,1.0,0,0,0.305,0,0,0,0,0.0,19
2,2024,2024181,20,8,3,3-8,BOT,Valtteri Bottas,77,#64D064,5.0,1087,99.848,99.848,0,0,99.987,0.278,-0.836,-0.044,-0.858,3,-0.836,-0.044,-0.858,3,-0.88,H,#A5AFB9,5,1.0,0,0,0.305,0,0,0,0,0.0,19
2,2024,2024181,20,8,3,3-8,BOT,Valtteri Bottas,77,#64D064,6.0,1088,102.474,100.066,1,0,99.957,2.626,-3.44,2.412,-2.234,23,-1.031,0.003,-1.030,23,-1.028,H,#A5AFB9,6,1.0,0,0,0.305,0,0,0,0,-1.0,20
2,2024,2024181,20,8,3,3-8,BOT,Valtteri Bottas,77,#64D064,7.0,1089,100.283,100.283,0,0,100.174,2.191,-1.29,0.451,-1.065,23,-1.290,0.451,-1.065,23,-0.839,H,#A5AFB9,7,1.0,0,0,0.305,0,0,0,0,0.0,20
2,2024,2024181,20,8,3,3-8,BOT,Valtteri Bottas,77,#64D064,8.0,1090,100.319,100.319,0,0,100.301,0.036,-1.48,0.832,-1.064,23,-1.480,0.832,-1.064,23,-0.648,H,#A5AFB9,8,1.0,0,0,0.305,0,0,0,0,0.0,20
2,2024,2024181,20,8,3,3-8,BOT,Valtteri Bottas,77,#64D064,9.0,1091,99.859,99.859,0,0,100.089,0.460,-1.04,0.116,-0.982,23,-1.040,0.116,-0.982,23,-0.924,H,#A5AFB9,9,1.0,0,0,0.305,0,0,0,0,0.0,20
2,2024,2024181,20,8,3,3-8,BOT,Valtteri Bottas,77,#64D064,10.0,1092,99.914,99.914,0,0,99.886,0.055,-1.097,0.554,-0.820,23,-1.097,0.554,-0.820,23,-0.543,H,#A5AFB9,10,1.0,0,0,0.305,0,0,0,0,0.0,20
2,2024,2024181,20,8,3,3-8,BOT,Valtteri Bottas,77,#64D064,11.0,1093,100.009,100.009,0,0,99.962,0.095,-1.254,0.355,-1.077,23,-1.254,0.355,-1.077,23,-0.899,H,#A5AFB9,11,1.0,0,0,0.305,0,0,0,0,0.0,19
2,2024,2024181,20,8,3,3-8,BOT,Valtteri Bottas,77,#64D064,12.0,1094,100.044,100.044,0,0,100.026,0.035,-1.197,0.135,-1.130,23,-1.197,0.135,-1.130,23,-1.062,H,#A5AFB9,12,1.0,0,0,0.305,0,0,0,0,0.0,18
2,2024,2024181,20,8,3,3-8,BOT,Valtteri Bottas,77,#64D064,13.0,1095,100.007,100.007,0,0,100.026,0.037,-1.272,-0.330,-1.437,3,-1.272,-0.330,-1.437,3,-1.602,H,#A5AFB9,13,1.0,0,0,0.305,0,0,0,0,0.0,18
2,2024,2024181,20,8,3,3-8,BOT,Valtteri Bottas,77,#64D064,14.0,1096,99.879,99.879,0,0,99.943,0.128,-1.092,0.059,-1.062,23,-1.092,0.059,-1.062,23,-1.033,H,#A5AFB9,14,1.0,0,0,0.305,0,0,0,0,0.0,17
2,2024,2024181,20,8,3,3-8,BOT,Valtteri Bottas,77,#64D064,15.0,1097,99.404,99.404,0,0,99.642,0.475,-0.746,-0.206,-0.849,3,-0.746,-0.206,-0.849,3,-0.952,H,#A5AFB9,15,1.0,0,0,0.305,0,0,0,0,0.0,17
2,2024,2024181,20,8,3,3-8,BOT,Valtteri Bottas,77,#64D064,16.0,1098,99.706,99.706,0,0,99.555,0.302,-0.94,-0.021,-0.951,3,-0.940,-0.021,-0.951,3,-0.961,H,#A5AFB9,16,1.0,0,0,0.305,0,0,0,0,0.0,17
2,2024,2024181,20,8,3,3-8,BOT,Valtteri Bottas,77,#64D064,17.0,1099,101.626,99.992,1,0,99.849,1.920,-2.769,1.452,-2.043,23,-1.135,0.099,-1.085,23,-1.317,H,#A5AFB9,17,1.0,0,1,0.305,0,0,0,0,-1.0,18
2,2024,2024181,20,8,3,3-8,BOT,Valtteri Bottas,77,#64D064,18.0,1100,100.278,100.278,0,0,100.135,1.348,-1.295,0.219,-1.185,23,-1.295,0.219,-1.185,23,-1.076,H,#A5AFB9,18,1.0,0,0,0.305,0,0,0,0,0.0,18
2,2024,2024181,20,8,3,3-8,BOT,Valtteri Bottas,77,#64D064,19.0,1101,100.18,100.18,0,0,100.229,0.098,-1.124,-1.015,-1.631,3,-1.124,-0.140,-1.194,3,-2.139,H,#A5AFB9,19,1.0,0,0,0.305,0,0,0,0,0.0,18
2,2024,2024181,20,8,3,3-8,BOT,Valtteri Bottas,77,#64D064,20.0,1102,100.404,100.404,0,0,100.292,0.224,-1.252,-0.177,-1.341,3,-1.252,-0.177,-1.341,3,-1.429,H,#A5AFB9,20,1.0,0,0,0.305,0,0,0,0,0.0,18
2,2024,2024181,20,8,3,3-8,BOT,Valtteri Bottas,77,#64D064,21.0,1103,99.985,99.985,0,0,100.194,0.419,-0.767,-0.480,-1.007,3,-0.767,-0.480,-1.007,3,-1.247,H,#A5AFB9,21,1.0,0,0,0.305,0,0,0,0,0.0,18
2,2024,2024181,20,8,3,3-8,BOT,Valtteri Bottas,77,#64D064,22.0,1104,99.661,99.661,0,0,99.823,0.324,-0.535,-0.454,-0.762,3,-0.535,-0.454,-0.762,3,-0.989,H,#A5AFB9,22,1.0,0,0,0.305,0,0,0,0,0.0,18
2,2024,2024181,20,8,3,3-8,BOT,Valtteri Bottas,77,#64D064,23.0,1105,100.115,99.788,1,0,99.725,0.454,-0.949,0.089,-0.904,23,-0.623,-0.237,-0.742,3,-0.86,H,#A5AFB9,23,1.0,0,0,0.305,0,0,0,0,0.0,18
2,2024,2024181,20,8,3,3-8,BOT,Valtteri Bottas,77,#64D064,24.0,1106,99.916,99.916,0,0,99.852,0.199,-0.628,-0.131,-0.694,3,-0.628,-0.131,-0.694,3,-0.759,H,#A5AFB9,24,1.0,0,0,0.305,0,0,0,0,0.0,18
2,2024,2024181,20,8,3,3-8,BOT,Valtteri Bottas,77,#64D064,25.0,1107,100.085,100.085,0,0,100.0,0.169,-0.597,-0.134,-0.664,3,-0.597,-0.134,-0.664,3,-0.731,H,#A5AFB9,25,1.0,0,0,0.305,0,0,0,0,0.0,18
2,2024,2024181,20,8,3,3-8,BOT,Valtteri Bottas,77,#64D064,26.0,1108,100.156,100.156,0,0,100.12,0.071,-0.543,-0.244,-0.665,3,-0.543,-0.244,-0.665,3,-0.787,H,#A5AFB9,26,1.0,0,0,0.305,0,0,0,0,0.0,17
2,2024,2024181,20,8,3,3-8,BOT,Valtteri Bottas,77,#64D064,27.0,1109,100.272,100.272,0,0,100.214,0.116,-0.586,0.083,-0.544,23,-0.586,0.083,-0.544,23,-0.503,H,#A5AFB9,27,1.0,0,0,0.305,0,0,0,0,0.0,17
2,2024,2024181,20,8,3,3-8,BOT,Valtteri Bottas,77,#64D064,28.0,1110,100.242,100.242,0,0,100.257,0.030,-0.715,0.277,-0.577,23,-0.715,0.277,-0.577,23,-0.438,H,#A5AFB9,28,1.0,0,0,0.305,0,0,0,0,0.0,17
2,2024,2024181,20,8,3,3-8,BOT,Valtteri Bottas,77,#64D064,29.0,1111,102.061,100.588,1,0,100.415,1.819,-2.747,0.967,-2.264,23,-1.274,0.177,-1.185,23,-1.78,H,#A5AFB9,29,1.0,0,0,0.305,0,0,0,0,-1.0,17
2,2024,2024181,20,8,3,3-8,BOT,Valtteri Bottas,77,#64D064,30.0,1112,100.933,100.933,0,0,100.76,1.128,-1.677,0.076,-1.639,23,-1.677,0.076,-1.639,23,-1.601,H,#A5AFB9,30,1.0,0,0,0.305,0,0,0,0,0.0,16
2,2024,2024181,20,8,3,3-8,BOT,Valtteri Bottas,77,#64D064,31.0,1113,100.974,100.974,0,0,100.954,0.041,-1.881,-1.316,-2.539,3,-1.881,-0.059,-1.911,3,-3.197,H,#A5AFB9,31,1.0,0,0,0.305,0,0,0,0,0.0,16
2,2024,2024181,20,8,3,3-8,BOT,Valtteri Bottas,77,#64D064,32.0,1114,100.831,100.831,0,0,100.902,0.143,-2.142,-0.379,-2.332,3,-2.142,-0.379,-2.332,3,-2.521,H,#A5AFB9,32,1.0,0,0,0.305,0,0,0,0,0.0,16
2,2024,2024181,20,8,3,3-8,BOT,Valtteri Bottas,77,#64D064,33.0,1115,-,-,0,1,-,-,-,-,-,-,-,-,-,-,-2.785,H,#A5AFB9,33,1.0,1,0,0.305,0,0,0,0,0.0,18
2,2024,2024181,20,8,3,3-8,BOT,Valtteri Bottas,77,#64D064,34.0,1116,-,-,0,1,-,-,-,-,-,-,-,-,-,-,,M,#F0E628,1,2.0,0,0,0.255,0,0,0,0,0.0,19
2,2024,2024181,20,8,3,3-8,BOT,Valtteri Bottas,77,#64D064,35.0,1117,99.292,99.292,0,0,-,-,-0.941,-,-,-,-0.941,-,-,-,,M,#F0E628,2,2.0,0,0,0.255,0,0,0,0,0.0,19
2,2024,2024181,20,8,3,3-8,BOT,Valtteri Bottas,77,#64D064,36.0,1118,99.076,99.076,0,0,99.184,0.216,-0.614,0.714,-0.257,23,-0.614,0.714,-0.257,23,0.1,M,#F0E628,3,2.0,0,0,0.255,0,0,0,0,0.0,19
2,2024,2024181,20,8,3,3-8,BOT,Valtteri Bottas,77,#64D064,37.0,1119,98.311,98.311,0,0,98.694,0.765,-0.204,-0.018,-0.213,3,-0.204,-0.018,-0.213,3,-0.222,M,#F0E628,4,2.0,0,0,0.255,0,0,0,0,0.0,19
2,2024,2024181,20,8,3,3-8,BOT,Valtteri Bottas,77,#64D064,38.0,1120,98.364,98.364,0,0,98.338,0.053,-0.459,0.388,-0.265,23,-0.459,0.388,-0.265,23,-0.071,M,#F0E628,5,2.0,0,0,0.255,0,0,0,0,0.0,18
2,2024,2024181,20,8,3,3-8,BOT,Valtteri Bottas,77,#64D064,39.0,1121,98.287,98.287,0,0,98.326,0.077,-0.472,-0.027,-0.485,3,-0.472,-0.027,-0.485,3,-0.499,M,#F0E628,6,2.0,0,0,0.255,0,0,0,0,0.0,18
2,2024,2024181,20,8,3,3-8,BOT,Valtteri Bottas,77,#64D064,40.0,1122,98.107,98.107,0,0,98.197,0.180,-0.315,-0.466,-0.548,3,-0.315,-0.466,-0.548,3,-0.781,M,#F0E628,7,2.0,0,0,0.255,0,0,0,0,0.0,18
2,2024,2024181,20,8,3,3-8,BOT,Valtteri Bottas,77,#64D064,41.0,1123,100.019,98.047,1,0,98.077,1.912,-2.233,0.403,-2.032,23,-0.260,-0.601,-0.560,3,-1.83,M,#F0E628,8,2.0,0,0,0.255,0,0,0,0,0.0,18
2,2024,2024181,20,8,3,3-8,BOT,Valtteri Bottas,77,#64D064,42.0,1124,97.986,97.986,0,0,98.016,2.033,-0.198,-0.735,-0.566,3,-0.198,-0.735,-0.566,3,-0.933,M,#F0E628,9,2.0,0,0,0.255,0,0,0,0,0.0,18
2,2024,2024181,20,8,3,3-8,BOT,Valtteri Bottas,77,#64D064,43.0,1125,97.988,97.988,0,0,97.987,0.002,-0.363,0.028,-0.349,23,-0.363,0.028,-0.349,23,-0.335,M,#F0E628,10,2.0,0,0,0.255,0,0,0,0,0.0,18
2,2024,2024181,20,8,3,3-8,BOT,Valtteri Bottas,77,#64D064,44.0,1126,97.755,97.755,0,0,97.872,0.233,-0.161,0.155,-0.084,23,-0.161,0.155,-0.084,23,-0.006,M,#F0E628,11,2.0,0,0,0.255,0,0,0,0,0.0,18
2,2024,2024181,20,8,3,3-8,BOT,Valtteri Bottas,77,#64D064,45.0,1127,97.897,97.897,0,0,97.826,0.142,0.046,0.066,0.079,23,0.046,0.066,0.079,23,0.112,M,#F0E628,12,2.0,0,0,0.255,0,0,0,0,0.0,18
2,2024,2024181,20,8,3,3-8,BOT,Valtteri Bottas,77,#64D064,46.0,1128,97.524,97.524,0,0,97.71,0.373,0.002,-0.340,-0.168,3,0.002,-0.340,-0.168,3,-0.338,M,#F0E628,13,2.0,0,0,0.255,0,0,0,0,0.0,18
2,2024,2024181,20,8,3,3-8,BOT,Valtteri Bottas,77,#64D064,47.0,1129,98.235,98.235,0,0,97.88,0.711,-0.811,0.774,-0.424,23,-0.811,0.774,-0.424,23,-0.037,M,#F0E628,14,2.0,0,0,0.255,0,0,0,0,0.0,17
2,2024,2024181,20,8,3,3-8,BOT,Valtteri Bottas,77,#64D064,48.0,1130,98.5,98.5,0,0,98.368,0.265,-1.037,-0.180,-1.127,3,-1.037,-0.180,-1.127,3,-1.217,M,#F0E628,15,2.0,0,1,0.255,0,0,0,0,0.0,17
2,2024,2024181,20,8,3,3-8,BOT,Valtteri Bottas,77,#64D064,49.0,1131,98.523,98.523,0,0,98.512,0.023,-0.897,-0.599,-1.196,3,-0.897,-0.599,-1.196,3,-1.496,M,#F0E628,16,2.0,0,0,0.255,0,0,0,0,0.0,16
2,2024,2024181,20,8,3,3-8,BOT,Valtteri Bottas,77,#64D064,50.0,1132,98.642,98.642,0,0,98.582,0.119,-0.875,0.043,-0.853,23,-0.875,0.043,-0.853,23,-0.832,M,#F0E628,17,2.0,0,0,0.255,0,0,0,0,0.0,16
2,2024,2024181,20,8,3,3-8,BOT,Valtteri Bottas,77,#64D064,51.0,1133,98.274,98.274,0,0,98.458,0.368,-0.636,0.258,-0.507,23,-0.636,0.258,-0.507,23,-0.378,M,#F0E628,18,2.0,0,0,0.255,0,0,0,0,0.0,16
2,2024,2024181,20,8,3,3-8,BOT,Valtteri Bottas,77,#64D064,52.0,1134,98.148,98.148,0,0,98.211,0.126,-0.473,-0.151,-0.548,3,-0.473,-0.151,-0.548,3,-0.624,M,#F0E628,19,2.0,0,0,0.255,0,0,0,0,0.0,16
2,2024,2024181,20,8,3,3-8,BOT,Valtteri Bottas,77,#64D064,53.0,1135,99.736,98.244,1,0,98.196,1.588,-1.992,0.029,-1.978,23,-0.500,-0.014,-0.507,3,-1.963,M,#F0E628,20,2.0,0,0,0.255,0,0,0,0,0.0,16
2,2024,2024181,20,8,3,3-8,BOT,Valtteri Bottas,77,#64D064,54.0,1136,98.34,98.34,0,0,98.292,1.396,-0.624,0.122,-0.563,23,-0.624,0.122,-0.563,23,-0.502,M,#F0E628,21,2.0,0,0,0.255,0,0,0,0,0.0,16
2,2024,2024181,20,8,3,3-8,BOT,Valtteri Bottas,77,#64D064,55.0,1137,98.195,98.195,0,0,98.268,0.145,-0.415,0.028,-0.401,23,-0.415,0.028,-0.401,23,-0.387,M,#F0E628,22,2.0,0,0,0.255,0,0,0,0,0.0,16
2,2024,2024181,20,8,3,3-8,BOT,Valtteri Bottas,77,#64D064,56.0,1138,98.163,98.163,0,0,98.179,0.032,-0.355,-0.146,-0.428,3,-0.355,-0.146,-0.428,3,-0.501,M,#F0E628,23,2.0,0,0,0.255,0,0,0,0,0.0,16
2,2024,2024181,20,8,3,3-8,BOT,Valtteri Bottas,77,#64D064,57.0,1139,97.941,97.941,0,0,98.052,0.222,-0.227,0.066,-0.194,23,-0.227,0.066,-0.194,23,-0.161,M,#F0E628,24,2.0,0,0,0.255,0,0,0,0,0.0,16
2,2024,2024181,20,8,3,3-8,BOT,Valtteri Bottas,77,#64D064,58.0,1140,97.859,97.859,0,0,97.9,0.082,-0.095,0.101,-0.044,23,-0.095,0.101,-0.044,23,0.006,M,#F0E628,25,2.0,0,0,0.255,0,0,0,0,0.0,16
2,2024,2024181,20,8,3,3-8,BOT,Valtteri Bottas,77,#64D064,59.0,1141,98.364,98.364,0,0,98.112,0.505,-0.463,0.605,-0.161,23,-0.463,0.605,-0.161,23,0.142,M,#F0E628,26,2.0,0,0,0.255,0,0,0,0,0.0,16
2,2024,2024181,20,8,3,3-8,BOT,Valtteri Bottas,77,#64D064,60.0,1142,99.121,98.568,1,0,98.466,0.757,-1.233,-0.709,-1.587,3,-0.679,0.200,-0.579,23,-1.942,M,#F0E628,27,2.0,0,0,0.255,0,0,0,0,0.0,16
2,2024,2024181,20,8,3,3-8,BOT,Valtteri Bottas,77,#64D064,61.0,1143,98.771,98.771,0,0,98.669,0.350,-0.05,-0.204,-0.152,3,-0.050,-0.204,-0.152,3,-0.254,M,#F0E628,28,2.0,0,0,0.255,0,0,0,0,0.0,16
2,2024,2024181,20,8,23,23-8,ZHO,Guanyu Zhou,24,#64D064,1.0,1083,-,-,0,1,-,-,-,-,-,-,-,-,-,-,,H,#A5AFB9,1,1.0,0,0,0.231,0,0,0,0,,20
2,2024,2024181,20,8,23,23-8,ZHO,Guanyu Zhou,24,#64D064,2.0,1084,-,-,0,1,-,-,-,-,-,-,-,-,-,-,,H,#A5AFB9,2,1.0,0,0,0.231,0,0,0,0,0.0,20
2,2024,2024181,20,8,23,23-8,ZHO,Guanyu Zhou,24,#64D064,3.0,1085,100.701,100.701,0,0,-,-,-1.085,-0.050,-1.060,3,-1.085,-0.050,-1.060,3,-1.035,H,#A5AFB9,3,1.0,0,0,0.231,0,0,0,0,0.0,20
2,2024,2024181,20,8,23,23-8,ZHO,Guanyu Zhou,24,#64D064,4.0,1086,99.955,99.955,0,0,100.328,0.746,-0.68,0.171,-0.766,23,-0.680,0.171,-0.766,23,-0.851,H,#A5AFB9,4,1.0,0,0,0.231,0,0,0,0,0.0,20
2,2024,2024181,20,8,23,23-8,ZHO,Guanyu Zhou,24,#64D064,5.0,1087,99.892,99.892,0,0,99.923,0.063,-0.88,-0.044,-0.858,3,-0.880,-0.044,-0.858,3,-0.836,H,#A5AFB9,5,1.0,0,0,0.231,0,0,0,0,0.0,20
2,2024,2024181,20,8,23,23-8,ZHO,Guanyu Zhou,24,#64D064,6.0,1088,100.062,100.062,0,0,99.977,0.170,-1.028,2.412,-2.234,23,-1.028,0.003,-1.030,23,-3.44,H,#A5AFB9,6,1.0,0,0,0.231,0,0,0,0,1.0,19
2,2024,2024181,20,8,23,23-8,ZHO,Guanyu Zhou,24,#64D064,7.0,1089,99.832,99.832,0,0,99.947,0.230,-0.839,0.451,-1.065,23,-0.839,0.451,-1.065,23,-1.29,H,#A5AFB9,7,1.0,0,0,0.231,0,0,0,0,0.0,19
2,2024,2024181,20,8,23,23-8,ZHO,Guanyu Zhou,24,#64D064,8.0,1090,99.487,99.487,0,0,99.66,0.345,-0.648,0.832,-1.064,23,-0.648,0.832,-1.064,23,-1.48,H,#A5AFB9,8,1.0,0,0,0.231,0,0,0,0,0.0,19
2,2024,2024181,20,8,23,23-8,ZHO,Guanyu Zhou,24,#64D064,9.0,1091,99.743,99.743,0,0,99.615,0.256,-0.924,0.116,-0.982,23,-0.924,0.116,-0.982,23,-1.04,H,#A5AFB9,9,1.0,0,0,0.231,0,0,0,0,0.0,19
2,2024,2024181,20,8,23,23-8,ZHO,Guanyu Zhou,24,#64D064,10.0,1092,99.36,99.36,0,0,99.552,0.383,-0.543,0.554,-0.820,23,-0.543,0.554,-0.820,23,-1.097,H,#A5AFB9,10,1.0,0,0,0.231,0,0,0,0,0.0,18
2,2024,2024181,20,8,23,23-8,ZHO,Guanyu Zhou,24,#64D064,11.0,1093,99.654,99.654,0,0,99.507,0.294,-0.899,0.355,-1.077,23,-0.899,0.355,-1.077,23,-1.254,H,#A5AFB9,11,1.0,0,0,0.231,0,0,0,0,0.0,18
2,2024,2024181,20,8,23,23-8,ZHO,Guanyu Zhou,24,#64D064,12.0,1094,99.909,99.909,0,0,99.782,0.255,-1.062,0.135,-1.130,23,-1.062,0.135,-1.130,23,-1.197,H,#A5AFB9,12,1.0,0,0,0.231,0,0,0,0,0.0,17
2,2024,2024181,20,8,23,23-8,ZHO,Guanyu Zhou,24,#64D064,13.0,1095,100.337,100.337,0,0,100.123,0.428,-1.602,-0.330,-1.437,3,-1.602,-0.330,-1.437,3,-1.272,H,#A5AFB9,13,1.0,0,0,0.231,0,0,0,0,0.0,17
2,2024,2024181,20,8,23,23-8,ZHO,Guanyu Zhou,24,#64D064,14.0,1096,99.82,99.82,0,0,100.078,0.517,-1.033,0.059,-1.062,23,-1.033,0.059,-1.062,23,-1.092,H,#A5AFB9,14,1.0,0,0,0.231,0,0,0,0,0.0,16
2,2024,2024181,20,8,23,23-8,ZHO,Guanyu Zhou,24,#64D064,15.0,1097,99.61,99.61,0,0,99.715,0.210,-0.952,-0.206,-0.849,3,-0.952,-0.206,-0.849,3,-0.746,H,#A5AFB9,15,1.0,0,0,0.231,0,0,0,0,0.0,16
2,2024,2024181,20,8,23,23-8,ZHO,Guanyu Zhou,24,#64D064,16.0,1098,99.727,99.727,0,0,99.668,0.117,-0.961,-0.021,-0.951,3,-0.961,-0.021,-0.951,3,-0.94,H,#A5AFB9,16,1.0,0,0,0.231,0,0,0,0,0.0,16
2,2024,2024181,20,8,23,23-8,ZHO,Guanyu Zhou,24,#64D064,17.0,1099,100.174,99.893,1,0,99.81,0.447,-1.317,1.452,-2.043,23,-1.036,0.099,-1.085,23,-2.769,H,#A5AFB9,17,1.0,0,0,0.231,0,0,0,0,0.0,16
2,2024,2024181,20,8,23,23-8,ZHO,Guanyu Zhou,24,#64D064,18.0,1100,100.059,100.059,0,0,99.976,0.115,-1.076,0.219,-1.185,23,-1.076,0.219,-1.185,23,-1.295,H,#A5AFB9,18,1.0,0,1,0.231,0,0,0,0,0.0,16
2,2024,2024181,20,8,23,23-8,ZHO,Guanyu Zhou,24,#64D064,19.0,1101,101.195,100.32,1,0,100.19,1.136,-2.139,-1.015,-1.631,3,-1.264,-0.140,-1.194,3,-1.124,H,#A5AFB9,19,1.0,0,0,0.231,0,0,0,0,-1.0,17
2,2024,2024181,20,8,23,23-8,ZHO,Guanyu Zhou,24,#64D064,20.0,1102,100.581,100.581,0,0,100.45,0.614,-1.429,-0.177,-1.341,3,-1.429,-0.177,-1.341,3,-1.252,H,#A5AFB9,20,1.0,0,0,0.231,0,0,0,0,0.0,17
2,2024,2024181,20,8,23,23-8,ZHO,Guanyu Zhou,24,#64D064,21.0,1103,100.465,100.465,0,0,100.523,0.116,-1.247,-0.480,-1.007,3,-1.247,-0.480,-1.007,3,-0.767,H,#A5AFB9,21,1.0,0,0,0.231,0,0,0,0,0.0,17
2,2024,2024181,20,8,23,23-8,ZHO,Guanyu Zhou,24,#64D064,22.0,1104,100.115,100.115,0,0,100.29,0.350,-0.989,-0.454,-0.762,3,-0.989,-0.454,-0.762,3,-0.535,H,#A5AFB9,22,1.0,0,0,0.231,0,0,0,0,0.0,17
2,2024,2024181,20,8,23,23-8,ZHO,Guanyu Zhou,24,#64D064,23.0,1105,100.026,100.026,0,0,100.07,0.089,-0.86,0.089,-0.904,23,-0.860,-0.237,-0.742,3,-0.949,H,#A5AFB9,23,1.0,0,0,0.231,0,0,0,0,0.0,17
2,2024,2024181,20,8,23,23-8,ZHO,Guanyu Zhou,24,#64D064,24.0,1106,100.047,100.047,0,0,100.036,0.021,-0.759,-0.131,-0.694,3,-0.759,-0.131,-0.694,3,-0.628,H,#A5AFB9,24,1.0,0,0,0.231,0,0,0,0,0.0,17
2,2024,2024181,20,8,23,23-8,ZHO,Guanyu Zhou,24,#64D064,25.0,1107,100.219,100.219,0,0,100.133,0.172,-0.731,-0.134,-0.664,3,-0.731,-0.134,-0.664,3,-0.597,H,#A5AFB9,25,1.0,0,0,0.231,0,0,0,0,0.0,17
2,2024,2024181,20,8,23,23-8,ZHO,Guanyu Zhou,24,#64D064,26.0,1108,100.4,100.4,0,0,100.31,0.181,-0.787,-0.244,-0.665,3,-0.787,-0.244,-0.665,3,-0.543,H,#A5AFB9,26,1.0,0,0,0.231,0,0,0,0,0.0,16
2,2024,2024181,20,8,23,23-8,ZHO,Guanyu Zhou,24,#64D064,27.0,1109,100.189,100.189,0,0,100.294,0.211,-0.503,0.083,-0.544,23,-0.503,0.083,-0.544,23,-0.586,H,#A5AFB9,27,1.0,0,0,0.231,0,0,0,0,0.0,16
2,2024,2024181,20,8,23,23-8,ZHO,Guanyu Zhou,24,#64D064,28.0,1110,99.965,99.965,0,0,100.077,0.224,-0.438,0.277,-0.577,23,-0.438,0.277,-0.577,23,-0.715,H,#A5AFB9,28,1.0,0,0,0.231,0,0,0,0,0.0,15
2,2024,2024181,20,8,23,23-8,ZHO,Guanyu Zhou,24,#64D064,29.0,1111,101.094,100.411,1,0,100.188,1.129,-1.78,0.967,-2.264,23,-1.097,0.177,-1.185,23,-2.747,H,#A5AFB9,29,1.0,0,0,0.231,0,0,0,0,0.0,15
2,2024,2024181,20,8,23,23-8,ZHO,Guanyu Zhou,24,#64D064,30.0,1112,100.857,100.857,0,0,100.634,0.237,-1.601,0.076,-1.639,23,-1.601,0.076,-1.639,23,-1.677,H,#A5AFB9,30,1.0,0,0,0.231,0,0,0,0,0.0,14
2,2024,2024181,20,8,23,23-8,ZHO,Guanyu Zhou,24,#64D064,31.0,1113,102.29,101.034,1,0,100.945,1.433,-3.197,-1.316,-2.539,3,-1.940,-0.059,-1.911,3,-1.881,H,#A5AFB9,31,1.0,0,0,0.231,0,0,0,0,-1.0,15
2,2024,2024181,20,8,23,23-8,ZHO,Guanyu Zhou,24,#64D064,32.0,1114,101.21,101.21,0,0,101.122,1.080,-2.521,-0.379,-2.332,3,-2.521,-0.379,-2.332,3,-2.142,H,#A5AFB9,32,1.0,0,0,0.231,0,0,0,0,0.0,15
2,2024,2024181,20,8,23,23-8,ZHO,Guanyu Zhou,24,#64D064,33.0,1115,101.039,101.039,0,0,101.124,0.171,-2.785,-,-,-,-2.785,-,-,-,,H,#A5AFB9,33,1.0,0,0,0.231,0,0,0,0,0.0,15
2,2024,2024181,20,8,23,23-8,ZHO,Guanyu Zhou,24,#64D064,34.0,1116,-,-,0,1,-,-,-,-,-,-,-,-,-,-,,H,#A5AFB9,34,1.0,1,0,0.231,0,0,0,0,0.0,17
2,2024,2024181,20,8,23,23-8,ZHO,Guanyu Zhou,24,#64D064,35.0,1117,-,-,0,1,-,-,-,-,-,-,-,-,-,-,-0.941,M,#F0E628,1,2.0,0,0,0.314,0,0,0,0,0.0,18
2,2024,2024181,20,8,23,23-8,ZHO,Guanyu Zhou,24,#64D064,36.0,1118,98.362,98.362,0,0,-,-,0.1,0.714,-0.257,23,0.100,0.714,-0.257,23,-0.614,M,#F0E628,2,2.0,0,0,0.314,0,0,0,0,0.0,18
2,2024,2024181,20,8,23,23-8,ZHO,Guanyu Zhou,24,#64D064,37.0,1119,98.329,98.329,0,0,98.345,0.033,-0.222,-0.018,-0.213,3,-0.222,-0.018,-0.213,3,-0.204,M,#F0E628,3,2.0,0,0,0.314,0,0,0,0,0.0,18
2,2024,2024181,20,8,23,23-8,ZHO,Guanyu Zhou,24,#64D064,38.0,1120,97.976,97.976,0,0,98.152,0.353,-0.071,0.388,-0.265,23,-0.071,0.388,-0.265,23,-0.459,M,#F0E628,4,2.0,0,0,0.314,0,0,0,0,0.0,17
2,2024,2024181,20,8,23,23-8,ZHO,Guanyu Zhou,24,#64D064,39.0,1121,98.314,98.314,0,0,98.145,0.338,-0.499,-0.027,-0.485,3,-0.499,-0.027,-0.485,3,-0.472,M,#F0E628,5,2.0,0,0,0.314,0,0,0,0,0.0,17
2,2024,2024181,20,8,23,23-8,ZHO,Guanyu Zhou,24,#64D064,40.0,1122,98.573,98.573,0,0,98.444,0.259,-0.781,-0.466,-0.548,3,-0.781,-0.466,-0.548,3,-0.315,M,#F0E628,6,2.0,0,0,0.314,0,0,0,0,0.0,17
2,2024,2024181,20,8,23,23-8,ZHO,Guanyu Zhou,24,#64D064,41.0,1123,99.616,98.647,1,0,98.61,1.043,-1.83,0.403,-2.032,23,-0.861,-0.601,-0.560,3,-2.233,M,#F0E628,7,2.0,0,0,0.314,0,0,0,0,0.0,17
2,2024,2024181,20,8,23,23-8,ZHO,Guanyu Zhou,24,#64D064,42.0,1124,98.721,98.721,0,0,98.684,0.895,-0.933,-0.735,-0.566,3,-0.933,-0.735,-0.566,3,-0.198,M,#F0E628,8,2.0,0,0,0.314,0,0,0,0,0.0,17
2,2024,2024181,20,8,23,23-8,ZHO,Guanyu Zhou,24,#64D064,43.0,1125,97.96,97.96,0,0,98.34,0.761,-0.335,0.028,-0.349,23,-0.335,0.028,-0.349,23,-0.363,M,#F0E628,9,2.0,0,0,0.314,0,0,0,0,0.0,17
2,2024,2024181,20,8,23,23-8,ZHO,Guanyu Zhou,24,#64D064,44.0,1126,97.6,97.6,0,0,97.78,0.360,-0.006,0.155,-0.084,23,-0.006,0.155,-0.084,23,-0.161,M,#F0E628,10,2.0,0,0,0.314,0,0,0,0,0.0,17
2,2024,2024181,20,8,23,23-8,ZHO,Guanyu Zhou,24,#64D064,45.0,1127,97.831,97.831,0,0,97.715,0.231,0.112,0.066,0.079,23,0.112,0.066,0.079,23,0.046,M,#F0E628,11,2.0,0,0,0.314,0,0,0,0,0.0,17
2,2024,2024181,20,8,23,23-8,ZHO,Guanyu Zhou,24,#64D064,46.0,1128,97.864,97.864,0,0,97.848,0.033,-0.338,-0.340,-0.168,3,-0.338,-0.340,-0.168,3,0.002,M,#F0E628,12,2.0,0,0,0.314,0,0,0,0,0.0,17
2,2024,2024181,20,8,23,23-8,ZHO,Guanyu Zhou,24,#64D064,47.0,1129,97.461,97.461,0,0,97.662,0.403,-0.037,0.774,-0.424,23,-0.037,0.774,-0.424,23,-0.811,M,#F0E628,13,2.0,0,0,0.314,0,0,0,0,0.0,16
2,2024,2024181,20,8,23,23-8,ZHO,Guanyu Zhou,24,#64D064,48.0,1130,98.68,98.68,0,0,98.071,1.219,-1.217,-0.180,-1.127,3,-1.217,-0.180,-1.127,3,-1.037,M,#F0E628,14,2.0,0,1,0.314,0,0,0,0,0.0,16
2,2024,2024181,20,8,23,23-8,ZHO,Guanyu Zhou,24,#64D064,49.0,1131,99.122,99.122,0,0,98.901,0.442,-1.496,-0.599,-1.196,3,-1.496,-0.599,-1.196,3,-0.897,M,#F0E628,15,2.0,0,0,0.314,0,0,0,0,0.0,15
2,2024,2024181,20,8,23,23-8,ZHO,Guanyu Zhou,24,#64D064,50.0,1132,98.599,98.599,0,0,98.86,0.523,-0.832,0.043,-0.853,23,-0.832,0.043,-0.853,23,-0.875,M,#F0E628,16,2.0,0,0,0.314,0,0,0,0,0.0,15
2,2024,2024181,20,8,23,23-8,ZHO,Guanyu Zhou,24,#64D064,51.0,1133,98.016,98.016,0,0,98.308,0.583,-0.378,0.258,-0.507,23,-0.378,0.258,-0.507,23,-0.636,M,#F0E628,17,2.0,0,0,0.314,0,0,0,0,0.0,15
2,2024,2024181,20,8,23,23-8,ZHO,Guanyu Zhou,24,#64D064,52.0,1134,98.299,98.299,0,0,98.158,0.283,-0.624,-0.151,-0.548,3,-0.624,-0.151,-0.548,3,-0.473,M,#F0E628,18,2.0,0,0,0.314,0,0,0,0,0.0,15
2,2024,2024181,20,8,23,23-8,ZHO,Guanyu Zhou,24,#64D064,53.0,1135,99.707,98.258,1,0,98.279,1.408,-1.963,0.029,-1.978,23,-0.514,-0.014,-0.507,3,-1.992,M,#F0E628,19,2.0,0,0,0.314,0,0,0,0,0.0,15
2,2024,2024181,20,8,23,23-8,ZHO,Guanyu Zhou,24,#64D064,54.0,1136,98.218,98.218,0,0,98.238,1.489,-0.502,0.122,-0.563,23,-0.502,0.122,-0.563,23,-0.624,M,#F0E628,20,2.0,0,0,0.314,0,0,0,0,0.0,15
2,2024,2024181,20,8,23,23-8,ZHO,Guanyu Zhou,24,#64D064,55.0,1137,98.167,98.167,0,0,98.192,0.051,-0.387,0.028,-0.401,23,-0.387,0.028,-0.401,23,-0.415,M,#F0E628,21,2.0,0,0,0.314,0,0,0,0,0.0,15
2,2024,2024181,20,8,23,23-8,ZHO,Guanyu Zhou,24,#64D064,56.0,1138,98.309,98.309,0,0,98.238,0.142,-0.501,-0.146,-0.428,3,-0.501,-0.146,-0.428,3,-0.355,M,#F0E628,22,2.0,0,0,0.314,0,0,0,0,0.0,15
2,2024,2024181,20,8,23,23-8,ZHO,Guanyu Zhou,24,#64D064,57.0,1139,97.875,97.875,0,0,98.092,0.434,-0.161,0.066,-0.194,23,-0.161,0.066,-0.194,23,-0.227,M,#F0E628,23,2.0,0,0,0.314,0,0,0,0,0.0,15
2,2024,2024181,20,8,23,23-8,ZHO,Guanyu Zhou,24,#64D064,58.0,1140,97.758,97.758,0,0,97.816,0.117,0.006,0.101,-0.044,23,0.006,0.101,-0.044,23,-0.095,M,#F0E628,24,2.0,0,0,0.314,0,0,0,0,0.0,15
2,2024,2024181,20,8,23,23-8,ZHO,Guanyu Zhou,24,#64D064,59.0,1141,97.759,97.759,0,0,97.758,0.001,0.142,0.605,-0.161,23,0.142,0.605,-0.161,23,-0.463,M,#F0E628,25,2.0,0,0,0.314,0,0,0,0,0.0,15
2,2024,2024181,20,8,23,23-8,ZHO,Guanyu Zhou,24,#64D064,60.0,1142,99.83,98.367,1,0,98.063,2.071,-1.942,-0.709,-1.587,3,-0.479,0.200,-0.579,23,-1.233,M,#F0E628,26,2.0,0,0,0.314,0,0,0,0,0.0,15
2,2024,2024181,20,8,23,23-8,ZHO,Guanyu Zhou,24,#64D064,61.0,1143,98.975,98.975,0,0,98.671,0.855,-0.254,-0.204,-0.152,3,-0.254,-0.204,-0.152,3,-0.05,M,#F0E628,27,2.0,0,0,0.314,0,0,0,0,0.0,15
2,2024,2024190,21,8,3,3-8,BOT,Valtteri Bottas,77,#64D064,1.0,1145,-,-,0,1,-,-,-,-,-,-,-,-,-,-,,M,#F0E628,7,1.0,0,0,0.324,0,0,0,0,,18
2,2024,2024190,21,8,3,3-8,BOT,Valtteri Bottas,77,#64D064,2.0,1146,-,-,0,1,-,-,-,-,-,-,-,-,-,-,,M,#F0E628,8,1.0,0,0,0.324,0,0,0,0,0.0,18
2,2024,2024190,21,8,3,3-8,BOT,Valtteri Bottas,77,#64D064,3.0,1147,101.282,101.282,0,0,-,-,-1.475,-0.037,-1.494,3,-1.475,-0.037,-1.494,3,-1.512,M,#F0E628,9,1.0,0,0,0.324,0,0,0,0,0.0,18
2,2024,2024190,21,8,3,3-8,BOT,Valtteri Bottas,77,#64D064,4.0,1148,100.828,100.828,0,0,101.055,0.454,-1.273,0.115,-1.216,23,-1.273,0.115,-1.216,23,-1.158,M,#F0E628,10,1.0,0,0,0.324,0,0,0,0,0.0,18
2,2024,2024190,21,8,3,3-8,BOT,Valtteri Bottas,77,#64D064,5.0,1149,100.041,100.041,0,0,100.434,0.787,-0.634,-0.261,-0.764,3,-0.634,-0.261,-0.764,3,-0.895,M,#F0E628,11,1.0,0,0,0.324,0,0,0,0,0.0,18
2,2024,2024190,21,8,3,3-8,BOT,Valtteri Bottas,77,#64D064,6.0,1150,100.924,100.258,1,0,100.15,0.883,-1.56,-0.808,-1.964,3,-0.894,-0.121,-0.955,3,-2.368,M,#F0E628,12,1.0,0,0,0.324,0,0,0,0,0.0,18
2,2024,2024190,21,8,3,3-8,BOT,Valtteri Bottas,77,#64D064,7.0,1151,100.476,100.476,0,0,100.367,0.448,-1.166,0.020,-1.156,23,-1.166,0.020,-1.156,23,-1.146,M,#F0E628,13,1.0,0,0,0.324,0,0,0,0,0.0,18
2,2024,2024190,21,8,3,3-8,BOT,Valtteri Bottas,77,#64D064,8.0,1152,100.617,100.617,0,0,100.547,0.141,-1.167,-0.049,-1.192,3,-1.167,-0.049,-1.192,3,-1.216,M,#F0E628,14,1.0,0,0,0.324,0,0,0,0,0.0,18
2,2024,2024190,21,8,3,3-8,BOT,Valtteri Bottas,77,#64D064,9.0,1153,101.56,100.4,1,0,100.508,0.943,-2.006,0.469,-1.772,23,-0.846,-0.691,-1.192,3,-1.537,M,#F0E628,15,1.0,0,0,0.324,0,0,0,0,-1.0,19
2,2024,2024190,21,8,3,3-8,BOT,Valtteri Bottas,77,#64D064,10.0,1154,100.183,100.183,0,0,100.292,1.377,-0.659,-0.334,-0.826,3,-0.659,-0.334,-0.826,3,-0.993,M,#F0E628,16,1.0,0,0,0.324,0,0,0,0,0.0,19
2,2024,2024190,21,8,3,3-8,BOT,Valtteri Bottas,77,#64D064,11.0,1155,100.477,100.477,0,0,100.33,0.294,-1.056,0.234,-0.939,23,-1.056,0.234,-0.939,23,-0.822,M,#F0E628,17,1.0,0,1,0.324,0,0,0,0,0.0,19
2,2024,2024190,21,8,3,3-8,BOT,Valtteri Bottas,77,#64D064,12.0,1156,100.372,100.372,0,0,100.424,0.105,-0.979,0.068,-0.945,23,-0.979,0.068,-0.945,23,-0.911,M,#F0E628,18,1.0,0,0,0.324,0,0,0,0,0.0,19
2,2024,2024190,21,8,3,3-8,BOT,Valtteri Bottas,77,#64D064,13.0,1157,100.224,100.224,0,0,100.298,0.148,-0.741,-0.087,-0.784,3,-0.741,-0.087,-0.784,3,-0.828,M,#F0E628,19,1.0,0,0,0.324,0,0,0,0,0.0,19
2,2024,2024190,21,8,3,3-8,BOT,Valtteri Bottas,77,#64D064,14.0,1158,100.324,100.324,0,0,100.274,0.100,-0.841,0.274,-0.704,23,-0.841,0.274,-0.704,23,-0.567,M,#F0E628,20,1.0,0,0,0.324,0,0,0,0,0.0,19
2,2024,2024190,21,8,3,3-8,BOT,Valtteri Bottas,77,#64D064,15.0,1159,100.367,100.367,0,0,100.346,0.043,-0.896,0.291,-0.750,23,-0.896,0.291,-0.750,23,-0.605,M,#F0E628,21,1.0,0,0,0.324,0,0,0,0,0.0,19
2,2024,2024190,21,8,3,3-8,BOT,Valtteri Bottas,77,#64D064,16.0,1160,99.642,99.642,0,0,100.004,0.725,-0.342,-0.068,-0.376,3,-0.342,-0.068,-0.376,3,-0.41,M,#F0E628,22,1.0,0,0,0.324,0,0,0,0,0.0,19
2,2024,2024190,21,8,3,3-8,BOT,Valtteri Bottas,77,#64D064,17.0,1161,99.796,99.796,0,0,99.719,0.154,-0.829,0.091,-0.783,23,-0.829,0.091,-0.783,23,-0.738,M,#F0E628,23,1.0,0,0,0.324,0,0,0,0,0.0,19
2,2024,2024190,21,8,3,3-8,BOT,Valtteri Bottas,77,#64D064,18.0,1162,100.34,100.34,0,0,100.068,0.544,-1.222,0.432,-1.006,23,-1.222,0.432,-1.006,23,-0.79,M,#F0E628,24,1.0,0,0,0.324,0,0,0,0,0.0,19
2,2024,2024190,21,8,3,3-8,BOT,Valtteri Bottas,77,#64D064,19.0,1163,103.136,103.136,0,0,101.738,2.796,-3.643,2.068,-2.609,23,-3.643,2.068,-2.609,23,-1.575,M,#F0E628,25,1.0,0,0,0.324,0,0,0,0,0.0,20
2,2024,2024190,21,8,23,23-8,ZHO,Guanyu Zhou,24,#64D064,1.0,1145,-,-,0,1,-,-,-,-,-,-,-,-,-,-,,M,#F0E628,1,1.0,0,0,0.233,0,0,0,0,,19
2,2024,2024190,21,8,23,23-8,ZHO,Guanyu Zhou,24,#64D064,2.0,1146,-,-,0,1,-,-,-,-,-,-,-,-,-,-,,M,#F0E628,2,1.0,0,0,0.233,0,0,0,0,0.0,19
2,2024,2024190,21,8,23,23-8,ZHO,Guanyu Zhou,24,#64D064,3.0,1147,101.319,101.319,0,0,-,-,-1.512,-0.037,-1.494,3,-1.512,-0.037,-1.494,3,-1.475,M,#F0E628,3,1.0,0,0,0.233,0,0,0,0,0.0,19
2,2024,2024190,21,8,23,23-8,ZHO,Guanyu Zhou,24,#64D064,4.0,1148,100.713,100.713,0,0,101.016,0.606,-1.158,0.115,-1.216,23,-1.158,0.115,-1.216,23,-1.273,M,#F0E628,4,1.0,0,0,0.233,0,0,0,0,0.0,19
2,2024,2024190,21,8,23,23-8,ZHO,Guanyu Zhou,24,#64D064,5.0,1149,100.302,100.302,0,0,100.508,0.411,-0.895,-0.261,-0.764,3,-0.895,-0.261,-0.764,3,-0.634,M,#F0E628,5,1.0,0,0,0.233,0,0,0,0,0.0,19
2,2024,2024190,21,8,23,23-8,ZHO,Guanyu Zhou,24,#64D064,6.0,1150,101.732,100.379,1,0,100.34,1.430,-2.368,-0.808,-1.964,3,-1.015,-0.121,-0.955,3,-1.56,M,#F0E628,6,1.0,0,0,0.233,0,0,0,0,-1.0,20
2,2024,2024190,21,8,23,23-8,ZHO,Guanyu Zhou,24,#64D064,7.0,1151,100.456,100.456,0,0,100.418,1.276,-1.146,0.020,-1.156,23,-1.146,0.020,-1.156,23,-1.166,M,#F0E628,7,1.0,0,0,0.233,0,0,0,0,0.0,20
2,2024,2024190,21,8,23,23-8,ZHO,Guanyu Zhou,24,#64D064,8.0,1152,100.666,100.666,0,0,100.561,0.210,-1.216,-0.049,-1.192,3,-1.216,-0.049,-1.192,3,-1.167,M,#F0E628,8,1.0,0,0,0.233,0,0,0,0,0.0,20
2,2024,2024190,21,8,23,23-8,ZHO,Guanyu Zhou,24,#64D064,9.0,1153,101.091,101.091,0,0,100.878,0.425,-1.537,0.469,-1.772,23,-1.537,-0.691,-1.192,3,-2.006,M,#F0E628,9,1.0,0,0,0.233,0,0,0,0,0.0,20
2,2024,2024190,21,8,23,23-8,ZHO,Guanyu Zhou,24,#64D064,10.0,1154,100.517,100.517,0,0,100.804,0.574,-0.993,-0.334,-0.826,3,-0.993,-0.334,-0.826,3,-0.659,M,#F0E628,10,1.0,0,0,0.233,0,0,0,0,0.0,20
2,2024,2024190,21,8,23,23-8,ZHO,Guanyu Zhou,24,#64D064,11.0,1155,100.243,100.243,0,0,100.38,0.274,-0.822,0.234,-0.939,23,-0.822,0.234,-0.939,23,-1.056,M,#F0E628,11,1.0,0,1,0.233,0,0,0,0,0.0,20
2,2024,2024190,21,8,23,23-8,ZHO,Guanyu Zhou,24,#64D064,12.0,1156,100.304,100.304,0,0,100.274,0.061,-0.911,0.068,-0.945,23,-0.911,0.068,-0.945,23,-0.979,M,#F0E628,12,1.0,0,0,0.233,0,0,0,0,0.0,20
2,2024,2024190,21,8,23,23-8,ZHO,Guanyu Zhou,24,#64D064,13.0,1157,100.311,100.311,0,0,100.308,0.007,-0.828,-0.087,-0.784,3,-0.828,-0.087,-0.784,3,-0.741,M,#F0E628,13,1.0,0,0,0.233,0,0,0,0,0.0,20
2,2024,2024190,21,8,23,23-8,ZHO,Guanyu Zhou,24,#64D064,14.0,1158,100.05,100.05,0,0,100.18,0.261,-0.567,0.274,-0.704,23,-0.567,0.274,-0.704,23,-0.841,M,#F0E628,14,1.0,0,0,0.233,0,0,0,0,0.0,20
2,2024,2024190,21,8,23,23-8,ZHO,Guanyu Zhou,24,#64D064,15.0,1159,100.076,100.076,0,0,100.063,0.026,-0.605,0.291,-0.750,23,-0.605,0.291,-0.750,23,-0.896,M,#F0E628,15,1.0,0,0,0.233,0,0,0,0,0.0,20
2,2024,2024190,21,8,23,23-8,ZHO,Guanyu Zhou,24,#64D064,16.0,1160,99.71,99.71,0,0,99.893,0.366,-0.41,-0.068,-0.376,3,-0.410,-0.068,-0.376,3,-0.342,M,#F0E628,16,1.0,0,0,0.233,0,0,0,0,0.0,20
2,2024,2024190,21,8,23,23-8,ZHO,Guanyu Zhou,24,#64D064,17.0,1161,99.705,99.705,0,0,99.708,0.005,-0.738,0.091,-0.783,23,-0.738,0.091,-0.783,23,-0.829,M,#F0E628,17,1.0,0,0,0.233,0,0,0,0,0.0,20
2,2024,2024190,21,8,23,23-8,ZHO,Guanyu Zhou,24,#64D064,18.0,1162,99.908,99.908,0,0,99.806,0.203,-0.79,0.432,-1.006,23,-0.790,0.432,-1.006,23,-1.222,M,#F0E628,18,1.0,0,0,0.233,0,0,0,0,0.0,20
2,2024,2024190,21,8,23,23-8,ZHO,Guanyu Zhou,24,#64D064,19.0,1163,101.068,101.068,0,0,100.488,1.160,-1.575,2.068,-2.609,23,-1.575,2.068,-2.609,23,-3.643,M,#F0E628,19,1.0,0,0,0.233,0,0,0,0,0.0,19
2,2024,2024191,22,8,3,3-8,BOT,Valtteri Bottas,77,#64D064,1.0,1164,-,-,0,1,-,-,-,-,-,-,-,-,-,-,,M,#F0E628,1,1.0,0,0,0.311,0,0,0,0,,17
2,2024,2024191,22,8,3,3-8,BOT,Valtteri Bottas,77,#64D064,2.0,1165,-,-,0,1,-,-,-,-,-,-,-,-,-,-,,M,#F0E628,2,1.0,0,0,0.311,0,0,0,0,0.0,16
2,2024,2024191,22,8,3,3-8,BOT,Valtteri Bottas,77,#64D064,3.0,1166,-,-,0,1,-,-,-,-,-,-,-,-,-,-,,M,#F0E628,3,1.0,0,0,0.311,0,1,0,0,0.0,16
2,2024,2024191,22,8,3,3-8,BOT,Valtteri Bottas,77,#64D064,4.0,1167,-,-,0,1,-,-,-,-,-,-,-,-,-,-,,M,#F0E628,4,1.0,0,0,0.311,0,0,0,0,0.0,16
2,2024,2024191,22,8,3,3-8,BOT,Valtteri Bottas,77,#64D064,5.0,1168,-,-,0,1,-,-,-,-,-,-,-,-,-,-,,M,#F0E628,5,1.0,0,0,0.311,1,0,0,0,0.0,16
2,2024,2024191,22,8,3,3-8,BOT,Valtteri Bottas,77,#64D064,6.0,1169,-,-,0,1,-,-,-,-,-,-,-,-,-,-,,M,#F0E628,6,1.0,0,0,0.311,0,0,0,0,0.0,15
2,2024,2024191,22,8,3,3-8,BOT,Valtteri Bottas,77,#64D064,7.0,1170,102.18,102.18,0,0,-,-,-0.696,0.080,-0.656,23,-0.696,0.080,-0.656,23,-0.616,M,#F0E628,7,1.0,0,0,0.311,0,0,0,0,0.0,15
2,2024,2024191,22,8,3,3-8,BOT,Valtteri Bottas,77,#64D064,8.0,1171,101.483,101.483,0,0,101.832,0.697,-0.419,0.009,-0.414,23,-0.419,0.009,-0.414,23,-0.41,M,#F0E628,8,1.0,0,0,0.311,0,0,0,0,0.0,15
2,2024,2024191,22,8,3,3-8,BOT,Valtteri Bottas,77,#64D064,9.0,1172,102.031,101.616,1,0,101.55,0.548,-0.901,0.121,-0.841,23,-0.486,-0.294,-0.633,3,-0.78,M,#F0E628,9,1.0,0,0,0.311,0,0,0,0,0.0,15
2,2024,2024191,22,8,3,3-8,BOT,Valtteri Bottas,77,#64D064,10.0,1173,101.749,101.749,0,0,101.682,0.282,-0.528,-8.937,-4.997,3,-0.528,-0.577,-0.817,3,-9.465,M,#F0E628,10,1.0,0,1,0.311,0,0,0,0,1.0,14
2,2024,2024191,22,8,3,3-8,BOT,Valtteri Bottas,77,#64D064,11.0,1174,102.3,101.847,1,0,101.798,0.551,-0.943,-0.443,-1.165,3,-0.490,-0.896,-0.938,3,-1.386,M,#F0E628,11,1.0,0,0,0.311,0,0,0,0,0.0,14
2,2024,2024191,22,8,3,3-8,BOT,Valtteri Bottas,77,#64D064,12.0,1175,101.945,101.945,0,0,101.896,0.355,-0.641,-0.317,-0.799,3,-0.641,-0.317,-0.799,3,-0.958,M,#F0E628,12,1.0,0,0,0.311,0,0,0,0,0.0,14
2,2024,2024191,22,8,3,3-8,BOT,Valtteri Bottas,77,#64D064,13.0,1176,102.677,102.035,1,0,101.99,0.732,-1.533,-,-,-,-0.891,-,-,-,,M,#F0E628,13,1.0,0,0,0.311,0,0,0,0,-1.0,15
2,2024,2024191,22,8,3,3-8,BOT,Valtteri Bottas,77,#64D064,14.0,1177,102.125,102.125,0,0,102.08,0.552,-0.946,-,-,-,-0.946,-,-,-,,M,#F0E628,14,1.0,0,0,0.311,0,0,0,0,0.0,15
2,2024,2024191,22,8,3,3-8,BOT,Valtteri Bottas,77,#64D064,15.0,1178,-,-,0,1,-,-,-,-,-,-,-,-,-,-,-0.105,M,#F0E628,15,1.0,1,0,0.311,0,0,0,0,0.0,15
2,2024,2024191,22,8,3,3-8,BOT,Valtteri Bottas,77,#64D064,16.0,1179,-,-,0,1,-,-,-,-,-,-,-,-,-,-,-0.34,H,#A5AFB9,1,2.0,0,0,0.353,0,0,0,0,0.0,18
2,2024,2024191,22,8,3,3-8,BOT,Valtteri Bottas,77,#64D064,17.0,1180,100.801,100.801,0,0,-,-,0.399,-1.085,-0.143,3,0.399,-1.085,-0.143,3,-0.686,H,#A5AFB9,2,2.0,0,0,0.353,0,0,0,0,0.0,18
2,2024,2024191,22,8,3,3-8,BOT,Valtteri Bottas,77,#64D064,18.0,1181,100.762,100.762,0,0,100.782,0.039,-0.01,-0.563,-0.291,3,-0.010,-0.563,-0.291,3,-0.573,H,#A5AFB9,3,2.0,0,0,0.353,0,0,0,0,0.0,18
2,2024,2024191,22,8,3,3-8,BOT,Valtteri Bottas,77,#64D064,19.0,1182,100.869,100.869,0,0,100.816,0.107,-0.201,-0.483,-0.443,3,-0.201,-0.483,-0.443,3,-0.684,H,#A5AFB9,4,2.0,0,0,0.353,0,0,0,0,0.0,18
2,2024,2024191,22,8,3,3-8,BOT,Valtteri Bottas,77,#64D064,20.0,1183,100.837,100.837,0,0,100.853,0.032,-0.073,-1.021,-0.584,3,-0.073,-0.557,-0.351,3,-1.094,H,#A5AFB9,5,2.0,0,0,0.353,0,0,0,0,0.0,18
2,2024,2024191,22,8,3,3-8,BOT,Valtteri Bottas,77,#64D064,21.0,1184,100.92,100.92,0,0,100.878,0.083,-0.16,-0.515,-0.417,3,-0.160,-0.515,-0.417,3,-0.675,H,#A5AFB9,6,2.0,0,0,0.353,0,0,0,0,0.0,18
2,2024,2024191,22,8,3,3-8,BOT,Valtteri Bottas,77,#64D064,22.0,1185,100.998,100.998,0,0,100.959,0.078,-0.117,-1.178,-0.706,3,-0.117,-1.178,-0.706,3,-1.295,H,#A5AFB9,7,2.0,0,0,0.353,0,0,0,0,0.0,18
2,2024,2024191,22,8,3,3-8,BOT,Valtteri Bottas,77,#64D064,23.0,1186,101.138,101.138,0,0,101.068,0.140,-0.307,-1.121,-0.867,3,-0.307,-1.121,-0.867,3,-1.428,H,#A5AFB9,8,2.0,0,0,0.353,0,0,0,0,0.0,18
2,2024,2024191,22,8,3,3-8,BOT,Valtteri Bottas,77,#64D064,24.0,1187,101.147,101.147,0,0,101.143,0.009,-0.397,-0.502,-0.648,3,-0.397,-0.502,-0.648,3,-0.899,H,#A5AFB9,9,2.0,0,0,0.353,0,0,0,0,0.0,18
2,2024,2024191,22,8,3,3-8,BOT,Valtteri Bottas,77,#64D064,25.0,1188,100.909,100.909,0,0,101.028,0.238,-0.321,-0.787,-0.715,3,-0.321,-0.787,-0.715,3,-1.108,H,#A5AFB9,10,2.0,0,0,0.353,0,0,0,0,0.0,18
2,2024,2024191,22,8,3,3-8,BOT,Valtteri Bottas,77,#64D064,26.0,1189,100.839,100.839,0,0,100.874,0.070,0.036,-0.525,-0.227,3,0.036,-0.525,-0.227,3,-0.489,H,#A5AFB9,11,2.0,0,0,0.353,0,0,0,0,0.0,18
2,2024,2024191,22,8,3,3-8,BOT,Valtteri Bottas,77,#64D064,27.0,1190,100.869,100.869,0,0,100.854,0.030,-0.398,-0.317,-0.556,3,-0.398,-0.317,-0.556,3,-0.715,H,#A5AFB9,12,2.0,0,0,0.353,0,0,0,0,0.0,17
2,2024,2024191,22,8,3,3-8,BOT,Valtteri Bottas,77,#64D064,28.0,1191,101.024,101.024,0,0,100.946,0.155,-0.797,-0.396,-0.995,3,-0.797,-0.396,-0.995,3,-1.193,H,#A5AFB9,13,2.0,0,0,0.353,0,0,0,0,0.0,16
2,2024,2024191,22,8,3,3-8,BOT,Valtteri Bottas,77,#64D064,29.0,1192,101.298,101.298,0,0,101.161,0.274,-1.125,-0.933,-1.591,3,-1.125,-0.178,-1.214,3,-2.058,H,#A5AFB9,14,2.0,0,0,0.353,0,0,0,0,0.0,16
2,2024,2024191,22,8,3,3-8,BOT,Valtteri Bottas,77,#64D064,30.0,1193,101.185,101.185,0,0,101.242,0.113,-0.977,-0.347,-1.151,3,-0.977,-0.347,-1.151,3,-1.324,H,#A5AFB9,15,2.0,0,0,0.353,0,0,0,0,0.0,16
2,2024,2024191,22,8,3,3-8,BOT,Valtteri Bottas,77,#64D064,31.0,1194,101.374,101.374,0,0,101.28,0.189,-1.136,-0.128,-1.200,3,-1.136,-0.128,-1.200,3,-1.264,H,#A5AFB9,16,2.0,0,0,0.353,0,0,0,0,0.0,16
2,2024,2024191,22,8,3,3-8,BOT,Valtteri Bottas,77,#64D064,32.0,1195,100.932,100.932,0,0,101.153,0.442,-0.833,-0.711,-1.188,3,-0.833,-0.711,-1.188,3,-1.544,H,#A5AFB9,17,2.0,0,0,0.353,0,0,0,0,0.0,15
2,2024,2024191,22,8,3,3-8,BOT,Valtteri Bottas,77,#64D064,33.0,1196,100.784,100.784,0,0,100.858,0.148,-0.893,-0.346,-1.066,3,-0.893,-0.346,-1.066,3,-1.239,H,#A5AFB9,18,2.0,0,0,0.353,0,0,0,0,0.0,15
2,2024,2024191,22,8,3,3-8,BOT,Valtteri Bottas,77,#64D064,34.0,1197,101.938,101.11,1,0,100.947,1.154,-2.156,0.551,-1.881,23,-1.328,-0.277,-1.466,3,-1.605,H,#A5AFB9,19,2.0,0,0,0.353,0,0,0,0,-1.0,15
2,2024,2024191,22,8,3,3-8,BOT,Valtteri Bottas,77,#64D064,35.0,1198,101.436,101.436,0,0,101.273,0.502,-1.782,-,-,-,-1.782,-,-,-,,H,#A5AFB9,20,2.0,0,0,0.353,0,0,0,0,0.0,15
2,2024,2024191,22,8,3,3-8,BOT,Valtteri Bottas,77,#64D064,36.0,1199,101.155,101.155,0,0,101.296,0.281,-1.563,-,-,-,-1.563,-,-,-,,H,#A5AFB9,21,2.0,0,1,0.353,0,0,0,0,0.0,15
2,2024,2024191,22,8,3,3-8,BOT,Valtteri Bottas,77,#64D064,37.0,1200,100.815,100.815,0,0,100.985,0.340,-1.203,0.654,-0.876,23,-1.203,0.654,-0.876,23,-0.549,H,#A5AFB9,22,2.0,0,0,0.353,0,0,0,0,0.0,15
2,2024,2024191,22,8,3,3-8,BOT,Valtteri Bottas,77,#64D064,38.0,1201,100.944,100.944,0,0,100.88,0.129,-1.514,0.796,-1.116,23,-1.514,0.796,-1.116,23,-0.718,H,#A5AFB9,23,2.0,0,0,0.353,0,0,0,0,0.0,15
2,2024,2024191,22,8,3,3-8,BOT,Valtteri Bottas,77,#64D064,39.0,1202,100.78,100.78,0,0,100.862,0.164,-1.571,-1.100,-2.121,3,-1.571,0.641,-1.250,23,-2.671,H,#A5AFB9,24,2.0,0,0,0.353,0,0,0,0,0.0,15
2,2024,2024191,22,8,3,3-8,BOT,Valtteri Bottas,77,#64D064,40.0,1203,100.701,100.701,0,0,100.74,0.079,-1.425,0.570,-1.140,23,-1.425,0.570,-1.140,23,-0.855,H,#A5AFB9,25,2.0,0,0,0.353,0,0,0,0,0.0,15
2,2024,2024191,22,8,3,3-8,BOT,Valtteri Bottas,77,#64D064,41.0,1204,101.258,100.972,1,0,100.836,0.557,-2.054,0.916,-1.596,23,-1.768,0.630,-1.453,23,-1.138,H,#A5AFB9,26,2.0,0,0,0.353,0,0,0,0,0.0,15
2,2024,2024191,22,8,3,3-8,BOT,Valtteri Bottas,77,#64D064,42.0,1205,101.243,101.243,0,0,101.107,0.015,-2.32,1.075,-1.782,23,-2.320,1.075,-1.782,23,-1.245,H,#A5AFB9,27,2.0,0,0,0.353,0,0,0,0,0.0,15
2,2024,2024191,22,8,3,3-8,BOT,Valtteri Bottas,77,#64D064,43.0,1206,100.696,100.696,0,0,100.97,0.547,-1.707,0.455,-1.480,23,-1.707,0.455,-1.480,23,-1.252,H,#A5AFB9,28,2.0,0,0,0.353,0,0,0,0,0.0,15
2,2024,2024191,22,8,3,3-8,BOT,Valtteri Bottas,77,#64D064,44.0,1207,101.717,101.717,0,0,101.206,1.021,-2.568,1.684,-1.726,23,-2.568,1.684,-1.726,23,-0.884,H,#A5AFB9,29,2.0,0,0,0.353,0,0,0,0,0.0,15
2,2024,2024191,22,8,3,3-8,BOT,Valtteri Bottas,77,#64D064,45.0,1208,105.416,102.471,1,0,102.094,3.699,-6.248,5.758,-3.369,23,-3.303,2.813,-1.897,23,-0.49,H,#A5AFB9,30,2.0,0,0,0.353,0,0,0,0,-2.0,17
2,2024,2024191,22,8,3,3-8,BOT,Valtteri Bottas,77,#64D064,46.0,1209,103.225,103.225,0,0,102.848,2.191,-4.103,3.367,-2.420,23,-4.103,3.367,-2.420,23,-0.736,H,#A5AFB9,31,2.0,0,0,0.353,0,0,0,0,-1.0,18
2,2024,2024191,22,8,3,3-8,BOT,Valtteri Bottas,77,#64D064,47.0,1210,101.064,101.064,0,0,102.144,2.161,-2.053,1.439,-1.333,23,-2.053,1.439,-1.333,23,-0.614,H,#A5AFB9,32,2.0,0,0,0.353,0,0,0,0,0.0,18
2,2024,2024191,22,8,3,3-8,BOT,Valtteri Bottas,77,#64D064,48.0,1211,101.07,101.07,0,0,101.067,0.006,-2.053,0.851,-1.627,23,-2.053,0.851,-1.627,23,-1.202,H,#A5AFB9,33,2.0,0,0,0.353,0,0,0,0,0.0,18
2,2024,2024191,22,8,3,3-8,BOT,Valtteri Bottas,77,#64D064,49.0,1212,103.447,101.058,1,0,101.064,2.377,-4.42,3.207,-2.817,23,-2.031,0.818,-1.622,23,-1.213,H,#A5AFB9,34,2.0,0,0,0.353,0,0,0,0,0.0,18
2,2024,2024191,22,8,3,3-8,BOT,Valtteri Bottas,77,#64D064,50.0,1213,101.045,101.045,0,0,101.051,2.402,-2.072,1.082,-1.531,23,-2.072,1.082,-1.531,23,-0.99,H,#A5AFB9,35,2.0,0,0,0.353,0,0,0,0,0.0,18
2,2024,2024191,22,8,3,3-8,BOT,Valtteri Bottas,77,#64D064,51.0,1214,102.931,100.852,1,0,100.948,1.886,-3.949,3.533,-2.183,23,-1.869,1.453,-1.143,23,-0.416,H,#A5AFB9,36,2.0,0,0,0.353,0,0,0,0,0.0,18
2,2024,2024191,22,8,3,3-8,BOT,Valtteri Bottas,77,#64D064,52.0,1215,100.658,100.658,0,0,100.755,2.273,-1.743,0.975,-1.256,23,-1.743,0.975,-1.256,23,-0.768,H,#A5AFB9,37,2.0,0,0,0.353,0,0,0,0,0.0,17
2,2024,2024191,22,8,3,3-8,BOT,Valtteri Bottas,77,#64D064,53.0,1216,100.575,100.575,0,0,100.616,0.083,-1.765,1.303,-1.113,23,-1.765,1.303,-1.113,23,-0.462,H,#A5AFB9,38,2.0,0,0,0.353,0,0,0,0,0.0,17
2,2024,2024191,22,8,3,3-8,BOT,Valtteri Bottas,77,#64D064,54.0,1217,100.679,100.679,0,0,100.627,0.104,-1.861,1.083,-1.319,23,-1.861,1.083,-1.319,23,-0.778,H,#A5AFB9,39,2.0,0,0,0.353,0,0,0,0,0.0,17
2,2024,2024191,22,8,3,3-8,BOT,Valtteri Bottas,77,#64D064,55.0,1218,100.708,100.708,0,0,100.694,0.029,-1.613,0.647,-1.290,23,-1.613,0.647,-1.290,23,-0.966,H,#A5AFB9,40,2.0,0,0,0.353,0,0,0,0,0.0,17
2,2024,2024191,22,8,23,23-8,ZHO,Guanyu Zhou,24,#64D064,1.0,1164,-,-,0,1,-,-,-,-,-,-,-,-,-,-,,M,#F0E628,1,1.0,0,0,1.910,0,0,0,0,,15
2,2024,2024191,22,8,23,23-8,ZHO,Guanyu Zhou,24,#64D064,2.0,1165,-,-,0,1,-,-,-,-,-,-,-,-,-,-,,M,#F0E628,2,1.0,0,0,1.910,0,0,0,0,0.0,14
2,2024,2024191,22,8,23,23-8,ZHO,Guanyu Zhou,24,#64D064,3.0,1166,-,-,0,1,-,-,-,-,-,-,-,-,-,-,,M,#F0E628,3,1.0,0,0,1.910,0,1,0,0,0.0,14
2,2024,2024191,22,8,23,23-8,ZHO,Guanyu Zhou,24,#64D064,4.0,1167,-,-,0,1,-,-,-,-,-,-,-,-,-,-,,M,#F0E628,4,1.0,0,0,1.910,0,0,0,0,0.0,14
2,2024,2024191,22,8,23,23-8,ZHO,Guanyu Zhou,24,#64D064,5.0,1168,-,-,0,1,-,-,-,-,-,-,-,-,-,-,,M,#F0E628,5,1.0,0,0,1.910,1,0,0,0,0.0,14
2,2024,2024191,22,8,23,23-8,ZHO,Guanyu Zhou,24,#64D064,6.0,1169,-,-,0,1,-,-,-,-,-,-,-,-,-,-,,M,#F0E628,6,1.0,0,0,1.910,0,0,0,0,0.0,13
2,2024,2024191,22,8,23,23-8,ZHO,Guanyu Zhou,24,#64D064,7.0,1170,102.1,102.1,0,0,-,-,-0.616,0.080,-0.656,23,-0.616,0.080,-0.656,23,-0.696,M,#F0E628,7,1.0,0,0,1.910,0,0,0,0,0.0,13
2,2024,2024191,22,8,23,23-8,ZHO,Guanyu Zhou,24,#64D064,8.0,1171,101.474,101.474,0,0,101.787,0.626,-0.41,0.009,-0.414,23,-0.410,0.009,-0.414,23,-0.419,M,#F0E628,8,1.0,0,0,1.910,0,0,0,0,0.0,13
2,2024,2024191,22,8,23,23-8,ZHO,Guanyu Zhou,24,#64D064,9.0,1172,101.91,101.91,0,0,101.692,0.436,-0.78,0.121,-0.841,23,-0.780,-0.294,-0.633,3,-0.901,M,#F0E628,9,1.0,0,1,1.910,0,0,0,0,0.0,13
2,2024,2024191,22,8,23,23-8,ZHO,Guanyu Zhou,24,#64D064,10.0,1173,110.686,102.326,1,0,102.118,8.776,-9.465,-8.937,-4.997,3,-1.105,-0.577,-0.817,3,-0.528,M,#F0E628,10,1.0,0,0,1.910,0,0,0,0,-6.0,19
2,2024,2024191,22,8,23,23-8,ZHO,Guanyu Zhou,24,#64D064,11.0,1174,102.743,102.743,0,0,102.535,7.943,-1.386,-0.443,-1.165,3,-1.386,-0.896,-0.938,3,-0.943,M,#F0E628,11,1.0,0,0,1.910,0,0,0,0,0.0,19
2,2024,2024191,22,8,23,23-8,ZHO,Guanyu Zhou,24,#64D064,12.0,1175,102.262,102.262,0,0,102.502,0.481,-0.958,-0.317,-0.799,3,-0.958,-0.317,-0.799,3,-0.641,M,#F0E628,12,1.0,0,0,1.910,0,0,0,0,0.0,19
2,2024,2024191,22,8,23,23-8,ZHO,Guanyu Zhou,24,#64D064,13.0,1176,-,-,0,1,-,-,-,-,-,-,-,-,-,-,-1.533,M,#F0E628,13,1.0,1,0,1.910,0,0,0,0,0.0,19
2,2024,2024191,22,8,23,23-8,ZHO,Guanyu Zhou,24,#64D064,14.0,1177,-,-,0,1,-,-,-,-,-,-,-,-,-,-,-0.946,M,#F0E628,1,2.0,0,0,0.182,0,0,0,0,0.0,19
2,2024,2024191,22,8,23,23-8,ZHO,Guanyu Zhou,24,#64D064,15.0,1178,101.376,101.376,0,0,-,-,-0.105,-,-,-,-0.105,-,-,-,,M,#F0E628,2,2.0,0,0,0.182,0,0,0,0,0.0,19
2,2024,2024191,22,8,23,23-8,ZHO,Guanyu Zhou,24,#64D064,16.0,1179,101.633,101.633,0,0,101.504,0.257,-0.34,-,-,-,-0.340,-,-,-,,M,#F0E628,3,2.0,0,0,0.182,0,0,0,0,0.0,19
2,2024,2024191,22,8,23,23-8,ZHO,Guanyu Zhou,24,#64D064,17.0,1180,101.886,101.886,0,0,101.76,0.253,-0.686,-1.085,-0.143,3,-0.686,-1.085,-0.143,3,0.399,M,#F0E628,4,2.0,0,0,0.182,0,0,0,0,0.0,19
2,2024,2024191,22,8,23,23-8,ZHO,Guanyu Zhou,24,#64D064,18.0,1181,101.325,101.325,0,0,101.606,0.561,-0.573,-0.563,-0.291,3,-0.573,-0.563,-0.291,3,-0.01,M,#F0E628,5,2.0,0,0,0.182,0,0,0,0,0.0,19
2,2024,2024191,22,8,23,23-8,ZHO,Guanyu Zhou,24,#64D064,19.0,1182,101.352,101.352,0,0,101.339,0.027,-0.684,-0.483,-0.443,3,-0.684,-0.483,-0.443,3,-0.201,M,#F0E628,6,2.0,0,0,0.182,0,0,0,0,0.0,19
2,2024,2024191,22,8,23,23-8,ZHO,Guanyu Zhou,24,#64D064,20.0,1183,101.858,101.394,1,0,101.373,0.506,-1.094,-1.021,-0.584,3,-0.630,-0.557,-0.351,3,-0.073,M,#F0E628,7,2.0,0,0,0.182,0,0,0,0,0.0,19
2,2024,2024191,22,8,23,23-8,ZHO,Guanyu Zhou,24,#64D064,21.0,1184,101.435,101.435,0,0,101.414,0.423,-0.675,-0.515,-0.417,3,-0.675,-0.515,-0.417,3,-0.16,M,#F0E628,8,2.0,0,0,0.182,0,0,0,0,0.0,19
2,2024,2024191,22,8,23,23-8,ZHO,Guanyu Zhou,24,#64D064,22.0,1185,102.176,102.176,0,0,101.806,0.741,-1.295,-1.178,-0.706,3,-1.295,-1.178,-0.706,3,-0.117,M,#F0E628,9,2.0,0,0,0.182,0,0,0,0,0.0,19
2,2024,2024191,22,8,23,23-8,ZHO,Guanyu Zhou,24,#64D064,23.0,1186,102.259,102.259,0,0,102.218,0.083,-1.428,-1.121,-0.867,3,-1.428,-1.121,-0.867,3,-0.307,M,#F0E628,10,2.0,0,0,0.182,0,0,0,0,0.0,19
2,2024,2024191,22,8,23,23-8,ZHO,Guanyu Zhou,24,#64D064,24.0,1187,101.649,101.649,0,0,101.954,0.610,-0.899,-0.502,-0.648,3,-0.899,-0.502,-0.648,3,-0.397,M,#F0E628,11,2.0,0,1,0.182,0,0,0,0,0.0,19
2,2024,2024191,22,8,23,23-8,ZHO,Guanyu Zhou,24,#64D064,25.0,1188,101.696,101.696,0,0,101.672,0.047,-1.108,-0.787,-0.715,3,-1.108,-0.787,-0.715,3,-0.321,M,#F0E628,12,2.0,0,0,0.182,0,0,0,0,0.0,19
2,2024,2024191,22,8,23,23-8,ZHO,Guanyu Zhou,24,#64D064,26.0,1189,101.364,101.364,0,0,101.53,0.332,-0.489,-0.525,-0.227,3,-0.489,-0.525,-0.227,3,0.036,M,#F0E628,13,2.0,0,0,0.182,0,0,0,0,0.0,19
2,2024,2024191,22,8,23,23-8,ZHO,Guanyu Zhou,24,#64D064,27.0,1190,101.186,101.186,0,0,101.275,0.178,-0.715,-0.317,-0.556,3,-0.715,-0.317,-0.556,3,-0.398,M,#F0E628,14,2.0,0,0,0.182,0,0,0,0,0.0,19
2,2024,2024191,22,8,23,23-8,ZHO,Guanyu Zhou,24,#64D064,28.0,1191,101.42,101.42,0,0,101.303,0.234,-1.193,-0.396,-0.995,3,-1.193,-0.396,-0.995,3,-0.797,M,#F0E628,15,2.0,0,0,0.182,0,0,0,0,0.0,18
2,2024,2024191,22,8,23,23-8,ZHO,Guanyu Zhou,24,#64D064,29.0,1192,102.231,101.476,1,0,101.448,0.811,-2.058,-0.933,-1.591,3,-1.303,-0.178,-1.214,3,-1.125,M,#F0E628,16,2.0,0,0,0.182,0,0,0,0,-1.0,19
2,2024,2024191,22,8,23,23-8,ZHO,Guanyu Zhou,24,#64D064,30.0,1193,101.532,101.532,0,0,101.504,0.699,-1.324,-0.347,-1.151,3,-1.324,-0.347,-1.151,3,-0.977,M,#F0E628,17,2.0,0,0,0.182,0,0,0,0,0.0,19
2,2024,2024191,22,8,23,23-8,ZHO,Guanyu Zhou,24,#64D064,31.0,1194,101.502,101.502,0,0,101.517,0.030,-1.264,-0.128,-1.200,3,-1.264,-0.128,-1.200,3,-1.136,M,#F0E628,18,2.0,0,0,0.182,0,0,0,0,0.0,19
2,2024,2024191,22,8,23,23-8,ZHO,Guanyu Zhou,24,#64D064,32.0,1195,101.643,101.643,0,0,101.572,0.141,-1.544,-0.711,-1.188,3,-1.544,-0.711,-1.188,3,-0.833,M,#F0E628,19,2.0,0,0,0.182,0,0,0,0,0.0,19
2,2024,2024191,22,8,23,23-8,ZHO,Guanyu Zhou,24,#64D064,33.0,1196,101.13,101.13,0,0,101.386,0.513,-1.239,-0.346,-1.066,3,-1.239,-0.346,-1.066,3,-0.893,M,#F0E628,20,2.0,0,0,0.182,0,0,0,0,0.0,19
2,2024,2024191,22,8,23,23-8,ZHO,Guanyu Zhou,24,#64D064,34.0,1197,101.387,101.387,0,0,101.258,0.257,-1.605,0.551,-1.881,23,-1.605,-0.277,-1.466,3,-2.156,M,#F0E628,21,2.0,0,0,0.182,0,0,0,0,0.0,18
2,2024,2024191,22,8,23,23-8,ZHO,Guanyu Zhou,24,#64D064,35.0,1198,-,-,0,1,-,-,-,-,-,-,-,-,-,-,-1.782,M,#F0E628,22,2.0,1,0,0.182,0,0,0,0,0.0,19
2,2024,2024191,22,8,23,23-8,ZHO,Guanyu Zhou,24,#64D064,36.0,1199,-,-,0,1,-,-,-,-,-,-,-,-,-,-,-1.563,H,#A5AFB9,1,3.0,0,0,0.220,0,0,0,0,0.0,19
2,2024,2024191,22,8,23,23-8,ZHO,Guanyu Zhou,24,#64D064,37.0,1200,100.161,100.161,0,0,-,-,-0.549,0.654,-0.876,23,-0.549,0.654,-0.876,23,-1.203,H,#A5AFB9,2,3.0,0,0,0.220,0,0,0,0,0.0,19
2,2024,2024191,22,8,23,23-8,ZHO,Guanyu Zhou,24,#64D064,38.0,1201,100.148,100.148,0,0,100.154,0.013,-0.718,0.796,-1.116,23,-0.718,0.796,-1.116,23,-1.514,H,#A5AFB9,3,3.0,0,0,0.220,0,0,0,0,0.0,19
2,2024,2024191,22,8,23,23-8,ZHO,Guanyu Zhou,24,#64D064,39.0,1202,101.88,100.14,1,0,100.144,1.732,-2.671,-1.100,-2.121,3,-0.930,0.641,-1.250,23,-1.571,H,#A5AFB9,4,3.0,0,0,0.220,0,0,0,0,0.0,19
2,2024,2024191,22,8,23,23-8,ZHO,Guanyu Zhou,24,#64D064,40.0,1203,100.131,100.131,0,0,100.135,1.749,-0.855,0.570,-1.140,23,-0.855,0.570,-1.140,23,-1.425,H,#A5AFB9,5,3.0,0,0,0.220,0,0,0,0,0.0,19
2,2024,2024191,22,8,23,23-8,ZHO,Guanyu Zhou,24,#64D064,41.0,1204,100.342,100.342,0,0,100.236,0.211,-1.138,0.916,-1.596,23,-1.138,0.630,-1.453,23,-2.054,H,#A5AFB9,6,3.0,0,0,0.220,0,0,0,0,0.0,19
2,2024,2024191,22,8,23,23-8,ZHO,Guanyu Zhou,24,#64D064,42.0,1205,100.168,100.168,0,0,100.255,0.174,-1.245,1.075,-1.782,23,-1.245,1.075,-1.782,23,-2.32,H,#A5AFB9,7,3.0,0,0,0.220,0,0,0,0,0.0,19
2,2024,2024191,22,8,23,23-8,ZHO,Guanyu Zhou,24,#64D064,43.0,1206,100.241,100.241,0,0,100.204,0.073,-1.252,0.455,-1.480,23,-1.252,0.455,-1.480,23,-1.707,H,#A5AFB9,8,3.0,0,0,0.220,0,0,0,0,0.0,19
2,2024,2024191,22,8,23,23-8,ZHO,Guanyu Zhou,24,#64D064,44.0,1207,100.033,100.033,0,0,100.137,0.208,-0.884,1.684,-1.726,23,-0.884,1.684,-1.726,23,-2.568,H,#A5AFB9,9,3.0,0,0,0.220,0,0,0,0,0.0,19
2,2024,2024191,22,8,23,23-8,ZHO,Guanyu Zhou,24,#64D064,45.0,1208,99.658,99.658,0,0,99.846,0.375,-0.49,5.758,-3.369,23,-0.490,2.813,-1.897,23,-6.248,H,#A5AFB9,10,3.0,0,0,0.220,0,0,0,0,0.0,19
2,2024,2024191,22,8,23,23-8,ZHO,Guanyu Zhou,24,#64D064,46.0,1209,99.858,99.858,0,0,99.758,0.200,-0.736,3.367,-2.420,23,-0.736,3.367,-2.420,23,-4.103,H,#A5AFB9,11,3.0,0,1,0.220,0,0,0,0,0.0,19
2,2024,2024191,22,8,23,23-8,ZHO,Guanyu Zhou,24,#64D064,47.0,1210,99.625,99.625,0,0,99.742,0.233,-0.614,1.439,-1.333,23,-0.614,1.439,-1.333,23,-2.053,H,#A5AFB9,12,3.0,0,0,0.220,0,0,0,0,0.0,19
2,2024,2024191,22,8,23,23-8,ZHO,Guanyu Zhou,24,#64D064,48.0,1211,100.219,100.219,0,0,99.922,0.594,-1.202,0.851,-1.627,23,-1.202,0.851,-1.627,23,-2.053,H,#A5AFB9,13,3.0,0,0,0.220,0,0,0,0,0.0,19
2,2024,2024191,22,8,23,23-8,ZHO,Guanyu Zhou,24,#64D064,49.0,1212,100.24,100.24,0,0,100.23,0.021,-1.213,3.207,-2.817,23,-1.213,0.818,-1.622,23,-4.42,H,#A5AFB9,14,3.0,0,0,0.220,0,0,0,0,0.0,19
2,2024,2024191,22,8,23,23-8,ZHO,Guanyu Zhou,24,#64D064,50.0,1213,99.963,99.963,0,0,100.101,0.277,-0.99,1.082,-1.531,23,-0.990,1.082,-1.531,23,-2.072,H,#A5AFB9,15,3.0,0,0,0.220,0,0,0,0,0.0,19
2,2024,2024191,22,8,23,23-8,ZHO,Guanyu Zhou,24,#64D064,51.0,1214,99.398,99.398,0,0,99.68,0.565,-0.416,3.533,-2.183,23,-0.416,1.453,-1.143,23,-3.949,H,#A5AFB9,16,3.0,0,0,0.220,0,0,0,0,0.0,19
2,2024,2024191,22,8,23,23-8,ZHO,Guanyu Zhou,24,#64D064,52.0,1215,99.683,99.683,0,0,99.541,0.285,-0.768,0.975,-1.256,23,-0.768,0.975,-1.256,23,-1.743,H,#A5AFB9,17,3.0,0,0,0.220,0,0,0,0,0.0,19
2,2024,2024191,22,8,23,23-8,ZHO,Guanyu Zhou,24,#64D064,53.0,1216,99.272,99.272,0,0,99.478,0.411,-0.462,1.303,-1.113,23,-0.462,1.303,-1.113,23,-1.765,H,#A5AFB9,18,3.0,0,0,0.220,0,0,0,0,0.0,19
2,2024,2024191,22,8,23,23-8,ZHO,Guanyu Zhou,24,#64D064,54.0,1217,99.596,99.596,0,0,99.434,0.324,-0.778,1.083,-1.319,23,-0.778,1.083,-1.319,23,-1.861,H,#A5AFB9,19,3.0,0,0,0.220,0,0,0,0,0.0,19
2,2024,2024191,22,8,23,23-8,ZHO,Guanyu Zhou,24,#64D064,55.0,1218,100.061,100.061,0,0,99.828,0.465,-0.966,0.647,-1.290,23,-0.966,0.647,-1.290,23,-1.613,H,#A5AFB9,20,3.0,0,0,0.220,0,0,0,0,0.0,19
2,2024,2024201,23,8,3,3-8,BOT,Valtteri Bottas,77,#64D064,1.0,1220,-,-,0,1,-,-,-,-,-,-,-,-,-,-,,H,#A5AFB9,2,1.0,0,0,0.181,0,1,0,0,,15
2,2024,2024201,23,8,3,3-8,BOT,Valtteri Bottas,77,#64D064,2.0,1221,-,-,0,1,-,-,-,-,-,-,-,-,-,-,,H,#A5AFB9,3,1.0,0,0,0.181,0,0,0,0,0.0,15
2,2024,2024201,23,8,3,3-8,BOT,Valtteri Bottas,77,#64D064,3.0,1222,-,-,0,1,-,-,-,-,-,-,-,-,-,-,,H,#A5AFB9,4,1.0,0,0,0.181,0,0,0,0,0.0,15
2,2024,2024201,23,8,3,3-8,BOT,Valtteri Bottas,77,#64D064,4.0,1223,-,-,0,1,-,-,-,-,-,-,-,-,-,-,,H,#A5AFB9,5,1.0,0,0,0.181,0,0,0,0,0.0,15
2,2024,2024201,23,8,3,3-8,BOT,Valtteri Bottas,77,#64D064,5.0,1224,-,-,0,1,-,-,-,-,-,-,-,-,-,-,,H,#A5AFB9,6,1.0,0,0,0.181,0,0,0,0,0.0,15
2,2024,2024201,23,8,3,3-8,BOT,Valtteri Bottas,77,#64D064,6.0,1225,-,-,0,1,-,-,-,-,-,-,-,-,-,-,,H,#A5AFB9,7,1.0,0,0,0.181,1,0,0,0,0.0,15
2,2024,2024201,23,8,3,3-8,BOT,Valtteri Bottas,77,#64D064,7.0,1226,-,-,0,1,-,-,-,-,-,-,-,-,-,-,,H,#A5AFB9,8,1.0,0,0,0.181,0,0,0,0,0.0,15
2,2024,2024201,23,8,3,3-8,BOT,Valtteri Bottas,77,#64D064,8.0,1227,83.131,83.131,0,0,-,-,-0.524,0.249,-0.649,3,-0.524,0.249,-0.649,3,-0.773,H,#A5AFB9,9,1.0,0,0,0.181,0,0,0,0,0.0,15
2,2024,2024201,23,8,3,3-8,BOT,Valtteri Bottas,77,#64D064,9.0,1228,82.964,82.964,0,0,83.048,0.167,-0.241,-0.060,-0.211,23,-0.241,-0.060,-0.211,23,-0.181,H,#A5AFB9,10,1.0,0,0,0.181,0,0,0,0,0.0,15
2,2024,2024201,23,8,3,3-8,BOT,Valtteri Bottas,77,#64D064,10.0,1229,83.483,83.483,0,0,83.224,0.519,-0.596,0.683,-0.938,3,-0.596,-0.227,-0.482,23,-1.279,H,#A5AFB9,11,1.0,0,0,0.181,0,0,0,0,0.0,15
2,2024,2024201,23,8,3,3-8,BOT,Valtteri Bottas,77,#64D064,11.0,1230,83.677,83.677,0,0,83.58,0.194,-0.869,-0.069,-0.835,23,-0.869,-0.069,-0.835,23,-0.8,H,#A5AFB9,12,1.0,0,0,0.181,0,0,0,0,0.0,15
2,2024,2024201,23,8,3,3-8,BOT,Valtteri Bottas,77,#64D064,12.0,1231,83.607,83.607,0,0,83.642,0.070,-0.907,-0.118,-0.848,23,-0.907,-0.118,-0.848,23,-0.789,H,#A5AFB9,13,1.0,0,0,0.181,0,0,0,0,0.0,15
2,2024,2024201,23,8,3,3-8,BOT,Valtteri Bottas,77,#64D064,13.0,1232,84.325,83.898,1,0,83.752,0.718,-1.513,-0.568,-1.229,23,-1.086,-0.141,-1.016,23,-0.945,H,#A5AFB9,14,1.0,0,0,0.181,0,0,0,0,-1.0,16
2,2024,2024201,23,8,3,3-8,BOT,Valtteri Bottas,77,#64D064,14.0,1233,84.189,84.189,0,0,84.044,0.136,-1.155,-0.210,-1.050,23,-1.155,-0.210,-1.050,23,-0.945,H,#A5AFB9,15,1.0,0,0,0.181,0,0,0,0,0.0,16
2,2024,2024201,23,8,3,3-8,BOT,Valtteri Bottas,77,#64D064,15.0,1234,84.215,84.215,0,0,84.202,0.026,-1.167,1.149,-1.741,3,-1.167,-0.163,-1.085,23,-2.316,H,#A5AFB9,16,1.0,0,0,0.181,0,0,0,0,0.0,15
2,2024,2024201,23,8,3,3-8,BOT,Valtteri Bottas,77,#64D064,16.0,1235,83.781,83.781,0,0,83.998,0.434,-0.909,0.345,-1.081,3,-0.909,0.345,-1.081,3,-1.254,H,#A5AFB9,17,1.0,0,0,0.181,0,0,0,0,0.0,15
2,2024,2024201,23,8,3,3-8,BOT,Valtteri Bottas,77,#64D064,17.0,1236,83.705,83.705,0,0,83.743,0.076,-0.827,-0.135,-0.759,23,-0.827,-0.135,-0.759,23,-0.692,H,#A5AFB9,18,1.0,0,0,0.181,0,0,0,0,0.0,15
2,2024,2024201,23,8,3,3-8,BOT,Valtteri Bottas,77,#64D064,18.0,1237,83.806,83.806,0,0,83.756,0.101,-0.654,-0.130,-0.589,23,-0.654,-0.130,-0.589,23,-0.524,H,#A5AFB9,19,1.0,0,0,0.181,0,0,0,0,0.0,15
2,2024,2024201,23,8,3,3-8,BOT,Valtteri Bottas,77,#64D064,19.0,1238,83.72,83.72,0,0,83.763,0.086,-0.457,-0.026,-0.444,23,-0.457,-0.026,-0.444,23,-0.431,H,#A5AFB9,20,1.0,0,0,0.181,0,0,0,0,0.0,15
2,2024,2024201,23,8,3,3-8,BOT,Valtteri Bottas,77,#64D064,20.0,1239,83.453,83.453,0,0,83.586,0.267,-0.266,0.087,-0.309,3,-0.266,0.087,-0.309,3,-0.353,H,#A5AFB9,21,1.0,0,0,0.181,0,0,0,0,0.0,14
2,2024,2024201,23,8,3,3-8,BOT,Valtteri Bottas,77,#64D064,21.0,1240,83.904,83.523,1,0,83.488,0.451,-0.786,-0.130,-0.721,23,-0.405,0.251,-0.530,3,-0.656,H,#A5AFB9,22,1.0,0,0,0.181,0,0,0,0,0.0,14
2,2024,2024201,23,8,3,3-8,BOT,Valtteri Bottas,77,#64D064,22.0,1241,83.593,83.593,0,0,83.558,0.311,-0.661,0.107,-0.715,3,-0.661,0.107,-0.715,3,-0.768,H,#A5AFB9,23,1.0,0,0,0.181,0,0,0,0,0.0,14
2,2024,2024201,23,8,3,3-8,BOT,Valtteri Bottas,77,#64D064,23.0,1242,83.421,83.421,0,0,83.507,0.172,-0.62,0.288,-0.764,3,-0.620,0.288,-0.764,3,-0.908,H,#A5AFB9,24,1.0,0,0,0.181,0,0,0,0,0.0,14
2,2024,2024201,23,8,3,3-8,BOT,Valtteri Bottas,77,#64D064,24.0,1243,83.241,83.241,0,0,83.331,0.180,-0.395,0.130,-0.460,3,-0.395,0.130,-0.460,3,-0.525,H,#A5AFB9,25,1.0,0,0,0.181,0,0,0,0,0.0,14
2,2024,2024201,23,8,3,3-8,BOT,Valtteri Bottas,77,#64D064,25.0,1244,83.584,83.584,0,0,83.412,0.343,-0.556,0.199,-0.655,3,-0.556,0.199,-0.655,3,-0.755,H,#A5AFB9,26,1.0,0,0,0.181,0,0,0,0,0.0,14
2,2024,2024201,23,8,3,3-8,BOT,Valtteri Bottas,77,#64D064,26.0,1245,83.859,83.859,0,0,83.721,0.275,-0.672,0.199,-0.772,3,-0.672,0.199,-0.772,3,-0.871,H,#A5AFB9,27,1.0,0,0,0.181,0,0,0,0,0.0,13
2,2024,2024201,23,8,3,3-8,BOT,Valtteri Bottas,77,#64D064,27.0,1246,83.553,83.553,0,0,83.706,0.306,-0.374,0.282,-0.515,3,-0.374,0.282,-0.515,3,-0.656,H,#A5AFB9,28,1.0,0,0,0.181,0,0,0,0,0.0,12
2,2024,2024201,23,8,3,3-8,BOT,Valtteri Bottas,77,#64D064,28.0,1247,83.45,83.45,0,0,83.502,0.103,-0.351,1.734,-1.218,3,-0.351,0.716,-0.709,3,-2.085,H,#A5AFB9,29,1.0,0,1,0.181,0,0,0,0,0.0,12
2,2024,2024201,23,8,3,3-8,BOT,Valtteri Bottas,77,#64D064,29.0,1248,83.766,83.766,0,0,83.608,0.316,-0.774,0.731,-1.139,3,-0.774,0.731,-1.139,3,-1.505,H,#A5AFB9,30,1.0,0,0,0.181,0,0,0,0,0.0,11
2,2024,2024201,23,8,3,3-8,BOT,Valtteri Bottas,77,#64D064,30.0,1249,83.425,83.425,0,0,83.596,0.341,-0.772,0.285,-0.914,3,-0.772,0.285,-0.914,3,-1.057,H,#A5AFB9,31,1.0,0,0,0.181,0,0,0,0,0.0,10
2,2024,2024201,23,8,3,3-8,BOT,Valtteri Bottas,77,#64D064,31.0,1250,82.994,82.994,0,0,83.209,0.431,-0.39,3.428,-2.104,3,-0.390,0.788,-0.784,3,-3.818,H,#A5AFB9,32,1.0,0,0,0.181,0,0,0,0,0.0,9
2,2024,2024201,23,8,3,3-8,BOT,Valtteri Bottas,77,#64D064,32.0,1251,83.774,83.044,1,0,83.019,0.780,-1.281,0.080,-1.321,3,-0.550,0.811,-0.956,3,-1.361,H,#A5AFB9,33,1.0,0,0,0.181,0,0,0,0,-1.0,10
2,2024,2024201,23,8,3,3-8,BOT,Valtteri Bottas,77,#64D064,33.0,1252,83.093,83.093,0,0,83.068,0.681,-0.599,1.230,-1.214,3,-0.599,0.594,-0.896,3,-1.829,H,#A5AFB9,34,1.0,0,0,0.181,0,0,0,0,0.0,10
2,2024,2024201,23,8,3,3-8,BOT,Valtteri Bottas,77,#64D064,34.0,1253,83.262,83.262,0,0,83.178,0.169,-0.884,0.257,-1.012,3,-0.884,0.257,-1.012,3,-1.141,H,#A5AFB9,35,1.0,0,0,0.181,0,0,0,0,0.0,10
2,2024,2024201,23,8,3,3-8,BOT,Valtteri Bottas,77,#64D064,35.0,1254,83.191,83.191,0,0,83.226,0.071,-0.872,0.323,-1.034,3,-0.872,0.323,-1.034,3,-1.195,H,#A5AFB9,36,1.0,0,0,0.181,0,0,0,0,0.0,10
2,2024,2024201,23,8,3,3-8,BOT,Valtteri Bottas,77,#64D064,36.0,1255,83.597,83.597,0,0,83.394,0.406,-1.33,-0.076,-1.292,23,-1.330,-0.076,-1.292,23,-1.254,H,#A5AFB9,37,1.0,0,0,0.181,0,0,0,0,-1.0,11
2,2024,2024201,23,8,3,3-8,BOT,Valtteri Bottas,77,#64D064,37.0,1256,83.97,83.436,1,0,83.517,0.373,-1.65,-0.662,-1.319,23,-1.116,-0.128,-1.052,23,-0.988,H,#A5AFB9,38,1.0,0,0,0.181,0,0,0,0,-1.0,12
2,2024,2024201,23,8,3,3-8,BOT,Valtteri Bottas,77,#64D064,38.0,1257,83.275,83.275,0,0,83.356,0.695,-1.049,-0.035,-1.032,23,-1.049,-0.035,-1.032,23,-1.014,H,#A5AFB9,39,1.0,0,0,0.181,0,0,0,0,0.0,12
2,2024,2024201,23,8,3,3-8,BOT,Valtteri Bottas,77,#64D064,39.0,1258,83.188,83.188,0,0,83.232,0.087,-1.082,0.256,-1.210,3,-1.082,0.256,-1.210,3,-1.338,H,#A5AFB9,40,1.0,0,0,0.181,0,0,0,0,0.0,12
2,2024,2024201,23,8,3,3-8,BOT,Valtteri Bottas,77,#64D064,40.0,1259,83.072,83.072,0,0,83.13,0.116,-0.95,0.413,-1.157,3,-0.950,0.413,-1.157,3,-1.363,H,#A5AFB9,41,1.0,0,0,0.181,0,0,0,0,0.0,10
2,2024,2024201,23,8,3,3-8,BOT,Valtteri Bottas,77,#64D064,41.0,1260,83.145,83.145,0,0,83.108,0.073,-1.167,0.501,-1.417,3,-1.167,0.501,-1.417,3,-1.668,H,#A5AFB9,42,1.0,0,0,0.181,0,0,0,0,0.0,10
2,2024,2024201,23,8,3,3-8,BOT,Valtteri Bottas,77,#64D064,42.0,1261,83.341,83.341,0,0,83.243,0.196,-1.352,1.073,-1.889,3,-1.352,1.073,-1.889,3,-2.425,H,#A5AFB9,43,1.0,0,0,0.181,0,0,0,0,0.0,10
2,2024,2024201,23,8,3,3-8,BOT,Valtteri Bottas,77,#64D064,43.0,1262,85.121,83.274,1,0,83.307,1.780,-3.518,-,-,-,-1.670,-,-,-,,H,#A5AFB9,44,1.0,0,0,0.181,0,0,0,0,-2.0,12
2,2024,2024201,23,8,3,3-8,BOT,Valtteri Bottas,77,#64D064,44.0,1263,83.206,83.206,0,0,83.24,1.915,-1.664,-,-,-,-1.664,-,-,-,,H,#A5AFB9,45,1.0,0,0,0.181,0,0,0,0,0.0,12
2,2024,2024201,23,8,3,3-8,BOT,Valtteri Bottas,77,#64D064,45.0,1264,83.072,83.072,0,0,83.139,0.134,-1.391,-0.708,-1.037,23,-1.391,-0.708,-1.037,23,-0.683,H,#A5AFB9,46,1.0,0,0,0.181,0,0,0,0,0.0,12
2,2024,2024201,23,8,3,3-8,BOT,Valtteri Bottas,77,#64D064,46.0,1265,83.039,83.039,0,0,83.056,0.033,-1.499,0.025,-1.512,3,-1.499,-0.867,-1.065,23,-1.524,H,#A5AFB9,47,1.0,0,0,0.181,0,0,0,0,0.0,12
2,2024,2024201,23,8,3,3-8,BOT,Valtteri Bottas,77,#64D064,47.0,1266,83.008,83.008,0,0,83.024,0.031,-1.585,-1.028,-1.071,23,-1.585,-1.028,-1.071,23,-0.557,H,#A5AFB9,48,1.0,0,0,0.181,0,0,0,0,0.0,12
2,2024,2024201,23,8,3,3-8,BOT,Valtteri Bottas,77,#64D064,48.0,1267,82.879,82.879,0,0,82.944,0.129,-1.559,-1.045,-1.036,23,-1.559,-1.045,-1.036,23,-0.514,H,#A5AFB9,49,1.0,0,0,0.181,0,0,0,0,0.0,11
2,2024,2024201,23,8,3,3-8,BOT,Valtteri Bottas,77,#64D064,49.0,1268,-,-,0,1,-,-,-,-,-,-,-,-,-,-,-0.547,H,#A5AFB9,50,1.0,1,0,0.181,0,0,0,0,0.0,13
2,2024,2024201,23,8,3,3-8,BOT,Valtteri Bottas,77,#64D064,50.0,1269,-,-,0,1,-,-,-,-,-,-,-,-,-,-,-0.705,M,#F0E628,2,2.0,0,0,0.128,0,0,0,0,0.0,14
2,2024,2024201,23,8,3,3-8,BOT,Valtteri Bottas,77,#64D064,51.0,1270,81.855,81.855,0,0,-,-,-0.734,-0.083,-0.693,23,-0.734,-0.083,-0.693,23,-0.651,M,#F0E628,3,2.0,0,0,0.128,0,0,0,0,0.0,14
2,2024,2024201,23,8,3,3-8,BOT,Valtteri Bottas,77,#64D064,52.0,1271,81.442,81.442,0,0,81.648,0.413,-0.316,0.338,-0.485,3,-0.316,0.338,-0.485,3,-0.654,M,#F0E628,4,2.0,0,0,0.128,0,0,0,0,0.0,14
2,2024,2024201,23,8,3,3-8,BOT,Valtteri Bottas,77,#64D064,53.0,1272,81.25,81.25,0,0,81.346,0.192,-0.112,0.536,-0.380,3,-0.112,0.536,-0.380,3,-0.648,M,#F0E628,5,2.0,0,0,0.128,0,0,0,0,0.0,14
2,2024,2024201,23,8,3,3-8,BOT,Valtteri Bottas,77,#64D064,54.0,1273,81.239,81.239,0,0,81.244,0.011,-0.127,0.474,-0.364,3,-0.127,0.474,-0.364,3,-0.601,M,#F0E628,6,2.0,0,0,0.128,0,0,0,0,0.0,14
2,2024,2024201,23,8,3,3-8,BOT,Valtteri Bottas,77,#64D064,55.0,1274,81.165,81.165,0,0,81.202,0.074,-0.021,0.421,-0.232,3,-0.021,0.421,-0.232,3,-0.442,M,#F0E628,7,2.0,0,0,0.128,0,0,0,0,0.0,14
2,2024,2024201,23,8,3,3-8,BOT,Valtteri Bottas,77,#64D064,56.0,1275,81.275,81.275,0,0,81.22,0.110,-0.195,0.278,-0.334,3,-0.195,0.278,-0.334,3,-0.473,M,#F0E628,8,2.0,0,0,0.128,0,0,0,0,0.0,14
2,2024,2024201,23,8,3,3-8,BOT,Valtteri Bottas,77,#64D064,57.0,1276,81.085,81.085,0,0,81.18,0.190,0.007,0.779,-0.383,3,0.007,0.779,-0.383,3,-0.772,M,#F0E628,9,2.0,0,0,0.128,0,0,0,0,0.0,14
2,2024,2024201,23,8,3,3-8,BOT,Valtteri Bottas,77,#64D064,58.0,1277,81.142,81.142,0,0,81.113,0.057,0.095,3.529,-1.669,3,0.095,0.898,-0.354,3,-3.434,M,#F0E628,10,2.0,0,0,0.128,0,0,0,0,0.0,14
2,2024,2024201,23,8,3,3-8,BOT,Valtteri Bottas,77,#64D064,59.0,1278,81.089,81.089,0,0,81.116,0.053,0.099,1.127,-0.465,3,0.099,1.127,-0.465,3,-1.028,M,#F0E628,11,2.0,0,0,0.128,0,0,0,0,0.0,14
2,2024,2024201,23,8,3,3-8,BOT,Valtteri Bottas,77,#64D064,60.0,1279,81.261,81.261,0,0,81.175,0.172,-0.064,1.152,-0.640,3,-0.064,1.152,-0.640,3,-1.216,M,#F0E628,12,2.0,0,1,0.128,0,0,0,0,0.0,14
2,2024,2024201,23,8,3,3-8,BOT,Valtteri Bottas,77,#64D064,61.0,1280,81.393,81.393,0,0,81.327,0.132,-0.335,1.049,-0.859,3,-0.335,1.049,-0.859,3,-1.384,M,#F0E628,13,2.0,0,0,0.128,0,0,0,0,0.0,14
2,2024,2024201,23,8,3,3-8,BOT,Valtteri Bottas,77,#64D064,62.0,1281,81.383,81.383,0,0,81.388,0.010,-0.248,0.936,-0.716,3,-0.248,0.936,-0.716,3,-1.184,M,#F0E628,14,2.0,0,0,0.128,0,0,0,0,0.0,14
2,2024,2024201,23,8,3,3-8,BOT,Valtteri Bottas,77,#64D064,63.0,1282,81.629,81.629,0,0,81.506,0.246,-0.5,0.191,-0.595,3,-0.500,0.191,-0.595,3,-0.691,M,#F0E628,15,2.0,0,0,0.128,0,0,0,0,0.0,14
2,2024,2024201,23,8,3,3-8,BOT,Valtteri Bottas,77,#64D064,64.0,1283,81.714,81.714,0,0,81.672,0.085,-0.487,0.248,-0.611,3,-0.487,0.248,-0.611,3,-0.735,M,#F0E628,16,2.0,0,0,0.128,0,0,0,0,0.0,14
2,2024,2024201,23,8,3,3-8,BOT,Valtteri Bottas,77,#64D064,65.0,1284,81.953,81.714,1,0,81.714,0.239,-0.709,-0.018,-0.700,23,-0.470,0.221,-0.581,3,-0.691,M,#F0E628,17,2.0,0,0,0.128,0,0,0,0,0.0,14
2,2024,2024201,23,8,3,3-8,BOT,Valtteri Bottas,77,#64D064,66.0,1285,81.714,81.714,0,0,81.714,0.239,-0.423,0.121,-0.483,3,-0.423,0.121,-0.483,3,-0.544,M,#F0E628,18,2.0,0,0,0.128,0,0,0,0,0.0,13
2,2024,2024201,23,8,3,3-8,BOT,Valtteri Bottas,77,#64D064,67.0,1286,81.416,81.416,0,0,81.565,0.298,-0.27,0.640,-0.590,3,-0.270,0.415,-0.477,3,-0.91,M,#F0E628,19,2.0,0,0,0.128,0,0,0,0,0.0,13
2,2024,2024201,23,8,3,3-8,BOT,Valtteri Bottas,77,#64D064,68.0,1287,81.464,81.464,0,0,81.44,0.048,-0.421,0.362,-0.602,3,-0.421,0.362,-0.602,3,-0.783,M,#F0E628,20,2.0,0,0,0.128,0,0,0,0,0.0,13
2,2024,2024201,23,8,3,3-8,BOT,Valtteri Bottas,77,#64D064,69.0,1288,82.585,82.585,0,0,82.024,1.121,-1.418,1.020,-1.928,3,-1.418,-0.306,-1.265,23,-2.438,M,#F0E628,21,2.0,0,0,0.128,0,0,0,0,0.0,13
2,2024,2024201,23,8,3,3-8,BOT,Valtteri Bottas,77,#64D064,70.0,1289,83.751,83.751,0,0,83.168,1.166,-2.094,-1.020,-1.584,23,-2.094,-1.020,-1.584,23,-1.074,M,#F0E628,22,2.0,0,0,0.128,0,0,0,0,-1.0,14
2,2024,2024201,23,8,23,23-8,ZHO,Guanyu Zhou,24,#64D064,1.0,1220,-,-,0,1,-,-,-,-,-,-,-,-,-,-,,H,#A5AFB9,2,1.0,0,0,0.300,0,1,0,0,,16
2,2024,2024201,23,8,23,23-8,ZHO,Guanyu Zhou,24,#64D064,2.0,1221,-,-,0,1,-,-,-,-,-,-,-,-,-,-,,H,#A5AFB9,3,1.0,0,0,0.300,0,0,0,0,0.0,16
2,2024,2024201,23,8,23,23-8,ZHO,Guanyu Zhou,24,#64D064,3.0,1222,-,-,0,1,-,-,-,-,-,-,-,-,-,-,,H,#A5AFB9,4,1.0,0,0,0.300,0,0,0,0,0.0,16
2,2024,2024201,23,8,23,23-8,ZHO,Guanyu Zhou,24,#64D064,4.0,1223,-,-,0,1,-,-,-,-,-,-,-,-,-,-,,H,#A5AFB9,5,1.0,0,0,0.300,0,0,0,0,0.0,16
2,2024,2024201,23,8,23,23-8,ZHO,Guanyu Zhou,24,#64D064,5.0,1224,-,-,0,1,-,-,-,-,-,-,-,-,-,-,,H,#A5AFB9,6,1.0,0,0,0.300,0,0,0,0,0.0,16
2,2024,2024201,23,8,23,23-8,ZHO,Guanyu Zhou,24,#64D064,6.0,1225,-,-,0,1,-,-,-,-,-,-,-,-,-,-,,H,#A5AFB9,7,1.0,0,0,0.300,1,0,0,0,0.0,16
2,2024,2024201,23,8,23,23-8,ZHO,Guanyu Zhou,24,#64D064,7.0,1226,-,-,0,1,-,-,-,-,-,-,-,-,-,-,,H,#A5AFB9,8,1.0,0,0,0.300,0,0,0,0,0.0,16
2,2024,2024201,23,8,23,23-8,ZHO,Guanyu Zhou,24,#64D064,8.0,1227,83.38,83.38,0,0,-,-,-0.773,0.249,-0.649,3,-0.773,0.249,-0.649,3,-0.524,H,#A5AFB9,9,1.0,0,0,0.300,0,0,0,0,0.0,16
2,2024,2024201,23,8,23,23-8,ZHO,Guanyu Zhou,24,#64D064,9.0,1228,82.904,82.904,0,0,83.142,0.476,-0.181,-0.060,-0.211,23,-0.181,-0.060,-0.211,23,-0.241,H,#A5AFB9,10,1.0,0,0,0.300,0,0,0,0,0.0,16
2,2024,2024201,23,8,23,23-8,ZHO,Guanyu Zhou,24,#64D064,10.0,1229,84.166,83.256,1,0,83.08,1.262,-1.279,0.683,-0.938,3,-0.369,-0.227,-0.482,23,-0.596,H,#A5AFB9,11,1.0,0,0,0.300,0,0,0,0,-1.0,17
2,2024,2024201,23,8,23,23-8,ZHO,Guanyu Zhou,24,#64D064,11.0,1230,83.608,83.608,0,0,83.432,0.558,-0.8,-0.069,-0.835,23,-0.800,-0.069,-0.835,23,-0.869,H,#A5AFB9,12,1.0,0,0,0.300,0,0,0,0,0.0,17
2,2024,2024201,23,8,23,23-8,ZHO,Guanyu Zhou,24,#64D064,12.0,1231,83.489,83.489,0,0,83.548,0.119,-0.789,-0.118,-0.848,23,-0.789,-0.118,-0.848,23,-0.907,H,#A5AFB9,13,1.0,0,0,0.300,0,0,0,0,0.0,17
2,2024,2024201,23,8,23,23-8,ZHO,Guanyu Zhou,24,#64D064,13.0,1232,83.757,83.757,0,0,83.623,0.268,-0.945,-0.568,-1.229,23,-0.945,-0.141,-1.016,23,-1.513,H,#A5AFB9,14,1.0,0,0,0.300,0,0,0,0,0.0,17
2,2024,2024201,23,8,23,23-8,ZHO,Guanyu Zhou,24,#64D064,14.0,1233,83.979,83.979,0,0,83.868,0.222,-0.945,-0.210,-1.050,23,-0.945,-0.210,-1.050,23,-1.155,H,#A5AFB9,15,1.0,0,0,0.300,0,0,0,0,0.0,17
2,2024,2024201,23,8,23,23-8,ZHO,Guanyu Zhou,24,#64D064,15.0,1234,85.364,84.053,1,0,84.016,1.385,-2.316,1.149,-1.741,3,-1.004,-0.163,-1.085,23,-1.167,H,#A5AFB9,16,1.0,0,0,0.300,0,0,0,0,0.0,16
2,2024,2024201,23,8,23,23-8,ZHO,Guanyu Zhou,24,#64D064,16.0,1235,84.126,84.126,0,0,84.089,1.238,-1.254,0.345,-1.081,3,-1.254,0.345,-1.081,3,-0.909,H,#A5AFB9,17,1.0,0,0,0.300,0,0,0,0,0.0,16
2,2024,2024201,23,8,23,23-8,ZHO,Guanyu Zhou,24,#64D064,17.0,1236,83.57,83.57,0,0,83.848,0.556,-0.692,-0.135,-0.759,23,-0.692,-0.135,-0.759,23,-0.827,H,#A5AFB9,18,1.0,0,0,0.300,0,0,0,0,0.0,16
2,2024,2024201,23,8,23,23-8,ZHO,Guanyu Zhou,24,#64D064,18.0,1237,83.676,83.676,0,0,83.623,0.106,-0.524,-0.130,-0.589,23,-0.524,-0.130,-0.589,23,-0.654,H,#A5AFB9,19,1.0,0,0,0.300,0,0,0,0,0.0,16
2,2024,2024201,23,8,23,23-8,ZHO,Guanyu Zhou,24,#64D064,19.0,1238,83.694,83.694,0,0,83.685,0.018,-0.431,-0.026,-0.444,23,-0.431,-0.026,-0.444,23,-0.457,H,#A5AFB9,20,1.0,0,0,0.300,0,0,0,0,0.0,16
2,2024,2024201,23,8,23,23-8,ZHO,Guanyu Zhou,24,#64D064,20.0,1239,83.54,83.54,0,0,83.617,0.154,-0.353,0.087,-0.309,3,-0.353,0.087,-0.309,3,-0.266,H,#A5AFB9,21,1.0,0,0,0.300,0,0,0,0,0.0,16
2,2024,2024201,23,8,23,23-8,ZHO,Guanyu Zhou,24,#64D064,21.0,1240,83.774,83.774,0,0,83.657,0.234,-0.656,-0.130,-0.721,23,-0.656,0.251,-0.530,3,-0.786,H,#A5AFB9,22,1.0,0,0,0.300,0,0,0,0,0.0,15
2,2024,2024201,23,8,23,23-8,ZHO,Guanyu Zhou,24,#64D064,22.0,1241,83.7,83.7,0,0,83.737,0.074,-0.768,0.107,-0.715,3,-0.768,0.107,-0.715,3,-0.661,H,#A5AFB9,23,1.0,0,0,0.300,0,0,0,0,0.0,15
2,2024,2024201,23,8,23,23-8,ZHO,Guanyu Zhou,24,#64D064,23.0,1242,83.709,83.709,0,0,83.704,0.009,-0.908,0.288,-0.764,3,-0.908,0.288,-0.764,3,-0.62,H,#A5AFB9,24,1.0,0,0,0.300,0,0,0,0,0.0,15
2,2024,2024201,23,8,23,23-8,ZHO,Guanyu Zhou,24,#64D064,24.0,1243,83.371,83.371,0,0,83.54,0.338,-0.525,0.130,-0.460,3,-0.525,0.130,-0.460,3,-0.395,H,#A5AFB9,25,1.0,0,0,0.300,0,0,0,0,0.0,15
2,2024,2024201,23,8,23,23-8,ZHO,Guanyu Zhou,24,#64D064,25.0,1244,83.783,83.783,0,0,83.577,0.412,-0.755,0.199,-0.655,3,-0.755,0.199,-0.655,3,-0.556,H,#A5AFB9,26,1.0,0,1,0.300,0,0,0,0,0.0,15
2,2024,2024201,23,8,23,23-8,ZHO,Guanyu Zhou,24,#64D064,26.0,1245,84.058,84.058,0,0,83.92,0.275,-0.871,0.199,-0.772,3,-0.871,0.199,-0.772,3,-0.672,H,#A5AFB9,27,1.0,0,0,0.300,0,0,0,0,0.0,15
2,2024,2024201,23,8,23,23-8,ZHO,Guanyu Zhou,24,#64D064,27.0,1246,83.835,83.835,0,0,83.946,0.223,-0.656,0.282,-0.515,3,-0.656,0.282,-0.515,3,-0.374,H,#A5AFB9,28,1.0,0,0,0.300,0,0,0,0,0.0,13
2,2024,2024201,23,8,23,23-8,ZHO,Guanyu Zhou,24,#64D064,28.0,1247,85.184,84.166,1,0,84.0,1.349,-2.085,1.734,-1.218,3,-1.067,0.716,-0.709,3,-0.351,H,#A5AFB9,29,1.0,0,0,0.300,0,0,0,0,-1.0,14
2,2024,2024201,23,8,23,23-8,ZHO,Guanyu Zhou,24,#64D064,29.0,1248,84.497,84.497,0,0,84.332,0.687,-1.505,0.731,-1.139,3,-1.505,0.731,-1.139,3,-0.774,H,#A5AFB9,30,1.0,0,0,0.300,0,0,0,0,-1.0,14
2,2024,2024201,23,8,23,23-8,ZHO,Guanyu Zhou,24,#64D064,30.0,1249,83.71,83.71,0,0,84.104,0.787,-1.057,0.285,-0.914,3,-1.057,0.285,-0.914,3,-0.772,H,#A5AFB9,31,1.0,0,0,0.300,0,0,0,0,0.0,13
2,2024,2024201,23,8,23,23-8,ZHO,Guanyu Zhou,24,#64D064,31.0,1250,86.422,83.782,1,0,83.746,2.712,-3.818,3.428,-2.104,3,-1.178,0.788,-0.784,3,-0.39,H,#A5AFB9,32,1.0,0,0,0.300,0,0,0,0,-1.0,14
2,2024,2024201,23,8,23,23-8,ZHO,Guanyu Zhou,24,#64D064,32.0,1251,83.854,83.854,0,0,83.818,2.568,-1.361,0.080,-1.321,3,-1.361,0.811,-0.956,3,-1.281,H,#A5AFB9,33,1.0,0,0,0.300,0,0,0,0,0.0,14
2,2024,2024201,23,8,23,23-8,ZHO,Guanyu Zhou,24,#64D064,33.0,1252,84.323,83.686,1,0,83.77,0.469,-1.829,1.230,-1.214,3,-1.193,0.594,-0.896,3,-0.599,H,#A5AFB9,34,1.0,0,0,0.300,0,0,0,0,-1.0,15
2,2024,2024201,23,8,23,23-8,ZHO,Guanyu Zhou,24,#64D064,34.0,1253,83.519,83.519,0,0,83.603,0.804,-1.141,0.257,-1.012,3,-1.141,0.257,-1.012,3,-0.884,H,#A5AFB9,35,1.0,0,0,0.300,0,0,0,0,0.0,15
2,2024,2024201,23,8,23,23-8,ZHO,Guanyu Zhou,24,#64D064,35.0,1254,83.514,83.514,0,0,83.517,0.005,-1.195,0.323,-1.034,3,-1.195,0.323,-1.034,3,-0.872,H,#A5AFB9,36,1.0,0,0,0.300,0,0,0,0,0.0,15
2,2024,2024201,23,8,23,23-8,ZHO,Guanyu Zhou,24,#64D064,36.0,1255,83.521,83.521,0,0,83.518,0.007,-1.254,-0.076,-1.292,23,-1.254,-0.076,-1.292,23,-1.33,H,#A5AFB9,37,1.0,0,0,0.300,0,0,0,0,0.0,15
2,2024,2024201,23,8,23,23-8,ZHO,Guanyu Zhou,24,#64D064,37.0,1256,83.308,83.308,0,0,83.414,0.213,-0.988,-0.662,-1.319,23,-0.988,-0.128,-1.052,23,-1.65,H,#A5AFB9,38,1.0,0,0,0.300,0,0,0,0,0.0,15
2,2024,2024201,23,8,23,23-8,ZHO,Guanyu Zhou,24,#64D064,38.0,1257,83.24,83.24,0,0,83.274,0.068,-1.014,-0.035,-1.032,23,-1.014,-0.035,-1.032,23,-1.049,H,#A5AFB9,39,1.0,0,0,0.300,0,0,0,0,0.0,15
2,2024,2024201,23,8,23,23-8,ZHO,Guanyu Zhou,24,#64D064,39.0,1258,83.444,83.444,0,0,83.342,0.204,-1.338,0.256,-1.210,3,-1.338,0.256,-1.210,3,-1.082,H,#A5AFB9,40,1.0,0,0,0.300,0,0,0,0,0.0,15
2,2024,2024201,23,8,23,23-8,ZHO,Guanyu Zhou,24,#64D064,40.0,1259,83.485,83.485,0,0,83.464,0.041,-1.363,0.413,-1.157,3,-1.363,0.413,-1.157,3,-0.95,H,#A5AFB9,41,1.0,0,0,0.300,0,0,0,0,0.0,14
2,2024,2024201,23,8,23,23-8,ZHO,Guanyu Zhou,24,#64D064,41.0,1260,83.646,83.646,0,0,83.566,0.161,-1.668,0.501,-1.417,3,-1.668,0.501,-1.417,3,-1.167,H,#A5AFB9,42,1.0,0,0,0.300,0,0,0,0,0.0,14
2,2024,2024201,23,8,23,23-8,ZHO,Guanyu Zhou,24,#64D064,42.0,1261,84.414,84.414,0,0,84.03,0.768,-2.425,1.073,-1.889,3,-2.425,1.073,-1.889,3,-1.352,H,#A5AFB9,43,1.0,0,0,0.300,0,0,0,0,-1.0,15
2,2024,2024201,23,8,23,23-8,ZHO,Guanyu Zhou,24,#64D064,43.0,1262,-,-,0,1,-,-,-,-,-,-,-,-,-,-,-3.518,H,#A5AFB9,44,1.0,1,0,0.300,0,0,0,0,0.0,16
2,2024,2024201,23,8,23,23-8,ZHO,Guanyu Zhou,24,#64D064,44.0,1263,-,-,0,1,-,-,-,-,-,-,-,-,-,-,-1.664,M,#F0E628,2,2.0,0,0,0.269,0,0,0,0,0.0,16
2,2024,2024201,23,8,23,23-8,ZHO,Guanyu Zhou,24,#64D064,45.0,1264,82.364,82.364,0,0,-,-,-0.683,-0.708,-1.037,23,-0.683,-0.708,-1.037,23,-1.391,M,#F0E628,3,2.0,0,0,0.269,0,0,0,0,0.0,16
2,2024,2024201,23,8,23,23-8,ZHO,Guanyu Zhou,24,#64D064,46.0,1265,83.064,82.172,1,0,82.268,0.700,-1.524,0.025,-1.512,3,-0.632,-0.867,-1.065,23,-1.499,M,#F0E628,4,2.0,0,0,0.269,0,0,0,0,-1.0,17
2,2024,2024201,23,8,23,23-8,ZHO,Guanyu Zhou,24,#64D064,47.0,1266,81.98,81.98,0,0,82.076,1.084,-0.557,-1.028,-1.071,23,-0.557,-1.028,-1.071,23,-1.585,M,#F0E628,5,2.0,0,0,0.269,0,0,0,0,0.0,17
2,2024,2024201,23,8,23,23-8,ZHO,Guanyu Zhou,24,#64D064,48.0,1267,81.834,81.834,0,0,81.907,0.146,-0.514,-1.045,-1.036,23,-0.514,-1.045,-1.036,23,-1.559,M,#F0E628,6,2.0,0,0,0.269,0,0,0,0,0.0,17
2,2024,2024201,23,8,23,23-8,ZHO,Guanyu Zhou,24,#64D064,49.0,1268,81.689,81.689,0,0,81.762,0.145,-0.547,-,-,-,-0.547,-,-,-,,M,#F0E628,7,2.0,0,0,0.269,0,0,0,0,0.0,17
2,2024,2024201,23,8,23,23-8,ZHO,Guanyu Zhou,24,#64D064,50.0,1269,81.776,81.776,0,0,81.732,0.087,-0.705,-,-,-,-0.705,-,-,-,,M,#F0E628,8,2.0,0,0,0.269,0,0,0,0,0.0,17
2,2024,2024201,23,8,23,23-8,ZHO,Guanyu Zhou,24,#64D064,51.0,1270,81.772,81.772,0,0,81.774,0.004,-0.651,-0.083,-0.693,23,-0.651,-0.083,-0.693,23,-0.734,M,#F0E628,9,2.0,0,0,0.269,0,0,0,0,0.0,17
2,2024,2024201,23,8,23,23-8,ZHO,Guanyu Zhou,24,#64D064,52.0,1271,81.78,81.78,0,0,81.776,0.008,-0.654,0.338,-0.485,3,-0.654,0.338,-0.485,3,-0.316,M,#F0E628,10,2.0,0,0,0.269,0,0,0,0,0.0,17
2,2024,2024201,23,8,23,23-8,ZHO,Guanyu Zhou,24,#64D064,53.0,1272,81.786,81.786,0,0,81.783,0.006,-0.648,0.536,-0.380,3,-0.648,0.536,-0.380,3,-0.112,M,#F0E628,11,2.0,0,0,0.269,0,0,0,0,0.0,17
2,2024,2024201,23,8,23,23-8,ZHO,Guanyu Zhou,24,#64D064,54.0,1273,81.713,81.713,0,0,81.75,0.073,-0.601,0.474,-0.364,3,-0.601,0.474,-0.364,3,-0.127,M,#F0E628,12,2.0,0,0,0.269,0,0,0,0,0.0,17
2,2024,2024201,23,8,23,23-8,ZHO,Guanyu Zhou,24,#64D064,55.0,1274,81.586,81.586,0,0,81.649,0.127,-0.442,0.421,-0.232,3,-0.442,0.421,-0.232,3,-0.021,M,#F0E628,13,2.0,0,0,0.269,0,0,0,0,0.0,17
2,2024,2024201,23,8,23,23-8,ZHO,Guanyu Zhou,24,#64D064,56.0,1275,81.553,81.553,0,0,81.57,0.033,-0.473,0.278,-0.334,3,-0.473,0.278,-0.334,3,-0.195,M,#F0E628,14,2.0,0,0,0.269,0,0,0,0,0.0,17
2,2024,2024201,23,8,23,23-8,ZHO,Guanyu Zhou,24,#64D064,57.0,1276,81.864,81.864,0,0,81.708,0.311,-0.772,0.779,-0.383,3,-0.772,0.779,-0.383,3,0.007,M,#F0E628,15,2.0,0,1,0.269,0,0,0,0,0.0,17
2,2024,2024201,23,8,23,23-8,ZHO,Guanyu Zhou,24,#64D064,58.0,1277,84.671,82.04,1,0,81.952,2.807,-3.434,3.529,-1.669,3,-0.803,0.898,-0.354,3,0.095,M,#F0E628,16,2.0,0,0,0.269,0,0,0,0,0.0,17
2,2024,2024201,23,8,23,23-8,ZHO,Guanyu Zhou,24,#64D064,59.0,1278,82.216,82.216,0,0,82.128,2.455,-1.028,1.127,-0.465,3,-1.028,1.127,-0.465,3,0.099,M,#F0E628,17,2.0,0,0,0.269,0,0,0,0,0.0,17
2,2024,2024201,23,8,23,23-8,ZHO,Guanyu Zhou,24,#64D064,60.0,1279,82.413,82.413,0,0,82.314,0.197,-1.216,1.152,-0.640,3,-1.216,1.152,-0.640,3,-0.064,M,#F0E628,18,2.0,0,0,0.269,0,0,0,0,0.0,17
2,2024,2024201,23,8,23,23-8,ZHO,Guanyu Zhou,24,#64D064,61.0,1280,82.442,82.442,0,0,82.428,0.029,-1.384,1.049,-0.859,3,-1.384,1.049,-0.859,3,-0.335,M,#F0E628,19,2.0,0,0,0.269,0,0,0,0,0.0,17
2,2024,2024201,23,8,23,23-8,ZHO,Guanyu Zhou,24,#64D064,62.0,1281,82.319,82.319,0,0,82.38,0.123,-1.184,0.936,-0.716,3,-1.184,0.936,-0.716,3,-0.248,M,#F0E628,20,2.0,0,0,0.269,0,0,0,0,0.0,17
2,2024,2024201,23,8,23,23-8,ZHO,Guanyu Zhou,24,#64D064,63.0,1282,81.82,81.82,0,0,82.07,0.499,-0.691,0.191,-0.595,3,-0.691,0.191,-0.595,3,-0.5,M,#F0E628,21,2.0,0,0,0.269,0,0,0,0,0.0,17
2,2024,2024201,23,8,23,23-8,ZHO,Guanyu Zhou,24,#64D064,64.0,1283,81.962,81.962,0,0,81.891,0.142,-0.735,0.248,-0.611,3,-0.735,0.248,-0.611,3,-0.487,M,#F0E628,22,2.0,0,0,0.269,0,0,0,0,0.0,17
2,2024,2024201,23,8,23,23-8,ZHO,Guanyu Zhou,24,#64D064,65.0,1284,81.935,81.935,0,0,81.948,0.027,-0.691,-0.018,-0.700,23,-0.691,0.221,-0.581,3,-0.709,M,#F0E628,23,2.0,0,0,0.269,0,0,0,0,0.0,17
2,2024,2024201,23,8,23,23-8,ZHO,Guanyu Zhou,24,#64D064,66.0,1285,81.835,81.835,0,0,81.885,0.100,-0.544,0.121,-0.483,3,-0.544,0.121,-0.483,3,-0.423,M,#F0E628,24,2.0,0,0,0.269,0,0,0,0,0.0,16
2,2024,2024201,23,8,23,23-8,ZHO,Guanyu Zhou,24,#64D064,67.0,1286,82.056,81.83,1,0,81.833,0.221,-0.91,0.640,-0.590,3,-0.685,0.415,-0.477,3,-0.27,M,#F0E628,25,2.0,0,0,0.269,0,0,0,0,0.0,16
2,2024,2024201,23,8,23,23-8,ZHO,Guanyu Zhou,24,#64D064,68.0,1287,81.826,81.826,0,0,81.828,0.230,-0.783,0.362,-0.602,3,-0.783,0.362,-0.602,3,-0.421,M,#F0E628,26,2.0,0,0,0.269,0,0,0,0,0.0,16
2,2024,2024201,23,8,23,23-8,ZHO,Guanyu Zhou,24,#64D064,69.0,1288,83.604,82.278,1,0,82.052,1.778,-2.438,1.020,-1.928,3,-1.112,-0.306,-1.265,23,-1.418,M,#F0E628,27,2.0,0,0,0.269,0,0,0,0,0.0,15
2,2024,2024201,23,8,23,23-8,ZHO,Guanyu Zhou,24,#64D064,70.0,1289,82.731,82.731,0,0,82.505,0.873,-1.074,-1.020,-1.584,23,-1.074,-1.020,-1.584,23,-2.094,M,#F0E628,28,2.0,0,0,0.269,0,0,0,0,0.0,15
2,2024,2024210,24,8,3,3-8,BOT,Valtteri Bottas,77,#64D064,1.0,1291,-,-,0,1,-,-,-,-,-,-,-,-,-,-,,M,#F0E628,7,1.0,0,0,0.211,0,0,0,0,,16
2,2024,2024210,24,8,3,3-8,BOT,Valtteri Bottas,77,#64D064,2.0,1292,-,-,0,1,-,-,-,-,-,-,-,-,-,-,,M,#F0E628,8,1.0,0,0,0.211,0,0,0,0,0.0,16
2,2024,2024210,24,8,3,3-8,BOT,Valtteri Bottas,77,#64D064,3.0,1293,74.413,74.413,0,0,-,-,-0.954,0.854,-0.527,23,-0.954,0.854,-0.527,23,-0.1,M,#F0E628,9,1.0,0,0,0.211,0,0,0,0,0.0,16
2,2024,2024210,24,8,3,3-8,BOT,Valtteri Bottas,77,#64D064,4.0,1294,74.44,74.44,0,0,74.426,0.027,-1.204,0.496,-0.956,23,-1.204,0.496,-0.956,23,-0.708,M,#F0E628,10,1.0,0,0,0.211,0,0,0,0,0.0,16
2,2024,2024210,24,8,3,3-8,BOT,Valtteri Bottas,77,#64D064,5.0,1295,74.121,74.121,0,0,74.28,0.319,-0.871,0.509,-0.617,23,-0.871,0.509,-0.617,23,-0.362,M,#F0E628,11,1.0,0,0,0.211,0,0,0,0,0.0,16
2,2024,2024210,24,8,3,3-8,BOT,Valtteri Bottas,77,#64D064,6.0,1296,73.991,73.991,0,0,74.056,0.130,-0.858,0.000,-0.858,23,-0.858,0.000,-0.858,23,-0.858,M,#F0E628,12,1.0,0,0,0.211,0,0,0,0,0.0,16
2,2024,2024210,24,8,3,3-8,BOT,Valtteri Bottas,77,#64D064,7.0,1297,74.354,74.354,0,0,74.172,0.363,-1.125,0.287,-0.982,23,-1.125,0.287,-0.982,23,-0.838,M,#F0E628,13,1.0,0,0,0.211,0,0,0,0,0.0,16
2,2024,2024210,24,8,3,3-8,BOT,Valtteri Bottas,77,#64D064,8.0,1298,74.347,74.347,0,0,74.35,0.007,-1.087,-0.063,-1.119,3,-1.087,-0.063,-1.119,3,-1.15,M,#F0E628,14,1.0,0,0,0.211,0,0,0,0,0.0,16
2,2024,2024210,24,8,3,3-8,BOT,Valtteri Bottas,77,#64D064,9.0,1299,74.761,74.761,0,0,74.554,0.414,-1.404,0.154,-1.327,23,-1.404,0.154,-1.327,23,-1.25,M,#F0E628,15,1.0,0,0,0.211,0,0,0,0,0.0,16
2,2024,2024210,24,8,3,3-8,BOT,Valtteri Bottas,77,#64D064,10.0,1300,75.566,74.244,1,0,74.502,0.805,-2.207,0.677,-1.869,23,-0.885,-0.645,-1.208,3,-1.53,M,#F0E628,16,1.0,0,0,0.211,0,0,0,0,-1.0,17
2,2024,2024210,24,8,3,3-8,BOT,Valtteri Bottas,77,#64D064,11.0,1301,73.727,73.727,0,0,73.986,1.839,-0.555,-0.529,-0.820,3,-0.555,-0.529,-0.820,3,-1.084,M,#F0E628,17,1.0,0,0,0.211,0,0,0,0,0.0,17
2,2024,2024210,24,8,3,3-8,BOT,Valtteri Bottas,77,#64D064,12.0,1302,73.593,73.593,0,0,73.66,0.134,-0.518,-0.634,-0.835,3,-0.518,-0.634,-0.835,3,-1.152,M,#F0E628,18,1.0,0,1,0.211,0,0,0,0,0.0,17
2,2024,2024210,24,8,3,3-8,BOT,Valtteri Bottas,77,#64D064,13.0,1303,74.339,73.733,1,0,73.663,0.746,-1.261,0.080,-1.221,23,-0.655,-0.526,-0.918,3,-1.181,M,#F0E628,19,1.0,0,0,0.211,0,0,0,0,0.0,17
2,2024,2024210,24,8,3,3-8,BOT,Valtteri Bottas,77,#64D064,14.0,1304,73.873,73.873,0,0,73.803,0.466,-0.844,-0.968,-1.328,3,-0.844,-0.312,-1.000,3,-1.812,M,#F0E628,20,1.0,0,0,0.211,0,0,0,0,0.0,17
2,2024,2024210,24,8,3,3-8,BOT,Valtteri Bottas,77,#64D064,15.0,1305,73.554,73.554,0,0,73.714,0.319,-0.645,-0.558,-0.924,3,-0.645,-0.558,-0.924,3,-1.203,M,#F0E628,21,1.0,0,0,0.211,0,0,0,0,0.0,17
2,2024,2024210,24,8,3,3-8,BOT,Valtteri Bottas,77,#64D064,16.0,1306,73.343,73.343,0,0,73.448,0.211,-0.467,-1.451,-1.192,3,-0.467,-0.882,-0.908,3,-1.918,M,#F0E628,22,1.0,0,0,0.211,0,0,0,0,0.0,17
2,2024,2024210,24,8,3,3-8,BOT,Valtteri Bottas,77,#64D064,17.0,1307,73.243,73.243,0,0,73.293,0.100,-0.339,-1.094,-0.886,3,-0.339,-1.094,-0.886,3,-1.433,M,#F0E628,23,1.0,0,0,0.211,0,0,0,0,0.0,17
2,2024,2024210,24,8,3,3-8,BOT,Valtteri Bottas,77,#64D064,18.0,1308,73.295,73.295,0,0,73.269,0.052,-0.235,-0.446,-0.458,3,-0.235,-0.446,-0.458,3,-0.681,M,#F0E628,24,1.0,0,0,0.211,0,0,0,0,0.0,17
2,2024,2024210,24,8,3,3-8,BOT,Valtteri Bottas,77,#64D064,19.0,1309,73.298,73.298,0,0,73.297,0.003,-0.131,-0.422,-0.342,3,-0.131,-0.422,-0.342,3,-0.553,M,#F0E628,25,1.0,0,0,0.211,0,0,0,0,0.0,17
2,2024,2024210,24,8,3,3-8,BOT,Valtteri Bottas,77,#64D064,20.0,1310,73.849,73.849,0,0,73.574,0.551,-0.517,-1.805,-1.419,3,-0.517,-0.206,-0.620,3,-2.322,M,#F0E628,26,1.0,0,0,0.211,0,0,0,0,0.0,16
2,2024,2024210,24,8,3,3-8,BOT,Valtteri Bottas,77,#64D064,21.0,1311,74.685,74.685,0,0,74.267,0.836,-0.878,0.295,-0.730,23,-0.878,0.295,-0.730,23,-0.583,M,#F0E628,27,1.0,0,0,0.211,0,0,0,0,0.0,16
2,2024,2024210,24,8,3,3-8,BOT,Valtteri Bottas,77,#64D064,22.0,1312,-,-,0,1,-,-,-,-,-,-,-,-,-,-,,M,#F0E628,28,1.0,0,0,0.211,0,0,0,1,0.0,16
2,2024,2024210,24,8,3,3-8,BOT,Valtteri Bottas,77,#64D064,23.0,1313,-,-,0,1,-,-,-,-,-,-,-,-,-,-,,M,#F0E628,29,1.0,0,0,0.211,0,0,1,0,0.0,16
2,2024,2024210,24,8,3,3-8,BOT,Valtteri Bottas,77,#64D064,24.0,1314,72.698,72.698,0,0,-,-,-,-,-,-,-,-,-,-,,M,#F0E628,30,1.0,0,0,0.211,0,0,0,0,0.0,16
2,2024,2024210,24,8,23,23-8,ZHO,Guanyu Zhou,24,#64D064,1.0,1291,-,-,0,1,-,-,-,-,-,-,-,-,-,-,,M,#F0E628,6,2.0,0,0,0.274,0,0,0,0,,20
2,2024,2024210,24,8,23,23-8,ZHO,Guanyu Zhou,24,#64D064,2.0,1292,-,-,0,1,-,-,-,-,-,-,-,-,-,-,,M,#F0E628,7,2.0,0,0,0.274,0,0,0,0,0.0,20
2,2024,2024210,24,8,23,23-8,ZHO,Guanyu Zhou,24,#64D064,3.0,1293,73.559,73.559,0,0,-,-,-0.1,0.854,-0.527,23,-0.100,0.854,-0.527,23,-0.954,M,#F0E628,8,2.0,0,0,0.274,0,0,0,0,0.0,20
2,2024,2024210,24,8,23,23-8,ZHO,Guanyu Zhou,24,#64D064,4.0,1294,73.944,73.944,0,0,73.752,0.385,-0.708,0.496,-0.956,23,-0.708,0.496,-0.956,23,-1.204,M,#F0E628,9,2.0,0,0,0.274,0,0,0,0,0.0,20
2,2024,2024210,24,8,23,23-8,ZHO,Guanyu Zhou,24,#64D064,5.0,1295,73.612,73.612,0,0,73.778,0.332,-0.362,0.509,-0.617,23,-0.362,0.509,-0.617,23,-0.871,M,#F0E628,10,2.0,0,0,0.274,0,0,0,0,0.0,20
2,2024,2024210,24,8,23,23-8,ZHO,Guanyu Zhou,24,#64D064,6.0,1296,73.991,73.991,0,0,73.802,0.379,-0.858,0.000,-0.858,23,-0.858,0.000,-0.858,23,-0.858,M,#F0E628,11,2.0,0,0,0.274,0,0,0,0,0.0,20
2,2024,2024210,24,8,23,23-8,ZHO,Guanyu Zhou,24,#64D064,7.0,1297,74.067,74.067,0,0,74.029,0.076,-0.838,0.287,-0.982,23,-0.838,0.287,-0.982,23,-1.125,M,#F0E628,12,2.0,0,0,0.274,0,0,0,0,0.0,20
2,2024,2024210,24,8,23,23-8,ZHO,Guanyu Zhou,24,#64D064,8.0,1298,74.41,74.41,0,0,74.238,0.343,-1.15,-0.063,-1.119,3,-1.150,-0.063,-1.119,3,-1.087,M,#F0E628,13,2.0,0,0,0.274,0,0,0,0,0.0,20
2,2024,2024210,24,8,23,23-8,ZHO,Guanyu Zhou,24,#64D064,9.0,1299,74.607,74.607,0,0,74.508,0.197,-1.25,0.154,-1.327,23,-1.250,0.154,-1.327,23,-1.404,M,#F0E628,14,2.0,0,0,0.274,0,0,0,0,0.0,20
2,2024,2024210,24,8,23,23-8,ZHO,Guanyu Zhou,24,#64D064,10.0,1300,74.889,74.889,0,0,74.748,0.282,-1.53,0.677,-1.869,23,-1.530,-0.645,-1.208,3,-2.207,M,#F0E628,15,2.0,0,0,0.274,0,0,0,0,0.0,20
2,2024,2024210,24,8,23,23-8,ZHO,Guanyu Zhou,24,#64D064,11.0,1301,74.256,74.256,0,0,74.572,0.633,-1.084,-0.529,-0.820,3,-1.084,-0.529,-0.820,3,-0.555,M,#F0E628,16,2.0,0,0,0.274,0,0,0,0,0.0,20
2,2024,2024210,24,8,23,23-8,ZHO,Guanyu Zhou,24,#64D064,12.0,1302,74.227,74.227,0,0,74.242,0.029,-1.152,-0.634,-0.835,3,-1.152,-0.634,-0.835,3,-0.518,M,#F0E628,17,2.0,0,1,0.274,0,0,0,0,0.0,20
2,2024,2024210,24,8,23,23-8,ZHO,Guanyu Zhou,24,#64D064,13.0,1303,74.259,74.259,0,0,74.243,0.032,-1.181,0.080,-1.221,23,-1.181,-0.526,-0.918,3,-1.261,M,#F0E628,18,2.0,0,0,0.274,0,0,0,0,0.0,20
2,2024,2024210,24,8,23,23-8,ZHO,Guanyu Zhou,24,#64D064,14.0,1304,74.841,74.185,1,0,74.222,0.582,-1.812,-0.968,-1.328,3,-1.156,-0.312,-1.000,3,-0.844,M,#F0E628,19,2.0,0,0,0.274,0,0,0,0,0.0,20
2,2024,2024210,24,8,23,23-8,ZHO,Guanyu Zhou,24,#64D064,15.0,1305,74.112,74.112,0,0,74.149,0.729,-1.203,-0.558,-0.924,3,-1.203,-0.558,-0.924,3,-0.645,M,#F0E628,20,2.0,0,0,0.274,0,0,0,0,0.0,20
2,2024,2024210,24,8,23,23-8,ZHO,Guanyu Zhou,24,#64D064,16.0,1306,74.794,74.224,1,0,74.168,0.682,-1.918,-1.451,-1.192,3,-1.349,-0.882,-0.908,3,-0.467,M,#F0E628,21,2.0,0,0,0.274,0,0,0,0,1.0,19
2,2024,2024210,24,8,23,23-8,ZHO,Guanyu Zhou,24,#64D064,17.0,1307,74.337,74.337,0,0,74.281,0.457,-1.433,-1.094,-0.886,3,-1.433,-1.094,-0.886,3,-0.339,M,#F0E628,22,2.0,0,0,0.274,0,0,0,0,0.0,19
2,2024,2024210,24,8,23,23-8,ZHO,Guanyu Zhou,24,#64D064,18.0,1308,73.741,73.741,0,0,74.039,0.596,-0.681,-0.446,-0.458,3,-0.681,-0.446,-0.458,3,-0.235,M,#F0E628,23,2.0,0,0,0.274,0,0,0,0,0.0,19
2,2024,2024210,24,8,23,23-8,ZHO,Guanyu Zhou,24,#64D064,19.0,1309,73.72,73.72,0,0,73.73,0.021,-0.553,-0.422,-0.342,3,-0.553,-0.422,-0.342,3,-0.131,M,#F0E628,24,2.0,0,0,0.274,0,0,0,0,0.0,19
2,2024,2024210,24,8,23,23-8,ZHO,Guanyu Zhou,24,#64D064,20.0,1310,75.654,74.055,1,0,73.888,1.934,-2.322,-1.805,-1.419,3,-0.723,-0.206,-0.620,3,-0.517,M,#F0E628,25,2.0,0,0,0.274,0,0,0,0,1.0,17
2,2024,2024210,24,8,23,23-8,ZHO,Guanyu Zhou,24,#64D064,21.0,1311,74.39,74.39,0,0,74.222,1.264,-0.583,0.295,-0.730,23,-0.583,0.295,-0.730,23,-0.878,M,#F0E628,26,2.0,0,0,0.274,0,0,0,0,0.0,17
2,2024,2024210,24,8,23,23-8,ZHO,Guanyu Zhou,24,#64D064,22.0,1312,-,-,0,1,-,-,-,-,-,-,-,-,-,-,,M,#F0E628,27,2.0,0,0,0.274,0,0,0,1,0.0,17
2,2024,2024210,24,8,23,23-8,ZHO,Guanyu Zhou,24,#64D064,23.0,1313,-,-,0,1,-,-,-,-,-,-,-,-,-,-,,M,#F0E628,28,2.0,0,0,0.274,0,0,1,0,0.0,17
2,2024,2024210,24,8,23,23-8,ZHO,Guanyu Zhou,24,#64D064,24.0,1314,73.677,73.677,0,0,-,-,-,-,-,-,-,-,-,-,,M,#F0E628,29,2.0,0,0,0.274,0,0,0,0,0.0,17
2,2024,2024211,25,8,3,3-8,BOT,Valtteri Bottas,77,#64D064,1.0,1315,-,-,0,1,-,-,-,-,-,-,-,-,-,-,,I,#50A078,1,1.0,0,0,0.343,0,0,0,0,,15
2,2024,2024211,25,8,3,3-8,BOT,Valtteri Bottas,77,#64D064,2.0,1316,-,-,0,1,-,-,-,-,-,-,-,-,-,-,,I,#50A078,2,1.0,0,0,0.343,0,0,0,0,0.0,15
2,2024,2024211,25,8,3,3-8,BOT,Valtteri Bottas,77,#64D064,3.0,1317,87.735,87.735,0,0,-,-,-1.179,0.221,-1.069,23,-1.179,0.221,-1.069,23,-0.958,I,#50A078,3,1.0,0,0,0.343,0,0,0,0,0.0,15
2,2024,2024211,25,8,3,3-8,BOT,Valtteri Bottas,77,#64D064,4.0,1318,87.071,87.071,0,0,87.403,0.664,-0.631,-1.101,-1.181,3,-0.631,-1.101,-1.181,3,-1.732,I,#50A078,4,1.0,0,0,0.343,0,0,0,0,1.0,14
2,2024,2024211,25,8,3,3-8,BOT,Valtteri Bottas,77,#64D064,5.0,1319,86.53,86.53,0,0,86.8,0.541,-0.631,-3.147,-2.204,3,-0.631,-0.834,-1.048,3,-3.778,I,#50A078,5,1.0,0,0,0.343,0,0,0,0,0.0,14
2,2024,2024211,25,8,3,3-8,BOT,Valtteri Bottas,77,#64D064,6.0,1320,86.143,86.143,0,0,86.336,0.387,-0.517,-0.414,-0.724,3,-0.517,-0.414,-0.724,3,-0.931,I,#50A078,6,1.0,0,0,0.343,0,0,0,0,0.0,14
2,2024,2024211,25,8,3,3-8,BOT,Valtteri Bottas,77,#64D064,7.0,1321,85.823,85.823,0,0,85.983,0.320,-0.45,-1.118,-1.009,3,-0.450,-1.118,-1.009,3,-1.568,I,#50A078,7,1.0,0,0,0.343,0,0,0,0,0.0,14
2,2024,2024211,25,8,3,3-8,BOT,Valtteri Bottas,77,#64D064,8.0,1322,85.484,85.484,0,0,85.654,0.339,-0.332,-0.680,-0.672,3,-0.332,-0.680,-0.672,3,-1.012,I,#50A078,8,1.0,0,0,0.343,0,0,0,0,0.0,14
2,2024,2024211,25,8,3,3-8,BOT,Valtteri Bottas,77,#64D064,9.0,1323,84.851,84.851,0,0,85.167,0.633,0.005,-1.064,-0.527,3,0.005,-1.064,-0.527,3,-1.059,I,#50A078,9,1.0,0,0,0.343,0,0,0,0,0.0,14
2,2024,2024211,25,8,3,3-8,BOT,Valtteri Bottas,77,#64D064,10.0,1324,85.851,85.851,0,0,85.351,1.000,-0.961,0.139,-0.891,23,-0.961,0.139,-0.891,23,-0.822,I,#50A078,10,1.0,0,0,0.343,0,0,0,0,0.0,14
2,2024,2024211,25,8,3,3-8,BOT,Valtteri Bottas,77,#64D064,11.0,1325,86.246,86.246,0,0,86.048,0.395,-1.202,0.702,-0.851,23,-1.202,0.702,-0.851,23,-0.5,I,#50A078,11,1.0,0,0,0.343,0,0,0,0,0.0,14
2,2024,2024211,25,8,3,3-8,BOT,Valtteri Bottas,77,#64D064,12.0,1326,89.257,86.442,1,0,86.344,3.011,-4.145,2.714,-2.788,23,-1.330,-0.101,-1.381,3,-1.431,I,#50A078,12,1.0,0,0,0.343,0,0,0,0,-3.0,17
2,2024,2024211,25,8,3,3-8,BOT,Valtteri Bottas,77,#64D064,13.0,1327,86.638,86.638,0,0,86.54,2.619,-1.608,-1.191,-2.204,3,-1.608,-0.207,-1.712,3,-2.799,I,#50A078,13,1.0,0,0,0.343,0,0,0,0,0.0,17
2,2024,2024211,25,8,3,3-8,BOT,Valtteri Bottas,77,#64D064,14.0,1328,85.315,85.315,0,0,85.976,1.323,-0.355,-1.831,-1.270,3,-0.355,-1.831,-1.270,3,-2.186,I,#50A078,14,1.0,0,0,0.343,0,0,0,0,0.0,17
2,2024,2024211,25,8,3,3-8,BOT,Valtteri Bottas,77,#64D064,15.0,1329,85.431,85.431,0,0,85.373,0.116,-0.493,-0.949,-0.968,3,-0.493,-0.949,-0.968,3,-1.442,I,#50A078,15,1.0,0,1,0.343,0,0,0,0,0.0,17
2,2024,2024211,25,8,3,3-8,BOT,Valtteri Bottas,77,#64D064,16.0,1330,84.896,84.896,0,0,85.164,0.535,0.014,-1.229,-0.601,3,0.014,-1.229,-0.601,3,-1.215,I,#50A078,16,1.0,0,0,0.343,0,0,0,0,0.0,17
2,2024,2024211,25,8,3,3-8,BOT,Valtteri Bottas,77,#64D064,17.0,1331,84.927,84.927,0,0,84.912,0.031,-0.346,-0.928,-0.810,3,-0.346,-0.928,-0.810,3,-1.274,I,#50A078,17,1.0,0,0,0.343,0,0,0,0,0.0,17
2,2024,2024211,25,8,3,3-8,BOT,Valtteri Bottas,77,#64D064,18.0,1332,85.189,85.189,0,0,85.058,0.262,-0.53,-0.390,-0.725,3,-0.530,-0.390,-0.725,3,-0.92,I,#50A078,18,1.0,0,0,0.343,0,0,0,0,0.0,17
2,2024,2024211,25,8,3,3-8,BOT,Valtteri Bottas,77,#64D064,19.0,1333,85.089,85.089,0,0,85.139,0.100,-0.453,-0.287,-0.597,3,-0.453,-0.287,-0.597,3,-0.74,I,#50A078,19,1.0,0,0,0.343,0,0,0,0,0.0,17
2,2024,2024211,25,8,3,3-8,BOT,Valtteri Bottas,77,#64D064,20.0,1334,84.984,84.984,0,0,85.036,0.105,-0.617,-0.069,-0.651,3,-0.617,-0.069,-0.651,3,-0.686,I,#50A078,20,1.0,0,0,0.343,0,0,0,0,0.0,17
2,2024,2024211,25,8,3,3-8,BOT,Valtteri Bottas,77,#64D064,21.0,1335,84.726,84.726,0,0,84.855,0.258,-0.484,-1.284,-1.126,3,-0.484,-0.619,-0.793,3,-1.768,I,#50A078,21,1.0,0,0,0.343,0,0,0,0,0.0,17
2,2024,2024211,25,8,3,3-8,BOT,Valtteri Bottas,77,#64D064,22.0,1336,85.144,85.144,0,0,84.935,0.418,-0.687,-0.493,-0.933,3,-0.687,-0.493,-0.933,3,-1.18,I,#50A078,22,1.0,0,0,0.343,0,0,0,0,0.0,17
2,2024,2024211,25,8,3,3-8,BOT,Valtteri Bottas,77,#64D064,23.0,1337,84.966,84.966,0,0,85.055,0.178,-0.336,-1.472,-1.072,3,-0.336,-1.472,-1.072,3,-1.808,I,#50A078,23,1.0,0,0,0.343,0,0,0,0,0.0,17
2,2024,2024211,25,8,3,3-8,BOT,Valtteri Bottas,77,#64D064,24.0,1338,85.203,85.203,0,0,85.084,0.237,-0.416,-0.883,-0.857,3,-0.416,-0.883,-0.857,3,-1.299,I,#50A078,24,1.0,0,0,0.343,0,0,0,0,0.0,17
2,2024,2024211,25,8,3,3-8,BOT,Valtteri Bottas,77,#64D064,25.0,1339,85.525,85.525,0,0,85.364,0.322,-0.417,-1.811,-1.323,3,-0.417,-1.811,-1.323,3,-2.228,I,#50A078,25,1.0,0,0,0.343,0,0,0,0,0.0,17
2,2024,2024211,25,8,3,3-8,BOT,Valtteri Bottas,77,#64D064,26.0,1340,87.132,87.132,0,0,86.328,1.607,-0.774,-1.088,-1.318,3,-0.774,-1.088,-1.318,3,-1.862,I,#50A078,26,1.0,0,0,0.343,0,0,0,0,0.0,16
2,2024,2024211,25,8,3,3-8,BOT,Valtteri Bottas,77,#64D064,27.0,1341,-,-,0,1,-,-,-,-,-,-,-,-,-,-,,I,#50A078,27,1.0,0,0,0.343,0,0,0,1,0.0,15
2,2024,2024211,25,8,3,3-8,BOT,Valtteri Bottas,77,#64D064,28.0,1342,-,-,0,1,-,-,-,-,-,-,-,-,-,-,,I,#50A078,28,1.0,0,0,0.343,0,0,1,0,0.0,11
2,2024,2024211,25,8,3,3-8,BOT,Valtteri Bottas,77,#64D064,29.0,1343,110.114,110.114,0,0,-,-,-,-,-,-,-,-,-,-,,I,#50A078,29,1.0,0,0,0.343,0,0,0,0,-1.0,12
2,2024,2024211,25,8,3,3-8,BOT,Valtteri Bottas,77,#64D064,30.0,1344,-,-,0,1,-,-,-,-,-,-,-,-,-,-,,I,#50A078,30,1.0,0,0,0.343,0,1,0,0,0.0,12
2,2024,2024211,25,8,3,3-8,BOT,Valtteri Bottas,77,#64D064,31.0,1345,-,-,0,1,-,-,-,-,-,-,-,-,-,-,,I,#50A078,31,1.0,0,0,0.343,0,0,0,0,0.0,12
2,2024,2024211,25,8,3,3-8,BOT,Valtteri Bottas,77,#64D064,32.0,1346,-,-,0,1,-,-,-,-,-,-,-,-,-,-,,I,#50A078,32,1.0,1,0,0.343,0,0,0,0,0.0,12
2,2024,2024211,25,8,3,3-8,BOT,Valtteri Bottas,77,#64D064,33.0,1347,-,-,0,1,-,-,-,-,-,-,-,-,-,-,,I,#50A078,1,2.0,0,0,0.375,0,0,0,0,0.0,12
2,2024,2024211,25,8,3,3-8,BOT,Valtteri Bottas,77,#64D064,34.0,1348,100.982,100.982,0,0,-,-,-4.295,2.399,-3.095,23,-4.295,2.399,-3.095,23,-1.896,I,#50A078,2,2.0,0,0,0.375,0,0,0,0,-1.0,13
2,2024,2024211,25,8,3,3-8,BOT,Valtteri Bottas,77,#64D064,35.0,1349,95.37,95.37,0,0,98.176,5.612,-4.397,0.356,-4.219,23,-4.397,0.356,-4.219,23,-4.041,I,#50A078,3,2.0,0,0,0.375,0,0,0,0,-2.0,15
2,2024,2024211,25,8,3,3-8,BOT,Valtteri Bottas,77,#64D064,36.0,1350,92.055,92.055,0,0,93.712,3.315,-3.336,-1.301,-3.986,3,-3.336,-1.301,-3.986,3,-4.637,I,#50A078,4,2.0,0,0,0.375,0,0,0,0,1.0,14
2,2024,2024211,25,8,3,3-8,BOT,Valtteri Bottas,77,#64D064,37.0,1351,88.061,88.061,0,0,90.058,3.994,-0.932,-1.411,-1.637,3,-0.932,-1.411,-1.637,3,-2.343,I,#50A078,5,2.0,0,0,0.375,0,0,0,0,0.0,14
2,2024,2024211,25,8,3,3-8,BOT,Valtteri Bottas,77,#64D064,38.0,1352,87.343,87.343,0,0,87.702,0.718,-1.309,-0.640,-1.629,3,-1.309,-0.640,-1.629,3,-1.949,I,#50A078,6,2.0,0,0,0.375,0,0,0,0,0.0,14
2,2024,2024211,25,8,3,3-8,BOT,Valtteri Bottas,77,#64D064,39.0,1353,-,-,0,1,-,-,-,-,-,-,-,-,-,-,,I,#50A078,7,2.0,0,0,0.375,0,1,0,0,0.0,13
2,2024,2024211,25,8,3,3-8,BOT,Valtteri Bottas,77,#64D064,40.0,1354,-,-,0,1,-,-,-,-,-,-,-,-,-,-,,I,#50A078,8,2.0,0,0,0.375,0,0,0,0,0.0,13
2,2024,2024211,25,8,3,3-8,BOT,Valtteri Bottas,77,#64D064,41.0,1355,-,-,0,1,-,-,-,-,-,-,-,-,-,-,,I,#50A078,9,2.0,0,0,0.375,0,0,0,0,0.0,13
2,2024,2024211,25,8,3,3-8,BOT,Valtteri Bottas,77,#64D064,42.0,1356,-,-,0,1,-,-,-,-,-,-,-,-,-,-,,I,#50A078,10,2.0,0,0,0.375,1,0,0,0,0.0,13
2,2024,2024211,25,8,3,3-8,BOT,Valtteri Bottas,77,#64D064,43.0,1357,-,-,0,1,-,-,-,-,-,-,-,-,-,-,,I,#50A078,11,2.0,0,0,0.375,0,0,0,0,0.0,13
2,2024,2024211,25,8,3,3-8,BOT,Valtteri Bottas,77,#64D064,44.0,1358,87.017,87.017,0,0,-,-,-1.225,-0.936,-1.693,3,-1.225,-0.936,-1.693,3,-2.161,I,#50A078,12,2.0,0,0,0.375,0,0,0,0,0.0,13
2,2024,2024211,25,8,3,3-8,BOT,Valtteri Bottas,77,#64D064,45.0,1359,86.05,86.05,0,0,86.534,0.967,-1.396,-0.152,-1.472,3,-1.396,-0.152,-1.472,3,-1.548,I,#50A078,13,2.0,0,0,0.375,0,0,0,0,0.0,13
2,2024,2024211,25,8,3,3-8,BOT,Valtteri Bottas,77,#64D064,46.0,1360,84.963,84.963,0,0,85.506,1.087,-0.605,-0.433,-0.822,3,-0.605,-0.433,-0.822,3,-1.038,I,#50A078,14,2.0,0,0,0.375,0,0,0,0,0.0,13
2,2024,2024211,25,8,3,3-8,BOT,Valtteri Bottas,77,#64D064,47.0,1361,84.722,84.722,0,0,84.842,0.241,-0.635,-0.309,-0.789,3,-0.635,-0.309,-0.789,3,-0.944,I,#50A078,15,2.0,0,0,0.375,0,0,0,0,0.0,13
2,2024,2024211,25,8,3,3-8,BOT,Valtteri Bottas,77,#64D064,48.0,1362,84.284,84.284,0,0,84.503,0.438,-0.53,-0.444,-0.752,3,-0.530,-0.444,-0.752,3,-0.974,I,#50A078,16,2.0,0,0,0.375,0,0,0,0,0.0,13
2,2024,2024211,25,8,3,3-8,BOT,Valtteri Bottas,77,#64D064,49.0,1363,84.112,84.112,0,0,84.198,0.172,-0.586,-0.303,-0.738,3,-0.586,-0.303,-0.738,3,-0.889,I,#50A078,17,2.0,0,0,0.375,0,0,0,0,0.0,13
2,2024,2024211,25,8,3,3-8,BOT,Valtteri Bottas,77,#64D064,50.0,1364,83.925,83.925,0,0,84.018,0.187,-0.467,-0.445,-0.690,3,-0.467,-0.445,-0.690,3,-0.912,I,#50A078,18,2.0,0,0,0.375,0,0,0,0,0.0,13
2,2024,2024211,25,8,3,3-8,BOT,Valtteri Bottas,77,#64D064,51.0,1365,84.507,84.142,1,0,84.034,0.582,-0.969,-0.305,-1.121,3,-0.604,-0.670,-0.939,3,-1.274,I,#50A078,19,2.0,0,0,0.375,0,0,0,0,0.0,13
2,2024,2024211,25,8,3,3-8,BOT,Valtteri Bottas,77,#64D064,52.0,1366,84.36,84.36,0,0,84.251,0.147,-0.862,-0.330,-1.027,3,-0.862,-0.330,-1.027,3,-1.192,I,#50A078,20,2.0,0,0,0.375,0,0,0,0,0.0,13
2,2024,2024211,25,8,3,3-8,BOT,Valtteri Bottas,77,#64D064,53.0,1367,84.36,84.36,0,0,84.36,0.000,-0.961,-0.367,-1.145,3,-0.961,-0.367,-1.145,3,-1.328,I,#50A078,21,2.0,0,0,0.375,0,0,0,0,0.0,13
2,2024,2024211,25,8,3,3-8,BOT,Valtteri Bottas,77,#64D064,54.0,1368,84.444,84.444,0,0,84.402,0.084,-1.148,-0.481,-1.389,3,-1.148,-0.481,-1.389,3,-1.629,I,#50A078,22,2.0,0,1,0.375,0,0,0,0,0.0,13
2,2024,2024211,25,8,3,3-8,BOT,Valtteri Bottas,77,#64D064,55.0,1369,83.957,83.957,0,0,84.2,0.487,-0.74,-0.942,-1.211,3,-0.740,-0.942,-1.211,3,-1.682,I,#50A078,23,2.0,0,0,0.375,0,0,0,0,0.0,13
2,2024,2024211,25,8,3,3-8,BOT,Valtteri Bottas,77,#64D064,56.0,1370,83.508,83.508,0,0,83.732,0.449,-0.455,-1.150,-1.030,3,-0.455,-1.150,-1.030,3,-1.605,I,#50A078,24,2.0,0,0,0.375,0,0,0,0,0.0,13
2,2024,2024211,25,8,3,3-8,BOT,Valtteri Bottas,77,#64D064,57.0,1371,83.451,83.451,0,0,83.48,0.057,-0.533,-0.851,-0.959,3,-0.533,-0.851,-0.959,3,-1.384,I,#50A078,25,2.0,0,0,0.375,0,0,0,0,0.0,13
2,2024,2024211,25,8,3,3-8,BOT,Valtteri Bottas,77,#64D064,58.0,1372,83.185,83.185,0,0,83.318,0.266,-0.459,-2.833,-1.875,3,-0.459,-0.869,-0.894,3,-3.292,I,#50A078,26,2.0,0,0,0.375,0,0,0,0,0.0,13
2,2024,2024211,25,8,3,3-8,BOT,Valtteri Bottas,77,#64D064,59.0,1373,83.418,83.418,0,0,83.302,0.233,-0.815,-0.388,-1.009,3,-0.815,-0.388,-1.009,3,-1.203,I,#50A078,27,2.0,0,0,0.375,0,0,0,0,0.0,13
2,2024,2024211,25,8,3,3-8,BOT,Valtteri Bottas,77,#64D064,60.0,1374,82.911,82.911,0,0,83.164,0.507,-0.45,-0.560,-0.730,3,-0.450,-0.560,-0.730,3,-1.01,I,#50A078,28,2.0,0,0,0.375,0,0,0,0,0.0,13
2,2024,2024211,25,8,3,3-8,BOT,Valtteri Bottas,77,#64D064,61.0,1375,83.177,83.177,0,0,83.044,0.266,-0.74,-0.296,-0.888,3,-0.740,-0.296,-0.888,3,-1.036,I,#50A078,29,2.0,0,0,0.375,0,0,0,0,0.0,13
2,2024,2024211,25,8,3,3-8,BOT,Valtteri Bottas,77,#64D064,62.0,1376,83.241,83.241,0,0,83.209,0.064,-0.793,-0.471,-1.028,3,-0.793,-0.471,-1.028,3,-1.264,I,#50A078,30,2.0,0,0,0.375,0,0,0,0,0.0,13
2,2024,2024211,25,8,3,3-8,BOT,Valtteri Bottas,77,#64D064,63.0,1377,83.015,83.015,0,0,83.128,0.226,-0.666,-0.438,-0.885,3,-0.666,-0.438,-0.885,3,-1.104,I,#50A078,31,2.0,0,0,0.375,0,0,0,0,0.0,13
2,2024,2024211,25,8,3,3-8,BOT,Valtteri Bottas,77,#64D064,64.0,1378,82.996,82.996,0,0,83.006,0.019,-0.82,-0.519,-1.079,3,-0.820,-0.519,-1.079,3,-1.339,I,#50A078,32,2.0,0,0,0.375,0,0,0,0,0.0,13
2,2024,2024211,25,8,3,3-8,BOT,Valtteri Bottas,77,#64D064,65.0,1379,82.903,82.903,0,0,82.95,0.093,-0.705,-0.155,-0.782,3,-0.705,-0.155,-0.782,3,-0.86,I,#50A078,33,2.0,0,0,0.375,0,0,0,0,0.0,13
2,2024,2024211,25,8,3,3-8,BOT,Valtteri Bottas,77,#64D064,66.0,1380,83.335,82.89,1,0,82.896,0.432,-1.054,0.209,-0.950,23,-0.609,-0.236,-0.727,3,-0.845,I,#50A078,34,2.0,0,0,0.375,0,0,0,0,0.0,13
2,2024,2024211,25,8,3,3-8,BOT,Valtteri Bottas,77,#64D064,67.0,1381,82.877,82.877,0,0,82.884,0.458,-0.67,-1.114,-1.227,3,-0.670,-0.351,-0.845,3,-1.784,I,#50A078,35,2.0,0,0,0.375,0,0,0,0,0.0,13
2,2024,2024211,25,8,3,3-8,BOT,Valtteri Bottas,77,#64D064,68.0,1382,83.034,83.034,0,0,82.956,0.157,-0.821,-0.296,-0.969,3,-0.821,-0.296,-0.969,3,-1.117,I,#50A078,36,2.0,0,0,0.375,0,0,0,0,0.0,13
2,2024,2024211,25,8,3,3-8,BOT,Valtteri Bottas,77,#64D064,69.0,1383,83.003,83.003,0,0,83.018,0.031,-0.56,-0.698,-0.909,3,-0.560,-0.698,-0.909,3,-1.258,I,#50A078,37,2.0,0,0,0.375,0,0,0,0,0.0,13
2,2024,2024211,25,8,23,23-8,ZHO,Guanyu Zhou,24,#64D064,1.0,1315,-,-,0,1,-,-,-,-,-,-,-,-,-,-,,I,#50A078,1,1.0,0,0,0.390,0,0,0,0,,16
2,2024,2024211,25,8,23,23-8,ZHO,Guanyu Zhou,24,#64D064,2.0,1316,-,-,0,1,-,-,-,-,-,-,-,-,-,-,,I,#50A078,2,1.0,0,0,0.390,0,0,0,0,0.0,16
2,2024,2024211,25,8,23,23-8,ZHO,Guanyu Zhou,24,#64D064,3.0,1317,87.514,87.514,0,0,-,-,-0.958,0.221,-1.069,23,-0.958,0.221,-1.069,23,-1.179,I,#50A078,3,1.0,0,0,0.390,0,0,0,0,0.0,16
2,2024,2024211,25,8,23,23-8,ZHO,Guanyu Zhou,24,#64D064,4.0,1318,88.172,88.172,0,0,87.843,0.658,-1.732,-1.101,-1.181,3,-1.732,-1.101,-1.181,3,-0.631,I,#50A078,4,1.0,0,0,0.390,0,0,0,0,0.0,16
2,2024,2024211,25,8,23,23-8,ZHO,Guanyu Zhou,24,#64D064,5.0,1319,89.677,87.364,1,0,87.768,1.505,-3.778,-3.147,-2.204,3,-1.465,-0.834,-1.048,3,-0.631,I,#50A078,5,1.0,0,0,0.390,0,0,0,0,-2.0,18
2,2024,2024211,25,8,23,23-8,ZHO,Guanyu Zhou,24,#64D064,6.0,1320,86.557,86.557,0,0,86.961,3.120,-0.931,-0.414,-0.724,3,-0.931,-0.414,-0.724,3,-0.517,I,#50A078,6,1.0,0,0,0.390,0,0,0,0,0.0,18
2,2024,2024211,25,8,23,23-8,ZHO,Guanyu Zhou,24,#64D064,7.0,1321,86.941,86.941,0,0,86.749,0.384,-1.568,-1.118,-1.009,3,-1.568,-1.118,-1.009,3,-0.45,I,#50A078,7,1.0,0,0,0.390,0,0,0,0,0.0,18
2,2024,2024211,25,8,23,23-8,ZHO,Guanyu Zhou,24,#64D064,8.0,1322,86.164,86.164,0,0,86.553,0.777,-1.012,-0.680,-0.672,3,-1.012,-0.680,-0.672,3,-0.332,I,#50A078,8,1.0,0,0,0.390,0,0,0,0,0.0,18
2,2024,2024211,25,8,23,23-8,ZHO,Guanyu Zhou,24,#64D064,9.0,1323,85.915,85.915,0,0,86.04,0.249,-1.059,-1.064,-0.527,3,-1.059,-1.064,-0.527,3,0.005,I,#50A078,9,1.0,0,0,0.390,0,0,0,0,0.0,18
2,2024,2024211,25,8,23,23-8,ZHO,Guanyu Zhou,24,#64D064,10.0,1324,85.712,85.712,0,0,85.814,0.203,-0.822,0.139,-0.891,23,-0.822,0.139,-0.891,23,-0.961,I,#50A078,10,1.0,0,0,0.390,0,0,0,0,0.0,18
2,2024,2024211,25,8,23,23-8,ZHO,Guanyu Zhou,24,#64D064,11.0,1325,85.544,85.544,0,0,85.628,0.168,-0.5,0.702,-0.851,23,-0.500,0.702,-0.851,23,-1.202,I,#50A078,11,1.0,0,0,0.390,0,0,0,0,0.0,18
2,2024,2024211,25,8,23,23-8,ZHO,Guanyu Zhou,24,#64D064,12.0,1326,86.543,86.543,0,0,86.044,0.999,-1.431,2.714,-2.788,23,-1.431,-0.101,-1.381,3,-4.145,I,#50A078,12,1.0,0,0,0.390,0,0,0,0,0.0,18
2,2024,2024211,25,8,23,23-8,ZHO,Guanyu Zhou,24,#64D064,13.0,1327,87.829,86.845,1,0,86.694,1.286,-2.799,-1.191,-2.204,3,-1.815,-0.207,-1.712,3,-1.608,I,#50A078,13,1.0,0,0,0.390,0,0,0,0,0.0,18
2,2024,2024211,25,8,23,23-8,ZHO,Guanyu Zhou,24,#64D064,14.0,1328,87.146,87.146,0,0,86.995,0.683,-2.186,-1.831,-1.270,3,-2.186,-1.831,-1.270,3,-0.355,I,#50A078,14,1.0,0,1,0.390,0,0,0,0,0.0,18
2,2024,2024211,25,8,23,23-8,ZHO,Guanyu Zhou,24,#64D064,15.0,1329,86.38,86.38,0,0,86.763,0.766,-1.442,-0.949,-0.968,3,-1.442,-0.949,-0.968,3,-0.493,I,#50A078,15,1.0,0,0,0.390,0,0,0,0,0.0,18
2,2024,2024211,25,8,23,23-8,ZHO,Guanyu Zhou,24,#64D064,16.0,1330,86.125,86.125,0,0,86.252,0.255,-1.215,-1.229,-0.601,3,-1.215,-1.229,-0.601,3,0.014,I,#50A078,16,1.0,0,0,0.390,0,0,0,0,0.0,18
2,2024,2024211,25,8,23,23-8,ZHO,Guanyu Zhou,24,#64D064,17.0,1331,85.855,85.855,0,0,85.99,0.270,-1.274,-0.928,-0.810,3,-1.274,-0.928,-0.810,3,-0.346,I,#50A078,17,1.0,0,0,0.390,0,0,0,0,0.0,18
2,2024,2024211,25,8,23,23-8,ZHO,Guanyu Zhou,24,#64D064,18.0,1332,85.579,85.579,0,0,85.717,0.276,-0.92,-0.390,-0.725,3,-0.920,-0.390,-0.725,3,-0.53,I,#50A078,18,1.0,0,0,0.390,0,0,0,0,0.0,18
2,2024,2024211,25,8,23,23-8,ZHO,Guanyu Zhou,24,#64D064,19.0,1333,85.376,85.376,0,0,85.477,0.203,-0.74,-0.287,-0.597,3,-0.740,-0.287,-0.597,3,-0.453,I,#50A078,19,1.0,0,0,0.390,0,0,0,0,0.0,18
2,2024,2024211,25,8,23,23-8,ZHO,Guanyu Zhou,24,#64D064,20.0,1334,85.053,85.053,0,0,85.214,0.323,-0.686,-0.069,-0.651,3,-0.686,-0.069,-0.651,3,-0.617,I,#50A078,20,1.0,0,0,0.390,0,0,0,0,0.0,18
2,2024,2024211,25,8,23,23-8,ZHO,Guanyu Zhou,24,#64D064,21.0,1335,86.01,85.345,1,0,85.199,0.957,-1.768,-1.284,-1.126,3,-1.103,-0.619,-0.793,3,-0.484,I,#50A078,21,1.0,0,0,0.390,0,0,0,0,0.0,18
2,2024,2024211,25,8,23,23-8,ZHO,Guanyu Zhou,24,#64D064,22.0,1336,85.637,85.637,0,0,85.491,0.373,-1.18,-0.493,-0.933,3,-1.180,-0.493,-0.933,3,-0.687,I,#50A078,22,1.0,0,0,0.390,0,0,0,0,0.0,18
2,2024,2024211,25,8,23,23-8,ZHO,Guanyu Zhou,24,#64D064,23.0,1337,86.438,86.438,0,0,86.038,0.801,-1.808,-1.472,-1.072,3,-1.808,-1.472,-1.072,3,-0.336,I,#50A078,23,1.0,0,0,0.390,0,0,0,0,0.0,18
2,2024,2024211,25,8,23,23-8,ZHO,Guanyu Zhou,24,#64D064,24.0,1338,86.086,86.086,0,0,86.262,0.352,-1.299,-0.883,-0.857,3,-1.299,-0.883,-0.857,3,-0.416,I,#50A078,24,1.0,0,0,0.390,0,0,0,0,0.0,18
2,2024,2024211,25,8,23,23-8,ZHO,Guanyu Zhou,24,#64D064,25.0,1339,87.336,87.336,0,0,86.711,1.250,-2.228,-1.811,-1.323,3,-2.228,-1.811,-1.323,3,-0.417,I,#50A078,25,1.0,0,0,0.390,0,0,0,0,0.0,18
2,2024,2024211,25,8,23,23-8,ZHO,Guanyu Zhou,24,#64D064,26.0,1340,88.22,88.22,0,0,87.778,0.884,-1.862,-1.088,-1.318,3,-1.862,-1.088,-1.318,3,-0.774,I,#50A078,26,1.0,0,0,0.390,0,0,0,0,0.0,18
2,2024,2024211,25,8,23,23-8,ZHO,Guanyu Zhou,24,#64D064,27.0,1341,-,-,0,1,-,-,-,-,-,-,-,-,-,-,,I,#50A078,27,1.0,1,0,0.390,0,0,0,1,0.0,17
2,2024,2024211,25,8,23,23-8,ZHO,Guanyu Zhou,24,#64D064,28.0,1342,-,-,0,1,-,-,-,-,-,-,-,-,-,-,,I,#50A078,1,2.0,1,0,-,0,0,1,0,0.0,17
2,2024,2024211,25,8,23,23-8,ZHO,Guanyu Zhou,24,#64D064,29.0,1343,-,-,0,1,-,-,-,-,-,-,-,-,-,-,,W,#4682C8,8,3.0,0,0,-,0,1,0,0,0.0,17
2,2024,2024211,25,8,23,23-8,ZHO,Guanyu Zhou,24,#64D064,30.0,1344,-,-,0,1,-,-,-,-,-,-,-,-,-,-,,W,#4682C8,9,3.0,0,0,-,0,0,0,0,0.0,17
2,2024,2024211,25,8,23,23-8,ZHO,Guanyu Zhou,24,#64D064,31.0,1345,-,-,0,1,-,-,-,-,-,-,-,-,-,-,,W,#4682C8,10,3.0,1,0,-,0,0,0,0,0.0,16
2,2024,2024211,25,8,23,23-8,ZHO,Guanyu Zhou,24,#64D064,32.0,1346,-,-,0,1,-,-,-,-,-,-,-,-,-,-,,I,#50A078,1,4.0,1,0,-,0,0,0,0,0.0,16
2,2024,2024211,25,8,23,23-8,ZHO,Guanyu Zhou,24,#64D064,33.0,1347,-,-,0,1,-,-,-,-,-,-,-,-,-,-,,I,#50A078,2,5.0,0,0,0.398,0,0,0,0,0.0,15
2,2024,2024211,25,8,23,23-8,ZHO,Guanyu Zhou,24,#64D064,34.0,1348,98.583,98.583,0,0,-,-,-1.896,2.399,-3.095,23,-1.896,2.399,-3.095,23,-4.295,I,#50A078,3,5.0,0,0,0.398,0,0,0,0,-1.0,16
2,2024,2024211,25,8,23,23-8,ZHO,Guanyu Zhou,24,#64D064,35.0,1349,95.014,95.014,0,0,96.798,3.569,-4.041,0.356,-4.219,23,-4.041,0.356,-4.219,23,-4.397,I,#50A078,4,5.0,0,0,0.398,0,0,0,0,0.0,16
2,2024,2024211,25,8,23,23-8,ZHO,Guanyu Zhou,24,#64D064,36.0,1350,93.356,93.356,0,0,94.185,1.658,-4.637,-1.301,-3.986,3,-4.637,-1.301,-3.986,3,-3.336,I,#50A078,5,5.0,0,0,0.398,0,0,0,0,1.0,15
2,2024,2024211,25,8,23,23-8,ZHO,Guanyu Zhou,24,#64D064,37.0,1351,89.472,89.472,0,0,91.414,3.884,-2.343,-1.411,-1.637,3,-2.343,-1.411,-1.637,3,-0.932,I,#50A078,6,5.0,0,0,0.398,0,0,0,0,0.0,15
2,2024,2024211,25,8,23,23-8,ZHO,Guanyu Zhou,24,#64D064,38.0,1352,87.983,87.983,0,0,88.727,1.489,-1.949,-0.640,-1.629,3,-1.949,-0.640,-1.629,3,-1.309,I,#50A078,7,5.0,0,0,0.398,0,0,0,0,0.0,15
2,2024,2024211,25,8,23,23-8,ZHO,Guanyu Zhou,24,#64D064,39.0,1353,-,-,0,1,-,-,-,-,-,-,-,-,-,-,,I,#50A078,8,5.0,0,0,0.398,0,1,0,0,0.0,14
2,2024,2024211,25,8,23,23-8,ZHO,Guanyu Zhou,24,#64D064,40.0,1354,-,-,0,1,-,-,-,-,-,-,-,-,-,-,,I,#50A078,9,5.0,0,0,0.398,0,0,0,0,0.0,14
2,2024,2024211,25,8,23,23-8,ZHO,Guanyu Zhou,24,#64D064,41.0,1355,-,-,0,1,-,-,-,-,-,-,-,-,-,-,,I,#50A078,10,5.0,0,0,0.398,0,0,0,0,0.0,14
2,2024,2024211,25,8,23,23-8,ZHO,Guanyu Zhou,24,#64D064,42.0,1356,-,-,0,1,-,-,-,-,-,-,-,-,-,-,,I,#50A078,11,5.0,0,0,0.398,1,0,0,0,0.0,14
2,2024,2024211,25,8,23,23-8,ZHO,Guanyu Zhou,24,#64D064,43.0,1357,-,-,0,1,-,-,-,-,-,-,-,-,-,-,,I,#50A078,12,5.0,0,0,0.398,0,0,0,0,0.0,14
2,2024,2024211,25,8,23,23-8,ZHO,Guanyu Zhou,24,#64D064,44.0,1358,87.953,87.953,0,0,-,-,-2.161,-0.936,-1.693,3,-2.161,-0.936,-1.693,3,-1.225,I,#50A078,13,5.0,0,0,0.398,0,0,0,0,0.0,14
2,2024,2024211,25,8,23,23-8,ZHO,Guanyu Zhou,24,#64D064,45.0,1359,86.202,86.202,0,0,87.078,1.751,-1.548,-0.152,-1.472,3,-1.548,-0.152,-1.472,3,-1.396,I,#50A078,14,5.0,0,0,0.398,0,0,0,0,0.0,14
2,2024,2024211,25,8,23,23-8,ZHO,Guanyu Zhou,24,#64D064,46.0,1360,85.396,85.396,0,0,85.799,0.806,-1.038,-0.433,-0.822,3,-1.038,-0.433,-0.822,3,-0.605,I,#50A078,15,5.0,0,0,0.398,0,0,0,0,0.0,14
2,2024,2024211,25,8,23,23-8,ZHO,Guanyu Zhou,24,#64D064,47.0,1361,85.031,85.031,0,0,85.214,0.365,-0.944,-0.309,-0.789,3,-0.944,-0.309,-0.789,3,-0.635,I,#50A078,16,5.0,0,0,0.398,0,0,0,0,0.0,14
2,2024,2024211,25,8,23,23-8,ZHO,Guanyu Zhou,24,#64D064,48.0,1362,84.728,84.728,0,0,84.88,0.303,-0.974,-0.444,-0.752,3,-0.974,-0.444,-0.752,3,-0.53,I,#50A078,17,5.0,0,0,0.398,0,0,0,0,0.0,14
2,2024,2024211,25,8,23,23-8,ZHO,Guanyu Zhou,24,#64D064,49.0,1363,84.415,84.415,0,0,84.572,0.313,-0.889,-0.303,-0.738,3,-0.889,-0.303,-0.738,3,-0.586,I,#50A078,18,5.0,0,0,0.398,0,0,0,0,0.0,14
2,2024,2024211,25,8,23,23-8,ZHO,Guanyu Zhou,24,#64D064,50.0,1364,84.37,84.37,0,0,84.393,0.045,-0.912,-0.445,-0.690,3,-0.912,-0.445,-0.690,3,-0.467,I,#50A078,19,5.0,0,0,0.398,0,0,0,0,0.0,14
2,2024,2024211,25,8,23,23-8,ZHO,Guanyu Zhou,24,#64D064,51.0,1365,84.812,84.812,0,0,84.591,0.442,-1.274,-0.305,-1.121,3,-1.274,-0.670,-0.939,3,-0.969,I,#50A078,20,5.0,0,0,0.398,0,0,0,0,0.0,14
2,2024,2024211,25,8,23,23-8,ZHO,Guanyu Zhou,24,#64D064,52.0,1366,84.69,84.69,0,0,84.751,0.122,-1.192,-0.330,-1.027,3,-1.192,-0.330,-1.027,3,-0.862,I,#50A078,21,5.0,0,0,0.398,0,0,0,0,0.0,14
2,2024,2024211,25,8,23,23-8,ZHO,Guanyu Zhou,24,#64D064,53.0,1367,84.727,84.727,0,0,84.708,0.037,-1.328,-0.367,-1.145,3,-1.328,-0.367,-1.145,3,-0.961,I,#50A078,22,5.0,0,0,0.398,0,0,0,0,0.0,14
2,2024,2024211,25,8,23,23-8,ZHO,Guanyu Zhou,24,#64D064,54.0,1368,84.925,84.925,0,0,84.826,0.198,-1.629,-0.481,-1.389,3,-1.629,-0.481,-1.389,3,-1.148,I,#50A078,23,5.0,0,1,0.398,0,0,0,0,0.0,14
2,2024,2024211,25,8,23,23-8,ZHO,Guanyu Zhou,24,#64D064,55.0,1369,84.899,84.899,0,0,84.912,0.026,-1.682,-0.942,-1.211,3,-1.682,-0.942,-1.211,3,-0.74,I,#50A078,24,5.0,0,0,0.398,0,0,0,0,0.0,14
2,2024,2024211,25,8,23,23-8,ZHO,Guanyu Zhou,24,#64D064,56.0,1370,84.658,84.658,0,0,84.779,0.241,-1.605,-1.150,-1.030,3,-1.605,-1.150,-1.030,3,-0.455,I,#50A078,25,5.0,0,0,0.398,0,0,0,0,0.0,14
2,2024,2024211,25,8,23,23-8,ZHO,Guanyu Zhou,24,#64D064,57.0,1371,84.302,84.302,0,0,84.48,0.356,-1.384,-0.851,-0.959,3,-1.384,-0.851,-0.959,3,-0.533,I,#50A078,26,5.0,0,0,0.398,0,0,0,0,0.0,14
2,2024,2024211,25,8,23,23-8,ZHO,Guanyu Zhou,24,#64D064,58.0,1372,86.018,84.054,1,0,84.178,1.716,-3.292,-2.833,-1.875,3,-1.328,-0.869,-0.894,3,-0.459,I,#50A078,27,5.0,0,0,0.398,0,0,0,0,-1.0,15
2,2024,2024211,25,8,23,23-8,ZHO,Guanyu Zhou,24,#64D064,59.0,1373,83.806,83.806,0,0,83.93,2.212,-1.203,-0.388,-1.009,3,-1.203,-0.388,-1.009,3,-0.815,I,#50A078,28,5.0,0,0,0.398,0,0,0,0,0.0,15
2,2024,2024211,25,8,23,23-8,ZHO,Guanyu Zhou,24,#64D064,60.0,1374,83.471,83.471,0,0,83.638,0.335,-1.01,-0.560,-0.730,3,-1.010,-0.560,-0.730,3,-0.45,I,#50A078,29,5.0,0,0,0.398,0,0,0,0,0.0,15
2,2024,2024211,25,8,23,23-8,ZHO,Guanyu Zhou,24,#64D064,61.0,1375,83.473,83.473,0,0,83.472,0.002,-1.036,-0.296,-0.888,3,-1.036,-0.296,-0.888,3,-0.74,I,#50A078,30,5.0,0,0,0.398,0,0,0,0,0.0,15
2,2024,2024211,25,8,23,23-8,ZHO,Guanyu Zhou,24,#64D064,62.0,1376,83.712,83.712,0,0,83.592,0.239,-1.264,-0.471,-1.028,3,-1.264,-0.471,-1.028,3,-0.793,I,#50A078,31,5.0,0,0,0.398,0,0,0,0,0.0,15
2,2024,2024211,25,8,23,23-8,ZHO,Guanyu Zhou,24,#64D064,63.0,1377,83.453,83.453,0,0,83.583,0.259,-1.104,-0.438,-0.885,3,-1.104,-0.438,-0.885,3,-0.666,I,#50A078,32,5.0,0,0,0.398,0,0,0,0,0.0,15
2,2024,2024211,25,8,23,23-8,ZHO,Guanyu Zhou,24,#64D064,64.0,1378,83.515,83.515,0,0,83.484,0.062,-1.339,-0.519,-1.079,3,-1.339,-0.519,-1.079,3,-0.82,I,#50A078,33,5.0,0,0,0.398,0,0,0,0,0.0,15
2,2024,2024211,25,8,23,23-8,ZHO,Guanyu Zhou,24,#64D064,65.0,1379,83.058,83.058,0,0,83.286,0.457,-0.86,-0.155,-0.782,3,-0.860,-0.155,-0.782,3,-0.705,I,#50A078,34,5.0,0,0,0.398,0,0,0,0,0.0,15
2,2024,2024211,25,8,23,23-8,ZHO,Guanyu Zhou,24,#64D064,66.0,1380,83.126,83.126,0,0,83.092,0.068,-0.845,0.209,-0.950,23,-0.845,-0.236,-0.727,3,-1.054,I,#50A078,35,5.0,0,0,0.398,0,0,0,0,0.0,15
2,2024,2024211,25,8,23,23-8,ZHO,Guanyu Zhou,24,#64D064,67.0,1381,83.991,83.228,1,0,83.177,0.865,-1.784,-1.114,-1.227,3,-1.021,-0.351,-0.845,3,-0.67,I,#50A078,36,5.0,0,0,0.398,0,0,0,0,0.0,15
2,2024,2024211,25,8,23,23-8,ZHO,Guanyu Zhou,24,#64D064,68.0,1382,83.33,83.33,0,0,83.279,0.661,-1.117,-0.296,-0.969,3,-1.117,-0.296,-0.969,3,-0.821,I,#50A078,37,5.0,0,0,0.398,0,0,0,0,0.0,15
2,2024,2024211,25,8,23,23-8,ZHO,Guanyu Zhou,24,#64D064,69.0,1383,83.701,83.701,0,0,83.516,0.371,-1.258,-0.698,-0.909,3,-1.258,-0.698,-0.909,3,-0.56,I,#50A078,38,5.0,0,0,0.398,0,0,0,0,0.0,15
2,2024,2024221,26,8,3,3-8,BOT,Valtteri Bottas,77,#64D064,1.0,1384,-,-,0,1,-,-,-,-,-,-,-,-,-,-,,H,#A5AFB9,1,1.0,0,0,0.285,0,0,0,0,,19
2,2024,2024221,26,8,3,3-8,BOT,Valtteri Bottas,77,#64D064,2.0,1385,-,-,0,1,-,-,-,-,-,-,-,-,-,-,,H,#A5AFB9,2,1.0,0,0,0.285,0,0,0,0,0.0,19
2,2024,2024221,26,8,3,3-8,BOT,Valtteri Bottas,77,#64D064,3.0,1386,100.669,100.669,0,0,-,-,-1.021,1.270,-0.386,23,-1.021,1.270,-0.386,23,0.249,H,#A5AFB9,3,1.0,0,0,0.285,0,0,0,0,0.0,19
2,2024,2024221,26,8,3,3-8,BOT,Valtteri Bottas,77,#64D064,4.0,1387,100.459,100.459,0,0,100.564,0.210,-0.982,1.152,-0.406,23,-0.982,1.152,-0.406,23,0.17,H,#A5AFB9,4,1.0,0,0,0.285,0,0,0,0,0.0,18
2,2024,2024221,26,8,3,3-8,BOT,Valtteri Bottas,77,#64D064,5.0,1388,99.498,99.498,0,0,99.978,0.961,-0.236,0.100,-0.186,23,-0.236,0.100,-0.186,23,-0.136,H,#A5AFB9,5,1.0,0,0,0.285,0,0,0,0,0.0,18
2,2024,2024221,26,8,3,3-8,BOT,Valtteri Bottas,77,#64D064,6.0,1389,99.75,99.75,0,0,99.624,0.252,-0.554,-0.019,-0.564,3,-0.554,-0.019,-0.564,3,-0.573,H,#A5AFB9,6,1.0,0,0,0.285,0,0,0,0,0.0,18
2,2024,2024221,26,8,3,3-8,BOT,Valtteri Bottas,77,#64D064,7.0,1390,99.581,99.581,0,0,99.666,0.169,-0.137,-0.330,-0.302,3,-0.137,-0.330,-0.302,3,-0.467,H,#A5AFB9,7,1.0,0,0,0.285,0,0,0,0,0.0,18
2,2024,2024221,26,8,3,3-8,BOT,Valtteri Bottas,77,#64D064,8.0,1391,99.93,99.574,1,0,99.577,0.349,-0.012,-0.238,-0.131,3,0.344,-0.594,0.047,3,-0.25,H,#A5AFB9,8,1.0,0,0,0.285,0,0,0,0,0.0,18
2,2024,2024221,26,8,3,3-8,BOT,Valtteri Bottas,77,#64D064,9.0,1392,99.566,99.566,0,0,99.57,0.364,0.767,-1.253,0.141,3,0.767,-1.253,0.141,3,-0.486,H,#A5AFB9,9,1.0,0,1,0.285,0,0,0,0,0.0,16
2,2024,2024221,26,8,3,3-8,BOT,Valtteri Bottas,77,#64D064,10.0,1393,99.756,99.756,0,0,99.661,0.190,0.343,-1.525,-0.419,3,0.343,-1.525,-0.419,3,-1.182,H,#A5AFB9,10,1.0,0,0,0.285,0,0,0,0,0.0,14
2,2024,2024221,26,8,3,3-8,BOT,Valtteri Bottas,77,#64D064,11.0,1394,100.916,100.916,0,0,100.336,1.160,-1.407,-,-,-,-1.407,-,-,-,,H,#A5AFB9,11,1.0,0,0,0.285,0,0,0,0,0.0,8
2,2024,2024221,26,8,3,3-8,BOT,Valtteri Bottas,77,#64D064,12.0,1395,101.845,101.845,0,0,101.38,0.929,-2.027,-,-,-,-2.027,-,-,-,,H,#A5AFB9,12,1.0,0,0,0.285,0,0,0,0,0.0,7
2,2024,2024221,26,8,3,3-8,BOT,Valtteri Bottas,77,#64D064,13.0,1396,102.69,102.05,1,0,101.948,0.845,-2.854,2.762,-1.473,23,-2.214,2.122,-1.153,23,-0.092,H,#A5AFB9,13,1.0,0,0,0.285,0,0,0,0,-3.0,10
2,2024,2024221,26,8,3,3-8,BOT,Valtteri Bottas,77,#64D064,14.0,1397,102.256,102.256,0,0,102.153,0.434,-2.555,2.907,-1.101,23,-2.555,2.907,-1.101,23,0.352,H,#A5AFB9,14,1.0,0,0,0.285,0,0,0,0,0.0,10
2,2024,2024221,26,8,3,3-8,BOT,Valtteri Bottas,77,#64D064,15.0,1398,102.233,102.233,0,0,102.244,0.023,-2.737,3.255,-1.110,23,-2.737,3.255,-1.110,23,0.518,H,#A5AFB9,15,1.0,0,0,0.285,0,0,0,0,-1.0,10
2,2024,2024221,26,8,3,3-8,BOT,Valtteri Bottas,77,#64D064,16.0,1399,103.358,103.358,0,0,102.796,1.125,-3.927,4.146,-1.854,23,-3.927,4.146,-1.854,23,0.219,H,#A5AFB9,16,1.0,0,0,0.285,0,0,0,0,-1.0,11
2,2024,2024221,26,8,3,3-8,BOT,Valtteri Bottas,77,#64D064,17.0,1400,-,-,0,1,-,-,-,-,-,-,-,-,-,-,-0.522,H,#A5AFB9,17,1.0,1,0,0.285,0,0,0,0,0.0,16
2,2024,2024221,26,8,3,3-8,BOT,Valtteri Bottas,77,#64D064,18.0,1401,-,-,0,1,-,-,-,-,-,-,-,-,-,-,-0.39,M,#F0E628,1,2.0,0,0,0.212,0,0,0,0,0.0,19
2,2024,2024221,26,8,3,3-8,BOT,Valtteri Bottas,77,#64D064,19.0,1402,99.697,99.697,0,0,-,-,-1.062,0.716,-0.704,23,-1.062,0.716,-0.704,23,-0.346,M,#F0E628,2,2.0,0,0,0.212,0,0,0,0,0.0,19
2,2024,2024221,26,8,3,3-8,BOT,Valtteri Bottas,77,#64D064,20.0,1403,99.349,99.349,0,0,99.523,0.348,-1.077,0.574,-0.790,23,-1.077,0.574,-0.790,23,-0.503,M,#F0E628,3,2.0,0,0,0.212,0,0,0,0,0.0,19
2,2024,2024221,26,8,3,3-8,BOT,Valtteri Bottas,77,#64D064,21.0,1404,99.342,99.342,0,0,99.346,0.007,-1.074,0.496,-0.826,23,-1.074,0.496,-0.826,23,-0.578,M,#F0E628,4,2.0,0,0,0.212,0,0,0,0,0.0,19
2,2024,2024221,26,8,3,3-8,BOT,Valtteri Bottas,77,#64D064,22.0,1405,99.177,99.177,0,0,99.26,0.165,-0.785,0.331,-0.620,23,-0.785,0.331,-0.620,23,-0.454,M,#F0E628,5,2.0,0,0,0.212,0,0,0,0,0.0,19
2,2024,2024221,26,8,3,3-8,BOT,Valtteri Bottas,77,#64D064,23.0,1406,99.193,99.193,0,0,99.185,0.016,-0.677,-0.498,-0.926,3,-0.677,0.079,-0.637,23,-1.175,M,#F0E628,6,2.0,0,0,0.212,0,0,0,0,0.0,19
2,2024,2024221,26,8,3,3-8,BOT,Valtteri Bottas,77,#64D064,24.0,1407,98.631,98.631,0,0,98.912,0.562,-0.184,-0.751,-0.559,3,-0.184,-0.751,-0.559,3,-0.935,M,#F0E628,7,2.0,0,0,0.212,0,0,0,0,0.0,19
2,2024,2024221,26,8,3,3-8,BOT,Valtteri Bottas,77,#64D064,25.0,1408,99.697,98.662,1,0,98.646,1.066,-1.294,-0.103,-1.345,3,-0.260,-1.137,-0.829,3,-1.397,M,#F0E628,8,2.0,0,0,0.212,0,0,0,0,0.0,19
2,2024,2024221,26,8,3,3-8,BOT,Valtteri Bottas,77,#64D064,26.0,1409,98.693,98.693,0,0,98.678,1.004,-0.27,-1.405,-0.973,3,-0.270,-1.405,-0.973,3,-1.675,M,#F0E628,9,2.0,0,1,0.212,0,0,0,0,0.0,18
2,2024,2024221,26,8,3,3-8,BOT,Valtteri Bottas,77,#64D064,27.0,1410,98.676,98.676,0,0,98.684,0.017,0.255,-0.967,-0.228,3,0.255,-0.967,-0.228,3,-0.712,M,#F0E628,10,2.0,0,0,0.212,0,0,0,0,0.0,17
2,2024,2024221,26,8,3,3-8,BOT,Valtteri Bottas,77,#64D064,28.0,1411,98.594,98.594,0,0,98.635,0.082,0.076,-1.050,-0.449,3,0.076,-1.050,-0.449,3,-0.974,M,#F0E628,11,2.0,0,0,0.212,0,0,0,0,0.0,17
2,2024,2024221,26,8,3,3-8,BOT,Valtteri Bottas,77,#64D064,29.0,1412,98.756,98.756,0,0,98.675,0.162,-0.497,-0.557,-0.776,3,-0.497,-0.557,-0.776,3,-1.054,M,#F0E628,12,2.0,0,0,0.212,0,0,0,0,0.0,16
2,2024,2024221,26,8,3,3-8,BOT,Valtteri Bottas,77,#64D064,30.0,1413,99.452,99.452,0,0,99.104,0.696,-1.119,-0.211,-1.224,3,-1.119,-0.211,-1.224,3,-1.33,M,#F0E628,13,2.0,0,0,0.212,0,0,0,0,0.0,16
2,2024,2024221,26,8,3,3-8,BOT,Valtteri Bottas,77,#64D064,31.0,1414,100.085,100.085,0,0,99.768,0.633,-1.63,0.411,-1.425,23,-1.630,0.411,-1.425,23,-1.219,M,#F0E628,14,2.0,0,0,0.212,0,0,0,0,0.0,16
2,2024,2024221,26,8,3,3-8,BOT,Valtteri Bottas,77,#64D064,32.0,1415,100.589,100.589,0,0,100.337,0.504,-2.198,0.573,-1.911,23,-2.198,1.028,-1.684,23,-1.625,M,#F0E628,15,2.0,0,0,0.212,0,0,0,0,-1.0,17
2,2024,2024221,26,8,3,3-8,BOT,Valtteri Bottas,77,#64D064,33.0,1416,100.195,100.195,0,0,100.392,0.394,-1.871,0.747,-1.498,23,-1.871,0.747,-1.498,23,-1.124,M,#F0E628,16,2.0,0,0,0.212,0,0,0,0,0.0,17
2,2024,2024221,26,8,3,3-8,BOT,Valtteri Bottas,77,#64D064,34.0,1417,100.828,100.828,0,0,100.512,0.633,-2.888,-,-,-,-2.888,-,-,-,,M,#F0E628,17,2.0,0,0,0.212,0,0,0,0,0.0,17
2,2024,2024221,26,8,3,3-8,BOT,Valtteri Bottas,77,#64D064,35.0,1418,-,-,0,1,-,-,-,-,-,-,-,-,-,-,,M,#F0E628,18,2.0,1,0,0.212,0,0,0,0,0.0,18
2,2024,2024221,26,8,3,3-8,BOT,Valtteri Bottas,77,#64D064,36.0,1419,-,-,0,1,-,-,-,-,-,-,-,-,-,-,-0.284,H,#A5AFB9,1,3.0,0,0,0.427,0,0,0,0,0.0,18
2,2024,2024221,26,8,3,3-8,BOT,Valtteri Bottas,77,#64D064,37.0,1420,97.506,97.506,0,0,-,-,-0.037,-0.047,-0.060,3,-0.037,-0.047,-0.060,3,-0.084,H,#A5AFB9,2,3.0,0,0,0.427,0,0,0,0,0.0,18
2,2024,2024221,26,8,3,3-8,BOT,Valtteri Bottas,77,#64D064,38.0,1421,97.092,97.092,0,0,97.299,0.414,0.231,-0.423,0.019,3,0.231,-0.423,0.019,3,-0.192,H,#A5AFB9,3,3.0,0,0,0.427,0,0,0,0,0.0,18
2,2024,2024221,26,8,3,3-8,BOT,Valtteri Bottas,77,#64D064,39.0,1422,96.89,96.89,0,0,96.991,0.202,0.217,-0.299,0.068,3,0.217,-0.299,0.068,3,-0.082,H,#A5AFB9,4,3.0,0,0,0.427,0,0,0,0,0.0,18
2,2024,2024221,26,8,3,3-8,BOT,Valtteri Bottas,77,#64D064,40.0,1423,99.608,97.595,1,0,97.242,2.718,-2.391,2.695,-1.044,23,-0.378,0.682,-0.037,23,0.304,H,#A5AFB9,5,3.0,0,0,0.427,0,0,0,0,0.0,18
2,2024,2024221,26,8,3,3-8,BOT,Valtteri Bottas,77,#64D064,41.0,1424,98.3,98.3,0,0,97.947,1.308,-1.041,1.297,-0.392,23,-1.041,1.297,-0.392,23,0.256,H,#A5AFB9,6,3.0,0,0,0.427,0,0,0,0,0.0,18
2,2024,2024221,26,8,3,3-8,BOT,Valtteri Bottas,77,#64D064,42.0,1425,98.341,98.341,0,0,98.32,0.041,-1.209,1.158,-0.630,23,-1.209,1.158,-0.630,23,-0.051,H,#A5AFB9,7,3.0,0,0,0.427,0,0,0,0,0.0,18
2,2024,2024221,26,8,3,3-8,BOT,Valtteri Bottas,77,#64D064,43.0,1426,97.062,97.062,0,0,97.702,1.279,-0.146,0.296,0.002,23,-0.146,0.296,0.002,23,0.15,H,#A5AFB9,8,3.0,0,1,0.427,0,0,0,0,0.0,18
2,2024,2024221,26,8,3,3-8,BOT,Valtteri Bottas,77,#64D064,44.0,1427,96.621,96.621,0,0,96.842,0.441,0.254,-0.461,0.024,3,0.254,-0.461,0.024,3,-0.207,H,#A5AFB9,9,3.0,0,0,0.427,0,0,0,0,0.0,18
2,2024,2024221,26,8,3,3-8,BOT,Valtteri Bottas,77,#64D064,45.0,1428,96.762,96.762,0,0,96.691,0.141,0.068,0.220,0.178,23,0.068,0.220,0.178,23,0.288,H,#A5AFB9,10,3.0,0,0,0.427,0,0,0,0,0.0,18
2,2024,2024221,26,8,3,3-8,BOT,Valtteri Bottas,77,#64D064,46.0,1429,96.601,96.601,0,0,96.682,0.161,0.225,0.277,0.363,23,0.225,0.277,0.363,23,0.502,H,#A5AFB9,11,3.0,0,0,0.427,0,0,0,0,0.0,18
2,2024,2024221,26,8,3,3-8,BOT,Valtteri Bottas,77,#64D064,47.0,1430,96.728,96.728,0,0,96.664,0.127,0.063,0.368,0.247,23,0.063,0.368,0.247,23,0.431,H,#A5AFB9,12,3.0,0,0,0.427,0,0,0,0,0.0,18
2,2024,2024221,26,8,3,3-8,BOT,Valtteri Bottas,77,#64D064,48.0,1431,98.301,98.301,0,0,97.514,1.573,-1.303,1.692,-0.457,23,-1.303,1.692,-0.457,23,0.389,H,#A5AFB9,13,3.0,0,0,0.427,0,0,0,0,0.0,18
2,2024,2024221,26,8,3,3-8,BOT,Valtteri Bottas,77,#64D064,49.0,1432,98.738,98.738,0,0,98.52,0.437,-1.488,1.763,-0.607,23,-1.488,1.763,-0.607,23,0.275,H,#A5AFB9,14,3.0,0,0,0.427,0,0,0,0,0.0,18
2,2024,2024221,26,8,23,23-8,ZHO,Guanyu Zhou,24,#64D064,1.0,1384,-,-,0,1,-,-,-,-,-,-,-,-,-,-,,M,#F0E628,2,1.0,0,0,0.148,0,0,0,0,,12
2,2024,2024221,26,8,23,23-8,ZHO,Guanyu Zhou,24,#64D064,2.0,1385,-,-,0,1,-,-,-,-,-,-,-,-,-,-,,M,#F0E628,3,1.0,0,0,0.148,0,0,0,0,0.0,12
2,2024,2024221,26,8,23,23-8,ZHO,Guanyu Zhou,24,#64D064,3.0,1386,99.399,99.399,0,0,-,-,0.249,1.270,-0.386,23,0.249,1.270,-0.386,23,-1.021,M,#F0E628,4,1.0,0,0,0.148,0,0,0,0,0.0,12
2,2024,2024221,26,8,23,23-8,ZHO,Guanyu Zhou,24,#64D064,4.0,1387,99.307,99.307,0,0,99.353,0.092,0.17,1.152,-0.406,23,0.170,1.152,-0.406,23,-0.982,M,#F0E628,5,1.0,0,0,0.148,0,0,0,0,0.0,12
2,2024,2024221,26,8,23,23-8,ZHO,Guanyu Zhou,24,#64D064,5.0,1388,99.398,99.398,0,0,99.352,0.091,-0.136,0.100,-0.186,23,-0.136,0.100,-0.186,23,-0.236,M,#F0E628,6,1.0,0,0,0.148,0,0,0,0,0.0,12
2,2024,2024221,26,8,23,23-8,ZHO,Guanyu Zhou,24,#64D064,6.0,1389,99.769,99.769,0,0,99.584,0.371,-0.573,-0.019,-0.564,3,-0.573,-0.019,-0.564,3,-0.554,M,#F0E628,7,1.0,0,1,0.148,0,0,0,0,0.0,12
2,2024,2024221,26,8,23,23-8,ZHO,Guanyu Zhou,24,#64D064,7.0,1390,99.911,99.911,0,0,99.84,0.142,-0.467,-0.330,-0.302,3,-0.467,-0.330,-0.302,3,-0.137,M,#F0E628,8,1.0,0,0,0.148,0,0,0,0,0.0,12
2,2024,2024221,26,8,23,23-8,ZHO,Guanyu Zhou,24,#64D064,8.0,1391,100.168,100.168,0,0,100.04,0.257,-0.25,-0.238,-0.131,3,-0.250,-0.594,0.047,3,-0.012,M,#F0E628,9,1.0,0,0,0.148,0,0,0,0,0.0,12
2,2024,2024221,26,8,23,23-8,ZHO,Guanyu Zhou,24,#64D064,9.0,1392,100.819,100.819,0,0,100.494,0.651,-0.486,-1.253,0.141,3,-0.486,-1.253,0.141,3,0.767,M,#F0E628,10,1.0,0,0,0.148,0,0,0,0,0.0,12
2,2024,2024221,26,8,23,23-8,ZHO,Guanyu Zhou,24,#64D064,10.0,1393,101.281,101.281,0,0,101.05,0.462,-1.182,-1.525,-0.419,3,-1.182,-1.525,-0.419,3,0.343,M,#F0E628,11,1.0,0,0,0.148,0,0,0,0,0.0,7
2,2024,2024221,26,8,23,23-8,ZHO,Guanyu Zhou,24,#64D064,11.0,1394,-,-,0,1,-,-,-,-,-,-,-,-,-,-,-1.407,M,#F0E628,12,1.0,1,0,0.148,0,0,0,0,0.0,9
2,2024,2024221,26,8,23,23-8,ZHO,Guanyu Zhou,24,#64D064,12.0,1395,-,-,0,1,-,-,-,-,-,-,-,-,-,-,-2.027,H,#A5AFB9,2,2.0,0,0,0.158,0,0,0,0,0.0,18
2,2024,2024221,26,8,23,23-8,ZHO,Guanyu Zhou,24,#64D064,13.0,1396,99.928,99.928,0,0,-,-,-0.092,2.762,-1.473,23,-0.092,2.122,-1.153,23,-2.854,H,#A5AFB9,3,2.0,0,0,0.158,0,0,0,0,0.0,17
2,2024,2024221,26,8,23,23-8,ZHO,Guanyu Zhou,24,#64D064,14.0,1397,99.349,99.349,0,0,99.638,0.579,0.352,2.907,-1.101,23,0.352,2.907,-1.101,23,-2.555,H,#A5AFB9,4,2.0,0,0,0.158,0,0,0,0,0.0,17
2,2024,2024221,26,8,23,23-8,ZHO,Guanyu Zhou,24,#64D064,15.0,1398,98.978,98.978,0,0,99.164,0.371,0.518,3.255,-1.110,23,0.518,3.255,-1.110,23,-2.737,H,#A5AFB9,5,2.0,0,0,0.158,0,0,0,0,0.0,16
2,2024,2024221,26,8,23,23-8,ZHO,Guanyu Zhou,24,#64D064,16.0,1399,99.212,99.212,0,0,99.095,0.234,0.219,4.146,-1.854,23,0.219,4.146,-1.854,23,-3.927,H,#A5AFB9,6,2.0,0,0,0.158,0,0,0,0,0.0,16
2,2024,2024221,26,8,23,23-8,ZHO,Guanyu Zhou,24,#64D064,17.0,1400,99.144,99.144,0,0,99.178,0.068,-0.522,-,-,-,-0.522,-,-,-,,H,#A5AFB9,7,2.0,0,0,0.158,0,0,0,0,0.0,13
2,2024,2024221,26,8,23,23-8,ZHO,Guanyu Zhou,24,#64D064,18.0,1401,98.902,98.902,0,0,99.023,0.242,-0.39,-,-,-,-0.390,-,-,-,,H,#A5AFB9,8,2.0,0,0,0.158,0,0,0,0,0.0,12
2,2024,2024221,26,8,23,23-8,ZHO,Guanyu Zhou,24,#64D064,19.0,1402,98.981,98.981,0,0,98.941,0.079,-0.346,0.716,-0.704,23,-0.346,0.716,-0.704,23,-1.062,H,#A5AFB9,9,2.0,0,0,0.158,0,0,0,0,0.0,12
2,2024,2024221,26,8,23,23-8,ZHO,Guanyu Zhou,24,#64D064,20.0,1403,98.775,98.775,0,0,98.878,0.206,-0.503,0.574,-0.790,23,-0.503,0.574,-0.790,23,-1.077,H,#A5AFB9,10,2.0,0,0,0.158,0,0,0,0,0.0,12
2,2024,2024221,26,8,23,23-8,ZHO,Guanyu Zhou,24,#64D064,21.0,1404,98.846,98.846,0,0,98.81,0.071,-0.578,0.496,-0.826,23,-0.578,0.496,-0.826,23,-1.074,H,#A5AFB9,11,2.0,0,0,0.158,0,0,0,0,0.0,12
2,2024,2024221,26,8,23,23-8,ZHO,Guanyu Zhou,24,#64D064,22.0,1405,98.846,98.846,0,0,98.846,0.000,-0.454,0.331,-0.620,23,-0.454,0.331,-0.620,23,-0.785,H,#A5AFB9,12,2.0,0,0,0.158,0,0,0,0,0.0,12
2,2024,2024221,26,8,23,23-8,ZHO,Guanyu Zhou,24,#64D064,23.0,1406,99.691,99.114,1,0,98.98,0.845,-1.175,-0.498,-0.926,3,-0.598,0.079,-0.637,23,-0.677,H,#A5AFB9,13,2.0,0,1,0.158,0,0,0,0,1.0,11
2,2024,2024221,26,8,23,23-8,ZHO,Guanyu Zhou,24,#64D064,24.0,1407,99.382,99.382,0,0,99.248,0.309,-0.935,-0.751,-0.559,3,-0.935,-0.751,-0.559,3,-0.184,H,#A5AFB9,14,2.0,0,0,0.158,0,0,0,0,0.0,11
2,2024,2024221,26,8,23,23-8,ZHO,Guanyu Zhou,24,#64D064,25.0,1408,99.8,99.8,0,0,99.591,0.418,-1.397,-0.103,-1.345,3,-1.397,-1.137,-0.829,3,-1.294,H,#A5AFB9,15,2.0,0,0,0.158,0,0,0,0,0.0,10
2,2024,2024221,26,8,23,23-8,ZHO,Guanyu Zhou,24,#64D064,26.0,1409,100.098,100.098,0,0,99.949,0.298,-1.675,-1.405,-0.973,3,-1.675,-1.405,-0.973,3,-0.27,H,#A5AFB9,16,2.0,0,0,0.158,0,0,0,0,-1.0,10
2,2024,2024221,26,8,23,23-8,ZHO,Guanyu Zhou,24,#64D064,27.0,1410,99.643,99.643,0,0,99.87,0.455,-0.712,-0.967,-0.228,3,-0.712,-0.967,-0.228,3,0.255,H,#A5AFB9,17,2.0,0,0,0.158,0,0,0,0,0.0,10
2,2024,2024221,26,8,23,23-8,ZHO,Guanyu Zhou,24,#64D064,28.0,1411,99.644,99.644,0,0,99.644,0.001,-0.974,-1.050,-0.449,3,-0.974,-1.050,-0.449,3,0.076,H,#A5AFB9,18,2.0,0,0,0.158,0,0,0,0,0.0,10
2,2024,2024221,26,8,23,23-8,ZHO,Guanyu Zhou,24,#64D064,29.0,1412,99.313,99.313,0,0,99.478,0.331,-1.054,-0.557,-0.776,3,-1.054,-0.557,-0.776,3,-0.497,H,#A5AFB9,19,2.0,0,0,0.158,0,0,0,0,0.0,10
2,2024,2024221,26,8,23,23-8,ZHO,Guanyu Zhou,24,#64D064,30.0,1413,99.663,99.663,0,0,99.488,0.350,-1.33,-0.211,-1.224,3,-1.330,-0.211,-1.224,3,-1.119,H,#A5AFB9,20,2.0,0,0,0.158,0,0,0,0,0.0,9
2,2024,2024221,26,8,23,23-8,ZHO,Guanyu Zhou,24,#64D064,31.0,1414,99.674,99.674,0,0,99.668,0.011,-1.219,0.411,-1.425,23,-1.219,0.411,-1.425,23,-1.63,H,#A5AFB9,21,2.0,0,0,0.158,0,0,0,0,0.0,9
2,2024,2024221,26,8,23,23-8,ZHO,Guanyu Zhou,24,#64D064,32.0,1415,100.016,99.561,1,0,99.618,0.342,-1.625,0.573,-1.911,23,-1.170,1.028,-1.684,23,-2.198,H,#A5AFB9,22,2.0,0,0,0.158,0,0,0,0,-1.0,10
2,2024,2024221,26,8,23,23-8,ZHO,Guanyu Zhou,24,#64D064,33.0,1416,99.448,99.448,0,0,99.504,0.568,-1.124,0.747,-1.498,23,-1.124,0.747,-1.498,23,-1.871,H,#A5AFB9,23,2.0,0,0,0.158,0,0,0,0,0.0,9
2,2024,2024221,26,8,23,23-8,ZHO,Guanyu Zhou,24,#64D064,34.0,1417,-,-,0,1,-,-,-,-,-,-,-,-,-,-,-2.888,H,#A5AFB9,24,2.0,1,0,0.158,0,0,0,0,0.0,12
2,2024,2024221,26,8,23,23-8,ZHO,Guanyu Zhou,24,#64D064,35.0,1418,-,-,0,1,-,-,-,-,-,-,-,-,-,-,,H,#A5AFB9,1,3.0,0,0,0.174,0,0,0,0,0.0,16
2,2024,2024221,26,8,23,23-8,ZHO,Guanyu Zhou,24,#64D064,36.0,1419,97.95,97.95,0,0,-,-,-0.284,-,-,-,-0.284,-,-,-,,H,#A5AFB9,2,3.0,0,0,0.174,0,0,0,0,0.0,16
2,2024,2024221,26,8,23,23-8,ZHO,Guanyu Zhou,24,#64D064,37.0,1420,97.553,97.553,0,0,97.752,0.397,-0.084,-0.047,-0.060,3,-0.084,-0.047,-0.060,3,-0.037,H,#A5AFB9,3,3.0,0,0,0.174,0,0,0,0,0.0,16
2,2024,2024221,26,8,23,23-8,ZHO,Guanyu Zhou,24,#64D064,38.0,1421,97.515,97.515,0,0,97.534,0.038,-0.192,-0.423,0.019,3,-0.192,-0.423,0.019,3,0.231,H,#A5AFB9,4,3.0,0,0,0.174,0,0,0,0,0.0,16
2,2024,2024221,26,8,23,23-8,ZHO,Guanyu Zhou,24,#64D064,39.0,1422,97.189,97.189,0,0,97.352,0.326,-0.082,-0.299,0.068,3,-0.082,-0.299,0.068,3,0.217,H,#A5AFB9,5,3.0,0,0,0.174,0,0,0,0,0.0,15
2,2024,2024221,26,8,23,23-8,ZHO,Guanyu Zhou,24,#64D064,40.0,1423,96.913,96.913,0,0,97.051,0.276,0.304,2.695,-1.044,23,0.304,0.682,-0.037,23,-2.391,H,#A5AFB9,6,3.0,0,0,0.174,0,0,0,0,0.0,15
2,2024,2024221,26,8,23,23-8,ZHO,Guanyu Zhou,24,#64D064,41.0,1424,97.003,97.003,0,0,96.958,0.090,0.256,1.297,-0.392,23,0.256,1.297,-0.392,23,-1.041,H,#A5AFB9,7,3.0,0,0,0.174,0,0,0,0,0.0,15
2,2024,2024221,26,8,23,23-8,ZHO,Guanyu Zhou,24,#64D064,42.0,1425,97.183,97.183,0,0,97.093,0.180,-0.051,1.158,-0.630,23,-0.051,1.158,-0.630,23,-1.209,H,#A5AFB9,8,3.0,0,0,0.174,0,0,0,0,0.0,15
2,2024,2024221,26,8,23,23-8,ZHO,Guanyu Zhou,24,#64D064,43.0,1426,96.766,96.766,0,0,96.974,0.417,0.15,0.296,0.002,23,0.150,0.296,0.002,23,-0.146,H,#A5AFB9,9,3.0,0,1,0.174,0,0,0,0,0.0,15
2,2024,2024221,26,8,23,23-8,ZHO,Guanyu Zhou,24,#64D064,44.0,1427,97.082,97.082,0,0,96.924,0.316,-0.207,-0.461,0.024,3,-0.207,-0.461,0.024,3,0.254,H,#A5AFB9,10,3.0,0,0,0.174,0,0,0,0,1.0,14
2,2024,2024221,26,8,23,23-8,ZHO,Guanyu Zhou,24,#64D064,45.0,1428,96.542,96.542,0,0,96.812,0.540,0.288,0.220,0.178,23,0.288,0.220,0.178,23,0.068,H,#A5AFB9,11,3.0,0,0,0.174,0,0,0,0,0.0,14
2,2024,2024221,26,8,23,23-8,ZHO,Guanyu Zhou,24,#64D064,46.0,1429,96.324,96.324,0,0,96.433,0.218,0.502,0.277,0.363,23,0.502,0.277,0.363,23,0.225,H,#A5AFB9,12,3.0,0,0,0.174,0,0,0,0,0.0,14
2,2024,2024221,26,8,23,23-8,ZHO,Guanyu Zhou,24,#64D064,47.0,1430,96.36,96.36,0,0,96.342,0.036,0.431,0.368,0.247,23,0.431,0.368,0.247,23,0.063,H,#A5AFB9,13,3.0,0,0,0.174,0,0,0,0,0.0,14
2,2024,2024221,26,8,23,23-8,ZHO,Guanyu Zhou,24,#64D064,48.0,1431,96.609,96.609,0,0,96.484,0.249,0.389,1.692,-0.457,23,0.389,1.692,-0.457,23,-1.303,H,#A5AFB9,14,3.0,0,0,0.174,0,0,0,0,0.0,14
2,2024,2024221,26,8,23,23-8,ZHO,Guanyu Zhou,24,#64D064,49.0,1432,96.975,96.975,0,0,96.792,0.366,0.275,1.763,-0.607,23,0.275,1.763,-0.607,23,-1.488,H,#A5AFB9,15,3.0,0,0,0.174,0,0,0,0,0.0,14
2,2024,2024221,26,8,23,23-8,ZHO,Guanyu Zhou,24,#64D064,50.0,1433,98.399,98.399,0,0,97.687,1.424,-0.721,-,-,-,-0.721,-,-,-,,H,#A5AFB9,16,3.0,0,0,0.174,0,0,0,0,0.0,13
2,2024,2024230,27,8,3,3-8,BOT,Valtteri Bottas,77,#64D064,1.0,1434,-,-,0,1,-,-,-,-,-,-,-,-,-,-,, ,#FFFFFF,-,,0,0,-,0,0,0,0,,12
2,2024,2024230,27,8,3,3-8,BOT,Valtteri Bottas,77,#64D064,2.0,1435,-,-,0,1,-,-,-,-,-,-,-,-,-,-,, ,#FFFFFF,-,,0,0,-,0,0,0,0,0.0,12
2,2024,2024230,27,8,3,3-8,BOT,Valtteri Bottas,77,#64D064,3.0,1436,87.585,-,0,0,-,-,-0.727,0.263,-0.859,3,-,-,-,-,-0.99, ,#FFFFFF,-,,0,0,-,0,0,0,0,0.0,12
2,2024,2024230,27,8,3,3-8,BOT,Valtteri Bottas,77,#64D064,4.0,1437,87.122,-,0,0,-,0.463,-0.407,0.513,-0.663,3,-,-,-,-,-0.92, ,#FFFFFF,-,,0,0,-,0,0,0,0,0.0,12
2,2024,2024230,27,8,3,3-8,BOT,Valtteri Bottas,77,#64D064,5.0,1438,86.827,86.827,0,0,-,0.295,-0.262,0.608,-0.566,3,-0.262,0.608,-0.566,3,-0.87,M,#F0E628,9,,0,0,-,0,0,0,0,0.0,12
2,2024,2024230,27,8,3,3-8,BOT,Valtteri Bottas,77,#64D064,6.0,1439,86.382,86.382,0,0,86.604,0.445,-0.046,1.203,-0.648,3,-0.046,1.203,-0.648,3,-1.249,M,#F0E628,10,,0,0,-,0,0,0,0,0.0,12
2,2024,2024230,27,8,3,3-8,BOT,Valtteri Bottas,77,#64D064,7.0,1440,86.189,86.189,0,0,86.286,0.193,0.06,3.926,-1.903,3,0.060,2.569,-1.224,3,-3.866,M,#F0E628,11,,0,0,-,0,0,0,0,0.0,12
2,2024,2024230,27,8,3,3-8,BOT,Valtteri Bottas,77,#64D064,8.0,1441,86.146,86.146,0,0,86.167,0.043,0.018,3.785,-1.875,3,0.018,3.785,-1.875,3,-3.767,M,#F0E628,12,,0,0,-,0,0,0,0,0.0,12
2,2024,2024230,27,8,3,3-8,BOT,Valtteri Bottas,77,#64D064,9.0,1442,86.068,86.068,0,0,86.107,0.078,0.035,3.142,-1.536,3,0.035,3.142,-1.536,3,-3.107,M,#F0E628,13,,0,0,-,0,0,0,0,0.0,12
2,2024,2024230,27,8,3,3-8,BOT,Valtteri Bottas,77,#64D064,10.0,1443,85.574,85.574,0,0,85.821,0.494,0.114,-,-,-,0.114,-,-,-,,M,#F0E628,14,,0,0,-,0,0,0,0,0.0,12
2,2024,2024230,27,8,3,3-8,BOT,Valtteri Bottas,77,#64D064,11.0,1444,85.976,85.511,1,0,85.542,0.402,-0.414,-,-,-,0.052,-,-,-,,M,#F0E628,15,,0,0,-,0,0,0,0,0.0,12
2,2024,2024230,27,8,3,3-8,BOT,Valtteri Bottas,77,#64D064,12.0,1445,85.447,85.447,0,0,85.479,0.529,0.031,0.219,-0.079,3,0.031,0.219,-0.079,3,-0.188,M,#F0E628,16,,0,0,-,0,0,0,0,0.0,12
2,2024,2024230,27,8,3,3-8,BOT,Valtteri Bottas,77,#64D064,13.0,1446,85.737,85.555,1,0,85.501,0.290,-0.286,0.504,-0.538,3,-0.104,0.151,-0.179,3,-0.79,M,#F0E628,17,,0,0,-,0,0,0,0,0.0,12
2,2024,2024230,27,8,3,3-8,BOT,Valtteri Bottas,77,#64D064,14.0,1447,85.663,85.663,0,0,85.609,0.074,-0.338,0.082,-0.379,3,-0.338,0.082,-0.379,3,-0.42,M,#F0E628,18,,0,0,-,0,0,0,0,0.0,12
2,2024,2024230,27,8,3,3-8,BOT,Valtteri Bottas,77,#64D064,15.0,1448,85.585,85.585,0,0,85.624,0.078,-0.313,0.349,-0.487,3,-0.313,0.349,-0.487,3,-0.662,M,#F0E628,19,,0,0,-,0,0,0,0,0.0,12
2,2024,2024230,27,8,3,3-8,BOT,Valtteri Bottas,77,#64D064,16.0,1449,85.787,85.624,1,0,85.605,0.202,-0.337,0.342,-0.508,3,-0.174,0.505,-0.426,3,-0.679,M,#F0E628,20,,0,0,-,0,0,0,0,0.0,12
2,2024,2024230,27,8,3,3-8,BOT,Valtteri Bottas,77,#64D064,17.0,1450,85.664,85.664,0,0,85.644,0.123,-0.536,-0.059,-0.506,23,-0.536,-0.059,-0.506,23,-0.477,M,#F0E628,21,,0,0,-,0,0,0,0,0.0,12
2,2024,2024230,27,8,3,3-8,BOT,Valtteri Bottas,77,#64D064,18.0,1451,85.535,85.535,0,0,85.6,0.129,-0.567,-0.187,-0.473,23,-0.567,-0.187,-0.473,23,-0.38,M,#F0E628,22,,0,0,-,0,0,0,0,0.0,12
2,2024,2024230,27,8,3,3-8,BOT,Valtteri Bottas,77,#64D064,19.0,1452,85.529,85.529,0,0,85.532,0.006,-0.187,-0.478,0.052,23,-0.187,-0.478,0.052,23,0.291,M,#F0E628,23,,0,0,-,0,0,0,0,0.0,12
2,2024,2024230,27,8,23,23-8,ZHO,Guanyu Zhou,24,#64D064,1.0,1434,-,-,0,1,-,-,-,-,-,-,-,-,-,-,,S,#CD3C3C,1,1.0,0,0,0.529,0,0,0,0,,17
2,2024,2024230,27,8,23,23-8,ZHO,Guanyu Zhou,24,#64D064,2.0,1435,-,-,0,1,-,-,-,-,-,-,-,-,-,-,,S,#CD3C3C,2,1.0,0,0,0.529,0,0,0,0,1.0,16
2,2024,2024230,27,8,23,23-8,ZHO,Guanyu Zhou,24,#64D064,3.0,1436,87.848,87.848,0,0,-,-,-0.99,0.263,-0.859,3,-0.990,-,-,-,-0.727,S,#CD3C3C,3,1.0,0,0,0.529,0,0,0,0,0.0,16
2,2024,2024230,27,8,23,23-8,ZHO,Guanyu Zhou,24,#64D064,4.0,1437,87.635,87.635,0,0,87.742,0.213,-0.92,0.513,-0.663,3,-0.920,-,-,-,-0.407,S,#CD3C3C,4,1.0,0,0,0.529,0,0,0,0,0.0,16
2,2024,2024230,27,8,23,23-8,ZHO,Guanyu Zhou,24,#64D064,5.0,1438,87.435,87.435,0,0,87.535,0.200,-0.87,0.608,-0.566,3,-0.870,0.608,-0.566,3,-0.262,S,#CD3C3C,5,1.0,0,0,0.529,0,0,0,0,0.0,16
2,2024,2024230,27,8,23,23-8,ZHO,Guanyu Zhou,24,#64D064,6.0,1439,87.585,87.585,0,0,87.51,0.150,-1.249,1.203,-0.648,3,-1.249,1.203,-0.648,3,-0.046,S,#CD3C3C,6,1.0,0,1,0.529,0,0,0,0,0.0,16
2,2024,2024230,27,8,23,23-8,ZHO,Guanyu Zhou,24,#64D064,7.0,1440,90.115,88.758,1,0,88.172,2.530,-3.866,3.926,-1.903,3,-2.509,2.569,-1.224,3,0.06,S,#CD3C3C,7,1.0,0,0,0.529,0,0,0,0,-2.0,18
2,2024,2024230,27,8,23,23-8,ZHO,Guanyu Zhou,24,#64D064,8.0,1441,89.931,89.931,0,0,89.344,0.184,-3.767,3.785,-1.875,3,-3.767,3.785,-1.875,3,0.018,S,#CD3C3C,8,1.0,0,0,0.529,0,0,0,0,-2.0,20
2,2024,2024230,27,8,23,23-8,ZHO,Guanyu Zhou,24,#64D064,9.0,1442,89.21,89.21,0,0,89.57,0.721,-3.107,3.142,-1.536,3,-3.107,3.142,-1.536,3,0.035,S,#CD3C3C,9,1.0,0,0,0.529,0,0,0,0,0.0,20
2,2024,2024230,27,8,23,23-8,ZHO,Guanyu Zhou,24,#64D064,10.0,1443,-,-,0,1,-,-,-,-,-,-,-,-,-,-,0.114,S,#CD3C3C,10,1.0,1,0,0.529,0,0,0,0,0.0,20
2,2024,2024230,27,8,23,23-8,ZHO,Guanyu Zhou,24,#64D064,11.0,1444,-,-,0,1,-,-,-,-,-,-,-,-,-,-,-0.414,M,#F0E628,9,2.0,0,0,0.187,0,0,0,0,0.0,20
2,2024,2024230,27,8,23,23-8,ZHO,Guanyu Zhou,24,#64D064,12.0,1445,85.666,85.666,0,0,-,-,-0.188,0.219,-0.079,3,-0.188,0.219,-0.079,3,0.031,M,#F0E628,10,2.0,0,0,0.187,0,0,0,0,0.0,20
2,2024,2024230,27,8,23,23-8,ZHO,Guanyu Zhou,24,#64D064,13.0,1446,86.241,85.706,1,0,85.686,0.575,-0.79,0.504,-0.538,3,-0.255,0.151,-0.179,3,-0.286,M,#F0E628,11,2.0,0,0,0.187,0,0,0,0,0.0,20
2,2024,2024230,27,8,23,23-8,ZHO,Guanyu Zhou,24,#64D064,14.0,1447,85.745,85.745,0,0,85.725,0.496,-0.42,0.082,-0.379,3,-0.420,0.082,-0.379,3,-0.338,M,#F0E628,12,2.0,0,0,0.187,0,0,0,0,0.0,20
2,2024,2024230,27,8,23,23-8,ZHO,Guanyu Zhou,24,#64D064,15.0,1448,85.934,85.934,0,0,85.84,0.189,-0.662,0.349,-0.487,3,-0.662,0.349,-0.487,3,-0.313,M,#F0E628,13,2.0,0,1,0.187,0,0,0,0,0.0,19
2,2024,2024230,27,8,23,23-8,ZHO,Guanyu Zhou,24,#64D064,16.0,1449,86.129,86.129,0,0,86.032,0.195,-0.679,0.342,-0.508,3,-0.679,0.505,-0.426,3,-0.337,M,#F0E628,14,2.0,0,0,0.187,0,0,0,0,0.0,19
2,2024,2024230,27,8,23,23-8,ZHO,Guanyu Zhou,24,#64D064,17.0,1450,85.605,85.605,0,0,85.867,0.524,-0.477,-0.059,-0.506,23,-0.477,-0.059,-0.506,23,-0.536,M,#F0E628,15,2.0,0,0,0.187,0,0,0,0,0.0,19
2,2024,2024230,27,8,23,23-8,ZHO,Guanyu Zhou,24,#64D064,18.0,1451,85.348,85.348,0,0,85.476,0.257,-0.38,-0.187,-0.473,23,-0.380,-0.187,-0.473,23,-0.567,M,#F0E628,16,2.0,0,0,0.187,0,0,0,0,0.0,19
2,2024,2024230,27,8,23,23-8,ZHO,Guanyu Zhou,24,#64D064,19.0,1452,85.051,85.051,0,0,85.2,0.297,0.291,-0.478,0.052,23,0.291,-0.478,0.052,23,-0.187,M,#F0E628,17,2.0,0,0,0.187,0,0,0,0,0.0,19
2,2024,2024231,28,8,3,3-8,BOT,Valtteri Bottas,77,#64D064,1.0,1453,-,-,0,1,-,-,-,-,-,-,-,-,-,-,,M,#F0E628,1,1.0,0,0,0.215,0,1,0,0,,13
2,2024,2024231,28,8,3,3-8,BOT,Valtteri Bottas,77,#64D064,2.0,1454,-,-,0,1,-,-,-,-,-,-,-,-,-,-,,M,#F0E628,2,1.0,0,0,0.215,0,0,0,0,0.0,13
2,2024,2024231,28,8,3,3-8,BOT,Valtteri Bottas,77,#64D064,3.0,1455,-,-,0,1,-,-,-,-,-,-,-,-,-,-,,M,#F0E628,3,1.0,0,0,0.215,0,0,0,0,0.0,13
2,2024,2024231,28,8,3,3-8,BOT,Valtteri Bottas,77,#64D064,4.0,1456,-,-,0,1,-,-,-,-,-,-,-,-,-,-,,M,#F0E628,4,1.0,0,0,0.215,1,0,0,0,0.0,13
2,2024,2024231,28,8,3,3-8,BOT,Valtteri Bottas,77,#64D064,5.0,1457,-,-,0,1,-,-,-,-,-,-,-,-,-,-,,M,#F0E628,5,1.0,0,0,0.215,0,0,0,0,-1.0,14
2,2024,2024231,28,8,3,3-8,BOT,Valtteri Bottas,77,#64D064,6.0,1458,89.4,89.4,0,0,-,-,-0.927,0.142,-0.856,23,-0.927,0.142,-0.856,23,-0.785,M,#F0E628,6,1.0,0,0,0.215,0,0,0,0,0.0,14
2,2024,2024231,28,8,3,3-8,BOT,Valtteri Bottas,77,#64D064,7.0,1459,88.25,88.25,0,0,88.825,1.150,-0.647,0.194,-0.550,23,-0.647,0.194,-0.550,23,-0.453,M,#F0E628,7,1.0,0,0,0.215,0,0,0,0,0.0,14
2,2024,2024231,28,8,3,3-8,BOT,Valtteri Bottas,77,#64D064,8.0,1460,88.501,88.501,0,0,88.376,0.251,-1.019,0.132,-0.953,23,-1.019,0.434,-0.802,23,-0.887,M,#F0E628,8,1.0,0,0,0.215,0,0,0,0,0.0,14
2,2024,2024231,28,8,3,3-8,BOT,Valtteri Bottas,77,#64D064,9.0,1461,87.855,87.855,0,0,88.178,0.646,-0.617,-0.223,-0.728,3,-0.617,-0.223,-0.728,3,-0.84,M,#F0E628,9,1.0,0,0,0.215,0,0,0,0,0.0,14
2,2024,2024231,28,8,3,3-8,BOT,Valtteri Bottas,77,#64D064,10.0,1462,87.717,87.717,0,0,87.786,0.138,-0.553,0.074,-0.516,23,-0.553,0.074,-0.516,23,-0.479,M,#F0E628,10,1.0,0,0,0.215,0,0,0,0,0.0,14
2,2024,2024231,28,8,3,3-8,BOT,Valtteri Bottas,77,#64D064,11.0,1463,88.141,87.78,1,0,87.748,0.424,-0.958,-0.023,-0.970,3,-0.596,-0.029,-0.611,3,-0.981,M,#F0E628,11,1.0,0,0,0.215,0,0,0,0,0.0,14
2,2024,2024231,28,8,3,3-8,BOT,Valtteri Bottas,77,#64D064,12.0,1464,87.842,87.842,0,0,87.811,0.299,-0.777,-0.131,-0.843,3,-0.777,-0.131,-0.843,3,-0.908,M,#F0E628,12,1.0,0,0,0.215,0,0,0,0,0.0,14
2,2024,2024231,28,8,3,3-8,BOT,Valtteri Bottas,77,#64D064,13.0,1465,87.753,87.753,0,0,87.798,0.089,-0.745,0.094,-0.698,23,-0.745,0.094,-0.698,23,-0.651,M,#F0E628,13,1.0,0,0,0.215,0,0,0,0,0.0,14
2,2024,2024231,28,8,3,3-8,BOT,Valtteri Bottas,77,#64D064,14.0,1466,87.79,87.79,0,0,87.772,0.037,-0.945,-0.119,-1.004,3,-0.945,0.448,-0.721,23,-1.064,M,#F0E628,14,1.0,0,1,0.215,0,0,0,0,0.0,14
2,2024,2024231,28,8,3,3-8,BOT,Valtteri Bottas,77,#64D064,15.0,1467,88.029,88.029,0,0,87.91,0.239,-1.271,1.005,-0.768,23,-1.271,1.005,-0.768,23,-0.266,M,#F0E628,15,1.0,0,0,0.215,0,0,0,0,0.0,14
2,2024,2024231,28,8,3,3-8,BOT,Valtteri Bottas,77,#64D064,16.0,1468,87.96,87.96,0,0,87.994,0.069,-1.316,0.795,-0.918,23,-1.316,0.795,-0.918,23,-0.521,M,#F0E628,16,1.0,0,0,0.215,0,0,0,0,0.0,14
2,2024,2024231,28,8,3,3-8,BOT,Valtteri Bottas,77,#64D064,17.0,1469,87.339,87.339,0,0,87.649,0.621,-0.818,0.092,-0.772,23,-0.818,0.092,-0.772,23,-0.726,M,#F0E628,17,1.0,0,0,0.215,0,0,0,0,0.0,14
2,2024,2024231,28,8,3,3-8,BOT,Valtteri Bottas,77,#64D064,18.0,1470,87.489,87.489,0,0,87.414,0.150,-1.022,0.469,-0.788,23,-1.022,0.469,-0.788,23,-0.553,M,#F0E628,18,1.0,0,0,0.215,0,0,0,0,0.0,14
2,2024,2024231,28,8,3,3-8,BOT,Valtteri Bottas,77,#64D064,19.0,1471,87.16,87.16,0,0,87.324,0.329,-0.781,0.272,-0.645,23,-0.781,0.272,-0.645,23,-0.509,M,#F0E628,19,1.0,0,0,0.215,0,0,0,0,0.0,14
2,2024,2024231,28,8,3,3-8,BOT,Valtteri Bottas,77,#64D064,20.0,1472,86.295,86.295,0,0,86.727,0.865,-0.053,-0.314,-0.210,3,-0.053,-0.314,-0.210,3,-0.367,M,#F0E628,20,1.0,0,0,0.215,0,0,0,0,1.0,13
2,2024,2024231,28,8,3,3-8,BOT,Valtteri Bottas,77,#64D064,21.0,1473,86.958,86.569,1,0,86.432,0.663,-0.777,0.364,-0.595,23,-0.388,-0.025,-0.400,3,-0.413,M,#F0E628,21,1.0,0,0,0.215,0,0,0,0,0.0,13
2,2024,2024231,28,8,3,3-8,BOT,Valtteri Bottas,77,#64D064,22.0,1474,86.843,86.843,0,0,86.706,0.115,-0.718,0.415,-0.510,23,-0.718,0.415,-0.510,23,-0.303,M,#F0E628,22,1.0,0,0,0.215,0,0,0,0,0.0,13
2,2024,2024231,28,8,3,3-8,BOT,Valtteri Bottas,77,#64D064,23.0,1475,86.299,86.299,0,0,86.571,0.544,-0.277,0.173,-0.191,23,-0.277,0.173,-0.191,23,-0.104,M,#F0E628,23,1.0,0,0,0.215,0,0,0,0,0.0,13
2,2024,2024231,28,8,3,3-8,BOT,Valtteri Bottas,77,#64D064,24.0,1476,-,-,0,1,-,-,-,-,-,-,-,-,-,-,-0.454,M,#F0E628,24,1.0,1,0,0.215,0,0,0,0,0.0,14
2,2024,2024231,28,8,3,3-8,BOT,Valtteri Bottas,77,#64D064,25.0,1477,-,-,0,1,-,-,-,-,-,-,-,-,-,-,-0.365,H,#A5AFB9,1,2.0,0,0,0.799,0,0,0,0,0.0,17
2,2024,2024231,28,8,3,3-8,BOT,Valtteri Bottas,77,#64D064,26.0,1478,87.079,87.079,0,0,-,-,-1.23,1.151,-0.654,23,-1.230,1.151,-0.654,23,-0.079,H,#A5AFB9,2,2.0,0,0,0.799,0,0,0,0,0.0,17
2,2024,2024231,28,8,3,3-8,BOT,Valtteri Bottas,77,#64D064,27.0,1479,86.69,86.69,0,0,86.884,0.389,-0.954,0.778,-0.565,23,-0.954,0.778,-0.565,23,-0.176,H,#A5AFB9,3,2.0,0,0,0.799,0,0,0,0,0.0,17
2,2024,2024231,28,8,3,3-8,BOT,Valtteri Bottas,77,#64D064,28.0,1480,89.406,86.81,1,0,86.75,2.716,-3.74,3.490,-1.995,23,-1.144,0.894,-0.697,23,-0.25,H,#A5AFB9,4,2.0,0,0,0.799,0,0,0,0,0.0,17
2,2024,2024231,28,8,3,3-8,BOT,Valtteri Bottas,77,#64D064,29.0,1481,86.93,86.93,0,0,86.87,2.476,-1.244,0.951,-0.768,23,-1.244,0.951,-0.768,23,-0.293,H,#A5AFB9,5,2.0,0,1,0.799,0,0,0,0,0.0,17
2,2024,2024231,28,8,3,3-8,BOT,Valtteri Bottas,77,#64D064,30.0,1482,86.461,86.461,0,0,86.696,0.469,-0.8,0.612,-0.494,23,-0.800,0.612,-0.494,23,-0.188,H,#A5AFB9,6,2.0,0,0,0.799,0,0,0,0,0.0,17
2,2024,2024231,28,8,3,3-8,BOT,Valtteri Bottas,77,#64D064,31.0,1483,86.288,86.288,0,0,86.374,0.173,-0.829,0.388,-0.635,23,-0.829,0.388,-0.635,23,-0.441,H,#A5AFB9,7,2.0,0,0,0.799,0,0,0,0,0.0,17
2,2024,2024231,28,8,3,3-8,BOT,Valtteri Bottas,77,#64D064,32.0,1484,88.647,87.374,1,0,86.831,2.359,-3.103,2.798,-1.704,23,-1.831,1.526,-1.068,23,-0.305,H,#A5AFB9,8,2.0,0,0,0.799,0,0,0,0,0.0,17
2,2024,2024231,28,8,3,3-8,BOT,Valtteri Bottas,77,#64D064,33.0,1485,88.461,88.461,0,0,87.918,0.186,-2.798,2.802,-1.397,23,-2.798,2.802,-1.397,23,0.004,H,#A5AFB9,9,2.0,0,0,0.799,0,0,0,0,0.0,17
2,2024,2024231,28,8,3,3-8,BOT,Valtteri Bottas,77,#64D064,34.0,1486,-,-,0,1,-,-,-,-,-,-,-,-,-,-,0.038,H,#A5AFB9,10,2.0,0,0,0.799,0,1,0,0,0.0,17
2,2024,2024231,28,8,3,3-8,BOT,Valtteri Bottas,77,#64D064,35.0,1487,-,-,0,1,-,-,-,-,-,-,-,-,-,-,,H,#A5AFB9,11,2.0,1,0,0.799,0,0,0,0,0.0,17
2,2024,2024231,28,8,3,3-8,BOT,Valtteri Bottas,77,#64D064,36.0,1488,-,-,0,1,-,-,-,-,-,-,-,-,-,-,,M,#F0E628,9,3.0,1,0,-,0,0,0,0,0.0,17
2,2024,2024231,28,8,3,3-8,BOT,Valtteri Bottas,77,#64D064,37.0,1489,-,-,0,1,-,-,-,-,-,-,-,-,-,-,,M,#F0E628,10,4.0,0,0,0.323,0,0,0,0,0.0,17
2,2024,2024231,28,8,3,3-8,BOT,Valtteri Bottas,77,#64D064,38.0,1490,-,-,0,1,-,-,-,-,-,-,-,-,-,-,,M,#F0E628,11,4.0,0,0,0.323,0,0,0,0,0.0,17
2,2024,2024231,28,8,3,3-8,BOT,Valtteri Bottas,77,#64D064,39.0,1491,-,-,0,1,-,-,-,-,-,-,-,-,-,-,,M,#F0E628,12,4.0,0,0,0.323,1,0,0,0,0.0,16
2,2024,2024231,28,8,3,3-8,BOT,Valtteri Bottas,77,#64D064,40.0,1492,-,-,0,1,-,-,-,-,-,-,-,-,-,-,,M,#F0E628,13,4.0,0,0,0.323,0,1,0,1,0.0,14
2,2024,2024231,28,8,3,3-8,BOT,Valtteri Bottas,77,#64D064,41.0,1493,-,-,0,1,-,-,-,-,-,-,-,-,-,-,,M,#F0E628,14,4.0,0,0,0.323,0,0,0,0,0.0,13
2,2024,2024231,28,8,3,3-8,BOT,Valtteri Bottas,77,#64D064,42.0,1494,-,-,0,1,-,-,-,-,-,-,-,-,-,-,,M,#F0E628,15,4.0,0,0,0.323,1,0,0,0,0.0,13
2,2024,2024231,28,8,3,3-8,BOT,Valtteri Bottas,77,#64D064,43.0,1495,-,-,0,1,-,-,-,-,-,-,-,-,-,-,,M,#F0E628,16,4.0,0,0,0.323,0,0,0,0,0.0,12
2,2024,2024231,28,8,3,3-8,BOT,Valtteri Bottas,77,#64D064,44.0,1496,86.779,86.779,0,0,-,-,-1.19,0.480,-0.950,23,-1.190,0.480,-0.950,23,-0.71,M,#F0E628,17,4.0,0,0,0.323,0,0,0,0,0.0,12
2,2024,2024231,28,8,3,3-8,BOT,Valtteri Bottas,77,#64D064,45.0,1497,86.296,86.296,0,0,86.538,0.483,-1.24,1.155,-0.662,23,-1.240,1.155,-0.662,23,-0.085,M,#F0E628,18,4.0,0,0,0.323,0,0,0,0,0.0,12
2,2024,2024231,28,8,3,3-8,BOT,Valtteri Bottas,77,#64D064,46.0,1498,86.979,86.979,0,0,86.638,0.683,-2.111,1.912,-1.155,23,-2.111,1.912,-1.155,23,-0.199,M,#F0E628,19,4.0,0,0,0.323,0,0,0,0,-1.0,12
2,2024,2024231,28,8,3,3-8,BOT,Valtteri Bottas,77,#64D064,47.0,1499,85.92,85.92,0,0,86.45,1.059,-1.3,0.984,-0.808,23,-1.300,0.984,-0.808,23,-0.316,M,#F0E628,20,4.0,0,0,0.323,0,0,0,0,0.0,11
2,2024,2024231,28,8,3,3-8,BOT,Valtteri Bottas,77,#64D064,48.0,1500,85.548,85.548,0,0,85.734,0.372,-0.964,0.642,-0.643,23,-0.964,0.642,-0.643,23,-0.322,M,#F0E628,21,4.0,0,0,0.323,0,0,0,0,0.0,11
2,2024,2024231,28,8,3,3-8,BOT,Valtteri Bottas,77,#64D064,49.0,1501,85.639,85.639,0,0,85.594,0.091,-1.062,0.972,-0.576,23,-1.062,0.972,-0.576,23,-0.09,M,#F0E628,22,4.0,0,0,0.323,0,0,0,0,0.0,11
2,2024,2024231,28,8,3,3-8,BOT,Valtteri Bottas,77,#64D064,50.0,1502,85.881,85.881,0,0,85.76,0.242,-1.126,1.453,-0.399,23,-1.126,1.453,-0.399,23,0.327,M,#F0E628,23,4.0,0,1,0.323,0,0,0,0,0.0,11
2,2024,2024231,28,8,3,3-8,BOT,Valtteri Bottas,77,#64D064,51.0,1503,86.352,86.352,0,0,86.116,0.471,-1.6,1.927,-0.637,23,-1.600,1.927,-0.637,23,0.327,M,#F0E628,24,4.0,0,0,0.323,0,0,0,0,0.0,11
2,2024,2024231,28,8,3,3-8,BOT,Valtteri Bottas,77,#64D064,52.0,1504,86.927,86.927,0,0,86.64,0.575,-2.235,2.524,-0.973,23,-2.235,2.524,-0.973,23,0.289,M,#F0E628,25,4.0,0,0,0.323,0,0,0,0,0.0,11
2,2024,2024231,28,8,3,3-8,BOT,Valtteri Bottas,77,#64D064,53.0,1505,85.533,85.533,0,0,86.23,1.394,-0.935,1.239,-0.316,23,-0.935,1.239,-0.316,23,0.304,M,#F0E628,26,4.0,0,0,0.323,0,0,0,0,1.0,10
2,2024,2024231,28,8,3,3-8,BOT,Valtteri Bottas,77,#64D064,54.0,1506,86.568,85.792,1,0,85.662,1.035,-1.944,2.329,-0.779,23,-1.168,1.553,-0.391,23,0.385,M,#F0E628,27,4.0,0,0,0.323,0,0,0,0,-1.0,11
2,2024,2024231,28,8,3,3-8,BOT,Valtteri Bottas,77,#64D064,55.0,1507,86.051,86.051,0,0,85.922,0.517,-1.66,2.013,-0.653,23,-1.660,2.013,-0.653,23,0.353,M,#F0E628,28,4.0,0,0,0.323,0,0,0,0,0.0,11
2,2024,2024231,28,8,3,3-8,BOT,Valtteri Bottas,77,#64D064,56.0,1508,86.311,86.311,0,0,86.181,0.260,-1.999,2.333,-0.833,23,-1.999,2.333,-0.833,23,0.334,M,#F0E628,29,4.0,0,0,0.323,0,0,0,0,0.0,11
2,2024,2024231,28,8,3,3-8,BOT,Valtteri Bottas,77,#64D064,57.0,1509,87.014,87.014,0,0,86.662,0.703,-2.493,3.125,-0.930,23,-2.493,3.125,-0.930,23,0.632,M,#F0E628,30,4.0,0,0,0.323,0,0,0,0,0.0,11
2,2024,2024231,28,8,23,23-8,ZHO,Guanyu Zhou,24,#64D064,1.0,1453,-,-,0,1,-,-,-,-,-,-,-,-,-,-,,M,#F0E628,1,1.0,0,0,0.137,0,1,0,0,,15
2,2024,2024231,28,8,23,23-8,ZHO,Guanyu Zhou,24,#64D064,2.0,1454,-,-,0,1,-,-,-,-,-,-,-,-,-,-,,M,#F0E628,2,1.0,0,0,0.137,0,0,0,0,0.0,15
2,2024,2024231,28,8,23,23-8,ZHO,Guanyu Zhou,24,#64D064,3.0,1455,-,-,0,1,-,-,-,-,-,-,-,-,-,-,,M,#F0E628,3,1.0,0,0,0.137,0,0,0,0,0.0,15
2,2024,2024231,28,8,23,23-8,ZHO,Guanyu Zhou,24,#64D064,4.0,1456,-,-,0,1,-,-,-,-,-,-,-,-,-,-,,M,#F0E628,4,1.0,0,0,0.137,1,0,0,0,0.0,15
2,2024,2024231,28,8,23,23-8,ZHO,Guanyu Zhou,24,#64D064,5.0,1457,-,-,0,1,-,-,-,-,-,-,-,-,-,-,,M,#F0E628,5,1.0,0,0,0.137,0,0,0,0,2.0,13
2,2024,2024231,28,8,23,23-8,ZHO,Guanyu Zhou,24,#64D064,6.0,1458,89.258,89.258,0,0,-,-,-0.785,0.142,-0.856,23,-0.785,0.142,-0.856,23,-0.927,M,#F0E628,6,1.0,0,0,0.137,0,0,0,0,0.0,13
2,2024,2024231,28,8,23,23-8,ZHO,Guanyu Zhou,24,#64D064,7.0,1459,88.056,88.056,0,0,88.657,1.202,-0.453,0.194,-0.550,23,-0.453,0.194,-0.550,23,-0.647,M,#F0E628,7,1.0,0,0,0.137,0,0,0,0,0.0,13
2,2024,2024231,28,8,23,23-8,ZHO,Guanyu Zhou,24,#64D064,8.0,1460,88.369,88.067,1,0,88.062,0.313,-0.887,0.132,-0.953,23,-0.585,0.434,-0.802,23,-1.019,M,#F0E628,8,1.0,0,0,0.137,0,0,0,0,0.0,13
2,2024,2024231,28,8,23,23-8,ZHO,Guanyu Zhou,24,#64D064,9.0,1461,88.078,88.078,0,0,88.072,0.291,-0.84,-0.223,-0.728,3,-0.840,-0.223,-0.728,3,-0.617,M,#F0E628,9,1.0,0,0,0.137,0,0,0,0,0.0,13
2,2024,2024231,28,8,23,23-8,ZHO,Guanyu Zhou,24,#64D064,10.0,1462,87.643,87.643,0,0,87.86,0.435,-0.479,0.074,-0.516,23,-0.479,0.074,-0.516,23,-0.553,M,#F0E628,10,1.0,0,0,0.137,0,0,0,0,0.0,13
2,2024,2024231,28,8,23,23-8,ZHO,Guanyu Zhou,24,#64D064,11.0,1463,88.164,87.808,1,0,87.726,0.521,-0.981,-0.023,-0.970,3,-0.625,-0.029,-0.611,3,-0.958,M,#F0E628,11,1.0,0,0,0.137,0,0,0,0,0.0,13
2,2024,2024231,28,8,23,23-8,ZHO,Guanyu Zhou,24,#64D064,12.0,1464,87.973,87.973,0,0,87.89,0.191,-0.908,-0.131,-0.843,3,-0.908,-0.131,-0.843,3,-0.777,M,#F0E628,12,1.0,0,0,0.137,0,0,0,0,0.0,13
2,2024,2024231,28,8,23,23-8,ZHO,Guanyu Zhou,24,#64D064,13.0,1465,87.659,87.659,0,0,87.816,0.314,-0.651,0.094,-0.698,23,-0.651,0.094,-0.698,23,-0.745,M,#F0E628,13,1.0,0,0,0.137,0,0,0,0,0.0,13
2,2024,2024231,28,8,23,23-8,ZHO,Guanyu Zhou,24,#64D064,14.0,1466,87.909,87.342,1,0,87.5,0.250,-1.064,-0.119,-1.004,3,-0.497,0.448,-0.721,23,-0.945,M,#F0E628,14,1.0,0,0,0.137,0,0,0,0,0.0,13
2,2024,2024231,28,8,23,23-8,ZHO,Guanyu Zhou,24,#64D064,15.0,1467,87.024,87.024,0,0,87.183,0.885,-0.266,1.005,-0.768,23,-0.266,1.005,-0.768,23,-1.271,M,#F0E628,15,1.0,0,0,0.137,0,0,0,0,1.0,12
2,2024,2024231,28,8,23,23-8,ZHO,Guanyu Zhou,24,#64D064,16.0,1468,87.165,87.165,0,0,87.095,0.141,-0.521,0.795,-0.918,23,-0.521,0.795,-0.918,23,-1.316,M,#F0E628,16,1.0,0,0,0.137,0,0,0,0,0.0,12
2,2024,2024231,28,8,23,23-8,ZHO,Guanyu Zhou,24,#64D064,17.0,1469,87.247,87.247,0,0,87.206,0.082,-0.726,0.092,-0.772,23,-0.726,0.092,-0.772,23,-0.818,M,#F0E628,17,1.0,0,0,0.137,0,0,0,0,0.0,12
2,2024,2024231,28,8,23,23-8,ZHO,Guanyu Zhou,24,#64D064,18.0,1470,87.02,87.02,0,0,87.134,0.227,-0.553,0.469,-0.788,23,-0.553,0.469,-0.788,23,-1.022,M,#F0E628,18,1.0,0,0,0.137,0,0,0,0,0.0,12
2,2024,2024231,28,8,23,23-8,ZHO,Guanyu Zhou,24,#64D064,19.0,1471,86.888,86.888,0,0,86.954,0.132,-0.509,0.272,-0.645,23,-0.509,0.272,-0.645,23,-0.781,M,#F0E628,19,1.0,0,0,0.137,0,0,0,0,0.0,12
2,2024,2024231,28,8,23,23-8,ZHO,Guanyu Zhou,24,#64D064,20.0,1472,86.609,86.609,0,0,86.748,0.279,-0.367,-0.314,-0.210,3,-0.367,-0.314,-0.210,3,-0.053,M,#F0E628,20,1.0,0,1,0.137,0,0,0,0,0.0,12
2,2024,2024231,28,8,23,23-8,ZHO,Guanyu Zhou,24,#64D064,21.0,1473,86.594,86.594,0,0,86.601,0.015,-0.413,0.364,-0.595,23,-0.413,-0.025,-0.400,3,-0.777,M,#F0E628,21,1.0,0,0,0.137,0,0,0,0,0.0,12
2,2024,2024231,28,8,23,23-8,ZHO,Guanyu Zhou,24,#64D064,22.0,1474,86.428,86.428,0,0,86.511,0.166,-0.303,0.415,-0.510,23,-0.303,0.415,-0.510,23,-0.718,M,#F0E628,22,1.0,0,0,0.137,0,0,0,0,0.0,12
2,2024,2024231,28,8,23,23-8,ZHO,Guanyu Zhou,24,#64D064,23.0,1475,86.126,86.126,0,0,86.277,0.302,-0.104,0.173,-0.191,23,-0.104,0.173,-0.191,23,-0.277,M,#F0E628,23,1.0,0,0,0.137,0,0,0,0,0.0,12
2,2024,2024231,28,8,23,23-8,ZHO,Guanyu Zhou,24,#64D064,24.0,1476,86.397,86.158,1,0,86.142,0.271,-0.454,-,-,-,-0.215,-,-,-,,M,#F0E628,24,1.0,0,0,0.137,0,0,0,0,0.0,12
2,2024,2024231,28,8,23,23-8,ZHO,Guanyu Zhou,24,#64D064,25.0,1477,86.191,86.191,0,0,86.175,0.206,-0.365,-,-,-,-0.365,-,-,-,,M,#F0E628,25,1.0,0,0,0.137,0,0,0,0,0.0,12
2,2024,2024231,28,8,23,23-8,ZHO,Guanyu Zhou,24,#64D064,26.0,1478,85.928,85.928,0,0,86.06,0.263,-0.079,1.151,-0.654,23,-0.079,1.151,-0.654,23,-1.23,M,#F0E628,26,1.0,0,0,0.137,0,0,0,0,0.0,12
2,2024,2024231,28,8,23,23-8,ZHO,Guanyu Zhou,24,#64D064,27.0,1479,85.912,85.912,0,0,85.92,0.016,-0.176,0.778,-0.565,23,-0.176,0.778,-0.565,23,-0.954,M,#F0E628,27,1.0,0,0,0.137,0,0,0,0,0.0,12
2,2024,2024231,28,8,23,23-8,ZHO,Guanyu Zhou,24,#64D064,28.0,1480,85.916,85.916,0,0,85.914,0.004,-0.25,3.490,-1.995,23,-0.250,0.894,-0.697,23,-3.74,M,#F0E628,28,1.0,0,0,0.137,0,0,0,0,0.0,11
2,2024,2024231,28,8,23,23-8,ZHO,Guanyu Zhou,24,#64D064,29.0,1481,85.979,85.979,0,0,85.947,0.063,-0.293,0.951,-0.768,23,-0.293,0.951,-0.768,23,-1.244,M,#F0E628,29,1.0,0,0,0.137,0,0,0,0,0.0,11
2,2024,2024231,28,8,23,23-8,ZHO,Guanyu Zhou,24,#64D064,30.0,1482,85.849,85.849,0,0,85.914,0.130,-0.188,0.612,-0.494,23,-0.188,0.612,-0.494,23,-0.8,M,#F0E628,30,1.0,0,0,0.137,0,0,0,0,0.0,11
2,2024,2024231,28,8,23,23-8,ZHO,Guanyu Zhou,24,#64D064,31.0,1483,85.899,85.899,0,0,85.874,0.050,-0.441,0.388,-0.635,23,-0.441,0.388,-0.635,23,-0.829,M,#F0E628,31,1.0,0,0,0.137,0,0,0,0,0.0,11
2,2024,2024231,28,8,23,23-8,ZHO,Guanyu Zhou,24,#64D064,32.0,1484,85.849,85.849,0,0,85.874,0.050,-0.305,2.798,-1.704,23,-0.305,1.526,-1.068,23,-3.103,M,#F0E628,32,1.0,0,0,0.137,0,0,0,0,0.0,11
2,2024,2024231,28,8,23,23-8,ZHO,Guanyu Zhou,24,#64D064,33.0,1485,85.659,85.659,0,0,85.754,0.190,0.004,2.802,-1.397,23,0.004,2.802,-1.397,23,-2.798,M,#F0E628,33,1.0,0,0,0.137,0,0,0,0,0.0,11
2,2024,2024231,28,8,23,23-8,ZHO,Guanyu Zhou,24,#64D064,34.0,1486,85.937,85.937,0,0,85.798,0.278,0.038,-,-,-,0.038,-,-,-,,M,#F0E628,34,1.0,0,0,0.137,0,0,0,0,0.0,10
2,2024,2024231,28,8,23,23-8,ZHO,Guanyu Zhou,24,#64D064,35.0,1487,-,-,0,1,-,-,-,-,-,-,-,-,-,-,,M,#F0E628,35,1.0,1,0,0.137,0,1,0,0,0.0,9
2,2024,2024231,28,8,23,23-8,ZHO,Guanyu Zhou,24,#64D064,36.0,1488,-,-,0,1,-,-,-,-,-,-,-,-,-,-,,H,#A5AFB9,1,2.0,1,0,-,0,0,0,0,0.0,10
2,2024,2024231,28,8,23,23-8,ZHO,Guanyu Zhou,24,#64D064,37.0,1489,-,-,0,1,-,-,-,-,-,-,-,-,-,-,,H,#A5AFB9,2,3.0,1,0,-,0,0,0,0,0.0,9
2,2024,2024231,28,8,23,23-8,ZHO,Guanyu Zhou,24,#64D064,38.0,1490,-,-,0,1,-,-,-,-,-,-,-,-,-,-,,H,#A5AFB9,3,4.0,0,0,0.093,0,0,0,0,0.0,9
2,2024,2024231,28,8,23,23-8,ZHO,Guanyu Zhou,24,#64D064,39.0,1491,-,-,0,1,-,-,-,-,-,-,-,-,-,-,,H,#A5AFB9,4,4.0,0,0,0.093,1,0,0,0,0.0,8
2,2024,2024231,28,8,23,23-8,ZHO,Guanyu Zhou,24,#64D064,40.0,1492,-,-,0,1,-,-,-,-,-,-,-,-,-,-,,H,#A5AFB9,5,4.0,0,0,0.093,0,1,0,1,-1.0,9
2,2024,2024231,28,8,23,23-8,ZHO,Guanyu Zhou,24,#64D064,41.0,1493,-,-,0,1,-,-,-,-,-,-,-,-,-,-,,H,#A5AFB9,6,4.0,0,0,0.093,0,0,0,0,0.0,9
2,2024,2024231,28,8,23,23-8,ZHO,Guanyu Zhou,24,#64D064,42.0,1494,-,-,0,1,-,-,-,-,-,-,-,-,-,-,,H,#A5AFB9,7,4.0,0,0,0.093,1,0,0,0,0.0,9
2,2024,2024231,28,8,23,23-8,ZHO,Guanyu Zhou,24,#64D064,43.0,1495,-,-,0,1,-,-,-,-,-,-,-,-,-,-,,H,#A5AFB9,8,4.0,0,0,0.093,0,0,0,0,0.0,9
2,2024,2024231,28,8,23,23-8,ZHO,Guanyu Zhou,24,#64D064,44.0,1496,86.299,86.299,0,0,-,-,-0.71,0.480,-0.950,23,-0.710,0.480,-0.950,23,-1.19,H,#A5AFB9,9,4.0,0,0,0.093,0,0,0,0,0.0,9
2,2024,2024231,28,8,23,23-8,ZHO,Guanyu Zhou,24,#64D064,45.0,1497,85.141,85.141,0,0,85.72,1.158,-0.085,1.155,-0.662,23,-0.085,1.155,-0.662,23,-1.24,H,#A5AFB9,10,4.0,0,0,0.093,0,0,0,0,0.0,9
2,2024,2024231,28,8,23,23-8,ZHO,Guanyu Zhou,24,#64D064,46.0,1498,85.067,85.067,0,0,85.104,0.074,-0.199,1.912,-1.155,23,-0.199,1.912,-1.155,23,-2.111,H,#A5AFB9,11,4.0,0,0,0.093,0,0,0,0,0.0,8
2,2024,2024231,28,8,23,23-8,ZHO,Guanyu Zhou,24,#64D064,47.0,1499,84.936,84.936,0,0,85.002,0.131,-0.316,0.984,-0.808,23,-0.316,0.984,-0.808,23,-1.3,H,#A5AFB9,12,4.0,0,0,0.093,0,0,0,0,0.0,8
2,2024,2024231,28,8,23,23-8,ZHO,Guanyu Zhou,24,#64D064,48.0,1500,84.906,84.906,0,0,84.921,0.030,-0.322,0.642,-0.643,23,-0.322,0.642,-0.643,23,-0.964,H,#A5AFB9,13,4.0,0,0,0.093,0,0,0,0,0.0,8
2,2024,2024231,28,8,23,23-8,ZHO,Guanyu Zhou,24,#64D064,49.0,1501,84.667,84.667,0,0,84.786,0.239,-0.09,0.972,-0.576,23,-0.090,0.972,-0.576,23,-1.062,H,#A5AFB9,14,4.0,0,0,0.093,0,0,0,0,0.0,8
2,2024,2024231,28,8,23,23-8,ZHO,Guanyu Zhou,24,#64D064,50.0,1502,84.428,84.428,0,0,84.548,0.239,0.327,1.453,-0.399,23,0.327,1.453,-0.399,23,-1.126,H,#A5AFB9,15,4.0,0,1,0.093,0,0,0,0,0.0,8
2,2024,2024231,28,8,23,23-8,ZHO,Guanyu Zhou,24,#64D064,51.0,1503,84.425,84.425,0,0,84.426,0.003,0.327,1.927,-0.637,23,0.327,1.927,-0.637,23,-1.6,H,#A5AFB9,16,4.0,0,0,0.093,0,0,0,0,0.0,8
2,2024,2024231,28,8,23,23-8,ZHO,Guanyu Zhou,24,#64D064,52.0,1504,84.403,84.403,0,0,84.414,0.022,0.289,2.524,-0.973,23,0.289,2.524,-0.973,23,-2.235,H,#A5AFB9,17,4.0,0,0,0.093,0,0,0,0,0.0,8
2,2024,2024231,28,8,23,23-8,ZHO,Guanyu Zhou,24,#64D064,53.0,1505,84.294,84.294,0,0,84.348,0.109,0.304,1.239,-0.316,23,0.304,1.239,-0.316,23,-0.935,H,#A5AFB9,18,4.0,0,0,0.093,0,0,0,0,0.0,8
2,2024,2024231,28,8,23,23-8,ZHO,Guanyu Zhou,24,#64D064,54.0,1506,84.239,84.239,0,0,84.267,0.055,0.385,2.329,-0.779,23,0.385,1.553,-0.391,23,-1.944,H,#A5AFB9,19,4.0,0,0,0.093,0,0,0,0,0.0,8
2,2024,2024231,28,8,23,23-8,ZHO,Guanyu Zhou,24,#64D064,55.0,1507,84.038,84.038,0,0,84.138,0.201,0.353,2.013,-0.653,23,0.353,2.013,-0.653,23,-1.66,H,#A5AFB9,20,4.0,0,0,0.093,0,0,0,0,0.0,8
2,2024,2024231,28,8,23,23-8,ZHO,Guanyu Zhou,24,#64D064,56.0,1508,83.978,83.978,0,0,84.008,0.060,0.334,2.333,-0.833,23,0.334,2.333,-0.833,23,-1.999,H,#A5AFB9,21,4.0,0,0,0.093,0,0,0,0,0.0,8
2,2024,2024231,28,8,23,23-8,ZHO,Guanyu Zhou,24,#64D064,57.0,1509,83.889,83.889,0,0,83.934,0.089,0.632,3.125,-0.930,23,0.632,3.125,-0.930,23,-2.493,H,#A5AFB9,22,4.0,0,0,0.093,0,0,0,0,0.0,8
2,2024,2024241,29,8,3,3-8,BOT,Valtteri Bottas,77,#64D064,1.0,1510,-,-,0,1,-,-,-,-,-,-,-,-,-,-,,M,#F0E628,1,1.0,0,0,0.265,0,0,0,0,,13
2,2024,2024241,29,8,3,3-8,BOT,Valtteri Bottas,77,#64D064,2.0,1511,-,-,0,1,-,-,-,-,-,-,-,-,-,-,,M,#F0E628,2,1.0,0,0,0.265,0,0,0,1,0.0,13
2,2024,2024241,29,8,3,3-8,BOT,Valtteri Bottas,77,#64D064,3.0,1512,-,-,0,1,-,-,-,-,-,-,-,-,-,-,,M,#F0E628,3,1.0,0,0,0.265,0,0,1,0,0.0,13
2,2024,2024241,29,8,3,3-8,BOT,Valtteri Bottas,77,#64D064,4.0,1513,89.944,89.944,0,0,-,-,-,-,-,-,-,-,-,-,-0.376,M,#F0E628,4,1.0,0,1,0.265,0,0,0,0,0.0,13
2,2024,2024241,29,8,3,3-8,BOT,Valtteri Bottas,77,#64D064,5.0,1514,90.474,90.474,0,0,90.209,0.530,-,-,-,-,-,-,-,-,-0.645,M,#F0E628,5,1.0,0,0,0.265,0,0,0,0,0.0,13
2,2024,2024241,29,8,3,3-8,BOT,Valtteri Bottas,77,#64D064,6.0,1515,-,-,0,1,-,-,-,-,-,-,-,-,-,-,-0.07,M,#F0E628,6,1.0,1,0,0.265,0,0,0,0,0.0,16
2,2024,2024241,29,8,3,3-8,BOT,Valtteri Bottas,77,#64D064,7.0,1516,-,-,0,1,-,-,-,-,-,-,-,-,-,-,-0.641,H,#A5AFB9,1,2.0,0,0,0.138,0,0,0,0,0.0,18
2,2024,2024241,29,8,3,3-8,BOT,Valtteri Bottas,77,#64D064,8.0,1517,89.597,89.597,0,0,-,-,0.406,-0.701,0.056,3,0.406,-0.701,0.056,3,-0.295,H,#A5AFB9,2,2.0,0,0,0.138,0,0,0,0,0.0,18
2,2024,2024241,29,8,3,3-8,BOT,Valtteri Bottas,77,#64D064,9.0,1518,89.903,89.718,1,0,89.657,0.306,0.128,-0.517,-0.131,3,0.314,-0.703,-0.037,3,-0.389,H,#A5AFB9,3,2.0,0,0,0.138,0,0,0,0,0.0,18
2,2024,2024241,29,8,3,3-8,BOT,Valtteri Bottas,77,#64D064,10.0,1519,89.838,89.838,0,0,89.778,0.065,0.441,-0.685,0.099,3,0.441,-0.685,0.099,3,-0.244,H,#A5AFB9,4,2.0,0,0,0.138,0,0,0,0,0.0,18
2,2024,2024241,29,8,3,3-8,BOT,Valtteri Bottas,77,#64D064,11.0,1520,89.893,89.893,0,0,89.866,0.055,0.447,-0.915,-0.011,3,0.447,-0.915,-0.011,3,-0.468,H,#A5AFB9,5,2.0,0,0,0.138,0,0,0,0,0.0,18
2,2024,2024241,29,8,3,3-8,BOT,Valtteri Bottas,77,#64D064,12.0,1521,89.883,89.883,0,0,89.888,0.010,0.341,-,-,-,0.341,-,-,-,,H,#A5AFB9,6,2.0,0,0,0.138,0,0,0,0,0.0,18
2,2024,2024241,29,8,3,3-8,BOT,Valtteri Bottas,77,#64D064,13.0,1522,89.812,89.812,0,0,89.848,0.071,0.206,-,-,-,0.206,-,-,-,,H,#A5AFB9,7,2.0,0,0,0.138,0,0,0,0,0.0,18
2,2024,2024241,29,8,3,3-8,BOT,Valtteri Bottas,77,#64D064,14.0,1523,89.482,89.482,0,0,89.647,0.330,0.609,-0.646,0.286,3,0.609,-0.646,0.286,3,-0.037,H,#A5AFB9,8,2.0,0,0,0.138,0,0,0,0,0.0,18
2,2024,2024241,29,8,3,3-8,BOT,Valtteri Bottas,77,#64D064,15.0,1524,89.572,89.572,0,0,89.527,0.090,0.52,-0.514,0.263,3,0.520,-0.514,0.263,3,0.006,H,#A5AFB9,9,2.0,0,0,0.138,0,0,0,0,0.0,18
2,2024,2024241,29,8,3,3-8,BOT,Valtteri Bottas,77,#64D064,16.0,1525,89.582,89.582,0,0,89.577,0.010,0.424,-0.554,0.147,3,0.424,-0.554,0.147,3,-0.13,H,#A5AFB9,10,2.0,0,0,0.138,0,0,0,0,0.0,18
2,2024,2024241,29,8,3,3-8,BOT,Valtteri Bottas,77,#64D064,17.0,1526,89.819,89.819,0,0,89.7,0.237,0.074,-0.445,-0.148,3,0.074,-0.445,-0.148,3,-0.371,H,#A5AFB9,11,2.0,0,0,0.138,0,0,0,0,0.0,18
2,2024,2024241,29,8,3,3-8,BOT,Valtteri Bottas,77,#64D064,18.0,1527,89.68,89.68,0,0,89.75,0.139,0.231,-0.360,0.051,3,0.231,-0.360,0.051,3,-0.129,H,#A5AFB9,12,2.0,0,1,0.138,0,0,0,0,0.0,18
2,2024,2024241,29,8,3,3-8,BOT,Valtteri Bottas,77,#64D064,19.0,1528,90.046,90.046,0,0,89.863,0.366,-0.023,0.029,-0.009,23,-0.023,0.029,-0.009,23,0.006,H,#A5AFB9,13,2.0,0,0,0.138,0,0,0,0,0.0,18
2,2024,2024241,29,8,3,3-8,BOT,Valtteri Bottas,77,#64D064,20.0,1529,90.103,90.103,0,0,90.074,0.057,-0.028,0.119,0.032,23,-0.028,0.119,0.032,23,0.091,H,#A5AFB9,14,2.0,0,0,0.138,0,0,0,0,0.0,18
2,2024,2024241,29,8,3,3-8,BOT,Valtteri Bottas,77,#64D064,21.0,1530,89.823,89.823,0,0,89.963,0.280,0.238,-0.105,0.185,3,0.238,-0.105,0.185,3,0.133,H,#A5AFB9,15,2.0,0,0,0.138,0,0,0,0,0.0,18
2,2024,2024241,29,8,3,3-8,BOT,Valtteri Bottas,77,#64D064,22.0,1531,90.476,90.476,0,0,90.149,0.653,-0.451,0.178,-0.362,23,-0.451,0.539,-0.181,23,-0.273,H,#A5AFB9,16,2.0,0,0,0.138,0,0,0,0,0.0,18
2,2024,2024241,29,8,3,3-8,BOT,Valtteri Bottas,77,#64D064,23.0,1532,90.799,90.574,1,0,90.525,0.323,-0.882,0.854,-0.455,23,-0.657,0.629,-0.343,23,-0.028,H,#A5AFB9,17,2.0,0,0,0.138,0,0,0,0,0.0,17
2,2024,2024241,29,8,3,3-8,BOT,Valtteri Bottas,77,#64D064,24.0,1533,90.673,90.673,0,0,90.624,0.126,-0.774,0.738,-0.405,23,-0.774,0.738,-0.405,23,-0.036,H,#A5AFB9,18,2.0,0,0,0.138,0,0,0,0,0.0,17
2,2024,2024241,29,8,3,3-8,BOT,Valtteri Bottas,77,#64D064,25.0,1534,91.52,90.962,1,0,90.818,0.847,-1.582,1.210,-0.977,23,-1.024,0.932,-0.558,23,-0.372,H,#A5AFB9,19,2.0,0,0,0.138,0,0,0,0,-1.0,17
2,2024,2024241,29,8,3,3-8,BOT,Valtteri Bottas,77,#64D064,26.0,1535,91.252,91.252,0,0,91.107,0.268,-1.303,1.126,-0.740,23,-1.303,1.126,-0.740,23,-0.177,H,#A5AFB9,20,2.0,0,0,0.138,0,0,0,0,0.0,17
2,2024,2024241,29,8,3,3-8,BOT,Valtteri Bottas,77,#64D064,27.0,1536,90.814,90.814,0,0,91.033,0.438,-0.985,0.576,-0.697,23,-0.985,0.576,-0.697,23,-0.409,H,#A5AFB9,21,2.0,0,0,0.138,0,0,0,0,0.0,17
2,2024,2024241,29,8,3,3-8,BOT,Valtteri Bottas,77,#64D064,28.0,1537,90.702,90.702,0,0,90.758,0.112,-1.096,0.554,-0.819,23,-1.096,0.554,-0.819,23,-0.542,H,#A5AFB9,22,2.0,0,0,0.138,0,0,0,0,0.0,17
2,2024,2024241,29,8,3,3-8,BOT,Valtteri Bottas,77,#64D064,29.0,1538,90.691,90.691,0,0,90.696,0.011,-1.152,0.447,-0.928,23,-1.152,0.447,-0.928,23,-0.705,H,#A5AFB9,23,2.0,0,0,0.138,0,0,0,0,0.0,17
2,2024,2024241,29,8,3,3-8,BOT,Valtteri Bottas,77,#64D064,30.0,1539,-,-,0,1,-,-,-,-,-,-,-,-,-,-,-0.878,H,#A5AFB9,24,2.0,1,0,0.138,0,0,0,0,0.0,18
2,2024,2024241,29,8,23,23-8,ZHO,Guanyu Zhou,24,#64D064,1.0,1510,-,-,0,1,-,-,-,-,-,-,-,-,-,-,,M,#F0E628,1,1.0,0,0,0.201,0,0,0,0,,14
2,2024,2024241,29,8,23,23-8,ZHO,Guanyu Zhou,24,#64D064,2.0,1511,-,-,0,1,-,-,-,-,-,-,-,-,-,-,,M,#F0E628,2,1.0,0,0,0.201,0,0,0,1,0.0,14
2,2024,2024241,29,8,23,23-8,ZHO,Guanyu Zhou,24,#64D064,3.0,1512,-,-,0,1,-,-,-,-,-,-,-,-,-,-,,M,#F0E628,3,1.0,0,0,0.201,0,0,1,0,0.0,14
2,2024,2024241,29,8,23,23-8,ZHO,Guanyu Zhou,24,#64D064,4.0,1513,89.966,89.966,0,0,-,-,-0.376,-,-,-,-0.376,-,-,-,,M,#F0E628,4,1.0,0,0,0.201,0,0,0,0,0.0,14
2,2024,2024241,29,8,23,23-8,ZHO,Guanyu Zhou,24,#64D064,5.0,1514,90.462,89.94,1,0,89.953,0.496,-0.645,-,-,-,-0.123,-,-,-,,M,#F0E628,5,1.0,0,0,0.201,0,0,0,0,0.0,14
2,2024,2024241,29,8,23,23-8,ZHO,Guanyu Zhou,24,#64D064,6.0,1515,89.914,89.914,0,0,89.927,0.548,-0.07,-,-,-,-0.070,-,-,-,,M,#F0E628,6,1.0,0,0,0.201,0,0,0,0,0.0,13
2,2024,2024241,29,8,23,23-8,ZHO,Guanyu Zhou,24,#64D064,7.0,1516,90.541,90.106,1,0,90.01,0.627,-0.641,-,-,-,-0.206,-,-,-,,M,#F0E628,7,1.0,0,1,0.201,0,0,0,0,0.0,13
2,2024,2024241,29,8,23,23-8,ZHO,Guanyu Zhou,24,#64D064,8.0,1517,90.298,90.298,0,0,90.202,0.243,-0.295,-0.701,0.056,3,-0.295,-0.701,0.056,3,0.406,M,#F0E628,8,1.0,0,0,0.201,0,0,0,0,0.0,13
2,2024,2024241,29,8,23,23-8,ZHO,Guanyu Zhou,24,#64D064,9.0,1518,90.42,90.42,0,0,90.359,0.122,-0.389,-0.517,-0.131,3,-0.389,-0.703,-0.037,3,0.128,M,#F0E628,9,1.0,0,0,0.201,0,0,0,0,0.0,13
2,2024,2024241,29,8,23,23-8,ZHO,Guanyu Zhou,24,#64D064,10.0,1519,90.523,90.523,0,0,90.471,0.103,-0.244,-0.685,0.099,3,-0.244,-0.685,0.099,3,0.441,M,#F0E628,10,1.0,0,0,0.201,0,0,0,0,0.0,13
2,2024,2024241,29,8,23,23-8,ZHO,Guanyu Zhou,24,#64D064,11.0,1520,90.808,90.808,0,0,90.666,0.285,-0.468,-0.915,-0.011,3,-0.468,-0.915,-0.011,3,0.447,M,#F0E628,11,1.0,0,0,0.201,0,0,0,0,0.0,13
2,2024,2024241,29,8,23,23-8,ZHO,Guanyu Zhou,24,#64D064,12.0,1521,-,-,0,1,-,-,-,-,-,-,-,-,-,-,0.341,M,#F0E628,12,1.0,1,0,0.201,0,0,0,0,0.0,12
2,2024,2024241,29,8,23,23-8,ZHO,Guanyu Zhou,24,#64D064,13.0,1522,-,-,0,1,-,-,-,-,-,-,-,-,-,-,0.206,H,#A5AFB9,1,2.0,0,0,0.076,0,0,0,0,0.0,17
2,2024,2024241,29,8,23,23-8,ZHO,Guanyu Zhou,24,#64D064,14.0,1523,90.128,90.128,0,0,-,-,-0.037,-0.646,0.286,3,-0.037,-0.646,0.286,3,0.609,H,#A5AFB9,2,2.0,0,0,0.076,0,0,0,0,0.0,17
2,2024,2024241,29,8,23,23-8,ZHO,Guanyu Zhou,24,#64D064,15.0,1524,90.086,90.086,0,0,90.107,0.042,0.006,-0.514,0.263,3,0.006,-0.514,0.263,3,0.52,H,#A5AFB9,3,2.0,0,0,0.076,0,0,0,0,0.0,17
2,2024,2024241,29,8,23,23-8,ZHO,Guanyu Zhou,24,#64D064,16.0,1525,90.136,90.136,0,0,90.111,0.050,-0.13,-0.554,0.147,3,-0.130,-0.554,0.147,3,0.424,H,#A5AFB9,4,2.0,0,0,0.076,0,0,0,0,0.0,17
2,2024,2024241,29,8,23,23-8,ZHO,Guanyu Zhou,24,#64D064,17.0,1526,90.264,90.264,0,0,90.2,0.128,-0.371,-0.445,-0.148,3,-0.371,-0.445,-0.148,3,0.074,H,#A5AFB9,5,2.0,0,0,0.076,0,0,0,0,0.0,17
2,2024,2024241,29,8,23,23-8,ZHO,Guanyu Zhou,24,#64D064,18.0,1527,90.04,90.04,0,0,90.152,0.224,-0.129,-0.360,0.051,3,-0.129,-0.360,0.051,3,0.231,H,#A5AFB9,6,2.0,0,0,0.076,0,0,0,0,0.0,17
2,2024,2024241,29,8,23,23-8,ZHO,Guanyu Zhou,24,#64D064,19.0,1528,90.017,90.017,0,0,90.029,0.023,0.006,0.029,-0.009,23,0.006,0.029,-0.009,23,-0.023,H,#A5AFB9,7,2.0,0,0,0.076,0,0,0,0,0.0,17
2,2024,2024241,29,8,23,23-8,ZHO,Guanyu Zhou,24,#64D064,20.0,1529,89.984,89.984,0,0,90.0,0.033,0.091,0.119,0.032,23,0.091,0.119,0.032,23,-0.028,H,#A5AFB9,8,2.0,0,0,0.076,0,0,0,0,0.0,17
2,2024,2024241,29,8,23,23-8,ZHO,Guanyu Zhou,24,#64D064,21.0,1530,89.928,89.928,0,0,89.956,0.056,0.133,-0.105,0.185,3,0.133,-0.105,0.185,3,0.238,H,#A5AFB9,9,2.0,0,0,0.076,0,0,0,0,0.0,17
2,2024,2024241,29,8,23,23-8,ZHO,Guanyu Zhou,24,#64D064,22.0,1531,90.298,89.937,1,0,89.932,0.370,-0.273,0.178,-0.362,23,0.088,0.539,-0.181,23,-0.451,H,#A5AFB9,10,2.0,0,0,0.076,0,0,0,0,0.0,17
2,2024,2024241,29,8,23,23-8,ZHO,Guanyu Zhou,24,#64D064,23.0,1532,89.946,89.946,0,0,89.941,0.352,-0.028,0.854,-0.455,23,-0.028,0.629,-0.343,23,-0.882,H,#A5AFB9,11,2.0,0,0,0.076,0,0,0,0,0.0,15
2,2024,2024241,29,8,23,23-8,ZHO,Guanyu Zhou,24,#64D064,24.0,1533,89.935,89.935,0,0,89.94,0.011,-0.036,0.738,-0.405,23,-0.036,0.738,-0.405,23,-0.774,H,#A5AFB9,12,2.0,0,0,0.076,0,0,0,0,0.0,14
2,2024,2024241,29,8,23,23-8,ZHO,Guanyu Zhou,24,#64D064,25.0,1534,90.31,90.03,1,0,89.983,0.375,-0.372,1.210,-0.977,23,-0.092,0.932,-0.558,23,-1.582,H,#A5AFB9,13,2.0,0,0,0.076,0,0,0,0,0.0,14
2,2024,2024241,29,8,23,23-8,ZHO,Guanyu Zhou,24,#64D064,26.0,1535,90.126,90.126,0,0,90.078,0.184,-0.177,1.126,-0.740,23,-0.177,1.126,-0.740,23,-1.303,H,#A5AFB9,14,2.0,0,1,0.076,0,0,0,0,0.0,14
2,2024,2024241,29,8,23,23-8,ZHO,Guanyu Zhou,24,#64D064,27.0,1536,90.238,90.238,0,0,90.182,0.112,-0.409,0.576,-0.697,23,-0.409,0.576,-0.697,23,-0.985,H,#A5AFB9,15,2.0,0,0,0.076,0,0,0,0,0.0,14
2,2024,2024241,29,8,23,23-8,ZHO,Guanyu Zhou,24,#64D064,28.0,1537,90.148,90.148,0,0,90.193,0.090,-0.542,0.554,-0.819,23,-0.542,0.554,-0.819,23,-1.096,H,#A5AFB9,16,2.0,0,0,0.076,0,0,0,0,0.0,14
2,2024,2024241,29,8,23,23-8,ZHO,Guanyu Zhou,24,#64D064,29.0,1538,90.244,90.244,0,0,90.196,0.096,-0.705,0.447,-0.928,23,-0.705,0.447,-0.928,23,-1.152,H,#A5AFB9,17,2.0,0,0,0.076,0,0,0,0,0.0,14
2,2024,2024241,29,8,23,23-8,ZHO,Guanyu Zhou,24,#64D064,30.0,1539,90.241,90.241,0,0,90.242,0.003,-0.878,-,-,-,-0.878,-,-,-,,H,#A5AFB9,18,2.0,0,0,0.076,0,0,0,0,0.0,13
2,2024,2024241,29,8,23,23-8,ZHO,Guanyu Zhou,24,#64D064,31.0,1540,90.609,90.226,1,0,90.234,0.368,-1.197,-,-,-,-0.814,-,-,-,,H,#A5AFB9,19,2.0,0,0,0.076,0,0,0,0,0.0,13
2,2024,2024241,29,8,23,23-8,ZHO,Guanyu Zhou,24,#64D064,32.0,1541,90.212,90.212,0,0,90.219,0.397,-1.007,-,-,-,-1.007,-,-,-,,H,#A5AFB9,20,2.0,0,0,0.076,0,0,0,0,0.0,13
2,2024,2024241,29,8,23,23-8,ZHO,Guanyu Zhou,24,#64D064,33.0,1542,90.014,90.014,0,0,90.113,0.198,-0.797,-,-,-,-0.797,-,-,-,,H,#A5AFB9,21,2.0,0,0,0.076,0,0,0,0,0.0,11
2,2024,2024241,29,8,23,23-8,ZHO,Guanyu Zhou,24,#64D064,34.0,1543,89.912,89.912,0,0,89.963,0.102,-0.756,-,-,-,-0.756,-,-,-,,H,#A5AFB9,22,2.0,0,0,0.076,0,0,0,0,0.0,11
2,2024,2024241,29,8,23,23-8,ZHO,Guanyu Zhou,24,#64D064,35.0,1544,89.834,89.834,0,0,89.873,0.078,-0.748,-,-,-,-0.748,-,-,-,,H,#A5AFB9,23,2.0,0,0,0.076,0,0,0,0,0.0,11
2,2024,2024241,29,8,23,23-8,ZHO,Guanyu Zhou,24,#64D064,36.0,1545,89.753,89.753,0,0,89.794,0.081,-0.828,-,-,-,-0.828,-,-,-,,H,#A5AFB9,24,2.0,0,0,0.076,0,0,0,0,0.0,11
2,2024,2024241,29,8,23,23-8,ZHO,Guanyu Zhou,24,#64D064,37.0,1546,89.708,89.708,0,0,89.73,0.045,-0.884,-,-,-,-0.884,-,-,-,,H,#A5AFB9,25,2.0,0,0,0.076,0,0,0,0,0.0,11
2,2024,2024241,29,8,23,23-8,ZHO,Guanyu Zhou,24,#64D064,38.0,1547,89.736,89.736,0,0,89.722,0.028,-0.895,-,-,-,-0.895,-,-,-,,H,#A5AFB9,26,2.0,0,0,0.076,0,0,0,0,0.0,10
2,2024,2024241,29,8,23,23-8,ZHO,Guanyu Zhou,24,#64D064,39.0,1548,-,-,0,1,-,-,-,-,-,-,-,-,-,-,,H,#A5AFB9,27,2.0,1,0,0.076,0,0,0,0,0.0,10
2,2024,2024241,29,8,23,23-8,ZHO,Guanyu Zhou,24,#64D064,40.0,1549,-,-,0,1,-,-,-,-,-,-,-,-,-,-,,H,#A5AFB9,1,3.0,0,0,0.185,0,0,0,0,0.0,15
2,2024,2024241,29,8,23,23-8,ZHO,Guanyu Zhou,24,#64D064,41.0,1550,88.255,88.255,0,0,-,-,0.45,-,-,-,0.450,-,-,-,,H,#A5AFB9,2,3.0,0,0,0.185,0,0,0,0,0.0,15
2,2024,2024241,29,8,23,23-8,ZHO,Guanyu Zhou,24,#64D064,42.0,1551,88.303,88.303,0,0,88.279,0.048,0.352,-,-,-,0.352,-,-,-,,H,#A5AFB9,3,3.0,0,0,0.185,0,0,0,0,0.0,15
2,2024,2024241,29,8,23,23-8,ZHO,Guanyu Zhou,24,#64D064,43.0,1552,88.69,88.49,1,0,88.397,0.387,0.03,-,-,-,0.229,-,-,-,,H,#A5AFB9,4,3.0,0,0,0.185,0,0,0,0,0.0,15
2,2024,2024241,29,8,23,23-8,ZHO,Guanyu Zhou,24,#64D064,44.0,1553,88.678,88.678,0,0,88.584,0.012,0.125,-,-,-,0.125,-,-,-,,H,#A5AFB9,5,3.0,0,0,0.185,0,0,0,0,0.0,15
2,2024,2024241,29,8,23,23-8,ZHO,Guanyu Zhou,24,#64D064,45.0,1554,88.689,88.689,0,0,88.684,0.011,0.143,-,-,-,0.143,-,-,-,,H,#A5AFB9,6,3.0,0,0,0.185,0,0,0,0,0.0,15
2,2024,2024241,29,8,23,23-8,ZHO,Guanyu Zhou,24,#64D064,46.0,1555,88.862,88.862,0,0,88.776,0.173,0.081,-,-,-,0.081,-,-,-,,H,#A5AFB9,7,3.0,0,0,0.185,0,0,0,0,0.0,15
2,2024,2024241,29,8,23,23-8,ZHO,Guanyu Zhou,24,#64D064,47.0,1556,88.682,88.682,0,0,88.772,0.180,0.226,-,-,-,0.226,-,-,-,,H,#A5AFB9,8,3.0,0,0,0.185,0,0,0,0,0.0,15
2,2024,2024241,29,8,23,23-8,ZHO,Guanyu Zhou,24,#64D064,48.0,1557,88.619,88.619,0,0,88.65,0.063,0.184,-,-,-,0.184,-,-,-,,H,#A5AFB9,9,3.0,0,0,0.185,0,0,0,0,0.0,15
2,2024,2024241,29,8,23,23-8,ZHO,Guanyu Zhou,24,#64D064,49.0,1558,89.096,89.096,0,0,88.858,0.477,-0.233,-,-,-,-0.233,-,-,-,,H,#A5AFB9,10,3.0,0,1,0.185,0,0,0,0,0.0,15
2,2024,2024241,29,8,23,23-8,ZHO,Guanyu Zhou,24,#64D064,50.0,1559,90.162,88.914,1,0,89.005,1.066,-1.304,-,-,-,-0.056,-,-,-,,H,#A5AFB9,11,3.0,0,0,0.185,0,0,0,0,0.0,15
2,2024,2024241,29,8,23,23-8,ZHO,Guanyu Zhou,24,#64D064,51.0,1560,88.732,88.732,0,0,88.823,1.430,0.071,-,-,-,0.071,-,-,-,,H,#A5AFB9,12,3.0,0,0,0.185,0,0,0,0,1.0,14
2,2024,2024241,29,8,23,23-8,ZHO,Guanyu Zhou,24,#64D064,52.0,1561,88.23,88.23,0,0,88.481,0.502,0.564,-,-,-,0.564,-,-,-,,H,#A5AFB9,13,3.0,0,0,0.185,0,0,0,0,0.0,14
2,2024,2024241,29,8,23,23-8,ZHO,Guanyu Zhou,24,#64D064,53.0,1562,88.483,88.483,0,0,88.357,0.253,0.436,-,-,-,0.436,-,-,-,,H,#A5AFB9,14,3.0,0,0,0.185,0,0,0,0,0.0,14
2,2024,2024241,29,8,23,23-8,ZHO,Guanyu Zhou,24,#64D064,54.0,1563,88.022,88.022,0,0,88.252,0.461,0.838,-,-,-,0.838,-,-,-,,H,#A5AFB9,15,3.0,0,0,0.185,0,0,0,0,0.0,14
2,2024,2024241,29,8,23,23-8,ZHO,Guanyu Zhou,24,#64D064,55.0,1564,88.047,88.047,0,0,88.035,0.025,0.594,-,-,-,0.594,-,-,-,,H,#A5AFB9,16,3.0,0,0,0.185,0,0,0,0,0.0,14
2,2024,2024241,29,8,23,23-8,ZHO,Guanyu Zhou,24,#64D064,56.0,1565,87.982,87.982,0,0,88.014,0.065,0.642,-,-,-,0.642,-,-,-,,H,#A5AFB9,17,3.0,0,0,0.185,0,0,0,0,0.0,14
2,2024,2024241,29,8,23,23-8,ZHO,Guanyu Zhou,24,#64D064,57.0,1566,88.374,88.374,0,0,88.178,0.392,0.24,-,-,-,0.240,-,-,-,,H,#A5AFB9,18,3.0,0,0,0.185,0,0,0,0,0.0,14
