SprintIndex,SeasonID,RaceID,EventIndex,Team,DriverID,Abbreviation,FullName,Number,Color,LapNumber,LapNumberFlow,Laptime,LaptimeClear,LaptimeMistake,LaptimeNaN,LaptimeClearPace,LaptimeDiff,PaceDiff,PaceDiffDelta,PaceDiffMean,PaceDiffValueBetterID,PaceDiffClear,PaceDiffClearDelta,PaceDiffClearMean,PaceDiffClearValueBetterID,PaceDiffTeammate,Compound,CompoundColor,TyreLife,Stint,StintVerticalLine,StintLabel,StintMeanConsistency,SafetyCarLeave,SafetyCarEnter,VirtualSafetyCarLeave,VirtualSafetyCarEnter,Overtakes,Position
1,2023,2023011,0,Haas F1 Team,22,MAG,Kevin Magnussen,20,#505050,1.0,1,-,-,0,1,-,-,-,-,-,-,-,-,-,-,,H,#A5AFB9,1,1.0,0,0,0.228,0,0,0,0,,18
1,2023,2023011,0,Haas F1 Team,22,MAG,Kevin Magnussen,20,#505050,2.0,2,-,-,0,1,-,-,-,-,-,-,-,-,-,-,,H,#A5AFB9,2,1.0,0,0,0.228,0,0,0,0,-1.0,19
1,2023,2023011,0,Haas F1 Team,22,MAG,Kevin Magnussen,20,#505050,3.0,3,101.978,101.978,0,0,-,-,-2.141,-1.494,-1.394,25.0,-2.141,-1.494,-1.394,25.0,-0.647,H,#A5AFB9,3,1.0,0,0,0.228,0,0,0,0,-1.0,20
1,2023,2023011,0,Haas F1 Team,22,MAG,Kevin Magnussen,20,#505050,4.0,4,100.773,100.773,0,0,101.375,1.205,-0.952,0.231,-1.067,22.0,-0.952,-0.030,-0.937,25.0,-1.183,H,#A5AFB9,4,1.0,0,0,0.228,0,0,0,0,0.0,20
1,2023,2023011,0,Haas F1 Team,22,MAG,Kevin Magnussen,20,#505050,5.0,5,101.34,100.949,1,0,100.861,0.567,-1.354,-0.338,-1.185,25.0,-0.963,0.053,-0.990,22.0,-1.016,H,#A5AFB9,5,1.0,0,0,0.228,0,0,0,0,0.0,20
1,2023,2023011,0,Haas F1 Team,22,MAG,Kevin Magnussen,20,#505050,6.0,6,101.125,101.125,0,0,101.037,0.215,-0.939,-0.123,-0.877,25.0,-0.939,-0.123,-0.877,25.0,-0.816,H,#A5AFB9,6,1.0,0,0,0.228,0,0,0,0,0.0,20
1,2023,2023011,0,Haas F1 Team,22,MAG,Kevin Magnussen,20,#505050,7.0,7,101.526,101.204,1,0,101.164,0.401,-1.252,-0.378,-1.063,25.0,-0.930,-0.056,-0.902,25.0,-0.874,H,#A5AFB9,7,1.0,0,0,0.228,0,0,0,0,0.0,20
1,2023,2023011,0,Haas F1 Team,22,MAG,Kevin Magnussen,20,#505050,8.0,8,101.283,101.283,0,0,101.244,0.243,-0.908,-0.034,-0.891,25.0,-0.908,-0.034,-0.891,25.0,-0.874,H,#A5AFB9,8,1.0,0,1,0.228,0,0,0,0,0.0,20
1,2023,2023011,0,Haas F1 Team,22,MAG,Kevin Magnussen,20,#505050,9.0,9,101.278,101.278,0,0,101.28,0.005,-0.801,0.337,-0.970,22.0,-0.801,0.337,-0.970,22.0,-1.138,H,#A5AFB9,9,1.0,0,0,0.228,0,0,0,0,0.0,20
1,2023,2023011,0,Haas F1 Team,22,MAG,Kevin Magnussen,20,#505050,10.0,10,101.719,101.719,0,0,101.498,0.441,-1.096,0.533,-1.363,22.0,-1.096,0.533,-1.363,22.0,-1.629,H,#A5AFB9,10,1.0,0,0,0.228,0,0,0,0,0.0,19
1,2023,2023011,0,Haas F1 Team,22,MAG,Kevin Magnussen,20,#505050,11.0,11,102.049,101.532,1,0,101.625,0.330,-1.542,-,-,-,-1.025,-,-,-,,H,#A5AFB9,11,1.0,0,0,0.228,0,0,0,0,0.0,15
1,2023,2023011,0,Haas F1 Team,22,MAG,Kevin Magnussen,20,#505050,12.0,12,101.345,101.345,0,0,101.438,0.704,-1.281,-,-,-,-1.281,-,-,-,,H,#A5AFB9,12,1.0,0,0,0.228,0,0,0,0,0.0,13
1,2023,2023011,0,Haas F1 Team,22,MAG,Kevin Magnussen,20,#505050,13.0,13,101.654,101.654,0,0,101.5,0.309,-2.213,-2.248,-1.089,25.0,-2.213,-2.248,-1.089,25.0,0.035,H,#A5AFB9,13,1.0,0,0,0.228,0,0,0,0,0.0,9
1,2023,2023011,0,Haas F1 Team,22,MAG,Kevin Magnussen,20,#505050,14.0,14,101.739,101.739,0,0,101.696,0.085,-2.72,-2.892,-1.274,25.0,-2.720,-2.892,-1.274,25.0,0.172,H,#A5AFB9,14,1.0,0,0,0.228,0,0,0,0,-1.0,9
1,2023,2023011,0,Haas F1 Team,22,MAG,Kevin Magnussen,20,#505050,15.0,15,-,-,0,1,-,-,-,-,-,-,-,-,-,-,-0.321,H,#A5AFB9,15,1.0,1,0,0.228,0,0,0,0,0.0,11
1,2023,2023011,0,Haas F1 Team,22,MAG,Kevin Magnussen,20,#505050,16.0,16,-,-,0,1,-,-,-,-,-,-,-,-,-,-,-0.557,H,#A5AFB9,1,2.0,0,0,0.100,0,0,0,0,0.0,18
1,2023,2023011,0,Haas F1 Team,22,MAG,Kevin Magnussen,20,#505050,17.0,17,98.319,98.319,0,0,-,-,0.325,1.077,-0.213,22.0,0.325,1.077,-0.213,22.0,-0.752,H,#A5AFB9,2,2.0,0,0,0.100,0,0,0,0,0.0,18
1,2023,2023011,0,Haas F1 Team,22,MAG,Kevin Magnussen,20,#505050,18.0,18,98.274,98.274,0,0,98.297,0.045,0.46,2.049,-0.565,22.0,0.460,1.240,-0.160,22.0,-1.589,H,#A5AFB9,3,2.0,0,0,0.100,0,0,0,0,0.0,17
1,2023,2023011,0,Haas F1 Team,22,MAG,Kevin Magnussen,20,#505050,19.0,19,98.803,98.803,0,0,98.538,0.529,-0.158,0.830,-0.573,22.0,-0.158,0.830,-0.573,22.0,-0.988,H,#A5AFB9,4,2.0,0,0,0.100,0,0,0,0,0.0,17
1,2023,2023011,0,Haas F1 Team,22,MAG,Kevin Magnussen,20,#505050,20.0,20,99.083,99.083,0,0,98.943,0.280,-0.442,0.412,-0.648,22.0,-0.442,0.412,-0.648,22.0,-0.854,H,#A5AFB9,5,2.0,0,0,0.100,0,0,0,0,0.0,17
1,2023,2023011,0,Haas F1 Team,22,MAG,Kevin Magnussen,20,#505050,21.0,21,99.086,99.086,0,0,99.084,0.003,-0.382,0.617,-0.691,22.0,-0.382,0.617,-0.691,22.0,-0.999,H,#A5AFB9,6,2.0,0,0,0.100,0,0,0,0,0.0,17
1,2023,2023011,0,Haas F1 Team,22,MAG,Kevin Magnussen,20,#505050,22.0,22,98.913,98.913,0,0,99.0,0.173,-0.157,1.021,-0.667,22.0,-0.157,1.021,-0.667,22.0,-1.178,H,#A5AFB9,7,2.0,0,1,0.100,0,0,0,0,0.0,17
1,2023,2023011,0,Haas F1 Team,22,MAG,Kevin Magnussen,20,#505050,23.0,23,99.027,99.027,0,0,98.97,0.114,-0.213,0.839,-0.633,22.0,-0.213,0.839,-0.633,22.0,-1.052,H,#A5AFB9,8,2.0,0,0,0.100,0,0,0,0,0.0,17
1,2023,2023011,0,Haas F1 Team,22,MAG,Kevin Magnussen,20,#505050,24.0,24,98.947,98.947,0,0,98.987,0.080,-0.058,0.908,-0.512,22.0,-0.058,0.908,-0.512,22.0,-0.966,H,#A5AFB9,9,2.0,0,0,0.100,0,0,0,0,0.0,17
1,2023,2023011,0,Haas F1 Team,22,MAG,Kevin Magnussen,20,#505050,25.0,25,99.476,99.476,0,0,99.212,0.529,-0.577,0.819,-0.987,22.0,-0.577,0.819,-0.987,22.0,-1.396,H,#A5AFB9,10,2.0,0,0,0.100,0,0,0,0,0.0,17
1,2023,2023011,0,Haas F1 Team,22,MAG,Kevin Magnussen,20,#505050,26.0,26,99.601,99.601,0,0,99.538,0.125,-0.839,-,-,-,-0.839,-,-,-,,H,#A5AFB9,11,2.0,0,0,0.100,0,0,0,0,0.0,15
1,2023,2023011,0,Haas F1 Team,22,MAG,Kevin Magnussen,20,#505050,27.0,27,99.298,99.298,0,0,99.45,0.303,-0.631,-,-,-,-0.631,-,-,-,,H,#A5AFB9,12,2.0,0,0,0.100,0,0,0,0,0.0,13
1,2023,2023011,0,Haas F1 Team,22,MAG,Kevin Magnussen,20,#505050,28.0,28,99.316,99.316,0,0,99.307,0.018,-0.912,-2.335,0.256,25.0,-0.912,-2.335,0.256,25.0,1.423,H,#A5AFB9,13,2.0,0,0,0.100,0,0,0,0,0.0,12
1,2023,2023011,0,Haas F1 Team,22,MAG,Kevin Magnussen,20,#505050,29.0,29,-,-,0,1,-,-,-,-,-,-,-,-,-,-,0.876,H,#A5AFB9,14,2.0,1,0,0.100,0,0,0,0,0.0,13
1,2023,2023011,0,Haas F1 Team,22,MAG,Kevin Magnussen,20,#505050,30.0,30,-,-,0,1,-,-,-,-,-,-,-,-,-,-,0.549,S,#CD3C3C,1,3.0,0,0,0.195,0,0,0,0,0.0,17
1,2023,2023011,0,Haas F1 Team,22,MAG,Kevin Magnussen,20,#505050,31.0,31,98.593,98.593,0,0,-,-,-0.434,-0.702,-0.083,25.0,-0.434,-0.882,0.007,25.0,0.268,S,#CD3C3C,2,3.0,0,0,0.195,0,0,0,0,0.0,17
1,2023,2023011,0,Haas F1 Team,22,MAG,Kevin Magnussen,20,#505050,32.0,32,97.644,97.644,0,0,98.119,0.949,0.15,0.162,0.069,22.0,0.150,0.162,0.069,22.0,-0.012,S,#CD3C3C,3,3.0,0,0,0.195,0,0,0,0,0.0,16
1,2023,2023011,0,Haas F1 Team,22,MAG,Kevin Magnussen,20,#505050,33.0,33,97.097,97.097,0,0,97.37,0.547,0.553,0.664,0.221,22.0,0.553,0.664,0.221,22.0,-0.111,S,#CD3C3C,4,3.0,0,0,0.195,0,0,0,0,0.0,16
1,2023,2023011,0,Haas F1 Team,22,MAG,Kevin Magnussen,20,#505050,34.0,34,97.528,97.528,0,0,97.312,0.431,0.115,0.367,-0.069,22.0,0.115,0.367,-0.069,22.0,-0.252,S,#CD3C3C,5,3.0,0,0,0.195,0,0,0,0,0.0,16
1,2023,2023011,0,Haas F1 Team,22,MAG,Kevin Magnussen,20,#505050,35.0,35,97.46,97.46,0,0,97.494,0.068,0.272,0.633,-0.044,22.0,0.272,0.633,-0.044,22.0,-0.361,S,#CD3C3C,6,3.0,0,1,0.195,0,0,0,0,0.0,16
1,2023,2023011,0,Haas F1 Team,22,MAG,Kevin Magnussen,20,#505050,36.0,36,97.754,97.754,0,0,97.607,0.294,-0.071,0.491,-0.317,22.0,-0.071,0.346,-0.244,22.0,-0.562,S,#CD3C3C,7,3.0,0,0,0.195,0,0,0,0,0.0,16
1,2023,2023011,0,Haas F1 Team,22,MAG,Kevin Magnussen,20,#505050,37.0,37,97.998,97.998,0,0,97.876,0.244,-0.361,0.110,-0.416,22.0,-0.361,0.110,-0.416,22.0,-0.471,S,#CD3C3C,8,3.0,0,0,0.195,0,0,0,0,0.0,16
1,2023,2023011,0,Haas F1 Team,22,MAG,Kevin Magnussen,20,#505050,38.0,38,98.303,98.303,0,0,98.15,0.305,-0.679,-0.112,-0.623,25.0,-0.679,-0.112,-0.623,25.0,-0.567,S,#CD3C3C,9,3.0,0,0,0.195,0,0,0,0,0.0,16
1,2023,2023011,0,Haas F1 Team,22,MAG,Kevin Magnussen,20,#505050,39.0,39,98.587,98.587,0,0,98.445,0.284,-0.806,-0.403,-0.605,25.0,-0.806,-0.403,-0.605,25.0,-0.403,S,#CD3C3C,10,3.0,0,0,0.195,0,0,0,0,0.0,16
1,2023,2023011,0,Haas F1 Team,22,MAG,Kevin Magnussen,20,#505050,40.0,40,-,-,0,1,-,-,-,-,-,-,-,-,-,-,,S,#CD3C3C,11,3.0,1,0,0.195,0,0,0,1,0.0,15
1,2023,2023011,0,Haas F1 Team,22,MAG,Kevin Magnussen,20,#505050,41.0,41,-,-,0,1,-,-,-,-,-,-,-,-,-,-,,S,#CD3C3C,1,4.0,0,0,0.256,0,0,1,0,0.0,15
1,2023,2023011,0,Haas F1 Team,22,MAG,Kevin Magnussen,20,#505050,42.0,42,96.471,96.471,0,0,-,-,0.684,0.145,0.612,22.0,0.684,0.145,0.612,22.0,0.539,S,#CD3C3C,2,4.0,0,0,0.256,0,0,0,0,0.0,15
1,2023,2023011,0,Haas F1 Team,22,MAG,Kevin Magnussen,20,#505050,43.0,43,96.942,96.53,1,0,96.5,0.471,0.238,-0.149,0.312,25.0,0.650,0.263,0.518,22.0,0.387,S,#CD3C3C,3,4.0,0,0,0.256,0,0,0,0,0.0,15
1,2023,2023011,0,Haas F1 Team,22,MAG,Kevin Magnussen,20,#505050,44.0,44,96.588,96.588,0,0,96.559,0.354,0.658,0.488,0.414,22.0,0.658,0.488,0.414,22.0,0.17,S,#CD3C3C,4,4.0,0,0,0.256,0,0,0,0,0.0,15
1,2023,2023011,0,Haas F1 Team,22,MAG,Kevin Magnussen,20,#505050,45.0,45,97.126,97.126,0,0,96.857,0.538,0.201,0.188,0.107,22.0,0.201,0.188,0.107,22.0,0.013,S,#CD3C3C,5,4.0,0,0,0.256,0,0,0,0,0.0,15
1,2023,2023011,0,Haas F1 Team,22,MAG,Kevin Magnussen,20,#505050,46.0,46,97.589,97.589,0,0,97.358,0.463,-0.121,2.383,-1.312,22.0,-0.121,-0.529,0.143,25.0,-2.504,S,#CD3C3C,6,4.0,0,0,0.256,0,0,0,0,0.0,15
1,2023,2023011,0,Haas F1 Team,22,MAG,Kevin Magnussen,20,#505050,47.0,47,97.629,97.629,0,0,97.609,0.040,-0.176,-0.823,0.235,25.0,-0.176,-0.823,0.235,25.0,0.647,S,#CD3C3C,7,4.0,0,0,0.256,0,0,0,0,0.0,15
1,2023,2023011,0,Haas F1 Team,22,MAG,Kevin Magnussen,20,#505050,48.0,48,97.607,97.607,0,0,97.618,0.022,-0.153,-0.521,0.107,25.0,-0.153,-0.521,0.107,25.0,0.368,S,#CD3C3C,8,4.0,0,0,0.256,0,0,0,0,0.0,15
1,2023,2023011,0,Haas F1 Team,22,MAG,Kevin Magnussen,20,#505050,49.0,49,97.739,97.739,0,0,97.673,0.132,-0.112,-0.662,0.219,25.0,-0.112,-0.662,0.219,25.0,0.55,S,#CD3C3C,9,4.0,0,1,0.256,0,0,0,0,0.0,15
1,2023,2023011,0,Haas F1 Team,22,MAG,Kevin Magnussen,20,#505050,50.0,50,98.315,97.948,1,0,97.844,0.576,-0.912,-1.073,-0.376,25.0,-0.545,-0.706,-0.192,25.0,0.161,S,#CD3C3C,10,4.0,0,0,0.256,0,0,0,0,0.0,15
1,2023,2023011,0,Haas F1 Team,22,MAG,Kevin Magnussen,20,#505050,51.0,51,98.157,98.157,0,0,98.053,0.158,-0.559,-0.851,-0.134,25.0,-0.559,-0.851,-0.134,25.0,0.292,S,#CD3C3C,11,4.0,0,0,0.256,0,0,0,0,1.0,14
1,2023,2023011,0,Haas F1 Team,22,MAG,Kevin Magnussen,20,#505050,52.0,52,97.963,97.963,0,0,98.06,0.194,-0.313,-0.046,-0.290,25.0,-0.313,-0.046,-0.290,25.0,-0.267,S,#CD3C3C,12,4.0,0,0,0.256,0,0,0,0,0.0,14
1,2023,2023011,0,Haas F1 Team,22,MAG,Kevin Magnussen,20,#505050,53.0,53,97.982,97.982,0,0,97.972,0.019,-0.299,0.085,-0.342,22.0,-0.299,0.085,-0.342,22.0,-0.384,S,#CD3C3C,13,4.0,0,0,0.256,0,0,0,0,0.0,14
1,2023,2023011,0,Haas F1 Team,22,MAG,Kevin Magnussen,20,#505050,54.0,54,99.651,98.214,1,0,98.098,1.669,-1.863,-1.193,-1.266,25.0,-0.426,0.244,-0.548,22.0,-0.67,S,#CD3C3C,14,4.0,0,0,0.256,0,0,0,0,0.0,14
1,2023,2023011,0,Haas F1 Team,22,MAG,Kevin Magnussen,20,#505050,55.0,55,98.446,98.446,0,0,98.33,1.205,-0.573,0.118,-0.632,22.0,-0.573,0.118,-0.632,22.0,-0.691,S,#CD3C3C,15,4.0,0,0,0.256,0,0,0,0,0.0,13
1,2023,2023011,0,Haas F1 Team,22,MAG,Kevin Magnussen,20,#505050,56.0,56,98.779,98.779,0,0,98.612,0.333,-0.982,0.427,-1.196,22.0,-0.982,0.427,-1.196,22.0,-1.409,S,#CD3C3C,16,4.0,0,0,0.256,0,0,0,0,0.0,13
1,2023,2023011,0,Haas F1 Team,25,HUL,Nico Hulkenberg,27,#505050,1.0,1,-,-,0,1,-,-,-,-,-,-,-,-,-,-,,S,#CD3C3C,4,1.0,0,0,0.164,0,0,0,0,,14
1,2023,2023011,0,Haas F1 Team,25,HUL,Nico Hulkenberg,27,#505050,2.0,2,-,-,0,1,-,-,-,-,-,-,-,-,-,-,,S,#CD3C3C,5,1.0,0,0,0.164,0,0,0,0,0.0,14
1,2023,2023011,0,Haas F1 Team,25,HUL,Nico Hulkenberg,27,#505050,3.0,3,100.484,100.484,0,0,-,-,-0.647,-1.494,-1.394,25.0,-0.647,-1.494,-1.394,25.0,-2.141,S,#CD3C3C,6,1.0,0,0,0.164,0,0,0,0,0.0,14
1,2023,2023011,0,Haas F1 Team,25,HUL,Nico Hulkenberg,27,#505050,4.0,4,101.004,100.743,1,0,100.613,0.520,-1.183,0.231,-1.067,22.0,-0.922,-0.030,-0.937,25.0,-0.952,S,#CD3C3C,7,1.0,0,0,0.164,0,0,0,0,-1.0,15
1,2023,2023011,0,Haas F1 Team,25,HUL,Nico Hulkenberg,27,#505050,5.0,5,101.002,101.002,0,0,100.872,0.002,-1.016,-0.338,-1.185,25.0,-1.016,0.053,-0.990,22.0,-1.354,S,#CD3C3C,8,1.0,0,0,0.164,0,0,0,0,0.0,15
1,2023,2023011,0,Haas F1 Team,25,HUL,Nico Hulkenberg,27,#505050,6.0,6,101.002,101.002,0,0,101.002,0.000,-0.816,-0.123,-0.877,25.0,-0.816,-0.123,-0.877,25.0,-0.939,S,#CD3C3C,9,1.0,0,1,0.164,0,0,0,0,0.0,15
1,2023,2023011,0,Haas F1 Team,25,HUL,Nico Hulkenberg,27,#505050,7.0,7,101.148,101.148,0,0,101.075,0.146,-0.874,-0.378,-1.063,25.0,-0.874,-0.056,-0.902,25.0,-1.252,S,#CD3C3C,10,1.0,0,0,0.164,0,0,0,0,0.0,15
1,2023,2023011,0,Haas F1 Team,25,HUL,Nico Hulkenberg,27,#505050,8.0,8,101.249,101.249,0,0,101.198,0.101,-0.874,-0.034,-0.891,25.0,-0.874,-0.034,-0.891,25.0,-0.908,S,#CD3C3C,11,1.0,0,0,0.164,0,0,0,0,0.0,15
1,2023,2023011,0,Haas F1 Team,25,HUL,Nico Hulkenberg,27,#505050,9.0,9,101.615,101.615,0,0,101.432,0.366,-1.138,0.337,-0.970,22.0,-1.138,0.337,-0.970,22.0,-0.801,S,#CD3C3C,12,1.0,0,0,0.164,0,0,0,0,0.0,15
1,2023,2023011,0,Haas F1 Team,25,HUL,Nico Hulkenberg,27,#505050,10.0,10,102.252,102.252,0,0,101.934,0.637,-1.629,0.533,-1.363,22.0,-1.629,0.533,-1.363,22.0,-1.096,S,#CD3C3C,13,1.0,0,0,0.164,0,0,0,0,0.0,15
1,2023,2023011,0,Haas F1 Team,25,HUL,Nico Hulkenberg,27,#505050,11.0,11,-,-,0,1,-,-,-,-,-,-,-,-,-,-,-1.542,S,#CD3C3C,14,1.0,1,0,0.164,0,0,0,0,0.0,16
1,2023,2023011,0,Haas F1 Team,25,HUL,Nico Hulkenberg,27,#505050,12.0,12,-,-,0,1,-,-,-,-,-,-,-,-,-,-,-1.281,H,#A5AFB9,1,2.0,0,0,0.169,0,0,0,0,0.0,20
1,2023,2023011,0,Haas F1 Team,25,HUL,Nico Hulkenberg,27,#505050,13.0,13,99.406,99.406,0,0,-,-,0.035,-2.248,-1.089,25.0,0.035,-2.248,-1.089,25.0,-2.213,H,#A5AFB9,2,2.0,0,0,0.169,0,0,0,0,0.0,19
1,2023,2023011,0,Haas F1 Team,25,HUL,Nico Hulkenberg,27,#505050,14.0,14,98.847,98.847,0,0,99.126,0.559,0.172,-2.892,-1.274,25.0,0.172,-2.892,-1.274,25.0,-2.72,H,#A5AFB9,3,2.0,0,0,0.169,0,0,0,0,0.0,18
1,2023,2023011,0,Haas F1 Team,25,HUL,Nico Hulkenberg,27,#505050,15.0,15,98.972,98.972,0,0,98.91,0.125,-0.321,-,-,-,-0.321,-,-,-,,H,#A5AFB9,4,2.0,0,0,0.169,0,0,0,0,0.0,18
1,2023,2023011,0,Haas F1 Team,25,HUL,Nico Hulkenberg,27,#505050,16.0,16,99.136,99.136,0,0,99.054,0.164,-0.557,-,-,-,-0.557,-,-,-,,H,#A5AFB9,5,2.0,0,0,0.169,0,0,0,0,0.0,16
1,2023,2023011,0,Haas F1 Team,25,HUL,Nico Hulkenberg,27,#505050,17.0,17,99.396,99.396,0,0,99.266,0.260,-0.752,1.077,-0.213,22.0,-0.752,1.077,-0.213,22.0,0.325,H,#A5AFB9,6,2.0,0,0,0.169,0,0,0,0,0.0,16
1,2023,2023011,0,Haas F1 Team,25,HUL,Nico Hulkenberg,27,#505050,18.0,18,100.323,99.514,1,0,99.455,0.927,-1.589,2.049,-0.565,22.0,-0.780,1.240,-0.160,22.0,0.46,H,#A5AFB9,7,2.0,0,0,0.169,0,0,0,0,-1.0,16
1,2023,2023011,0,Haas F1 Team,25,HUL,Nico Hulkenberg,27,#505050,19.0,19,99.633,99.633,0,0,99.574,0.690,-0.988,0.830,-0.573,22.0,-0.988,0.830,-0.573,22.0,-0.158,H,#A5AFB9,8,2.0,0,1,0.169,0,0,0,0,0.0,16
1,2023,2023011,0,Haas F1 Team,25,HUL,Nico Hulkenberg,27,#505050,20.0,20,99.495,99.495,0,0,99.564,0.138,-0.854,0.412,-0.648,22.0,-0.854,0.412,-0.648,22.0,-0.442,H,#A5AFB9,9,2.0,0,0,0.169,0,0,0,0,0.0,16
1,2023,2023011,0,Haas F1 Team,25,HUL,Nico Hulkenberg,27,#505050,21.0,21,99.703,99.703,0,0,99.599,0.208,-0.999,0.617,-0.691,22.0,-0.999,0.617,-0.691,22.0,-0.382,H,#A5AFB9,10,2.0,0,0,0.169,0,0,0,0,0.0,16
1,2023,2023011,0,Haas F1 Team,25,HUL,Nico Hulkenberg,27,#505050,22.0,22,99.934,99.934,0,0,99.818,0.231,-1.178,1.021,-0.667,22.0,-1.178,1.021,-0.667,22.0,-0.157,H,#A5AFB9,11,2.0,0,0,0.169,0,0,0,0,0.0,16
1,2023,2023011,0,Haas F1 Team,25,HUL,Nico Hulkenberg,27,#505050,23.0,23,99.866,99.866,0,0,99.9,0.068,-1.052,0.839,-0.633,22.0,-1.052,0.839,-0.633,22.0,-0.213,H,#A5AFB9,12,2.0,0,0,0.169,0,0,0,0,0.0,16
1,2023,2023011,0,Haas F1 Team,25,HUL,Nico Hulkenberg,27,#505050,24.0,24,99.855,99.855,0,0,99.86,0.011,-0.966,0.908,-0.512,22.0,-0.966,0.908,-0.512,22.0,-0.058,H,#A5AFB9,13,2.0,0,0,0.169,0,0,0,0,0.0,16
1,2023,2023011,0,Haas F1 Team,25,HUL,Nico Hulkenberg,27,#505050,25.0,25,100.295,100.295,0,0,100.075,0.440,-1.396,0.819,-0.987,22.0,-1.396,0.819,-0.987,22.0,-0.577,H,#A5AFB9,14,2.0,0,0,0.169,0,0,0,0,0.0,16
1,2023,2023011,0,Haas F1 Team,25,HUL,Nico Hulkenberg,27,#505050,26.0,26,-,-,0,1,-,-,-,-,-,-,-,-,-,-,-0.839,H,#A5AFB9,15,2.0,1,0,0.169,0,0,0,0,0.0,16
1,2023,2023011,0,Haas F1 Team,25,HUL,Nico Hulkenberg,27,#505050,27.0,27,-,-,0,1,-,-,-,-,-,-,-,-,-,-,-0.631,H,#A5AFB9,1,3.0,0,0,0.089,0,0,0,0,0.0,19
1,2023,2023011,0,Haas F1 Team,25,HUL,Nico Hulkenberg,27,#505050,28.0,28,96.981,96.981,0,0,-,-,1.423,-2.335,0.256,25.0,1.423,-2.335,0.256,25.0,-0.912,H,#A5AFB9,2,3.0,0,0,0.089,0,0,0,0,0.0,18
1,2023,2023011,0,Haas F1 Team,25,HUL,Nico Hulkenberg,27,#505050,29.0,29,97.398,97.398,0,0,97.19,0.417,0.876,-,-,-,0.876,-,-,-,,H,#A5AFB9,3,3.0,0,0,0.089,0,0,0,0,0.0,18
1,2023,2023011,0,Haas F1 Team,25,HUL,Nico Hulkenberg,27,#505050,30.0,30,97.617,97.617,0,0,97.508,0.219,0.549,-,-,-,0.549,-,-,-,,H,#A5AFB9,4,3.0,0,0,0.089,0,0,0,0,0.0,18
1,2023,2023011,0,Haas F1 Team,25,HUL,Nico Hulkenberg,27,#505050,31.0,31,97.891,97.712,1,0,97.664,0.274,0.268,-0.702,-0.083,25.0,0.448,-0.882,0.007,25.0,-0.434,H,#A5AFB9,5,3.0,0,0,0.089,0,0,0,0,0.0,18
1,2023,2023011,0,Haas F1 Team,25,HUL,Nico Hulkenberg,27,#505050,32.0,32,97.806,97.806,0,0,97.759,0.085,-0.012,0.162,0.069,22.0,-0.012,0.162,0.069,22.0,0.15,H,#A5AFB9,6,3.0,0,0,0.089,0,0,0,0,0.0,17
1,2023,2023011,0,Haas F1 Team,25,HUL,Nico Hulkenberg,27,#505050,33.0,33,97.761,97.761,0,0,97.784,0.045,-0.111,0.664,0.221,22.0,-0.111,0.664,0.221,22.0,0.553,H,#A5AFB9,7,3.0,0,1,0.089,0,0,0,0,0.0,17
1,2023,2023011,0,Haas F1 Team,25,HUL,Nico Hulkenberg,27,#505050,34.0,34,97.895,97.895,0,0,97.828,0.134,-0.252,0.367,-0.069,22.0,-0.252,0.367,-0.069,22.0,0.115,H,#A5AFB9,8,3.0,0,0,0.089,0,0,0,0,0.0,17
1,2023,2023011,0,Haas F1 Team,25,HUL,Nico Hulkenberg,27,#505050,35.0,35,98.093,98.093,0,0,97.994,0.198,-0.361,0.633,-0.044,22.0,-0.361,0.633,-0.044,22.0,0.272,H,#A5AFB9,9,3.0,0,0,0.089,0,0,0,0,0.0,17
1,2023,2023011,0,Haas F1 Team,25,HUL,Nico Hulkenberg,27,#505050,36.0,36,98.245,98.101,1,0,98.097,0.152,-0.562,0.491,-0.317,22.0,-0.417,0.346,-0.244,22.0,-0.071,H,#A5AFB9,10,3.0,0,0,0.089,0,0,0,0,0.0,17
1,2023,2023011,0,Haas F1 Team,25,HUL,Nico Hulkenberg,27,#505050,37.0,37,98.108,98.108,0,0,98.104,0.137,-0.471,0.110,-0.416,22.0,-0.471,0.110,-0.416,22.0,-0.361,H,#A5AFB9,11,3.0,0,0,0.089,0,0,0,0,0.0,17
1,2023,2023011,0,Haas F1 Team,25,HUL,Nico Hulkenberg,27,#505050,38.0,38,98.191,98.191,0,0,98.15,0.083,-0.567,-0.112,-0.623,25.0,-0.567,-0.112,-0.623,25.0,-0.679,H,#A5AFB9,12,3.0,0,0,0.089,0,0,0,0,0.0,17
1,2023,2023011,0,Haas F1 Team,25,HUL,Nico Hulkenberg,27,#505050,39.0,39,98.184,98.184,0,0,98.188,0.007,-0.403,-0.403,-0.605,25.0,-0.403,-0.403,-0.605,25.0,-0.806,H,#A5AFB9,13,3.0,0,0,0.089,0,0,0,0,0.0,17
1,2023,2023011,0,Haas F1 Team,25,HUL,Nico Hulkenberg,27,#505050,40.0,40,-,-,0,1,-,-,-,-,-,-,-,-,-,-,,H,#A5AFB9,14,3.0,1,0,0.089,0,0,0,1,0.0,16
1,2023,2023011,0,Haas F1 Team,25,HUL,Nico Hulkenberg,27,#505050,41.0,41,-,-,0,1,-,-,-,-,-,-,-,-,-,-,,S,#CD3C3C,4,4.0,0,0,0.319,0,0,1,0,0.0,16
1,2023,2023011,0,Haas F1 Team,25,HUL,Nico Hulkenberg,27,#505050,42.0,42,96.616,96.616,0,0,-,-,0.539,0.145,0.612,22.0,0.539,0.145,0.612,22.0,0.684,S,#CD3C3C,5,4.0,0,0,0.319,0,0,0,0,0.0,16
1,2023,2023011,0,Haas F1 Team,25,HUL,Nico Hulkenberg,27,#505050,43.0,43,96.793,96.793,0,0,96.704,0.177,0.387,-0.149,0.312,25.0,0.387,0.263,0.518,22.0,0.238,S,#CD3C3C,6,4.0,0,0,0.319,0,0,0,0,0.0,16
1,2023,2023011,0,Haas F1 Team,25,HUL,Nico Hulkenberg,27,#505050,44.0,44,97.076,97.076,0,0,96.934,0.283,0.17,0.488,0.414,22.0,0.170,0.488,0.414,22.0,0.658,S,#CD3C3C,7,4.0,0,0,0.319,0,0,0,0,0.0,16
1,2023,2023011,0,Haas F1 Team,25,HUL,Nico Hulkenberg,27,#505050,45.0,45,97.314,97.314,0,0,97.195,0.238,0.013,0.188,0.107,22.0,0.013,0.188,0.107,22.0,0.201,S,#CD3C3C,8,4.0,0,0,0.319,0,0,0,0,0.0,16
1,2023,2023011,0,Haas F1 Team,25,HUL,Nico Hulkenberg,27,#505050,46.0,46,99.972,97.06,1,0,97.187,2.658,-2.504,2.383,-1.312,22.0,0.408,-0.529,0.143,25.0,-0.121,S,#CD3C3C,9,4.0,0,0,0.319,0,0,0,0,0.0,16
1,2023,2023011,0,Haas F1 Team,25,HUL,Nico Hulkenberg,27,#505050,47.0,47,96.806,96.806,0,0,96.933,3.166,0.647,-0.823,0.235,25.0,0.647,-0.823,0.235,25.0,-0.176,S,#CD3C3C,10,4.0,0,0,0.319,0,0,0,0,0.0,16
1,2023,2023011,0,Haas F1 Team,25,HUL,Nico Hulkenberg,27,#505050,48.0,48,97.086,97.086,0,0,96.946,0.280,0.368,-0.521,0.107,25.0,0.368,-0.521,0.107,25.0,-0.153,S,#CD3C3C,11,4.0,0,0,0.319,0,0,0,0,0.0,16
1,2023,2023011,0,Haas F1 Team,25,HUL,Nico Hulkenberg,27,#505050,49.0,49,97.077,97.077,0,0,97.082,0.009,0.55,-0.662,0.219,25.0,0.550,-0.662,0.219,25.0,-0.112,S,#CD3C3C,12,4.0,0,1,0.319,0,0,0,0,0.0,16
1,2023,2023011,0,Haas F1 Team,25,HUL,Nico Hulkenberg,27,#505050,50.0,50,97.242,97.242,0,0,97.16,0.165,0.161,-1.073,-0.376,25.0,0.161,-0.706,-0.192,25.0,-0.912,S,#CD3C3C,13,4.0,0,0,0.319,0,0,0,0,0.0,16
1,2023,2023011,0,Haas F1 Team,25,HUL,Nico Hulkenberg,27,#505050,51.0,51,97.306,97.306,0,0,97.274,0.064,0.292,-0.851,-0.134,25.0,0.292,-0.851,-0.134,25.0,-0.559,S,#CD3C3C,14,4.0,0,0,0.319,0,0,0,0,0.0,16
1,2023,2023011,0,Haas F1 Team,25,HUL,Nico Hulkenberg,27,#505050,52.0,52,97.917,97.917,0,0,97.612,0.611,-0.267,-0.046,-0.290,25.0,-0.267,-0.046,-0.290,25.0,-0.313,S,#CD3C3C,15,4.0,0,0,0.319,0,0,0,0,0.0,16
1,2023,2023011,0,Haas F1 Team,25,HUL,Nico Hulkenberg,27,#505050,53.0,53,98.067,98.067,0,0,97.992,0.150,-0.384,0.085,-0.342,22.0,-0.384,0.085,-0.342,22.0,-0.299,S,#CD3C3C,16,4.0,0,0,0.319,0,0,0,0,0.0,16
1,2023,2023011,0,Haas F1 Team,25,HUL,Nico Hulkenberg,27,#505050,54.0,54,98.458,98.458,0,0,98.262,0.391,-0.67,-1.193,-1.266,25.0,-0.670,0.244,-0.548,22.0,-1.863,S,#CD3C3C,17,4.0,0,0,0.319,0,0,0,0,0.0,16
1,2023,2023011,0,Haas F1 Team,25,HUL,Nico Hulkenberg,27,#505050,55.0,55,98.564,98.564,0,0,98.511,0.106,-0.691,0.118,-0.632,22.0,-0.691,0.118,-0.632,22.0,-0.573,S,#CD3C3C,18,4.0,0,0,0.319,0,0,0,0,0.0,15
1,2023,2023011,0,Haas F1 Team,25,HUL,Nico Hulkenberg,27,#505050,56.0,56,99.206,99.206,0,0,98.885,0.642,-1.409,0.427,-1.196,22.0,-1.409,0.427,-1.196,22.0,-0.982,S,#CD3C3C,19,4.0,0,0,0.319,0,0,0,0,0.0,15
1,2023,2023021,1,Haas F1 Team,22,MAG,Kevin Magnussen,20,#505050,1.0,58,-,-,0,1,-,-,-,-,-,-,-,-,-,-,,M,#F0E628,1,1.0,0,0,0.187,0,0,0,0,,11
1,2023,2023021,1,Haas F1 Team,22,MAG,Kevin Magnussen,20,#505050,2.0,59,-,-,0,1,-,-,-,-,-,-,-,-,-,-,,M,#F0E628,2,1.0,0,0,0.187,0,0,0,0,0.0,11
1,2023,2023021,1,Haas F1 Team,22,MAG,Kevin Magnussen,20,#505050,3.0,60,96.796,96.796,0,0,-,-,-0.623,-0.258,-0.494,25.0,-0.623,-0.258,-0.494,25.0,-0.365,M,#F0E628,3,1.0,0,0,0.187,0,0,0,0,0.0,11
1,2023,2023021,1,Haas F1 Team,22,MAG,Kevin Magnussen,20,#505050,4.0,61,97.098,97.098,0,0,96.947,0.302,-0.901,0.495,-1.149,22.0,-0.901,-0.453,-0.674,25.0,-1.396,M,#F0E628,4,1.0,0,0,0.187,0,0,0,0,0.0,11
1,2023,2023021,1,Haas F1 Team,22,MAG,Kevin Magnussen,20,#505050,5.0,62,97.298,97.298,0,0,97.198,0.200,-1.214,-0.545,-0.942,25.0,-1.214,-0.545,-0.942,25.0,-0.669,M,#F0E628,5,1.0,0,1,0.187,0,0,0,0,-1.0,12
1,2023,2023021,1,Haas F1 Team,22,MAG,Kevin Magnussen,20,#505050,6.0,63,97.01,97.01,0,0,97.154,0.288,-1.014,-0.915,-0.556,25.0,-1.014,-0.915,-0.556,25.0,-0.099,M,#F0E628,6,1.0,0,0,0.187,0,0,0,0,-1.0,13
1,2023,2023021,1,Haas F1 Team,22,MAG,Kevin Magnussen,20,#505050,7.0,64,96.304,96.304,0,0,96.657,0.706,-0.298,0.094,-0.345,22.0,-0.298,0.094,-0.345,22.0,-0.392,M,#F0E628,7,1.0,0,0,0.187,0,0,0,0,0.0,13
1,2023,2023021,1,Haas F1 Team,22,MAG,Kevin Magnussen,20,#505050,8.0,65,-,-,0,1,-,-,-,-,-,-,-,-,-,-,-0.208,M,#F0E628,8,1.0,1,0,0.187,0,0,0,0,0.0,14
1,2023,2023021,1,Haas F1 Team,22,MAG,Kevin Magnussen,20,#505050,9.0,66,-,-,0,1,-,-,-,-,-,-,-,-,-,-,-0.737,H,#A5AFB9,1,2.0,0,0,0.255,0,0,0,0,0.0,18
1,2023,2023021,1,Haas F1 Team,22,MAG,Kevin Magnussen,20,#505050,10.0,67,95.834,95.834,0,0,-,-,-0.005,0.332,-0.171,22.0,-0.005,0.332,-0.171,22.0,-0.337,H,#A5AFB9,2,2.0,0,0,0.255,0,0,0,0,0.0,17
1,2023,2023021,1,Haas F1 Team,22,MAG,Kevin Magnussen,20,#505050,11.0,68,95.756,95.756,0,0,95.795,0.078,-0.011,-,-,-,-0.011,-,-,-,,H,#A5AFB9,3,2.0,0,0,0.255,0,0,0,0,0.0,17
1,2023,2023021,1,Haas F1 Team,22,MAG,Kevin Magnussen,20,#505050,12.0,69,95.805,95.805,0,0,95.78,0.049,0.006,-,-,-,0.006,-,-,-,,H,#A5AFB9,4,2.0,0,0,0.255,0,0,0,0,0.0,15
1,2023,2023021,1,Haas F1 Team,22,MAG,Kevin Magnussen,20,#505050,13.0,70,95.552,95.552,0,0,95.679,0.253,0.1,0.340,-0.070,22.0,0.100,0.340,-0.070,22.0,-0.24,H,#A5AFB9,5,2.0,0,0,0.255,0,0,0,0,0.0,15
1,2023,2023021,1,Haas F1 Team,22,MAG,Kevin Magnussen,20,#505050,14.0,71,95.199,95.199,0,0,95.376,0.353,0.367,1.622,-0.444,22.0,0.367,0.749,-0.007,22.0,-1.255,H,#A5AFB9,6,2.0,0,0,0.255,0,0,0,0,0.0,15
1,2023,2023021,1,Haas F1 Team,22,MAG,Kevin Magnussen,20,#505050,15.0,72,95.179,95.179,0,0,95.189,0.020,0.456,0.825,0.043,22.0,0.456,0.825,0.043,22.0,-0.369,H,#A5AFB9,7,2.0,0,0,0.255,0,0,0,0,0.0,15
1,2023,2023021,1,Haas F1 Team,22,MAG,Kevin Magnussen,20,#505050,16.0,73,95.561,95.561,0,0,95.37,0.382,0.143,0.371,-0.043,22.0,0.143,0.371,-0.043,22.0,-0.228,H,#A5AFB9,8,2.0,0,0,0.255,0,0,0,0,0.0,15
1,2023,2023021,1,Haas F1 Team,22,MAG,Kevin Magnussen,20,#505050,17.0,74,-,-,0,1,-,-,-,-,-,-,-,-,-,-,,H,#A5AFB9,9,2.0,0,0,0.255,0,1,0,0,0.0,14
1,2023,2023021,1,Haas F1 Team,22,MAG,Kevin Magnussen,20,#505050,18.0,75,-,-,0,1,-,-,-,-,-,-,-,-,-,-,,H,#A5AFB9,10,2.0,0,0,0.255,0,0,0,0,0.0,12
1,2023,2023021,1,Haas F1 Team,22,MAG,Kevin Magnussen,20,#505050,19.0,76,-,-,0,1,-,-,-,-,-,-,-,-,-,-,,H,#A5AFB9,11,2.0,0,0,0.255,0,0,0,0,0.0,11
1,2023,2023021,1,Haas F1 Team,22,MAG,Kevin Magnussen,20,#505050,20.0,77,-,-,0,1,-,-,-,-,-,-,-,-,-,-,,H,#A5AFB9,12,2.0,0,0,0.255,1,0,0,0,0.0,11
1,2023,2023021,1,Haas F1 Team,22,MAG,Kevin Magnussen,20,#505050,21.0,78,-,-,0,1,-,-,-,-,-,-,-,-,-,-,,H,#A5AFB9,13,2.0,0,0,0.255,0,0,0,0,0.0,11
1,2023,2023021,1,Haas F1 Team,22,MAG,Kevin Magnussen,20,#505050,22.0,79,96.88,96.88,0,0,-,-,-0.479,0.071,-0.514,22.0,-0.479,0.071,-0.514,22.0,-0.55,H,#A5AFB9,14,2.0,0,0,0.255,0,0,0,0,0.0,11
1,2023,2023021,1,Haas F1 Team,22,MAG,Kevin Magnussen,20,#505050,23.0,80,95.702,95.702,0,0,96.291,1.178,-0.125,-0.169,-0.041,25.0,-0.125,-0.169,-0.041,25.0,0.044,H,#A5AFB9,15,2.0,0,0,0.255,0,0,0,0,0.0,11
1,2023,2023021,1,Haas F1 Team,22,MAG,Kevin Magnussen,20,#505050,24.0,81,95.279,95.279,0,0,95.49,0.423,-0.025,0.503,-0.277,22.0,-0.025,0.503,-0.277,22.0,-0.528,H,#A5AFB9,16,2.0,0,0,0.255,0,0,0,0,0.0,11
1,2023,2023021,1,Haas F1 Team,22,MAG,Kevin Magnussen,20,#505050,25.0,82,96.317,95.411,1,0,95.345,1.038,-1.198,-0.426,-0.985,25.0,-0.292,0.480,-0.532,22.0,-0.772,H,#A5AFB9,17,2.0,0,0,0.255,0,0,0,0,0.0,11
1,2023,2023021,1,Haas F1 Team,22,MAG,Kevin Magnussen,20,#505050,26.0,83,95.544,95.544,0,0,95.478,0.773,-0.463,0.499,-0.713,22.0,-0.463,0.499,-0.713,22.0,-0.962,H,#A5AFB9,18,2.0,0,0,0.255,0,0,0,0,0.0,11
1,2023,2023021,1,Haas F1 Team,22,MAG,Kevin Magnussen,20,#505050,27.0,84,95.501,95.501,0,0,95.523,0.043,-0.55,0.737,-0.918,22.0,-0.550,0.737,-0.918,22.0,-1.287,H,#A5AFB9,19,2.0,0,0,0.255,0,0,0,0,0.0,11
1,2023,2023021,1,Haas F1 Team,22,MAG,Kevin Magnussen,20,#505050,28.0,85,95.564,95.564,0,0,95.532,0.063,-0.711,0.056,-0.739,22.0,-0.711,0.056,-0.739,22.0,-0.767,H,#A5AFB9,20,2.0,0,0,0.255,0,0,0,0,0.0,11
1,2023,2023021,1,Haas F1 Team,22,MAG,Kevin Magnussen,20,#505050,29.0,86,95.001,95.001,0,0,95.282,0.563,-0.397,0.175,-0.484,22.0,-0.397,0.175,-0.484,22.0,-0.572,H,#A5AFB9,21,2.0,0,0,0.255,0,0,0,0,0.0,11
1,2023,2023021,1,Haas F1 Team,22,MAG,Kevin Magnussen,20,#505050,30.0,87,95.139,95.139,0,0,95.07,0.138,-0.501,1.124,-1.063,22.0,-0.501,-0.032,-0.485,25.0,-1.625,H,#A5AFB9,22,2.0,0,0,0.255,0,0,0,0,0.0,11
1,2023,2023021,1,Haas F1 Team,22,MAG,Kevin Magnussen,20,#505050,31.0,88,95.057,95.057,0,0,95.098,0.082,-0.522,-0.019,-0.512,25.0,-0.522,-0.019,-0.512,25.0,-0.503,H,#A5AFB9,23,2.0,0,0,0.255,0,0,0,0,0.0,11
1,2023,2023021,1,Haas F1 Team,22,MAG,Kevin Magnussen,20,#505050,32.0,89,94.959,94.959,0,0,95.008,0.098,-0.455,0.409,-0.659,22.0,-0.455,0.409,-0.659,22.0,-0.864,H,#A5AFB9,24,2.0,0,1,0.255,0,0,0,0,0.0,11
1,2023,2023021,1,Haas F1 Team,22,MAG,Kevin Magnussen,20,#505050,33.0,90,94.402,94.402,0,0,94.68,0.557,0.005,0.626,-0.308,22.0,0.005,0.626,-0.308,22.0,-0.621,H,#A5AFB9,25,2.0,0,0,0.255,0,0,0,0,0.0,11
1,2023,2023021,1,Haas F1 Team,22,MAG,Kevin Magnussen,20,#505050,34.0,91,94.852,94.852,0,0,94.627,0.450,-0.433,0.626,-0.746,22.0,-0.433,0.168,-0.517,22.0,-1.059,H,#A5AFB9,26,2.0,0,0,0.255,0,0,0,0,0.0,11
1,2023,2023021,1,Haas F1 Team,22,MAG,Kevin Magnussen,20,#505050,35.0,92,95.659,94.757,1,0,94.804,0.807,-1.359,-0.646,-1.036,25.0,-0.457,0.256,-0.585,22.0,-0.713,H,#A5AFB9,27,2.0,0,0,0.255,0,0,0,0,0.0,11
1,2023,2023021,1,Haas F1 Team,22,MAG,Kevin Magnussen,20,#505050,36.0,93,94.662,94.662,0,0,94.71,0.997,-0.489,0.295,-0.637,22.0,-0.489,0.295,-0.637,22.0,-0.784,H,#A5AFB9,28,2.0,0,0,0.255,0,0,0,0,0.0,11
1,2023,2023021,1,Haas F1 Team,22,MAG,Kevin Magnussen,20,#505050,37.0,94,94.357,94.357,0,0,94.51,0.305,-0.179,0.452,-0.405,22.0,-0.179,0.452,-0.405,22.0,-0.631,H,#A5AFB9,29,2.0,0,0,0.255,0,0,0,0,0.0,11
1,2023,2023021,1,Haas F1 Team,22,MAG,Kevin Magnussen,20,#505050,38.0,95,94.047,94.047,0,0,94.202,0.310,0.089,-0.017,0.098,25.0,0.089,-0.017,0.098,25.0,0.106,H,#A5AFB9,30,2.0,0,0,0.255,0,0,0,0,0.0,11
1,2023,2023021,1,Haas F1 Team,22,MAG,Kevin Magnussen,20,#505050,39.0,96,94.189,94.189,0,0,94.118,0.142,-0.059,0.074,-0.096,22.0,-0.059,0.074,-0.096,22.0,-0.133,H,#A5AFB9,31,2.0,0,0,0.255,0,0,0,0,0.0,11
1,2023,2023021,1,Haas F1 Team,22,MAG,Kevin Magnussen,20,#505050,40.0,97,95.449,94.23,1,0,94.209,1.260,-1.338,-1.084,-0.796,25.0,-0.119,0.135,-0.186,22.0,-0.254,H,#A5AFB9,32,2.0,0,0,0.255,0,0,0,0,0.0,11
1,2023,2023021,1,Haas F1 Team,22,MAG,Kevin Magnussen,20,#505050,41.0,98,94.27,94.27,0,0,94.25,1.179,-0.172,-0.223,-0.060,25.0,-0.172,-0.223,-0.060,25.0,0.051,H,#A5AFB9,33,2.0,0,0,0.255,0,0,0,0,0.0,11
1,2023,2023021,1,Haas F1 Team,22,MAG,Kevin Magnussen,20,#505050,42.0,99,93.753,93.753,0,0,94.012,0.517,0.244,0.598,-0.055,22.0,0.244,0.598,-0.055,22.0,-0.354,H,#A5AFB9,34,2.0,0,0,0.255,0,0,0,0,0.0,11
1,2023,2023021,1,Haas F1 Team,22,MAG,Kevin Magnussen,20,#505050,43.0,100,94.108,94.108,0,0,93.93,0.355,-0.173,0.280,-0.313,22.0,-0.173,0.280,-0.313,22.0,-0.453,H,#A5AFB9,35,2.0,0,0,0.255,0,0,0,0,0.0,11
1,2023,2023021,1,Haas F1 Team,22,MAG,Kevin Magnussen,20,#505050,44.0,101,93.374,93.374,0,0,93.741,0.734,0.514,0.794,0.117,22.0,0.514,0.794,0.117,22.0,-0.28,H,#A5AFB9,36,2.0,0,0,0.255,0,0,0,0,0.0,11
1,2023,2023021,1,Haas F1 Team,22,MAG,Kevin Magnussen,20,#505050,45.0,102,94.134,94.134,0,0,93.754,0.760,-0.221,0.688,-0.565,22.0,-0.221,0.190,-0.316,22.0,-0.909,H,#A5AFB9,37,2.0,0,0,0.255,0,0,0,0,1.0,10
1,2023,2023021,1,Haas F1 Team,22,MAG,Kevin Magnussen,20,#505050,46.0,103,95.329,93.983,1,0,94.059,1.195,-1.447,-0.848,-1.023,25.0,-0.102,0.497,-0.350,22.0,-0.599,H,#A5AFB9,38,2.0,0,0,0.255,0,0,0,0,0.0,10
1,2023,2023021,1,Haas F1 Team,22,MAG,Kevin Magnussen,20,#505050,47.0,104,93.833,93.833,0,0,93.908,1.496,0.052,0.593,-0.244,22.0,0.052,0.593,-0.244,22.0,-0.541,H,#A5AFB9,39,2.0,0,0,0.255,0,0,0,0,0.0,10
1,2023,2023021,1,Haas F1 Team,22,MAG,Kevin Magnussen,20,#505050,48.0,105,93.829,93.829,0,0,93.831,0.004,0.04,0.197,-0.058,22.0,0.040,0.197,-0.058,22.0,-0.157,H,#A5AFB9,40,2.0,0,0,0.255,0,0,0,0,0.0,10
1,2023,2023021,1,Haas F1 Team,22,MAG,Kevin Magnussen,20,#505050,49.0,106,93.746,93.746,0,0,93.788,0.083,0.009,0.360,-0.171,22.0,0.009,0.360,-0.171,22.0,-0.351,H,#A5AFB9,41,2.0,0,0,0.255,0,0,0,0,0.0,10
1,2023,2023021,1,Haas F1 Team,22,MAG,Kevin Magnussen,20,#505050,50.0,107,94.043,94.043,0,0,93.894,0.297,-0.162,-0.263,-0.030,25.0,-0.162,-0.263,-0.030,25.0,0.101,H,#A5AFB9,42,2.0,0,0,0.255,0,0,0,0,0.0,10
1,2023,2023021,1,Haas F1 Team,25,HUL,Nico Hulkenberg,27,#505050,1.0,58,-,-,0,1,-,-,-,-,-,-,-,-,-,-,,M,#F0E628,1,1.0,0,0,0.283,0,0,0,0,,12
1,2023,2023021,1,Haas F1 Team,25,HUL,Nico Hulkenberg,27,#505050,2.0,59,-,-,0,1,-,-,-,-,-,-,-,-,-,-,,M,#F0E628,2,1.0,0,0,0.283,0,0,0,0,0.0,12
1,2023,2023021,1,Haas F1 Team,25,HUL,Nico Hulkenberg,27,#505050,3.0,60,96.538,96.538,0,0,-,-,-0.365,-0.258,-0.494,25.0,-0.365,-0.258,-0.494,25.0,-0.623,M,#F0E628,3,1.0,0,0,0.283,0,0,0,0,0.0,12
1,2023,2023021,1,Haas F1 Team,25,HUL,Nico Hulkenberg,27,#505050,4.0,61,97.593,96.646,1,0,96.592,1.055,-1.396,0.495,-1.149,22.0,-0.448,-0.453,-0.674,25.0,-0.901,M,#F0E628,4,1.0,0,0,0.283,0,0,0,0,-1.0,13
1,2023,2023021,1,Haas F1 Team,25,HUL,Nico Hulkenberg,27,#505050,5.0,62,96.753,96.753,0,0,96.699,0.840,-0.669,-0.545,-0.942,25.0,-0.669,-0.545,-0.942,25.0,-1.214,M,#F0E628,5,1.0,0,0,0.283,0,0,0,0,0.0,13
1,2023,2023021,1,Haas F1 Team,25,HUL,Nico Hulkenberg,27,#505050,6.0,63,96.095,96.095,0,0,96.424,0.658,-0.099,-0.915,-0.556,25.0,-0.099,-0.915,-0.556,25.0,-1.014,M,#F0E628,6,1.0,0,1,0.283,0,0,0,0,1.0,12
1,2023,2023021,1,Haas F1 Team,25,HUL,Nico Hulkenberg,27,#505050,7.0,64,96.398,96.398,0,0,96.246,0.303,-0.392,0.094,-0.345,22.0,-0.392,0.094,-0.345,22.0,-0.298,M,#F0E628,7,1.0,0,0,0.283,0,0,0,0,0.0,12
1,2023,2023021,1,Haas F1 Team,25,HUL,Nico Hulkenberg,27,#505050,8.0,65,96.282,96.282,0,0,96.34,0.116,-0.208,-,-,-,-0.208,-,-,-,,M,#F0E628,8,1.0,0,0,0.283,0,0,0,0,0.0,12
1,2023,2023021,1,Haas F1 Team,25,HUL,Nico Hulkenberg,27,#505050,9.0,66,96.613,96.613,0,0,96.447,0.331,-0.737,-,-,-,-0.737,-,-,-,,M,#F0E628,9,1.0,0,0,0.283,0,0,0,0,0.0,12
1,2023,2023021,1,Haas F1 Team,25,HUL,Nico Hulkenberg,27,#505050,10.0,67,96.166,96.166,0,0,96.39,0.447,-0.337,0.332,-0.171,22.0,-0.337,0.332,-0.171,22.0,-0.005,M,#F0E628,10,1.0,0,0,0.283,0,0,0,0,0.0,12
1,2023,2023021,1,Haas F1 Team,25,HUL,Nico Hulkenberg,27,#505050,11.0,68,-,-,0,1,-,-,-,-,-,-,-,-,-,-,-0.011,M,#F0E628,11,1.0,1,0,0.283,0,0,0,0,0.0,13
1,2023,2023021,1,Haas F1 Team,25,HUL,Nico Hulkenberg,27,#505050,12.0,69,-,-,0,1,-,-,-,-,-,-,-,-,-,-,0.006,H,#A5AFB9,1,2.0,0,0,0.216,0,0,0,0,0.0,16
1,2023,2023021,1,Haas F1 Team,25,HUL,Nico Hulkenberg,27,#505050,13.0,70,95.892,95.892,0,0,-,-,-0.24,0.340,-0.070,22.0,-0.240,0.340,-0.070,22.0,0.1,H,#A5AFB9,2,2.0,0,0,0.216,0,0,0,0,-1.0,17
1,2023,2023021,1,Haas F1 Team,25,HUL,Nico Hulkenberg,27,#505050,14.0,71,96.821,95.948,1,0,95.92,0.929,-1.255,1.622,-0.444,22.0,-0.382,0.749,-0.007,22.0,0.367,H,#A5AFB9,3,2.0,0,0,0.216,0,0,0,0,0.0,17
1,2023,2023021,1,Haas F1 Team,25,HUL,Nico Hulkenberg,27,#505050,15.0,72,96.004,96.004,0,0,95.976,0.817,-0.369,0.825,0.043,22.0,-0.369,0.825,0.043,22.0,0.456,H,#A5AFB9,4,2.0,0,0,0.216,0,0,0,0,0.0,17
1,2023,2023021,1,Haas F1 Team,25,HUL,Nico Hulkenberg,27,#505050,16.0,73,95.932,95.932,0,0,95.968,0.072,-0.228,0.371,-0.043,22.0,-0.228,0.371,-0.043,22.0,0.143,H,#A5AFB9,5,2.0,0,0,0.216,0,0,0,0,0.0,17
1,2023,2023021,1,Haas F1 Team,25,HUL,Nico Hulkenberg,27,#505050,17.0,74,-,-,0,1,-,-,-,-,-,-,-,-,-,-,,H,#A5AFB9,6,2.0,0,0,0.216,0,1,0,0,0.0,16
1,2023,2023021,1,Haas F1 Team,25,HUL,Nico Hulkenberg,27,#505050,18.0,75,-,-,0,1,-,-,-,-,-,-,-,-,-,-,,H,#A5AFB9,7,2.0,0,0,0.216,0,0,0,0,0.0,15
1,2023,2023021,1,Haas F1 Team,25,HUL,Nico Hulkenberg,27,#505050,19.0,76,-,-,0,1,-,-,-,-,-,-,-,-,-,-,,H,#A5AFB9,8,2.0,0,0,0.216,0,0,0,0,0.0,13
1,2023,2023021,1,Haas F1 Team,25,HUL,Nico Hulkenberg,27,#505050,20.0,77,-,-,0,1,-,-,-,-,-,-,-,-,-,-,,H,#A5AFB9,9,2.0,0,0,0.216,1,0,0,0,0.0,13
1,2023,2023021,1,Haas F1 Team,25,HUL,Nico Hulkenberg,27,#505050,21.0,78,-,-,0,1,-,-,-,-,-,-,-,-,-,-,,H,#A5AFB9,10,2.0,0,0,0.216,0,0,0,0,0.0,12
1,2023,2023021,1,Haas F1 Team,25,HUL,Nico Hulkenberg,27,#505050,22.0,79,96.951,96.951,0,0,-,-,-0.55,0.071,-0.514,22.0,-0.550,0.071,-0.514,22.0,-0.479,H,#A5AFB9,11,2.0,0,0,0.216,0,0,0,0,0.0,12
1,2023,2023021,1,Haas F1 Team,25,HUL,Nico Hulkenberg,27,#505050,23.0,80,95.533,95.533,0,0,96.242,1.418,0.044,-0.169,-0.041,25.0,0.044,-0.169,-0.041,25.0,-0.125,H,#A5AFB9,12,2.0,0,0,0.216,0,0,0,0,0.0,12
1,2023,2023021,1,Haas F1 Team,25,HUL,Nico Hulkenberg,27,#505050,24.0,81,95.782,95.782,0,0,95.658,0.249,-0.528,0.503,-0.277,22.0,-0.528,0.503,-0.277,22.0,-0.025,H,#A5AFB9,13,2.0,0,0,0.216,0,0,0,0,0.0,12
1,2023,2023021,1,Haas F1 Team,25,HUL,Nico Hulkenberg,27,#505050,25.0,82,95.891,95.891,0,0,95.836,0.109,-0.772,-0.426,-0.985,25.0,-0.772,0.480,-0.532,22.0,-1.198,H,#A5AFB9,14,2.0,0,0,0.216,0,0,0,0,0.0,12
1,2023,2023021,1,Haas F1 Team,25,HUL,Nico Hulkenberg,27,#505050,26.0,83,96.043,96.043,0,0,95.967,0.152,-0.962,0.499,-0.713,22.0,-0.962,0.499,-0.713,22.0,-0.463,H,#A5AFB9,15,2.0,0,0,0.216,0,0,0,0,0.0,12
1,2023,2023021,1,Haas F1 Team,25,HUL,Nico Hulkenberg,27,#505050,27.0,84,96.238,96.238,0,0,96.14,0.195,-1.287,0.737,-0.918,22.0,-1.287,0.737,-0.918,22.0,-0.55,H,#A5AFB9,16,2.0,0,0,0.216,0,0,0,0,0.0,12
1,2023,2023021,1,Haas F1 Team,25,HUL,Nico Hulkenberg,27,#505050,28.0,85,95.62,95.62,0,0,95.929,0.618,-0.767,0.056,-0.739,22.0,-0.767,0.056,-0.739,22.0,-0.711,H,#A5AFB9,17,2.0,0,0,0.216,0,0,0,0,0.0,12
1,2023,2023021,1,Haas F1 Team,25,HUL,Nico Hulkenberg,27,#505050,29.0,86,95.176,95.176,0,0,95.398,0.444,-0.572,0.175,-0.484,22.0,-0.572,0.175,-0.484,22.0,-0.397,H,#A5AFB9,18,2.0,0,0,0.216,0,0,0,0,0.0,12
1,2023,2023021,1,Haas F1 Team,25,HUL,Nico Hulkenberg,27,#505050,30.0,87,96.263,95.107,1,0,95.142,1.087,-1.625,1.124,-1.063,22.0,-0.469,-0.032,-0.485,25.0,-0.501,H,#A5AFB9,19,2.0,0,0,0.216,0,0,0,0,0.0,12
1,2023,2023021,1,Haas F1 Team,25,HUL,Nico Hulkenberg,27,#505050,31.0,88,95.038,95.038,0,0,95.072,1.225,-0.503,-0.019,-0.512,25.0,-0.503,-0.019,-0.512,25.0,-0.522,H,#A5AFB9,20,2.0,0,0,0.216,0,0,0,0,0.0,12
1,2023,2023021,1,Haas F1 Team,25,HUL,Nico Hulkenberg,27,#505050,32.0,89,95.368,95.368,0,0,95.203,0.330,-0.864,0.409,-0.659,22.0,-0.864,0.409,-0.659,22.0,-0.455,H,#A5AFB9,21,2.0,0,0,0.216,0,0,0,0,0.0,12
1,2023,2023021,1,Haas F1 Team,25,HUL,Nico Hulkenberg,27,#505050,33.0,90,95.028,95.028,0,0,95.198,0.340,-0.621,0.626,-0.308,22.0,-0.621,0.626,-0.308,22.0,0.005,H,#A5AFB9,22,2.0,0,0,0.216,0,0,0,0,0.0,12
1,2023,2023021,1,Haas F1 Team,25,HUL,Nico Hulkenberg,27,#505050,34.0,91,95.478,95.02,1,0,95.024,0.450,-1.059,0.626,-0.746,22.0,-0.601,0.168,-0.517,22.0,-0.433,H,#A5AFB9,23,2.0,0,1,0.216,0,0,0,0,0.0,12
1,2023,2023021,1,Haas F1 Team,25,HUL,Nico Hulkenberg,27,#505050,35.0,92,95.013,95.013,0,0,95.017,0.465,-0.713,-0.646,-1.036,25.0,-0.713,0.256,-0.585,22.0,-1.359,H,#A5AFB9,24,2.0,0,0,0.216,0,0,0,0,0.0,12
1,2023,2023021,1,Haas F1 Team,25,HUL,Nico Hulkenberg,27,#505050,36.0,93,94.957,94.957,0,0,94.985,0.056,-0.784,0.295,-0.637,22.0,-0.784,0.295,-0.637,22.0,-0.489,H,#A5AFB9,25,2.0,0,0,0.216,0,0,0,0,0.0,12
1,2023,2023021,1,Haas F1 Team,25,HUL,Nico Hulkenberg,27,#505050,37.0,94,94.809,94.809,0,0,94.883,0.148,-0.631,0.452,-0.405,22.0,-0.631,0.452,-0.405,22.0,-0.179,H,#A5AFB9,26,2.0,0,0,0.216,0,0,0,0,0.0,12
1,2023,2023021,1,Haas F1 Team,25,HUL,Nico Hulkenberg,27,#505050,38.0,95,94.03,94.03,0,0,94.42,0.779,0.106,-0.017,0.098,25.0,0.106,-0.017,0.098,25.0,0.089,H,#A5AFB9,27,2.0,0,0,0.216,0,0,0,0,0.0,12
1,2023,2023021,1,Haas F1 Team,25,HUL,Nico Hulkenberg,27,#505050,39.0,96,94.263,94.263,0,0,94.146,0.233,-0.133,0.074,-0.096,22.0,-0.133,0.074,-0.096,22.0,-0.059,H,#A5AFB9,28,2.0,0,0,0.216,0,0,0,0,0.0,12
1,2023,2023021,1,Haas F1 Team,25,HUL,Nico Hulkenberg,27,#505050,40.0,97,94.365,94.365,0,0,94.314,0.102,-0.254,-1.084,-0.796,25.0,-0.254,0.135,-0.186,22.0,-1.338,H,#A5AFB9,29,2.0,0,0,0.216,0,0,0,0,0.0,12
1,2023,2023021,1,Haas F1 Team,25,HUL,Nico Hulkenberg,27,#505050,41.0,98,94.047,94.047,0,0,94.206,0.318,0.051,-0.223,-0.060,25.0,0.051,-0.223,-0.060,25.0,-0.172,H,#A5AFB9,30,2.0,0,0,0.216,0,0,0,0,0.0,12
1,2023,2023021,1,Haas F1 Team,25,HUL,Nico Hulkenberg,27,#505050,42.0,99,94.351,94.351,0,0,94.199,0.304,-0.354,0.598,-0.055,22.0,-0.354,0.598,-0.055,22.0,0.244,H,#A5AFB9,31,2.0,0,0,0.216,0,0,0,0,0.0,12
1,2023,2023021,1,Haas F1 Team,25,HUL,Nico Hulkenberg,27,#505050,43.0,100,94.388,94.388,0,0,94.37,0.037,-0.453,0.280,-0.313,22.0,-0.453,0.280,-0.313,22.0,-0.173,H,#A5AFB9,32,2.0,0,0,0.216,0,0,0,0,0.0,12
1,2023,2023021,1,Haas F1 Team,25,HUL,Nico Hulkenberg,27,#505050,44.0,101,94.168,94.168,0,0,94.278,0.220,-0.28,0.794,0.117,22.0,-0.280,0.794,0.117,22.0,0.514,H,#A5AFB9,33,2.0,0,0,0.216,0,0,0,0,0.0,12
1,2023,2023021,1,Haas F1 Team,25,HUL,Nico Hulkenberg,27,#505050,45.0,102,94.822,94.324,1,0,94.246,0.654,-0.909,0.688,-0.565,22.0,-0.411,0.190,-0.316,22.0,-0.221,H,#A5AFB9,34,2.0,0,0,0.216,0,0,0,0,0.0,12
1,2023,2023021,1,Haas F1 Team,25,HUL,Nico Hulkenberg,27,#505050,46.0,103,94.481,94.481,0,0,94.403,0.341,-0.599,-0.848,-1.023,25.0,-0.599,0.497,-0.350,22.0,-1.447,H,#A5AFB9,35,2.0,0,0,0.216,0,0,0,0,0.0,12
1,2023,2023021,1,Haas F1 Team,25,HUL,Nico Hulkenberg,27,#505050,47.0,104,94.426,94.426,0,0,94.453,0.055,-0.541,0.593,-0.244,22.0,-0.541,0.593,-0.244,22.0,0.052,H,#A5AFB9,36,2.0,0,0,0.216,0,0,0,0,0.0,12
1,2023,2023021,1,Haas F1 Team,25,HUL,Nico Hulkenberg,27,#505050,48.0,105,94.026,94.026,0,0,94.226,0.400,-0.157,0.197,-0.058,22.0,-0.157,0.197,-0.058,22.0,0.04,H,#A5AFB9,37,2.0,0,0,0.216,0,0,0,0,0.0,12
1,2023,2023021,1,Haas F1 Team,25,HUL,Nico Hulkenberg,27,#505050,49.0,106,94.106,94.106,0,0,94.066,0.080,-0.351,0.360,-0.171,22.0,-0.351,0.360,-0.171,22.0,0.009,H,#A5AFB9,38,2.0,0,0,0.216,0,0,0,0,0.0,12
1,2023,2023021,1,Haas F1 Team,25,HUL,Nico Hulkenberg,27,#505050,50.0,107,93.78,93.78,0,0,93.943,0.326,0.101,-0.263,-0.030,25.0,0.101,-0.263,-0.030,25.0,-0.162,H,#A5AFB9,39,2.0,0,0,0.216,0,0,0,0,0.0,12
1,2023,2023031,2,Haas F1 Team,22,MAG,Kevin Magnussen,20,#505050,1.0,108,-,-,0,1,-,-,-,-,-,-,-,-,-,-,,M,#F0E628,1,1.0,0,0,0.549,0,1,0,0,,12
1,2023,2023031,2,Haas F1 Team,22,MAG,Kevin Magnussen,20,#505050,2.0,109,-,-,0,1,-,-,-,-,-,-,-,-,-,-,,M,#F0E628,2,1.0,0,0,0.549,0,0,0,0,0.0,12
1,2023,2023031,2,Haas F1 Team,22,MAG,Kevin Magnussen,20,#505050,3.0,110,-,-,0,1,-,-,-,-,-,-,-,-,-,-,,M,#F0E628,3,1.0,0,0,0.549,1,0,0,0,0.0,12
1,2023,2023031,2,Haas F1 Team,22,MAG,Kevin Magnussen,20,#505050,4.0,111,-,-,0,1,-,-,-,-,-,-,-,-,-,-,,M,#F0E628,4,1.0,0,0,0.549,0,0,0,0,0.0,12
1,2023,2023031,2,Haas F1 Team,22,MAG,Kevin Magnussen,20,#505050,5.0,112,85.054,85.054,0,0,-,-,-,-,-,-,-,-,-,-,,M,#F0E628,5,1.0,0,1,0.549,0,0,0,0,0.0,12
1,2023,2023031,2,Haas F1 Team,22,MAG,Kevin Magnussen,20,#505050,6.0,113,83.956,83.956,0,0,84.505,1.098,-,-,-,-,-,-,-,-,,M,#F0E628,6,1.0,0,0,0.549,0,0,0,0,0.0,12
1,2023,2023031,2,Haas F1 Team,22,MAG,Kevin Magnussen,20,#505050,7.0,114,-,-,0,1,-,-,-,-,-,-,-,-,-,-,,M,#F0E628,7,1.0,1,0,0.549,0,1,0,0,0.0,18
1,2023,2023031,2,Haas F1 Team,22,MAG,Kevin Magnussen,20,#505050,8.0,115,-,-,0,1,-,-,-,-,-,-,-,-,-,-,,H,#A5AFB9,1,2.0,1,0,-,1,0,0,0,0.0,18
1,2023,2023031,2,Haas F1 Team,22,MAG,Kevin Magnussen,20,#505050,9.0,116,-,-,0,1,-,-,-,-,-,-,-,-,-,-,,H,#A5AFB9,2,3.0,0,0,0.352,0,0,0,0,0.0,18
1,2023,2023031,2,Haas F1 Team,22,MAG,Kevin Magnussen,20,#505050,10.0,117,92.162,92.162,0,0,-,-,0.858,-1.898,1.807,25.0,0.858,-1.898,1.807,25.0,2.756,H,#A5AFB9,3,3.0,0,0,0.352,0,0,0,0,4.0,14
1,2023,2023031,2,Haas F1 Team,22,MAG,Kevin Magnussen,20,#505050,11.0,118,85.389,85.389,0,0,88.776,6.773,-0.372,-0.566,-0.089,25.0,-0.372,-0.566,-0.089,25.0,0.194,H,#A5AFB9,4,3.0,0,0,0.352,0,0,0,0,0.0,14
1,2023,2023031,2,Haas F1 Team,22,MAG,Kevin Magnussen,20,#505050,12.0,119,83.863,83.863,0,0,84.626,1.526,-0.2,-0.602,0.101,25.0,-0.200,-0.602,0.101,25.0,0.402,H,#A5AFB9,5,3.0,0,0,0.352,0,0,0,0,0.0,14
1,2023,2023031,2,Haas F1 Team,22,MAG,Kevin Magnussen,20,#505050,13.0,120,83.538,83.538,0,0,83.7,0.325,-0.128,0.181,-0.218,22.0,-0.128,0.181,-0.218,22.0,-0.309,H,#A5AFB9,6,3.0,0,0,0.352,0,0,0,0,0.0,14
1,2023,2023031,2,Haas F1 Team,22,MAG,Kevin Magnussen,20,#505050,14.0,121,83.519,83.519,0,0,83.529,0.019,-0.078,0.610,-0.383,22.0,-0.078,0.610,-0.383,22.0,-0.688,H,#A5AFB9,7,3.0,0,0,0.352,0,0,0,0,0.0,14
1,2023,2023031,2,Haas F1 Team,22,MAG,Kevin Magnussen,20,#505050,15.0,122,85.158,84.103,1,0,83.811,1.639,-1.639,-2.148,-0.565,25.0,-0.584,-1.093,-0.037,25.0,0.509,H,#A5AFB9,8,3.0,0,0,0.352,0,0,0,0,-1.0,15
1,2023,2023031,2,Haas F1 Team,22,MAG,Kevin Magnussen,20,#505050,16.0,123,84.687,84.687,0,0,84.395,0.471,-1.202,-1.863,-0.270,25.0,-1.202,-1.863,-0.270,25.0,0.661,H,#A5AFB9,9,3.0,0,0,0.352,0,0,0,0,0.0,15
1,2023,2023031,2,Haas F1 Team,22,MAG,Kevin Magnussen,20,#505050,17.0,124,83.574,83.574,0,0,84.13,1.113,0.265,0.126,0.202,22.0,0.265,0.126,0.202,22.0,0.139,H,#A5AFB9,10,3.0,0,0,0.352,0,0,0,0,0.0,15
1,2023,2023031,2,Haas F1 Team,22,MAG,Kevin Magnussen,20,#505050,18.0,125,-,-,0,1,-,-,-,-,-,-,-,-,-,-,,H,#A5AFB9,11,3.0,0,0,0.352,0,0,0,1,0.0,14
1,2023,2023031,2,Haas F1 Team,22,MAG,Kevin Magnussen,20,#505050,19.0,126,-,-,0,1,-,-,-,-,-,-,-,-,-,-,,H,#A5AFB9,12,3.0,0,0,0.352,0,0,1,0,0.0,14
1,2023,2023031,2,Haas F1 Team,22,MAG,Kevin Magnussen,20,#505050,20.0,127,83.584,83.584,0,0,-,-,-0.499,-0.971,-0.013,25.0,-0.499,-0.971,-0.013,25.0,0.472,H,#A5AFB9,13,3.0,0,0,0.352,0,0,0,0,0.0,14
1,2023,2023031,2,Haas F1 Team,22,MAG,Kevin Magnussen,20,#505050,21.0,128,83.425,83.425,0,0,83.504,0.159,-0.396,-0.744,-0.024,25.0,-0.396,-0.744,-0.024,25.0,0.348,H,#A5AFB9,14,3.0,0,0,0.352,0,0,0,0,0.0,14
1,2023,2023031,2,Haas F1 Team,22,MAG,Kevin Magnussen,20,#505050,22.0,129,83.387,83.387,0,0,83.406,0.038,-0.322,-0.762,0.059,25.0,-0.322,-0.762,0.059,25.0,0.44,H,#A5AFB9,15,3.0,0,0,0.352,0,0,0,0,0.0,14
1,2023,2023031,2,Haas F1 Team,22,MAG,Kevin Magnussen,20,#505050,23.0,130,83.313,83.313,0,0,83.35,0.074,-0.259,-0.723,0.102,25.0,-0.259,-0.723,0.102,25.0,0.464,H,#A5AFB9,16,3.0,0,0,0.352,0,0,0,0,0.0,14
1,2023,2023031,2,Haas F1 Team,22,MAG,Kevin Magnussen,20,#505050,24.0,131,83.043,83.043,0,0,83.178,0.270,0.002,-0.404,0.204,25.0,0.002,-0.404,0.204,25.0,0.406,H,#A5AFB9,17,3.0,0,0,0.352,0,0,0,0,0.0,14
1,2023,2023031,2,Haas F1 Team,22,MAG,Kevin Magnussen,20,#505050,25.0,132,83.216,83.216,0,0,83.13,0.173,-0.137,-0.149,-0.062,25.0,-0.137,-0.149,-0.062,25.0,0.012,H,#A5AFB9,18,3.0,0,0,0.352,0,0,0,0,0.0,14
1,2023,2023031,2,Haas F1 Team,22,MAG,Kevin Magnussen,20,#505050,26.0,133,83.235,83.235,0,0,83.226,0.019,-0.275,-0.756,0.103,25.0,-0.275,-0.756,0.103,25.0,0.481,H,#A5AFB9,19,3.0,0,0,0.352,0,0,0,0,0.0,14
1,2023,2023031,2,Haas F1 Team,22,MAG,Kevin Magnussen,20,#505050,27.0,134,82.554,82.554,0,0,82.894,0.681,0.106,-0.333,0.273,25.0,0.106,-0.333,0.273,25.0,0.439,H,#A5AFB9,20,3.0,0,0,0.352,0,0,0,0,0.0,14
1,2023,2023031,2,Haas F1 Team,22,MAG,Kevin Magnussen,20,#505050,28.0,135,83.442,82.571,1,0,82.562,0.888,-0.848,-1.109,-0.293,25.0,0.023,-0.238,0.142,25.0,0.261,H,#A5AFB9,21,3.0,0,0,0.352,0,0,0,0,0.0,14
1,2023,2023031,2,Haas F1 Team,22,MAG,Kevin Magnussen,20,#505050,29.0,136,82.587,82.587,0,0,82.579,0.855,0.011,-0.364,0.193,25.0,0.011,-0.364,0.193,25.0,0.375,H,#A5AFB9,22,3.0,0,0,0.352,0,0,0,0,0.0,14
1,2023,2023031,2,Haas F1 Team,22,MAG,Kevin Magnussen,20,#505050,30.0,137,83.476,83.476,0,0,83.032,0.889,-0.742,-0.805,-0.340,25.0,-0.742,-0.805,-0.340,25.0,0.063,H,#A5AFB9,23,3.0,0,0,0.352,0,0,0,0,0.0,14
1,2023,2023031,2,Haas F1 Team,22,MAG,Kevin Magnussen,20,#505050,31.0,138,84.146,83.505,1,0,83.49,0.670,-1.448,-1.749,-0.574,25.0,-0.807,-1.108,-0.253,25.0,0.301,H,#A5AFB9,24,3.0,0,0,0.352,0,0,0,0,0.0,14
1,2023,2023031,2,Haas F1 Team,22,MAG,Kevin Magnussen,20,#505050,32.0,139,83.534,83.534,0,0,83.52,0.612,-0.916,-1.446,-0.193,25.0,-0.916,-1.446,-0.193,25.0,0.53,H,#A5AFB9,25,3.0,0,1,0.352,0,0,0,0,0.0,14
1,2023,2023031,2,Haas F1 Team,22,MAG,Kevin Magnussen,20,#505050,33.0,140,82.592,82.592,0,0,83.063,0.942,-0.128,-0.848,0.296,25.0,-0.128,-0.848,0.296,25.0,0.72,H,#A5AFB9,26,3.0,0,0,0.352,0,0,0,0,0.0,14
1,2023,2023031,2,Haas F1 Team,22,MAG,Kevin Magnussen,20,#505050,34.0,141,83.295,83.295,0,0,82.944,0.703,-0.665,-1.103,-0.114,25.0,-0.665,-1.103,-0.114,25.0,0.438,H,#A5AFB9,27,3.0,0,0,0.352,0,0,0,0,0.0,14
1,2023,2023031,2,Haas F1 Team,22,MAG,Kevin Magnussen,20,#505050,35.0,142,84.159,83.051,1,0,83.173,0.864,-1.539,-1.918,-0.580,25.0,-0.431,-0.810,-0.026,25.0,0.379,H,#A5AFB9,28,3.0,0,0,0.352,0,0,0,0,1.0,13
1,2023,2023031,2,Haas F1 Team,22,MAG,Kevin Magnussen,20,#505050,36.0,143,82.807,82.807,0,0,82.929,1.352,-0.359,-0.666,-0.026,25.0,-0.359,-0.666,-0.026,25.0,0.307,H,#A5AFB9,29,3.0,0,0,0.352,0,0,0,0,1.0,12
1,2023,2023031,2,Haas F1 Team,22,MAG,Kevin Magnussen,20,#505050,37.0,144,83.212,83.212,0,0,83.01,0.405,-0.933,-1.243,-0.311,25.0,-0.933,-1.243,-0.311,25.0,0.31,H,#A5AFB9,30,3.0,0,0,0.352,0,0,0,0,0.0,12
1,2023,2023031,2,Haas F1 Team,22,MAG,Kevin Magnussen,20,#505050,38.0,145,82.647,82.647,0,0,82.93,0.565,-0.352,-0.450,-0.127,25.0,-0.352,-0.450,-0.127,25.0,0.098,H,#A5AFB9,31,3.0,0,0,0.352,0,0,0,0,0.0,12
1,2023,2023031,2,Haas F1 Team,22,MAG,Kevin Magnussen,20,#505050,39.0,146,82.484,82.484,0,0,82.566,0.163,-0.331,-0.632,-0.015,25.0,-0.331,-0.632,-0.015,25.0,0.301,H,#A5AFB9,32,3.0,0,0,0.352,0,0,0,0,0.0,12
1,2023,2023031,2,Haas F1 Team,22,MAG,Kevin Magnussen,20,#505050,40.0,147,82.141,82.141,0,0,82.312,0.343,-0.087,-0.548,0.187,25.0,-0.087,-0.548,0.187,25.0,0.461,H,#A5AFB9,33,3.0,0,0,0.352,0,0,0,0,0.0,12
1,2023,2023031,2,Haas F1 Team,22,MAG,Kevin Magnussen,20,#505050,41.0,148,82.774,82.336,1,0,82.238,0.633,-0.823,-0.781,-0.432,25.0,-0.385,-0.343,-0.213,25.0,-0.042,H,#A5AFB9,34,3.0,0,0,0.352,0,0,0,0,0.0,12
1,2023,2023031,2,Haas F1 Team,22,MAG,Kevin Magnussen,20,#505050,42.0,149,82.53,82.53,0,0,82.433,0.244,-0.593,-1.092,-0.047,25.0,-0.593,-1.092,-0.047,25.0,0.499,H,#A5AFB9,35,3.0,0,0,0.352,0,0,0,0,0.0,12
1,2023,2023031,2,Haas F1 Team,22,MAG,Kevin Magnussen,20,#505050,43.0,150,82.209,82.209,0,0,82.37,0.321,-0.466,-0.679,-0.127,25.0,-0.466,-0.679,-0.127,25.0,0.213,H,#A5AFB9,36,3.0,0,0,0.352,0,0,0,0,0.0,12
1,2023,2023031,2,Haas F1 Team,22,MAG,Kevin Magnussen,20,#505050,44.0,151,82.164,82.164,0,0,82.186,0.045,-0.531,0.870,-0.966,22.0,-0.531,-0.696,-0.183,25.0,-1.401,H,#A5AFB9,37,3.0,0,0,0.352,0,0,0,0,0.0,12
1,2023,2023031,2,Haas F1 Team,22,MAG,Kevin Magnussen,20,#505050,45.0,152,81.963,81.963,0,0,82.064,0.201,-0.442,-0.557,-0.164,25.0,-0.442,-0.557,-0.164,25.0,0.115,H,#A5AFB9,38,3.0,0,0,0.352,0,0,0,0,0.0,12
1,2023,2023031,2,Haas F1 Team,22,MAG,Kevin Magnussen,20,#505050,46.0,153,81.792,81.792,0,0,81.878,0.171,-0.384,-0.668,-0.050,25.0,-0.384,-0.668,-0.050,25.0,0.284,H,#A5AFB9,39,3.0,0,0,0.352,0,0,0,0,0.0,12
1,2023,2023031,2,Haas F1 Team,22,MAG,Kevin Magnussen,20,#505050,47.0,154,81.919,81.919,0,0,81.856,0.127,-0.374,-0.375,-0.186,25.0,-0.374,-0.375,-0.186,25.0,0.001,H,#A5AFB9,40,3.0,0,0,0.352,0,0,0,0,0.0,12
1,2023,2023031,2,Haas F1 Team,22,MAG,Kevin Magnussen,20,#505050,48.0,155,81.972,81.972,0,0,81.946,0.053,-0.257,-0.106,-0.204,25.0,-0.257,-0.106,-0.204,25.0,-0.151,H,#A5AFB9,41,3.0,0,0,0.352,0,0,0,0,0.0,12
1,2023,2023031,2,Haas F1 Team,22,MAG,Kevin Magnussen,20,#505050,49.0,156,81.963,81.963,0,0,81.968,0.009,-0.432,-0.021,-0.421,25.0,-0.432,-0.021,-0.421,25.0,-0.411,H,#A5AFB9,42,3.0,0,0,0.352,0,0,0,0,0.0,12
1,2023,2023031,2,Haas F1 Team,22,MAG,Kevin Magnussen,20,#505050,50.0,157,81.978,81.978,0,0,81.97,0.015,-0.564,-0.106,-0.511,25.0,-0.564,-0.106,-0.511,25.0,-0.458,H,#A5AFB9,43,3.0,0,0,0.352,0,0,0,0,0.0,12
1,2023,2023031,2,Haas F1 Team,22,MAG,Kevin Magnussen,20,#505050,51.0,158,82.575,81.832,1,0,81.905,0.597,-1.113,1.905,-2.066,22.0,-0.370,0.401,-0.571,22.0,-3.018,H,#A5AFB9,44,3.0,0,0,0.352,0,0,0,0,0.0,12
1,2023,2023031,2,Haas F1 Team,22,MAG,Kevin Magnussen,20,#505050,52.0,159,81.685,81.685,0,0,81.758,0.890,-0.257,0.908,-0.711,22.0,-0.257,0.908,-0.711,22.0,-1.165,H,#A5AFB9,45,3.0,0,0,0.352,0,0,0,0,0.0,12
1,2023,2023031,2,Haas F1 Team,22,MAG,Kevin Magnussen,20,#505050,53.0,160,-,-,0,1,-,-,-,-,-,-,-,-,-,-,-0.797,H,#A5AFB9,46,3.0,0,0,0.352,0,1,0,0,,-
1,2023,2023031,2,Haas F1 Team,25,HUL,Nico Hulkenberg,27,#505050,1.0,108,-,-,0,1,-,-,-,-,-,-,-,-,-,-,,M,#F0E628,1,1.0,0,0,0.378,0,1,0,0,,9
1,2023,2023031,2,Haas F1 Team,25,HUL,Nico Hulkenberg,27,#505050,2.0,109,-,-,0,1,-,-,-,-,-,-,-,-,-,-,,M,#F0E628,2,1.0,0,0,0.378,0,0,0,0,0.0,9
1,2023,2023031,2,Haas F1 Team,25,HUL,Nico Hulkenberg,27,#505050,3.0,110,-,-,0,1,-,-,-,-,-,-,-,-,-,-,,M,#F0E628,3,1.0,0,0,0.378,1,0,0,0,0.0,9
1,2023,2023031,2,Haas F1 Team,25,HUL,Nico Hulkenberg,27,#505050,4.0,111,-,-,0,1,-,-,-,-,-,-,-,-,-,-,,M,#F0E628,4,1.0,0,0,0.378,0,0,0,0,0.0,9
1,2023,2023031,2,Haas F1 Team,25,HUL,Nico Hulkenberg,27,#505050,5.0,112,84.295,84.295,0,0,-,-,-,-,-,-,-,-,-,-,,M,#F0E628,5,1.0,0,1,0.378,0,0,0,0,0.0,9
1,2023,2023031,2,Haas F1 Team,25,HUL,Nico Hulkenberg,27,#505050,6.0,113,83.539,83.539,0,0,83.917,0.756,-,-,-,-,-,-,-,-,,M,#F0E628,6,1.0,0,0,0.378,0,0,0,0,0.0,9
1,2023,2023031,2,Haas F1 Team,25,HUL,Nico Hulkenberg,27,#505050,7.0,114,-,-,0,1,-,-,-,-,-,-,-,-,-,-,,M,#F0E628,7,1.0,0,0,0.378,0,1,0,0,0.0,6
1,2023,2023031,2,Haas F1 Team,25,HUL,Nico Hulkenberg,27,#505050,8.0,115,-,-,0,1,-,-,-,-,-,-,-,-,-,-,,M,#F0E628,8,1.0,1,0,0.378,1,0,0,0,0.0,6
1,2023,2023031,2,Haas F1 Team,25,HUL,Nico Hulkenberg,27,#505050,9.0,116,-,-,0,1,-,-,-,-,-,-,-,-,-,-,,H,#A5AFB9,1,2.0,0,0,0.327,0,0,0,0,0.0,7
1,2023,2023031,2,Haas F1 Team,25,HUL,Nico Hulkenberg,27,#505050,10.0,117,90.264,90.264,0,0,-,-,2.756,-1.898,1.807,25.0,2.756,-1.898,1.807,25.0,0.858,H,#A5AFB9,2,2.0,0,0,0.327,0,0,0,0,0.0,7
1,2023,2023031,2,Haas F1 Team,25,HUL,Nico Hulkenberg,27,#505050,11.0,118,84.823,84.823,0,0,87.544,5.441,0.194,-0.566,-0.089,25.0,0.194,-0.566,-0.089,25.0,-0.372,H,#A5AFB9,3,2.0,0,0,0.327,0,0,0,0,0.0,7
1,2023,2023031,2,Haas F1 Team,25,HUL,Nico Hulkenberg,27,#505050,12.0,119,83.261,83.261,0,0,84.042,1.562,0.402,-0.602,0.101,25.0,0.402,-0.602,0.101,25.0,-0.2,H,#A5AFB9,4,2.0,0,0,0.327,0,0,0,0,0.0,7
1,2023,2023031,2,Haas F1 Team,25,HUL,Nico Hulkenberg,27,#505050,13.0,120,83.719,83.719,0,0,83.49,0.458,-0.309,0.181,-0.218,22.0,-0.309,0.181,-0.218,22.0,-0.128,H,#A5AFB9,5,2.0,0,0,0.327,0,0,0,0,0.0,7
1,2023,2023031,2,Haas F1 Team,25,HUL,Nico Hulkenberg,27,#505050,14.0,121,84.129,84.129,0,0,83.924,0.410,-0.688,0.610,-0.383,22.0,-0.688,0.610,-0.383,22.0,-0.078,H,#A5AFB9,6,2.0,0,0,0.327,0,0,0,0,-1.0,8
1,2023,2023031,2,Haas F1 Team,25,HUL,Nico Hulkenberg,27,#505050,15.0,122,83.01,83.01,0,0,83.57,1.119,0.509,-2.148,-0.565,25.0,0.509,-1.093,-0.037,25.0,-1.639,H,#A5AFB9,7,2.0,0,0,0.327,0,0,0,0,0.0,8
1,2023,2023031,2,Haas F1 Team,25,HUL,Nico Hulkenberg,27,#505050,16.0,123,82.824,82.824,0,0,82.917,0.186,0.661,-1.863,-0.270,25.0,0.661,-1.863,-0.270,25.0,-1.202,H,#A5AFB9,8,2.0,0,0,0.327,0,0,0,0,0.0,8
1,2023,2023031,2,Haas F1 Team,25,HUL,Nico Hulkenberg,27,#505050,17.0,124,83.7,83.7,0,0,83.262,0.876,0.139,0.126,0.202,22.0,0.139,0.126,0.202,22.0,0.265,H,#A5AFB9,9,2.0,0,0,0.327,0,0,0,0,1.0,7
1,2023,2023031,2,Haas F1 Team,25,HUL,Nico Hulkenberg,27,#505050,18.0,125,-,-,0,1,-,-,-,-,-,-,-,-,-,-,,H,#A5AFB9,10,2.0,0,0,0.327,0,0,0,1,0.0,7
1,2023,2023031,2,Haas F1 Team,25,HUL,Nico Hulkenberg,27,#505050,19.0,126,-,-,0,1,-,-,-,-,-,-,-,-,-,-,,H,#A5AFB9,11,2.0,0,0,0.327,0,0,1,0,0.0,7
1,2023,2023031,2,Haas F1 Team,25,HUL,Nico Hulkenberg,27,#505050,20.0,127,82.613,82.613,0,0,-,-,0.472,-0.971,-0.013,25.0,0.472,-0.971,-0.013,25.0,-0.499,H,#A5AFB9,12,2.0,0,0,0.327,0,0,0,0,0.0,7
1,2023,2023031,2,Haas F1 Team,25,HUL,Nico Hulkenberg,27,#505050,21.0,128,82.681,82.681,0,0,82.647,0.068,0.348,-0.744,-0.024,25.0,0.348,-0.744,-0.024,25.0,-0.396,H,#A5AFB9,13,2.0,0,0,0.327,0,0,0,0,0.0,7
1,2023,2023031,2,Haas F1 Team,25,HUL,Nico Hulkenberg,27,#505050,22.0,129,82.625,82.625,0,0,82.653,0.056,0.44,-0.762,0.059,25.0,0.440,-0.762,0.059,25.0,-0.322,H,#A5AFB9,14,2.0,0,0,0.327,0,0,0,0,0.0,7
1,2023,2023031,2,Haas F1 Team,25,HUL,Nico Hulkenberg,27,#505050,23.0,130,82.59,82.59,0,0,82.608,0.035,0.464,-0.723,0.102,25.0,0.464,-0.723,0.102,25.0,-0.259,H,#A5AFB9,15,2.0,0,0,0.327,0,0,0,0,0.0,7
1,2023,2023031,2,Haas F1 Team,25,HUL,Nico Hulkenberg,27,#505050,24.0,131,82.639,82.639,0,0,82.614,0.049,0.406,-0.404,0.204,25.0,0.406,-0.404,0.204,25.0,0.002,H,#A5AFB9,16,2.0,0,0,0.327,0,0,0,0,0.0,7
1,2023,2023031,2,Haas F1 Team,25,HUL,Nico Hulkenberg,27,#505050,25.0,132,83.067,83.067,0,0,82.853,0.428,0.012,-0.149,-0.062,25.0,0.012,-0.149,-0.062,25.0,-0.137,H,#A5AFB9,17,2.0,0,0,0.327,0,0,0,0,0.0,7
1,2023,2023031,2,Haas F1 Team,25,HUL,Nico Hulkenberg,27,#505050,26.0,133,82.479,82.479,0,0,82.773,0.588,0.481,-0.756,0.103,25.0,0.481,-0.756,0.103,25.0,-0.275,H,#A5AFB9,18,2.0,0,0,0.327,0,0,0,0,0.0,7
1,2023,2023031,2,Haas F1 Team,25,HUL,Nico Hulkenberg,27,#505050,27.0,134,82.221,82.221,0,0,82.35,0.258,0.439,-0.333,0.273,25.0,0.439,-0.333,0.273,25.0,0.106,H,#A5AFB9,19,2.0,0,0,0.327,0,0,0,0,0.0,7
1,2023,2023031,2,Haas F1 Team,25,HUL,Nico Hulkenberg,27,#505050,28.0,135,82.333,82.333,0,0,82.277,0.112,0.261,-1.109,-0.293,25.0,0.261,-0.238,0.142,25.0,-0.848,H,#A5AFB9,20,2.0,0,0,0.327,0,0,0,0,0.0,7
1,2023,2023031,2,Haas F1 Team,25,HUL,Nico Hulkenberg,27,#505050,29.0,136,82.223,82.223,0,0,82.278,0.110,0.375,-0.364,0.193,25.0,0.375,-0.364,0.193,25.0,0.011,H,#A5AFB9,21,2.0,0,0,0.327,0,0,0,0,0.0,7
1,2023,2023031,2,Haas F1 Team,25,HUL,Nico Hulkenberg,27,#505050,30.0,137,82.671,82.671,0,0,82.447,0.448,0.063,-0.805,-0.340,25.0,0.063,-0.805,-0.340,25.0,-0.742,H,#A5AFB9,22,2.0,0,0,0.327,0,0,0,0,0.0,7
1,2023,2023031,2,Haas F1 Team,25,HUL,Nico Hulkenberg,27,#505050,31.0,138,82.397,82.397,0,0,82.534,0.274,0.301,-1.749,-0.574,25.0,0.301,-1.108,-0.253,25.0,-1.448,H,#A5AFB9,23,2.0,0,0,0.327,0,0,0,0,0.0,7
1,2023,2023031,2,Haas F1 Team,25,HUL,Nico Hulkenberg,27,#505050,32.0,139,82.088,82.088,0,0,82.242,0.309,0.53,-1.446,-0.193,25.0,0.530,-1.446,-0.193,25.0,-0.916,H,#A5AFB9,24,2.0,0,1,0.327,0,0,0,0,0.0,7
1,2023,2023031,2,Haas F1 Team,25,HUL,Nico Hulkenberg,27,#505050,33.0,140,81.744,81.744,0,0,81.916,0.344,0.72,-0.848,0.296,25.0,0.720,-0.848,0.296,25.0,-0.128,H,#A5AFB9,25,2.0,0,0,0.327,0,0,0,0,0.0,7
1,2023,2023031,2,Haas F1 Team,25,HUL,Nico Hulkenberg,27,#505050,34.0,141,82.192,82.192,0,0,81.968,0.448,0.438,-1.103,-0.114,25.0,0.438,-1.103,-0.114,25.0,-0.665,H,#A5AFB9,26,2.0,0,0,0.327,0,0,0,0,0.0,7
1,2023,2023031,2,Haas F1 Team,25,HUL,Nico Hulkenberg,27,#505050,35.0,142,82.241,82.241,0,0,82.216,0.049,0.379,-1.918,-0.580,25.0,0.379,-0.810,-0.026,25.0,-1.539,H,#A5AFB9,27,2.0,0,0,0.327,0,0,0,0,0.0,7
1,2023,2023031,2,Haas F1 Team,25,HUL,Nico Hulkenberg,27,#505050,36.0,143,82.141,82.141,0,0,82.191,0.100,0.307,-0.666,-0.026,25.0,0.307,-0.666,-0.026,25.0,-0.359,H,#A5AFB9,28,2.0,0,0,0.327,0,0,0,0,0.0,7
1,2023,2023031,2,Haas F1 Team,25,HUL,Nico Hulkenberg,27,#505050,37.0,144,81.969,81.969,0,0,82.055,0.172,0.31,-1.243,-0.311,25.0,0.310,-1.243,-0.311,25.0,-0.933,H,#A5AFB9,29,2.0,0,0,0.327,0,0,0,0,0.0,7
1,2023,2023031,2,Haas F1 Team,25,HUL,Nico Hulkenberg,27,#505050,38.0,145,82.197,82.197,0,0,82.083,0.228,0.098,-0.450,-0.127,25.0,0.098,-0.450,-0.127,25.0,-0.352,H,#A5AFB9,30,2.0,0,0,0.327,0,0,0,0,0.0,7
1,2023,2023031,2,Haas F1 Team,25,HUL,Nico Hulkenberg,27,#505050,39.0,146,81.852,81.852,0,0,82.024,0.345,0.301,-0.632,-0.015,25.0,0.301,-0.632,-0.015,25.0,-0.331,H,#A5AFB9,31,2.0,0,0,0.327,0,0,0,0,0.0,7
1,2023,2023031,2,Haas F1 Team,25,HUL,Nico Hulkenberg,27,#505050,40.0,147,81.593,81.593,0,0,81.722,0.259,0.461,-0.548,0.187,25.0,0.461,-0.548,0.187,25.0,-0.087,H,#A5AFB9,32,2.0,0,0,0.327,0,0,0,0,0.0,7
1,2023,2023031,2,Haas F1 Team,25,HUL,Nico Hulkenberg,27,#505050,41.0,148,81.993,81.993,0,0,81.793,0.400,-0.042,-0.781,-0.432,25.0,-0.042,-0.343,-0.213,25.0,-0.823,H,#A5AFB9,33,2.0,0,0,0.327,0,0,0,0,0.0,7
1,2023,2023031,2,Haas F1 Team,25,HUL,Nico Hulkenberg,27,#505050,42.0,149,81.438,81.438,0,0,81.715,0.555,0.499,-1.092,-0.047,25.0,0.499,-1.092,-0.047,25.0,-0.593,H,#A5AFB9,34,2.0,0,0,0.327,0,0,0,0,0.0,7
1,2023,2023031,2,Haas F1 Team,25,HUL,Nico Hulkenberg,27,#505050,43.0,150,81.53,81.53,0,0,81.484,0.092,0.213,-0.679,-0.127,25.0,0.213,-0.679,-0.127,25.0,-0.466,H,#A5AFB9,35,2.0,0,0,0.327,0,0,0,0,0.0,7
1,2023,2023031,2,Haas F1 Team,25,HUL,Nico Hulkenberg,27,#505050,44.0,151,83.034,81.468,1,0,81.499,1.504,-1.401,0.870,-0.966,22.0,0.165,-0.696,-0.183,25.0,-0.531,H,#A5AFB9,36,2.0,0,0,0.327,0,0,0,0,-1.0,8
1,2023,2023031,2,Haas F1 Team,25,HUL,Nico Hulkenberg,27,#505050,45.0,152,81.406,81.406,0,0,81.437,1.628,0.115,-0.557,-0.164,25.0,0.115,-0.557,-0.164,25.0,-0.442,H,#A5AFB9,37,2.0,0,0,0.327,0,0,0,0,0.0,8
1,2023,2023031,2,Haas F1 Team,25,HUL,Nico Hulkenberg,27,#505050,46.0,153,81.124,81.124,0,0,81.265,0.282,0.284,-0.668,-0.050,25.0,0.284,-0.668,-0.050,25.0,-0.384,H,#A5AFB9,38,2.0,0,0,0.327,0,0,0,0,0.0,8
1,2023,2023031,2,Haas F1 Team,25,HUL,Nico Hulkenberg,27,#505050,47.0,154,81.544,81.544,0,0,81.334,0.420,0.001,-0.375,-0.186,25.0,0.001,-0.375,-0.186,25.0,-0.374,H,#A5AFB9,39,2.0,0,0,0.327,0,0,0,0,0.0,8
1,2023,2023031,2,Haas F1 Team,25,HUL,Nico Hulkenberg,27,#505050,48.0,155,81.866,81.866,0,0,81.705,0.322,-0.151,-0.106,-0.204,25.0,-0.151,-0.106,-0.204,25.0,-0.257,H,#A5AFB9,40,2.0,0,0,0.327,0,0,0,0,0.0,8
1,2023,2023031,2,Haas F1 Team,25,HUL,Nico Hulkenberg,27,#505050,49.0,156,81.942,81.942,0,0,81.904,0.076,-0.411,-0.021,-0.421,25.0,-0.411,-0.021,-0.421,25.0,-0.432,H,#A5AFB9,41,2.0,0,0,0.327,0,0,0,0,0.0,8
1,2023,2023031,2,Haas F1 Team,25,HUL,Nico Hulkenberg,27,#505050,50.0,157,81.872,81.872,0,0,81.907,0.070,-0.458,-0.106,-0.511,25.0,-0.458,-0.106,-0.511,25.0,-0.564,H,#A5AFB9,42,2.0,0,0,0.327,0,0,0,0,0.0,8
1,2023,2023031,2,Haas F1 Team,25,HUL,Nico Hulkenberg,27,#505050,51.0,158,84.48,82.232,1,0,82.052,2.608,-3.018,1.905,-2.066,22.0,-0.771,0.401,-0.571,22.0,-1.113,H,#A5AFB9,43,2.0,0,0,0.327,0,0,0,0,-1.0,9
1,2023,2023031,2,Haas F1 Team,25,HUL,Nico Hulkenberg,27,#505050,52.0,159,82.593,82.593,0,0,82.413,1.887,-1.165,0.908,-0.711,22.0,-1.165,0.908,-0.711,22.0,-0.257,H,#A5AFB9,44,2.0,0,0,0.327,0,0,0,0,0.0,9
1,2023,2023031,2,Haas F1 Team,25,HUL,Nico Hulkenberg,27,#505050,53.0,160,81.726,81.726,0,0,82.16,0.867,-0.797,-,-,-,-0.797,-,-,-,,H,#A5AFB9,45,2.0,0,0,0.327,0,0,0,0,0.0,9
1,2023,2023031,2,Haas F1 Team,25,HUL,Nico Hulkenberg,27,#505050,54.0,161,-,-,0,1,-,-,-,-,-,-,-,-,-,-,,H,#A5AFB9,46,2.0,0,0,0.327,0,1,0,0,0.0,9
1,2023,2023031,2,Haas F1 Team,25,HUL,Nico Hulkenberg,27,#505050,55.0,162,-,-,0,1,-,-,-,-,-,-,-,-,-,-,,H,#A5AFB9,47,2.0,1,0,0.327,1,0,0,0,0.0,9
1,2023,2023031,2,Haas F1 Team,25,HUL,Nico Hulkenberg,27,#505050,56.0,163,-,-,0,1,-,-,-,-,-,-,-,-,-,-,,S,#CD3C3C,5,3.0,0,0,-,0,0,0,0,0.0,9
1,2023,2023031,2,Haas F1 Team,25,HUL,Nico Hulkenberg,27,#505050,57.0,164,-,-,0,1,-,-,-,-,-,-,-,-,-,-,,S,#CD3C3C,6,3.0,1,0,-,0,0,0,0,0.0,8
1,2023,2023031,2,Haas F1 Team,25,HUL,Nico Hulkenberg,27,#505050,58.0,165,-,-,0,1,-,-,-,-,-,-,-,-,-,-,,S,#CD3C3C,5,4.0,0,0,-,0,0,0,0,0.0,8
1,2023,2023041,4,Haas F1 Team,22,MAG,Kevin Magnussen,20,#505050,1.0,166,-,-,0,1,-,-,-,-,-,-,-,-,-,-,,M,#F0E628,1,1.0,0,0,0.099,0,0,0,0,,13
1,2023,2023041,4,Haas F1 Team,22,MAG,Kevin Magnussen,20,#505050,2.0,167,-,-,0,1,-,-,-,-,-,-,-,-,-,-,,M,#F0E628,2,1.0,0,0,0.099,0,0,0,0,0.0,13
1,2023,2023041,4,Haas F1 Team,22,MAG,Kevin Magnussen,20,#505050,3.0,168,108.629,108.629,0,0,-,-,-0.087,1.468,-0.821,22.0,-0.087,1.468,-0.821,22.0,-1.555,M,#F0E628,3,1.0,0,0,0.099,0,0,0,0,0.0,13
1,2023,2023041,4,Haas F1 Team,22,MAG,Kevin Magnussen,20,#505050,4.0,169,108.915,108.915,0,0,108.772,0.286,-0.512,-0.184,-0.420,25.0,-0.512,-0.184,-0.420,25.0,-0.328,M,#F0E628,4,1.0,0,0,0.099,0,0,0,0,0.0,13
1,2023,2023041,4,Haas F1 Team,22,MAG,Kevin Magnussen,20,#505050,5.0,170,109.028,109.028,0,0,108.972,0.113,-0.67,0.303,-0.822,22.0,-0.670,-0.146,-0.597,25.0,-0.973,M,#F0E628,5,1.0,0,0,0.099,0,0,0,0,0.0,13
1,2023,2023041,4,Haas F1 Team,22,MAG,Kevin Magnussen,20,#505050,6.0,171,108.951,108.951,0,0,108.989,0.077,-0.593,0.082,-0.634,22.0,-0.593,0.082,-0.634,22.0,-0.675,M,#F0E628,6,1.0,0,1,0.099,0,0,0,0,0.0,13
1,2023,2023041,4,Haas F1 Team,22,MAG,Kevin Magnussen,20,#505050,7.0,172,108.645,108.645,0,0,108.798,0.306,-0.444,-0.088,-0.400,25.0,-0.444,-0.088,-0.400,25.0,-0.356,M,#F0E628,7,1.0,0,0,0.099,0,0,0,0,0.0,12
1,2023,2023041,4,Haas F1 Team,22,MAG,Kevin Magnussen,20,#505050,8.0,173,108.972,108.972,0,0,108.808,0.327,-0.92,-0.305,-0.768,25.0,-0.920,-0.305,-0.768,25.0,-0.615,M,#F0E628,8,1.0,0,0,0.099,0,0,0,0,0.0,11
1,2023,2023041,4,Haas F1 Team,22,MAG,Kevin Magnussen,20,#505050,9.0,174,109.051,109.051,0,0,109.012,0.079,-0.835,0.252,-0.961,22.0,-0.835,0.252,-0.961,22.0,-1.087,M,#F0E628,9,1.0,0,0,0.099,0,0,0,0,0.0,10
1,2023,2023041,4,Haas F1 Team,22,MAG,Kevin Magnussen,20,#505050,10.0,175,-,-,0,1,-,-,-,-,-,-,-,-,-,-,,M,#F0E628,10,1.0,1,0,0.099,0,1,0,0,0.0,12
1,2023,2023041,4,Haas F1 Team,22,MAG,Kevin Magnussen,20,#505050,11.0,176,-,-,0,1,-,-,-,-,-,-,-,-,-,-,,H,#A5AFB9,1,2.0,0,0,0.200,0,0,0,0,0.0,17
1,2023,2023041,4,Haas F1 Team,22,MAG,Kevin Magnussen,20,#505050,12.0,177,-,-,0,1,-,-,-,-,-,-,-,-,-,-,,H,#A5AFB9,2,2.0,0,0,0.200,0,0,0,0,0.0,17
1,2023,2023041,4,Haas F1 Team,22,MAG,Kevin Magnussen,20,#505050,13.0,178,-,-,0,1,-,-,-,-,-,-,-,-,-,-,,H,#A5AFB9,3,2.0,0,0,0.200,1,0,0,0,0.0,17
1,2023,2023041,4,Haas F1 Team,22,MAG,Kevin Magnussen,20,#505050,14.0,179,-,-,0,1,-,-,-,-,-,-,-,-,-,-,,H,#A5AFB9,4,2.0,0,0,0.200,0,0,0,0,0.0,17
1,2023,2023041,4,Haas F1 Team,22,MAG,Kevin Magnussen,20,#505050,15.0,180,109.108,109.108,0,0,-,-,-1.068,-0.842,-0.647,25.0,-1.068,-0.842,-0.647,25.0,-0.226,H,#A5AFB9,5,2.0,0,0,0.200,0,0,0,0,0.0,17
1,2023,2023041,4,Haas F1 Team,22,MAG,Kevin Magnussen,20,#505050,16.0,181,107.952,107.952,0,0,108.53,1.156,-0.562,-0.128,-0.498,25.0,-0.562,-0.128,-0.498,25.0,-0.434,H,#A5AFB9,6,2.0,0,0,0.200,0,0,0,0,0.0,17
1,2023,2023041,4,Haas F1 Team,22,MAG,Kevin Magnussen,20,#505050,17.0,182,108.871,107.718,1,0,107.835,0.919,-1.49,-1.342,-0.819,25.0,-0.337,-0.189,-0.242,25.0,-0.148,H,#A5AFB9,7,2.0,0,0,0.200,0,0,0,0,0.0,17
1,2023,2023041,4,Haas F1 Team,22,MAG,Kevin Magnussen,20,#505050,18.0,183,107.484,107.484,0,0,107.601,1.387,-0.239,0.044,-0.261,22.0,-0.239,0.044,-0.261,22.0,-0.283,H,#A5AFB9,8,2.0,0,0,0.200,0,0,0,0,0.0,17
1,2023,2023041,4,Haas F1 Team,22,MAG,Kevin Magnussen,20,#505050,19.0,184,107.752,107.752,0,0,107.618,0.268,-0.495,-0.031,-0.479,25.0,-0.495,-0.031,-0.479,25.0,-0.464,H,#A5AFB9,9,2.0,0,0,0.200,0,0,0,0,1.0,16
1,2023,2023041,4,Haas F1 Team,22,MAG,Kevin Magnussen,20,#505050,20.0,185,107.765,107.765,0,0,107.758,0.013,-0.422,0.202,-0.523,22.0,-0.422,0.202,-0.523,22.0,-0.624,H,#A5AFB9,10,2.0,0,0,0.200,0,0,0,0,0.0,16
1,2023,2023041,4,Haas F1 Team,22,MAG,Kevin Magnussen,20,#505050,21.0,186,107.567,107.567,0,0,107.666,0.198,-0.231,0.072,-0.267,22.0,-0.231,0.072,-0.267,22.0,-0.303,H,#A5AFB9,11,2.0,0,0,0.200,0,0,0,0,0.0,16
1,2023,2023041,4,Haas F1 Team,22,MAG,Kevin Magnussen,20,#505050,22.0,187,107.675,107.675,0,0,107.621,0.108,-0.333,-0.065,-0.300,25.0,-0.333,-0.065,-0.300,25.0,-0.268,H,#A5AFB9,12,2.0,0,0,0.200,0,0,0,0,0.0,16
1,2023,2023041,4,Haas F1 Team,22,MAG,Kevin Magnussen,20,#505050,23.0,188,107.906,107.906,0,0,107.791,0.231,-0.546,0.919,-1.006,22.0,-0.546,-0.050,-0.521,25.0,-1.465,H,#A5AFB9,13,2.0,0,0,0.200,0,0,0,0,0.0,15
1,2023,2023041,4,Haas F1 Team,22,MAG,Kevin Magnussen,20,#505050,24.0,189,107.722,107.722,0,0,107.814,0.184,-0.368,0.379,-0.557,22.0,-0.368,0.379,-0.557,22.0,-0.747,H,#A5AFB9,14,2.0,0,0,0.200,0,0,0,0,0.0,15
1,2023,2023041,4,Haas F1 Team,22,MAG,Kevin Magnussen,20,#505050,25.0,190,107.862,107.862,0,0,107.792,0.140,-0.577,0.108,-0.631,22.0,-0.577,0.108,-0.631,22.0,-0.685,H,#A5AFB9,15,2.0,0,0,0.200,0,0,0,0,0.0,15
1,2023,2023041,4,Haas F1 Team,22,MAG,Kevin Magnussen,20,#505050,26.0,191,107.861,107.861,0,0,107.862,0.001,-0.66,-0.184,-0.568,25.0,-0.660,-0.184,-0.568,25.0,-0.476,H,#A5AFB9,16,2.0,0,0,0.200,0,0,0,0,0.0,15
1,2023,2023041,4,Haas F1 Team,22,MAG,Kevin Magnussen,20,#505050,27.0,192,108.357,107.945,1,0,107.903,0.496,-1.159,0.140,-1.229,22.0,-0.747,-0.254,-0.620,25.0,-1.299,H,#A5AFB9,17,2.0,0,0,0.200,0,0,0,0,0.0,15
1,2023,2023041,4,Haas F1 Team,22,MAG,Kevin Magnussen,20,#505050,28.0,193,108.029,108.029,0,0,107.987,0.328,-0.818,-0.323,-0.656,25.0,-0.818,-0.323,-0.656,25.0,-0.495,H,#A5AFB9,18,2.0,0,0,0.200,0,0,0,0,0.0,15
1,2023,2023041,4,Haas F1 Team,22,MAG,Kevin Magnussen,20,#505050,29.0,194,107.988,107.988,0,0,108.008,0.041,-0.912,-0.841,-0.491,25.0,-0.912,-0.841,-0.491,25.0,-0.071,H,#A5AFB9,19,2.0,0,0,0.200,0,0,0,0,0.0,15
1,2023,2023041,4,Haas F1 Team,22,MAG,Kevin Magnussen,20,#505050,30.0,195,106.99,106.99,0,0,107.489,0.998,-0.101,0.688,-0.445,22.0,-0.101,0.297,-0.249,22.0,-0.789,H,#A5AFB9,20,2.0,0,0,0.200,0,0,0,0,0.0,15
1,2023,2023041,4,Haas F1 Team,22,MAG,Kevin Magnussen,20,#505050,31.0,196,107.313,107.066,1,0,107.028,0.323,-0.484,0.115,-0.541,22.0,-0.236,0.363,-0.417,22.0,-0.599,H,#A5AFB9,21,2.0,0,0,0.200,0,0,0,0,0.0,15
1,2023,2023041,4,Haas F1 Team,22,MAG,Kevin Magnussen,20,#505050,32.0,197,107.141,107.141,0,0,107.103,0.172,-0.305,0.067,-0.339,22.0,-0.305,0.067,-0.339,22.0,-0.372,H,#A5AFB9,22,2.0,0,0,0.200,0,0,0,0,0.0,15
1,2023,2023041,4,Haas F1 Team,22,MAG,Kevin Magnussen,20,#505050,33.0,198,107.382,107.382,0,0,107.262,0.241,-0.483,-0.041,-0.463,25.0,-0.483,-0.041,-0.463,25.0,-0.442,H,#A5AFB9,23,2.0,0,1,0.200,0,0,0,0,0.0,15
1,2023,2023041,4,Haas F1 Team,22,MAG,Kevin Magnussen,20,#505050,34.0,199,107.42,107.42,0,0,107.401,0.038,-0.75,-0.689,-0.405,25.0,-0.750,-0.689,-0.405,25.0,-0.061,H,#A5AFB9,24,2.0,0,0,0.200,0,0,0,0,0.0,15
1,2023,2023041,4,Haas F1 Team,22,MAG,Kevin Magnussen,20,#505050,35.0,200,107.487,107.487,0,0,107.453,0.067,-0.926,-0.349,-0.752,25.0,-0.926,-0.349,-0.752,25.0,-0.577,H,#A5AFB9,25,2.0,0,0,0.200,0,0,0,0,0.0,15
1,2023,2023041,4,Haas F1 Team,22,MAG,Kevin Magnussen,20,#505050,36.0,201,107.348,107.348,0,0,107.417,0.139,-0.869,-0.185,-0.776,25.0,-0.869,-0.185,-0.776,25.0,-0.684,H,#A5AFB9,26,2.0,0,0,0.200,0,0,0,0,0.0,15
1,2023,2023041,4,Haas F1 Team,22,MAG,Kevin Magnussen,20,#505050,37.0,202,107.589,107.589,0,0,107.468,0.241,-1.171,-0.723,-0.809,25.0,-1.171,-0.723,-0.809,25.0,-0.448,H,#A5AFB9,27,2.0,0,0,0.200,0,0,0,0,0.0,15
1,2023,2023041,4,Haas F1 Team,22,MAG,Kevin Magnussen,20,#505050,38.0,203,107.261,107.261,0,0,107.425,0.328,-0.901,-0.413,-0.695,25.0,-0.901,-0.413,-0.695,25.0,-0.488,H,#A5AFB9,28,2.0,0,0,0.200,0,0,0,0,0.0,15
1,2023,2023041,4,Haas F1 Team,22,MAG,Kevin Magnussen,20,#505050,39.0,204,107.021,107.021,0,0,107.141,0.240,-0.659,-0.279,-0.520,25.0,-0.659,-0.279,-0.520,25.0,-0.38,H,#A5AFB9,29,2.0,0,0,0.200,0,0,0,0,0.0,15
1,2023,2023041,4,Haas F1 Team,22,MAG,Kevin Magnussen,20,#505050,40.0,205,106.653,106.653,0,0,106.837,0.368,-0.218,0.273,-0.354,22.0,-0.218,0.273,-0.354,22.0,-0.491,H,#A5AFB9,30,2.0,0,0,0.200,0,0,0,0,0.0,15
1,2023,2023041,4,Haas F1 Team,22,MAG,Kevin Magnussen,20,#505050,41.0,206,107.351,106.619,1,0,106.636,0.698,-0.949,-0.406,-0.746,25.0,-0.217,0.326,-0.380,22.0,-0.543,H,#A5AFB9,31,2.0,0,0,0.200,0,0,0,0,0.0,15
1,2023,2023041,4,Haas F1 Team,22,MAG,Kevin Magnussen,20,#505050,42.0,207,106.585,106.585,0,0,106.602,0.766,-0.264,0.276,-0.402,22.0,-0.264,0.276,-0.402,22.0,-0.54,H,#A5AFB9,32,2.0,0,0,0.200,0,0,0,0,0.0,15
1,2023,2023041,4,Haas F1 Team,22,MAG,Kevin Magnussen,20,#505050,43.0,208,106.563,106.563,0,0,106.574,0.022,-0.311,0.592,-0.607,22.0,-0.311,0.592,-0.607,22.0,-0.903,H,#A5AFB9,33,2.0,0,0,0.200,0,0,0,0,0.0,15
1,2023,2023041,4,Haas F1 Team,22,MAG,Kevin Magnussen,20,#505050,44.0,209,106.775,106.775,0,0,106.669,0.212,-0.608,0.348,-0.782,22.0,-0.608,0.348,-0.782,22.0,-0.956,H,#A5AFB9,34,2.0,0,0,0.200,0,0,0,0,0.0,15
1,2023,2023041,4,Haas F1 Team,22,MAG,Kevin Magnussen,20,#505050,45.0,210,106.802,106.802,0,0,106.788,0.027,-0.645,2.899,-2.095,22.0,-0.645,0.584,-0.937,22.0,-3.544,H,#A5AFB9,35,2.0,0,0,0.200,0,0,0,0,0.0,15
1,2023,2023041,4,Haas F1 Team,22,MAG,Kevin Magnussen,20,#505050,46.0,211,106.677,106.677,0,0,106.74,0.125,-0.618,0.973,-1.105,22.0,-0.618,0.973,-1.105,22.0,-1.591,H,#A5AFB9,36,2.0,0,0,0.200,0,0,0,0,0.0,15
1,2023,2023041,4,Haas F1 Team,22,MAG,Kevin Magnussen,20,#505050,47.0,212,106.946,106.946,0,0,106.812,0.269,-0.865,1.428,-1.579,22.0,-0.865,1.428,-1.579,22.0,-2.293,H,#A5AFB9,37,2.0,0,0,0.200,0,0,0,0,0.0,15
1,2023,2023041,4,Haas F1 Team,22,MAG,Kevin Magnussen,20,#505050,48.0,213,107.926,107.082,1,0,107.014,0.980,-1.878,1.082,-2.419,22.0,-1.034,1.926,-1.997,22.0,-2.96,H,#A5AFB9,38,2.0,0,0,0.200,0,0,0,0,0.0,15
1,2023,2023041,4,Haas F1 Team,22,MAG,Kevin Magnussen,20,#505050,49.0,214,107.217,107.217,0,0,107.149,0.709,-1.513,-,-,-,-1.513,-,-,-,,H,#A5AFB9,39,2.0,0,0,0.200,0,0,0,0,0.0,14
1,2023,2023041,4,Haas F1 Team,22,MAG,Kevin Magnussen,20,#505050,50.0,215,106.102,106.102,0,0,106.66,1.115,-0.421,-,-,-,-0.421,-,-,-,,H,#A5AFB9,40,2.0,0,0,0.200,0,0,0,0,0.0,14
1,2023,2023041,4,Haas F1 Team,22,MAG,Kevin Magnussen,20,#505050,51.0,216,105.85,105.85,0,0,105.976,0.252,-0.381,-,-,-,-0.381,-,-,-,,H,#A5AFB9,41,2.0,0,0,0.200,0,0,0,0,0.0,13
1,2023,2023041,4,Haas F1 Team,25,HUL,Nico Hulkenberg,27,#505050,1.0,166,-,-,0,1,-,-,-,-,-,-,-,-,-,-,,H,#A5AFB9,1,2.0,0,0,0.261,0,0,0,0,,20
1,2023,2023041,4,Haas F1 Team,25,HUL,Nico Hulkenberg,27,#505050,2.0,167,-,-,0,1,-,-,-,-,-,-,-,-,-,-,,H,#A5AFB9,2,2.0,0,0,0.261,0,0,0,0,0.0,20
1,2023,2023041,4,Haas F1 Team,25,HUL,Nico Hulkenberg,27,#505050,3.0,168,110.097,110.097,0,0,-,-,-1.555,1.468,-0.821,22.0,-1.555,1.468,-0.821,22.0,-0.087,H,#A5AFB9,3,2.0,0,0,0.261,0,0,0,0,0.0,20
1,2023,2023041,4,Haas F1 Team,25,HUL,Nico Hulkenberg,27,#505050,4.0,169,108.731,108.731,0,0,109.414,1.366,-0.328,-0.184,-0.420,25.0,-0.328,-0.184,-0.420,25.0,-0.512,H,#A5AFB9,4,2.0,0,0,0.261,0,0,0,0,0.0,20
1,2023,2023041,4,Haas F1 Team,25,HUL,Nico Hulkenberg,27,#505050,5.0,170,109.331,108.882,1,0,108.806,0.600,-0.973,0.303,-0.822,22.0,-0.524,-0.146,-0.597,25.0,-0.67,H,#A5AFB9,5,2.0,0,0,0.261,0,0,0,0,0.0,20
1,2023,2023041,4,Haas F1 Team,25,HUL,Nico Hulkenberg,27,#505050,6.0,171,109.033,109.033,0,0,108.958,0.298,-0.675,0.082,-0.634,22.0,-0.675,0.082,-0.634,22.0,-0.593,H,#A5AFB9,6,2.0,0,0,0.261,0,0,0,0,0.0,18
1,2023,2023041,4,Haas F1 Team,25,HUL,Nico Hulkenberg,27,#505050,7.0,172,108.557,108.557,0,0,108.795,0.476,-0.356,-0.088,-0.400,25.0,-0.356,-0.088,-0.400,25.0,-0.444,H,#A5AFB9,7,2.0,0,0,0.261,0,0,0,0,0.0,18
1,2023,2023041,4,Haas F1 Team,25,HUL,Nico Hulkenberg,27,#505050,8.0,173,108.667,108.667,0,0,108.612,0.110,-0.615,-0.305,-0.768,25.0,-0.615,-0.305,-0.768,25.0,-0.92,H,#A5AFB9,8,2.0,0,0,0.261,0,0,0,0,0.0,16
1,2023,2023041,4,Haas F1 Team,25,HUL,Nico Hulkenberg,27,#505050,9.0,174,109.303,109.303,0,0,108.985,0.636,-1.087,0.252,-0.961,22.0,-1.087,0.252,-0.961,22.0,-0.835,H,#A5AFB9,9,2.0,0,0,0.261,0,0,0,0,0.0,14
1,2023,2023041,4,Haas F1 Team,25,HUL,Nico Hulkenberg,27,#505050,10.0,175,-,-,0,1,-,-,-,-,-,-,-,-,-,-,,H,#A5AFB9,10,2.0,0,0,0.261,0,1,0,0,0.0,10
1,2023,2023041,4,Haas F1 Team,25,HUL,Nico Hulkenberg,27,#505050,11.0,176,-,-,0,1,-,-,-,-,-,-,-,-,-,-,,H,#A5AFB9,11,2.0,0,0,0.261,0,0,0,0,0.0,10
1,2023,2023041,4,Haas F1 Team,25,HUL,Nico Hulkenberg,27,#505050,12.0,177,-,-,0,1,-,-,-,-,-,-,-,-,-,-,,H,#A5AFB9,12,2.0,0,0,0.261,0,0,0,0,0.0,9
1,2023,2023041,4,Haas F1 Team,25,HUL,Nico Hulkenberg,27,#505050,13.0,178,-,-,0,1,-,-,-,-,-,-,-,-,-,-,,H,#A5AFB9,13,2.0,0,0,0.261,1,0,0,0,0.0,9
1,2023,2023041,4,Haas F1 Team,25,HUL,Nico Hulkenberg,27,#505050,14.0,179,-,-,0,1,-,-,-,-,-,-,-,-,-,-,,H,#A5AFB9,14,2.0,0,0,0.261,0,0,0,0,0.0,10
1,2023,2023041,4,Haas F1 Team,25,HUL,Nico Hulkenberg,27,#505050,15.0,180,108.266,108.266,0,0,-,-,-0.226,-0.842,-0.647,25.0,-0.226,-0.842,-0.647,25.0,-1.068,H,#A5AFB9,15,2.0,0,0,0.261,0,0,0,0,0.0,10
1,2023,2023041,4,Haas F1 Team,25,HUL,Nico Hulkenberg,27,#505050,16.0,181,107.824,107.824,0,0,108.045,0.442,-0.434,-0.128,-0.498,25.0,-0.434,-0.128,-0.498,25.0,-0.562,H,#A5AFB9,16,2.0,0,0,0.261,0,0,0,0,0.0,10
1,2023,2023041,4,Haas F1 Team,25,HUL,Nico Hulkenberg,27,#505050,17.0,182,107.529,107.529,0,0,107.676,0.295,-0.148,-1.342,-0.819,25.0,-0.148,-0.189,-0.242,25.0,-1.49,H,#A5AFB9,17,2.0,0,0,0.261,0,0,0,0,0.0,10
1,2023,2023041,4,Haas F1 Team,25,HUL,Nico Hulkenberg,27,#505050,18.0,183,107.528,107.528,0,0,107.529,0.001,-0.283,0.044,-0.261,22.0,-0.283,0.044,-0.261,22.0,-0.239,H,#A5AFB9,18,2.0,0,0,0.261,0,0,0,0,0.0,10
1,2023,2023041,4,Haas F1 Team,25,HUL,Nico Hulkenberg,27,#505050,19.0,184,107.721,107.721,0,0,107.625,0.193,-0.464,-0.031,-0.479,25.0,-0.464,-0.031,-0.479,25.0,-0.495,H,#A5AFB9,19,2.0,0,0,0.261,0,0,0,0,0.0,10
1,2023,2023041,4,Haas F1 Team,25,HUL,Nico Hulkenberg,27,#505050,20.0,185,107.967,107.967,0,0,107.844,0.246,-0.624,0.202,-0.523,22.0,-0.624,0.202,-0.523,22.0,-0.422,H,#A5AFB9,20,2.0,0,0,0.261,0,0,0,0,0.0,10
1,2023,2023041,4,Haas F1 Team,25,HUL,Nico Hulkenberg,27,#505050,21.0,186,107.639,107.639,0,0,107.803,0.328,-0.303,0.072,-0.267,22.0,-0.303,0.072,-0.267,22.0,-0.231,H,#A5AFB9,21,2.0,0,0,0.261,0,0,0,0,0.0,10
1,2023,2023041,4,Haas F1 Team,25,HUL,Nico Hulkenberg,27,#505050,22.0,187,107.61,107.61,0,0,107.624,0.029,-0.268,-0.065,-0.300,25.0,-0.268,-0.065,-0.300,25.0,-0.333,H,#A5AFB9,22,2.0,0,0,0.261,0,0,0,0,0.0,10
1,2023,2023041,4,Haas F1 Team,25,HUL,Nico Hulkenberg,27,#505050,23.0,188,108.825,107.856,1,0,107.733,1.215,-1.465,0.919,-1.006,22.0,-0.496,-0.050,-0.521,25.0,-0.546,H,#A5AFB9,23,2.0,0,0,0.261,0,0,0,0,0.0,10
1,2023,2023041,4,Haas F1 Team,25,HUL,Nico Hulkenberg,27,#505050,24.0,189,108.101,108.101,0,0,107.978,0.724,-0.747,0.379,-0.557,22.0,-0.747,0.379,-0.557,22.0,-0.368,H,#A5AFB9,24,2.0,0,0,0.261,0,0,0,0,0.0,10
1,2023,2023041,4,Haas F1 Team,25,HUL,Nico Hulkenberg,27,#505050,25.0,190,107.97,107.97,0,0,108.036,0.131,-0.685,0.108,-0.631,22.0,-0.685,0.108,-0.631,22.0,-0.577,H,#A5AFB9,25,2.0,0,0,0.261,0,0,0,0,0.0,10
1,2023,2023041,4,Haas F1 Team,25,HUL,Nico Hulkenberg,27,#505050,26.0,191,107.677,107.677,0,0,107.824,0.293,-0.476,-0.184,-0.568,25.0,-0.476,-0.184,-0.568,25.0,-0.66,H,#A5AFB9,26,2.0,0,0,0.261,0,0,0,0,0.0,10
1,2023,2023041,4,Haas F1 Team,25,HUL,Nico Hulkenberg,27,#505050,27.0,192,108.497,107.692,1,0,107.684,0.820,-1.299,0.140,-1.229,22.0,-0.493,-0.254,-0.620,25.0,-1.159,H,#A5AFB9,27,2.0,0,0,0.261,0,0,0,0,0.0,10
1,2023,2023041,4,Haas F1 Team,25,HUL,Nico Hulkenberg,27,#505050,28.0,193,107.706,107.706,0,0,107.699,0.791,-0.495,-0.323,-0.656,25.0,-0.495,-0.323,-0.656,25.0,-0.818,H,#A5AFB9,28,2.0,0,1,0.261,0,0,0,0,0.0,10
1,2023,2023041,4,Haas F1 Team,25,HUL,Nico Hulkenberg,27,#505050,29.0,194,107.147,107.147,0,0,107.426,0.559,-0.071,-0.841,-0.491,25.0,-0.071,-0.841,-0.491,25.0,-0.912,H,#A5AFB9,29,2.0,0,0,0.261,0,0,0,0,0.0,10
1,2023,2023041,4,Haas F1 Team,25,HUL,Nico Hulkenberg,27,#505050,30.0,195,107.678,107.288,1,0,107.217,0.531,-0.789,0.688,-0.445,22.0,-0.398,0.297,-0.249,22.0,-0.101,H,#A5AFB9,30,2.0,0,0,0.261,0,0,0,0,0.0,10
1,2023,2023041,4,Haas F1 Team,25,HUL,Nico Hulkenberg,27,#505050,31.0,196,107.428,107.428,0,0,107.358,0.250,-0.599,0.115,-0.541,22.0,-0.599,0.363,-0.417,22.0,-0.484,H,#A5AFB9,31,2.0,0,0,0.261,0,0,0,0,0.0,10
1,2023,2023041,4,Haas F1 Team,25,HUL,Nico Hulkenberg,27,#505050,32.0,197,107.208,107.208,0,0,107.318,0.220,-0.372,0.067,-0.339,22.0,-0.372,0.067,-0.339,22.0,-0.305,H,#A5AFB9,32,2.0,0,0,0.261,0,0,0,0,0.0,10
1,2023,2023041,4,Haas F1 Team,25,HUL,Nico Hulkenberg,27,#505050,33.0,198,107.341,107.341,0,0,107.274,0.133,-0.442,-0.041,-0.463,25.0,-0.442,-0.041,-0.463,25.0,-0.483,H,#A5AFB9,33,2.0,0,0,0.261,0,0,0,0,0.0,10
1,2023,2023041,4,Haas F1 Team,25,HUL,Nico Hulkenberg,27,#505050,34.0,199,106.731,106.731,0,0,107.036,0.610,-0.061,-0.689,-0.405,25.0,-0.061,-0.689,-0.405,25.0,-0.75,H,#A5AFB9,34,2.0,0,0,0.261,0,0,0,0,0.0,10
1,2023,2023041,4,Haas F1 Team,25,HUL,Nico Hulkenberg,27,#505050,35.0,200,107.138,107.138,0,0,106.934,0.407,-0.577,-0.349,-0.752,25.0,-0.577,-0.349,-0.752,25.0,-0.926,H,#A5AFB9,35,2.0,0,0,0.261,0,0,0,0,0.0,10
1,2023,2023041,4,Haas F1 Team,25,HUL,Nico Hulkenberg,27,#505050,36.0,201,107.163,107.163,0,0,107.15,0.025,-0.684,-0.185,-0.776,25.0,-0.684,-0.185,-0.776,25.0,-0.869,H,#A5AFB9,36,2.0,0,0,0.261,0,0,0,0,0.0,10
1,2023,2023041,4,Haas F1 Team,25,HUL,Nico Hulkenberg,27,#505050,37.0,202,106.866,106.866,0,0,107.014,0.297,-0.448,-0.723,-0.809,25.0,-0.448,-0.723,-0.809,25.0,-1.171,H,#A5AFB9,37,2.0,0,0,0.261,0,0,0,0,0.0,10
1,2023,2023041,4,Haas F1 Team,25,HUL,Nico Hulkenberg,27,#505050,38.0,203,106.848,106.848,0,0,106.857,0.018,-0.488,-0.413,-0.695,25.0,-0.488,-0.413,-0.695,25.0,-0.901,H,#A5AFB9,38,2.0,0,0,0.261,0,0,0,0,0.0,10
1,2023,2023041,4,Haas F1 Team,25,HUL,Nico Hulkenberg,27,#505050,39.0,204,106.742,106.742,0,0,106.795,0.106,-0.38,-0.279,-0.520,25.0,-0.380,-0.279,-0.520,25.0,-0.659,H,#A5AFB9,39,2.0,0,0,0.261,0,0,0,0,0.0,10
1,2023,2023041,4,Haas F1 Team,25,HUL,Nico Hulkenberg,27,#505050,40.0,205,106.926,106.926,0,0,106.834,0.184,-0.491,0.273,-0.354,22.0,-0.491,0.273,-0.354,22.0,-0.218,H,#A5AFB9,40,2.0,0,0,0.261,0,0,0,0,0.0,10
1,2023,2023041,4,Haas F1 Team,25,HUL,Nico Hulkenberg,27,#505050,41.0,206,106.945,106.945,0,0,106.935,0.019,-0.543,-0.406,-0.746,25.0,-0.543,0.326,-0.380,22.0,-0.949,H,#A5AFB9,41,2.0,0,0,0.261,0,0,0,0,0.0,10
1,2023,2023041,4,Haas F1 Team,25,HUL,Nico Hulkenberg,27,#505050,42.0,207,106.861,106.861,0,0,106.903,0.084,-0.54,0.276,-0.402,22.0,-0.540,0.276,-0.402,22.0,-0.264,H,#A5AFB9,42,2.0,0,0,0.261,0,0,0,0,0.0,10
1,2023,2023041,4,Haas F1 Team,25,HUL,Nico Hulkenberg,27,#505050,43.0,208,107.155,107.155,0,0,107.008,0.294,-0.903,0.592,-0.607,22.0,-0.903,0.592,-0.607,22.0,-0.311,H,#A5AFB9,43,2.0,0,0,0.261,0,0,0,0,0.0,10
1,2023,2023041,4,Haas F1 Team,25,HUL,Nico Hulkenberg,27,#505050,44.0,209,107.123,107.123,0,0,107.139,0.032,-0.956,0.348,-0.782,22.0,-0.956,0.348,-0.782,22.0,-0.608,H,#A5AFB9,44,2.0,0,0,0.261,0,0,0,0,0.0,10
1,2023,2023041,4,Haas F1 Team,25,HUL,Nico Hulkenberg,27,#505050,45.0,210,109.701,107.387,1,0,107.255,2.578,-3.544,2.899,-2.095,22.0,-1.229,0.584,-0.937,22.0,-0.645,H,#A5AFB9,45,2.0,0,0,0.261,0,0,0,0,-1.0,11
1,2023,2023041,4,Haas F1 Team,25,HUL,Nico Hulkenberg,27,#505050,46.0,211,107.65,107.65,0,0,107.518,2.051,-1.591,0.973,-1.105,22.0,-1.591,0.973,-1.105,22.0,-0.618,H,#A5AFB9,46,2.0,0,0,0.261,0,0,0,0,-1.0,12
1,2023,2023041,4,Haas F1 Team,25,HUL,Nico Hulkenberg,27,#505050,47.0,212,108.374,108.374,0,0,108.012,0.724,-2.293,1.428,-1.579,22.0,-2.293,1.428,-1.579,22.0,-0.865,H,#A5AFB9,47,2.0,0,0,0.261,0,0,0,0,0.0,12
1,2023,2023041,4,Haas F1 Team,25,HUL,Nico Hulkenberg,27,#505050,48.0,213,109.008,109.008,0,0,108.691,0.634,-2.96,1.082,-2.419,22.0,-2.960,1.926,-1.997,22.0,-1.878,H,#A5AFB9,48,2.0,0,0,0.261,0,0,0,0,-2.0,14
1,2023,2023041,4,Haas F1 Team,25,HUL,Nico Hulkenberg,27,#505050,49.0,214,-,-,0,1,-,-,-,-,-,-,-,-,-,-,-1.513,H,#A5AFB9,49,2.0,1,0,0.261,0,0,0,0,0.0,16
1,2023,2023041,4,Haas F1 Team,25,HUL,Nico Hulkenberg,27,#505050,50.0,215,-,-,0,1,-,-,-,-,-,-,-,-,-,-,-0.421,S,#CD3C3C,1,3.0,0,0,-,0,0,0,0,0.0,17
1,2023,2023051,5,Haas F1 Team,22,MAG,Kevin Magnussen,20,#505050,1.0,217,-,-,0,1,-,-,-,-,-,-,-,-,-,-,,M,#F0E628,1,1.0,0,0,0.214,0,0,0,0,,7
1,2023,2023051,5,Haas F1 Team,22,MAG,Kevin Magnussen,20,#505050,2.0,218,-,-,0,1,-,-,-,-,-,-,-,-,-,-,,M,#F0E628,2,1.0,0,0,0.214,0,0,0,0,0.0,7
1,2023,2023051,5,Haas F1 Team,22,MAG,Kevin Magnussen,20,#505050,3.0,219,94.58,94.58,0,0,-,-,-0.553,-0.722,-0.192,25.0,-0.553,-0.722,-0.192,25.0,0.169,M,#F0E628,3,1.0,0,0,0.214,0,0,0,0,0.0,7
1,2023,2023051,5,Haas F1 Team,22,MAG,Kevin Magnussen,20,#505050,4.0,220,94.079,94.079,0,0,94.33,0.501,-0.276,0.384,-0.468,22.0,-0.276,-0.296,-0.128,25.0,-0.66,M,#F0E628,4,1.0,0,0,0.214,0,0,0,0,0.0,7
1,2023,2023051,5,Haas F1 Team,22,MAG,Kevin Magnussen,20,#505050,5.0,221,93.281,93.281,0,0,93.68,0.798,0.301,0.427,0.087,22.0,0.301,0.427,0.087,22.0,-0.126,M,#F0E628,5,1.0,0,0,0.214,0,0,0,0,0.0,7
1,2023,2023051,5,Haas F1 Team,22,MAG,Kevin Magnussen,20,#505050,6.0,222,93.595,93.595,0,0,93.438,0.314,-0.104,0.240,-0.224,22.0,-0.104,0.240,-0.224,22.0,-0.344,M,#F0E628,6,1.0,0,0,0.214,0,0,0,0,0.0,7
1,2023,2023051,5,Haas F1 Team,22,MAG,Kevin Magnussen,20,#505050,7.0,223,93.163,93.163,0,0,93.379,0.432,0.123,0.259,-0.006,22.0,0.123,0.259,-0.006,22.0,-0.136,M,#F0E628,7,1.0,0,0,0.214,0,0,0,0,0.0,7
1,2023,2023051,5,Haas F1 Team,22,MAG,Kevin Magnussen,20,#505050,8.0,224,93.136,93.136,0,0,93.149,0.027,0.224,1.216,-0.384,22.0,0.224,0.312,0.068,22.0,-0.992,M,#F0E628,8,1.0,0,1,0.214,0,0,0,0,0.0,7
1,2023,2023051,5,Haas F1 Team,22,MAG,Kevin Magnussen,20,#505050,9.0,225,93.293,93.293,0,0,93.214,0.157,0.144,0.181,0.053,22.0,0.144,0.181,0.053,22.0,-0.037,M,#F0E628,9,1.0,0,0,0.214,0,0,0,0,0.0,7
1,2023,2023051,5,Haas F1 Team,22,MAG,Kevin Magnussen,20,#505050,10.0,226,93.551,93.551,0,0,93.422,0.258,-0.099,0.387,-0.292,22.0,-0.099,0.387,-0.292,22.0,-0.486,M,#F0E628,10,1.0,0,0,0.214,0,0,0,0,0.0,7
1,2023,2023051,5,Haas F1 Team,22,MAG,Kevin Magnussen,20,#505050,11.0,227,93.431,93.431,0,0,93.491,0.120,-0.154,0.011,-0.160,22.0,-0.154,0.011,-0.160,22.0,-0.165,M,#F0E628,11,1.0,0,0,0.214,0,0,0,0,0.0,7
1,2023,2023051,5,Haas F1 Team,22,MAG,Kevin Magnussen,20,#505050,12.0,228,93.148,93.148,0,0,93.29,0.283,0.081,0.235,-0.036,22.0,0.081,0.235,-0.036,22.0,-0.154,M,#F0E628,12,1.0,0,0,0.214,0,0,0,0,0.0,7
1,2023,2023051,5,Haas F1 Team,22,MAG,Kevin Magnussen,20,#505050,13.0,229,94.546,94.546,0,0,93.847,1.398,-1.199,-1.001,-0.699,25.0,-1.199,-1.001,-0.699,25.0,-0.198,M,#F0E628,13,1.0,0,0,0.214,0,0,0,0,0.0,7
1,2023,2023051,5,Haas F1 Team,22,MAG,Kevin Magnussen,20,#505050,14.0,230,-,-,0,1,-,-,-,-,-,-,-,-,-,-,-0.006,M,#F0E628,14,1.0,1,0,0.214,0,0,0,0,0.0,12
1,2023,2023051,5,Haas F1 Team,22,MAG,Kevin Magnussen,20,#505050,15.0,231,-,-,0,1,-,-,-,-,-,-,-,-,-,-,-1.205,H,#A5AFB9,1,2.0,0,0,0.186,0,0,0,0,0.0,16
1,2023,2023051,5,Haas F1 Team,22,MAG,Kevin Magnussen,20,#505050,16.0,232,92.134,92.134,0,0,-,-,1.099,1.132,0.533,22.0,1.099,1.132,0.533,22.0,-0.033,H,#A5AFB9,2,2.0,0,0,0.186,0,0,0,0,0.0,15
1,2023,2023051,5,Haas F1 Team,22,MAG,Kevin Magnussen,20,#505050,17.0,233,92.645,92.276,1,0,92.205,0.511,0.408,0.760,0.028,22.0,0.777,1.129,0.212,22.0,-0.352,H,#A5AFB9,3,2.0,0,0,0.186,0,0,0,0,0.0,15
1,2023,2023051,5,Haas F1 Team,22,MAG,Kevin Magnussen,20,#505050,18.0,234,92.418,92.418,0,0,92.347,0.227,0.673,1.408,-0.031,22.0,0.673,1.408,-0.031,22.0,-0.735,H,#A5AFB9,4,2.0,0,0,0.186,0,0,0,0,0.0,14
1,2023,2023051,5,Haas F1 Team,22,MAG,Kevin Magnussen,20,#505050,19.0,235,92.833,92.833,0,0,92.626,0.415,0.338,0.272,0.202,22.0,0.338,0.272,0.202,22.0,0.066,H,#A5AFB9,5,2.0,0,0,0.186,0,0,0,0,0.0,14
1,2023,2023051,5,Haas F1 Team,22,MAG,Kevin Magnussen,20,#505050,20.0,236,93.613,92.584,1,0,92.708,0.780,-0.593,-0.773,-0.206,25.0,0.437,0.257,0.308,22.0,0.18,H,#A5AFB9,6,2.0,0,0,0.186,0,0,0,0,0.0,14
1,2023,2023051,5,Haas F1 Team,22,MAG,Kevin Magnussen,20,#505050,21.0,237,92.334,92.334,0,0,92.459,1.279,0.785,1.590,-0.010,22.0,0.785,0.626,0.472,22.0,-0.805,H,#A5AFB9,7,2.0,0,0,0.186,0,0,0,0,0.0,14
1,2023,2023051,5,Haas F1 Team,22,MAG,Kevin Magnussen,20,#505050,22.0,238,92.522,92.522,0,0,92.428,0.188,0.396,0.559,0.117,22.0,0.396,0.559,0.117,22.0,-0.163,H,#A5AFB9,8,2.0,0,0,0.186,0,0,0,0,0.0,13
1,2023,2023051,5,Haas F1 Team,22,MAG,Kevin Magnussen,20,#505050,23.0,239,93.278,92.863,1,0,92.692,0.756,-0.339,0.939,-0.808,22.0,0.077,0.322,-0.084,22.0,-1.278,H,#A5AFB9,9,2.0,0,0,0.186,0,0,0,0,0.0,13
1,2023,2023051,5,Haas F1 Team,22,MAG,Kevin Magnussen,20,#505050,24.0,240,93.203,93.203,0,0,93.033,0.075,-0.283,0.085,-0.326,22.0,-0.283,0.085,-0.326,22.0,-0.368,H,#A5AFB9,10,2.0,0,0,0.186,0,0,0,0,1.0,12
1,2023,2023051,5,Haas F1 Team,22,MAG,Kevin Magnussen,20,#505050,25.0,241,92.734,92.734,0,0,92.968,0.469,0.178,0.678,-0.161,22.0,0.178,0.678,-0.161,22.0,-0.5,H,#A5AFB9,11,2.0,0,0,0.186,0,0,0,0,0.0,12
1,2023,2023051,5,Haas F1 Team,22,MAG,Kevin Magnussen,20,#505050,26.0,242,93.039,93.039,0,0,92.886,0.305,-0.18,-0.035,-0.162,25.0,-0.180,-0.035,-0.162,25.0,-0.145,H,#A5AFB9,12,2.0,0,0,0.186,0,0,0,0,0.0,12
1,2023,2023051,5,Haas F1 Team,22,MAG,Kevin Magnussen,20,#505050,27.0,243,92.854,92.854,0,0,92.946,0.185,-0.04,0.222,-0.151,22.0,-0.040,0.222,-0.151,22.0,-0.262,H,#A5AFB9,13,2.0,0,0,0.186,0,0,0,0,0.0,12
1,2023,2023051,5,Haas F1 Team,22,MAG,Kevin Magnussen,20,#505050,28.0,244,92.585,92.585,0,0,92.72,0.269,0.223,1.648,-0.601,22.0,0.223,0.449,-0.002,22.0,-1.425,H,#A5AFB9,14,2.0,0,0,0.186,0,0,0,0,0.0,12
1,2023,2023051,5,Haas F1 Team,22,MAG,Kevin Magnussen,20,#505050,29.0,245,92.426,92.426,0,0,92.506,0.159,0.375,0.565,0.092,22.0,0.375,0.565,0.092,22.0,-0.19,H,#A5AFB9,15,2.0,0,0,0.186,0,0,0,0,0.0,12
1,2023,2023051,5,Haas F1 Team,22,MAG,Kevin Magnussen,20,#505050,30.0,246,92.433,92.433,0,0,92.43,0.007,0.359,0.617,0.050,22.0,0.359,0.617,0.050,22.0,-0.258,H,#A5AFB9,16,2.0,0,0,0.186,0,0,0,0,0.0,12
1,2023,2023051,5,Haas F1 Team,22,MAG,Kevin Magnussen,20,#505050,31.0,247,92.256,92.256,0,0,92.345,0.177,0.379,0.755,0.002,22.0,0.379,0.755,0.002,22.0,-0.376,H,#A5AFB9,17,2.0,0,0,0.186,0,0,0,0,0.0,12
1,2023,2023051,5,Haas F1 Team,22,MAG,Kevin Magnussen,20,#505050,32.0,248,92.592,92.592,0,0,92.424,0.336,-0.068,-0.008,-0.064,25.0,-0.068,-0.008,-0.064,25.0,-0.06,H,#A5AFB9,18,2.0,0,0,0.186,0,0,0,0,0.0,12
1,2023,2023051,5,Haas F1 Team,22,MAG,Kevin Magnussen,20,#505050,33.0,249,93.4,92.596,1,0,92.594,0.808,-0.893,-,-,-,-0.089,-,-,-,,H,#A5AFB9,19,2.0,0,0,0.186,0,0,0,0,0.0,11
1,2023,2023051,5,Haas F1 Team,22,MAG,Kevin Magnussen,20,#505050,34.0,250,92.6,92.6,0,0,92.598,0.800,-0.215,-,-,-,-0.215,-,-,-,,H,#A5AFB9,20,2.0,0,0,0.186,0,0,0,0,0.0,11
1,2023,2023051,5,Haas F1 Team,22,MAG,Kevin Magnussen,20,#505050,35.0,251,92.958,92.958,0,0,92.779,0.358,-0.626,-1.658,0.203,25.0,-0.626,-1.658,0.203,25.0,1.032,H,#A5AFB9,21,2.0,0,0,0.186,0,0,0,0,0.0,11
1,2023,2023051,5,Haas F1 Team,22,MAG,Kevin Magnussen,20,#505050,36.0,252,93.329,93.329,0,0,93.143,0.371,-0.905,-2.428,0.309,25.0,-0.905,-2.428,0.309,25.0,1.523,H,#A5AFB9,22,2.0,0,1,0.186,0,0,0,0,-1.0,12
1,2023,2023051,5,Haas F1 Team,22,MAG,Kevin Magnussen,20,#505050,37.0,253,93.335,93.335,0,0,93.332,0.006,-0.936,-0.938,-0.467,25.0,-0.936,-1.787,-0.043,25.0,0.002,H,#A5AFB9,23,2.0,0,0,0.186,0,0,0,0,1.0,10
1,2023,2023051,5,Haas F1 Team,22,MAG,Kevin Magnussen,20,#505050,38.0,254,93.578,93.578,0,0,93.456,0.243,-1.205,-1.383,-0.514,25.0,-1.205,-1.383,-0.514,25.0,0.178,H,#A5AFB9,24,2.0,0,0,0.186,0,0,0,0,-1.0,10
1,2023,2023051,5,Haas F1 Team,22,MAG,Kevin Magnussen,20,#505050,39.0,255,92.629,92.629,0,0,93.104,0.949,-0.286,-0.594,0.011,25.0,-0.286,-0.594,0.011,25.0,0.308,H,#A5AFB9,25,2.0,0,0,0.186,0,0,0,0,0.0,10
1,2023,2023051,5,Haas F1 Team,22,MAG,Kevin Magnussen,20,#505050,40.0,256,92.732,92.732,0,0,92.68,0.103,-0.404,-0.559,-0.124,25.0,-0.404,-0.559,-0.124,25.0,0.155,H,#A5AFB9,26,2.0,0,0,0.186,0,0,0,0,0.0,9
1,2023,2023051,5,Haas F1 Team,22,MAG,Kevin Magnussen,20,#505050,41.0,257,92.678,92.678,0,0,92.705,0.054,-0.51,-0.502,-0.259,25.0,-0.510,-0.502,-0.259,25.0,-0.008,H,#A5AFB9,27,2.0,0,0,0.186,0,0,0,0,0.0,9
1,2023,2023051,5,Haas F1 Team,22,MAG,Kevin Magnussen,20,#505050,42.0,258,92.456,92.456,0,0,92.567,0.222,-0.325,-0.104,-0.273,25.0,-0.325,-0.104,-0.273,25.0,-0.221,H,#A5AFB9,28,2.0,0,0,0.186,0,0,0,0,0.0,9
1,2023,2023051,5,Haas F1 Team,22,MAG,Kevin Magnussen,20,#505050,43.0,259,92.516,92.516,0,0,92.486,0.060,-0.487,-0.619,-0.177,25.0,-0.487,-0.619,-0.177,25.0,0.132,H,#A5AFB9,29,2.0,0,0,0.186,0,0,0,0,0.0,8
1,2023,2023051,5,Haas F1 Team,22,MAG,Kevin Magnussen,20,#505050,44.0,260,92.292,92.292,0,0,92.404,0.224,-0.378,-0.317,-0.220,25.0,-0.378,-0.317,-0.220,25.0,-0.061,H,#A5AFB9,30,2.0,0,0,0.186,0,0,0,0,0.0,8
1,2023,2023051,5,Haas F1 Team,22,MAG,Kevin Magnussen,20,#505050,45.0,261,92.12,92.12,0,0,92.206,0.172,-0.046,-0.166,0.037,25.0,-0.046,-0.166,0.037,25.0,0.12,H,#A5AFB9,31,2.0,0,0,0.186,0,0,0,0,0.0,8
1,2023,2023051,5,Haas F1 Team,22,MAG,Kevin Magnussen,20,#505050,46.0,262,93.209,93.209,0,0,92.664,1.089,-1.024,-0.978,-0.535,25.0,-1.024,-0.978,-0.535,25.0,-0.046,H,#A5AFB9,32,2.0,0,0,0.186,0,0,0,0,-1.0,9
1,2023,2023051,5,Haas F1 Team,22,MAG,Kevin Magnussen,20,#505050,47.0,263,93.387,93.387,0,0,93.298,0.178,-1.27,-0.544,-0.998,25.0,-1.270,-0.930,-0.805,25.0,-0.726,H,#A5AFB9,33,2.0,0,0,0.186,0,0,0,0,-1.0,10
1,2023,2023051,5,Haas F1 Team,22,MAG,Kevin Magnussen,20,#505050,48.0,264,92.591,92.591,0,0,92.989,0.796,-0.597,0.091,-0.642,22.0,-0.597,0.091,-0.642,22.0,-0.688,H,#A5AFB9,34,2.0,0,0,0.186,0,0,0,0,0.0,10
1,2023,2023051,5,Haas F1 Team,22,MAG,Kevin Magnussen,20,#505050,49.0,265,92.402,92.402,0,0,92.496,0.189,-0.404,0.987,-0.897,22.0,-0.404,0.195,-0.502,22.0,-1.391,H,#A5AFB9,35,2.0,0,0,0.186,0,0,0,0,0.0,10
1,2023,2023051,5,Haas F1 Team,22,MAG,Kevin Magnussen,20,#505050,50.0,266,92.462,92.462,0,0,92.432,0.060,-0.471,0.049,-0.495,22.0,-0.471,0.049,-0.495,22.0,-0.52,H,#A5AFB9,36,2.0,0,0,0.186,0,0,0,0,0.0,10
1,2023,2023051,5,Haas F1 Team,22,MAG,Kevin Magnussen,20,#505050,51.0,267,92.237,92.237,0,0,92.35,0.225,-0.371,-0.039,-0.351,25.0,-0.371,-0.039,-0.351,25.0,-0.332,H,#A5AFB9,37,2.0,0,0,0.186,0,0,0,0,0.0,10
1,2023,2023051,5,Haas F1 Team,22,MAG,Kevin Magnussen,20,#505050,52.0,268,91.964,91.964,0,0,92.1,0.273,-0.14,0.180,-0.230,22.0,-0.140,0.180,-0.230,22.0,-0.32,H,#A5AFB9,38,2.0,0,0,0.186,0,0,0,0,0.0,10
1,2023,2023051,5,Haas F1 Team,22,MAG,Kevin Magnussen,20,#505050,53.0,269,91.691,91.691,0,0,91.828,0.273,0.217,0.374,0.030,22.0,0.217,0.374,0.030,22.0,-0.157,H,#A5AFB9,39,2.0,0,0,0.186,0,0,0,0,0.0,10
1,2023,2023051,5,Haas F1 Team,22,MAG,Kevin Magnussen,20,#505050,54.0,270,91.893,91.893,0,0,91.792,0.202,-0.061,0.392,-0.257,22.0,-0.061,0.392,-0.257,22.0,-0.453,H,#A5AFB9,40,2.0,0,0,0.186,0,0,0,0,0.0,10
1,2023,2023051,5,Haas F1 Team,22,MAG,Kevin Magnussen,20,#505050,55.0,271,91.735,91.735,0,0,91.814,0.158,-0.052,0.353,-0.229,22.0,-0.052,0.353,-0.229,22.0,-0.405,H,#A5AFB9,41,2.0,0,0,0.186,0,0,0,0,0.0,10
1,2023,2023051,5,Haas F1 Team,22,MAG,Kevin Magnussen,20,#505050,56.0,272,91.757,91.757,0,0,91.746,0.022,-0.128,0.444,-0.350,22.0,-0.128,0.444,-0.350,22.0,-0.572,H,#A5AFB9,42,2.0,0,0,0.186,0,0,0,0,0.0,10
1,2023,2023051,5,Haas F1 Team,22,MAG,Kevin Magnussen,20,#505050,57.0,273,92.025,92.025,0,0,91.891,0.268,-0.506,0.999,-1.006,22.0,-0.506,0.999,-1.006,22.0,-1.505,H,#A5AFB9,43,2.0,0,0,0.186,0,0,0,0,0.0,10
1,2023,2023051,5,Haas F1 Team,25,HUL,Nico Hulkenberg,27,#505050,1.0,217,-,-,0,1,-,-,-,-,-,-,-,-,-,-,,H,#A5AFB9,1,1.0,0,0,0.290,0,0,0,0,,11
1,2023,2023051,5,Haas F1 Team,25,HUL,Nico Hulkenberg,27,#505050,2.0,218,-,-,0,1,-,-,-,-,-,-,-,-,-,-,,H,#A5AFB9,2,1.0,0,0,0.290,0,0,0,0,0.0,11
1,2023,2023051,5,Haas F1 Team,25,HUL,Nico Hulkenberg,27,#505050,3.0,219,93.858,93.858,0,0,-,-,0.169,-0.722,-0.192,25.0,0.169,-0.722,-0.192,25.0,-0.553,H,#A5AFB9,3,1.0,0,0,0.290,0,0,0,0,0.0,11
1,2023,2023051,5,Haas F1 Team,25,HUL,Nico Hulkenberg,27,#505050,4.0,220,94.463,93.783,1,0,93.821,0.605,-0.66,0.384,-0.468,22.0,0.020,-0.296,-0.128,25.0,-0.276,H,#A5AFB9,4,1.0,0,0,0.290,0,0,0,0,0.0,11
1,2023,2023051,5,Haas F1 Team,25,HUL,Nico Hulkenberg,27,#505050,5.0,221,93.708,93.708,0,0,93.746,0.755,-0.126,0.427,0.087,22.0,-0.126,0.427,0.087,22.0,0.301,H,#A5AFB9,5,1.0,0,0,0.290,0,0,0,0,0.0,11
1,2023,2023051,5,Haas F1 Team,25,HUL,Nico Hulkenberg,27,#505050,6.0,222,93.835,93.835,0,0,93.772,0.127,-0.344,0.240,-0.224,22.0,-0.344,0.240,-0.224,22.0,-0.104,H,#A5AFB9,6,1.0,0,0,0.290,0,0,0,0,0.0,11
1,2023,2023051,5,Haas F1 Team,25,HUL,Nico Hulkenberg,27,#505050,7.0,223,93.422,93.422,0,0,93.628,0.413,-0.136,0.259,-0.006,22.0,-0.136,0.259,-0.006,22.0,0.123,H,#A5AFB9,7,1.0,0,0,0.290,0,0,0,0,0.0,11
1,2023,2023051,5,Haas F1 Team,25,HUL,Nico Hulkenberg,27,#505050,8.0,224,94.352,93.448,1,0,93.435,0.930,-0.992,1.216,-0.384,22.0,-0.088,0.312,0.068,22.0,0.224,H,#A5AFB9,8,1.0,0,0,0.290,0,0,0,0,0.0,11
1,2023,2023051,5,Haas F1 Team,25,HUL,Nico Hulkenberg,27,#505050,9.0,225,93.474,93.474,0,0,93.461,0.878,-0.037,0.181,0.053,22.0,-0.037,0.181,0.053,22.0,0.144,H,#A5AFB9,9,1.0,0,0,0.290,0,0,0,0,0.0,11
1,2023,2023051,5,Haas F1 Team,25,HUL,Nico Hulkenberg,27,#505050,10.0,226,93.938,93.938,0,0,93.706,0.464,-0.486,0.387,-0.292,22.0,-0.486,0.387,-0.292,22.0,-0.099,H,#A5AFB9,10,1.0,0,0,0.290,0,0,0,0,0.0,11
1,2023,2023051,5,Haas F1 Team,25,HUL,Nico Hulkenberg,27,#505050,11.0,227,93.442,93.442,0,0,93.69,0.496,-0.165,0.011,-0.160,22.0,-0.165,0.011,-0.160,22.0,-0.154,H,#A5AFB9,11,1.0,0,0,0.290,0,0,0,0,0.0,11
1,2023,2023051,5,Haas F1 Team,25,HUL,Nico Hulkenberg,27,#505050,12.0,228,93.383,93.383,0,0,93.412,0.059,-0.154,0.235,-0.036,22.0,-0.154,0.235,-0.036,22.0,0.081,H,#A5AFB9,12,1.0,0,0,0.290,0,0,0,0,0.0,11
1,2023,2023051,5,Haas F1 Team,25,HUL,Nico Hulkenberg,27,#505050,13.0,229,93.545,93.545,0,0,93.464,0.162,-0.198,-1.001,-0.699,25.0,-0.198,-1.001,-0.699,25.0,-1.199,H,#A5AFB9,13,1.0,0,0,0.290,0,0,0,0,0.0,11
1,2023,2023051,5,Haas F1 Team,25,HUL,Nico Hulkenberg,27,#505050,14.0,230,93.434,93.434,0,0,93.489,0.111,-0.006,-,-,-,-0.006,-,-,-,,H,#A5AFB9,14,1.0,0,0,0.290,0,0,0,0,0.0,10
1,2023,2023051,5,Haas F1 Team,25,HUL,Nico Hulkenberg,27,#505050,15.0,231,94.473,93.35,1,0,93.392,1.039,-1.205,-,-,-,-0.082,-,-,-,,H,#A5AFB9,15,1.0,0,0,0.290,0,0,0,0,0.0,9
1,2023,2023051,5,Haas F1 Team,25,HUL,Nico Hulkenberg,27,#505050,16.0,232,93.266,93.266,0,0,93.308,1.207,-0.033,1.132,0.533,22.0,-0.033,1.132,0.533,22.0,1.099,H,#A5AFB9,16,1.0,0,0,0.290,0,0,0,0,0.0,8
1,2023,2023051,5,Haas F1 Team,25,HUL,Nico Hulkenberg,27,#505050,17.0,233,93.405,93.405,0,0,93.336,0.139,-0.352,0.760,0.028,22.0,-0.352,1.129,0.212,22.0,0.408,H,#A5AFB9,17,1.0,0,1,0.290,0,0,0,0,0.0,8
1,2023,2023051,5,Haas F1 Team,25,HUL,Nico Hulkenberg,27,#505050,18.0,234,93.826,93.826,0,0,93.616,0.421,-0.735,1.408,-0.031,22.0,-0.735,1.408,-0.031,22.0,0.673,H,#A5AFB9,18,1.0,0,0,0.290,0,0,0,0,0.0,6
1,2023,2023051,5,Haas F1 Team,25,HUL,Nico Hulkenberg,27,#505050,19.0,235,93.105,93.105,0,0,93.465,0.721,0.066,0.272,0.202,22.0,0.066,0.272,0.202,22.0,0.338,H,#A5AFB9,19,1.0,0,0,0.290,0,0,0,0,0.0,5
1,2023,2023051,5,Haas F1 Team,25,HUL,Nico Hulkenberg,27,#505050,20.0,236,92.84,92.84,0,0,92.972,0.265,0.18,-0.773,-0.206,25.0,0.180,0.257,0.308,22.0,-0.593,H,#A5AFB9,20,1.0,0,0,0.290,0,0,0,0,0.0,5
1,2023,2023051,5,Haas F1 Team,25,HUL,Nico Hulkenberg,27,#505050,21.0,237,93.924,92.96,1,0,92.9,1.084,-0.805,1.590,-0.010,22.0,0.159,0.626,0.472,22.0,0.785,H,#A5AFB9,21,1.0,0,0,0.290,0,0,0,0,-1.0,6
1,2023,2023051,5,Haas F1 Team,25,HUL,Nico Hulkenberg,27,#505050,22.0,238,93.081,93.081,0,0,93.021,0.843,-0.163,0.559,0.117,22.0,-0.163,0.559,0.117,22.0,0.396,H,#A5AFB9,22,1.0,0,0,0.290,0,0,0,0,0.0,6
1,2023,2023051,5,Haas F1 Team,25,HUL,Nico Hulkenberg,27,#505050,23.0,239,94.217,93.184,1,0,93.133,1.136,-1.278,0.939,-0.808,22.0,-0.245,0.322,-0.084,22.0,-0.339,H,#A5AFB9,23,1.0,0,0,0.290,0,0,0,0,-1.0,7
1,2023,2023051,5,Haas F1 Team,25,HUL,Nico Hulkenberg,27,#505050,24.0,240,93.288,93.288,0,0,93.236,0.929,-0.368,0.085,-0.326,22.0,-0.368,0.085,-0.326,22.0,-0.283,H,#A5AFB9,24,1.0,0,0,0.290,0,0,0,0,0.0,7
1,2023,2023051,5,Haas F1 Team,25,HUL,Nico Hulkenberg,27,#505050,25.0,241,93.412,93.412,0,0,93.35,0.124,-0.5,0.678,-0.161,22.0,-0.500,0.678,-0.161,22.0,0.178,H,#A5AFB9,25,1.0,0,0,0.290,0,0,0,0,0.0,7
1,2023,2023051,5,Haas F1 Team,25,HUL,Nico Hulkenberg,27,#505050,26.0,242,93.004,93.004,0,0,93.208,0.408,-0.145,-0.035,-0.162,25.0,-0.145,-0.035,-0.162,25.0,-0.18,H,#A5AFB9,26,1.0,0,0,0.290,0,0,0,0,0.0,7
1,2023,2023051,5,Haas F1 Team,25,HUL,Nico Hulkenberg,27,#505050,27.0,243,93.076,93.076,0,0,93.04,0.072,-0.262,0.222,-0.151,22.0,-0.262,0.222,-0.151,22.0,-0.04,H,#A5AFB9,27,1.0,0,0,0.290,0,0,0,0,0.0,7
1,2023,2023051,5,Haas F1 Team,25,HUL,Nico Hulkenberg,27,#505050,28.0,244,94.233,93.034,1,0,93.055,1.157,-1.425,1.648,-0.601,22.0,-0.226,0.449,-0.002,22.0,0.223,H,#A5AFB9,28,1.0,0,0,0.290,0,0,0,0,-1.0,8
1,2023,2023051,5,Haas F1 Team,25,HUL,Nico Hulkenberg,27,#505050,29.0,245,92.991,92.991,0,0,93.012,1.242,-0.19,0.565,0.092,22.0,-0.190,0.565,0.092,22.0,0.375,H,#A5AFB9,29,1.0,0,0,0.290,0,0,0,0,0.0,8
1,2023,2023051,5,Haas F1 Team,25,HUL,Nico Hulkenberg,27,#505050,30.0,246,93.05,93.05,0,0,93.02,0.059,-0.258,0.617,0.050,22.0,-0.258,0.617,0.050,22.0,0.359,H,#A5AFB9,30,1.0,0,0,0.290,0,0,0,0,0.0,8
1,2023,2023051,5,Haas F1 Team,25,HUL,Nico Hulkenberg,27,#505050,31.0,247,93.011,93.011,0,0,93.03,0.039,-0.376,0.755,0.002,22.0,-0.376,0.755,0.002,22.0,0.379,H,#A5AFB9,31,1.0,0,0,0.290,0,0,0,0,0.0,8
1,2023,2023051,5,Haas F1 Team,25,HUL,Nico Hulkenberg,27,#505050,32.0,248,92.584,92.584,0,0,92.798,0.427,-0.06,-0.008,-0.064,25.0,-0.060,-0.008,-0.064,25.0,-0.068,H,#A5AFB9,32,1.0,0,0,0.290,0,0,0,0,0.0,8
1,2023,2023051,5,Haas F1 Team,25,HUL,Nico Hulkenberg,27,#505050,33.0,249,-,-,0,1,-,-,-,-,-,-,-,-,-,-,-0.893,H,#A5AFB9,33,1.0,1,0,0.290,0,0,0,0,0.0,13
1,2023,2023051,5,Haas F1 Team,25,HUL,Nico Hulkenberg,27,#505050,34.0,250,-,-,0,1,-,-,-,-,-,-,-,-,-,-,-0.215,M,#F0E628,1,2.0,0,0,0.212,0,0,0,0,0.0,16
1,2023,2023051,5,Haas F1 Team,25,HUL,Nico Hulkenberg,27,#505050,35.0,251,91.3,91.3,0,0,-,-,1.032,-1.658,0.203,25.0,1.032,-1.658,0.203,25.0,-0.626,M,#F0E628,2,2.0,0,0,0.212,0,0,0,0,0.0,16
1,2023,2023051,5,Haas F1 Team,25,HUL,Nico Hulkenberg,27,#505050,36.0,252,90.901,90.901,0,0,91.1,0.399,1.523,-2.428,0.309,25.0,1.523,-2.428,0.309,25.0,-0.905,M,#F0E628,3,2.0,0,0,0.212,0,0,0,0,0.0,16
1,2023,2023051,5,Haas F1 Team,25,HUL,Nico Hulkenberg,27,#505050,37.0,253,92.397,91.548,1,0,91.224,1.496,0.002,-0.938,-0.467,25.0,0.851,-1.787,-0.043,25.0,-0.936,M,#F0E628,4,2.0,0,0,0.212,0,0,0,0,1.0,15
1,2023,2023051,5,Haas F1 Team,25,HUL,Nico Hulkenberg,27,#505050,38.0,254,92.195,92.195,0,0,91.872,0.202,0.178,-1.383,-0.514,25.0,0.178,-1.383,-0.514,25.0,-1.205,M,#F0E628,5,2.0,0,0,0.212,0,0,0,0,0.0,15
1,2023,2023051,5,Haas F1 Team,25,HUL,Nico Hulkenberg,27,#505050,39.0,255,92.035,92.035,0,0,92.115,0.160,0.308,-0.594,0.011,25.0,0.308,-0.594,0.011,25.0,-0.286,M,#F0E628,6,2.0,0,0,0.212,0,0,0,0,0.0,15
1,2023,2023051,5,Haas F1 Team,25,HUL,Nico Hulkenberg,27,#505050,40.0,256,92.173,92.173,0,0,92.104,0.138,0.155,-0.559,-0.124,25.0,0.155,-0.559,-0.124,25.0,-0.404,M,#F0E628,7,2.0,0,0,0.212,0,0,0,0,0.0,15
1,2023,2023051,5,Haas F1 Team,25,HUL,Nico Hulkenberg,27,#505050,41.0,257,92.176,92.176,0,0,92.174,0.003,-0.008,-0.502,-0.259,25.0,-0.008,-0.502,-0.259,25.0,-0.51,M,#F0E628,8,2.0,0,0,0.212,0,0,0,0,0.0,15
1,2023,2023051,5,Haas F1 Team,25,HUL,Nico Hulkenberg,27,#505050,42.0,258,92.352,92.352,0,0,92.264,0.176,-0.221,-0.104,-0.273,25.0,-0.221,-0.104,-0.273,25.0,-0.325,M,#F0E628,9,2.0,0,0,0.212,0,0,0,0,0.0,15
1,2023,2023051,5,Haas F1 Team,25,HUL,Nico Hulkenberg,27,#505050,43.0,259,91.897,91.897,0,0,92.125,0.455,0.132,-0.619,-0.177,25.0,0.132,-0.619,-0.177,25.0,-0.487,M,#F0E628,10,2.0,0,0,0.212,0,0,0,0,0.0,14
1,2023,2023051,5,Haas F1 Team,25,HUL,Nico Hulkenberg,27,#505050,44.0,260,91.975,91.975,0,0,91.936,0.078,-0.061,-0.317,-0.220,25.0,-0.061,-0.317,-0.220,25.0,-0.378,M,#F0E628,11,2.0,0,0,0.212,0,0,0,0,0.0,14
1,2023,2023051,5,Haas F1 Team,25,HUL,Nico Hulkenberg,27,#505050,45.0,261,91.954,91.954,0,0,91.964,0.021,0.12,-0.166,0.037,25.0,0.120,-0.166,0.037,25.0,-0.046,M,#F0E628,12,2.0,0,0,0.212,0,0,0,0,0.0,14
1,2023,2023051,5,Haas F1 Team,25,HUL,Nico Hulkenberg,27,#505050,46.0,262,92.231,92.231,0,0,92.092,0.277,-0.046,-0.978,-0.535,25.0,-0.046,-0.978,-0.535,25.0,-1.024,M,#F0E628,13,2.0,0,1,0.212,0,0,0,0,0.0,14
1,2023,2023051,5,Haas F1 Team,25,HUL,Nico Hulkenberg,27,#505050,47.0,263,92.843,92.456,1,0,92.344,0.612,-0.726,-0.544,-0.998,25.0,-0.340,-0.930,-0.805,25.0,-1.27,M,#F0E628,14,2.0,0,0,0.212,0,0,0,0,-1.0,15
1,2023,2023051,5,Haas F1 Team,25,HUL,Nico Hulkenberg,27,#505050,48.0,264,92.682,92.682,0,0,92.569,0.161,-0.688,0.091,-0.642,22.0,-0.688,0.091,-0.642,22.0,-0.597,M,#F0E628,15,2.0,0,0,0.212,0,0,0,0,0.0,15
1,2023,2023051,5,Haas F1 Team,25,HUL,Nico Hulkenberg,27,#505050,49.0,265,93.389,92.596,1,0,92.639,0.707,-1.391,0.987,-0.897,22.0,-0.599,0.195,-0.502,22.0,-0.404,M,#F0E628,16,2.0,0,0,0.212,0,0,0,0,0.0,15
1,2023,2023051,5,Haas F1 Team,25,HUL,Nico Hulkenberg,27,#505050,50.0,266,92.511,92.511,0,0,92.554,0.878,-0.52,0.049,-0.495,22.0,-0.520,0.049,-0.495,22.0,-0.471,M,#F0E628,17,2.0,0,0,0.212,0,0,0,0,0.0,15
1,2023,2023051,5,Haas F1 Team,25,HUL,Nico Hulkenberg,27,#505050,51.0,267,92.198,92.198,0,0,92.354,0.313,-0.332,-0.039,-0.351,25.0,-0.332,-0.039,-0.351,25.0,-0.371,M,#F0E628,18,2.0,0,0,0.212,0,0,0,0,0.0,15
1,2023,2023051,5,Haas F1 Team,25,HUL,Nico Hulkenberg,27,#505050,52.0,268,92.144,92.144,0,0,92.171,0.054,-0.32,0.180,-0.230,22.0,-0.320,0.180,-0.230,22.0,-0.14,M,#F0E628,19,2.0,0,0,0.212,0,0,0,0,0.0,15
1,2023,2023051,5,Haas F1 Team,25,HUL,Nico Hulkenberg,27,#505050,53.0,269,92.065,92.065,0,0,92.104,0.079,-0.157,0.374,0.030,22.0,-0.157,0.374,0.030,22.0,0.217,M,#F0E628,20,2.0,0,0,0.212,0,0,0,0,0.0,15
1,2023,2023051,5,Haas F1 Team,25,HUL,Nico Hulkenberg,27,#505050,54.0,270,92.285,92.285,0,0,92.175,0.220,-0.453,0.392,-0.257,22.0,-0.453,0.392,-0.257,22.0,-0.061,M,#F0E628,21,2.0,0,0,0.212,0,0,0,0,0.0,15
1,2023,2023051,5,Haas F1 Team,25,HUL,Nico Hulkenberg,27,#505050,55.0,271,92.088,92.088,0,0,92.186,0.197,-0.405,0.353,-0.229,22.0,-0.405,0.353,-0.229,22.0,-0.052,M,#F0E628,22,2.0,0,0,0.212,0,0,0,0,0.0,15
1,2023,2023051,5,Haas F1 Team,25,HUL,Nico Hulkenberg,27,#505050,56.0,272,92.201,92.201,0,0,92.144,0.113,-0.572,0.444,-0.350,22.0,-0.572,0.444,-0.350,22.0,-0.128,M,#F0E628,23,2.0,0,0,0.212,0,0,0,0,0.0,15
1,2023,2023051,5,Haas F1 Team,25,HUL,Nico Hulkenberg,27,#505050,57.0,273,93.024,93.024,0,0,92.612,0.823,-1.505,0.999,-1.006,22.0,-1.505,0.999,-1.006,22.0,-0.506,M,#F0E628,24,2.0,0,0,0.212,0,0,0,0,0.0,15
1,2023,2023061,6,Haas F1 Team,22,MAG,Kevin Magnussen,20,#505050,1.0,274,-,-,0,1,-,-,-,-,-,-,-,-,-,-,,H,#A5AFB9,1,1.0,0,0,0.713,0,0,0,0,,16
1,2023,2023061,6,Haas F1 Team,22,MAG,Kevin Magnussen,20,#505050,2.0,275,-,-,0,1,-,-,-,-,-,-,-,-,-,-,,H,#A5AFB9,2,1.0,0,0,0.713,0,0,0,0,0.0,16
1,2023,2023061,6,Haas F1 Team,22,MAG,Kevin Magnussen,20,#505050,3.0,276,79.929,79.929,0,0,-,-,-0.336,-2.708,1.018,25.0,-0.336,-2.708,1.018,25.0,2.372,H,#A5AFB9,3,1.0,0,0,0.713,0,0,0,0,0.0,16
1,2023,2023061,6,Haas F1 Team,22,MAG,Kevin Magnussen,20,#505050,4.0,277,80.407,80.407,0,0,80.168,0.478,-1.054,-3.259,0.576,25.0,-1.054,-3.259,0.576,25.0,2.205,H,#A5AFB9,4,1.0,0,0,0.713,0,0,0,0,0.0,16
1,2023,2023061,6,Haas F1 Team,22,MAG,Kevin Magnussen,20,#505050,5.0,278,80.224,80.224,0,0,80.316,0.183,-1.303,-3.179,0.286,25.0,-1.303,-3.179,0.286,25.0,1.876,H,#A5AFB9,5,1.0,0,0,0.713,0,0,0,0,0.0,16
1,2023,2023061,6,Haas F1 Team,22,MAG,Kevin Magnussen,20,#505050,6.0,279,79.352,79.352,0,0,79.788,0.872,-0.735,-2.361,0.445,25.0,-0.735,-2.361,0.445,25.0,1.626,H,#A5AFB9,6,1.0,0,0,0.713,0,0,0,0,0.0,16
1,2023,2023061,6,Haas F1 Team,22,MAG,Kevin Magnussen,20,#505050,7.0,280,79.512,79.512,0,0,79.432,0.160,-0.967,-2.179,0.122,25.0,-0.967,-2.179,0.122,25.0,1.212,H,#A5AFB9,7,1.0,0,0,0.713,0,0,0,0,0.0,16
1,2023,2023061,6,Haas F1 Team,22,MAG,Kevin Magnussen,20,#505050,8.0,281,79.052,79.052,0,0,79.282,0.460,-0.601,-1.815,0.306,25.0,-0.601,-1.815,0.306,25.0,1.214,H,#A5AFB9,8,1.0,0,0,0.713,0,0,0,0,0.0,16
1,2023,2023061,6,Haas F1 Team,22,MAG,Kevin Magnussen,20,#505050,9.0,282,78.914,78.914,0,0,78.983,0.138,-0.351,-1.481,0.389,25.0,-0.351,-1.481,0.389,25.0,1.13,H,#A5AFB9,9,1.0,0,0,0.713,0,0,0,0,0.0,16
1,2023,2023061,6,Haas F1 Team,22,MAG,Kevin Magnussen,20,#505050,10.0,283,79.929,79.369,1,0,79.142,1.015,-1.257,-1.901,-0.306,25.0,-0.697,-1.341,-0.026,25.0,0.644,H,#A5AFB9,10,1.0,0,0,0.713,0,0,0,0,0.0,16
1,2023,2023061,6,Haas F1 Team,22,MAG,Kevin Magnussen,20,#505050,11.0,284,79.824,79.824,0,0,79.596,0.105,-0.955,-0.228,-0.841,25.0,-0.955,-0.228,-0.841,25.0,-0.727,H,#A5AFB9,11,1.0,0,0,0.713,0,0,0,0,0.0,16
1,2023,2023061,6,Haas F1 Team,22,MAG,Kevin Magnussen,20,#505050,12.0,285,80.487,80.487,0,0,80.155,0.663,-1.351,-0.323,-1.190,25.0,-1.351,-0.323,-1.190,25.0,-1.028,H,#A5AFB9,12,1.0,0,0,0.713,0,0,0,0,0.0,16
1,2023,2023061,6,Haas F1 Team,22,MAG,Kevin Magnussen,20,#505050,13.0,286,80.886,80.886,0,0,80.686,0.399,-1.738,-0.062,-1.707,25.0,-1.738,-0.062,-1.707,25.0,-1.676,H,#A5AFB9,13,1.0,0,0,0.713,0,0,0,0,0.0,16
1,2023,2023061,6,Haas F1 Team,22,MAG,Kevin Magnussen,20,#505050,14.0,287,80.328,80.328,0,0,80.607,0.558,-1.184,0.926,-1.647,22.0,-1.184,0.926,-1.647,22.0,-2.11,H,#A5AFB9,14,1.0,0,0,0.713,0,0,0,0,0.0,16
1,2023,2023061,6,Haas F1 Team,22,MAG,Kevin Magnussen,20,#505050,15.0,288,80.287,80.287,0,0,80.308,0.041,-1.165,0.685,-1.508,22.0,-1.165,0.685,-1.508,22.0,-1.85,H,#A5AFB9,15,1.0,0,0,0.713,0,0,0,0,0.0,16
1,2023,2023061,6,Haas F1 Team,22,MAG,Kevin Magnussen,20,#505050,16.0,289,80.464,80.464,0,0,80.376,0.177,-1.341,-0.183,-1.249,25.0,-1.341,-0.183,-1.249,25.0,-1.158,H,#A5AFB9,16,1.0,0,0,0.713,0,0,0,0,0.0,16
1,2023,2023061,6,Haas F1 Team,22,MAG,Kevin Magnussen,20,#505050,17.0,290,79.206,79.206,0,0,79.835,1.258,-0.229,0.965,-0.712,22.0,-0.229,0.965,-0.712,22.0,-1.194,H,#A5AFB9,17,1.0,0,0,0.713,0,0,0,0,1.0,15
1,2023,2023061,6,Haas F1 Team,22,MAG,Kevin Magnussen,20,#505050,18.0,291,78.727,78.727,0,0,78.966,0.479,-0.019,2.439,-1.239,22.0,-0.019,1.276,-0.657,22.0,-2.458,H,#A5AFB9,18,1.0,0,0,0.713,0,0,0,0,0.0,14
1,2023,2023061,6,Haas F1 Team,22,MAG,Kevin Magnussen,20,#505050,19.0,292,78.445,78.445,0,0,78.586,0.282,0.189,1.391,-0.506,22.0,0.189,1.391,-0.506,22.0,-1.202,H,#A5AFB9,19,1.0,0,0,0.713,0,0,0,0,0.0,14
1,2023,2023061,6,Haas F1 Team,22,MAG,Kevin Magnussen,20,#505050,20.0,293,78.354,78.354,0,0,78.399,0.091,-0.011,-0.712,0.345,25.0,-0.011,-0.712,0.345,25.0,0.701,H,#A5AFB9,20,1.0,0,0,0.713,0,0,0,0,0.0,14
1,2023,2023061,6,Haas F1 Team,22,MAG,Kevin Magnussen,20,#505050,21.0,294,78.8,78.8,0,0,78.577,0.446,-0.575,-1.599,0.225,25.0,-0.575,-1.599,0.225,25.0,1.024,H,#A5AFB9,21,1.0,0,0,0.713,0,0,0,0,0.0,14
1,2023,2023061,6,Haas F1 Team,22,MAG,Kevin Magnussen,20,#505050,22.0,295,78.767,78.767,0,0,78.784,0.033,-0.63,-0.922,-0.169,25.0,-0.630,-0.922,-0.169,25.0,0.292,H,#A5AFB9,22,1.0,0,0,0.713,0,0,0,0,0.0,14
1,2023,2023061,6,Haas F1 Team,22,MAG,Kevin Magnussen,20,#505050,23.0,296,78.926,78.926,0,0,78.846,0.159,-0.734,-0.917,-0.275,25.0,-0.734,-0.917,-0.275,25.0,0.183,H,#A5AFB9,23,1.0,0,0,0.713,0,0,0,0,0.0,14
1,2023,2023061,6,Haas F1 Team,22,MAG,Kevin Magnussen,20,#505050,24.0,297,78.497,78.497,0,0,78.712,0.429,-0.329,-0.134,-0.262,25.0,-0.329,-0.134,-0.262,25.0,-0.195,H,#A5AFB9,24,1.0,0,0,0.713,0,0,0,0,0.0,14
1,2023,2023061,6,Haas F1 Team,22,MAG,Kevin Magnussen,20,#505050,25.0,298,78.694,78.694,0,0,78.596,0.197,-0.486,-0.464,-0.254,25.0,-0.486,-0.464,-0.254,25.0,-0.022,H,#A5AFB9,25,1.0,0,0,0.713,0,0,0,0,0.0,14
1,2023,2023061,6,Haas F1 Team,22,MAG,Kevin Magnussen,20,#505050,26.0,299,79.023,79.023,0,0,78.858,0.329,-0.676,-0.359,-0.496,25.0,-0.676,-0.359,-0.496,25.0,-0.317,H,#A5AFB9,26,1.0,0,0,0.713,0,0,0,0,0.0,14
1,2023,2023061,6,Haas F1 Team,22,MAG,Kevin Magnussen,20,#505050,27.0,300,79.849,79.396,1,0,79.209,0.826,-1.453,-0.893,-1.006,25.0,-1.000,-0.440,-0.780,25.0,-0.56,H,#A5AFB9,27,1.0,0,0,0.713,0,0,0,0,0.0,14
1,2023,2023061,6,Haas F1 Team,22,MAG,Kevin Magnussen,20,#505050,28.0,301,79.768,79.768,0,0,79.582,0.081,-1.365,-0.179,-1.276,25.0,-1.365,-0.179,-1.276,25.0,-1.186,H,#A5AFB9,28,1.0,0,0,0.713,0,0,0,0,0.0,14
1,2023,2023061,6,Haas F1 Team,22,MAG,Kevin Magnussen,20,#505050,29.0,302,79.91,79.91,0,0,79.839,0.142,-1.469,1.502,-2.220,22.0,-1.469,-0.655,-1.141,25.0,-2.971,H,#A5AFB9,29,1.0,0,1,0.713,0,0,0,0,0.0,14
1,2023,2023061,6,Haas F1 Team,22,MAG,Kevin Magnussen,20,#505050,30.0,303,79.753,79.753,0,0,79.832,0.157,-1.399,-0.833,-0.983,25.0,-1.399,-0.833,-0.983,25.0,-0.566,H,#A5AFB9,30,1.0,0,0,0.713,0,0,0,0,0.0,14
1,2023,2023061,6,Haas F1 Team,22,MAG,Kevin Magnussen,20,#505050,31.0,304,79.276,79.276,0,0,79.514,0.477,-0.891,0.480,-1.131,22.0,-0.891,0.038,-0.910,22.0,-1.371,H,#A5AFB9,31,1.0,0,0,0.713,0,0,0,0,0.0,14
1,2023,2023061,6,Haas F1 Team,22,MAG,Kevin Magnussen,20,#505050,32.0,305,81.543,80.079,1,0,79.678,2.267,-2.97,-1.835,-2.053,25.0,-1.506,-0.371,-1.321,25.0,-1.135,H,#A5AFB9,32,1.0,0,0,0.713,0,0,0,0,0.0,14
1,2023,2023061,6,Haas F1 Team,22,MAG,Kevin Magnussen,20,#505050,33.0,306,80.882,80.882,0,0,80.48,0.661,-2.162,0.466,-2.395,22.0,-2.162,-0.550,-1.887,25.0,-2.628,H,#A5AFB9,33,1.0,0,0,0.713,0,0,0,0,0.0,14
1,2023,2023061,6,Haas F1 Team,22,MAG,Kevin Magnussen,20,#505050,34.0,307,78.747,78.747,0,0,79.815,2.135,-0.297,2.209,-1.401,22.0,-0.297,2.209,-1.401,22.0,-2.506,H,#A5AFB9,34,1.0,0,0,0.713,0,0,0,0,0.0,14
1,2023,2023061,6,Haas F1 Team,22,MAG,Kevin Magnussen,20,#505050,35.0,308,79.274,79.274,0,0,79.011,0.527,-1.13,-0.947,-0.656,25.0,-1.130,-0.947,-0.656,25.0,-0.183,H,#A5AFB9,35,1.0,0,0,0.713,0,0,0,0,0.0,14
1,2023,2023061,6,Haas F1 Team,22,MAG,Kevin Magnussen,20,#505050,36.0,309,80.942,79.062,1,0,79.168,1.668,-2.891,-1.794,-1.994,25.0,-1.010,-0.393,-0.814,25.0,-1.097,H,#A5AFB9,36,1.0,0,0,0.713,0,0,0,0,0.0,14
1,2023,2023061,6,Haas F1 Team,22,MAG,Kevin Magnussen,20,#505050,37.0,310,78.849,78.849,0,0,78.955,2.093,-0.814,0.160,-0.894,22.0,-0.814,0.160,-0.894,22.0,-0.974,H,#A5AFB9,37,1.0,0,0,0.713,0,0,0,0,0.0,14
1,2023,2023061,6,Haas F1 Team,22,MAG,Kevin Magnussen,20,#505050,38.0,311,78.498,78.498,0,0,78.674,0.351,-0.569,0.104,-0.621,22.0,-0.569,0.104,-0.621,22.0,-0.673,H,#A5AFB9,38,1.0,0,0,0.713,0,0,0,0,0.0,14
1,2023,2023061,6,Haas F1 Team,22,MAG,Kevin Magnussen,20,#505050,39.0,312,78.634,78.634,0,0,78.566,0.136,-0.695,-0.077,-0.656,25.0,-0.695,-0.077,-0.656,25.0,-0.618,H,#A5AFB9,39,1.0,0,0,0.713,0,0,0,0,0.0,14
1,2023,2023061,6,Haas F1 Team,22,MAG,Kevin Magnussen,20,#505050,40.0,313,78.508,78.508,0,0,78.571,0.126,-0.575,0.184,-0.667,22.0,-0.575,0.184,-0.667,22.0,-0.759,H,#A5AFB9,40,1.0,0,0,0.713,0,0,0,0,0.0,14
1,2023,2023061,6,Haas F1 Team,22,MAG,Kevin Magnussen,20,#505050,41.0,314,78.351,78.351,0,0,78.429,0.157,-0.502,0.255,-0.629,22.0,-0.502,0.255,-0.629,22.0,-0.757,H,#A5AFB9,41,1.0,0,0,0.713,0,0,0,0,0.0,14
1,2023,2023061,6,Haas F1 Team,22,MAG,Kevin Magnussen,20,#505050,42.0,315,78.63,78.63,0,0,78.49,0.279,-0.784,0.208,-0.888,22.0,-0.784,0.208,-0.888,22.0,-0.992,H,#A5AFB9,42,1.0,0,0,0.713,0,0,0,0,0.0,14
1,2023,2023061,6,Haas F1 Team,22,MAG,Kevin Magnussen,20,#505050,43.0,316,78.522,78.522,0,0,78.576,0.108,-0.606,0.469,-0.841,22.0,-0.606,0.469,-0.841,22.0,-1.075,H,#A5AFB9,43,1.0,0,0,0.713,0,0,0,0,0.0,14
1,2023,2023061,6,Haas F1 Team,22,MAG,Kevin Magnussen,20,#505050,44.0,317,78.447,78.447,0,0,78.484,0.075,-0.532,0.020,-0.542,22.0,-0.532,0.020,-0.542,22.0,-0.552,H,#A5AFB9,44,1.0,0,0,0.713,0,0,0,0,0.0,14
1,2023,2023061,6,Haas F1 Team,22,MAG,Kevin Magnussen,20,#505050,45.0,318,78.92,78.92,0,0,78.684,0.473,-1.07,-0.169,-0.986,25.0,-1.070,-0.169,-0.986,25.0,-0.901,H,#A5AFB9,45,1.0,0,0,0.713,0,0,0,0,0.0,14
1,2023,2023061,6,Haas F1 Team,22,MAG,Kevin Magnussen,20,#505050,46.0,319,78.384,78.384,0,0,78.652,0.536,-0.71,0.224,-0.822,22.0,-0.710,0.224,-0.822,22.0,-0.934,H,#A5AFB9,46,1.0,0,0,0.713,0,0,0,0,0.0,14
1,2023,2023061,6,Haas F1 Team,22,MAG,Kevin Magnussen,20,#505050,47.0,320,78.685,78.685,0,0,78.535,0.301,-0.94,0.172,-1.026,22.0,-0.940,0.172,-1.026,22.0,-1.112,H,#A5AFB9,47,1.0,0,0,0.713,0,0,0,0,0.0,14
1,2023,2023061,6,Haas F1 Team,22,MAG,Kevin Magnussen,20,#505050,48.0,321,78.745,78.745,0,0,78.715,0.060,-0.95,0.044,-0.972,22.0,-0.950,0.044,-0.972,22.0,-0.994,H,#A5AFB9,48,1.0,0,0,0.713,0,0,0,0,0.0,14
1,2023,2023061,6,Haas F1 Team,22,MAG,Kevin Magnussen,20,#505050,49.0,322,78.854,78.854,0,0,78.8,0.109,-0.808,0.182,-0.899,22.0,-0.808,0.182,-0.899,22.0,-0.99,H,#A5AFB9,49,1.0,0,0,0.713,0,0,0,0,0.0,14
1,2023,2023061,6,Haas F1 Team,22,MAG,Kevin Magnussen,20,#505050,50.0,323,80.301,80.301,0,0,79.578,1.447,-1.262,-0.063,-1.230,25.0,-1.262,-0.063,-1.230,25.0,-1.199,H,#A5AFB9,50,1.0,0,0,0.713,0,0,0,0,0.0,14
1,2023,2023061,6,Haas F1 Team,22,MAG,Kevin Magnussen,20,#505050,51.0,324,85.595,85.595,0,0,82.948,5.294,-2.56,2.697,-3.909,22.0,-2.560,2.697,-3.909,22.0,-5.257,H,#A5AFB9,51,1.0,0,0,0.713,0,0,0,0,0.0,13
1,2023,2023061,6,Haas F1 Team,22,MAG,Kevin Magnussen,20,#505050,52.0,325,90.696,90.696,0,0,88.146,5.101,-2.763,0.453,-2.990,22.0,-2.763,0.453,-2.990,22.0,-3.216,H,#A5AFB9,52,1.0,0,0,0.713,0,0,0,0,0.0,13
1,2023,2023061,6,Haas F1 Team,22,MAG,Kevin Magnussen,20,#505050,53.0,326,98.955,98.955,0,0,94.826,8.259,-5.552,1.926,-6.515,22.0,-5.552,1.926,-6.515,22.0,-7.478,H,#A5AFB9,53,1.0,0,0,0.713,0,0,0,0,0.0,12
1,2023,2023061,6,Haas F1 Team,22,MAG,Kevin Magnussen,20,#505050,54.0,327,110.776,110.776,0,0,104.866,11.821,-10.894,-,-,-,-10.894,-,-,-,,H,#A5AFB9,54,1.0,0,0,0.713,0,0,0,0,0.0,12
1,2023,2023061,6,Haas F1 Team,22,MAG,Kevin Magnussen,20,#505050,55.0,328,127.055,127.055,0,0,118.916,16.279,-21.886,-,-,-,-21.886,-,-,-,,H,#A5AFB9,55,1.0,0,0,0.713,0,0,0,0,-4.0,16
1,2023,2023061,6,Haas F1 Team,22,MAG,Kevin Magnussen,20,#505050,56.0,329,-,-,0,1,-,-,-,-,-,-,-,-,-,-,-1.343,H,#A5AFB9,56,1.0,1,0,0.713,0,0,0,0,0.0,19
1,2023,2023061,6,Haas F1 Team,22,MAG,Kevin Magnussen,20,#505050,57.0,330,-,-,0,1,-,-,-,-,-,-,-,-,-,-,0.09,W,#4682C8,1,2.0,0,0,2.715,0,0,0,0,0.0,19
1,2023,2023061,6,Haas F1 Team,22,MAG,Kevin Magnussen,20,#505050,58.0,331,146.648,146.648,0,0,-,-,-41.076,-44.460,-18.846,25.0,-41.076,-44.460,-18.846,25.0,3.384,W,#4682C8,2,2.0,0,0,2.715,0,0,0,0,0.0,19
1,2023,2023061,6,Haas F1 Team,22,MAG,Kevin Magnussen,20,#505050,59.0,332,103.755,103.755,0,0,125.201,42.893,-0.704,-,-,-,-0.704,-,-,-,,W,#4682C8,3,2.0,0,0,2.715,0,0,0,0,0.0,19
1,2023,2023061,6,Haas F1 Team,22,MAG,Kevin Magnussen,20,#505050,60.0,333,100.559,100.559,0,0,102.157,3.196,1.601,-,-,-,1.601,-,-,-,,W,#4682C8,4,2.0,0,0,2.715,0,0,0,0,0.0,19
1,2023,2023061,6,Haas F1 Team,22,MAG,Kevin Magnussen,20,#505050,61.0,334,101.219,101.219,0,0,100.889,0.660,0.207,-1.654,1.034,25.0,0.207,-1.654,1.034,25.0,1.861,W,#4682C8,5,2.0,0,0,2.715,0,0,0,0,0.0,19
1,2023,2023061,6,Haas F1 Team,22,MAG,Kevin Magnussen,20,#505050,62.0,335,99.789,99.789,0,0,100.504,1.430,0.506,-1.498,1.255,25.0,0.506,-1.498,1.255,25.0,2.004,W,#4682C8,6,2.0,0,0,2.715,0,0,0,0,0.0,19
1,2023,2023061,6,Haas F1 Team,22,MAG,Kevin Magnussen,20,#505050,63.0,336,100.016,100.016,0,0,99.902,0.227,-0.291,-2.043,0.731,25.0,-0.291,-2.043,0.731,25.0,1.752,W,#4682C8,7,2.0,0,0,2.715,0,0,0,0,0.0,19
1,2023,2023061,6,Haas F1 Team,22,MAG,Kevin Magnussen,20,#505050,64.0,337,99.995,99.995,0,0,100.005,0.021,-0.97,-2.367,0.213,25.0,-0.970,-2.367,0.213,25.0,1.397,W,#4682C8,8,2.0,0,1,2.715,0,0,0,0,0.0,19
1,2023,2023061,6,Haas F1 Team,22,MAG,Kevin Magnussen,20,#505050,65.0,338,100.703,100.703,0,0,100.349,0.708,-3.005,-4.056,-0.977,25.0,-3.005,-4.056,-0.977,25.0,1.051,W,#4682C8,9,2.0,0,0,2.715,0,0,0,0,0.0,19
1,2023,2023061,6,Haas F1 Team,22,MAG,Kevin Magnussen,20,#505050,66.0,339,97.778,97.778,0,0,99.24,2.925,-1.95,-1.477,-1.212,25.0,-1.950,-1.477,-1.212,25.0,-0.473,W,#4682C8,10,2.0,0,0,2.715,0,0,0,0,0.0,19
1,2023,2023061,6,Haas F1 Team,22,MAG,Kevin Magnussen,20,#505050,67.0,340,100.088,100.088,0,0,98.933,2.310,-5.119,-4.432,-2.903,25.0,-5.119,-4.432,-2.903,25.0,-0.687,W,#4682C8,11,2.0,0,0,2.715,0,0,0,0,0.0,19
1,2023,2023061,6,Haas F1 Team,22,MAG,Kevin Magnussen,20,#505050,68.0,341,103.925,99.748,1,0,99.918,3.837,-9.785,-7.270,-6.150,25.0,-5.608,-3.093,-4.061,25.0,-2.515,W,#4682C8,12,2.0,0,0,2.715,0,0,0,0,0.0,19
1,2023,2023061,6,Haas F1 Team,22,MAG,Kevin Magnussen,20,#505050,69.0,342,99.407,99.407,0,0,99.577,4.518,-5.499,-4.110,-3.444,25.0,-5.499,-4.110,-3.444,25.0,-1.389,W,#4682C8,13,2.0,0,0,2.715,0,0,0,0,0.0,19
1,2023,2023061,6,Haas F1 Team,22,MAG,Kevin Magnussen,20,#505050,70.0,343,101.853,101.853,0,0,100.63,2.446,-10.03,-0.906,-9.577,25.0,-10.030,-7.333,-6.364,25.0,-9.124,W,#4682C8,14,2.0,0,0,2.715,0,0,0,0,0.0,19
1,2023,2023061,6,Haas F1 Team,22,MAG,Kevin Magnussen,20,#505050,71.0,344,-,-,0,1,-,-,-,-,-,-,-,-,-,-,-3.524,W,#4682C8,15,2.0,1,0,2.715,0,0,0,0,0.0,19
1,2023,2023061,6,Haas F1 Team,25,HUL,Nico Hulkenberg,27,#505050,1.0,274,-,-,0,1,-,-,-,-,-,-,-,-,-,-,,M,#F0E628,1,1.0,1,0,-,0,0,0,0,,20
1,2023,2023061,6,Haas F1 Team,25,HUL,Nico Hulkenberg,27,#505050,2.0,275,-,-,0,1,-,-,-,-,-,-,-,-,-,-,,H,#A5AFB9,1,2.0,0,0,0.513,0,0,0,0,0.0,20
1,2023,2023061,6,Haas F1 Team,25,HUL,Nico Hulkenberg,27,#505050,3.0,276,77.221,77.221,0,0,-,-,2.372,-2.708,1.018,25.0,2.372,-2.708,1.018,25.0,-0.336,H,#A5AFB9,2,2.0,0,0,0.513,0,0,0,0,0.0,20
1,2023,2023061,6,Haas F1 Team,25,HUL,Nico Hulkenberg,27,#505050,4.0,277,77.148,77.148,0,0,77.184,0.073,2.205,-3.259,0.576,25.0,2.205,-3.259,0.576,25.0,-1.054,H,#A5AFB9,3,2.0,0,0,0.513,0,0,0,0,0.0,20
1,2023,2023061,6,Haas F1 Team,25,HUL,Nico Hulkenberg,27,#505050,5.0,278,77.045,77.045,0,0,77.096,0.103,1.876,-3.179,0.286,25.0,1.876,-3.179,0.286,25.0,-1.303,H,#A5AFB9,4,2.0,0,0,0.513,0,0,0,0,0.0,20
1,2023,2023061,6,Haas F1 Team,25,HUL,Nico Hulkenberg,27,#505050,6.0,279,76.991,76.991,0,0,77.018,0.054,1.626,-2.361,0.445,25.0,1.626,-2.361,0.445,25.0,-0.735,H,#A5AFB9,5,2.0,0,0,0.513,0,0,0,0,0.0,20
1,2023,2023061,6,Haas F1 Team,25,HUL,Nico Hulkenberg,27,#505050,7.0,280,77.333,77.333,0,0,77.162,0.342,1.212,-2.179,0.122,25.0,1.212,-2.179,0.122,25.0,-0.967,H,#A5AFB9,6,2.0,0,0,0.513,0,0,0,0,0.0,20
1,2023,2023061,6,Haas F1 Team,25,HUL,Nico Hulkenberg,27,#505050,8.0,281,77.237,77.237,0,0,77.285,0.096,1.214,-1.815,0.306,25.0,1.214,-1.815,0.306,25.0,-0.601,H,#A5AFB9,7,2.0,0,0,0.513,0,0,0,0,0.0,20
1,2023,2023061,6,Haas F1 Team,25,HUL,Nico Hulkenberg,27,#505050,9.0,282,77.433,77.433,0,0,77.335,0.196,1.13,-1.481,0.389,25.0,1.130,-1.481,0.389,25.0,-0.351,H,#A5AFB9,8,2.0,0,0,0.513,0,0,0,0,0.0,20
1,2023,2023061,6,Haas F1 Team,25,HUL,Nico Hulkenberg,27,#505050,10.0,283,78.028,78.028,0,0,77.73,0.595,0.644,-1.901,-0.306,25.0,0.644,-1.341,-0.026,25.0,-1.257,H,#A5AFB9,9,2.0,0,0,0.513,0,0,0,0,0.0,20
1,2023,2023061,6,Haas F1 Team,25,HUL,Nico Hulkenberg,27,#505050,11.0,284,79.596,79.596,0,0,78.812,1.568,-0.727,-0.228,-0.841,25.0,-0.727,-0.228,-0.841,25.0,-0.955,H,#A5AFB9,10,2.0,0,0,0.513,0,0,0,0,0.0,20
1,2023,2023061,6,Haas F1 Team,25,HUL,Nico Hulkenberg,27,#505050,12.0,285,80.164,80.164,0,0,79.88,0.568,-1.028,-0.323,-1.190,25.0,-1.028,-0.323,-1.190,25.0,-1.351,H,#A5AFB9,11,2.0,0,0,0.513,0,0,0,0,0.0,20
1,2023,2023061,6,Haas F1 Team,25,HUL,Nico Hulkenberg,27,#505050,13.0,286,80.824,80.824,0,0,80.494,0.660,-1.676,-0.062,-1.707,25.0,-1.676,-0.062,-1.707,25.0,-1.738,H,#A5AFB9,12,2.0,0,0,0.513,0,0,0,0,0.0,20
1,2023,2023061,6,Haas F1 Team,25,HUL,Nico Hulkenberg,27,#505050,14.0,287,81.254,81.254,0,0,81.039,0.430,-2.11,0.926,-1.647,22.0,-2.110,0.926,-1.647,22.0,-1.184,H,#A5AFB9,13,2.0,0,0,0.513,0,0,0,0,0.0,20
1,2023,2023061,6,Haas F1 Team,25,HUL,Nico Hulkenberg,27,#505050,15.0,288,80.972,80.972,0,0,81.113,0.282,-1.85,0.685,-1.508,22.0,-1.850,0.685,-1.508,22.0,-1.165,H,#A5AFB9,14,2.0,0,0,0.513,0,0,0,0,0.0,20
1,2023,2023061,6,Haas F1 Team,25,HUL,Nico Hulkenberg,27,#505050,16.0,289,80.281,80.281,0,0,80.626,0.691,-1.158,-0.183,-1.249,25.0,-1.158,-0.183,-1.249,25.0,-1.341,H,#A5AFB9,15,2.0,0,0,0.513,0,0,0,0,0.0,20
1,2023,2023061,6,Haas F1 Team,25,HUL,Nico Hulkenberg,27,#505050,17.0,290,80.171,80.171,0,0,80.226,0.110,-1.194,0.965,-0.712,22.0,-1.194,0.965,-0.712,22.0,-0.229,H,#A5AFB9,16,2.0,0,0,0.513,0,0,0,0,0.0,20
1,2023,2023061,6,Haas F1 Team,25,HUL,Nico Hulkenberg,27,#505050,18.0,291,81.166,80.004,1,0,80.087,0.995,-2.458,2.439,-1.239,22.0,-1.295,1.276,-0.657,22.0,-0.019,H,#A5AFB9,17,2.0,0,0,0.513,0,0,0,0,0.0,19
1,2023,2023061,6,Haas F1 Team,25,HUL,Nico Hulkenberg,27,#505050,19.0,292,79.836,79.836,0,0,79.92,1.330,-1.202,1.391,-0.506,22.0,-1.202,1.391,-0.506,22.0,0.189,H,#A5AFB9,18,2.0,0,0,0.513,0,0,0,0,2.0,17
1,2023,2023061,6,Haas F1 Team,25,HUL,Nico Hulkenberg,27,#505050,20.0,293,77.642,77.642,0,0,78.739,2.194,0.701,-0.712,0.345,25.0,0.701,-0.712,0.345,25.0,-0.011,H,#A5AFB9,19,2.0,0,0,0.513,0,0,0,0,0.0,17
1,2023,2023061,6,Haas F1 Team,25,HUL,Nico Hulkenberg,27,#505050,21.0,294,77.201,77.201,0,0,77.422,0.441,1.024,-1.599,0.225,25.0,1.024,-1.599,0.225,25.0,-0.575,H,#A5AFB9,20,2.0,0,0,0.513,0,0,0,0,0.0,17
1,2023,2023061,6,Haas F1 Team,25,HUL,Nico Hulkenberg,27,#505050,22.0,295,77.845,77.845,0,0,77.523,0.644,0.292,-0.922,-0.169,25.0,0.292,-0.922,-0.169,25.0,-0.63,H,#A5AFB9,21,2.0,0,0,0.513,0,0,0,0,0.0,17
1,2023,2023061,6,Haas F1 Team,25,HUL,Nico Hulkenberg,27,#505050,23.0,296,78.009,78.009,0,0,77.927,0.164,0.183,-0.917,-0.275,25.0,0.183,-0.917,-0.275,25.0,-0.734,H,#A5AFB9,22,2.0,0,0,0.513,0,0,0,0,0.0,17
1,2023,2023061,6,Haas F1 Team,25,HUL,Nico Hulkenberg,27,#505050,24.0,297,78.363,78.363,0,0,78.186,0.354,-0.195,-0.134,-0.262,25.0,-0.195,-0.134,-0.262,25.0,-0.329,H,#A5AFB9,23,2.0,0,0,0.513,0,0,0,0,0.0,17
1,2023,2023061,6,Haas F1 Team,25,HUL,Nico Hulkenberg,27,#505050,25.0,298,78.23,78.23,0,0,78.297,0.133,-0.022,-0.464,-0.254,25.0,-0.022,-0.464,-0.254,25.0,-0.486,H,#A5AFB9,24,2.0,0,0,0.513,0,0,0,0,0.0,17
1,2023,2023061,6,Haas F1 Team,25,HUL,Nico Hulkenberg,27,#505050,26.0,299,78.664,78.664,0,0,78.447,0.434,-0.317,-0.359,-0.496,25.0,-0.317,-0.359,-0.496,25.0,-0.676,H,#A5AFB9,25,2.0,0,0,0.513,0,0,0,0,0.0,17
1,2023,2023061,6,Haas F1 Team,25,HUL,Nico Hulkenberg,27,#505050,27.0,300,78.956,78.956,0,0,78.81,0.292,-0.56,-0.893,-1.006,25.0,-0.560,-0.440,-0.780,25.0,-1.453,H,#A5AFB9,26,2.0,0,0,0.513,0,0,0,0,0.0,17
1,2023,2023061,6,Haas F1 Team,25,HUL,Nico Hulkenberg,27,#505050,28.0,301,79.589,79.589,0,0,79.273,0.633,-1.186,-0.179,-1.276,25.0,-1.186,-0.179,-1.276,25.0,-1.365,H,#A5AFB9,27,2.0,0,1,0.513,0,0,0,0,0.0,17
1,2023,2023061,6,Haas F1 Team,25,HUL,Nico Hulkenberg,27,#505050,29.0,302,81.412,79.254,1,0,79.422,1.823,-2.971,1.502,-2.220,22.0,-0.814,-0.655,-1.141,25.0,-1.469,H,#A5AFB9,28,2.0,0,0,0.513,0,0,0,0,0.0,17
1,2023,2023061,6,Haas F1 Team,25,HUL,Nico Hulkenberg,27,#505050,30.0,303,78.92,78.92,0,0,79.087,2.492,-0.566,-0.833,-0.983,25.0,-0.566,-0.833,-0.983,25.0,-1.399,H,#A5AFB9,29,2.0,0,0,0.513,0,0,0,0,0.0,17
1,2023,2023061,6,Haas F1 Team,25,HUL,Nico Hulkenberg,27,#505050,31.0,304,79.756,79.314,1,0,79.117,0.836,-1.371,0.480,-1.131,22.0,-0.929,0.038,-0.910,22.0,-0.891,H,#A5AFB9,30,2.0,0,0,0.513,0,0,0,0,0.0,17
1,2023,2023061,6,Haas F1 Team,25,HUL,Nico Hulkenberg,27,#505050,32.0,305,79.708,79.708,0,0,79.511,0.048,-1.135,-1.835,-2.053,25.0,-1.135,-0.371,-1.321,25.0,-2.97,H,#A5AFB9,31,2.0,0,0,0.513,0,0,0,0,0.0,17
1,2023,2023061,6,Haas F1 Team,25,HUL,Nico Hulkenberg,27,#505050,33.0,306,81.348,80.332,1,0,80.02,1.640,-2.628,0.466,-2.395,22.0,-1.612,-0.550,-1.887,25.0,-2.162,H,#A5AFB9,32,2.0,0,0,0.513,0,0,0,0,0.0,17
1,2023,2023061,6,Haas F1 Team,25,HUL,Nico Hulkenberg,27,#505050,34.0,307,80.956,80.956,0,0,80.644,0.392,-2.506,2.209,-1.401,22.0,-2.506,2.209,-1.401,22.0,-0.297,H,#A5AFB9,33,2.0,0,0,0.513,0,0,0,0,0.0,16
1,2023,2023061,6,Haas F1 Team,25,HUL,Nico Hulkenberg,27,#505050,35.0,308,78.327,78.327,0,0,79.642,2.629,-0.183,-0.947,-0.656,25.0,-0.183,-0.947,-0.656,25.0,-1.13,H,#A5AFB9,34,2.0,0,0,0.513,0,0,0,0,0.0,16
1,2023,2023061,6,Haas F1 Team,25,HUL,Nico Hulkenberg,27,#505050,36.0,309,79.148,78.668,1,0,78.498,0.821,-1.097,-1.794,-1.994,25.0,-0.617,-0.393,-0.814,25.0,-2.891,H,#A5AFB9,35,2.0,0,0,0.513,0,0,0,0,0.0,16
1,2023,2023061,6,Haas F1 Team,25,HUL,Nico Hulkenberg,27,#505050,37.0,310,79.009,79.009,0,0,78.839,0.139,-0.974,0.160,-0.894,22.0,-0.974,0.160,-0.894,22.0,-0.814,H,#A5AFB9,36,2.0,0,0,0.513,0,0,0,0,0.0,16
1,2023,2023061,6,Haas F1 Team,25,HUL,Nico Hulkenberg,27,#505050,38.0,311,78.602,78.602,0,0,78.806,0.407,-0.673,0.104,-0.621,22.0,-0.673,0.104,-0.621,22.0,-0.569,H,#A5AFB9,37,2.0,0,0,0.513,0,0,0,0,0.0,16
1,2023,2023061,6,Haas F1 Team,25,HUL,Nico Hulkenberg,27,#505050,39.0,312,78.557,78.557,0,0,78.58,0.045,-0.618,-0.077,-0.656,25.0,-0.618,-0.077,-0.656,25.0,-0.695,H,#A5AFB9,38,2.0,0,0,0.513,0,0,0,0,0.0,16
1,2023,2023061,6,Haas F1 Team,25,HUL,Nico Hulkenberg,27,#505050,40.0,313,78.692,78.692,0,0,78.624,0.135,-0.759,0.184,-0.667,22.0,-0.759,0.184,-0.667,22.0,-0.575,H,#A5AFB9,39,2.0,0,0,0.513,0,0,0,0,0.0,16
1,2023,2023061,6,Haas F1 Team,25,HUL,Nico Hulkenberg,27,#505050,41.0,314,78.606,78.606,0,0,78.649,0.086,-0.757,0.255,-0.629,22.0,-0.757,0.255,-0.629,22.0,-0.502,H,#A5AFB9,40,2.0,0,0,0.513,0,0,0,0,0.0,16
1,2023,2023061,6,Haas F1 Team,25,HUL,Nico Hulkenberg,27,#505050,42.0,315,78.838,78.838,0,0,78.722,0.232,-0.992,0.208,-0.888,22.0,-0.992,0.208,-0.888,22.0,-0.784,H,#A5AFB9,41,2.0,0,0,0.513,0,0,0,0,0.0,16
1,2023,2023061,6,Haas F1 Team,25,HUL,Nico Hulkenberg,27,#505050,43.0,316,78.991,78.991,0,0,78.914,0.153,-1.075,0.469,-0.841,22.0,-1.075,0.469,-0.841,22.0,-0.606,H,#A5AFB9,42,2.0,0,0,0.513,0,0,0,0,0.0,16
1,2023,2023061,6,Haas F1 Team,25,HUL,Nico Hulkenberg,27,#505050,44.0,317,78.467,78.467,0,0,78.729,0.524,-0.552,0.020,-0.542,22.0,-0.552,0.020,-0.542,22.0,-0.532,H,#A5AFB9,43,2.0,0,0,0.513,0,0,0,0,0.0,16
1,2023,2023061,6,Haas F1 Team,25,HUL,Nico Hulkenberg,27,#505050,45.0,318,78.751,78.751,0,0,78.609,0.284,-0.901,-0.169,-0.986,25.0,-0.901,-0.169,-0.986,25.0,-1.07,H,#A5AFB9,44,2.0,0,0,0.513,0,0,0,0,0.0,16
1,2023,2023061,6,Haas F1 Team,25,HUL,Nico Hulkenberg,27,#505050,46.0,319,78.608,78.608,0,0,78.68,0.143,-0.934,0.224,-0.822,22.0,-0.934,0.224,-0.822,22.0,-0.71,H,#A5AFB9,45,2.0,0,0,0.513,0,0,0,0,0.0,16
1,2023,2023061,6,Haas F1 Team,25,HUL,Nico Hulkenberg,27,#505050,47.0,320,78.857,78.857,0,0,78.732,0.249,-1.112,0.172,-1.026,22.0,-1.112,0.172,-1.026,22.0,-0.94,H,#A5AFB9,46,2.0,0,0,0.513,0,0,0,0,0.0,16
1,2023,2023061,6,Haas F1 Team,25,HUL,Nico Hulkenberg,27,#505050,48.0,321,78.789,78.789,0,0,78.823,0.068,-0.994,0.044,-0.972,22.0,-0.994,0.044,-0.972,22.0,-0.95,H,#A5AFB9,47,2.0,0,0,0.513,0,0,0,0,0.0,16
1,2023,2023061,6,Haas F1 Team,25,HUL,Nico Hulkenberg,27,#505050,49.0,322,79.036,79.036,0,0,78.912,0.247,-0.99,0.182,-0.899,22.0,-0.990,0.182,-0.899,22.0,-0.808,H,#A5AFB9,48,2.0,0,0,0.513,0,0,0,0,0.0,16
1,2023,2023061,6,Haas F1 Team,25,HUL,Nico Hulkenberg,27,#505050,50.0,323,80.238,80.238,0,0,79.637,1.202,-1.199,-0.063,-1.230,25.0,-1.199,-0.063,-1.230,25.0,-1.262,H,#A5AFB9,49,2.0,0,0,0.513,0,0,0,0,0.0,16
1,2023,2023061,6,Haas F1 Team,25,HUL,Nico Hulkenberg,27,#505050,51.0,324,88.292,88.292,0,0,84.265,8.054,-5.257,2.697,-3.909,22.0,-5.257,2.697,-3.909,22.0,-2.56,H,#A5AFB9,50,2.0,0,0,0.513,0,0,0,0,0.0,14
1,2023,2023061,6,Haas F1 Team,25,HUL,Nico Hulkenberg,27,#505050,52.0,325,91.149,91.149,0,0,89.72,2.857,-3.216,0.453,-2.990,22.0,-3.216,0.453,-2.990,22.0,-2.763,H,#A5AFB9,51,2.0,0,0,0.513,0,0,0,0,0.0,14
1,2023,2023061,6,Haas F1 Team,25,HUL,Nico Hulkenberg,27,#505050,53.0,326,100.881,100.881,0,0,96.015,9.732,-7.478,1.926,-6.515,22.0,-7.478,1.926,-6.515,22.0,-5.552,H,#A5AFB9,52,2.0,0,0,0.513,0,0,0,0,0.0,14
1,2023,2023061,6,Haas F1 Team,25,HUL,Nico Hulkenberg,27,#505050,54.0,327,-,-,0,1,-,-,-,-,-,-,-,-,-,-,-10.894,H,#A5AFB9,53,2.0,1,0,0.513,0,0,0,0,0.0,18
1,2023,2023061,6,Haas F1 Team,25,HUL,Nico Hulkenberg,27,#505050,55.0,328,-,-,0,1,-,-,-,-,-,-,-,-,-,-,-21.886,I,#50A078,1,3.0,0,0,0.401,0,0,0,0,0.0,18
1,2023,2023061,6,Haas F1 Team,25,HUL,Nico Hulkenberg,27,#505050,56.0,329,103.79,103.79,0,0,-,-,-1.343,-,-,-,-1.343,-,-,-,,I,#50A078,2,3.0,0,0,0.401,0,0,0,0,0.0,17
1,2023,2023061,6,Haas F1 Team,25,HUL,Nico Hulkenberg,27,#505050,57.0,330,102.598,102.598,0,0,103.194,1.192,0.09,-,-,-,0.090,-,-,-,,I,#50A078,3,3.0,0,1,0.401,0,0,0,0,0.0,16
1,2023,2023061,6,Haas F1 Team,25,HUL,Nico Hulkenberg,27,#505050,58.0,331,102.188,102.188,0,0,102.393,0.410,3.384,-44.460,-18.846,25.0,3.384,-44.460,-18.846,25.0,-41.076,I,#50A078,4,3.0,0,0,0.401,0,0,0,0,0.0,16
1,2023,2023061,6,Haas F1 Team,25,HUL,Nico Hulkenberg,27,#505050,59.0,332,-,-,0,1,-,-,-,-,-,-,-,-,-,-,-0.704,I,#50A078,5,3.0,1,0,0.401,0,0,0,0,0.0,17
1,2023,2023061,6,Haas F1 Team,25,HUL,Nico Hulkenberg,27,#505050,60.0,333,-,-,0,1,-,-,-,-,-,-,-,-,-,-,1.601,W,#4682C8,1,4.0,0,0,0.917,0,0,0,0,0.0,17
1,2023,2023061,6,Haas F1 Team,25,HUL,Nico Hulkenberg,27,#505050,61.0,334,99.565,99.565,0,0,-,-,1.861,-1.654,1.034,25.0,1.861,-1.654,1.034,25.0,0.207,W,#4682C8,2,4.0,0,0,0.917,0,0,0,0,0.0,17
1,2023,2023061,6,Haas F1 Team,25,HUL,Nico Hulkenberg,27,#505050,62.0,335,98.291,98.291,0,0,98.928,1.274,2.004,-1.498,1.255,25.0,2.004,-1.498,1.255,25.0,0.506,W,#4682C8,3,4.0,0,0,0.917,0,0,0,0,0.0,17
1,2023,2023061,6,Haas F1 Team,25,HUL,Nico Hulkenberg,27,#505050,63.0,336,97.973,97.973,0,0,98.132,0.318,1.752,-2.043,0.731,25.0,1.752,-2.043,0.731,25.0,-0.291,W,#4682C8,4,4.0,0,0,0.917,0,0,0,0,0.0,17
1,2023,2023061,6,Haas F1 Team,25,HUL,Nico Hulkenberg,27,#505050,64.0,337,97.628,97.628,0,0,97.8,0.345,1.397,-2.367,0.213,25.0,1.397,-2.367,0.213,25.0,-0.97,W,#4682C8,5,4.0,0,0,0.917,0,0,0,0,0.0,17
1,2023,2023061,6,Haas F1 Team,25,HUL,Nico Hulkenberg,27,#505050,65.0,338,96.647,96.647,0,0,97.138,0.981,1.051,-4.056,-0.977,25.0,1.051,-4.056,-0.977,25.0,-3.005,W,#4682C8,6,4.0,0,0,0.917,0,0,0,0,0.0,17
1,2023,2023061,6,Haas F1 Team,25,HUL,Nico Hulkenberg,27,#505050,66.0,339,96.301,96.301,0,0,96.474,0.346,-0.473,-1.477,-1.212,25.0,-0.473,-1.477,-1.212,25.0,-1.95,W,#4682C8,7,4.0,0,0,0.917,0,0,0,0,0.0,17
1,2023,2023061,6,Haas F1 Team,25,HUL,Nico Hulkenberg,27,#505050,67.0,340,95.656,95.656,0,0,95.978,0.645,-0.687,-4.432,-2.903,25.0,-0.687,-4.432,-2.903,25.0,-5.119,W,#4682C8,8,4.0,0,0,0.917,0,0,0,0,0.0,17
1,2023,2023061,6,Haas F1 Team,25,HUL,Nico Hulkenberg,27,#505050,68.0,341,96.655,96.655,0,0,96.156,0.999,-2.515,-7.270,-6.150,25.0,-2.515,-3.093,-4.061,25.0,-9.785,W,#4682C8,9,4.0,0,1,0.917,0,0,0,0,0.0,17
1,2023,2023061,6,Haas F1 Team,25,HUL,Nico Hulkenberg,27,#505050,69.0,342,95.297,95.297,0,0,95.976,1.358,-1.389,-4.110,-3.444,25.0,-1.389,-4.110,-3.444,25.0,-5.499,W,#4682C8,10,4.0,0,0,0.917,0,0,0,0,0.0,17
1,2023,2023061,6,Haas F1 Team,25,HUL,Nico Hulkenberg,27,#505050,70.0,343,100.947,94.52,1,0,94.909,5.650,-9.124,-0.906,-9.577,25.0,-2.697,-7.333,-6.364,25.0,-10.03,W,#4682C8,11,4.0,0,0,0.917,0,0,0,0,0.0,16
1,2023,2023061,6,Haas F1 Team,25,HUL,Nico Hulkenberg,27,#505050,71.0,344,93.744,93.744,0,0,94.132,7.203,-3.524,-,-,-,-3.524,-,-,-,,W,#4682C8,12,4.0,0,0,0.917,0,0,0,0,0.0,16
1,2023,2023061,6,Haas F1 Team,25,HUL,Nico Hulkenberg,27,#505050,72.0,345,92.994,92.994,0,0,93.369,0.750,-3.253,-,-,-,-3.253,-,-,-,,W,#4682C8,13,4.0,0,0,0.917,0,0,0,0,0.0,16
1,2023,2023061,6,Haas F1 Team,25,HUL,Nico Hulkenberg,27,#505050,73.0,346,93.111,93.111,0,0,93.053,0.117,-4.689,-,-,-,-4.689,-,-,-,,W,#4682C8,14,4.0,0,0,0.917,0,0,0,0,0.0,16
1,2023,2023061,6,Haas F1 Team,25,HUL,Nico Hulkenberg,27,#505050,74.0,347,94.924,93.628,1,0,93.37,1.813,-7.351,-,-,-,-6.055,-,-,-,,W,#4682C8,15,4.0,0,0,0.917,0,0,0,0,0.0,16
1,2023,2023061,6,Haas F1 Team,25,HUL,Nico Hulkenberg,27,#505050,75.0,348,94.146,94.146,0,0,93.887,0.778,-7.294,-,-,-,-7.294,-,-,-,,W,#4682C8,16,4.0,0,0,0.917,0,0,0,0,0.0,16
1,2023,2023061,6,Haas F1 Team,25,HUL,Nico Hulkenberg,27,#505050,76.0,349,90.26,90.26,0,0,92.203,3.886,-3.368,-,-,-,-3.368,-,-,-,,W,#4682C8,17,4.0,0,0,0.917,0,0,0,0,0.0,16
1,2023,2023071,7,Haas F1 Team,22,MAG,Kevin Magnussen,20,#505050,1.0,352,-,-,0,1,-,-,-,-,-,-,-,-,-,-,,S,#CD3C3C,1,1.0,0,0,0.268,0,0,0,0,,13
1,2023,2023071,7,Haas F1 Team,22,MAG,Kevin Magnussen,20,#505050,2.0,353,-,-,0,1,-,-,-,-,-,-,-,-,-,-,,S,#CD3C3C,2,1.0,0,0,0.268,0,0,0,0,0.0,13
1,2023,2023071,7,Haas F1 Team,22,MAG,Kevin Magnussen,20,#505050,3.0,354,81.836,81.836,0,0,-,-,-0.291,-0.056,-0.319,22.0,-0.291,-0.056,-0.319,22.0,-0.347,S,#CD3C3C,3,1.0,0,0,0.268,0,0,0,0,0.0,13
1,2023,2023071,7,Haas F1 Team,22,MAG,Kevin Magnussen,20,#505050,4.0,355,82.097,82.097,0,0,81.966,0.261,-0.847,0.734,-0.480,25.0,-0.847,0.734,-0.480,25.0,-0.113,S,#CD3C3C,4,1.0,0,0,0.268,0,0,0,0,0.0,13
1,2023,2023071,7,Haas F1 Team,22,MAG,Kevin Magnussen,20,#505050,5.0,356,81.294,81.294,0,0,81.696,0.803,-0.113,-0.678,-0.452,22.0,-0.113,-0.678,-0.452,22.0,-0.791,S,#CD3C3C,5,1.0,0,0,0.268,0,0,0,0,0.0,13
1,2023,2023071,7,Haas F1 Team,22,MAG,Kevin Magnussen,20,#505050,6.0,357,81.593,81.593,0,0,81.444,0.299,-0.348,-1.145,-0.920,22.0,-0.348,-1.145,-0.920,22.0,-1.493,S,#CD3C3C,6,1.0,0,1,0.268,0,0,0,0,0.0,13
1,2023,2023071,7,Haas F1 Team,22,MAG,Kevin Magnussen,20,#505050,7.0,358,82.354,82.354,0,0,81.974,0.761,-0.983,-0.421,-1.194,22.0,-0.983,-0.421,-1.194,22.0,-1.404,S,#CD3C3C,7,1.0,0,0,0.268,0,0,0,0,0.0,13
1,2023,2023071,7,Haas F1 Team,22,MAG,Kevin Magnussen,20,#505050,8.0,359,82.486,82.486,0,0,82.42,0.132,-1.097,-,-,-,-1.097,-,-,-,,S,#CD3C3C,8,1.0,0,0,0.268,0,0,0,0,0.0,12
1,2023,2023071,7,Haas F1 Team,22,MAG,Kevin Magnussen,20,#505050,9.0,360,81.53,81.53,0,0,82.008,0.956,-0.228,-,-,-,-0.228,-,-,-,,S,#CD3C3C,9,1.0,0,0,0.268,0,0,0,0,0.0,12
1,2023,2023071,7,Haas F1 Team,22,MAG,Kevin Magnussen,20,#505050,10.0,361,-,-,0,1,-,-,-,-,-,-,-,-,-,-,1.2,S,#CD3C3C,10,1.0,1,0,0.268,0,0,0,0,0.0,14
1,2023,2023071,7,Haas F1 Team,22,MAG,Kevin Magnussen,20,#505050,11.0,362,-,-,0,1,-,-,-,-,-,-,-,-,-,-,1.623,M,#F0E628,1,2.0,0,0,0.135,0,0,0,0,0.0,19
1,2023,2023071,7,Haas F1 Team,22,MAG,Kevin Magnussen,20,#505050,12.0,363,80.176,80.176,0,0,-,-,0.842,0.062,0.873,25.0,0.842,0.062,0.873,25.0,0.904,M,#F0E628,2,2.0,0,0,0.135,0,0,0,0,1.0,18
1,2023,2023071,7,Haas F1 Team,22,MAG,Kevin Magnussen,20,#505050,13.0,364,80.504,80.504,0,0,80.34,0.328,0.465,0.148,0.539,25.0,0.465,0.148,0.539,25.0,0.613,M,#F0E628,3,2.0,0,0,0.135,0,0,0,0,0.0,18
1,2023,2023071,7,Haas F1 Team,22,MAG,Kevin Magnussen,20,#505050,14.0,365,80.706,80.706,0,0,80.605,0.202,0.414,-1.413,-0.292,22.0,0.414,-0.311,0.259,22.0,-0.999,M,#F0E628,4,2.0,0,0,0.135,0,0,0,0,1.0,17
1,2023,2023071,7,Haas F1 Team,22,MAG,Kevin Magnussen,20,#505050,15.0,366,81.069,81.069,0,0,80.888,0.363,0.201,-0.608,-0.103,22.0,0.201,-0.608,-0.103,22.0,-0.407,M,#F0E628,5,2.0,0,0,0.135,0,0,0,0,0.0,17
1,2023,2023071,7,Haas F1 Team,22,MAG,Kevin Magnussen,20,#505050,16.0,367,81.119,81.119,0,0,81.094,0.050,0.002,-2.120,-1.058,22.0,0.002,-0.453,-0.225,22.0,-2.118,M,#F0E628,6,2.0,0,0,0.135,0,0,0,0,0.0,17
1,2023,2023071,7,Haas F1 Team,22,MAG,Kevin Magnussen,20,#505050,17.0,368,81.203,81.203,0,0,81.161,0.084,-0.341,-0.264,-0.473,22.0,-0.341,-0.264,-0.473,22.0,-0.605,M,#F0E628,7,2.0,0,1,0.135,0,0,0,0,0.0,15
1,2023,2023071,7,Haas F1 Team,22,MAG,Kevin Magnussen,20,#505050,18.0,369,81.031,81.031,0,0,81.117,0.172,-0.25,-0.304,-0.402,22.0,-0.250,-0.304,-0.402,22.0,-0.554,M,#F0E628,8,2.0,0,0,0.135,0,0,0,0,0.0,13
1,2023,2023071,7,Haas F1 Team,22,MAG,Kevin Magnussen,20,#505050,19.0,370,81.719,81.27,1,0,81.151,0.688,-1.058,0.555,-0.780,25.0,-0.610,0.107,-0.556,25.0,-0.503,M,#F0E628,9,2.0,0,0,0.135,0,0,0,0,-1.0,14
1,2023,2023071,7,Haas F1 Team,22,MAG,Kevin Magnussen,20,#505050,20.0,371,81.51,81.51,0,0,81.39,0.209,-0.832,0.244,-0.710,25.0,-0.832,0.244,-0.710,25.0,-0.588,M,#F0E628,10,2.0,0,0,0.135,0,0,0,0,0.0,13
1,2023,2023071,7,Haas F1 Team,22,MAG,Kevin Magnussen,20,#505050,21.0,372,81.662,81.662,0,0,81.586,0.152,-0.935,-0.302,-1.086,22.0,-0.935,0.534,-0.668,25.0,-1.237,M,#F0E628,11,2.0,0,0,0.135,0,0,0,0,0.0,13
1,2023,2023071,7,Haas F1 Team,22,MAG,Kevin Magnussen,20,#505050,22.0,373,81.631,81.631,0,0,81.646,0.031,-0.825,0.640,-0.505,25.0,-0.825,0.640,-0.505,25.0,-0.185,M,#F0E628,12,2.0,0,0,0.135,0,0,0,0,0.0,13
1,2023,2023071,7,Haas F1 Team,22,MAG,Kevin Magnussen,20,#505050,23.0,374,81.847,81.847,0,0,81.739,0.216,-0.992,0.718,-0.633,25.0,-0.992,0.718,-0.633,25.0,-0.274,M,#F0E628,13,2.0,0,0,0.135,0,0,0,0,0.0,13
1,2023,2023071,7,Haas F1 Team,22,MAG,Kevin Magnussen,20,#505050,24.0,375,-,-,0,1,-,-,-,-,-,-,-,-,-,-,-0.574,M,#F0E628,14,2.0,1,0,0.135,0,0,0,0,0.0,16
1,2023,2023071,7,Haas F1 Team,22,MAG,Kevin Magnussen,20,#505050,25.0,376,-,-,0,1,-,-,-,-,-,-,-,-,-,-,-0.512,H,#A5AFB9,1,3.0,0,0,0.421,0,0,0,0,0.0,19
1,2023,2023071,7,Haas F1 Team,22,MAG,Kevin Magnussen,20,#505050,26.0,377,79.412,79.412,0,0,-,-,1.076,-,-,-,1.076,-,-,-,,H,#A5AFB9,2,3.0,0,0,0.421,0,0,0,0,0.0,19
1,2023,2023071,7,Haas F1 Team,22,MAG,Kevin Magnussen,20,#505050,27.0,378,79.009,79.009,0,0,79.21,0.403,1.186,-,-,-,1.186,-,-,-,,H,#A5AFB9,3,3.0,0,0,0.421,0,0,0,0,0.0,19
1,2023,2023071,7,Haas F1 Team,22,MAG,Kevin Magnussen,20,#505050,28.0,379,79.264,79.264,0,0,79.136,0.255,0.84,0.305,0.993,25.0,0.840,0.305,0.993,25.0,1.145,H,#A5AFB9,4,3.0,0,0,0.421,0,0,0,0,0.0,19
1,2023,2023071,7,Haas F1 Team,22,MAG,Kevin Magnussen,20,#505050,29.0,380,79.627,79.627,0,0,79.446,0.363,0.451,0.646,0.774,25.0,0.451,0.646,0.774,25.0,1.097,H,#A5AFB9,5,3.0,0,0,0.421,0,0,0,0,0.0,19
1,2023,2023071,7,Haas F1 Team,22,MAG,Kevin Magnussen,20,#505050,30.0,381,79.734,79.734,0,0,79.68,0.107,0.38,0.420,0.590,25.0,0.380,0.420,0.590,25.0,0.8,H,#A5AFB9,6,3.0,0,0,0.421,0,0,0,0,0.0,19
1,2023,2023071,7,Haas F1 Team,22,MAG,Kevin Magnussen,20,#505050,31.0,382,79.98,79.98,0,0,79.857,0.246,0.205,1.016,0.713,25.0,0.205,1.016,0.713,25.0,1.221,H,#A5AFB9,7,3.0,0,0,0.421,0,0,0,0,0.0,19
1,2023,2023071,7,Haas F1 Team,22,MAG,Kevin Magnussen,20,#505050,32.0,383,80.401,80.401,0,0,80.19,0.421,-0.17,0.908,0.284,25.0,-0.170,0.908,0.284,25.0,0.738,H,#A5AFB9,8,3.0,0,0,0.421,0,0,0,0,0.0,19
1,2023,2023071,7,Haas F1 Team,22,MAG,Kevin Magnussen,20,#505050,33.0,384,80.774,80.774,0,0,80.588,0.373,-0.292,0.852,0.134,25.0,-0.292,0.852,0.134,25.0,0.56,H,#A5AFB9,9,3.0,0,1,0.421,0,0,0,0,0.0,19
1,2023,2023071,7,Haas F1 Team,22,MAG,Kevin Magnussen,20,#505050,34.0,385,80.679,80.679,0,0,80.726,0.095,-0.396,1.502,0.355,25.0,-0.396,1.502,0.355,25.0,1.106,H,#A5AFB9,10,3.0,0,0,0.421,0,0,0,0,0.0,19
1,2023,2023071,7,Haas F1 Team,22,MAG,Kevin Magnussen,20,#505050,35.0,386,80.085,80.085,0,0,80.382,0.594,0.212,0.211,0.318,25.0,0.212,0.211,0.318,25.0,0.423,H,#A5AFB9,11,3.0,0,0,0.421,0,0,0,0,1.0,18
1,2023,2023071,7,Haas F1 Team,22,MAG,Kevin Magnussen,20,#505050,36.0,387,80.459,80.459,0,0,80.272,0.374,-0.257,-0.355,-0.434,22.0,-0.257,0.502,-0.006,25.0,-0.612,H,#A5AFB9,12,3.0,0,0,0.421,0,0,0,0,0.0,18
1,2023,2023071,7,Haas F1 Team,22,MAG,Kevin Magnussen,20,#505050,37.0,388,81.792,80.969,1,0,80.714,1.333,-1.618,1.751,-0.743,25.0,-0.795,0.928,-0.331,25.0,0.133,H,#A5AFB9,13,3.0,0,0,0.421,0,0,0,0,0.0,17
1,2023,2023071,7,Haas F1 Team,22,MAG,Kevin Magnussen,20,#505050,38.0,389,81.479,81.479,0,0,81.224,0.313,-1.42,1.446,-0.697,25.0,-1.420,1.446,-0.697,25.0,0.026,H,#A5AFB9,14,3.0,0,0,0.421,0,0,0,0,0.0,17
1,2023,2023071,7,Haas F1 Team,22,MAG,Kevin Magnussen,20,#505050,39.0,390,79.939,79.939,0,0,80.709,1.540,-0.186,-0.371,-0.371,22.0,-0.186,-0.371,-0.371,22.0,-0.557,H,#A5AFB9,15,3.0,0,0,0.421,0,0,0,0,0.0,15
1,2023,2023071,7,Haas F1 Team,22,MAG,Kevin Magnussen,20,#505050,40.0,391,82.531,80.066,1,0,80.003,2.592,-2.866,2.500,-1.616,25.0,-0.401,0.035,-0.384,25.0,-0.366,H,#A5AFB9,16,3.0,0,0,0.421,0,0,0,0,0.0,15
1,2023,2023071,7,Haas F1 Team,22,MAG,Kevin Magnussen,20,#505050,41.0,392,80.194,80.194,0,0,80.13,2.337,-0.695,0.155,-0.617,25.0,-0.695,0.155,-0.617,25.0,-0.54,H,#A5AFB9,17,3.0,0,0,0.421,0,0,0,0,0.0,15
1,2023,2023071,7,Haas F1 Team,22,MAG,Kevin Magnussen,20,#505050,42.0,393,-,-,0,1,-,-,-,-,-,-,-,-,-,-,-0.565,H,#A5AFB9,18,3.0,1,0,0.421,0,0,0,0,0.0,17
1,2023,2023071,7,Haas F1 Team,22,MAG,Kevin Magnussen,20,#505050,43.0,394,-,-,0,1,-,-,-,-,-,-,-,-,-,-,,M,#F0E628,1,4.0,0,0,0.275,0,0,0,0,0.0,19
1,2023,2023071,7,Haas F1 Team,22,MAG,Kevin Magnussen,20,#505050,44.0,395,78.069,78.069,0,0,-,-,1.217,-,-,-,1.217,-,-,-,,M,#F0E628,2,4.0,0,0,0.275,0,0,0,0,0.0,19
1,2023,2023071,7,Haas F1 Team,22,MAG,Kevin Magnussen,20,#505050,45.0,396,78.282,78.282,0,0,78.176,0.213,1.013,-0.630,0.698,22.0,1.013,-0.630,0.698,22.0,0.383,M,#F0E628,3,4.0,0,0,0.275,0,0,0,0,0.0,19
1,2023,2023071,7,Haas F1 Team,22,MAG,Kevin Magnussen,20,#505050,46.0,397,78.851,78.851,0,0,78.566,0.569,0.317,0.010,0.322,25.0,0.317,0.010,0.322,25.0,0.327,M,#F0E628,4,4.0,0,0,0.275,0,0,0,0,0.0,19
1,2023,2023071,7,Haas F1 Team,22,MAG,Kevin Magnussen,20,#505050,47.0,398,79.166,78.776,1,0,78.813,0.315,-0.078,0.045,-0.056,25.0,0.313,-0.119,0.254,22.0,-0.033,M,#F0E628,5,4.0,0,0,0.275,0,0,0,0,0.0,19
1,2023,2023071,7,Haas F1 Team,22,MAG,Kevin Magnussen,20,#505050,48.0,399,78.7,78.7,0,0,78.738,0.466,0.421,-0.247,0.297,22.0,0.421,-0.247,0.297,22.0,0.174,M,#F0E628,6,4.0,0,0,0.275,0,0,0,0,1.0,18
1,2023,2023071,7,Haas F1 Team,22,MAG,Kevin Magnussen,20,#505050,49.0,400,79.105,78.84,1,0,78.77,0.405,0.077,-0.167,-0.006,22.0,0.342,-0.061,0.311,22.0,-0.09,M,#F0E628,7,4.0,0,0,0.275,0,0,0,0,0.0,18
1,2023,2023071,7,Haas F1 Team,22,MAG,Kevin Magnussen,20,#505050,50.0,401,78.98,78.98,0,0,78.91,0.125,0.086,0.125,0.148,25.0,0.086,0.125,0.148,25.0,0.211,M,#F0E628,8,4.0,0,0,0.275,0,0,0,0,0.0,18
1,2023,2023071,7,Haas F1 Team,22,MAG,Kevin Magnussen,20,#505050,51.0,402,79.101,79.101,0,0,79.041,0.121,-0.024,0.240,0.096,25.0,-0.024,0.240,0.096,25.0,0.216,M,#F0E628,9,4.0,0,0,0.275,0,0,0,0,0.0,17
1,2023,2023071,7,Haas F1 Team,22,MAG,Kevin Magnussen,20,#505050,52.0,403,79.345,79.345,0,0,79.223,0.244,-0.428,0.383,-0.236,25.0,-0.428,0.383,-0.236,25.0,-0.045,M,#F0E628,10,4.0,0,0,0.275,0,0,0,0,0.0,17
1,2023,2023071,7,Haas F1 Team,22,MAG,Kevin Magnussen,20,#505050,53.0,404,79.396,79.396,0,0,79.37,0.051,-0.542,0.620,-0.232,25.0,-0.542,0.620,-0.232,25.0,0.078,M,#F0E628,11,4.0,0,0,0.275,0,0,0,0,0.0,17
1,2023,2023071,7,Haas F1 Team,22,MAG,Kevin Magnussen,20,#505050,54.0,405,79.311,79.311,0,0,79.354,0.085,-0.525,0.360,-0.345,25.0,-0.525,0.360,-0.345,25.0,-0.165,M,#F0E628,12,4.0,0,1,0.275,0,0,0,0,0.0,17
1,2023,2023071,7,Haas F1 Team,22,MAG,Kevin Magnussen,20,#505050,55.0,406,79.187,79.187,0,0,79.249,0.124,-0.403,-1.295,-1.050,22.0,-0.403,-0.149,-0.477,22.0,-1.698,M,#F0E628,13,4.0,0,0,0.275,0,0,0,0,0.0,17
1,2023,2023071,7,Haas F1 Team,22,MAG,Kevin Magnussen,20,#505050,56.0,407,79.389,79.389,0,0,79.288,0.202,-0.543,-0.332,-0.709,22.0,-0.543,-0.332,-0.709,22.0,-0.875,M,#F0E628,14,4.0,0,0,0.275,0,0,0,0,0.0,17
1,2023,2023071,7,Haas F1 Team,22,MAG,Kevin Magnussen,20,#505050,57.0,408,79.199,79.199,0,0,79.294,0.190,-0.33,0.071,-0.294,25.0,-0.330,0.071,-0.294,25.0,-0.259,M,#F0E628,15,4.0,0,0,0.275,0,0,0,0,0.0,17
1,2023,2023071,7,Haas F1 Team,22,MAG,Kevin Magnussen,20,#505050,58.0,409,79.397,79.397,0,0,79.298,0.198,-0.441,0.246,-0.318,25.0,-0.441,0.246,-0.318,25.0,-0.195,M,#F0E628,16,4.0,0,0,0.275,0,0,0,0,0.0,17
1,2023,2023071,7,Haas F1 Team,22,MAG,Kevin Magnussen,20,#505050,59.0,410,81.015,79.854,1,0,79.625,1.618,-1.98,2.030,-0.965,25.0,-0.818,0.868,-0.384,25.0,0.05,M,#F0E628,17,4.0,0,0,0.275,0,0,0,0,0.0,17
1,2023,2023071,7,Haas F1 Team,22,MAG,Kevin Magnussen,20,#505050,60.0,411,80.31,80.31,0,0,80.082,0.705,-1.25,1.313,-0.594,25.0,-1.250,1.313,-0.594,25.0,0.063,M,#F0E628,18,4.0,0,0,0.275,0,0,0,0,0.0,17
1,2023,2023071,7,Haas F1 Team,22,MAG,Kevin Magnussen,20,#505050,61.0,412,79.492,79.492,0,0,79.901,0.818,-0.609,0.543,-0.338,25.0,-0.609,0.543,-0.338,25.0,-0.066,M,#F0E628,19,4.0,0,0,0.275,0,0,0,0,0.0,17
1,2023,2023071,7,Haas F1 Team,22,MAG,Kevin Magnussen,20,#505050,62.0,413,79.407,79.407,0,0,79.45,0.085,-0.447,0.175,-0.359,25.0,-0.447,0.175,-0.359,25.0,-0.272,M,#F0E628,20,4.0,0,0,0.275,0,0,0,0,0.0,17
1,2023,2023071,7,Haas F1 Team,22,MAG,Kevin Magnussen,20,#505050,63.0,414,79.496,79.496,0,0,79.452,0.089,-0.489,-0.028,-0.503,22.0,-0.489,0.220,-0.379,25.0,-0.517,M,#F0E628,21,4.0,0,0,0.275,0,0,0,0,0.0,17
1,2023,2023071,7,Haas F1 Team,22,MAG,Kevin Magnussen,20,#505050,64.0,415,82.711,82.711,0,0,81.104,3.215,-3.484,3.391,-1.788,25.0,-3.484,3.391,-1.788,25.0,-0.093,M,#F0E628,22,4.0,0,0,0.275,0,0,0,0,-1.0,18
1,2023,2023071,7,Haas F1 Team,22,MAG,Kevin Magnussen,20,#505050,65.0,416,83.209,83.209,0,0,82.96,0.498,-3.885,3.793,-1.988,25.0,-3.885,3.793,-1.988,25.0,-0.092,M,#F0E628,23,4.0,0,0,0.275,0,0,0,0,0.0,18
1,2023,2023071,7,Haas F1 Team,25,HUL,Nico Hulkenberg,27,#505050,1.0,352,-,-,0,1,-,-,-,-,-,-,-,-,-,-,,S,#CD3C3C,4,1.0,0,0,0.243,0,0,0,0,,8
1,2023,2023071,7,Haas F1 Team,25,HUL,Nico Hulkenberg,27,#505050,2.0,353,-,-,0,1,-,-,-,-,-,-,-,-,-,-,,S,#CD3C3C,5,1.0,0,0,0.243,0,0,0,0,0.0,8
1,2023,2023071,7,Haas F1 Team,25,HUL,Nico Hulkenberg,27,#505050,3.0,354,81.892,81.892,0,0,-,-,-0.347,-0.056,-0.319,22.0,-0.347,-0.056,-0.319,22.0,-0.291,S,#CD3C3C,6,1.0,0,0,0.243,0,0,0,0,0.0,8
1,2023,2023071,7,Haas F1 Team,25,HUL,Nico Hulkenberg,27,#505050,4.0,355,81.363,81.363,0,0,81.628,0.529,-0.113,0.734,-0.480,25.0,-0.113,0.734,-0.480,25.0,-0.847,S,#CD3C3C,7,1.0,0,0,0.243,0,0,0,0,0.0,8
1,2023,2023071,7,Haas F1 Team,25,HUL,Nico Hulkenberg,27,#505050,5.0,356,81.972,81.972,0,0,81.667,0.609,-0.791,-0.678,-0.452,22.0,-0.791,-0.678,-0.452,22.0,-0.113,S,#CD3C3C,8,1.0,0,1,0.243,0,0,0,0,-1.0,9
1,2023,2023071,7,Haas F1 Team,25,HUL,Nico Hulkenberg,27,#505050,6.0,357,82.738,82.738,0,0,82.355,0.766,-1.493,-1.145,-0.920,22.0,-1.493,-1.145,-0.920,22.0,-0.348,S,#CD3C3C,9,1.0,0,0,0.243,0,0,0,0,-1.0,10
1,2023,2023071,7,Haas F1 Team,25,HUL,Nico Hulkenberg,27,#505050,7.0,358,82.775,82.775,0,0,82.756,0.037,-1.404,-0.421,-1.194,22.0,-1.404,-0.421,-1.194,22.0,-0.983,S,#CD3C3C,10,1.0,0,0,0.243,0,0,0,0,-1.0,11
1,2023,2023071,7,Haas F1 Team,25,HUL,Nico Hulkenberg,27,#505050,8.0,359,-,-,0,1,-,-,-,-,-,-,-,-,-,-,-1.097,S,#CD3C3C,11,1.0,1,0,0.243,0,0,0,0,0.0,17
1,2023,2023071,7,Haas F1 Team,25,HUL,Nico Hulkenberg,27,#505050,9.0,360,-,-,0,1,-,-,-,-,-,-,-,-,-,-,-0.228,M,#F0E628,1,2.0,0,0,0.362,0,0,0,0,0.0,19
1,2023,2023071,7,Haas F1 Team,25,HUL,Nico Hulkenberg,27,#505050,10.0,361,80.101,80.101,0,0,-,-,1.2,-,-,-,1.200,-,-,-,,M,#F0E628,2,2.0,0,0,0.362,0,0,0,0,1.0,17
1,2023,2023071,7,Haas F1 Team,25,HUL,Nico Hulkenberg,27,#505050,11.0,362,79.527,79.527,0,0,79.814,0.574,1.623,-,-,-,1.623,-,-,-,,M,#F0E628,3,2.0,0,0,0.362,0,0,0,0,1.0,14
1,2023,2023071,7,Haas F1 Team,25,HUL,Nico Hulkenberg,27,#505050,12.0,363,80.114,80.114,0,0,79.821,0.587,0.904,0.062,0.873,25.0,0.904,0.062,0.873,25.0,0.842,M,#F0E628,4,2.0,0,0,0.362,0,0,0,0,0.0,14
1,2023,2023071,7,Haas F1 Team,25,HUL,Nico Hulkenberg,27,#505050,13.0,364,80.356,80.356,0,0,80.235,0.242,0.613,0.148,0.539,25.0,0.613,0.148,0.539,25.0,0.465,M,#F0E628,5,2.0,0,0,0.362,0,0,0,0,0.0,14
1,2023,2023071,7,Haas F1 Team,25,HUL,Nico Hulkenberg,27,#505050,14.0,365,82.119,81.017,1,0,80.686,1.763,-0.999,-1.413,-0.292,22.0,0.103,-0.311,0.259,22.0,0.414,M,#F0E628,6,2.0,0,0,0.362,0,0,0,0,0.0,14
1,2023,2023071,7,Haas F1 Team,25,HUL,Nico Hulkenberg,27,#505050,15.0,366,81.677,81.677,0,0,81.347,0.442,-0.407,-0.608,-0.103,22.0,-0.407,-0.608,-0.103,22.0,0.201,M,#F0E628,7,2.0,0,0,0.362,0,0,0,0,-1.0,15
1,2023,2023071,7,Haas F1 Team,25,HUL,Nico Hulkenberg,27,#505050,16.0,367,83.239,81.572,1,0,81.625,1.562,-2.118,-2.120,-1.058,22.0,-0.451,-0.453,-0.225,22.0,0.002,M,#F0E628,8,2.0,0,0,0.362,0,0,0,0,-1.0,16
1,2023,2023071,7,Haas F1 Team,25,HUL,Nico Hulkenberg,27,#505050,17.0,368,81.467,81.467,0,0,81.52,1.772,-0.605,-0.264,-0.473,22.0,-0.605,-0.264,-0.473,22.0,-0.341,M,#F0E628,9,2.0,0,1,0.362,0,0,0,0,0.0,13
1,2023,2023071,7,Haas F1 Team,25,HUL,Nico Hulkenberg,27,#505050,18.0,369,81.335,81.335,0,0,81.401,0.132,-0.554,-0.304,-0.402,22.0,-0.554,-0.304,-0.402,22.0,-0.25,M,#F0E628,10,2.0,0,0,0.362,0,0,0,0,0.0,12
1,2023,2023071,7,Haas F1 Team,25,HUL,Nico Hulkenberg,27,#505050,19.0,370,81.164,81.164,0,0,81.25,0.171,-0.503,0.555,-0.780,25.0,-0.503,0.107,-0.556,25.0,-1.058,M,#F0E628,11,2.0,0,0,0.362,0,0,0,0,0.0,12
1,2023,2023071,7,Haas F1 Team,25,HUL,Nico Hulkenberg,27,#505050,20.0,371,81.266,81.266,0,0,81.215,0.102,-0.588,0.244,-0.710,25.0,-0.588,0.244,-0.710,25.0,-0.832,M,#F0E628,12,2.0,0,0,0.362,0,0,0,0,0.0,11
1,2023,2023071,7,Haas F1 Team,25,HUL,Nico Hulkenberg,27,#505050,21.0,372,81.964,81.128,1,0,81.197,0.698,-1.237,-0.302,-1.086,22.0,-0.401,0.534,-0.668,25.0,-0.935,M,#F0E628,13,2.0,0,0,0.362,0,0,0,0,-1.0,12
1,2023,2023071,7,Haas F1 Team,25,HUL,Nico Hulkenberg,27,#505050,22.0,373,80.991,80.991,0,0,81.06,0.973,-0.185,0.640,-0.505,25.0,-0.185,0.640,-0.505,25.0,-0.825,M,#F0E628,14,2.0,0,0,0.362,0,0,0,0,0.0,12
1,2023,2023071,7,Haas F1 Team,25,HUL,Nico Hulkenberg,27,#505050,23.0,374,81.129,81.129,0,0,81.06,0.138,-0.274,0.718,-0.633,25.0,-0.274,0.718,-0.633,25.0,-0.992,M,#F0E628,15,2.0,0,0,0.362,0,0,0,0,0.0,12
1,2023,2023071,7,Haas F1 Team,25,HUL,Nico Hulkenberg,27,#505050,24.0,375,81.33,81.33,0,0,81.23,0.201,-0.574,-,-,-,-0.574,-,-,-,,M,#F0E628,16,2.0,0,0,0.362,0,0,0,0,0.0,12
1,2023,2023071,7,Haas F1 Team,25,HUL,Nico Hulkenberg,27,#505050,25.0,376,81.144,81.144,0,0,81.237,0.186,-0.512,-,-,-,-0.512,-,-,-,,M,#F0E628,17,2.0,0,0,0.362,0,0,0,0,0.0,12
1,2023,2023071,7,Haas F1 Team,25,HUL,Nico Hulkenberg,27,#505050,26.0,377,-,-,0,1,-,-,-,-,-,-,-,-,-,-,1.076,M,#F0E628,18,2.0,1,0,0.362,0,0,0,0,0.0,14
1,2023,2023071,7,Haas F1 Team,25,HUL,Nico Hulkenberg,27,#505050,27.0,378,-,-,0,1,-,-,-,-,-,-,-,-,-,-,1.186,H,#A5AFB9,1,3.0,0,0,0.200,0,0,0,0,0.0,18
1,2023,2023071,7,Haas F1 Team,25,HUL,Nico Hulkenberg,27,#505050,28.0,379,78.959,78.959,0,0,-,-,1.145,0.305,0.993,25.0,1.145,0.305,0.993,25.0,0.84,H,#A5AFB9,2,3.0,0,0,0.200,0,0,0,0,0.0,18
1,2023,2023071,7,Haas F1 Team,25,HUL,Nico Hulkenberg,27,#505050,29.0,380,78.981,78.981,0,0,78.97,0.022,1.097,0.646,0.774,25.0,1.097,0.646,0.774,25.0,0.451,H,#A5AFB9,3,3.0,0,0,0.200,0,0,0,0,0.0,18
1,2023,2023071,7,Haas F1 Team,25,HUL,Nico Hulkenberg,27,#505050,30.0,381,79.314,79.314,0,0,79.148,0.333,0.8,0.420,0.590,25.0,0.800,0.420,0.590,25.0,0.38,H,#A5AFB9,4,3.0,0,0,0.200,0,0,0,0,0.0,18
1,2023,2023071,7,Haas F1 Team,25,HUL,Nico Hulkenberg,27,#505050,31.0,382,78.964,78.964,0,0,79.139,0.350,1.221,1.016,0.713,25.0,1.221,1.016,0.713,25.0,0.205,H,#A5AFB9,5,3.0,0,0,0.200,0,0,0,0,1.0,17
1,2023,2023071,7,Haas F1 Team,25,HUL,Nico Hulkenberg,27,#505050,32.0,383,79.493,79.493,0,0,79.228,0.529,0.738,0.908,0.284,25.0,0.738,0.908,0.284,25.0,-0.17,H,#A5AFB9,6,3.0,0,0,0.200,0,0,0,0,1.0,16
1,2023,2023071,7,Haas F1 Team,25,HUL,Nico Hulkenberg,27,#505050,33.0,384,79.922,79.922,0,0,79.708,0.429,0.56,0.852,0.134,25.0,0.560,0.852,0.134,25.0,-0.292,H,#A5AFB9,7,3.0,0,0,0.200,0,0,0,0,0.0,16
1,2023,2023071,7,Haas F1 Team,25,HUL,Nico Hulkenberg,27,#505050,34.0,385,79.177,79.177,0,0,79.55,0.745,1.106,1.502,0.355,25.0,1.106,1.502,0.355,25.0,-0.396,H,#A5AFB9,8,3.0,0,0,0.200,0,0,0,0,1.0,15
1,2023,2023071,7,Haas F1 Team,25,HUL,Nico Hulkenberg,27,#505050,35.0,386,79.874,79.874,0,0,79.526,0.697,0.423,0.211,0.318,25.0,0.423,0.211,0.318,25.0,0.212,H,#A5AFB9,9,3.0,0,1,0.200,0,0,0,0,0.0,15
1,2023,2023071,7,Haas F1 Team,25,HUL,Nico Hulkenberg,27,#505050,36.0,387,80.814,79.958,1,0,79.916,0.940,-0.612,-0.355,-0.434,22.0,0.245,0.502,-0.006,25.0,-0.257,H,#A5AFB9,10,3.0,0,0,0.200,0,0,0,0,0.0,15
1,2023,2023071,7,Haas F1 Team,25,HUL,Nico Hulkenberg,27,#505050,37.0,388,80.041,80.041,0,0,79.999,0.773,0.133,1.751,-0.743,25.0,0.133,0.928,-0.331,25.0,-1.618,H,#A5AFB9,11,3.0,0,0,0.200,0,0,0,0,0.0,14
1,2023,2023071,7,Haas F1 Team,25,HUL,Nico Hulkenberg,27,#505050,38.0,389,80.033,80.033,0,0,80.037,0.008,0.026,1.446,-0.697,25.0,0.026,1.446,-0.697,25.0,-1.42,H,#A5AFB9,12,3.0,0,0,0.200,0,0,0,0,0.0,14
1,2023,2023071,7,Haas F1 Team,25,HUL,Nico Hulkenberg,27,#505050,39.0,390,80.31,80.31,0,0,80.172,0.277,-0.557,-0.371,-0.371,22.0,-0.557,-0.371,-0.371,22.0,-0.186,H,#A5AFB9,13,3.0,0,0,0.200,0,0,0,0,0.0,13
1,2023,2023071,7,Haas F1 Team,25,HUL,Nico Hulkenberg,27,#505050,40.0,391,80.031,80.031,0,0,80.17,0.279,-0.366,2.500,-1.616,25.0,-0.366,0.035,-0.384,25.0,-2.866,H,#A5AFB9,14,3.0,0,0,0.200,0,0,0,0,0.0,11
1,2023,2023071,7,Haas F1 Team,25,HUL,Nico Hulkenberg,27,#505050,41.0,392,80.039,80.039,0,0,80.035,0.008,-0.54,0.155,-0.617,25.0,-0.540,0.155,-0.617,25.0,-0.695,H,#A5AFB9,15,3.0,0,0,0.200,0,0,0,0,0.0,11
1,2023,2023071,7,Haas F1 Team,25,HUL,Nico Hulkenberg,27,#505050,42.0,393,80.001,80.001,0,0,80.02,0.038,-0.565,-,-,-,-0.565,-,-,-,,H,#A5AFB9,16,3.0,0,0,0.200,0,0,0,0,0.0,10
1,2023,2023071,7,Haas F1 Team,25,HUL,Nico Hulkenberg,27,#505050,43.0,394,-,-,0,1,-,-,-,-,-,-,-,-,-,-,,H,#A5AFB9,17,3.0,1,0,0.200,0,0,0,0,0.0,12
1,2023,2023071,7,Haas F1 Team,25,HUL,Nico Hulkenberg,27,#505050,44.0,395,-,-,0,1,-,-,-,-,-,-,-,-,-,-,1.217,M,#F0E628,1,4.0,0,0,0.168,0,0,0,0,0.0,16
1,2023,2023071,7,Haas F1 Team,25,HUL,Nico Hulkenberg,27,#505050,45.0,396,78.912,78.912,0,0,-,-,0.383,-0.630,0.698,22.0,0.383,-0.630,0.698,22.0,1.013,M,#F0E628,2,4.0,0,0,0.168,0,0,0,0,0.0,16
1,2023,2023071,7,Haas F1 Team,25,HUL,Nico Hulkenberg,27,#505050,46.0,397,78.841,78.841,0,0,78.876,0.071,0.327,0.010,0.322,25.0,0.327,0.010,0.322,25.0,0.317,M,#F0E628,3,4.0,0,0,0.168,0,0,0,0,0.0,16
1,2023,2023071,7,Haas F1 Team,25,HUL,Nico Hulkenberg,27,#505050,47.0,398,79.121,78.894,1,0,78.868,0.280,-0.033,0.045,-0.056,25.0,0.194,-0.119,0.254,22.0,-0.078,M,#F0E628,4,4.0,0,0,0.168,0,0,0,0,0.0,16
1,2023,2023071,7,Haas F1 Team,25,HUL,Nico Hulkenberg,27,#505050,48.0,399,78.947,78.947,0,0,78.92,0.174,0.174,-0.247,0.297,22.0,0.174,-0.247,0.297,22.0,0.421,M,#F0E628,5,4.0,0,0,0.168,0,0,0,0,0.0,16
1,2023,2023071,7,Haas F1 Team,25,HUL,Nico Hulkenberg,27,#505050,49.0,400,79.272,78.901,1,0,78.924,0.325,-0.09,-0.167,-0.006,22.0,0.281,-0.061,0.311,22.0,0.077,M,#F0E628,6,4.0,0,0,0.168,0,0,0,0,0.0,16
1,2023,2023071,7,Haas F1 Team,25,HUL,Nico Hulkenberg,27,#505050,50.0,401,78.855,78.855,0,0,78.878,0.417,0.211,0.125,0.148,25.0,0.211,0.125,0.148,25.0,0.086,M,#F0E628,7,4.0,0,0,0.168,0,0,0,0,0.0,16
1,2023,2023071,7,Haas F1 Team,25,HUL,Nico Hulkenberg,27,#505050,51.0,402,78.861,78.861,0,0,78.858,0.006,0.216,0.240,0.096,25.0,0.216,0.240,0.096,25.0,-0.024,M,#F0E628,8,4.0,0,0,0.168,0,0,0,0,0.0,15
1,2023,2023071,7,Haas F1 Team,25,HUL,Nico Hulkenberg,27,#505050,52.0,403,78.962,78.962,0,0,78.912,0.101,-0.045,0.383,-0.236,25.0,-0.045,0.383,-0.236,25.0,-0.428,M,#F0E628,9,4.0,0,0,0.168,0,0,0,0,0.0,15
1,2023,2023071,7,Haas F1 Team,25,HUL,Nico Hulkenberg,27,#505050,53.0,404,78.776,78.776,0,0,78.869,0.186,0.078,0.620,-0.232,25.0,0.078,0.620,-0.232,25.0,-0.542,M,#F0E628,10,4.0,0,0,0.168,0,0,0,0,0.0,15
1,2023,2023071,7,Haas F1 Team,25,HUL,Nico Hulkenberg,27,#505050,54.0,405,78.951,78.951,0,0,78.863,0.175,-0.165,0.360,-0.345,25.0,-0.165,0.360,-0.345,25.0,-0.525,M,#F0E628,11,4.0,0,0,0.168,0,0,0,0,0.0,15
1,2023,2023071,7,Haas F1 Team,25,HUL,Nico Hulkenberg,27,#505050,55.0,406,80.482,79.336,1,0,79.143,1.531,-1.698,-1.295,-1.050,22.0,-0.552,-0.149,-0.477,22.0,-0.403,M,#F0E628,12,4.0,0,1,0.168,0,0,0,0,0.0,15
1,2023,2023071,7,Haas F1 Team,25,HUL,Nico Hulkenberg,27,#505050,56.0,407,79.721,79.721,0,0,79.529,0.761,-0.875,-0.332,-0.709,22.0,-0.875,-0.332,-0.709,22.0,-0.543,M,#F0E628,13,4.0,0,0,0.168,0,0,0,0,0.0,15
1,2023,2023071,7,Haas F1 Team,25,HUL,Nico Hulkenberg,27,#505050,57.0,408,79.128,79.128,0,0,79.424,0.593,-0.259,0.071,-0.294,25.0,-0.259,0.071,-0.294,25.0,-0.33,M,#F0E628,14,4.0,0,0,0.168,0,0,0,0,0.0,15
1,2023,2023071,7,Haas F1 Team,25,HUL,Nico Hulkenberg,27,#505050,58.0,409,79.151,79.151,0,0,79.14,0.023,-0.195,0.246,-0.318,25.0,-0.195,0.246,-0.318,25.0,-0.441,M,#F0E628,15,4.0,0,0,0.168,0,0,0,0,0.0,15
1,2023,2023071,7,Haas F1 Team,25,HUL,Nico Hulkenberg,27,#505050,59.0,410,78.985,78.985,0,0,79.068,0.166,0.05,2.030,-0.965,25.0,0.050,0.868,-0.384,25.0,-1.98,M,#F0E628,16,4.0,0,0,0.168,0,0,0,0,0.0,15
1,2023,2023071,7,Haas F1 Team,25,HUL,Nico Hulkenberg,27,#505050,60.0,411,78.997,78.997,0,0,78.991,0.012,0.063,1.313,-0.594,25.0,0.063,1.313,-0.594,25.0,-1.25,M,#F0E628,17,4.0,0,0,0.168,0,0,0,0,0.0,15
1,2023,2023071,7,Haas F1 Team,25,HUL,Nico Hulkenberg,27,#505050,61.0,412,78.949,78.949,0,0,78.973,0.048,-0.066,0.543,-0.338,25.0,-0.066,0.543,-0.338,25.0,-0.609,M,#F0E628,18,4.0,0,0,0.168,0,0,0,0,0.0,15
1,2023,2023071,7,Haas F1 Team,25,HUL,Nico Hulkenberg,27,#505050,62.0,413,79.232,79.232,0,0,79.09,0.283,-0.272,0.175,-0.359,25.0,-0.272,0.175,-0.359,25.0,-0.447,M,#F0E628,19,4.0,0,0,0.168,0,0,0,0,0.0,15
1,2023,2023071,7,Haas F1 Team,25,HUL,Nico Hulkenberg,27,#505050,63.0,414,79.524,79.276,1,0,79.254,0.292,-0.517,-0.028,-0.503,22.0,-0.269,0.220,-0.379,25.0,-0.489,M,#F0E628,20,4.0,0,0,0.168,0,0,0,0,0.0,15
1,2023,2023071,7,Haas F1 Team,25,HUL,Nico Hulkenberg,27,#505050,64.0,415,79.32,79.32,0,0,79.298,0.204,-0.093,3.391,-1.788,25.0,-0.093,3.391,-1.788,25.0,-3.484,M,#F0E628,21,4.0,0,0,0.168,0,0,0,0,0.0,15
1,2023,2023071,7,Haas F1 Team,25,HUL,Nico Hulkenberg,27,#505050,65.0,416,79.416,79.416,0,0,79.368,0.096,-0.092,3.793,-1.988,25.0,-0.092,3.793,-1.988,25.0,-3.885,M,#F0E628,22,4.0,0,0,0.168,0,0,0,0,0.0,15
1,2023,2023081,8,Haas F1 Team,22,MAG,Kevin Magnussen,20,#505050,1.0,418,-,-,0,1,-,-,-,-,-,-,-,-,-,-,,H,#A5AFB9,1,1.0,0,0,0.241,0,0,0,0,,15
1,2023,2023081,8,Haas F1 Team,22,MAG,Kevin Magnussen,20,#505050,2.0,419,-,-,0,1,-,-,-,-,-,-,-,-,-,-,,H,#A5AFB9,2,1.0,0,0,0.241,0,0,0,0,0.0,15
1,2023,2023081,8,Haas F1 Team,22,MAG,Kevin Magnussen,20,#505050,3.0,420,78.742,78.742,0,0,-,-,-0.279,-0.039,-0.260,25.0,-0.279,-0.039,-0.260,25.0,-0.24,H,#A5AFB9,3,1.0,0,0,0.241,0,0,0,0,0.0,15
1,2023,2023081,8,Haas F1 Team,22,MAG,Kevin Magnussen,20,#505050,4.0,421,78.198,78.198,0,0,78.47,0.544,0.155,0.498,-0.094,22.0,0.155,0.498,-0.094,22.0,-0.343,H,#A5AFB9,4,1.0,0,0,0.241,0,0,0,0,0.0,15
1,2023,2023081,8,Haas F1 Team,22,MAG,Kevin Magnussen,20,#505050,5.0,422,78.466,78.466,0,0,78.332,0.268,-0.046,0.005,-0.049,22.0,-0.046,0.005,-0.049,22.0,-0.051,H,#A5AFB9,5,1.0,0,0,0.241,0,0,0,0,0.0,15
1,2023,2023081,8,Haas F1 Team,22,MAG,Kevin Magnussen,20,#505050,6.0,423,78.684,78.684,0,0,78.575,0.218,-0.169,0.042,-0.190,22.0,-0.169,0.042,-0.190,22.0,-0.211,H,#A5AFB9,6,1.0,0,0,0.241,0,0,0,0,0.0,15
1,2023,2023081,8,Haas F1 Team,22,MAG,Kevin Magnussen,20,#505050,7.0,424,-,-,0,1,-,-,-,-,-,-,-,-,-,-,-1.846,H,#A5AFB9,7,1.0,0,0,0.241,0,0,0,1,0.0,15
1,2023,2023081,8,Haas F1 Team,22,MAG,Kevin Magnussen,20,#505050,8.0,425,-,-,0,1,-,-,-,-,-,-,-,-,-,-,,H,#A5AFB9,8,1.0,0,0,0.241,0,0,1,0,0.0,15
1,2023,2023081,8,Haas F1 Team,22,MAG,Kevin Magnussen,20,#505050,9.0,426,78.76,78.76,0,0,-,-,-0.382,-,-,-,-0.382,-,-,-,,H,#A5AFB9,9,1.0,0,0,0.241,0,0,0,0,0.0,15
1,2023,2023081,8,Haas F1 Team,22,MAG,Kevin Magnussen,20,#505050,10.0,427,79.105,79.105,0,0,78.932,0.345,-0.652,-,-,-,-0.652,-,-,-,,H,#A5AFB9,10,1.0,0,0,0.241,0,0,0,0,0.0,14
1,2023,2023081,8,Haas F1 Team,22,MAG,Kevin Magnussen,20,#505050,11.0,428,78.601,78.601,0,0,78.853,0.504,-0.343,-,-,-,-0.343,-,-,-,,H,#A5AFB9,11,1.0,0,0,0.241,0,0,0,0,0.0,12
1,2023,2023081,8,Haas F1 Team,22,MAG,Kevin Magnussen,20,#505050,12.0,429,-,-,0,1,-,-,-,-,-,-,-,-,-,-,,H,#A5AFB9,12,1.0,0,0,0.241,0,1,0,0,0.0,7
1,2023,2023081,8,Haas F1 Team,22,MAG,Kevin Magnussen,20,#505050,13.0,430,-,-,0,1,-,-,-,-,-,-,-,-,-,-,,H,#A5AFB9,13,1.0,0,0,0.241,0,0,0,0,0.0,7
1,2023,2023081,8,Haas F1 Team,22,MAG,Kevin Magnussen,20,#505050,14.0,431,-,-,0,1,-,-,-,-,-,-,-,-,-,-,,H,#A5AFB9,14,1.0,0,0,0.241,0,0,0,0,0.0,7
1,2023,2023081,8,Haas F1 Team,22,MAG,Kevin Magnussen,20,#505050,15.0,432,-,-,0,1,-,-,-,-,-,-,-,-,-,-,,H,#A5AFB9,15,1.0,0,0,0.241,0,0,0,0,0.0,7
1,2023,2023081,8,Haas F1 Team,22,MAG,Kevin Magnussen,20,#505050,16.0,433,-,-,0,1,-,-,-,-,-,-,-,-,-,-,,H,#A5AFB9,16,1.0,0,0,0.241,1,0,0,0,0.0,7
1,2023,2023081,8,Haas F1 Team,22,MAG,Kevin Magnussen,20,#505050,17.0,434,-,-,0,1,-,-,-,-,-,-,-,-,-,-,,H,#A5AFB9,17,1.0,0,0,0.241,0,0,0,0,0.0,7
1,2023,2023081,8,Haas F1 Team,22,MAG,Kevin Magnussen,20,#505050,18.0,435,78.722,78.722,0,0,-,-,-0.182,0.649,-0.506,22.0,-0.182,0.649,-0.506,22.0,-0.831,H,#A5AFB9,18,1.0,0,0,0.241,0,0,0,0,0.0,7
1,2023,2023081,8,Haas F1 Team,22,MAG,Kevin Magnussen,20,#505050,19.0,436,78.253,78.253,0,0,78.488,0.469,-0.389,-0.054,-0.362,25.0,-0.389,-0.054,-0.362,25.0,-0.335,H,#A5AFB9,19,1.0,0,0,0.241,0,0,0,0,0.0,7
1,2023,2023081,8,Haas F1 Team,22,MAG,Kevin Magnussen,20,#505050,20.0,437,79.998,78.779,1,0,78.516,1.745,-2.016,-1.443,-1.294,25.0,-0.797,-0.224,-0.685,25.0,-0.573,H,#A5AFB9,20,1.0,0,0,0.241,0,0,0,0,-2.0,9
1,2023,2023081,8,Haas F1 Team,22,MAG,Kevin Magnussen,20,#505050,21.0,438,79.305,79.305,0,0,79.042,0.693,-1.281,-0.519,-1.022,25.0,-1.281,-0.854,-0.854,25.0,-0.762,H,#A5AFB9,21,1.0,0,0,0.241,0,0,0,0,-1.0,10
1,2023,2023081,8,Haas F1 Team,22,MAG,Kevin Magnussen,20,#505050,22.0,439,78.576,78.576,0,0,78.94,0.729,-0.645,-0.228,-0.531,25.0,-0.645,-0.228,-0.531,25.0,-0.417,H,#A5AFB9,22,1.0,0,1,0.241,0,0,0,0,0.0,10
1,2023,2023081,8,Haas F1 Team,22,MAG,Kevin Magnussen,20,#505050,23.0,440,78.495,78.495,0,0,78.536,0.081,-0.53,0.200,-0.630,22.0,-0.530,-0.126,-0.467,25.0,-0.73,H,#A5AFB9,23,1.0,0,0,0.241,0,0,0,0,0.0,10
1,2023,2023081,8,Haas F1 Team,22,MAG,Kevin Magnussen,20,#505050,24.0,441,78.535,78.535,0,0,78.515,0.040,-0.628,-0.144,-0.556,25.0,-0.628,-0.144,-0.556,25.0,-0.484,H,#A5AFB9,24,1.0,0,0,0.241,0,0,0,0,-1.0,11
1,2023,2023081,8,Haas F1 Team,22,MAG,Kevin Magnussen,20,#505050,25.0,442,78.916,78.916,0,0,78.726,0.381,-0.965,-0.379,-0.775,25.0,-0.965,-0.379,-0.775,25.0,-0.586,H,#A5AFB9,25,1.0,0,0,0.241,0,0,0,0,0.0,11
1,2023,2023081,8,Haas F1 Team,22,MAG,Kevin Magnussen,20,#505050,26.0,443,78.604,78.604,0,0,78.76,0.312,-0.56,0.086,-0.603,22.0,-0.560,0.086,-0.603,22.0,-0.646,H,#A5AFB9,26,1.0,0,0,0.241,0,0,0,0,0.0,11
1,2023,2023081,8,Haas F1 Team,22,MAG,Kevin Magnussen,20,#505050,27.0,444,78.494,78.494,0,0,78.549,0.110,-0.519,0.103,-0.571,22.0,-0.519,0.103,-0.571,22.0,-0.622,H,#A5AFB9,27,1.0,0,0,0.241,0,0,0,0,0.0,11
1,2023,2023081,8,Haas F1 Team,22,MAG,Kevin Magnussen,20,#505050,28.0,445,78.932,78.932,0,0,78.713,0.438,-0.946,-0.442,-0.725,25.0,-0.946,-0.442,-0.725,25.0,-0.504,H,#A5AFB9,28,1.0,0,0,0.241,0,0,0,0,-1.0,12
1,2023,2023081,8,Haas F1 Team,22,MAG,Kevin Magnussen,20,#505050,29.0,446,78.838,78.838,0,0,78.885,0.094,-0.889,-0.083,-0.848,25.0,-0.889,-0.311,-0.734,25.0,-0.806,H,#A5AFB9,29,1.0,0,0,0.241,0,0,0,0,0.0,12
1,2023,2023081,8,Haas F1 Team,22,MAG,Kevin Magnussen,20,#505050,30.0,447,78.31,78.31,0,0,78.574,0.528,-0.349,0.254,-0.476,22.0,-0.349,0.254,-0.476,22.0,-0.603,H,#A5AFB9,30,1.0,0,0,0.241,0,0,0,0,0.0,12
1,2023,2023081,8,Haas F1 Team,22,MAG,Kevin Magnussen,20,#505050,31.0,448,78.534,78.534,0,0,78.422,0.224,-0.653,-,-,-,-0.653,-,-,-,,H,#A5AFB9,31,1.0,0,0,0.241,0,0,0,0,0.0,12
1,2023,2023081,8,Haas F1 Team,22,MAG,Kevin Magnussen,20,#505050,32.0,449,78.895,78.895,0,0,78.714,0.361,-1.007,-,-,-,-1.007,-,-,-,,H,#A5AFB9,32,1.0,0,0,0.241,0,0,0,0,0.0,12
1,2023,2023081,8,Haas F1 Team,22,MAG,Kevin Magnussen,20,#505050,33.0,450,78.707,78.707,0,0,78.801,0.188,-0.904,-1.413,-0.198,25.0,-0.904,-1.413,-0.198,25.0,0.509,H,#A5AFB9,33,1.0,0,0,0.241,0,0,0,0,0.0,12
1,2023,2023081,8,Haas F1 Team,22,MAG,Kevin Magnussen,20,#505050,34.0,451,79.494,79.494,0,0,79.1,0.787,-1.58,-1.802,-0.679,25.0,-1.580,-1.802,-0.679,25.0,0.222,H,#A5AFB9,34,1.0,0,0,0.241,0,0,0,0,0.0,12
1,2023,2023081,8,Haas F1 Team,22,MAG,Kevin Magnussen,20,#505050,35.0,452,-,-,0,1,-,-,-,-,-,-,-,-,-,-,-0.635,H,#A5AFB9,35,1.0,1,0,0.241,0,0,0,0,0.0,18
1,2023,2023081,8,Haas F1 Team,22,MAG,Kevin Magnussen,20,#505050,36.0,453,-,-,0,1,-,-,-,-,-,-,-,-,-,-,0.444,M,#F0E628,1,2.0,0,0,0.382,0,0,0,0,0.0,19
1,2023,2023081,8,Haas F1 Team,22,MAG,Kevin Magnussen,20,#505050,37.0,454,78.693,78.693,0,0,-,-,-1.117,-1.461,-0.387,25.0,-1.117,-1.461,-0.387,25.0,0.344,M,#F0E628,2,2.0,0,0,0.382,0,0,0,0,0.0,19
1,2023,2023081,8,Haas F1 Team,22,MAG,Kevin Magnussen,20,#505050,38.0,455,77.415,77.415,0,0,78.054,1.278,0.039,0.474,-0.198,22.0,0.039,-0.005,0.041,25.0,-0.435,M,#F0E628,3,2.0,0,0,0.382,0,0,0,0,0.0,19
1,2023,2023081,8,Haas F1 Team,22,MAG,Kevin Magnussen,20,#505050,39.0,456,77.602,77.602,0,0,77.508,0.187,-0.22,-0.014,-0.213,25.0,-0.220,-0.014,-0.213,25.0,-0.206,M,#F0E628,4,2.0,0,0,0.382,0,0,0,0,0.0,19
1,2023,2023081,8,Haas F1 Team,22,MAG,Kevin Magnussen,20,#505050,40.0,457,77.053,77.053,0,0,77.328,0.549,0.299,1.051,-0.227,22.0,0.299,0.745,-0.073,22.0,-0.752,M,#F0E628,5,2.0,0,0,0.382,0,0,0,0,0.0,19
1,2023,2023081,8,Haas F1 Team,22,MAG,Kevin Magnussen,20,#505050,41.0,458,79.79,77.548,1,0,77.301,2.737,-2.481,-1.781,-1.591,25.0,-0.239,0.461,-0.469,22.0,-0.7,M,#F0E628,6,2.0,0,0,0.382,0,0,0,0,0.0,19
1,2023,2023081,8,Haas F1 Team,22,MAG,Kevin Magnussen,20,#505050,42.0,459,78.044,78.044,0,0,77.796,1.746,-0.735,-0.326,-0.572,25.0,-0.735,-0.326,-0.572,25.0,-0.409,M,#F0E628,7,2.0,0,0,0.382,0,0,0,0,0.0,19
1,2023,2023081,8,Haas F1 Team,22,MAG,Kevin Magnussen,20,#505050,43.0,460,79.123,77.841,1,0,77.942,1.079,-1.905,-0.660,-1.575,25.0,-0.623,-0.001,-0.623,25.0,-1.245,M,#F0E628,8,2.0,0,0,0.382,0,0,0,0,0.0,19
1,2023,2023081,8,Haas F1 Team,22,MAG,Kevin Magnussen,20,#505050,44.0,461,77.638,77.638,0,0,77.74,1.485,-0.593,0.323,-0.754,22.0,-0.593,0.323,-0.754,22.0,-0.916,M,#F0E628,9,2.0,0,1,0.382,0,0,0,0,1.0,18
1,2023,2023081,8,Haas F1 Team,22,MAG,Kevin Magnussen,20,#505050,45.0,462,77.966,77.966,0,0,77.802,0.328,-1.023,-0.433,-0.806,25.0,-1.023,-0.433,-0.806,25.0,-0.59,M,#F0E628,10,2.0,0,0,0.382,0,0,0,0,0.0,18
1,2023,2023081,8,Haas F1 Team,22,MAG,Kevin Magnussen,20,#505050,46.0,463,77.68,77.68,0,0,77.823,0.286,-0.819,-0.301,-0.668,25.0,-0.819,-0.301,-0.668,25.0,-0.518,M,#F0E628,11,2.0,0,0,0.382,0,0,0,0,0.0,18
1,2023,2023081,8,Haas F1 Team,22,MAG,Kevin Magnussen,20,#505050,47.0,464,77.44,77.44,0,0,77.56,0.240,-0.577,0.160,-0.657,22.0,-0.577,0.160,-0.657,22.0,-0.737,M,#F0E628,12,2.0,0,0,0.382,0,0,0,0,0.0,18
1,2023,2023081,8,Haas F1 Team,22,MAG,Kevin Magnussen,20,#505050,48.0,465,77.635,77.635,0,0,77.538,0.195,-0.655,0.324,-0.817,22.0,-0.655,0.324,-0.817,22.0,-0.979,M,#F0E628,13,2.0,0,0,0.382,0,0,0,0,0.0,18
1,2023,2023081,8,Haas F1 Team,22,MAG,Kevin Magnussen,20,#505050,49.0,466,77.695,77.695,0,0,77.665,0.060,-0.709,0.440,-0.929,22.0,-0.709,0.440,-0.929,22.0,-1.149,M,#F0E628,14,2.0,0,0,0.382,0,0,0,0,0.0,18
1,2023,2023081,8,Haas F1 Team,22,MAG,Kevin Magnussen,20,#505050,50.0,467,77.705,77.705,0,0,77.7,0.010,-0.77,0.314,-0.927,22.0,-0.770,0.314,-0.927,22.0,-1.084,M,#F0E628,15,2.0,0,0,0.382,0,0,0,0,0.0,18
1,2023,2023081,8,Haas F1 Team,22,MAG,Kevin Magnussen,20,#505050,51.0,468,77.485,77.485,0,0,77.595,0.220,-0.61,0.181,-0.701,22.0,-0.610,0.181,-0.701,22.0,-0.791,M,#F0E628,16,2.0,0,0,0.382,0,0,0,0,0.0,18
1,2023,2023081,8,Haas F1 Team,22,MAG,Kevin Magnussen,20,#505050,52.0,469,77.423,77.423,0,0,77.454,0.062,-0.65,0.483,-0.891,22.0,-0.650,0.483,-0.891,22.0,-1.133,M,#F0E628,17,2.0,0,0,0.382,0,0,0,0,0.0,18
1,2023,2023081,8,Haas F1 Team,22,MAG,Kevin Magnussen,20,#505050,53.0,470,-,-,0,1,-,-,-,-,-,-,-,-,-,-,-0.745,M,#F0E628,18,2.0,1,0,0.382,0,0,0,0,0.0,18
1,2023,2023081,8,Haas F1 Team,22,MAG,Kevin Magnussen,20,#505050,54.0,471,-,-,0,1,-,-,-,-,-,-,-,-,-,-,-1.741,M,#F0E628,1,3.0,0,0,0.100,0,0,0,0,0.0,18
1,2023,2023081,8,Haas F1 Team,22,MAG,Kevin Magnussen,20,#505050,55.0,472,76.126,76.126,0,0,-,-,0.633,1.770,-0.252,22.0,0.633,1.770,-0.252,22.0,-1.137,M,#F0E628,2,3.0,0,0,0.100,0,0,0,0,0.0,17
1,2023,2023081,8,Haas F1 Team,22,MAG,Kevin Magnussen,20,#505050,56.0,473,76.852,76.852,0,0,76.489,0.726,-0.081,0.646,-0.404,22.0,-0.081,0.646,-0.404,22.0,-0.727,M,#F0E628,3,3.0,0,0,0.100,0,0,0,0,0.0,17
1,2023,2023081,8,Haas F1 Team,22,MAG,Kevin Magnussen,20,#505050,57.0,474,77.045,76.868,1,0,76.86,0.193,-0.314,0.543,-0.586,22.0,-0.137,0.720,-0.497,22.0,-0.857,M,#F0E628,4,3.0,0,0,0.100,0,0,0,0,0.0,17
1,2023,2023081,8,Haas F1 Team,22,MAG,Kevin Magnussen,20,#505050,58.0,475,76.883,76.883,0,0,76.875,0.162,-0.203,0.493,-0.450,22.0,-0.203,0.493,-0.450,22.0,-0.696,M,#F0E628,5,3.0,0,0,0.100,0,0,0,0,0.0,17
1,2023,2023081,8,Haas F1 Team,22,MAG,Kevin Magnussen,20,#505050,59.0,476,76.739,76.739,0,0,76.811,0.144,-0.063,0.688,-0.407,22.0,-0.063,0.688,-0.407,22.0,-0.751,M,#F0E628,6,3.0,0,0,0.100,0,0,0,0,0.0,17
1,2023,2023081,8,Haas F1 Team,22,MAG,Kevin Magnussen,20,#505050,60.0,477,76.722,76.722,0,0,76.73,0.017,0.027,0.752,-0.349,22.0,0.027,0.752,-0.349,22.0,-0.725,M,#F0E628,7,3.0,0,0,0.100,0,0,0,0,0.0,17
1,2023,2023081,8,Haas F1 Team,22,MAG,Kevin Magnussen,20,#505050,61.0,478,76.778,76.778,0,0,76.75,0.056,0.031,0.986,-0.462,22.0,0.031,0.986,-0.462,22.0,-0.955,M,#F0E628,8,3.0,0,0,0.100,0,0,0,0,0.0,17
1,2023,2023081,8,Haas F1 Team,22,MAG,Kevin Magnussen,20,#505050,62.0,479,76.875,76.875,0,0,76.827,0.097,-0.133,2.268,-1.267,22.0,-0.133,0.814,-0.540,22.0,-2.401,M,#F0E628,9,3.0,0,1,0.100,0,0,0,0,0.0,17
1,2023,2023081,8,Haas F1 Team,22,MAG,Kevin Magnussen,20,#505050,63.0,480,77.057,76.802,1,0,76.838,0.182,-0.298,0.558,-0.577,22.0,-0.043,0.813,-0.450,22.0,-0.856,M,#F0E628,10,3.0,0,0,0.100,0,0,0,0,0.0,17
1,2023,2023081,8,Haas F1 Team,22,MAG,Kevin Magnussen,20,#505050,64.0,481,76.729,76.729,0,0,76.766,0.328,0.057,0.847,-0.366,22.0,0.057,0.847,-0.366,22.0,-0.79,M,#F0E628,11,3.0,0,0,0.100,0,0,0,0,0.0,17
1,2023,2023081,8,Haas F1 Team,22,MAG,Kevin Magnussen,20,#505050,65.0,482,76.974,76.76,1,0,76.744,0.245,-0.11,1.174,-0.697,22.0,0.104,1.388,-0.590,22.0,-1.284,M,#F0E628,12,3.0,0,0,0.100,0,0,0,0,0.0,17
1,2023,2023081,8,Haas F1 Team,22,MAG,Kevin Magnussen,20,#505050,66.0,483,76.791,76.791,0,0,76.776,0.183,0.175,2.524,-1.087,22.0,0.175,1.771,-0.711,22.0,-2.349,M,#F0E628,13,3.0,0,0,0.100,0,0,0,0,0.0,17
1,2023,2023081,8,Haas F1 Team,22,MAG,Kevin Magnussen,20,#505050,67.0,484,76.522,76.522,0,0,76.656,0.269,0.419,2.454,-0.808,22.0,0.419,2.454,-0.808,22.0,-2.035,M,#F0E628,14,3.0,0,0,0.100,0,0,0,0,0.0,17
1,2023,2023081,8,Haas F1 Team,22,MAG,Kevin Magnussen,20,#505050,68.0,485,76.421,76.421,0,0,76.472,0.101,0.368,1.141,-0.203,22.0,0.368,1.141,-0.203,22.0,-0.773,M,#F0E628,15,3.0,0,0,0.100,0,0,0,0,0.0,17
1,2023,2023081,8,Haas F1 Team,22,MAG,Kevin Magnussen,20,#505050,69.0,486,76.437,76.437,0,0,76.429,0.016,0.418,1.527,-0.345,22.0,0.418,1.527,-0.345,22.0,-1.109,M,#F0E628,16,3.0,0,0,0.100,0,0,0,0,0.0,17
1,2023,2023081,8,Haas F1 Team,25,HUL,Nico Hulkenberg,27,#505050,1.0,418,-,-,0,1,-,-,-,-,-,-,-,-,-,-,,M,#F0E628,1,1.0,0,0,0.257,0,0,0,0,,6
1,2023,2023081,8,Haas F1 Team,25,HUL,Nico Hulkenberg,27,#505050,2.0,419,-,-,0,1,-,-,-,-,-,-,-,-,-,-,,M,#F0E628,2,1.0,0,0,0.257,0,0,0,0,0.0,6
1,2023,2023081,8,Haas F1 Team,25,HUL,Nico Hulkenberg,27,#505050,3.0,420,78.703,78.703,0,0,-,-,-0.24,-0.039,-0.260,25.0,-0.240,-0.039,-0.260,25.0,-0.279,M,#F0E628,3,1.0,0,0,0.257,0,0,0,0,0.0,6
1,2023,2023081,8,Haas F1 Team,25,HUL,Nico Hulkenberg,27,#505050,4.0,421,78.696,78.696,0,0,78.7,0.007,-0.343,0.498,-0.094,22.0,-0.343,0.498,-0.094,22.0,0.155,M,#F0E628,4,1.0,0,0,0.257,0,0,0,0,0.0,6
1,2023,2023081,8,Haas F1 Team,25,HUL,Nico Hulkenberg,27,#505050,5.0,422,78.471,78.471,0,0,78.584,0.225,-0.051,0.005,-0.049,22.0,-0.051,0.005,-0.049,22.0,-0.046,M,#F0E628,5,1.0,0,0,0.257,0,0,0,0,0.0,6
1,2023,2023081,8,Haas F1 Team,25,HUL,Nico Hulkenberg,27,#505050,6.0,423,78.726,78.726,0,0,78.598,0.255,-0.211,0.042,-0.190,22.0,-0.211,0.042,-0.190,22.0,-0.169,M,#F0E628,6,1.0,0,1,0.257,0,0,0,0,0.0,6
1,2023,2023081,8,Haas F1 Team,25,HUL,Nico Hulkenberg,27,#505050,7.0,424,80.594,80.594,0,0,79.66,1.868,-1.846,-,-,-,-1.846,-,-,-,,M,#F0E628,7,1.0,0,0,0.257,0,0,0,0,-1.0,7
1,2023,2023081,8,Haas F1 Team,25,HUL,Nico Hulkenberg,27,#505050,8.0,425,-,-,0,1,-,-,-,-,-,-,-,-,-,-,,M,#F0E628,8,1.0,0,0,0.257,0,0,1,1,0.0,7
1,2023,2023081,8,Haas F1 Team,25,HUL,Nico Hulkenberg,27,#505050,9.0,426,78.866,78.866,0,0,-,-,-,-,-,-,-,-,-,-,-0.382,M,#F0E628,9,1.0,0,0,0.257,0,0,0,0,0.0,7
1,2023,2023081,8,Haas F1 Team,25,HUL,Nico Hulkenberg,27,#505050,10.0,427,79.083,79.083,0,0,78.974,0.217,-,-,-,-,-,-,-,-,-0.652,M,#F0E628,10,1.0,0,0,0.257,0,0,0,0,0.0,7
1,2023,2023081,8,Haas F1 Team,25,HUL,Nico Hulkenberg,27,#505050,11.0,428,-,-,0,1,-,-,-,-,-,-,-,-,-,-,-0.343,M,#F0E628,11,1.0,1,0,0.257,0,0,0,0,0.0,15
1,2023,2023081,8,Haas F1 Team,25,HUL,Nico Hulkenberg,27,#505050,12.0,429,-,-,0,1,-,-,-,-,-,-,-,-,-,-,,H,#A5AFB9,1,2.0,0,0,0.163,0,1,0,0,0.0,15
1,2023,2023081,8,Haas F1 Team,25,HUL,Nico Hulkenberg,27,#505050,13.0,430,-,-,0,1,-,-,-,-,-,-,-,-,-,-,,H,#A5AFB9,2,2.0,0,0,0.163,0,0,0,0,0.0,15
1,2023,2023081,8,Haas F1 Team,25,HUL,Nico Hulkenberg,27,#505050,14.0,431,-,-,0,1,-,-,-,-,-,-,-,-,-,-,,H,#A5AFB9,3,2.0,0,0,0.163,0,0,0,0,0.0,15
1,2023,2023081,8,Haas F1 Team,25,HUL,Nico Hulkenberg,27,#505050,15.0,432,-,-,0,1,-,-,-,-,-,-,-,-,-,-,,H,#A5AFB9,4,2.0,0,0,0.163,0,0,0,0,0.0,15
1,2023,2023081,8,Haas F1 Team,25,HUL,Nico Hulkenberg,27,#505050,16.0,433,-,-,0,1,-,-,-,-,-,-,-,-,-,-,,H,#A5AFB9,5,2.0,0,0,0.163,1,0,0,0,0.0,15
1,2023,2023081,8,Haas F1 Team,25,HUL,Nico Hulkenberg,27,#505050,17.0,434,-,-,0,1,-,-,-,-,-,-,-,-,-,-,,H,#A5AFB9,6,2.0,0,0,0.163,0,0,0,0,0.0,15
1,2023,2023081,8,Haas F1 Team,25,HUL,Nico Hulkenberg,27,#505050,18.0,435,79.371,79.371,0,0,-,-,-0.831,0.649,-0.506,22.0,-0.831,0.649,-0.506,22.0,-0.182,H,#A5AFB9,7,2.0,0,0,0.163,0,0,0,0,0.0,15
1,2023,2023081,8,Haas F1 Team,25,HUL,Nico Hulkenberg,27,#505050,19.0,436,78.199,78.199,0,0,78.785,1.172,-0.335,-0.054,-0.362,25.0,-0.335,-0.054,-0.362,25.0,-0.389,H,#A5AFB9,8,2.0,0,0,0.163,0,0,0,0,0.0,15
1,2023,2023081,8,Haas F1 Team,25,HUL,Nico Hulkenberg,27,#505050,20.0,437,78.555,78.555,0,0,78.377,0.356,-0.573,-1.443,-1.294,25.0,-0.573,-0.224,-0.685,25.0,-2.016,H,#A5AFB9,9,2.0,0,0,0.163,0,0,0,0,0.0,15
1,2023,2023081,8,Haas F1 Team,25,HUL,Nico Hulkenberg,27,#505050,21.0,438,78.786,78.452,1,0,78.503,0.231,-0.762,-0.519,-1.022,25.0,-0.427,-0.854,-0.854,25.0,-1.281,H,#A5AFB9,10,2.0,0,0,0.163,0,0,0,0,0.0,15
1,2023,2023081,8,Haas F1 Team,25,HUL,Nico Hulkenberg,27,#505050,22.0,439,78.348,78.348,0,0,78.4,0.438,-0.417,-0.228,-0.531,25.0,-0.417,-0.228,-0.531,25.0,-0.645,H,#A5AFB9,11,2.0,0,0,0.163,0,0,0,0,0.0,15
1,2023,2023081,8,Haas F1 Team,25,HUL,Nico Hulkenberg,27,#505050,23.0,440,78.695,78.37,1,0,78.359,0.347,-0.73,0.200,-0.630,22.0,-0.404,-0.126,-0.467,25.0,-0.53,H,#A5AFB9,12,2.0,0,0,0.163,0,0,0,0,0.0,15
1,2023,2023081,8,Haas F1 Team,25,HUL,Nico Hulkenberg,27,#505050,24.0,441,78.391,78.391,0,0,78.38,0.304,-0.484,-0.144,-0.556,25.0,-0.484,-0.144,-0.556,25.0,-0.628,H,#A5AFB9,13,2.0,0,1,0.163,0,0,0,0,0.0,15
1,2023,2023081,8,Haas F1 Team,25,HUL,Nico Hulkenberg,27,#505050,25.0,442,78.537,78.537,0,0,78.464,0.146,-0.586,-0.379,-0.775,25.0,-0.586,-0.379,-0.775,25.0,-0.965,H,#A5AFB9,14,2.0,0,0,0.163,0,0,0,0,0.0,15
1,2023,2023081,8,Haas F1 Team,25,HUL,Nico Hulkenberg,27,#505050,26.0,443,78.69,78.69,0,0,78.614,0.153,-0.646,0.086,-0.603,22.0,-0.646,0.086,-0.603,22.0,-0.56,H,#A5AFB9,15,2.0,0,0,0.163,0,0,0,0,0.0,15
1,2023,2023081,8,Haas F1 Team,25,HUL,Nico Hulkenberg,27,#505050,27.0,444,78.597,78.597,0,0,78.643,0.093,-0.622,0.103,-0.571,22.0,-0.622,0.103,-0.571,22.0,-0.519,H,#A5AFB9,16,2.0,0,0,0.163,0,0,0,0,0.0,15
1,2023,2023081,8,Haas F1 Team,25,HUL,Nico Hulkenberg,27,#505050,28.0,445,78.49,78.49,0,0,78.544,0.107,-0.504,-0.442,-0.725,25.0,-0.504,-0.442,-0.725,25.0,-0.946,H,#A5AFB9,17,2.0,0,0,0.163,0,0,0,0,0.0,15
1,2023,2023081,8,Haas F1 Team,25,HUL,Nico Hulkenberg,27,#505050,29.0,446,78.755,78.527,1,0,78.508,0.265,-0.806,-0.083,-0.848,25.0,-0.578,-0.311,-0.734,25.0,-0.889,H,#A5AFB9,18,2.0,0,0,0.163,0,0,0,0,0.0,15
1,2023,2023081,8,Haas F1 Team,25,HUL,Nico Hulkenberg,27,#505050,30.0,447,78.564,78.564,0,0,78.545,0.191,-0.603,0.254,-0.476,22.0,-0.603,0.254,-0.476,22.0,-0.349,H,#A5AFB9,19,2.0,0,0,0.163,0,0,0,0,0.0,15
1,2023,2023081,8,Haas F1 Team,25,HUL,Nico Hulkenberg,27,#505050,31.0,448,-,-,0,1,-,-,-,-,-,-,-,-,-,-,-0.653,H,#A5AFB9,20,2.0,1,0,0.163,0,0,0,0,0.0,19
1,2023,2023081,8,Haas F1 Team,25,HUL,Nico Hulkenberg,27,#505050,32.0,449,-,-,0,1,-,-,-,-,-,-,-,-,-,-,-1.007,H,#A5AFB9,1,3.0,0,0,0.277,0,0,0,0,0.0,18
1,2023,2023081,8,Haas F1 Team,25,HUL,Nico Hulkenberg,27,#505050,33.0,450,77.294,77.294,0,0,-,-,0.509,-1.413,-0.198,25.0,0.509,-1.413,-0.198,25.0,-0.904,H,#A5AFB9,2,3.0,0,0,0.277,0,0,0,0,0.0,17
1,2023,2023081,8,Haas F1 Team,25,HUL,Nico Hulkenberg,27,#505050,34.0,451,77.692,77.692,0,0,77.493,0.398,0.222,-1.802,-0.679,25.0,0.222,-1.802,-0.679,25.0,-1.58,H,#A5AFB9,3,3.0,0,0,0.277,0,0,0,0,0.0,16
1,2023,2023081,8,Haas F1 Team,25,HUL,Nico Hulkenberg,27,#505050,35.0,452,78.484,77.499,1,0,77.595,0.792,-0.635,-,-,-,0.350,-,-,-,,H,#A5AFB9,4,3.0,0,0,0.277,0,0,0,0,1.0,14
1,2023,2023081,8,Haas F1 Team,25,HUL,Nico Hulkenberg,27,#505050,36.0,453,77.306,77.306,0,0,77.402,1.178,0.444,-,-,-,0.444,-,-,-,,H,#A5AFB9,5,3.0,0,0,0.277,0,0,0,0,0.0,14
1,2023,2023081,8,Haas F1 Team,25,HUL,Nico Hulkenberg,27,#505050,37.0,454,77.232,77.232,0,0,77.269,0.074,0.344,-1.461,-0.387,25.0,0.344,-1.461,-0.387,25.0,-1.117,H,#A5AFB9,6,3.0,0,0,0.277,0,0,0,0,0.0,14
1,2023,2023081,8,Haas F1 Team,25,HUL,Nico Hulkenberg,27,#505050,38.0,455,77.889,77.41,1,0,77.321,0.657,-0.435,0.474,-0.198,22.0,0.044,-0.005,0.041,25.0,0.039,H,#A5AFB9,7,3.0,0,0,0.277,0,0,0,0,0.0,14
1,2023,2023081,8,Haas F1 Team,25,HUL,Nico Hulkenberg,27,#505050,39.0,456,77.588,77.588,0,0,77.499,0.301,-0.206,-0.014,-0.213,25.0,-0.206,-0.014,-0.213,25.0,-0.22,H,#A5AFB9,8,3.0,0,0,0.277,0,0,0,0,0.0,14
1,2023,2023081,8,Haas F1 Team,25,HUL,Nico Hulkenberg,27,#505050,40.0,457,78.104,77.798,1,0,77.693,0.516,-0.752,1.051,-0.227,22.0,-0.446,0.745,-0.073,22.0,0.299,H,#A5AFB9,9,3.0,0,0,0.277,0,0,0,0,0.0,14
1,2023,2023081,8,Haas F1 Team,25,HUL,Nico Hulkenberg,27,#505050,41.0,458,78.009,78.009,0,0,77.904,0.095,-0.7,-1.781,-1.591,25.0,-0.700,0.461,-0.469,22.0,-2.481,H,#A5AFB9,10,3.0,0,0,0.277,0,0,0,0,0.0,14
1,2023,2023081,8,Haas F1 Team,25,HUL,Nico Hulkenberg,27,#505050,42.0,459,77.718,77.718,0,0,77.864,0.291,-0.409,-0.326,-0.572,25.0,-0.409,-0.326,-0.572,25.0,-0.735,H,#A5AFB9,11,3.0,0,0,0.277,0,0,0,0,0.0,14
1,2023,2023081,8,Haas F1 Team,25,HUL,Nico Hulkenberg,27,#505050,43.0,460,78.463,77.84,1,0,77.779,0.745,-1.245,-0.660,-1.575,25.0,-0.622,-0.001,-0.623,25.0,-1.905,H,#A5AFB9,12,3.0,0,0,0.277,0,0,0,0,-1.0,15
1,2023,2023081,8,Haas F1 Team,25,HUL,Nico Hulkenberg,27,#505050,44.0,461,77.961,77.961,0,0,77.9,0.502,-0.916,0.323,-0.754,22.0,-0.916,0.323,-0.754,22.0,-0.593,H,#A5AFB9,13,3.0,0,0,0.277,0,0,0,0,0.0,15
1,2023,2023081,8,Haas F1 Team,25,HUL,Nico Hulkenberg,27,#505050,45.0,462,77.533,77.533,0,0,77.747,0.428,-0.59,-0.433,-0.806,25.0,-0.590,-0.433,-0.806,25.0,-1.023,H,#A5AFB9,14,3.0,0,0,0.277,0,0,0,0,0.0,15
1,2023,2023081,8,Haas F1 Team,25,HUL,Nico Hulkenberg,27,#505050,46.0,463,77.379,77.379,0,0,77.456,0.154,-0.518,-0.301,-0.668,25.0,-0.518,-0.301,-0.668,25.0,-0.819,H,#A5AFB9,15,3.0,0,0,0.277,0,0,0,0,0.0,15
1,2023,2023081,8,Haas F1 Team,25,HUL,Nico Hulkenberg,27,#505050,47.0,464,77.6,77.6,0,0,77.489,0.221,-0.737,0.160,-0.657,22.0,-0.737,0.160,-0.657,22.0,-0.577,H,#A5AFB9,16,3.0,0,0,0.277,0,0,0,0,0.0,15
1,2023,2023081,8,Haas F1 Team,25,HUL,Nico Hulkenberg,27,#505050,48.0,465,77.959,77.959,0,0,77.78,0.359,-0.979,0.324,-0.817,22.0,-0.979,0.324,-0.817,22.0,-0.655,H,#A5AFB9,17,3.0,0,0,0.277,0,0,0,0,-1.0,16
1,2023,2023081,8,Haas F1 Team,25,HUL,Nico Hulkenberg,27,#505050,49.0,466,78.135,78.135,0,0,78.047,0.176,-1.149,0.440,-0.929,22.0,-1.149,0.440,-0.929,22.0,-0.709,H,#A5AFB9,18,3.0,0,0,0.277,0,0,0,0,0.0,16
1,2023,2023081,8,Haas F1 Team,25,HUL,Nico Hulkenberg,27,#505050,50.0,467,78.019,78.019,0,0,78.077,0.116,-1.084,0.314,-0.927,22.0,-1.084,0.314,-0.927,22.0,-0.77,H,#A5AFB9,19,3.0,0,0,0.277,0,0,0,0,0.0,16
1,2023,2023081,8,Haas F1 Team,25,HUL,Nico Hulkenberg,27,#505050,51.0,468,77.666,77.666,0,0,77.842,0.353,-0.791,0.181,-0.701,22.0,-0.791,0.181,-0.701,22.0,-0.61,H,#A5AFB9,20,3.0,0,1,0.277,0,0,0,0,0.0,16
1,2023,2023081,8,Haas F1 Team,25,HUL,Nico Hulkenberg,27,#505050,52.0,469,77.906,77.906,0,0,77.786,0.240,-1.133,0.483,-0.891,22.0,-1.133,0.483,-0.891,22.0,-0.65,H,#A5AFB9,21,3.0,0,0,0.277,0,0,0,0,0.0,16
1,2023,2023081,8,Haas F1 Team,25,HUL,Nico Hulkenberg,27,#505050,53.0,470,77.449,77.449,0,0,77.678,0.457,-0.745,-,-,-,-0.745,-,-,-,,H,#A5AFB9,22,3.0,0,0,0.277,0,0,0,0,0.0,16
1,2023,2023081,8,Haas F1 Team,25,HUL,Nico Hulkenberg,27,#505050,54.0,471,78.491,77.672,1,0,77.561,1.042,-1.741,-,-,-,-0.923,-,-,-,,H,#A5AFB9,23,3.0,0,0,0.277,0,0,0,0,0.0,16
1,2023,2023081,8,Haas F1 Team,25,HUL,Nico Hulkenberg,27,#505050,55.0,472,77.896,77.896,0,0,77.784,0.595,-1.137,1.770,-0.252,22.0,-1.137,1.770,-0.252,22.0,0.633,H,#A5AFB9,24,3.0,0,0,0.277,0,0,0,0,0.0,15
1,2023,2023081,8,Haas F1 Team,25,HUL,Nico Hulkenberg,27,#505050,56.0,473,77.498,77.498,0,0,77.697,0.398,-0.727,0.646,-0.404,22.0,-0.727,0.646,-0.404,22.0,-0.081,H,#A5AFB9,25,3.0,0,0,0.277,0,0,0,0,0.0,15
1,2023,2023081,8,Haas F1 Team,25,HUL,Nico Hulkenberg,27,#505050,57.0,474,77.588,77.588,0,0,77.543,0.090,-0.857,0.543,-0.586,22.0,-0.857,0.720,-0.497,22.0,-0.314,H,#A5AFB9,26,3.0,0,0,0.277,0,0,0,0,0.0,15
1,2023,2023081,8,Haas F1 Team,25,HUL,Nico Hulkenberg,27,#505050,58.0,475,77.376,77.376,0,0,77.482,0.212,-0.696,0.493,-0.450,22.0,-0.696,0.493,-0.450,22.0,-0.203,H,#A5AFB9,27,3.0,0,0,0.277,0,0,0,0,0.0,15
1,2023,2023081,8,Haas F1 Team,25,HUL,Nico Hulkenberg,27,#505050,59.0,476,77.427,77.427,0,0,77.402,0.051,-0.751,0.688,-0.407,22.0,-0.751,0.688,-0.407,22.0,-0.063,H,#A5AFB9,28,3.0,0,0,0.277,0,0,0,0,0.0,15
1,2023,2023081,8,Haas F1 Team,25,HUL,Nico Hulkenberg,27,#505050,60.0,477,77.474,77.474,0,0,77.45,0.047,-0.725,0.752,-0.349,22.0,-0.725,0.752,-0.349,22.0,0.027,H,#A5AFB9,29,3.0,0,0,0.277,0,0,0,0,0.0,15
1,2023,2023081,8,Haas F1 Team,25,HUL,Nico Hulkenberg,27,#505050,61.0,478,77.764,77.764,0,0,77.619,0.290,-0.955,0.986,-0.462,22.0,-0.955,0.986,-0.462,22.0,0.031,H,#A5AFB9,30,3.0,0,0,0.277,0,0,0,0,0.0,15
1,2023,2023081,8,Haas F1 Team,25,HUL,Nico Hulkenberg,27,#505050,62.0,479,79.143,77.69,1,0,77.727,1.379,-2.401,2.268,-1.267,22.0,-0.947,0.814,-0.540,22.0,-0.133,H,#A5AFB9,31,3.0,0,0,0.277,0,0,0,0,0.0,15
1,2023,2023081,8,Haas F1 Team,25,HUL,Nico Hulkenberg,27,#505050,63.0,480,77.615,77.615,0,0,77.652,1.528,-0.856,0.558,-0.577,22.0,-0.856,0.813,-0.450,22.0,-0.298,H,#A5AFB9,32,3.0,0,0,0.277,0,0,0,0,0.0,15
1,2023,2023081,8,Haas F1 Team,25,HUL,Nico Hulkenberg,27,#505050,64.0,481,77.576,77.576,0,0,77.595,0.039,-0.79,0.847,-0.366,22.0,-0.790,0.847,-0.366,22.0,0.057,H,#A5AFB9,33,3.0,0,0,0.277,0,0,0,0,0.0,15
1,2023,2023081,8,Haas F1 Team,25,HUL,Nico Hulkenberg,27,#505050,65.0,482,78.148,78.148,0,0,77.862,0.572,-1.284,1.174,-0.697,22.0,-1.284,1.388,-0.590,22.0,-0.11,H,#A5AFB9,34,3.0,0,0,0.277,0,0,0,0,0.0,15
1,2023,2023081,8,Haas F1 Team,25,HUL,Nico Hulkenberg,27,#505050,66.0,483,79.315,78.562,1,0,78.355,1.167,-2.349,2.524,-1.087,22.0,-1.596,1.771,-0.711,22.0,0.175,H,#A5AFB9,35,3.0,0,0,0.277,0,0,0,0,0.0,15
1,2023,2023081,8,Haas F1 Team,25,HUL,Nico Hulkenberg,27,#505050,67.0,484,78.976,78.976,0,0,78.769,0.339,-2.035,2.454,-0.808,22.0,-2.035,2.454,-0.808,22.0,0.419,H,#A5AFB9,36,3.0,0,0,0.277,0,0,0,0,0.0,15
1,2023,2023081,8,Haas F1 Team,25,HUL,Nico Hulkenberg,27,#505050,68.0,485,77.562,77.562,0,0,78.269,1.414,-0.773,1.141,-0.203,22.0,-0.773,1.141,-0.203,22.0,0.368,H,#A5AFB9,37,3.0,0,0,0.277,0,0,0,0,0.0,15
1,2023,2023081,8,Haas F1 Team,25,HUL,Nico Hulkenberg,27,#505050,69.0,486,77.964,77.964,0,0,77.763,0.402,-1.109,1.527,-0.345,22.0,-1.109,1.527,-0.345,22.0,0.418,H,#A5AFB9,38,3.0,0,0,0.277,0,0,0,0,0.0,15
1,2023,2023091,10,Haas F1 Team,22,MAG,Kevin Magnussen,20,#505050,1.0,488,-,-,0,1,-,-,-,-,-,-,-,-,-,-,,H,#A5AFB9,1,2.0,1,0,-,0,1,0,0,,8
1,2023,2023091,10,Haas F1 Team,22,MAG,Kevin Magnussen,20,#505050,2.0,489,-,-,0,1,-,-,-,-,-,-,-,-,-,-,,M,#F0E628,1,3.0,1,0,-,0,0,0,0,0.0,19
1,2023,2023091,10,Haas F1 Team,22,MAG,Kevin Magnussen,20,#505050,3.0,490,-,-,0,1,-,-,-,-,-,-,-,-,-,-,,H,#A5AFB9,1,4.0,0,0,0.268,1,0,0,0,0.0,20
1,2023,2023091,10,Haas F1 Team,22,MAG,Kevin Magnussen,20,#505050,4.0,491,-,-,0,1,-,-,-,-,-,-,-,-,-,-,,H,#A5AFB9,2,4.0,0,0,0.268,0,0,0,0,0.0,20
1,2023,2023091,10,Haas F1 Team,22,MAG,Kevin Magnussen,20,#505050,5.0,492,72.397,72.397,0,0,-,-,-0.648,-0.781,-0.258,25.0,-0.648,-0.781,-0.258,25.0,0.133,H,#A5AFB9,3,4.0,0,0,0.268,0,0,0,0,0.0,20
1,2023,2023091,10,Haas F1 Team,22,MAG,Kevin Magnussen,20,#505050,6.0,493,72.064,72.064,0,0,72.23,0.333,-0.777,-0.907,-0.324,25.0,-0.777,-0.907,-0.324,25.0,0.13,H,#A5AFB9,4,4.0,0,0,0.268,0,0,0,0,0.0,20
1,2023,2023091,10,Haas F1 Team,22,MAG,Kevin Magnussen,20,#505050,7.0,494,71.698,71.698,0,0,71.881,0.366,-0.678,-0.632,-0.362,25.0,-0.678,-0.632,-0.362,25.0,-0.046,H,#A5AFB9,5,4.0,0,0,0.268,0,0,0,0,0.0,20
1,2023,2023091,10,Haas F1 Team,22,MAG,Kevin Magnussen,20,#505050,8.0,495,71.766,71.766,0,0,71.732,0.068,-0.688,0.447,-0.911,22.0,-0.688,-0.609,-0.383,25.0,-1.135,H,#A5AFB9,6,4.0,0,0,0.268,0,0,0,0,0.0,20
1,2023,2023091,10,Haas F1 Team,22,MAG,Kevin Magnussen,20,#505050,9.0,496,71.572,71.572,0,0,71.669,0.194,-0.424,-0.324,-0.262,25.0,-0.424,-0.324,-0.262,25.0,-0.1,H,#A5AFB9,7,4.0,0,0,0.268,0,0,0,0,0.0,19
1,2023,2023091,10,Haas F1 Team,22,MAG,Kevin Magnussen,20,#505050,10.0,497,71.812,71.812,0,0,71.692,0.240,-0.652,-0.558,-0.373,25.0,-0.652,-0.558,-0.373,25.0,-0.094,H,#A5AFB9,8,4.0,0,0,0.268,0,0,0,0,0.0,19
1,2023,2023091,10,Haas F1 Team,22,MAG,Kevin Magnussen,20,#505050,11.0,498,71.955,71.955,0,0,71.884,0.143,-0.762,-,-,-,-0.762,-,-,-,,H,#A5AFB9,9,4.0,0,0,0.268,0,0,0,0,0.0,19
1,2023,2023091,10,Haas F1 Team,22,MAG,Kevin Magnussen,20,#505050,12.0,499,72.223,72.223,0,0,72.089,0.268,-1.018,-,-,-,-1.018,-,-,-,,H,#A5AFB9,10,4.0,0,0,0.268,0,0,0,0,0.0,17
1,2023,2023091,10,Haas F1 Team,22,MAG,Kevin Magnussen,20,#505050,13.0,500,72.097,72.097,0,0,72.16,0.126,-0.764,-,-,-,-0.764,-,-,-,,H,#A5AFB9,11,4.0,0,0,0.268,0,0,0,0,0.0,17
1,2023,2023091,10,Haas F1 Team,22,MAG,Kevin Magnussen,20,#505050,14.0,501,-,-,0,1,-,-,-,-,-,-,-,-,-,-,,H,#A5AFB9,12,4.0,0,0,0.268,0,0,0,1,0.0,17
1,2023,2023091,10,Haas F1 Team,22,MAG,Kevin Magnussen,20,#505050,15.0,502,-,-,0,1,-,-,-,-,-,-,-,-,-,-,,H,#A5AFB9,13,4.0,0,0,0.268,0,0,1,0,0.0,12
1,2023,2023091,10,Haas F1 Team,22,MAG,Kevin Magnussen,20,#505050,16.0,503,72.276,72.276,0,0,-,-,-0.912,-,-,-,-0.912,-,-,-,,H,#A5AFB9,14,4.0,0,0,0.268,0,0,0,0,2.0,9
1,2023,2023091,10,Haas F1 Team,22,MAG,Kevin Magnussen,20,#505050,17.0,504,72.34,72.34,0,0,72.308,0.064,-1.547,-,-,-,-1.547,-,-,-,,H,#A5AFB9,15,4.0,0,0,0.268,0,0,0,0,-1.0,10
1,2023,2023091,10,Haas F1 Team,22,MAG,Kevin Magnussen,20,#505050,18.0,505,72.474,72.474,0,0,72.407,0.134,-1.659,-,-,-,-1.659,-,-,-,,H,#A5AFB9,16,4.0,0,0,0.268,0,0,0,0,-1.0,11
1,2023,2023091,10,Haas F1 Team,22,MAG,Kevin Magnussen,20,#505050,19.0,506,71.353,71.353,0,0,71.914,1.121,-0.569,-,-,-,-0.569,-,-,-,,H,#A5AFB9,17,4.0,0,0,0.268,0,0,0,0,0.0,11
1,2023,2023091,10,Haas F1 Team,22,MAG,Kevin Magnussen,20,#505050,20.0,507,73.006,71.954,1,0,71.654,1.653,-2.059,-,-,-,-1.007,-,-,-,,H,#A5AFB9,18,4.0,0,1,0.268,0,0,0,0,-2.0,13
1,2023,2023091,10,Haas F1 Team,22,MAG,Kevin Magnussen,20,#505050,21.0,508,72.555,72.555,0,0,72.254,0.451,-1.662,-,-,-,-1.662,-,-,-,,H,#A5AFB9,19,4.0,0,0,0.268,0,0,0,0,-1.0,14
1,2023,2023091,10,Haas F1 Team,22,MAG,Kevin Magnussen,20,#505050,22.0,509,73.339,72.475,1,0,72.515,0.784,-2.416,-,-,-,-1.552,-,-,-,,H,#A5AFB9,20,4.0,0,0,0.268,0,0,0,0,0.0,14
1,2023,2023091,10,Haas F1 Team,22,MAG,Kevin Magnussen,20,#505050,23.0,510,72.395,72.395,0,0,72.435,0.944,-1.59,-,-,-,-1.590,-,-,-,,H,#A5AFB9,21,4.0,0,0,0.268,0,0,0,0,0.0,13
1,2023,2023091,10,Haas F1 Team,22,MAG,Kevin Magnussen,20,#505050,24.0,511,71.855,71.855,0,0,72.125,0.540,-1.141,-,-,-,-1.141,-,-,-,,H,#A5AFB9,22,4.0,0,0,0.268,0,0,0,0,0.0,13
1,2023,2023091,10,Haas F1 Team,22,MAG,Kevin Magnussen,20,#505050,25.0,512,73.001,71.88,1,0,71.868,1.146,-2.335,-,-,-,-1.214,-,-,-,,H,#A5AFB9,23,4.0,0,0,0.268,0,0,0,0,-1.0,14
1,2023,2023091,10,Haas F1 Team,22,MAG,Kevin Magnussen,20,#505050,26.0,513,71.905,71.905,0,0,71.892,1.096,-1.287,-,-,-,-1.287,-,-,-,,H,#A5AFB9,24,4.0,0,0,0.268,0,0,0,0,0.0,14
1,2023,2023091,10,Haas F1 Team,22,MAG,Kevin Magnussen,20,#505050,27.0,514,72.987,72.08,1,0,71.992,1.082,-2.421,-,-,-,-1.513,-,-,-,,H,#A5AFB9,25,4.0,0,0,0.268,0,0,0,0,-1.0,15
1,2023,2023091,10,Haas F1 Team,22,MAG,Kevin Magnussen,20,#505050,28.0,515,72.254,72.254,0,0,72.167,0.733,-1.682,-,-,-,-1.682,-,-,-,,H,#A5AFB9,26,4.0,0,0,0.268,0,0,0,0,0.0,15
1,2023,2023091,10,Haas F1 Team,22,MAG,Kevin Magnussen,20,#505050,29.0,516,72.188,72.188,0,0,72.221,0.066,-1.52,-,-,-,-1.520,-,-,-,,H,#A5AFB9,27,4.0,0,0,0.268,0,0,0,0,0.0,15
1,2023,2023091,10,Haas F1 Team,22,MAG,Kevin Magnussen,20,#505050,30.0,517,72.157,72.157,0,0,72.172,0.031,-1.431,-,-,-,-1.431,-,-,-,,H,#A5AFB9,28,4.0,0,0,0.268,0,0,0,0,0.0,15
1,2023,2023091,10,Haas F1 Team,22,MAG,Kevin Magnussen,20,#505050,31.0,518,72.17,72.17,0,0,72.164,0.013,-1.399,-,-,-,-1.399,-,-,-,,H,#A5AFB9,29,4.0,0,0,0.268,0,0,0,0,0.0,15
1,2023,2023091,10,Haas F1 Team,22,MAG,Kevin Magnussen,20,#505050,32.0,519,72.081,72.081,0,0,72.126,0.089,-1.324,-,-,-,-1.324,-,-,-,,H,#A5AFB9,30,4.0,0,0,0.268,0,0,0,0,0.0,15
1,2023,2023091,10,Haas F1 Team,22,MAG,Kevin Magnussen,20,#505050,33.0,520,72.175,72.175,0,0,72.128,0.094,-1.426,-,-,-,-1.426,-,-,-,,H,#A5AFB9,31,4.0,0,0,0.268,0,0,0,0,0.0,15
1,2023,2023091,10,Haas F1 Team,22,MAG,Kevin Magnussen,20,#505050,34.0,521,-,-,0,1,-,-,-,-,-,-,-,-,-,-,,H,#A5AFB9,32,4.0,1,0,0.268,0,0,0,0,0.0,16
1,2023,2023091,10,Haas F1 Team,22,MAG,Kevin Magnussen,20,#505050,35.0,522,-,-,0,1,-,-,-,-,-,-,-,-,-,-,,H,#A5AFB9,2,5.0,0,0,0.374,0,0,0,0,0.0,19
1,2023,2023091,10,Haas F1 Team,22,MAG,Kevin Magnussen,20,#505050,36.0,523,70.367,70.367,0,0,-,-,0.376,-,-,-,0.376,-,-,-,,H,#A5AFB9,3,5.0,0,0,0.374,0,0,0,0,0.0,19
1,2023,2023091,10,Haas F1 Team,22,MAG,Kevin Magnussen,20,#505050,37.0,524,70.176,70.176,0,0,70.272,0.191,0.546,-,-,-,0.546,-,-,-,,H,#A5AFB9,4,5.0,0,0,0.374,0,0,0,0,0.0,19
1,2023,2023091,10,Haas F1 Team,22,MAG,Kevin Magnussen,20,#505050,38.0,525,71.246,70.208,1,0,70.192,1.070,-0.597,-,-,-,0.441,-,-,-,,H,#A5AFB9,5,5.0,0,0,0.374,0,0,0,0,0.0,19
1,2023,2023091,10,Haas F1 Team,22,MAG,Kevin Magnussen,20,#505050,39.0,526,70.24,70.24,0,0,70.224,1.006,0.46,-,-,-,0.460,-,-,-,,H,#A5AFB9,6,5.0,0,0,0.374,0,0,0,0,0.0,19
1,2023,2023091,10,Haas F1 Team,22,MAG,Kevin Magnussen,20,#505050,40.0,527,70.326,70.326,0,0,70.283,0.086,0.252,-,-,-,0.252,-,-,-,,H,#A5AFB9,7,5.0,0,0,0.374,0,0,0,0,0.0,19
1,2023,2023091,10,Haas F1 Team,22,MAG,Kevin Magnussen,20,#505050,41.0,528,70.569,70.569,0,0,70.447,0.243,-0.095,-,-,-,-0.095,-,-,-,,H,#A5AFB9,8,5.0,0,0,0.374,0,0,0,0,0.0,18
1,2023,2023091,10,Haas F1 Team,22,MAG,Kevin Magnussen,20,#505050,42.0,529,70.416,70.416,0,0,70.492,0.153,0.037,-,-,-,0.037,-,-,-,,H,#A5AFB9,9,5.0,0,0,0.374,0,0,0,0,0.0,17
1,2023,2023091,10,Haas F1 Team,22,MAG,Kevin Magnussen,20,#505050,43.0,530,70.631,70.631,0,0,70.524,0.215,-0.514,-,-,-,-0.514,-,-,-,,H,#A5AFB9,10,5.0,0,0,0.374,0,0,0,0,0.0,17
1,2023,2023091,10,Haas F1 Team,22,MAG,Kevin Magnussen,20,#505050,44.0,531,70.68,70.68,0,0,70.656,0.049,-0.575,-,-,-,-0.575,-,-,-,,H,#A5AFB9,11,5.0,0,0,0.374,0,0,0,0,0.0,16
1,2023,2023091,10,Haas F1 Team,22,MAG,Kevin Magnussen,20,#505050,45.0,532,70.703,70.703,0,0,70.692,0.023,-0.697,-,-,-,-0.697,-,-,-,,H,#A5AFB9,12,5.0,0,0,0.374,0,0,0,0,0.0,16
1,2023,2023091,10,Haas F1 Team,22,MAG,Kevin Magnussen,20,#505050,46.0,533,70.453,70.453,0,0,70.578,0.250,-0.682,-,-,-,-0.682,-,-,-,,H,#A5AFB9,13,5.0,0,0,0.374,0,0,0,0,0.0,16
1,2023,2023091,10,Haas F1 Team,22,MAG,Kevin Magnussen,20,#505050,47.0,534,72.041,70.424,1,0,70.438,1.588,-2.355,-,-,-,-0.738,-,-,-,,H,#A5AFB9,14,5.0,0,0,0.374,0,0,0,0,0.0,16
1,2023,2023091,10,Haas F1 Team,22,MAG,Kevin Magnussen,20,#505050,48.0,535,70.395,70.395,0,0,70.41,1.646,-0.703,-,-,-,-0.703,-,-,-,,H,#A5AFB9,15,5.0,0,0,0.374,0,0,0,0,0.0,16
1,2023,2023091,10,Haas F1 Team,22,MAG,Kevin Magnussen,20,#505050,49.0,536,70.69,70.69,0,0,70.542,0.295,-1.004,-,-,-,-1.004,-,-,-,,H,#A5AFB9,16,5.0,0,0,0.374,0,0,0,0,0.0,16
1,2023,2023091,10,Haas F1 Team,22,MAG,Kevin Magnussen,20,#505050,50.0,537,70.625,70.625,0,0,70.658,0.065,-0.965,-,-,-,-0.965,-,-,-,,H,#A5AFB9,17,5.0,0,0,0.374,0,0,0,0,0.0,16
1,2023,2023091,10,Haas F1 Team,22,MAG,Kevin Magnussen,20,#505050,51.0,538,70.685,70.685,0,0,70.655,0.060,-1.081,-,-,-,-1.081,-,-,-,,H,#A5AFB9,18,5.0,0,0,0.374,0,0,0,0,0.0,16
1,2023,2023091,10,Haas F1 Team,22,MAG,Kevin Magnussen,20,#505050,52.0,539,71.977,70.607,1,0,70.646,1.292,-2.343,-,-,-,-0.972,-,-,-,,H,#A5AFB9,19,5.0,0,0,0.374,0,0,0,0,0.0,16
1,2023,2023091,10,Haas F1 Team,22,MAG,Kevin Magnussen,20,#505050,53.0,540,70.528,70.528,0,0,70.567,1.449,-0.871,-,-,-,-0.871,-,-,-,,H,#A5AFB9,20,5.0,0,1,0.374,0,0,0,0,0.0,16
1,2023,2023091,10,Haas F1 Team,22,MAG,Kevin Magnussen,20,#505050,54.0,541,70.523,70.523,0,0,70.526,0.005,-0.915,-,-,-,-0.915,-,-,-,,H,#A5AFB9,21,5.0,0,0,0.374,0,0,0,0,0.0,16
1,2023,2023091,10,Haas F1 Team,22,MAG,Kevin Magnussen,20,#505050,55.0,542,70.859,70.859,0,0,70.691,0.336,-1.158,-,-,-,-1.158,-,-,-,,H,#A5AFB9,22,5.0,0,0,0.374,0,0,0,0,0.0,16
1,2023,2023091,10,Haas F1 Team,22,MAG,Kevin Magnussen,20,#505050,56.0,543,70.861,70.861,0,0,70.86,0.002,-1.168,-,-,-,-1.168,-,-,-,,H,#A5AFB9,23,5.0,0,0,0.374,0,0,0,0,0.0,16
1,2023,2023091,10,Haas F1 Team,22,MAG,Kevin Magnussen,20,#505050,57.0,544,74.147,70.962,1,0,70.911,3.286,-4.364,-,-,-,-1.179,-,-,-,,H,#A5AFB9,24,5.0,0,0,0.374,0,0,0,0,0.0,16
1,2023,2023091,10,Haas F1 Team,22,MAG,Kevin Magnussen,20,#505050,58.0,545,71.062,71.062,0,0,71.012,3.085,-1.186,-,-,-,-1.186,-,-,-,,H,#A5AFB9,25,5.0,0,0,0.374,0,0,0,0,0.0,16
1,2023,2023091,10,Haas F1 Team,22,MAG,Kevin Magnussen,20,#505050,59.0,546,71.193,71.193,0,0,71.128,0.131,-1.25,-,-,-,-1.250,-,-,-,,H,#A5AFB9,26,5.0,0,0,0.374,0,0,0,0,0.0,16
1,2023,2023091,10,Haas F1 Team,22,MAG,Kevin Magnussen,20,#505050,60.0,547,70.816,70.816,0,0,71.004,0.377,-0.879,-,-,-,-0.879,-,-,-,,H,#A5AFB9,27,5.0,0,0,0.374,0,0,0,0,0.0,16
1,2023,2023091,10,Haas F1 Team,22,MAG,Kevin Magnussen,20,#505050,61.0,548,71.08,71.08,0,0,70.948,0.264,-1.156,-,-,-,-1.156,-,-,-,,H,#A5AFB9,28,5.0,0,0,0.374,0,0,0,0,0.0,16
1,2023,2023091,10,Haas F1 Team,22,MAG,Kevin Magnussen,20,#505050,62.0,549,71.48,71.48,0,0,71.28,0.400,-1.511,-,-,-,-1.511,-,-,-,,H,#A5AFB9,29,5.0,0,0,0.374,0,0,0,0,0.0,16
1,2023,2023091,10,Haas F1 Team,22,MAG,Kevin Magnussen,20,#505050,63.0,550,72.365,71.494,1,0,71.487,0.885,-2.277,-,-,-,-1.406,-,-,-,,H,#A5AFB9,30,5.0,0,0,0.374,0,0,0,0,0.0,16
1,2023,2023091,10,Haas F1 Team,22,MAG,Kevin Magnussen,20,#505050,64.0,551,71.507,71.507,0,0,71.5,0.858,-1.304,-,-,-,-1.304,-,-,-,,H,#A5AFB9,31,5.0,0,0,0.374,0,0,0,0,0.0,16
1,2023,2023091,10,Haas F1 Team,22,MAG,Kevin Magnussen,20,#505050,65.0,552,72.444,72.444,0,0,71.976,0.937,-2.233,-,-,-,-2.233,-,-,-,,H,#A5AFB9,32,5.0,0,0,0.374,0,0,0,0,0.0,16
1,2023,2023091,10,Haas F1 Team,22,MAG,Kevin Magnussen,20,#505050,66.0,553,73.027,73.027,0,0,72.736,0.583,-2.83,-,-,-,-2.830,-,-,-,,H,#A5AFB9,33,5.0,0,0,0.374,0,0,0,0,-2.0,18
1,2023,2023091,10,Haas F1 Team,22,MAG,Kevin Magnussen,20,#505050,67.0,554,71.413,71.413,0,0,72.22,1.614,-1.389,-,-,-,-1.389,-,-,-,,H,#A5AFB9,34,5.0,0,0,0.374,0,0,0,0,0.0,18
1,2023,2023091,10,Haas F1 Team,22,MAG,Kevin Magnussen,20,#505050,68.0,555,72.452,72.452,0,0,71.932,1.039,-2.464,-,-,-,-2.464,-,-,-,,H,#A5AFB9,35,5.0,0,0,0.374,0,0,0,0,-1.0,19
1,2023,2023091,10,Haas F1 Team,22,MAG,Kevin Magnussen,20,#505050,69.0,556,72.818,72.818,0,0,72.635,0.366,-2.739,-,-,-,-2.739,-,-,-,,H,#A5AFB9,36,5.0,0,0,0.374,0,0,0,0,0.0,19
1,2023,2023091,10,Haas F1 Team,22,MAG,Kevin Magnussen,20,#505050,70.0,557,71.516,71.516,0,0,72.167,1.302,-1.525,-,-,-,-1.525,-,-,-,,H,#A5AFB9,37,5.0,0,0,0.374,0,0,0,0,0.0,19
1,2023,2023091,10,Haas F1 Team,25,HUL,Nico Hulkenberg,27,#505050,1.0,488,-,-,0,1,-,-,-,-,-,-,-,-,-,-,,M,#F0E628,4,1.0,0,0,-,0,1,0,0,,7
1,2023,2023091,10,Haas F1 Team,25,HUL,Nico Hulkenberg,27,#505050,2.0,489,-,-,0,1,-,-,-,-,-,-,-,-,-,-,,M,#F0E628,5,1.0,1,0,-,0,0,0,0,0.0,7
1,2023,2023091,10,Haas F1 Team,25,HUL,Nico Hulkenberg,27,#505050,3.0,490,-,-,0,1,-,-,-,-,-,-,-,-,-,-,,M,#F0E628,6,2.0,0,0,0.285,1,0,0,0,0.0,7
1,2023,2023091,10,Haas F1 Team,25,HUL,Nico Hulkenberg,27,#505050,4.0,491,-,-,0,1,-,-,-,-,-,-,-,-,-,-,,M,#F0E628,7,2.0,0,0,0.285,0,0,0,0,0.0,7
1,2023,2023091,10,Haas F1 Team,25,HUL,Nico Hulkenberg,27,#505050,5.0,492,71.616,71.616,0,0,-,-,0.133,-0.781,-0.258,25.0,0.133,-0.781,-0.258,25.0,-0.648,M,#F0E628,8,2.0,0,0,0.285,0,0,0,0,0.0,7
1,2023,2023091,10,Haas F1 Team,25,HUL,Nico Hulkenberg,27,#505050,6.0,493,71.157,71.157,0,0,71.386,0.459,0.13,-0.907,-0.324,25.0,0.130,-0.907,-0.324,25.0,-0.777,M,#F0E628,9,2.0,0,0,0.285,0,0,0,0,0.0,7
1,2023,2023091,10,Haas F1 Team,25,HUL,Nico Hulkenberg,27,#505050,7.0,494,71.066,71.066,0,0,71.112,0.091,-0.046,-0.632,-0.362,25.0,-0.046,-0.632,-0.362,25.0,-0.678,M,#F0E628,10,2.0,0,1,0.285,0,0,0,0,0.0,7
1,2023,2023091,10,Haas F1 Team,25,HUL,Nico Hulkenberg,27,#505050,8.0,495,72.213,71.157,1,0,71.112,1.147,-1.135,0.447,-0.911,22.0,-0.079,-0.609,-0.383,25.0,-0.688,M,#F0E628,11,2.0,0,0,0.285,0,0,0,0,-1.0,8
1,2023,2023091,10,Haas F1 Team,25,HUL,Nico Hulkenberg,27,#505050,9.0,496,71.248,71.248,0,0,71.203,0.965,-0.1,-0.324,-0.262,25.0,-0.100,-0.324,-0.262,25.0,-0.424,M,#F0E628,12,2.0,0,0,0.285,0,0,0,0,0.0,8
1,2023,2023091,10,Haas F1 Team,25,HUL,Nico Hulkenberg,27,#505050,10.0,497,71.254,71.254,0,0,71.251,0.006,-0.094,-0.558,-0.373,25.0,-0.094,-0.558,-0.373,25.0,-0.652,M,#F0E628,13,2.0,0,0,0.285,0,0,0,0,0.0,8
1,2023,2023091,10,Haas F1 Team,25,HUL,Nico Hulkenberg,27,#505050,11.0,498,-,-,0,1,-,-,-,-,-,-,-,-,-,-,-0.762,M,#F0E628,14,2.0,1,0,0.285,0,0,0,0,0.0,13
1,2023,2023091,10,Haas F1 Team,25,HUL,Nico Hulkenberg,27,#505050,12.0,499,-,-,0,1,-,-,-,-,-,-,-,-,-,-,-1.018,H,#A5AFB9,1,3.0,0,0,-,0,0,0,0,0.0,19
1,2023,2023091,10,Haas F1 Team,25,HUL,Nico Hulkenberg,27,#505050,13.0,500,-,-,0,1,-,-,-,-,-,-,-,-,-,-,-0.764,H,#A5AFB9,2,3.0,0,0,-,0,0,0,0,,-
1,2023,2023101,11,Haas F1 Team,22,MAG,Kevin Magnussen,20,#505050,1.0,559,-,-,0,1,-,-,-,-,-,-,-,-,-,-,,M,#F0E628,1,1.0,0,0,0.129,0,0,0,0,,20
1,2023,2023101,11,Haas F1 Team,22,MAG,Kevin Magnussen,20,#505050,2.0,560,-,-,0,1,-,-,-,-,-,-,-,-,-,-,,M,#F0E628,2,1.0,0,0,0.129,0,0,0,0,0.0,20
1,2023,2023101,11,Haas F1 Team,22,MAG,Kevin Magnussen,20,#505050,3.0,561,95.169,95.169,0,0,-,-,-1.284,-0.639,-0.965,25.0,-1.284,-0.639,-0.965,25.0,-0.645,M,#F0E628,3,1.0,0,0,0.129,0,0,0,0,0.0,20
1,2023,2023101,11,Haas F1 Team,22,MAG,Kevin Magnussen,20,#505050,4.0,562,94.731,94.731,0,0,94.95,0.438,-1.047,-0.377,-0.859,25.0,-1.047,-0.377,-0.859,25.0,-0.67,M,#F0E628,4,1.0,0,0,0.129,0,0,0,0,0.0,20
1,2023,2023101,11,Haas F1 Team,22,MAG,Kevin Magnussen,20,#505050,5.0,563,94.598,94.598,0,0,94.664,0.133,-0.625,0.990,-1.120,22.0,-0.625,0.990,-1.120,22.0,-1.615,M,#F0E628,5,1.0,0,0,0.129,0,0,0,0,0.0,20
1,2023,2023101,11,Haas F1 Team,22,MAG,Kevin Magnussen,20,#505050,6.0,564,94.933,94.933,0,0,94.766,0.335,-0.807,0.698,-1.156,22.0,-0.807,0.698,-1.156,22.0,-1.505,M,#F0E628,6,1.0,0,0,0.129,0,0,0,0,0.0,20
1,2023,2023101,11,Haas F1 Team,22,MAG,Kevin Magnussen,20,#505050,7.0,565,94.95,94.95,0,0,94.942,0.017,-0.904,-,-,-,-0.904,-,-,-,,M,#F0E628,7,1.0,0,0,0.129,0,0,0,0,0.0,20
1,2023,2023101,11,Haas F1 Team,22,MAG,Kevin Magnussen,20,#505050,8.0,566,94.427,94.427,0,0,94.688,0.523,-0.664,-,-,-,-0.664,-,-,-,,M,#F0E628,8,1.0,0,0,0.129,0,0,0,0,0.0,19
1,2023,2023101,11,Haas F1 Team,22,MAG,Kevin Magnussen,20,#505050,9.0,567,94.577,94.577,0,0,94.502,0.150,-1.0,-0.908,-0.546,25.0,-1.000,-0.908,-0.546,25.0,-0.092,M,#F0E628,9,1.0,0,0,0.129,0,0,0,0,0.0,19
1,2023,2023101,11,Haas F1 Team,22,MAG,Kevin Magnussen,20,#505050,10.0,568,94.715,94.715,0,0,94.646,0.138,-1.077,-1.190,-0.482,25.0,-1.077,-1.190,-0.482,25.0,0.113,M,#F0E628,10,1.0,0,0,0.129,0,0,0,0,0.0,18
1,2023,2023101,11,Haas F1 Team,22,MAG,Kevin Magnussen,20,#505050,11.0,569,94.31,94.31,0,0,94.512,0.405,-0.672,-0.344,-0.500,25.0,-0.672,-0.344,-0.500,25.0,-0.328,M,#F0E628,11,1.0,0,0,0.129,0,0,0,0,0.0,18
1,2023,2023101,11,Haas F1 Team,22,MAG,Kevin Magnussen,20,#505050,12.0,570,94.544,94.324,1,0,94.317,0.234,-0.834,-0.522,-0.573,25.0,-0.614,-0.302,-0.463,25.0,-0.312,M,#F0E628,12,1.0,0,0,0.129,0,0,0,0,0.0,18
1,2023,2023101,11,Haas F1 Team,22,MAG,Kevin Magnussen,20,#505050,13.0,571,94.339,94.339,0,0,94.332,0.205,-0.628,-0.039,-0.609,25.0,-0.628,-0.235,-0.510,25.0,-0.589,M,#F0E628,13,1.0,0,0,0.129,0,0,0,0,0.0,18
1,2023,2023101,11,Haas F1 Team,22,MAG,Kevin Magnussen,20,#505050,14.0,572,95.024,94.472,1,0,94.406,0.685,-1.298,-0.838,-0.879,25.0,-0.746,-0.286,-0.603,25.0,-0.46,M,#F0E628,14,1.0,0,0,0.129,0,0,0,0,0.0,18
1,2023,2023101,11,Haas F1 Team,22,MAG,Kevin Magnussen,20,#505050,15.0,573,94.606,94.606,0,0,94.539,0.418,-0.856,-0.681,-0.515,25.0,-0.856,-0.681,-0.515,25.0,-0.175,M,#F0E628,15,1.0,0,0,0.129,0,0,0,0,0.0,17
1,2023,2023101,11,Haas F1 Team,22,MAG,Kevin Magnussen,20,#505050,16.0,574,94.559,94.559,0,0,94.582,0.047,-1.029,-0.919,-0.570,25.0,-1.029,-0.919,-0.570,25.0,-0.11,M,#F0E628,16,1.0,0,0,0.129,0,0,0,0,0.0,17
1,2023,2023101,11,Haas F1 Team,22,MAG,Kevin Magnussen,20,#505050,17.0,575,94.216,94.216,0,0,94.387,0.343,-0.864,-0.600,-0.564,25.0,-0.864,-0.600,-0.564,25.0,-0.264,M,#F0E628,17,1.0,0,1,0.129,0,0,0,0,0.0,17
1,2023,2023101,11,Haas F1 Team,22,MAG,Kevin Magnussen,20,#505050,18.0,576,93.795,93.795,0,0,94.006,0.421,-0.496,-0.204,-0.394,25.0,-0.496,-0.204,-0.394,25.0,-0.292,M,#F0E628,18,1.0,0,0,0.129,0,0,0,0,0.0,17
1,2023,2023101,11,Haas F1 Team,22,MAG,Kevin Magnussen,20,#505050,19.0,577,94.281,93.865,1,0,93.83,0.486,-1.004,-0.518,-0.745,25.0,-0.588,-0.102,-0.537,25.0,-0.486,M,#F0E628,19,1.0,0,0,0.129,0,0,0,0,0.0,17
1,2023,2023101,11,Haas F1 Team,22,MAG,Kevin Magnussen,20,#505050,20.0,578,93.935,93.935,0,0,93.9,0.346,-0.747,-0.380,-0.557,25.0,-0.747,-0.380,-0.557,25.0,-0.367,M,#F0E628,20,1.0,0,0,0.129,0,0,0,0,0.0,17
1,2023,2023101,11,Haas F1 Team,22,MAG,Kevin Magnussen,20,#505050,21.0,579,94.083,94.083,0,0,94.009,0.148,-0.896,-0.733,-0.529,25.0,-0.896,-0.733,-0.529,25.0,-0.163,M,#F0E628,21,1.0,0,0,0.129,0,0,0,0,0.0,17
1,2023,2023101,11,Haas F1 Team,22,MAG,Kevin Magnussen,20,#505050,22.0,580,93.997,93.997,0,0,94.04,0.086,-0.902,-0.854,-0.475,25.0,-0.902,-0.854,-0.475,25.0,-0.048,M,#F0E628,22,1.0,0,0,0.129,0,0,0,0,0.0,17
1,2023,2023101,11,Haas F1 Team,22,MAG,Kevin Magnussen,20,#505050,23.0,581,93.98,93.98,0,0,93.988,0.017,-0.94,-0.686,-0.597,25.0,-0.940,-0.686,-0.597,25.0,-0.254,M,#F0E628,23,1.0,0,0,0.129,0,0,0,0,0.0,17
1,2023,2023101,11,Haas F1 Team,22,MAG,Kevin Magnussen,20,#505050,24.0,582,93.891,93.891,0,0,93.936,0.089,-0.821,-0.430,-0.606,25.0,-0.821,-0.430,-0.606,25.0,-0.391,M,#F0E628,24,1.0,0,0,0.129,0,0,0,0,0.0,17
1,2023,2023101,11,Haas F1 Team,22,MAG,Kevin Magnussen,20,#505050,25.0,583,94.037,94.037,0,0,93.964,0.146,-0.922,-0.686,-0.579,25.0,-0.922,-0.686,-0.579,25.0,-0.236,M,#F0E628,25,1.0,0,0,0.129,0,0,0,0,0.0,16
1,2023,2023101,11,Haas F1 Team,22,MAG,Kevin Magnussen,20,#505050,26.0,584,94.119,94.119,0,0,94.078,0.082,-0.983,-0.475,-0.746,25.0,-0.983,-0.882,-0.542,25.0,-0.508,M,#F0E628,26,1.0,0,0,0.129,0,0,0,0,0.0,16
1,2023,2023101,11,Haas F1 Team,22,MAG,Kevin Magnussen,20,#505050,27.0,585,93.935,93.935,0,0,94.027,0.184,-0.868,-0.813,-0.462,25.0,-0.868,-0.813,-0.462,25.0,-0.055,M,#F0E628,27,1.0,0,0,0.129,0,0,0,0,0.0,16
1,2023,2023101,11,Haas F1 Team,22,MAG,Kevin Magnussen,20,#505050,28.0,586,93.76,93.76,0,0,93.848,0.175,-0.752,-0.480,-0.512,25.0,-0.752,-0.480,-0.512,25.0,-0.272,M,#F0E628,28,1.0,0,0,0.129,0,0,0,0,0.0,15
1,2023,2023101,11,Haas F1 Team,22,MAG,Kevin Magnussen,20,#505050,29.0,587,93.356,93.356,0,0,93.558,0.404,-0.513,-0.249,-0.389,25.0,-0.513,-0.249,-0.389,25.0,-0.264,M,#F0E628,29,1.0,0,0,0.129,0,0,0,0,0.0,15
1,2023,2023101,11,Haas F1 Team,22,MAG,Kevin Magnussen,20,#505050,30.0,588,93.466,93.466,0,0,93.411,0.110,-0.74,-0.134,-0.673,25.0,-0.740,-0.346,-0.567,25.0,-0.606,M,#F0E628,30,1.0,0,0,0.129,0,0,0,0,0.0,14
1,2023,2023101,11,Haas F1 Team,22,MAG,Kevin Magnussen,20,#505050,31.0,589,93.464,93.464,0,0,93.465,0.002,-0.793,-0.331,-0.628,25.0,-0.793,-0.331,-0.628,25.0,-0.462,M,#F0E628,31,1.0,0,0,0.129,0,0,0,0,0.0,14
1,2023,2023101,11,Haas F1 Team,22,MAG,Kevin Magnussen,20,#505050,32.0,590,-,-,0,1,-,-,-,-,-,-,-,-,-,-,,M,#F0E628,32,1.0,0,0,0.129,0,0,0,0,,-
1,2023,2023101,11,Haas F1 Team,25,HUL,Nico Hulkenberg,27,#505050,1.0,559,-,-,0,1,-,-,-,-,-,-,-,-,-,-,,H,#A5AFB9,1,1.0,0,0,0.242,0,0,0,0,,14
1,2023,2023101,11,Haas F1 Team,25,HUL,Nico Hulkenberg,27,#505050,2.0,560,-,-,0,1,-,-,-,-,-,-,-,-,-,-,,H,#A5AFB9,2,1.0,0,0,0.242,0,0,0,0,0.0,14
1,2023,2023101,11,Haas F1 Team,25,HUL,Nico Hulkenberg,27,#505050,3.0,561,94.53,94.53,0,0,-,-,-0.645,-0.639,-0.965,25.0,-0.645,-0.639,-0.965,25.0,-1.284,H,#A5AFB9,3,1.0,0,0,0.242,0,0,0,0,0.0,14
1,2023,2023101,11,Haas F1 Team,25,HUL,Nico Hulkenberg,27,#505050,4.0,562,94.354,94.354,0,0,94.442,0.176,-0.67,-0.377,-0.859,25.0,-0.670,-0.377,-0.859,25.0,-1.047,H,#A5AFB9,4,1.0,0,1,0.242,0,0,0,0,0.0,14
1,2023,2023101,11,Haas F1 Team,25,HUL,Nico Hulkenberg,27,#505050,5.0,563,95.588,95.588,0,0,94.971,1.234,-1.615,0.990,-1.120,22.0,-1.615,0.990,-1.120,22.0,-0.625,H,#A5AFB9,5,1.0,0,0,0.242,0,0,0,0,-1.0,15
1,2023,2023101,11,Haas F1 Team,25,HUL,Nico Hulkenberg,27,#505050,6.0,564,95.631,95.631,0,0,95.61,0.043,-1.505,0.698,-1.156,22.0,-1.505,0.698,-1.156,22.0,-0.807,H,#A5AFB9,6,1.0,0,0,0.242,0,0,0,0,-1.0,16
1,2023,2023101,11,Haas F1 Team,25,HUL,Nico Hulkenberg,27,#505050,7.0,565,-,-,0,1,-,-,-,-,-,-,-,-,-,-,-0.904,H,#A5AFB9,7,1.0,1,0,0.242,0,0,0,0,0.0,16
1,2023,2023101,11,Haas F1 Team,25,HUL,Nico Hulkenberg,27,#505050,8.0,566,-,-,0,1,-,-,-,-,-,-,-,-,-,-,-0.664,M,#F0E628,1,2.0,0,0,0.105,0,0,0,0,0.0,20
1,2023,2023101,11,Haas F1 Team,25,HUL,Nico Hulkenberg,27,#505050,9.0,567,93.669,93.669,0,0,-,-,-0.092,-0.908,-0.546,25.0,-0.092,-0.908,-0.546,25.0,-1.0,M,#F0E628,2,2.0,0,0,0.105,0,0,0,0,0.0,20
1,2023,2023101,11,Haas F1 Team,25,HUL,Nico Hulkenberg,27,#505050,10.0,568,93.525,93.525,0,0,93.597,0.144,0.113,-1.190,-0.482,25.0,0.113,-1.190,-0.482,25.0,-1.077,M,#F0E628,3,2.0,0,0,0.105,0,0,0,0,0.0,19
1,2023,2023101,11,Haas F1 Team,25,HUL,Nico Hulkenberg,27,#505050,11.0,569,93.966,93.966,0,0,93.746,0.441,-0.328,-0.344,-0.500,25.0,-0.328,-0.344,-0.500,25.0,-0.672,M,#F0E628,4,2.0,0,0,0.105,0,0,0,0,0.0,19
1,2023,2023101,11,Haas F1 Team,25,HUL,Nico Hulkenberg,27,#505050,12.0,570,94.022,94.022,0,0,93.994,0.056,-0.312,-0.522,-0.573,25.0,-0.312,-0.302,-0.463,25.0,-0.834,M,#F0E628,5,2.0,0,0,0.105,0,0,0,0,0.0,19
1,2023,2023101,11,Haas F1 Team,25,HUL,Nico Hulkenberg,27,#505050,13.0,571,94.3,94.104,1,0,94.063,0.278,-0.589,-0.039,-0.609,25.0,-0.393,-0.235,-0.510,25.0,-0.628,M,#F0E628,6,2.0,0,0,0.105,0,0,0,0,0.0,19
1,2023,2023101,11,Haas F1 Team,25,HUL,Nico Hulkenberg,27,#505050,14.0,572,94.186,94.186,0,0,94.145,0.114,-0.46,-0.838,-0.879,25.0,-0.460,-0.286,-0.603,25.0,-1.298,M,#F0E628,7,2.0,0,0,0.105,0,0,0,0,0.0,19
1,2023,2023101,11,Haas F1 Team,25,HUL,Nico Hulkenberg,27,#505050,15.0,573,93.925,93.925,0,0,94.056,0.261,-0.175,-0.681,-0.515,25.0,-0.175,-0.681,-0.515,25.0,-0.856,M,#F0E628,8,2.0,0,0,0.105,0,0,0,0,0.0,19
1,2023,2023101,11,Haas F1 Team,25,HUL,Nico Hulkenberg,27,#505050,16.0,574,93.64,93.64,0,0,93.782,0.285,-0.11,-0.919,-0.570,25.0,-0.110,-0.919,-0.570,25.0,-1.029,M,#F0E628,9,2.0,0,0,0.105,0,0,0,0,0.0,19
1,2023,2023101,11,Haas F1 Team,25,HUL,Nico Hulkenberg,27,#505050,17.0,575,93.616,93.616,0,0,93.628,0.024,-0.264,-0.600,-0.564,25.0,-0.264,-0.600,-0.564,25.0,-0.864,M,#F0E628,10,2.0,0,0,0.105,0,0,0,0,0.0,19
1,2023,2023101,11,Haas F1 Team,25,HUL,Nico Hulkenberg,27,#505050,18.0,576,93.591,93.591,0,0,93.604,0.025,-0.292,-0.204,-0.394,25.0,-0.292,-0.204,-0.394,25.0,-0.496,M,#F0E628,11,2.0,0,0,0.105,0,0,0,0,0.0,19
1,2023,2023101,11,Haas F1 Team,25,HUL,Nico Hulkenberg,27,#505050,19.0,577,93.763,93.763,0,0,93.677,0.172,-0.486,-0.518,-0.745,25.0,-0.486,-0.102,-0.537,25.0,-1.004,M,#F0E628,12,2.0,0,0,0.105,0,0,0,0,0.0,19
1,2023,2023101,11,Haas F1 Team,25,HUL,Nico Hulkenberg,27,#505050,20.0,578,93.555,93.555,0,0,93.659,0.208,-0.367,-0.380,-0.557,25.0,-0.367,-0.380,-0.557,25.0,-0.747,M,#F0E628,13,2.0,0,1,0.105,0,0,0,0,0.0,19
1,2023,2023101,11,Haas F1 Team,25,HUL,Nico Hulkenberg,27,#505050,21.0,579,93.35,93.35,0,0,93.452,0.205,-0.163,-0.733,-0.529,25.0,-0.163,-0.733,-0.529,25.0,-0.896,M,#F0E628,14,2.0,0,0,0.105,0,0,0,0,0.0,19
1,2023,2023101,11,Haas F1 Team,25,HUL,Nico Hulkenberg,27,#505050,22.0,580,93.143,93.143,0,0,93.246,0.207,-0.048,-0.854,-0.475,25.0,-0.048,-0.854,-0.475,25.0,-0.902,M,#F0E628,15,2.0,0,0,0.105,0,0,0,0,0.0,19
1,2023,2023101,11,Haas F1 Team,25,HUL,Nico Hulkenberg,27,#505050,23.0,581,93.294,93.294,0,0,93.218,0.151,-0.254,-0.686,-0.597,25.0,-0.254,-0.686,-0.597,25.0,-0.94,M,#F0E628,16,2.0,0,0,0.105,0,0,0,0,0.0,19
1,2023,2023101,11,Haas F1 Team,25,HUL,Nico Hulkenberg,27,#505050,24.0,582,93.461,93.461,0,0,93.378,0.167,-0.391,-0.430,-0.606,25.0,-0.391,-0.430,-0.606,25.0,-0.821,M,#F0E628,17,2.0,0,0,0.105,0,0,0,0,0.0,19
1,2023,2023101,11,Haas F1 Team,25,HUL,Nico Hulkenberg,27,#505050,25.0,583,93.351,93.351,0,0,93.406,0.110,-0.236,-0.686,-0.579,25.0,-0.236,-0.686,-0.579,25.0,-0.922,M,#F0E628,18,2.0,0,0,0.105,0,0,0,0,0.0,19
1,2023,2023101,11,Haas F1 Team,25,HUL,Nico Hulkenberg,27,#505050,26.0,584,93.644,93.236,1,0,93.294,0.293,-0.508,-0.475,-0.746,25.0,-0.101,-0.882,-0.542,25.0,-0.983,M,#F0E628,19,2.0,0,0,0.105,0,0,0,0,0.0,19
1,2023,2023101,11,Haas F1 Team,25,HUL,Nico Hulkenberg,27,#505050,27.0,585,93.122,93.122,0,0,93.179,0.522,-0.055,-0.813,-0.462,25.0,-0.055,-0.813,-0.462,25.0,-0.868,M,#F0E628,20,2.0,0,0,0.105,0,0,0,0,0.0,19
1,2023,2023101,11,Haas F1 Team,25,HUL,Nico Hulkenberg,27,#505050,28.0,586,93.28,93.28,0,0,93.201,0.158,-0.272,-0.480,-0.512,25.0,-0.272,-0.480,-0.512,25.0,-0.752,M,#F0E628,21,2.0,0,0,0.105,0,0,0,0,0.0,19
1,2023,2023101,11,Haas F1 Team,25,HUL,Nico Hulkenberg,27,#505050,29.0,587,93.107,93.107,0,0,93.194,0.173,-0.264,-0.249,-0.389,25.0,-0.264,-0.249,-0.389,25.0,-0.513,M,#F0E628,22,2.0,0,0,0.105,0,0,0,0,0.0,19
1,2023,2023101,11,Haas F1 Team,25,HUL,Nico Hulkenberg,27,#505050,30.0,588,93.332,93.12,1,0,93.114,0.225,-0.606,-0.134,-0.673,25.0,-0.394,-0.346,-0.567,25.0,-0.74,M,#F0E628,23,2.0,0,0,0.105,0,0,0,0,0.0,19
1,2023,2023101,11,Haas F1 Team,25,HUL,Nico Hulkenberg,27,#505050,31.0,589,93.133,93.133,0,0,93.126,0.199,-0.462,-0.331,-0.628,25.0,-0.462,-0.331,-0.628,25.0,-0.793,M,#F0E628,24,2.0,0,0,0.105,0,0,0,0,0.0,19
1,2023,2023101,11,Haas F1 Team,25,HUL,Nico Hulkenberg,27,#505050,32.0,590,-,-,0,1,-,-,-,-,-,-,-,-,-,-,,M,#F0E628,25,2.0,1,0,0.105,0,0,0,1,0.0,18
1,2023,2023101,11,Haas F1 Team,25,HUL,Nico Hulkenberg,27,#505050,33.0,591,-,-,0,1,-,-,-,-,-,-,-,-,-,-,,S,#CD3C3C,1,3.0,0,0,0.098,0,0,0,0,0.0,18
1,2023,2023101,11,Haas F1 Team,25,HUL,Nico Hulkenberg,27,#505050,34.0,592,-,-,0,1,-,-,-,-,-,-,-,-,-,-,,S,#CD3C3C,2,3.0,0,0,0.098,0,0,0,0,0.0,18
1,2023,2023101,11,Haas F1 Team,25,HUL,Nico Hulkenberg,27,#505050,35.0,593,-,-,0,1,-,-,-,-,-,-,-,-,-,-,,S,#CD3C3C,3,3.0,0,0,0.098,0,0,0,0,0.0,18
1,2023,2023101,11,Haas F1 Team,25,HUL,Nico Hulkenberg,27,#505050,36.0,594,-,-,0,1,-,-,-,-,-,-,-,-,-,-,,S,#CD3C3C,4,3.0,0,0,0.098,0,0,0,0,0.0,18
1,2023,2023101,11,Haas F1 Team,25,HUL,Nico Hulkenberg,27,#505050,37.0,595,-,-,0,1,-,-,-,-,-,-,-,-,-,-,,S,#CD3C3C,5,3.0,0,0,0.098,0,0,0,0,0.0,17
1,2023,2023101,11,Haas F1 Team,25,HUL,Nico Hulkenberg,27,#505050,38.0,596,-,-,0,1,-,-,-,-,-,-,-,-,-,-,,S,#CD3C3C,6,3.0,0,0,0.098,1,0,0,0,0.0,17
1,2023,2023101,11,Haas F1 Team,25,HUL,Nico Hulkenberg,27,#505050,39.0,597,-,-,0,1,-,-,-,-,-,-,-,-,-,-,,S,#CD3C3C,7,3.0,0,0,0.098,0,0,0,0,0.0,16
1,2023,2023101,11,Haas F1 Team,25,HUL,Nico Hulkenberg,27,#505050,40.0,598,92.932,92.932,0,0,-,-,-0.754,-,-,-,-0.754,-,-,-,,S,#CD3C3C,8,3.0,0,0,0.098,0,0,0,0,0.0,16
1,2023,2023101,11,Haas F1 Team,25,HUL,Nico Hulkenberg,27,#505050,41.0,599,92.104,92.104,0,0,92.518,0.828,-0.507,-,-,-,-0.507,-,-,-,,S,#CD3C3C,9,3.0,0,0,0.098,0,0,0,0,1.0,15
1,2023,2023101,11,Haas F1 Team,25,HUL,Nico Hulkenberg,27,#505050,42.0,600,92.097,92.097,0,0,92.1,0.007,-0.53,-,-,-,-0.530,-,-,-,,S,#CD3C3C,10,3.0,0,0,0.098,0,0,0,0,0.0,15
1,2023,2023101,11,Haas F1 Team,25,HUL,Nico Hulkenberg,27,#505050,43.0,601,92.325,92.325,0,0,92.211,0.228,-0.585,-,-,-,-0.585,-,-,-,,S,#CD3C3C,11,3.0,0,0,0.098,0,0,0,0,0.0,15
1,2023,2023101,11,Haas F1 Team,25,HUL,Nico Hulkenberg,27,#505050,44.0,602,92.441,92.441,0,0,92.383,0.116,-0.425,-,-,-,-0.425,-,-,-,,S,#CD3C3C,12,3.0,0,0,0.098,0,0,0,0,0.0,15
1,2023,2023101,11,Haas F1 Team,25,HUL,Nico Hulkenberg,27,#505050,45.0,603,92.534,92.534,0,0,92.488,0.093,-0.215,-,-,-,-0.215,-,-,-,,S,#CD3C3C,13,3.0,0,0,0.098,0,0,0,0,1.0,14
1,2023,2023101,11,Haas F1 Team,25,HUL,Nico Hulkenberg,27,#505050,46.0,604,92.584,92.584,0,0,92.559,0.050,-0.626,-,-,-,-0.626,-,-,-,,S,#CD3C3C,14,3.0,0,1,0.098,0,0,0,0,0.0,14
1,2023,2023101,11,Haas F1 Team,25,HUL,Nico Hulkenberg,27,#505050,47.0,605,92.101,92.101,0,0,92.342,0.483,-0.393,-,-,-,-0.393,-,-,-,,S,#CD3C3C,15,3.0,0,0,0.098,0,0,0,0,0.0,14
1,2023,2023101,11,Haas F1 Team,25,HUL,Nico Hulkenberg,27,#505050,48.0,606,92.06,92.06,0,0,92.08,0.041,-0.482,-,-,-,-0.482,-,-,-,,S,#CD3C3C,16,3.0,0,0,0.098,0,0,0,0,0.0,14
1,2023,2023101,11,Haas F1 Team,25,HUL,Nico Hulkenberg,27,#505050,49.0,607,92.08,92.08,0,0,92.07,0.020,-0.322,-,-,-,-0.322,-,-,-,,S,#CD3C3C,17,3.0,0,0,0.098,0,0,0,0,0.0,14
1,2023,2023101,11,Haas F1 Team,25,HUL,Nico Hulkenberg,27,#505050,50.0,608,92.158,92.158,0,0,92.119,0.078,-0.343,-,-,-,-0.343,-,-,-,,S,#CD3C3C,18,3.0,0,0,0.098,0,0,0,0,0.0,14
1,2023,2023101,11,Haas F1 Team,25,HUL,Nico Hulkenberg,27,#505050,51.0,609,92.166,92.166,0,0,92.162,0.008,-0.389,-,-,-,-0.389,-,-,-,,S,#CD3C3C,19,3.0,0,0,0.098,0,0,0,0,0.0,14
1,2023,2023101,11,Haas F1 Team,25,HUL,Nico Hulkenberg,27,#505050,52.0,610,91.776,91.776,0,0,91.971,0.390,0.008,-,-,-,0.008,-,-,-,,S,#CD3C3C,20,3.0,0,0,0.098,0,0,0,0,0.0,14
1,2023,2023111,12,Haas F1 Team,22,MAG,Kevin Magnussen,20,#505050,1.0,611,-,-,0,1,-,-,-,-,-,-,-,-,-,-,,M,#F0E628,1,1.0,0,0,0.108,0,0,0,0,,13
1,2023,2023111,12,Haas F1 Team,22,MAG,Kevin Magnussen,20,#505050,2.0,612,-,-,0,1,-,-,-,-,-,-,-,-,-,-,,M,#F0E628,2,1.0,0,0,0.108,0,0,0,0,-1.0,14
1,2023,2023111,12,Haas F1 Team,22,MAG,Kevin Magnussen,20,#505050,3.0,613,86.757,86.757,0,0,-,-,-0.588,0.448,-0.364,25.0,-0.588,0.448,-0.364,25.0,-0.14,M,#F0E628,3,1.0,0,0,0.108,0,0,0,0,0.0,14
1,2023,2023111,12,Haas F1 Team,22,MAG,Kevin Magnussen,20,#505050,4.0,614,86.099,86.099,0,0,86.428,0.658,-0.413,0.210,-0.308,25.0,-0.413,0.210,-0.308,25.0,-0.203,M,#F0E628,4,1.0,0,0,0.108,0,0,0,0,0.0,14
1,2023,2023111,12,Haas F1 Team,22,MAG,Kevin Magnussen,20,#505050,5.0,615,86.066,86.066,0,0,86.083,0.033,-0.354,0.244,-0.232,25.0,-0.354,0.244,-0.232,25.0,-0.11,M,#F0E628,5,1.0,0,0,0.108,0,0,0,0,0.0,14
1,2023,2023111,12,Haas F1 Team,22,MAG,Kevin Magnussen,20,#505050,6.0,616,86.103,86.103,0,0,86.084,0.037,-0.513,0.395,-0.316,25.0,-0.513,0.395,-0.316,25.0,-0.118,M,#F0E628,6,1.0,0,0,0.108,0,0,0,0,0.0,14
1,2023,2023111,12,Haas F1 Team,22,MAG,Kevin Magnussen,20,#505050,7.0,617,85.977,85.977,0,0,86.04,0.126,-0.421,0.365,-0.238,25.0,-0.421,0.365,-0.238,25.0,-0.056,M,#F0E628,7,1.0,0,0,0.108,0,0,0,0,0.0,14
1,2023,2023111,12,Haas F1 Team,22,MAG,Kevin Magnussen,20,#505050,8.0,618,86.095,86.095,0,0,86.036,0.118,-0.435,-0.197,-0.533,22.0,-0.435,-0.197,-0.533,22.0,-0.632,M,#F0E628,8,1.0,0,1,0.108,0,0,0,0,0.0,14
1,2023,2023111,12,Haas F1 Team,22,MAG,Kevin Magnussen,20,#505050,9.0,619,86.389,86.389,0,0,86.242,0.294,-0.802,0.010,-0.797,25.0,-0.802,0.010,-0.797,25.0,-0.792,M,#F0E628,9,1.0,0,0,0.108,0,0,0,0,0.0,13
1,2023,2023111,12,Haas F1 Team,22,MAG,Kevin Magnussen,20,#505050,10.0,620,86.444,86.444,0,0,86.416,0.055,-1.024,0.476,-0.786,25.0,-1.024,0.476,-0.786,25.0,-0.548,M,#F0E628,10,1.0,0,0,0.108,0,0,0,0,0.0,11
1,2023,2023111,12,Haas F1 Team,22,MAG,Kevin Magnussen,20,#505050,11.0,621,85.969,85.969,0,0,86.206,0.475,-0.778,-0.150,-0.853,22.0,-0.778,-0.150,-0.853,22.0,-0.928,M,#F0E628,11,1.0,0,0,0.108,0,0,0,0,0.0,11
1,2023,2023111,12,Haas F1 Team,22,MAG,Kevin Magnussen,20,#505050,12.0,622,85.983,85.983,0,0,85.976,0.014,-0.812,-0.205,-0.914,22.0,-0.812,-0.205,-0.914,22.0,-1.017,M,#F0E628,12,1.0,0,0,0.108,0,0,0,0,0.0,11
1,2023,2023111,12,Haas F1 Team,22,MAG,Kevin Magnussen,20,#505050,13.0,623,86.335,86.335,0,0,86.159,0.352,-1.15,0.244,-1.028,25.0,-1.150,0.244,-1.028,25.0,-0.906,M,#F0E628,13,1.0,0,0,0.108,0,0,0,0,0.0,11
1,2023,2023111,12,Haas F1 Team,22,MAG,Kevin Magnussen,20,#505050,14.0,624,-,-,0,1,-,-,-,-,-,-,-,-,-,-,-0.798,M,#F0E628,14,1.0,1,0,0.108,0,0,0,0,0.0,12
1,2023,2023111,12,Haas F1 Team,22,MAG,Kevin Magnussen,20,#505050,15.0,625,-,-,0,1,-,-,-,-,-,-,-,-,-,-,-0.951,H,#A5AFB9,4,2.0,0,0,0.210,0,0,0,0,0.0,17
1,2023,2023111,12,Haas F1 Team,22,MAG,Kevin Magnussen,20,#505050,16.0,626,84.782,84.782,0,0,-,-,0.258,-,-,-,0.258,-,-,-,,H,#A5AFB9,5,2.0,0,0,0.210,0,0,0,0,0.0,17
1,2023,2023111,12,Haas F1 Team,22,MAG,Kevin Magnussen,20,#505050,17.0,627,85.258,85.258,0,0,85.02,0.476,-0.117,-,-,-,-0.117,-,-,-,,H,#A5AFB9,6,2.0,0,0,0.210,0,0,0,0,0.0,17
1,2023,2023111,12,Haas F1 Team,22,MAG,Kevin Magnussen,20,#505050,18.0,628,85.338,85.338,0,0,85.298,0.080,-0.188,0.143,-0.116,25.0,-0.188,0.143,-0.116,25.0,-0.045,H,#A5AFB9,7,2.0,0,0,0.210,0,0,0,0,0.0,17
1,2023,2023111,12,Haas F1 Team,22,MAG,Kevin Magnussen,20,#505050,19.0,629,85.602,85.314,1,0,85.326,0.264,-0.599,-0.002,-0.600,22.0,-0.311,0.056,-0.283,25.0,-0.601,H,#A5AFB9,8,2.0,0,0,0.210,0,0,0,0,0.0,16
1,2023,2023111,12,Haas F1 Team,22,MAG,Kevin Magnussen,20,#505050,20.0,630,85.29,85.29,0,0,85.302,0.312,-0.521,-0.031,-0.536,22.0,-0.521,-0.031,-0.536,22.0,-0.552,H,#A5AFB9,9,2.0,0,0,0.210,0,0,0,0,0.0,16
1,2023,2023111,12,Haas F1 Team,22,MAG,Kevin Magnussen,20,#505050,21.0,631,85.809,85.809,0,0,85.55,0.519,-0.814,0.297,-0.665,25.0,-0.814,0.297,-0.665,25.0,-0.517,H,#A5AFB9,10,2.0,0,0,0.210,0,0,0,0,0.0,16
1,2023,2023111,12,Haas F1 Team,22,MAG,Kevin Magnussen,20,#505050,22.0,632,86.014,86.014,0,0,85.911,0.205,-0.915,0.232,-0.799,25.0,-0.915,0.232,-0.799,25.0,-0.683,H,#A5AFB9,11,2.0,0,0,0.210,0,0,0,0,0.0,16
1,2023,2023111,12,Haas F1 Team,22,MAG,Kevin Magnussen,20,#505050,23.0,633,85.931,85.931,0,0,85.972,0.083,-0.79,-0.168,-0.874,22.0,-0.790,0.108,-0.736,25.0,-0.958,H,#A5AFB9,12,2.0,0,0,0.210,0,0,0,0,0.0,16
1,2023,2023111,12,Haas F1 Team,22,MAG,Kevin Magnussen,20,#505050,24.0,634,85.931,85.931,0,0,85.931,0.000,-0.78,0.066,-0.747,25.0,-0.780,0.066,-0.747,25.0,-0.714,H,#A5AFB9,13,2.0,0,0,0.210,0,0,0,0,0.0,16
1,2023,2023111,12,Haas F1 Team,22,MAG,Kevin Magnussen,20,#505050,25.0,635,86.016,86.016,0,0,85.974,0.085,-1.0,0.271,-0.865,25.0,-1.000,0.271,-0.865,25.0,-0.729,H,#A5AFB9,14,2.0,0,0,0.210,0,0,0,0,0.0,16
1,2023,2023111,12,Haas F1 Team,22,MAG,Kevin Magnussen,20,#505050,26.0,636,86.132,86.132,0,0,86.074,0.116,-1.11,0.551,-0.835,25.0,-1.110,0.551,-0.835,25.0,-0.559,H,#A5AFB9,15,2.0,0,0,0.210,0,0,0,0,0.0,16
1,2023,2023111,12,Haas F1 Team,22,MAG,Kevin Magnussen,20,#505050,27.0,637,86.278,86.278,0,0,86.205,0.146,-1.074,0.434,-0.857,25.0,-1.074,0.434,-0.857,25.0,-0.64,H,#A5AFB9,16,2.0,0,0,0.210,0,0,0,0,0.0,16
1,2023,2023111,12,Haas F1 Team,22,MAG,Kevin Magnussen,20,#505050,28.0,638,86.126,86.126,0,0,86.202,0.152,-0.943,0.090,-0.898,25.0,-0.943,0.090,-0.898,25.0,-0.853,H,#A5AFB9,17,2.0,0,1,0.210,0,0,0,0,0.0,16
1,2023,2023111,12,Haas F1 Team,22,MAG,Kevin Magnussen,20,#505050,29.0,639,86.204,86.204,0,0,86.165,0.078,-1.269,0.888,-0.825,25.0,-1.269,0.888,-0.825,25.0,-0.381,H,#A5AFB9,18,2.0,0,0,0.210,0,0,0,0,0.0,16
1,2023,2023111,12,Haas F1 Team,22,MAG,Kevin Magnussen,20,#505050,30.0,640,86.33,86.33,0,0,86.267,0.126,-1.455,-0.273,-1.591,22.0,-1.455,0.917,-0.997,25.0,-1.728,H,#A5AFB9,19,2.0,0,0,0.210,0,0,0,0,0.0,16
1,2023,2023111,12,Haas F1 Team,22,MAG,Kevin Magnussen,20,#505050,31.0,641,86.283,86.283,0,0,86.306,0.047,-1.544,0.774,-1.157,25.0,-1.544,0.774,-1.157,25.0,-0.77,H,#A5AFB9,20,2.0,0,0,0.210,0,0,0,0,0.0,16
1,2023,2023111,12,Haas F1 Team,22,MAG,Kevin Magnussen,20,#505050,32.0,642,86.343,86.343,0,0,86.313,0.060,-1.61,0.726,-1.247,25.0,-1.610,0.726,-1.247,25.0,-0.884,H,#A5AFB9,21,2.0,0,0,0.210,0,0,0,0,0.0,15
1,2023,2023111,12,Haas F1 Team,22,MAG,Kevin Magnussen,20,#505050,33.0,643,86.256,86.256,0,0,86.3,0.087,-1.485,0.699,-1.135,25.0,-1.485,0.699,-1.135,25.0,-0.786,H,#A5AFB9,22,2.0,0,0,0.210,0,0,0,0,0.0,15
1,2023,2023111,12,Haas F1 Team,22,MAG,Kevin Magnussen,20,#505050,34.0,644,86.256,86.256,0,0,86.256,0.000,-1.596,0.527,-1.333,25.0,-1.596,0.527,-1.333,25.0,-1.069,H,#A5AFB9,23,2.0,0,0,0.210,0,0,0,0,0.0,15
1,2023,2023111,12,Haas F1 Team,22,MAG,Kevin Magnussen,20,#505050,35.0,645,87.06,86.478,1,0,86.367,0.804,-2.41,1.265,-1.778,25.0,-1.828,0.683,-1.486,25.0,-1.145,H,#A5AFB9,24,2.0,0,0,0.210,0,0,0,0,0.0,14
1,2023,2023111,12,Haas F1 Team,22,MAG,Kevin Magnussen,20,#505050,36.0,646,86.701,86.701,0,0,86.59,0.359,-2.154,0.893,-1.708,25.0,-2.154,0.893,-1.708,25.0,-1.261,H,#A5AFB9,25,2.0,0,0,0.210,0,0,0,0,-1.0,15
1,2023,2023111,12,Haas F1 Team,22,MAG,Kevin Magnussen,20,#505050,37.0,647,86.296,86.296,0,0,86.498,0.405,-1.652,0.474,-1.415,25.0,-1.652,0.474,-1.415,25.0,-1.178,H,#A5AFB9,26,2.0,0,0,0.210,0,0,0,0,0.0,15
1,2023,2023111,12,Haas F1 Team,22,MAG,Kevin Magnussen,20,#505050,38.0,648,88.558,86.459,1,0,86.378,2.262,-3.896,-,-,-,-1.797,-,-,-,,H,#A5AFB9,27,2.0,0,0,0.210,0,0,0,0,-1.0,16
1,2023,2023111,12,Haas F1 Team,22,MAG,Kevin Magnussen,20,#505050,39.0,649,86.622,86.622,0,0,86.541,1.936,-1.906,-,-,-,-1.906,-,-,-,,H,#A5AFB9,28,2.0,0,0,0.210,0,0,0,0,0.0,14
1,2023,2023111,12,Haas F1 Team,22,MAG,Kevin Magnussen,20,#505050,40.0,650,87.353,87.353,0,0,86.988,0.731,-2.65,3.161,-1.069,25.0,-2.650,3.161,-1.069,25.0,0.511,H,#A5AFB9,29,2.0,0,0,0.210,0,0,0,0,-1.0,15
1,2023,2023111,12,Haas F1 Team,22,MAG,Kevin Magnussen,20,#505050,41.0,651,-,-,0,1,-,-,-,-,-,-,-,-,-,-,0.214,H,#A5AFB9,30,2.0,1,0,0.210,0,0,0,0,0.0,17
1,2023,2023111,12,Haas F1 Team,22,MAG,Kevin Magnussen,20,#505050,42.0,652,-,-,0,1,-,-,-,-,-,-,-,-,-,-,0.807,H,#A5AFB9,6,3.0,0,0,0.769,0,0,0,0,0.0,18
1,2023,2023111,12,Haas F1 Team,22,MAG,Kevin Magnussen,20,#505050,43.0,653,84.544,84.544,0,0,-,-,-0.114,0.393,0.083,25.0,-0.114,0.393,0.083,25.0,0.279,H,#A5AFB9,7,3.0,0,0,0.769,0,0,0,0,0.0,18
1,2023,2023111,12,Haas F1 Team,22,MAG,Kevin Magnussen,20,#505050,44.0,654,84.097,84.097,0,0,84.32,0.447,-0.083,-0.524,-0.345,22.0,-0.083,-0.194,-0.180,22.0,-0.607,H,#A5AFB9,8,3.0,0,0,0.769,0,0,0,0,0.0,18
1,2023,2023111,12,Haas F1 Team,22,MAG,Kevin Magnussen,20,#505050,45.0,655,84.285,84.285,0,0,84.191,0.188,-0.368,-0.145,-0.441,22.0,-0.368,-0.145,-0.441,22.0,-0.513,H,#A5AFB9,9,3.0,0,0,0.769,0,0,0,0,0.0,18
1,2023,2023111,12,Haas F1 Team,22,MAG,Kevin Magnussen,20,#505050,46.0,656,84.17,84.17,0,0,84.227,0.115,-0.391,-0.063,-0.422,22.0,-0.391,-0.063,-0.422,22.0,-0.454,H,#A5AFB9,10,3.0,0,0,0.769,0,0,0,0,0.0,18
1,2023,2023111,12,Haas F1 Team,22,MAG,Kevin Magnussen,20,#505050,47.0,657,86.646,84.056,1,0,84.113,2.476,-2.859,2.490,-1.614,25.0,-0.269,-0.100,-0.319,22.0,-0.369,H,#A5AFB9,11,3.0,0,0,0.769,0,0,0,0,0.0,18
1,2023,2023111,12,Haas F1 Team,22,MAG,Kevin Magnussen,20,#505050,48.0,658,83.942,83.942,0,0,83.999,2.704,-0.312,-0.135,-0.380,22.0,-0.312,-0.135,-0.380,22.0,-0.447,H,#A5AFB9,12,3.0,0,0,0.769,0,0,0,0,0.0,18
1,2023,2023111,12,Haas F1 Team,22,MAG,Kevin Magnussen,20,#505050,49.0,659,84.11,84.11,0,0,84.026,0.168,-0.565,-0.216,-0.673,22.0,-0.565,-0.216,-0.673,22.0,-0.781,H,#A5AFB9,13,3.0,0,0,0.769,0,0,0,0,0.0,18
1,2023,2023111,12,Haas F1 Team,22,MAG,Kevin Magnussen,20,#505050,50.0,660,84.299,84.299,0,0,84.204,0.189,-0.781,-0.173,-0.867,22.0,-0.781,-0.173,-0.867,22.0,-0.954,H,#A5AFB9,14,3.0,0,0,0.769,0,0,0,0,0.0,18
1,2023,2023111,12,Haas F1 Team,22,MAG,Kevin Magnussen,20,#505050,51.0,661,85.991,84.146,1,0,84.223,1.692,-2.523,1.609,-1.718,25.0,-0.679,-0.235,-0.796,22.0,-0.914,H,#A5AFB9,15,3.0,0,0,0.769,0,0,0,0,0.0,18
1,2023,2023111,12,Haas F1 Team,22,MAG,Kevin Magnussen,20,#505050,52.0,662,83.994,83.994,0,0,84.07,1.997,-0.527,-0.116,-0.585,22.0,-0.527,-0.116,-0.585,22.0,-0.643,H,#A5AFB9,16,3.0,0,0,0.769,0,0,0,0,0.0,18
1,2023,2023111,12,Haas F1 Team,22,MAG,Kevin Magnussen,20,#505050,53.0,663,84.136,84.136,0,0,84.065,0.142,-0.761,-2.584,-2.053,22.0,-0.761,-0.209,-0.865,22.0,-3.345,H,#A5AFB9,17,3.0,0,0,0.769,0,0,0,0,0.0,18
1,2023,2023111,12,Haas F1 Team,22,MAG,Kevin Magnussen,20,#505050,54.0,664,83.864,83.864,0,0,84.0,0.272,-0.53,-0.715,-0.888,22.0,-0.530,-0.715,-0.888,22.0,-1.245,H,#A5AFB9,18,3.0,0,0,0.769,0,0,0,0,0.0,18
1,2023,2023111,12,Haas F1 Team,22,MAG,Kevin Magnussen,20,#505050,55.0,665,84.414,84.414,0,0,84.139,0.550,-0.894,-0.012,-0.900,22.0,-0.894,-0.012,-0.900,22.0,-0.906,H,#A5AFB9,19,3.0,0,0,0.769,0,0,0,0,0.0,18
1,2023,2023111,12,Haas F1 Team,22,MAG,Kevin Magnussen,20,#505050,56.0,666,84.491,84.491,0,0,84.452,0.077,-0.849,0.057,-0.821,25.0,-0.849,0.057,-0.821,25.0,-0.792,H,#A5AFB9,20,3.0,0,1,0.769,0,0,0,0,0.0,18
1,2023,2023111,12,Haas F1 Team,22,MAG,Kevin Magnussen,20,#505050,57.0,667,88.556,84.832,1,0,84.661,4.065,-4.77,4.055,-2.743,25.0,-1.046,0.331,-0.881,25.0,-0.715,H,#A5AFB9,21,3.0,0,0,0.769,0,0,0,0,0.0,18
1,2023,2023111,12,Haas F1 Team,22,MAG,Kevin Magnussen,20,#505050,58.0,668,85.172,85.172,0,0,85.002,3.384,-1.269,0.368,-1.085,25.0,-1.269,0.368,-1.085,25.0,-0.901,H,#A5AFB9,22,3.0,0,0,0.769,0,0,0,0,0.0,18
1,2023,2023111,12,Haas F1 Team,22,MAG,Kevin Magnussen,20,#505050,59.0,669,84.479,84.479,0,0,84.826,0.693,-0.803,0.108,-0.749,25.0,-0.803,0.108,-0.749,25.0,-0.695,H,#A5AFB9,23,3.0,0,0,0.769,0,0,0,0,0.0,18
1,2023,2023111,12,Haas F1 Team,22,MAG,Kevin Magnussen,20,#505050,60.0,670,87.626,84.504,1,0,84.492,3.147,-3.861,3.127,-2.298,25.0,-0.739,0.005,-0.736,25.0,-0.734,H,#A5AFB9,24,3.0,0,0,0.769,0,0,0,0,0.0,18
1,2023,2023111,12,Haas F1 Team,22,MAG,Kevin Magnussen,20,#505050,61.0,671,84.529,84.529,0,0,84.516,3.097,-0.671,-0.227,-0.784,22.0,-0.671,-0.227,-0.784,22.0,-0.898,H,#A5AFB9,25,3.0,0,0,0.769,0,0,0,0,0.0,18
1,2023,2023111,12,Haas F1 Team,22,MAG,Kevin Magnussen,20,#505050,62.0,672,84.494,84.494,0,0,84.512,0.035,-0.615,-1.855,-1.542,22.0,-0.615,-0.498,-0.864,22.0,-2.47,H,#A5AFB9,26,3.0,0,0,0.769,0,0,0,0,0.0,18
1,2023,2023111,12,Haas F1 Team,22,MAG,Kevin Magnussen,20,#505050,63.0,673,84.438,84.438,0,0,84.466,0.056,-0.603,-0.790,-0.998,22.0,-0.603,-0.790,-0.998,22.0,-1.393,H,#A5AFB9,27,3.0,0,0,0.769,0,0,0,0,0.0,18
1,2023,2023111,12,Haas F1 Team,22,MAG,Kevin Magnussen,20,#505050,64.0,674,88.678,84.936,1,0,84.687,4.240,-4.775,2.198,-3.676,25.0,-1.033,-0.822,-1.444,22.0,-2.577,H,#A5AFB9,28,3.0,0,0,0.769,0,0,0,0,0.0,18
1,2023,2023111,12,Haas F1 Team,22,MAG,Kevin Magnussen,20,#505050,65.0,675,85.434,85.434,0,0,85.185,3.244,-1.484,-0.853,-1.911,22.0,-1.484,-0.853,-1.911,22.0,-2.337,H,#A5AFB9,29,3.0,0,0,0.769,0,0,0,0,0.0,18
1,2023,2023111,12,Haas F1 Team,22,MAG,Kevin Magnussen,20,#505050,66.0,676,87.531,85.144,1,0,85.289,2.097,-3.747,2.558,-2.468,25.0,-1.360,0.171,-1.275,25.0,-1.189,H,#A5AFB9,30,3.0,0,0,0.769,0,0,0,0,0.0,18
1,2023,2023111,12,Haas F1 Team,22,MAG,Kevin Magnussen,20,#505050,67.0,677,84.854,84.854,0,0,84.999,2.677,-1.22,-0.092,-1.266,22.0,-1.220,-0.092,-1.266,22.0,-1.312,H,#A5AFB9,31,3.0,0,0,0.769,0,0,0,0,0.0,18
1,2023,2023111,12,Haas F1 Team,22,MAG,Kevin Magnussen,20,#505050,68.0,678,84.965,84.965,0,0,84.91,0.111,-1.334,0.150,-1.259,25.0,-1.334,0.150,-1.259,25.0,-1.184,H,#A5AFB9,32,3.0,0,0,0.769,0,0,0,0,0.0,17
1,2023,2023111,12,Haas F1 Team,22,MAG,Kevin Magnussen,20,#505050,69.0,679,85.369,85.369,0,0,85.167,0.404,-1.214,-0.116,-1.272,22.0,-1.214,-0.116,-1.272,22.0,-1.33,H,#A5AFB9,33,3.0,0,0,0.769,0,0,0,0,0.0,17
1,2023,2023111,12,Haas F1 Team,25,HUL,Nico Hulkenberg,27,#505050,1.0,611,-,-,0,1,-,-,-,-,-,-,-,-,-,-,,M,#F0E628,4,1.0,0,0,0.106,0,0,0,0,,9
1,2023,2023111,12,Haas F1 Team,25,HUL,Nico Hulkenberg,27,#505050,2.0,612,-,-,0,1,-,-,-,-,-,-,-,-,-,-,,M,#F0E628,5,1.0,0,0,0.106,0,0,0,0,0.0,9
1,2023,2023111,12,Haas F1 Team,25,HUL,Nico Hulkenberg,27,#505050,3.0,613,86.309,86.309,0,0,-,-,-0.14,0.448,-0.364,25.0,-0.140,0.448,-0.364,25.0,-0.588,M,#F0E628,6,1.0,0,0,0.106,0,0,0,0,0.0,9
1,2023,2023111,12,Haas F1 Team,25,HUL,Nico Hulkenberg,27,#505050,4.0,614,85.889,85.889,0,0,86.099,0.420,-0.203,0.210,-0.308,25.0,-0.203,0.210,-0.308,25.0,-0.413,M,#F0E628,7,1.0,0,0,0.106,0,0,0,0,0.0,9
1,2023,2023111,12,Haas F1 Team,25,HUL,Nico Hulkenberg,27,#505050,5.0,615,85.822,85.822,0,0,85.856,0.067,-0.11,0.244,-0.232,25.0,-0.110,0.244,-0.232,25.0,-0.354,M,#F0E628,8,1.0,0,0,0.106,0,0,0,0,0.0,9
1,2023,2023111,12,Haas F1 Team,25,HUL,Nico Hulkenberg,27,#505050,6.0,616,85.708,85.708,0,0,85.765,0.114,-0.118,0.395,-0.316,25.0,-0.118,0.395,-0.316,25.0,-0.513,M,#F0E628,9,1.0,0,0,0.106,0,0,0,0,0.0,9
1,2023,2023111,12,Haas F1 Team,25,HUL,Nico Hulkenberg,27,#505050,7.0,617,85.612,85.612,0,0,85.66,0.096,-0.056,0.365,-0.238,25.0,-0.056,0.365,-0.238,25.0,-0.421,M,#F0E628,10,1.0,0,0,0.106,0,0,0,0,0.0,9
1,2023,2023111,12,Haas F1 Team,25,HUL,Nico Hulkenberg,27,#505050,8.0,618,86.292,86.292,0,0,85.952,0.680,-0.632,-0.197,-0.533,22.0,-0.632,-0.197,-0.533,22.0,-0.435,M,#F0E628,11,1.0,0,0,0.106,0,0,0,0,0.0,9
1,2023,2023111,12,Haas F1 Team,25,HUL,Nico Hulkenberg,27,#505050,9.0,619,86.379,86.379,0,0,86.336,0.087,-0.792,0.010,-0.797,25.0,-0.792,0.010,-0.797,25.0,-0.802,M,#F0E628,12,1.0,0,1,0.106,0,0,0,0,0.0,9
1,2023,2023111,12,Haas F1 Team,25,HUL,Nico Hulkenberg,27,#505050,10.0,620,85.968,85.968,0,0,86.174,0.411,-0.548,0.476,-0.786,25.0,-0.548,0.476,-0.786,25.0,-1.024,M,#F0E628,13,1.0,0,0,0.106,0,0,0,0,0.0,9
1,2023,2023111,12,Haas F1 Team,25,HUL,Nico Hulkenberg,27,#505050,11.0,621,86.119,86.119,0,0,86.044,0.151,-0.928,-0.150,-0.853,22.0,-0.928,-0.150,-0.853,22.0,-0.778,M,#F0E628,14,1.0,0,0,0.106,0,0,0,0,0.0,9
1,2023,2023111,12,Haas F1 Team,25,HUL,Nico Hulkenberg,27,#505050,12.0,622,86.188,86.188,0,0,86.154,0.069,-1.017,-0.205,-0.914,22.0,-1.017,-0.205,-0.914,22.0,-0.812,M,#F0E628,15,1.0,0,0,0.106,0,0,0,0,0.0,9
1,2023,2023111,12,Haas F1 Team,25,HUL,Nico Hulkenberg,27,#505050,13.0,623,86.091,86.091,0,0,86.14,0.097,-0.906,0.244,-1.028,25.0,-0.906,0.244,-1.028,25.0,-1.15,M,#F0E628,16,1.0,0,0,0.106,0,0,0,0,0.0,9
1,2023,2023111,12,Haas F1 Team,25,HUL,Nico Hulkenberg,27,#505050,14.0,624,85.916,85.916,0,0,86.004,0.175,-0.798,-,-,-,-0.798,-,-,-,,M,#F0E628,17,1.0,0,0,0.106,0,0,0,0,0.0,9
1,2023,2023111,12,Haas F1 Team,25,HUL,Nico Hulkenberg,27,#505050,15.0,625,86.094,86.094,0,0,86.005,0.178,-0.951,-,-,-,-0.951,-,-,-,,M,#F0E628,18,1.0,0,0,0.106,0,0,0,0,0.0,9
1,2023,2023111,12,Haas F1 Team,25,HUL,Nico Hulkenberg,27,#505050,16.0,626,-,-,0,1,-,-,-,-,-,-,-,-,-,-,0.258,M,#F0E628,19,1.0,1,0,0.106,0,0,0,0,0.0,9
1,2023,2023111,12,Haas F1 Team,25,HUL,Nico Hulkenberg,27,#505050,17.0,627,-,-,0,1,-,-,-,-,-,-,-,-,-,-,-0.117,H,#A5AFB9,4,2.0,0,0,0.168,0,0,0,0,0.0,15
1,2023,2023111,12,Haas F1 Team,25,HUL,Nico Hulkenberg,27,#505050,18.0,628,85.195,85.195,0,0,-,-,-0.045,0.143,-0.116,25.0,-0.045,0.143,-0.116,25.0,-0.188,H,#A5AFB9,5,2.0,0,0,0.168,0,0,0,0,0.0,15
1,2023,2023111,12,Haas F1 Team,25,HUL,Nico Hulkenberg,27,#505050,19.0,629,85.604,85.258,1,0,85.226,0.409,-0.601,-0.002,-0.600,22.0,-0.255,0.056,-0.283,25.0,-0.599,H,#A5AFB9,6,2.0,0,0,0.168,0,0,0,0,0.0,14
1,2023,2023111,12,Haas F1 Team,25,HUL,Nico Hulkenberg,27,#505050,20.0,630,85.321,85.321,0,0,85.29,0.283,-0.552,-0.031,-0.536,22.0,-0.552,-0.031,-0.536,22.0,-0.521,H,#A5AFB9,7,2.0,0,0,0.168,0,0,0,0,0.0,14
1,2023,2023111,12,Haas F1 Team,25,HUL,Nico Hulkenberg,27,#505050,21.0,631,85.512,85.512,0,0,85.416,0.191,-0.517,0.297,-0.665,25.0,-0.517,0.297,-0.665,25.0,-0.814,H,#A5AFB9,8,2.0,0,0,0.168,0,0,0,0,0.0,14
1,2023,2023111,12,Haas F1 Team,25,HUL,Nico Hulkenberg,27,#505050,22.0,632,85.782,85.782,0,0,85.647,0.270,-0.683,0.232,-0.799,25.0,-0.683,0.232,-0.799,25.0,-0.915,H,#A5AFB9,9,2.0,0,0,0.168,0,0,0,0,0.0,14
1,2023,2023111,12,Haas F1 Team,25,HUL,Nico Hulkenberg,27,#505050,23.0,633,86.099,85.824,1,0,85.803,0.317,-0.958,-0.168,-0.874,22.0,-0.682,0.108,-0.736,25.0,-0.79,H,#A5AFB9,10,2.0,0,0,0.168,0,0,0,0,0.0,14
1,2023,2023111,12,Haas F1 Team,25,HUL,Nico Hulkenberg,27,#505050,24.0,634,85.865,85.865,0,0,85.844,0.234,-0.714,0.066,-0.747,25.0,-0.714,0.066,-0.747,25.0,-0.78,H,#A5AFB9,11,2.0,0,0,0.168,0,0,0,0,0.0,14
1,2023,2023111,12,Haas F1 Team,25,HUL,Nico Hulkenberg,27,#505050,25.0,635,85.745,85.745,0,0,85.805,0.120,-0.729,0.271,-0.865,25.0,-0.729,0.271,-0.865,25.0,-1.0,H,#A5AFB9,12,2.0,0,0,0.168,0,0,0,0,0.0,14
1,2023,2023111,12,Haas F1 Team,25,HUL,Nico Hulkenberg,27,#505050,26.0,636,85.581,85.581,0,0,85.663,0.164,-0.559,0.551,-0.835,25.0,-0.559,0.551,-0.835,25.0,-1.11,H,#A5AFB9,13,2.0,0,0,0.168,0,0,0,0,0.0,14
1,2023,2023111,12,Haas F1 Team,25,HUL,Nico Hulkenberg,27,#505050,27.0,637,85.844,85.844,0,0,85.712,0.263,-0.64,0.434,-0.857,25.0,-0.640,0.434,-0.857,25.0,-1.074,H,#A5AFB9,14,2.0,0,1,0.168,0,0,0,0,0.0,14
1,2023,2023111,12,Haas F1 Team,25,HUL,Nico Hulkenberg,27,#505050,28.0,638,86.036,86.036,0,0,85.94,0.192,-0.853,0.090,-0.898,25.0,-0.853,0.090,-0.898,25.0,-0.943,H,#A5AFB9,15,2.0,0,0,0.168,0,0,0,0,0.0,14
1,2023,2023111,12,Haas F1 Team,25,HUL,Nico Hulkenberg,27,#505050,29.0,639,85.316,85.316,0,0,85.676,0.720,-0.381,0.888,-0.825,25.0,-0.381,0.888,-0.825,25.0,-1.269,H,#A5AFB9,16,2.0,0,0,0.168,0,0,0,0,0.0,13
1,2023,2023111,12,Haas F1 Team,25,HUL,Nico Hulkenberg,27,#505050,30.0,640,86.603,85.412,1,0,85.364,1.287,-1.728,-0.273,-1.591,22.0,-0.538,0.917,-0.997,25.0,-1.455,H,#A5AFB9,17,2.0,0,0,0.168,0,0,0,0,-1.0,14
1,2023,2023111,12,Haas F1 Team,25,HUL,Nico Hulkenberg,27,#505050,31.0,641,85.509,85.509,0,0,85.461,1.094,-0.77,0.774,-1.157,25.0,-0.770,0.774,-1.157,25.0,-1.544,H,#A5AFB9,18,2.0,0,0,0.168,0,0,0,0,0.0,14
1,2023,2023111,12,Haas F1 Team,25,HUL,Nico Hulkenberg,27,#505050,32.0,642,85.617,85.617,0,0,85.563,0.108,-0.884,0.726,-1.247,25.0,-0.884,0.726,-1.247,25.0,-1.61,H,#A5AFB9,19,2.0,0,0,0.168,0,0,0,0,0.0,13
1,2023,2023111,12,Haas F1 Team,25,HUL,Nico Hulkenberg,27,#505050,33.0,643,85.557,85.557,0,0,85.587,0.060,-0.786,0.699,-1.135,25.0,-0.786,0.699,-1.135,25.0,-1.485,H,#A5AFB9,20,2.0,0,0,0.168,0,0,0,0,0.0,13
1,2023,2023111,12,Haas F1 Team,25,HUL,Nico Hulkenberg,27,#505050,34.0,644,85.729,85.729,0,0,85.643,0.172,-1.069,0.527,-1.333,25.0,-1.069,0.527,-1.333,25.0,-1.596,H,#A5AFB9,21,2.0,0,0,0.168,0,0,0,0,0.0,13
1,2023,2023111,12,Haas F1 Team,25,HUL,Nico Hulkenberg,27,#505050,35.0,645,85.795,85.795,0,0,85.762,0.066,-1.145,1.265,-1.778,25.0,-1.145,0.683,-1.486,25.0,-2.41,H,#A5AFB9,22,2.0,0,0,0.168,0,0,0,0,0.0,12
1,2023,2023111,12,Haas F1 Team,25,HUL,Nico Hulkenberg,27,#505050,36.0,646,85.808,85.808,0,0,85.802,0.013,-1.261,0.893,-1.708,25.0,-1.261,0.893,-1.708,25.0,-2.154,H,#A5AFB9,23,2.0,0,0,0.168,0,0,0,0,0.0,12
1,2023,2023111,12,Haas F1 Team,25,HUL,Nico Hulkenberg,27,#505050,37.0,647,85.822,85.822,0,0,85.815,0.014,-1.178,0.474,-1.415,25.0,-1.178,0.474,-1.415,25.0,-1.652,H,#A5AFB9,24,2.0,0,0,0.168,0,0,0,0,0.0,12
1,2023,2023111,12,Haas F1 Team,25,HUL,Nico Hulkenberg,27,#505050,38.0,648,-,-,0,1,-,-,-,-,-,-,-,-,-,-,-3.896,H,#A5AFB9,25,2.0,1,0,0.168,0,0,0,0,0.0,12
1,2023,2023111,12,Haas F1 Team,25,HUL,Nico Hulkenberg,27,#505050,39.0,649,-,-,0,1,-,-,-,-,-,-,-,-,-,-,-1.906,H,#A5AFB9,6,3.0,0,0,0.308,0,0,0,0,0.0,16
1,2023,2023111,12,Haas F1 Team,25,HUL,Nico Hulkenberg,27,#505050,40.0,650,84.192,84.192,0,0,-,-,0.511,3.161,-1.069,25.0,0.511,3.161,-1.069,25.0,-2.65,H,#A5AFB9,7,3.0,0,0,0.308,0,0,0,0,0.0,16
1,2023,2023111,12,Haas F1 Team,25,HUL,Nico Hulkenberg,27,#505050,41.0,651,84.289,84.289,0,0,84.24,0.097,0.214,-,-,-,0.214,-,-,-,,H,#A5AFB9,8,3.0,0,0,0.308,0,0,0,0,0.0,15
1,2023,2023111,12,Haas F1 Team,25,HUL,Nico Hulkenberg,27,#505050,42.0,652,83.573,83.573,0,0,83.931,0.716,0.807,-,-,-,0.807,-,-,-,,H,#A5AFB9,9,3.0,0,0,0.308,0,0,0,0,0.0,15
1,2023,2023111,12,Haas F1 Team,25,HUL,Nico Hulkenberg,27,#505050,43.0,653,84.151,84.151,0,0,83.862,0.578,0.279,0.393,0.083,25.0,0.279,0.393,0.083,25.0,-0.114,H,#A5AFB9,10,3.0,0,0,0.308,0,0,0,0,0.0,15
1,2023,2023111,12,Haas F1 Team,25,HUL,Nico Hulkenberg,27,#505050,44.0,654,84.621,84.291,1,0,84.221,0.470,-0.607,-0.524,-0.345,22.0,-0.277,-0.194,-0.180,22.0,-0.083,H,#A5AFB9,11,3.0,0,0,0.308,0,0,0,0,0.0,15
1,2023,2023111,12,Haas F1 Team,25,HUL,Nico Hulkenberg,27,#505050,45.0,655,84.43,84.43,0,0,84.36,0.191,-0.513,-0.145,-0.441,22.0,-0.513,-0.145,-0.441,22.0,-0.368,H,#A5AFB9,12,3.0,0,0,0.308,0,0,0,0,0.0,14
1,2023,2023111,12,Haas F1 Team,25,HUL,Nico Hulkenberg,27,#505050,46.0,656,84.233,84.233,0,0,84.332,0.197,-0.454,-0.063,-0.422,22.0,-0.454,-0.063,-0.422,22.0,-0.391,H,#A5AFB9,13,3.0,0,0,0.308,0,0,0,0,0.0,14
1,2023,2023111,12,Haas F1 Team,25,HUL,Nico Hulkenberg,27,#505050,47.0,657,84.156,84.156,0,0,84.194,0.077,-0.369,2.490,-1.614,25.0,-0.369,-0.100,-0.319,22.0,-2.859,H,#A5AFB9,14,3.0,0,0,0.308,0,0,0,0,0.0,14
1,2023,2023111,12,Haas F1 Team,25,HUL,Nico Hulkenberg,27,#505050,48.0,658,84.077,84.077,0,0,84.116,0.079,-0.447,-0.135,-0.380,22.0,-0.447,-0.135,-0.380,22.0,-0.312,H,#A5AFB9,15,3.0,0,0,0.308,0,0,0,0,0.0,14
1,2023,2023111,12,Haas F1 Team,25,HUL,Nico Hulkenberg,27,#505050,49.0,659,84.326,84.326,0,0,84.202,0.249,-0.781,-0.216,-0.673,22.0,-0.781,-0.216,-0.673,22.0,-0.565,H,#A5AFB9,16,3.0,0,0,0.308,0,0,0,0,0.0,14
1,2023,2023111,12,Haas F1 Team,25,HUL,Nico Hulkenberg,27,#505050,50.0,660,84.472,84.472,0,0,84.399,0.146,-0.954,-0.173,-0.867,22.0,-0.954,-0.173,-0.867,22.0,-0.781,H,#A5AFB9,17,3.0,0,0,0.308,0,0,0,0,0.0,14
1,2023,2023111,12,Haas F1 Team,25,HUL,Nico Hulkenberg,27,#505050,51.0,661,84.382,84.382,0,0,84.427,0.090,-0.914,1.609,-1.718,25.0,-0.914,-0.235,-0.796,22.0,-2.523,H,#A5AFB9,18,3.0,0,0,0.308,0,0,0,0,0.0,14
1,2023,2023111,12,Haas F1 Team,25,HUL,Nico Hulkenberg,27,#505050,52.0,662,84.11,84.11,0,0,84.246,0.272,-0.643,-0.116,-0.585,22.0,-0.643,-0.116,-0.585,22.0,-0.527,H,#A5AFB9,19,3.0,0,0,0.308,0,0,0,0,0.0,14
1,2023,2023111,12,Haas F1 Team,25,HUL,Nico Hulkenberg,27,#505050,53.0,663,86.72,84.344,1,0,84.227,2.610,-3.345,-2.584,-2.053,22.0,-0.970,-0.209,-0.865,22.0,-0.761,H,#A5AFB9,20,3.0,0,0,0.308,0,0,0,0,0.0,14
1,2023,2023111,12,Haas F1 Team,25,HUL,Nico Hulkenberg,27,#505050,54.0,664,84.579,84.579,0,0,84.462,2.141,-1.245,-0.715,-0.888,22.0,-1.245,-0.715,-0.888,22.0,-0.53,H,#A5AFB9,21,3.0,0,1,0.308,0,0,0,0,0.0,14
1,2023,2023111,12,Haas F1 Team,25,HUL,Nico Hulkenberg,27,#505050,55.0,665,84.426,84.426,0,0,84.502,0.153,-0.906,-0.012,-0.900,22.0,-0.906,-0.012,-0.900,22.0,-0.894,H,#A5AFB9,22,3.0,0,0,0.308,0,0,0,0,0.0,14
1,2023,2023111,12,Haas F1 Team,25,HUL,Nico Hulkenberg,27,#505050,56.0,666,84.434,84.434,0,0,84.43,0.008,-0.792,0.057,-0.821,25.0,-0.792,0.057,-0.821,25.0,-0.849,H,#A5AFB9,23,3.0,0,0,0.308,0,0,0,0,0.0,14
1,2023,2023111,12,Haas F1 Team,25,HUL,Nico Hulkenberg,27,#505050,57.0,667,84.501,84.501,0,0,84.468,0.067,-0.715,4.055,-2.743,25.0,-0.715,0.331,-0.881,25.0,-4.77,H,#A5AFB9,24,3.0,0,0,0.308,0,0,0,0,0.0,14
1,2023,2023111,12,Haas F1 Team,25,HUL,Nico Hulkenberg,27,#505050,58.0,668,84.804,84.804,0,0,84.652,0.303,-0.901,0.368,-1.085,25.0,-0.901,0.368,-1.085,25.0,-1.269,H,#A5AFB9,25,3.0,0,0,0.308,0,0,0,0,0.0,14
1,2023,2023111,12,Haas F1 Team,25,HUL,Nico Hulkenberg,27,#505050,59.0,669,84.371,84.371,0,0,84.588,0.433,-0.695,0.108,-0.749,25.0,-0.695,0.108,-0.749,25.0,-0.803,H,#A5AFB9,26,3.0,0,0,0.308,0,0,0,0,0.0,14
1,2023,2023111,12,Haas F1 Team,25,HUL,Nico Hulkenberg,27,#505050,60.0,670,84.499,84.499,0,0,84.435,0.128,-0.734,3.127,-2.298,25.0,-0.734,0.005,-0.736,25.0,-3.861,H,#A5AFB9,27,3.0,0,0,0.308,0,0,0,0,0.0,14
1,2023,2023111,12,Haas F1 Team,25,HUL,Nico Hulkenberg,27,#505050,61.0,671,84.756,84.756,0,0,84.628,0.257,-0.898,-0.227,-0.784,22.0,-0.898,-0.227,-0.784,22.0,-0.671,H,#A5AFB9,28,3.0,0,0,0.308,0,0,0,0,0.0,14
1,2023,2023111,12,Haas F1 Team,25,HUL,Nico Hulkenberg,27,#505050,62.0,672,86.349,84.992,1,0,84.874,1.593,-2.47,-1.855,-1.542,22.0,-1.113,-0.498,-0.864,22.0,-0.615,H,#A5AFB9,29,3.0,0,0,0.308,0,0,0,0,0.0,14
1,2023,2023111,12,Haas F1 Team,25,HUL,Nico Hulkenberg,27,#505050,63.0,673,85.228,85.228,0,0,85.11,1.121,-1.393,-0.790,-0.998,22.0,-1.393,-0.790,-0.998,22.0,-0.603,H,#A5AFB9,30,3.0,0,0,0.308,0,0,0,0,0.0,14
1,2023,2023111,12,Haas F1 Team,25,HUL,Nico Hulkenberg,27,#505050,64.0,674,86.48,85.758,1,0,85.493,1.252,-2.577,2.198,-3.676,25.0,-1.855,-0.822,-1.444,22.0,-4.775,H,#A5AFB9,31,3.0,0,0,0.308,0,0,0,0,0.0,14
1,2023,2023111,12,Haas F1 Team,25,HUL,Nico Hulkenberg,27,#505050,65.0,675,86.287,86.287,0,0,86.022,0.193,-2.337,-0.853,-1.911,22.0,-2.337,-0.853,-1.911,22.0,-1.484,H,#A5AFB9,32,3.0,0,0,0.308,0,0,0,0,0.0,14
1,2023,2023111,12,Haas F1 Team,25,HUL,Nico Hulkenberg,27,#505050,66.0,676,84.973,84.973,0,0,85.63,1.314,-1.189,2.558,-2.468,25.0,-1.189,0.171,-1.275,25.0,-3.747,H,#A5AFB9,33,3.0,0,0,0.308,0,0,0,0,0.0,14
1,2023,2023111,12,Haas F1 Team,25,HUL,Nico Hulkenberg,27,#505050,67.0,677,84.946,84.946,0,0,84.959,0.027,-1.312,-0.092,-1.266,22.0,-1.312,-0.092,-1.266,22.0,-1.22,H,#A5AFB9,34,3.0,0,0,0.308,0,0,0,0,0.0,14
1,2023,2023111,12,Haas F1 Team,25,HUL,Nico Hulkenberg,27,#505050,68.0,678,84.815,84.815,0,0,84.88,0.131,-1.184,0.150,-1.259,25.0,-1.184,0.150,-1.259,25.0,-1.334,H,#A5AFB9,35,3.0,0,0,0.308,0,0,0,0,0.0,14
1,2023,2023111,12,Haas F1 Team,25,HUL,Nico Hulkenberg,27,#505050,69.0,679,85.485,85.485,0,0,85.15,0.670,-1.33,-0.116,-1.272,22.0,-1.330,-0.116,-1.272,22.0,-1.214,H,#A5AFB9,36,3.0,0,0,0.308,0,0,0,0,0.0,14
1,2023,2023121,14,Haas F1 Team,22,MAG,Kevin Magnussen,20,#505050,1.0,681,-,-,0,1,-,-,-,-,-,-,-,-,-,-,,S,#CD3C3C,1,1.0,0,0,0.384,0,0,0,0,,18
1,2023,2023121,14,Haas F1 Team,22,MAG,Kevin Magnussen,20,#505050,2.0,682,-,-,0,1,-,-,-,-,-,-,-,-,-,-,,S,#CD3C3C,2,1.0,0,0,0.384,0,0,0,0,0.0,18
1,2023,2023121,14,Haas F1 Team,22,MAG,Kevin Magnussen,20,#505050,3.0,683,115.403,115.403,0,0,-,-,-,-,-,-,-,-,-,-,-1.095,S,#CD3C3C,3,1.0,0,1,0.384,0,0,0,0,0.0,18
1,2023,2023121,14,Haas F1 Team,22,MAG,Kevin Magnussen,20,#505050,4.0,684,114.635,114.635,0,0,115.019,0.768,-,-,-,-,-,-,-,-,-0.222,S,#CD3C3C,4,1.0,0,0,0.384,0,0,0,0,0.0,18
1,2023,2023121,14,Haas F1 Team,22,MAG,Kevin Magnussen,20,#505050,5.0,685,-,-,0,1,-,-,-,-,-,-,-,-,-,-,-0.885,S,#CD3C3C,5,1.0,1,0,0.384,0,0,0,0,0.0,18
1,2023,2023121,14,Haas F1 Team,22,MAG,Kevin Magnussen,20,#505050,6.0,686,-,-,0,1,-,-,-,-,-,-,-,-,-,-,-1.351,M,#F0E628,1,2.0,0,0,0.291,0,0,0,0,0.0,18
1,2023,2023121,14,Haas F1 Team,22,MAG,Kevin Magnussen,20,#505050,7.0,687,111.534,111.534,0,0,-,-,2.025,4.073,-0.011,22.0,2.025,4.073,-0.011,22.0,-2.048,M,#F0E628,2,2.0,0,0,0.291,0,0,0,0,1.0,15
1,2023,2023121,14,Haas F1 Team,22,MAG,Kevin Magnussen,20,#505050,8.0,688,112.645,112.645,0,0,112.09,1.111,0.645,2.096,-0.403,22.0,0.645,2.096,-0.403,22.0,-1.451,M,#F0E628,3,2.0,0,0,0.291,0,0,0,0,0.0,12
1,2023,2023121,14,Haas F1 Team,22,MAG,Kevin Magnussen,20,#505050,9.0,689,113.819,113.819,0,0,113.232,1.174,-0.554,1.541,-1.325,22.0,-0.554,1.541,-1.325,22.0,-2.095,M,#F0E628,4,2.0,0,0,0.291,0,0,0,0,-1.0,12
1,2023,2023121,14,Haas F1 Team,22,MAG,Kevin Magnussen,20,#505050,10.0,690,114.01,114.01,0,0,113.914,0.191,-0.691,0.645,-1.014,22.0,-0.691,0.645,-1.014,22.0,-1.336,M,#F0E628,5,2.0,0,0,0.291,0,0,0,0,-1.0,13
1,2023,2023121,14,Haas F1 Team,22,MAG,Kevin Magnussen,20,#505050,11.0,691,113.589,113.589,0,0,113.8,0.421,-0.128,0.673,-0.465,22.0,-0.128,0.673,-0.465,22.0,-0.801,M,#F0E628,6,2.0,0,0,0.291,0,0,0,0,0.0,13
1,2023,2023121,14,Haas F1 Team,22,MAG,Kevin Magnussen,20,#505050,12.0,692,113.828,113.828,0,0,113.708,0.239,-0.267,-,-,-,-0.267,-,-,-,,M,#F0E628,7,2.0,0,0,0.291,0,0,0,0,0.0,13
1,2023,2023121,14,Haas F1 Team,22,MAG,Kevin Magnussen,20,#505050,13.0,693,114.086,114.086,0,0,113.957,0.258,-0.31,-,-,-,-0.310,-,-,-,,M,#F0E628,8,2.0,0,0,0.291,0,0,0,0,0.0,12
1,2023,2023121,14,Haas F1 Team,22,MAG,Kevin Magnussen,20,#505050,14.0,694,114.434,114.434,0,0,114.26,0.348,-0.659,-2.086,0.384,25.0,-0.659,-2.086,0.384,25.0,1.427,M,#F0E628,9,2.0,0,0,0.291,0,0,0,0,0.0,12
1,2023,2023121,14,Haas F1 Team,22,MAG,Kevin Magnussen,20,#505050,15.0,695,115.185,115.185,0,0,114.81,0.751,-1.173,0.401,-1.373,22.0,-1.173,-2.056,-0.145,25.0,-1.574,M,#F0E628,10,2.0,0,1,0.291,0,0,0,0,0.0,12
1,2023,2023121,14,Haas F1 Team,22,MAG,Kevin Magnussen,20,#505050,16.0,696,114.434,114.434,0,0,114.81,0.751,-0.572,-0.524,-0.310,25.0,-0.572,-0.524,-0.310,25.0,-0.048,M,#F0E628,11,2.0,0,0,0.291,0,0,0,0,0.0,12
1,2023,2023121,14,Haas F1 Team,22,MAG,Kevin Magnussen,20,#505050,17.0,697,114.689,114.689,0,0,114.562,0.255,-0.723,0.163,-0.804,22.0,-0.723,0.163,-0.804,22.0,-0.886,M,#F0E628,12,2.0,0,0,0.291,0,0,0,0,0.0,12
1,2023,2023121,14,Haas F1 Team,22,MAG,Kevin Magnussen,20,#505050,18.0,698,114.812,114.812,0,0,114.75,0.123,-0.651,-1.875,0.286,25.0,-0.651,-1.875,0.286,25.0,1.224,M,#F0E628,13,2.0,0,0,0.291,0,0,0,0,0.0,12
1,2023,2023121,14,Haas F1 Team,22,MAG,Kevin Magnussen,20,#505050,19.0,699,114.843,114.843,0,0,114.828,0.031,-0.34,-1.100,0.210,25.0,-0.340,-1.100,0.210,25.0,0.76,M,#F0E628,14,2.0,0,0,0.291,0,0,0,0,0.0,12
1,2023,2023121,14,Haas F1 Team,22,MAG,Kevin Magnussen,20,#505050,20.0,700,115.621,115.621,0,0,115.232,0.778,-0.252,-1.228,0.362,25.0,-0.252,-1.228,0.362,25.0,0.976,M,#F0E628,15,2.0,0,0,0.291,0,0,0,0,0.0,12
1,2023,2023121,14,Haas F1 Team,22,MAG,Kevin Magnussen,20,#505050,21.0,701,116.026,116.026,0,0,115.824,0.405,-0.038,-1.335,0.629,25.0,-0.038,-1.335,0.629,25.0,1.297,M,#F0E628,16,2.0,0,0,0.291,0,0,0,0,0.0,11
1,2023,2023121,14,Haas F1 Team,22,MAG,Kevin Magnussen,20,#505050,22.0,702,116.72,116.72,0,0,116.373,0.694,-0.665,1.080,-1.205,22.0,-0.665,-2.729,0.700,25.0,-1.745,M,#F0E628,17,2.0,0,0,0.291,0,0,0,0,0.0,11
1,2023,2023121,14,Haas F1 Team,22,MAG,Kevin Magnussen,20,#505050,23.0,703,114.764,114.764,0,0,115.742,1.956,-0.952,-1.472,-0.216,25.0,-0.952,-1.472,-0.216,25.0,0.52,M,#F0E628,18,2.0,0,0,0.291,0,0,0,0,0.0,9
1,2023,2023121,14,Haas F1 Team,22,MAG,Kevin Magnussen,20,#505050,24.0,704,114.351,114.351,0,0,114.558,0.413,-1.991,-,-,-,-1.991,-,-,-,,M,#F0E628,19,2.0,0,0,0.291,0,0,0,0,0.0,8
1,2023,2023121,14,Haas F1 Team,22,MAG,Kevin Magnussen,20,#505050,25.0,705,-,-,0,1,-,-,-,-,-,-,-,-,-,-,,M,#F0E628,20,2.0,1,0,0.291,0,0,0,0,0.0,9
1,2023,2023121,14,Haas F1 Team,22,MAG,Kevin Magnussen,20,#505050,26.0,706,-,-,0,1,-,-,-,-,-,-,-,-,-,-,1.48,M,#F0E628,1,3.0,0,0,0.223,0,0,0,0,0.0,14
1,2023,2023121,14,Haas F1 Team,22,MAG,Kevin Magnussen,20,#505050,27.0,707,110.993,110.993,0,0,-,-,0.501,0.232,0.385,22.0,0.501,0.232,0.385,22.0,0.269,M,#F0E628,2,3.0,0,0,0.223,0,0,0,0,0.0,14
1,2023,2023121,14,Haas F1 Team,22,MAG,Kevin Magnussen,20,#505050,28.0,708,111.362,111.362,0,0,111.178,0.369,0.397,0.183,0.305,22.0,0.397,0.183,0.305,22.0,0.214,M,#F0E628,3,3.0,0,0,0.223,0,0,0,0,0.0,14
1,2023,2023121,14,Haas F1 Team,22,MAG,Kevin Magnussen,20,#505050,29.0,709,111.804,111.804,0,0,111.583,0.442,0.031,0.040,0.011,22.0,0.031,0.040,0.011,22.0,-0.009,M,#F0E628,4,3.0,0,0,0.223,0,0,0,0,0.0,14
1,2023,2023121,14,Haas F1 Team,22,MAG,Kevin Magnussen,20,#505050,30.0,710,112.039,112.039,0,0,111.922,0.235,-0.016,0.456,-0.244,22.0,-0.016,0.456,-0.244,22.0,-0.472,M,#F0E628,5,3.0,0,0,0.223,0,0,0,0,0.0,14
1,2023,2023121,14,Haas F1 Team,22,MAG,Kevin Magnussen,20,#505050,31.0,711,112.541,112.541,0,0,112.29,0.502,-0.539,0.047,-0.562,22.0,-0.539,0.047,-0.562,22.0,-0.586,M,#F0E628,6,3.0,0,0,0.223,0,0,0,0,0.0,14
1,2023,2023121,14,Haas F1 Team,22,MAG,Kevin Magnussen,20,#505050,32.0,712,112.826,112.826,0,0,112.684,0.285,-0.815,-0.494,-0.568,25.0,-0.815,-0.494,-0.568,25.0,-0.321,M,#F0E628,7,3.0,0,0,0.223,0,0,0,0,0.0,14
1,2023,2023121,14,Haas F1 Team,22,MAG,Kevin Magnussen,20,#505050,33.0,713,112.814,112.814,0,0,112.82,0.012,-0.886,-0.213,-0.780,25.0,-0.886,-0.213,-0.780,25.0,-0.673,M,#F0E628,8,3.0,0,0,0.223,0,0,0,0,0.0,13
1,2023,2023121,14,Haas F1 Team,22,MAG,Kevin Magnussen,20,#505050,34.0,714,112.789,112.789,0,0,112.802,0.025,-0.802,0.267,-0.935,22.0,-0.802,0.267,-0.935,22.0,-1.069,M,#F0E628,9,3.0,0,0,0.223,0,0,0,0,0.0,13
1,2023,2023121,14,Haas F1 Team,22,MAG,Kevin Magnussen,20,#505050,35.0,715,113.23,113.23,0,0,113.01,0.441,-1.26,0.446,-1.483,22.0,-1.260,0.446,-1.483,22.0,-1.706,M,#F0E628,10,3.0,0,1,0.223,0,0,0,0,0.0,13
1,2023,2023121,14,Haas F1 Team,22,MAG,Kevin Magnussen,20,#505050,36.0,716,113.437,113.437,0,0,113.334,0.207,-1.462,-0.036,-1.444,25.0,-1.462,-0.036,-1.444,25.0,-1.426,M,#F0E628,11,3.0,0,0,0.223,0,0,0,0,0.0,13
1,2023,2023121,14,Haas F1 Team,22,MAG,Kevin Magnussen,20,#505050,37.0,717,113.413,113.413,0,0,113.425,0.024,-1.49,-0.394,-1.293,25.0,-1.490,-0.394,-1.293,25.0,-1.096,M,#F0E628,12,3.0,0,0,0.223,0,0,0,0,0.0,13
1,2023,2023121,14,Haas F1 Team,22,MAG,Kevin Magnussen,20,#505050,38.0,718,113.103,113.103,0,0,113.258,0.310,-1.121,0.518,-1.380,22.0,-1.121,0.518,-1.380,22.0,-1.639,M,#F0E628,13,3.0,0,0,0.223,0,0,0,0,0.0,13
1,2023,2023121,14,Haas F1 Team,22,MAG,Kevin Magnussen,20,#505050,39.0,719,113.436,113.436,0,0,113.27,0.333,-1.285,0.086,-1.328,22.0,-1.285,0.086,-1.328,22.0,-1.371,M,#F0E628,14,3.0,0,0,0.223,0,0,0,0,0.0,13
1,2023,2023121,14,Haas F1 Team,22,MAG,Kevin Magnussen,20,#505050,40.0,720,113.598,113.598,0,0,113.517,0.162,-1.362,1.662,-2.193,22.0,-1.362,0.086,-1.405,22.0,-3.024,M,#F0E628,15,3.0,0,0,0.223,0,0,0,0,0.0,13
1,2023,2023121,14,Haas F1 Team,22,MAG,Kevin Magnussen,20,#505050,41.0,721,113.446,113.446,0,0,113.522,0.152,-1.394,0.399,-1.593,22.0,-1.394,0.399,-1.593,22.0,-1.793,M,#F0E628,16,3.0,0,0,0.223,0,0,0,0,0.0,13
1,2023,2023121,14,Haas F1 Team,22,MAG,Kevin Magnussen,20,#505050,42.0,722,115.236,113.698,1,0,113.572,1.790,-3.085,1.751,-3.961,22.0,-1.547,0.882,-1.988,22.0,-4.836,M,#F0E628,17,3.0,0,0,0.223,0,0,0,0,-2.0,15
1,2023,2023121,14,Haas F1 Team,22,MAG,Kevin Magnussen,20,#505050,43.0,723,113.95,113.95,0,0,113.824,1.286,-1.773,1.364,-2.455,22.0,-1.773,1.364,-2.455,22.0,-3.137,M,#F0E628,18,3.0,0,0,0.223,0,0,0,0,0.0,15
1,2023,2023121,14,Haas F1 Team,22,MAG,Kevin Magnussen,20,#505050,44.0,724,113.438,113.438,0,0,113.694,0.512,-1.316,1.407,-2.019,22.0,-1.316,1.407,-2.019,22.0,-2.723,M,#F0E628,19,3.0,0,0,0.223,0,0,0,0,0.0,15
1,2023,2023121,14,Haas F1 Team,25,HUL,Nico Hulkenberg,27,#505050,1.0,681,-,-,0,1,-,-,-,-,-,-,-,-,-,-,,M,#F0E628,1,2.0,0,0,0.302,0,0,0,0,,17
1,2023,2023121,14,Haas F1 Team,25,HUL,Nico Hulkenberg,27,#505050,2.0,682,-,-,0,1,-,-,-,-,-,-,-,-,-,-,,M,#F0E628,2,2.0,0,0,0.302,0,0,0,0,0.0,17
1,2023,2023121,14,Haas F1 Team,25,HUL,Nico Hulkenberg,27,#505050,3.0,683,115.176,115.176,0,0,-,-,-1.095,-,-,-,-1.095,-,-,-,,M,#F0E628,3,2.0,0,0,0.302,0,0,0,0,0.0,17
1,2023,2023121,14,Haas F1 Team,25,HUL,Nico Hulkenberg,27,#505050,4.0,684,114.581,114.581,0,0,114.878,0.595,-0.222,-,-,-,-0.222,-,-,-,,M,#F0E628,4,2.0,0,0,0.302,0,0,0,0,0.0,17
1,2023,2023121,14,Haas F1 Team,25,HUL,Nico Hulkenberg,27,#505050,5.0,685,115.53,115.53,0,0,115.056,0.949,-0.885,-,-,-,-0.885,-,-,-,,M,#F0E628,5,2.0,0,0,0.302,0,0,0,0,0.0,16
1,2023,2023121,14,Haas F1 Team,25,HUL,Nico Hulkenberg,27,#505050,6.0,686,115.923,115.923,0,0,115.726,0.393,-1.351,-,-,-,-1.351,-,-,-,,M,#F0E628,6,2.0,0,0,0.302,0,0,0,0,0.0,14
1,2023,2023121,14,Haas F1 Team,25,HUL,Nico Hulkenberg,27,#505050,7.0,687,115.607,115.607,0,0,115.765,0.316,-2.048,4.073,-0.011,22.0,-2.048,4.073,-0.011,22.0,2.025,M,#F0E628,7,2.0,0,1,0.302,0,0,0,0,0.0,12
1,2023,2023121,14,Haas F1 Team,25,HUL,Nico Hulkenberg,27,#505050,8.0,688,114.741,114.741,0,0,115.174,0.866,-1.451,2.096,-0.403,22.0,-1.451,2.096,-0.403,22.0,0.645,M,#F0E628,8,2.0,0,0,0.302,0,0,0,0,0.0,10
1,2023,2023121,14,Haas F1 Team,25,HUL,Nico Hulkenberg,27,#505050,9.0,689,115.36,115.36,0,0,115.05,0.619,-2.095,1.541,-1.325,22.0,-2.095,1.541,-1.325,22.0,-0.554,M,#F0E628,9,2.0,0,0,0.302,0,0,0,0,0.0,10
1,2023,2023121,14,Haas F1 Team,25,HUL,Nico Hulkenberg,27,#505050,10.0,690,114.655,114.655,0,0,115.008,0.705,-1.336,0.645,-1.014,22.0,-1.336,0.645,-1.014,22.0,-0.691,M,#F0E628,10,2.0,0,0,0.302,0,0,0,0,0.0,9
1,2023,2023121,14,Haas F1 Team,25,HUL,Nico Hulkenberg,27,#505050,11.0,691,114.262,114.262,0,0,114.458,0.393,-0.801,0.673,-0.465,22.0,-0.801,0.673,-0.465,22.0,-0.128,M,#F0E628,11,2.0,0,0,0.302,0,0,0,0,0.0,8
1,2023,2023121,14,Haas F1 Team,25,HUL,Nico Hulkenberg,27,#505050,12.0,692,-,-,0,1,-,-,-,-,-,-,-,-,-,-,-0.267,M,#F0E628,12,2.0,1,0,0.302,0,0,0,0,0.0,12
1,2023,2023121,14,Haas F1 Team,25,HUL,Nico Hulkenberg,27,#505050,13.0,693,-,-,0,1,-,-,-,-,-,-,-,-,-,-,-0.31,S,#CD3C3C,1,3.0,0,0,1.039,0,0,0,0,0.0,19
1,2023,2023121,14,Haas F1 Team,25,HUL,Nico Hulkenberg,27,#505050,14.0,694,112.348,112.348,0,0,-,-,1.427,-2.086,0.384,25.0,1.427,-2.086,0.384,25.0,-0.659,S,#CD3C3C,2,3.0,0,0,1.039,0,0,0,0,0.0,19
1,2023,2023121,14,Haas F1 Team,25,HUL,Nico Hulkenberg,27,#505050,15.0,695,115.586,113.129,1,0,112.738,3.238,-1.574,0.401,-1.373,22.0,0.883,-2.056,-0.145,25.0,-1.173,S,#CD3C3C,3,3.0,0,0,1.039,0,0,0,0,0.0,19
1,2023,2023121,14,Haas F1 Team,25,HUL,Nico Hulkenberg,27,#505050,16.0,696,113.91,113.91,0,0,113.52,1.676,-0.048,-0.524,-0.310,25.0,-0.048,-0.524,-0.310,25.0,-0.572,S,#CD3C3C,4,3.0,0,0,1.039,0,0,0,0,1.0,18
1,2023,2023121,14,Haas F1 Team,25,HUL,Nico Hulkenberg,27,#505050,17.0,697,114.852,114.852,0,0,114.381,0.942,-0.886,0.163,-0.804,22.0,-0.886,0.163,-0.804,22.0,-0.723,S,#CD3C3C,5,3.0,0,0,1.039,0,0,0,0,0.0,18
1,2023,2023121,14,Haas F1 Team,25,HUL,Nico Hulkenberg,27,#505050,18.0,698,112.937,112.937,0,0,113.894,1.915,1.224,-1.875,0.286,25.0,1.224,-1.875,0.286,25.0,-0.651,S,#CD3C3C,6,3.0,0,1,1.039,0,0,0,0,1.0,16
1,2023,2023121,14,Haas F1 Team,25,HUL,Nico Hulkenberg,27,#505050,19.0,699,113.743,113.743,0,0,113.34,0.806,0.76,-1.100,0.210,25.0,0.760,-1.100,0.210,25.0,-0.34,S,#CD3C3C,7,3.0,0,0,1.039,0,0,0,0,0.0,16
1,2023,2023121,14,Haas F1 Team,25,HUL,Nico Hulkenberg,27,#505050,20.0,700,114.393,114.393,0,0,114.068,0.650,0.976,-1.228,0.362,25.0,0.976,-1.228,0.362,25.0,-0.252,S,#CD3C3C,8,3.0,0,0,1.039,0,0,0,0,0.0,16
1,2023,2023121,14,Haas F1 Team,25,HUL,Nico Hulkenberg,27,#505050,21.0,701,114.691,114.691,0,0,114.542,0.298,1.297,-1.335,0.629,25.0,1.297,-1.335,0.629,25.0,-0.038,S,#CD3C3C,9,3.0,0,0,1.039,0,0,0,0,0.0,15
1,2023,2023121,14,Haas F1 Team,25,HUL,Nico Hulkenberg,27,#505050,22.0,702,117.8,113.992,1,0,114.341,3.109,-1.745,1.080,-1.205,22.0,2.064,-2.729,0.700,25.0,-0.665,S,#CD3C3C,10,3.0,0,0,1.039,0,0,0,0,0.0,14
1,2023,2023121,14,Haas F1 Team,25,HUL,Nico Hulkenberg,27,#505050,23.0,703,113.292,113.292,0,0,113.642,4.508,0.52,-1.472,-0.216,25.0,0.520,-1.472,-0.216,25.0,-0.952,S,#CD3C3C,11,3.0,0,0,1.039,0,0,0,0,1.0,12
1,2023,2023121,14,Haas F1 Team,25,HUL,Nico Hulkenberg,27,#505050,24.0,704,-,-,0,1,-,-,-,-,-,-,-,-,-,-,-1.991,S,#CD3C3C,12,3.0,1,0,1.039,0,0,0,0,0.0,13
1,2023,2023121,14,Haas F1 Team,25,HUL,Nico Hulkenberg,27,#505050,25.0,705,-,-,0,1,-,-,-,-,-,-,-,-,-,-,,S,#CD3C3C,1,4.0,0,0,0.441,0,0,0,0,0.0,17
1,2023,2023121,14,Haas F1 Team,25,HUL,Nico Hulkenberg,27,#505050,26.0,706,109.907,109.907,0,0,-,-,1.48,-,-,-,1.480,-,-,-,,S,#CD3C3C,2,4.0,0,0,0.441,0,0,0,0,1.0,15
1,2023,2023121,14,Haas F1 Team,25,HUL,Nico Hulkenberg,27,#505050,27.0,707,111.225,111.225,0,0,110.566,1.318,0.269,0.232,0.385,22.0,0.269,0.232,0.385,22.0,0.501,S,#CD3C3C,3,4.0,0,0,0.441,0,0,0,0,0.0,15
1,2023,2023121,14,Haas F1 Team,25,HUL,Nico Hulkenberg,27,#505050,28.0,708,111.545,111.545,0,0,111.385,0.320,0.214,0.183,0.305,22.0,0.214,0.183,0.305,22.0,0.397,S,#CD3C3C,4,4.0,0,0,0.441,0,0,0,0,0.0,15
1,2023,2023121,14,Haas F1 Team,25,HUL,Nico Hulkenberg,27,#505050,29.0,709,111.844,111.844,0,0,111.694,0.299,-0.009,0.040,0.011,22.0,-0.009,0.040,0.011,22.0,0.031,S,#CD3C3C,5,4.0,0,0,0.441,0,0,0,0,0.0,15
1,2023,2023121,14,Haas F1 Team,25,HUL,Nico Hulkenberg,27,#505050,30.0,710,112.495,112.495,0,0,112.17,0.651,-0.472,0.456,-0.244,22.0,-0.472,0.456,-0.244,22.0,-0.016,S,#CD3C3C,6,4.0,0,0,0.441,0,0,0,0,0.0,15
1,2023,2023121,14,Haas F1 Team,25,HUL,Nico Hulkenberg,27,#505050,31.0,711,112.588,112.588,0,0,112.542,0.093,-0.586,0.047,-0.562,22.0,-0.586,0.047,-0.562,22.0,-0.539,S,#CD3C3C,7,4.0,0,0,0.441,0,0,0,0,0.0,15
1,2023,2023121,14,Haas F1 Team,25,HUL,Nico Hulkenberg,27,#505050,32.0,712,112.332,112.332,0,0,112.46,0.256,-0.321,-0.494,-0.568,25.0,-0.321,-0.494,-0.568,25.0,-0.815,S,#CD3C3C,8,4.0,0,0,0.441,0,0,0,0,0.0,15
1,2023,2023121,14,Haas F1 Team,25,HUL,Nico Hulkenberg,27,#505050,33.0,713,112.601,112.601,0,0,112.466,0.269,-0.673,-0.213,-0.780,25.0,-0.673,-0.213,-0.780,25.0,-0.886,S,#CD3C3C,9,4.0,0,0,0.441,0,0,0,0,0.0,14
1,2023,2023121,14,Haas F1 Team,25,HUL,Nico Hulkenberg,27,#505050,34.0,714,113.056,113.056,0,0,112.828,0.455,-1.069,0.267,-0.935,22.0,-1.069,0.267,-0.935,22.0,-0.802,S,#CD3C3C,10,4.0,0,0,0.441,0,0,0,0,0.0,14
1,2023,2023121,14,Haas F1 Team,25,HUL,Nico Hulkenberg,27,#505050,35.0,715,113.676,113.676,0,0,113.366,0.620,-1.706,0.446,-1.483,22.0,-1.706,0.446,-1.483,22.0,-1.26,S,#CD3C3C,11,4.0,0,1,0.441,0,0,0,0,0.0,14
1,2023,2023121,14,Haas F1 Team,25,HUL,Nico Hulkenberg,27,#505050,36.0,716,113.401,113.401,0,0,113.538,0.275,-1.426,-0.036,-1.444,25.0,-1.426,-0.036,-1.444,25.0,-1.462,S,#CD3C3C,12,4.0,0,0,0.441,0,0,0,0,0.0,14
1,2023,2023121,14,Haas F1 Team,25,HUL,Nico Hulkenberg,27,#505050,37.0,717,113.019,113.019,0,0,113.21,0.382,-1.096,-0.394,-1.293,25.0,-1.096,-0.394,-1.293,25.0,-1.49,S,#CD3C3C,13,4.0,0,0,0.441,0,0,0,0,0.0,14
1,2023,2023121,14,Haas F1 Team,25,HUL,Nico Hulkenberg,27,#505050,38.0,718,113.621,113.621,0,0,113.32,0.602,-1.639,0.518,-1.380,22.0,-1.639,0.518,-1.380,22.0,-1.121,S,#CD3C3C,14,4.0,0,0,0.441,0,0,0,0,0.0,14
1,2023,2023121,14,Haas F1 Team,25,HUL,Nico Hulkenberg,27,#505050,39.0,719,113.522,113.522,0,0,113.572,0.099,-1.371,0.086,-1.328,22.0,-1.371,0.086,-1.328,22.0,-1.285,S,#CD3C3C,15,4.0,0,0,0.441,0,0,0,0,0.0,14
1,2023,2023121,14,Haas F1 Team,25,HUL,Nico Hulkenberg,27,#505050,40.0,720,115.26,113.684,1,0,113.603,1.738,-3.024,1.662,-2.193,22.0,-1.448,0.086,-1.405,22.0,-1.362,S,#CD3C3C,16,4.0,0,0,0.441,0,0,0,0,-2.0,16
1,2023,2023121,14,Haas F1 Team,25,HUL,Nico Hulkenberg,27,#505050,41.0,721,113.845,113.845,0,0,113.764,1.415,-1.793,0.399,-1.593,22.0,-1.793,0.399,-1.593,22.0,-1.394,S,#CD3C3C,17,4.0,0,0,0.441,0,0,0,0,0.0,16
1,2023,2023121,14,Haas F1 Team,25,HUL,Nico Hulkenberg,27,#505050,42.0,722,116.987,114.58,1,0,114.212,3.142,-4.836,1.751,-3.961,22.0,-2.429,0.882,-1.988,22.0,-3.085,S,#CD3C3C,18,4.0,0,0,0.441,0,0,0,0,-1.0,17
1,2023,2023121,14,Haas F1 Team,25,HUL,Nico Hulkenberg,27,#505050,43.0,723,115.314,115.314,0,0,114.947,1.673,-3.137,1.364,-2.455,22.0,-3.137,1.364,-2.455,22.0,-1.773,S,#CD3C3C,19,4.0,0,0,0.441,0,0,0,0,-1.0,18
1,2023,2023121,14,Haas F1 Team,25,HUL,Nico Hulkenberg,27,#505050,44.0,724,114.845,114.845,0,0,115.08,0.469,-2.723,1.407,-2.019,22.0,-2.723,1.407,-2.019,22.0,-1.316,S,#CD3C3C,20,4.0,0,0,0.441,0,0,0,0,0.0,18
1,2023,2023131,15,Haas F1 Team,22,MAG,Kevin Magnussen,20,#505050,1.0,725,-,-,0,1,-,-,-,-,-,-,-,-,-,-,,S,#CD3C3C,1,2.0,1,0,-,0,0,0,0,,20
1,2023,2023131,15,Haas F1 Team,22,MAG,Kevin Magnussen,20,#505050,2.0,726,-,-,0,1,-,-,-,-,-,-,-,-,-,-,,I,#50A078,1,3.0,0,0,0.695,0,0,0,0,0.0,19
1,2023,2023131,15,Haas F1 Team,22,MAG,Kevin Magnussen,20,#505050,3.0,727,88.198,88.198,0,0,-,-,12.039,23.994,0.042,22.0,12.039,23.994,0.042,22.0,-11.955,I,#50A078,2,3.0,0,0,0.695,0,0,0,0,4.0,13
1,2023,2023131,15,Haas F1 Team,22,MAG,Kevin Magnussen,20,#505050,4.0,728,87.297,87.297,0,0,87.748,0.901,5.88,21.156,-4.698,22.0,5.880,21.156,-4.698,22.0,-15.276,I,#50A078,3,3.0,0,0,0.695,0,0,0,0,2.0,9
1,2023,2023131,15,Haas F1 Team,22,MAG,Kevin Magnussen,20,#505050,5.0,729,84.267,84.267,0,0,85.782,3.030,4.631,15.339,-3.038,22.0,4.631,15.339,-3.038,22.0,-10.708,I,#50A078,4,3.0,0,1,0.695,0,0,0,0,0.0,9
1,2023,2023131,15,Haas F1 Team,22,MAG,Kevin Magnussen,20,#505050,6.0,730,85.666,85.666,0,0,84.966,1.399,1.102,6.782,-2.289,22.0,1.102,6.782,-2.289,22.0,-5.68,I,#50A078,5,3.0,0,0,0.695,0,0,0,0,0.0,9
1,2023,2023131,15,Haas F1 Team,22,MAG,Kevin Magnussen,20,#505050,7.0,731,86.119,86.119,0,0,85.892,0.453,-0.636,1.642,-1.457,22.0,-0.636,1.642,-1.457,22.0,-2.278,I,#50A078,6,3.0,0,0,0.695,0,0,0,0,0.0,9
1,2023,2023131,15,Haas F1 Team,22,MAG,Kevin Magnussen,20,#505050,8.0,732,84.956,84.956,0,0,85.538,1.163,-0.329,0.313,-0.485,22.0,-0.329,0.313,-0.485,22.0,-0.642,I,#50A078,7,3.0,0,0,0.695,0,0,0,0,0.0,9
1,2023,2023131,15,Haas F1 Team,22,MAG,Kevin Magnussen,20,#505050,9.0,733,-,-,0,1,-,-,-,-,-,-,-,-,-,-,1.304,I,#50A078,8,3.0,1,0,0.695,0,0,0,0,0.0,10
1,2023,2023131,15,Haas F1 Team,22,MAG,Kevin Magnussen,20,#505050,10.0,734,-,-,0,1,-,-,-,-,-,-,-,-,-,-,2.849,S,#CD3C3C,1,4.0,0,0,0.239,0,0,0,0,0.0,12
1,2023,2023131,15,Haas F1 Team,22,MAG,Kevin Magnussen,20,#505050,11.0,735,80.178,80.178,0,0,-,-,-0.646,-1.782,0.245,25.0,-0.646,-1.782,0.245,25.0,1.136,S,#CD3C3C,2,4.0,0,0,0.239,0,0,0,0,0.0,8
1,2023,2023131,15,Haas F1 Team,22,MAG,Kevin Magnussen,20,#505050,12.0,736,78.419,78.419,0,0,79.298,1.759,-0.34,-0.813,0.066,25.0,-0.340,-0.813,0.066,25.0,0.473,S,#CD3C3C,3,4.0,0,0,0.239,0,0,0,0,0.0,7
1,2023,2023131,15,Haas F1 Team,22,MAG,Kevin Magnussen,20,#505050,13.0,737,77.963,77.963,0,0,78.191,0.456,-0.445,-0.322,-0.284,25.0,-0.445,-0.322,-0.284,25.0,-0.123,S,#CD3C3C,4,4.0,0,0,0.239,0,0,0,0,0.0,7
1,2023,2023131,15,Haas F1 Team,22,MAG,Kevin Magnussen,20,#505050,14.0,738,77.757,77.757,0,0,77.86,0.206,-0.413,0.081,-0.454,22.0,-0.413,0.081,-0.454,22.0,-0.494,S,#CD3C3C,5,4.0,0,0,0.239,0,0,0,0,0.0,7
1,2023,2023131,15,Haas F1 Team,22,MAG,Kevin Magnussen,20,#505050,15.0,739,78.345,78.345,0,0,78.051,0.588,-0.92,-1.055,-0.393,25.0,-0.920,-1.055,-0.393,25.0,0.135,S,#CD3C3C,6,4.0,0,0,0.239,0,0,0,0,0.0,7
1,2023,2023131,15,Haas F1 Team,22,MAG,Kevin Magnussen,20,#505050,16.0,740,-,-,0,1,-,-,-,-,-,-,-,-,-,-,,S,#CD3C3C,7,4.0,0,0,0.239,0,1,0,0,0.0,7
1,2023,2023131,15,Haas F1 Team,22,MAG,Kevin Magnussen,20,#505050,17.0,741,-,-,0,1,-,-,-,-,-,-,-,-,-,-,,S,#CD3C3C,8,4.0,0,0,0.239,0,0,0,0,0.0,7
1,2023,2023131,15,Haas F1 Team,22,MAG,Kevin Magnussen,20,#505050,18.0,742,-,-,0,1,-,-,-,-,-,-,-,-,-,-,,S,#CD3C3C,9,4.0,0,0,0.239,0,0,0,0,0.0,7
1,2023,2023131,15,Haas F1 Team,22,MAG,Kevin Magnussen,20,#505050,19.0,743,-,-,0,1,-,-,-,-,-,-,-,-,-,-,,S,#CD3C3C,10,4.0,0,0,0.239,0,0,0,0,0.0,7
1,2023,2023131,15,Haas F1 Team,22,MAG,Kevin Magnussen,20,#505050,20.0,744,-,-,0,1,-,-,-,-,-,-,-,-,-,-,,S,#CD3C3C,11,4.0,0,0,0.239,0,0,0,0,0.0,7
1,2023,2023131,15,Haas F1 Team,22,MAG,Kevin Magnussen,20,#505050,21.0,745,-,-,0,1,-,-,-,-,-,-,-,-,-,-,,S,#CD3C3C,12,4.0,0,0,0.239,1,0,0,0,0.0,7
1,2023,2023131,15,Haas F1 Team,22,MAG,Kevin Magnussen,20,#505050,22.0,746,-,-,0,1,-,-,-,-,-,-,-,-,-,-,,S,#CD3C3C,13,4.0,0,0,0.239,0,0,0,0,0.0,7
1,2023,2023131,15,Haas F1 Team,22,MAG,Kevin Magnussen,20,#505050,23.0,747,78.352,78.352,0,0,-,-,-0.736,-0.290,-0.591,25.0,-0.736,-0.290,-0.591,25.0,-0.446,S,#CD3C3C,14,4.0,0,0,0.239,0,0,0,0,-1.0,8
1,2023,2023131,15,Haas F1 Team,22,MAG,Kevin Magnussen,20,#505050,24.0,748,77.864,77.864,0,0,78.108,0.488,-0.779,-0.483,-0.537,25.0,-0.779,-0.483,-0.537,25.0,-0.296,S,#CD3C3C,15,4.0,0,0,0.239,0,0,0,0,-1.0,9
1,2023,2023131,15,Haas F1 Team,22,MAG,Kevin Magnussen,20,#505050,25.0,749,77.349,77.349,0,0,77.607,0.515,-0.306,0.244,-0.428,22.0,-0.306,0.244,-0.428,22.0,-0.55,S,#CD3C3C,16,4.0,0,0,0.239,0,0,0,0,0.0,9
1,2023,2023131,15,Haas F1 Team,22,MAG,Kevin Magnussen,20,#505050,26.0,750,77.0,77.0,0,0,77.174,0.349,-0.089,1.076,-0.627,22.0,-0.089,0.391,-0.284,22.0,-1.165,S,#CD3C3C,17,4.0,0,1,0.239,0,0,0,0,0.0,9
1,2023,2023131,15,Haas F1 Team,22,MAG,Kevin Magnussen,20,#505050,27.0,751,77.733,77.733,0,0,77.366,0.733,-0.828,-0.545,-0.555,25.0,-0.828,-0.545,-0.555,25.0,-0.283,S,#CD3C3C,18,4.0,0,0,0.239,0,0,0,0,-1.0,10
1,2023,2023131,15,Haas F1 Team,22,MAG,Kevin Magnussen,20,#505050,28.0,752,78.175,78.175,0,0,77.954,0.442,-1.324,-0.626,-1.011,25.0,-1.324,-0.626,-1.011,25.0,-0.698,S,#CD3C3C,19,4.0,0,0,0.239,0,0,0,0,-2.0,12
1,2023,2023131,15,Haas F1 Team,22,MAG,Kevin Magnussen,20,#505050,29.0,753,78.122,78.122,0,0,78.148,0.053,-1.358,-0.825,-0.946,25.0,-1.358,-0.825,-0.946,25.0,-0.533,S,#CD3C3C,20,4.0,0,0,0.239,0,0,0,0,0.0,12
1,2023,2023131,15,Haas F1 Team,22,MAG,Kevin Magnussen,20,#505050,30.0,754,77.292,77.292,0,0,77.707,0.830,-0.569,-0.285,-0.426,25.0,-0.569,-0.285,-0.426,25.0,-0.284,S,#CD3C3C,21,4.0,0,0,0.239,0,0,0,0,-1.0,13
1,2023,2023131,15,Haas F1 Team,22,MAG,Kevin Magnussen,20,#505050,31.0,755,77.457,77.457,0,0,77.374,0.165,-0.627,0.057,-0.655,22.0,-0.627,-0.483,-0.386,25.0,-0.684,S,#CD3C3C,22,4.0,0,0,0.239,0,0,0,0,0.0,13
1,2023,2023131,15,Haas F1 Team,22,MAG,Kevin Magnussen,20,#505050,32.0,756,76.962,76.962,0,0,77.209,0.495,-0.234,-0.021,-0.224,25.0,-0.234,-0.021,-0.224,25.0,-0.213,S,#CD3C3C,23,4.0,0,0,0.239,0,0,0,0,0.0,13
1,2023,2023131,15,Haas F1 Team,22,MAG,Kevin Magnussen,20,#505050,33.0,757,77.035,77.035,0,0,76.998,0.073,-0.397,-0.187,-0.303,25.0,-0.397,-0.187,-0.303,25.0,-0.21,S,#CD3C3C,24,4.0,0,0,0.239,0,0,0,0,0.0,13
1,2023,2023131,15,Haas F1 Team,22,MAG,Kevin Magnussen,20,#505050,34.0,758,77.04,77.04,0,0,77.038,0.005,-0.43,-0.097,-0.382,25.0,-0.430,-0.097,-0.382,25.0,-0.333,S,#CD3C3C,25,4.0,0,0,0.239,0,0,0,0,0.0,13
1,2023,2023131,15,Haas F1 Team,22,MAG,Kevin Magnussen,20,#505050,35.0,759,-,-,0,1,-,-,-,-,-,-,-,-,-,-,-0.502,S,#CD3C3C,26,4.0,1,0,0.239,0,0,0,0,0.0,14
1,2023,2023131,15,Haas F1 Team,22,MAG,Kevin Magnussen,20,#505050,36.0,760,-,-,0,1,-,-,-,-,-,-,-,-,-,-,-0.273,M,#F0E628,1,5.0,0,0,0.177,0,0,0,0,0.0,18
1,2023,2023131,15,Haas F1 Team,22,MAG,Kevin Magnussen,20,#505050,37.0,761,75.489,75.489,0,0,-,-,0.674,1.060,0.144,22.0,0.674,1.060,0.144,22.0,-0.386,M,#F0E628,2,5.0,0,0,0.177,0,0,0,0,0.0,18
1,2023,2023131,15,Haas F1 Team,22,MAG,Kevin Magnussen,20,#505050,38.0,762,76.534,75.915,1,0,75.702,1.045,-0.352,0.021,-0.362,22.0,0.267,0.640,-0.053,22.0,-0.373,M,#F0E628,3,5.0,0,0,0.177,0,0,0,0,0.0,18
1,2023,2023131,15,Haas F1 Team,22,MAG,Kevin Magnussen,20,#505050,39.0,763,76.341,76.341,0,0,76.128,0.193,-0.075,0.499,-0.324,22.0,-0.075,0.499,-0.324,22.0,-0.574,M,#F0E628,4,5.0,0,0,0.177,0,0,0,0,0.0,18
1,2023,2023131,15,Haas F1 Team,22,MAG,Kevin Magnussen,20,#505050,40.0,764,76.458,76.458,0,0,76.399,0.117,-0.2,0.171,-0.285,22.0,-0.200,0.171,-0.285,22.0,-0.371,M,#F0E628,5,5.0,0,0,0.177,0,0,0,0,0.0,18
1,2023,2023131,15,Haas F1 Team,22,MAG,Kevin Magnussen,20,#505050,41.0,765,76.244,76.244,0,0,76.351,0.214,0.012,0.886,-0.431,22.0,0.012,0.886,-0.431,22.0,-0.874,M,#F0E628,6,5.0,0,0,0.177,0,0,0,0,0.0,18
1,2023,2023131,15,Haas F1 Team,22,MAG,Kevin Magnussen,20,#505050,42.0,766,77.406,76.318,1,0,76.281,1.162,-1.162,0.203,-1.264,22.0,-0.074,0.667,-0.407,22.0,-1.365,M,#F0E628,7,5.0,0,0,0.177,0,0,0,0,-1.0,18
1,2023,2023131,15,Haas F1 Team,22,MAG,Kevin Magnussen,20,#505050,43.0,767,76.392,76.392,0,0,76.355,1.014,-0.317,0.448,-0.541,22.0,-0.317,0.448,-0.541,22.0,-0.765,M,#F0E628,8,5.0,0,0,0.177,0,0,0,0,0.0,18
1,2023,2023131,15,Haas F1 Team,22,MAG,Kevin Magnussen,20,#505050,44.0,768,76.259,76.259,0,0,76.326,0.133,-0.284,0.328,-0.448,22.0,-0.284,0.328,-0.448,22.0,-0.612,M,#F0E628,9,5.0,0,0,0.177,0,0,0,0,0.0,18
1,2023,2023131,15,Haas F1 Team,22,MAG,Kevin Magnussen,20,#505050,45.0,769,76.589,76.31,1,0,76.285,0.330,-0.479,0.139,-0.548,22.0,-0.201,0.417,-0.409,22.0,-0.618,M,#F0E628,10,5.0,0,0,0.177,0,0,0,0,0.0,18
1,2023,2023131,15,Haas F1 Team,22,MAG,Kevin Magnussen,20,#505050,46.0,770,76.362,76.362,0,0,76.336,0.227,-0.457,1.490,-1.202,22.0,-0.457,0.519,-0.717,22.0,-1.947,M,#F0E628,11,5.0,0,0,0.177,0,0,0,0,0.0,17
1,2023,2023131,15,Haas F1 Team,22,MAG,Kevin Magnussen,20,#505050,47.0,771,76.333,76.333,0,0,76.348,0.029,-0.697,0.701,-1.048,22.0,-0.697,0.701,-1.048,22.0,-1.398,M,#F0E628,12,5.0,0,0,0.177,0,0,0,0,0.0,17
1,2023,2023131,15,Haas F1 Team,22,MAG,Kevin Magnussen,20,#505050,48.0,772,76.238,76.238,0,0,76.286,0.095,-0.905,-,-,-,-0.905,-,-,-,,M,#F0E628,13,5.0,0,1,0.177,0,0,0,0,0.0,16
1,2023,2023131,15,Haas F1 Team,22,MAG,Kevin Magnussen,20,#505050,49.0,773,76.169,76.169,0,0,76.203,0.069,-0.922,-,-,-,-0.922,-,-,-,,M,#F0E628,14,5.0,0,0,0.177,0,0,0,0,0.0,15
1,2023,2023131,15,Haas F1 Team,22,MAG,Kevin Magnussen,20,#505050,50.0,774,76.041,76.041,0,0,76.105,0.128,-0.892,-1.111,-0.337,25.0,-0.892,-1.111,-0.337,25.0,0.219,M,#F0E628,15,5.0,0,0,0.177,0,0,0,0,0.0,15
1,2023,2023131,15,Haas F1 Team,22,MAG,Kevin Magnussen,20,#505050,51.0,775,75.986,75.986,0,0,76.014,0.055,-0.972,-1.000,-0.472,25.0,-0.972,-1.000,-0.472,25.0,0.028,M,#F0E628,16,5.0,0,0,0.177,0,0,0,0,0.0,15
1,2023,2023131,15,Haas F1 Team,22,MAG,Kevin Magnussen,20,#505050,52.0,776,75.941,75.941,0,0,75.964,0.045,-0.793,-1.270,-0.158,25.0,-0.793,-1.270,-0.158,25.0,0.477,M,#F0E628,17,5.0,0,0,0.177,0,0,0,0,0.0,15
1,2023,2023131,15,Haas F1 Team,22,MAG,Kevin Magnussen,20,#505050,53.0,777,75.839,75.839,0,0,75.89,0.102,-0.538,-1.367,0.145,25.0,-0.538,-1.367,0.145,25.0,0.829,M,#F0E628,18,5.0,0,0,0.177,0,0,0,0,0.0,15
1,2023,2023131,15,Haas F1 Team,22,MAG,Kevin Magnussen,20,#505050,54.0,778,75.93,75.93,0,0,75.884,0.091,-0.709,-0.944,-0.237,25.0,-0.709,-1.451,0.017,25.0,0.235,M,#F0E628,19,5.0,0,0,0.177,0,0,0,0,0.0,15
1,2023,2023131,15,Haas F1 Team,22,MAG,Kevin Magnussen,20,#505050,55.0,779,76.295,76.295,0,0,76.113,0.365,-1.154,-1.809,-0.249,25.0,-1.154,-1.809,-0.249,25.0,0.655,M,#F0E628,20,5.0,0,0,0.177,0,0,0,0,0.0,15
1,2023,2023131,15,Haas F1 Team,22,MAG,Kevin Magnussen,20,#505050,56.0,780,76.861,76.374,1,0,76.334,0.566,-1.725,-2.245,-0.603,25.0,-1.238,-1.758,-0.359,25.0,0.52,M,#F0E628,21,5.0,0,0,0.177,0,0,0,0,-1.0,16
1,2023,2023131,15,Haas F1 Team,22,MAG,Kevin Magnussen,20,#505050,57.0,781,76.453,76.453,0,0,76.414,0.408,-1.287,-1.439,-0.568,25.0,-1.287,-1.439,-0.568,25.0,0.152,M,#F0E628,22,5.0,0,0,0.177,0,0,0,0,0.0,16
1,2023,2023131,15,Haas F1 Team,22,MAG,Kevin Magnussen,20,#505050,58.0,782,76.56,76.56,0,0,76.506,0.107,-1.374,-1.680,-0.534,25.0,-1.374,-1.680,-0.534,25.0,0.306,M,#F0E628,23,5.0,0,0,0.177,0,0,0,0,0.0,16
1,2023,2023131,15,Haas F1 Team,22,MAG,Kevin Magnussen,20,#505050,59.0,783,76.521,76.521,0,0,76.541,0.039,-1.181,-1.254,-0.554,25.0,-1.181,-1.254,-0.554,25.0,0.073,M,#F0E628,24,5.0,0,0,0.177,0,0,0,0,0.0,16
1,2023,2023131,15,Haas F1 Team,22,MAG,Kevin Magnussen,20,#505050,60.0,784,-,-,0,1,-,-,-,-,-,-,-,-,-,-,,M,#F0E628,25,5.0,1,0,0.177,0,0,0,0,0.0,16
1,2023,2023131,15,Haas F1 Team,22,MAG,Kevin Magnussen,20,#505050,61.0,785,-,-,0,1,-,-,-,-,-,-,-,-,-,-,,I,#50A078,1,6.0,0,0,-,0,0,0,0,0.0,18
1,2023,2023131,15,Haas F1 Team,22,MAG,Kevin Magnussen,20,#505050,62.0,786,86.2,86.2,0,0,-,-,-,-,-,-,-,-,-,-,,I,#50A078,2,6.0,0,1,-,0,0,0,0,0.0,18
1,2023,2023131,15,Haas F1 Team,22,MAG,Kevin Magnussen,20,#505050,63.0,787,-,-,0,1,-,-,-,-,-,-,-,-,-,-,,I,#50A078,3,6.0,1,0,-,0,0,0,1,0.0,17
1,2023,2023131,15,Haas F1 Team,22,MAG,Kevin Magnussen,20,#505050,64.0,788,-,-,0,1,-,-,-,-,-,-,-,-,-,-,,I,#50A078,4,7.0,1,0,-,0,1,0,0,0.0,17
1,2023,2023131,15,Haas F1 Team,22,MAG,Kevin Magnussen,20,#505050,65.0,789,-,-,0,1,-,-,-,-,-,-,-,-,-,-,,I,#50A078,5,8.0,0,0,0.552,0,0,0,0,0.0,17
1,2023,2023131,15,Haas F1 Team,22,MAG,Kevin Magnussen,20,#505050,66.0,790,-,-,0,1,-,-,-,-,-,-,-,-,-,-,,I,#50A078,6,8.0,0,0,0.552,1,0,0,0,0.0,17
1,2023,2023131,15,Haas F1 Team,22,MAG,Kevin Magnussen,20,#505050,67.0,791,-,-,0,1,-,-,-,-,-,-,-,-,-,-,,I,#50A078,7,8.0,0,0,0.552,0,0,0,0,0.0,16
1,2023,2023131,15,Haas F1 Team,22,MAG,Kevin Magnussen,20,#505050,68.0,792,85.674,85.674,0,0,-,-,-0.872,-0.590,-0.577,25.0,-0.872,-0.590,-0.577,25.0,-0.282,I,#50A078,8,8.0,0,0,0.552,0,0,0,0,1.0,15
1,2023,2023131,15,Haas F1 Team,22,MAG,Kevin Magnussen,20,#505050,69.0,793,84.092,84.092,0,0,84.883,1.582,-1.146,-1.015,-0.638,25.0,-1.146,-1.015,-0.638,25.0,-0.131,I,#50A078,9,8.0,0,0,0.552,0,0,0,0,0.0,15
1,2023,2023131,15,Haas F1 Team,22,MAG,Kevin Magnussen,20,#505050,70.0,794,83.027,83.027,0,0,83.56,1.065,-0.561,-0.434,-0.344,25.0,-0.561,-0.434,-0.344,25.0,-0.127,I,#50A078,10,8.0,0,1,0.552,0,0,0,0,0.0,15
1,2023,2023131,15,Haas F1 Team,22,MAG,Kevin Magnussen,20,#505050,71.0,795,83.912,83.288,1,0,83.158,0.885,-1.729,-1.489,-0.985,25.0,-1.105,-0.865,-0.672,25.0,-0.24,I,#50A078,11,8.0,0,0,0.552,0,0,0,0,0.0,15
1,2023,2023131,15,Haas F1 Team,22,MAG,Kevin Magnussen,20,#505050,72.0,796,83.55,83.55,0,0,83.419,0.362,-1.019,-0.396,-0.821,25.0,-1.019,-0.396,-0.821,25.0,-0.623,I,#50A078,12,8.0,0,0,0.552,0,0,0,0,0.0,15
1,2023,2023131,15,Haas F1 Team,25,HUL,Nico Hulkenberg,27,#505050,1.0,725,-,-,0,1,-,-,-,-,-,-,-,-,-,-,,S,#CD3C3C,1,1.0,0,0,1.474,0,0,0,0,,10
1,2023,2023131,15,Haas F1 Team,25,HUL,Nico Hulkenberg,27,#505050,2.0,726,-,-,0,1,-,-,-,-,-,-,-,-,-,-,,S,#CD3C3C,2,1.0,0,0,1.474,0,0,0,0,0.0,10
1,2023,2023131,15,Haas F1 Team,25,HUL,Nico Hulkenberg,27,#505050,3.0,727,112.192,112.192,0,0,-,-,-11.955,23.994,0.042,22.0,-11.955,23.994,0.042,22.0,12.039,S,#CD3C3C,3,1.0,0,0,1.474,0,0,0,0,-6.0,16
1,2023,2023131,15,Haas F1 Team,25,HUL,Nico Hulkenberg,27,#505050,4.0,728,108.453,108.453,0,0,110.322,3.739,-15.276,21.156,-4.698,22.0,-15.276,21.156,-4.698,22.0,5.88,S,#CD3C3C,4,1.0,0,0,1.474,0,0,0,0,-2.0,17
1,2023,2023131,15,Haas F1 Team,25,HUL,Nico Hulkenberg,27,#505050,5.0,729,99.606,99.606,0,0,104.03,8.847,-10.708,15.339,-3.038,22.0,-10.708,15.339,-3.038,22.0,4.631,S,#CD3C3C,5,1.0,0,0,1.474,0,0,0,0,-1.0,18
1,2023,2023131,15,Haas F1 Team,25,HUL,Nico Hulkenberg,27,#505050,6.0,730,92.448,92.448,0,0,96.027,7.158,-5.68,6.782,-2.289,22.0,-5.680,6.782,-2.289,22.0,1.102,S,#CD3C3C,6,1.0,0,0,1.474,0,0,0,0,-1.0,19
1,2023,2023131,15,Haas F1 Team,25,HUL,Nico Hulkenberg,27,#505050,7.0,731,87.761,87.761,0,0,90.104,4.687,-2.278,1.642,-1.457,22.0,-2.278,1.642,-1.457,22.0,-0.636,S,#CD3C3C,7,1.0,0,0,1.474,0,0,0,0,0.0,19
1,2023,2023131,15,Haas F1 Team,25,HUL,Nico Hulkenberg,27,#505050,8.0,732,85.269,85.269,0,0,86.515,2.492,-0.642,0.313,-0.485,22.0,-0.642,0.313,-0.485,22.0,-0.329,S,#CD3C3C,8,1.0,0,0,1.474,0,0,0,0,0.0,19
1,2023,2023131,15,Haas F1 Team,25,HUL,Nico Hulkenberg,27,#505050,9.0,733,82.661,82.661,0,0,83.965,2.608,1.304,-,-,-,1.304,-,-,-,,S,#CD3C3C,9,1.0,0,1,1.474,0,0,0,0,0.0,18
1,2023,2023131,15,Haas F1 Team,25,HUL,Nico Hulkenberg,27,#505050,10.0,734,79.062,79.062,0,0,80.862,3.599,2.849,-,-,-,2.849,-,-,-,,S,#CD3C3C,10,1.0,0,0,1.474,0,0,0,0,0.0,17
1,2023,2023131,15,Haas F1 Team,25,HUL,Nico Hulkenberg,27,#505050,11.0,735,78.396,78.396,0,0,78.729,0.666,1.136,-1.782,0.245,25.0,1.136,-1.782,0.245,25.0,-0.646,S,#CD3C3C,11,1.0,0,0,1.474,0,0,0,0,0.0,15
1,2023,2023131,15,Haas F1 Team,25,HUL,Nico Hulkenberg,27,#505050,12.0,736,77.606,77.606,0,0,78.001,0.790,0.473,-0.813,0.066,25.0,0.473,-0.813,0.066,25.0,-0.34,S,#CD3C3C,12,1.0,0,0,1.474,0,0,0,0,0.0,15
1,2023,2023131,15,Haas F1 Team,25,HUL,Nico Hulkenberg,27,#505050,13.0,737,77.641,77.641,0,0,77.624,0.035,-0.123,-0.322,-0.284,25.0,-0.123,-0.322,-0.284,25.0,-0.445,S,#CD3C3C,13,1.0,0,0,1.474,0,0,0,0,0.0,15
1,2023,2023131,15,Haas F1 Team,25,HUL,Nico Hulkenberg,27,#505050,14.0,738,77.838,77.838,0,0,77.739,0.197,-0.494,0.081,-0.454,22.0,-0.494,0.081,-0.454,22.0,-0.413,S,#CD3C3C,14,1.0,0,0,1.474,0,0,0,0,0.0,15
1,2023,2023131,15,Haas F1 Team,25,HUL,Nico Hulkenberg,27,#505050,15.0,739,77.29,77.29,0,0,77.564,0.548,0.135,-1.055,-0.393,25.0,0.135,-1.055,-0.393,25.0,-0.92,S,#CD3C3C,15,1.0,0,0,1.474,0,0,0,0,0.0,15
1,2023,2023131,15,Haas F1 Team,25,HUL,Nico Hulkenberg,27,#505050,16.0,740,-,-,0,1,-,-,-,-,-,-,-,-,-,-,,S,#CD3C3C,16,1.0,1,0,1.474,0,1,0,0,0.0,14
1,2023,2023131,15,Haas F1 Team,25,HUL,Nico Hulkenberg,27,#505050,17.0,741,-,-,0,1,-,-,-,-,-,-,-,-,-,-,,M,#F0E628,1,2.0,0,0,0.205,0,0,0,0,0.0,16
1,2023,2023131,15,Haas F1 Team,25,HUL,Nico Hulkenberg,27,#505050,18.0,742,-,-,0,1,-,-,-,-,-,-,-,-,-,-,,M,#F0E628,2,2.0,0,0,0.205,0,0,0,0,0.0,16
1,2023,2023131,15,Haas F1 Team,25,HUL,Nico Hulkenberg,27,#505050,19.0,743,-,-,0,1,-,-,-,-,-,-,-,-,-,-,,M,#F0E628,3,2.0,0,0,0.205,0,0,0,0,0.0,16
1,2023,2023131,15,Haas F1 Team,25,HUL,Nico Hulkenberg,27,#505050,20.0,744,-,-,0,1,-,-,-,-,-,-,-,-,-,-,,M,#F0E628,4,2.0,0,0,0.205,0,0,0,0,0.0,16
1,2023,2023131,15,Haas F1 Team,25,HUL,Nico Hulkenberg,27,#505050,21.0,745,-,-,0,1,-,-,-,-,-,-,-,-,-,-,,M,#F0E628,5,2.0,0,0,0.205,1,0,0,0,0.0,16
1,2023,2023131,15,Haas F1 Team,25,HUL,Nico Hulkenberg,27,#505050,22.0,746,-,-,0,1,-,-,-,-,-,-,-,-,-,-,,M,#F0E628,6,2.0,0,0,0.205,0,0,0,0,0.0,16
1,2023,2023131,15,Haas F1 Team,25,HUL,Nico Hulkenberg,27,#505050,23.0,747,78.062,78.062,0,0,-,-,-0.446,-0.290,-0.591,25.0,-0.446,-0.290,-0.591,25.0,-0.736,M,#F0E628,7,2.0,0,0,0.205,0,0,0,0,0.0,16
1,2023,2023131,15,Haas F1 Team,25,HUL,Nico Hulkenberg,27,#505050,24.0,748,77.381,77.381,0,0,77.721,0.681,-0.296,-0.483,-0.537,25.0,-0.296,-0.483,-0.537,25.0,-0.779,M,#F0E628,8,2.0,0,0,0.205,0,0,0,0,0.0,16
1,2023,2023131,15,Haas F1 Team,25,HUL,Nico Hulkenberg,27,#505050,25.0,749,77.593,77.593,0,0,77.487,0.212,-0.55,0.244,-0.428,22.0,-0.550,0.244,-0.428,22.0,-0.306,M,#F0E628,9,2.0,0,0,0.205,0,0,0,0,0.0,16
1,2023,2023131,15,Haas F1 Team,25,HUL,Nico Hulkenberg,27,#505050,26.0,750,78.076,77.39,1,0,77.492,0.483,-1.165,1.076,-0.627,22.0,-0.480,0.391,-0.284,22.0,-0.089,M,#F0E628,10,2.0,0,0,0.205,0,0,0,0,0.0,16
1,2023,2023131,15,Haas F1 Team,25,HUL,Nico Hulkenberg,27,#505050,27.0,751,77.188,77.188,0,0,77.289,0.888,-0.283,-0.545,-0.555,25.0,-0.283,-0.545,-0.555,25.0,-0.828,M,#F0E628,11,2.0,0,0,0.205,0,0,0,0,1.0,15
1,2023,2023131,15,Haas F1 Team,25,HUL,Nico Hulkenberg,27,#505050,28.0,752,77.549,77.549,0,0,77.369,0.361,-0.698,-0.626,-1.011,25.0,-0.698,-0.626,-1.011,25.0,-1.324,M,#F0E628,12,2.0,0,0,0.205,0,0,0,0,0.0,15
1,2023,2023131,15,Haas F1 Team,25,HUL,Nico Hulkenberg,27,#505050,29.0,753,77.297,77.297,0,0,77.423,0.252,-0.533,-0.825,-0.946,25.0,-0.533,-0.825,-0.946,25.0,-1.358,M,#F0E628,13,2.0,0,0,0.205,0,0,0,0,0.0,15
1,2023,2023131,15,Haas F1 Team,25,HUL,Nico Hulkenberg,27,#505050,30.0,754,77.007,77.007,0,0,77.152,0.290,-0.284,-0.285,-0.426,25.0,-0.284,-0.285,-0.426,25.0,-0.569,M,#F0E628,14,2.0,0,0,0.205,0,0,0,0,1.0,14
1,2023,2023131,15,Haas F1 Team,25,HUL,Nico Hulkenberg,27,#505050,31.0,755,77.514,76.974,1,0,76.99,0.507,-0.684,0.057,-0.655,22.0,-0.144,-0.483,-0.386,25.0,-0.627,M,#F0E628,15,2.0,0,0,0.205,0,0,0,0,0.0,14
1,2023,2023131,15,Haas F1 Team,25,HUL,Nico Hulkenberg,27,#505050,32.0,756,76.941,76.941,0,0,76.958,0.573,-0.213,-0.021,-0.224,25.0,-0.213,-0.021,-0.224,25.0,-0.234,M,#F0E628,16,2.0,0,0,0.205,0,0,0,0,0.0,14
1,2023,2023131,15,Haas F1 Team,25,HUL,Nico Hulkenberg,27,#505050,33.0,757,76.848,76.848,0,0,76.894,0.093,-0.21,-0.187,-0.303,25.0,-0.210,-0.187,-0.303,25.0,-0.397,M,#F0E628,17,2.0,0,0,0.205,0,0,0,0,0.0,14
1,2023,2023131,15,Haas F1 Team,25,HUL,Nico Hulkenberg,27,#505050,34.0,758,76.943,76.943,0,0,76.896,0.095,-0.333,-0.097,-0.382,25.0,-0.333,-0.097,-0.382,25.0,-0.43,M,#F0E628,18,2.0,0,0,0.205,0,0,0,0,0.0,14
1,2023,2023131,15,Haas F1 Team,25,HUL,Nico Hulkenberg,27,#505050,35.0,759,76.992,76.992,0,0,76.968,0.049,-0.502,-,-,-,-0.502,-,-,-,,M,#F0E628,19,2.0,0,1,0.205,0,0,0,0,0.0,13
1,2023,2023131,15,Haas F1 Team,25,HUL,Nico Hulkenberg,27,#505050,36.0,760,76.624,76.624,0,0,76.808,0.368,-0.273,-,-,-,-0.273,-,-,-,,M,#F0E628,20,2.0,0,0,0.205,0,0,0,0,0.0,13
1,2023,2023131,15,Haas F1 Team,25,HUL,Nico Hulkenberg,27,#505050,37.0,761,76.549,76.549,0,0,76.586,0.075,-0.386,1.060,0.144,22.0,-0.386,1.060,0.144,22.0,0.674,M,#F0E628,21,2.0,0,0,0.205,0,0,0,0,0.0,13
1,2023,2023131,15,Haas F1 Team,25,HUL,Nico Hulkenberg,27,#505050,38.0,762,76.555,76.555,0,0,76.552,0.006,-0.373,0.021,-0.362,22.0,-0.373,0.640,-0.053,22.0,-0.352,M,#F0E628,22,2.0,0,0,0.205,0,0,0,0,0.0,12
1,2023,2023131,15,Haas F1 Team,25,HUL,Nico Hulkenberg,27,#505050,39.0,763,76.84,76.84,0,0,76.698,0.285,-0.574,0.499,-0.324,22.0,-0.574,0.499,-0.324,22.0,-0.075,M,#F0E628,23,2.0,0,0,0.205,0,0,0,0,0.0,12
1,2023,2023131,15,Haas F1 Team,25,HUL,Nico Hulkenberg,27,#505050,40.0,764,76.629,76.629,0,0,76.734,0.211,-0.371,0.171,-0.285,22.0,-0.371,0.171,-0.285,22.0,-0.2,M,#F0E628,24,2.0,0,0,0.205,0,0,0,0,0.0,12
1,2023,2023131,15,Haas F1 Team,25,HUL,Nico Hulkenberg,27,#505050,41.0,765,77.13,77.13,0,0,76.88,0.501,-0.874,0.886,-0.431,22.0,-0.874,0.886,-0.431,22.0,0.012,M,#F0E628,25,2.0,0,0,0.205,0,0,0,0,-1.0,13
1,2023,2023131,15,Haas F1 Team,25,HUL,Nico Hulkenberg,27,#505050,42.0,766,77.609,76.985,1,0,77.058,0.479,-1.365,0.203,-1.264,22.0,-0.741,0.667,-0.407,22.0,-1.162,M,#F0E628,26,2.0,0,0,0.205,0,0,0,0,0.0,13
1,2023,2023131,15,Haas F1 Team,25,HUL,Nico Hulkenberg,27,#505050,43.0,767,76.84,76.84,0,0,76.912,0.769,-0.765,0.448,-0.541,22.0,-0.765,0.448,-0.541,22.0,-0.317,M,#F0E628,27,2.0,0,0,0.205,0,0,0,0,0.0,12
1,2023,2023131,15,Haas F1 Team,25,HUL,Nico Hulkenberg,27,#505050,44.0,768,76.587,76.587,0,0,76.714,0.253,-0.612,0.328,-0.448,22.0,-0.612,0.328,-0.448,22.0,-0.284,M,#F0E628,28,2.0,0,0,0.205,0,0,0,0,0.0,11
1,2023,2023131,15,Haas F1 Team,25,HUL,Nico Hulkenberg,27,#505050,45.0,769,76.728,76.728,0,0,76.658,0.141,-0.618,0.139,-0.548,22.0,-0.618,0.417,-0.409,22.0,-0.479,M,#F0E628,29,2.0,0,0,0.205,0,0,0,0,0.0,10
1,2023,2023131,15,Haas F1 Team,25,HUL,Nico Hulkenberg,27,#505050,46.0,770,77.852,76.881,1,0,76.804,1.124,-1.947,1.490,-1.202,22.0,-0.976,0.519,-0.717,22.0,-0.457,M,#F0E628,30,2.0,0,0,0.205,0,0,0,0,-1.0,10
1,2023,2023131,15,Haas F1 Team,25,HUL,Nico Hulkenberg,27,#505050,47.0,771,77.034,77.034,0,0,76.958,0.818,-1.398,0.701,-1.048,22.0,-1.398,0.701,-1.048,22.0,-0.697,M,#F0E628,31,2.0,0,0,0.205,0,0,0,0,-1.0,10
1,2023,2023131,15,Haas F1 Team,25,HUL,Nico Hulkenberg,27,#505050,48.0,772,-,-,0,1,-,-,-,-,-,-,-,-,-,-,-0.905,M,#F0E628,32,2.0,1,0,0.205,0,0,0,0,0.0,12
1,2023,2023131,15,Haas F1 Team,25,HUL,Nico Hulkenberg,27,#505050,49.0,773,-,-,0,1,-,-,-,-,-,-,-,-,-,-,-0.922,S,#CD3C3C,1,3.0,0,0,0.147,0,0,0,0,0.0,16
1,2023,2023131,15,Haas F1 Team,25,HUL,Nico Hulkenberg,27,#505050,50.0,774,74.93,74.93,0,0,-,-,0.219,-1.111,-0.337,25.0,0.219,-1.111,-0.337,25.0,-0.892,S,#CD3C3C,2,3.0,0,0,0.147,0,0,0,0,0.0,16
1,2023,2023131,15,Haas F1 Team,25,HUL,Nico Hulkenberg,27,#505050,51.0,775,74.986,74.986,0,0,74.958,0.056,0.028,-1.000,-0.472,25.0,0.028,-1.000,-0.472,25.0,-0.972,S,#CD3C3C,3,3.0,0,0,0.147,0,0,0,0,0.0,16
1,2023,2023131,15,Haas F1 Team,25,HUL,Nico Hulkenberg,27,#505050,52.0,776,74.671,74.671,0,0,74.828,0.315,0.477,-1.270,-0.158,25.0,0.477,-1.270,-0.158,25.0,-0.793,S,#CD3C3C,4,3.0,0,0,0.147,0,0,0,0,0.0,16
1,2023,2023131,15,Haas F1 Team,25,HUL,Nico Hulkenberg,27,#505050,53.0,777,74.472,74.472,0,0,74.572,0.199,0.829,-1.367,0.145,25.0,0.829,-1.367,0.145,25.0,-0.538,S,#CD3C3C,5,3.0,0,0,0.147,0,0,0,0,0.0,16
1,2023,2023131,15,Haas F1 Team,25,HUL,Nico Hulkenberg,27,#505050,54.0,778,74.986,74.479,1,0,74.476,0.514,0.235,-0.944,-0.237,25.0,0.742,-1.451,0.017,25.0,-0.709,S,#CD3C3C,6,3.0,0,1,0.147,0,0,0,0,0.0,16
1,2023,2023131,15,Haas F1 Team,25,HUL,Nico Hulkenberg,27,#505050,55.0,779,74.486,74.486,0,0,74.482,0.500,0.655,-1.809,-0.249,25.0,0.655,-1.809,-0.249,25.0,-1.154,S,#CD3C3C,7,3.0,0,0,0.147,0,0,0,0,0.0,16
1,2023,2023131,15,Haas F1 Team,25,HUL,Nico Hulkenberg,27,#505050,56.0,780,74.616,74.616,0,0,74.551,0.130,0.52,-2.245,-0.603,25.0,0.520,-1.758,-0.359,25.0,-1.725,S,#CD3C3C,8,3.0,0,0,0.147,0,0,0,0,1.0,15
1,2023,2023131,15,Haas F1 Team,25,HUL,Nico Hulkenberg,27,#505050,57.0,781,75.014,75.014,0,0,74.815,0.398,0.152,-1.439,-0.568,25.0,0.152,-1.439,-0.568,25.0,-1.287,S,#CD3C3C,9,3.0,0,0,0.147,0,0,0,0,0.0,15
1,2023,2023131,15,Haas F1 Team,25,HUL,Nico Hulkenberg,27,#505050,58.0,782,74.88,74.88,0,0,74.947,0.134,0.306,-1.680,-0.534,25.0,0.306,-1.680,-0.534,25.0,-1.374,S,#CD3C3C,10,3.0,0,0,0.147,0,0,0,0,0.0,15
1,2023,2023131,15,Haas F1 Team,25,HUL,Nico Hulkenberg,27,#505050,59.0,783,75.267,75.267,0,0,75.074,0.387,0.073,-1.254,-0.554,25.0,0.073,-1.254,-0.554,25.0,-1.181,S,#CD3C3C,11,3.0,0,0,0.147,0,0,0,0,0.0,15
1,2023,2023131,15,Haas F1 Team,25,HUL,Nico Hulkenberg,27,#505050,60.0,784,-,-,0,1,-,-,-,-,-,-,-,-,-,-,,S,#CD3C3C,12,3.0,1,0,0.147,0,0,0,0,0.0,15
1,2023,2023131,15,Haas F1 Team,25,HUL,Nico Hulkenberg,27,#505050,61.0,785,-,-,0,1,-,-,-,-,-,-,-,-,-,-,,I,#50A078,4,4.0,0,0,-,0,0,0,0,0.0,15
1,2023,2023131,15,Haas F1 Team,25,HUL,Nico Hulkenberg,27,#505050,62.0,786,84.932,84.932,0,0,-,-,-,-,-,-,-,-,-,-,,I,#50A078,5,4.0,0,1,-,0,0,0,0,0.0,15
1,2023,2023131,15,Haas F1 Team,25,HUL,Nico Hulkenberg,27,#505050,63.0,787,-,-,0,1,-,-,-,-,-,-,-,-,-,-,,I,#50A078,6,4.0,1,0,-,0,0,0,1,0.0,14
1,2023,2023131,15,Haas F1 Team,25,HUL,Nico Hulkenberg,27,#505050,64.0,788,-,-,0,1,-,-,-,-,-,-,-,-,-,-,,I,#50A078,5,5.0,1,0,-,0,1,0,0,0.0,14
1,2023,2023131,15,Haas F1 Team,25,HUL,Nico Hulkenberg,27,#505050,65.0,789,-,-,0,1,-,-,-,-,-,-,-,-,-,-,,I,#50A078,6,6.0,0,0,0.424,0,1,0,0,0.0,14
1,2023,2023131,15,Haas F1 Team,25,HUL,Nico Hulkenberg,27,#505050,66.0,790,-,-,0,1,-,-,-,-,-,-,-,-,-,-,,I,#50A078,7,6.0,0,0,0.424,1,0,0,0,0.0,14
1,2023,2023131,15,Haas F1 Team,25,HUL,Nico Hulkenberg,27,#505050,67.0,791,-,-,0,1,-,-,-,-,-,-,-,-,-,-,,I,#50A078,8,6.0,0,0,0.424,0,0,0,0,0.0,12
1,2023,2023131,15,Haas F1 Team,25,HUL,Nico Hulkenberg,27,#505050,68.0,792,85.084,85.084,0,0,-,-,-0.282,-0.590,-0.577,25.0,-0.282,-0.590,-0.577,25.0,-0.872,I,#50A078,9,6.0,0,0,0.424,0,0,0,0,0.0,12
1,2023,2023131,15,Haas F1 Team,25,HUL,Nico Hulkenberg,27,#505050,69.0,793,83.077,83.077,0,0,84.08,2.007,-0.131,-1.015,-0.638,25.0,-0.131,-1.015,-0.638,25.0,-1.146,I,#50A078,10,6.0,0,0,0.424,0,0,0,0,0.0,12
1,2023,2023131,15,Haas F1 Team,25,HUL,Nico Hulkenberg,27,#505050,70.0,794,82.593,82.593,0,0,82.835,0.484,-0.127,-0.434,-0.344,25.0,-0.127,-0.434,-0.344,25.0,-0.561,I,#50A078,11,6.0,0,1,0.424,0,0,0,0,0.0,12
1,2023,2023131,15,Haas F1 Team,25,HUL,Nico Hulkenberg,27,#505050,71.0,795,82.423,82.423,0,0,82.508,0.170,-0.24,-1.489,-0.985,25.0,-0.240,-0.865,-0.672,25.0,-1.729,I,#50A078,12,6.0,0,0,0.424,0,0,0,0,0.0,12
1,2023,2023131,15,Haas F1 Team,25,HUL,Nico Hulkenberg,27,#505050,72.0,796,83.154,83.154,0,0,82.788,0.731,-0.623,-0.396,-0.821,25.0,-0.623,-0.396,-0.821,25.0,-1.019,I,#50A078,13,6.0,0,0,0.424,0,0,0,0,0.0,12
1,2023,2023141,16,Haas F1 Team,22,MAG,Kevin Magnussen,20,#505050,1.0,797,-,-,0,1,-,-,-,-,-,-,-,-,-,-,,H,#A5AFB9,5,1.0,0,0,0.211,0,0,0,0,,18
1,2023,2023141,16,Haas F1 Team,22,MAG,Kevin Magnussen,20,#505050,2.0,798,-,-,0,1,-,-,-,-,-,-,-,-,-,-,,H,#A5AFB9,6,1.0,0,0,0.211,0,0,0,0,0.0,18
1,2023,2023141,16,Haas F1 Team,22,MAG,Kevin Magnussen,20,#505050,3.0,799,88.538,88.538,0,0,-,-,-1.349,-1.178,-0.760,25.0,-1.349,-1.178,-0.760,25.0,-0.171,H,#A5AFB9,7,1.0,0,0,0.211,0,0,0,0,0.0,18
1,2023,2023141,16,Haas F1 Team,22,MAG,Kevin Magnussen,20,#505050,4.0,800,89.252,88.407,1,0,88.472,0.714,-2.242,-2.052,-1.216,25.0,-1.397,-1.207,-0.793,25.0,-0.19,H,#A5AFB9,8,1.0,0,0,0.211,0,0,0,0,-1.0,19
1,2023,2023141,16,Haas F1 Team,22,MAG,Kevin Magnussen,20,#505050,5.0,801,88.276,88.276,0,0,88.342,0.976,-1.268,-1.241,-0.647,25.0,-1.268,-1.241,-0.647,25.0,-0.027,H,#A5AFB9,9,1.0,0,0,0.211,0,0,0,0,0.0,19
1,2023,2023141,16,Haas F1 Team,22,MAG,Kevin Magnussen,20,#505050,6.0,802,87.949,87.949,0,0,88.112,0.327,-0.971,-0.780,-0.581,25.0,-0.971,-0.780,-0.581,25.0,-0.191,H,#A5AFB9,10,1.0,0,0,0.211,0,0,0,0,0.0,19
1,2023,2023141,16,Haas F1 Team,22,MAG,Kevin Magnussen,20,#505050,7.0,803,87.691,87.691,0,0,87.82,0.258,-0.755,-0.226,-0.642,25.0,-0.755,-0.226,-0.642,25.0,-0.529,H,#A5AFB9,11,1.0,0,1,0.211,0,0,0,0,0.0,19
1,2023,2023141,16,Haas F1 Team,22,MAG,Kevin Magnussen,20,#505050,8.0,804,87.935,87.935,0,0,87.813,0.244,-1.031,0.124,-1.093,22.0,-1.031,-0.462,-0.800,25.0,-1.155,H,#A5AFB9,12,1.0,0,0,0.211,0,0,0,0,0.0,19
1,2023,2023141,16,Haas F1 Team,22,MAG,Kevin Magnussen,20,#505050,9.0,805,88.218,88.218,0,0,88.077,0.283,-1.131,-0.737,-0.762,25.0,-1.131,-0.737,-0.762,25.0,-0.394,H,#A5AFB9,13,1.0,0,0,0.211,0,0,0,0,0.0,19
1,2023,2023141,16,Haas F1 Team,22,MAG,Kevin Magnussen,20,#505050,10.0,806,88.511,88.511,0,0,88.364,0.293,-1.297,-0.948,-0.823,25.0,-1.297,-0.948,-0.823,25.0,-0.349,H,#A5AFB9,14,1.0,0,0,0.211,0,0,0,0,0.0,19
1,2023,2023141,16,Haas F1 Team,22,MAG,Kevin Magnussen,20,#505050,11.0,807,88.792,88.792,0,0,88.652,0.281,-1.442,-0.737,-1.073,25.0,-1.442,-0.737,-1.073,25.0,-0.705,H,#A5AFB9,15,1.0,0,0,0.211,0,0,0,0,0.0,18
1,2023,2023141,16,Haas F1 Team,22,MAG,Kevin Magnussen,20,#505050,12.0,808,-,-,0,1,-,-,-,-,-,-,-,-,-,-,-1.759,H,#A5AFB9,16,1.0,1,0,0.211,0,0,0,0,0.0,17
1,2023,2023141,16,Haas F1 Team,22,MAG,Kevin Magnussen,20,#505050,13.0,809,-,-,0,1,-,-,-,-,-,-,-,-,-,-,-0.696,M,#F0E628,1,2.0,0,0,0.083,0,0,0,0,0.0,19
1,2023,2023141,16,Haas F1 Team,22,MAG,Kevin Magnussen,20,#505050,14.0,810,88.08,88.08,0,0,-,-,-0.694,-,-,-,-0.694,-,-,-,,M,#F0E628,2,2.0,0,0,0.083,0,0,0,0,0.0,19
1,2023,2023141,16,Haas F1 Team,22,MAG,Kevin Magnussen,20,#505050,15.0,811,87.848,87.848,0,0,87.964,0.232,-0.495,-,-,-,-0.495,-,-,-,,M,#F0E628,3,2.0,0,0,0.083,0,0,0,0,0.0,19
1,2023,2023141,16,Haas F1 Team,22,MAG,Kevin Magnussen,20,#505050,16.0,812,87.649,87.649,0,0,87.748,0.199,-0.412,-0.659,-0.082,25.0,-0.412,-0.659,-0.082,25.0,0.247,M,#F0E628,4,2.0,0,0,0.083,0,0,0,0,0.0,19
1,2023,2023141,16,Haas F1 Team,22,MAG,Kevin Magnussen,20,#505050,17.0,813,87.589,87.589,0,0,87.619,0.060,-0.345,-0.601,-0.044,25.0,-0.345,-0.601,-0.044,25.0,0.256,M,#F0E628,5,2.0,0,0,0.083,0,0,0,0,0.0,19
1,2023,2023141,16,Haas F1 Team,22,MAG,Kevin Magnussen,20,#505050,18.0,814,87.898,87.374,1,0,87.482,0.309,-0.639,-0.604,-0.337,25.0,-0.115,-0.080,-0.075,25.0,-0.035,M,#F0E628,6,2.0,0,0,0.083,0,0,0,0,0.0,19
1,2023,2023141,16,Haas F1 Team,22,MAG,Kevin Magnussen,20,#505050,19.0,815,87.159,87.159,0,0,87.267,0.739,0.149,0.153,0.072,22.0,0.149,0.153,0.072,22.0,-0.004,M,#F0E628,7,2.0,0,0,0.083,0,0,0,0,0.0,19
1,2023,2023141,16,Haas F1 Team,22,MAG,Kevin Magnussen,20,#505050,20.0,816,87.011,87.011,0,0,87.085,0.148,0.376,0.067,0.343,22.0,0.376,0.067,0.343,22.0,0.309,M,#F0E628,8,2.0,0,0,0.083,0,0,0,0,0.0,19
1,2023,2023141,16,Haas F1 Team,22,MAG,Kevin Magnussen,20,#505050,21.0,817,87.128,87.128,0,0,87.07,0.117,0.143,0.033,0.127,22.0,0.143,0.033,0.127,22.0,0.11,M,#F0E628,9,2.0,0,0,0.083,0,0,0,0,0.0,19
1,2023,2023141,16,Haas F1 Team,22,MAG,Kevin Magnussen,20,#505050,22.0,818,87.244,87.244,0,0,87.186,0.116,-0.22,-0.170,-0.135,25.0,-0.220,-0.170,-0.135,25.0,-0.05,M,#F0E628,10,2.0,0,0,0.083,0,0,0,0,0.0,19
1,2023,2023141,16,Haas F1 Team,22,MAG,Kevin Magnussen,20,#505050,23.0,819,87.492,87.492,0,0,87.368,0.248,-0.487,-0.202,-0.386,25.0,-0.487,-0.202,-0.386,25.0,-0.285,M,#F0E628,11,2.0,0,1,0.083,0,0,0,0,0.0,19
1,2023,2023141,16,Haas F1 Team,22,MAG,Kevin Magnussen,20,#505050,24.0,820,87.536,87.536,0,0,87.514,0.044,-0.704,-0.393,-0.507,25.0,-0.704,-0.393,-0.507,25.0,-0.311,M,#F0E628,12,2.0,0,0,0.083,0,0,0,0,0.0,19
1,2023,2023141,16,Haas F1 Team,22,MAG,Kevin Magnussen,20,#505050,25.0,821,87.502,87.502,0,0,87.519,0.034,-0.748,-0.273,-0.611,25.0,-0.748,-0.273,-0.611,25.0,-0.475,M,#F0E628,13,2.0,0,0,0.083,0,0,0,0,0.0,18
1,2023,2023141,16,Haas F1 Team,22,MAG,Kevin Magnussen,20,#505050,26.0,822,87.418,87.418,0,0,87.46,0.084,-0.68,-0.074,-0.643,25.0,-0.680,-0.074,-0.643,25.0,-0.606,M,#F0E628,14,2.0,0,0,0.083,0,0,0,0,0.0,18
1,2023,2023141,16,Haas F1 Team,22,MAG,Kevin Magnussen,20,#505050,27.0,823,87.22,87.22,0,0,87.319,0.198,-0.666,-0.140,-0.596,25.0,-0.666,-0.140,-0.596,25.0,-0.526,M,#F0E628,15,2.0,0,0,0.083,0,0,0,0,0.0,18
1,2023,2023141,16,Haas F1 Team,22,MAG,Kevin Magnussen,20,#505050,28.0,824,87.154,87.154,0,0,87.187,0.066,-0.531,0.446,-0.754,22.0,-0.531,0.119,-0.591,22.0,-0.977,M,#F0E628,16,2.0,0,0,0.083,0,0,0,0,0.0,18
1,2023,2023141,16,Haas F1 Team,22,MAG,Kevin Magnussen,20,#505050,29.0,825,87.344,87.344,0,0,87.249,0.190,-0.75,0.122,-0.811,22.0,-0.750,0.122,-0.811,22.0,-0.872,M,#F0E628,17,2.0,0,0,0.083,0,0,0,0,0.0,18
1,2023,2023141,16,Haas F1 Team,22,MAG,Kevin Magnussen,20,#505050,30.0,826,87.384,87.384,0,0,87.364,0.040,-0.686,0.391,-0.881,22.0,-0.686,0.123,-0.748,22.0,-1.077,M,#F0E628,18,2.0,0,0,0.083,0,0,0,0,0.0,18
1,2023,2023141,16,Haas F1 Team,22,MAG,Kevin Magnussen,20,#505050,31.0,827,87.486,87.486,0,0,87.435,0.102,-0.738,0.061,-0.768,22.0,-0.738,0.061,-0.768,22.0,-0.799,M,#F0E628,19,2.0,0,0,0.083,0,0,0,0,0.0,18
1,2023,2023141,16,Haas F1 Team,22,MAG,Kevin Magnussen,20,#505050,32.0,828,87.556,87.556,0,0,87.521,0.070,-0.804,0.420,-1.014,22.0,-0.804,0.420,-1.014,22.0,-1.224,M,#F0E628,20,2.0,0,0,0.083,0,0,0,0,0.0,17
1,2023,2023141,16,Haas F1 Team,22,MAG,Kevin Magnussen,20,#505050,33.0,829,-,-,0,1,-,-,-,-,-,-,-,-,-,-,-2.036,M,#F0E628,21,2.0,1,0,0.083,0,0,0,0,0.0,18
1,2023,2023141,16,Haas F1 Team,22,MAG,Kevin Magnussen,20,#505050,34.0,830,-,-,0,1,-,-,-,-,-,-,-,-,-,-,-1.404,M,#F0E628,1,3.0,0,0,0.342,0,0,0,0,0.0,19
1,2023,2023141,16,Haas F1 Team,22,MAG,Kevin Magnussen,20,#505050,35.0,831,86.3,86.3,0,0,-,-,0.156,1.645,-0.667,22.0,0.156,1.645,-0.667,22.0,-1.489,M,#F0E628,2,3.0,0,0,0.342,0,0,0,0,0.0,19
1,2023,2023141,16,Haas F1 Team,22,MAG,Kevin Magnussen,20,#505050,36.0,832,86.385,86.385,0,0,86.342,0.085,0.14,1.699,-0.710,22.0,0.140,1.699,-0.710,22.0,-1.559,M,#F0E628,3,3.0,0,0,0.342,0,0,0,0,0.0,19
1,2023,2023141,16,Haas F1 Team,22,MAG,Kevin Magnussen,20,#505050,37.0,833,86.454,86.454,0,0,86.42,0.069,0.081,1.552,-0.695,22.0,0.081,1.552,-0.695,22.0,-1.471,M,#F0E628,4,3.0,0,0,0.342,0,0,0,0,0.0,19
1,2023,2023141,16,Haas F1 Team,22,MAG,Kevin Magnussen,20,#505050,38.0,834,86.394,86.394,0,0,86.424,0.060,0.131,2.575,-1.157,22.0,0.131,2.575,-1.157,22.0,-2.444,M,#F0E628,5,3.0,0,0,0.342,0,0,0,0,0.0,19
1,2023,2023141,16,Haas F1 Team,22,MAG,Kevin Magnussen,20,#505050,39.0,835,90.343,86.545,1,0,86.47,3.949,-3.918,-,-,-,-0.120,-,-,-,,M,#F0E628,6,3.0,0,0,0.342,0,0,0,0,0.0,19
1,2023,2023141,16,Haas F1 Team,22,MAG,Kevin Magnussen,20,#505050,40.0,836,86.696,86.696,0,0,86.62,3.647,-0.222,-,-,-,-0.222,-,-,-,,M,#F0E628,7,3.0,0,0,0.342,0,0,0,0,0.0,18
1,2023,2023141,16,Haas F1 Team,22,MAG,Kevin Magnussen,20,#505050,41.0,837,86.328,86.328,0,0,86.512,0.368,0.149,0.067,0.115,22.0,0.149,0.067,0.115,22.0,0.082,M,#F0E628,8,3.0,0,0,0.342,0,0,0,0,0.0,18
1,2023,2023141,16,Haas F1 Team,22,MAG,Kevin Magnussen,20,#505050,42.0,838,86.278,86.278,0,0,86.303,0.050,0.214,-0.176,0.302,25.0,0.214,-0.176,0.302,25.0,0.39,M,#F0E628,9,3.0,0,1,0.342,0,0,0,0,0.0,18
1,2023,2023141,16,Haas F1 Team,22,MAG,Kevin Magnussen,20,#505050,43.0,839,86.511,86.511,0,0,86.394,0.233,-0.05,-0.277,0.088,25.0,-0.050,-0.277,0.088,25.0,0.227,M,#F0E628,10,3.0,0,0,0.342,0,0,0,0,0.0,18
1,2023,2023141,16,Haas F1 Team,22,MAG,Kevin Magnussen,20,#505050,44.0,840,86.514,86.514,0,0,86.512,0.003,0.002,-0.055,0.029,25.0,0.002,-0.055,0.029,25.0,0.057,M,#F0E628,11,3.0,0,0,0.342,0,0,0,0,0.0,18
1,2023,2023141,16,Haas F1 Team,22,MAG,Kevin Magnussen,20,#505050,45.0,841,86.787,86.787,0,0,86.65,0.273,-0.142,-0.064,-0.110,25.0,-0.142,-0.064,-0.110,25.0,-0.078,M,#F0E628,12,3.0,0,0,0.342,0,0,0,0,0.0,18
1,2023,2023141,16,Haas F1 Team,22,MAG,Kevin Magnussen,20,#505050,46.0,842,86.983,86.983,0,0,86.885,0.196,-0.422,-0.338,-0.253,25.0,-0.422,-0.338,-0.253,25.0,-0.084,M,#F0E628,13,3.0,0,0,0.342,0,0,0,0,0.0,18
1,2023,2023141,16,Haas F1 Team,22,MAG,Kevin Magnussen,20,#505050,47.0,843,86.66,86.66,0,0,86.822,0.323,-0.102,-0.409,0.102,25.0,-0.102,-0.409,0.102,25.0,0.307,M,#F0E628,14,3.0,0,0,0.342,0,0,0,0,0.0,18
1,2023,2023141,16,Haas F1 Team,22,MAG,Kevin Magnussen,20,#505050,48.0,844,86.739,86.739,0,0,86.7,0.079,-0.081,-0.380,0.109,25.0,-0.081,-0.380,0.109,25.0,0.299,M,#F0E628,15,3.0,0,0,0.342,0,0,0,0,0.0,18
1,2023,2023141,16,Haas F1 Team,22,MAG,Kevin Magnussen,20,#505050,49.0,845,87.054,86.822,1,0,86.78,0.315,-0.194,-1.073,0.343,25.0,0.038,-0.841,0.459,25.0,0.879,M,#F0E628,16,3.0,0,0,0.342,0,0,0,0,0.0,18
1,2023,2023141,16,Haas F1 Team,22,MAG,Kevin Magnussen,20,#505050,50.0,846,86.904,86.904,0,0,86.863,0.150,0.192,-1.010,0.697,25.0,0.192,-1.010,0.697,25.0,1.202,M,#F0E628,17,3.0,0,0,0.342,0,0,0,0,0.0,18
1,2023,2023141,16,Haas F1 Team,22,MAG,Kevin Magnussen,20,#505050,51.0,847,-,-,0,1,-,-,-,-,-,-,-,-,-,-,,M,#F0E628,18,3.0,0,0,0.342,0,0,0,0,,-
1,2023,2023141,16,Haas F1 Team,25,HUL,Nico Hulkenberg,27,#505050,1.0,797,-,-,0,1,-,-,-,-,-,-,-,-,-,-,,M,#F0E628,4,1.0,0,0,0.232,0,0,0,0,,10
1,2023,2023141,16,Haas F1 Team,25,HUL,Nico Hulkenberg,27,#505050,2.0,798,-,-,0,1,-,-,-,-,-,-,-,-,-,-,,M,#F0E628,5,1.0,0,0,0.232,0,0,0,0,0.0,10
1,2023,2023141,16,Haas F1 Team,25,HUL,Nico Hulkenberg,27,#505050,3.0,799,87.36,87.36,0,0,-,-,-0.171,-1.178,-0.760,25.0,-0.171,-1.178,-0.760,25.0,-1.349,M,#F0E628,6,1.0,0,0,0.232,0,0,0,0,0.0,10
1,2023,2023141,16,Haas F1 Team,25,HUL,Nico Hulkenberg,27,#505050,4.0,800,87.2,87.2,0,0,87.28,0.160,-0.19,-2.052,-1.216,25.0,-0.190,-1.207,-0.793,25.0,-2.242,M,#F0E628,7,1.0,0,0,0.232,0,0,0,0,0.0,10
1,2023,2023141,16,Haas F1 Team,25,HUL,Nico Hulkenberg,27,#505050,5.0,801,87.035,87.035,0,0,87.118,0.165,-0.027,-1.241,-0.647,25.0,-0.027,-1.241,-0.647,25.0,-1.268,M,#F0E628,8,1.0,0,0,0.232,0,0,0,0,0.0,10
1,2023,2023141,16,Haas F1 Team,25,HUL,Nico Hulkenberg,27,#505050,6.0,802,87.169,87.169,0,0,87.102,0.134,-0.191,-0.780,-0.581,25.0,-0.191,-0.780,-0.581,25.0,-0.971,M,#F0E628,9,1.0,0,0,0.232,0,0,0,0,0.0,10
1,2023,2023141,16,Haas F1 Team,25,HUL,Nico Hulkenberg,27,#505050,7.0,803,87.465,87.465,0,0,87.317,0.296,-0.529,-0.226,-0.642,25.0,-0.529,-0.226,-0.642,25.0,-0.755,M,#F0E628,10,1.0,0,0,0.232,0,0,0,0,0.0,10
1,2023,2023141,16,Haas F1 Team,25,HUL,Nico Hulkenberg,27,#505050,8.0,804,88.059,87.473,1,0,87.469,0.594,-1.155,0.124,-1.093,22.0,-0.569,-0.462,-0.800,25.0,-1.031,M,#F0E628,11,1.0,0,1,0.232,0,0,0,0,-1.0,11
1,2023,2023141,16,Haas F1 Team,25,HUL,Nico Hulkenberg,27,#505050,9.0,805,87.481,87.481,0,0,87.477,0.578,-0.394,-0.737,-0.762,25.0,-0.394,-0.737,-0.762,25.0,-1.131,M,#F0E628,12,1.0,0,0,0.232,0,0,0,0,0.0,11
1,2023,2023141,16,Haas F1 Team,25,HUL,Nico Hulkenberg,27,#505050,10.0,806,87.563,87.563,0,0,87.522,0.082,-0.349,-0.948,-0.823,25.0,-0.349,-0.948,-0.823,25.0,-1.297,M,#F0E628,13,1.0,0,0,0.232,0,0,0,0,0.0,11
1,2023,2023141,16,Haas F1 Team,25,HUL,Nico Hulkenberg,27,#505050,11.0,807,88.055,88.055,0,0,87.809,0.492,-0.705,-0.737,-1.073,25.0,-0.705,-0.737,-1.073,25.0,-1.442,M,#F0E628,14,1.0,0,0,0.232,0,0,0,0,0.0,11
1,2023,2023141,16,Haas F1 Team,25,HUL,Nico Hulkenberg,27,#505050,12.0,808,89.091,88.032,1,0,88.044,1.036,-1.759,-,-,-,-0.700,-,-,-,,M,#F0E628,15,1.0,0,0,0.232,0,0,0,0,-1.0,12
1,2023,2023141,16,Haas F1 Team,25,HUL,Nico Hulkenberg,27,#505050,13.0,809,88.009,88.009,0,0,88.02,1.082,-0.696,-,-,-,-0.696,-,-,-,,M,#F0E628,16,1.0,0,0,0.232,0,0,0,0,0.0,11
1,2023,2023141,16,Haas F1 Team,25,HUL,Nico Hulkenberg,27,#505050,14.0,810,-,-,0,1,-,-,-,-,-,-,-,-,-,-,-0.694,M,#F0E628,17,1.0,1,0,0.232,0,0,0,0,0.0,13
1,2023,2023141,16,Haas F1 Team,25,HUL,Nico Hulkenberg,27,#505050,15.0,811,-,-,0,1,-,-,-,-,-,-,-,-,-,-,-0.495,H,#A5AFB9,6,2.0,0,0,0.138,0,0,0,0,0.0,17
1,2023,2023141,16,Haas F1 Team,25,HUL,Nico Hulkenberg,27,#505050,16.0,812,86.99,86.99,0,0,-,-,0.247,-0.659,-0.082,25.0,0.247,-0.659,-0.082,25.0,-0.412,H,#A5AFB9,7,2.0,0,0,0.138,0,0,0,0,0.0,17
1,2023,2023141,16,Haas F1 Team,25,HUL,Nico Hulkenberg,27,#505050,17.0,813,86.988,86.988,0,0,86.989,0.002,0.256,-0.601,-0.044,25.0,0.256,-0.601,-0.044,25.0,-0.345,H,#A5AFB9,8,2.0,0,0,0.138,0,0,0,0,0.0,17
1,2023,2023141,16,Haas F1 Team,25,HUL,Nico Hulkenberg,27,#505050,18.0,814,87.294,87.294,0,0,87.141,0.306,-0.035,-0.604,-0.337,25.0,-0.035,-0.080,-0.075,25.0,-0.639,H,#A5AFB9,9,2.0,0,0,0.138,0,0,0,0,0.0,17
1,2023,2023141,16,Haas F1 Team,25,HUL,Nico Hulkenberg,27,#505050,19.0,815,87.312,87.312,0,0,87.303,0.018,-0.004,0.153,0.072,22.0,-0.004,0.153,0.072,22.0,0.149,H,#A5AFB9,10,2.0,0,0,0.138,0,0,0,0,0.0,17
1,2023,2023141,16,Haas F1 Team,25,HUL,Nico Hulkenberg,27,#505050,20.0,816,87.078,87.078,0,0,87.195,0.234,0.309,0.067,0.343,22.0,0.309,0.067,0.343,22.0,0.376,H,#A5AFB9,11,2.0,0,0,0.138,0,0,0,0,0.0,17
1,2023,2023141,16,Haas F1 Team,25,HUL,Nico Hulkenberg,27,#505050,21.0,817,87.161,87.161,0,0,87.12,0.083,0.11,0.033,0.127,22.0,0.110,0.033,0.127,22.0,0.143,H,#A5AFB9,12,2.0,0,0,0.138,0,0,0,0,0.0,16
1,2023,2023141,16,Haas F1 Team,25,HUL,Nico Hulkenberg,27,#505050,22.0,818,87.074,87.074,0,0,87.118,0.087,-0.05,-0.170,-0.135,25.0,-0.050,-0.170,-0.135,25.0,-0.22,H,#A5AFB9,13,2.0,0,0,0.138,0,0,0,0,0.0,16
1,2023,2023141,16,Haas F1 Team,25,HUL,Nico Hulkenberg,27,#505050,23.0,819,87.29,87.29,0,0,87.182,0.216,-0.285,-0.202,-0.386,25.0,-0.285,-0.202,-0.386,25.0,-0.487,H,#A5AFB9,14,2.0,0,0,0.138,0,0,0,0,0.0,16
1,2023,2023141,16,Haas F1 Team,25,HUL,Nico Hulkenberg,27,#505050,24.0,820,87.143,87.143,0,0,87.216,0.147,-0.311,-0.393,-0.507,25.0,-0.311,-0.393,-0.507,25.0,-0.704,H,#A5AFB9,15,2.0,0,0,0.138,0,0,0,0,0.0,16
1,2023,2023141,16,Haas F1 Team,25,HUL,Nico Hulkenberg,27,#505050,25.0,821,87.229,87.229,0,0,87.186,0.086,-0.475,-0.273,-0.611,25.0,-0.475,-0.273,-0.611,25.0,-0.748,H,#A5AFB9,16,2.0,0,0,0.138,0,0,0,0,0.0,15
1,2023,2023141,16,Haas F1 Team,25,HUL,Nico Hulkenberg,27,#505050,26.0,822,87.344,87.344,0,0,87.286,0.115,-0.606,-0.074,-0.643,25.0,-0.606,-0.074,-0.643,25.0,-0.68,H,#A5AFB9,17,2.0,0,0,0.138,0,0,0,0,0.0,14
1,2023,2023141,16,Haas F1 Team,25,HUL,Nico Hulkenberg,27,#505050,27.0,823,87.08,87.08,0,0,87.212,0.264,-0.526,-0.140,-0.596,25.0,-0.526,-0.140,-0.596,25.0,-0.666,H,#A5AFB9,18,2.0,0,1,0.138,0,0,0,0,0.0,14
1,2023,2023141,16,Haas F1 Team,25,HUL,Nico Hulkenberg,27,#505050,28.0,824,87.6,87.273,1,0,87.176,0.520,-0.977,0.446,-0.754,22.0,-0.650,0.119,-0.591,22.0,-0.531,H,#A5AFB9,19,2.0,0,0,0.138,0,0,0,0,0.0,14
1,2023,2023141,16,Haas F1 Team,25,HUL,Nico Hulkenberg,27,#505050,29.0,825,87.466,87.466,0,0,87.369,0.134,-0.872,0.122,-0.811,22.0,-0.872,0.122,-0.811,22.0,-0.75,H,#A5AFB9,20,2.0,0,0,0.138,0,0,0,0,0.0,14
1,2023,2023141,16,Haas F1 Team,25,HUL,Nico Hulkenberg,27,#505050,30.0,826,87.775,87.506,1,0,87.486,0.309,-1.077,0.391,-0.881,22.0,-0.809,0.123,-0.748,22.0,-0.686,H,#A5AFB9,21,2.0,0,0,0.138,0,0,0,0,0.0,14
1,2023,2023141,16,Haas F1 Team,25,HUL,Nico Hulkenberg,27,#505050,31.0,827,87.547,87.547,0,0,87.527,0.228,-0.799,0.061,-0.768,22.0,-0.799,0.061,-0.768,22.0,-0.738,H,#A5AFB9,22,2.0,0,0,0.138,0,0,0,0,0.0,14
1,2023,2023141,16,Haas F1 Team,25,HUL,Nico Hulkenberg,27,#505050,32.0,828,87.976,87.976,0,0,87.762,0.429,-1.224,0.420,-1.014,22.0,-1.224,0.420,-1.014,22.0,-0.804,H,#A5AFB9,23,2.0,0,0,0.138,0,0,0,0,0.0,14
1,2023,2023141,16,Haas F1 Team,25,HUL,Nico Hulkenberg,27,#505050,33.0,829,88.575,87.983,1,0,87.98,0.599,-2.036,-,-,-,-1.445,-,-,-,,H,#A5AFB9,24,2.0,0,0,0.138,0,0,0,0,-1.0,15
1,2023,2023141,16,Haas F1 Team,25,HUL,Nico Hulkenberg,27,#505050,34.0,830,87.991,87.991,0,0,87.987,0.584,-1.404,-,-,-,-1.404,-,-,-,,H,#A5AFB9,25,2.0,0,0,0.138,0,0,0,0,0.0,13
1,2023,2023141,16,Haas F1 Team,25,HUL,Nico Hulkenberg,27,#505050,35.0,831,87.945,87.945,0,0,87.968,0.046,-1.489,1.645,-0.667,22.0,-1.489,1.645,-0.667,22.0,0.156,H,#A5AFB9,26,2.0,0,0,0.138,0,0,0,0,0.0,13
1,2023,2023141,16,Haas F1 Team,25,HUL,Nico Hulkenberg,27,#505050,36.0,832,88.084,88.084,0,0,88.014,0.139,-1.559,1.699,-0.710,22.0,-1.559,1.699,-0.710,22.0,0.14,H,#A5AFB9,27,2.0,0,0,0.138,0,0,0,0,0.0,13
1,2023,2023141,16,Haas F1 Team,25,HUL,Nico Hulkenberg,27,#505050,37.0,833,88.006,88.006,0,0,88.045,0.078,-1.471,1.552,-0.695,22.0,-1.471,1.552,-0.695,22.0,0.081,H,#A5AFB9,28,2.0,0,0,0.138,0,0,0,0,0.0,13
1,2023,2023141,16,Haas F1 Team,25,HUL,Nico Hulkenberg,27,#505050,38.0,834,88.969,88.969,0,0,88.488,0.963,-2.444,2.575,-1.157,22.0,-2.444,2.575,-1.157,22.0,0.131,H,#A5AFB9,29,2.0,0,0,0.138,0,0,0,0,-1.0,14
1,2023,2023141,16,Haas F1 Team,25,HUL,Nico Hulkenberg,27,#505050,39.0,835,-,-,0,1,-,-,-,-,-,-,-,-,-,-,-3.918,H,#A5AFB9,30,2.0,1,0,0.138,0,0,0,0,0.0,14
1,2023,2023141,16,Haas F1 Team,25,HUL,Nico Hulkenberg,27,#505050,40.0,836,-,-,0,1,-,-,-,-,-,-,-,-,-,-,-0.222,M,#F0E628,4,3.0,0,0,0.109,0,0,0,0,0.0,17
1,2023,2023141,16,Haas F1 Team,25,HUL,Nico Hulkenberg,27,#505050,41.0,837,86.395,86.395,0,0,-,-,0.082,0.067,0.115,22.0,0.082,0.067,0.115,22.0,0.149,M,#F0E628,5,3.0,0,0,0.109,0,0,0,0,0.0,17
1,2023,2023141,16,Haas F1 Team,25,HUL,Nico Hulkenberg,27,#505050,42.0,838,86.102,86.102,0,0,86.248,0.293,0.39,-0.176,0.302,25.0,0.390,-0.176,0.302,25.0,0.214,M,#F0E628,6,3.0,0,0,0.109,0,0,0,0,0.0,17
1,2023,2023141,16,Haas F1 Team,25,HUL,Nico Hulkenberg,27,#505050,43.0,839,86.234,86.234,0,0,86.168,0.132,0.227,-0.277,0.088,25.0,0.227,-0.277,0.088,25.0,-0.05,M,#F0E628,7,3.0,0,0,0.109,0,0,0,0,0.0,17
1,2023,2023141,16,Haas F1 Team,25,HUL,Nico Hulkenberg,27,#505050,44.0,840,86.459,86.459,0,0,86.346,0.225,0.057,-0.055,0.029,25.0,0.057,-0.055,0.029,25.0,0.002,M,#F0E628,8,3.0,0,0,0.109,0,0,0,0,0.0,17
1,2023,2023141,16,Haas F1 Team,25,HUL,Nico Hulkenberg,27,#505050,45.0,841,86.723,86.723,0,0,86.591,0.264,-0.078,-0.064,-0.110,25.0,-0.078,-0.064,-0.110,25.0,-0.142,M,#F0E628,9,3.0,0,1,0.109,0,0,0,0,0.0,17
1,2023,2023141,16,Haas F1 Team,25,HUL,Nico Hulkenberg,27,#505050,46.0,842,86.645,86.645,0,0,86.684,0.078,-0.084,-0.338,-0.253,25.0,-0.084,-0.338,-0.253,25.0,-0.422,M,#F0E628,10,3.0,0,0,0.109,0,0,0,0,0.0,17
1,2023,2023141,16,Haas F1 Team,25,HUL,Nico Hulkenberg,27,#505050,47.0,843,86.251,86.251,0,0,86.448,0.394,0.307,-0.409,0.102,25.0,0.307,-0.409,0.102,25.0,-0.102,M,#F0E628,11,3.0,0,0,0.109,0,0,0,0,0.0,17
1,2023,2023141,16,Haas F1 Team,25,HUL,Nico Hulkenberg,27,#505050,48.0,844,86.359,86.359,0,0,86.305,0.108,0.299,-0.380,0.109,25.0,0.299,-0.380,0.109,25.0,-0.081,M,#F0E628,12,3.0,0,0,0.109,0,0,0,0,0.0,17
1,2023,2023141,16,Haas F1 Team,25,HUL,Nico Hulkenberg,27,#505050,49.0,845,85.981,85.981,0,0,86.17,0.378,0.879,-1.073,0.343,25.0,0.879,-0.841,0.459,25.0,-0.194,M,#F0E628,13,3.0,0,0,0.109,0,0,0,0,0.0,17
1,2023,2023141,16,Haas F1 Team,25,HUL,Nico Hulkenberg,27,#505050,50.0,846,85.894,85.894,0,0,85.938,0.087,1.202,-1.010,0.697,25.0,1.202,-1.010,0.697,25.0,0.192,M,#F0E628,14,3.0,0,0,0.109,0,0,0,0,0.0,17
1,2023,2023141,16,Haas F1 Team,25,HUL,Nico Hulkenberg,27,#505050,51.0,847,-,-,0,1,-,-,-,-,-,-,-,-,-,-,,M,#F0E628,15,3.0,0,0,0.109,0,0,0,0,,-
1,2023,2023151,17,Haas F1 Team,22,MAG,Kevin Magnussen,20,#505050,1.0,849,-,-,0,1,-,-,-,-,-,-,-,-,-,-,,M,#F0E628,1,1.0,0,0,0.197,0,0,0,0,,8
1,2023,2023151,17,Haas F1 Team,22,MAG,Kevin Magnussen,20,#505050,2.0,850,-,-,0,1,-,-,-,-,-,-,-,-,-,-,,M,#F0E628,2,1.0,0,0,0.197,0,0,0,0,0.0,8
1,2023,2023151,17,Haas F1 Team,22,MAG,Kevin Magnussen,20,#505050,3.0,851,101.539,101.539,0,0,-,-,-0.076,-0.139,-0.006,25.0,-0.076,-0.139,-0.006,25.0,0.063,M,#F0E628,3,1.0,0,0,0.197,0,0,0,0,0.0,8
1,2023,2023151,17,Haas F1 Team,22,MAG,Kevin Magnussen,20,#505050,4.0,852,101.004,101.004,0,0,101.272,0.535,0.14,0.252,0.014,22.0,0.140,0.252,0.014,22.0,-0.112,M,#F0E628,4,1.0,0,0,0.197,0,0,0,0,0.0,8
1,2023,2023151,17,Haas F1 Team,22,MAG,Kevin Magnussen,20,#505050,5.0,853,101.469,101.469,0,0,101.236,0.465,-0.401,-0.119,-0.342,25.0,-0.401,-0.119,-0.342,25.0,-0.282,M,#F0E628,5,1.0,0,0,0.197,0,0,0,0,0.0,8
1,2023,2023151,17,Haas F1 Team,22,MAG,Kevin Magnussen,20,#505050,6.0,854,102.626,101.152,1,0,101.31,1.157,-1.673,-0.677,-1.335,25.0,-0.198,0.082,-0.239,22.0,-0.996,M,#F0E628,6,1.0,0,0,0.197,0,0,0,0,-1.0,9
1,2023,2023151,17,Haas F1 Team,22,MAG,Kevin Magnussen,20,#505050,7.0,855,100.834,100.834,0,0,100.993,1.792,0.091,0.283,-0.051,22.0,0.091,0.283,-0.051,22.0,-0.192,M,#F0E628,7,1.0,0,0,0.197,0,0,0,0,0.0,9
1,2023,2023151,17,Haas F1 Team,22,MAG,Kevin Magnussen,20,#505050,8.0,856,100.63,100.63,0,0,100.732,0.204,0.071,0.104,0.019,22.0,0.071,0.104,0.019,22.0,-0.033,M,#F0E628,8,1.0,0,0,0.197,0,0,0,0,0.0,9
1,2023,2023151,17,Haas F1 Team,22,MAG,Kevin Magnussen,20,#505050,9.0,857,100.995,100.567,1,0,100.598,0.365,-0.519,-0.017,-0.510,25.0,-0.091,0.116,-0.149,22.0,-0.502,M,#F0E628,9,1.0,0,0,0.197,0,0,0,0,0.0,9
1,2023,2023151,17,Haas F1 Team,22,MAG,Kevin Magnussen,20,#505050,10.0,858,100.504,100.504,0,0,100.536,0.491,-0.07,0.129,-0.135,22.0,-0.070,0.129,-0.135,22.0,-0.199,M,#F0E628,10,1.0,0,0,0.197,0,0,0,0,0.0,9
1,2023,2023151,17,Haas F1 Team,22,MAG,Kevin Magnussen,20,#505050,11.0,859,100.415,100.415,0,0,100.46,0.089,0.073,0.144,0.001,22.0,0.073,0.144,0.001,22.0,-0.071,M,#F0E628,11,1.0,0,1,0.197,0,0,0,0,0.0,9
1,2023,2023151,17,Haas F1 Team,22,MAG,Kevin Magnussen,20,#505050,12.0,860,100.705,100.705,0,0,100.56,0.290,-0.195,-0.226,-0.082,25.0,-0.195,-0.226,-0.082,25.0,0.031,M,#F0E628,12,1.0,0,0,0.197,0,0,0,0,0.0,9
1,2023,2023151,17,Haas F1 Team,22,MAG,Kevin Magnussen,20,#505050,13.0,861,100.828,100.828,0,0,100.767,0.123,-0.267,-0.045,-0.244,25.0,-0.267,-0.268,-0.133,25.0,-0.222,M,#F0E628,13,1.0,0,0,0.197,0,0,0,0,0.0,9
1,2023,2023151,17,Haas F1 Team,22,MAG,Kevin Magnussen,20,#505050,14.0,862,100.515,100.515,0,0,100.672,0.313,-0.048,0.126,-0.111,22.0,-0.048,0.126,-0.111,22.0,-0.174,M,#F0E628,14,1.0,0,0,0.197,0,0,0,0,0.0,9
1,2023,2023151,17,Haas F1 Team,22,MAG,Kevin Magnussen,20,#505050,15.0,863,100.598,100.598,0,0,100.556,0.083,-0.186,0.095,-0.234,22.0,-0.186,0.095,-0.234,22.0,-0.281,M,#F0E628,15,1.0,0,0,0.197,0,0,0,0,0.0,9
1,2023,2023151,17,Haas F1 Team,22,MAG,Kevin Magnussen,20,#505050,16.0,864,100.671,100.671,0,0,100.634,0.073,-0.211,0.118,-0.270,22.0,-0.211,0.118,-0.270,22.0,-0.329,M,#F0E628,16,1.0,0,0,0.197,0,0,0,0,0.0,9
1,2023,2023151,17,Haas F1 Team,22,MAG,Kevin Magnussen,20,#505050,17.0,865,100.859,100.859,0,0,100.765,0.188,-0.341,-0.106,-0.288,25.0,-0.341,-0.106,-0.288,25.0,-0.235,M,#F0E628,17,1.0,0,0,0.197,0,0,0,0,0.0,9
1,2023,2023151,17,Haas F1 Team,22,MAG,Kevin Magnussen,20,#505050,18.0,866,100.993,100.993,0,0,100.926,0.134,-0.472,-0.116,-0.414,25.0,-0.472,-0.116,-0.414,25.0,-0.356,M,#F0E628,18,1.0,0,0,0.197,0,0,0,0,0.0,9
1,2023,2023151,17,Haas F1 Team,22,MAG,Kevin Magnussen,20,#505050,19.0,867,101.007,101.007,0,0,101.0,0.014,-0.305,0.089,-0.349,22.0,-0.305,0.089,-0.349,22.0,-0.394,M,#F0E628,19,1.0,0,0,0.197,0,0,0,0,0.0,9
1,2023,2023151,17,Haas F1 Team,22,MAG,Kevin Magnussen,20,#505050,20.0,868,-,-,0,1,-,-,-,-,-,-,-,-,-,-,,M,#F0E628,20,1.0,1,0,0.197,0,1,0,0,0.0,10
1,2023,2023151,17,Haas F1 Team,22,MAG,Kevin Magnussen,20,#505050,21.0,869,-,-,0,1,-,-,-,-,-,-,-,-,-,-,,H,#A5AFB9,1,2.0,0,0,0.589,0,0,0,0,0.0,11
1,2023,2023151,17,Haas F1 Team,22,MAG,Kevin Magnussen,20,#505050,22.0,870,-,-,0,1,-,-,-,-,-,-,-,-,-,-,,H,#A5AFB9,2,2.0,0,0,0.589,1,0,0,0,0.0,11
1,2023,2023151,17,Haas F1 Team,22,MAG,Kevin Magnussen,20,#505050,23.0,871,-,-,0,1,-,-,-,-,-,-,-,-,-,-,,H,#A5AFB9,3,2.0,0,0,0.589,0,0,0,0,0.0,10
1,2023,2023151,17,Haas F1 Team,22,MAG,Kevin Magnussen,20,#505050,24.0,872,102.343,102.343,0,0,-,-,-0.102,0.701,-0.453,22.0,-0.102,0.701,-0.453,22.0,-0.803,H,#A5AFB9,4,2.0,0,0,0.589,0,0,0,0,0.0,10
1,2023,2023151,17,Haas F1 Team,22,MAG,Kevin Magnussen,20,#505050,25.0,873,101.109,101.109,0,0,101.726,1.234,-0.337,0.056,-0.365,22.0,-0.337,0.056,-0.365,22.0,-0.393,H,#A5AFB9,5,2.0,0,0,0.589,0,0,0,0,0.0,10
1,2023,2023151,17,Haas F1 Team,22,MAG,Kevin Magnussen,20,#505050,26.0,874,100.851,100.851,0,0,100.98,0.258,-0.385,0.079,-0.424,22.0,-0.385,0.079,-0.424,22.0,-0.464,H,#A5AFB9,6,2.0,0,0,0.589,0,0,0,0,0.0,10
1,2023,2023151,17,Haas F1 Team,22,MAG,Kevin Magnussen,20,#505050,27.0,875,100.481,100.481,0,0,100.666,0.370,-0.152,-0.056,-0.124,25.0,-0.152,-0.056,-0.124,25.0,-0.096,H,#A5AFB9,7,2.0,0,0,0.589,0,0,0,0,0.0,10
1,2023,2023151,17,Haas F1 Team,22,MAG,Kevin Magnussen,20,#505050,28.0,876,101.579,101.579,0,0,101.03,1.098,-0.856,0.201,-0.957,22.0,-0.856,-0.582,-0.565,25.0,-1.057,H,#A5AFB9,8,2.0,0,0,0.589,0,0,0,0,0.0,10
1,2023,2023151,17,Haas F1 Team,22,MAG,Kevin Magnussen,20,#505050,29.0,877,101.565,101.565,0,0,101.572,0.014,-0.69,0.005,-0.692,22.0,-0.690,0.005,-0.692,22.0,-0.695,H,#A5AFB9,9,2.0,0,0,0.589,0,0,0,0,0.0,10
1,2023,2023151,17,Haas F1 Team,22,MAG,Kevin Magnussen,20,#505050,30.0,878,100.224,100.224,0,0,100.894,1.341,0.018,0.468,-0.216,22.0,0.018,0.468,-0.216,22.0,-0.45,H,#A5AFB9,10,2.0,0,0,0.589,0,0,0,0,0.0,10
1,2023,2023151,17,Haas F1 Team,22,MAG,Kevin Magnussen,20,#505050,31.0,879,100.03,100.03,0,0,100.127,0.194,-0.02,0.046,-0.043,22.0,-0.020,0.046,-0.043,22.0,-0.066,H,#A5AFB9,11,2.0,0,0,0.589,0,0,0,0,0.0,10
1,2023,2023151,17,Haas F1 Team,22,MAG,Kevin Magnussen,20,#505050,32.0,880,100.464,100.464,0,0,100.247,0.434,-0.413,0.574,-0.700,22.0,-0.413,-0.079,-0.373,25.0,-0.987,H,#A5AFB9,12,2.0,0,0,0.589,0,0,0,0,0.0,10
1,2023,2023151,17,Haas F1 Team,22,MAG,Kevin Magnussen,20,#505050,33.0,881,100.096,100.096,0,0,100.28,0.368,-0.045,0.598,-0.344,22.0,-0.045,0.598,-0.344,22.0,-0.643,H,#A5AFB9,13,2.0,0,1,0.589,0,0,0,0,0.0,10
1,2023,2023151,17,Haas F1 Team,22,MAG,Kevin Magnussen,20,#505050,34.0,882,101.291,101.291,0,0,100.694,1.195,-0.85,-0.647,-0.526,25.0,-0.850,-0.647,-0.526,25.0,-0.203,H,#A5AFB9,14,2.0,0,0,0.589,0,0,0,0,0.0,10
1,2023,2023151,17,Haas F1 Team,22,MAG,Kevin Magnussen,20,#505050,35.0,883,102.612,102.612,0,0,101.952,1.321,-2.008,-0.990,-1.513,25.0,-2.008,-1.726,-1.145,25.0,-1.018,H,#A5AFB9,15,2.0,0,0,0.589,0,0,0,0,0.0,10
1,2023,2023151,17,Haas F1 Team,22,MAG,Kevin Magnussen,20,#505050,36.0,884,108.13,102.482,1,0,102.547,5.518,-7.541,-7.002,-4.040,25.0,-1.893,-1.354,-1.216,25.0,-0.539,H,#A5AFB9,16,2.0,0,0,0.589,0,0,0,0,-6.0,16
1,2023,2023151,17,Haas F1 Team,22,MAG,Kevin Magnussen,20,#505050,37.0,885,102.352,102.352,0,0,102.417,5.778,-1.74,-1.870,-0.805,25.0,-1.740,-1.870,-0.805,25.0,0.13,H,#A5AFB9,17,2.0,0,0,0.589,0,0,0,0,0.0,16
1,2023,2023151,17,Haas F1 Team,22,MAG,Kevin Magnussen,20,#505050,38.0,886,101.591,101.591,0,0,101.971,0.761,-0.879,-0.540,-0.609,25.0,-0.879,-0.540,-0.609,25.0,-0.339,H,#A5AFB9,18,2.0,0,0,0.589,0,0,0,0,0.0,16
1,2023,2023151,17,Haas F1 Team,22,MAG,Kevin Magnussen,20,#505050,39.0,887,101.934,101.934,0,0,101.762,0.343,-1.291,0.076,-1.329,22.0,-1.291,-0.780,-0.901,25.0,-1.367,H,#A5AFB9,19,2.0,0,0,0.589,0,0,0,0,0.0,16
1,2023,2023151,17,Haas F1 Team,22,MAG,Kevin Magnussen,20,#505050,40.0,888,101.757,101.757,0,0,101.846,0.177,-1.519,-0.500,-1.269,25.0,-1.519,-0.500,-1.269,25.0,-1.019,H,#A5AFB9,20,2.0,0,0,0.589,0,0,0,0,0.0,15
1,2023,2023151,17,Haas F1 Team,22,MAG,Kevin Magnussen,20,#505050,41.0,889,101.307,101.307,0,0,101.532,0.450,-1.24,-0.620,-0.930,25.0,-1.240,-0.620,-0.930,25.0,-0.62,H,#A5AFB9,21,2.0,0,0,0.589,0,0,0,0,0.0,14
1,2023,2023151,17,Haas F1 Team,22,MAG,Kevin Magnussen,20,#505050,42.0,890,100.956,100.956,0,0,101.132,0.351,-1.13,-0.433,-0.913,25.0,-1.130,-0.433,-0.913,25.0,-0.697,H,#A5AFB9,22,2.0,0,0,0.589,0,0,0,0,0.0,14
1,2023,2023151,17,Haas F1 Team,22,MAG,Kevin Magnussen,20,#505050,43.0,891,-,-,0,1,-,-,-,-,-,-,-,-,-,-,,H,#A5AFB9,23,2.0,1,0,0.589,0,0,0,1,0.0,14
1,2023,2023151,17,Haas F1 Team,22,MAG,Kevin Magnussen,20,#505050,44.0,892,-,-,0,1,-,-,-,-,-,-,-,-,-,-,,S,#CD3C3C,4,3.0,0,0,0.451,0,0,1,0,0.0,15
1,2023,2023151,17,Haas F1 Team,22,MAG,Kevin Magnussen,20,#505050,45.0,893,99.787,99.787,0,0,-,-,-0.654,-,-,-,-0.654,-,-,-,,S,#CD3C3C,5,3.0,0,0,0.451,0,0,0,0,0.0,14
1,2023,2023151,17,Haas F1 Team,22,MAG,Kevin Magnussen,20,#505050,46.0,894,100.988,99.764,1,0,99.776,1.201,-1.825,-0.983,-1.333,25.0,-0.601,0.241,-0.722,22.0,-0.842,S,#CD3C3C,6,3.0,0,0,0.451,0,0,0,0,0.0,14
1,2023,2023151,17,Haas F1 Team,22,MAG,Kevin Magnussen,20,#505050,47.0,895,99.742,99.742,0,0,99.753,1.246,-1.483,0.229,-1.597,22.0,-1.483,0.229,-1.597,22.0,-1.712,S,#CD3C3C,7,3.0,0,0,0.451,0,0,0,0,0.0,14
1,2023,2023151,17,Haas F1 Team,22,MAG,Kevin Magnussen,20,#505050,48.0,896,98.107,98.107,0,0,98.924,1.635,0.267,2.682,-1.074,22.0,0.267,2.682,-1.074,22.0,-2.415,S,#CD3C3C,8,3.0,0,0,0.451,0,0,0,0,0.0,14
1,2023,2023151,17,Haas F1 Team,22,MAG,Kevin Magnussen,20,#505050,49.0,897,98.367,98.367,0,0,98.237,0.260,0.059,2.283,-1.083,22.0,0.059,2.283,-1.083,22.0,-2.224,S,#CD3C3C,9,3.0,0,0,0.451,0,0,0,0,0.0,14
1,2023,2023151,17,Haas F1 Team,22,MAG,Kevin Magnussen,20,#505050,50.0,898,98.28,98.28,0,0,98.324,0.087,0.096,1.643,-0.725,22.0,0.096,1.643,-0.725,22.0,-1.547,S,#CD3C3C,10,3.0,0,0,0.451,0,0,0,0,0.0,14
1,2023,2023151,17,Haas F1 Team,22,MAG,Kevin Magnussen,20,#505050,51.0,899,98.215,98.215,0,0,98.248,0.065,0.27,2.514,-0.987,22.0,0.270,2.514,-0.987,22.0,-2.244,S,#CD3C3C,11,3.0,0,0,0.451,0,0,0,0,0.0,14
1,2023,2023151,17,Haas F1 Team,22,MAG,Kevin Magnussen,20,#505050,52.0,900,98.407,98.407,0,0,98.311,0.192,0.248,2.539,-1.022,22.0,0.248,2.539,-1.022,22.0,-2.291,S,#CD3C3C,12,3.0,0,0,0.451,0,0,0,0,0.0,14
1,2023,2023151,17,Haas F1 Team,22,MAG,Kevin Magnussen,20,#505050,53.0,901,98.693,98.693,0,0,98.55,0.286,0.339,5.115,-2.219,22.0,0.339,2.739,-1.030,22.0,-4.776,S,#CD3C3C,13,3.0,0,1,0.451,0,0,0,0,0.0,14
1,2023,2023151,17,Haas F1 Team,22,MAG,Kevin Magnussen,20,#505050,54.0,902,98.495,98.495,0,0,98.594,0.198,0.572,3.423,-1.139,22.0,0.572,3.423,-1.139,22.0,-2.851,S,#CD3C3C,14,3.0,0,0,0.451,0,0,0,0,0.0,14
1,2023,2023151,17,Haas F1 Team,22,MAG,Kevin Magnussen,20,#505050,55.0,903,98.29,98.29,0,0,98.393,0.205,0.492,2.870,-0.943,22.0,0.492,2.870,-0.943,22.0,-2.378,S,#CD3C3C,15,3.0,0,0,0.451,0,0,0,0,0.0,14
1,2023,2023151,17,Haas F1 Team,22,MAG,Kevin Magnussen,20,#505050,56.0,904,98.567,98.567,0,0,98.428,0.277,0.273,2.718,-1.086,22.0,0.273,2.718,-1.086,22.0,-2.445,S,#CD3C3C,16,3.0,0,0,0.451,0,0,0,0,0.0,14
1,2023,2023151,17,Haas F1 Team,22,MAG,Kevin Magnussen,20,#505050,57.0,905,98.954,98.954,0,0,98.76,0.387,0.341,2.456,-0.887,22.0,0.341,2.456,-0.887,22.0,-2.115,S,#CD3C3C,17,3.0,0,0,0.451,0,0,0,0,0.0,14
1,2023,2023151,17,Haas F1 Team,22,MAG,Kevin Magnussen,20,#505050,58.0,906,102.141,99.676,1,0,99.315,3.187,-2.312,0.036,-2.330,22.0,0.153,2.501,-1.097,22.0,-2.348,S,#CD3C3C,18,3.0,0,0,0.451,0,0,0,0,1.0,13
1,2023,2023151,17,Haas F1 Team,22,MAG,Kevin Magnussen,20,#505050,59.0,907,100.398,100.398,0,0,100.037,1.743,-0.397,1.140,-0.967,22.0,-0.397,1.140,-0.967,22.0,-1.537,S,#CD3C3C,19,3.0,0,0,0.451,0,0,0,0,1.0,12
1,2023,2023151,17,Haas F1 Team,22,MAG,Kevin Magnussen,20,#505050,60.0,908,99.695,99.695,0,0,100.046,0.703,0.129,5.071,-2.407,22.0,0.129,2.825,-1.284,22.0,-4.942,S,#CD3C3C,20,3.0,0,0,0.451,0,0,0,0,1.0,11
1,2023,2023151,17,Haas F1 Team,22,MAG,Kevin Magnussen,20,#505050,61.0,909,98.445,98.445,0,0,99.07,1.250,1.416,5.058,-1.113,22.0,1.416,5.058,-1.113,22.0,-3.642,S,#CD3C3C,21,3.0,0,0,0.451,0,0,0,0,0.0,11
1,2023,2023151,17,Haas F1 Team,22,MAG,Kevin Magnussen,20,#505050,62.0,910,99.418,99.418,0,0,98.932,0.973,1.639,4.310,-0.516,22.0,1.639,4.310,-0.516,22.0,-2.671,S,#CD3C3C,22,3.0,0,0,0.451,0,0,0,0,0.0,10
1,2023,2023151,17,Haas F1 Team,25,HUL,Nico Hulkenberg,27,#505050,1.0,849,-,-,0,1,-,-,-,-,-,-,-,-,-,-,,M,#F0E628,1,1.0,0,0,0.123,0,0,0,0,,9
1,2023,2023151,17,Haas F1 Team,25,HUL,Nico Hulkenberg,27,#505050,2.0,850,-,-,0,1,-,-,-,-,-,-,-,-,-,-,,M,#F0E628,2,1.0,0,0,0.123,0,0,0,0,-1.0,10
1,2023,2023151,17,Haas F1 Team,25,HUL,Nico Hulkenberg,27,#505050,3.0,851,101.4,101.4,0,0,-,-,0.063,-0.139,-0.006,25.0,0.063,-0.139,-0.006,25.0,-0.076,M,#F0E628,3,1.0,0,0,0.123,0,0,0,0,0.0,10
1,2023,2023151,17,Haas F1 Team,25,HUL,Nico Hulkenberg,27,#505050,4.0,852,101.256,101.256,0,0,101.328,0.144,-0.112,0.252,0.014,22.0,-0.112,0.252,0.014,22.0,0.14,M,#F0E628,4,1.0,0,0,0.123,0,0,0,0,0.0,10
1,2023,2023151,17,Haas F1 Team,25,HUL,Nico Hulkenberg,27,#505050,5.0,853,101.35,101.35,0,0,101.303,0.094,-0.282,-0.119,-0.342,25.0,-0.282,-0.119,-0.342,25.0,-0.401,M,#F0E628,5,1.0,0,0,0.123,0,0,0,0,0.0,10
1,2023,2023151,17,Haas F1 Team,25,HUL,Nico Hulkenberg,27,#505050,6.0,854,101.949,101.233,1,0,101.292,0.599,-0.996,-0.677,-1.335,25.0,-0.280,0.082,-0.239,22.0,-1.673,M,#F0E628,6,1.0,0,0,0.123,0,0,0,0,0.0,10
1,2023,2023151,17,Haas F1 Team,25,HUL,Nico Hulkenberg,27,#505050,7.0,855,101.117,101.117,0,0,101.175,0.832,-0.192,0.283,-0.051,22.0,-0.192,0.283,-0.051,22.0,0.091,M,#F0E628,7,1.0,0,0,0.123,0,0,0,0,0.0,10
1,2023,2023151,17,Haas F1 Team,25,HUL,Nico Hulkenberg,27,#505050,8.0,856,100.734,100.734,0,0,100.926,0.383,-0.033,0.104,0.019,22.0,-0.033,0.104,0.019,22.0,0.071,M,#F0E628,8,1.0,0,0,0.123,0,0,0,0,0.0,10
1,2023,2023151,17,Haas F1 Team,25,HUL,Nico Hulkenberg,27,#505050,9.0,857,100.978,100.684,1,0,100.709,0.244,-0.502,-0.017,-0.510,25.0,-0.207,0.116,-0.149,22.0,-0.519,M,#F0E628,9,1.0,0,0,0.123,0,0,0,0,0.0,10
1,2023,2023151,17,Haas F1 Team,25,HUL,Nico Hulkenberg,27,#505050,10.0,858,100.633,100.633,0,0,100.658,0.345,-0.199,0.129,-0.135,22.0,-0.199,0.129,-0.135,22.0,-0.07,M,#F0E628,10,1.0,0,0,0.123,0,0,0,0,0.0,10
1,2023,2023151,17,Haas F1 Team,25,HUL,Nico Hulkenberg,27,#505050,11.0,859,100.559,100.559,0,0,100.596,0.074,-0.071,0.144,0.001,22.0,-0.071,0.144,0.001,22.0,0.073,M,#F0E628,11,1.0,0,1,0.123,0,0,0,0,0.0,10
1,2023,2023151,17,Haas F1 Team,25,HUL,Nico Hulkenberg,27,#505050,12.0,860,100.479,100.479,0,0,100.519,0.080,0.031,-0.226,-0.082,25.0,0.031,-0.226,-0.082,25.0,-0.195,M,#F0E628,12,1.0,0,0,0.123,0,0,0,0,0.0,10
1,2023,2023151,17,Haas F1 Team,25,HUL,Nico Hulkenberg,27,#505050,13.0,861,100.783,100.56,1,0,100.52,0.304,-0.222,-0.045,-0.244,25.0,0.001,-0.268,-0.133,25.0,-0.267,M,#F0E628,13,1.0,0,0,0.123,0,0,0,0,0.0,10
1,2023,2023151,17,Haas F1 Team,25,HUL,Nico Hulkenberg,27,#505050,14.0,862,100.641,100.641,0,0,100.601,0.142,-0.174,0.126,-0.111,22.0,-0.174,0.126,-0.111,22.0,-0.048,M,#F0E628,14,1.0,0,0,0.123,0,0,0,0,0.0,10
1,2023,2023151,17,Haas F1 Team,25,HUL,Nico Hulkenberg,27,#505050,15.0,863,100.693,100.693,0,0,100.667,0.052,-0.281,0.095,-0.234,22.0,-0.281,0.095,-0.234,22.0,-0.186,M,#F0E628,15,1.0,0,0,0.123,0,0,0,0,0.0,10
1,2023,2023151,17,Haas F1 Team,25,HUL,Nico Hulkenberg,27,#505050,16.0,864,100.789,100.789,0,0,100.741,0.096,-0.329,0.118,-0.270,22.0,-0.329,0.118,-0.270,22.0,-0.211,M,#F0E628,16,1.0,0,0,0.123,0,0,0,0,0.0,10
1,2023,2023151,17,Haas F1 Team,25,HUL,Nico Hulkenberg,27,#505050,17.0,865,100.753,100.753,0,0,100.771,0.036,-0.235,-0.106,-0.288,25.0,-0.235,-0.106,-0.288,25.0,-0.341,M,#F0E628,17,1.0,0,0,0.123,0,0,0,0,0.0,10
1,2023,2023151,17,Haas F1 Team,25,HUL,Nico Hulkenberg,27,#505050,18.0,866,100.877,100.877,0,0,100.815,0.124,-0.356,-0.116,-0.414,25.0,-0.356,-0.116,-0.414,25.0,-0.472,M,#F0E628,18,1.0,0,0,0.123,0,0,0,0,0.0,10
1,2023,2023151,17,Haas F1 Team,25,HUL,Nico Hulkenberg,27,#505050,19.0,867,101.096,101.096,0,0,100.986,0.219,-0.394,0.089,-0.349,22.0,-0.394,0.089,-0.349,22.0,-0.305,M,#F0E628,19,1.0,0,0,0.123,0,0,0,0,0.0,10
1,2023,2023151,17,Haas F1 Team,25,HUL,Nico Hulkenberg,27,#505050,20.0,868,-,-,0,1,-,-,-,-,-,-,-,-,-,-,,M,#F0E628,20,1.0,1,0,0.123,0,1,0,0,0.0,11
1,2023,2023151,17,Haas F1 Team,25,HUL,Nico Hulkenberg,27,#505050,21.0,869,-,-,0,1,-,-,-,-,-,-,-,-,-,-,,H,#A5AFB9,1,2.0,0,0,0.473,0,0,0,0,0.0,15
1,2023,2023151,17,Haas F1 Team,25,HUL,Nico Hulkenberg,27,#505050,22.0,870,-,-,0,1,-,-,-,-,-,-,-,-,-,-,,H,#A5AFB9,2,2.0,0,0,0.473,1,0,0,0,0.0,15
1,2023,2023151,17,Haas F1 Team,25,HUL,Nico Hulkenberg,27,#505050,23.0,871,-,-,0,1,-,-,-,-,-,-,-,-,-,-,,H,#A5AFB9,3,2.0,0,0,0.473,0,0,0,0,0.0,15
1,2023,2023151,17,Haas F1 Team,25,HUL,Nico Hulkenberg,27,#505050,24.0,872,103.044,103.044,0,0,-,-,-0.803,0.701,-0.453,22.0,-0.803,0.701,-0.453,22.0,-0.102,H,#A5AFB9,4,2.0,0,0,0.473,0,0,0,0,1.0,14
1,2023,2023151,17,Haas F1 Team,25,HUL,Nico Hulkenberg,27,#505050,25.0,873,101.165,101.165,0,0,102.104,1.879,-0.393,0.056,-0.365,22.0,-0.393,0.056,-0.365,22.0,-0.337,H,#A5AFB9,5,2.0,0,0,0.473,0,0,0,0,0.0,14
1,2023,2023151,17,Haas F1 Team,25,HUL,Nico Hulkenberg,27,#505050,26.0,874,100.93,100.93,0,0,101.048,0.235,-0.464,0.079,-0.424,22.0,-0.464,0.079,-0.424,22.0,-0.385,H,#A5AFB9,6,2.0,0,0,0.473,0,0,0,0,0.0,14
1,2023,2023151,17,Haas F1 Team,25,HUL,Nico Hulkenberg,27,#505050,27.0,875,100.425,100.425,0,0,100.678,0.505,-0.096,-0.056,-0.124,25.0,-0.096,-0.056,-0.124,25.0,-0.152,H,#A5AFB9,7,2.0,0,0,0.473,0,0,0,0,0.0,14
1,2023,2023151,17,Haas F1 Team,25,HUL,Nico Hulkenberg,27,#505050,28.0,876,101.78,100.998,1,0,100.711,1.355,-1.057,0.201,-0.957,22.0,-0.274,-0.582,-0.565,25.0,-0.856,H,#A5AFB9,8,2.0,0,0,0.473,0,0,0,0,0.0,14
1,2023,2023151,17,Haas F1 Team,25,HUL,Nico Hulkenberg,27,#505050,29.0,877,101.57,101.57,0,0,101.284,0.210,-0.695,0.005,-0.692,22.0,-0.695,0.005,-0.692,22.0,-0.69,H,#A5AFB9,9,2.0,0,0,0.473,0,0,0,0,0.0,14
1,2023,2023151,17,Haas F1 Team,25,HUL,Nico Hulkenberg,27,#505050,30.0,878,100.692,100.692,0,0,101.131,0.878,-0.45,0.468,-0.216,22.0,-0.450,0.468,-0.216,22.0,0.018,H,#A5AFB9,10,2.0,0,0,0.473,0,0,0,0,0.0,14
1,2023,2023151,17,Haas F1 Team,25,HUL,Nico Hulkenberg,27,#505050,31.0,879,100.076,100.076,0,0,100.384,0.616,-0.066,0.046,-0.043,22.0,-0.066,0.046,-0.043,22.0,-0.02,H,#A5AFB9,11,2.0,0,0,0.473,0,0,0,0,0.0,14
1,2023,2023151,17,Haas F1 Team,25,HUL,Nico Hulkenberg,27,#505050,32.0,880,101.038,100.385,1,0,100.23,0.962,-0.987,0.574,-0.700,22.0,-0.334,-0.079,-0.373,25.0,-0.413,H,#A5AFB9,12,2.0,0,0,0.473,0,0,0,0,0.0,14
1,2023,2023151,17,Haas F1 Team,25,HUL,Nico Hulkenberg,27,#505050,33.0,881,100.694,100.694,0,0,100.54,0.344,-0.643,0.598,-0.344,22.0,-0.643,0.598,-0.344,22.0,-0.045,H,#A5AFB9,13,2.0,0,0,0.473,0,0,0,0,0.0,14
1,2023,2023151,17,Haas F1 Team,25,HUL,Nico Hulkenberg,27,#505050,34.0,882,100.644,100.644,0,0,100.669,0.050,-0.203,-0.647,-0.526,25.0,-0.203,-0.647,-0.526,25.0,-0.85,H,#A5AFB9,14,2.0,0,0,0.473,0,0,0,0,0.0,14
1,2023,2023151,17,Haas F1 Team,25,HUL,Nico Hulkenberg,27,#505050,35.0,883,101.622,100.886,1,0,100.765,0.978,-1.018,-0.990,-1.513,25.0,-0.282,-1.726,-1.145,25.0,-2.008,H,#A5AFB9,15,2.0,0,0,0.473,0,0,0,0,0.0,14
1,2023,2023151,17,Haas F1 Team,25,HUL,Nico Hulkenberg,27,#505050,36.0,884,101.128,101.128,0,0,101.007,0.494,-0.539,-7.002,-4.040,25.0,-0.539,-1.354,-1.216,25.0,-7.541,H,#A5AFB9,16,2.0,0,0,0.473,0,0,0,0,1.0,13
1,2023,2023151,17,Haas F1 Team,25,HUL,Nico Hulkenberg,27,#505050,37.0,885,100.482,100.482,0,0,100.805,0.646,0.13,-1.870,-0.805,25.0,0.130,-1.870,-0.805,25.0,-1.74,H,#A5AFB9,17,2.0,0,0,0.473,0,0,0,0,0.0,13
1,2023,2023151,17,Haas F1 Team,25,HUL,Nico Hulkenberg,27,#505050,38.0,886,101.051,101.051,0,0,100.767,0.569,-0.339,-0.540,-0.609,25.0,-0.339,-0.540,-0.609,25.0,-0.879,H,#A5AFB9,18,2.0,0,0,0.473,0,0,0,0,0.0,13
1,2023,2023151,17,Haas F1 Team,25,HUL,Nico Hulkenberg,27,#505050,39.0,887,102.01,101.154,1,0,101.102,0.959,-1.367,0.076,-1.329,22.0,-0.511,-0.780,-0.901,25.0,-1.291,H,#A5AFB9,19,2.0,0,0,0.473,0,0,0,0,0.0,12
1,2023,2023151,17,Haas F1 Team,25,HUL,Nico Hulkenberg,27,#505050,40.0,888,101.257,101.257,0,0,101.206,0.753,-1.019,-0.500,-1.269,25.0,-1.019,-0.500,-1.269,25.0,-1.519,H,#A5AFB9,20,2.0,0,0,0.473,0,0,0,0,0.0,12
1,2023,2023151,17,Haas F1 Team,25,HUL,Nico Hulkenberg,27,#505050,41.0,889,100.687,100.687,0,0,100.972,0.570,-0.62,-0.620,-0.930,25.0,-0.620,-0.620,-0.930,25.0,-1.24,H,#A5AFB9,21,2.0,0,1,0.473,0,0,0,0,0.0,11
1,2023,2023151,17,Haas F1 Team,25,HUL,Nico Hulkenberg,27,#505050,42.0,890,100.523,100.523,0,0,100.605,0.164,-0.697,-0.433,-0.913,25.0,-0.697,-0.433,-0.913,25.0,-1.13,H,#A5AFB9,22,2.0,0,0,0.473,0,0,0,0,0.0,11
1,2023,2023151,17,Haas F1 Team,25,HUL,Nico Hulkenberg,27,#505050,43.0,891,-,-,0,1,-,-,-,-,-,-,-,-,-,-,,H,#A5AFB9,23,2.0,0,0,0.473,0,0,0,1,0.0,10
1,2023,2023151,17,Haas F1 Team,25,HUL,Nico Hulkenberg,27,#505050,44.0,892,-,-,0,1,-,-,-,-,-,-,-,-,-,-,,H,#A5AFB9,24,2.0,0,0,0.473,0,0,0,0,0.0,10
1,2023,2023151,17,Haas F1 Team,25,HUL,Nico Hulkenberg,27,#505050,45.0,893,-,-,0,1,-,-,-,-,-,-,-,-,-,-,-0.654,H,#A5AFB9,25,2.0,0,0,0.473,0,0,1,0,0.0,9
1,2023,2023151,17,Haas F1 Team,25,HUL,Nico Hulkenberg,27,#505050,46.0,894,100.005,100.005,0,0,-,-,-0.842,-0.983,-1.333,25.0,-0.842,0.241,-0.722,22.0,-1.825,H,#A5AFB9,26,2.0,0,0,0.473,0,0,0,0,0.0,9
1,2023,2023151,17,Haas F1 Team,25,HUL,Nico Hulkenberg,27,#505050,47.0,895,99.971,99.971,0,0,99.988,0.034,-1.712,0.229,-1.597,22.0,-1.712,0.229,-1.597,22.0,-1.483,H,#A5AFB9,27,2.0,0,0,0.473,0,0,0,0,0.0,9
1,2023,2023151,17,Haas F1 Team,25,HUL,Nico Hulkenberg,27,#505050,48.0,896,100.789,100.789,0,0,100.38,0.818,-2.415,2.682,-1.074,22.0,-2.415,2.682,-1.074,22.0,0.267,H,#A5AFB9,28,2.0,0,0,0.473,0,0,0,0,-1.0,10
1,2023,2023151,17,Haas F1 Team,25,HUL,Nico Hulkenberg,27,#505050,49.0,897,100.65,100.65,0,0,100.72,0.139,-2.224,2.283,-1.083,22.0,-2.224,2.283,-1.083,22.0,0.059,H,#A5AFB9,29,2.0,0,0,0.473,0,0,0,0,0.0,10
1,2023,2023151,17,Haas F1 Team,25,HUL,Nico Hulkenberg,27,#505050,50.0,898,99.923,99.923,0,0,100.286,0.727,-1.547,1.643,-0.725,22.0,-1.547,1.643,-0.725,22.0,0.096,H,#A5AFB9,30,2.0,0,0,0.473,0,0,0,0,0.0,10
1,2023,2023151,17,Haas F1 Team,25,HUL,Nico Hulkenberg,27,#505050,51.0,899,100.729,100.729,0,0,100.326,0.806,-2.244,2.514,-0.987,22.0,-2.244,2.514,-0.987,22.0,0.27,H,#A5AFB9,31,2.0,0,0,0.473,0,0,0,0,0.0,10
1,2023,2023151,17,Haas F1 Team,25,HUL,Nico Hulkenberg,27,#505050,52.0,900,100.946,100.946,0,0,100.838,0.217,-2.291,2.539,-1.022,22.0,-2.291,2.539,-1.022,22.0,0.248,H,#A5AFB9,32,2.0,0,0,0.473,0,0,0,0,0.0,10
1,2023,2023151,17,Haas F1 Team,25,HUL,Nico Hulkenberg,27,#505050,53.0,901,103.808,101.432,1,0,101.189,2.862,-4.776,5.115,-2.219,22.0,-2.400,2.739,-1.030,22.0,0.339,H,#A5AFB9,33,2.0,0,0,0.473,0,0,0,0,-2.0,12
1,2023,2023151,17,Haas F1 Team,25,HUL,Nico Hulkenberg,27,#505050,54.0,902,101.918,101.918,0,0,101.675,1.890,-2.851,3.423,-1.139,22.0,-2.851,3.423,-1.139,22.0,0.572,H,#A5AFB9,34,2.0,0,0,0.473,0,0,0,0,0.0,12
1,2023,2023151,17,Haas F1 Team,25,HUL,Nico Hulkenberg,27,#505050,55.0,903,101.16,101.16,0,0,101.539,0.758,-2.378,2.870,-0.943,22.0,-2.378,2.870,-0.943,22.0,0.492,H,#A5AFB9,35,2.0,0,0,0.473,0,0,0,0,0.0,12
1,2023,2023151,17,Haas F1 Team,25,HUL,Nico Hulkenberg,27,#505050,56.0,904,101.285,101.285,0,0,101.222,0.125,-2.445,2.718,-1.086,22.0,-2.445,2.718,-1.086,22.0,0.273,H,#A5AFB9,36,2.0,0,0,0.473,0,0,0,0,0.0,12
1,2023,2023151,17,Haas F1 Team,25,HUL,Nico Hulkenberg,27,#505050,57.0,905,101.41,101.41,0,0,101.348,0.125,-2.115,2.456,-0.887,22.0,-2.115,2.456,-0.887,22.0,0.341,H,#A5AFB9,37,2.0,0,0,0.473,0,0,0,0,0.0,12
1,2023,2023151,17,Haas F1 Team,25,HUL,Nico Hulkenberg,27,#505050,58.0,906,102.177,102.177,0,0,101.794,0.767,-2.348,0.036,-2.330,22.0,-2.348,2.501,-1.097,22.0,-2.312,H,#A5AFB9,38,2.0,0,0,0.473,0,0,0,0,1.0,11
1,2023,2023151,17,Haas F1 Team,25,HUL,Nico Hulkenberg,27,#505050,59.0,907,101.538,101.538,0,0,101.858,0.639,-1.537,1.140,-0.967,22.0,-1.537,1.140,-0.967,22.0,-0.397,H,#A5AFB9,39,2.0,0,0,0.473,0,0,0,0,0.0,11
1,2023,2023151,17,Haas F1 Team,25,HUL,Nico Hulkenberg,27,#505050,60.0,908,104.766,102.52,1,0,102.029,3.228,-4.942,5.071,-2.407,22.0,-2.696,2.825,-1.284,22.0,0.129,H,#A5AFB9,40,2.0,0,0,0.473,0,0,0,0,-2.0,13
1,2023,2023151,17,Haas F1 Team,25,HUL,Nico Hulkenberg,27,#505050,61.0,909,103.503,103.503,0,0,103.012,1.263,-3.642,5.058,-1.113,22.0,-3.642,5.058,-1.113,22.0,1.416,H,#A5AFB9,41,2.0,0,0,0.473,0,0,0,0,-1.0,14
1,2023,2023151,17,Haas F1 Team,25,HUL,Nico Hulkenberg,27,#505050,62.0,910,103.728,103.728,0,0,103.616,0.225,-2.671,4.310,-0.516,22.0,-2.671,4.310,-0.516,22.0,1.639,H,#A5AFB9,42,2.0,0,0,0.473,0,0,0,0,0.0,13
1,2023,2023161,18,Haas F1 Team,22,MAG,Kevin Magnussen,20,#505050,1.0,911,-,-,0,1,-,-,-,-,-,-,-,-,-,-,,M,#F0E628,1,1.0,0,0,0.118,0,1,0,0,,15
1,2023,2023161,18,Haas F1 Team,22,MAG,Kevin Magnussen,20,#505050,2.0,912,-,-,0,1,-,-,-,-,-,-,-,-,-,-,,M,#F0E628,2,1.0,0,0,0.118,0,0,0,0,0.0,15
1,2023,2023161,18,Haas F1 Team,22,MAG,Kevin Magnussen,20,#505050,3.0,913,-,-,0,1,-,-,-,-,-,-,-,-,-,-,,M,#F0E628,3,1.0,0,0,0.118,0,0,0,0,0.0,14
1,2023,2023161,18,Haas F1 Team,22,MAG,Kevin Magnussen,20,#505050,4.0,914,-,-,0,1,-,-,-,-,-,-,-,-,-,-,,M,#F0E628,4,1.0,0,0,0.118,1,0,0,0,0.0,14
1,2023,2023161,18,Haas F1 Team,22,MAG,Kevin Magnussen,20,#505050,5.0,915,-,-,0,1,-,-,-,-,-,-,-,-,-,-,,M,#F0E628,5,1.0,0,0,0.118,0,0,0,0,0.0,14
1,2023,2023161,18,Haas F1 Team,22,MAG,Kevin Magnussen,20,#505050,6.0,916,100.367,100.367,0,0,-,-,-0.642,-,-,-,-0.642,-,-,-,,M,#F0E628,6,1.0,0,0,0.118,0,0,0,0,0.0,14
1,2023,2023161,18,Haas F1 Team,22,MAG,Kevin Magnussen,20,#505050,7.0,917,100.571,100.571,0,0,100.469,0.204,-0.915,-,-,-,-0.915,-,-,-,,M,#F0E628,7,1.0,0,0,0.118,0,0,0,0,0.0,14
1,2023,2023161,18,Haas F1 Team,22,MAG,Kevin Magnussen,20,#505050,8.0,918,100.534,100.534,0,0,100.553,0.037,-0.856,-,-,-,-0.856,-,-,-,,M,#F0E628,8,1.0,0,1,0.118,0,0,0,0,0.0,13
1,2023,2023161,18,Haas F1 Team,22,MAG,Kevin Magnussen,20,#505050,9.0,919,100.318,100.318,0,0,100.426,0.216,-0.496,-,-,-,-0.496,-,-,-,,M,#F0E628,9,1.0,0,0,0.118,0,0,0,0,0.0,13
1,2023,2023161,18,Haas F1 Team,22,MAG,Kevin Magnussen,20,#505050,10.0,920,100.956,100.956,0,0,100.637,0.638,-1.137,2.232,-0.021,25.0,-1.137,2.232,-0.021,25.0,1.095,M,#F0E628,10,1.0,0,0,0.118,0,0,0,0,0.0,12
1,2023,2023161,18,Haas F1 Team,22,MAG,Kevin Magnussen,20,#505050,11.0,921,101.042,101.042,0,0,100.999,0.086,-1.126,1.193,-0.529,25.0,-1.126,1.193,-0.529,25.0,0.067,M,#F0E628,11,1.0,0,0,0.118,0,0,0,0,-1.0,12
1,2023,2023161,18,Haas F1 Team,22,MAG,Kevin Magnussen,20,#505050,12.0,922,-,-,0,1,-,-,-,-,-,-,-,-,-,-,-0.351,M,#F0E628,12,1.0,1,0,0.118,0,0,0,0,0.0,18
1,2023,2023161,18,Haas F1 Team,22,MAG,Kevin Magnussen,20,#505050,13.0,923,-,-,0,1,-,-,-,-,-,-,-,-,-,-,,H,#A5AFB9,1,2.0,0,0,0.214,0,0,0,1,0.0,17
1,2023,2023161,18,Haas F1 Team,22,MAG,Kevin Magnussen,20,#505050,14.0,924,-,-,0,1,-,-,-,-,-,-,-,-,-,-,,H,#A5AFB9,2,2.0,0,0,0.214,0,0,1,0,0.0,16
1,2023,2023161,18,Haas F1 Team,22,MAG,Kevin Magnussen,20,#505050,15.0,925,98.373,98.373,0,0,-,-,0.917,-1.255,0.289,22.0,0.917,-1.255,0.289,22.0,-0.338,H,#A5AFB9,3,2.0,0,0,0.214,0,0,0,0,0.0,16
1,2023,2023161,18,Haas F1 Team,22,MAG,Kevin Magnussen,20,#505050,16.0,926,99.064,99.064,0,0,98.718,0.691,0.405,-0.571,0.119,22.0,0.405,-0.571,0.119,22.0,-0.166,H,#A5AFB9,4,2.0,0,0,0.214,0,0,0,0,0.0,16
1,2023,2023161,18,Haas F1 Team,22,MAG,Kevin Magnussen,20,#505050,17.0,927,99.208,99.208,0,0,99.136,0.144,0.412,-0.925,-0.051,22.0,0.412,-0.925,-0.051,22.0,-0.513,H,#A5AFB9,5,2.0,0,0,0.214,0,0,0,0,0.0,16
1,2023,2023161,18,Haas F1 Team,22,MAG,Kevin Magnussen,20,#505050,18.0,928,99.285,99.285,0,0,99.246,0.077,0.153,-2.113,-0.903,22.0,0.153,-0.944,-0.319,22.0,-1.96,H,#A5AFB9,6,2.0,0,0,0.214,0,0,0,0,0.0,16
1,2023,2023161,18,Haas F1 Team,22,MAG,Kevin Magnussen,20,#505050,19.0,929,99.437,99.437,0,0,99.361,0.152,-0.116,-0.888,-0.560,22.0,-0.116,-0.888,-0.560,22.0,-1.004,H,#A5AFB9,7,2.0,0,0,0.214,0,0,0,0,0.0,16
1,2023,2023161,18,Haas F1 Team,22,MAG,Kevin Magnussen,20,#505050,20.0,930,99.268,99.268,0,0,99.352,0.169,0.094,-1.309,-0.560,22.0,0.094,-1.309,-0.560,22.0,-1.215,H,#A5AFB9,8,2.0,0,0,0.214,0,0,0,0,0.0,16
1,2023,2023161,18,Haas F1 Team,22,MAG,Kevin Magnussen,20,#505050,21.0,931,99.634,99.634,0,0,99.451,0.366,-0.344,-,-,-,-0.344,-,-,-,,H,#A5AFB9,9,2.0,0,0,0.214,0,0,0,0,0.0,15
1,2023,2023161,18,Haas F1 Team,22,MAG,Kevin Magnussen,20,#505050,22.0,932,99.755,99.755,0,0,99.694,0.121,-0.563,-,-,-,-0.563,-,-,-,,H,#A5AFB9,10,2.0,0,1,0.214,0,0,0,0,0.0,14
1,2023,2023161,18,Haas F1 Team,22,MAG,Kevin Magnussen,20,#505050,23.0,933,99.53,99.53,0,0,99.642,0.225,-0.264,0.203,-0.163,25.0,-0.264,0.203,-0.163,25.0,-0.061,H,#A5AFB9,11,2.0,0,0,0.214,0,0,0,0,0.0,14
1,2023,2023161,18,Haas F1 Team,22,MAG,Kevin Magnussen,20,#505050,24.0,934,99.841,99.841,0,0,99.685,0.311,-0.748,1.513,0.009,25.0,-0.748,1.513,0.009,25.0,0.765,H,#A5AFB9,12,2.0,0,0,0.214,0,0,0,0,0.0,14
1,2023,2023161,18,Haas F1 Team,22,MAG,Kevin Magnussen,20,#505050,25.0,935,99.501,99.501,0,0,99.671,0.340,-0.562,0.914,-0.105,25.0,-0.562,0.914,-0.105,25.0,0.352,H,#A5AFB9,13,2.0,0,0,0.214,0,0,0,0,0.0,14
1,2023,2023161,18,Haas F1 Team,22,MAG,Kevin Magnussen,20,#505050,26.0,936,100.681,99.578,1,0,99.54,1.180,-1.783,2.263,-0.651,25.0,-0.680,1.160,-0.100,25.0,0.48,H,#A5AFB9,14,2.0,0,0,0.214,0,0,0,0,-1.0,14
1,2023,2023161,18,Haas F1 Team,22,MAG,Kevin Magnussen,20,#505050,27.0,937,99.656,99.656,0,0,99.617,1.025,-0.9,1.334,-0.233,25.0,-0.900,1.334,-0.233,25.0,0.434,H,#A5AFB9,15,2.0,0,0,0.214,0,0,0,0,0.0,14
1,2023,2023161,18,Haas F1 Team,22,MAG,Kevin Magnussen,20,#505050,28.0,938,100.279,100.279,0,0,99.968,0.623,-1.573,1.470,-0.838,25.0,-1.573,1.848,-0.649,25.0,-0.103,H,#A5AFB9,16,2.0,0,0,0.214,0,0,0,0,0.0,14
1,2023,2023161,18,Haas F1 Team,22,MAG,Kevin Magnussen,20,#505050,29.0,939,100.344,100.344,0,0,100.312,0.065,-1.688,1.803,-0.786,25.0,-1.688,1.803,-0.786,25.0,0.115,H,#A5AFB9,17,2.0,0,0,0.214,0,0,0,0,0.0,14
1,2023,2023161,18,Haas F1 Team,22,MAG,Kevin Magnussen,20,#505050,30.0,940,101.122,101.122,0,0,100.733,0.778,-2.692,2.499,-1.442,25.0,-2.692,2.499,-1.442,25.0,-0.193,H,#A5AFB9,18,2.0,0,0,0.214,0,0,0,0,-1.0,14
1,2023,2023161,18,Haas F1 Team,22,MAG,Kevin Magnussen,20,#505050,31.0,941,-,-,0,1,-,-,-,-,-,-,-,-,-,-,-0.768,H,#A5AFB9,19,2.0,1,0,0.214,0,0,0,0,0.0,13
1,2023,2023161,18,Haas F1 Team,22,MAG,Kevin Magnussen,20,#505050,32.0,942,-,-,0,1,-,-,-,-,-,-,-,-,-,-,-0.202,H,#A5AFB9,1,3.0,0,0,0.371,0,0,0,0,0.0,15
1,2023,2023161,18,Haas F1 Team,22,MAG,Kevin Magnussen,20,#505050,33.0,943,98.277,98.277,0,0,-,-,-0.012,-0.273,-0.148,22.0,-0.012,-0.273,-0.148,22.0,-0.285,H,#A5AFB9,2,3.0,0,0,0.371,0,0,0,0,0.0,15
1,2023,2023161,18,Haas F1 Team,22,MAG,Kevin Magnussen,20,#505050,34.0,944,98.264,98.264,0,0,98.27,0.013,-0.159,-0.397,-0.357,22.0,-0.159,-0.397,-0.357,22.0,-0.556,H,#A5AFB9,3,3.0,0,0,0.371,0,0,0,0,0.0,15
1,2023,2023161,18,Haas F1 Team,22,MAG,Kevin Magnussen,20,#505050,35.0,945,98.677,98.677,0,0,98.47,0.413,-0.451,-0.351,-0.627,22.0,-0.451,-0.351,-0.627,22.0,-0.802,H,#A5AFB9,4,3.0,0,0,0.371,0,0,0,0,0.0,15
1,2023,2023161,18,Haas F1 Team,22,MAG,Kevin Magnussen,20,#505050,36.0,946,98.018,98.018,0,0,98.348,0.659,-0.254,-1.943,-1.226,22.0,-0.254,-1.943,-1.226,22.0,-2.197,H,#A5AFB9,5,3.0,0,0,0.371,0,0,0,0,0.0,15
1,2023,2023161,18,Haas F1 Team,22,MAG,Kevin Magnussen,20,#505050,37.0,947,98.172,98.172,0,0,98.095,0.154,-0.433,-,-,-,-0.433,-,-,-,,H,#A5AFB9,6,3.0,0,0,0.371,0,0,0,0,0.0,15
1,2023,2023161,18,Haas F1 Team,22,MAG,Kevin Magnussen,20,#505050,38.0,948,98.221,98.221,0,0,98.196,0.049,-0.797,-,-,-,-0.797,-,-,-,,H,#A5AFB9,7,3.0,0,0,0.371,0,0,0,0,0.0,15
1,2023,2023161,18,Haas F1 Team,22,MAG,Kevin Magnussen,20,#505050,39.0,949,98.005,98.005,0,0,98.113,0.216,-0.739,-0.385,-0.931,22.0,-0.739,-0.385,-0.931,22.0,-1.124,H,#A5AFB9,8,3.0,0,0,0.371,0,0,0,0,0.0,15
1,2023,2023161,18,Haas F1 Team,22,MAG,Kevin Magnussen,20,#505050,40.0,950,97.958,97.958,0,0,97.982,0.047,-0.816,0.302,-0.665,25.0,-0.816,0.302,-0.665,25.0,-0.514,H,#A5AFB9,9,3.0,0,0,0.371,0,0,0,0,0.0,15
1,2023,2023161,18,Haas F1 Team,22,MAG,Kevin Magnussen,20,#505050,41.0,951,97.842,97.842,0,0,97.9,0.116,-0.522,0.447,-0.298,25.0,-0.522,0.447,-0.298,25.0,-0.075,H,#A5AFB9,10,3.0,0,0,0.371,0,0,0,0,0.0,15
1,2023,2023161,18,Haas F1 Team,22,MAG,Kevin Magnussen,20,#505050,42.0,952,99.229,98.024,1,0,97.933,1.387,-1.837,1.920,-0.877,25.0,-0.632,0.715,-0.275,25.0,0.083,H,#A5AFB9,11,3.0,0,1,0.371,0,0,0,0,0.0,15
1,2023,2023161,18,Haas F1 Team,22,MAG,Kevin Magnussen,20,#505050,43.0,953,98.206,98.206,0,0,98.115,1.023,-0.635,0.761,-0.255,25.0,-0.635,0.761,-0.255,25.0,0.126,H,#A5AFB9,12,3.0,0,0,0.371,0,0,0,0,0.0,15
1,2023,2023161,18,Haas F1 Team,22,MAG,Kevin Magnussen,20,#505050,44.0,954,98.066,98.066,0,0,98.136,0.140,-0.425,0.816,-0.017,25.0,-0.425,0.816,-0.017,25.0,0.391,H,#A5AFB9,13,3.0,0,0,0.371,0,0,0,0,0.0,15
1,2023,2023161,18,Haas F1 Team,22,MAG,Kevin Magnussen,20,#505050,45.0,955,98.507,98.507,0,0,98.286,0.441,-0.883,-0.629,-1.198,22.0,-0.883,0.976,-0.395,25.0,-1.512,H,#A5AFB9,14,3.0,0,0,0.371,0,0,0,0,0.0,15
1,2023,2023161,18,Haas F1 Team,22,MAG,Kevin Magnussen,20,#505050,46.0,956,98.898,98.898,0,0,98.702,0.391,-1.168,1.087,-0.624,25.0,-1.168,1.087,-0.624,25.0,-0.081,H,#A5AFB9,15,3.0,0,0,0.371,0,0,0,0,0.0,15
1,2023,2023161,18,Haas F1 Team,22,MAG,Kevin Magnussen,20,#505050,47.0,957,98.802,98.802,0,0,98.85,0.096,-0.923,1.174,-0.336,25.0,-0.923,1.174,-0.336,25.0,0.251,H,#A5AFB9,16,3.0,0,0,0.371,0,0,0,0,0.0,15
1,2023,2023161,18,Haas F1 Team,22,MAG,Kevin Magnussen,20,#505050,48.0,958,102.684,99.12,1,0,98.961,3.882,-4.673,4.824,-2.261,25.0,-1.110,1.261,-0.479,25.0,0.151,H,#A5AFB9,17,3.0,0,0,0.371,0,0,0,0,0.0,15
1,2023,2023161,18,Haas F1 Team,22,MAG,Kevin Magnussen,20,#505050,49.0,959,99.439,99.439,0,0,99.28,3.245,-1.353,1.726,-0.490,25.0,-1.353,1.726,-0.490,25.0,0.373,H,#A5AFB9,18,3.0,0,0,0.371,0,0,0,0,0.0,15
1,2023,2023161,18,Haas F1 Team,22,MAG,Kevin Magnussen,20,#505050,50.0,960,98.9,98.9,0,0,99.17,0.539,-0.912,1.245,-0.289,25.0,-0.912,1.245,-0.289,25.0,0.333,H,#A5AFB9,19,3.0,0,0,0.371,0,0,0,0,0.0,15
1,2023,2023161,18,Haas F1 Team,22,MAG,Kevin Magnussen,20,#505050,51.0,961,98.892,98.892,0,0,98.896,0.008,-0.91,1.148,-0.336,25.0,-0.910,1.148,-0.336,25.0,0.238,H,#A5AFB9,20,3.0,0,0,0.371,0,0,0,0,0.0,15
1,2023,2023161,18,Haas F1 Team,22,MAG,Kevin Magnussen,20,#505050,52.0,962,98.628,98.628,0,0,98.76,0.264,-0.498,0.699,-0.148,25.0,-0.498,0.699,-0.148,25.0,0.201,H,#A5AFB9,21,3.0,0,0,0.371,0,0,0,0,0.0,15
1,2023,2023161,18,Haas F1 Team,25,HUL,Nico Hulkenberg,27,#505050,1.0,911,-,-,0,1,-,-,-,-,-,-,-,-,-,-,,S,#CD3C3C,1,1.0,0,0,0.047,0,1,0,0,,13
1,2023,2023161,18,Haas F1 Team,25,HUL,Nico Hulkenberg,27,#505050,2.0,912,-,-,0,1,-,-,-,-,-,-,-,-,-,-,,S,#CD3C3C,2,1.0,0,0,0.047,0,0,0,0,0.0,13
1,2023,2023161,18,Haas F1 Team,25,HUL,Nico Hulkenberg,27,#505050,3.0,913,-,-,0,1,-,-,-,-,-,-,-,-,-,-,,S,#CD3C3C,3,1.0,0,0,0.047,0,0,0,0,0.0,12
1,2023,2023161,18,Haas F1 Team,25,HUL,Nico Hulkenberg,27,#505050,4.0,914,-,-,0,1,-,-,-,-,-,-,-,-,-,-,,S,#CD3C3C,4,1.0,0,0,0.047,1,0,0,0,0.0,12
1,2023,2023161,18,Haas F1 Team,25,HUL,Nico Hulkenberg,27,#505050,5.0,915,-,-,0,1,-,-,-,-,-,-,-,-,-,-,,S,#CD3C3C,5,1.0,0,0,0.047,0,0,0,0,0.0,12
1,2023,2023161,18,Haas F1 Team,25,HUL,Nico Hulkenberg,27,#505050,6.0,916,100.114,100.114,0,0,-,-,-,-,-,-,-,-,-,-,-0.642,S,#CD3C3C,6,1.0,0,1,0.047,0,0,0,0,0.0,12
1,2023,2023161,18,Haas F1 Team,25,HUL,Nico Hulkenberg,27,#505050,7.0,917,100.209,100.209,0,0,100.162,0.095,-,-,-,-,-,-,-,-,-0.915,S,#CD3C3C,7,1.0,0,0,0.047,0,0,0,0,0.0,12
1,2023,2023161,18,Haas F1 Team,25,HUL,Nico Hulkenberg,27,#505050,8.0,918,-,-,0,1,-,-,-,-,-,-,-,-,-,-,-0.856,S,#CD3C3C,8,1.0,1,0,0.047,0,0,0,0,0.0,14
1,2023,2023161,18,Haas F1 Team,25,HUL,Nico Hulkenberg,27,#505050,9.0,919,-,-,0,1,-,-,-,-,-,-,-,-,-,-,-0.496,M,#F0E628,1,2.0,0,0,0.340,0,0,0,0,0.0,18
1,2023,2023161,18,Haas F1 Team,25,HUL,Nico Hulkenberg,27,#505050,10.0,920,98.724,98.724,0,0,-,-,1.095,2.232,-0.021,25.0,1.095,2.232,-0.021,25.0,-1.137,M,#F0E628,2,2.0,0,0,0.340,0,0,0,0,0.0,18
1,2023,2023161,18,Haas F1 Team,25,HUL,Nico Hulkenberg,27,#505050,11.0,921,99.849,99.849,0,0,99.286,1.125,0.067,1.193,-0.529,25.0,0.067,1.193,-0.529,25.0,-1.126,M,#F0E628,3,2.0,0,0,0.340,0,0,0,0,0.0,17
1,2023,2023161,18,Haas F1 Team,25,HUL,Nico Hulkenberg,27,#505050,12.0,922,100.196,100.196,0,0,100.023,0.347,-0.351,-,-,-,-0.351,-,-,-,,M,#F0E628,4,2.0,0,0,0.340,0,0,0,0,0.0,15
1,2023,2023161,18,Haas F1 Team,25,HUL,Nico Hulkenberg,27,#505050,13.0,923,-,-,0,1,-,-,-,-,-,-,-,-,-,-,,M,#F0E628,5,2.0,0,0,0.340,0,0,0,1,0.0,15
1,2023,2023161,18,Haas F1 Team,25,HUL,Nico Hulkenberg,27,#505050,14.0,924,-,-,0,1,-,-,-,-,-,-,-,-,-,-,,M,#F0E628,6,2.0,0,0,0.340,0,0,1,0,0.0,14
1,2023,2023161,18,Haas F1 Team,25,HUL,Nico Hulkenberg,27,#505050,15.0,925,99.628,99.628,0,0,-,-,-0.338,-1.255,0.289,22.0,-0.338,-1.255,0.289,22.0,0.917,M,#F0E628,7,2.0,0,0,0.340,0,0,0,0,0.0,13
1,2023,2023161,18,Haas F1 Team,25,HUL,Nico Hulkenberg,27,#505050,16.0,926,99.635,99.635,0,0,99.632,0.007,-0.166,-0.571,0.119,22.0,-0.166,-0.571,0.119,22.0,0.405,M,#F0E628,8,2.0,0,1,0.340,0,0,0,0,0.0,13
1,2023,2023161,18,Haas F1 Team,25,HUL,Nico Hulkenberg,27,#505050,17.0,927,100.133,100.133,0,0,99.884,0.498,-0.513,-0.925,-0.051,22.0,-0.513,-0.925,-0.051,22.0,0.412,M,#F0E628,9,2.0,0,0,0.340,0,0,0,0,0.0,13
1,2023,2023161,18,Haas F1 Team,25,HUL,Nico Hulkenberg,27,#505050,18.0,928,101.398,100.229,1,0,100.181,1.265,-1.96,-2.113,-0.903,22.0,-0.791,-0.944,-0.319,22.0,0.153,M,#F0E628,10,2.0,0,0,0.340,0,0,0,0,-1.0,14
1,2023,2023161,18,Haas F1 Team,25,HUL,Nico Hulkenberg,27,#505050,19.0,929,100.325,100.325,0,0,100.277,1.073,-1.004,-0.888,-0.560,22.0,-1.004,-0.888,-0.560,22.0,-0.116,M,#F0E628,11,2.0,0,0,0.340,0,0,0,0,0.0,13
1,2023,2023161,18,Haas F1 Team,25,HUL,Nico Hulkenberg,27,#505050,20.0,930,100.577,100.577,0,0,100.451,0.252,-1.215,-1.309,-0.560,22.0,-1.215,-1.309,-0.560,22.0,0.094,M,#F0E628,12,2.0,0,0,0.340,0,0,0,0,0.0,12
1,2023,2023161,18,Haas F1 Team,25,HUL,Nico Hulkenberg,27,#505050,21.0,931,-,-,0,1,-,-,-,-,-,-,-,-,-,-,-0.344,M,#F0E628,13,2.0,1,0,0.340,0,0,0,0,0.0,13
1,2023,2023161,18,Haas F1 Team,25,HUL,Nico Hulkenberg,27,#505050,22.0,932,-,-,0,1,-,-,-,-,-,-,-,-,-,-,-0.563,H,#A5AFB9,1,3.0,0,0,0.192,0,0,0,0,0.0,15
1,2023,2023161,18,Haas F1 Team,25,HUL,Nico Hulkenberg,27,#505050,23.0,933,99.327,99.327,0,0,-,-,-0.061,0.203,-0.163,25.0,-0.061,0.203,-0.163,25.0,-0.264,H,#A5AFB9,2,3.0,0,0,0.192,0,0,0,0,0.0,15
1,2023,2023161,18,Haas F1 Team,25,HUL,Nico Hulkenberg,27,#505050,24.0,934,98.328,98.328,0,0,98.828,0.999,0.765,1.513,0.009,25.0,0.765,1.513,0.009,25.0,-0.748,H,#A5AFB9,3,3.0,0,0,0.192,0,0,0,0,0.0,15
1,2023,2023161,18,Haas F1 Team,25,HUL,Nico Hulkenberg,27,#505050,25.0,935,98.587,98.587,0,0,98.458,0.259,0.352,0.914,-0.105,25.0,0.352,0.914,-0.105,25.0,-0.562,H,#A5AFB9,4,3.0,0,0,0.192,0,0,0,0,0.0,15
1,2023,2023161,18,Haas F1 Team,25,HUL,Nico Hulkenberg,27,#505050,26.0,936,98.418,98.418,0,0,98.502,0.169,0.48,2.263,-0.651,25.0,0.480,1.160,-0.100,25.0,-1.783,H,#A5AFB9,5,3.0,0,0,0.192,0,0,0,0,1.0,13
1,2023,2023161,18,Haas F1 Team,25,HUL,Nico Hulkenberg,27,#505050,27.0,937,98.322,98.322,0,0,98.37,0.096,0.434,1.334,-0.233,25.0,0.434,1.334,-0.233,25.0,-0.9,H,#A5AFB9,6,3.0,0,0,0.192,0,0,0,0,0.0,13
1,2023,2023161,18,Haas F1 Team,25,HUL,Nico Hulkenberg,27,#505050,28.0,938,98.809,98.432,1,0,98.377,0.487,-0.103,1.470,-0.838,25.0,0.275,1.848,-0.649,25.0,-1.573,H,#A5AFB9,7,3.0,0,0,0.192,0,0,0,0,0.0,13
1,2023,2023161,18,Haas F1 Team,25,HUL,Nico Hulkenberg,27,#505050,29.0,939,98.541,98.541,0,0,98.486,0.268,0.115,1.803,-0.786,25.0,0.115,1.803,-0.786,25.0,-1.688,H,#A5AFB9,8,3.0,0,1,0.192,0,0,0,0,0.0,13
1,2023,2023161,18,Haas F1 Team,25,HUL,Nico Hulkenberg,27,#505050,30.0,940,98.623,98.623,0,0,98.582,0.082,-0.193,2.499,-1.442,25.0,-0.193,2.499,-1.442,25.0,-2.692,H,#A5AFB9,9,3.0,0,0,0.192,0,0,0,0,0.0,12
1,2023,2023161,18,Haas F1 Team,25,HUL,Nico Hulkenberg,27,#505050,31.0,941,99.032,98.558,1,0,98.59,0.409,-0.768,-,-,-,-0.294,-,-,-,,H,#A5AFB9,10,3.0,0,0,0.192,0,0,0,0,0.0,11
1,2023,2023161,18,Haas F1 Team,25,HUL,Nico Hulkenberg,27,#505050,32.0,942,98.492,98.492,0,0,98.525,0.540,-0.202,-,-,-,-0.202,-,-,-,,H,#A5AFB9,11,3.0,0,0,0.192,0,0,0,0,0.0,11
1,2023,2023161,18,Haas F1 Team,25,HUL,Nico Hulkenberg,27,#505050,33.0,943,98.55,98.55,0,0,98.521,0.058,-0.285,-0.273,-0.148,22.0,-0.285,-0.273,-0.148,22.0,-0.012,H,#A5AFB9,12,3.0,0,0,0.192,0,0,0,0,0.0,11
1,2023,2023161,18,Haas F1 Team,25,HUL,Nico Hulkenberg,27,#505050,34.0,944,98.661,98.661,0,0,98.606,0.111,-0.556,-0.397,-0.357,22.0,-0.556,-0.397,-0.357,22.0,-0.159,H,#A5AFB9,13,3.0,0,0,0.192,0,0,0,0,0.0,11
1,2023,2023161,18,Haas F1 Team,25,HUL,Nico Hulkenberg,27,#505050,35.0,945,99.028,99.028,0,0,98.845,0.367,-0.802,-0.351,-0.627,22.0,-0.802,-0.351,-0.627,22.0,-0.451,H,#A5AFB9,14,3.0,0,0,0.192,0,0,0,0,0.0,10
1,2023,2023161,18,Haas F1 Team,25,HUL,Nico Hulkenberg,27,#505050,36.0,946,99.961,99.961,0,0,99.494,0.933,-2.197,-1.943,-1.226,22.0,-2.197,-1.943,-1.226,22.0,-0.254,H,#A5AFB9,15,3.0,0,0,0.192,0,0,0,0,-1.0,11
1,2023,2023161,18,Haas F1 Team,25,HUL,Nico Hulkenberg,27,#505050,37.0,947,-,-,0,1,-,-,-,-,-,-,-,-,-,-,-0.433,H,#A5AFB9,16,3.0,1,0,0.192,0,0,0,0,0.0,11
1,2023,2023161,18,Haas F1 Team,25,HUL,Nico Hulkenberg,27,#505050,38.0,948,-,-,0,1,-,-,-,-,-,-,-,-,-,-,-0.797,M,#F0E628,1,4.0,0,0,0.234,0,0,0,0,0.0,14
1,2023,2023161,18,Haas F1 Team,25,HUL,Nico Hulkenberg,27,#505050,39.0,949,98.39,98.39,0,0,-,-,-1.124,-0.385,-0.931,22.0,-1.124,-0.385,-0.931,22.0,-0.739,M,#F0E628,2,4.0,0,0,0.234,0,0,0,0,0.0,14
1,2023,2023161,18,Haas F1 Team,25,HUL,Nico Hulkenberg,27,#505050,40.0,950,97.656,97.656,0,0,98.023,0.734,-0.514,0.302,-0.665,25.0,-0.514,0.302,-0.665,25.0,-0.816,M,#F0E628,3,4.0,0,0,0.234,0,0,0,0,0.0,14
1,2023,2023161,18,Haas F1 Team,25,HUL,Nico Hulkenberg,27,#505050,41.0,951,97.395,97.395,0,0,97.526,0.261,-0.075,0.447,-0.298,25.0,-0.075,0.447,-0.298,25.0,-0.522,M,#F0E628,4,4.0,0,0,0.234,0,0,0,0,0.0,14
1,2023,2023161,18,Haas F1 Team,25,HUL,Nico Hulkenberg,27,#505050,42.0,952,97.309,97.309,0,0,97.352,0.086,0.083,1.920,-0.877,25.0,0.083,0.715,-0.275,25.0,-1.837,M,#F0E628,5,4.0,0,0,0.234,0,0,0,0,0.0,14
1,2023,2023161,18,Haas F1 Team,25,HUL,Nico Hulkenberg,27,#505050,43.0,953,97.445,97.445,0,0,97.377,0.136,0.126,0.761,-0.255,25.0,0.126,0.761,-0.255,25.0,-0.635,M,#F0E628,6,4.0,0,0,0.234,0,0,0,0,0.0,14
1,2023,2023161,18,Haas F1 Team,25,HUL,Nico Hulkenberg,27,#505050,44.0,954,97.25,97.25,0,0,97.348,0.195,0.391,0.816,-0.017,25.0,0.391,0.816,-0.017,25.0,-0.425,M,#F0E628,7,4.0,0,0,0.234,0,0,0,0,0.0,14
1,2023,2023161,18,Haas F1 Team,25,HUL,Nico Hulkenberg,27,#505050,45.0,955,99.136,97.53,1,0,97.39,1.886,-1.512,-0.629,-1.198,22.0,0.093,0.976,-0.395,25.0,-0.883,M,#F0E628,8,4.0,0,1,0.234,0,0,0,0,0.0,14
1,2023,2023161,18,Haas F1 Team,25,HUL,Nico Hulkenberg,27,#505050,46.0,956,97.811,97.811,0,0,97.671,1.325,-0.081,1.087,-0.624,25.0,-0.081,1.087,-0.624,25.0,-1.168,M,#F0E628,9,4.0,0,0,0.234,0,0,0,0,0.0,14
1,2023,2023161,18,Haas F1 Team,25,HUL,Nico Hulkenberg,27,#505050,47.0,957,97.628,97.628,0,0,97.72,0.183,0.251,1.174,-0.336,25.0,0.251,1.174,-0.336,25.0,-0.923,M,#F0E628,10,4.0,0,0,0.234,0,0,0,0,0.0,14
1,2023,2023161,18,Haas F1 Team,25,HUL,Nico Hulkenberg,27,#505050,48.0,958,97.86,97.86,0,0,97.744,0.232,0.151,4.824,-2.261,25.0,0.151,1.261,-0.479,25.0,-4.673,M,#F0E628,11,4.0,0,0,0.234,0,0,0,0,0.0,14
1,2023,2023161,18,Haas F1 Team,25,HUL,Nico Hulkenberg,27,#505050,49.0,959,97.713,97.713,0,0,97.786,0.147,0.373,1.726,-0.490,25.0,0.373,1.726,-0.490,25.0,-1.353,M,#F0E628,12,4.0,0,0,0.234,0,0,0,0,0.0,14
1,2023,2023161,18,Haas F1 Team,25,HUL,Nico Hulkenberg,27,#505050,50.0,960,97.655,97.655,0,0,97.684,0.058,0.333,1.245,-0.289,25.0,0.333,1.245,-0.289,25.0,-0.912,M,#F0E628,13,4.0,0,0,0.234,0,0,0,0,0.0,14
1,2023,2023161,18,Haas F1 Team,25,HUL,Nico Hulkenberg,27,#505050,51.0,961,97.744,97.744,0,0,97.7,0.089,0.238,1.148,-0.336,25.0,0.238,1.148,-0.336,25.0,-0.91,M,#F0E628,14,4.0,0,0,0.234,0,0,0,0,0.0,14
1,2023,2023161,18,Haas F1 Team,25,HUL,Nico Hulkenberg,27,#505050,52.0,962,97.929,97.929,0,0,97.836,0.185,0.201,0.699,-0.148,25.0,0.201,0.699,-0.148,25.0,-0.498,M,#F0E628,15,4.0,0,0,0.234,0,0,0,0,0.0,14
1,2023,2023171,20,Haas F1 Team,22,MAG,Kevin Magnussen,20,#505050,1.0,964,-,-,0,1,-,-,-,-,-,-,-,-,-,-,,S,#CD3C3C,1,1.0,0,0,-,0,1,0,0,,14
1,2023,2023171,20,Haas F1 Team,22,MAG,Kevin Magnussen,20,#505050,2.0,965,-,-,0,1,-,-,-,-,-,-,-,-,-,-,,S,#CD3C3C,2,1.0,0,0,-,0,0,0,0,0.0,14
1,2023,2023171,20,Haas F1 Team,22,MAG,Kevin Magnussen,20,#505050,3.0,966,-,-,0,1,-,-,-,-,-,-,-,-,-,-,,S,#CD3C3C,3,1.0,1,0,-,0,0,0,0,0.0,15
1,2023,2023171,20,Haas F1 Team,22,MAG,Kevin Magnussen,20,#505050,4.0,967,-,-,0,1,-,-,-,-,-,-,-,-,-,-,,M,#F0E628,1,2.0,0,0,0.308,1,0,0,0,0.0,16
1,2023,2023171,20,Haas F1 Team,22,MAG,Kevin Magnussen,20,#505050,5.0,968,-,-,0,1,-,-,-,-,-,-,-,-,-,-,,M,#F0E628,2,2.0,0,0,0.308,0,0,0,0,0.0,16
1,2023,2023171,20,Haas F1 Team,22,MAG,Kevin Magnussen,20,#505050,6.0,969,92.57,92.57,0,0,-,-,-0.997,-1.562,-0.216,25.0,-0.997,-1.562,-0.216,25.0,0.565,M,#F0E628,3,2.0,0,0,0.308,0,0,0,0,0.0,16
1,2023,2023171,20,Haas F1 Team,22,MAG,Kevin Magnussen,20,#505050,7.0,970,92.376,92.376,0,0,92.473,0.194,-1.469,-1.138,-0.900,25.0,-1.469,-1.138,-0.900,25.0,-0.331,M,#F0E628,4,2.0,0,0,0.308,0,0,0,0,0.0,16
1,2023,2023171,20,Haas F1 Team,22,MAG,Kevin Magnussen,20,#505050,8.0,971,92.176,92.176,0,0,92.276,0.200,-1.576,-1.474,-0.839,25.0,-1.576,-1.474,-0.839,25.0,-0.102,M,#F0E628,5,2.0,0,0,0.308,0,0,0,0,-1.0,17
1,2023,2023171,20,Haas F1 Team,22,MAG,Kevin Magnussen,20,#505050,9.0,972,91.501,91.501,0,0,91.839,0.675,-0.979,-0.417,-0.770,25.0,-0.979,-0.417,-0.770,25.0,-0.562,M,#F0E628,6,2.0,0,0,0.308,0,0,0,0,0.0,17
1,2023,2023171,20,Haas F1 Team,22,MAG,Kevin Magnussen,20,#505050,10.0,973,91.518,91.518,0,0,91.51,0.017,-0.921,-0.557,-0.643,25.0,-0.921,-0.557,-0.643,25.0,-0.364,M,#F0E628,7,2.0,0,0,0.308,0,0,0,0,0.0,16
1,2023,2023171,20,Haas F1 Team,22,MAG,Kevin Magnussen,20,#505050,11.0,974,90.958,90.958,0,0,91.238,0.560,-0.442,-0.251,-0.317,25.0,-0.442,-0.251,-0.317,25.0,-0.191,M,#F0E628,8,2.0,0,0,0.308,0,0,0,0,0.0,15
1,2023,2023171,20,Haas F1 Team,22,MAG,Kevin Magnussen,20,#505050,12.0,975,92.019,91.285,1,0,91.121,1.061,-1.566,-1.732,-0.700,25.0,-0.832,-0.998,-0.333,25.0,0.166,M,#F0E628,9,2.0,0,0,0.308,0,0,0,0,0.0,13
1,2023,2023171,20,Haas F1 Team,22,MAG,Kevin Magnussen,20,#505050,13.0,976,91.611,91.611,0,0,91.448,0.408,-1.275,-,-,-,-1.275,-,-,-,,M,#F0E628,10,2.0,0,1,0.308,0,0,0,0,0.0,11
1,2023,2023171,20,Haas F1 Team,22,MAG,Kevin Magnussen,20,#505050,14.0,977,91.421,91.421,0,0,91.516,0.190,-1.356,-,-,-,-1.356,-,-,-,,M,#F0E628,11,2.0,0,0,0.308,0,0,0,0,0.0,8
1,2023,2023171,20,Haas F1 Team,22,MAG,Kevin Magnussen,20,#505050,15.0,978,91.004,91.004,0,0,91.212,0.417,-1.374,-1.304,-0.722,25.0,-1.374,-1.304,-0.722,25.0,-0.07,M,#F0E628,12,2.0,0,0,0.308,0,0,0,0,-1.0,8
1,2023,2023171,20,Haas F1 Team,22,MAG,Kevin Magnussen,20,#505050,16.0,979,91.83,91.326,1,0,91.165,0.826,-2.366,-3.271,-0.731,25.0,-1.861,-2.766,-0.478,25.0,0.905,M,#F0E628,13,2.0,0,0,0.308,0,0,0,0,-1.0,9
1,2023,2023171,20,Haas F1 Team,22,MAG,Kevin Magnussen,20,#505050,17.0,980,91.647,91.647,0,0,91.486,0.183,-2.012,-2.924,-0.550,25.0,-2.012,-2.924,-0.550,25.0,0.912,M,#F0E628,14,2.0,0,0,0.308,0,0,0,0,-2.0,11
1,2023,2023171,20,Haas F1 Team,22,MAG,Kevin Magnussen,20,#505050,18.0,981,91.536,91.536,0,0,91.592,0.111,-1.78,-3.312,-0.124,25.0,-1.780,-3.312,-0.124,25.0,1.532,M,#F0E628,15,2.0,0,0,0.308,0,0,0,0,-1.0,11
1,2023,2023171,20,Haas F1 Team,22,MAG,Kevin Magnussen,20,#505050,19.0,982,92.147,92.147,0,0,91.842,0.611,-2.45,-3.316,-0.792,25.0,-2.450,-3.316,-0.792,25.0,0.866,M,#F0E628,16,2.0,0,0,0.308,0,0,0,0,-2.0,11
1,2023,2023171,20,Haas F1 Team,22,MAG,Kevin Magnussen,20,#505050,20.0,983,90.262,90.262,0,0,91.204,1.885,-0.876,-0.456,-0.648,25.0,-0.876,-1.250,-0.251,25.0,-0.42,M,#F0E628,17,2.0,0,0,0.308,0,0,0,0,0.0,11
1,2023,2023171,20,Haas F1 Team,22,MAG,Kevin Magnussen,20,#505050,21.0,984,-,-,0,1,-,-,-,-,-,-,-,-,-,-,-0.027,M,#F0E628,18,2.0,1,0,0.308,0,0,0,0,0.0,14
1,2023,2023171,20,Haas F1 Team,22,MAG,Kevin Magnussen,20,#505050,22.0,985,-,-,0,1,-,-,-,-,-,-,-,-,-,-,-0.37,H,#A5AFB9,1,3.0,0,0,0.135,0,0,0,0,0.0,17
1,2023,2023171,20,Haas F1 Team,22,MAG,Kevin Magnussen,20,#505050,23.0,986,89.429,89.429,0,0,-,-,-0.711,-0.393,-0.514,25.0,-0.711,-0.393,-0.514,25.0,-0.318,H,#A5AFB9,2,3.0,0,0,0.135,0,0,0,0,0.0,16
1,2023,2023171,20,Haas F1 Team,22,MAG,Kevin Magnussen,20,#505050,24.0,987,88.983,88.983,0,0,89.206,0.446,-0.359,-0.085,-0.317,25.0,-0.359,-0.085,-0.317,25.0,-0.274,H,#A5AFB9,3,3.0,0,0,0.135,0,0,0,0,0.0,16
1,2023,2023171,20,Haas F1 Team,22,MAG,Kevin Magnussen,20,#505050,25.0,988,88.727,88.727,0,0,88.855,0.256,-0.157,0.126,-0.220,22.0,-0.157,0.126,-0.220,22.0,-0.283,H,#A5AFB9,4,3.0,0,0,0.135,0,0,0,0,0.0,16
1,2023,2023171,20,Haas F1 Team,22,MAG,Kevin Magnussen,20,#505050,26.0,989,88.362,88.362,0,0,88.544,0.365,-0.066,0.589,-0.360,22.0,-0.066,0.589,-0.360,22.0,-0.655,H,#A5AFB9,5,3.0,0,0,0.135,0,0,0,0,0.0,16
1,2023,2023171,20,Haas F1 Team,22,MAG,Kevin Magnussen,20,#505050,27.0,990,88.998,88.532,1,0,88.447,0.636,-0.807,-,-,-,-0.341,-,-,-,,H,#A5AFB9,6,3.0,0,0,0.135,0,0,0,0,0.0,15
1,2023,2023171,20,Haas F1 Team,22,MAG,Kevin Magnussen,20,#505050,28.0,991,88.703,88.703,0,0,88.618,0.295,-0.634,-,-,-,-0.634,-,-,-,,H,#A5AFB9,7,3.0,0,0,0.135,0,0,0,0,0.0,14
1,2023,2023171,20,Haas F1 Team,22,MAG,Kevin Magnussen,20,#505050,29.0,992,88.834,88.749,1,0,88.726,0.131,-0.931,-0.963,-0.450,25.0,-0.846,-0.878,-0.407,25.0,0.032,H,#A5AFB9,8,3.0,0,0,0.135,0,0,0,0,0.0,14
1,2023,2023171,20,Haas F1 Team,22,MAG,Kevin Magnussen,20,#505050,30.0,993,88.795,88.795,0,0,88.772,0.039,-0.939,-0.669,-0.605,25.0,-0.939,-0.669,-0.605,25.0,-0.27,H,#A5AFB9,9,3.0,0,1,0.135,0,0,0,0,0.0,14
1,2023,2023171,20,Haas F1 Team,22,MAG,Kevin Magnussen,20,#505050,31.0,994,88.699,88.699,0,0,88.747,0.096,-1.056,-0.548,-0.782,25.0,-1.056,-0.548,-0.782,25.0,-0.508,H,#A5AFB9,10,3.0,0,0,0.135,0,0,0,0,0.0,14
1,2023,2023171,20,Haas F1 Team,22,MAG,Kevin Magnussen,20,#505050,32.0,995,88.675,88.675,0,0,88.687,0.024,-1.032,-0.469,-0.797,25.0,-1.032,-0.469,-0.797,25.0,-0.563,H,#A5AFB9,11,3.0,0,0,0.135,0,0,0,0,0.0,13
1,2023,2023171,20,Haas F1 Team,22,MAG,Kevin Magnussen,20,#505050,33.0,996,88.427,88.427,0,0,88.551,0.248,-0.643,0.225,-0.756,22.0,-0.643,0.225,-0.756,22.0,-0.868,H,#A5AFB9,12,3.0,0,0,0.135,0,0,0,0,0.0,13
1,2023,2023171,20,Haas F1 Team,22,MAG,Kevin Magnussen,20,#505050,34.0,997,88.321,88.321,0,0,88.374,0.106,-0.575,0.527,-0.839,22.0,-0.575,0.527,-0.839,22.0,-1.102,H,#A5AFB9,13,3.0,0,0,0.135,0,0,0,0,0.0,13
1,2023,2023171,20,Haas F1 Team,22,MAG,Kevin Magnussen,20,#505050,35.0,998,87.828,87.828,0,0,88.074,0.493,-0.18,1.358,-0.859,22.0,-0.180,1.017,-0.689,22.0,-1.538,H,#A5AFB9,14,3.0,0,0,0.135,0,0,0,0,0.0,13
1,2023,2023171,20,Haas F1 Team,22,MAG,Kevin Magnussen,20,#505050,36.0,999,88.017,87.837,1,0,87.833,0.189,-0.386,0.826,-0.799,22.0,-0.206,1.006,-0.709,22.0,-1.212,H,#A5AFB9,15,3.0,0,0,0.135,0,0,0,0,0.0,12
1,2023,2023171,20,Haas F1 Team,22,MAG,Kevin Magnussen,20,#505050,37.0,1000,87.846,87.846,0,0,87.842,0.171,-0.197,0.993,-0.694,22.0,-0.197,0.993,-0.694,22.0,-1.19,H,#A5AFB9,16,3.0,0,0,0.135,0,0,0,0,0.0,12
1,2023,2023171,20,Haas F1 Team,22,MAG,Kevin Magnussen,20,#505050,38.0,1001,87.963,87.963,0,0,87.904,0.117,-0.389,0.993,-0.885,22.0,-0.389,0.993,-0.885,22.0,-1.382,H,#A5AFB9,17,3.0,0,0,0.135,0,0,0,0,0.0,12
1,2023,2023171,20,Haas F1 Team,22,MAG,Kevin Magnussen,20,#505050,39.0,1002,-,-,0,1,-,-,-,-,-,-,-,-,-,-,,H,#A5AFB9,18,3.0,1,0,0.135,0,0,0,0,0.0,13
1,2023,2023171,20,Haas F1 Team,22,MAG,Kevin Magnussen,20,#505050,40.0,1003,-,-,0,1,-,-,-,-,-,-,-,-,-,-,,H,#A5AFB9,1,4.0,0,0,0.351,0,0,0,0,0.0,15
1,2023,2023171,20,Haas F1 Team,22,MAG,Kevin Magnussen,20,#505050,41.0,1004,87.15,87.15,0,0,-,-,0.093,1.079,-0.447,22.0,0.093,1.079,-0.447,22.0,-0.986,H,#A5AFB9,2,4.0,0,0,0.351,0,0,0,0,0.0,14
1,2023,2023171,20,Haas F1 Team,22,MAG,Kevin Magnussen,20,#505050,42.0,1005,89.159,87.14,1,0,87.145,2.009,-2.087,-1.414,-1.380,25.0,-0.068,0.605,-0.370,22.0,-0.673,H,#A5AFB9,3,4.0,0,0,0.351,0,0,0,0,0.0,14
1,2023,2023171,20,Haas F1 Team,22,MAG,Kevin Magnussen,20,#505050,43.0,1006,87.131,87.131,0,0,87.136,2.028,-0.225,0.030,-0.240,22.0,-0.225,0.030,-0.240,22.0,-0.255,H,#A5AFB9,4,4.0,0,0,0.351,0,0,0,0,0.0,14
1,2023,2023171,20,Haas F1 Team,22,MAG,Kevin Magnussen,20,#505050,44.0,1007,87.628,87.345,1,0,87.238,0.497,-0.647,-0.239,-0.527,25.0,-0.364,0.044,-0.386,22.0,-0.408,H,#A5AFB9,5,4.0,0,0,0.351,0,0,0,0,0.0,14
1,2023,2023171,20,Haas F1 Team,22,MAG,Kevin Magnussen,20,#505050,45.0,1008,87.558,87.558,0,0,87.451,0.070,-0.504,-1.069,0.030,25.0,-0.504,-1.069,0.030,25.0,0.565,H,#A5AFB9,6,4.0,0,0,0.351,0,0,0,0,0.0,14
1,2023,2023171,20,Haas F1 Team,22,MAG,Kevin Magnussen,20,#505050,46.0,1009,87.067,87.067,0,0,87.312,0.491,-0.344,0.466,-0.577,22.0,-0.344,0.466,-0.577,22.0,-0.81,H,#A5AFB9,7,4.0,0,0,0.351,0,0,0,0,0.0,14
1,2023,2023171,20,Haas F1 Team,22,MAG,Kevin Magnussen,20,#505050,47.0,1010,87.422,87.139,1,0,87.103,0.355,-0.85,1.924,-1.812,22.0,-0.567,0.268,-0.701,22.0,-2.774,H,#A5AFB9,8,4.0,0,0,0.351,0,0,0,0,0.0,14
1,2023,2023171,20,Haas F1 Team,22,MAG,Kevin Magnussen,20,#505050,48.0,1011,87.211,87.211,0,0,87.175,0.211,-0.628,0.070,-0.663,22.0,-0.628,0.070,-0.663,22.0,-0.698,H,#A5AFB9,9,4.0,0,1,0.351,0,0,0,0,0.0,14
1,2023,2023171,20,Haas F1 Team,22,MAG,Kevin Magnussen,20,#505050,49.0,1012,87.402,87.402,0,0,87.306,0.191,-0.841,-0.200,-0.741,25.0,-0.841,-0.200,-0.741,25.0,-0.641,H,#A5AFB9,10,4.0,0,0,0.351,0,0,0,0,0.0,14
1,2023,2023171,20,Haas F1 Team,22,MAG,Kevin Magnussen,20,#505050,50.0,1013,87.286,87.286,0,0,87.344,0.116,-0.725,-0.344,-0.553,25.0,-0.725,-0.344,-0.553,25.0,-0.381,H,#A5AFB9,11,4.0,0,0,0.351,0,0,0,0,0.0,14
1,2023,2023171,20,Haas F1 Team,22,MAG,Kevin Magnussen,20,#505050,51.0,1014,87.373,87.373,0,0,87.33,0.087,-0.682,-0.588,-0.388,25.0,-0.682,-0.588,-0.388,25.0,-0.094,H,#A5AFB9,12,4.0,0,0,0.351,0,0,0,0,0.0,14
1,2023,2023171,20,Haas F1 Team,22,MAG,Kevin Magnussen,20,#505050,52.0,1015,87.766,87.456,1,0,87.414,0.393,-0.844,2.839,-2.264,22.0,-0.534,-0.770,-0.149,25.0,-3.683,H,#A5AFB9,13,4.0,0,0,0.351,0,0,0,0,0.0,14
1,2023,2023171,20,Haas F1 Team,22,MAG,Kevin Magnussen,20,#505050,53.0,1016,87.539,87.539,0,0,87.498,0.227,-0.685,-0.952,-0.209,25.0,-0.685,-0.952,-0.209,25.0,0.267,H,#A5AFB9,14,4.0,0,0,0.351,0,0,0,0,0.0,14
1,2023,2023171,20,Haas F1 Team,22,MAG,Kevin Magnussen,20,#505050,54.0,1017,88.053,87.677,1,0,87.608,0.514,-1.473,-0.960,-0.993,25.0,-1.097,-0.584,-0.805,25.0,-0.513,H,#A5AFB9,15,4.0,0,0,0.351,0,0,0,0,0.0,14
1,2023,2023171,20,Haas F1 Team,22,MAG,Kevin Magnussen,20,#505050,55.0,1018,87.815,87.815,0,0,87.746,0.238,-1.244,-0.755,-0.867,25.0,-1.244,-0.755,-0.867,25.0,-0.489,H,#A5AFB9,16,4.0,0,0,0.351,0,0,0,0,0.0,14
1,2023,2023171,20,Haas F1 Team,22,MAG,Kevin Magnussen,20,#505050,56.0,1019,89.91,89.91,0,0,88.862,2.095,-3.076,-3.466,-1.343,25.0,-3.076,-3.466,-1.343,25.0,0.39,H,#A5AFB9,17,4.0,0,0,0.351,0,0,0,0,0.0,14
1,2023,2023171,20,Haas F1 Team,25,HUL,Nico Hulkenberg,27,#505050,1.0,964,-,-,0,1,-,-,-,-,-,-,-,-,-,-,,M,#F0E628,8,1.0,0,0,0.162,0,1,0,0,,10
1,2023,2023171,20,Haas F1 Team,25,HUL,Nico Hulkenberg,27,#505050,2.0,965,-,-,0,1,-,-,-,-,-,-,-,-,-,-,,M,#F0E628,9,1.0,0,0,0.162,0,0,0,0,0.0,10
1,2023,2023171,20,Haas F1 Team,25,HUL,Nico Hulkenberg,27,#505050,3.0,966,-,-,0,1,-,-,-,-,-,-,-,-,-,-,,M,#F0E628,10,1.0,0,0,0.162,0,0,0,0,0.0,9
1,2023,2023171,20,Haas F1 Team,25,HUL,Nico Hulkenberg,27,#505050,4.0,967,-,-,0,1,-,-,-,-,-,-,-,-,-,-,,M,#F0E628,11,1.0,0,0,0.162,1,0,0,0,0.0,9
1,2023,2023171,20,Haas F1 Team,25,HUL,Nico Hulkenberg,27,#505050,5.0,968,-,-,0,1,-,-,-,-,-,-,-,-,-,-,,M,#F0E628,12,1.0,0,0,0.162,0,0,0,0,0.0,9
1,2023,2023171,20,Haas F1 Team,25,HUL,Nico Hulkenberg,27,#505050,6.0,969,91.008,91.008,0,0,-,-,0.565,-1.562,-0.216,25.0,0.565,-1.562,-0.216,25.0,-0.997,M,#F0E628,13,1.0,0,0,0.162,0,0,0,0,1.0,8
1,2023,2023171,20,Haas F1 Team,25,HUL,Nico Hulkenberg,27,#505050,7.0,970,91.238,91.238,0,0,91.123,0.230,-0.331,-1.138,-0.900,25.0,-0.331,-1.138,-0.900,25.0,-1.469,M,#F0E628,14,1.0,0,0,0.162,0,0,0,0,0.0,8
1,2023,2023171,20,Haas F1 Team,25,HUL,Nico Hulkenberg,27,#505050,8.0,971,90.702,90.702,0,0,90.97,0.536,-0.102,-1.474,-0.839,25.0,-0.102,-1.474,-0.839,25.0,-1.576,M,#F0E628,15,1.0,0,0,0.162,0,0,0,0,0.0,8
1,2023,2023171,20,Haas F1 Team,25,HUL,Nico Hulkenberg,27,#505050,9.0,972,91.084,91.084,0,0,90.893,0.382,-0.562,-0.417,-0.770,25.0,-0.562,-0.417,-0.770,25.0,-0.979,M,#F0E628,16,1.0,0,1,0.162,0,0,0,0,0.0,8
1,2023,2023171,20,Haas F1 Team,25,HUL,Nico Hulkenberg,27,#505050,10.0,973,90.961,90.961,0,0,91.023,0.123,-0.364,-0.557,-0.643,25.0,-0.364,-0.557,-0.643,25.0,-0.921,M,#F0E628,17,1.0,0,0,0.162,0,0,0,0,0.0,8
1,2023,2023171,20,Haas F1 Team,25,HUL,Nico Hulkenberg,27,#505050,11.0,974,90.707,90.707,0,0,90.834,0.254,-0.191,-0.251,-0.317,25.0,-0.191,-0.251,-0.317,25.0,-0.442,M,#F0E628,18,1.0,0,0,0.162,0,0,0,0,0.0,6
1,2023,2023171,20,Haas F1 Team,25,HUL,Nico Hulkenberg,27,#505050,12.0,975,90.287,90.287,0,0,90.497,0.420,0.166,-1.732,-0.700,25.0,0.166,-0.998,-0.333,25.0,-1.566,M,#F0E628,19,1.0,0,0,0.162,0,0,0,0,0.0,5
1,2023,2023171,20,Haas F1 Team,25,HUL,Nico Hulkenberg,27,#505050,13.0,976,-,-,0,1,-,-,-,-,-,-,-,-,-,-,-1.275,M,#F0E628,20,1.0,1,0,0.162,0,0,0,0,0.0,6
1,2023,2023171,20,Haas F1 Team,25,HUL,Nico Hulkenberg,27,#505050,14.0,977,-,-,0,1,-,-,-,-,-,-,-,-,-,-,-1.356,H,#A5AFB9,1,2.0,0,0,0.221,0,0,0,0,0.0,18
1,2023,2023171,20,Haas F1 Team,25,HUL,Nico Hulkenberg,27,#505050,15.0,978,89.7,89.7,0,0,-,-,-0.07,-1.304,-0.722,25.0,-0.070,-1.304,-0.722,25.0,-1.374,H,#A5AFB9,2,2.0,0,0,0.221,0,0,0,0,0.0,18
1,2023,2023171,20,Haas F1 Team,25,HUL,Nico Hulkenberg,27,#505050,16.0,979,88.559,88.559,0,0,89.13,1.141,0.905,-3.271,-0.731,25.0,0.905,-2.766,-0.478,25.0,-2.366,H,#A5AFB9,3,2.0,0,0,0.221,0,0,0,0,0.0,18
1,2023,2023171,20,Haas F1 Team,25,HUL,Nico Hulkenberg,27,#505050,17.0,980,88.723,88.723,0,0,88.641,0.164,0.912,-2.924,-0.550,25.0,0.912,-2.924,-0.550,25.0,-2.012,H,#A5AFB9,4,2.0,0,0,0.221,0,0,0,0,0.0,18
1,2023,2023171,20,Haas F1 Team,25,HUL,Nico Hulkenberg,27,#505050,18.0,981,88.224,88.224,0,0,88.474,0.499,1.532,-3.312,-0.124,25.0,1.532,-3.312,-0.124,25.0,-1.78,H,#A5AFB9,5,2.0,0,0,0.221,0,0,0,0,0.0,18
1,2023,2023171,20,Haas F1 Team,25,HUL,Nico Hulkenberg,27,#505050,19.0,982,88.831,88.831,0,0,88.528,0.607,0.866,-3.316,-0.792,25.0,0.866,-3.316,-0.792,25.0,-2.45,H,#A5AFB9,6,2.0,0,0,0.221,0,0,0,0,0.0,18
1,2023,2023171,20,Haas F1 Team,25,HUL,Nico Hulkenberg,27,#505050,20.0,983,89.806,89.012,1,0,88.922,0.975,-0.42,-0.456,-0.648,25.0,0.374,-1.250,-0.251,25.0,-0.876,H,#A5AFB9,7,2.0,0,1,0.221,0,0,0,0,0.0,18
1,2023,2023171,20,Haas F1 Team,25,HUL,Nico Hulkenberg,27,#505050,21.0,984,89.194,89.194,0,0,89.103,0.612,-0.027,-,-,-,-0.027,-,-,-,,H,#A5AFB9,8,2.0,0,0,0.221,0,0,0,0,0.0,18
1,2023,2023171,20,Haas F1 Team,25,HUL,Nico Hulkenberg,27,#505050,22.0,985,89.005,89.005,0,0,89.1,0.189,-0.37,-,-,-,-0.370,-,-,-,,H,#A5AFB9,9,2.0,0,0,0.221,0,0,0,0,0.0,14
1,2023,2023171,20,Haas F1 Team,25,HUL,Nico Hulkenberg,27,#505050,23.0,986,89.036,89.036,0,0,89.02,0.031,-0.318,-0.393,-0.514,25.0,-0.318,-0.393,-0.514,25.0,-0.711,H,#A5AFB9,10,2.0,0,0,0.221,0,0,0,0,0.0,13
1,2023,2023171,20,Haas F1 Team,25,HUL,Nico Hulkenberg,27,#505050,24.0,987,88.898,88.898,0,0,88.967,0.138,-0.274,-0.085,-0.317,25.0,-0.274,-0.085,-0.317,25.0,-0.359,H,#A5AFB9,11,2.0,0,0,0.221,0,0,0,0,0.0,13
1,2023,2023171,20,Haas F1 Team,25,HUL,Nico Hulkenberg,27,#505050,25.0,988,88.853,88.853,0,0,88.875,0.045,-0.283,0.126,-0.220,22.0,-0.283,0.126,-0.220,22.0,-0.157,H,#A5AFB9,12,2.0,0,0,0.221,0,0,0,0,0.0,13
1,2023,2023171,20,Haas F1 Team,25,HUL,Nico Hulkenberg,27,#505050,26.0,989,88.951,88.951,0,0,88.902,0.098,-0.655,0.589,-0.360,22.0,-0.655,0.589,-0.360,22.0,-0.066,H,#A5AFB9,13,2.0,0,0,0.221,0,0,0,0,0.0,10
1,2023,2023171,20,Haas F1 Team,25,HUL,Nico Hulkenberg,27,#505050,27.0,990,-,-,0,1,-,-,-,-,-,-,-,-,-,-,-0.807,H,#A5AFB9,14,2.0,1,0,0.221,0,0,0,0,0.0,11
1,2023,2023171,20,Haas F1 Team,25,HUL,Nico Hulkenberg,27,#505050,28.0,991,-,-,0,1,-,-,-,-,-,-,-,-,-,-,-0.634,M,#F0E628,7,3.0,0,0,0.099,0,0,0,0,0.0,17
1,2023,2023171,20,Haas F1 Team,25,HUL,Nico Hulkenberg,27,#505050,29.0,992,87.871,87.871,0,0,-,-,0.032,-0.963,-0.450,25.0,0.032,-0.878,-0.407,25.0,-0.931,M,#F0E628,8,3.0,0,0,0.099,0,0,0,0,0.0,17
1,2023,2023171,20,Haas F1 Team,25,HUL,Nico Hulkenberg,27,#505050,30.0,993,88.126,88.126,0,0,87.998,0.255,-0.27,-0.669,-0.605,25.0,-0.270,-0.669,-0.605,25.0,-0.939,M,#F0E628,9,3.0,0,0,0.099,0,0,0,0,0.0,17
1,2023,2023171,20,Haas F1 Team,25,HUL,Nico Hulkenberg,27,#505050,31.0,994,88.151,88.151,0,0,88.138,0.025,-0.508,-0.548,-0.782,25.0,-0.508,-0.548,-0.782,25.0,-1.056,M,#F0E628,10,3.0,0,0,0.099,0,0,0,0,0.0,17
1,2023,2023171,20,Haas F1 Team,25,HUL,Nico Hulkenberg,27,#505050,32.0,995,88.206,88.206,0,0,88.178,0.055,-0.563,-0.469,-0.797,25.0,-0.563,-0.469,-0.797,25.0,-1.032,M,#F0E628,11,3.0,0,0,0.099,0,0,0,0,0.0,17
1,2023,2023171,20,Haas F1 Team,25,HUL,Nico Hulkenberg,27,#505050,33.0,996,88.652,88.652,0,0,88.429,0.446,-0.868,0.225,-0.756,22.0,-0.868,0.225,-0.756,22.0,-0.643,M,#F0E628,12,3.0,0,1,0.099,0,0,0,0,0.0,17
1,2023,2023171,20,Haas F1 Team,25,HUL,Nico Hulkenberg,27,#505050,34.0,997,88.848,88.848,0,0,88.75,0.196,-1.102,0.527,-0.839,22.0,-1.102,0.527,-0.839,22.0,-0.575,M,#F0E628,13,3.0,0,0,0.099,0,0,0,0,0.0,17
1,2023,2023171,20,Haas F1 Team,25,HUL,Nico Hulkenberg,27,#505050,35.0,998,89.186,88.846,1,0,88.847,0.338,-1.538,1.358,-0.859,22.0,-1.197,1.017,-0.689,22.0,-0.18,M,#F0E628,14,3.0,0,0,0.099,0,0,0,0,0.0,17
1,2023,2023171,20,Haas F1 Team,25,HUL,Nico Hulkenberg,27,#505050,36.0,999,88.843,88.843,0,0,88.844,0.343,-1.212,0.826,-0.799,22.0,-1.212,1.006,-0.709,22.0,-0.386,M,#F0E628,15,3.0,0,0,0.099,0,0,0,0,0.0,17
1,2023,2023171,20,Haas F1 Team,25,HUL,Nico Hulkenberg,27,#505050,37.0,1000,88.839,88.839,0,0,88.841,0.004,-1.19,0.993,-0.694,22.0,-1.190,0.993,-0.694,22.0,-0.197,M,#F0E628,16,3.0,0,0,0.099,0,0,0,0,0.0,17
1,2023,2023171,20,Haas F1 Team,25,HUL,Nico Hulkenberg,27,#505050,38.0,1001,88.956,88.956,0,0,88.898,0.117,-1.382,0.993,-0.885,22.0,-1.382,0.993,-0.885,22.0,-0.389,M,#F0E628,17,3.0,0,0,0.099,0,0,0,0,0.0,17
1,2023,2023171,20,Haas F1 Team,25,HUL,Nico Hulkenberg,27,#505050,39.0,1002,-,-,0,1,-,-,-,-,-,-,-,-,-,-,,M,#F0E628,18,3.0,1,0,0.099,0,0,0,0,0.0,18
1,2023,2023171,20,Haas F1 Team,25,HUL,Nico Hulkenberg,27,#505050,40.0,1003,-,-,0,1,-,-,-,-,-,-,-,-,-,-,,H,#A5AFB9,1,4.0,0,0,0.554,0,0,0,0,0.0,18
1,2023,2023171,20,Haas F1 Team,25,HUL,Nico Hulkenberg,27,#505050,41.0,1004,88.229,88.229,0,0,-,-,-0.986,1.079,-0.447,22.0,-0.986,1.079,-0.447,22.0,0.093,H,#A5AFB9,2,4.0,0,0,0.554,0,0,0,0,0.0,17
1,2023,2023171,20,Haas F1 Team,25,HUL,Nico Hulkenberg,27,#505050,42.0,1005,87.745,87.745,0,0,87.987,0.484,-0.673,-1.414,-1.380,25.0,-0.673,0.605,-0.370,22.0,-2.087,H,#A5AFB9,3,4.0,0,0,0.554,0,0,0,0,0.0,17
1,2023,2023171,20,Haas F1 Team,25,HUL,Nico Hulkenberg,27,#505050,43.0,1006,87.161,87.161,0,0,87.453,0.584,-0.255,0.030,-0.240,22.0,-0.255,0.030,-0.240,22.0,-0.225,H,#A5AFB9,4,4.0,0,0,0.554,0,0,0,0,0.0,17
1,2023,2023171,20,Haas F1 Team,25,HUL,Nico Hulkenberg,27,#505050,44.0,1007,87.389,87.389,0,0,87.275,0.228,-0.408,-0.239,-0.527,25.0,-0.408,0.044,-0.386,22.0,-0.647,H,#A5AFB9,5,4.0,0,0,0.554,0,0,0,0,0.0,17
1,2023,2023171,20,Haas F1 Team,25,HUL,Nico Hulkenberg,27,#505050,45.0,1008,86.489,86.489,0,0,86.939,0.900,0.565,-1.069,0.030,25.0,0.565,-1.069,0.030,25.0,-0.504,H,#A5AFB9,6,4.0,0,0,0.554,0,0,0,0,1.0,16
1,2023,2023171,20,Haas F1 Team,25,HUL,Nico Hulkenberg,27,#505050,46.0,1009,87.533,87.533,0,0,87.011,1.044,-0.81,0.466,-0.577,22.0,-0.810,0.466,-0.577,22.0,-0.344,H,#A5AFB9,7,4.0,0,0,0.554,0,0,0,0,0.0,16
1,2023,2023171,20,Haas F1 Team,25,HUL,Nico Hulkenberg,27,#505050,47.0,1010,89.346,87.407,1,0,87.47,1.813,-2.774,1.924,-1.812,22.0,-0.835,0.268,-0.701,22.0,-0.85,H,#A5AFB9,8,4.0,0,0,0.554,0,0,0,0,0.0,16
1,2023,2023171,20,Haas F1 Team,25,HUL,Nico Hulkenberg,27,#505050,48.0,1011,87.281,87.281,0,0,87.344,2.065,-0.698,0.070,-0.663,22.0,-0.698,0.070,-0.663,22.0,-0.628,H,#A5AFB9,9,4.0,0,1,0.554,0,0,0,0,0.0,16
1,2023,2023171,20,Haas F1 Team,25,HUL,Nico Hulkenberg,27,#505050,49.0,1012,87.202,87.202,0,0,87.242,0.079,-0.641,-0.200,-0.741,25.0,-0.641,-0.200,-0.741,25.0,-0.841,H,#A5AFB9,10,4.0,0,0,0.554,0,0,0,0,0.0,16
1,2023,2023171,20,Haas F1 Team,25,HUL,Nico Hulkenberg,27,#505050,50.0,1013,86.942,86.942,0,0,87.072,0.260,-0.381,-0.344,-0.553,25.0,-0.381,-0.344,-0.553,25.0,-0.725,H,#A5AFB9,11,4.0,0,0,0.554,0,0,0,0,0.0,16
1,2023,2023171,20,Haas F1 Team,25,HUL,Nico Hulkenberg,27,#505050,51.0,1014,86.785,86.785,0,0,86.863,0.157,-0.094,-0.588,-0.388,25.0,-0.094,-0.588,-0.388,25.0,-0.682,H,#A5AFB9,12,4.0,0,0,0.554,0,0,0,0,0.0,16
1,2023,2023171,20,Haas F1 Team,25,HUL,Nico Hulkenberg,27,#505050,52.0,1015,90.605,86.686,1,0,86.736,3.820,-3.683,2.839,-2.264,22.0,0.236,-0.770,-0.149,25.0,-0.844,H,#A5AFB9,13,4.0,0,0,0.554,0,0,0,0,0.0,16
1,2023,2023171,20,Haas F1 Team,25,HUL,Nico Hulkenberg,27,#505050,53.0,1016,86.587,86.587,0,0,86.637,4.018,0.267,-0.952,-0.209,25.0,0.267,-0.952,-0.209,25.0,-0.685,H,#A5AFB9,14,4.0,0,0,0.554,0,0,0,0,0.0,16
1,2023,2023171,20,Haas F1 Team,25,HUL,Nico Hulkenberg,27,#505050,54.0,1017,87.093,87.093,0,0,86.84,0.506,-0.513,-0.960,-0.993,25.0,-0.513,-0.584,-0.805,25.0,-1.473,H,#A5AFB9,15,4.0,0,0,0.554,0,0,0,0,0.0,16
1,2023,2023171,20,Haas F1 Team,25,HUL,Nico Hulkenberg,27,#505050,55.0,1018,87.06,87.06,0,0,87.077,0.033,-0.489,-0.755,-0.867,25.0,-0.489,-0.755,-0.867,25.0,-1.244,H,#A5AFB9,16,4.0,0,0,0.554,0,0,0,0,0.0,16
1,2023,2023171,20,Haas F1 Team,25,HUL,Nico Hulkenberg,27,#505050,56.0,1019,86.444,86.444,0,0,86.752,0.616,0.39,-3.466,-1.343,25.0,0.390,-3.466,-1.343,25.0,-3.076,H,#A5AFB9,17,4.0,0,0,0.554,0,0,0,0,0.0,16
1,2023,2023181,22,Haas F1 Team,22,MAG,Kevin Magnussen,20,#505050,1.0,1021,-,-,0,1,-,-,-,-,-,-,-,-,-,-,,M,#F0E628,1,2.0,0,0,0.296,0,0,0,0,,16
1,2023,2023181,22,Haas F1 Team,22,MAG,Kevin Magnussen,20,#505050,2.0,1022,-,-,0,1,-,-,-,-,-,-,-,-,-,-,,M,#F0E628,2,2.0,0,0,0.296,0,0,0,0,0.0,16
1,2023,2023181,22,Haas F1 Team,22,MAG,Kevin Magnussen,20,#505050,3.0,1023,104.642,104.642,0,0,-,-,-0.528,-0.158,-0.607,22.0,-0.528,-0.158,-0.607,22.0,-0.686,M,#F0E628,3,2.0,0,0,0.296,0,0,0,0,0.0,16
1,2023,2023181,22,Haas F1 Team,22,MAG,Kevin Magnussen,20,#505050,4.0,1024,105.433,104.13,1,0,104.386,0.791,-1.655,-0.290,-1.800,22.0,-0.352,-0.594,-0.649,22.0,-1.945,M,#F0E628,4,2.0,0,0,0.296,0,0,0,0,1.0,15
1,2023,2023181,22,Haas F1 Team,22,MAG,Kevin Magnussen,20,#505050,5.0,1025,103.618,103.618,0,0,103.874,1.815,-0.092,-1.030,-0.607,22.0,-0.092,-1.030,-0.607,22.0,-1.122,M,#F0E628,5,2.0,0,0,0.296,0,0,0,0,0.0,15
1,2023,2023181,22,Haas F1 Team,22,MAG,Kevin Magnussen,20,#505050,6.0,1026,103.521,103.521,0,0,103.57,0.097,-0.317,-1.395,-1.014,22.0,-0.317,-1.395,-1.014,22.0,-1.712,M,#F0E628,6,2.0,0,1,0.296,0,0,0,0,0.0,15
1,2023,2023181,22,Haas F1 Team,22,MAG,Kevin Magnussen,20,#505050,7.0,1027,103.874,103.874,0,0,103.697,0.353,-0.558,0.072,-0.522,25.0,-0.558,0.072,-0.522,25.0,-0.486,M,#F0E628,7,2.0,0,0,0.296,0,0,0,0,0.0,15
1,2023,2023181,22,Haas F1 Team,22,MAG,Kevin Magnussen,20,#505050,8.0,1028,104.096,104.096,0,0,103.985,0.222,-0.691,-0.034,-0.708,22.0,-0.691,-0.034,-0.708,22.0,-0.725,M,#F0E628,8,2.0,0,0,0.296,0,0,0,0,0.0,15
1,2023,2023181,22,Haas F1 Team,22,MAG,Kevin Magnussen,20,#505050,9.0,1029,103.824,103.824,0,0,103.96,0.272,-0.469,-0.442,-0.690,22.0,-0.469,-0.442,-0.690,22.0,-0.911,M,#F0E628,9,2.0,0,0,0.296,0,0,0,0,0.0,15
1,2023,2023181,22,Haas F1 Team,22,MAG,Kevin Magnussen,20,#505050,10.0,1030,-,-,0,1,-,-,-,-,-,-,-,-,-,-,-1.295,M,#F0E628,10,2.0,1,0,0.296,0,0,0,0,0.0,13
1,2023,2023181,22,Haas F1 Team,22,MAG,Kevin Magnussen,20,#505050,11.0,1031,-,-,0,1,-,-,-,-,-,-,-,-,-,-,-0.502,H,#A5AFB9,1,3.0,0,0,0.246,0,0,0,0,0.0,18
1,2023,2023181,22,Haas F1 Team,22,MAG,Kevin Magnussen,20,#505050,12.0,1032,103.658,103.658,0,0,-,-,-0.846,0.250,-0.721,25.0,-0.846,0.250,-0.721,25.0,-0.596,H,#A5AFB9,2,3.0,0,0,0.246,0,0,0,0,0.0,17
1,2023,2023181,22,Haas F1 Team,22,MAG,Kevin Magnussen,20,#505050,13.0,1033,104.629,103.8,1,0,103.729,0.971,-1.575,0.858,-1.146,25.0,-0.746,0.029,-0.732,25.0,-0.717,H,#A5AFB9,3,3.0,0,0,0.246,0,0,0,0,-1.0,18
1,2023,2023181,22,Haas F1 Team,22,MAG,Kevin Magnussen,20,#505050,14.0,1034,103.941,103.941,0,0,103.87,0.688,-0.801,0.270,-0.666,25.0,-0.801,0.270,-0.666,25.0,-0.531,H,#A5AFB9,4,3.0,0,0,0.246,0,0,0,0,0.0,18
1,2023,2023181,22,Haas F1 Team,22,MAG,Kevin Magnussen,20,#505050,15.0,1035,103.867,103.867,0,0,103.904,0.074,-0.723,0.384,-0.531,25.0,-0.723,0.384,-0.531,25.0,-0.339,H,#A5AFB9,5,3.0,0,0,0.246,0,0,0,0,0.0,18
1,2023,2023181,22,Haas F1 Team,22,MAG,Kevin Magnussen,20,#505050,16.0,1036,103.726,103.726,0,0,103.797,0.141,-0.633,0.154,-0.556,25.0,-0.633,0.154,-0.556,25.0,-0.479,H,#A5AFB9,6,3.0,0,0,0.246,0,0,0,0,0.0,18
1,2023,2023181,22,Haas F1 Team,22,MAG,Kevin Magnussen,20,#505050,17.0,1037,103.225,103.225,0,0,103.476,0.501,-0.127,-0.244,-0.249,22.0,-0.127,-0.244,-0.249,22.0,-0.371,H,#A5AFB9,7,3.0,0,0,0.246,0,0,0,0,0.0,18
1,2023,2023181,22,Haas F1 Team,22,MAG,Kevin Magnussen,20,#505050,18.0,1038,102.918,102.918,0,0,103.072,0.307,0.021,-0.417,-0.188,22.0,0.021,-0.417,-0.188,22.0,-0.396,H,#A5AFB9,8,3.0,0,0,0.246,0,0,0,0,0.0,18
1,2023,2023181,22,Haas F1 Team,22,MAG,Kevin Magnussen,20,#505050,19.0,1039,103.133,103.133,0,0,103.026,0.215,-0.553,-,-,-,-0.553,-,-,-,,H,#A5AFB9,9,3.0,0,0,0.246,0,0,0,0,0.0,18
1,2023,2023181,22,Haas F1 Team,22,MAG,Kevin Magnussen,20,#505050,20.0,1040,103.105,103.105,0,0,103.119,0.028,-0.682,-,-,-,-0.682,-,-,-,,H,#A5AFB9,10,3.0,0,1,0.246,0,0,0,0,0.0,17
1,2023,2023181,22,Haas F1 Team,22,MAG,Kevin Magnussen,20,#505050,21.0,1041,104.551,103.471,1,0,103.288,1.446,-2.135,1.949,-1.161,25.0,-1.055,0.869,-0.620,25.0,-0.186,H,#A5AFB9,11,3.0,0,0,0.246,0,0,0,0,0.0,17
1,2023,2023181,22,Haas F1 Team,22,MAG,Kevin Magnussen,20,#505050,22.0,1042,103.838,103.838,0,0,103.655,0.713,-1.525,1.874,-0.588,25.0,-1.525,1.874,-0.588,25.0,0.349,H,#A5AFB9,12,3.0,0,0,0.246,0,0,0,0,0.0,17
1,2023,2023181,22,Haas F1 Team,22,MAG,Kevin Magnussen,20,#505050,23.0,1043,103.784,103.784,0,0,103.811,0.054,-1.522,1.594,-0.725,25.0,-1.522,1.594,-0.725,25.0,0.072,H,#A5AFB9,13,3.0,0,0,0.246,0,0,0,0,0.0,17
1,2023,2023181,22,Haas F1 Team,22,MAG,Kevin Magnussen,20,#505050,24.0,1044,104.564,103.839,1,0,103.811,0.780,-2.237,2.561,-0.957,25.0,-1.511,1.835,-0.593,25.0,0.324,H,#A5AFB9,14,3.0,0,0,0.246,0,0,0,0,-1.0,18
1,2023,2023181,22,Haas F1 Team,22,MAG,Kevin Magnussen,20,#505050,25.0,1045,103.893,103.893,0,0,103.866,0.671,-1.525,1.628,-0.711,25.0,-1.525,1.628,-0.711,25.0,0.103,H,#A5AFB9,15,3.0,0,0,0.246,0,0,0,0,0.0,18
1,2023,2023181,22,Haas F1 Team,22,MAG,Kevin Magnussen,20,#505050,26.0,1046,103.862,103.862,0,0,103.878,0.031,-1.394,1.533,-0.627,25.0,-1.394,1.533,-0.627,25.0,0.139,H,#A5AFB9,16,3.0,0,0,0.246,0,0,0,0,0.0,18
1,2023,2023181,22,Haas F1 Team,22,MAG,Kevin Magnussen,20,#505050,27.0,1047,103.822,103.822,0,0,103.842,0.040,-1.512,0.982,-1.021,25.0,-1.512,1.288,-0.868,25.0,-0.53,H,#A5AFB9,17,3.0,0,0,0.246,0,0,0,0,0.0,18
1,2023,2023181,22,Haas F1 Team,22,MAG,Kevin Magnussen,20,#505050,28.0,1048,103.913,103.913,0,0,103.868,0.091,-1.742,1.173,-1.155,25.0,-1.742,1.173,-1.155,25.0,-0.569,H,#A5AFB9,18,3.0,0,0,0.246,0,0,0,0,0.0,17
1,2023,2023181,22,Haas F1 Team,22,MAG,Kevin Magnussen,20,#505050,29.0,1049,-,-,0,1,-,-,-,-,-,-,-,-,-,-,-0.897,H,#A5AFB9,19,3.0,1,0,0.246,0,0,0,0,0.0,16
1,2023,2023181,22,Haas F1 Team,22,MAG,Kevin Magnussen,20,#505050,30.0,1050,-,-,0,1,-,-,-,-,-,-,-,-,-,-,0.159,M,#F0E628,1,4.0,0,0,0.370,0,0,0,0,0.0,18
1,2023,2023181,22,Haas F1 Team,22,MAG,Kevin Magnussen,20,#505050,31.0,1051,102.909,102.909,0,0,-,-,-0.807,1.227,-0.194,25.0,-0.807,1.227,-0.194,25.0,0.42,M,#F0E628,2,4.0,0,0,0.370,0,0,0,0,0.0,18
1,2023,2023181,22,Haas F1 Team,22,MAG,Kevin Magnussen,20,#505050,32.0,1052,102.031,102.031,0,0,102.47,0.878,0.002,-0.415,-0.205,22.0,0.002,-0.415,-0.205,22.0,-0.413,M,#F0E628,3,4.0,0,0,0.370,0,0,0,0,0.0,18
1,2023,2023181,22,Haas F1 Team,22,MAG,Kevin Magnussen,20,#505050,33.0,1053,102.07,102.07,0,0,102.05,0.039,0.088,-1.075,-0.450,22.0,0.088,-1.075,-0.450,22.0,-0.987,M,#F0E628,4,4.0,0,0,0.370,0,0,0,0,0.0,18
1,2023,2023181,22,Haas F1 Team,22,MAG,Kevin Magnussen,20,#505050,34.0,1054,102.159,102.159,0,0,102.114,0.089,-0.274,-,-,-,-0.274,-,-,-,,M,#F0E628,5,4.0,0,0,0.370,0,0,0,0,0.0,18
1,2023,2023181,22,Haas F1 Team,22,MAG,Kevin Magnussen,20,#505050,35.0,1055,102.115,102.115,0,0,102.137,0.044,-0.121,-,-,-,-0.121,-,-,-,,M,#F0E628,6,4.0,0,0,0.370,0,0,0,0,0.0,18
1,2023,2023181,22,Haas F1 Team,22,MAG,Kevin Magnussen,20,#505050,36.0,1056,102.669,102.334,1,0,102.224,0.554,-0.627,1.211,-0.021,25.0,-0.292,0.876,0.146,25.0,0.584,M,#F0E628,7,4.0,0,0,0.370,0,0,0,0,0.0,18
1,2023,2023181,22,Haas F1 Team,22,MAG,Kevin Magnussen,20,#505050,37.0,1057,102.553,102.553,0,0,102.444,0.116,-0.842,1.539,-0.072,25.0,-0.842,1.539,-0.072,25.0,0.697,M,#F0E628,8,4.0,0,0,0.370,0,0,0,0,0.0,18
1,2023,2023181,22,Haas F1 Team,22,MAG,Kevin Magnussen,20,#505050,38.0,1058,102.428,102.428,0,0,102.49,0.125,-0.893,1.253,-0.267,25.0,-0.893,1.253,-0.267,25.0,0.36,M,#F0E628,9,4.0,0,0,0.370,0,0,0,0,0.0,18
1,2023,2023181,22,Haas F1 Team,22,MAG,Kevin Magnussen,20,#505050,39.0,1059,102.296,102.296,0,0,102.362,0.132,-0.954,1.142,-0.383,25.0,-0.954,1.142,-0.383,25.0,0.188,M,#F0E628,10,4.0,0,0,0.370,0,0,0,0,0.0,18
1,2023,2023181,22,Haas F1 Team,22,MAG,Kevin Magnussen,20,#505050,40.0,1060,102.313,102.313,0,0,102.304,0.017,-1.127,1.205,-0.524,25.0,-1.127,1.205,-0.524,25.0,0.078,M,#F0E628,11,4.0,0,0,0.370,0,0,0,0,0.0,18
1,2023,2023181,22,Haas F1 Team,22,MAG,Kevin Magnussen,20,#505050,41.0,1061,101.506,101.506,0,0,101.91,0.807,-0.309,-0.530,-0.574,22.0,-0.309,0.084,-0.267,25.0,-0.839,M,#F0E628,12,4.0,0,0,0.370,0,0,0,0,0.0,18
1,2023,2023181,22,Haas F1 Team,22,MAG,Kevin Magnussen,20,#505050,42.0,1062,101.547,101.547,0,0,101.526,0.041,-0.291,-0.189,-0.385,22.0,-0.291,-0.189,-0.385,22.0,-0.48,M,#F0E628,13,4.0,0,0,0.370,0,0,0,0,0.0,18
1,2023,2023181,22,Haas F1 Team,22,MAG,Kevin Magnussen,20,#505050,43.0,1063,102.509,101.92,1,0,101.733,0.962,-1.154,0.664,-0.822,25.0,-0.565,0.075,-0.527,25.0,-0.49,M,#F0E628,14,4.0,0,1,0.370,0,0,0,0,0.0,18
1,2023,2023181,22,Haas F1 Team,22,MAG,Kevin Magnussen,20,#505050,44.0,1064,102.293,102.293,0,0,102.107,0.216,-0.935,-0.119,-0.995,22.0,-0.935,0.908,-0.481,25.0,-1.054,M,#F0E628,15,4.0,0,0,0.370,0,0,0,0,0.0,18
1,2023,2023181,22,Haas F1 Team,22,MAG,Kevin Magnussen,20,#505050,45.0,1065,102.377,102.377,0,0,102.335,0.084,-1.187,1.452,-0.461,25.0,-1.187,1.452,-0.461,25.0,0.265,M,#F0E628,16,4.0,0,0,0.370,0,0,0,0,0.0,18
1,2023,2023181,22,Haas F1 Team,22,MAG,Kevin Magnussen,20,#505050,46.0,1066,102.161,102.161,0,0,102.269,0.216,-0.946,0.297,-0.797,25.0,-0.946,0.297,-0.797,25.0,-0.649,M,#F0E628,17,4.0,0,0,0.370,0,0,0,0,0.0,18
1,2023,2023181,22,Haas F1 Team,22,MAG,Kevin Magnussen,20,#505050,47.0,1067,102.281,102.281,0,0,102.221,0.120,-1.177,0.362,-0.996,25.0,-1.177,0.362,-0.996,25.0,-0.815,M,#F0E628,18,4.0,0,0,0.370,0,0,0,0,0.0,18
1,2023,2023181,22,Haas F1 Team,22,MAG,Kevin Magnussen,20,#505050,48.0,1068,101.931,101.931,0,0,102.106,0.350,-0.471,0.277,-0.333,25.0,-0.471,0.277,-0.333,25.0,-0.194,M,#F0E628,19,4.0,0,0,0.370,0,0,0,0,0.0,17
1,2023,2023181,22,Haas F1 Team,22,MAG,Kevin Magnussen,20,#505050,49.0,1069,101.732,101.732,0,0,101.832,0.199,-0.833,0.118,-0.774,25.0,-0.833,0.118,-0.774,25.0,-0.715,M,#F0E628,20,4.0,0,0,0.370,0,0,0,0,0.0,17
1,2023,2023181,22,Haas F1 Team,22,MAG,Kevin Magnussen,20,#505050,50.0,1070,101.616,101.616,0,0,101.674,0.116,-0.742,-0.846,-1.165,22.0,-0.742,-0.846,-1.165,22.0,-1.588,M,#F0E628,21,4.0,0,0,0.370,0,0,0,0,0.0,16
1,2023,2023181,22,Haas F1 Team,22,MAG,Kevin Magnussen,20,#505050,51.0,1071,102.208,101.878,1,0,101.747,0.592,-1.234,-0.661,-1.565,22.0,-0.904,-0.991,-1.399,22.0,-1.895,M,#F0E628,22,4.0,0,0,0.370,0,0,0,0,0.0,16
1,2023,2023181,22,Haas F1 Team,22,MAG,Kevin Magnussen,20,#505050,52.0,1072,102.139,102.139,0,0,102.008,0.069,-0.947,-1.701,-1.798,22.0,-0.947,-0.730,-1.312,22.0,-2.648,M,#F0E628,23,4.0,0,0,0.370,0,0,0,0,0.0,16
1,2023,2023181,22,Haas F1 Team,22,MAG,Kevin Magnussen,20,#505050,53.0,1073,102.395,102.395,0,0,102.267,0.256,-1.103,-0.474,-1.340,22.0,-1.103,-0.474,-1.340,22.0,-1.577,M,#F0E628,24,4.0,0,0,0.370,0,0,0,0,0.0,16
1,2023,2023181,22,Haas F1 Team,22,MAG,Kevin Magnussen,20,#505050,54.0,1074,107.413,103.116,1,0,102.756,5.018,-5.991,4.763,-3.610,25.0,-1.694,0.466,-1.461,25.0,-1.228,M,#F0E628,25,4.0,0,0,0.370,0,0,0,0,0.0,16
1,2023,2023181,22,Haas F1 Team,22,MAG,Kevin Magnussen,20,#505050,55.0,1075,103.838,103.838,0,0,103.477,3.575,-1.944,1.388,-1.250,25.0,-1.944,1.388,-1.250,25.0,-0.556,M,#F0E628,26,4.0,0,0,0.370,0,0,0,0,0.0,16
1,2023,2023181,22,Haas F1 Team,25,HUL,Nico Hulkenberg,27,#505050,1.0,1021,-,-,0,1,-,-,-,-,-,-,-,-,-,-,,H,#A5AFB9,1,2.0,0,0,0.214,0,0,0,0,,19
1,2023,2023181,22,Haas F1 Team,25,HUL,Nico Hulkenberg,27,#505050,2.0,1022,-,-,0,1,-,-,-,-,-,-,-,-,-,-,,H,#A5AFB9,2,2.0,0,0,0.214,0,0,0,0,0.0,19
1,2023,2023181,22,Haas F1 Team,25,HUL,Nico Hulkenberg,27,#505050,3.0,1023,104.8,104.8,0,0,-,-,-0.686,-0.158,-0.607,22.0,-0.686,-0.158,-0.607,22.0,-0.528,H,#A5AFB9,3,2.0,0,0,0.214,0,0,0,0,0.0,19
1,2023,2023181,22,Haas F1 Team,25,HUL,Nico Hulkenberg,27,#505050,4.0,1024,105.723,104.724,1,0,104.762,0.923,-1.945,-0.290,-1.800,22.0,-0.946,-0.594,-0.649,22.0,-1.655,H,#A5AFB9,4,2.0,0,0,0.214,0,0,0,0,0.0,19
1,2023,2023181,22,Haas F1 Team,25,HUL,Nico Hulkenberg,27,#505050,5.0,1025,104.648,104.648,0,0,104.686,1.075,-1.122,-1.030,-0.607,22.0,-1.122,-1.030,-0.607,22.0,-0.092,H,#A5AFB9,5,2.0,0,0,0.214,0,0,0,0,1.0,18
1,2023,2023181,22,Haas F1 Team,25,HUL,Nico Hulkenberg,27,#505050,6.0,1026,104.916,104.916,0,0,104.782,0.268,-1.712,-1.395,-1.014,22.0,-1.712,-1.395,-1.014,22.0,-0.317,H,#A5AFB9,6,2.0,0,0,0.214,0,0,0,0,-1.0,19
1,2023,2023181,22,Haas F1 Team,25,HUL,Nico Hulkenberg,27,#505050,7.0,1027,103.802,103.802,0,0,104.359,1.114,-0.486,0.072,-0.522,25.0,-0.486,0.072,-0.522,25.0,-0.558,H,#A5AFB9,7,2.0,0,0,0.214,0,0,0,0,0.0,19
1,2023,2023181,22,Haas F1 Team,25,HUL,Nico Hulkenberg,27,#505050,8.0,1028,104.13,104.13,0,0,103.966,0.328,-0.725,-0.034,-0.708,22.0,-0.725,-0.034,-0.708,22.0,-0.691,H,#A5AFB9,8,2.0,0,0,0.214,0,0,0,0,0.0,19
1,2023,2023181,22,Haas F1 Team,25,HUL,Nico Hulkenberg,27,#505050,9.0,1029,104.266,104.266,0,0,104.198,0.136,-0.911,-0.442,-0.690,22.0,-0.911,-0.442,-0.690,22.0,-0.469,H,#A5AFB9,9,2.0,0,0,0.214,0,0,0,0,0.0,19
1,2023,2023181,22,Haas F1 Team,25,HUL,Nico Hulkenberg,27,#505050,10.0,1030,104.643,104.643,0,0,104.454,0.377,-1.295,-,-,-,-1.295,-,-,-,,H,#A5AFB9,10,2.0,0,1,0.214,0,0,0,0,0.0,17
1,2023,2023181,22,Haas F1 Team,25,HUL,Nico Hulkenberg,27,#505050,11.0,1031,103.415,103.415,0,0,104.029,1.228,-0.502,-,-,-,-0.502,-,-,-,,H,#A5AFB9,11,2.0,0,0,0.214,0,0,0,0,0.0,14
1,2023,2023181,22,Haas F1 Team,25,HUL,Nico Hulkenberg,27,#505050,12.0,1032,103.408,103.408,0,0,103.412,0.007,-0.596,0.250,-0.721,25.0,-0.596,0.250,-0.721,25.0,-0.846,H,#A5AFB9,12,2.0,0,0,0.214,0,0,0,0,0.0,13
1,2023,2023181,22,Haas F1 Team,25,HUL,Nico Hulkenberg,27,#505050,13.0,1033,103.771,103.771,0,0,103.59,0.363,-0.717,0.858,-1.146,25.0,-0.717,0.029,-0.732,25.0,-1.575,H,#A5AFB9,13,2.0,0,0,0.214,0,0,0,0,0.0,13
1,2023,2023181,22,Haas F1 Team,25,HUL,Nico Hulkenberg,27,#505050,14.0,1034,103.671,103.671,0,0,103.721,0.100,-0.531,0.270,-0.666,25.0,-0.531,0.270,-0.666,25.0,-0.801,H,#A5AFB9,14,2.0,0,0,0.214,0,0,0,0,0.0,13
1,2023,2023181,22,Haas F1 Team,25,HUL,Nico Hulkenberg,27,#505050,15.0,1035,103.483,103.483,0,0,103.577,0.188,-0.339,0.384,-0.531,25.0,-0.339,0.384,-0.531,25.0,-0.723,H,#A5AFB9,15,2.0,0,0,0.214,0,0,0,0,0.0,13
1,2023,2023181,22,Haas F1 Team,25,HUL,Nico Hulkenberg,27,#505050,16.0,1036,103.572,103.572,0,0,103.528,0.089,-0.479,0.154,-0.556,25.0,-0.479,0.154,-0.556,25.0,-0.633,H,#A5AFB9,16,2.0,0,0,0.214,0,0,0,0,0.0,13
1,2023,2023181,22,Haas F1 Team,25,HUL,Nico Hulkenberg,27,#505050,17.0,1037,103.469,103.469,0,0,103.52,0.103,-0.371,-0.244,-0.249,22.0,-0.371,-0.244,-0.249,22.0,-0.127,H,#A5AFB9,17,2.0,0,0,0.214,0,0,0,0,0.0,13
1,2023,2023181,22,Haas F1 Team,25,HUL,Nico Hulkenberg,27,#505050,18.0,1038,103.335,103.335,0,0,103.402,0.134,-0.396,-0.417,-0.188,22.0,-0.396,-0.417,-0.188,22.0,0.021,H,#A5AFB9,18,2.0,0,0,0.214,0,0,0,0,0.0,12
1,2023,2023181,22,Haas F1 Team,25,HUL,Nico Hulkenberg,27,#505050,19.0,1039,-,-,0,1,-,-,-,-,-,-,-,-,-,-,-0.553,H,#A5AFB9,19,2.0,1,0,0.214,0,0,0,0,0.0,12
1,2023,2023181,22,Haas F1 Team,25,HUL,Nico Hulkenberg,27,#505050,20.0,1040,-,-,0,1,-,-,-,-,-,-,-,-,-,-,-0.682,M,#F0E628,1,3.0,0,0,0.218,0,0,0,0,0.0,18
1,2023,2023181,22,Haas F1 Team,25,HUL,Nico Hulkenberg,27,#505050,21.0,1041,102.602,102.602,0,0,-,-,-0.186,1.949,-1.161,25.0,-0.186,0.869,-0.620,25.0,-2.135,M,#F0E628,2,3.0,0,0,0.218,0,0,0,0,0.0,18
1,2023,2023181,22,Haas F1 Team,25,HUL,Nico Hulkenberg,27,#505050,22.0,1042,101.964,101.964,0,0,102.283,0.638,0.349,1.874,-0.588,25.0,0.349,1.874,-0.588,25.0,-1.525,M,#F0E628,3,3.0,0,0,0.218,0,0,0,0,0.0,18
1,2023,2023181,22,Haas F1 Team,25,HUL,Nico Hulkenberg,27,#505050,23.0,1043,102.19,102.19,0,0,102.077,0.226,0.072,1.594,-0.725,25.0,0.072,1.594,-0.725,25.0,-1.522,M,#F0E628,4,3.0,0,0,0.218,0,0,0,0,0.0,18
1,2023,2023181,22,Haas F1 Team,25,HUL,Nico Hulkenberg,27,#505050,24.0,1044,102.003,102.003,0,0,102.096,0.187,0.324,2.561,-0.957,25.0,0.324,1.835,-0.593,25.0,-2.237,M,#F0E628,5,3.0,0,0,0.218,0,0,0,0,1.0,17
1,2023,2023181,22,Haas F1 Team,25,HUL,Nico Hulkenberg,27,#505050,25.0,1045,102.265,102.265,0,0,102.134,0.262,0.103,1.628,-0.711,25.0,0.103,1.628,-0.711,25.0,-1.525,M,#F0E628,6,3.0,0,0,0.218,0,0,0,0,0.0,17
1,2023,2023181,22,Haas F1 Team,25,HUL,Nico Hulkenberg,27,#505050,26.0,1046,102.329,102.329,0,0,102.297,0.064,0.139,1.533,-0.627,25.0,0.139,1.533,-0.627,25.0,-1.394,M,#F0E628,7,3.0,0,0,0.218,0,0,0,0,0.0,17
1,2023,2023181,22,Haas F1 Team,25,HUL,Nico Hulkenberg,27,#505050,27.0,1047,102.84,102.534,1,0,102.432,0.511,-0.53,0.982,-1.021,25.0,-0.224,1.288,-0.868,25.0,-1.512,M,#F0E628,8,3.0,0,1,0.218,0,0,0,0,0.0,17
1,2023,2023181,22,Haas F1 Team,25,HUL,Nico Hulkenberg,27,#505050,28.0,1048,102.74,102.74,0,0,102.637,0.100,-0.569,1.173,-1.155,25.0,-0.569,1.173,-1.155,25.0,-1.742,M,#F0E628,9,3.0,0,0,0.218,0,0,0,0,0.0,16
1,2023,2023181,22,Haas F1 Team,25,HUL,Nico Hulkenberg,27,#505050,29.0,1049,102.896,102.896,0,0,102.818,0.156,-0.897,-,-,-,-0.897,-,-,-,,M,#F0E628,10,3.0,0,0,0.218,0,0,0,0,0.0,15
1,2023,2023181,22,Haas F1 Team,25,HUL,Nico Hulkenberg,27,#505050,30.0,1050,101.874,101.874,0,0,102.385,1.022,0.159,-,-,-,0.159,-,-,-,,M,#F0E628,11,3.0,0,0,0.218,0,0,0,0,1.0,13
1,2023,2023181,22,Haas F1 Team,25,HUL,Nico Hulkenberg,27,#505050,31.0,1051,101.682,101.682,0,0,101.778,0.192,0.42,1.227,-0.194,25.0,0.420,1.227,-0.194,25.0,-0.807,M,#F0E628,12,3.0,0,0,0.218,0,0,0,0,1.0,12
1,2023,2023181,22,Haas F1 Team,25,HUL,Nico Hulkenberg,27,#505050,32.0,1052,102.446,102.446,0,0,102.064,0.764,-0.413,-0.415,-0.205,22.0,-0.413,-0.415,-0.205,22.0,0.002,M,#F0E628,13,3.0,0,0,0.218,0,0,0,0,0.0,12
1,2023,2023181,22,Haas F1 Team,25,HUL,Nico Hulkenberg,27,#505050,33.0,1053,103.145,103.145,0,0,102.796,0.699,-0.987,-1.075,-0.450,22.0,-0.987,-1.075,-0.450,22.0,0.088,M,#F0E628,14,3.0,0,0,0.218,0,0,0,0,0.0,12
1,2023,2023181,22,Haas F1 Team,25,HUL,Nico Hulkenberg,27,#505050,34.0,1054,-,-,0,1,-,-,-,-,-,-,-,-,-,-,-0.274,M,#F0E628,15,3.0,1,0,0.218,0,0,0,0,0.0,12
1,2023,2023181,22,Haas F1 Team,25,HUL,Nico Hulkenberg,27,#505050,35.0,1055,-,-,0,1,-,-,-,-,-,-,-,-,-,-,-0.121,M,#F0E628,7,4.0,0,0,0.252,0,0,0,0,0.0,15
1,2023,2023181,22,Haas F1 Team,25,HUL,Nico Hulkenberg,27,#505050,36.0,1056,101.458,101.458,0,0,-,-,0.584,1.211,-0.021,25.0,0.584,0.876,0.146,25.0,-0.627,M,#F0E628,8,4.0,0,0,0.252,0,0,0,0,0.0,15
1,2023,2023181,22,Haas F1 Team,25,HUL,Nico Hulkenberg,27,#505050,37.0,1057,101.014,101.014,0,0,101.236,0.444,0.697,1.539,-0.072,25.0,0.697,1.539,-0.072,25.0,-0.842,M,#F0E628,9,4.0,0,0,0.252,0,0,0,0,1.0,14
1,2023,2023181,22,Haas F1 Team,25,HUL,Nico Hulkenberg,27,#505050,38.0,1058,101.175,101.175,0,0,101.094,0.161,0.36,1.253,-0.267,25.0,0.360,1.253,-0.267,25.0,-0.893,M,#F0E628,10,4.0,0,0,0.252,0,0,0,0,0.0,14
1,2023,2023181,22,Haas F1 Team,25,HUL,Nico Hulkenberg,27,#505050,39.0,1059,101.154,101.154,0,0,101.164,0.021,0.188,1.142,-0.383,25.0,0.188,1.142,-0.383,25.0,-0.954,M,#F0E628,11,4.0,0,0,0.252,0,0,0,0,0.0,14
1,2023,2023181,22,Haas F1 Team,25,HUL,Nico Hulkenberg,27,#505050,40.0,1060,101.108,101.108,0,0,101.131,0.046,0.078,1.205,-0.524,25.0,0.078,1.205,-0.524,25.0,-1.127,M,#F0E628,12,4.0,0,0,0.252,0,0,0,0,0.0,14
1,2023,2023181,22,Haas F1 Team,25,HUL,Nico Hulkenberg,27,#505050,41.0,1061,102.036,101.422,1,0,101.265,0.928,-0.839,-0.530,-0.574,22.0,-0.225,0.084,-0.267,25.0,-0.309,M,#F0E628,13,4.0,0,0,0.252,0,0,0,0,0.0,14
1,2023,2023181,22,Haas F1 Team,25,HUL,Nico Hulkenberg,27,#505050,42.0,1062,101.736,101.736,0,0,101.579,0.300,-0.48,-0.189,-0.385,22.0,-0.480,-0.189,-0.385,22.0,-0.291,M,#F0E628,14,4.0,0,0,0.252,0,0,0,0,0.0,14
1,2023,2023181,22,Haas F1 Team,25,HUL,Nico Hulkenberg,27,#505050,43.0,1063,101.845,101.845,0,0,101.791,0.109,-0.49,0.664,-0.822,25.0,-0.490,0.075,-0.527,25.0,-1.154,M,#F0E628,15,4.0,0,0,0.252,0,0,0,0,0.0,14
1,2023,2023181,22,Haas F1 Team,25,HUL,Nico Hulkenberg,27,#505050,44.0,1064,102.412,101.385,1,0,101.615,0.567,-1.054,-0.119,-0.995,22.0,-0.027,0.908,-0.481,25.0,-0.935,M,#F0E628,16,4.0,0,0,0.252,0,0,0,0,0.0,14
1,2023,2023181,22,Haas F1 Team,25,HUL,Nico Hulkenberg,27,#505050,45.0,1065,100.925,100.925,0,0,101.155,1.487,0.265,1.452,-0.461,25.0,0.265,1.452,-0.461,25.0,-1.187,M,#F0E628,17,4.0,0,0,0.252,0,0,0,0,1.0,13
1,2023,2023181,22,Haas F1 Team,25,HUL,Nico Hulkenberg,27,#505050,46.0,1066,101.864,101.864,0,0,101.394,0.939,-0.649,0.297,-0.797,25.0,-0.649,0.297,-0.797,25.0,-0.946,M,#F0E628,18,4.0,0,1,0.252,0,0,0,0,0.0,13
1,2023,2023181,22,Haas F1 Team,25,HUL,Nico Hulkenberg,27,#505050,47.0,1067,101.919,101.919,0,0,101.892,0.055,-0.815,0.362,-0.996,25.0,-0.815,0.362,-0.996,25.0,-1.177,M,#F0E628,19,4.0,0,0,0.252,0,0,0,0,0.0,13
1,2023,2023181,22,Haas F1 Team,25,HUL,Nico Hulkenberg,27,#505050,48.0,1068,101.654,101.654,0,0,101.786,0.265,-0.194,0.277,-0.333,25.0,-0.194,0.277,-0.333,25.0,-0.471,M,#F0E628,20,4.0,0,0,0.252,0,0,0,0,0.0,13
1,2023,2023181,22,Haas F1 Team,25,HUL,Nico Hulkenberg,27,#505050,49.0,1069,101.614,101.614,0,0,101.634,0.040,-0.715,0.118,-0.774,25.0,-0.715,0.118,-0.774,25.0,-0.833,M,#F0E628,21,4.0,0,0,0.252,0,0,0,0,0.0,13
1,2023,2023181,22,Haas F1 Team,25,HUL,Nico Hulkenberg,27,#505050,50.0,1070,102.462,102.462,0,0,102.038,0.848,-1.588,-0.846,-1.165,22.0,-1.588,-0.846,-1.165,22.0,-0.742,M,#F0E628,22,4.0,0,0,0.252,0,0,0,0,0.0,12
1,2023,2023181,22,Haas F1 Team,25,HUL,Nico Hulkenberg,27,#505050,51.0,1071,102.869,102.869,0,0,102.666,0.407,-1.895,-0.661,-1.565,22.0,-1.895,-0.991,-1.399,22.0,-1.234,M,#F0E628,23,4.0,0,0,0.252,0,0,0,0,0.0,12
1,2023,2023181,22,Haas F1 Team,25,HUL,Nico Hulkenberg,27,#505050,52.0,1072,103.84,102.869,1,0,102.869,0.971,-2.648,-1.701,-1.798,22.0,-1.677,-0.730,-1.312,22.0,-0.947,M,#F0E628,24,4.0,0,0,0.252,0,0,0,0,-1.0,13
1,2023,2023181,22,Haas F1 Team,25,HUL,Nico Hulkenberg,27,#505050,53.0,1073,102.869,102.869,0,0,102.869,0.971,-1.577,-0.474,-1.340,22.0,-1.577,-0.474,-1.340,22.0,-1.103,M,#F0E628,25,4.0,0,0,0.252,0,0,0,0,0.0,13
1,2023,2023181,22,Haas F1 Team,25,HUL,Nico Hulkenberg,27,#505050,54.0,1074,102.65,102.65,0,0,102.76,0.219,-1.228,4.763,-3.610,25.0,-1.228,0.466,-1.461,25.0,-5.991,M,#F0E628,26,4.0,0,0,0.252,0,0,0,0,0.0,13
1,2023,2023181,22,Haas F1 Team,25,HUL,Nico Hulkenberg,27,#505050,55.0,1075,102.45,102.45,0,0,102.55,0.200,-0.556,1.388,-1.250,25.0,-0.556,1.388,-1.250,25.0,-1.944,M,#F0E628,27,4.0,0,0,0.252,0,0,0,0,0.0,13
1,2023,2023181,22,Haas F1 Team,25,HUL,Nico Hulkenberg,27,#505050,56.0,1076,102.927,102.927,0,0,102.688,0.477,-1.483,-,-,-,-1.483,-,-,-,,M,#F0E628,28,4.0,0,0,0.252,0,0,0,0,0.0,13
1,2023,2023191,23,Haas F1 Team,22,MAG,Kevin Magnussen,20,#505050,1.0,1077,-,-,0,1,-,-,-,-,-,-,-,-,-,-,,M,#F0E628,1,1.0,0,0,0.129,0,0,0,0,,13
1,2023,2023191,23,Haas F1 Team,22,MAG,Kevin Magnussen,20,#505050,2.0,1078,-,-,0,1,-,-,-,-,-,-,-,-,-,-,,M,#F0E628,2,1.0,0,0,0.129,0,0,0,0,0.0,13
1,2023,2023191,23,Haas F1 Team,22,MAG,Kevin Magnussen,20,#505050,3.0,1079,85.057,85.057,0,0,-,-,-,-,-,-,-,-,-,-,,M,#F0E628,3,1.0,0,0,0.129,0,0,0,0,0.0,13
1,2023,2023191,23,Haas F1 Team,22,MAG,Kevin Magnussen,20,#505050,4.0,1080,-,-,0,1,-,-,-,-,-,-,-,-,-,-,,M,#F0E628,4,1.0,0,0,0.129,0,0,0,1,0.0,13
1,2023,2023191,23,Haas F1 Team,22,MAG,Kevin Magnussen,20,#505050,5.0,1081,-,-,0,1,-,-,-,-,-,-,-,-,-,-,,M,#F0E628,5,1.0,0,0,0.129,0,0,1,0,0.0,13
1,2023,2023191,23,Haas F1 Team,22,MAG,Kevin Magnussen,20,#505050,6.0,1082,84.04,84.04,0,0,-,-,-0.13,-0.284,0.012,25.0,-0.130,-0.284,0.012,25.0,0.154,M,#F0E628,6,1.0,0,0,0.129,0,0,0,0,0.0,13
1,2023,2023191,23,Haas F1 Team,22,MAG,Kevin Magnussen,20,#505050,7.0,1083,84.469,84.469,0,0,84.254,0.429,-0.3,0.080,-0.340,22.0,-0.300,0.080,-0.340,22.0,-0.38,M,#F0E628,7,1.0,0,0,0.129,0,0,0,0,0.0,13
1,2023,2023191,23,Haas F1 Team,22,MAG,Kevin Magnussen,20,#505050,8.0,1084,84.904,84.496,1,0,84.482,0.435,-0.411,0.019,-0.420,22.0,-0.003,0.206,-0.106,22.0,-0.43,M,#F0E628,8,1.0,0,0,0.129,0,0,0,0,0.0,13
1,2023,2023191,23,Haas F1 Team,22,MAG,Kevin Magnussen,20,#505050,9.0,1085,84.523,84.523,0,0,84.51,0.381,0.001,0.333,-0.166,22.0,0.001,0.333,-0.166,22.0,-0.332,M,#F0E628,9,1.0,0,0,0.129,0,0,0,0,0.0,13
1,2023,2023191,23,Haas F1 Team,22,MAG,Kevin Magnussen,20,#505050,10.0,1086,84.965,84.965,0,0,84.744,0.442,-0.547,-0.193,-0.451,25.0,-0.547,-0.193,-0.451,25.0,-0.354,M,#F0E628,10,1.0,0,0,0.129,0,0,0,0,0.0,13
1,2023,2023191,23,Haas F1 Team,22,MAG,Kevin Magnussen,20,#505050,11.0,1087,84.984,84.984,0,0,84.974,0.019,-0.621,0.041,-0.641,22.0,-0.621,0.041,-0.641,22.0,-0.662,M,#F0E628,11,1.0,0,0,0.129,0,0,0,0,0.0,13
1,2023,2023191,23,Haas F1 Team,22,MAG,Kevin Magnussen,20,#505050,12.0,1088,85.139,85.139,0,0,85.062,0.155,-0.69,-0.099,-0.640,25.0,-0.690,-0.099,-0.640,25.0,-0.591,M,#F0E628,12,1.0,0,0,0.129,0,0,0,0,0.0,13
1,2023,2023191,23,Haas F1 Team,22,MAG,Kevin Magnussen,20,#505050,13.0,1089,85.255,85.255,0,0,85.197,0.116,-0.638,-0.251,-0.512,25.0,-0.638,-0.251,-0.512,25.0,-0.387,M,#F0E628,13,1.0,0,1,0.129,0,0,0,0,0.0,13
1,2023,2023191,23,Haas F1 Team,22,MAG,Kevin Magnussen,20,#505050,14.0,1090,85.2,85.2,0,0,85.227,0.055,-0.606,0.063,-0.637,22.0,-0.606,-0.134,-0.539,25.0,-0.669,M,#F0E628,14,1.0,0,0,0.129,0,0,0,0,0.0,13
1,2023,2023191,23,Haas F1 Team,22,MAG,Kevin Magnussen,20,#505050,15.0,1091,85.77,85.474,1,0,85.337,0.570,-1.127,-0.642,-0.806,25.0,-0.831,-0.346,-0.658,25.0,-0.485,M,#F0E628,15,1.0,0,0,0.129,0,0,0,0,0.0,13
1,2023,2023191,23,Haas F1 Team,22,MAG,Kevin Magnussen,20,#505050,16.0,1092,85.748,85.748,0,0,85.611,0.022,-1.048,-0.469,-0.814,25.0,-1.048,-0.469,-0.814,25.0,-0.579,M,#F0E628,16,1.0,0,0,0.129,0,0,0,0,0.0,13
1,2023,2023191,23,Haas F1 Team,22,MAG,Kevin Magnussen,20,#505050,17.0,1093,85.53,85.53,0,0,85.639,0.218,-0.826,-0.543,-0.554,25.0,-0.826,-0.543,-0.554,25.0,-0.283,M,#F0E628,17,1.0,0,0,0.129,0,0,0,0,0.0,13
1,2023,2023191,23,Haas F1 Team,22,MAG,Kevin Magnussen,20,#505050,18.0,1094,85.736,85.736,0,0,85.633,0.206,-0.902,-0.418,-0.693,25.0,-0.902,-0.659,-0.573,25.0,-0.484,M,#F0E628,18,1.0,0,0,0.129,0,0,0,0,0.0,13
1,2023,2023191,23,Haas F1 Team,22,MAG,Kevin Magnussen,20,#505050,19.0,1095,85.668,85.668,0,0,85.702,0.068,-0.879,-0.501,-0.629,25.0,-0.879,-0.501,-0.629,25.0,-0.378,M,#F0E628,19,1.0,0,0,0.129,0,0,0,0,0.0,13
1,2023,2023191,23,Haas F1 Team,22,MAG,Kevin Magnussen,20,#505050,20.0,1096,85.549,85.549,0,0,85.608,0.119,-0.885,-0.736,-0.517,25.0,-0.885,-0.736,-0.517,25.0,-0.149,M,#F0E628,20,1.0,0,0,0.129,0,0,0,0,0.0,13
1,2023,2023191,23,Haas F1 Team,22,MAG,Kevin Magnussen,20,#505050,21.0,1097,85.373,85.373,0,0,85.461,0.176,-0.713,-0.669,-0.379,25.0,-0.713,-0.669,-0.379,25.0,-0.044,M,#F0E628,21,1.0,0,0,0.129,0,0,0,0,0.0,12
1,2023,2023191,23,Haas F1 Team,22,MAG,Kevin Magnussen,20,#505050,22.0,1098,85.48,85.48,0,0,85.426,0.107,-0.765,-0.416,-0.557,25.0,-0.765,-0.416,-0.557,25.0,-0.349,M,#F0E628,22,1.0,0,0,0.129,0,0,0,0,0.0,12
1,2023,2023191,23,Haas F1 Team,22,MAG,Kevin Magnussen,20,#505050,23.0,1099,-,-,0,1,-,-,-,-,-,-,-,-,-,-,,M,#F0E628,23,1.0,1,0,0.129,0,0,0,0,0.0,13
1,2023,2023191,23,Haas F1 Team,22,MAG,Kevin Magnussen,20,#505050,24.0,1100,-,-,0,1,-,-,-,-,-,-,-,-,-,-,,H,#A5AFB9,1,2.0,0,0,0.514,0,0,0,0,0.0,19
1,2023,2023191,23,Haas F1 Team,22,MAG,Kevin Magnussen,20,#505050,25.0,1101,83.146,83.146,0,0,-,-,1.039,0.687,0.696,22.0,1.039,0.687,0.696,22.0,0.352,H,#A5AFB9,2,2.0,0,0,0.514,0,0,0,0,0.0,19
1,2023,2023191,23,Haas F1 Team,22,MAG,Kevin Magnussen,20,#505050,26.0,1102,83.881,83.881,0,0,83.514,0.735,0.326,0.399,0.127,22.0,0.326,0.399,0.127,22.0,-0.073,H,#A5AFB9,3,2.0,0,0,0.514,0,0,0,0,0.0,19
1,2023,2023191,23,Haas F1 Team,22,MAG,Kevin Magnussen,20,#505050,27.0,1103,83.216,83.216,0,0,83.548,0.665,1.049,1.452,0.323,22.0,1.049,1.452,0.323,22.0,-0.403,H,#A5AFB9,4,2.0,0,0,0.514,0,0,0,0,0.0,19
1,2023,2023191,23,Haas F1 Team,22,MAG,Kevin Magnussen,20,#505050,28.0,1104,84.585,83.898,1,0,83.557,1.369,-0.194,0.041,-0.214,22.0,0.493,0.728,0.129,22.0,-0.235,H,#A5AFB9,5,2.0,0,1,0.514,0,0,0,0,1.0,18
1,2023,2023191,23,Haas F1 Team,22,MAG,Kevin Magnussen,20,#505050,29.0,1105,84.579,84.579,0,0,84.238,0.006,-0.153,0.221,-0.264,22.0,-0.153,0.221,-0.264,22.0,-0.374,H,#A5AFB9,6,2.0,0,0,0.514,0,0,0,0,0.0,18
1,2023,2023191,23,Haas F1 Team,22,MAG,Kevin Magnussen,20,#505050,30.0,1106,85.593,84.902,1,0,84.741,1.014,-1.366,-2.017,-0.357,25.0,-0.675,-1.326,-0.012,25.0,0.651,H,#A5AFB9,7,2.0,0,0,0.514,0,0,0,0,0.0,17
1,2023,2023191,23,Haas F1 Team,22,MAG,Kevin Magnussen,20,#505050,31.0,1107,85.226,85.226,0,0,85.064,0.367,-1.062,-1.314,-0.405,25.0,-1.062,-1.314,-0.405,25.0,0.252,H,#A5AFB9,8,2.0,0,0,0.514,0,0,0,0,0.0,16
1,2023,2023191,23,Haas F1 Team,22,MAG,Kevin Magnussen,20,#505050,32.0,1108,-,-,0,1,-,-,-,-,-,-,-,-,-,-,-0.731,H,#A5AFB9,9,2.0,0,0,0.514,0,1,0,0,,-
1,2023,2023191,23,Haas F1 Team,25,HUL,Nico Hulkenberg,27,#505050,1.0,1077,-,-,0,1,-,-,-,-,-,-,-,-,-,-,,M,#F0E628,1,1.0,0,0,0.140,0,0,0,0,,8
1,2023,2023191,23,Haas F1 Team,25,HUL,Nico Hulkenberg,27,#505050,2.0,1078,-,-,0,1,-,-,-,-,-,-,-,-,-,-,,M,#F0E628,2,1.0,0,0,0.140,0,0,0,0,0.0,8
1,2023,2023191,23,Haas F1 Team,25,HUL,Nico Hulkenberg,27,#505050,3.0,1079,84.735,84.735,0,0,-,-,-,-,-,-,-,-,-,-,,M,#F0E628,3,1.0,0,0,0.140,0,0,0,0,0.0,8
1,2023,2023191,23,Haas F1 Team,25,HUL,Nico Hulkenberg,27,#505050,4.0,1080,84.337,84.337,0,0,84.536,0.398,-,-,-,-,-,-,-,-,,M,#F0E628,4,1.0,0,0,0.140,0,0,0,0,0.0,8
1,2023,2023191,23,Haas F1 Team,25,HUL,Nico Hulkenberg,27,#505050,5.0,1081,-,-,0,1,-,-,-,-,-,-,-,-,-,-,,M,#F0E628,5,1.0,0,0,0.140,0,0,0,1,0.0,8
1,2023,2023191,23,Haas F1 Team,25,HUL,Nico Hulkenberg,27,#505050,6.0,1082,83.756,83.756,0,0,-,-,0.154,-0.284,0.012,25.0,0.154,-0.284,0.012,25.0,-0.13,M,#F0E628,6,1.0,0,0,0.140,0,0,0,0,0.0,8
1,2023,2023191,23,Haas F1 Team,25,HUL,Nico Hulkenberg,27,#505050,7.0,1083,84.549,84.549,0,0,84.152,0.793,-0.38,0.080,-0.340,22.0,-0.380,0.080,-0.340,22.0,-0.3,M,#F0E628,7,1.0,0,0,0.140,0,0,0,0,0.0,8
1,2023,2023191,23,Haas F1 Team,25,HUL,Nico Hulkenberg,27,#505050,8.0,1084,84.923,84.702,1,0,84.626,0.374,-0.43,0.019,-0.420,22.0,-0.209,0.206,-0.106,22.0,-0.411,M,#F0E628,8,1.0,0,0,0.140,0,0,0,0,0.0,8
1,2023,2023191,23,Haas F1 Team,25,HUL,Nico Hulkenberg,27,#505050,9.0,1085,84.856,84.856,0,0,84.779,0.067,-0.332,0.333,-0.166,22.0,-0.332,0.333,-0.166,22.0,0.001,M,#F0E628,9,1.0,0,0,0.140,0,0,0,0,0.0,8
1,2023,2023191,23,Haas F1 Team,25,HUL,Nico Hulkenberg,27,#505050,10.0,1086,84.772,84.772,0,0,84.814,0.084,-0.354,-0.193,-0.451,25.0,-0.354,-0.193,-0.451,25.0,-0.547,M,#F0E628,10,1.0,0,0,0.140,0,0,0,0,0.0,8
1,2023,2023191,23,Haas F1 Team,25,HUL,Nico Hulkenberg,27,#505050,11.0,1087,85.025,85.025,0,0,84.899,0.253,-0.662,0.041,-0.641,22.0,-0.662,0.041,-0.641,22.0,-0.621,M,#F0E628,11,1.0,0,0,0.140,0,0,0,0,0.0,8
1,2023,2023191,23,Haas F1 Team,25,HUL,Nico Hulkenberg,27,#505050,12.0,1088,85.04,85.04,0,0,85.032,0.015,-0.591,-0.099,-0.640,25.0,-0.591,-0.099,-0.640,25.0,-0.69,M,#F0E628,12,1.0,0,0,0.140,0,0,0,0,0.0,8
1,2023,2023191,23,Haas F1 Team,25,HUL,Nico Hulkenberg,27,#505050,13.0,1089,85.004,85.004,0,0,85.022,0.036,-0.387,-0.251,-0.512,25.0,-0.387,-0.251,-0.512,25.0,-0.638,M,#F0E628,13,1.0,0,1,0.140,0,0,0,0,0.0,8
1,2023,2023191,23,Haas F1 Team,25,HUL,Nico Hulkenberg,27,#505050,14.0,1090,85.263,85.066,1,0,85.035,0.259,-0.669,0.063,-0.637,22.0,-0.472,-0.134,-0.539,25.0,-0.606,M,#F0E628,14,1.0,0,0,0.140,0,0,0,0,0.0,8
1,2023,2023191,23,Haas F1 Team,25,HUL,Nico Hulkenberg,27,#505050,15.0,1091,85.128,85.128,0,0,85.097,0.135,-0.485,-0.642,-0.806,25.0,-0.485,-0.346,-0.658,25.0,-1.127,M,#F0E628,15,1.0,0,0,0.140,0,0,0,0,0.0,8
1,2023,2023191,23,Haas F1 Team,25,HUL,Nico Hulkenberg,27,#505050,16.0,1092,85.279,85.279,0,0,85.203,0.151,-0.579,-0.469,-0.814,25.0,-0.579,-0.469,-0.814,25.0,-1.048,M,#F0E628,16,1.0,0,0,0.140,0,0,0,0,0.0,8
1,2023,2023191,23,Haas F1 Team,25,HUL,Nico Hulkenberg,27,#505050,17.0,1093,84.987,84.987,0,0,85.133,0.292,-0.283,-0.543,-0.554,25.0,-0.283,-0.543,-0.554,25.0,-0.826,M,#F0E628,17,1.0,0,0,0.140,0,0,0,0,0.0,8
1,2023,2023191,23,Haas F1 Team,25,HUL,Nico Hulkenberg,27,#505050,18.0,1094,85.318,85.077,1,0,85.032,0.331,-0.484,-0.418,-0.693,25.0,-0.243,-0.659,-0.573,25.0,-0.902,M,#F0E628,18,1.0,0,0,0.140,0,0,0,0,0.0,8
1,2023,2023191,23,Haas F1 Team,25,HUL,Nico Hulkenberg,27,#505050,19.0,1095,85.167,85.167,0,0,85.122,0.151,-0.378,-0.501,-0.629,25.0,-0.378,-0.501,-0.629,25.0,-0.879,M,#F0E628,19,1.0,0,0,0.140,0,0,0,0,0.0,8
1,2023,2023191,23,Haas F1 Team,25,HUL,Nico Hulkenberg,27,#505050,20.0,1096,84.813,84.813,0,0,84.99,0.354,-0.149,-0.736,-0.517,25.0,-0.149,-0.736,-0.517,25.0,-0.885,M,#F0E628,20,1.0,0,0,0.140,0,0,0,0,0.0,8
1,2023,2023191,23,Haas F1 Team,25,HUL,Nico Hulkenberg,27,#505050,21.0,1097,84.704,84.704,0,0,84.758,0.109,-0.044,-0.669,-0.379,25.0,-0.044,-0.669,-0.379,25.0,-0.713,M,#F0E628,21,1.0,0,0,0.140,0,0,0,0,0.0,8
1,2023,2023191,23,Haas F1 Team,25,HUL,Nico Hulkenberg,27,#505050,22.0,1098,85.064,85.064,0,0,84.884,0.360,-0.349,-0.416,-0.557,25.0,-0.349,-0.416,-0.557,25.0,-0.765,M,#F0E628,22,1.0,0,0,0.140,0,0,0,0,0.0,8
1,2023,2023191,23,Haas F1 Team,25,HUL,Nico Hulkenberg,27,#505050,23.0,1099,-,-,0,1,-,-,-,-,-,-,-,-,-,-,,M,#F0E628,23,1.0,1,0,0.140,0,0,0,0,0.0,9
1,2023,2023191,23,Haas F1 Team,25,HUL,Nico Hulkenberg,27,#505050,24.0,1100,-,-,0,1,-,-,-,-,-,-,-,-,-,-,,H,#A5AFB9,1,2.0,0,0,0.222,0,0,0,0,0.0,16
1,2023,2023191,23,Haas F1 Team,25,HUL,Nico Hulkenberg,27,#505050,25.0,1101,83.833,83.833,0,0,-,-,0.352,0.687,0.696,22.0,0.352,0.687,0.696,22.0,1.039,H,#A5AFB9,2,2.0,0,0,0.222,0,0,0,0,0.0,16
1,2023,2023191,23,Haas F1 Team,25,HUL,Nico Hulkenberg,27,#505050,26.0,1102,84.28,84.28,0,0,84.056,0.447,-0.073,0.399,0.127,22.0,-0.073,0.399,0.127,22.0,0.326,H,#A5AFB9,3,2.0,0,0,0.222,0,0,0,0,0.0,16
1,2023,2023191,23,Haas F1 Team,25,HUL,Nico Hulkenberg,27,#505050,27.0,1103,84.668,84.668,0,0,84.474,0.388,-0.403,1.452,0.323,22.0,-0.403,1.452,0.323,22.0,1.049,H,#A5AFB9,4,2.0,0,0,0.222,0,0,0,0,0.0,16
1,2023,2023191,23,Haas F1 Team,25,HUL,Nico Hulkenberg,27,#505050,28.0,1104,84.626,84.626,0,0,84.647,0.042,-0.235,0.041,-0.214,22.0,-0.235,0.728,0.129,22.0,-0.194,H,#A5AFB9,5,2.0,0,1,0.222,0,0,0,0,0.0,16
1,2023,2023191,23,Haas F1 Team,25,HUL,Nico Hulkenberg,27,#505050,29.0,1105,84.8,84.8,0,0,84.713,0.174,-0.374,0.221,-0.264,22.0,-0.374,0.221,-0.264,22.0,-0.153,H,#A5AFB9,6,2.0,0,0,0.222,0,0,0,0,0.0,14
1,2023,2023191,23,Haas F1 Team,25,HUL,Nico Hulkenberg,27,#505050,30.0,1106,83.576,83.576,0,0,84.188,1.224,0.651,-2.017,-0.357,25.0,0.651,-1.326,-0.012,25.0,-1.366,H,#A5AFB9,7,2.0,0,0,0.222,0,0,0,0,1.0,13
1,2023,2023191,23,Haas F1 Team,25,HUL,Nico Hulkenberg,27,#505050,31.0,1107,83.912,83.912,0,0,83.744,0.336,0.252,-1.314,-0.405,25.0,0.252,-1.314,-0.405,25.0,-1.062,H,#A5AFB9,8,2.0,0,0,0.222,0,0,0,0,0.0,12
1,2023,2023191,23,Haas F1 Team,25,HUL,Nico Hulkenberg,27,#505050,32.0,1108,84.408,84.408,0,0,84.16,0.496,-0.731,-,-,-,-0.731,-,-,-,,H,#A5AFB9,9,2.0,0,0,0.222,0,0,0,0,0.0,11
1,2023,2023191,23,Haas F1 Team,25,HUL,Nico Hulkenberg,27,#505050,33.0,1109,-,-,0,1,-,-,-,-,-,-,-,-,-,-,,H,#A5AFB9,10,2.0,0,0,0.222,0,1,0,0,0.0,11
1,2023,2023191,23,Haas F1 Team,25,HUL,Nico Hulkenberg,27,#505050,34.0,1110,-,-,0,1,-,-,-,-,-,-,-,-,-,-,,H,#A5AFB9,11,2.0,1,0,0.222,0,0,0,0,0.0,9
1,2023,2023191,23,Haas F1 Team,25,HUL,Nico Hulkenberg,27,#505050,35.0,1111,-,-,0,1,-,-,-,-,-,-,-,-,-,-,,M,#F0E628,1,3.0,0,0,1.046,0,1,0,0,0.0,9
1,2023,2023191,23,Haas F1 Team,25,HUL,Nico Hulkenberg,27,#505050,36.0,1112,138.655,138.655,0,0,-,-,-8.523,-,-,-,-8.523,-,-,-,,M,#F0E628,2,3.0,0,0,1.046,0,0,0,0,-1.0,10
1,2023,2023191,23,Haas F1 Team,25,HUL,Nico Hulkenberg,27,#505050,37.0,1113,84.022,84.022,0,0,111.339,54.633,0.121,-,-,-,0.121,-,-,-,,M,#F0E628,3,3.0,0,0,1.046,0,0,0,0,0.0,10
1,2023,2023191,23,Haas F1 Team,25,HUL,Nico Hulkenberg,27,#505050,38.0,1114,83.3,83.3,0,0,83.661,0.722,-0.049,-,-,-,-0.049,-,-,-,,M,#F0E628,4,3.0,0,0,1.046,0,0,0,0,0.0,10
1,2023,2023191,23,Haas F1 Team,25,HUL,Nico Hulkenberg,27,#505050,39.0,1115,83.83,83.304,1,0,83.302,0.530,-0.7,-,-,-,-0.173,-,-,-,,M,#F0E628,5,3.0,0,0,1.046,0,0,0,0,0.0,10
1,2023,2023191,23,Haas F1 Team,25,HUL,Nico Hulkenberg,27,#505050,40.0,1116,83.307,83.307,0,0,83.305,0.523,-0.24,-,-,-,-0.240,-,-,-,,M,#F0E628,6,3.0,0,0,1.046,0,0,0,0,0.0,10
1,2023,2023191,23,Haas F1 Team,25,HUL,Nico Hulkenberg,27,#505050,41.0,1117,83.263,83.263,0,0,83.285,0.044,-0.132,-,-,-,-0.132,-,-,-,,M,#F0E628,7,3.0,0,0,1.046,0,0,0,0,0.0,10
1,2023,2023191,23,Haas F1 Team,25,HUL,Nico Hulkenberg,27,#505050,42.0,1118,83.316,83.316,0,0,83.29,0.053,-0.105,-,-,-,-0.105,-,-,-,,M,#F0E628,8,3.0,0,0,1.046,0,0,0,0,0.0,10
1,2023,2023191,23,Haas F1 Team,25,HUL,Nico Hulkenberg,27,#505050,43.0,1119,83.222,83.222,0,0,83.269,0.094,-0.122,-,-,-,-0.122,-,-,-,,M,#F0E628,9,3.0,0,0,1.046,0,0,0,0,0.0,10
1,2023,2023191,23,Haas F1 Team,25,HUL,Nico Hulkenberg,27,#505050,44.0,1120,83.728,83.728,0,0,83.475,0.506,-0.457,-,-,-,-0.457,-,-,-,,M,#F0E628,10,3.0,0,0,1.046,0,0,0,0,0.0,10
1,2023,2023191,23,Haas F1 Team,25,HUL,Nico Hulkenberg,27,#505050,45.0,1121,83.947,83.947,0,0,83.838,0.219,-0.495,-,-,-,-0.495,-,-,-,,M,#F0E628,11,3.0,0,0,1.046,0,0,0,0,0.0,10
1,2023,2023191,23,Haas F1 Team,25,HUL,Nico Hulkenberg,27,#505050,46.0,1122,84.248,84.248,0,0,84.098,0.301,-0.725,-,-,-,-0.725,-,-,-,,M,#F0E628,12,3.0,0,0,1.046,0,0,0,0,0.0,10
1,2023,2023191,23,Haas F1 Team,25,HUL,Nico Hulkenberg,27,#505050,47.0,1123,85.12,84.116,1,0,84.182,0.872,-1.602,-,-,-,-0.598,-,-,-,,M,#F0E628,13,3.0,0,0,1.046,0,0,0,0,-1.0,11
1,2023,2023191,23,Haas F1 Team,25,HUL,Nico Hulkenberg,27,#505050,48.0,1124,83.984,83.984,0,0,84.05,1.136,-0.275,-,-,-,-0.275,-,-,-,,M,#F0E628,14,3.0,0,0,1.046,0,0,0,0,0.0,11
1,2023,2023191,23,Haas F1 Team,25,HUL,Nico Hulkenberg,27,#505050,49.0,1125,84.467,83.974,1,0,83.979,0.483,-0.806,-,-,-,-0.313,-,-,-,,M,#F0E628,15,3.0,0,0,1.046,0,0,0,0,1.0,10
1,2023,2023191,23,Haas F1 Team,25,HUL,Nico Hulkenberg,27,#505050,50.0,1126,83.964,83.964,0,0,83.969,0.503,-0.471,-,-,-,-0.471,-,-,-,,M,#F0E628,16,3.0,0,0,1.046,0,0,0,0,0.0,10
1,2023,2023191,23,Haas F1 Team,25,HUL,Nico Hulkenberg,27,#505050,51.0,1127,83.969,83.969,0,0,83.967,0.005,-0.541,-,-,-,-0.541,-,-,-,,M,#F0E628,17,3.0,0,0,1.046,0,0,0,0,0.0,10
1,2023,2023191,23,Haas F1 Team,25,HUL,Nico Hulkenberg,27,#505050,52.0,1128,84.12,84.12,0,0,84.045,0.151,-0.652,-,-,-,-0.652,-,-,-,,M,#F0E628,18,3.0,0,0,1.046,0,0,0,0,0.0,10
1,2023,2023191,23,Haas F1 Team,25,HUL,Nico Hulkenberg,27,#505050,53.0,1129,84.276,84.276,0,0,84.198,0.156,-0.804,-,-,-,-0.804,-,-,-,,M,#F0E628,19,3.0,0,1,1.046,0,0,0,0,0.0,10
1,2023,2023191,23,Haas F1 Team,25,HUL,Nico Hulkenberg,27,#505050,54.0,1130,84.324,84.324,0,0,84.3,0.048,-0.857,-,-,-,-0.857,-,-,-,,M,#F0E628,20,3.0,0,0,1.046,0,0,0,0,0.0,10
1,2023,2023191,23,Haas F1 Team,25,HUL,Nico Hulkenberg,27,#505050,55.0,1131,84.151,84.151,0,0,84.238,0.173,-0.773,-,-,-,-0.773,-,-,-,,M,#F0E628,21,3.0,0,0,1.046,0,0,0,0,0.0,10
1,2023,2023191,23,Haas F1 Team,25,HUL,Nico Hulkenberg,27,#505050,56.0,1132,83.687,83.687,0,0,83.919,0.464,-0.332,-,-,-,-0.332,-,-,-,,M,#F0E628,22,3.0,0,0,1.046,0,0,0,0,0.0,10
1,2023,2023191,23,Haas F1 Team,25,HUL,Nico Hulkenberg,27,#505050,57.0,1133,83.757,83.757,0,0,83.722,0.070,-0.482,-,-,-,-0.482,-,-,-,,M,#F0E628,23,3.0,0,0,1.046,0,0,0,0,0.0,10
1,2023,2023191,23,Haas F1 Team,25,HUL,Nico Hulkenberg,27,#505050,58.0,1134,84.227,83.867,1,0,83.812,0.470,-0.953,-,-,-,-0.593,-,-,-,,M,#F0E628,24,3.0,0,0,1.046,0,0,0,0,0.0,10
1,2023,2023191,23,Haas F1 Team,25,HUL,Nico Hulkenberg,27,#505050,59.0,1135,83.977,83.977,0,0,83.922,0.250,-0.753,-,-,-,-0.753,-,-,-,,M,#F0E628,25,3.0,0,0,1.046,0,0,0,0,0.0,10
1,2023,2023191,23,Haas F1 Team,25,HUL,Nico Hulkenberg,27,#505050,60.0,1136,83.634,83.634,0,0,83.806,0.343,-0.481,-,-,-,-0.481,-,-,-,,M,#F0E628,26,3.0,0,0,1.046,0,0,0,0,0.0,10
1,2023,2023191,23,Haas F1 Team,25,HUL,Nico Hulkenberg,27,#505050,61.0,1137,83.843,83.843,0,0,83.739,0.209,-0.635,-,-,-,-0.635,-,-,-,,M,#F0E628,27,3.0,0,0,1.046,0,0,0,0,0.0,10
1,2023,2023191,23,Haas F1 Team,25,HUL,Nico Hulkenberg,27,#505050,62.0,1138,84.447,84.144,1,0,83.993,0.604,-1.141,-,-,-,-0.838,-,-,-,,M,#F0E628,28,3.0,0,0,1.046,0,0,0,0,0.0,10
1,2023,2023191,23,Haas F1 Team,25,HUL,Nico Hulkenberg,27,#505050,63.0,1139,84.444,84.444,0,0,84.294,0.003,-1.002,-,-,-,-1.002,-,-,-,,M,#F0E628,29,3.0,0,0,1.046,0,0,0,0,0.0,10
1,2023,2023191,23,Haas F1 Team,25,HUL,Nico Hulkenberg,27,#505050,64.0,1140,83.989,83.989,0,0,84.217,0.455,-0.657,-,-,-,-0.657,-,-,-,,M,#F0E628,30,3.0,0,0,1.046,0,0,0,0,0.0,10
1,2023,2023191,23,Haas F1 Team,25,HUL,Nico Hulkenberg,27,#505050,65.0,1141,84.37,84.37,0,0,84.18,0.381,-1.025,-,-,-,-1.025,-,-,-,,M,#F0E628,31,3.0,0,0,1.046,0,0,0,0,0.0,10
1,2023,2023191,23,Haas F1 Team,25,HUL,Nico Hulkenberg,27,#505050,66.0,1142,86.767,84.858,1,0,84.614,2.397,-3.418,-,-,-,-1.509,-,-,-,,M,#F0E628,32,3.0,0,0,1.046,0,0,0,0,-2.0,12
1,2023,2023191,23,Haas F1 Team,25,HUL,Nico Hulkenberg,27,#505050,67.0,1143,85.346,85.346,0,0,85.102,1.421,-1.786,-,-,-,-1.786,-,-,-,,M,#F0E628,33,3.0,0,0,1.046,0,0,0,0,0.0,12
1,2023,2023191,23,Haas F1 Team,25,HUL,Nico Hulkenberg,27,#505050,68.0,1144,84.889,84.889,0,0,85.118,0.457,-1.423,-,-,-,-1.423,-,-,-,,M,#F0E628,34,3.0,0,0,1.046,0,0,0,0,0.0,12
1,2023,2023191,23,Haas F1 Team,25,HUL,Nico Hulkenberg,27,#505050,69.0,1145,85.013,85.013,0,0,84.951,0.124,-1.576,-,-,-,-1.576,-,-,-,,M,#F0E628,35,3.0,0,0,1.046,0,0,0,0,0.0,12
1,2023,2023191,23,Haas F1 Team,25,HUL,Nico Hulkenberg,27,#505050,70.0,1146,87.168,87.168,0,0,86.091,2.155,-3.506,-,-,-,-3.506,-,-,-,,M,#F0E628,36,3.0,0,0,1.046,0,0,0,0,-1.0,13
1,2023,2023191,23,Haas F1 Team,25,HUL,Nico Hulkenberg,27,#505050,71.0,1147,87.623,87.623,0,0,87.396,0.455,-3.598,-,-,-,-3.598,-,-,-,,M,#F0E628,37,3.0,0,0,1.046,0,0,0,0,0.0,14
1,2023,2023201,25,Haas F1 Team,22,MAG,Kevin Magnussen,20,#505050,1.0,1148,-,-,0,1,-,-,-,-,-,-,-,-,-,-,,S,#CD3C3C,1,1.0,0,0,-,0,1,0,0,,-
1,2023,2023201,25,Haas F1 Team,25,HUL,Nico Hulkenberg,27,#505050,1.0,1148,-,-,0,1,-,-,-,-,-,-,-,-,-,-,,S,#CD3C3C,1,1.0,1,0,-,0,1,0,0,,17
1,2023,2023201,25,Haas F1 Team,25,HUL,Nico Hulkenberg,27,#505050,2.0,1149,-,-,0,1,-,-,-,-,-,-,-,-,-,-,,M,#F0E628,1,2.0,1,0,-,0,0,0,0,0.0,15
1,2023,2023201,25,Haas F1 Team,25,HUL,Nico Hulkenberg,27,#505050,3.0,1150,-,-,0,1,-,-,-,-,-,-,-,-,-,-,,S,#CD3C3C,4,3.0,0,0,0.337,0,0,0,0,0.0,15
1,2023,2023201,25,Haas F1 Team,25,HUL,Nico Hulkenberg,27,#505050,4.0,1151,80.643,80.643,0,0,-,-,19.566,-,-,-,19.566,-,-,-,,S,#CD3C3C,5,3.0,0,0,0.337,0,0,0,0,3.0,12
1,2023,2023201,25,Haas F1 Team,25,HUL,Nico Hulkenberg,27,#505050,5.0,1152,78.04,78.04,0,0,79.342,2.603,-0.903,-,-,-,-0.903,-,-,-,,S,#CD3C3C,6,3.0,0,0,0.337,0,0,0,0,0.0,12
1,2023,2023201,25,Haas F1 Team,25,HUL,Nico Hulkenberg,27,#505050,6.0,1153,77.201,77.201,0,0,77.62,0.839,-0.655,-,-,-,-0.655,-,-,-,,S,#CD3C3C,7,3.0,0,0,0.337,0,0,0,0,0.0,12
1,2023,2023201,25,Haas F1 Team,25,HUL,Nico Hulkenberg,27,#505050,7.0,1154,76.791,76.791,0,0,76.996,0.410,-0.292,-,-,-,-0.292,-,-,-,,S,#CD3C3C,8,3.0,0,0,0.337,0,0,0,0,0.0,12
1,2023,2023201,25,Haas F1 Team,25,HUL,Nico Hulkenberg,27,#505050,8.0,1155,76.784,76.784,0,0,76.788,0.007,-0.25,-,-,-,-0.250,-,-,-,,S,#CD3C3C,9,3.0,0,0,0.337,0,0,0,0,0.0,12
1,2023,2023201,25,Haas F1 Team,25,HUL,Nico Hulkenberg,27,#505050,9.0,1156,76.675,76.675,0,0,76.73,0.109,-0.007,-,-,-,-0.007,-,-,-,,S,#CD3C3C,10,3.0,0,0,0.337,0,0,0,0,0.0,12
1,2023,2023201,25,Haas F1 Team,25,HUL,Nico Hulkenberg,27,#505050,10.0,1157,77.366,77.366,0,0,77.02,0.691,-0.588,-,-,-,-0.588,-,-,-,,S,#CD3C3C,11,3.0,0,0,0.337,0,0,0,0,-1.0,13
1,2023,2023201,25,Haas F1 Team,25,HUL,Nico Hulkenberg,27,#505050,11.0,1158,77.757,77.757,0,0,77.562,0.391,-0.91,-,-,-,-0.910,-,-,-,,S,#CD3C3C,12,3.0,0,0,0.337,0,0,0,0,0.0,13
1,2023,2023201,25,Haas F1 Team,25,HUL,Nico Hulkenberg,27,#505050,12.0,1159,77.567,77.567,0,0,77.662,0.190,-0.557,-,-,-,-0.557,-,-,-,,S,#CD3C3C,13,3.0,0,1,0.337,0,0,0,0,0.0,13
1,2023,2023201,25,Haas F1 Team,25,HUL,Nico Hulkenberg,27,#505050,13.0,1160,79.149,78.218,1,0,77.893,1.582,-2.0,-,-,-,-1.070,-,-,-,,S,#CD3C3C,14,3.0,0,0,0.337,0,0,0,0,-2.0,15
1,2023,2023201,25,Haas F1 Team,25,HUL,Nico Hulkenberg,27,#505050,14.0,1161,78.87,78.87,0,0,78.544,0.279,-1.682,-,-,-,-1.682,-,-,-,,S,#CD3C3C,15,3.0,0,0,0.337,0,0,0,0,0.0,15
1,2023,2023201,25,Haas F1 Team,25,HUL,Nico Hulkenberg,27,#505050,15.0,1162,79.055,79.055,0,0,78.962,0.185,-1.852,-,-,-,-1.852,-,-,-,,S,#CD3C3C,16,3.0,0,0,0.337,0,0,0,0,0.0,14
1,2023,2023201,25,Haas F1 Team,25,HUL,Nico Hulkenberg,27,#505050,16.0,1163,79.325,79.325,0,0,79.19,0.270,-2.182,-,-,-,-2.182,-,-,-,,S,#CD3C3C,17,3.0,0,0,0.337,0,0,0,0,0.0,13
1,2023,2023201,25,Haas F1 Team,25,HUL,Nico Hulkenberg,27,#505050,17.0,1164,78.976,78.976,0,0,79.15,0.349,-1.908,-,-,-,-1.908,-,-,-,,S,#CD3C3C,18,3.0,0,0,0.337,0,0,0,0,0.0,13
1,2023,2023201,25,Haas F1 Team,25,HUL,Nico Hulkenberg,27,#505050,18.0,1165,78.039,78.039,0,0,78.508,0.937,-1.045,-,-,-,-1.045,-,-,-,,S,#CD3C3C,19,3.0,0,0,0.337,0,0,0,0,0.0,12
1,2023,2023201,25,Haas F1 Team,25,HUL,Nico Hulkenberg,27,#505050,19.0,1166,77.581,77.581,0,0,77.81,0.458,-0.728,-,-,-,-0.728,-,-,-,,S,#CD3C3C,20,3.0,0,0,0.337,0,0,0,0,0.0,10
1,2023,2023201,25,Haas F1 Team,25,HUL,Nico Hulkenberg,27,#505050,20.0,1167,77.392,77.392,0,0,77.486,0.189,-0.651,-,-,-,-0.651,-,-,-,,S,#CD3C3C,21,3.0,0,0,0.337,0,0,0,0,0.0,9
1,2023,2023201,25,Haas F1 Team,25,HUL,Nico Hulkenberg,27,#505050,21.0,1168,-,-,0,1,-,-,-,-,-,-,-,-,-,-,,S,#CD3C3C,22,3.0,1,0,0.337,0,0,0,0,0.0,11
1,2023,2023201,25,Haas F1 Team,25,HUL,Nico Hulkenberg,27,#505050,22.0,1169,-,-,0,1,-,-,-,-,-,-,-,-,-,-,,S,#CD3C3C,4,4.0,0,0,0.231,0,0,0,0,0.0,15
1,2023,2023201,25,Haas F1 Team,25,HUL,Nico Hulkenberg,27,#505050,23.0,1170,77.992,77.992,0,0,-,-,-1.252,-,-,-,-1.252,-,-,-,,S,#CD3C3C,5,4.0,0,0,0.231,0,0,0,0,0.0,14
1,2023,2023201,25,Haas F1 Team,25,HUL,Nico Hulkenberg,27,#505050,24.0,1171,77.227,77.227,0,0,77.61,0.765,-0.494,-,-,-,-0.494,-,-,-,,S,#CD3C3C,6,4.0,0,0,0.231,0,0,0,0,0.0,14
1,2023,2023201,25,Haas F1 Team,25,HUL,Nico Hulkenberg,27,#505050,25.0,1172,77.17,77.17,0,0,77.198,0.057,-0.237,-,-,-,-0.237,-,-,-,,S,#CD3C3C,7,4.0,0,0,0.231,0,0,0,0,0.0,14
1,2023,2023201,25,Haas F1 Team,25,HUL,Nico Hulkenberg,27,#505050,26.0,1173,77.282,77.282,0,0,77.226,0.112,-0.802,-,-,-,-0.802,-,-,-,,S,#CD3C3C,8,4.0,0,0,0.231,0,0,0,0,0.0,14
1,2023,2023201,25,Haas F1 Team,25,HUL,Nico Hulkenberg,27,#505050,27.0,1174,76.181,76.181,0,0,76.732,1.101,0.101,-,-,-,0.101,-,-,-,,S,#CD3C3C,9,4.0,0,0,0.231,0,0,0,0,0.0,14
1,2023,2023201,25,Haas F1 Team,25,HUL,Nico Hulkenberg,27,#505050,28.0,1175,76.019,76.019,0,0,76.1,0.162,0.141,-,-,-,0.141,-,-,-,,S,#CD3C3C,10,4.0,0,0,0.231,0,0,0,0,0.0,14
1,2023,2023201,25,Haas F1 Team,25,HUL,Nico Hulkenberg,27,#505050,29.0,1176,75.818,75.818,0,0,75.918,0.201,0.237,-,-,-,0.237,-,-,-,,S,#CD3C3C,11,4.0,0,0,0.231,0,0,0,0,0.0,14
1,2023,2023201,25,Haas F1 Team,25,HUL,Nico Hulkenberg,27,#505050,30.0,1177,76.166,76.166,0,0,75.992,0.348,-0.114,-,-,-,-0.114,-,-,-,,S,#CD3C3C,12,4.0,0,0,0.231,0,0,0,0,0.0,14
1,2023,2023201,25,Haas F1 Team,25,HUL,Nico Hulkenberg,27,#505050,31.0,1178,76.363,76.363,0,0,76.264,0.197,-0.371,-,-,-,-0.371,-,-,-,,S,#CD3C3C,13,4.0,0,0,0.231,0,0,0,0,0.0,14
1,2023,2023201,25,Haas F1 Team,25,HUL,Nico Hulkenberg,27,#505050,32.0,1179,76.843,76.843,0,0,76.603,0.480,-0.849,-,-,-,-0.849,-,-,-,,S,#CD3C3C,14,4.0,0,0,0.231,0,0,0,0,0.0,13
1,2023,2023201,25,Haas F1 Team,25,HUL,Nico Hulkenberg,27,#505050,33.0,1180,76.885,76.885,0,0,76.864,0.042,-0.977,-,-,-,-0.977,-,-,-,,S,#CD3C3C,15,4.0,0,0,0.231,0,0,0,0,0.0,13
1,2023,2023201,25,Haas F1 Team,25,HUL,Nico Hulkenberg,27,#505050,34.0,1181,76.463,76.463,0,0,76.674,0.422,-0.487,-,-,-,-0.487,-,-,-,,S,#CD3C3C,16,4.0,0,1,0.231,0,0,0,0,0.0,13
1,2023,2023201,25,Haas F1 Team,25,HUL,Nico Hulkenberg,27,#505050,35.0,1182,76.365,76.365,0,0,76.414,0.098,-0.365,-,-,-,-0.365,-,-,-,,S,#CD3C3C,17,4.0,0,0,0.231,0,0,0,0,0.0,13
1,2023,2023201,25,Haas F1 Team,25,HUL,Nico Hulkenberg,27,#505050,36.0,1183,76.781,76.781,0,0,76.573,0.416,-0.783,-,-,-,-0.783,-,-,-,,S,#CD3C3C,18,4.0,0,0,0.231,0,0,0,0,0.0,13
1,2023,2023201,25,Haas F1 Team,25,HUL,Nico Hulkenberg,27,#505050,37.0,1184,76.836,76.836,0,0,76.809,0.055,-0.795,-,-,-,-0.795,-,-,-,,S,#CD3C3C,19,4.0,0,0,0.231,0,0,0,0,0.0,13
1,2023,2023201,25,Haas F1 Team,25,HUL,Nico Hulkenberg,27,#505050,38.0,1185,78.957,77.258,1,0,77.047,2.121,-2.781,-,-,-,-1.082,-,-,-,,S,#CD3C3C,20,4.0,0,0,0.231,0,0,0,0,-1.0,14
1,2023,2023201,25,Haas F1 Team,25,HUL,Nico Hulkenberg,27,#505050,39.0,1186,77.679,77.679,0,0,77.468,1.278,-1.535,-,-,-,-1.535,-,-,-,,S,#CD3C3C,21,4.0,0,0,0.231,0,0,0,0,0.0,14
1,2023,2023201,25,Haas F1 Team,25,HUL,Nico Hulkenberg,27,#505050,40.0,1187,77.277,77.277,0,0,77.478,0.402,-1.124,-,-,-,-1.124,-,-,-,,S,#CD3C3C,22,4.0,0,0,0.231,0,0,0,0,0.0,13
1,2023,2023201,25,Haas F1 Team,25,HUL,Nico Hulkenberg,27,#505050,41.0,1188,77.034,77.034,0,0,77.156,0.243,-0.871,-,-,-,-0.871,-,-,-,,S,#CD3C3C,23,4.0,0,0,0.231,0,0,0,0,0.0,13
1,2023,2023201,25,Haas F1 Team,25,HUL,Nico Hulkenberg,27,#505050,42.0,1189,76.821,76.821,0,0,76.928,0.213,-0.574,-,-,-,-0.574,-,-,-,,S,#CD3C3C,24,4.0,0,0,0.231,0,0,0,0,0.0,13
1,2023,2023201,25,Haas F1 Team,25,HUL,Nico Hulkenberg,27,#505050,43.0,1190,76.796,76.796,0,0,76.809,0.025,-0.472,-,-,-,-0.472,-,-,-,,S,#CD3C3C,25,4.0,0,0,0.231,0,0,0,0,0.0,13
1,2023,2023201,25,Haas F1 Team,25,HUL,Nico Hulkenberg,27,#505050,44.0,1191,76.924,76.924,0,0,76.86,0.128,-0.562,-,-,-,-0.562,-,-,-,,S,#CD3C3C,26,4.0,0,0,0.231,0,0,0,0,0.0,13
1,2023,2023201,25,Haas F1 Team,25,HUL,Nico Hulkenberg,27,#505050,45.0,1192,77.384,77.384,0,0,77.154,0.460,-1.062,-,-,-,-1.062,-,-,-,,S,#CD3C3C,27,4.0,0,0,0.231,0,0,0,0,0.0,12
1,2023,2023201,25,Haas F1 Team,25,HUL,Nico Hulkenberg,27,#505050,46.0,1193,-,-,0,1,-,-,-,-,-,-,-,-,-,-,,S,#CD3C3C,28,4.0,1,0,0.231,0,0,0,0,0.0,12
1,2023,2023201,25,Haas F1 Team,25,HUL,Nico Hulkenberg,27,#505050,47.0,1194,-,-,0,1,-,-,-,-,-,-,-,-,-,-,,S,#CD3C3C,4,5.0,0,0,0.146,0,0,0,0,0.0,13
1,2023,2023201,25,Haas F1 Team,25,HUL,Nico Hulkenberg,27,#505050,48.0,1195,76.991,76.991,0,0,-,-,-1.017,-,-,-,-1.017,-,-,-,,S,#CD3C3C,5,5.0,0,0,0.146,0,0,0,0,0.0,13
1,2023,2023201,25,Haas F1 Team,25,HUL,Nico Hulkenberg,27,#505050,49.0,1196,76.892,76.892,0,0,76.941,0.099,-0.953,-,-,-,-0.953,-,-,-,,S,#CD3C3C,6,5.0,0,0,0.146,0,0,0,0,0.0,13
1,2023,2023201,25,Haas F1 Team,25,HUL,Nico Hulkenberg,27,#505050,50.0,1197,76.522,76.522,0,0,76.707,0.370,-0.544,-,-,-,-0.544,-,-,-,,S,#CD3C3C,7,5.0,0,0,0.146,0,0,0,0,0.0,13
1,2023,2023201,25,Haas F1 Team,25,HUL,Nico Hulkenberg,27,#505050,51.0,1198,76.566,76.566,0,0,76.544,0.044,-0.787,-,-,-,-0.787,-,-,-,,S,#CD3C3C,8,5.0,0,0,0.146,0,0,0,0,0.0,13
1,2023,2023201,25,Haas F1 Team,25,HUL,Nico Hulkenberg,27,#505050,52.0,1199,76.229,76.229,0,0,76.398,0.337,-0.648,-,-,-,-0.648,-,-,-,,S,#CD3C3C,9,5.0,0,0,0.146,0,0,0,0,0.0,13
1,2023,2023201,25,Haas F1 Team,25,HUL,Nico Hulkenberg,27,#505050,53.0,1200,76.391,76.391,0,0,76.31,0.162,-1.037,-,-,-,-1.037,-,-,-,,S,#CD3C3C,10,5.0,0,0,0.146,0,0,0,0,0.0,13
1,2023,2023201,25,Haas F1 Team,25,HUL,Nico Hulkenberg,27,#505050,54.0,1201,75.721,75.721,0,0,76.056,0.670,-0.459,-,-,-,-0.459,-,-,-,,S,#CD3C3C,11,5.0,0,0,0.146,0,0,0,0,0.0,13
1,2023,2023201,25,Haas F1 Team,25,HUL,Nico Hulkenberg,27,#505050,55.0,1202,76.005,75.766,1,0,75.743,0.284,-0.854,-,-,-,-0.614,-,-,-,,S,#CD3C3C,12,5.0,0,0,0.146,0,0,0,0,0.0,13
1,2023,2023201,25,Haas F1 Team,25,HUL,Nico Hulkenberg,27,#505050,56.0,1203,75.81,75.81,0,0,75.788,0.195,-0.54,-,-,-,-0.540,-,-,-,,S,#CD3C3C,13,5.0,0,0,0.146,0,0,0,0,0.0,13
1,2023,2023201,25,Haas F1 Team,25,HUL,Nico Hulkenberg,27,#505050,57.0,1204,75.511,75.511,0,0,75.66,0.299,-0.336,-,-,-,-0.336,-,-,-,,S,#CD3C3C,14,5.0,0,0,0.146,0,0,0,0,0.0,13
1,2023,2023201,25,Haas F1 Team,25,HUL,Nico Hulkenberg,27,#505050,58.0,1205,75.639,75.639,0,0,75.575,0.128,-0.664,-,-,-,-0.664,-,-,-,,S,#CD3C3C,15,5.0,0,0,0.146,0,0,0,0,0.0,12
1,2023,2023201,25,Haas F1 Team,25,HUL,Nico Hulkenberg,27,#505050,59.0,1206,76.343,75.446,1,0,75.542,0.704,-1.568,-,-,-,-0.671,-,-,-,,S,#CD3C3C,16,5.0,0,1,0.146,0,0,0,0,0.0,12
1,2023,2023201,25,Haas F1 Team,25,HUL,Nico Hulkenberg,27,#505050,60.0,1207,75.252,75.252,0,0,75.349,1.091,-0.423,-,-,-,-0.423,-,-,-,,S,#CD3C3C,17,5.0,0,0,0.146,0,0,0,0,0.0,12
1,2023,2023201,25,Haas F1 Team,25,HUL,Nico Hulkenberg,27,#505050,61.0,1208,75.357,75.357,0,0,75.304,0.105,-0.618,-,-,-,-0.618,-,-,-,,S,#CD3C3C,18,5.0,0,0,0.146,0,0,0,0,0.0,12
1,2023,2023201,25,Haas F1 Team,25,HUL,Nico Hulkenberg,27,#505050,62.0,1209,75.312,75.312,0,0,75.334,0.045,-0.671,-,-,-,-0.671,-,-,-,,S,#CD3C3C,19,5.0,0,0,0.146,0,0,0,0,0.0,12
1,2023,2023201,25,Haas F1 Team,25,HUL,Nico Hulkenberg,27,#505050,63.0,1210,75.178,75.178,0,0,75.245,0.134,-0.539,-,-,-,-0.539,-,-,-,,S,#CD3C3C,20,5.0,0,0,0.146,0,0,0,0,0.0,12
1,2023,2023201,25,Haas F1 Team,25,HUL,Nico Hulkenberg,27,#505050,64.0,1211,75.404,75.188,1,0,75.183,0.226,-0.741,-,-,-,-0.525,-,-,-,,S,#CD3C3C,21,5.0,0,0,0.146,0,0,0,0,0.0,12
1,2023,2023201,25,Haas F1 Team,25,HUL,Nico Hulkenberg,27,#505050,65.0,1212,75.198,75.198,0,0,75.193,0.206,-0.422,-,-,-,-0.422,-,-,-,,S,#CD3C3C,22,5.0,0,0,0.146,0,0,0,0,0.0,12
1,2023,2023201,25,Haas F1 Team,25,HUL,Nico Hulkenberg,27,#505050,66.0,1213,75.036,75.036,0,0,75.117,0.162,-0.243,-,-,-,-0.243,-,-,-,,S,#CD3C3C,23,5.0,0,0,0.146,0,0,0,0,0.0,12
1,2023,2023201,25,Haas F1 Team,25,HUL,Nico Hulkenberg,27,#505050,67.0,1214,75.343,75.099,1,0,75.068,0.307,-0.643,-,-,-,-0.399,-,-,-,,S,#CD3C3C,24,5.0,0,0,0.146,0,0,0,0,0.0,12
1,2023,2023201,25,Haas F1 Team,25,HUL,Nico Hulkenberg,27,#505050,68.0,1215,75.162,75.162,0,0,75.131,0.181,-0.444,-,-,-,-0.444,-,-,-,,S,#CD3C3C,25,5.0,0,0,0.146,0,0,0,0,0.0,12
1,2023,2023201,25,Haas F1 Team,25,HUL,Nico Hulkenberg,27,#505050,69.0,1216,75.308,75.308,0,0,75.235,0.146,-0.515,-,-,-,-0.515,-,-,-,,S,#CD3C3C,26,5.0,0,0,0.146,0,0,0,0,0.0,12
1,2023,2023201,25,Haas F1 Team,25,HUL,Nico Hulkenberg,27,#505050,70.0,1217,75.595,75.595,0,0,75.452,0.287,-0.539,-,-,-,-0.539,-,-,-,,S,#CD3C3C,27,5.0,0,0,0.146,0,0,0,0,0.0,12
1,2023,2023211,26,Haas F1 Team,22,MAG,Kevin Magnussen,20,#505050,1.0,1219,-,-,0,1,-,-,-,-,-,-,-,-,-,-,,M,#F0E628,1,1.0,0,0,0.161,0,0,0,1,,7
1,2023,2023211,26,Haas F1 Team,22,MAG,Kevin Magnussen,20,#505050,2.0,1220,-,-,0,1,-,-,-,-,-,-,-,-,-,-,,M,#F0E628,2,1.0,0,0,0.161,0,0,1,0,0.0,7
1,2023,2023211,26,Haas F1 Team,22,MAG,Kevin Magnussen,20,#505050,3.0,1221,-,-,0,1,-,-,-,-,-,-,-,-,-,-,,M,#F0E628,3,1.0,0,0,0.161,0,1,0,0,-1.0,8
1,2023,2023211,26,Haas F1 Team,22,MAG,Kevin Magnussen,20,#505050,4.0,1222,-,-,0,1,-,-,-,-,-,-,-,-,-,-,,M,#F0E628,4,1.0,0,0,0.161,0,0,0,0,0.0,8
1,2023,2023211,26,Haas F1 Team,22,MAG,Kevin Magnussen,20,#505050,5.0,1223,-,-,0,1,-,-,-,-,-,-,-,-,-,-,,M,#F0E628,5,1.0,0,0,0.161,0,0,0,0,0.0,8
1,2023,2023211,26,Haas F1 Team,22,MAG,Kevin Magnussen,20,#505050,6.0,1224,-,-,0,1,-,-,-,-,-,-,-,-,-,-,,M,#F0E628,6,1.0,0,0,0.161,1,0,0,0,0.0,7
1,2023,2023211,26,Haas F1 Team,22,MAG,Kevin Magnussen,20,#505050,7.0,1225,-,-,0,1,-,-,-,-,-,-,-,-,-,-,,M,#F0E628,7,1.0,0,0,0.161,0,0,0,0,0.0,7
1,2023,2023211,26,Haas F1 Team,22,MAG,Kevin Magnussen,20,#505050,8.0,1226,101.379,101.379,0,0,-,-,-0.115,0.631,-0.430,22.0,-0.115,0.631,-0.430,22.0,-0.746,M,#F0E628,8,1.0,0,0,0.161,0,0,0,0,0.0,7
1,2023,2023211,26,Haas F1 Team,22,MAG,Kevin Magnussen,20,#505050,9.0,1227,101.079,101.079,0,0,101.229,0.300,-0.716,-0.657,-0.387,25.0,-0.716,-0.657,-0.387,25.0,-0.059,M,#F0E628,9,1.0,0,0,0.161,0,0,0,0,-1.0,8
1,2023,2023211,26,Haas F1 Team,22,MAG,Kevin Magnussen,20,#505050,10.0,1228,101.089,101.089,0,0,101.084,0.010,-0.913,0.579,-1.202,22.0,-0.913,0.579,-1.202,22.0,-1.492,M,#F0E628,10,1.0,0,1,0.161,0,0,0,0,-1.0,9
1,2023,2023211,26,Haas F1 Team,22,MAG,Kevin Magnussen,20,#505050,11.0,1229,100.803,100.803,0,0,100.946,0.286,-0.797,1.118,-1.356,22.0,-0.797,1.118,-1.356,22.0,-1.915,M,#F0E628,11,1.0,0,0,0.161,0,0,0,0,-1.0,10
1,2023,2023211,26,Haas F1 Team,22,MAG,Kevin Magnussen,20,#505050,12.0,1230,99.917,99.917,0,0,100.36,0.886,-0.375,-,-,-,-0.375,-,-,-,,M,#F0E628,12,1.0,0,0,0.161,0,0,0,0,0.0,10
1,2023,2023211,26,Haas F1 Team,22,MAG,Kevin Magnussen,20,#505050,13.0,1231,99.792,99.792,0,0,99.854,0.125,-0.381,-,-,-,-0.381,-,-,-,,M,#F0E628,13,1.0,0,0,0.161,0,0,0,0,0.0,10
1,2023,2023211,26,Haas F1 Team,22,MAG,Kevin Magnussen,20,#505050,14.0,1232,-,-,0,1,-,-,-,-,-,-,-,-,-,-,0.047,M,#F0E628,14,1.0,1,0,0.161,0,0,0,0,0.0,15
1,2023,2023211,26,Haas F1 Team,22,MAG,Kevin Magnussen,20,#505050,15.0,1233,-,-,0,1,-,-,-,-,-,-,-,-,-,-,0.817,H,#A5AFB9,1,2.0,0,0,0.131,0,0,0,0,0.0,17
1,2023,2023211,26,Haas F1 Team,22,MAG,Kevin Magnussen,20,#505050,16.0,1234,99.935,99.935,0,0,-,-,-0.071,-1.300,0.579,25.0,-0.071,-1.300,0.579,25.0,1.229,H,#A5AFB9,2,2.0,0,0,0.131,0,0,0,0,0.0,17
1,2023,2023211,26,Haas F1 Team,22,MAG,Kevin Magnussen,20,#505050,17.0,1235,99.801,99.801,0,0,99.868,0.134,-0.024,0.043,-0.045,22.0,-0.024,0.043,-0.045,22.0,-0.067,H,#A5AFB9,3,2.0,0,0,0.131,0,0,0,0,0.0,17
1,2023,2023211,26,Haas F1 Team,22,MAG,Kevin Magnussen,20,#505050,18.0,1236,99.935,99.84,1,0,99.821,0.134,-0.405,1.080,-0.945,22.0,-0.310,0.317,-0.469,22.0,-1.485,H,#A5AFB9,4,2.0,0,0,0.131,0,0,0,0,0.0,15
1,2023,2023211,26,Haas F1 Team,22,MAG,Kevin Magnussen,20,#505050,19.0,1237,99.88,99.88,0,0,99.86,0.055,-0.224,0.591,-0.519,22.0,-0.224,0.591,-0.519,22.0,-0.815,H,#A5AFB9,5,2.0,0,0,0.131,0,0,0,0,0.0,15
1,2023,2023211,26,Haas F1 Team,22,MAG,Kevin Magnussen,20,#505050,20.0,1238,99.806,99.806,0,0,99.843,0.074,-0.364,-0.001,-0.363,25.0,-0.364,-0.001,-0.363,25.0,-0.363,H,#A5AFB9,6,2.0,0,1,0.131,0,0,0,0,0.0,15
1,2023,2023211,26,Haas F1 Team,22,MAG,Kevin Magnussen,20,#505050,21.0,1239,99.878,99.878,0,0,99.842,0.072,-0.472,-0.009,-0.468,25.0,-0.472,-0.009,-0.468,25.0,-0.463,H,#A5AFB9,7,2.0,0,0,0.131,0,0,0,0,1.0,14
1,2023,2023211,26,Haas F1 Team,22,MAG,Kevin Magnussen,20,#505050,22.0,1240,99.209,99.209,0,0,99.544,0.669,0.069,1.297,-0.580,22.0,0.069,1.297,-0.580,22.0,-1.228,H,#A5AFB9,8,2.0,0,0,0.131,0,0,0,0,0.0,14
1,2023,2023211,26,Haas F1 Team,22,MAG,Kevin Magnussen,20,#505050,23.0,1241,99.577,99.331,1,0,99.27,0.368,-0.499,-0.307,-0.345,25.0,-0.253,-0.061,-0.223,25.0,-0.192,H,#A5AFB9,9,2.0,0,0,0.131,0,0,0,0,0.0,14
1,2023,2023211,26,Haas F1 Team,22,MAG,Kevin Magnussen,20,#505050,24.0,1242,99.453,99.453,0,0,99.392,0.124,-0.511,-0.619,-0.202,25.0,-0.511,-0.619,-0.202,25.0,0.108,H,#A5AFB9,10,2.0,0,0,0.131,0,0,0,0,0.0,14
1,2023,2023211,26,Haas F1 Team,22,MAG,Kevin Magnussen,20,#505050,25.0,1243,99.867,99.867,0,0,99.66,0.414,-0.462,-0.227,-0.348,25.0,-0.462,-0.227,-0.348,25.0,-0.235,H,#A5AFB9,11,2.0,0,0,0.131,0,0,0,0,0.0,14
1,2023,2023211,26,Haas F1 Team,22,MAG,Kevin Magnussen,20,#505050,26.0,1244,-,-,0,1,-,-,-,-,-,-,-,-,-,-,,H,#A5AFB9,12,2.0,1,0,0.131,0,1,0,0,0.0,14
1,2023,2023211,26,Haas F1 Team,22,MAG,Kevin Magnussen,20,#505050,27.0,1245,-,-,0,1,-,-,-,-,-,-,-,-,-,-,,H,#A5AFB9,1,3.0,0,0,0.241,0,0,0,0,0.0,14
1,2023,2023211,26,Haas F1 Team,22,MAG,Kevin Magnussen,20,#505050,28.0,1246,-,-,0,1,-,-,-,-,-,-,-,-,-,-,,H,#A5AFB9,2,3.0,0,0,0.241,1,0,0,0,0.0,14
1,2023,2023211,26,Haas F1 Team,22,MAG,Kevin Magnussen,20,#505050,29.0,1247,-,-,0,1,-,-,-,-,-,-,-,-,-,-,,H,#A5AFB9,3,3.0,0,0,0.241,0,0,0,0,0.0,14
1,2023,2023211,26,Haas F1 Team,22,MAG,Kevin Magnussen,20,#505050,30.0,1248,99.701,99.701,0,0,-,-,-0.436,-0.111,-0.381,25.0,-0.436,-0.111,-0.381,25.0,-0.325,H,#A5AFB9,4,3.0,0,0,0.241,0,0,0,0,0.0,14
1,2023,2023211,26,Haas F1 Team,22,MAG,Kevin Magnussen,20,#505050,31.0,1249,98.757,98.757,0,0,99.229,0.944,-0.2,1.145,-0.772,22.0,-0.200,1.145,-0.772,22.0,-1.345,H,#A5AFB9,5,3.0,0,0,0.241,0,0,0,0,0.0,14
1,2023,2023211,26,Haas F1 Team,22,MAG,Kevin Magnussen,20,#505050,32.0,1250,98.174,98.174,0,0,98.466,0.583,-0.104,0.509,-0.358,22.0,-0.104,0.509,-0.358,22.0,-0.613,H,#A5AFB9,6,3.0,0,0,0.241,0,0,0,0,0.0,14
1,2023,2023211,26,Haas F1 Team,22,MAG,Kevin Magnussen,20,#505050,33.0,1251,98.032,98.032,0,0,98.103,0.142,-0.039,0.097,-0.087,22.0,-0.039,0.097,-0.087,22.0,-0.136,H,#A5AFB9,7,3.0,0,0,0.241,0,0,0,0,-1.0,15
1,2023,2023211,26,Haas F1 Team,22,MAG,Kevin Magnussen,20,#505050,34.0,1252,98.734,98.095,1,0,98.064,0.702,-0.852,-0.700,-0.502,25.0,-0.213,-0.061,-0.182,25.0,-0.152,H,#A5AFB9,8,3.0,0,0,0.241,0,0,0,0,0.0,15
1,2023,2023211,26,Haas F1 Team,22,MAG,Kevin Magnussen,20,#505050,35.0,1253,98.158,98.158,0,0,98.126,0.576,-0.298,-0.261,-0.167,25.0,-0.298,-0.261,-0.167,25.0,-0.037,H,#A5AFB9,9,3.0,0,0,0.241,0,0,0,0,0.0,15
1,2023,2023211,26,Haas F1 Team,22,MAG,Kevin Magnussen,20,#505050,36.0,1254,97.721,97.721,0,0,97.94,0.437,0.126,0.035,0.108,22.0,0.126,0.035,0.108,22.0,0.091,H,#A5AFB9,10,3.0,0,0,0.241,0,0,0,0,0.0,15
1,2023,2023211,26,Haas F1 Team,22,MAG,Kevin Magnussen,20,#505050,37.0,1255,98.615,98.615,0,0,98.168,0.894,-0.81,-0.738,-0.441,25.0,-0.810,-0.738,-0.441,25.0,-0.072,H,#A5AFB9,11,3.0,0,0,0.241,0,0,0,0,0.0,15
1,2023,2023211,26,Haas F1 Team,22,MAG,Kevin Magnussen,20,#505050,38.0,1256,98.684,98.684,0,0,98.649,0.069,-0.904,-0.142,-0.833,25.0,-0.904,-0.635,-0.587,25.0,-0.762,H,#A5AFB9,12,3.0,0,0,0.241,0,0,0,0,0.0,15
1,2023,2023211,26,Haas F1 Team,22,MAG,Kevin Magnussen,20,#505050,39.0,1257,98.163,98.163,0,0,98.423,0.521,-0.374,0.059,-0.403,22.0,-0.374,0.059,-0.403,22.0,-0.433,H,#A5AFB9,13,3.0,0,0,0.241,0,0,0,0,0.0,15
1,2023,2023211,26,Haas F1 Team,22,MAG,Kevin Magnussen,20,#505050,40.0,1258,98.687,98.687,0,0,98.425,0.524,-0.893,0.487,-1.136,22.0,-0.893,-0.195,-0.795,25.0,-1.38,H,#A5AFB9,14,3.0,0,1,0.241,0,0,0,0,1.0,14
1,2023,2023211,26,Haas F1 Team,22,MAG,Kevin Magnussen,20,#505050,41.0,1259,98.455,98.455,0,0,98.571,0.232,-0.748,0.307,-0.901,22.0,-0.748,0.307,-0.901,22.0,-1.055,H,#A5AFB9,15,3.0,0,0,0.241,0,0,0,0,0.0,14
1,2023,2023211,26,Haas F1 Team,22,MAG,Kevin Magnussen,20,#505050,42.0,1260,98.134,98.134,0,0,98.294,0.321,-0.471,0.352,-0.647,22.0,-0.471,0.352,-0.647,22.0,-0.823,H,#A5AFB9,16,3.0,0,0,0.241,0,0,0,0,0.0,14
1,2023,2023211,26,Haas F1 Team,22,MAG,Kevin Magnussen,20,#505050,43.0,1261,97.915,97.915,0,0,98.024,0.219,-0.383,-0.350,-0.208,25.0,-0.383,-0.350,-0.208,25.0,-0.033,H,#A5AFB9,17,3.0,0,0,0.241,0,0,0,0,0.0,14
1,2023,2023211,26,Haas F1 Team,22,MAG,Kevin Magnussen,20,#505050,44.0,1262,98.693,98.256,1,0,98.086,0.778,-1.168,-0.716,-0.810,25.0,-0.731,-0.279,-0.592,25.0,-0.452,H,#A5AFB9,18,3.0,0,0,0.241,0,0,0,0,0.0,14
1,2023,2023211,26,Haas F1 Team,22,MAG,Kevin Magnussen,20,#505050,45.0,1263,98.597,98.597,0,0,98.426,0.096,-1.297,-0.062,-1.266,25.0,-1.297,-0.062,-1.266,25.0,-1.235,H,#A5AFB9,19,3.0,0,0,0.241,0,0,0,0,0.0,14
1,2023,2023211,26,Haas F1 Team,22,MAG,Kevin Magnussen,20,#505050,46.0,1264,98.918,98.918,0,0,98.758,0.321,-1.718,-,-,-,-1.718,-,-,-,,H,#A5AFB9,20,3.0,0,0,0.241,0,0,0,0,1.0,13
1,2023,2023211,26,Haas F1 Team,22,MAG,Kevin Magnussen,20,#505050,47.0,1265,98.215,98.215,0,0,98.566,0.703,-1.08,-,-,-,-1.080,-,-,-,,H,#A5AFB9,21,3.0,0,0,0.241,0,0,0,0,0.0,13
1,2023,2023211,26,Haas F1 Team,22,MAG,Kevin Magnussen,20,#505050,48.0,1266,97.774,97.774,0,0,97.994,0.441,-0.546,-,-,-,-0.546,-,-,-,,H,#A5AFB9,22,3.0,0,0,0.241,0,0,0,0,0.0,13
1,2023,2023211,26,Haas F1 Team,22,MAG,Kevin Magnussen,20,#505050,49.0,1267,97.476,97.476,0,0,97.625,0.298,-0.315,-,-,-,-0.315,-,-,-,,H,#A5AFB9,23,3.0,0,0,0.241,0,0,0,0,0.0,13
1,2023,2023211,26,Haas F1 Team,22,MAG,Kevin Magnussen,20,#505050,50.0,1268,97.455,97.455,0,0,97.465,0.021,-0.318,-,-,-,-0.318,-,-,-,,H,#A5AFB9,24,3.0,0,0,0.241,0,0,0,0,0.0,13
1,2023,2023211,26,Haas F1 Team,25,HUL,Nico Hulkenberg,27,#505050,1.0,1219,-,-,0,1,-,-,-,-,-,-,-,-,-,-,,M,#F0E628,1,1.0,0,0,0.515,0,0,0,1,,10
1,2023,2023211,26,Haas F1 Team,25,HUL,Nico Hulkenberg,27,#505050,2.0,1220,-,-,0,1,-,-,-,-,-,-,-,-,-,-,,M,#F0E628,2,1.0,0,0,0.515,0,0,1,0,0.0,10
1,2023,2023211,26,Haas F1 Team,25,HUL,Nico Hulkenberg,27,#505050,3.0,1221,-,-,0,1,-,-,-,-,-,-,-,-,-,-,,M,#F0E628,3,1.0,0,0,0.515,0,1,0,0,0.0,9
1,2023,2023211,26,Haas F1 Team,25,HUL,Nico Hulkenberg,27,#505050,4.0,1222,-,-,0,1,-,-,-,-,-,-,-,-,-,-,,M,#F0E628,4,1.0,0,0,0.515,0,0,0,0,0.0,9
1,2023,2023211,26,Haas F1 Team,25,HUL,Nico Hulkenberg,27,#505050,5.0,1223,-,-,0,1,-,-,-,-,-,-,-,-,-,-,,M,#F0E628,5,1.0,0,0,0.515,0,0,0,0,0.0,9
1,2023,2023211,26,Haas F1 Team,25,HUL,Nico Hulkenberg,27,#505050,6.0,1224,-,-,0,1,-,-,-,-,-,-,-,-,-,-,,M,#F0E628,6,1.0,0,0,0.515,1,0,0,0,0.0,9
1,2023,2023211,26,Haas F1 Team,25,HUL,Nico Hulkenberg,27,#505050,7.0,1225,-,-,0,1,-,-,-,-,-,-,-,-,-,-,,M,#F0E628,7,1.0,0,0,0.515,0,0,0,0,0.0,9
1,2023,2023211,26,Haas F1 Team,25,HUL,Nico Hulkenberg,27,#505050,8.0,1226,102.01,102.01,0,0,-,-,-0.746,0.631,-0.430,22.0,-0.746,0.631,-0.430,22.0,-0.115,M,#F0E628,8,1.0,0,0,0.515,0,0,0,0,-1.0,10
1,2023,2023211,26,Haas F1 Team,25,HUL,Nico Hulkenberg,27,#505050,9.0,1227,100.422,100.422,0,0,101.216,1.588,-0.059,-0.657,-0.387,25.0,-0.059,-0.657,-0.387,25.0,-0.716,M,#F0E628,9,1.0,0,1,0.515,0,0,0,0,0.0,10
1,2023,2023211,26,Haas F1 Team,25,HUL,Nico Hulkenberg,27,#505050,10.0,1228,101.668,101.668,0,0,101.045,1.246,-1.492,0.579,-1.202,22.0,-1.492,0.579,-1.202,22.0,-0.913,M,#F0E628,10,1.0,0,0,0.515,0,0,0,0,-1.0,11
1,2023,2023211,26,Haas F1 Team,25,HUL,Nico Hulkenberg,27,#505050,11.0,1229,101.921,101.921,0,0,101.794,0.253,-1.915,1.118,-1.356,22.0,-1.915,1.118,-1.356,22.0,-0.797,M,#F0E628,11,1.0,0,0,0.515,0,0,0,0,-1.0,12
1,2023,2023211,26,Haas F1 Team,25,HUL,Nico Hulkenberg,27,#505050,12.0,1230,-,-,0,1,-,-,-,-,-,-,-,-,-,-,-0.375,M,#F0E628,12,1.0,1,0,0.515,0,0,0,0,0.0,17
1,2023,2023211,26,Haas F1 Team,25,HUL,Nico Hulkenberg,27,#505050,13.0,1231,-,-,0,1,-,-,-,-,-,-,-,-,-,-,-0.381,H,#A5AFB9,1,2.0,0,0,0.374,0,0,0,0,0.0,18
1,2023,2023211,26,Haas F1 Team,25,HUL,Nico Hulkenberg,27,#505050,14.0,1232,99.472,99.472,0,0,-,-,0.047,-,-,-,0.047,-,-,-,,H,#A5AFB9,2,2.0,0,0,0.374,0,0,0,0,0.0,18
1,2023,2023211,26,Haas F1 Team,25,HUL,Nico Hulkenberg,27,#505050,15.0,1233,98.701,98.701,0,0,99.086,0.771,0.817,-,-,-,0.817,-,-,-,,H,#A5AFB9,3,2.0,0,0,0.374,0,0,0,0,0.0,18
1,2023,2023211,26,Haas F1 Team,25,HUL,Nico Hulkenberg,27,#505050,16.0,1234,98.635,98.635,0,0,98.668,0.066,1.229,-1.300,0.579,25.0,1.229,-1.300,0.579,25.0,-0.071,H,#A5AFB9,4,2.0,0,0,0.374,0,0,0,0,0.0,18
1,2023,2023211,26,Haas F1 Team,25,HUL,Nico Hulkenberg,27,#505050,17.0,1235,99.844,99.844,0,0,99.239,1.209,-0.067,0.043,-0.045,22.0,-0.067,0.043,-0.045,22.0,-0.024,H,#A5AFB9,5,2.0,0,0,0.374,0,0,0,0,0.0,18
1,2023,2023211,26,Haas F1 Team,25,HUL,Nico Hulkenberg,27,#505050,18.0,1236,101.015,100.158,1,0,100.001,1.171,-1.485,1.080,-0.945,22.0,-0.627,0.317,-0.469,22.0,-0.405,H,#A5AFB9,6,2.0,0,0,0.374,0,0,0,0,0.0,16
1,2023,2023211,26,Haas F1 Team,25,HUL,Nico Hulkenberg,27,#505050,19.0,1237,100.471,100.471,0,0,100.314,0.544,-0.815,0.591,-0.519,22.0,-0.815,0.591,-0.519,22.0,-0.224,H,#A5AFB9,7,2.0,0,1,0.374,0,0,0,0,0.0,16
1,2023,2023211,26,Haas F1 Team,25,HUL,Nico Hulkenberg,27,#505050,20.0,1238,99.805,99.805,0,0,100.138,0.666,-0.363,-0.001,-0.363,25.0,-0.363,-0.001,-0.363,25.0,-0.364,H,#A5AFB9,8,2.0,0,0,0.374,0,0,0,0,0.0,16
1,2023,2023211,26,Haas F1 Team,25,HUL,Nico Hulkenberg,27,#505050,21.0,1239,99.869,99.869,0,0,99.837,0.064,-0.463,-0.009,-0.468,25.0,-0.463,-0.009,-0.468,25.0,-0.472,H,#A5AFB9,9,2.0,0,0,0.374,0,0,0,0,0.0,16
1,2023,2023211,26,Haas F1 Team,25,HUL,Nico Hulkenberg,27,#505050,22.0,1240,100.506,100.506,0,0,100.188,0.637,-1.228,1.297,-0.580,22.0,-1.228,1.297,-0.580,22.0,0.069,H,#A5AFB9,10,2.0,0,0,0.374,0,0,0,0,1.0,15
1,2023,2023211,26,Haas F1 Team,25,HUL,Nico Hulkenberg,27,#505050,23.0,1241,99.27,99.27,0,0,99.888,1.236,-0.192,-0.307,-0.345,25.0,-0.192,-0.061,-0.223,25.0,-0.499,H,#A5AFB9,11,2.0,0,0,0.374,0,0,0,0,0.0,15
1,2023,2023211,26,Haas F1 Team,25,HUL,Nico Hulkenberg,27,#505050,24.0,1242,98.834,98.834,0,0,99.052,0.436,0.108,-0.619,-0.202,25.0,0.108,-0.619,-0.202,25.0,-0.511,H,#A5AFB9,12,2.0,0,0,0.374,0,0,0,0,0.0,15
1,2023,2023211,26,Haas F1 Team,25,HUL,Nico Hulkenberg,27,#505050,25.0,1243,99.64,99.64,0,0,99.237,0.806,-0.235,-0.227,-0.348,25.0,-0.235,-0.227,-0.348,25.0,-0.462,H,#A5AFB9,13,2.0,0,0,0.374,0,0,0,0,0.0,15
1,2023,2023211,26,Haas F1 Team,25,HUL,Nico Hulkenberg,27,#505050,26.0,1244,-,-,0,1,-,-,-,-,-,-,-,-,-,-,,H,#A5AFB9,14,2.0,1,0,0.374,0,1,0,0,0.0,15
1,2023,2023211,26,Haas F1 Team,25,HUL,Nico Hulkenberg,27,#505050,27.0,1245,-,-,0,1,-,-,-,-,-,-,-,-,-,-,,H,#A5AFB9,1,3.0,0,0,0.266,0,0,0,0,0.0,16
1,2023,2023211,26,Haas F1 Team,25,HUL,Nico Hulkenberg,27,#505050,28.0,1246,-,-,0,1,-,-,-,-,-,-,-,-,-,-,,H,#A5AFB9,2,3.0,0,0,0.266,1,0,0,0,0.0,16
1,2023,2023211,26,Haas F1 Team,25,HUL,Nico Hulkenberg,27,#505050,29.0,1247,-,-,0,1,-,-,-,-,-,-,-,-,-,-,,H,#A5AFB9,3,3.0,0,0,0.266,0,0,0,0,0.0,15
1,2023,2023211,26,Haas F1 Team,25,HUL,Nico Hulkenberg,27,#505050,30.0,1248,99.59,99.59,0,0,-,-,-0.325,-0.111,-0.381,25.0,-0.325,-0.111,-0.381,25.0,-0.436,H,#A5AFB9,4,3.0,0,0,0.266,0,0,0,0,0.0,15
1,2023,2023211,26,Haas F1 Team,25,HUL,Nico Hulkenberg,27,#505050,31.0,1249,99.902,99.902,0,0,99.746,0.312,-1.345,1.145,-0.772,22.0,-1.345,1.145,-0.772,22.0,-0.2,H,#A5AFB9,5,3.0,0,0,0.266,0,0,0,0,-1.0,16
1,2023,2023211,26,Haas F1 Team,25,HUL,Nico Hulkenberg,27,#505050,32.0,1250,98.683,98.683,0,0,99.292,1.219,-0.613,0.509,-0.358,22.0,-0.613,0.509,-0.358,22.0,-0.104,H,#A5AFB9,6,3.0,0,0,0.266,0,0,0,0,0.0,16
1,2023,2023211,26,Haas F1 Team,25,HUL,Nico Hulkenberg,27,#505050,33.0,1251,98.129,98.129,0,0,98.406,0.554,-0.136,0.097,-0.087,22.0,-0.136,0.097,-0.087,22.0,-0.039,H,#A5AFB9,7,3.0,0,0,0.266,0,0,0,0,0.0,16
1,2023,2023211,26,Haas F1 Team,25,HUL,Nico Hulkenberg,27,#505050,34.0,1252,98.034,98.034,0,0,98.082,0.095,-0.152,-0.700,-0.502,25.0,-0.152,-0.061,-0.182,25.0,-0.852,H,#A5AFB9,8,3.0,0,0,0.266,0,0,0,0,0.0,16
1,2023,2023211,26,Haas F1 Team,25,HUL,Nico Hulkenberg,27,#505050,35.0,1253,97.897,97.897,0,0,97.966,0.137,-0.037,-0.261,-0.167,25.0,-0.037,-0.261,-0.167,25.0,-0.298,H,#A5AFB9,9,3.0,0,0,0.266,0,0,0,0,0.0,16
1,2023,2023211,26,Haas F1 Team,25,HUL,Nico Hulkenberg,27,#505050,36.0,1254,97.756,97.756,0,0,97.827,0.141,0.091,0.035,0.108,22.0,0.091,0.035,0.108,22.0,0.126,H,#A5AFB9,10,3.0,0,0,0.266,0,0,0,0,0.0,16
1,2023,2023211,26,Haas F1 Team,25,HUL,Nico Hulkenberg,27,#505050,37.0,1255,97.877,97.877,0,0,97.816,0.121,-0.072,-0.738,-0.441,25.0,-0.072,-0.738,-0.441,25.0,-0.81,H,#A5AFB9,11,3.0,0,1,0.266,0,0,0,0,0.0,16
1,2023,2023211,26,Haas F1 Team,25,HUL,Nico Hulkenberg,27,#505050,38.0,1256,98.542,98.05,1,0,97.963,0.665,-0.762,-0.142,-0.833,25.0,-0.269,-0.635,-0.587,25.0,-0.904,H,#A5AFB9,12,3.0,0,0,0.266,0,0,0,0,0.0,16
1,2023,2023211,26,Haas F1 Team,25,HUL,Nico Hulkenberg,27,#505050,39.0,1257,98.222,98.222,0,0,98.136,0.320,-0.433,0.059,-0.403,22.0,-0.433,0.059,-0.403,22.0,-0.374,H,#A5AFB9,13,3.0,0,0,0.266,0,0,0,0,0.0,16
1,2023,2023211,26,Haas F1 Team,25,HUL,Nico Hulkenberg,27,#505050,40.0,1258,99.174,98.492,1,0,98.357,0.952,-1.38,0.487,-1.136,22.0,-0.698,-0.195,-0.795,25.0,-0.893,H,#A5AFB9,14,3.0,0,0,0.266,0,0,0,0,0.0,16
1,2023,2023211,26,Haas F1 Team,25,HUL,Nico Hulkenberg,27,#505050,41.0,1259,98.762,98.762,0,0,98.627,0.412,-1.055,0.307,-0.901,22.0,-1.055,0.307,-0.901,22.0,-0.748,H,#A5AFB9,15,3.0,0,0,0.266,0,0,0,0,0.0,16
1,2023,2023211,26,Haas F1 Team,25,HUL,Nico Hulkenberg,27,#505050,42.0,1260,98.486,98.486,0,0,98.624,0.276,-0.823,0.352,-0.647,22.0,-0.823,0.352,-0.647,22.0,-0.471,H,#A5AFB9,16,3.0,0,0,0.266,0,0,0,0,1.0,15
1,2023,2023211,26,Haas F1 Team,25,HUL,Nico Hulkenberg,27,#505050,43.0,1261,97.565,97.565,0,0,98.026,0.921,-0.033,-0.350,-0.208,25.0,-0.033,-0.350,-0.208,25.0,-0.383,H,#A5AFB9,17,3.0,0,0,0.266,0,0,0,0,0.0,15
1,2023,2023211,26,Haas F1 Team,25,HUL,Nico Hulkenberg,27,#505050,44.0,1262,97.977,97.977,0,0,97.771,0.412,-0.452,-0.716,-0.810,25.0,-0.452,-0.279,-0.592,25.0,-1.168,H,#A5AFB9,18,3.0,0,0,0.266,0,0,0,0,0.0,15
1,2023,2023211,26,Haas F1 Team,25,HUL,Nico Hulkenberg,27,#505050,45.0,1263,98.535,98.535,0,0,98.256,0.558,-1.235,-0.062,-1.266,25.0,-1.235,-0.062,-1.266,25.0,-1.297,H,#A5AFB9,19,3.0,0,0,0.266,0,0,0,0,0.0,15
1,2023,2023211,26,Haas F1 Team,25,HUL,Nico Hulkenberg,27,#505050,46.0,1264,-,-,0,1,-,-,-,-,-,-,-,-,-,-,-1.718,H,#A5AFB9,20,3.0,0,0,0.266,0,0,0,0,,-
1,2023,2023221,27,Haas F1 Team,22,MAG,Kevin Magnussen,20,#505050,1.0,1269,-,-,0,1,-,-,-,-,-,-,-,-,-,-,,M,#F0E628,1,1.0,0,0,0.059,0,0,0,0,,19
1,2023,2023221,27,Haas F1 Team,22,MAG,Kevin Magnussen,20,#505050,2.0,1270,-,-,0,1,-,-,-,-,-,-,-,-,-,-,,M,#F0E628,2,1.0,0,0,0.059,0,0,0,0,0.0,19
1,2023,2023221,27,Haas F1 Team,22,MAG,Kevin Magnussen,20,#505050,3.0,1271,91.711,91.711,0,0,-,-,-,-,-,-,-,-,-,-,-0.266,M,#F0E628,3,1.0,0,1,0.059,0,0,0,0,0.0,19
1,2023,2023221,27,Haas F1 Team,22,MAG,Kevin Magnussen,20,#505050,4.0,1272,91.593,91.593,0,0,91.652,0.118,-,-,-,-,-,-,-,-,-0.418,M,#F0E628,4,1.0,0,0,0.059,0,0,0,0,0.0,19
1,2023,2023221,27,Haas F1 Team,22,MAG,Kevin Magnussen,20,#505050,5.0,1273,-,-,0,1,-,-,-,-,-,-,-,-,-,-,-0.279,M,#F0E628,5,1.0,1,0,0.059,0,0,0,0,0.0,20
1,2023,2023221,27,Haas F1 Team,22,MAG,Kevin Magnussen,20,#505050,6.0,1274,-,-,0,1,-,-,-,-,-,-,-,-,-,-,-0.189,H,#A5AFB9,1,2.0,0,0,0.159,0,0,0,0,0.0,20
1,2023,2023221,27,Haas F1 Team,22,MAG,Kevin Magnussen,20,#505050,7.0,1275,90.445,90.445,0,0,-,-,0.46,-0.887,0.017,22.0,0.460,-0.887,0.017,22.0,-0.427,H,#A5AFB9,2,2.0,0,0,0.159,0,0,0,0,0.0,20
1,2023,2023221,27,Haas F1 Team,22,MAG,Kevin Magnussen,20,#505050,8.0,1276,90.312,90.312,0,0,90.378,0.133,0.66,-1.188,0.066,22.0,0.660,-1.188,0.066,22.0,-0.528,H,#A5AFB9,3,2.0,0,0,0.159,0,0,0,0,0.0,20
1,2023,2023221,27,Haas F1 Team,22,MAG,Kevin Magnussen,20,#505050,9.0,1277,90.325,90.325,0,0,90.318,0.013,0.656,-1.220,0.046,22.0,0.656,-1.220,0.046,22.0,-0.564,H,#A5AFB9,4,2.0,0,0,0.159,0,0,0,0,0.0,20
1,2023,2023221,27,Haas F1 Team,22,MAG,Kevin Magnussen,20,#505050,10.0,1278,90.814,90.814,0,0,90.57,0.489,0.33,-0.769,-0.054,22.0,0.330,-0.769,-0.054,22.0,-0.439,H,#A5AFB9,5,2.0,0,0,0.159,0,0,0,0,0.0,20
1,2023,2023221,27,Haas F1 Team,22,MAG,Kevin Magnussen,20,#505050,11.0,1279,91.051,91.051,0,0,90.932,0.237,0.213,-0.951,-0.263,22.0,0.213,-0.654,-0.114,22.0,-0.738,H,#A5AFB9,6,2.0,0,0,0.159,0,0,0,0,0.0,20
1,2023,2023221,27,Haas F1 Team,22,MAG,Kevin Magnussen,20,#505050,12.0,1280,90.791,90.791,0,0,90.921,0.260,0.523,-1.036,0.005,22.0,0.523,-1.036,0.005,22.0,-0.513,H,#A5AFB9,7,2.0,0,0,0.159,0,0,0,0,0.0,20
1,2023,2023221,27,Haas F1 Team,22,MAG,Kevin Magnussen,20,#505050,13.0,1281,90.956,90.956,0,0,90.874,0.165,0.298,-,-,-,0.298,-,-,-,,H,#A5AFB9,8,2.0,0,0,0.159,0,0,0,0,0.0,20
1,2023,2023221,27,Haas F1 Team,22,MAG,Kevin Magnussen,20,#505050,14.0,1282,91.074,91.074,0,0,91.015,0.118,0.114,-,-,-,0.114,-,-,-,,H,#A5AFB9,9,2.0,0,1,0.159,0,0,0,0,0.0,18
1,2023,2023221,27,Haas F1 Team,22,MAG,Kevin Magnussen,20,#505050,15.0,1283,91.241,91.241,0,0,91.158,0.167,-0.258,1.108,0.296,25.0,-0.258,1.108,0.296,25.0,0.85,H,#A5AFB9,10,2.0,0,0,0.159,0,0,0,0,0.0,18
1,2023,2023221,27,Haas F1 Team,22,MAG,Kevin Magnussen,20,#505050,16.0,1284,91.91,91.91,0,0,91.576,0.669,-1.044,1.336,-0.376,25.0,-1.044,1.336,-0.376,25.0,0.292,H,#A5AFB9,11,2.0,0,0,0.159,0,0,0,0,0.0,17
1,2023,2023221,27,Haas F1 Team,22,MAG,Kevin Magnussen,20,#505050,17.0,1285,92.454,92.009,1,0,91.959,0.544,-1.901,2.098,-0.852,25.0,-1.456,1.653,-0.629,25.0,0.197,H,#A5AFB9,12,2.0,0,0,0.159,0,0,0,0,-1.0,17
1,2023,2023221,27,Haas F1 Team,22,MAG,Kevin Magnussen,20,#505050,18.0,1286,92.108,92.108,0,0,92.059,0.346,-1.485,0.473,-1.248,25.0,-1.485,1.763,-0.604,25.0,-1.012,H,#A5AFB9,13,2.0,0,0,0.159,0,0,0,0,0.0,17
1,2023,2023221,27,Haas F1 Team,22,MAG,Kevin Magnussen,20,#505050,19.0,1287,92.16,92.16,0,0,92.134,0.052,-1.695,1.825,-0.782,25.0,-1.695,1.825,-0.782,25.0,0.13,H,#A5AFB9,14,2.0,0,0,0.159,0,0,0,0,0.0,17
1,2023,2023221,27,Haas F1 Team,22,MAG,Kevin Magnussen,20,#505050,20.0,1288,91.521,91.521,0,0,91.84,0.639,-1.095,1.085,-0.552,25.0,-1.095,1.085,-0.552,25.0,-0.01,H,#A5AFB9,15,2.0,0,0,0.159,0,0,0,0,0.0,17
1,2023,2023221,27,Haas F1 Team,22,MAG,Kevin Magnussen,20,#505050,21.0,1289,91.95,91.95,0,0,91.736,0.429,-1.466,1.314,-0.809,25.0,-1.466,1.314,-0.809,25.0,-0.152,H,#A5AFB9,16,2.0,0,0,0.159,0,0,0,0,0.0,17
1,2023,2023221,27,Haas F1 Team,22,MAG,Kevin Magnussen,20,#505050,22.0,1290,-,-,0,1,-,-,-,-,-,-,-,-,-,-,-0.037,H,#A5AFB9,17,2.0,1,0,0.159,0,0,0,0,0.0,20
1,2023,2023221,27,Haas F1 Team,22,MAG,Kevin Magnussen,20,#505050,23.0,1291,-,-,0,1,-,-,-,-,-,-,-,-,-,-,-0.597,H,#A5AFB9,1,3.0,0,0,0.203,0,0,0,0,0.0,20
1,2023,2023221,27,Haas F1 Team,22,MAG,Kevin Magnussen,20,#505050,24.0,1292,91.448,91.448,0,0,-,-,-1.087,0.344,-0.915,25.0,-1.087,0.344,-0.915,25.0,-0.743,H,#A5AFB9,2,3.0,0,0,0.203,0,0,0,0,0.0,20
1,2023,2023221,27,Haas F1 Team,22,MAG,Kevin Magnussen,20,#505050,25.0,1293,90.592,90.592,0,0,91.02,0.856,-0.336,-0.276,-0.474,22.0,-0.336,-0.276,-0.474,22.0,-0.612,H,#A5AFB9,3,3.0,0,0,0.203,0,0,0,0,0.0,20
1,2023,2023221,27,Haas F1 Team,22,MAG,Kevin Magnussen,20,#505050,26.0,1294,90.599,90.599,0,0,90.596,0.007,-0.471,-0.845,-0.893,22.0,-0.471,-0.845,-0.893,22.0,-1.316,H,#A5AFB9,4,3.0,0,0,0.203,0,0,0,0,0.0,20
1,2023,2023221,27,Haas F1 Team,22,MAG,Kevin Magnussen,20,#505050,27.0,1295,90.691,90.691,0,0,90.645,0.092,-0.532,-1.394,-1.229,22.0,-0.532,-0.821,-0.943,22.0,-1.926,H,#A5AFB9,5,3.0,0,0,0.203,0,0,0,0,0.0,20
1,2023,2023221,27,Haas F1 Team,22,MAG,Kevin Magnussen,20,#505050,28.0,1296,90.709,90.709,0,0,90.7,0.018,-0.47,-0.871,-0.905,22.0,-0.470,-0.871,-0.905,22.0,-1.341,H,#A5AFB9,6,3.0,0,0,0.203,0,0,0,0,0.0,20
1,2023,2023221,27,Haas F1 Team,22,MAG,Kevin Magnussen,20,#505050,29.0,1297,90.628,90.628,0,0,90.668,0.081,-0.521,-1.140,-1.091,22.0,-0.521,-1.140,-1.091,22.0,-1.661,H,#A5AFB9,7,3.0,0,0,0.203,0,0,0,0,0.0,20
1,2023,2023221,27,Haas F1 Team,22,MAG,Kevin Magnussen,20,#505050,30.0,1298,90.116,90.116,0,0,90.372,0.512,-0.043,-0.551,-0.319,22.0,-0.043,-0.551,-0.319,22.0,-0.594,H,#A5AFB9,8,3.0,0,0,0.203,0,0,0,0,0.0,20
1,2023,2023221,27,Haas F1 Team,22,MAG,Kevin Magnussen,20,#505050,31.0,1299,90.631,90.631,0,0,90.374,0.515,-0.548,0.038,-0.529,25.0,-0.548,0.038,-0.529,25.0,-0.51,H,#A5AFB9,9,3.0,0,0,0.203,0,0,0,0,0.0,20
1,2023,2023221,27,Haas F1 Team,22,MAG,Kevin Magnussen,20,#505050,32.0,1300,90.684,90.684,0,0,90.658,0.053,-0.664,-0.161,-0.744,22.0,-0.664,-0.161,-0.744,22.0,-0.825,H,#A5AFB9,10,3.0,0,0,0.203,0,0,0,0,0.0,20
1,2023,2023221,27,Haas F1 Team,22,MAG,Kevin Magnussen,20,#505050,33.0,1301,90.437,90.437,0,0,90.56,0.247,-0.479,-,-,-,-0.479,-,-,-,,H,#A5AFB9,11,3.0,0,0,0.203,0,0,0,0,0.0,20
1,2023,2023221,27,Haas F1 Team,22,MAG,Kevin Magnussen,20,#505050,34.0,1302,90.452,90.452,0,0,90.444,0.015,-0.549,-,-,-,-0.549,-,-,-,,H,#A5AFB9,12,3.0,0,0,0.203,0,0,0,0,0.0,20
1,2023,2023221,27,Haas F1 Team,22,MAG,Kevin Magnussen,20,#505050,35.0,1303,90.413,90.413,0,0,90.432,0.039,-0.544,-0.085,-0.587,22.0,-0.544,-0.085,-0.587,22.0,-0.629,H,#A5AFB9,13,3.0,0,0,0.203,0,0,0,0,0.0,20
1,2023,2023221,27,Haas F1 Team,22,MAG,Kevin Magnussen,20,#505050,36.0,1304,90.674,90.674,0,0,90.544,0.261,-0.793,0.983,-0.301,25.0,-0.793,0.983,-0.301,25.0,0.19,H,#A5AFB9,14,3.0,0,0,0.203,0,0,0,0,0.0,20
1,2023,2023221,27,Haas F1 Team,22,MAG,Kevin Magnussen,20,#505050,37.0,1305,90.345,90.345,0,0,90.51,0.329,-0.472,0.598,-0.173,25.0,-0.472,0.598,-0.173,25.0,0.126,H,#A5AFB9,15,3.0,0,0,0.203,0,0,0,0,0.0,20
1,2023,2023221,27,Haas F1 Team,22,MAG,Kevin Magnussen,20,#505050,38.0,1306,90.376,90.376,0,0,90.36,0.031,-0.642,0.914,-0.185,25.0,-0.642,0.914,-0.185,25.0,0.272,H,#A5AFB9,16,3.0,0,0,0.203,0,0,0,0,0.0,19
1,2023,2023221,27,Haas F1 Team,22,MAG,Kevin Magnussen,20,#505050,39.0,1307,90.425,90.425,0,0,90.4,0.049,-0.739,0.334,-0.572,25.0,-0.739,0.334,-0.572,25.0,-0.405,H,#A5AFB9,17,3.0,0,0,0.203,0,0,0,0,0.0,19
1,2023,2023221,27,Haas F1 Team,22,MAG,Kevin Magnussen,20,#505050,40.0,1308,91.437,90.452,1,0,90.439,1.012,-1.897,1.316,-1.239,25.0,-0.912,0.331,-0.746,25.0,-0.581,H,#A5AFB9,18,3.0,0,1,0.203,0,0,0,0,-1.0,20
1,2023,2023221,27,Haas F1 Team,22,MAG,Kevin Magnussen,20,#505050,41.0,1309,90.48,90.48,0,0,90.466,0.957,-1.076,0.587,-0.782,25.0,-1.076,0.587,-0.782,25.0,-0.489,H,#A5AFB9,19,3.0,0,0,0.203,0,0,0,0,0.0,20
1,2023,2023221,27,Haas F1 Team,22,MAG,Kevin Magnussen,20,#505050,42.0,1310,90.356,90.356,0,0,90.418,0.124,-1.107,0.960,-0.627,25.0,-1.107,0.960,-0.627,25.0,-0.147,H,#A5AFB9,20,3.0,0,0,0.203,0,0,0,0,0.0,19
1,2023,2023221,27,Haas F1 Team,22,MAG,Kevin Magnussen,20,#505050,43.0,1311,90.057,90.057,0,0,90.206,0.299,-0.892,0.572,-0.606,25.0,-0.892,0.572,-0.606,25.0,-0.32,H,#A5AFB9,21,3.0,0,0,0.203,0,0,0,0,0.0,19
1,2023,2023221,27,Haas F1 Team,22,MAG,Kevin Magnussen,20,#505050,44.0,1312,90.084,90.084,0,0,90.071,0.027,-1.027,0.542,-0.756,25.0,-1.027,0.542,-0.756,25.0,-0.485,H,#A5AFB9,22,3.0,0,0,0.203,0,0,0,0,0.0,19
1,2023,2023221,27,Haas F1 Team,22,MAG,Kevin Magnussen,20,#505050,45.0,1313,90.11,90.11,0,0,90.097,0.026,-1.262,0.610,-0.957,25.0,-1.262,0.610,-0.957,25.0,-0.652,H,#A5AFB9,23,3.0,0,0,0.203,0,0,0,0,0.0,19
1,2023,2023221,27,Haas F1 Team,22,MAG,Kevin Magnussen,20,#505050,46.0,1314,89.934,89.934,0,0,90.022,0.176,-0.923,0.478,-0.684,25.0,-0.923,0.478,-0.684,25.0,-0.445,H,#A5AFB9,24,3.0,0,0,0.203,0,0,0,0,0.0,19
1,2023,2023221,27,Haas F1 Team,22,MAG,Kevin Magnussen,20,#505050,47.0,1315,91.923,90.296,1,0,90.115,1.989,-2.753,1.888,-1.809,25.0,-1.125,0.260,-0.995,25.0,-0.865,H,#A5AFB9,25,3.0,0,0,0.203,0,0,0,0,-1.0,20
1,2023,2023221,27,Haas F1 Team,22,MAG,Kevin Magnussen,20,#505050,48.0,1316,90.657,90.657,0,0,90.476,1.266,-1.456,0.537,-1.188,25.0,-1.456,0.537,-1.188,25.0,-0.919,H,#A5AFB9,26,3.0,0,0,0.203,0,0,0,0,0.0,20
1,2023,2023221,27,Haas F1 Team,22,MAG,Kevin Magnussen,20,#505050,49.0,1317,90.553,90.553,0,0,90.605,0.104,-1.376,-0.152,-1.452,22.0,-1.376,0.393,-1.179,25.0,-1.528,H,#A5AFB9,27,3.0,0,0,0.203,0,0,0,0,0.0,20
1,2023,2023221,27,Haas F1 Team,22,MAG,Kevin Magnussen,20,#505050,50.0,1318,90.509,90.509,0,0,90.531,0.044,-1.347,0.309,-1.192,25.0,-1.347,0.309,-1.192,25.0,-1.038,H,#A5AFB9,28,3.0,0,0,0.203,0,0,0,0,0.0,20
1,2023,2023221,27,Haas F1 Team,22,MAG,Kevin Magnussen,20,#505050,51.0,1319,90.432,90.432,0,0,90.47,0.077,-1.291,0.353,-1.115,25.0,-1.291,0.353,-1.115,25.0,-0.938,H,#A5AFB9,29,3.0,0,0,0.203,0,0,0,0,0.0,20
1,2023,2023221,27,Haas F1 Team,22,MAG,Kevin Magnussen,20,#505050,52.0,1320,91.497,90.438,1,0,90.435,1.065,-2.405,1.392,-1.709,25.0,-1.347,0.334,-1.180,25.0,-1.013,H,#A5AFB9,30,3.0,0,0,0.203,0,0,0,0,0.0,20
1,2023,2023221,27,Haas F1 Team,22,MAG,Kevin Magnussen,20,#505050,53.0,1321,90.445,90.445,0,0,90.442,1.052,-1.307,0.355,-1.129,25.0,-1.307,0.355,-1.129,25.0,-0.952,H,#A5AFB9,31,3.0,0,0,0.203,0,0,0,0,0.0,20
1,2023,2023221,27,Haas F1 Team,22,MAG,Kevin Magnussen,20,#505050,54.0,1322,90.207,90.207,0,0,90.326,0.238,-1.053,0.540,-0.783,25.0,-1.053,0.540,-0.783,25.0,-0.513,H,#A5AFB9,32,3.0,0,0,0.203,0,0,0,0,0.0,20
1,2023,2023221,27,Haas F1 Team,22,MAG,Kevin Magnussen,20,#505050,55.0,1323,90.252,90.252,0,0,90.23,0.045,-1.08,0.676,-0.742,25.0,-1.080,0.676,-0.742,25.0,-0.404,H,#A5AFB9,33,3.0,0,0,0.203,0,0,0,0,0.0,20
1,2023,2023221,27,Haas F1 Team,22,MAG,Kevin Magnussen,20,#505050,56.0,1324,90.429,90.429,0,0,90.34,0.177,-1.258,0.922,-0.797,25.0,-1.258,0.922,-0.797,25.0,-0.336,H,#A5AFB9,34,3.0,0,0,0.203,0,0,0,0,0.0,20
1,2023,2023221,27,Haas F1 Team,22,MAG,Kevin Magnussen,20,#505050,57.0,1325,91.256,91.256,0,0,90.842,0.827,-1.895,1.819,-0.986,25.0,-1.895,1.819,-0.986,25.0,-0.076,H,#A5AFB9,35,3.0,0,0,0.203,0,0,0,0,0.0,20
1,2023,2023221,27,Haas F1 Team,25,HUL,Nico Hulkenberg,27,#505050,1.0,1269,-,-,0,1,-,-,-,-,-,-,-,-,-,-,,M,#F0E628,1,1.0,0,0,0.090,0,0,0,0,,13
1,2023,2023221,27,Haas F1 Team,25,HUL,Nico Hulkenberg,27,#505050,2.0,1270,-,-,0,1,-,-,-,-,-,-,-,-,-,-,,M,#F0E628,2,1.0,0,0,0.090,0,0,0,0,-1.0,14
1,2023,2023221,27,Haas F1 Team,25,HUL,Nico Hulkenberg,27,#505050,3.0,1271,91.351,91.351,0,0,-,-,-0.266,-,-,-,-0.266,-,-,-,,M,#F0E628,3,1.0,0,0,0.090,0,0,0,0,0.0,14
1,2023,2023221,27,Haas F1 Team,25,HUL,Nico Hulkenberg,27,#505050,4.0,1272,91.374,91.374,0,0,91.362,0.023,-0.418,-,-,-,-0.418,-,-,-,,M,#F0E628,4,1.0,0,0,0.090,0,0,0,0,0.0,14
1,2023,2023221,27,Haas F1 Team,25,HUL,Nico Hulkenberg,27,#505050,5.0,1273,91.227,91.227,0,0,91.3,0.147,-0.279,-,-,-,-0.279,-,-,-,,M,#F0E628,5,1.0,0,0,0.090,0,0,0,0,0.0,14
1,2023,2023221,27,Haas F1 Team,25,HUL,Nico Hulkenberg,27,#505050,6.0,1274,91.101,91.101,0,0,91.164,0.126,-0.189,-,-,-,-0.189,-,-,-,,M,#F0E628,6,1.0,0,0,0.090,0,0,0,0,0.0,14
1,2023,2023221,27,Haas F1 Team,25,HUL,Nico Hulkenberg,27,#505050,7.0,1275,91.332,91.332,0,0,91.216,0.231,-0.427,-0.887,0.017,22.0,-0.427,-0.887,0.017,22.0,0.46,M,#F0E628,7,1.0,0,1,0.090,0,0,0,0,0.0,14
1,2023,2023221,27,Haas F1 Team,25,HUL,Nico Hulkenberg,27,#505050,8.0,1276,91.5,91.5,0,0,91.416,0.168,-0.528,-1.188,0.066,22.0,-0.528,-1.188,0.066,22.0,0.66,M,#F0E628,8,1.0,0,0,0.090,0,0,0,0,0.0,14
1,2023,2023221,27,Haas F1 Team,25,HUL,Nico Hulkenberg,27,#505050,9.0,1277,91.545,91.545,0,0,91.523,0.045,-0.564,-1.220,0.046,22.0,-0.564,-1.220,0.046,22.0,0.656,M,#F0E628,9,1.0,0,0,0.090,0,0,0,0,0.0,14
1,2023,2023221,27,Haas F1 Team,25,HUL,Nico Hulkenberg,27,#505050,10.0,1278,91.583,91.583,0,0,91.564,0.038,-0.439,-0.769,-0.054,22.0,-0.439,-0.769,-0.054,22.0,0.33,M,#F0E628,10,1.0,0,0,0.090,0,0,0,0,0.0,14
1,2023,2023221,27,Haas F1 Team,25,HUL,Nico Hulkenberg,27,#505050,11.0,1279,92.002,91.705,1,0,91.644,0.419,-0.738,-0.951,-0.263,22.0,-0.441,-0.654,-0.114,22.0,0.213,M,#F0E628,11,1.0,0,0,0.090,0,0,0,0,0.0,14
1,2023,2023221,27,Haas F1 Team,25,HUL,Nico Hulkenberg,27,#505050,12.0,1280,91.827,91.827,0,0,91.766,0.175,-0.513,-1.036,0.005,22.0,-0.513,-1.036,0.005,22.0,0.523,M,#F0E628,12,1.0,0,0,0.090,0,0,0,0,0.0,14
1,2023,2023221,27,Haas F1 Team,25,HUL,Nico Hulkenberg,27,#505050,13.0,1281,-,-,0,1,-,-,-,-,-,-,-,-,-,-,0.298,M,#F0E628,13,1.0,1,0,0.090,0,0,0,0,0.0,14
1,2023,2023221,27,Haas F1 Team,25,HUL,Nico Hulkenberg,27,#505050,14.0,1282,-,-,0,1,-,-,-,-,-,-,-,-,-,-,0.114,H,#A5AFB9,1,2.0,0,0,0.238,0,0,0,0,0.0,19
1,2023,2023221,27,Haas F1 Team,25,HUL,Nico Hulkenberg,27,#505050,15.0,1283,90.133,90.133,0,0,-,-,0.85,1.108,0.296,25.0,0.850,1.108,0.296,25.0,-0.258,H,#A5AFB9,2,2.0,0,0,0.238,0,0,0,0,0.0,19
1,2023,2023221,27,Haas F1 Team,25,HUL,Nico Hulkenberg,27,#505050,16.0,1284,90.574,90.574,0,0,90.354,0.441,0.292,1.336,-0.376,25.0,0.292,1.336,-0.376,25.0,-1.044,H,#A5AFB9,3,2.0,0,0,0.238,0,0,0,0,0.0,18
1,2023,2023221,27,Haas F1 Team,25,HUL,Nico Hulkenberg,27,#505050,17.0,1285,90.356,90.356,0,0,90.465,0.218,0.197,2.098,-0.852,25.0,0.197,1.653,-0.629,25.0,-1.901,H,#A5AFB9,4,2.0,0,0,0.238,0,0,0,0,1.0,16
1,2023,2023221,27,Haas F1 Team,25,HUL,Nico Hulkenberg,27,#505050,18.0,1286,91.635,90.345,1,0,90.351,1.279,-1.012,0.473,-1.248,25.0,0.278,1.763,-0.604,25.0,-1.485,H,#A5AFB9,5,2.0,0,0,0.238,0,0,0,0,0.0,16
1,2023,2023221,27,Haas F1 Team,25,HUL,Nico Hulkenberg,27,#505050,19.0,1287,90.335,90.335,0,0,90.34,1.300,0.13,1.825,-0.782,25.0,0.130,1.825,-0.782,25.0,-1.695,H,#A5AFB9,6,2.0,0,0,0.238,0,0,0,0,0.0,16
1,2023,2023221,27,Haas F1 Team,25,HUL,Nico Hulkenberg,27,#505050,20.0,1288,90.436,90.436,0,0,90.386,0.101,-0.01,1.085,-0.552,25.0,-0.010,1.085,-0.552,25.0,-1.095,H,#A5AFB9,7,2.0,0,0,0.238,0,0,0,0,0.0,16
1,2023,2023221,27,Haas F1 Team,25,HUL,Nico Hulkenberg,27,#505050,21.0,1289,90.636,90.636,0,0,90.536,0.200,-0.152,1.314,-0.809,25.0,-0.152,1.314,-0.809,25.0,-1.466,H,#A5AFB9,8,2.0,0,0,0.238,0,0,0,0,0.0,16
1,2023,2023221,27,Haas F1 Team,25,HUL,Nico Hulkenberg,27,#505050,22.0,1290,90.451,90.451,0,0,90.544,0.185,-0.037,-,-,-,-0.037,-,-,-,,H,#A5AFB9,9,2.0,0,0,0.238,0,0,0,0,0.0,16
1,2023,2023221,27,Haas F1 Team,25,HUL,Nico Hulkenberg,27,#505050,23.0,1291,91.02,91.02,0,0,90.736,0.569,-0.597,-,-,-,-0.597,-,-,-,,H,#A5AFB9,10,2.0,0,1,0.238,0,0,0,0,0.0,16
1,2023,2023221,27,Haas F1 Team,25,HUL,Nico Hulkenberg,27,#505050,24.0,1292,91.104,91.104,0,0,91.062,0.084,-0.743,0.344,-0.915,25.0,-0.743,0.344,-0.915,25.0,-1.087,H,#A5AFB9,11,2.0,0,0,0.238,0,0,0,0,0.0,15
1,2023,2023221,27,Haas F1 Team,25,HUL,Nico Hulkenberg,27,#505050,25.0,1293,90.868,90.868,0,0,90.986,0.236,-0.612,-0.276,-0.474,22.0,-0.612,-0.276,-0.474,22.0,-0.336,H,#A5AFB9,12,2.0,0,0,0.238,0,0,0,0,0.0,15
1,2023,2023221,27,Haas F1 Team,25,HUL,Nico Hulkenberg,27,#505050,26.0,1294,91.444,91.444,0,0,91.156,0.576,-1.316,-0.845,-0.893,22.0,-1.316,-0.845,-0.893,22.0,-0.471,H,#A5AFB9,13,2.0,0,0,0.238,0,0,0,0,0.0,15
1,2023,2023221,27,Haas F1 Team,25,HUL,Nico Hulkenberg,27,#505050,27.0,1295,92.085,91.512,1,0,91.478,0.641,-1.926,-1.394,-1.229,22.0,-1.353,-0.821,-0.943,22.0,-0.532,H,#A5AFB9,14,2.0,0,0,0.238,0,0,0,0,-1.0,16
1,2023,2023221,27,Haas F1 Team,25,HUL,Nico Hulkenberg,27,#505050,28.0,1296,91.58,91.58,0,0,91.546,0.505,-1.341,-0.871,-0.905,22.0,-1.341,-0.871,-0.905,22.0,-0.47,H,#A5AFB9,15,2.0,0,0,0.238,0,0,0,0,0.0,16
1,2023,2023221,27,Haas F1 Team,25,HUL,Nico Hulkenberg,27,#505050,29.0,1297,91.768,91.768,0,0,91.674,0.188,-1.661,-1.140,-1.091,22.0,-1.661,-1.140,-1.091,22.0,-0.521,H,#A5AFB9,16,2.0,0,0,0.238,0,0,0,0,0.0,15
1,2023,2023221,27,Haas F1 Team,25,HUL,Nico Hulkenberg,27,#505050,30.0,1298,90.667,90.667,0,0,91.218,1.101,-0.594,-0.551,-0.319,22.0,-0.594,-0.551,-0.319,22.0,-0.043,H,#A5AFB9,17,2.0,0,0,0.238,0,0,0,0,0.0,15
1,2023,2023221,27,Haas F1 Team,25,HUL,Nico Hulkenberg,27,#505050,31.0,1299,90.593,90.593,0,0,90.63,0.074,-0.51,0.038,-0.529,25.0,-0.510,0.038,-0.529,25.0,-0.548,H,#A5AFB9,18,2.0,0,0,0.238,0,0,0,0,0.0,15
1,2023,2023221,27,Haas F1 Team,25,HUL,Nico Hulkenberg,27,#505050,32.0,1300,90.845,90.845,0,0,90.719,0.252,-0.825,-0.161,-0.744,22.0,-0.825,-0.161,-0.744,22.0,-0.664,H,#A5AFB9,19,2.0,0,0,0.238,0,0,0,0,0.0,14
1,2023,2023221,27,Haas F1 Team,25,HUL,Nico Hulkenberg,27,#505050,33.0,1301,-,-,0,1,-,-,-,-,-,-,-,-,-,-,-0.479,H,#A5AFB9,20,2.0,1,0,0.238,0,0,0,0,0.0,14
1,2023,2023221,27,Haas F1 Team,25,HUL,Nico Hulkenberg,27,#505050,34.0,1302,-,-,0,1,-,-,-,-,-,-,-,-,-,-,-0.549,H,#A5AFB9,1,3.0,0,0,0.122,0,0,0,0,0.0,18
1,2023,2023221,27,Haas F1 Team,25,HUL,Nico Hulkenberg,27,#505050,35.0,1303,90.498,90.498,0,0,-,-,-0.629,-0.085,-0.587,22.0,-0.629,-0.085,-0.587,22.0,-0.544,H,#A5AFB9,2,3.0,0,0,0.122,0,0,0,0,0.0,18
1,2023,2023221,27,Haas F1 Team,25,HUL,Nico Hulkenberg,27,#505050,36.0,1304,89.691,89.691,0,0,90.095,0.807,0.19,0.983,-0.301,25.0,0.190,0.983,-0.301,25.0,-0.793,H,#A5AFB9,3,3.0,0,0,0.122,0,0,0,0,0.0,18
1,2023,2023221,27,Haas F1 Team,25,HUL,Nico Hulkenberg,27,#505050,37.0,1305,89.747,89.747,0,0,89.719,0.056,0.126,0.598,-0.173,25.0,0.126,0.598,-0.173,25.0,-0.472,H,#A5AFB9,4,3.0,0,0,0.122,0,0,0,0,0.0,18
1,2023,2023221,27,Haas F1 Team,25,HUL,Nico Hulkenberg,27,#505050,38.0,1306,89.462,89.462,0,0,89.604,0.285,0.272,0.914,-0.185,25.0,0.272,0.914,-0.185,25.0,-0.642,H,#A5AFB9,5,3.0,0,0,0.122,0,0,0,0,0.0,17
1,2023,2023221,27,Haas F1 Team,25,HUL,Nico Hulkenberg,27,#505050,39.0,1307,90.091,90.091,0,0,89.776,0.629,-0.405,0.334,-0.572,25.0,-0.405,0.334,-0.572,25.0,-0.739,H,#A5AFB9,6,3.0,0,0,0.122,0,0,0,0,0.0,17
1,2023,2023221,27,Haas F1 Team,25,HUL,Nico Hulkenberg,27,#505050,40.0,1308,90.121,90.121,0,0,90.106,0.030,-0.581,1.316,-1.239,25.0,-0.581,0.331,-0.746,25.0,-1.897,H,#A5AFB9,7,3.0,0,0,0.122,0,0,0,0,0.0,17
1,2023,2023221,27,Haas F1 Team,25,HUL,Nico Hulkenberg,27,#505050,41.0,1309,89.893,89.893,0,0,90.007,0.228,-0.489,0.587,-0.782,25.0,-0.489,0.587,-0.782,25.0,-1.076,H,#A5AFB9,8,3.0,0,0,0.122,0,0,0,0,0.0,17
1,2023,2023221,27,Haas F1 Team,25,HUL,Nico Hulkenberg,27,#505050,42.0,1310,89.396,89.396,0,0,89.644,0.497,-0.147,0.960,-0.627,25.0,-0.147,0.960,-0.627,25.0,-1.107,H,#A5AFB9,9,3.0,0,0,0.122,0,0,0,0,0.0,16
1,2023,2023221,27,Haas F1 Team,25,HUL,Nico Hulkenberg,27,#505050,43.0,1311,89.485,89.485,0,0,89.44,0.089,-0.32,0.572,-0.606,25.0,-0.320,0.572,-0.606,25.0,-0.892,H,#A5AFB9,10,3.0,0,0,0.122,0,0,0,0,0.0,16
1,2023,2023221,27,Haas F1 Team,25,HUL,Nico Hulkenberg,27,#505050,44.0,1312,89.542,89.542,0,0,89.514,0.057,-0.485,0.542,-0.756,25.0,-0.485,0.542,-0.756,25.0,-1.027,H,#A5AFB9,11,3.0,0,0,0.122,0,0,0,0,0.0,15
1,2023,2023221,27,Haas F1 Team,25,HUL,Nico Hulkenberg,27,#505050,45.0,1313,89.5,89.5,0,0,89.521,0.042,-0.652,0.610,-0.957,25.0,-0.652,0.610,-0.957,25.0,-1.262,H,#A5AFB9,12,3.0,0,0,0.122,0,0,0,0,0.0,15
1,2023,2023221,27,Haas F1 Team,25,HUL,Nico Hulkenberg,27,#505050,46.0,1314,89.456,89.456,0,0,89.478,0.044,-0.445,0.478,-0.684,25.0,-0.445,0.478,-0.684,25.0,-0.923,H,#A5AFB9,13,3.0,0,1,0.122,0,0,0,0,0.0,15
1,2023,2023221,27,Haas F1 Team,25,HUL,Nico Hulkenberg,27,#505050,47.0,1315,90.035,90.035,0,0,89.746,0.579,-0.865,1.888,-1.809,25.0,-0.865,0.260,-0.995,25.0,-2.753,H,#A5AFB9,14,3.0,0,0,0.122,0,0,0,0,0.0,15
1,2023,2023221,27,Haas F1 Team,25,HUL,Nico Hulkenberg,27,#505050,48.0,1316,90.121,90.121,0,0,90.078,0.086,-0.919,0.537,-1.188,25.0,-0.919,0.537,-1.188,25.0,-1.456,H,#A5AFB9,15,3.0,0,0,0.122,0,0,0,0,0.0,15
1,2023,2023221,27,Haas F1 Team,25,HUL,Nico Hulkenberg,27,#505050,49.0,1317,90.705,90.16,1,0,90.141,0.584,-1.528,-0.152,-1.452,22.0,-0.983,0.393,-1.179,25.0,-1.376,H,#A5AFB9,16,3.0,0,0,0.122,0,0,0,0,-1.0,16
1,2023,2023221,27,Haas F1 Team,25,HUL,Nico Hulkenberg,27,#505050,50.0,1318,90.2,90.2,0,0,90.18,0.505,-1.038,0.309,-1.192,25.0,-1.038,0.309,-1.192,25.0,-1.347,H,#A5AFB9,17,3.0,0,0,0.122,0,0,0,0,0.0,16
1,2023,2023221,27,Haas F1 Team,25,HUL,Nico Hulkenberg,27,#505050,51.0,1319,90.079,90.079,0,0,90.14,0.121,-0.938,0.353,-1.115,25.0,-0.938,0.353,-1.115,25.0,-1.291,H,#A5AFB9,18,3.0,0,0,0.122,0,0,0,0,0.0,16
1,2023,2023221,27,Haas F1 Team,25,HUL,Nico Hulkenberg,27,#505050,52.0,1320,90.105,90.105,0,0,90.092,0.026,-1.013,1.392,-1.709,25.0,-1.013,0.334,-1.180,25.0,-2.405,H,#A5AFB9,19,3.0,0,0,0.122,0,0,0,0,0.0,16
1,2023,2023221,27,Haas F1 Team,25,HUL,Nico Hulkenberg,27,#505050,53.0,1321,90.09,90.09,0,0,90.098,0.015,-0.952,0.355,-1.129,25.0,-0.952,0.355,-1.129,25.0,-1.307,H,#A5AFB9,20,3.0,0,0,0.122,0,0,0,0,0.0,16
1,2023,2023221,27,Haas F1 Team,25,HUL,Nico Hulkenberg,27,#505050,54.0,1322,89.667,89.667,0,0,89.878,0.423,-0.513,0.540,-0.783,25.0,-0.513,0.540,-0.783,25.0,-1.053,H,#A5AFB9,21,3.0,0,0,0.122,0,0,0,0,0.0,16
1,2023,2023221,27,Haas F1 Team,25,HUL,Nico Hulkenberg,27,#505050,55.0,1323,89.576,89.576,0,0,89.622,0.091,-0.404,0.676,-0.742,25.0,-0.404,0.676,-0.742,25.0,-1.08,H,#A5AFB9,22,3.0,0,0,0.122,0,0,0,0,0.0,16
1,2023,2023221,27,Haas F1 Team,25,HUL,Nico Hulkenberg,27,#505050,56.0,1324,89.507,89.507,0,0,89.542,0.069,-0.336,0.922,-0.797,25.0,-0.336,0.922,-0.797,25.0,-1.258,H,#A5AFB9,23,3.0,0,0,0.122,0,0,0,0,0.0,16
1,2023,2023221,27,Haas F1 Team,25,HUL,Nico Hulkenberg,27,#505050,57.0,1325,89.437,89.437,0,0,89.472,0.070,-0.076,1.819,-0.986,25.0,-0.076,1.819,-0.986,25.0,-1.895,H,#A5AFB9,24,3.0,0,0,0.122,0,0,0,0,0.0,16
1,2023,2023221,27,Haas F1 Team,25,HUL,Nico Hulkenberg,27,#505050,58.0,1326,89.217,89.217,0,0,89.327,0.220,0.201,-,-,-,0.201,-,-,-,,H,#A5AFB9,25,3.0,0,0,0.122,0,0,0,0,0.0,15
