SeasonID,RaceID,SprintIndex,EventIndex,FullName,Team,Q,G,P,PLabel,POrder,Time,PointsOfficial,Number,Abbreviation,DriverID,TeamID,Color,DriverIDT,NationID,EngineID,QPart,QNorm,QTDiscr,QTDiscrClear,QTNorm,GLabel,NotStarted,PitLaneStart,GRow,GOrder,Retired,Disqualified,PTeammate,PTeammateClear,DistanceLaps,DistancePerc,Overtakes,OvertakesGain,OvertakesLost,OvertakesTotal,PFirstLap,Start,StartGain,StartLost,StartTotal,LaptimeSeriesActual,Pace,PaceSec,Consistency,ConsistencyClear,ConsistencyMistakesDiff,RankConsistency,PointsConsistency,RankPace,PointsPace,RankStart,PointsStart,RankOvertakes,PointsOvertakes,RankPoints,PointsClassified,RankStartChart,RankTiming,PointsTiming,RankActions,PointsActions,MistakesCount,MistakesCountPerLap,MistakesLosses,MistakesLossesPerLap,ConsistencyNormalized,StartNormalized,PaceNormalized,OvertakesNormalized,MistakesLossesPerLapNormalized,ConsistencyNormalizedRaceMean,PaceNormalizedRaceMean,StartNormalizedRaceMean,OvertakesNormalizedRaceMean,ConsistencyTeammateDiscrete,ConsistencyTeammateNormalized,PaceTeammateDiscrete,PaceTeammateNormalized,StartTeammateDiscrete,StartTeammateNormalized,OvertakesTeammateDiscrete,OvertakesTeammateNormalized,RankMistakes,MistakesTeammateDiscrete,MistakesTeammateNormalized,TeamPointsOfficial,EnginePointsOfficial,NationPointsOfficial,Card,CardMultiple,CardPoints,CardConsistency,CardPace,CardStart,CardOvertakes,CardsEvent,FastestLap,Win,Second,Third,Podium,QWin,QSecond,QThird,QPodium,LapsLeading,LevelNormalized,Points,EventID,EventNumber,EventAbbreviation,TeammateAbb,Teammate,NationCode,NationNameEng,NationNameRus,NationColor,Engine,EngineColor,OvertakesGainPercent,OvertakesLostPercent,StartGainPercent,StartLostPercent,PointsOfficialCumSum,PointsOfficialCumSumAllTeams,PInterpolated,GInterpolated,RankPointsInterpolated,RankTimingInterpolated,RankConsistencyInterpolated,RankPaceInterpolated,RankActionsInterpolated,RankOvertakesInterpolated,RankStartInterpolated,PointsInterpolated,RankPointsStr
2023,2023011,2,0,Max Verstappen,Red Bull Racing,1.0,1,1,1,1,1:33:56.736,25,1,VER,2,14,#405585,2-14,16,2,1.0,10.0,1.0,1.0,0.5120327700972862,1,0,0,1.0,1.0,0,0,1.0,1.0,57.0,100,0,0.0,0.0,0.0,1.0,0,0.0,0.0,0.0,1.0,97.455,01:37.455,0.115,0.073,0.042,2,3.90,1,2.00,9,1.60,9,1.60,1,1.0,8,1,5.90,6,3.20,5,0.087719298245614,2.018,0.0354035087719303,9.26,5.50,10.00,6.14,8.31,7.20,4.97,5.50,6.14,1.0,0.5588412794206397,1.0,0.526592943654555,1.0,0.5566801619433199,0.0,0.4524686809137803,5.0,1.0,0.6164688427299704,43.0,43.0,25.0,1.0,1,1.0,0.0,1.0,0.0,0.0,2.0,0.0,1.0,0.0,0.0,1.0,1.0,0.0,0.0,1.0,54.0,8.113333333333333,9.10,7,1,BAH,PER,Sergio Perez,NLD,Netherlands,Нидерланды,#F75600,Honda,#DE0000,0.0,0.0,0.0,0.0,25.0,25.0,1,1,1,1.0,2,1,6.0,9,9,9.10,
2023,2023011,2,0,Alexander Albon,Williams,15.0,15,10,10,10,+1:29.774,1,23,ALB,24,18,#0B4BCD,24-18,20,1,1.0,3.37,1.0,1.0,0.5383386581469649,15,0,0,8.0,15.0,0,0,1.0,1.0,57.0,100,0,1.0,1.0,2.0,12.0,3,3.0,0.0,3.0,1.0,98.672,01:38.672,0.099,0.072,0.027,1,4.00,12,1.45,2,1.95,11,1.50,2,1.0,2,3,5.45,2,3.45,8,0.1403508771929824,1.470,0.025789473684211,10.00,8.88,4.36,6.14,10.0,7.20,4.97,5.50,6.14,1.0,0.5730659025787966,1.0,0.5561224489795918,1.0,0.5,0.0,0.4134680134680134,1.0,1.0,0.573394495412844,1.0,40.0,1.0,1.0,0,0.0,1.0,0.0,0.0,0.0,1.0,0.0,0.0,0.0,0.0,0.0,0.0,0.0,0.0,0.0,0.0,9.17,8.90,7,1,BAH,SAR,Logan Sargeant,THA,Thailand,Таиланд,#2E2549,Mercedes,#707070,50.0,50.0,100.0,0.0,1.0,1.0,10,15,2,3.0,1,12,2.0,11,2,8.90,
2023,2023011,2,0,Pierre Gasly,Alpine,20.0,20,9,9,9,+1:13.753,2,10,GAS,17,3,#0E8EDD,17-3,9,4,1.0,1.0,0.0,0.0,0.1386962552011095,20,0,0,10.0,20.0,0,0,1.0,,57.0,100,2,2.0,0.0,2.0,19.0,1,1.0,0.0,1.0,1.0,98.265,01:38.265,0.125,0.085,0.0399999999999999,5,3.60,4,1.85,8,1.65,5,1.80,3,1.0,7,2,5.45,3,3.45,6,0.1052631578947368,1.997,0.0350350877192994,8.79,6.62,6.25,8.71,8.37,7.20,4.97,5.50,6.14,1.0,0.5707792207792208,1.0,0.8033419023136247,1.0,0.6707193515704153,1.0,0.5865319865319866,4.0,1.0,0.6888888888888889,2.0,2.0,2.0,0.0,0,0.0,0.0,0.0,0.0,0.0,0.0,0.0,0.0,0.0,0.0,0.0,0.0,0.0,0.0,0.0,0.0,8.415,8.90,7,1,BAH,OCO,Esteban Ocon,FRA,France,Франция,#004CA2,Renault,#FAEF00,100.0,0.0,100.0,0.0,2.0,2.0,9,20,3,2.0,5,4,3.0,5,8,8.90,
2023,2023011,2,0,Yuki Tsunoda,Alpha Tauri,14.0,14,11,11,11,+1:30.870,0,22,TSU,9,2,#5F86E1,9-2,13,2,1.0,3.84,1.0,1.0,0.7231638418079096,14,0,0,7.0,14.0,0,0,1.0,1.0,57.0,100,3,3.0,0.0,3.0,15.0,-1,1.0,2.0,3.0,1.0,98.607,01:38.607,0.116,0.064,0.052,3,3.80,11,1.50,14,1.35,2,1.95,4,1.0,13,5,5.30,5,3.30,6,0.1052631578947368,2.423,0.0425087719298245,9.21,4.38,4.66,10.00,7.05,7.20,4.97,5.50,6.14,1.0,0.6144096064042694,1.0,0.823321554770318,1.0,0.5,1.0,0.9090909090909092,7.0,1.0,0.6701520912547528,0.0,43.0,0.0,0.0,0,0.0,0.0,0.0,0.0,0.0,0.0,0.0,0.0,0.0,0.0,0.0,0.0,0.0,0.0,0.0,0.0,8.536666666666667,8.60,7,1,BAH,DEV,Nyck De Vries,JPN,Japan,Япония,#C60018,Honda,#DE0000,100.0,0.0,33.0,67.0,0.0,0.0,11,14,4,5.0,3,11,5.0,2,14,8.60,
2023,2023011,2,0,George Russell,Mercedes,6.0,6,7,7,7,+55.873,6,63,RUS,14,10,#08ABA3,14-10,10,1,1.0,7.63,1.0,1.0,0.5158891142663963,6,0,0,3.0,6.0,0,0,0.0,0.0,57.0,100,1,1.0,0.0,1.0,6.0,0,1.0,1.0,2.0,1.0,98.373,01:38.373,0.118,0.088,0.03,4,3.70,8,1.65,11,1.50,7,1.70,5,1.0,10,4,5.35,10,3.20,5,0.087719298245614,1.513,0.0265438596491233,9.12,5.50,5.75,7.43,9.87,7.20,4.97,5.50,6.14,1.0,0.51035254616676,0.0,0.4918733960650128,0.0,0.4150943396226415,1.0,0.6045565500406835,2.0,1.0,0.6062653562653562,16.0,40.0,16.0,0.0,0,0.0,0.0,0.0,0.0,0.0,0.0,0.0,0.0,0.0,0.0,0.0,0.0,0.0,0.0,0.0,0.0,8.235,8.55,7,1,BAH,HAM,Lewis Hamilton,GBR,Great Britain,Великобритания,#314486,Mercedes,#707070,100.0,0.0,50.0,50.0,6.0,6.0,7,6,5,4.0,4,8,10.0,7,11,8.55,
2023,2023011,2,0,Lewis Hamilton,Mercedes,7.0,7,5,5,5,+50.977,10,44,HAM,1,10,#08ABA3,1-10,10,1,1.0,7.16,0.0,0.0,0.4841108857336038,7,0,0,4.0,7.0,0,0,1.0,1.0,57.0,100,-1,0.0,1.0,1.0,5.0,2,2.0,0.0,2.0,1.0,98.331,01:38.331,0.126,0.079,0.047,6,3.50,6,1.75,4,1.85,14,1.35,6,1.0,4,6,5.25,11,3.20,4,0.0701754385964912,2.633,0.046192982456141,8.75,7.75,5.94,4.86,6.41,7.20,4.97,5.50,6.14,0.0,0.4896474538332401,1.0,0.5081266039349871,1.0,0.5849056603773585,0.0,0.3954434499593166,9.0,0.0,0.3937346437346437,16.0,40.0,16.0,0.0,0,0.0,0.0,0.0,0.0,0.0,0.0,0.0,0.0,0.0,0.0,0.0,0.0,0.0,0.0,0.0,0.0,7.935,8.45,7,1,BAH,RUS,George Russell,GBR,Great Britain,Великобритания,#314486,Mercedes,#707070,0.0,100.0,100.0,0.0,10.0,10.0,5,7,6,6.0,6,6,11.0,14,4,8.45,
2023,2023011,2,0,Sergio Perez,Red Bull Racing,2.0,2,2,2,2,+11.987,18,11,PER,5,14,#405585,5-14,14,2,1.0,9.53,0.0,0.0,0.4879672299027137,2,0,0,1.0,2.0,0,0,0.0,0.0,57.0,100,1,1.0,0.0,1.0,3.0,-1,0.0,1.0,1.0,1.0,97.673,01:37.673,0.157,0.096,0.061,10,3.10,2,1.95,12,1.45,6,1.75,7,1.0,11,8,5.05,7,3.20,6,0.1052631578947368,3.032,0.053192982456141,7.31,4.38,8.99,7.43,5.17,7.20,4.97,5.50,6.14,0.0,0.4411587205793603,0.0,0.4734070563454449,0.0,0.4433198380566802,1.0,0.5475313190862195,10.0,0.0,0.3835311572700297,43.0,43.0,18.0,0.0,0,0.0,0.0,0.0,0.0,0.0,0.0,0.0,0.0,1.0,0.0,1.0,0.0,1.0,0.0,1.0,3.0,6.841666666666668,8.25,7,1,BAH,VER,Max Verstappen,MEX,Mexico,Мексика,#006640,Honda,#DE0000,100.0,0.0,0.0,100.0,18.0,18.0,2,2,7,8.0,10,2,7.0,6,12,8.25,
2023,2023011,2,0,Logan Sargeant,Williams,16.0,16,12,12,12,+1 Lap,0,2,SAR,27,18,#0B4BCD,27-18,21,1,1.0,2.89,0.0,0.0,0.4616613418530352,16,0,0,8.0,16.0,0,0,0.0,0.0,56.0,98,2,2.0,0.0,2.0,13.0,3,3.0,0.0,3.0,1.0,98.861,01:38.861,0.154,0.111,0.043,9,3.20,15,1.30,3,1.90,4,1.85,8,1.0,3,10,4.50,1,3.75,6,0.1071428571428571,2.258,0.0403214285714272,7.45,8.88,3.48,8.71,7.44,7.20,4.97,5.50,6.14,0.0,0.4269340974212035,0.0,0.4438775510204081,0.0,0.5,1.0,0.5865319865319866,6.0,0.0,0.4266055045871559,1.0,40.0,0.0,0.0,0,0.0,0.0,0.0,0.0,0.0,0.0,0.0,0.0,0.0,0.0,0.0,0.0,0.0,0.0,0.0,0.0,7.898333333333334,8.25,7,1,BAH,ALB,Alexander Albon,USA,USA,США,#071C63,Mercedes,#707070,100.0,0.0,100.0,0.0,0.0,0.0,12,16,8,10.0,9,15,1.0,4,3,8.25,
2023,2023011,2,0,Charles Leclerc,Ferrari,3.0,3,-,DNF,19,-,0,16,LEC,6,5,#E01A00,6-5,15,3,1.0,9.05,1.0,1.0,0.5133295519001702,3,0,0,2.0,3.0,1,0,0.0,,39.0,68,-1,0.0,1.0,1.0,2.0,1,1.0,0.0,1.0,1.0,98.348,01:38.348,0.141,0.101,0.0399999999999999,8,3.30,7,1.70,6,1.75,12,1.45,9,1.0,5,9,5.00,8,3.20,2,0.0512820512820512,1.248,0.0320000000000004,8.05,6.62,5.86,4.86,8.91,7.20,4.97,5.50,6.14,0.0,0.5,0.0,0.4932659932659933,1.0,0.5462046204620462,1.0,0.5,3.0,1.0,0.7864077669902912,12.0,16.0,0.0,0.0,0,0.0,0.0,0.0,0.0,0.0,0.0,0.0,0.0,0.0,0.0,0.0,0.0,0.0,1.0,1.0,0.0,7.28,8.20,7,1,BAH,SAI,Carlos Sainz,MON,Monaco,Монако,#D80000,Ferrari,#DC0004,0.0,100.0,100.0,0.0,0.0,0.0,7,3,9,9.0,8,7,8.0,12,6,8.20,
2023,2023011,2,0,Carlos Sainz,Ferrari,4.0,4,4,4,4,+48.052,12,55,SAI,8,5,#E01A00,8-5,7,3,1.0,8.58,0.0,0.0,0.4866704480998298,4,0,0,2.0,4.0,0,0,1.0,,57.0,100,-1,0.0,1.0,1.0,4.0,0,0.0,0.0,0.0,1.0,98.314,01:38.314,0.141,0.063,0.0779999999999999,7,3.40,5,1.80,10,1.55,13,1.40,10,1.0,9,7,5.20,14,2.95,8,0.1403508771929824,3.921,0.0687894736842093,8.05,5.50,6.02,4.86,2.42,7.20,4.97,5.50,6.14,1.0,0.5,1.0,0.5067340067340067,0.0,0.4537953795379537,0.0,0.5,18.0,0.0,0.2135922330097087,12.0,16.0,27.0,0.0,0,0.0,0.0,0.0,0.0,0.0,0.0,0.0,0.0,0.0,0.0,0.0,0.0,0.0,0.0,0.0,0.0,7.093333333333334,8.15,7,1,BAH,LEC,Charles Leclerc,ESP,Spain,Испания,#F7B800,Ferrari,#DC0004,0.0,100.0,0.0,0.0,12.0,12.0,4,4,10,7.0,7,5,14.0,13,10,8.15,
2023,2023011,2,0,Fernando Alonso,Aston Martin,5.0,5,3,3,3,+38.637,15,14,ALO,19,4,#23675D,19-4,7,1,1.0,8.11,1.0,1.0,0.5483434753211629,5,0,0,3.0,5.0,0,0,1.0,1.0,57.0,100,3,3.0,0.0,3.0,7.0,-2,0.0,2.0,2.0,1.0,98.112,01:38.112,0.184,0.108,0.076,15,2.60,3,1.90,17,1.20,1,2.00,11,1.0,16,11,4.50,9,3.20,8,0.1403508771929824,3.685,0.0646491228070185,6.06,3.25,6.96,10.00,3.15,7.20,4.97,5.50,6.14,0.0,0.4851881505204163,1.0,0.5497630331753555,0.0,0.4259501965923984,1.0,0.5344735435595938,17.0,0.0,0.4545454545454545,23.0,40.0,27.0,1.0,0,0.0,0.0,0.0,0.0,1.0,1.0,0.0,0.0,0.0,1.0,1.0,0.0,0.0,0.0,0.0,0.0,6.248333333333332,7.70,7,1,BAH,STR,Lance Stroll,ESP,Spain,Испания,#F7B800,Mercedes,#707070,100.0,0.0,0.0,100.0,15.0,15.0,3,5,11,11.0,15,3,9.0,1,17,7.70,
2023,2023011,2,0,Lance Stroll,Aston Martin,8.0,8,6,6,6,+54.502,8,18,STR,10,4,#23675D,10-4,4,1,1.0,6.68,0.0,0.0,0.451656524678837,8,0,0,4.0,8.0,0,0,0.0,0.0,57.0,100,2,2.0,0.0,2.0,9.0,-1,0.0,1.0,1.0,1.0,98.382,01:38.382,0.176,0.111,0.0649999999999999,14,2.70,9,1.60,13,1.40,3,1.90,12,1.0,12,13,4.30,4,3.30,8,0.1403508771929824,3.484,0.0611228070175445,6.43,4.38,5.70,8.71,3.78,7.20,4.97,5.50,6.14,1.0,0.5148118494795837,0.0,0.4502369668246445,1.0,0.5740498034076016,0.0,0.4655264564404062,13.0,1.0,0.5454545454545454,23.0,40.0,8.0,0.0,0,0.0,0.0,0.0,0.0,0.0,0.0,0.0,0.0,0.0,0.0,0.0,0.0,0.0,0.0,0.0,0.0,6.468333333333334,7.60,7,1,BAH,ALO,Fernando Alonso,CAN,Canada,Канада,#E30000,Mercedes,#707070,100.0,0.0,0.0,100.0,8.0,8.0,6,8,12,13.0,14,9,4.0,3,13,7.60,
2023,2023011,2,0,Valtteri Bottas,Alfa Romeo,12.0,12,8,8,8,+1:12.647,4,77,BOT,3,1,#752020,3-1,8,3,1.0,4.79,1.0,1.0,0.5257958287596048,12,0,0,6.0,12.0,0,0,1.0,1.0,57.0,100,-3,1.0,4.0,5.0,8.0,4,4.0,0.0,4.0,1.0,98.69,01:38.690,0.160,0.097,0.063,11,3.00,13,1.40,1,2.00,18,1.15,13,1.0,1,12,4.40,12,3.15,8,0.1403508771929824,3.283,0.0575964912280704,7.17,10.00,4.28,2.29,4.4,7.20,4.97,5.50,6.14,1.0,0.5114122681883024,1.0,0.6948051948051949,1.0,0.9090909090909092,0.0,0.23559670781893,11.0,0.0,0.4070305272895467,4.0,16.0,4.0,1.0,0,0.0,0.0,0.0,1.0,0.0,1.0,0.0,0.0,0.0,0.0,0.0,0.0,0.0,0.0,0.0,0.0,6.828333333333333,7.55,7,1,BAH,ZHO,Guanyu Zhou,FIN,Finland,Финляндия,#04276B,Ferrari,#DC0004,20.0,80.0,100.0,0.0,4.0,4.0,8,12,13,12.0,11,13,12.0,18,1,7.55,
2023,2023011,2,0,Guanyu Zhou,Alfa Romeo,13.0,13,16,16,16,+1 Lap,0,24,ZHO,23,1,#752020,23-1,5,3,1.0,4.32,0.0,0.0,0.4742041712403952,13,0,0,7.0,13.0,0,0,0.0,0.0,56.0,98,1,3.0,2.0,5.0,17.0,-4,0.0,4.0,4.0,1.0,99.207,01:39.207,0.167,0.109,0.058,12,2.90,17,1.20,20,1.05,8,1.65,14,1.0,19,14,4.10,16,2.70,3,0.0535714285714285,2.584,0.0461428571428572,6.85,1.00,1.88,7.43,6.41,7.20,4.97,5.50,6.14,0.0,0.4885877318116975,0.0,0.3051948051948052,0.0,0.0909090909090909,1.0,0.7644032921810701,8.0,1.0,0.5929694727104533,4.0,16.0,0.0,0.0,0,0.0,0.0,0.0,0.0,0.0,0.0,1.0,0.0,0.0,0.0,0.0,0.0,0.0,0.0,0.0,0.0,5.971666666666667,6.80,7,1,BAH,BOT,Valtteri Bottas,CHN,China,Китай,#F70000,Ferrari,#DC0004,60.0,40.0,0.0,100.0,0.0,0.0,16,13,14,14.0,12,17,16.0,8,20,6.80,
2023,2023011,2,0,Lando Norris,McLaren,11.0,11,17,17,17,+2 Laps,0,4,NOR,4,9,#EE853F,4-9,10,1,1.0,5.26,1.0,1.0,0.7295423023578363,11,0,0,6.0,11.0,0,0,1.0,,55.0,96,-1,1.0,2.0,3.0,10.0,1,2.0,1.0,3.0,1.0,98.415,01:38.415,0.293,0.217,0.0759999999999999,19,2.20,10,1.55,7,1.70,15,1.30,15,1.0,6,16,3.75,13,3.00,6,0.109090909090909,3.424,0.062254545454545,1.00,6.62,5.55,4.86,3.58,7.20,4.97,5.50,6.14,,,,,,,,,15.0,1.0,1.0,0.0,40.0,16.0,0.0,0,0.0,0.0,0.0,0.0,0.0,0.0,0.0,0.0,0.0,0.0,0.0,0.0,0.0,0.0,0.0,0.0,2.58,6.75,7,1,BAH,PIA,Oscar Piastri,GBR,Great Britain,Великобритания,#314486,Mercedes,#707070,33.0,67.0,67.0,33.0,0.0,0.0,17,11,15,16.0,19,10,13.0,15,7,6.75,
2023,2023011,2,0,Esteban Ocon,Alpine,9.0,9,-,DNF,18,-,0,31,OCO,13,3,#0E8EDD,13-3,9,4,1.0,6.21,1.0,1.0,0.8613037447988904,9,0,0,5.0,9.0,1,0,0.0,,41.0,72,0,1.0,1.0,2.0,11.0,-2,0.0,2.0,2.0,1.0,99.282,01:39.282,0.172,0.085,0.0869999999999999,13,2.80,18,1.15,18,1.15,10,1.55,16,1.0,17,15,3.95,15,2.70,4,0.0975609756097561,2.505,0.061097560975611,6.61,3.25,1.53,6.14,3.78,7.20,4.97,5.50,6.14,0.0,0.4292207792207793,0.0,0.1966580976863753,0.0,0.3292806484295845,0.0,0.4134680134680134,12.0,0.0,0.3111111111111111,2.0,2.0,2.0,0.0,0,0.0,0.0,0.0,0.0,0.0,0.0,0.0,0.0,0.0,0.0,0.0,0.0,0.0,0.0,0.0,0.0,5.971666666666667,6.65,7,1,BAH,GAS,Pierre Gasly,FRA,France,Франция,#004CA2,Renault,#FAEF00,50.0,50.0,0.0,100.0,0.0,0.0,8,9,16,15.0,13,18,15.0,10,18,6.65,
2023,2023011,2,0,Nico Hulkenberg,Haas F1 Team,10.0,10,15,15,15,+1 Lap,0,27,HUL,25,7,#505050,25-7,11,3,1.0,5.74,1.0,1.0,0.7034313725490197,10,0,0,5.0,10.0,0,0,0.0,0.0,56.0,98,-2,0.0,2.0,2.0,14.0,-4,0.0,4.0,4.0,1.0,98.839,01:38.839,0.196,0.108,0.088,17,2.40,14,1.35,19,1.10,16,1.25,17,1.0,18,17,3.75,18,2.35,5,0.0892857142857142,4.305,0.0768750000000001,5.50,1.00,3.59,3.57,1.0,7.20,4.97,5.50,6.14,1.0,0.5064456721915286,1.0,0.5753205128205128,0.0,0.1858736059479554,1.0,0.5,19.0,0.0,0.2127659574468085,0.0,16.0,0.0,0.0,0,0.0,0.0,0.0,0.0,0.0,0.0,0.0,0.0,0.0,0.0,0.0,0.0,0.0,0.0,0.0,0.0,4.428333333333334,6.10,7,1,BAH,MAG,Kevin Magnussen,GER,Germany,Германия,#000000,Ferrari,#DC0004,0.0,100.0,0.0,100.0,0.0,0.0,15,10,17,17.0,17,14,18.0,16,19,6.10,
2023,2023011,2,0,Kevin Magnussen,Haas F1 Team,17.0,17,13,13,13,+1 Lap,0,20,MAG,22,7,#505050,22-7,6,3,1.0,2.42,0.0,0.0,0.2965686274509804,17,0,0,9.0,17.0,0,0,1.0,1.0,56.0,98,-2,1.0,3.0,4.0,18.0,-1,0.0,1.0,1.0,1.0,99.04,01:39.040,0.199,0.132,0.067,18,2.30,16,1.25,15,1.30,17,1.20,18,1.0,14,19,3.55,17,2.50,6,0.1071428571428571,3.446,0.0615357142857147,5.36,4.38,2.65,3.57,3.7,7.20,4.97,5.50,6.14,0.0,0.4935543278084715,0.0,0.4246794871794871,1.0,0.8141263940520446,0.0,0.5,14.0,1.0,0.7872340425531915,0.0,16.0,0.0,0.0,0,0.0,0.0,0.0,0.0,0.0,0.0,0.0,0.0,0.0,0.0,0.0,0.0,0.0,0.0,0.0,0.0,4.898333333333333,6.05,7,1,BAH,HUL,Nico Hulkenberg,DEN,Denmark,Дания,#D20019,Ferrari,#DC0004,25.0,75.0,0.0,100.0,0.0,0.0,13,17,18,19.0,18,16,17.0,17,15,6.05,
2023,2023011,2,0,Nyck De Vries,Alpha Tauri,19.0,19,14,14,14,+1 Lap,0,21,DEV,26,2,#5F86E1,26-2,16,2,1.0,1.47,0.0,0.0,0.2768361581920904,19,0,0,10.0,19.0,0,0,0.0,0.0,56.0,98,-4,1.0,5.0,6.0,20.0,-1,0.0,1.0,1.0,1.0,99.397,01:39.397,0.190,0.111,0.079,16,2.50,19,1.10,16,1.25,19,1.10,19,1.0,15,18,3.60,19,2.35,4,0.0714285714285714,3.521,0.0628749999999992,5.78,4.38,1.00,1.00,3.47,7.20,4.97,5.50,6.14,0.0,0.3855903935957304,0.0,0.1766784452296819,0.0,0.5,0.0,0.0909090909090909,16.0,0.0,0.3298479087452471,0.0,43.0,25.0,0.0,0,0.0,0.0,0.0,0.0,0.0,0.0,0.0,0.0,0.0,0.0,0.0,0.0,0.0,0.0,0.0,0.0,4.75,5.95,7,1,BAH,TSU,Yuki Tsunoda,NLD,Netherlands,Нидерланды,#F75600,Honda,#DE0000,17.0,83.0,0.0,100.0,0.0,0.0,14,19,19,18.0,16,19,19.0,19,16,5.95,
2023,2023011,2,0,Oscar Piastri,McLaren,18.0,18,-,DNF,20,-,0,81,PIA,28,9,#EE853F,28-9,2,1,1.0,1.95,0.0,0.0,0.2704576976421636,18,0,0,9.0,18.0,1,0,0.0,,13.0,23,-,0.0,0.0,0.0,16.0,2,2.0,0.0,2.0,0.0,-,-,0.073,0.073,0.0,DNC,DNC,DNC,DNC,5,DNC,DNC,DNC,DNC,0.0,20,DNC,DNC,DNC,DNC,0,0.0,-,,-,7.75,-,-,,7.20,4.97,5.50,6.14,,,,,,,,,20.0,0.0,,0.0,40.0,0.0,0.0,0,0.0,0.0,0.0,0.0,0.0,0.0,0.0,0.0,0.0,0.0,0.0,0.0,0.0,0.0,0.0,0.0,,DNC,7,1,BAH,NOR,Lando Norris,AUS,Australia,Австралия,#F7C900,Mercedes,#707070,0.0,0.0,100.0,0.0,0.0,0.0,15,18,10,11.0,9,14,6.0,6,5,7.80,
2023,2023021,2,1,Fernando Alonso,Aston Martin,3.0,2,3,3,3,+20.728,15,14,ALO,19,4,#23675D,19-4,7,1,1.0,9.05,1.0,1.0,0.5425659472422063,2,0,0,1.0,2.0,0,0,1.0,,50.0,100,-2,0.0,2.0,2.0,1.0,1,1.0,0.0,1.0,1.0,93.956,01:33.956,0.115,0.075,0.04,1,4.00,3,1.90,2,1.95,17,1.20,1,1.0,2,1,5.90,8,3.15,2,0.04,1.876,0.0375199999999995,10.00,8.20,8.40,1.82,7.7,5.90,5.41,6.40,3.46,,,,,,,,,5.0,0.0,0.4974160206718346,15.0,37.0,23.0,1.0,1,1.0,1.0,0.0,0.0,0.0,2.0,0.0,0.0,0.0,1.0,1.0,0.0,0.0,1.0,1.0,3.0,8.336666666666666,9.05,32,2,SAU,STR,Lance Stroll,ESP,Spain,Испания,#F7B800,Mercedes,#707070,0.0,100.0,100.0,0.0,30.0,30.0,3,2,1,1.0,1,3,8.0,17,2,9.05,
2023,2023021,2,1,George Russell,Mercedes,4.0,3,4,4,4,+25.866,12,63,RUS,14,10,#08ABA3,14-10,10,1,1.0,8.58,1.0,1.0,0.562254259501966,3,0,0,2.0,3.0,0,0,1.0,1.0,50.0,100,-1,0.0,1.0,1.0,3.0,0,0.0,0.0,0.0,1.0,94.18,01:34.180,0.126,0.079,0.047,2,3.90,4,1.85,8,1.65,8,1.65,2,1.0,7,2,5.75,5,3.30,5,0.1,2.439,0.0487800000000004,9.37,6.40,7.78,2.64,6.52,5.90,5.41,6.40,3.46,1.0,0.5357347055460263,1.0,0.531784005468216,1.0,0.5,1.0,0.5,12.0,0.0,0.4815361890694239,22.0,37.0,22.0,0.0,0,0.0,0.0,0.0,0.0,0.0,0.0,0.0,0.0,0.0,0.0,0.0,0.0,0.0,0.0,0.0,0.0,7.753333333333333,9.05,32,2,SAU,HAM,Lewis Hamilton,GBR,Great Britain,Великобритания,#314486,Mercedes,#707070,0.0,100.0,0.0,0.0,18.0,18.0,4,3,2,2.0,2,4,5.0,8,8,9.05,
2023,2023021,2,1,Sergio Perez,Red Bull Racing,1.0,1,1,1,1,1:21:14.894,25,11,PER,5,14,#405585,5-14,14,2,1.0,10.0,1.0,1.0,0.7479431563201197,1,0,0,1.0,1.0,0,0,1.0,1.0,50.0,100,1,1.0,0.0,1.0,2.0,-1,0.0,1.0,1.0,1.0,93.379,01:33.379,0.141,0.084,0.0569999999999999,4,3.70,1,2.00,16,1.25,4,1.85,3,1.0,15,3,5.70,10,3.10,5,0.1,2.542,0.0508399999999994,8.52,4.60,10.00,4.27,6.3,5.90,5.41,6.40,3.46,1.0,0.5883977900552486,1.0,0.522466039707419,0.0,0.359375,0.0,0.2992291520672739,13.0,0.0,0.4646017699115045,44.0,44.0,25.0,1.0,0,0.0,0.0,1.0,0.0,0.0,1.0,0.0,1.0,0.0,0.0,1.0,1.0,0.0,0.0,1.0,47.0,7.158333333333332,8.80,32,2,SAU,VER,Max Verstappen,MEX,Mexico,Мексика,#006640,Honda,#DE0000,100.0,0.0,0.0,100.0,43.0,43.0,1,1,3,3.0,4,1,10.0,4,16,8.80,
2023,2023021,2,1,Max Verstappen,Red Bull Racing,15.0,15,2,2,2,+5.355,19,1,VER,2,14,#405585,2-14,16,2,1.0,3.37,0.0,0.0,0.2520568436798803,15,0,0,8.0,15.0,0,0,0.0,0.0,50.0,100,8,8.0,0.0,8.0,13.0,1,1.0,0.0,1.0,1.0,93.688,01:33.688,0.186,0.154,0.032,11,3.00,2,1.95,5,1.80,1,2.00,4,1.0,4,8,4.95,2,3.80,5,0.1,2.087,0.0417399999999997,5.96,8.20,9.14,10.00,7.26,5.90,5.41,6.40,3.46,0.0,0.4116022099447514,0.0,0.477533960292581,1.0,0.640625,1.0,0.700770847932726,8.0,1.0,0.5353982300884956,44.0,44.0,19.0,1.0,0,0.0,0.0,0.0,0.0,1.0,1.0,1.0,0.0,1.0,0.0,1.0,0.0,0.0,0.0,0.0,0.0,7.006666666666668,8.75,32,2,SAU,PER,Sergio Perez,NLD,Netherlands,Нидерланды,#F75600,Honda,#DE0000,100.0,0.0,100.0,0.0,44.0,44.0,2,15,4,8.0,11,2,2.0,1,5,8.75,
2023,2023021,2,1,Lewis Hamilton,Mercedes,8.0,7,5,5,5,+31.065,10,44,HAM,1,10,#08ABA3,1-10,10,1,1.0,6.68,0.0,0.0,0.437745740498034,7,0,0,4.0,7.0,0,0,0.0,0.0,50.0,100,-1,1.0,2.0,3.0,7.0,0,0.0,0.0,0.0,1.0,94.515,01:34.515,0.148,0.107,0.0409999999999999,6,3.50,6,1.75,10,1.55,11,1.50,5,1.0,9,5,5.25,11,3.05,3,0.06,2.199,0.0439799999999991,8.12,6.40,6.85,2.64,7.02,5.90,5.41,6.40,3.46,0.0,0.4642652944539737,0.0,0.468215994531784,0.0,0.5,0.0,0.5,9.0,1.0,0.518463810930576,22.0,37.0,22.0,0.0,0,0.0,0.0,0.0,0.0,0.0,0.0,0.0,0.0,0.0,0.0,0.0,0.0,0.0,0.0,0.0,0.0,6.919999999999999,8.30,32,2,SAU,RUS,George Russell,GBR,Great Britain,Великобритания,#314486,Mercedes,#707070,33.0,67.0,0.0,0.0,20.0,20.0,5,7,5,5.0,6,6,11.0,11,10,8.30,
2023,2023021,2,1,Pierre Gasly,Alpine,10.0,9,9,9,9,+54.747,2,10,GAS,17,3,#0E8EDD,17-3,9,4,1.0,5.74,0.0,0.0,0.4449612403100775,9,0,0,5.0,9.0,0,0,0.0,0.0,50.0,100,-1,1.0,2.0,3.0,8.0,0,0.0,0.0,0.0,1.0,94.977,01:34.977,0.128,0.094,0.034,3,3.80,9,1.60,12,1.45,12,1.45,6,1.0,11,4,5.40,12,2.90,3,0.06,1.350,0.0270000000000004,9.26,6.40,5.57,2.64,8.8,5.90,5.41,6.40,3.46,1.0,0.5380592678675189,0.0,0.4955516014234876,0.0,0.5,0.0,0.5,2.0,1.0,0.535931790499391,6.0,6.0,6.0,0.0,0,0.0,0.0,0.0,0.0,0.0,0.0,0.0,0.0,0.0,0.0,0.0,0.0,0.0,0.0,0.0,0.0,7.68,8.30,32,2,SAU,OCO,Esteban Ocon,FRA,France,Франция,#004CA2,Renault,#FAEF00,33.0,67.0,0.0,0.0,4.0,4.0,9,9,6,4.0,3,9,12.0,12,12,8.30,
2023,2023021,2,1,Esteban Ocon,Alpine,7.0,6,8,8,8,+52.832,4,31,OCO,13,3,#0E8EDD,13-3,9,4,1.0,7.16,1.0,1.0,0.5550387596899224,6,0,0,3.0,6.0,0,0,1.0,1.0,50.0,100,-1,1.0,2.0,3.0,6.0,0,0.0,0.0,0.0,1.0,94.943,01:34.943,0.151,0.114,0.0369999999999999,7,3.40,8,1.65,9,1.60,10,1.55,7,1.0,8,7,5.05,9,3.15,5,0.1,1.916,0.0383199999999999,7.95,6.40,5.67,2.64,7.62,5.90,5.41,6.40,3.46,0.0,0.4619407321324811,1.0,0.5044483985765125,1.0,0.5,1.0,0.5,6.0,0.0,0.4640682095006089,6.0,6.0,6.0,0.0,0,0.0,0.0,0.0,0.0,0.0,0.0,0.0,0.0,0.0,0.0,0.0,0.0,0.0,0.0,0.0,0.0,6.806666666666666,8.20,32,2,SAU,GAS,Pierre Gasly,FRA,France,Франция,#004CA2,Renault,#FAEF00,33.0,67.0,0.0,0.0,4.0,4.0,8,6,7,7.0,7,8,9.0,10,9,8.20,
2023,2023021,2,1,Charles Leclerc,Ferrari,2.0,12,7,7,7,+43.162,6,16,LEC,6,5,#E01A00,6-5,15,3,1.0,9.53,1.0,1.0,0.5402494331065759,12,0,0,6.0,12.0,0,0,0.0,0.0,50.0,100,3,3.0,0.0,3.0,9.0,2,2.0,0.0,2.0,1.0,94.558,01:34.558,0.234,0.171,0.063,15,2.60,7,1.70,1,2.00,3,1.90,8,1.0,1,12,4.30,1,3.90,5,0.1,3.116,0.0623199999999997,3.22,10.00,6.73,5.91,5.09,5.90,5.41,6.40,3.46,0.0,0.2898289828982898,0.0,0.4848703170028818,1.0,0.684931506849315,1.0,0.6912280701754385,16.0,0.0,0.3680404916847433,14.0,15.0,6.0,1.0,0,0.0,0.0,0.0,1.0,0.0,1.0,0.0,0.0,0.0,0.0,0.0,0.0,1.0,0.0,1.0,0.0,4.798333333333333,8.20,32,2,SAU,SAI,Carlos Sainz,MON,Monaco,Монако,#D80000,Ferrari,#DC0004,100.0,0.0,100.0,0.0,6.0,6.0,7,12,8,12.0,15,7,1.0,3,1,8.20,
2023,2023021,2,1,Carlos Sainz,Ferrari,5.0,4,6,6,6,+35.876,8,55,SAI,8,5,#E01A00,8-5,7,3,1.0,8.11,0.0,0.0,0.459750566893424,4,0,0,2.0,4.0,0,0,1.0,1.0,50.0,100,-1,0.0,1.0,1.0,5.0,-1,0.0,1.0,1.0,1.0,94.406,01:34.406,0.152,0.119,0.033,8,3.30,5,1.80,17,1.20,9,1.60,9,1.0,16,6,5.10,15,2.80,2,0.04,1.383,0.0276600000000001,7.89,4.60,7.15,2.64,8.74,5.90,5.41,6.40,3.46,1.0,0.7101710171017102,1.0,0.5151296829971181,0.0,0.3150684931506849,0.0,0.3087719298245614,3.0,1.0,0.6319595083152567,14.0,15.0,23.0,0.0,0,0.0,0.0,0.0,0.0,0.0,0.0,0.0,0.0,0.0,0.0,0.0,0.0,0.0,0.0,0.0,0.0,6.466666666666666,7.90,32,2,SAU,LEC,Charles Leclerc,ESP,Spain,Испания,#F7B800,Ferrari,#DC0004,0.0,100.0,0.0,100.0,20.0,20.0,6,4,9,6.0,8,5,15.0,9,17,7.90,
2023,2023021,2,1,Oscar Piastri,McLaren,9.0,8,15,15,15,+1:25.021,0,81,PIA,28,9,#EE853F,28-9,2,1,1.0,6.21,1.0,1.0,0.80859375,8,0,0,4.0,8.0,0,0,1.0,1.0,50.0,100,0,2.0,2.0,4.0,19.0,0,0.0,0.0,0.0,1.0,95.563,01:35.563,0.178,0.137,0.0409999999999999,9,3.20,14,1.35,11,1.50,6,1.75,10,1.0,10,11,4.55,6,3.25,4,0.08,2.271,0.0454199999999991,6.41,6.40,3.95,3.45,6.87,5.90,5.41,6.40,3.46,1.0,0.540928270042194,1.0,0.5123216601815824,0.0,0.4383561643835617,0.0,0.4468911917098446,11.0,1.0,0.5405192761605035,0.0,37.0,0.0,0.0,0,0.0,0.0,0.0,0.0,0.0,0.0,0.0,0.0,0.0,0.0,0.0,0.0,0.0,0.0,0.0,0.0,5.915,7.80,32,2,SAU,NOR,Lando Norris,AUS,Australia,Австралия,#F7C900,Mercedes,#707070,50.0,50.0,0.0,0.0,0.0,0.0,15,8,10,11.0,9,14,6.0,6,11,7.80,
2023,2023021,2,1,Nyck De Vries,Alpha Tauri,18.0,18,14,14,14,+1:17.478,0,21,DEV,26,2,#5F86E1,26-2,16,2,1.0,1.95,0.0,0.0,0.402892561983471,18,0,0,9.0,18.0,0,0,0.0,0.0,50.0,100,0,2.0,2.0,4.0,18.0,-1,0.0,1.0,1.0,1.0,95.651,01:35.651,0.148,0.135,0.0129999999999999,5,3.60,16,1.25,18,1.15,7,1.70,11,1.0,17,9,4.85,14,2.85,2,0.04,0.781,0.0156199999999995,8.12,4.60,3.70,3.45,10.0,5.90,5.41,6.40,3.46,1.0,0.5611610228058052,0.0,0.4551045510455105,0.0,0.359375,1.0,0.7752808988764045,1.0,1.0,0.7127583749109051,0.0,44.0,19.0,0.0,0,0.0,0.0,0.0,0.0,0.0,0.0,0.0,0.0,0.0,0.0,0.0,0.0,0.0,0.0,0.0,0.0,6.755,7.70,32,2,SAU,TSU,Yuki Tsunoda,NLD,Netherlands,Нидерланды,#F75600,Honda,#DE0000,50.0,50.0,0.0,100.0,0.0,0.0,14,18,11,9.0,5,16,14.0,7,18,7.70,
2023,2023021,2,1,Guanyu Zhou,Alfa Romeo,12.0,11,13,13,13,+1:16.060,0,24,ZHO,23,1,#752020,23-1,5,3,1.0,4.79,1.0,1.0,0.5550405561993048,11,0,0,6.0,11.0,0,0,1.0,1.0,50.0,100,3,4.0,1.0,5.0,10.0,0,1.0,1.0,2.0,1.0,95.413,01:35.413,0.191,0.124,0.067,12,2.90,13,1.40,13,1.40,2,1.95,12,1.0,12,13,4.30,4,3.35,4,0.08,2.899,0.05798,5.67,6.40,4.36,5.91,5.55,5.90,5.41,6.40,3.46,1.0,0.8158273381294964,1.0,0.7009646302250804,1.0,0.6956521739130436,1.0,0.7645536869340233,15.0,0.0,0.444,0.0,15.0,0.0,0.0,0,0.0,0.0,0.0,0.0,0.0,0.0,0.0,0.0,0.0,0.0,0.0,0.0,0.0,0.0,0.0,0.0,5.831666666666667,7.65,32,2,SAU,BOT,Valtteri Bottas,CHN,China,Китай,#F70000,Ferrari,#DC0004,80.0,20.0,50.0,50.0,0.0,0.0,13,11,12,13.0,12,13,4.0,2,13,7.65,
2023,2023021,2,1,Lando Norris,McLaren,19.0,19,17,17,17,+1:26.445,0,4,NOR,4,9,#EE853F,4-9,10,1,1.0,1.47,0.0,0.0,0.19140625,19,0,0,10.0,19.0,0,0,0.0,0.0,50.0,100,1,3.0,2.0,5.0,17.0,1,1.0,0.0,1.0,1.0,95.632,01:35.632,0.195,0.141,0.054,13,2.80,15,1.30,7,1.70,5,1.80,13,1.0,6,15,4.10,3,3.50,4,0.08,2.760,0.0552000000000009,5.44,8.20,3.76,4.27,5.84,5.90,5.41,6.40,3.46,0.0,0.4590717299578059,0.0,0.4876783398184176,1.0,0.5616438356164383,1.0,0.5531088082901554,14.0,0.0,0.4594807238394964,0.0,37.0,22.0,0.0,0,0.0,0.0,0.0,0.0,0.0,0.0,0.0,0.0,0.0,0.0,0.0,0.0,0.0,0.0,0.0,0.0,5.705000000000001,7.60,32,2,SAU,PIA,Oscar Piastri,GBR,Great Britain,Великобритания,#314486,Mercedes,#707070,60.0,40.0,100.0,0.0,0.0,0.0,17,19,13,15.0,13,15,3.0,5,7,7.60,
2023,2023021,2,1,Yuki Tsunoda,Alpha Tauri,16.0,16,11,11,11,+1:07.494,0,22,TSU,9,2,#5F86E1,9-2,13,2,1.0,2.89,1.0,1.0,0.597107438016529,16,0,0,8.0,16.0,0,0,1.0,1.0,50.0,100,-3,0.0,3.0,3.0,14.0,1,1.0,0.0,1.0,1.0,95.389,01:35.389,0.179,0.105,0.074,10,3.10,11,1.50,6,1.75,19,1.10,14,1.0,5,10,4.60,13,2.85,3,0.06,3.625,0.0725,6.35,8.20,4.43,1.00,4.03,5.90,5.41,6.40,3.46,0.0,0.4388389771941949,1.0,0.5448954489544896,1.0,0.640625,0.0,0.2247191011235955,17.0,0.0,0.2872416250890948,0.0,44.0,0.0,0.0,0,0.0,0.0,0.0,0.0,0.0,0.0,0.0,0.0,0.0,0.0,0.0,0.0,0.0,0.0,0.0,0.0,5.766666666666666,7.45,32,2,SAU,DEV,Nyck De Vries,JPN,Japan,Япония,#C60018,Honda,#DE0000,0.0,100.0,100.0,0.0,0.0,0.0,11,16,14,10.0,10,11,13.0,19,6,7.45,
2023,2023021,2,1,Kevin Magnussen,Haas F1 Team,13.0,13,10,10,10,+1:04.826,1,20,MAG,22,7,#505050,22-7,6,3,1.0,4.32,0.0,0.0,0.4509394572025052,13,0,0,7.0,13.0,0,0,1.0,1.0,50.0,100,-1,1.0,2.0,3.0,11.0,1,1.0,0.0,1.0,1.0,95.18,01:35.180,0.248,0.149,0.099,16,2.50,10,1.55,4,1.85,14,1.35,15,1.0,3,16,4.05,7,3.20,4,0.08,4.373,0.0874599999999998,2.42,8.20,5.01,2.64,2.45,5.90,5.41,6.40,3.46,0.0,0.4046822742474916,1.0,0.5329787234042553,1.0,0.8913043478260869,0.0,0.5,19.0,0.0,0.4202401372212693,1.0,15.0,1.0,0.0,0,0.0,0.0,0.0,0.0,0.0,0.0,0.0,0.0,0.0,0.0,0.0,0.0,0.0,0.0,0.0,0.0,3.42,7.25,32,2,SAU,HUL,Nico Hulkenberg,DEN,Denmark,Дания,#D20019,Ferrari,#DC0004,33.0,67.0,100.0,0.0,1.0,1.0,10,13,15,16.0,16,10,7.0,14,4,7.25,
2023,2023021,2,1,Nico Hulkenberg,Haas F1 Team,11.0,10,12,12,12,+1:10.588,0,27,HUL,25,7,#505050,25-7,11,3,1.0,5.26,1.0,1.0,0.5490605427974947,10,0,0,5.0,10.0,0,0,0.0,0.0,50.0,100,-1,1.0,2.0,3.0,12.0,-3,0.0,3.0,3.0,1.0,95.403,01:35.403,0.228,0.140,0.088,14,2.70,12,1.45,20,1.05,13,1.40,16,1.0,19,14,4.15,18,2.45,5,0.1,3.932,0.0786400000000003,3.56,1.00,4.39,2.64,3.38,5.90,5.41,6.40,3.46,1.0,0.5953177257525083,0.0,0.4670212765957447,0.0,0.108695652173913,1.0,0.5,18.0,1.0,0.5797598627787307,1.0,15.0,0.0,0.0,0,0.0,0.0,0.0,0.0,0.0,0.0,0.0,0.0,0.0,0.0,0.0,0.0,0.0,0.0,0.0,0.0,2.98,6.60,32,2,SAU,MAG,Kevin Magnussen,GER,Germany,Германия,#000000,Ferrari,#DC0004,33.0,67.0,0.0,100.0,0.0,0.0,12,10,16,14.0,14,12,18.0,13,20,6.60,
2023,2023021,2,1,Logan Sargeant,Williams,20.0,20,16,16,16,+1:26.293,0,2,SAR,27,18,#0B4BCD,27-18,21,1,1.0,1.0,0.0,0.0,0.2923976608187134,20,0,0,10.0,20.0,0,0,1.0,,50.0,100,-1,2.0,3.0,5.0,20.0,0,0.0,0.0,0.0,1.0,95.924,01:35.924,0.264,0.157,0.107,17,2.40,17,1.20,15,1.30,16,1.25,17,1.0,14,17,3.60,17,2.55,6,0.12,5.065,0.1012999999999988,1.51,6.40,2.95,2.64,1.0,5.90,5.41,6.40,3.46,1.0,0.601593625498008,1.0,0.7468354430379747,0.0,0.5,0.0,0.5,20.0,0.0,0.1197604790419161,0.0,37.0,0.0,0.0,0,0.0,0.0,0.0,0.0,0.0,0.0,0.0,0.0,0.0,0.0,0.0,0.0,0.0,0.0,0.0,0.0,2.513333333333333,6.15,32,2,SAU,ALB,Alexander Albon,USA,USA,США,#071C63,Mercedes,#707070,40.0,60.0,0.0,0.0,0.0,0.0,16,20,17,17.0,17,17,17.0,16,15,6.15,
2023,2023021,2,1,Alexander Albon,Williams,17.0,17,-,DNF,19,-,0,23,ALB,24,18,#0B4BCD,24-18,20,1,1.0,2.42,1.0,1.0,0.7076023391812866,17,0,0,9.0,17.0,1,0,0.0,,27.0,54,-1,1.0,2.0,3.0,16.0,0,0.0,0.0,0.0,1.0,96.627,01:36.627,0.273,0.225,0.048,19,2.20,19,1.10,14,1.35,15,1.30,18,1.0,13,19,3.30,16,2.65,2,0.074074074074074,1.102,0.0408148148148139,1.00,6.40,1.00,2.64,7.35,5.90,5.41,6.40,3.46,0.0,0.398406374501992,0.0,0.2531645569620253,1.0,0.5,1.0,0.5,7.0,1.0,0.8802395209580838,0.0,37.0,0.0,0.0,0,0.0,0.0,0.0,0.0,0.0,0.0,0.0,0.0,0.0,0.0,0.0,0.0,0.0,0.0,0.0,0.0,2.1733333333333333,5.95,32,2,SAU,SAR,Logan Sargeant,THA,Thailand,Таиланд,#2E2549,Mercedes,#707070,33.0,67.0,0.0,0.0,1.0,1.0,10,17,18,19.0,19,19,16.0,15,14,5.95,
2023,2023021,2,1,Valtteri Bottas,Alfa Romeo,14.0,14,18,18,18,+1 Lap,0,77,BOT,3,1,#752020,3-1,8,3,1.0,3.84,0.0,0.0,0.4449594438006953,14,0,0,7.0,14.0,0,0,0.0,0.0,49.0,98,-2,0.0,2.0,2.0,15.0,-2,0.0,2.0,2.0,1.0,96.316,01:36.316,0.268,0.217,0.051,18,2.30,18,1.15,19,1.10,18,1.15,19,1.0,18,18,3.45,19,2.25,4,0.0816326530612244,2.188,0.0446530612244907,1.28,2.80,1.86,1.82,6.95,5.90,5.41,6.40,3.46,0.0,0.1841726618705036,0.0,0.2990353697749196,0.0,0.3043478260869565,0.0,0.2354463130659767,10.0,1.0,0.556,0.0,15.0,0.0,0.0,0,0.0,0.0,0.0,0.0,0.0,0.0,0.0,0.0,0.0,0.0,0.0,0.0,0.0,0.0,0.0,0.0,1.6233333333333333,5.70,32,2,SAU,ZHO,Guanyu Zhou,FIN,Finland,Финляндия,#04276B,Ferrari,#DC0004,0.0,100.0,0.0,100.0,4.0,4.0,18,14,19,18.0,18,18,19.0,18,19,5.70,
2023,2023021,2,1,Lance Stroll,Aston Martin,6.0,5,-,DNF,20,-,0,18,STR,10,4,#23675D,10-4,4,1,1.0,7.63,0.0,0.0,0.4574340527577937,5,0,0,3.0,5.0,1,0,0.0,,16.0,32,-,0.0,0.0,0.0,4.0,1,1.0,0.0,1.0,1.0,-,-,0.193,0.154,0.039,DNC,DNC,DNC,DNC,3,DNC,DNC,DNC,DNC,0.0,20,DNC,DNC,DNC,DNC,1,0.0625,0.588,0.0367499999999996,-,8.20,-,-,7.78,5.90,5.41,6.40,3.46,,,,,,,,,4.0,1.0,0.5025839793281653,15.0,37.0,0.0,0.0,0,0.0,0.0,0.0,0.0,0.0,0.0,0.0,0.0,0.0,0.0,0.0,0.0,0.0,0.0,0.0,0.0,,DNC,32,2,SAU,ALO,Fernando Alonso,CAN,Canada,Канада,#E30000,Mercedes,#707070,0.0,0.0,100.0,0.0,8.0,8.0,5,5,10,9.5,10,8,10.0,8,3,7.75,
2023,2023031,2,2,Carlos Sainz,Ferrari,5.0,5,12,12,12,+6.594,0,55,SAI,8,5,#E01A00,8-5,7,3,1.0,8.0,1.0,1.0,0.5333333333333333,5,0,0,3.0,5.0,0,0,1.0,,58.0,100,7,7.0,0.0,7.0,4.0,1,1.0,0.0,1.0,1.0,82.21,01:22.210,0.224,0.188,0.036,3,3.80,3,1.90,3,1.90,2,1.95,1,1.0,2,2,5.70,1,3.85,4,0.0689655172413793,1.963,0.0338448275862063,9.03,10.00,8.97,9.36,7.59,7.41,6.03,7.00,5.16,,,,,,,,,3.0,1.0,1.0,0.0,8.0,15.0,1.0,0,1.0,0.0,0.0,0.0,0.0,1.0,0.0,0.0,0.0,0.0,0.0,0.0,0.0,0.0,0.0,0.0,9.246666666666666,9.55,2,3,AUS,LEC,Charles Leclerc,ESP,Spain,Испания,#F7B800,Ferrari,#DC0004,100.0,0.0,100.0,0.0,20.0,20.0,12,5,1,2.0,3,3,1.0,2,3,9.55,
2023,2023031,2,2,Lando Norris,McLaren,13.0,13,6,6,6,+3.701,8,4,NOR,4,9,#EE853F,4-9,10,1,1.0,4.0,1.0,1.0,0.6153846153846154,13,0,0,7.0,13.0,0,0,1.0,1.0,58.0,100,1,3.0,2.0,5.0,11.0,0,0.0,0.0,0.0,1.0,82.617,01:22.617,0.206,0.169,0.0369999999999999,2,3.90,7,1.70,10,1.55,6,1.75,2,1.0,8,3,5.60,7,3.30,5,0.0862068965517241,2.581,0.0445000000000002,9.37,7.00,7.28,5.50,6.41,7.41,6.03,7.00,5.16,1.0,0.5438189204875217,1.0,0.5678627145085804,0.0,0.4117647058823529,1.0,0.5664263645726055,8.0,1.0,0.658787255909558,12.0,57.0,26.0,0.0,0,0.0,0.0,0.0,0.0,0.0,0.0,0.0,0.0,0.0,0.0,0.0,0.0,0.0,0.0,0.0,0.0,8.33,8.90,2,3,AUS,PIA,Oscar Piastri,GBR,Great Britain,Великобритания,#314486,Mercedes,#707070,60.0,40.0,0.0,0.0,8.0,8.0,6,13,2,3.0,2,7,7.0,6,10,8.90,
2023,2023031,2,2,Pierre Gasly,Alpine,9.0,9,13,13,13,,0,10,GAS,17,3,#0E8EDD,17-3,9,4,1.0,6.0,1.0,1.0,0.5454545454545454,9,0,0,5.0,9.0,0,0,1.0,1.0,56.0,97,0,2.0,2.0,4.0,8.0,0,0.0,0.0,0.0,1.0,82.388,01:22.388,0.234,0.165,0.069,4,3.70,4,1.85,6,1.75,10,1.55,3,1.0,4,4,5.55,6,3.30,4,0.0714285714285714,3.519,0.0628392857142858,8.84,7.00,8.23,4.86,4.38,7.41,6.03,7.00,5.16,1.0,0.5318892900120337,1.0,0.5483011325782812,1.0,0.5,0.0,0.4171673819742489,10.0,0.0,0.4839779005524861,0.0,0.0,0.0,0.0,0,0.0,0.0,0.0,0.0,0.0,0.0,0.0,0.0,0.0,0.0,0.0,0.0,0.0,0.0,0.0,0.0,7.87,8.85,2,3,AUS,OCO,Esteban Ocon,FRA,France,Франция,#004CA2,Renault,#FAEF00,50.0,50.0,0.0,0.0,4.0,4.0,13,9,3,4.0,4,4,6.0,10,6,8.85,
2023,2023031,2,2,Fernando Alonso,Aston Martin,4.0,4,3,3,3,+0.769,15,14,ALO,19,4,#23675D,19-4,7,1,1.0,8.5,1.0,1.0,0.53125,4,0,0,2.0,4.0,0,0,1.0,1.0,58.0,100,0,0.0,0.0,0.0,5.0,-1,0.0,1.0,1.0,1.0,82.185,01:22.185,0.172,0.161,0.0109999999999999,1,4.00,2,1.95,16,1.25,9,1.60,4,1.0,14,1,5.95,13,2.85,2,0.0344827586206896,0.703,0.0121206896551724,10.00,4.00,9.08,4.86,10.0,7.41,6.03,7.00,5.16,1.0,0.5408328826392644,1.0,0.5263768115942029,1.0,0.5,1.0,0.5765124555160143,1.0,1.0,0.7507507507507507,27.0,57.0,15.0,1.0,0,0.0,1.0,0.0,0.0,0.0,1.0,0.0,0.0,0.0,1.0,1.0,0.0,0.0,0.0,0.0,0.0,8.143333333333333,8.80,2,3,AUS,STR,Lance Stroll,ESP,Spain,Испания,#F7B800,Mercedes,#707070,0.0,0.0,0.0,100.0,45.0,45.0,3,4,4,1.0,1,2,13.0,9,16,8.80,
2023,2023031,2,2,Max Verstappen,Red Bull Racing,1.0,1,1,1,1,2:32:38.371,25,1,VER,2,14,#405585,2-14,16,2,1.0,10.0,1.0,,,1,0,0,1.0,1.0,0,0,1.0,1.0,58.0,100,1,1.0,0.0,1.0,3.0,-2,0.0,2.0,2.0,1.0,81.963,01:21.963,0.259,0.154,0.105,6,3.50,1,2.00,19,1.10,5,1.80,5,1.0,17,5,5.50,12,2.90,4,0.0689655172413793,4.649,0.0801551724137931,8.38,1.00,10.00,5.50,2.47,7.41,6.03,7.00,5.16,1.0,0.5270440251572327,1.0,0.5497526113249038,0.0,0.125,0.0,0.3548387096774194,16.0,0.0,0.2317073170731707,36.0,37.0,25.0,1.0,0,0.0,0.0,1.0,0.0,0.0,1.0,0.0,1.0,0.0,0.0,1.0,1.0,0.0,0.0,1.0,47.0,6.670000000000001,8.40,2,3,AUS,PER,Sergio Perez,NLD,Netherlands,Нидерланды,#F75600,Honda,#DE0000,100.0,0.0,0.0,100.0,69.0,69.0,1,1,5,5.0,6,1,12.0,5,19,8.40,
2023,2023031,2,2,Esteban Ocon,Alpine,11.0,11,14,14,14,,0,31,OCO,13,3,#0E8EDD,13-3,9,4,1.0,5.0,0.0,0.0,0.4545454545454545,11,0,0,6.0,11.0,0,0,0.0,0.0,56.0,97,3,4.0,1.0,5.0,15.0,0,0.0,0.0,0.0,1.0,82.737,01:22.737,0.291,0.221,0.0699999999999999,9,3.20,9,1.60,8,1.65,4,1.85,6,1.0,6,9,4.80,2,3.50,3,0.0535714285714285,3.373,0.0602321428571426,7.78,7.00,6.78,6.79,4.67,7.41,6.03,7.00,5.16,0.0,0.4681107099879663,0.0,0.4516988674217188,0.0,0.5,1.0,0.582832618025751,9.0,1.0,0.5160220994475138,0.0,0.0,0.0,0.0,0,0.0,0.0,0.0,0.0,0.0,0.0,0.0,0.0,0.0,0.0,0.0,0.0,0.0,0.0,0.0,0.0,7.485,8.30,2,3,AUS,GAS,Pierre Gasly,FRA,France,Франция,#004CA2,Renault,#FAEF00,80.0,20.0,0.0,0.0,4.0,4.0,14,11,6,9.0,9,9,2.0,4,8,8.30,
2023,2023031,2,2,Oscar Piastri,McLaren,16.0,16,8,8,8,+5.382,4,81,PIA,28,9,#EE853F,28-9,2,1,1.0,2.5,0.0,0.0,0.3846153846153846,16,0,0,8.0,16.0,0,0,0.0,0.0,58.0,100,-1,2.0,3.0,5.0,13.0,1,1.0,0.0,1.0,1.0,83.033,01:23.033,0.287,0.206,0.0809999999999999,7,3.40,11,1.50,5,1.80,12,1.45,7,1.0,3,7,4.90,8,3.25,5,0.0862068965517241,4.203,0.0724655172413788,7.86,10.00,5.54,4.21,3.32,7.41,6.03,7.00,5.16,0.0,0.4561810795124782,0.0,0.4321372854914196,1.0,0.5882352941176471,0.0,0.4335736354273944,14.0,0.0,0.3412127440904419,12.0,57.0,4.0,0.0,0,0.0,0.0,0.0,0.0,0.0,0.0,0.0,0.0,0.0,0.0,0.0,0.0,0.0,0.0,0.0,0.0,7.608333333333333,8.15,2,3,AUS,NOR,Lando Norris,AUS,Australia,Австралия,#F7C900,Mercedes,#707070,40.0,60.0,100.0,0.0,4.0,4.0,8,16,7,7.0,7,11,8.0,12,5,8.15,
2023,2023031,2,2,Sergio Perez,Red Bull Racing,,PLS,5,5,5,+3.320,11,11,PER,5,14,#405585,5-14,14,2,0.0,,0.0,,,PLS,0,1,,20.0,0,0,0.0,0.0,58.0,100,8,10.0,2.0,12.0,18.0,0,0.0,0.0,0.0,1.0,82.397,01:22.397,0.305,0.283,0.022,11,3.00,5,1.80,14,1.35,1,2.00,8,1.0,12,8,4.80,5,3.35,3,0.0517241379310344,1.653,0.0285000000000003,7.52,7.00,8.19,10.00,8.19,7.41,6.03,7.00,5.16,0.0,0.4729559748427672,0.0,0.4502473886750962,1.0,0.875,1.0,0.6451612903225806,2.0,1.0,0.7682926829268292,36.0,37.0,11.0,1.0,0,0.0,0.0,0.0,0.0,1.0,1.0,1.0,0.0,0.0,0.0,0.0,0.0,0.0,0.0,0.0,0.0,7.846666666666667,8.15,2,3,AUS,VER,Max Verstappen,MEX,Mexico,Мексика,#006640,Honda,#DE0000,83.0,17.0,0.0,0.0,54.0,54.0,5,2,8,8.0,11,5,5.0,1,14,8.15,
2023,2023031,2,2,Lance Stroll,Aston Martin,6.0,6,4,4,4,+3.082,12,18,STR,10,4,#23675D,10-4,4,1,1.0,7.5,0.0,0.0,0.46875,6,0,0,3.0,6.0,0,0,0.0,0.0,58.0,100,-2,1.0,3.0,4.0,7.0,-1,0.0,1.0,1.0,1.0,82.403,01:22.403,0.253,0.197,0.0559999999999999,5,3.60,6,1.75,17,1.20,14,1.35,9,1.0,15,6,5.35,16,2.55,10,0.1724137931034483,4.199,0.0723965517241391,8.49,4.00,8.17,3.57,3.32,7.41,6.03,7.00,5.16,0.0,0.4591671173607355,0.0,0.4736231884057971,0.0,0.5,0.0,0.4234875444839857,13.0,0.0,0.2492492492492492,27.0,57.0,12.0,0.0,0,0.0,0.0,0.0,0.0,0.0,0.0,0.0,0.0,0.0,0.0,0.0,0.0,0.0,0.0,0.0,0.0,6.921666666666667,7.90,2,3,AUS,ALO,Fernando Alonso,CAN,Canada,Канада,#E30000,Mercedes,#707070,25.0,75.0,0.0,100.0,20.0,20.0,4,6,9,6.0,5,6,16.0,14,17,7.90,
2023,2023031,2,2,Yuki Tsunoda,Alpha Tauri,12.0,12,10,10,10,+6.052,1,22,TSU,9,2,#5F86E1,9-2,13,2,1.0,4.5,1.0,1.0,0.6,12,0,0,6.0,12.0,0,0,1.0,1.0,58.0,100,-6,1.0,7.0,8.0,10.0,0,0.0,0.0,0.0,1.0,83.495,01:23.495,0.288,0.210,0.0779999999999999,8,3.30,14,1.35,9,1.60,16,1.25,10,1.0,7,10,4.65,14,2.85,5,0.0862068965517241,4.003,0.0690172413793101,7.84,7.00,3.62,1.00,3.7,7.41,6.03,7.00,5.16,1.0,0.5315254237288135,1.0,0.7835497835497836,1.0,0.6363636363636364,1.0,0.5,12.0,1.0,0.5580693815987934,1.0,37.0,1.0,0.0,0,0.0,0.0,0.0,0.0,0.0,0.0,0.0,0.0,0.0,0.0,0.0,0.0,0.0,0.0,0.0,0.0,6.56,7.50,2,3,AUS,DEV,Nyck De Vries,JPN,Japan,Япония,#C60018,Honda,#DE0000,12.0,88.0,0.0,0.0,1.0,1.0,10,12,10,10.0,8,14,14.0,16,9,7.50,
2023,2023031,2,2,Guanyu Zhou,Alfa Romeo,17.0,17,9,9,9,+5.713,2,24,ZHO,23,1,#752020,23-1,5,3,1.0,2.0,1.0,1.0,0.6666666666666666,17,0,0,9.0,17.0,0,0,1.0,1.0,58.0,100,1,5.0,4.0,9.0,16.0,0,0.0,0.0,0.0,1.0,83.384,01:23.384,0.314,0.279,0.0349999999999999,12,2.90,13,1.40,12,1.45,7,1.70,11,1.0,10,13,4.30,9,3.15,2,0.0344827586206896,2.012,0.0346896551724142,7.35,7.00,4.08,5.50,7.5,7.41,6.03,7.00,5.16,0.0,0.4893475366178428,1.0,0.6053412462908012,1.0,0.5,1.0,0.5,5.0,1.0,0.5074424898511501,2.0,8.0,2.0,0.0,0,0.0,0.0,0.0,0.0,0.0,0.0,0.0,0.0,0.0,0.0,0.0,0.0,0.0,0.0,0.0,0.0,6.983333333333333,7.45,2,3,AUS,BOT,Valtteri Bottas,CHN,China,Китай,#F70000,Ferrari,#DC0004,56.0,44.0,0.0,0.0,2.0,2.0,9,17,11,13.0,12,13,9.0,7,12,7.45,
2023,2023031,2,2,Nico Hulkenberg,Haas F1 Team,10.0,10,7,7,7,+4.939,6,27,HUL,25,7,#505050,25-7,11,3,1.0,5.5,1.0,1.0,0.6111111111111112,10,0,0,5.0,10.0,0,0,1.0,1.0,58.0,100,-2,1.0,3.0,4.0,9.0,0,0.0,0.0,0.0,1.0,82.697,01:22.697,0.328,0.244,0.084,13,2.80,8,1.65,7,1.70,15,1.30,12,1.0,5,11,4.45,10,3.00,2,0.0344827586206896,3.814,0.0657586206896555,7.09,7.00,6.94,3.57,4.06,7.41,6.03,7.00,5.16,1.0,0.5197947214076246,1.0,0.6147032772364925,1.0,0.5,0.0,0.306701030927835,11.0,1.0,0.8023715415019763,6.0,8.0,6.0,0.0,0,0.0,0.0,0.0,0.0,0.0,0.0,0.0,0.0,0.0,0.0,0.0,0.0,0.0,0.0,0.0,0.0,6.488333333333333,7.45,2,3,AUS,MAG,Kevin Magnussen,GER,Germany,Германия,#000000,Ferrari,#DC0004,25.0,75.0,0.0,0.0,6.0,6.0,7,10,12,11.0,13,8,10.0,15,7,7.45,
2023,2023031,2,2,Kevin Magnussen,Haas F1 Team,14.0,14,17,17,17,,0,20,MAG,22,7,#505050,22-7,6,3,1.0,3.5,0.0,0.0,0.3888888888888889,14,0,0,7.0,14.0,0,0,0.0,0.0,52.0,90,5,6.0,1.0,7.0,12.0,0,0.0,0.0,0.0,1.0,83.319,01:23.319,0.357,0.271,0.0859999999999999,15,2.60,12,1.45,11,1.50,3,1.90,13,1.0,9,14,4.05,4,3.40,6,0.1153846153846153,4.856,0.0933846153846163,6.55,7.00,4.35,8.07,1.0,7.41,6.03,7.00,5.16,0.0,0.4802052785923753,0.0,0.3852967227635075,0.0,0.5,1.0,0.6932989690721649,18.0,0.0,0.1976284584980237,6.0,8.0,0.0,0.0,0,0.0,0.0,0.0,0.0,0.0,0.0,0.0,0.0,0.0,0.0,0.0,0.0,0.0,0.0,0.0,0.0,6.878333333333333,7.45,2,3,AUS,HUL,Nico Hulkenberg,DEN,Denmark,Дания,#D20019,Ferrari,#DC0004,86.0,14.0,0.0,0.0,1.0,1.0,17,14,13,14.0,15,12,4.0,3,11,7.45,
2023,2023031,2,2,Lewis Hamilton,Mercedes,3.0,3,2,2,2,+0.179,18,44,HAM,1,10,#08ABA3,1-10,10,1,1.0,9.0,0.0,0.0,0.4864864864864865,3,0,0,2.0,3.0,0,0,1.0,,58.0,100,-1,0.0,1.0,1.0,2.0,1,1.0,0.0,1.0,1.0,83.0,01:23.000,0.655,0.662,0.007,17,2.40,10,1.55,2,1.95,11,1.50,14,1.0,1,15,3.95,3,3.45,4,0.0689655172413793,2.476,0.0426896551724137,1.00,10.00,5.68,4.21,6.61,7.41,6.03,7.00,5.16,,,,,,,,,7.0,0.0,0.4671378091872791,18.0,57.0,26.0,0.0,0,0.0,0.0,0.0,0.0,0.0,0.0,0.0,0.0,1.0,0.0,1.0,0.0,0.0,1.0,1.0,5.0,3.035,7.40,2,3,AUS,RUS,George Russell,GBR,Great Britain,Великобритания,#314486,Mercedes,#707070,0.0,100.0,100.0,0.0,38.0,38.0,2,3,14,15.0,17,10,3.0,11,2,7.40,
2023,2023031,2,2,Valtteri Bottas,Alfa Romeo,19.0,PLS,11,11,11,+6.513,0,77,BOT,3,1,#752020,3-1,8,3,1.0,1.0,0.0,0.0,0.3333333333333333,PLS,0,1,,19.0,0,0,0.0,0.0,58.0,100,1,3.0,2.0,5.0,19.0,0,0.0,0.0,0.0,1.0,83.725,01:23.725,0.297,0.280,0.0169999999999999,10,3.10,15,1.30,15,1.30,8,1.65,15,1.0,13,12,4.40,11,2.95,5,0.0862068965517241,2.128,0.0366896551724135,7.67,7.00,2.66,5.50,7.28,7.41,6.03,7.00,5.16,1.0,0.5106524633821571,0.0,0.3946587537091988,0.0,0.5,0.0,0.5,6.0,0.0,0.4925575101488498,2.0,8.0,0.0,0.0,0,0.0,0.0,0.0,0.0,0.0,0.0,0.0,0.0,0.0,0.0,0.0,0.0,0.0,0.0,0.0,0.0,7.196666666666666,7.35,2,3,AUS,ZHO,Guanyu Zhou,FIN,Finland,Финляндия,#04276B,Ferrari,#DC0004,60.0,40.0,0.0,0.0,4.0,4.0,11,14,15,12.0,10,15,11.0,8,15,7.35,
2023,2023031,2,2,Logan Sargeant,Williams,18.0,18,16,16,16,,0,2,SAR,27,18,#0B4BCD,27-18,21,1,1.0,1.5,0.0,0.0,0.1875,18,0,0,9.0,18.0,0,0,1.0,,56.0,97,-1,1.0,2.0,3.0,17.0,0,0.0,0.0,0.0,1.0,83.879,01:23.879,0.477,0.352,0.125,16,2.50,16,1.25,13,1.40,13,1.40,16,1.0,11,17,3.75,15,2.80,3,0.0535714285714285,4.793,0.0855892857142858,4.32,7.00,2.02,4.21,1.86,7.41,6.03,7.00,5.16,,,,,,,,,17.0,1.0,1.0,0.0,57.0,0.0,0.0,0,0.0,0.0,0.0,0.0,0.0,0.0,0.0,0.0,0.0,0.0,0.0,0.0,0.0,0.0,0.0,0.0,4.748333333333334,6.55,2,3,AUS,ALB,Alexander Albon,USA,USA,США,#071C63,Mercedes,#707070,33.0,67.0,0.0,0.0,0.0,0.0,16,18,16,17.0,16,16,15.0,13,13,6.55,
2023,2023031,2,2,Nyck De Vries,Alpha Tauri,15.0,15,15,15,15,,0,21,DEV,26,2,#5F86E1,26-2,16,2,1.0,3.0,0.0,0.0,0.4,15,0,0,8.0,15.0,0,0,0.0,0.0,56.0,97,-6,1.0,7.0,8.0,14.0,-1,0.0,1.0,1.0,1.0,84.124,01:24.124,0.338,0.258,0.08,14,2.70,17,1.20,18,1.15,17,1.20,17,1.0,16,16,3.90,17,2.35,5,0.0892857142857142,4.256,0.0759999999999995,6.91,4.00,1.00,1.00,2.93,7.41,6.03,7.00,5.16,0.0,0.4684745762711864,0.0,0.2164502164502164,0.0,0.3636363636363636,0.0,0.5,15.0,0.0,0.4419306184012066,1.0,37.0,25.0,0.0,0,0.0,0.0,0.0,0.0,0.0,0.0,0.0,0.0,0.0,0.0,0.0,0.0,0.0,0.0,0.0,0.0,5.44,6.25,2,3,AUS,TSU,Yuki Tsunoda,NLD,Netherlands,Нидерланды,#F75600,Honda,#DE0000,12.0,88.0,0.0,100.0,0.0,0.0,15,15,17,16.0,14,17,17.0,17,18,6.25,
2023,2023031,2,2,George Russell,Mercedes,2.0,2,-,DNF,18,-,0,63,RUS,14,10,#08ABA3,14-10,10,1,1.0,9.5,1.0,1.0,0.5135135135135135,2,0,0,1.0,2.0,1,0,0.0,,17.0,29,-,2.0,10.0,12.0,1.0,1,1.0,0.0,1.0,0.0,-,-,1.216,1.310,0.094,DNC,DNC,DNC,DNC,1,DNC,DNC,DNC,DNC,0.0,18,DNC,DNC,DNC,DNC,1,0.0588235294117647,0.584,0.0343529411764707,-,10.00,-,-,7.54,7.41,6.03,7.00,5.16,,,,,,,,,4.0,1.0,0.5328621908127208,18.0,57.0,26.0,1.0,0,0.0,0.0,0.0,1.0,0.0,1.0,0.0,0.0,0.0,0.0,0.0,0.0,1.0,0.0,1.0,6.0,,DNC,2,3,AUS,HAM,Lewis Hamilton,GBR,Great Britain,Великобритания,#314486,Mercedes,#707070,17.0,83.0,100.0,0.0,18.0,18.0,4,2,2,1.5,2,4,3.5,8,1,9.25,
2023,2023031,2,2,Alexander Albon,Williams,8.0,8,-,DNF,19,-,0,23,ALB,24,18,#0B4BCD,24-18,20,1,1.0,6.5,1.0,1.0,0.8125,8,0,0,4.0,8.0,1,0,0.0,,6.0,10,-,0.0,0.0,0.0,6.0,1,1.0,0.0,1.0,0.0,-,-,0.145,0.145,0.0,DNC,DNC,DNC,DNC,4,DNC,DNC,DNC,DNC,0.0,20,DNC,DNC,DNC,DNC,0,0.0,-,,-,10.00,-,-,,7.41,6.03,7.00,5.16,,,,,,,,,20.0,0.0,,0.0,57.0,0.0,0.0,0,0.0,0.0,0.0,0.0,0.0,0.0,0.0,0.0,0.0,0.0,0.0,0.0,0.0,0.0,0.0,0.0,,DNC,2,3,AUS,SAR,Logan Sargeant,THA,Thailand,Таиланд,#2E2549,Mercedes,#707070,0.0,0.0,100.0,0.0,1.0,1.0,9,8,16,15.5,16,15,17.0,15,4,6.43,
2023,2023031,2,2,Charles Leclerc,Ferrari,7.0,7,-,DNF,20,-,0,16,LEC,6,5,#E01A00,6-5,15,3,1.0,7.0,0.0,0.0,0.4666666666666667,7,0,0,4.0,7.0,1,0,0.0,,0.0,0,-,0.0,0.0,0.0,,-,-,-,,0.0,-,-,-,-,,DNC,DNC,DNC,DNC,DNC,DNC,DNC,DNC,DNC,0.0,19,DNC,DNC,DNC,DNC,-,,-,,-,-,-,-,,7.41,6.03,7.00,5.16,,,,,,,,,,0.0,,0.0,8.0,0.0,0.0,0,0.0,0.0,0.0,0.0,0.0,0.0,0.0,0.0,0.0,0.0,0.0,0.0,0.0,0.0,0.0,0.0,,DNC,2,3,AUS,SAI,Carlos Sainz,MON,Monaco,Монако,#D80000,Ferrari,#DC0004,0.0,0.0,0.0,0.0,6.0,6.0,4,7,7,9.0,12,5,5.0,8,3,8.27,
2023,2023040,2,3,George Russell,Mercedes,4.0,4,4,4,4,+1 Lap,5,63,RUS,14,10,#08ABA3,14-10,10,1,1.0,8.58,1.0,1.0,0.5293028994447871,4,0,0,2.0,4.0,0,0,1.0,1.0,17.0,100,0,0.0,0.0,0.0,3.0,1,1.0,0.0,1.0,1.0,104.744,01:44.744,0.084,0.084,0.0,1,4.00,4,1.85,1,2.00,9,1.60,1,1.0,1,1,5.85,2,3.60,0,0.0,-,,10.00,10.00,8.62,7.00,,6.83,6.24,5.50,7.00,1.0,0.5711022272986865,1.0,0.53875,1.0,0.6451612903225806,1.0,0.5,18.0,0.0,,7.0,11.0,7.0,1.0,1,1.0,1.0,0.0,1.0,0.0,3.0,0.0,0.0,0.0,0.0,0.0,0.0,0.0,0.0,0.0,0.0,9.5,9.45,6,4,AZR*,HAM,Lewis Hamilton,GBR,Great Britain,Великобритания,#314486,Mercedes,#707070,0.0,0.0,100.0,0.0,23.0,23.0,4,4,1,1.0,1,4,2.0,9,1,9.45,
2023,2023040,2,3,Sergio Perez,Red Bull Racing,2.0,2,1,1,1,33:17.667,8,11,PER,5,14,#405585,5-14,14,2,1.0,9.53,1.0,1.0,0.5129171151776103,2,0,0,1.0,2.0,0,0,1.0,1.0,17.0,100,1,1.0,0.0,1.0,2.0,0,0.0,0.0,0.0,1.0,104.177,01:44.177,0.210,0.202,0.0079999999999999,6,3.50,1,2.00,6,1.75,4,1.85,2,1.0,6,5,5.50,1,3.60,1,0.0588235294117647,0.249,0.0146470588235291,8.05,5.50,10.00,8.50,9.92,6.83,6.24,5.50,7.00,0.0,0.4724178403755869,1.0,0.5230125523012553,1.0,0.8461538461538461,1.0,0.5483870967741935,2.0,1.0,1.0,14.0,14.0,8.0,1.0,0,0.0,0.0,1.0,0.0,0.0,1.0,1.0,1.0,0.0,0.0,1.0,0.0,1.0,0.0,1.0,10.0,7.7,9.10,6,4,AZR*,VER,Max Verstappen,MEX,Mexico,Мексика,#006640,Honda,#DE0000,100.0,0.0,0.0,0.0,62.0,62.0,1,2,2,5.0,6,1,1.0,4,6,9.10,
2023,2023040,2,3,Fernando Alonso,Aston Martin,8.0,8,6,6,6,+1 Lap,3,14,ALO,19,4,#23675D,19-4,7,1,1.0,6.68,1.0,1.0,0.5182311869666407,8,0,0,4.0,8.0,0,0,1.0,1.0,17.0,100,0,0.0,0.0,0.0,7.0,1,1.0,0.0,1.0,1.0,104.842,01:44.842,0.086,0.058,0.0279999999999999,2,3.90,6,1.75,2,1.95,12,1.45,3,1.0,2,2,5.65,3,3.40,2,0.1176470588235294,0.383,0.0225294117647064,9.97,10.00,8.38,7.00,9.52,6.83,6.24,5.50,7.00,1.0,0.5557413600891862,1.0,0.5351213282247765,1.0,0.9090909090909092,0.0,0.4516129032258064,3.0,1.0,0.5294771968854283,4.0,11.0,7.0,0.0,0,0.0,0.0,0.0,0.0,0.0,0.0,0.0,0.0,0.0,0.0,0.0,0.0,0.0,0.0,0.0,0.0,9.48,9.05,6,4,AZR*,STR,Lance Stroll,ESP,Spain,Испания,#F7B800,Mercedes,#707070,0.0,0.0,100.0,0.0,48.0,48.0,6,8,3,2.0,2,6,3.0,12,2,9.05,
2023,2023040,2,3,Carlos Sainz,Ferrari,5.0,5,5,5,5,+1 Lap,4,55,SAI,8,5,#E01A00,8-5,7,3,1.0,8.11,0.0,0.0,0.4478188845941468,5,0,0,3.0,5.0,0,0,0.0,0.0,17.0,100,0,0.0,0.0,0.0,5.0,0,0.0,0.0,0.0,1.0,104.802,01:44.802,0.131,0.096,0.035,3,3.80,5,1.80,7,1.70,10,1.55,4,1.0,7,4,5.60,6,3.25,1,0.0588235294117647,0.433,0.0254705882352936,9.27,5.50,8.48,7.00,9.37,6.83,6.24,5.50,7.00,1.0,0.5395809080325961,0.0,0.4873563218390805,0.0,0.5,1.0,0.56,4.0,1.0,1.0,11.0,11.0,7.0,0.0,0,0.0,0.0,0.0,0.0,0.0,0.0,0.0,0.0,0.0,0.0,0.0,0.0,0.0,0.0,0.0,0.0,8.263333333333334,8.85,6,4,AZR*,LEC,Charles Leclerc,ESP,Spain,Испания,#F7B800,Ferrari,#DC0004,0.0,0.0,0.0,0.0,24.0,24.0,5,5,4,4.0,3,5,6.0,10,7,8.85,
2023,2023040,2,3,Max Verstappen,Red Bull Racing,3.0,3,3,3,3,+5.065,6,1,VER,2,14,#405585,2-14,16,2,1.0,9.05,0.0,0.0,0.4870828848223897,3,0,0,2.0,3.0,0,0,0.0,0.0,17.0,100,0,0.0,0.0,0.0,4.0,-1,0.0,1.0,1.0,1.0,104.54,01:44.540,0.149,0.149,0.0,4,3.70,2,1.95,16,1.25,8,1.65,5,1.0,15,3,5.65,15,2.90,0,0.0,-,,8.99,1.00,9.12,7.00,,6.83,6.24,5.50,7.00,1.0,0.5275821596244132,0.0,0.4769874476987448,0.0,0.1538461538461538,0.0,0.4516129032258064,19.0,0.0,,14.0,14.0,6.0,0.0,0,0.0,0.0,0.0,0.0,0.0,0.0,0.0,0.0,0.0,1.0,1.0,0.0,0.0,1.0,1.0,0.0,7.326666666666667,8.55,6,4,AZR*,PER,Sergio Perez,NLD,Netherlands,Нидерланды,#F75600,Honda,#DE0000,0.0,0.0,0.0,100.0,75.0,75.0,3,3,5,3.0,4,2,15.0,8,16,8.55,
2023,2023040,2,3,Charles Leclerc,Ferrari,1.0,1,2,2,2,+4.463,7,16,LEC,6,5,#E01A00,6-5,15,3,1.0,10.0,1.0,1.0,0.5521811154058531,1,0,0,1.0,1.0,0,0,1.0,1.0,17.0,100,-1,0.0,1.0,1.0,1.0,0,0.0,0.0,0.0,1.0,104.621,01:44.621,0.219,0.219,0.0,8,3.30,3,1.90,5,1.80,14,1.35,6,1.0,5,6,5.20,9,3.15,0,0.0,-,,7.91,5.50,8.92,5.50,,6.83,6.24,5.50,7.00,0.0,0.460419091967404,1.0,0.5126436781609196,1.0,0.5,0.0,0.44,20.0,0.0,,11.0,11.0,7.0,0.0,0,0.0,0.0,0.0,0.0,0.0,0.0,0.0,0.0,1.0,0.0,1.0,1.0,0.0,0.0,1.0,7.0,7.1066666666666665,8.35,6,4,AZR*,SAI,Carlos Sainz,MON,Monaco,Монако,#D80000,Ferrari,#DC0004,0.0,100.0,0.0,0.0,13.0,13.0,2,1,6,6.0,8,3,9.0,14,5,8.35,
2023,2023040,2,3,Kevin Magnussen,Haas F1 Team,14.0,13,11,11,11,+1 Lap,0,20,MAG,22,7,#505050,22-7,6,3,1.0,3.84,0.0,0.0,0.4449594438006953,13,0,0,7.0,13.0,0,0,1.0,1.0,17.0,100,1,1.0,0.0,1.0,13.0,0,0.0,0.0,0.0,1.0,105.947,01:45.947,0.186,0.157,0.0289999999999999,5,3.60,12,1.45,11,1.50,7,1.70,7,1.0,11,7,5.05,8,3.20,1,0.0588235294117647,0.456,0.0268235294117648,8.42,5.50,5.70,8.50,9.3,6.83,6.24,5.50,7.00,1.0,0.7935909519321396,1.0,0.8507462686567164,0.0,0.5,1.0,0.8947368421052632,5.0,1.0,0.9029126213592232,0.0,11.0,0.0,0.0,0,0.0,0.0,0.0,0.0,0.0,0.0,0.0,0.0,0.0,0.0,0.0,0.0,0.0,0.0,0.0,0.0,7.946666666666666,8.25,6,4,AZR*,HUL,Nico Hulkenberg,DEN,Denmark,Дания,#D20019,Ferrari,#DC0004,100.0,0.0,0.0,0.0,1.0,1.0,11,13,7,7.0,5,12,8.0,7,11,8.25,
2023,2023040,2,3,Lewis Hamilton,Mercedes,6.0,6,7,7,7,+1 Lap,2,44,HAM,1,10,#08ABA3,1-10,10,1,1.0,7.63,0.0,0.0,0.4706971005552128,6,0,0,3.0,6.0,0,0,0.0,0.0,17.0,100,0,0.0,0.0,0.0,6.0,0,0.0,0.0,0.0,1.0,105.255,01:45.255,0.245,0.182,0.063,9,3.20,7,1.70,8,1.65,11,1.50,8,1.0,8,9,4.90,10,3.15,1,0.0588235294117647,0.706,0.041529411764706,7.51,5.50,7.38,7.00,8.56,6.83,6.24,5.50,7.00,0.0,0.4288977727013136,0.0,0.46125,0.0,0.3548387096774194,0.0,0.5,6.0,1.0,1.0,7.0,11.0,7.0,0.0,0,0.0,0.0,0.0,0.0,0.0,0.0,0.0,0.0,0.0,0.0,0.0,0.0,0.0,0.0,0.0,0.0,7.09,8.05,6,4,AZR*,RUS,George Russell,GBR,Great Britain,Великобритания,#314486,Mercedes,#707070,0.0,0.0,0.0,0.0,40.0,40.0,7,6,8,9.0,9,7,10.0,11,8,8.05,
2023,2023040,2,3,Lance Stroll,Aston Martin,9.0,9,8,8,8,+1 Lap,1,18,STR,10,4,#23675D,10-4,4,1,1.0,6.21,0.0,0.0,0.4817688130333591,9,0,0,5.0,9.0,0,0,0.0,0.0,17.0,100,1,1.0,0.0,1.0,10.0,-1,0.0,1.0,1.0,1.0,105.297,01:45.297,0.215,0.151,0.064,7,3.40,8,1.65,18,1.15,5,1.80,9,1.0,17,8,5.05,14,2.95,1,0.0588235294117647,0.743,0.0437058823529408,7.97,1.00,7.28,8.50,8.46,6.83,6.24,5.50,7.00,0.0,0.4442586399108137,0.0,0.4648786717752235,0.0,0.0909090909090909,1.0,0.5483870967741935,7.0,0.0,0.4705228031145718,4.0,11.0,1.0,0.0,0,0.0,0.0,0.0,0.0,0.0,0.0,0.0,0.0,0.0,0.0,0.0,0.0,0.0,0.0,0.0,0.0,6.896666666666666,8.00,6,4,AZR*,ALO,Fernando Alonso,CAN,Canada,Канада,#E30000,Mercedes,#707070,100.0,0.0,0.0,100.0,21.0,21.0,8,9,9,8.0,7,8,14.0,5,18,8.00,
2023,2023040,2,3,Oscar Piastri,McLaren,11.0,11,10,10,10,+1 Lap,0,81,PIA,28,9,#EE853F,28-9,2,1,1.0,5.26,0.0,0.0,0.4781818181818181,11,0,0,6.0,11.0,0,0,1.0,1.0,17.0,100,1,1.0,0.0,1.0,11.0,0,0.0,0.0,0.0,1.0,105.586,01:45.586,0.294,0.294,0.0,11,3.00,10,1.55,9,1.60,6,1.75,10,1.0,9,11,4.55,4,3.35,0,0.0,-,,6.75,5.50,6.57,8.50,,6.83,6.24,5.50,7.00,0.0,0.4909090909090909,0.0,0.4778181818181818,0.0,0.3548387096774194,1.0,0.6071428571428571,17.0,0.0,,0.0,11.0,0.0,0.0,0,0.0,0.0,0.0,0.0,0.0,0.0,0.0,0.0,0.0,0.0,0.0,0.0,0.0,0.0,0.0,0.0,6.833333333333333,7.90,6,4,AZR*,NOR,Lando Norris,AUS,Australia,Австралия,#F7C900,Mercedes,#707070,100.0,0.0,0.0,0.0,4.0,4.0,10,11,10,11.0,11,10,4.0,6,9,7.90,
2023,2023040,2,3,Lando Norris,McLaren,10.0,10,17,17,17,+1 Lap,0,4,NOR,4,9,#EE853F,4-9,10,1,1.0,5.74,1.0,1.0,0.5218181818181818,10,0,0,5.0,10.0,0,0,0.0,0.0,17.0,100,-1,0.0,1.0,1.0,9.0,1,1.0,0.0,1.0,1.0,105.336,01:45.336,0.278,0.271,0.007,10,3.10,9,1.60,3,1.90,16,1.25,11,1.0,3,10,4.70,11,3.15,1,0.0588235294117647,0.221,0.0130000000000002,7.00,10.00,7.18,5.50,10.0,6.83,6.24,5.50,7.00,1.0,0.509090909090909,1.0,0.5221818181818182,1.0,0.6451612903225806,0.0,0.3928571428571428,1.0,1.0,1.0,0.0,11.0,7.0,0.0,0,0.0,0.0,0.0,0.0,0.0,0.0,0.0,0.0,0.0,0.0,0.0,0.0,0.0,0.0,0.0,0.0,7.25,7.85,6,4,AZR*,PIA,Oscar Piastri,GBR,Great Britain,Великобритания,#314486,Mercedes,#707070,0.0,100.0,100.0,0.0,8.0,8.0,17,10,11,10.0,10,9,11.0,16,3,7.85,
2023,2023040,2,3,Pierre Gasly,Alpine,19.0,17,13,13,13,+1 Lap,0,10,GAS,17,3,#0E8EDD,17-3,9,4,1.0,1.47,0.0,0.0,0.2538860103626943,17,0,0,9.0,17.0,0,0,1.0,1.0,17.0,100,2,2.0,0.0,2.0,16.0,0,0.0,0.0,0.0,1.0,106.604,01:46.604,0.382,0.227,0.155,14,2.70,15,1.30,13,1.40,2,1.95,12,1.0,12,14,4.00,5,3.35,1,0.0588235294117647,1.615,0.0950000000000005,5.39,5.50,4.10,10.00,5.87,6.83,6.24,5.50,7.00,0.0,0.4548523206751054,0.0,0.4812206572769953,1.0,0.5,1.0,0.5882352941176471,9.0,1.0,1.0,0.0,0.0,0.0,0.0,0,0.0,0.0,0.0,0.0,0.0,0.0,0.0,0.0,0.0,0.0,0.0,0.0,0.0,0.0,0.0,0.0,6.176666666666667,7.35,6,4,AZR*,OCO,Esteban Ocon,FRA,France,Франция,#004CA2,Renault,#FAEF00,100.0,0.0,0.0,0.0,4.0,4.0,13,17,12,14.0,14,15,5.0,2,13,7.35,
2023,2023040,2,3,Guanyu Zhou,Alfa Romeo,16.0,14,12,12,12,+1 Lap,0,24,ZHO,23,1,#752020,23-1,5,3,1.0,2.89,1.0,1.0,0.544256120527307,14,0,0,7.0,14.0,0,0,1.0,1.0,17.0,100,2,2.0,0.0,2.0,15.0,-1,0.0,1.0,1.0,1.0,106.434,01:46.434,0.387,0.144,0.243,15,2.60,13,1.40,19,1.10,1,2.00,13,1.0,18,15,4.00,12,3.10,2,0.1176470588235294,2.634,0.154941176470589,5.31,1.00,4.51,10.00,2.86,6.83,6.24,5.50,7.00,1.0,0.8415213946117274,1.0,0.8170289855072465,0.0,0.0909090909090909,1.0,0.8,10.0,1.0,0.6383928571428571,0.0,11.0,0.0,1.0,0,0.0,0.0,0.0,0.0,1.0,1.0,0.0,0.0,0.0,0.0,0.0,0.0,0.0,0.0,0.0,0.0,5.373333333333332,7.10,6,4,AZR*,BOT,Valtteri Bottas,CHN,China,Китай,#F70000,Ferrari,#DC0004,100.0,0.0,0.0,100.0,2.0,2.0,12,14,13,15.0,15,13,12.0,1,19,7.10,
2023,2023040,2,3,Nyck De Vries,Alpha Tauri,20.0,18,14,14,14,+1 Lap,0,21,DEV,26,2,#5F86E1,26-2,16,2,1.0,1.0,0.0,0.0,0.3389830508474576,18,0,0,9.0,18.0,0,0,1.0,,17.0,100,2,2.0,0.0,2.0,17.0,0,0.0,0.0,0.0,1.0,106.99,01:46.990,0.466,0.466,0.0,16,2.50,16,1.25,14,1.35,3,1.90,14,1.0,13,16,3.75,7,3.25,0,0.0,-,,4.09,5.50,3.16,10.00,,6.83,6.24,5.50,7.00,,,,,,,,,16.0,1.0,,0.0,14.0,6.0,0.0,0,0.0,0.0,0.0,0.0,0.0,0.0,0.0,0.0,0.0,0.0,0.0,0.0,0.0,0.0,0.0,0.0,5.31,7.00,6,4,AZR*,TSU,Yuki Tsunoda,NLD,Netherlands,Нидерланды,#F75600,Honda,#DE0000,100.0,0.0,0.0,0.0,0.0,0.0,14,18,14,16.0,16,16,7.0,3,14,7.00,
2023,2023040,2,3,Alexander Albon,Williams,7.0,7,9,9,9,+1 Lap,0,23,ALB,24,18,#0B4BCD,24-18,20,1,1.0,7.16,1.0,1.0,0.6799620132953466,7,0,0,4.0,7.0,0,0,,,17.0,100,-1,0.0,1.0,1.0,8.0,-1,0.0,1.0,1.0,1.0,105.649,01:45.649,0.297,0.172,0.125,12,2.90,11,1.50,17,1.20,15,1.30,15,1.0,16,12,4.40,18,2.50,1,0.0588235294117647,1.233,0.0725294117647052,6.71,1.00,6.42,5.50,7.0,6.83,6.24,5.50,7.00,,,,,,,,,8.0,1.0,1.0,0.0,11.0,0.0,0.0,0,0.0,0.0,0.0,0.0,0.0,0.0,0.0,0.0,0.0,0.0,0.0,0.0,0.0,0.0,0.0,0.0,5.556666666666668,6.90,6,4,AZR*,SAR,Logan Sargeant,THA,Thailand,Таиланд,#2E2549,Mercedes,#707070,0.0,100.0,0.0,100.0,1.0,1.0,9,7,15,12.0,12,11,18.0,15,17,6.90,
2023,2023040,2,3,Esteban Ocon,Alpine,13.0,PLS,18,18,18,+1 Lap,0,31,OCO,13,3,#0E8EDD,13-3,9,4,1.0,4.32,1.0,1.0,0.7461139896373058,PLS,0,1,,19.0,0,0,0.0,0.0,17.0,100,0,0.0,0.0,0.0,18.0,0,0.0,0.0,0.0,1.0,106.473,01:46.473,0.313,0.313,0.0,13,2.80,14,1.35,15,1.30,13,1.40,16,1.0,14,13,4.15,16,2.70,0,0.0,-,,6.46,5.50,4.42,7.00,,6.83,6.24,5.50,7.00,1.0,0.5451476793248945,1.0,0.5187793427230047,0.0,0.5,0.0,0.4117647058823529,15.0,0.0,,0.0,0.0,0.0,0.0,0,0.0,0.0,0.0,0.0,0.0,0.0,0.0,0.0,0.0,0.0,0.0,0.0,0.0,0.0,0.0,0.0,6.390000000000001,6.85,6,4,AZR*,GAS,Pierre Gasly,FRA,France,Франция,#004CA2,Renault,#FAEF00,0.0,0.0,0.0,0.0,4.0,4.0,18,15,16,13.0,13,14,16.0,13,15,6.85,
2023,2023040,2,3,Valtteri Bottas,Alfa Romeo,17.0,15,16,16,16,+1 Lap,0,77,BOT,3,1,#752020,3-1,8,3,1.0,2.42,0.0,0.0,0.4557438794726929,15,0,0,8.0,15.0,0,0,0.0,0.0,17.0,100,-3,0.0,3.0,3.0,14.0,1,1.0,0.0,1.0,1.0,107.875,01:47.875,0.666,0.338,0.328,18,2.30,17,1.20,4,1.85,17,1.20,17,1.0,4,18,3.50,13,3.05,2,0.1176470588235294,3.053,0.1795882352941191,1.00,10.00,1.01,2.50,1.62,6.83,6.24,5.50,7.00,0.0,0.1584786053882726,0.0,0.1829710144927536,1.0,0.9090909090909092,0.0,0.2,11.0,0.0,0.3616071428571428,0.0,11.0,0.0,0.0,0,0.0,0.0,0.0,0.0,0.0,0.0,0.0,0.0,0.0,0.0,0.0,0.0,0.0,0.0,0.0,0.0,2.75,6.55,6,4,AZR*,ZHO,Guanyu Zhou,FIN,Finland,Финляндия,#04276B,Ferrari,#DC0004,0.0,100.0,100.0,0.0,4.0,4.0,16,15,17,18.0,18,17,13.0,17,4,6.55,
2023,2023040,2,3,Nico Hulkenberg,Haas F1 Team,12.0,12,15,15,15,+1 Lap,0,27,HUL,25,7,#505050,25-7,11,3,1.0,4.79,1.0,1.0,0.5550405561993048,12,0,0,6.0,12.0,0,0,0.0,0.0,17.0,100,-4,0.0,4.0,4.0,12.0,0,0.0,0.0,0.0,1.0,107.878,01:47.878,0.589,0.267,0.3219999999999999,17,2.40,18,1.15,10,1.55,18,1.15,18,1.0,10,17,3.55,17,2.70,2,0.1176470588235294,3.262,0.1918823529411765,2.19,5.50,1.00,1.00,1.0,6.83,6.24,5.50,7.00,0.0,0.2064090480678605,0.0,0.1492537313432835,1.0,0.5,0.0,0.1052631578947368,12.0,0.0,0.0970873786407767,0.0,11.0,0.0,0.0,0,0.0,0.0,0.0,0.0,0.0,0.0,0.0,0.0,0.0,0.0,0.0,0.0,0.0,0.0,0.0,0.0,2.543333333333333,6.25,6,4,AZR*,MAG,Kevin Magnussen,GER,Germany,Германия,#000000,Ferrari,#DC0004,0.0,100.0,0.0,0.0,6.0,6.0,15,12,18,17.0,17,18,17.0,18,10,6.25,
2023,2023040,2,3,Yuki Tsunoda,Alpha Tauri,18.0,16,-,DNF,19,-,0,22,TSU,9,2,#5F86E1,9-2,13,2,1.0,1.95,1.0,1.0,0.6610169491525423,16,0,0,8.0,16.0,1,0,0.0,,2.0,12,-,0.0,0.0,0.0,19.0,0,0.0,0.0,0.0,0.0,-,-,-,-,,DNC,DNC,DNC,DNC,12,DNC,DNC,DNC,DNC,0.0,19,DNC,DNC,DNC,DNC,-,,-,,-,5.50,-,-,,6.83,6.24,5.50,7.00,,,,,,,,,,0.0,,0.0,14.0,0.0,0.0,0,0.0,0.0,0.0,0.0,0.0,0.0,0.0,0.0,0.0,0.0,0.0,0.0,0.0,0.0,0.0,0.0,,DNC,6,4,AZR*,DEV,Nyck De Vries,JPN,Japan,Япония,#C60018,Honda,#DE0000,0.0,0.0,0.0,0.0,1.0,1.0,10,16,12,9.5,9,12,14.0,11,12,7.47,
2023,2023040,2,3,Logan Sargeant,Williams,15.0,DNS,-,DNS,20,-,0,2,SAR,27,18,#0B4BCD,27-18,21,1,1.0,3.37,0.0,0.0,0.3200379867046533,DNS,1,0,,,0,0,,,0.0,0,-,,,,,-,-,-,,,-,-,-,-,,DNC,DNC,DNC,DNC,DNC,DNC,DNC,DNC,DNC,0.0,20,DNC,DNC,DNC,DNC,-,,-,,-,-,-,-,,6.83,6.24,5.50,7.00,,,,,,,,,,0.0,,0.0,11.0,0.0,0.0,0,0.0,0.0,0.0,0.0,0.0,0.0,0.0,0.0,0.0,0.0,0.0,0.0,0.0,0.0,0.0,,,DNC,6,4,AZR*,ALB,Alexander Albon,USA,USA,США,#071C63,Mercedes,#707070,0.0,0.0,0.0,0.0,0.0,0.0,16,16,16,16.5,14,16,15.5,14,13,6.60,
2023,2023041,2,4,Max Verstappen,Red Bull Racing,2.0,2,2,2,2,+2.137,18,1,VER,2,14,#405585,2-14,16,2,1.0,9.53,1.0,1.0,0.5129171151776103,2,0,0,1.0,2.0,0,0,0.0,0.0,51.0,100,1,1.0,0.0,1.0,2.0,0,0.0,0.0,0.0,1.0,105.61,01:45.610,0.119,0.074,0.045,2,3.90,1,2.00,7,1.70,3,1.90,1,1.0,6,2,5.90,2,3.60,7,0.1372549019607843,2.274,0.0445882352941176,8.89,6.62,10.00,8.50,7.4,6.60,5.27,6.62,7.00,0.0,0.4706193753308629,1.0,0.5007511266900351,1.0,0.5,1.0,0.5,10.0,0.0,0.4327485380116959,43.0,44.0,18.0,1.0,1,1.0,0.0,1.0,0.0,0.0,2.0,0.0,0.0,1.0,0.0,1.0,0.0,1.0,0.0,1.0,7.0,8.446666666666667,9.50,5,4,AZR,PER,Sergio Perez,NLD,Netherlands,Нидерланды,#F75600,Honda,#DE0000,100.0,0.0,0.0,0.0,93.0,93.0,2,2,1,2.0,2,1,2.0,3,7,9.50,
2023,2023041,2,4,Sergio Perez,Red Bull Racing,3.0,3,1,1,1,1:32:42.436,25,11,PER,5,14,#405585,5-14,14,2,1.0,9.05,0.0,0.0,0.4870828848223897,3,0,0,2.0,3.0,0,0,1.0,1.0,51.0,100,1,1.0,0.0,1.0,3.0,0,0.0,0.0,0.0,1.0,105.618,01:45.618,0.099,0.077,0.022,1,4.00,2,1.95,8,1.65,4,1.85,2,1.0,7,1,5.95,5,3.50,4,0.0784313725490196,1.283,0.0251568627450983,10.00,6.62,9.97,8.50,9.7,6.60,5.27,6.62,7.00,1.0,0.529380624669137,0.0,0.499248873309965,0.0,0.5,0.0,0.5,3.0,1.0,0.567251461988304,43.0,44.0,25.0,1.0,0,0.0,1.0,0.0,0.0,0.0,1.0,0.0,1.0,0.0,0.0,1.0,0.0,0.0,1.0,1.0,42.0,9.186666666666666,9.45,5,4,AZR,VER,Max Verstappen,MEX,Mexico,Мексика,#006640,Honda,#DE0000,100.0,0.0,0.0,0.0,87.0,87.0,1,3,2,1.0,1,2,5.0,4,8,9.45,
2023,2023041,2,4,Lance Stroll,Aston Martin,9.0,9,7,7,7,+51.617,6,18,STR,10,4,#23675D,10-4,4,1,1.0,6.21,0.0,0.0,0.4486994219653179,9,0,0,5.0,9.0,0,0,0.0,0.0,51.0,100,-1,0.0,1.0,1.0,7.0,2,2.0,0.0,2.0,1.0,106.808,01:46.808,0.126,0.093,0.033,3,3.80,8,1.65,2,1.95,13,1.40,3,1.0,2,4,5.45,6,3.35,3,0.0588235294117647,1.261,0.0247254901960789,8.50,8.88,6.17,5.50,9.75,6.60,5.27,6.62,7.00,1.0,0.6400602409638554,0.0,0.4284722222222222,1.0,0.5729032258064517,0.0,0.44,2.0,1.0,0.6491344873501997,18.0,33.0,6.0,0.0,0,0.0,0.0,0.0,0.0,0.0,0.0,0.0,0.0,0.0,0.0,0.0,0.0,0.0,0.0,0.0,0.0,8.063333333333334,8.80,5,4,AZR,ALO,Fernando Alonso,CAN,Canada,Канада,#E30000,Mercedes,#707070,0.0,100.0,100.0,0.0,27.0,27.0,7,9,3,4.0,3,8,6.0,13,2,8.80,
2023,2023041,2,4,Lewis Hamilton,Mercedes,5.0,5,6,6,6,+46.145,8,44,HAM,1,10,#08ABA3,1-10,10,1,1.0,8.11,1.0,1.0,0.606581899775617,5,0,0,3.0,5.0,0,0,1.0,1.0,51.0,100,2,2.0,0.0,2.0,5.0,0,0.0,0.0,0.0,1.0,106.58,01:46.580,0.141,0.093,0.0479999999999999,7,3.40,5,1.80,10,1.55,1,2.00,4,1.0,9,6,5.20,4,3.55,5,0.0980392156862745,2.448,0.0479999999999995,7.67,6.62,6.90,10.00,6.99,6.60,5.27,6.62,7.00,1.0,0.5076108537392455,1.0,0.5259146341463414,0.0,0.4270967741935484,1.0,0.6451612903225806,12.0,0.0,0.4238932686476652,13.0,33.0,15.0,1.0,0,0.0,0.0,0.0,0.0,1.0,1.0,0.0,0.0,0.0,0.0,0.0,0.0,0.0,0.0,0.0,0.0,7.883333333333333,8.75,5,4,AZR,RUS,George Russell,GBR,Great Britain,Великобритания,#314486,Mercedes,#707070,100.0,0.0,0.0,0.0,48.0,48.0,6,5,4,6.0,7,5,4.0,1,10,8.75,
2023,2023041,2,4,Carlos Sainz,Ferrari,4.0,4,5,5,5,+45.491,10,55,SAI,8,5,#E01A00,8-5,7,3,1.0,8.58,0.0,0.0,0.4617868675995695,4,0,0,2.0,4.0,0,0,0.0,0.0,51.0,100,0,0.0,0.0,0.0,4.0,0,0.0,0.0,0.0,1.0,106.637,01:46.637,0.126,0.106,0.02,4,3.70,6,1.75,9,1.60,10,1.55,5,1.0,8,5,5.45,8,3.15,3,0.0588235294117647,1.155,0.0226470588235299,8.50,6.62,6.72,7.00,10.0,6.60,5.27,6.62,7.00,1.0,0.5170316301703163,0.0,0.4459190444591904,0.0,0.5,1.0,0.6363636363636364,1.0,1.0,0.5434782608695653,25.0,25.0,22.0,0.0,0,0.0,0.0,0.0,0.0,0.0,0.0,0.0,0.0,0.0,0.0,0.0,0.0,0.0,0.0,0.0,0.0,7.936666666666666,8.60,5,4,AZR,LEC,Charles Leclerc,ESP,Spain,Испания,#F7B800,Ferrari,#DC0004,0.0,0.0,0.0,0.0,34.0,34.0,5,4,5,5.0,4,6,8.0,10,9,8.60,
2023,2023041,2,4,Charles Leclerc,Ferrari,1.0,1,3,3,3,+21.217,15,16,LEC,6,5,#E01A00,6-5,15,3,1.0,10.0,1.0,1.0,0.5382131324004307,1,0,0,1.0,1.0,0,0,1.0,1.0,51.0,100,-2,0.0,2.0,2.0,1.0,0,0.0,0.0,0.0,1.0,106.125,01:46.125,0.136,0.100,0.036,5,3.60,3,1.90,6,1.75,18,1.15,6,1.0,5,3,5.50,12,2.90,5,0.0980392156862745,1.844,0.0361568627450968,7.94,6.62,8.35,4.00,8.4,6.60,5.27,6.62,7.00,0.0,0.4829683698296836,1.0,0.5540809555408095,1.0,0.5,0.0,0.3636363636363636,5.0,0.0,0.4565217391304348,25.0,25.0,15.0,0.0,0,0.0,0.0,0.0,0.0,0.0,0.0,0.0,0.0,0.0,1.0,1.0,1.0,0.0,0.0,1.0,2.0,7.0633333333333335,8.40,5,4,AZR,SAI,Carlos Sainz,MON,Monaco,Монако,#D80000,Ferrari,#DC0004,0.0,100.0,0.0,0.0,28.0,28.0,3,1,6,3.0,5,3,12.0,18,6,8.40,
2023,2023041,2,4,George Russell,Mercedes,11.0,11,8,8,8,+1:14.240,5,63,RUS,14,10,#08ABA3,14-10,10,1,1.0,5.26,0.0,0.0,0.3934181002243829,11,0,0,6.0,11.0,0,0,0.0,0.0,51.0,100,-1,0.0,1.0,1.0,9.0,2,2.0,0.0,2.0,1.0,106.791,01:46.791,0.145,0.114,0.0309999999999999,8,3.30,7,1.70,3,1.90,14,1.35,7,1.0,3,7,5.00,7,3.25,3,0.0588235294117647,1.369,0.0268431372549013,7.44,8.88,6.22,5.50,9.5,6.60,5.27,6.62,7.00,0.0,0.4923891462607545,0.0,0.4740853658536584,1.0,0.5729032258064517,0.0,0.3548387096774194,4.0,1.0,0.5761067313523347,13.0,33.0,15.0,0.0,0,0.0,0.0,0.0,0.0,0.0,0.0,1.0,0.0,0.0,0.0,0.0,0.0,0.0,0.0,0.0,0.0,7.356666666666668,8.25,5,4,AZR,HAM,Lewis Hamilton,GBR,Great Britain,Великобритания,#314486,Mercedes,#707070,0.0,100.0,100.0,0.0,28.0,28.0,8,11,7,7.0,8,7,7.0,14,3,8.25,
2023,2023041,2,4,Pierre Gasly,Alpine,19.0,17,14,14,14,+1:31.332,0,10,GAS,17,3,#0E8EDD,17-3,9,4,1.0,1.47,0.0,0.0,0.2348242811501597,17,0,0,9.0,17.0,0,0,1.0,1.0,51.0,100,2,2.0,0.0,2.0,15.0,2,2.0,0.0,2.0,1.0,107.063,01:47.063,0.193,0.102,0.091,16,2.50,9,1.60,4,1.85,2,1.95,8,1.0,4,15,4.10,1,3.80,4,0.0784313725490196,3.505,0.0687254901960783,4.78,8.88,5.35,10.00,4.54,6.60,5.27,6.62,7.00,0.0,0.3772691397000789,1.0,0.589856670341786,1.0,0.5729032258064517,1.0,0.5882352941176471,19.0,0.0,0.3535825545171339,0.0,0.0,0.0,0.0,0,0.0,0.0,0.0,0.0,0.0,0.0,0.0,0.0,0.0,0.0,0.0,0.0,0.0,0.0,0.0,0.0,6.333333333333333,7.90,5,4,AZR,OCO,Esteban Ocon,FRA,France,Франция,#004CA2,Renault,#FAEF00,100.0,0.0,100.0,0.0,4.0,4.0,14,17,8,15.0,16,9,1.0,2,4,7.90,
2023,2023041,2,4,Esteban Ocon,Alpine,12.0,19,15,15,15,+1:37.794,0,31,OCO,13,3,#0E8EDD,13-3,9,4,1.0,4.79,1.0,1.0,0.7651757188498403,19,0,0,10.0,19.0,0,0,0.0,0.0,51.0,100,0,0.0,0.0,0.0,19.0,0,0.0,0.0,0.0,1.0,107.573,01:47.573,0.137,0.099,0.038,6,3.50,14,1.35,14,1.35,12,1.45,9,1.0,13,8,4.85,15,2.80,4,0.0784313725490196,1.888,0.0370196078431379,7.89,6.62,3.72,7.00,8.3,6.60,5.27,6.62,7.00,1.0,0.6227308602999211,0.0,0.4101433296582139,0.0,0.4270967741935484,0.0,0.4117647058823529,6.0,1.0,0.6464174454828661,0.0,0.0,0.0,0.0,0,0.0,0.0,0.0,0.0,0.0,0.0,0.0,0.0,0.0,0.0,0.0,0.0,0.0,0.0,0.0,0.0,7.53,7.65,5,4,AZR,GAS,Pierre Gasly,FRA,France,Франция,#004CA2,Renault,#FAEF00,0.0,0.0,0.0,0.0,4.0,4.0,15,19,9,8.0,6,14,15.0,12,14,7.65,
2023,2023041,2,4,Lando Norris,McLaren,7.0,7,9,9,9,+1:20.376,2,4,NOR,4,9,#EE853F,4-9,10,1,1.0,7.16,1.0,1.0,0.5550387596899224,7,0,0,4.0,7.0,0,0,1.0,1.0,51.0,100,1,1.0,0.0,1.0,8.0,-1,0.0,1.0,1.0,1.0,107.382,01:47.382,0.160,0.103,0.057,12,2.90,10,1.55,16,1.25,5,1.80,10,1.0,15,10,4.45,10,3.05,4,0.0784313725490196,2.777,0.0544509803921566,6.61,5.50,4.33,8.50,6.23,6.60,5.27,6.62,7.00,1.0,0.5334947538337369,1.0,0.5293398533007335,1.0,0.5,1.0,0.5,16.0,0.0,0.450469992769342,2.0,33.0,15.0,0.0,0,0.0,0.0,0.0,0.0,0.0,0.0,0.0,0.0,0.0,0.0,0.0,0.0,0.0,0.0,0.0,0.0,6.739999999999999,7.50,5,4,AZR,PIA,Oscar Piastri,GBR,Great Britain,Великобритания,#314486,Mercedes,#707070,100.0,0.0,0.0,100.0,10.0,10.0,9,7,10,10.0,12,10,10.0,5,16,7.50,
2023,2023041,2,4,Alexander Albon,Williams,13.0,12,12,12,12,+1:28.623,0,23,ALB,24,18,#0B4BCD,24-18,20,1,1.0,4.32,1.0,1.0,0.5617685305591678,12,0,0,6.0,12.0,0,0,1.0,1.0,51.0,100,1,1.0,0.0,1.0,12.0,0,0.0,0.0,0.0,1.0,107.567,01:47.567,0.156,0.097,0.059,11,3.00,13,1.40,12,1.45,8,1.65,11,1.0,11,11,4.40,9,3.10,3,0.0588235294117647,2.589,0.0507647058823529,6.83,6.62,3.74,8.50,6.67,6.60,5.27,6.62,7.00,1.0,0.5394944707740916,1.0,0.5753846153846154,1.0,0.5,1.0,0.6071428571428571,13.0,0.0,0.4757489300998573,0.0,33.0,0.0,0.0,0,0.0,0.0,0.0,0.0,0.0,0.0,0.0,0.0,0.0,0.0,0.0,0.0,0.0,0.0,0.0,0.0,7.073333333333333,7.50,5,4,AZR,SAR,Logan Sargeant,THA,Thailand,Таиланд,#2E2549,Mercedes,#707070,100.0,0.0,0.0,0.0,1.0,1.0,12,12,11,11.0,11,13,9.0,8,12,7.50,
2023,2023041,2,4,Kevin Magnussen,Haas F1 Team,18.0,16,13,13,13,+1:29.729,0,20,MAG,22,7,#505050,22-7,6,3,1.0,1.95,0.0,0.0,0.4462242562929062,16,0,0,8.0,16.0,0,0,1.0,1.0,51.0,100,1,1.0,0.0,1.0,13.0,3,3.0,0.0,3.0,1.0,107.647,01:47.647,0.185,0.119,0.066,15,2.60,15,1.30,1,2.00,9,1.60,12,1.0,1,17,3.90,3,3.60,5,0.0980392156862745,3.388,0.0664313725490202,5.22,10.00,3.49,8.50,4.81,6.60,5.27,6.62,7.00,1.0,0.8392282958199356,1.0,0.5566188197767146,1.0,0.6016847172081828,1.0,0.8947368421052632,18.0,1.0,0.8278829604130808,0.0,25.0,0.0,1.0,0,0.0,0.0,0.0,1.0,0.0,1.0,0.0,0.0,0.0,0.0,0.0,0.0,0.0,0.0,0.0,0.0,6.563333333333333,7.50,5,4,AZR,HUL,Nico Hulkenberg,DEN,Denmark,Дания,#D20019,Ferrari,#DC0004,100.0,0.0,100.0,0.0,1.0,1.0,13,16,12,17.0,15,15,3.0,9,1,7.50,
2023,2023041,2,4,Yuki Tsunoda,Alpha Tauri,8.0,8,10,10,10,+1:23.862,1,22,TSU,9,2,#5F86E1,9-2,13,2,1.0,6.68,1.0,1.0,0.8697916666666666,8,0,0,4.0,8.0,0,0,1.0,,51.0,100,1,1.0,0.0,1.0,10.0,-2,0.0,2.0,2.0,1.0,107.455,01:47.455,0.152,0.104,0.048,10,3.10,11,1.50,19,1.10,6,1.75,13,1.0,18,9,4.60,14,2.85,3,0.0588235294117647,2.086,0.0409019607843139,7.06,4.38,4.10,8.50,7.84,6.60,5.27,6.62,7.00,,,,,,,,,8.0,1.0,0.5478686233403215,1.0,44.0,1.0,0.0,0,0.0,0.0,0.0,0.0,0.0,0.0,0.0,0.0,0.0,0.0,0.0,0.0,0.0,0.0,0.0,0.0,6.853333333333333,7.45,5,4,AZR,DEV,Nyck De Vries,JPN,Japan,Япония,#C60018,Honda,#DE0000,100.0,0.0,0.0,100.0,2.0,2.0,10,8,13,9.0,10,11,14.0,6,19,7.45,
2023,2023041,2,4,Fernando Alonso,Aston Martin,6.0,6,4,4,4,+22.024,12,14,ALO,19,4,#23675D,19-4,7,1,1.0,7.63,1.0,1.0,0.5513005780346821,6,0,0,3.0,6.0,0,0,1.0,1.0,51.0,100,0,0.0,0.0,0.0,6.0,0,0.0,0.0,0.0,1.0,106.162,01:46.162,0.193,0.129,0.064,17,2.40,4,1.85,11,1.50,11,1.50,14,1.0,10,13,4.25,11,3.00,5,0.0980392156862745,3.188,0.0625098039215684,4.78,6.62,8.23,7.00,5.27,6.60,5.27,6.62,7.00,0.0,0.3599397590361445,1.0,0.5715277777777777,0.0,0.4270967741935484,1.0,0.56,17.0,0.0,0.3508655126498002,18.0,33.0,22.0,0.0,0,0.0,0.0,0.0,0.0,0.0,0.0,0.0,0.0,0.0,0.0,0.0,0.0,0.0,0.0,0.0,0.0,5.456666666666667,7.25,5,4,AZR,STR,Lance Stroll,ESP,Spain,Испания,#F7B800,Mercedes,#707070,0.0,0.0,0.0,0.0,60.0,60.0,4,6,14,13.0,17,4,11.0,11,11,7.25,
2023,2023041,2,4,Oscar Piastri,McLaren,10.0,10,11,11,11,+1:26.501,0,81,PIA,28,9,#EE853F,28-9,2,1,1.0,5.74,0.0,0.0,0.4449612403100775,10,0,0,5.0,10.0,0,0,0.0,0.0,51.0,100,1,1.0,0.0,1.0,11.0,-1,0.0,1.0,1.0,1.0,107.534,01:47.534,0.175,0.130,0.0449999999999999,14,2.70,12,1.45,17,1.20,7,1.70,15,1.0,16,14,4.15,13,2.90,6,0.1176470588235294,2.187,0.0428823529411767,5.78,5.50,3.85,8.50,7.6,6.60,5.27,6.62,7.00,0.0,0.4665052461662631,0.0,0.4706601466992665,0.0,0.5,0.0,0.5,9.0,1.0,0.5495300072306579,2.0,33.0,0.0,0.0,0,0.0,0.0,0.0,0.0,0.0,0.0,0.0,0.0,0.0,0.0,0.0,0.0,0.0,0.0,0.0,0.0,6.186666666666667,7.05,5,4,AZR,NOR,Lando Norris,AUS,Australia,Австралия,#F7C900,Mercedes,#707070,100.0,0.0,0.0,100.0,4.0,4.0,11,10,15,14.0,14,12,13.0,7,17,7.05,
2023,2023041,2,4,Guanyu Zhou,Alfa Romeo,16.0,15,-,DNF,19,-,0,24,ZHO,23,1,#752020,23-1,5,3,1.0,2.89,0.0,0.0,0.4294205052005943,15,0,0,8.0,15.0,1,0,0.0,,36.0,71,-1,0.0,1.0,1.0,16.0,-1,1.0,2.0,3.0,1.0,108.424,01:48.424,0.151,0.097,0.0539999999999999,9,3.20,19,1.10,18,1.15,17,1.20,16,1.0,17,12,4.30,19,2.35,1,0.0277777777777777,1.358,0.0377222222222223,7.11,5.50,1.00,5.50,8.21,6.60,5.27,6.62,7.00,1.0,0.6701225259189445,0.0,0.2906976744186046,1.0,0.8461538461538461,0.0,0.5,7.0,1.0,0.5581237253569001,0.0,25.0,0.0,0.0,0,0.0,0.0,0.0,0.0,0.0,0.0,0.0,0.0,0.0,0.0,0.0,0.0,0.0,0.0,0.0,0.0,6.573333333333333,6.65,5,4,AZR,BOT,Valtteri Bottas,CHN,China,Китай,#F70000,Ferrari,#DC0004,0.0,100.0,33.0,67.0,2.0,2.0,14,15,16,12.0,9,19,19.0,17,18,6.65,
2023,2023041,2,4,Logan Sargeant,Williams,15.0,14,16,16,16,+1:40.943,0,2,SAR,27,18,#0B4BCD,27-18,21,1,1.0,3.37,0.0,0.0,0.4382314694408322,14,0,0,7.0,14.0,0,0,0.0,0.0,51.0,100,-1,0.0,1.0,1.0,14.0,0,1.0,1.0,2.0,1.0,107.874,01:47.874,0.174,0.126,0.0479999999999999,13,2.80,17,1.20,13,1.40,16,1.25,17,1.0,12,16,4.00,16,2.65,3,0.0588235294117647,2.294,0.0449803921568624,5.83,6.62,2.76,5.50,7.35,6.60,5.27,6.62,7.00,0.0,0.4605055292259083,0.0,0.4246153846153845,0.0,0.5,0.0,0.3928571428571428,11.0,1.0,0.5242510699001427,0.0,33.0,0.0,0.0,0,0.0,0.0,0.0,0.0,0.0,0.0,0.0,0.0,0.0,0.0,0.0,0.0,0.0,0.0,0.0,0.0,5.906666666666666,6.65,5,4,AZR,ALB,Alexander Albon,USA,USA,США,#071C63,Mercedes,#707070,0.0,100.0,50.0,50.0,0.0,0.0,16,14,17,16.0,13,17,16.0,16,13,6.65,
2023,2023041,2,4,Nico Hulkenberg,Haas F1 Team,17.0,20,17,17,17,+1 Lap,0,27,HUL,25,7,#505050,25-7,11,3,1.0,2.42,1.0,1.0,0.5537757437070938,20,0,0,10.0,20.0,0,0,0.0,0.0,50.0,98,-4,0.0,4.0,4.0,20.0,0,0.0,0.0,0.0,1.0,107.869,01:47.869,0.261,0.143,0.118,19,2.20,16,1.25,15,1.30,19,1.10,18,1.0,14,18,3.45,17,2.40,5,0.1,4.927,0.0985400000000004,1.00,6.62,2.78,1.00,1.0,6.60,5.27,6.62,7.00,0.0,0.1607717041800643,0.0,0.4433811802232855,0.0,0.398315282791817,0.0,0.1052631578947368,20.0,0.0,0.1721170395869191,0.0,25.0,0.0,0.0,0,0.0,0.0,0.0,0.0,0.0,0.0,0.0,0.0,0.0,0.0,0.0,0.0,0.0,0.0,0.0,0.0,1.9366666666666668,5.85,5,4,AZR,MAG,Kevin Magnussen,GER,Germany,Германия,#000000,Ferrari,#DC0004,0.0,100.0,0.0,0.0,6.0,6.0,17,20,18,18.0,19,16,17.0,19,15,5.85,
2023,2023041,2,4,Valtteri Bottas,Alfa Romeo,14.0,13,18,18,18,+1 Lap,0,77,BOT,3,1,#752020,3-1,8,3,1.0,3.84,1.0,1.0,0.5705794947994056,13,0,0,7.0,13.0,0,0,1.0,,50.0,98,-1,0.0,1.0,1.0,18.0,-5,0.0,5.0,5.0,1.0,107.974,01:47.974,0.216,0.161,0.0549999999999999,18,2.30,18,1.15,20,1.05,15,1.30,19,1.0,19,19,3.45,18,2.35,4,0.08,2.607,0.0521399999999994,3.50,1.00,2.44,5.50,6.5,6.60,5.27,6.62,7.00,0.0,0.3298774740810556,1.0,0.7093023255813954,0.0,0.1538461538461538,1.0,0.5,14.0,0.0,0.4418762746430999,0.0,25.0,0.0,0.0,0,0.0,0.0,0.0,0.0,0.0,0.0,0.0,0.0,0.0,0.0,0.0,0.0,0.0,0.0,0.0,0.0,3.4166666666666665,5.80,5,4,AZR,ZHO,Guanyu Zhou,FIN,Finland,Финляндия,#04276B,Ferrari,#DC0004,0.0,100.0,0.0,100.0,4.0,4.0,18,13,19,19.0,18,18,18.0,15,20,5.80,
2023,2023041,2,4,Nyck De Vries,Alpha Tauri,20.0,18,-,DNF,20,-,0,21,DEV,26,2,#5F86E1,26-2,16,2,1.0,1.0,0.0,0.0,0.1302083333333333,18,0,0,9.0,18.0,1,0,0.0,,9.0,18,-,0.0,0.0,0.0,17.0,1,1.0,0.0,1.0,0.0,-,-,0.167,0.113,0.054,DNC,DNC,DNC,DNC,5,DNC,DNC,DNC,DNC,0.0,20,DNC,DNC,DNC,DNC,2,0.2222222222222222,0.472,0.0524444444444422,-,7.75,-,-,6.47,6.60,5.27,6.62,7.00,,,,,,,,,15.0,0.0,0.4521313766596785,1.0,44.0,18.0,0.0,0,0.0,0.0,0.0,0.0,0.0,0.0,0.0,0.0,0.0,0.0,0.0,0.0,0.0,0.0,0.0,0.0,,DNC,5,4,AZR,TSU,Yuki Tsunoda,NLD,Netherlands,Нидерланды,#F75600,Honda,#DE0000,0.0,0.0,100.0,0.0,0.0,0.0,16,18,11,10.0,8,17,11.0,5,5,7.45,
2023,2023051,2,5,Max Verstappen,Red Bull Racing,9.0,9,1,1,1,1:27:38.241,26,1,VER,2,14,#405585,2-14,16,2,1.0,6.21,0.0,0.0,0.3830968537939543,9,0,0,5.0,9.0,0,0,1.0,1.0,57.0,100,8,8.0,0.0,8.0,9.0,0,1.0,1.0,2.0,1.0,91.703,01:31.703,0.129,0.108,0.021,2,3.90,1,2.00,13,1.40,1,2.00,1,1.0,13,1,5.90,3,3.40,6,0.1052631578947368,1.631,0.0286140350877188,9.09,5.50,10.00,10.00,9.39,6.40,5.29,5.50,4.46,1.0,0.5856958762886598,1.0,0.5189413596263622,0.0,0.5,1.0,0.6915629322268326,2.0,1.0,0.6173570019723866,44.0,44.0,26.0,1.0,1,1.0,0.0,1.0,0.0,1.0,3.0,1.0,1.0,0.0,0.0,1.0,0.0,0.0,0.0,0.0,36.0,8.643333333333333,9.30,25,5,MIA,PER,Sergio Perez,NLD,Netherlands,Нидерланды,#F75600,Honda,#DE0000,100.0,0.0,50.0,50.0,119.0,119.0,1,9,1,1.0,2,1,3.0,1,13,9.30,
2023,2023051,2,5,George Russell,Mercedes,6.0,6,4,4,4,+33.229,12,63,RUS,14,10,#08ABA3,14-10,10,1,1.0,7.63,1.0,1.0,0.6384937238493724,6,0,0,3.0,6.0,0,0,1.0,1.0,57.0,100,7,8.0,1.0,9.0,5.0,1,1.0,0.0,1.0,1.0,92.308,01:32.308,0.158,0.107,0.051,5,3.60,4,1.85,6,1.75,2,1.95,2,1.0,6,2,5.45,2,3.70,4,0.0701754385964912,2.942,0.0516140350877194,7.45,6.40,7.25,9.31,7.64,6.40,5.29,5.50,4.46,1.0,0.51772063933287,1.0,0.5488266464799394,1.0,0.5378151260504201,1.0,0.5628778718258767,5.0,1.0,0.6107114308553158,20.0,35.0,20.0,0.0,0,0.0,0.0,0.0,0.0,0.0,0.0,0.0,0.0,0.0,0.0,0.0,0.0,0.0,0.0,0.0,0.0,7.585,9.15,25,5,MIA,HAM,Lewis Hamilton,GBR,Great Britain,Великобритания,#314486,Mercedes,#707070,89.0,11.0,100.0,0.0,40.0,40.0,4,6,2,2.0,5,4,2.0,2,6,9.15,
2023,2023051,2,5,Yuki Tsunoda,Alpha Tauri,17.0,17,11,11,11,+1:04.309,0,22,TSU,9,2,#5F86E1,9-2,13,2,1.0,2.42,0.0,0.0,0.4179620034542314,17,0,0,9.0,17.0,0,0,1.0,1.0,57.0,100,2,3.0,1.0,4.0,15.0,2,3.0,1.0,4.0,1.0,92.792,01:32.792,0.158,0.085,0.073,4,3.70,11,1.50,3,1.90,4,1.85,3,1.0,3,3,5.20,1,3.75,8,0.1403508771929824,4.462,0.0782807017543857,7.45,7.30,5.04,5.85,5.62,6.40,5.29,5.50,4.46,0.0,0.4269340974212035,1.0,0.5806451612903226,1.0,0.8795180722891566,1.0,0.5318181818181817,12.0,0.0,0.3597951344430217,0.0,44.0,0.0,0.0,0,0.0,0.0,0.0,0.0,0.0,0.0,0.0,0.0,0.0,0.0,0.0,0.0,0.0,0.0,0.0,0.0,7.158333333333332,8.95,25,5,MIA,DEV,Nyck De Vries,JPN,Japan,Япония,#C60018,Honda,#DE0000,75.0,25.0,75.0,25.0,2.0,2.0,11,17,3,3.0,4,11,1.0,4,3,8.95,
2023,2023051,2,5,Lewis Hamilton,Mercedes,13.0,13,6,6,6,+51.249,8,44,HAM,1,10,#08ABA3,1-10,10,1,1.0,4.32,0.0,0.0,0.3615062761506276,13,0,0,7.0,13.0,0,0,0.0,0.0,57.0,100,4,6.0,2.0,8.0,13.0,0,0.0,0.0,0.0,1.0,92.591,01:32.591,0.167,0.078,0.089,7,3.40,6,1.75,14,1.35,3,1.90,4,1.0,14,5,5.15,8,3.25,7,0.1228070175438596,5.024,0.088140350877193,6.94,5.50,5.96,7.23,4.87,6.40,5.29,5.50,4.46,0.0,0.4822793606671299,0.0,0.4511733535200605,0.0,0.4621848739495798,0.0,0.4371221281741234,15.0,0.0,0.3892885691446843,20.0,35.0,20.0,0.0,0,0.0,0.0,0.0,0.0,0.0,0.0,0.0,0.0,0.0,0.0,0.0,0.0,0.0,0.0,0.0,0.0,6.748333333333334,8.40,25,5,MIA,RUS,George Russell,GBR,Great Britain,Великобритания,#314486,Mercedes,#707070,75.0,25.0,0.0,0.0,56.0,56.0,6,13,4,5.0,7,6,8.0,3,14,8.40,
2023,2023051,2,5,Fernando Alonso,Aston Martin,2.0,2,3,3,3,+26.305,15,14,ALO,19,4,#23675D,19-4,7,1,1.0,9.53,1.0,1.0,0.8301393728222997,2,0,0,1.0,2.0,0,0,1.0,1.0,57.0,100,1,2.0,1.0,3.0,2.0,0,0.0,0.0,0.0,1.0,92.241,01:32.241,0.174,0.110,0.0639999999999999,10,3.10,3,1.90,11,1.50,6,1.75,5,1.0,11,7,5.00,6,3.25,7,0.1228070175438596,3.537,0.0620526315789479,6.55,5.50,7.55,5.15,6.85,6.40,5.29,5.50,4.46,0.0,0.493594574227581,1.0,0.5963665086887836,0.0,0.4621848739495798,0.0,0.4681818181818182,8.0,1.0,0.5670529801324503,15.0,35.0,25.0,0.0,0,0.0,0.0,0.0,0.0,0.0,0.0,0.0,0.0,0.0,1.0,1.0,0.0,1.0,0.0,1.0,0.0,6.141666666666667,8.25,25,5,MIA,STR,Lance Stroll,ESP,Spain,Испания,#F7B800,Mercedes,#707070,67.0,33.0,0.0,0.0,75.0,75.0,3,2,5,7.0,10,3,6.0,6,11,8.25,
2023,2023051,2,5,Lance Stroll,Aston Martin,18.0,18,12,12,12,+1:04.754,0,18,STR,10,4,#23675D,10-4,4,1,1.0,1.95,0.0,0.0,0.1698606271777003,18,0,0,9.0,18.0,0,0,0.0,0.0,57.0,100,2,4.0,2.0,6.0,17.0,1,2.0,1.0,3.0,1.0,92.778,01:32.778,0.171,0.084,0.087,9,3.20,10,1.55,9,1.60,5,1.80,6,1.0,9,9,4.75,4,3.40,7,0.1228070175438596,4.751,0.083350877192982,6.72,6.40,5.11,5.85,5.23,6.40,5.29,5.50,4.46,1.0,0.506405425772419,0.0,0.4036334913112164,1.0,0.5378151260504201,1.0,0.5318181818181817,14.0,0.0,0.4329470198675497,15.0,35.0,0.0,0.0,0,0.0,0.0,0.0,0.0,0.0,0.0,0.0,0.0,0.0,0.0,0.0,0.0,0.0,0.0,0.0,0.0,6.521666666666666,8.15,25,5,MIA,ALO,Fernando Alonso,CAN,Canada,Канада,#E30000,Mercedes,#707070,67.0,33.0,67.0,33.0,27.0,27.0,12,18,6,9.0,9,10,4.0,5,9,8.15,
2023,2023051,2,5,Sergio Perez,Red Bull Racing,1.0,1,2,2,2,+5.384,18,11,PER,5,14,#405585,5-14,14,2,1.0,10.0,1.0,1.0,0.6169031462060456,1,0,0,1.0,1.0,0,0,0.0,0.0,57.0,100,0,1.0,1.0,2.0,1.0,0,0.0,0.0,0.0,1.0,91.864,01:31.864,0.176,0.104,0.072,12,2.90,2,1.95,10,1.55,8,1.65,7,1.0,10,8,4.85,10,3.20,7,0.1228070175438596,4.307,0.0755614035087722,6.43,5.50,9.27,4.46,5.82,6.40,5.29,5.50,4.46,0.0,0.4143041237113402,0.0,0.4810586403736377,1.0,0.5,0.0,0.3084370677731673,10.0,0.0,0.3826429980276134,44.0,44.0,18.0,0.0,0,0.0,0.0,0.0,0.0,0.0,0.0,0.0,0.0,1.0,0.0,1.0,1.0,0.0,0.0,1.0,21.0,5.946666666666666,8.05,25,5,MIA,VER,Max Verstappen,MEX,Mexico,Мексика,#006640,Honda,#DE0000,50.0,50.0,0.0,0.0,105.0,105.0,2,1,7,8.0,12,2,10.0,8,10,8.05,
2023,2023051,2,5,Nyck De Vries,Alpha Tauri,15.0,15,18,18,18,+1:28.949,0,21,DEV,26,2,#5F86E1,26-2,16,2,1.0,3.37,1.0,1.0,0.5820379965457686,15,0,0,8.0,15.0,0,0,0.0,0.0,57.0,100,1,1.0,0.0,1.0,20.0,-5,0.0,5.0,5.0,1.0,93.101,01:33.101,0.113,0.094,0.019,1,4.00,18,1.15,20,1.05,7,1.70,8,1.0,20,4,5.15,15,2.75,5,0.087719298245614,1.169,0.0205087719298242,10.00,1.00,3.64,5.15,10.0,6.40,5.29,5.50,4.46,1.0,0.5730659025787966,0.0,0.4193548387096774,0.0,0.1204819277108433,0.0,0.4681818181818182,1.0,1.0,0.6402048655569782,0.0,44.0,26.0,1.0,0,0.0,1.0,0.0,0.0,0.0,1.0,0.0,0.0,0.0,0.0,0.0,0.0,0.0,0.0,0.0,0.0,7.691666666666666,7.90,25,5,MIA,TSU,Yuki Tsunoda,NLD,Netherlands,Нидерланды,#F75600,Honda,#DE0000,100.0,0.0,0.0,100.0,0.0,0.0,18,15,8,4.0,1,18,15.0,7,20,7.90,
2023,2023051,2,5,Valtteri Bottas,Alfa Romeo,10.0,10,13,13,13,+1:11.637,0,77,BOT,3,1,#752020,3-1,8,3,1.0,5.74,1.0,1.0,0.5991649269311065,10,0,0,5.0,10.0,0,0,1.0,1.0,57.0,100,-5,0.0,5.0,5.0,8.0,2,2.0,0.0,2.0,1.0,92.921,01:32.921,0.169,0.092,0.077,8,3.30,13,1.40,2,1.95,20,1.05,9,1.0,2,11,4.70,13,3.00,7,0.1228070175438596,4.153,0.0728596491228073,6.83,7.30,4.46,1.00,6.03,6.40,5.29,5.50,4.46,0.0,0.4432186891628812,1.0,0.5247058823529411,1.0,0.6636363636363636,0.0,0.3717472118959108,9.0,0.0,0.4279630943931867,0.0,17.0,0.0,0.0,0,0.0,0.0,0.0,0.0,0.0,0.0,0.0,0.0,0.0,0.0,0.0,0.0,0.0,0.0,0.0,0.0,5.9366666666666665,7.70,25,5,MIA,ZHO,Guanyu Zhou,FIN,Finland,Финляндия,#04276B,Ferrari,#DC0004,0.0,100.0,100.0,0.0,4.0,4.0,13,10,9,11.0,8,13,13.0,20,2,7.70,
2023,2023051,2,5,Charles Leclerc,Ferrari,7.0,7,7,7,7,+52.988,6,16,LEC,6,5,#E01A00,6-5,15,3,1.0,7.16,0.0,0.0,0.4417026526835286,7,0,0,4.0,7.0,0,0,0.0,0.0,57.0,100,0,4.0,4.0,8.0,6.0,1,1.0,0.0,1.0,1.0,92.648,01:32.648,0.178,0.120,0.0579999999999999,14,2.70,7,1.70,7,1.70,10,1.55,10,1.0,7,13,4.40,7,3.25,5,0.087719298245614,3.282,0.0575789473684217,6.32,6.40,5.70,4.46,7.19,6.40,5.29,5.50,4.46,1.0,0.5210222588623249,0.0,0.4626623376623376,1.0,0.5378151260504201,0.0,0.5,7.0,1.0,0.6506787330316742,16.0,17.0,6.0,0.0,0,0.0,0.0,0.0,0.0,0.0,0.0,0.0,0.0,0.0,0.0,0.0,0.0,0.0,0.0,0.0,0.0,6.023333333333333,7.65,25,5,MIA,SAI,Carlos Sainz,MON,Monaco,Монако,#D80000,Ferrari,#DC0004,50.0,50.0,100.0,0.0,34.0,34.0,7,7,10,13.0,14,7,7.0,10,7,7.65,
2023,2023051,2,5,Carlos Sainz,Ferrari,3.0,3,5,5,5,+42.511,10,55,SAI,8,5,#E01A00,8-5,7,3,1.0,9.05,1.0,1.0,0.5582973473164713,3,0,0,2.0,3.0,0,0,1.0,1.0,57.0,100,0,4.0,4.0,8.0,3.0,0,0.0,0.0,0.0,1.0,92.446,01:32.446,0.187,0.085,0.102,16,2.50,5,1.80,12,1.45,9,1.60,11,1.0,12,14,4.30,12,3.05,8,0.1403508771929824,5.785,0.1014912280701748,5.81,5.50,6.62,4.46,3.86,6.40,5.29,5.50,4.46,0.0,0.4789777411376752,1.0,0.5373376623376623,0.0,0.4621848739495798,1.0,0.5,17.0,0.0,0.3493212669683257,16.0,17.0,25.0,0.0,0,0.0,0.0,0.0,0.0,0.0,0.0,0.0,0.0,0.0,0.0,0.0,0.0,0.0,1.0,1.0,0.0,5.533333333333334,7.35,25,5,MIA,LEC,Charles Leclerc,ESP,Spain,Испания,#F7B800,Ferrari,#DC0004,50.0,50.0,0.0,0.0,44.0,44.0,5,3,11,14.0,16,5,12.0,9,12,7.35,
2023,2023051,2,5,Guanyu Zhou,Alfa Romeo,14.0,14,16,16,16,+1:18.440,0,24,ZHO,23,1,#752020,23-1,5,3,1.0,3.84,0.0,0.0,0.4008350730688935,14,0,0,7.0,14.0,0,0,0.0,0.0,57.0,100,-4,1.0,5.0,6.0,16.0,-2,0.0,2.0,2.0,1.0,93.013,01:33.013,0.138,0.094,0.044,3,3.80,16,1.25,17,1.20,19,1.10,12,1.0,17,6,5.05,20,2.30,6,0.1052631578947368,2.625,0.0460526315789473,8.58,3.70,4.04,1.69,8.06,6.40,5.29,5.50,4.46,1.0,0.5567813108371188,0.0,0.4752941176470588,0.0,0.3363636363636363,1.0,0.6282527881040892,4.0,1.0,0.5720369056068134,0.0,17.0,0.0,0.0,0,0.0,0.0,0.0,0.0,0.0,0.0,0.0,0.0,0.0,0.0,0.0,0.0,0.0,0.0,0.0,0.0,6.618333333333333,7.35,25,5,MIA,BOT,Valtteri Bottas,CHN,China,Китай,#F70000,Ferrari,#DC0004,17.0,83.0,0.0,100.0,2.0,2.0,16,14,12,6.0,3,16,20.0,19,17,7.35,
2023,2023051,2,5,Esteban Ocon,Alpine,8.0,8,9,9,9,+58.123,2,31,OCO,13,3,#0E8EDD,13-3,9,4,1.0,6.68,0.0,0.0,0.451656524678837,8,0,0,4.0,8.0,0,0,0.0,0.0,57.0,100,-2,3.0,5.0,8.0,10.0,-2,0.0,2.0,2.0,1.0,92.75,01:32.750,0.176,0.125,0.0509999999999999,11,3.00,9,1.60,16,1.25,14,1.35,13,1.0,16,12,4.60,17,2.60,5,0.087719298245614,2.951,0.0517719298245607,6.43,3.70,5.24,3.08,7.63,6.40,5.29,5.50,4.46,1.0,0.5376254180602006,0.0,0.4952741020793951,0.0,0.3663366336633663,0.0,0.5,6.0,1.0,0.6657940663176265,6.0,6.0,6.0,0.0,0,0.0,0.0,0.0,0.0,0.0,0.0,0.0,0.0,0.0,0.0,0.0,0.0,0.0,0.0,0.0,0.0,5.416666666666667,7.20,25,5,MIA,GAS,Pierre Gasly,FRA,France,Франция,#004CA2,Renault,#FAEF00,38.0,62.0,0.0,100.0,6.0,6.0,9,8,13,12.0,11,9,17.0,14,16,7.20,
2023,2023051,2,5,Pierre Gasly,Alpine,5.0,5,8,8,8,+55.670,4,10,GAS,17,3,#0E8EDD,17-3,9,4,1.0,8.11,1.0,1.0,0.5483434753211629,5,0,0,3.0,5.0,0,0,1.0,1.0,57.0,100,-2,2.0,4.0,6.0,4.0,1,1.0,0.0,1.0,1.0,92.727,01:32.727,0.192,0.096,0.096,18,2.30,8,1.65,5,1.80,13,1.40,14,1.0,5,16,3.95,11,3.20,6,0.1052631578947368,5.809,0.1019122807017538,5.53,6.40,5.34,3.08,3.83,6.40,5.29,5.50,4.46,0.0,0.4623745819397993,1.0,0.5047258979206048,1.0,0.6336633663366336,1.0,0.5,18.0,0.0,0.3342059336823734,6.0,6.0,6.0,0.0,0,0.0,0.0,0.0,0.0,0.0,0.0,0.0,0.0,0.0,0.0,0.0,0.0,0.0,0.0,0.0,0.0,5.266666666666667,7.15,25,5,MIA,OCO,Esteban Ocon,FRA,France,Франция,#004CA2,Renault,#FAEF00,33.0,67.0,100.0,0.0,8.0,8.0,8,5,14,16.0,18,8,11.0,13,5,7.15,
2023,2023051,2,5,Lando Norris,McLaren,16.0,16,17,17,17,+1:27.717,0,4,NOR,4,9,#EE853F,4-9,10,1,1.0,2.89,1.0,1.0,0.6628440366972477,16,0,0,8.0,16.0,0,0,1.0,1.0,57.0,100,-2,1.0,3.0,4.0,19.0,-3,1.0,4.0,5.0,1.0,93.08,01:33.080,0.162,0.083,0.079,6,3.50,17,1.20,19,1.10,15,1.30,15,1.0,19,10,4.70,19,2.40,7,0.1228070175438596,4.404,0.0772631578947367,7.23,2.80,3.73,3.08,5.69,6.40,5.29,5.50,4.46,1.0,0.8784933171324423,1.0,0.788583509513742,0.0,0.2187499999999999,1.0,0.5,11.0,1.0,0.6458569807037458,0.0,35.0,20.0,0.0,0,0.0,0.0,0.0,0.0,0.0,0.0,0.0,0.0,0.0,0.0,0.0,0.0,0.0,0.0,0.0,0.0,5.8,7.10,25,5,MIA,PIA,Oscar Piastri,GBR,Great Britain,Великобритания,#314486,Mercedes,#707070,25.0,75.0,20.0,80.0,10.0,10.0,17,16,15,10.0,6,17,19.0,15,19,7.10,
2023,2023051,2,5,Logan Sargeant,Williams,20.0,20,20,20,20,+1 Lap,0,2,SAR,27,18,#0B4BCD,27-18,21,1,1.0,1.0,0.0,0.0,0.1597444089456869,20,0,0,10.0,20.0,0,0,0.0,0.0,56.0,98,0,0.0,0.0,0.0,18.0,2,2.0,0.0,2.0,1.0,93.379,01:33.379,0.187,0.098,0.089,15,2.60,19,1.10,4,1.85,11,1.50,16,1.0,4,18,3.70,5,3.35,8,0.1428571428571428,5.130,0.0916071428571427,5.81,7.30,2.37,4.46,4.61,6.40,5.29,5.50,4.46,0.0,0.4789777411376752,0.0,0.3511111111111111,1.0,0.6134453781512605,1.0,0.652046783625731,16.0,0.0,0.4623871614844533,0.0,35.0,0.0,0.0,0,0.0,0.0,0.0,0.0,0.0,0.0,0.0,0.0,0.0,0.0,0.0,0.0,0.0,0.0,0.0,0.0,5.833333333333333,7.05,25,5,MIA,ALB,Alexander Albon,USA,USA,США,#071C63,Mercedes,#707070,0.0,0.0,100.0,0.0,0.0,0.0,20,20,16,18.0,15,19,5.0,11,4,7.05,
2023,2023051,2,5,Alexander Albon,Williams,11.0,11,14,14,14,+1:12.861,0,23,ALB,24,18,#0B4BCD,24-18,20,1,1.0,5.26,1.0,1.0,0.8402555910543131,11,0,0,6.0,11.0,0,0,1.0,1.0,57.0,100,-3,1.0,4.0,5.0,12.0,-1,0.0,1.0,1.0,1.0,92.938,01:32.938,0.178,0.102,0.076,13,2.80,14,1.35,15,1.30,17,1.20,17,1.0,15,15,4.15,18,2.50,8,0.1403508771929824,4.657,0.0817017543859656,6.32,4.60,4.38,2.38,5.36,6.40,5.29,5.50,4.46,1.0,0.5210222588623249,1.0,0.6488888888888888,0.0,0.3865546218487395,0.0,0.347953216374269,13.0,1.0,0.5376128385155466,0.0,35.0,0.0,0.0,0,0.0,0.0,0.0,0.0,0.0,0.0,0.0,0.0,0.0,0.0,0.0,0.0,0.0,0.0,0.0,0.0,5.376666666666666,6.65,25,5,MIA,SAR,Logan Sargeant,THA,Thailand,Таиланд,#2E2549,Mercedes,#707070,20.0,80.0,0.0,100.0,1.0,1.0,14,11,17,15.0,13,14,18.0,17,15,6.65,
2023,2023051,2,5,Kevin Magnussen,Haas F1 Team,4.0,4,10,10,10,+1:02.945,1,20,MAG,22,7,#505050,22-7,6,3,1.0,8.58,1.0,1.0,0.6417352281226626,4,0,0,2.0,4.0,0,0,1.0,1.0,57.0,100,-2,2.0,4.0,6.0,7.0,-3,0.0,3.0,3.0,1.0,92.824,01:32.824,0.191,0.149,0.042,17,2.40,12,1.45,18,1.15,12,1.45,18,1.0,18,17,3.85,16,2.60,4,0.0701754385964912,2.617,0.0459122807017547,5.58,2.80,4.90,3.08,8.07,6.40,5.29,5.50,4.46,1.0,0.7449933244325767,1.0,0.532608695652174,0.0,0.3043478260869565,1.0,0.5641025641025641,3.0,1.0,0.8897464167585447,1.0,17.0,1.0,0.0,0,0.0,0.0,0.0,0.0,0.0,0.0,0.0,0.0,0.0,0.0,0.0,0.0,0.0,0.0,0.0,0.0,4.7,6.45,25,5,MIA,HUL,Nico Hulkenberg,DEN,Denmark,Дания,#D20019,Ferrari,#DC0004,33.0,67.0,0.0,100.0,2.0,2.0,10,4,18,17.0,17,12,16.0,12,18,6.45,
2023,2023051,2,5,Oscar Piastri,McLaren,19.0,19,19,19,19,+1 Lap,0,81,PIA,28,9,#EE853F,28-9,2,1,1.0,1.47,0.0,0.0,0.3371559633027522,19,0,0,10.0,19.0,0,0,0.0,0.0,56.0,98,-2,0.0,2.0,2.0,14.0,5,5.0,0.0,5.0,1.0,93.681,01:33.681,0.272,0.152,0.12,20,2.10,20,1.05,1,2.00,16,1.25,19,1.0,1,20,3.15,9,3.25,5,0.0892857142857142,6.226,0.1111785714285714,1.00,10.00,1.00,3.08,3.12,6.40,5.29,5.50,4.46,0.0,0.1215066828675577,0.0,0.2114164904862579,1.0,0.78125,0.0,0.5,19.0,0.0,0.3541430192962542,0.0,35.0,0.0,1.0,0,0.0,0.0,0.0,1.0,0.0,1.0,0.0,0.0,0.0,0.0,0.0,0.0,0.0,0.0,0.0,0.0,2.8466666666666662,6.40,25,5,MIA,NOR,Lando Norris,AUS,Australia,Австралия,#F7C900,Mercedes,#707070,0.0,100.0,100.0,0.0,4.0,4.0,19,19,19,20.0,20,20,9.0,16,1,6.40,
2023,2023051,2,5,Nico Hulkenberg,Haas F1 Team,12.0,12,15,15,15,+1:14.950,0,27,HUL,25,7,#505050,25-7,11,3,1.0,4.79,0.0,0.0,0.3582647718773373,12,0,0,6.0,12.0,0,0,0.0,0.0,57.0,100,-3,1.0,4.0,5.0,11.0,1,1.0,0.0,1.0,1.0,92.956,01:32.956,0.256,0.112,0.144,19,2.20,15,1.30,8,1.65,18,1.15,20,1.0,8,19,3.50,14,2.80,9,0.1578947368421052,7.932,0.1391578947368424,1.91,6.40,4.30,2.38,1.0,6.40,5.29,5.50,4.46,0.0,0.2550066755674232,0.0,0.4673913043478261,1.0,0.6956521739130436,0.0,0.4358974358974359,20.0,0.0,0.1102535832414553,1.0,17.0,0.0,0.0,0,0.0,0.0,0.0,0.0,0.0,0.0,0.0,0.0,0.0,0.0,0.0,0.0,0.0,0.0,0.0,0.0,2.736666666666667,6.30,25,5,MIA,MAG,Kevin Magnussen,GER,Germany,Германия,#000000,Ferrari,#DC0004,20.0,80.0,100.0,0.0,6.0,6.0,15,12,20,19.0,19,15,14.0,18,8,6.30,
2023,2023061,2,6,Max Verstappen,Red Bull Racing,1.0,1,1,1,1,1:48:51.980,25,1,VER,2,14,#405585,2-14,16,2,1.0,10.0,1.0,1.0,0.9090909090909092,1,0,0,1.0,1.0,0,0,1.0,1.0,78.0,100,0,0.0,0.0,0.0,1.0,0,0.0,0.0,0.0,1.0,82.86,01:22.860,0.388,0.389,0.001,5,3.60,2,1.95,4,1.85,9,1.60,1,1.0,4,5,5.55,2,3.45,3,0.0384615384615384,1.044,0.0133846153846155,9.02,7.75,5.51,7.00,9.92,7.42,3.92,7.75,7.00,1.0,0.5698041692987997,1.0,0.5715767634854771,1.0,0.5,0.0,0.4666666666666667,2.0,1.0,0.5456545654565457,25.0,25.0,25.0,1.0,0,1.0,0.0,0.0,0.0,0.0,1.0,0.0,1.0,0.0,0.0,1.0,1.0,0.0,0.0,1.0,78.0,8.471666666666666,9.00,27,6,MON,PER,Sergio Perez,NLD,Netherlands,Нидерланды,#F75600,Honda,#DE0000,0.0,0.0,0.0,0.0,144.0,144.0,1,1,1,5.0,5,2,2.0,9,4,9.00,
2023,2023061,2,6,Lando Norris,McLaren,10.0,10,9,9,9,+1 Lap,2,4,NOR,4,9,#EE853F,4-9,10,1,1.0,5.74,1.0,1.0,0.5218181818181818,10,0,0,5.0,10.0,0,0,1.0,1.0,77.0,99,2,2.0,0.0,2.0,10.0,0,0.0,0.0,0.0,1.0,83.709,01:23.709,0.274,0.256,0.018,1,4.00,10,1.55,13,1.40,2,1.95,2,1.0,13,3,5.55,4,3.35,5,0.0649350649350649,2.353,0.0305584415584409,10.00,7.75,4.30,9.00,9.7,7.42,3.92,7.75,7.00,1.0,0.5425935973955507,1.0,0.5269607843137255,1.0,0.5,1.0,0.5625,5.0,1.0,0.5315068493150684,3.0,44.0,25.0,1.0,0,0.0,1.0,0.0,0.0,0.0,1.0,0.0,0.0,0.0,0.0,0.0,0.0,0.0,0.0,0.0,0.0,9.458333333333334,8.90,27,6,MON,PIA,Oscar Piastri,GBR,Great Britain,Великобритания,#314486,Mercedes,#707070,100.0,0.0,0.0,0.0,12.0,12.0,9,10,2,3.0,1,10,4.0,2,13,8.90,
2023,2023061,2,6,Esteban Ocon,Alpine,4.0,3,3,3,3,+36.990,15,31,OCO,13,3,#0E8EDD,13-3,9,4,1.0,8.58,1.0,1.0,0.5451080050825922,3,0,0,2.0,3.0,0,0,1.0,1.0,78.0,100,0,0.0,0.0,0.0,3.0,0,0.0,0.0,0.0,1.0,83.488,01:23.488,0.352,0.351,0.001,4,3.70,4,1.85,6,1.75,11,1.50,3,1.0,6,4,5.55,5,3.25,2,0.0256410256410256,0.533,0.0068333333333335,9.33,7.75,4.62,7.00,10.0,7.42,3.92,7.75,7.00,1.0,0.5349770642201835,1.0,0.5173572228443449,1.0,0.5,1.0,0.5,1.0,1.0,0.5376344086021505,21.0,21.0,21.0,0.0,0,0.0,0.0,0.0,0.0,0.0,0.0,0.0,0.0,0.0,1.0,1.0,0.0,0.0,0.0,0.0,0.0,8.678333333333333,8.80,27,6,MON,GAS,Pierre Gasly,FRA,France,Франция,#004CA2,Renault,#FAEF00,0.0,0.0,0.0,0.0,21.0,21.0,3,3,3,4.0,4,4,5.0,11,6,8.80,
2023,2023061,2,6,Fernando Alonso,Aston Martin,2.0,2,2,2,2,+27.921,18,14,ALO,19,4,#23675D,19-4,7,1,1.0,9.53,1.0,1.0,0.712789827973074,2,0,0,1.0,2.0,0,0,1.0,,78.0,100,0,0.0,0.0,0.0,2.0,0,0.0,0.0,0.0,1.0,82.866,01:22.866,0.429,0.409,0.02,7,3.40,3,1.90,5,1.80,10,1.55,4,1.0,5,6,5.30,3,3.35,4,0.0512820512820512,2.636,0.0337948717948721,8.67,7.75,5.50,7.00,9.66,7.42,3.92,7.75,7.00,0.0,0.4792703150912106,0.0,0.3548387096774194,1.0,0.8857142857142857,0.0,0.4666666666666667,7.0,1.0,0.5457627118644068,18.0,44.0,22.0,0.0,0,0.0,0.0,0.0,0.0,0.0,0.0,0.0,0.0,1.0,0.0,1.0,0.0,1.0,0.0,1.0,0.0,8.238333333333333,8.65,27,6,MON,STR,Lance Stroll,ESP,Spain,Испания,#F7B800,Mercedes,#707070,0.0,0.0,0.0,0.0,93.0,93.0,2,2,4,6.0,7,3,3.0,10,5,8.65,
2023,2023061,2,6,Lance Stroll,Aston Martin,14.0,14,-,DNF,20,-,0,18,STR,10,4,#23675D,10-4,4,1,1.0,3.84,0.0,0.0,0.2872101720269259,14,0,0,7.0,14.0,1,0,0.0,,53.0,68,1,2.0,1.0,3.0,17.0,-3,0.0,3.0,3.0,1.0,79.699,01:19.699,0.342,0.190,0.152,3,3.80,1,2.00,20,1.05,6,1.75,5,1.0,20,1,5.80,16,2.80,6,0.1132075471698113,8.672,0.1636226415094344,9.42,1.00,10.00,8.00,8.04,7.42,3.92,7.75,7.00,1.0,0.5207296849087893,1.0,0.6451612903225806,0.0,0.1142857142857142,1.0,0.5333333333333333,15.0,0.0,0.4542372881355931,18.0,44.0,0.0,1.0,0,0.0,0.0,1.0,0.0,0.0,1.0,0.0,0.0,0.0,0.0,0.0,0.0,0.0,0.0,0.0,0.0,7.78,8.60,27,6,MON,ALO,Fernando Alonso,CAN,Canada,Канада,#E30000,Mercedes,#707070,67.0,33.0,0.0,100.0,27.0,27.0,9,14,5,1.0,3,1,16.0,6,20,8.60,
2023,2023061,2,6,Valtteri Bottas,Alfa Romeo,15.0,15,11,11,11,+1 Lap,0,77,BOT,3,1,#752020,3-1,8,3,1.0,3.37,1.0,1.0,0.6962809917355373,15,0,0,8.0,15.0,0,0,1.0,1.0,77.0,99,3,3.0,0.0,3.0,14.0,1,1.0,0.0,1.0,1.0,84.689,01:24.689,0.477,0.362,0.1149999999999999,10,3.10,14,1.35,1,2.00,1,2.00,6,1.0,1,12,4.45,1,4.00,6,0.0779220779220779,9.107,0.1182727272727268,8.26,10.00,2.91,10.00,8.61,7.42,3.92,7.75,7.00,1.0,0.5349740932642487,1.0,0.5233812949640287,1.0,0.5633802816901409,1.0,0.5555555555555556,9.0,1.0,0.5205562273276905,0.0,12.0,0.0,1.0,1,0.0,0.0,0.0,1.0,1.0,2.0,0.0,0.0,0.0,0.0,0.0,0.0,0.0,0.0,0.0,0.0,8.84,8.45,27,6,MON,ZHO,Guanyu Zhou,FIN,Finland,Финляндия,#04276B,Ferrari,#DC0004,100.0,0.0,100.0,0.0,4.0,4.0,11,15,6,12.0,10,14,1.0,1,1,8.45,
2023,2023061,2,6,George Russell,Mercedes,8.0,8,5,5,5,+56.284,10,63,RUS,14,10,#08ABA3,14-10,10,1,1.0,6.68,0.0,0.0,0.46680642907058,8,0,0,4.0,8.0,0,0,0.0,0.0,78.0,100,0,0.0,0.0,0.0,8.0,0,0.0,0.0,0.0,1.0,83.492,01:23.492,0.337,0.310,0.027,2,3.90,6,1.75,11,1.50,16,1.25,7,1.0,11,2,5.65,17,2.75,2,0.0256410256410256,2.220,0.0284615384615388,9.46,7.75,4.61,7.00,9.73,7.42,3.92,7.75,7.00,1.0,0.5341614906832298,1.0,0.5021786492374728,0.0,0.5,0.0,0.5,4.0,1.0,0.5148148148148148,23.0,44.0,25.0,0.0,0,0.0,0.0,0.0,0.0,0.0,0.0,0.0,0.0,0.0,0.0,0.0,0.0,0.0,0.0,0.0,0.0,8.765,8.40,27,6,MON,HAM,Lewis Hamilton,GBR,Great Britain,Великобритания,#314486,Mercedes,#707070,0.0,0.0,0.0,0.0,50.0,50.0,5,8,7,2.0,2,6,17.0,16,11,8.40,
2023,2023061,2,6,Carlos Sainz,Ferrari,5.0,4,8,8,8,+1:03.391,4,55,SAI,8,5,#E01A00,8-5,7,3,1.0,8.11,0.0,0.0,0.4726107226107225,4,0,0,2.0,4.0,0,0,0.0,0.0,78.0,100,0,0.0,0.0,0.0,4.0,0,0.0,0.0,0.0,1.0,83.49,01:23.490,0.450,0.426,0.024,8,3.30,5,1.80,7,1.70,12,1.45,8,1.0,7,8,5.10,6,3.15,3,0.0384615384615384,2.516,0.0322564102564101,8.49,7.75,4.61,7.00,9.68,7.42,3.92,7.75,7.00,0.0,0.4901847575057736,1.0,0.5060373216245885,1.0,0.5,1.0,0.5,6.0,0.0,0.4987120041215868,12.0,12.0,22.0,0.0,0,0.0,0.0,0.0,0.0,0.0,0.0,0.0,0.0,0.0,0.0,0.0,0.0,0.0,0.0,0.0,0.0,8.118333333333334,8.25,27,6,MON,LEC,Charles Leclerc,ESP,Spain,Испания,#F7B800,Ferrari,#DC0004,0.0,0.0,0.0,0.0,48.0,48.0,8,4,8,8.0,8,5,6.0,12,7,8.25,
2023,2023061,2,6,Charles Leclerc,Ferrari,3.0,6,6,6,6,+1:01.890,8,16,LEC,6,5,#E01A00,6-5,15,3,1.0,9.05,1.0,1.0,0.5273892773892774,6,0,0,3.0,6.0,0,0,1.0,1.0,78.0,100,0,0.0,0.0,0.0,6.0,0,0.0,0.0,0.0,1.0,83.569,01:23.569,0.411,0.406,0.0049999999999999,6,3.50,8,1.65,9,1.60,14,1.35,9,1.0,9,7,5.15,13,2.95,5,0.0641025641025641,2.201,0.028217948717949,8.83,7.75,4.50,7.00,9.73,7.42,3.92,7.75,7.00,1.0,0.5098152424942263,0.0,0.4939626783754117,0.0,0.5,0.0,0.5,3.0,1.0,0.5012879958784132,12.0,12.0,8.0,0.0,0,0.0,0.0,0.0,0.0,0.0,0.0,0.0,0.0,0.0,0.0,0.0,0.0,0.0,1.0,1.0,0.0,8.345,8.10,27,6,MON,SAI,Carlos Sainz,MON,Monaco,Монако,#D80000,Ferrari,#DC0004,0.0,0.0,0.0,0.0,42.0,42.0,6,6,9,7.0,6,8,13.0,14,9,8.10,
2023,2023061,2,6,Lewis Hamilton,Mercedes,6.0,5,4,4,4,+39.062,13,44,HAM,1,10,#08ABA3,1-10,10,1,1.0,7.63,1.0,1.0,0.53319357092942,5,0,0,3.0,5.0,0,0,1.0,1.0,78.0,100,0,0.0,0.0,0.0,5.0,0,0.0,0.0,0.0,1.0,83.522,01:23.522,0.478,0.429,0.0489999999999999,11,3.00,7,1.70,8,1.65,13,1.40,10,1.0,8,9,4.70,9,3.05,7,0.0897435897435897,5.724,0.0733846153846159,8.25,7.75,4.57,7.00,9.17,7.42,3.92,7.75,7.00,0.0,0.4658385093167702,0.0,0.4978213507625272,1.0,0.5,1.0,0.5,8.0,0.0,0.4851851851851852,23.0,44.0,25.0,0.0,0,0.0,0.0,0.0,0.0,0.0,0.0,1.0,0.0,0.0,0.0,0.0,0.0,0.0,0.0,0.0,0.0,7.958333333333333,7.75,27,6,MON,RUS,George Russell,GBR,Great Britain,Великобритания,#314486,Mercedes,#707070,0.0,0.0,0.0,0.0,69.0,69.0,4,5,10,9.0,11,7,9.0,13,8,7.75,
2023,2023061,2,6,Pierre Gasly,Alpine,7.0,7,7,7,7,+1:02.362,6,10,GAS,17,3,#0E8EDD,17-3,9,4,1.0,7.16,0.0,0.0,0.4548919949174079,7,0,0,4.0,7.0,0,0,0.0,0.0,78.0,100,0,0.0,0.0,0.0,7.0,0,0.0,0.0,0.0,1.0,83.702,01:23.702,0.495,0.413,0.082,12,2.90,9,1.60,10,1.55,15,1.30,11,1.0,10,11,4.50,14,2.85,9,0.1153846153846153,9.247,0.1185512820512815,8.11,7.75,4.31,7.00,8.6,7.42,3.92,7.75,7.00,0.0,0.4650229357798165,0.0,0.482642777155655,0.0,0.5,0.0,0.5,10.0,0.0,0.4623655913978494,21.0,21.0,21.0,0.0,0,0.0,0.0,0.0,0.0,0.0,0.0,0.0,0.0,0.0,0.0,0.0,0.0,0.0,0.0,0.0,0.0,7.864999999999999,7.35,27,6,MON,OCO,Esteban Ocon,FRA,France,Франция,#004CA2,Renault,#FAEF00,0.0,0.0,0.0,0.0,14.0,14.0,7,7,11,11.0,12,9,14.0,15,10,7.35,
2023,2023061,2,6,Oscar Piastri,McLaren,11.0,11,10,10,10,+1 Lap,1,81,PIA,28,9,#EE853F,28-9,2,1,1.0,5.26,0.0,0.0,0.4781818181818181,11,0,0,6.0,11.0,0,0,0.0,0.0,77.0,99,0,1.0,1.0,2.0,11.0,0,0.0,0.0,0.0,1.0,84.016,01:24.016,0.458,0.365,0.093,9,3.20,12,1.45,14,1.35,17,1.20,12,1.0,14,10,4.65,19,2.55,7,0.0909090909090909,9.483,0.1231558441558434,8.43,7.75,3.86,7.00,8.55,7.42,3.92,7.75,7.00,0.0,0.4574064026044492,0.0,0.4730392156862745,0.0,0.5,0.0,0.4375,12.0,0.0,0.4684931506849315,3.0,44.0,1.0,0.0,0,0.0,0.0,0.0,0.0,0.0,0.0,0.0,0.0,0.0,0.0,0.0,0.0,0.0,0.0,0.0,0.0,8.078333333333333,7.20,27,6,MON,NOR,Lando Norris,AUS,Australia,Австралия,#F7C900,Mercedes,#707070,50.0,50.0,0.0,0.0,5.0,5.0,10,11,12,10.0,9,12,19.0,17,14,7.20,
2023,2023061,2,6,Nyck De Vries,Alpha Tauri,12.0,12,12,12,12,+1 Lap,0,21,DEV,26,2,#5F86E1,26-2,16,2,1.0,4.79,0.0,0.0,0.4354545454545455,12,0,0,6.0,12.0,0,0,1.0,1.0,77.0,99,1,1.0,0.0,1.0,12.0,0,0.0,0.0,0.0,1.0,84.759,01:24.759,0.499,0.368,0.131,13,2.80,15,1.30,15,1.30,5,1.80,13,1.0,15,14,4.10,8,3.10,6,0.0779220779220779,11.884,0.1543376623376618,8.08,7.75,2.81,8.00,8.16,7.42,3.92,7.75,7.00,1.0,0.7026086956521739,1.0,0.5758196721311476,0.0,0.5,1.0,0.8888888888888888,14.0,1.0,0.6903553299492385,0.0,25.0,25.0,0.0,0,0.0,0.0,0.0,0.0,0.0,0.0,0.0,0.0,0.0,0.0,0.0,0.0,0.0,0.0,0.0,0.0,8.011666666666667,7.20,27,6,MON,TSU,Yuki Tsunoda,NLD,Netherlands,Нидерланды,#F75600,Honda,#DE0000,100.0,0.0,0.0,0.0,0.0,0.0,12,12,13,14.0,13,15,8.0,5,15,7.20,
2023,2023061,2,6,Nico Hulkenberg,Haas F1 Team,18.0,18,17,17,17,+2 Laps,0,27,HUL,25,7,#505050,25-7,11,3,1.0,1.95,0.0,0.0,0.4462242562929062,18,0,0,9.0,18.0,0,0,1.0,,76.0,97,2,2.0,0.0,2.0,20.0,0,0.0,0.0,0.0,1.0,84.484,01:24.484,0.600,0.449,0.1509999999999999,14,2.70,13,1.40,17,1.20,4,1.85,14,1.0,17,13,4.10,12,3.05,7,0.0921052631578947,12.981,0.1708026315789473,7.21,7.75,3.20,9.00,7.95,7.42,3.92,7.75,7.00,1.0,0.7034146341463414,1.0,0.7619047619047619,0.0,0.4366197183098591,1.0,0.6923076923076923,16.0,0.0,0.4809437386569872,0.0,12.0,0.0,0.0,0,0.0,0.0,0.0,0.0,0.0,0.0,0.0,0.0,0.0,0.0,0.0,0.0,0.0,0.0,0.0,0.0,7.598333333333334,7.15,27,6,MON,MAG,Kevin Magnussen,GER,Germany,Германия,#000000,Ferrari,#DC0004,100.0,0.0,0.0,0.0,6.0,6.0,17,18,14,13.0,14,13,12.0,4,17,7.15,
2023,2023061,2,6,Alexander Albon,Williams,13.0,13,14,14,14,+1 Lap,0,23,ALB,24,18,#0B4BCD,24-18,20,1,1.0,4.32,1.0,1.0,0.5991678224687933,13,0,0,7.0,13.0,0,0,1.0,1.0,77.0,99,2,2.0,0.0,2.0,13.0,0,0.0,0.0,0.0,1.0,85.097,01:25.097,0.806,0.460,0.346,17,2.40,17,1.20,16,1.25,3,1.90,15,1.0,16,17,3.60,7,3.15,8,0.1038961038961039,24.929,0.3237532467532464,5.45,7.75,2.33,9.00,6.04,7.42,3.92,7.75,7.00,1.0,0.8449612403100776,1.0,0.6976047904191617,0.0,0.4366197183098591,1.0,0.75,18.0,1.0,0.8579545454545454,0.0,44.0,0.0,0.0,0,0.0,0.0,0.0,0.0,0.0,0.0,0.0,0.0,0.0,0.0,0.0,0.0,0.0,0.0,0.0,0.0,6.425,6.75,27,6,MON,SAR,Logan Sargeant,THA,Thailand,Таиланд,#2E2549,Mercedes,#707070,100.0,0.0,0.0,0.0,1.0,1.0,14,13,15,17.0,17,17,7.0,3,16,6.75,
2023,2023061,2,6,Sergio Perez,Red Bull Racing,20.0,20,16,16,16,+2 Laps,0,11,PER,5,14,#405585,5-14,14,2,1.0,1.0,0.0,0.0,0.0909090909090909,20,0,0,10.0,20.0,0,0,0.0,0.0,76.0,97,1,2.0,1.0,3.0,18.0,0,0.0,0.0,0.0,1.0,83.827,01:23.827,0.647,0.493,0.154,16,2.50,11,1.50,19,1.10,8,1.65,16,1.0,19,15,4.00,18,2.75,5,0.0657894736842105,11.116,0.1462631578947366,6.81,7.75,4.13,8.00,8.26,7.42,3.92,7.75,7.00,0.0,0.4301958307012002,0.0,0.4284232365145228,0.0,0.5,1.0,0.5333333333333333,13.0,0.0,0.4543454345434543,25.0,25.0,0.0,0.0,0,0.0,0.0,0.0,0.0,0.0,0.0,0.0,0.0,0.0,0.0,0.0,0.0,0.0,0.0,0.0,0.0,7.164999999999999,6.75,27,6,MON,VER,Max Verstappen,MEX,Mexico,Мексика,#006640,Honda,#DE0000,67.0,33.0,0.0,0.0,105.0,105.0,16,20,16,15.0,16,11,18.0,8,19,6.75,
2023,2023061,2,6,Guanyu Zhou,Alfa Romeo,19.0,19,13,13,13,+1 Lap,0,24,ZHO,23,1,#752020,23-1,5,3,1.0,1.47,0.0,0.0,0.3037190082644628,19,0,0,10.0,19.0,0,0,0.0,0.0,77.0,99,1,2.0,1.0,3.0,19.0,0,0.0,0.0,0.0,1.0,84.868,01:24.868,0.604,0.451,0.1529999999999999,15,2.60,16,1.25,18,1.15,7,1.70,17,1.0,18,16,3.85,15,2.85,7,0.0909090909090909,13.313,0.1728961038961037,7.18,7.75,2.65,8.00,7.93,7.42,3.92,7.75,7.00,0.0,0.4650259067357513,0.0,0.4766187050359711,0.0,0.4366197183098591,0.0,0.4444444444444444,17.0,0.0,0.4794437726723096,0.0,12.0,0.0,0.0,0,0.0,0.0,0.0,0.0,0.0,0.0,0.0,0.0,0.0,0.0,0.0,0.0,0.0,0.0,0.0,0.0,7.411666666666666,6.70,27,6,MON,BOT,Valtteri Bottas,CHN,China,Китай,#F70000,Ferrari,#DC0004,67.0,33.0,0.0,0.0,2.0,2.0,13,19,17,16.0,15,16,15.0,7,18,6.70,
2023,2023061,2,6,Kevin Magnussen,Haas F1 Team,17.0,17,-,DNF,19,-,0,20,MAG,22,7,#505050,22-7,6,3,1.0,2.42,1.0,1.0,0.5537757437070938,17,0,0,9.0,17.0,1,0,0.0,,71.0,91,-3,1.0,4.0,5.0,16.0,1,1.0,0.0,1.0,1.0,86.032,01:26.032,1.088,1.027,0.0610000000000001,19,2.20,20,1.05,3,1.90,18,1.15,18,1.0,3,19,3.25,11,3.05,5,0.0704225352112676,8.534,0.1201971830985914,3.04,10.00,1.00,4.00,8.58,7.42,3.92,7.75,7.00,0.0,0.2965853658536585,0.0,0.238095238095238,1.0,0.5633802816901409,0.0,0.3076923076923077,11.0,1.0,0.5190562613430126,0.0,12.0,0.0,0.0,0,0.0,0.0,0.0,0.0,0.0,0.0,0.0,0.0,0.0,0.0,0.0,0.0,0.0,0.0,0.0,0.0,4.36,6.30,27,6,MON,HUL,Nico Hulkenberg,DEN,Denmark,Дания,#D20019,Ferrari,#DC0004,20.0,80.0,100.0,0.0,2.0,2.0,14,17,18,19.0,19,20,11.0,18,3,6.30,
2023,2023061,2,6,Logan Sargeant,Williams,16.0,16,18,18,18,+2 Laps,0,2,SAR,27,18,#0B4BCD,27-18,21,1,1.0,2.89,0.0,0.0,0.4008321775312066,16,0,0,8.0,16.0,0,0,0.0,0.0,76.0,97,-4,0.0,4.0,4.0,15.0,1,1.0,0.0,1.0,1.0,86.028,01:26.028,1.326,0.545,0.781,20,2.10,19,1.10,2,1.95,19,1.10,19,1.0,2,20,3.20,10,3.05,8,0.1052631578947368,55.286,0.7274473684210534,1.00,10.00,1.01,3.00,1.0,7.42,3.92,7.75,7.00,0.0,0.1550387596899224,0.0,0.3023952095808383,1.0,0.5633802816901409,0.0,0.25,20.0,0.0,0.1420454545454545,0.0,44.0,0.0,0.0,0,0.0,0.0,0.0,0.0,0.0,0.0,0.0,0.0,0.0,0.0,0.0,0.0,0.0,0.0,0.0,0.0,2.833333333333333,6.25,27,6,MON,ALB,Alexander Albon,USA,USA,США,#071C63,Mercedes,#707070,0.0,100.0,100.0,0.0,0.0,0.0,18,16,19,20.0,20,19,10.0,19,2,6.25,
2023,2023061,2,6,Yuki Tsunoda,Alpha Tauri,9.0,9,15,15,15,+2 Laps,0,22,TSU,9,2,#5F86E1,9-2,13,2,1.0,6.21,1.0,1.0,0.5645454545454546,9,0,0,5.0,9.0,0,0,0.0,0.0,76.0,97,-6,0.0,6.0,6.0,9.0,0,0.0,0.0,0.0,1.0,85.281,01:25.281,1.043,0.496,0.5469999999999999,18,2.30,18,1.15,12,1.45,20,1.05,20,1.0,12,18,3.45,20,2.50,3,0.0394736842105263,39.117,0.5146973684210522,3.42,7.75,2.07,1.00,3.66,7.42,3.92,7.75,7.00,0.0,0.297391304347826,0.0,0.4241803278688524,1.0,0.5,0.0,0.1111111111111111,19.0,0.0,0.3096446700507614,0.0,25.0,0.0,0.0,0,0.0,0.0,0.0,0.0,0.0,0.0,0.0,0.0,0.0,0.0,0.0,0.0,0.0,0.0,0.0,0.0,3.738333333333333,5.95,27,6,MON,DEV,Nyck De Vries,JPN,Japan,Япония,#C60018,Honda,#DE0000,0.0,100.0,0.0,0.0,2.0,2.0,15,9,20,18.0,18,18,20.0,20,12,5.95,
2023,2023071,2,7,George Russell,Mercedes,12.0,12,3,3,3,+32.389,15,63,RUS,14,10,#08ABA3,14-10,10,1,1.0,4.79,0.0,0.0,0.3713178294573644,12,0,0,6.0,12.0,0,0,0.0,0.0,66.0,100,4,4.0,0.0,4.0,7.0,4,4.0,0.0,4.0,1.0,79.611,01:19.611,0.125,0.099,0.0259999999999999,1,4.00,3,1.90,1,2.00,2,1.95,1,1.0,1,1,5.90,1,3.95,5,0.0757575757575757,1.831,0.0277424242424245,10.00,10.00,7.88,8.62,10.0,7.70,5.30,6.00,5.85,1.0,0.5580357142857142,0.0,0.4796104686548996,1.0,0.6666666666666666,1.0,0.5438485804416403,1.0,1.0,0.5417118093174431,33.0,47.0,33.0,1.0,1,1.0,1.0,0.0,1.0,0.0,3.0,0.0,0.0,0.0,1.0,1.0,0.0,0.0,0.0,0.0,0.0,9.77,9.85,34,7,ESP,HAM,Lewis Hamilton,GBR,Great Britain,Великобритания,#314486,Mercedes,#707070,100.0,0.0,100.0,0.0,65.0,65.0,3,12,1,1.0,1,3,1.0,2,1,9.85,
2023,2023071,2,7,Fernando Alonso,Aston Martin,9.0,8,7,7,7,+1:04.127,6,14,ALO,19,4,#23675D,19-4,7,1,1.0,6.21,0.0,0.0,0.4486994219653179,8,0,0,4.0,8.0,0,0,0.0,0.0,66.0,100,2,4.0,2.0,6.0,6.0,1,1.0,0.0,1.0,1.0,80.093,01:20.093,0.157,0.105,0.052,4,3.70,8,1.65,6,1.75,7,1.70,2,1.0,6,4,5.35,3,3.45,8,0.1212121212121212,3.198,0.0484545454545451,9.11,7.00,5.46,7.23,9.15,7.70,5.30,6.00,5.85,0.0,0.4850905218317358,0.0,0.4932249322493224,0.0,0.5,1.0,0.6184773310521813,3.0,1.0,0.511744966442953,14.0,47.0,16.0,0.0,0,0.0,0.0,0.0,0.0,0.0,0.0,0.0,0.0,0.0,0.0,0.0,0.0,0.0,0.0,0.0,0.0,8.445,8.80,34,7,ESP,STR,Lance Stroll,ESP,Spain,Испания,#F7B800,Mercedes,#707070,67.0,33.0,100.0,0.0,99.0,99.0,7,8,2,4.0,4,8,3.0,7,6,8.80,
2023,2023071,2,7,Max Verstappen,Red Bull Racing,1.0,1,1,1,1,1:27:57.940,26,1,VER,2,14,#405585,2-14,16,2,1.0,10.0,1.0,1.0,0.6553079947575361,1,0,0,1.0,1.0,0,0,1.0,1.0,66.0,100,0,0.0,0.0,0.0,1.0,0,0.0,0.0,0.0,1.0,79.188,01:19.188,0.159,0.110,0.049,6,3.50,1,2.00,8,1.65,10,1.55,3,1.0,8,3,5.50,9,3.20,8,0.1212121212121212,3.178,0.0481515151515151,9.06,6.00,10.00,5.85,9.16,7.70,5.30,6.00,5.85,1.0,0.5370480142264374,1.0,0.5672149744753262,1.0,0.5454545454545454,0.0,0.3690851735015772,2.0,1.0,0.5183927560837578,38.0,38.0,26.0,1.0,0,0.0,0.0,1.0,0.0,0.0,1.0,1.0,1.0,0.0,0.0,1.0,1.0,0.0,0.0,1.0,66.0,8.015,8.70,34,7,ESP,PER,Sergio Perez,NLD,Netherlands,Нидерланды,#F75600,Honda,#DE0000,0.0,0.0,0.0,0.0,170.0,170.0,1,1,3,3.0,6,1,9.0,10,8,8.70,
2023,2023071,2,7,Lance Stroll,Aston Martin,6.0,5,6,6,6,+1:03.320,8,18,STR,10,4,#23675D,10-4,4,1,1.0,7.63,1.0,1.0,0.5513005780346821,5,0,0,3.0,5.0,0,0,1.0,1.0,66.0,100,-2,0.0,2.0,2.0,3.0,1,1.0,0.0,1.0,1.0,80.064,01:20.064,0.137,0.077,0.06,3,3.80,6,1.75,5,1.80,14,1.35,4,1.0,5,2,5.55,10,3.15,10,0.1515151515151515,3.869,0.0586212121212125,9.67,7.00,5.61,4.46,8.73,7.70,5.30,6.00,5.85,1.0,0.514909478168264,1.0,0.5067750677506775,1.0,0.5,0.0,0.3815226689478186,6.0,0.0,0.4882550335570469,14.0,47.0,8.0,0.0,0,0.0,0.0,0.0,0.0,0.0,0.0,0.0,0.0,0.0,0.0,0.0,0.0,0.0,0.0,0.0,0.0,8.356666666666667,8.70,34,7,ESP,ALO,Fernando Alonso,CAN,Canada,Канада,#E30000,Mercedes,#707070,0.0,100.0,100.0,0.0,35.0,35.0,6,5,4,2.0,3,6,10.0,14,5,8.70,
2023,2023071,2,7,Charles Leclerc,Ferrari,19.0,19,11,11,11,+1:14.419,0,16,LEC,6,5,#E01A00,6-5,15,3,1.0,1.47,0.0,0.0,0.1336363636363636,19,0,0,10.0,19.0,0,0,0.0,0.0,66.0,100,4,5.0,1.0,6.0,20.0,0,0.0,0.0,0.0,1.0,80.089,01:20.089,0.176,0.105,0.071,9,3.20,7,1.70,12,1.45,3,1.90,5,1.0,12,9,4.90,6,3.35,9,0.1363636363636363,4.633,0.0701969696969702,8.58,6.00,5.48,8.62,8.25,7.70,5.30,6.00,5.85,0.0,0.4911276473955352,0.0,0.4484451718494271,0.0,0.5,1.0,0.6957223567393059,9.0,1.0,0.502436053593179,10.0,12.0,0.0,0.0,0,0.0,0.0,0.0,0.0,0.0,0.0,0.0,0.0,0.0,0.0,0.0,0.0,0.0,0.0,0.0,0.0,8.156666666666666,8.25,34,7,ESP,SAI,Carlos Sainz,MON,Monaco,Монако,#D80000,Ferrari,#DC0004,83.0,17.0,0.0,0.0,42.0,42.0,11,19,5,9.0,9,7,6.0,3,12,8.25,
2023,2023071,2,7,Pierre Gasly,Alpine,4.0,10,10,10,10,+1:13.530,1,10,GAS,17,3,#0E8EDD,17-3,9,4,1.0,8.58,1.0,1.0,0.5451080050825922,10,0,0,5.0,10.0,0,0,0.0,0.0,66.0,100,3,3.0,0.0,3.0,15.0,-5,0.0,5.0,5.0,1.0,80.098,01:20.098,0.159,0.116,0.043,5,3.60,9,1.60,20,1.05,4,1.85,6,1.0,20,5,5.20,13,2.90,7,0.106060606060606,3.522,0.0533636363636353,9.06,1.00,5.43,7.92,8.94,7.70,5.30,6.00,5.85,1.0,0.5095613048368954,1.0,0.510818438381938,0.0,0.1428571428571428,1.0,0.6059678653404743,4.0,1.0,0.5385542168674698,5.0,5.0,5.0,0.0,0,0.0,0.0,0.0,0.0,0.0,0.0,0.0,0.0,0.0,0.0,0.0,0.0,0.0,0.0,0.0,0.0,7.526666666666667,8.10,34,7,ESP,OCO,Esteban Ocon,FRA,France,Франция,#004CA2,Renault,#FAEF00,100.0,0.0,0.0,100.0,15.0,15.0,10,10,6,5.0,5,9,13.0,4,20,8.10,
2023,2023071,2,7,Lewis Hamilton,Mercedes,5.0,4,2,2,2,+24.090,18,44,HAM,1,10,#08ABA3,1-10,10,1,1.0,8.11,1.0,1.0,0.6286821705426356,4,0,0,2.0,4.0,0,0,1.0,1.0,66.0,100,2,2.0,0.0,2.0,4.0,-1,0.0,1.0,1.0,1.0,79.477,01:19.477,0.200,0.120,0.08,11,3.00,2,1.95,14,1.35,6,1.75,7,1.0,14,8,4.95,11,3.10,6,0.0909090909090909,4.298,0.0651212121212121,7.92,5.00,8.55,7.23,8.46,7.70,5.30,6.00,5.85,0.0,0.4419642857142856,1.0,0.5203895313451005,0.0,0.3333333333333333,0.0,0.4561514195583596,8.0,0.0,0.4582881906825569,33.0,47.0,33.0,0.0,0,0.0,0.0,0.0,0.0,0.0,0.0,0.0,0.0,1.0,0.0,1.0,0.0,0.0,0.0,0.0,0.0,7.318333333333332,8.05,34,7,ESP,RUS,George Russell,GBR,Great Britain,Великобритания,#314486,Mercedes,#707070,100.0,0.0,0.0,100.0,87.0,87.0,2,4,7,8.0,11,2,11.0,6,14,8.05,
2023,2023071,2,7,Sergio Perez,Red Bull Racing,11.0,11,4,4,4,+35.812,12,11,PER,5,14,#405585,5-14,14,2,1.0,5.26,0.0,0.0,0.3446920052424639,11,0,0,6.0,11.0,0,0,0.0,0.0,66.0,100,6,6.0,0.0,6.0,11.0,-1,1.0,2.0,3.0,1.0,79.661,01:19.661,0.204,0.135,0.0689999999999999,12,2.90,4,1.85,15,1.30,1,2.00,8,1.0,15,10,4.75,7,3.30,6,0.0909090909090909,4.221,0.0639545454545455,7.81,5.00,7.63,10.00,8.51,7.70,5.30,6.00,5.85,0.0,0.4629519857735625,0.0,0.4327850255246738,0.0,0.4545454545454545,1.0,0.6309148264984227,7.0,0.0,0.4816072439162421,38.0,38.0,12.0,1.0,0,0.0,0.0,0.0,0.0,1.0,1.0,0.0,0.0,0.0,0.0,0.0,0.0,0.0,0.0,0.0,0.0,7.706666666666666,8.05,34,7,ESP,VER,Max Verstappen,MEX,Mexico,Мексика,#006640,Honda,#DE0000,100.0,0.0,33.0,67.0,117.0,117.0,4,11,8,10.0,12,4,7.0,1,15,8.05,
2023,2023071,2,7,Yuki Tsunoda,Alpha Tauri,15.0,15,12,12,12,+1:15.416,0,22,TSU,9,2,#5F86E1,9-2,13,2,1.0,3.37,0.0,0.0,0.4674063800277392,15,0,0,8.0,15.0,0,0,1.0,1.0,66.0,100,1,4.0,3.0,7.0,12.0,2,2.0,0.0,2.0,1.0,80.118,01:20.118,0.188,0.104,0.084,10,3.10,11,1.50,4,1.85,9,1.60,9,1.0,4,12,4.60,4,3.45,9,0.1363636363636363,5.508,0.083454545454546,8.25,8.00,5.33,6.54,7.7,7.70,5.30,6.00,5.85,1.0,0.5201765447667087,1.0,0.557531380753138,1.0,0.6666666666666666,1.0,0.5945454545454546,11.0,1.0,0.5339805825242718,0.0,38.0,0.0,0.0,0,0.0,0.0,0.0,0.0,0.0,0.0,0.0,0.0,0.0,0.0,0.0,0.0,0.0,0.0,0.0,0.0,7.923333333333333,8.05,34,7,ESP,DEV,Nyck De Vries,JPN,Japan,Япония,#C60018,Honda,#DE0000,57.0,43.0,100.0,0.0,2.0,2.0,12,15,9,12.0,10,11,4.0,9,4,8.05,
2023,2023071,2,7,Carlos Sainz,Ferrari,2.0,2,5,5,5,+45.698,10,55,SAI,8,5,#E01A00,8-5,7,3,1.0,9.53,1.0,1.0,0.8663636363636363,2,0,0,1.0,2.0,0,0,1.0,1.0,66.0,100,-3,0.0,3.0,3.0,2.0,0,0.0,0.0,0.0,1.0,79.838,01:19.838,0.165,0.086,0.079,7,3.40,5,1.80,9,1.60,18,1.15,10,1.0,9,6,5.20,15,2.75,8,0.1212121212121212,4.765,0.0721969696969695,8.89,6.00,6.74,3.77,8.17,7.70,5.30,6.00,5.85,1.0,0.5088723526044648,1.0,0.5515548281505728,1.0,0.5,0.0,0.3042776432606941,10.0,0.0,0.4975639464068209,10.0,12.0,16.0,0.0,0,0.0,0.0,0.0,0.0,0.0,0.0,0.0,0.0,0.0,0.0,0.0,0.0,1.0,0.0,1.0,0.0,7.555000000000001,7.95,34,7,ESP,LEC,Charles Leclerc,ESP,Spain,Испания,#F7B800,Ferrari,#DC0004,0.0,100.0,0.0,0.0,58.0,58.0,5,2,10,6.0,7,5,15.0,18,9,7.95,
2023,2023071,2,7,Alexander Albon,Williams,18.0,18,16,16,16,+1 Lap,0,23,ALB,24,18,#0B4BCD,24-18,20,1,1.0,1.95,1.0,1.0,0.6610169491525423,18,0,0,9.0,18.0,0,0,1.0,1.0,65.0,98,-2,0.0,2.0,2.0,17.0,1,1.0,0.0,1.0,1.0,80.613,01:20.613,0.133,0.066,0.067,2,3.90,18,1.15,7,1.70,17,1.20,11,1.0,7,7,5.05,14,2.90,5,0.0769230769230769,3.707,0.0570307692307691,9.78,7.00,2.85,4.46,8.79,7.70,5.30,6.00,5.85,1.0,0.6459709379128137,1.0,0.7402597402597403,1.0,0.5384615384615384,1.0,0.8168498168498168,5.0,1.0,0.6337418889689979,0.0,47.0,0.0,0.0,0,0.0,0.0,0.0,0.0,0.0,0.0,0.0,0.0,0.0,0.0,0.0,0.0,0.0,0.0,0.0,0.0,8.43,7.95,34,7,ESP,SAR,Logan Sargeant,THA,Thailand,Таиланд,#2E2549,Mercedes,#707070,0.0,100.0,100.0,0.0,1.0,1.0,16,18,11,7.0,2,18,14.0,17,7,7.95,
2023,2023071,2,7,Esteban Ocon,Alpine,7.0,6,8,8,8,+1:09.242,4,31,OCO,13,3,#0E8EDD,13-3,9,4,1.0,7.16,0.0,0.0,0.4548919949174079,6,0,0,3.0,6.0,0,0,1.0,1.0,66.0,100,-1,2.0,3.0,5.0,5.0,0,0.0,0.0,0.0,1.0,80.144,01:20.144,0.171,0.081,0.09,8,3.30,13,1.40,11,1.50,11,1.50,12,1.0,11,11,4.70,12,3.00,9,0.1363636363636363,5.568,0.0843636363636361,8.72,6.00,5.20,5.15,7.66,7.70,5.30,6.00,5.85,0.0,0.4904386951631046,0.0,0.4891815616180621,1.0,0.8571428571428571,0.0,0.3940321346595256,12.0,0.0,0.4614457831325301,5.0,5.0,5.0,0.0,0,0.0,0.0,0.0,0.0,0.0,0.0,0.0,0.0,0.0,0.0,0.0,0.0,0.0,0.0,0.0,0.0,7.671666666666667,7.70,34,7,ESP,GAS,Pierre Gasly,FRA,France,Франция,#004CA2,Renault,#FAEF00,40.0,60.0,0.0,0.0,25.0,25.0,8,6,12,11.0,8,13,12.0,11,11,7.70,
2023,2023071,2,7,Guanyu Zhou,Alfa Romeo,13.0,13,9,9,9,+1:11.878,2,24,ZHO,23,1,#752020,23-1,5,3,1.0,4.32,1.0,1.0,0.5991678224687933,13,0,0,7.0,13.0,0,0,1.0,1.0,66.0,100,-2,2.0,4.0,6.0,9.0,3,3.0,0.0,3.0,1.0,80.117,01:20.117,0.210,0.104,0.106,13,2.80,10,1.55,2,1.95,15,1.30,13,1.0,2,13,4.35,8,3.25,9,0.1363636363636363,6.123,0.0927727272727262,7.64,9.00,5.34,4.46,7.32,7.70,5.30,6.00,5.85,1.0,0.8842592592592592,1.0,0.8115501519756838,1.0,0.6923076923076923,1.0,0.652046783625731,14.0,1.0,0.8798076923076923,2.0,12.0,2.0,0.0,0,0.0,0.0,0.0,0.0,0.0,0.0,0.0,0.0,0.0,0.0,0.0,0.0,0.0,0.0,0.0,0.0,7.336666666666666,7.60,34,7,ESP,BOT,Valtteri Bottas,CHN,China,Китай,#F70000,Ferrari,#DC0004,33.0,67.0,100.0,0.0,4.0,4.0,9,13,13,13.0,13,10,8.0,15,2,7.60,
2023,2023071,2,7,Lando Norris,McLaren,3.0,3,17,17,17,+1 Lap,0,4,NOR,4,9,#EE853F,4-9,10,1,1.0,9.05,1.0,1.0,0.6118999323867478,3,0,0,2.0,3.0,0,0,0.0,0.0,65.0,98,2,3.0,1.0,4.0,14.0,0,0.0,0.0,0.0,1.0,80.223,01:20.223,0.268,0.144,0.124,17,2.40,14,1.35,10,1.55,5,1.80,14,1.0,10,17,3.75,5,3.35,8,0.123076923076923,7.021,0.1080153846153857,6.03,6.00,4.81,7.23,6.69,7.70,5.30,6.00,5.85,0.0,0.459954233409611,1.0,0.5374301675977654,1.0,0.6,1.0,0.5840064620355412,18.0,0.0,0.4861918604651162,0.0,47.0,33.0,0.0,0,0.0,0.0,0.0,0.0,0.0,0.0,0.0,0.0,0.0,0.0,0.0,0.0,0.0,1.0,1.0,0.0,6.2250000000000005,7.10,34,7,ESP,PIA,Oscar Piastri,GBR,Great Britain,Великобритания,#314486,Mercedes,#707070,75.0,25.0,0.0,0.0,12.0,12.0,17,3,14,17.0,17,14,5.0,5,10,7.10,
2023,2023071,2,7,Kevin Magnussen,Haas F1 Team,17.0,17,18,18,18,+1 Lap,0,20,MAG,22,7,#505050,22-7,6,3,1.0,2.42,0.0,0.0,0.2659340659340659,17,0,0,9.0,17.0,0,0,0.0,0.0,65.0,98,2,4.0,2.0,6.0,13.0,3,3.0,0.0,3.0,1.0,80.418,01:20.418,0.286,0.190,0.0959999999999999,18,2.30,17,1.20,3,1.90,8,1.65,15,1.0,3,18,3.50,2,3.55,6,0.0923076923076923,5.553,0.0854307692307691,5.53,9.00,3.83,7.23,7.62,7.70,5.30,6.00,5.85,0.0,0.4452495974235105,0.0,0.4232044198895027,1.0,0.6923076923076923,1.0,0.5840064620355412,13.0,1.0,0.5194274028629857,0.0,12.0,0.0,0.0,0,0.0,0.0,0.0,0.0,0.0,0.0,0.0,0.0,0.0,0.0,0.0,0.0,0.0,0.0,0.0,0.0,6.391666666666667,7.05,34,7,ESP,HUL,Nico Hulkenberg,DEN,Denmark,Дания,#D20019,Ferrari,#DC0004,67.0,33.0,100.0,0.0,2.0,2.0,18,17,15,18.0,18,17,2.0,8,3,7.05,
2023,2023071,2,7,Nico Hulkenberg,Haas F1 Team,8.0,7,15,15,15,+1 Lap,0,27,HUL,25,7,#505050,25-7,11,3,1.0,6.68,1.0,1.0,0.734065934065934,7,0,0,4.0,7.0,0,0,1.0,1.0,65.0,98,-1,5.0,6.0,11.0,8.0,-2,0.0,2.0,2.0,1.0,80.141,01:20.141,0.237,0.125,0.1119999999999999,16,2.50,12,1.45,16,1.25,12,1.45,16,1.0,16,15,3.95,16,2.70,8,0.123076923076923,6.453,0.0992769230769226,6.89,4.00,5.22,5.15,7.05,7.70,5.30,6.00,5.85,1.0,0.5547504025764896,1.0,0.5767955801104971,0.0,0.3076923076923077,0.0,0.4159935379644588,16.0,0.0,0.4805725971370143,0.0,12.0,0.0,0.0,0,0.0,0.0,0.0,0.0,0.0,0.0,0.0,0.0,0.0,0.0,0.0,0.0,0.0,0.0,0.0,0.0,6.118333333333333,6.65,34,7,ESP,MAG,Kevin Magnussen,GER,Germany,Германия,#000000,Ferrari,#DC0004,45.0,55.0,0.0,100.0,6.0,6.0,15,7,16,15.0,16,12,16.0,12,16,6.65,
2023,2023071,2,7,Oscar Piastri,McLaren,10.0,9,13,13,13,+1 Lap,0,81,PIA,28,9,#EE853F,28-9,2,1,1.0,5.74,0.0,0.0,0.3881000676132521,9,0,0,5.0,9.0,0,0,1.0,1.0,65.0,98,-1,3.0,4.0,7.0,10.0,-2,0.0,2.0,2.0,1.0,80.356,01:20.356,0.230,0.119,0.111,15,2.60,16,1.25,17,1.20,13,1.40,17,1.0,17,16,3.85,17,2.60,8,0.123076923076923,6.417,0.0987230769230773,7.08,4.00,4.14,5.15,7.07,7.70,5.30,6.00,5.85,1.0,0.540045766590389,0.0,0.4625698324022346,0.0,0.4,0.0,0.4159935379644588,15.0,1.0,0.5138081395348837,0.0,47.0,0.0,0.0,0,0.0,0.0,0.0,0.0,0.0,0.0,0.0,0.0,0.0,0.0,0.0,0.0,0.0,0.0,0.0,0.0,6.245,6.45,34,7,ESP,NOR,Lando Norris,AUS,Australia,Австралия,#F7C900,Mercedes,#707070,43.0,57.0,0.0,100.0,5.0,5.0,13,9,17,16.0,15,16,17.0,13,17,6.45,
2023,2023071,2,7,Nyck De Vries,Alpha Tauri,14.0,14,14,14,14,+1 Lap,0,21,DEV,26,2,#5F86E1,26-2,16,2,1.0,3.84,1.0,1.0,0.5325936199722607,14,0,0,7.0,14.0,0,0,0.0,0.0,65.0,98,-2,2.0,4.0,6.0,16.0,-2,0.0,2.0,2.0,1.0,80.338,01:20.338,0.211,0.097,0.1139999999999999,14,2.70,15,1.30,18,1.15,16,1.25,18,1.0,18,14,4.00,19,2.40,9,0.1384615384615384,6.967,0.1071846153846151,7.61,4.00,4.23,4.46,6.72,7.70,5.30,6.00,5.85,0.0,0.4798234552332913,0.0,0.4424686192468619,0.0,0.3333333333333333,0.0,0.4054545454545454,17.0,0.0,0.4660194174757281,0.0,38.0,26.0,0.0,0,0.0,0.0,0.0,0.0,0.0,0.0,0.0,0.0,0.0,0.0,0.0,0.0,0.0,0.0,0.0,0.0,6.483333333333333,6.40,34,7,ESP,TSU,Yuki Tsunoda,NLD,Netherlands,Нидерланды,#F75600,Honda,#DE0000,33.0,67.0,0.0,100.0,0.0,0.0,14,14,18,14.0,14,15,19.0,16,18,6.40,
2023,2023071,2,7,Logan Sargeant,Williams,20.0,20,20,20,20,+1 Lap,0,2,SAR,27,18,#0B4BCD,27-18,21,1,1.0,1.0,0.0,0.0,0.3389830508474576,20,0,0,10.0,20.0,0,0,0.0,0.0,65.0,98,-7,0.0,7.0,7.0,19.0,0,0.0,0.0,0.0,1.0,80.982,01:20.982,0.292,0.127,0.1649999999999999,19,2.20,20,1.05,13,1.40,20,1.05,19,1.0,13,19,3.25,18,2.45,8,0.123076923076923,9.558,0.1470461538461537,5.36,6.00,1.00,1.00,5.08,7.70,5.30,6.00,5.85,0.0,0.3540290620871862,0.0,0.2597402597402597,0.0,0.4615384615384615,0.0,0.1831501831501831,19.0,0.0,0.3662581110310022,0.0,47.0,0.0,0.0,0,0.0,0.0,0.0,0.0,0.0,0.0,0.0,0.0,0.0,0.0,0.0,0.0,0.0,0.0,0.0,0.0,4.74,5.70,34,7,ESP,ALB,Alexander Albon,USA,USA,США,#071C63,Mercedes,#707070,0.0,100.0,0.0,0.0,0.0,0.0,20,20,19,19.0,19,20,18.0,20,13,5.70,
2023,2023071,2,7,Valtteri Bottas,Alfa Romeo,16.0,16,19,19,19,+1 Lap,0,77,BOT,3,1,#752020,3-1,8,3,1.0,2.89,0.0,0.0,0.4008321775312066,16,0,0,8.0,16.0,0,0,0.0,0.0,65.0,98,-5,1.0,6.0,7.0,18.0,-2,0.0,2.0,2.0,1.0,80.934,01:20.934,0.449,0.184,0.265,20,2.10,19,1.10,19,1.10,19,1.10,20,1.0,19,20,3.20,20,2.20,9,0.1384615384615384,15.981,0.2458615384615383,1.00,4.00,1.24,2.38,1.0,7.70,5.30,6.00,5.85,0.0,0.1157407407407407,0.0,0.1884498480243161,0.0,0.3076923076923077,0.0,0.347953216374269,20.0,0.0,0.1201923076923076,2.0,12.0,0.0,0.0,0,0.0,0.0,0.0,0.0,0.0,0.0,0.0,0.0,0.0,0.0,0.0,0.0,0.0,0.0,0.0,0.0,1.7299999999999998,5.40,34,7,ESP,ZHO,Guanyu Zhou,FIN,Finland,Финляндия,#04276B,Ferrari,#DC0004,14.0,86.0,0.0,100.0,4.0,4.0,19,16,20,20.0,20,19,20.0,19,19,5.40,
2023,2023081,2,8,Esteban Ocon,Alpine,6.0,6,8,8,8,+1 Lap,4,31,OCO,13,3,#0E8EDD,13-3,9,4,1.0,7.63,1.0,1.0,0.7592039800995024,6,0,0,3.0,6.0,0,0,1.0,1.0,70.0,100,2,2.0,0.0,2.0,5.0,1,1.0,0.0,1.0,1.0,77.577,01:17.577,0.087,0.068,0.0189999999999999,1,4.00,9,1.60,4,1.85,1,2.00,1,1.0,4,2,5.60,1,3.85,6,0.0857142857142857,1.164,0.016628571428572,10.00,7.75,6.54,10.00,9.95,9.11,6.55,5.50,8.00,1.0,0.5045408678102926,0.0,0.4950794852384557,0.0,0.4366197183098591,1.0,0.5,2.0,0.0,0.4987468671679197,4.0,4.0,4.0,1.0,1,1.0,1.0,0.0,0.0,1.0,3.0,0.0,0.0,0.0,0.0,0.0,0.0,0.0,0.0,0.0,0.0,9.625,9.45,12,8,CAN,GAS,Pierre Gasly,FRA,France,Франция,#004CA2,Renault,#FAEF00,100.0,0.0,100.0,0.0,29.0,29.0,8,6,1,2.0,1,9,1.0,1,4,9.45,
2023,2023081,2,8,Pierre Gasly,Alpine,17.0,15,12,12,12,+1 Lap,0,10,GAS,17,3,#0E8EDD,17-3,9,4,1.0,2.42,0.0,0.0,0.2407960199004974,15,0,0,8.0,15.0,0,0,0.0,0.0,70.0,100,2,2.0,0.0,2.0,13.0,2,2.0,0.0,2.0,1.0,77.537,01:17.537,0.111,0.100,0.0109999999999999,3,3.80,7,1.70,1,2.00,4,1.85,2,1.0,1,3,5.50,2,3.85,3,0.0428571428571428,0.771,0.0110142857142855,9.82,10.00,6.67,10.00,10.0,9.11,6.55,5.50,8.00,0.0,0.4954591321897074,1.0,0.5049205147615442,1.0,0.5633802816901409,0.0,0.5,1.0,1.0,0.5012531328320802,4.0,4.0,4.0,1.0,0,0.0,0.0,0.0,1.0,0.0,1.0,0.0,0.0,0.0,0.0,0.0,0.0,0.0,0.0,0.0,0.0,9.88,9.35,12,8,CAN,OCO,Esteban Ocon,FRA,France,Франция,#004CA2,Renault,#FAEF00,100.0,0.0,100.0,0.0,15.0,15.0,12,15,2,3.0,3,7,2.0,4,1,9.35,
2023,2023081,2,8,Max Verstappen,Red Bull Racing,1.0,1,1,1,1,1:33:58.348,25,1,VER,2,14,#405585,2-14,16,2,1.0,10.0,1.0,1.0,0.676132521974307,1,0,0,1.0,1.0,0,0,1.0,1.0,70.0,100,0,0.0,0.0,0.0,1.0,0,0.0,0.0,0.0,1.0,76.568,01:16.568,0.095,0.068,0.0269999999999999,2,3.90,1,2.00,7,1.70,11,1.50,3,1.0,7,1,5.90,6,3.20,6,0.0857142857142857,1.901,0.027157142857143,9.94,5.50,10.00,8.00,9.84,9.11,6.55,5.50,8.00,1.0,0.5048247841543931,1.0,0.5567928730512249,1.0,0.5,0.0,0.4705882352941176,3.0,1.0,0.5010183299389002,34.0,34.0,25.0,1.0,0,0.0,0.0,1.0,0.0,0.0,1.0,0.0,1.0,0.0,0.0,1.0,1.0,0.0,0.0,1.0,70.0,8.876666666666667,9.10,12,8,CAN,PER,Sergio Perez,NLD,Netherlands,Нидерланды,#F75600,Honda,#DE0000,0.0,0.0,0.0,0.0,195.0,195.0,1,1,3,1.0,2,1,6.0,11,7,9.10,
2023,2023081,2,8,Oscar Piastri,McLaren,9.0,8,11,11,11,+1 Lap,0,81,PIA,28,9,#EE853F,28-9,2,1,1.0,6.21,0.0,0.0,0.4644727000747943,8,0,0,4.0,8.0,0,0,1.0,1.0,70.0,100,2,3.0,1.0,4.0,7.0,1,1.0,0.0,1.0,1.0,77.663,01:17.663,0.112,0.071,0.041,4,3.70,11,1.50,5,1.80,3,1.90,4,1.0,5,5,5.20,3,3.70,8,0.1142857142857142,2.812,0.0401714285714287,9.82,7.75,6.24,10.00,9.71,9.11,6.55,5.50,8.00,1.0,0.5114583333333332,1.0,0.50201126307321,1.0,0.7045454545454546,0.0,0.5,8.0,1.0,0.5015495867768596,0.0,41.0,0.0,0.0,0,0.0,0.0,0.0,0.0,0.0,0.0,0.0,0.0,0.0,0.0,0.0,0.0,0.0,0.0,0.0,0.0,9.505,8.90,12,8,CAN,NOR,Lando Norris,AUS,Australia,Австралия,#F7C900,Mercedes,#707070,75.0,25.0,100.0,0.0,5.0,5.0,11,8,4,5.0,4,11,3.0,3,5,8.90,
2023,2023081,2,8,Lance Stroll,Aston Martin,13.0,16,9,9,9,+1 Lap,2,18,STR,10,4,#23675D,10-4,4,1,1.0,4.32,0.0,0.0,0.3231114435302917,16,0,0,8.0,16.0,0,0,0.0,0.0,70.0,100,1,1.0,0.0,1.0,14.0,2,2.0,0.0,2.0,1.0,77.564,01:17.564,0.125,0.086,0.039,7,3.40,8,1.65,2,1.95,9,1.60,5,1.0,2,8,5.05,4,3.55,6,0.0857142857142857,2.435,0.0347857142857143,9.72,10.00,6.58,9.00,9.77,9.11,6.55,5.50,8.00,1.0,0.5036269430051814,0.0,0.4094586185438705,1.0,0.7547169811320755,0.0,0.5,7.0,1.0,0.5038679731820526,20.0,41.0,2.0,0.0,0,0.0,0.0,0.0,0.0,0.0,0.0,0.0,0.0,0.0,0.0,0.0,0.0,0.0,0.0,0.0,0.0,9.646666666666668,8.60,12,8,CAN,ALO,Fernando Alonso,CAN,Canada,Канада,#E30000,Mercedes,#707070,100.0,0.0,100.0,0.0,37.0,37.0,9,16,5,8.0,7,8,4.0,9,2,8.60,
2023,2023081,2,8,Sergio Perez,Red Bull Racing,12.0,12,6,6,6,+1 Lap,9,11,PER,5,14,#405585,5-14,14,2,1.0,4.79,0.0,0.0,0.323867478025693,12,0,0,6.0,12.0,0,0,0.0,0.0,70.0,100,1,1.0,0.0,1.0,12.0,0,0.0,0.0,0.0,1.0,77.163,01:17.163,0.121,0.085,0.0359999999999999,6,3.50,6,1.75,10,1.55,8,1.65,6,1.0,10,4,5.25,8,3.20,8,0.1142857142857142,2.215,0.0316428571428576,9.75,5.50,7.96,9.00,9.8,9.11,6.55,5.50,8.00,0.0,0.495175215845607,0.0,0.443207126948775,0.0,0.5,1.0,0.5294117647058824,6.0,0.0,0.4989816700610998,34.0,34.0,9.0,0.0,0,0.0,0.0,0.0,0.0,0.0,0.0,1.0,0.0,0.0,0.0,0.0,0.0,0.0,0.0,0.0,0.0,8.916666666666666,8.45,12,8,CAN,VER,Max Verstappen,MEX,Mexico,Мексика,#006640,Honda,#DE0000,100.0,0.0,0.0,0.0,126.0,126.0,6,12,6,4.0,6,6,8.0,8,10,8.45,
2023,2023081,2,8,Yuki Tsunoda,Alpha Tauri,16.0,19,14,14,14,+1 Lap,0,22,TSU,9,2,#5F86E1,9-2,13,2,1.0,2.89,1.0,1.0,0.597107438016529,19,0,0,10.0,19.0,0,0,1.0,1.0,70.0,100,2,2.0,0.0,2.0,20.0,0,0.0,0.0,0.0,1.0,77.648,01:17.648,0.117,0.085,0.032,5,3.60,10,1.55,13,1.40,5,1.80,7,1.0,12,6,5.15,9,3.20,5,0.0714285714285714,2.136,0.0305142857142852,9.78,5.50,6.29,10.00,9.81,9.11,6.55,5.50,8.00,1.0,0.907235621521336,1.0,0.8628257887517147,0.0,0.5,1.0,0.9090909090909092,5.0,1.0,0.9074930619796484,0.0,34.0,0.0,0.0,0,0.0,0.0,0.0,0.0,0.0,0.0,0.0,0.0,0.0,0.0,0.0,0.0,0.0,0.0,0.0,0.0,9.103333333333332,8.35,12,8,CAN,DEV,Nyck De Vries,JPN,Japan,Япония,#C60018,Honda,#DE0000,100.0,0.0,0.0,0.0,2.0,2.0,14,19,7,6.0,5,10,9.0,5,13,8.35,
2023,2023081,2,8,Charles Leclerc,Ferrari,11.0,10,4,4,4,+1 Lap,12,16,LEC,6,5,#E01A00,6-5,15,3,1.0,5.26,0.0,0.0,0.440536013400335,10,0,0,5.0,10.0,0,0,1.0,1.0,70.0,100,0,0.0,0.0,0.0,9.0,1,1.0,0.0,1.0,1.0,76.99,01:16.990,0.132,0.087,0.045,9,3.20,4,1.85,6,1.75,13,1.40,8,1.0,6,9,5.05,11,3.15,10,0.1428571428571428,3.316,0.047371428571429,9.67,7.75,8.55,8.00,9.64,9.11,6.55,5.50,8.00,0.0,0.4997416020671834,1.0,0.5005854800936769,1.0,0.5849056603773585,1.0,0.5,12.0,1.0,0.5,22.0,23.0,12.0,0.0,0,0.0,0.0,0.0,0.0,0.0,0.0,0.0,0.0,0.0,0.0,0.0,0.0,0.0,0.0,0.0,0.0,9.071666666666667,8.20,12,8,CAN,SAI,Carlos Sainz,MON,Monaco,Монако,#D80000,Ferrari,#DC0004,0.0,0.0,100.0,0.0,54.0,54.0,4,10,8,9.0,9,4,11.0,13,6,8.20,
2023,2023081,2,8,Carlos Sainz,Ferrari,8.0,11,5,5,5,+1 Lap,10,55,SAI,8,5,#E01A00,8-5,7,3,1.0,6.68,1.0,1.0,0.559463986599665,11,0,0,6.0,11.0,0,0,0.0,0.0,70.0,100,0,0.0,0.0,0.0,11.0,0,0.0,0.0,0.0,1.0,76.995,01:16.995,0.131,0.084,0.047,8,3.30,5,1.80,9,1.60,14,1.35,9,1.0,9,7,5.10,13,2.95,9,0.1285714285714285,3.346,0.0478,9.68,5.50,8.53,8.00,9.64,9.11,6.55,5.50,8.00,1.0,0.5002583979328165,0.0,0.4994145199063232,0.0,0.4150943396226415,0.0,0.5,13.0,0.0,0.5,22.0,23.0,28.0,0.0,0,0.0,0.0,0.0,0.0,0.0,0.0,0.0,0.0,0.0,0.0,0.0,0.0,0.0,0.0,0.0,0.0,8.703333333333333,8.05,12,8,CAN,LEC,Charles Leclerc,ESP,Spain,Испания,#F7B800,Ferrari,#DC0004,0.0,0.0,0.0,0.0,68.0,68.0,5,11,9,7.0,8,5,13.0,14,9,8.05,
2023,2023081,2,8,Fernando Alonso,Aston Martin,3.0,2,2,2,2,+9.570,18,14,ALO,19,4,#23675D,19-4,7,1,1.0,9.05,1.0,1.0,0.6768885564697084,2,0,0,1.0,2.0,0,0,1.0,1.0,70.0,100,1,1.0,0.0,1.0,3.0,-1,0.0,1.0,1.0,1.0,76.717,01:16.717,0.145,0.087,0.0579999999999999,13,2.80,2,1.95,15,1.30,6,1.75,10,1.0,14,10,4.75,12,3.05,7,0.1,3.480,0.0497142857142859,9.58,3.25,9.49,9.00,9.62,9.11,6.55,5.50,8.00,0.0,0.4963730569948186,1.0,0.5905413814561294,0.0,0.2452830188679245,1.0,0.5,14.0,0.0,0.4961320268179473,20.0,41.0,28.0,0.0,0,0.0,0.0,0.0,0.0,0.0,0.0,0.0,0.0,1.0,0.0,1.0,0.0,0.0,1.0,1.0,0.0,8.428333333333333,7.80,12,8,CAN,STR,Lance Stroll,ESP,Spain,Испания,#F7B800,Mercedes,#707070,100.0,0.0,0.0,100.0,117.0,117.0,2,2,10,10.0,13,2,12.0,6,15,7.80,
2023,2023081,2,8,Lewis Hamilton,Mercedes,4.0,3,3,3,3,+1 Lap,15,44,HAM,1,10,#08ABA3,1-10,10,1,1.0,8.58,1.0,1.0,0.5140802875973638,3,0,0,2.0,3.0,0,0,1.0,,70.0,100,-1,0.0,1.0,1.0,2.0,1,1.0,0.0,1.0,1.0,76.799,01:16.799,0.149,0.117,0.0319999999999999,14,2.70,3,1.90,3,1.90,15,1.30,11,1.0,3,11,4.60,7,3.20,5,0.0714285714285714,2.092,0.0298857142857148,9.55,7.75,9.21,7.00,9.82,9.11,6.55,5.50,8.00,0.0,0.4971369078604893,1.0,0.6391394864677308,1.0,0.5849056603773585,0.0,0.4375,4.0,1.0,0.5041067761806981,15.0,41.0,15.0,0.0,0,0.0,0.0,0.0,0.0,0.0,0.0,0.0,0.0,0.0,1.0,1.0,0.0,0.0,0.0,0.0,0.0,8.825000000000001,7.80,12,8,CAN,RUS,George Russell,GBR,Great Britain,Великобритания,#314486,Mercedes,#707070,0.0,100.0,100.0,0.0,102.0,102.0,3,3,11,11.0,14,3,7.0,15,3,7.80,
2023,2023081,2,8,George Russell,Mercedes,5.0,4,-,DNF,19,-,0,63,RUS,14,10,#08ABA3,14-10,10,1,1.0,8.11,0.0,0.0,0.4859197124026363,4,0,0,2.0,4.0,1,0,0.0,,54.0,77,1,1.0,0.0,1.0,4.0,0,0.0,0.0,0.0,1.0,77.966,01:17.966,0.133,0.084,0.049,10,3.10,16,1.25,8,1.65,7,1.70,12,1.0,8,13,4.35,5,3.35,5,0.0925925925925925,2.486,0.0460370370370368,9.66,5.50,5.20,9.00,9.66,9.11,6.55,5.50,8.00,1.0,0.5028630921395106,0.0,0.3608605135322693,0.0,0.4150943396226415,1.0,0.5625,10.0,0.0,0.4958932238193018,15.0,41.0,15.0,0.0,0,0.0,0.0,0.0,0.0,0.0,0.0,0.0,0.0,0.0,0.0,0.0,0.0,0.0,0.0,0.0,0.0,8.856666666666667,7.70,12,8,CAN,HAM,Lewis Hamilton,GBR,Great Britain,Великобритания,#314486,Mercedes,#707070,100.0,0.0,0.0,0.0,65.0,65.0,6,4,12,13.0,10,16,5.0,7,8,7.70,
2023,2023081,2,8,Lando Norris,McLaren,7.0,7,13,13,13,+1 Lap,0,4,NOR,4,9,#EE853F,4-9,10,1,1.0,7.16,1.0,1.0,0.5355272999252056,7,0,0,4.0,7.0,0,0,0.0,0.0,70.0,100,2,2.0,0.0,2.0,8.0,-1,0.0,1.0,1.0,1.0,77.678,01:17.678,0.172,0.126,0.0459999999999999,15,2.60,12,1.45,17,1.20,2,1.95,13,1.0,16,15,4.05,10,3.15,8,0.1142857142857142,3.271,0.0467285714285724,9.38,3.25,6.19,10.00,9.65,9.11,6.55,5.50,8.00,0.0,0.4885416666666666,0.0,0.4979887369267901,0.0,0.2954545454545454,1.0,0.5,11.0,0.0,0.4984504132231405,0.0,41.0,15.0,0.0,0,0.0,0.0,0.0,0.0,0.0,0.0,0.0,0.0,0.0,0.0,0.0,0.0,0.0,0.0,0.0,0.0,8.461666666666668,7.20,12,8,CAN,PIA,Oscar Piastri,GBR,Great Britain,Великобритания,#314486,Mercedes,#707070,100.0,0.0,0.0,100.0,12.0,12.0,13,7,13,15.0,15,12,10.0,2,17,7.20,
2023,2023081,2,8,Alexander Albon,Williams,10.0,9,7,7,7,+1 Lap,6,23,ALB,24,18,#0B4BCD,24-18,20,1,1.0,5.74,1.0,1.0,0.7961165048543689,9,0,0,5.0,9.0,0,0,1.0,,70.0,100,0,2.0,2.0,4.0,10.0,-1,0.0,1.0,1.0,1.0,77.912,01:17.912,0.143,0.092,0.0509999999999999,12,2.90,14,1.35,18,1.15,12,1.45,14,1.0,17,14,4.25,15,2.60,7,0.1,3.053,0.0436142857142856,9.59,3.25,5.38,8.00,9.68,9.11,6.55,5.50,8.00,,,,,,,,,9.0,1.0,0.5198711063372718,6.0,41.0,6.0,0.0,0,0.0,0.0,0.0,0.0,0.0,0.0,0.0,0.0,0.0,0.0,0.0,0.0,0.0,0.0,0.0,0.0,8.268333333333333,6.85,12,8,CAN,SAR,Logan Sargeant,THA,Thailand,Таиланд,#2E2549,Mercedes,#707070,50.0,50.0,0.0,100.0,7.0,7.0,7,9,14,14.0,12,14,15.0,12,18,6.85,
2023,2023081,2,8,Valtteri Bottas,Alfa Romeo,15.0,14,10,10,10,+1 Lap,1,77,BOT,3,1,#752020,3-1,8,3,1.0,3.37,1.0,1.0,0.7711670480549199,14,0,0,7.0,14.0,0,0,1.0,1.0,70.0,100,-1,1.0,2.0,3.0,16.0,-2,0.0,2.0,2.0,1.0,77.703,01:17.703,0.137,0.079,0.058,11,3.00,13,1.40,20,1.05,16,1.25,15,1.0,19,12,4.40,18,2.30,8,0.1142857142857142,3.586,0.0512285714285699,9.64,1.00,6.10,7.00,9.61,9.11,6.55,5.50,8.00,1.0,0.5227765726681128,1.0,0.562730627306273,0.0,0.1538461538461538,0.0,0.4375,15.0,1.0,0.5111702127659575,1.0,23.0,1.0,0.0,0,0.0,0.0,0.0,0.0,0.0,0.0,0.0,0.0,0.0,0.0,0.0,0.0,0.0,0.0,0.0,0.0,7.760000000000001,6.70,12,8,CAN,ZHO,Guanyu Zhou,FIN,Finland,Финляндия,#04276B,Ferrari,#DC0004,33.0,67.0,0.0,100.0,5.0,5.0,10,14,15,12.0,11,13,18.0,16,20,6.70,
2023,2023081,2,8,Guanyu Zhou,Alfa Romeo,20.0,20,16,16,16,+1 Lap,0,24,ZHO,23,1,#752020,23-1,5,3,1.0,1.0,0.0,0.0,0.22883295194508,20,0,0,10.0,20.0,0,0,0.0,0.0,69.0,99,1,1.0,0.0,1.0,19.0,0,0.0,0.0,0.0,1.0,78.101,01:18.101,0.251,0.140,0.1109999999999999,18,2.30,17,1.20,14,1.35,10,1.55,16,1.0,13,18,3.50,14,2.90,8,0.1159420289855072,6.501,0.0942173913043474,8.80,5.50,4.74,9.00,9.19,9.11,6.55,5.50,8.00,0.0,0.4772234273318872,0.0,0.4372693726937269,1.0,0.8461538461538461,1.0,0.5625,18.0,0.0,0.4888297872340426,1.0,23.0,0.0,0.0,0,0.0,0.0,0.0,0.0,0.0,0.0,0.0,0.0,0.0,0.0,0.0,0.0,0.0,0.0,0.0,0.0,8.283333333333333,6.40,12,8,CAN,BOT,Valtteri Bottas,CHN,China,Китай,#F70000,Ferrari,#DC0004,100.0,0.0,0.0,0.0,4.0,4.0,16,20,16,18.0,18,17,14.0,10,14,6.40,
2023,2023081,2,8,Kevin Magnussen,Haas F1 Team,14.0,13,17,17,17,+1 Lap,0,20,MAG,22,7,#505050,22-7,6,3,1.0,3.84,0.0,0.0,0.2872101720269259,13,0,0,7.0,13.0,0,0,0.0,0.0,69.0,99,-4,1.0,5.0,6.0,15.0,-2,0.0,2.0,2.0,1.0,77.955,01:17.955,0.244,0.146,0.098,16,2.50,15,1.30,19,1.10,18,1.15,17,1.0,18,16,3.80,19,2.25,6,0.0869565217391304,5.389,0.0781014492753624,8.85,1.00,5.24,4.00,9.34,9.11,6.55,5.50,8.00,1.0,0.5008488964346349,1.0,0.5402061855670104,0.0,0.2352941176470588,0.0,0.4,16.0,1.0,0.5035040431266846,0.0,23.0,0.0,0.0,0,0.0,0.0,0.0,0.0,0.0,0.0,0.0,0.0,0.0,0.0,0.0,0.0,0.0,0.0,0.0,0.0,6.733333333333333,6.05,12,8,CAN,HUL,Nico Hulkenberg,DEN,Denmark,Дания,#D20019,Ferrari,#DC0004,17.0,83.0,0.0,100.0,2.0,2.0,17,13,17,16.0,16,15,19.0,18,19,6.05,
2023,2023081,2,8,Nico Hulkenberg,Haas F1 Team,2.0,5,15,15,15,+1 Lap,0,27,HUL,25,7,#505050,25-7,11,3,1.0,9.53,1.0,1.0,0.712789827973074,5,0,0,3.0,5.0,0,0,1.0,1.0,69.0,99,-2,1.0,3.0,4.0,6.0,-1,0.0,1.0,1.0,1.0,78.181,01:18.181,0.249,0.151,0.098,17,2.40,18,1.15,16,1.25,17,1.20,18,1.0,15,17,3.55,17,2.45,10,0.144927536231884,6.305,0.0913768115942038,8.82,3.25,4.46,6.00,9.21,9.11,6.55,5.50,8.00,0.0,0.499151103565365,0.0,0.4597938144329897,1.0,0.7647058823529411,1.0,0.6,17.0,0.0,0.4964959568733154,0.0,23.0,0.0,0.0,0,0.0,0.0,0.0,0.0,0.0,0.0,0.0,0.0,0.0,0.0,0.0,0.0,1.0,0.0,1.0,0.0,7.421666666666667,6.00,12,8,CAN,MAG,Kevin Magnussen,GER,Germany,Германия,#000000,Ferrari,#DC0004,25.0,75.0,0.0,100.0,6.0,6.0,15,5,18,17.0,17,18,17.0,17,16,6.00,
2023,2023081,2,8,Nyck De Vries,Alpha Tauri,18.0,17,18,18,18,+1 Lap,0,21,DEV,26,2,#5F86E1,26-2,16,2,1.0,1.95,0.0,0.0,0.402892561983471,17,0,0,9.0,17.0,0,0,0.0,0.0,69.0,99,-7,0.0,7.0,7.0,17.0,0,0.0,0.0,0.0,1.0,79.189,01:19.189,1.321,0.092,1.229,19,2.20,19,1.10,11,1.50,19,1.10,19,1.0,11,19,3.30,16,2.60,10,0.144927536231884,64.233,0.93091304347826,1.00,5.50,1.00,1.00,1.0,9.11,6.55,5.50,8.00,0.0,0.0927643784786642,0.0,0.1371742112482853,1.0,0.5,0.0,0.0909090909090909,20.0,0.0,0.0925069380203515,0.0,34.0,25.0,0.0,0,0.0,0.0,0.0,0.0,0.0,0.0,0.0,0.0,0.0,0.0,0.0,0.0,0.0,0.0,0.0,0.0,1.75,5.90,12,8,CAN,TSU,Yuki Tsunoda,NLD,Netherlands,Нидерланды,#F75600,Honda,#DE0000,0.0,100.0,0.0,0.0,0.0,0.0,18,17,19,19.0,19,19,16.0,19,11,5.90,
2023,2023081,2,8,Logan Sargeant,Williams,19.0,18,-,DNF,20,-,0,2,SAR,27,18,#0B4BCD,27-18,21,1,1.0,1.47,0.0,0.0,0.203883495145631,18,0,0,9.0,18.0,1,0,0.0,,6.0,9,-,0.0,0.0,0.0,18.0,0,0.0,0.0,0.0,0.0,-,-,0.471,0.258,0.2129999999999999,DNC,DNC,DNC,DNC,12,DNC,DNC,DNC,DNC,0.0,20,DNC,DNC,DNC,DNC,1,0.1666666666666666,0.715,0.1191666666666648,-,5.50,-,-,8.94,9.11,6.55,5.50,8.00,,,,,,,,,19.0,0.0,0.4801288936627282,6.0,41.0,0.0,0.0,0,0.0,0.0,0.0,0.0,0.0,0.0,0.0,0.0,0.0,0.0,0.0,0.0,0.0,0.0,0.0,0.0,,DNC,12,8,CAN,ALB,Alexander Albon,USA,USA,США,#071C63,Mercedes,#707070,0.0,0.0,0.0,0.0,0.0,0.0,19,18,14,16.0,16,16,12.5,12,12,6.65,
2023,2023090,2,9,Max Verstappen,Red Bull Racing,1.0,1,1,1,1,30:26.730,8,1,VER,2,14,#405585,2-14,16,2,1.0,10.0,1.0,1.0,0.5120327700972862,1,0,0,1.0,1.0,0,0,1.0,1.0,24.0,100,0,0.0,0.0,0.0,1.0,0,0.0,0.0,0.0,1.0,75.618,01:15.618,0.172,0.158,0.0139999999999999,3,3.80,2,1.95,7,1.70,9,1.60,1,1.0,7,1,5.75,6,3.30,1,0.0416666666666666,0.594,0.0247500000000003,9.19,6.25,9.56,6.79,9.07,6.18,6.50,6.25,6.79,0.0,0.4788952579468473,1.0,0.5822168087697929,1.0,0.5319148936170213,0.0,0.4774964838255978,4.0,0.0,0.4756161510225485,15.0,15.0,8.0,1.0,0,1.0,0.0,0.0,0.0,0.0,1.0,0.0,1.0,0.0,0.0,1.0,1.0,0.0,0.0,1.0,24.0,8.299999999999999,9.05,4,9,AUT*,PER,Sergio Perez,NLD,Netherlands,Нидерланды,#F75600,Honda,#DE0000,0.0,0.0,0.0,0.0,203.0,203.0,1,1,1,1.0,3,2,6.0,9,7,9.05,
2023,2023090,2,9,Carlos Sainz,Ferrari,5.0,5,3,3,3,+23.088,6,55,SAI,8,5,#E01A00,8-5,7,3,1.0,8.11,1.0,1.0,0.5152477763659467,5,0,0,3.0,5.0,0,0,1.0,1.0,24.0,100,1,1.0,0.0,1.0,4.0,1,1.0,0.0,1.0,1.0,76.481,01:16.481,0.154,0.126,0.0279999999999999,2,3.90,10,1.55,6,1.75,6,1.75,2,1.0,6,3,5.45,3,3.50,3,0.125,0.838,0.0349166666666664,9.68,7.00,6.72,7.43,8.37,6.18,6.50,6.25,6.79,1.0,0.7165062916358254,0.0,0.48,1.0,0.5283018867924528,1.0,0.5,9.0,0.0,0.4699606962380684,6.0,9.0,10.0,0.0,0,0.0,0.0,0.0,0.0,0.0,0.0,0.0,0.0,0.0,1.0,1.0,0.0,0.0,0.0,0.0,0.0,8.858333333333333,8.95,4,9,AUT*,LEC,Charles Leclerc,ESP,Spain,Испания,#F7B800,Ferrari,#DC0004,100.0,0.0,100.0,0.0,74.0,74.0,3,5,2,3.0,2,10,3.0,6,6,8.95,
2023,2023090,2,9,Lewis Hamilton,Mercedes,18.0,18,10,10,10,+46.375,0,44,HAM,1,10,#08ABA3,1-10,10,1,1.0,1.95,0.0,0.0,0.3665413533834586,18,0,0,9.0,18.0,0,0,0.0,0.0,24.0,100,4,4.0,0.0,4.0,13.0,5,5.0,0.0,5.0,1.0,76.032,01:16.032,0.288,0.288,0.0,10,3.10,4,1.85,1,2.00,2,1.95,3,1.0,1,6,4.95,1,3.95,0,0.0,-,,6.07,10.00,8.20,9.36,,6.18,6.50,6.25,6.79,1.0,0.5699530516431925,0.0,0.4505494505494505,1.0,0.5405405405405406,1.0,0.5179856115107914,17.0,1.0,,1.0,10.0,1.0,1.0,0,0.0,0.0,0.0,1.0,0.0,1.0,0.0,0.0,0.0,0.0,0.0,0.0,0.0,0.0,0.0,0.0,7.273333333333333,8.90,4,9,AUT*,RUS,George Russell,GBR,Great Britain,Великобритания,#314486,Mercedes,#707070,100.0,0.0,100.0,0.0,102.0,102.0,10,18,3,6.0,10,4,1.0,2,1,8.90,
2023,2023090,2,9,Sergio Perez,Red Bull Racing,2.0,2,2,2,2,+21.048,7,11,PER,5,14,#405585,5-14,14,2,1.0,9.53,0.0,0.0,0.4879672299027137,2,0,0,1.0,2.0,0,0,0.0,0.0,24.0,100,1,1.0,0.0,1.0,3.0,-1,0.0,1.0,1.0,1.0,76.438,01:16.438,0.142,0.135,0.0069999999999999,1,4.00,9,1.60,14,1.35,5,1.80,4,1.0,14,2,5.60,10,3.15,1,0.0416666666666666,0.272,0.0113333333333335,10.00,5.50,6.86,7.43,10.0,6.18,6.50,6.25,6.79,1.0,0.5211047420531527,0.0,0.417783191230207,0.0,0.4680851063829787,1.0,0.5225035161744023,1.0,1.0,0.5243838489774515,15.0,15.0,7.0,1.0,0,0.0,1.0,0.0,0.0,0.0,1.0,0.0,0.0,1.0,0.0,1.0,0.0,1.0,0.0,1.0,0.0,8.821666666666667,8.75,4,9,AUT*,VER,Max Verstappen,MEX,Mexico,Мексика,#006640,Honda,#DE0000,100.0,0.0,0.0,100.0,133.0,133.0,2,2,4,2.0,1,9,10.0,5,14,8.75,
2023,2023090,2,9,Nico Hulkenberg,Haas F1 Team,4.0,4,6,6,6,+31.297,3,27,HUL,25,7,#505050,25-7,11,3,1.0,8.58,1.0,1.0,0.5991620111731844,4,0,0,2.0,4.0,0,0,1.0,1.0,24.0,100,0,2.0,2.0,4.0,2.0,2,2.0,0.0,2.0,1.0,75.707,01:15.707,0.283,0.283,0.0,8,3.30,3,1.90,4,1.85,11,1.50,5,1.0,4,4,5.20,5,3.35,0,0.0,-,,6.20,7.75,9.27,6.79,,6.18,6.50,6.25,6.79,1.0,0.595581171950048,1.0,0.572929542645241,1.0,0.5849056603773585,1.0,0.5251353441608663,20.0,0.0,,3.0,9.0,3.0,0.0,0,0.0,0.0,0.0,0.0,0.0,0.0,1.0,0.0,0.0,0.0,0.0,0.0,0.0,0.0,0.0,0.0,6.556666666666668,8.55,4,9,AUT*,MAG,Kevin Magnussen,GER,Germany,Германия,#000000,Ferrari,#DC0004,50.0,50.0,100.0,0.0,9.0,9.0,6,4,5,4.0,8,3,5.0,11,4,8.55,
2023,2023090,2,9,George Russell,Mercedes,15.0,15,8,8,8,+36.611,1,63,RUS,14,10,#08ABA3,14-10,10,1,1.0,3.37,1.0,1.0,0.6334586466165414,15,0,0,8.0,15.0,0,0,1.0,1.0,24.0,100,3,3.0,0.0,3.0,12.0,3,3.0,0.0,3.0,1.0,75.484,01:15.484,0.343,0.343,0.0,14,2.70,1,2.00,3,1.90,3,1.90,6,1.0,3,9,4.70,2,3.80,0,0.0,-,,4.58,8.50,10.00,8.71,,6.18,6.50,6.25,6.79,0.0,0.4300469483568075,1.0,0.5494505494505495,0.0,0.4594594594594595,0.0,0.4820143884892087,19.0,0.0,,1.0,10.0,1.0,1.0,0,0.0,0.0,1.0,0.0,0.0,1.0,0.0,0.0,0.0,0.0,0.0,0.0,0.0,0.0,0.0,0.0,5.921666666666667,8.50,4,9,AUT*,HAM,Lewis Hamilton,GBR,Great Britain,Великобритания,#314486,Mercedes,#707070,100.0,0.0,100.0,0.0,66.0,66.0,8,15,6,9.0,14,1,2.0,3,3,8.50,
2023,2023090,2,9,Lance Stroll,Aston Martin,8.0,7,4,4,4,+29.703,5,18,STR,10,4,#23675D,10-4,4,1,1.0,6.68,0.0,0.0,0.4826589595375722,7,0,0,4.0,7.0,0,0,1.0,1.0,24.0,100,0,0.0,0.0,0.0,5.0,2,2.0,0.0,2.0,1.0,76.706,01:16.706,0.180,0.168,0.0119999999999999,4,3.70,13,1.40,5,1.80,13,1.40,7,1.0,5,5,5.10,9,3.20,1,0.0416666666666666,0.430,0.0179166666666669,8.98,7.75,5.98,6.79,9.55,6.18,6.50,6.25,6.79,1.0,0.603494623655914,0.0,0.4983333333333333,1.0,0.5535714285714286,0.0,0.5,2.0,1.0,0.7132188200149365,9.0,10.0,5.0,0.0,0,0.0,0.0,0.0,0.0,0.0,0.0,0.0,0.0,0.0,0.0,0.0,0.0,0.0,0.0,0.0,0.0,8.41,8.30,4,9,AUT*,ALO,Fernando Alonso,CAN,Canada,Канада,#E30000,Mercedes,#707070,0.0,0.0,100.0,0.0,42.0,42.0,4,7,7,5.0,4,13,9.0,13,5,8.30,
2023,2023090,2,9,Alexander Albon,Williams,11.0,11,13,13,13,+52.848,0,23,ALB,24,18,#0B4BCD,24-18,20,1,1.0,5.26,1.0,1.0,0.8402555910543131,11,0,0,6.0,11.0,0,0,1.0,1.0,24.0,100,-2,1.0,3.0,4.0,7.0,4,4.0,0.0,4.0,1.0,76.396,01:16.396,0.287,0.287,0.0,9,3.20,7,1.70,2,1.95,18,1.15,8,1.0,2,7,4.90,12,3.10,0,0.0,-,,6.09,9.25,7.00,5.50,,6.18,6.50,6.25,6.79,1.0,0.5526315789473685,1.0,0.5208333333333333,1.0,0.5967741935483871,0.0,0.3870513722730471,16.0,0.0,,0.0,10.0,0.0,0.0,0,0.0,0.0,0.0,0.0,0.0,0.0,0.0,0.0,0.0,0.0,0.0,0.0,0.0,0.0,0.0,0.0,6.5183333333333335,8.00,4,9,AUT*,SAR,Logan Sargeant,THA,Thailand,Таиланд,#2E2549,Mercedes,#707070,25.0,75.0,100.0,0.0,7.0,7.0,13,11,8,7.0,9,7,12.0,18,2,8.00,
2023,2023090,2,9,Esteban Ocon,Alpine,9.0,8,7,7,7,+36.602,2,31,OCO,13,3,#0E8EDD,13-3,9,4,1.0,6.21,1.0,1.0,0.5645454545454546,8,0,0,4.0,8.0,0,0,1.0,1.0,24.0,100,0,0.0,0.0,0.0,8.0,0,1.0,1.0,2.0,1.0,76.918,01:16.918,0.198,0.158,0.04,6,3.50,17,1.20,9,1.60,14,1.35,9,1.0,9,10,4.70,13,2.95,2,0.0833333333333333,1.343,0.055958333333334,8.49,6.25,5.28,6.79,6.92,6.18,6.50,6.25,6.79,1.0,0.5089928057553957,1.0,0.6446886446886446,1.0,0.6097560975609756,1.0,0.6554054054054055,11.0,0.0,0.450227716330514,2.0,2.0,2.0,0.0,0,0.0,0.0,0.0,0.0,0.0,0.0,0.0,0.0,0.0,0.0,0.0,0.0,0.0,0.0,0.0,0.0,7.833333333333333,7.65,4,9,AUT*,GAS,Pierre Gasly,FRA,France,Франция,#004CA2,Renault,#FAEF00,0.0,0.0,50.0,50.0,31.0,31.0,7,8,9,10.0,6,17,13.0,14,9,7.65,
2023,2023090,2,9,Logan Sargeant,Williams,20.0,20,18,18,18,+1:06.059,0,2,SAR,27,18,#0B4BCD,27-18,21,1,1.0,1.0,0.0,0.0,0.1597444089456869,20,0,0,10.0,19.0,0,0,0.0,0.0,24.0,100,3,3.0,0.0,3.0,19.0,0,0.0,0.0,0.0,1.0,76.567,01:16.567,0.330,0.330,0.0,13,2.80,11,1.50,12,1.45,4,1.85,10,1.0,12,13,4.30,7,3.30,0,0.0,-,,4.93,6.25,6.44,8.71,,6.18,6.50,6.25,6.79,0.0,0.4473684210526316,0.0,0.4791666666666666,0.0,0.4032258064516129,1.0,0.6129486277269529,14.0,1.0,,0.0,10.0,0.0,0.0,0,0.0,0.0,0.0,0.0,0.0,0.0,0.0,0.0,0.0,0.0,0.0,0.0,0.0,0.0,0.0,0.0,5.78,7.60,4,9,AUT*,ALB,Alexander Albon,USA,USA,США,#071C63,Mercedes,#707070,100.0,0.0,0.0,0.0,0.0,0.0,18,20,10,13.0,13,11,7.0,4,12,7.60,
2023,2023090,2,9,Fernando Alonso,Aston Martin,7.0,6,5,5,5,+30.109,4,14,ALO,19,4,#23675D,19-4,7,1,1.0,7.16,1.0,1.0,0.5173410404624278,6,0,0,3.0,6.0,0,0,0.0,0.0,24.0,100,0,0.0,0.0,0.0,6.0,0,1.0,1.0,2.0,1.0,76.694,01:16.694,0.294,0.212,0.0819999999999999,11,3.00,12,1.45,8,1.65,12,1.45,11,1.0,8,12,4.45,11,3.10,3,0.125,2.414,0.1005833333333328,5.90,6.25,6.02,6.79,3.84,6.18,6.50,6.25,6.79,0.0,0.396505376344086,1.0,0.5016666666666666,0.0,0.4464285714285714,1.0,0.5,12.0,0.0,0.2867811799850635,9.0,10.0,10.0,0.0,0,0.0,0.0,0.0,0.0,0.0,0.0,0.0,0.0,0.0,0.0,0.0,0.0,0.0,0.0,0.0,0.0,6.1066666666666665,7.55,4,9,AUT*,STR,Lance Stroll,ESP,Spain,Испания,#F7B800,Mercedes,#707070,0.0,0.0,50.0,50.0,121.0,121.0,5,6,11,12.0,11,12,11.0,12,8,7.55,
2023,2023090,2,9,Oscar Piastri,McLaren,17.0,17,11,11,11,+49.807,0,81,PIA,28,9,#EE853F,28-9,2,1,1.0,2.42,0.0,0.0,0.2109851787271142,17,0,0,9.0,17.0,0,0,0.0,0.0,24.0,100,5,5.0,0.0,5.0,17.0,0,1.0,1.0,2.0,1.0,76.115,01:16.115,0.476,0.455,0.0209999999999999,20,2.10,5,1.80,11,1.50,1,2.00,12,1.0,11,17,3.90,4,3.50,1,0.0416666666666666,0.822,0.0342500000000001,1.00,6.25,7.93,10.00,8.42,6.18,6.50,6.25,6.79,0.0,0.100502512562814,1.0,0.604420731707317,1.0,0.8620689655172413,1.0,0.5955926146515783,8.0,1.0,1.0,0.0,10.0,0.0,1.0,0,0.0,0.0,0.0,0.0,1.0,1.0,0.0,0.0,0.0,0.0,0.0,0.0,0.0,0.0,0.0,0.0,3.375,7.40,4,9,AUT*,NOR,Lando Norris,AUS,Australia,Австралия,#F7C900,Mercedes,#707070,100.0,0.0,50.0,50.0,5.0,5.0,11,17,12,17.0,20,5,4.0,1,11,7.40,
2023,2023090,2,9,Lando Norris,McLaren,3.0,3,9,9,9,+38.608,0,4,NOR,4,9,#EE853F,4-9,10,1,1.0,9.05,1.0,1.0,0.7890148212728858,3,0,0,2.0,3.0,0,0,1.0,1.0,24.0,100,0,1.0,1.0,2.0,10.0,-7,0.0,7.0,7.0,1.0,76.948,01:16.948,0.181,0.181,0.0,5,3.60,18,1.15,20,1.05,10,1.55,13,1.0,20,8,4.75,15,2.60,0,0.0,-,,8.95,1.00,5.19,6.79,,6.18,6.50,6.25,6.79,1.0,0.8994974874371859,0.0,0.3955792682926829,0.0,0.1379310344827586,0.0,0.4044073853484217,18.0,0.0,,0.0,10.0,1.0,0.0,0,0.0,0.0,0.0,0.0,0.0,0.0,0.0,0.0,0.0,0.0,0.0,0.0,0.0,1.0,1.0,0.0,7.265,7.35,4,9,AUT*,PIA,Oscar Piastri,GBR,Great Britain,Великобритания,#314486,Mercedes,#707070,50.0,50.0,0.0,100.0,12.0,12.0,9,3,13,8.0,5,18,15.0,10,20,7.35,
2023,2023090,2,9,Charles Leclerc,Ferrari,6.0,9,12,12,12,+50.789,0,16,LEC,6,5,#E01A00,6-5,15,3,1.0,7.63,0.0,0.0,0.4847522236340534,9,0,0,5.0,9.0,0,0,0.0,0.0,24.0,100,1,3.0,2.0,5.0,9.0,0,1.0,1.0,2.0,1.0,76.311,01:16.311,0.371,0.354,0.017,18,2.30,6,1.75,10,1.55,7,1.70,14,1.0,10,16,4.05,8,3.25,1,0.0416666666666666,0.468,0.0195000000000001,3.83,6.25,7.28,7.43,9.44,6.18,6.50,6.25,6.79,0.0,0.2834937083641747,1.0,0.52,0.0,0.4716981132075472,0.0,0.5,3.0,1.0,0.5300393037619315,6.0,9.0,0.0,0.0,0,0.0,0.0,0.0,0.0,0.0,0.0,0.0,0.0,0.0,0.0,0.0,0.0,0.0,0.0,0.0,0.0,4.833333333333333,7.30,4,9,AUT*,SAI,Carlos Sainz,MON,Monaco,Монако,#D80000,Ferrari,#DC0004,60.0,40.0,50.0,50.0,54.0,54.0,12,9,14,16.0,18,6,8.0,7,10,7.30,
2023,2023090,2,9,Yuki Tsunoda,Alpha Tauri,13.0,13,16,16,16,+1:04.822,0,22,TSU,9,2,#5F86E1,9-2,13,2,1.0,4.32,1.0,1.0,0.5294117647058824,13,0,0,7.0,13.0,0,0,1.0,1.0,24.0,100,1,1.0,0.0,1.0,14.0,-1,1.0,2.0,3.0,1.0,76.829,01:16.829,0.344,0.344,0.0,15,2.60,16,1.25,16,1.25,8,1.65,15,1.0,16,18,3.85,14,2.90,0,0.0,-,,4.56,5.50,5.58,7.43,,6.18,6.50,6.25,6.79,0.0,0.4620060790273556,0.0,0.4852173913043478,1.0,0.5365853658536586,1.0,0.5475313190862195,15.0,0.0,,0.0,15.0,0.0,0.0,0,0.0,0.0,0.0,0.0,0.0,0.0,0.0,0.0,0.0,0.0,0.0,0.0,0.0,0.0,0.0,0.0,5.194999999999999,6.75,4,9,AUT*,DEV,Nyck De Vries,JPN,Japan,Япония,#C60018,Honda,#DE0000,100.0,0.0,33.0,67.0,2.0,2.0,16,13,15,18.0,15,16,14.0,8,16,6.75,
2023,2023090,2,9,Nyck De Vries,Alpha Tauri,14.0,14,17,17,17,+1:05.617,0,21,DEV,26,2,#5F86E1,26-2,16,2,1.0,3.84,0.0,0.0,0.4705882352941176,14,0,0,7.0,14.0,0,0,0.0,0.0,24.0,100,-1,1.0,2.0,3.0,16.0,-2,0.0,2.0,2.0,1.0,76.724,01:16.724,0.316,0.288,0.028,12,2.90,14,1.35,17,1.20,16,1.25,16,1.0,17,14,4.25,18,2.45,1,0.0416666666666666,0.689,0.028708333333333,5.31,4.75,5.92,6.14,8.8,6.18,6.50,6.25,6.79,1.0,0.5379939209726444,1.0,0.5147826086956522,0.0,0.4634146341463415,0.0,0.4524686809137803,5.0,1.0,1.0,0.0,15.0,8.0,0.0,0,0.0,0.0,0.0,0.0,0.0,0.0,0.0,0.0,0.0,0.0,0.0,0.0,0.0,0.0,0.0,0.0,5.355,6.70,4,9,AUT*,TSU,Yuki Tsunoda,NLD,Netherlands,Нидерланды,#F75600,Honda,#DE0000,33.0,67.0,0.0,100.0,0.0,0.0,17,14,16,14.0,12,14,18.0,16,17,6.70,
2023,2023090,2,9,Pierre Gasly,Alpine,12.0,12,15,15,15,+57.652,0,10,GAS,17,3,#0E8EDD,17-3,9,4,1.0,4.79,0.0,0.0,0.4354545454545455,12,0,0,6.0,12.0,0,0,0.0,0.0,24.0,100,-5,0.0,5.0,5.0,15.0,-3,0.0,3.0,3.0,1.0,77.64,01:17.640,0.209,0.165,0.0439999999999999,7,3.40,19,1.10,19,1.10,19,1.10,17,1.0,19,11,4.50,20,2.20,1,0.0416666666666666,0.812,0.0338333333333332,8.19,4.00,2.91,3.57,8.45,6.18,6.50,6.25,6.79,0.0,0.4910071942446043,0.0,0.3553113553113552,0.0,0.3902439024390244,0.0,0.3445945945945945,6.0,1.0,0.5497722836694859,2.0,2.0,2.0,0.0,0,0.0,0.0,0.0,0.0,0.0,0.0,0.0,0.0,0.0,0.0,0.0,0.0,0.0,0.0,0.0,0.0,6.721666666666667,6.70,4,9,AUT*,OCO,Esteban Ocon,FRA,France,Франция,#004CA2,Renault,#FAEF00,0.0,100.0,0.0,100.0,15.0,15.0,15,12,17,11.0,7,19,20.0,19,19,6.70,
2023,2023090,2,9,Kevin Magnussen,Haas F1 Team,10.0,10,14,14,14,+56.593,0,20,MAG,22,7,#505050,22-7,6,3,1.0,5.74,0.0,0.0,0.4008379888268156,10,0,0,5.0,10.0,0,0,0.0,0.0,24.0,100,-1,1.0,2.0,3.0,11.0,-1,0.0,1.0,1.0,1.0,76.425,01:16.425,0.357,0.340,0.0169999999999999,17,2.40,8,1.65,15,1.30,15,1.30,18,1.0,15,15,4.05,16,2.60,1,0.0416666666666666,0.821,0.0342083333333332,4.21,5.50,6.91,6.14,8.42,6.18,6.50,6.25,6.79,0.0,0.4044188280499519,0.0,0.4270704573547589,0.0,0.4150943396226415,0.0,0.4748646558391338,7.0,1.0,1.0,3.0,9.0,0.0,0.0,0,0.0,0.0,0.0,0.0,0.0,0.0,0.0,0.0,0.0,0.0,0.0,0.0,0.0,0.0,0.0,0.0,4.746666666666667,6.65,4,9,AUT*,HUL,Nico Hulkenberg,DEN,Denmark,Дания,#D20019,Ferrari,#DC0004,33.0,67.0,0.0,100.0,2.0,2.0,14,10,18,15.0,17,8,16.0,15,15,6.65,
2023,2023090,2,9,Guanyu Zhou,Alfa Romeo,16.0,16,19,19,19,+1:10.825,0,24,ZHO,23,1,#752020,23-1,5,3,1.0,2.89,1.0,1.0,0.6628440366972477,16,0,0,8.0,16.0,0,0,1.0,1.0,24.0,100,-1,0.0,1.0,1.0,18.0,-2,0.0,2.0,2.0,1.0,76.728,01:16.728,0.350,0.282,0.068,16,2.50,15,1.30,18,1.15,17,1.20,19,1.0,18,19,3.80,19,2.35,1,0.0416666666666666,1.292,0.0538333333333334,4.40,4.75,5.91,6.14,7.07,6.18,6.50,6.25,6.79,1.0,0.5843293492695883,1.0,0.8552821997105644,0.0,0.4318181818181818,1.0,0.8599439775910364,10.0,1.0,0.8760842627013631,0.0,9.0,0.0,0.0,0,0.0,0.0,0.0,0.0,0.0,0.0,0.0,0.0,0.0,0.0,0.0,0.0,0.0,0.0,0.0,0.0,4.748333333333334,6.15,4,9,AUT*,BOT,Valtteri Bottas,CHN,China,Китай,#F70000,Ferrari,#DC0004,0.0,100.0,0.0,100.0,4.0,4.0,19,16,19,19.0,16,15,19.0,17,18,6.15,
2023,2023090,2,9,Valtteri Bottas,Alfa Romeo,19.0,PLS,20,20,20,,0,77,BOT,3,1,#752020,3-1,8,3,1.0,1.47,0.0,0.0,0.3371559633027522,PLS,0,1,,20.0,0,0,0.0,0.0,24.0,100,-9,0.0,9.0,9.0,20.0,0,0.0,0.0,0.0,1.0,78.221,01:18.221,0.397,0.239,0.158,19,2.20,20,1.05,13,1.40,20,1.05,20,1.0,13,20,3.25,17,2.45,2,0.0833333333333333,3.400,0.1416666666666669,3.13,6.25,1.00,1.00,1.0,6.18,6.50,6.25,6.79,0.0,0.4156706507304116,0.0,0.1447178002894356,1.0,0.5681818181818182,0.0,0.1400560224089636,13.0,0.0,0.1239157372986369,0.0,9.0,0.0,0.0,0,0.0,0.0,0.0,0.0,0.0,0.0,0.0,0.0,0.0,0.0,0.0,0.0,0.0,0.0,0.0,0.0,3.295,5.70,4,9,AUT*,ZHO,Guanyu Zhou,FIN,Finland,Финляндия,#04276B,Ferrari,#DC0004,0.0,100.0,0.0,0.0,5.0,5.0,20,14,20,20.0,19,20,17.0,20,13,5.70,
2023,2023091,2,10,Max Verstappen,Red Bull Racing,1.0,1,1,1,1,1:25:33.607,26,1,VER,2,14,#405585,2-14,16,2,1.0,10.0,1.0,1.0,0.7479431563201197,1,0,0,1.0,1.0,0,0,1.0,1.0,71.0,100,2,2.0,0.0,2.0,1.0,0,0.0,0.0,0.0,1.0,69.302,01:09.302,0.068,0.053,0.015,1,4.00,1,2.00,7,1.70,3,1.90,1,1.0,6,1,6.00,2,3.60,5,0.0704225352112676,0.946,0.0133239436619714,10.00,3.57,10.00,6.62,10.0,6.38,5.38,3.57,5.53,1.0,0.6743088334457181,1.0,0.5521811154058531,0.0,0.4588688946015424,0.0,0.398315282791817,1.0,1.0,0.6618133686300464,41.0,41.0,26.0,1.0,1,1.0,1.0,1.0,0.0,0.0,3.0,1.0,1.0,0.0,0.0,1.0,1.0,0.0,0.0,1.0,61.0,8.365,9.60,3,9,AUT,PER,Sergio Perez,NLD,Netherlands,Нидерланды,#F75600,Honda,#DE0000,100.0,0.0,0.0,0.0,229.0,229.0,1,1,1,1.0,1,1,2.0,3,7,9.60,
2023,2023091,2,10,Fernando Alonso,Aston Martin,7.0,7,5,5,5,+30.317,10,14,ALO,19,4,#23675D,19-4,7,1,1.0,7.16,0.0,0.0,0.4841108857336038,7,0,0,4.0,7.0,0,0,1.0,1.0,71.0,100,-1,0.0,1.0,1.0,6.0,1,1.0,0.0,1.0,1.0,70.135,01:10.135,0.091,0.048,0.043,2,3.90,6,1.75,3,1.90,14,1.35,2,1.0,3,3,5.65,5,3.25,7,0.0985915492957746,2.647,0.0372816901408457,9.21,4.21,6.81,4.94,8.64,6.38,5.38,3.57,5.53,1.0,0.5351539802440441,1.0,0.5048183839881394,1.0,0.7196581196581197,0.0,0.3728301886792453,4.0,1.0,0.5176752546434991,12.0,34.0,18.0,0.0,0,0.0,0.0,0.0,0.0,0.0,0.0,0.0,0.0,0.0,0.0,0.0,0.0,0.0,0.0,0.0,0.0,7.665,8.90,3,9,AUT,STR,Lance Stroll,ESP,Spain,Испания,#F7B800,Mercedes,#707070,0.0,100.0,100.0,0.0,131.0,131.0,5,7,2,3.0,2,6,5.0,14,3,8.90,
2023,2023091,2,10,Carlos Sainz,Ferrari,3.0,3,6,6,6,+31.377,8,55,SAI,8,5,#E01A00,8-5,7,3,1.0,9.05,0.0,0.0,0.4870828848223897,3,0,0,2.0,3.0,0,0,0.0,0.0,71.0,100,1,3.0,2.0,5.0,3.0,0,0.0,0.0,0.0,1.0,69.9,01:09.900,0.125,0.062,0.063,5,3.60,4,1.85,9,1.60,6,1.75,3,1.0,8,4,5.45,3,3.35,12,0.1690140845070422,4.154,0.058507042253521,8.03,3.57,7.71,6.06,7.43,6.38,5.38,3.57,5.53,0.0,0.466860465116279,0.0,0.4939141575912876,0.0,0.5,1.0,0.5509090909090909,9.0,0.0,0.4430530709600477,26.0,26.0,18.0,0.0,0,0.0,0.0,0.0,0.0,0.0,0.0,0.0,0.0,0.0,0.0,0.0,0.0,0.0,1.0,1.0,0.0,6.958333333333333,8.80,3,9,AUT,LEC,Charles Leclerc,ESP,Spain,Испания,#F7B800,Ferrari,#DC0004,60.0,40.0,0.0,0.0,82.0,82.0,6,3,3,4.0,5,4,3.0,6,9,8.80,
2023,2023091,2,10,Charles Leclerc,Ferrari,2.0,2,2,2,2,+5.155,18,16,LEC,6,5,#E01A00,6-5,15,3,1.0,9.53,1.0,1.0,0.5129171151776103,2,0,0,1.0,2.0,0,0,1.0,1.0,71.0,100,-1,0.0,1.0,1.0,2.0,0,0.0,0.0,0.0,1.0,69.85,01:09.850,0.092,0.069,0.0229999999999999,3,3.80,3,1.90,8,1.65,12,1.45,4,1.0,7,2,5.70,7,3.10,10,0.1408450704225352,1.777,0.0250281690140851,9.17,3.57,7.90,4.94,9.34,6.38,5.38,3.57,5.53,1.0,0.5331395348837209,1.0,0.5060858424087123,1.0,0.5,0.0,0.4490909090909091,2.0,1.0,0.5569469290399524,26.0,26.0,18.0,0.0,0,0.0,0.0,0.0,0.0,0.0,0.0,0.0,0.0,1.0,0.0,1.0,0.0,1.0,0.0,1.0,10.0,7.531666666666666,8.80,3,9,AUT,SAI,Carlos Sainz,MON,Monaco,Монако,#D80000,Ferrari,#DC0004,0.0,100.0,0.0,0.0,72.0,72.0,2,2,4,2.0,3,3,7.0,12,8,8.80,
2023,2023091,2,10,Sergio Perez,Red Bull Racing,15.0,15,3,3,3,+17.188,15,11,PER,5,14,#405585,5-14,14,2,1.0,3.37,0.0,0.0,0.2520568436798803,15,0,0,8.0,15.0,0,0,0.0,0.0,71.0,100,8,9.0,1.0,10.0,14.0,1,2.0,1.0,3.0,1.0,69.795,01:09.795,0.218,0.103,0.115,14,2.70,2,1.95,5,1.80,1,2.00,5,1.0,4,9,4.65,1,3.80,12,0.1690140845070422,7.056,0.0993802816901398,4.83,4.21,8.11,10.00,5.11,6.38,5.38,3.57,5.53,0.0,0.3256911665542819,0.0,0.4478188845941468,1.0,0.5411311053984577,1.0,0.6016847172081828,15.0,0.0,0.3381866313699537,41.0,41.0,15.0,1.0,0,0.0,0.0,0.0,0.0,1.0,1.0,0.0,0.0,0.0,1.0,1.0,0.0,0.0,0.0,0.0,0.0,5.588333333333334,8.45,3,9,AUT,VER,Max Verstappen,MEX,Mexico,Мексика,#006640,Honda,#DE0000,90.0,10.0,67.0,33.0,148.0,148.0,3,15,5,9.0,14,2,1.0,1,5,8.45,
2023,2023091,2,10,George Russell,Mercedes,11.0,11,7,7,7,+48.403,6,63,RUS,14,10,#08ABA3,14-10,10,1,1.0,5.26,0.0,0.0,0.3934181002243829,11,0,0,6.0,11.0,0,0,1.0,1.0,71.0,100,2,4.0,2.0,6.0,12.0,-1,0.0,1.0,1.0,1.0,70.435,01:10.435,0.096,0.074,0.022,4,3.70,9,1.60,16,1.25,4,1.85,6,1.0,15,5,5.30,9,3.10,8,0.1126760563380281,1.783,0.0251126760563366,9.03,2.93,5.66,6.62,9.33,6.38,5.38,3.57,5.53,1.0,0.6048225050234427,0.0,0.4712739383846794,0.0,0.4103641456582633,1.0,0.6018181818181818,3.0,1.0,0.6162483487450462,10.0,34.0,22.0,0.0,0,0.0,0.0,0.0,0.0,0.0,0.0,0.0,0.0,0.0,0.0,0.0,0.0,0.0,0.0,0.0,0.0,7.6116666666666655,8.40,3,9,AUT,HAM,Lewis Hamilton,GBR,Great Britain,Великобритания,#314486,Mercedes,#707070,67.0,33.0,0.0,100.0,72.0,72.0,7,11,6,5.0,4,9,9.0,4,16,8.40,
2023,2023091,2,10,Lance Stroll,Aston Martin,6.0,6,9,9,9,+59.043,2,18,STR,10,4,#23675D,10-4,4,1,1.0,7.63,1.0,1.0,0.5158891142663963,6,0,0,3.0,6.0,0,0,0.0,0.0,71.0,100,5,5.0,0.0,5.0,9.0,-3,0.0,3.0,3.0,1.0,70.168,01:10.168,0.126,0.068,0.0579999999999999,6,3.50,7,1.70,18,1.15,2,1.95,7,1.0,17,6,5.20,8,3.10,7,0.0985915492957746,3.381,0.0476197183098587,8.00,1.64,6.68,8.31,8.05,6.38,5.38,3.57,5.53,0.0,0.4648460197559558,0.0,0.4951816160118606,0.0,0.2803418803418803,1.0,0.6271698113207548,6.0,0.0,0.4823247453565009,12.0,34.0,2.0,0.0,0,0.0,0.0,0.0,0.0,0.0,0.0,0.0,0.0,0.0,0.0,0.0,0.0,0.0,0.0,0.0,0.0,6.991666666666667,8.30,3,9,AUT,ALO,Fernando Alonso,CAN,Canada,Канада,#E30000,Mercedes,#707070,100.0,0.0,0.0,100.0,44.0,44.0,9,6,7,6.0,6,7,8.0,2,18,8.30,
2023,2023091,2,10,Lando Norris,McLaren,4.0,4,4,4,4,+26.327,12,4,NOR,4,9,#EE853F,4-9,10,1,1.0,8.58,1.0,1.0,0.6651162790697674,4,0,0,2.0,4.0,0,0,1.0,1.0,71.0,100,-1,1.0,2.0,3.0,5.0,-1,0.0,1.0,1.0,1.0,70.123,01:10.123,0.146,0.087,0.059,9,3.20,5,1.80,13,1.40,13,1.40,8,1.0,12,7,5.00,15,2.80,12,0.1690140845070422,3.680,0.0518309859154922,7.31,2.93,6.86,4.94,7.81,6.38,5.38,3.57,5.53,1.0,0.791125541125541,1.0,0.657088122605364,1.0,0.6411378555798687,0.0,0.4490909090909091,7.0,1.0,0.71,12.0,34.0,22.0,0.0,0,0.0,0.0,0.0,0.0,0.0,0.0,0.0,0.0,0.0,0.0,0.0,0.0,0.0,0.0,0.0,0.0,6.185,7.80,3,9,AUT,PIA,Oscar Piastri,GBR,Great Britain,Великобритания,#314486,Mercedes,#707070,33.0,67.0,0.0,100.0,24.0,24.0,4,4,8,7.0,9,5,15.0,13,13,7.80,
2023,2023091,2,10,Pierre Gasly,Alpine,9.0,9,10,10,10,+1:07.667,1,10,GAS,17,3,#0E8EDD,17-3,9,4,1.0,6.21,1.0,1.0,0.5645454545454546,9,0,0,5.0,9.0,0,0,1.0,1.0,71.0,100,1,2.0,1.0,3.0,10.0,-1,0.0,1.0,1.0,1.0,70.443,01:10.443,0.150,0.073,0.077,10,3.10,10,1.55,14,1.35,7,1.70,9,1.0,13,10,4.65,11,3.05,9,0.1267605633802817,4.803,0.0676478873239436,7.17,2.93,5.63,6.06,6.91,6.38,5.38,3.57,5.53,1.0,0.5386927122464313,1.0,0.5721544715447154,1.0,0.5,0.0,0.4779179810725552,10.0,1.0,0.5613322502030869,1.0,1.0,1.0,0.0,0,0.0,0.0,0.0,0.0,0.0,0.0,0.0,0.0,0.0,0.0,0.0,0.0,0.0,0.0,0.0,0.0,6.278333333333333,7.70,3,9,AUT,OCO,Esteban Ocon,FRA,France,Франция,#004CA2,Renault,#FAEF00,67.0,33.0,0.0,100.0,16.0,16.0,10,9,9,10.0,10,10,11.0,7,14,7.70,
2023,2023091,2,10,Lewis Hamilton,Mercedes,5.0,5,8,8,8,+49.196,4,44,HAM,1,10,#08ABA3,1-10,10,1,1.0,8.11,1.0,1.0,0.606581899775617,5,0,0,3.0,5.0,0,0,0.0,0.0,71.0,100,-2,0.0,2.0,2.0,4.0,1,1.0,0.0,1.0,1.0,70.254,01:10.254,0.187,0.088,0.099,13,2.80,8,1.65,2,1.95,16,1.25,10,1.0,2,12,4.45,6,3.20,11,0.1549295774647887,6.179,0.0870281690140825,5.90,4.21,6.35,4.38,5.81,6.38,5.38,3.57,5.53,0.0,0.3951774949765573,1.0,0.5287260616153205,1.0,0.5896358543417366,0.0,0.3981818181818182,12.0,0.0,0.3837516512549537,10.0,34.0,22.0,0.0,0,0.0,0.0,0.0,0.0,0.0,0.0,0.0,0.0,0.0,0.0,0.0,0.0,0.0,0.0,0.0,0.0,5.364999999999999,7.65,3,9,AUT,RUS,George Russell,GBR,Great Britain,Великобритания,#314486,Mercedes,#707070,0.0,100.0,100.0,0.0,106.0,106.0,8,5,10,12.0,13,8,6.0,16,2,7.65,
2023,2023091,2,10,Nyck De Vries,Alpha Tauri,20.0,20,17,17,17,+1 Lap,0,21,DEV,26,2,#5F86E1,26-2,16,2,1.0,1.0,0.0,0.0,0.2570694087403599,20,0,0,10.0,20.0,0,0,1.0,1.0,70.0,99,0,0.0,0.0,0.0,19.0,0,0.0,0.0,0.0,1.0,71.048,01:11.048,0.142,0.107,0.0349999999999999,7,3.40,17,1.20,12,1.45,11,1.50,11,1.0,11,11,4.60,14,2.95,7,0.1,2.622,0.037457142857143,7.45,3.57,3.31,5.50,8.63,6.38,5.38,3.57,5.53,1.0,0.6563876651982379,1.0,0.5279106858054227,0.0,0.5,1.0,0.6285714285714286,5.0,1.0,0.7132231404958678,0.0,41.0,26.0,0.0,0,0.0,0.0,0.0,0.0,0.0,0.0,0.0,0.0,0.0,0.0,0.0,0.0,0.0,0.0,0.0,0.0,6.478333333333333,7.55,3,9,AUT,TSU,Yuki Tsunoda,NLD,Netherlands,Нидерланды,#F75600,Honda,#DE0000,0.0,0.0,0.0,0.0,0.0,0.0,17,20,11,11.0,7,17,14.0,11,12,7.55,
2023,2023091,2,10,Alexander Albon,Williams,10.0,10,11,11,11,+1:19.767,0,23,ALB,24,18,#0B4BCD,24-18,20,1,1.0,5.74,1.0,1.0,0.7464239271781534,10,0,0,5.0,10.0,0,0,1.0,1.0,71.0,100,-1,3.0,4.0,7.0,11.0,-1,0.0,1.0,1.0,1.0,70.692,01:10.692,0.143,0.081,0.0619999999999999,8,3.30,11,1.50,15,1.30,15,1.30,12,1.0,14,8,4.80,18,2.60,5,0.0704225352112676,3.956,0.0557183098591543,7.41,2.93,4.68,4.94,7.59,6.38,5.38,3.57,5.53,1.0,0.5281539558089807,1.0,0.5625,0.0,0.4507692307692308,0.0,0.4490909090909091,8.0,1.0,0.5552304316020483,0.0,34.0,0.0,0.0,0,0.0,0.0,0.0,0.0,0.0,0.0,0.0,0.0,0.0,0.0,0.0,0.0,0.0,0.0,0.0,0.0,6.251666666666666,7.40,3,9,AUT,SAR,Logan Sargeant,THA,Thailand,Таиланд,#2E2549,Mercedes,#707070,43.0,57.0,0.0,100.0,7.0,7.0,11,10,12,8.0,8,11,18.0,15,15,7.40,
2023,2023091,2,10,Logan Sargeant,Williams,18.0,18,13,13,13,+1 Lap,0,2,SAR,27,18,#0B4BCD,27-18,21,1,1.0,1.95,0.0,0.0,0.2535760728218465,18,0,0,9.0,18.0,0,0,0.0,0.0,70.0,99,1,1.0,0.0,1.0,17.0,0,1.0,1.0,2.0,1.0,70.962,01:10.962,0.166,0.070,0.096,11,3.00,14,1.35,11,1.50,10,1.55,13,1.0,10,13,4.35,12,3.05,9,0.1285714285714285,5.765,0.0823571428571426,6.62,3.57,3.64,6.06,6.08,6.38,5.38,3.57,5.53,0.0,0.4718460441910192,0.0,0.4375,1.0,0.5492307692307692,1.0,0.5509090909090909,11.0,0.0,0.4447695683979517,0.0,34.0,0.0,0.0,0,0.0,0.0,0.0,0.0,0.0,0.0,0.0,0.0,0.0,0.0,0.0,0.0,0.0,0.0,0.0,0.0,6.0183333333333335,7.40,3,9,AUT,ALB,Alexander Albon,USA,USA,США,#071C63,Mercedes,#707070,100.0,0.0,50.0,50.0,0.0,0.0,13,18,13,13.0,11,14,12.0,10,11,7.40,
2023,2023091,2,10,Esteban Ocon,Alpine,12.0,12,14,14,14,+1 Lap,0,31,OCO,13,3,#0E8EDD,13-3,9,4,1.0,4.79,0.0,0.0,0.4354545454545455,12,0,0,6.0,12.0,0,0,0.0,0.0,70.0,99,2,3.0,1.0,4.0,13.0,-1,0.0,1.0,1.0,1.0,70.813,01:10.813,0.180,0.078,0.102,12,2.90,12,1.45,17,1.20,5,1.80,14,1.0,16,14,4.35,13,3.00,12,0.1714285714285714,6.601,0.0942999999999999,6.14,2.93,4.21,6.62,5.4,6.38,5.38,3.57,5.53,0.0,0.4613072877535688,0.0,0.4278455284552845,0.0,0.5,1.0,0.5220820189274448,14.0,0.0,0.4386677497969131,1.0,1.0,1.0,0.0,0,0.0,0.0,0.0,0.0,0.0,0.0,0.0,0.0,0.0,0.0,0.0,0.0,0.0,0.0,0.0,0.0,5.685,7.35,3,9,AUT,GAS,Pierre Gasly,FRA,France,Франция,#004CA2,Renault,#FAEF00,75.0,25.0,0.0,100.0,31.0,31.0,14,12,14,14.0,12,12,13.0,5,17,7.35,
2023,2023091,2,10,Guanyu Zhou,Alfa Romeo,17.0,17,12,12,12,+1 Lap,0,24,ZHO,23,1,#752020,23-1,5,3,1.0,2.42,0.0,0.0,0.3865814696485623,17,0,0,9.0,17.0,0,0,1.0,1.0,70.0,99,1,1.0,0.0,1.0,15.0,1,2.0,1.0,3.0,1.0,70.934,01:10.934,0.223,0.097,0.126,15,2.60,13,1.40,6,1.75,9,1.60,15,1.0,5,15,4.00,4,3.35,8,0.1142857142857142,7.549,0.1078428571428568,4.66,4.21,3.75,6.06,4.63,6.38,5.38,3.57,5.53,1.0,0.5774473358116481,1.0,0.5222841225626741,1.0,0.8080614203454894,1.0,0.6925714285714285,16.0,1.0,0.5905612244897959,0.0,26.0,0.0,0.0,0,0.0,0.0,0.0,0.0,0.0,0.0,0.0,0.0,0.0,0.0,0.0,0.0,0.0,0.0,0.0,0.0,4.818333333333333,7.35,3,9,AUT,BOT,Valtteri Bottas,CHN,China,Китай,#F70000,Ferrari,#DC0004,100.0,0.0,67.0,33.0,4.0,4.0,12,17,15,15.0,15,13,4.0,9,6,7.35,
2023,2023091,2,10,Yuki Tsunoda,Alpha Tauri,16.0,16,19,19,19,+1 Lap,0,22,TSU,9,2,#5F86E1,9-2,13,2,1.0,2.89,1.0,1.0,0.7429305912596401,16,0,0,8.0,16.0,0,0,0.0,0.0,70.0,99,-4,1.0,5.0,6.0,20.0,0,0.0,0.0,0.0,1.0,71.14,01:11.140,0.245,0.092,0.153,16,2.50,18,1.15,10,1.55,17,1.20,16,1.0,9,16,3.65,17,2.75,8,0.1142857142857142,8.978,0.1282571428571421,3.90,3.57,2.96,3.25,3.47,6.38,5.38,3.57,5.53,0.0,0.3436123348017621,0.0,0.4720893141945774,1.0,0.5,0.0,0.3714285714285714,17.0,0.0,0.2867768595041322,0.0,41.0,0.0,0.0,0,0.0,0.0,0.0,0.0,0.0,0.0,0.0,0.0,0.0,0.0,0.0,0.0,0.0,0.0,0.0,0.0,3.736666666666667,6.40,3,9,AUT,DEV,Nyck De Vries,JPN,Japan,Япония,#C60018,Honda,#DE0000,17.0,83.0,0.0,0.0,2.0,2.0,19,16,16,16.0,16,18,17.0,17,10,6.40,
2023,2023091,2,10,Kevin Magnussen,Haas F1 Team,19.0,19,18,18,18,+1 Lap,0,20,MAG,22,7,#505050,22-7,6,3,1.0,1.47,0.0,0.0,0.1803680981595092,19,0,0,10.0,19.0,0,0,1.0,,70.0,99,-8,2.0,10.0,12.0,8.0,10,10.0,0.0,10.0,1.0,71.652,01:11.652,0.329,0.140,0.189,19,2.20,19,1.10,1,2.00,19,1.10,17,1.0,1,19,3.30,10,3.10,9,0.1285714285714285,12.025,0.1717857142857156,1.00,10.00,1.00,1.00,1.0,6.38,5.38,3.57,5.53,,,,,,,,,20.0,0.0,0.1479289940828402,0.0,26.0,0.0,1.0,0,0.0,0.0,0.0,1.0,0.0,1.0,0.0,0.0,0.0,0.0,0.0,0.0,0.0,0.0,0.0,0.0,2.5,6.40,3,9,AUT,HUL,Nico Hulkenberg,DEN,Denmark,Дания,#D20019,Ferrari,#DC0004,17.0,83.0,100.0,0.0,2.0,2.0,18,19,17,19.0,19,19,10.0,19,1,6.40,
2023,2023091,2,10,Oscar Piastri,McLaren,13.0,13,16,16,16,+1 Lap,0,81,PIA,28,9,#EE853F,28-9,2,1,1.0,4.32,0.0,0.0,0.3348837209302325,13,0,0,7.0,13.0,0,0,0.0,0.0,70.0,99,1,2.0,1.0,3.0,16.0,-3,0.0,3.0,3.0,1.0,70.978,01:10.978,0.302,0.144,0.158,18,2.30,15,1.30,19,1.10,8,1.65,18,1.0,18,18,3.60,16,2.75,8,0.1142857142857142,9.325,0.1332142857142863,1.93,1.64,3.58,6.06,3.19,6.38,5.38,3.57,5.53,0.0,0.2088744588744588,0.0,0.3429118773946359,0.0,0.3588621444201312,1.0,0.5509090909090909,19.0,0.0,0.29,12.0,34.0,0.0,0.0,0,0.0,0.0,0.0,0.0,0.0,0.0,0.0,0.0,0.0,0.0,0.0,0.0,0.0,0.0,0.0,0.0,2.57,6.35,3,9,AUT,NOR,Lando Norris,AUS,Australia,Австралия,#F7C900,Mercedes,#707070,67.0,33.0,0.0,100.0,5.0,5.0,16,13,18,18.0,18,15,16.0,8,19,6.35,
2023,2023091,2,10,Valtteri Bottas,Alfa Romeo,14.0,14,15,15,15,+1 Lap,0,77,BOT,3,1,#752020,3-1,8,3,1.0,3.84,1.0,1.0,0.6134185303514377,14,0,0,7.0,14.0,0,0,0.0,0.0,70.0,99,-5,2.0,7.0,9.0,18.0,-4,0.0,4.0,4.0,1.0,71.018,01:11.018,0.259,0.104,0.155,17,2.40,16,1.25,20,1.05,18,1.15,19,1.0,19,17,3.65,19,2.20,9,0.1285714285714285,9.298,0.1328285714285714,3.41,1.00,3.43,2.69,3.21,6.38,5.38,3.57,5.53,0.0,0.4225526641883519,0.0,0.4777158774373259,0.0,0.1919385796545105,0.0,0.3074285714285714,18.0,0.0,0.4094387755102041,0.0,26.0,0.0,0.0,0,0.0,0.0,0.0,0.0,0.0,0.0,0.0,0.0,0.0,0.0,0.0,0.0,0.0,0.0,0.0,0.0,2.8883333333333336,5.85,3,9,AUT,ZHO,Guanyu Zhou,FIN,Finland,Финляндия,#04276B,Ferrari,#DC0004,22.0,78.0,0.0,100.0,5.0,5.0,15,14,19,17.0,17,16,19.0,18,20,5.85,
2023,2023091,2,10,Nico Hulkenberg,Haas F1 Team,8.0,8,-,DNF,20,-,0,27,HUL,25,7,#505050,25-7,11,3,1.0,6.68,1.0,1.0,0.8196319018404907,8,0,0,4.0,8.0,1,0,0.0,,12.0,17,-,0.0,1.0,1.0,7.0,1,1.0,0.0,1.0,0.0,-,-,0.285,0.081,0.2039999999999999,DNC,DNC,DNC,DNC,4,DNC,DNC,DNC,DNC,0.0,20,DNC,DNC,DNC,DNC,1,0.0833333333333333,1.056,0.0879999999999997,-,4.21,-,-,5.76,6.38,5.38,3.57,5.53,,,,,,,,,13.0,1.0,0.8520710059171598,0.0,26.0,0.0,0.0,0,0.0,0.0,0.0,0.0,0.0,0.0,0.0,0.0,0.0,0.0,0.0,0.0,0.0,0.0,0.0,0.0,,DNC,3,9,AUT,MAG,Kevin Magnussen,GER,Germany,Германия,#000000,Ferrari,#DC0004,0.0,100.0,100.0,0.0,9.0,9.0,10,8,7,4.0,6,8,12.0,10,4,8.17,
2023,2023101,2,11,Max Verstappen,Red Bull Racing,1.0,1,1,1,1,1:25:16.938,26,1,VER,2,14,#405585,2-14,16,2,1.0,10.0,1.0,1.0,0.7757951900698216,1,0,0,1.0,1.0,0,0,1.0,1.0,52.0,100,1,1.0,0.0,1.0,2.0,-1,0.0,1.0,1.0,1.0,92.072,01:32.072,0.092,0.071,0.021,1,4.00,1,2.00,12,1.45,4,1.85,1,1.0,11,1,6.00,4,3.30,3,0.0576923076923076,0.890,0.0171153846153843,10.00,4.00,10.00,5.09,9.54,5.86,6.12,5.50,4.27,1.0,0.547945205479452,1.0,0.5711022272986865,1.0,0.5,0.0,0.3373094764744864,4.0,1.0,0.582773365913256,34.0,34.0,26.0,1.0,1,1.0,1.0,1.0,0.0,0.0,3.0,1.0,1.0,0.0,0.0,1.0,1.0,0.0,0.0,1.0,48.0,8.181666666666667,9.30,10,10,GBR,PER,Sergio Perez,NLD,Netherlands,Нидерланды,#F75600,Honda,#DE0000,100.0,0.0,0.0,100.0,255.0,255.0,1,1,1,1.0,1,1,4.0,4,12,9.30,
2023,2023101,2,11,George Russell,Mercedes,6.0,6,5,5,5,+11.206,10,63,RUS,14,10,#08ABA3,14-10,10,1,1.0,7.63,1.0,1.0,0.5158891142663963,6,0,0,3.0,6.0,0,0,0.0,0.0,52.0,100,0,1.0,1.0,2.0,5.0,1,1.0,0.0,1.0,1.0,92.549,01:32.549,0.124,0.072,0.052,7,3.40,4,1.85,5,1.80,8,1.65,2,1.0,5,3,5.25,1,3.45,5,0.0961538461538461,2.099,0.0403653846153844,7.56,7.00,8.05,4.27,5.68,5.86,6.12,5.50,4.27,1.0,0.6511627906976745,1.0,0.5018703241895263,1.0,0.6363636363636364,0.0,0.4561965811965812,12.0,1.0,0.6596980255516841,25.0,65.0,43.0,0.0,0,0.0,0.0,0.0,0.0,0.0,0.0,0.0,0.0,0.0,0.0,0.0,0.0,0.0,0.0,0.0,0.0,6.918333333333333,8.70,10,10,GBR,HAM,Lewis Hamilton,GBR,Great Britain,Великобритания,#314486,Mercedes,#707070,50.0,50.0,100.0,0.0,82.0,82.0,5,6,2,3.0,7,4,1.0,8,5,8.70,
2023,2023101,2,11,Sergio Perez,Red Bull Racing,16.0,15,6,6,6,+12.882,8,11,PER,5,14,#405585,5-14,14,2,1.0,2.89,0.0,0.0,0.2242048099301784,15,0,0,8.0,15.0,0,0,0.0,0.0,52.0,100,7,7.0,0.0,7.0,16.0,-1,0.0,1.0,1.0,1.0,92.681,01:32.681,0.115,0.085,0.03,4,3.70,6,1.75,16,1.25,1,2.00,3,1.0,15,2,5.45,8,3.25,7,0.1346153846153846,1.741,0.0334807692307689,8.25,4.00,7.51,10.00,6.83,5.86,6.12,5.50,4.27,0.0,0.4520547945205479,0.0,0.4288977727013136,0.0,0.5,1.0,0.6626905235255136,7.0,0.0,0.4172266340867441,34.0,34.0,8.0,1.0,0,0.0,0.0,0.0,0.0,1.0,1.0,0.0,0.0,0.0,0.0,0.0,0.0,0.0,0.0,0.0,0.0,7.833333333333333,8.70,10,10,GBR,VER,Max Verstappen,MEX,Mexico,Мексика,#006640,Honda,#DE0000,100.0,0.0,0.0,100.0,156.0,156.0,6,15,3,2.0,4,6,8.0,1,16,8.70,
2023,2023101,2,11,Valtteri Bottas,Alfa Romeo,15.0,20,12,12,12,+25.830,0,77,BOT,3,1,#752020,3-1,8,3,1.0,3.37,1.0,1.0,0.6334586466165414,20,0,0,10.0,20.0,0,0,1.0,1.0,52.0,100,0,1.0,1.0,2.0,18.0,2,2.0,0.0,2.0,1.0,93.505,01:33.505,0.105,0.082,0.0229999999999999,2,3.90,18,1.15,3,1.90,12,1.45,4,1.0,3,5,5.05,3,3.35,3,0.0576923076923076,1.177,0.0226346153846157,9.01,8.50,4.13,4.27,8.62,5.86,6.12,5.50,4.27,1.0,0.5783055198973042,0.0,0.4836065573770492,1.0,0.7727272727272727,0.0,0.3380839271575613,5.0,0.0,0.4629430719656284,0.0,3.0,0.0,0.0,0,0.0,0.0,0.0,0.0,0.0,0.0,0.0,0.0,0.0,0.0,0.0,0.0,0.0,0.0,0.0,0.0,8.135,8.40,10,10,GBR,ZHO,Guanyu Zhou,FIN,Finland,Финляндия,#04276B,Ferrari,#DC0004,50.0,50.0,100.0,0.0,5.0,5.0,12,20,4,5.0,2,18,3.0,12,3,8.40,
2023,2023101,2,11,Lando Norris,McLaren,2.0,2,2,2,2,+3.798,18,4,NOR,4,9,#EE853F,4-9,10,1,1.0,9.53,1.0,1.0,0.5129171151776103,2,0,0,1.0,2.0,0,0,1.0,1.0,52.0,100,-1,0.0,1.0,1.0,1.0,1,1.0,0.0,1.0,1.0,92.361,01:32.361,0.156,0.080,0.076,11,3.00,2,1.95,4,1.85,13,1.40,5,1.0,4,8,4.95,5,3.25,8,0.1538461538461538,3.423,0.0658269230769231,5.12,7.00,8.82,3.45,1.47,5.86,6.12,5.50,4.27,1.0,0.5727069351230426,1.0,0.5051546391752577,1.0,0.56,0.0,0.4468911917098446,19.0,1.0,0.5951417004048584,30.0,65.0,43.0,0.0,0,0.0,0.0,0.0,0.0,0.0,0.0,0.0,0.0,1.0,0.0,1.0,0.0,1.0,0.0,1.0,4.0,5.155,8.20,10,10,GBR,PIA,Oscar Piastri,GBR,Great Britain,Великобритания,#314486,Mercedes,#707070,0.0,100.0,100.0,0.0,42.0,42.0,2,2,5,8.0,11,2,5.0,13,4,8.20,
2023,2023101,2,11,Yuki Tsunoda,Alpha Tauri,17.0,16,16,16,16,+31.225,0,22,TSU,9,2,#5F86E1,9-2,13,2,1.0,2.42,1.0,1.0,0.622107969151671,16,0,0,8.0,16.0,0,0,1.0,1.0,52.0,100,-4,0.0,4.0,4.0,13.0,3,3.0,0.0,3.0,1.0,93.354,01:33.354,0.118,0.068,0.0499999999999999,5,3.60,14,1.35,1,2.00,19,1.10,6,1.0,1,7,4.95,10,3.10,4,0.0769230769230769,2.224,0.0427692307692316,8.02,10.00,4.75,1.00,5.29,5.86,6.12,5.50,4.27,1.0,0.6441767068273092,1.0,0.5337078651685393,1.0,0.5882352941176471,0.0,0.2747252747252747,13.0,1.0,0.5268924302788845,0.0,34.0,0.0,1.0,0,0.0,0.0,0.0,1.0,0.0,1.0,0.0,0.0,0.0,0.0,0.0,0.0,0.0,0.0,0.0,0.0,7.18,8.05,10,10,GBR,DEV,Nyck De Vries,JPN,Japan,Япония,#C60018,Honda,#DE0000,0.0,100.0,100.0,0.0,2.0,2.0,16,16,6,7.0,5,14,10.0,19,1,8.05,
2023,2023101,2,11,Fernando Alonso,Aston Martin,9.0,9,7,7,7,+17.193,6,14,ALO,19,4,#23675D,19-4,7,1,1.0,6.21,1.0,1.0,0.5645454545454546,9,0,0,5.0,9.0,0,0,1.0,1.0,52.0,100,-2,0.0,2.0,2.0,7.0,2,2.0,0.0,2.0,1.0,92.948,01:32.948,0.140,0.099,0.041,10,3.10,9,1.60,2,1.95,15,1.30,7,1.0,2,9,4.70,7,3.25,5,0.0961538461538461,2.032,0.0390769230769216,6.34,8.50,6.41,2.64,5.9,5.86,6.12,5.50,4.27,1.0,0.7028824833702882,1.0,0.5544982698961938,1.0,0.5483870967741935,1.0,0.5919282511210763,10.0,1.0,0.6584821428571428,6.0,65.0,7.0,0.0,0,0.0,0.0,0.0,0.0,0.0,0.0,0.0,0.0,0.0,0.0,0.0,0.0,0.0,0.0,0.0,0.0,6.083333333333333,7.95,10,10,GBR,STR,Lance Stroll,ESP,Spain,Испания,#F7B800,Mercedes,#707070,0.0,100.0,100.0,0.0,137.0,137.0,7,9,7,9.0,10,9,7.0,15,2,7.95,
2023,2023101,2,11,Alexander Albon,Williams,8.0,8,8,8,8,+17.878,4,23,ALB,24,18,#0B4BCD,24-18,20,1,1.0,6.68,1.0,1.0,0.6349809885931559,8,0,0,4.0,8.0,0,0,1.0,1.0,52.0,100,0,1.0,1.0,2.0,10.0,-2,0.0,2.0,2.0,1.0,93.029,01:33.029,0.118,0.071,0.047,6,3.50,10,1.55,18,1.15,9,1.60,8,1.0,17,6,5.05,17,2.75,7,0.1346153846153846,2.090,0.0401923076923061,8.02,2.50,6.08,4.27,5.71,5.86,6.12,5.50,4.27,1.0,0.6140888208269526,1.0,0.5448028673835126,0.0,0.3846153846153846,0.0,0.4561965811965812,11.0,0.0,0.4730737365368682,4.0,65.0,4.0,0.0,0,0.0,0.0,0.0,0.0,0.0,0.0,0.0,0.0,0.0,0.0,0.0,0.0,0.0,0.0,0.0,0.0,6.474999999999999,7.80,10,10,GBR,SAR,Logan Sargeant,THA,Thailand,Таиланд,#2E2549,Mercedes,#707070,50.0,50.0,0.0,100.0,11.0,11.0,8,8,8,6.0,6,10,17.0,9,18,7.80,
2023,2023101,2,11,Nico Hulkenberg,Haas F1 Team,11.0,11,13,13,13,+26.663,0,27,HUL,25,7,#505050,25-7,11,3,1.0,5.26,1.0,1.0,0.8402555910543131,11,0,0,6.0,11.0,0,0,1.0,,52.0,100,0,2.0,2.0,4.0,14.0,-3,0.0,3.0,3.0,1.0,93.286,01:33.286,0.114,0.100,0.0139999999999999,3,3.80,13,1.40,20,1.05,10,1.55,9,1.0,19,4,5.20,19,2.60,3,0.0576923076923076,0.816,0.0156923076923071,8.32,1.00,5.03,4.27,9.77,5.86,6.12,5.50,4.27,1.0,0.5367741935483871,1.0,0.8341625207296849,0.0,0.2,1.0,0.5,3.0,1.0,0.6187460417986067,0.0,3.0,0.0,0.0,0,0.0,0.0,0.0,0.0,0.0,0.0,0.0,0.0,0.0,0.0,0.0,0.0,0.0,0.0,0.0,0.0,6.425,7.80,10,10,GBR,MAG,Kevin Magnussen,GER,Germany,Германия,#000000,Ferrari,#DC0004,50.0,50.0,0.0,100.0,9.0,9.0,13,11,9,4.0,3,13,19.0,10,20,7.80,
2023,2023101,2,11,Oscar Piastri,McLaren,3.0,3,4,4,4,+7.776,12,81,PIA,28,9,#EE853F,28-9,2,1,1.0,9.05,0.0,0.0,0.4870828848223897,3,0,0,2.0,3.0,0,0,0.0,0.0,52.0,100,0,0.0,0.0,0.0,3.0,0,0.0,0.0,0.0,1.0,92.405,01:32.405,0.173,0.091,0.0819999999999999,15,2.60,3,1.90,10,1.55,7,1.70,10,1.0,9,11,4.50,6,3.25,11,0.2115384615384615,3.569,0.0686346153846146,3.82,5.50,8.64,4.27,1.0,5.86,6.12,5.50,4.27,0.0,0.4272930648769575,0.0,0.4948453608247423,0.0,0.44,1.0,0.5531088082901554,20.0,0.0,0.4048582995951417,30.0,65.0,12.0,0.0,0,0.0,0.0,0.0,0.0,0.0,0.0,0.0,0.0,0.0,0.0,0.0,0.0,0.0,1.0,1.0,0.0,4.175,7.75,10,10,GBR,NOR,Lando Norris,AUS,Australia,Австралия,#F7C900,Mercedes,#707070,0.0,0.0,0.0,0.0,17.0,17.0,4,3,10,11.0,15,3,6.0,7,10,7.75,
2023,2023101,2,11,Lewis Hamilton,Mercedes,7.0,7,3,3,3,+6.783,15,44,HAM,1,10,#08ABA3,1-10,10,1,1.0,7.16,0.0,0.0,0.4841108857336038,7,0,0,4.0,7.0,0,0,1.0,1.0,52.0,100,1,1.0,0.0,1.0,8.0,-1,0.0,1.0,1.0,1.0,92.562,01:32.562,0.170,0.109,0.061,14,2.70,5,1.80,14,1.35,5,1.80,11,1.0,13,10,4.50,9,3.15,5,0.0961538461538461,2.962,0.0569615384615382,4.05,4.00,7.99,5.09,2.93,5.86,6.12,5.50,4.27,0.0,0.3488372093023256,0.0,0.4981296758104738,0.0,0.3636363636363636,1.0,0.5438034188034189,17.0,0.0,0.3403019744483159,25.0,65.0,43.0,0.0,0,0.0,0.0,0.0,0.0,0.0,0.0,0.0,0.0,0.0,1.0,1.0,0.0,0.0,0.0,0.0,0.0,4.215,7.65,10,10,GBR,RUS,George Russell,GBR,Great Britain,Великобритания,#314486,Mercedes,#707070,100.0,0.0,0.0,100.0,121.0,121.0,3,7,11,10.0,14,5,9.0,5,14,7.65,
2023,2023101,2,11,Charles Leclerc,Ferrari,4.0,4,9,9,9,+18.689,2,16,LEC,6,5,#E01A00,6-5,15,3,1.0,8.58,1.0,1.0,0.5140802875973638,4,0,0,2.0,4.0,0,0,1.0,1.0,52.0,100,2,3.0,1.0,4.0,4.0,0,0.0,0.0,0.0,1.0,92.706,01:32.706,0.178,0.118,0.06,16,2.50,7,1.70,11,1.50,3,1.90,12,1.0,10,15,4.20,2,3.40,3,0.0576923076923076,2.377,0.0457115384615386,3.44,5.50,7.40,5.91,4.8,5.86,6.12,5.50,4.27,1.0,0.7747747747747749,1.0,0.5106970324361629,1.0,0.5789473684210527,1.0,0.6912280701754385,14.0,1.0,0.6639004149377593,3.0,3.0,2.0,0.0,0,0.0,0.0,0.0,0.0,0.0,0.0,0.0,0.0,0.0,0.0,0.0,0.0,0.0,0.0,0.0,0.0,4.195,7.60,10,10,GBR,SAI,Carlos Sainz,MON,Monaco,Монако,#D80000,Ferrari,#DC0004,75.0,25.0,0.0,0.0,74.0,74.0,9,4,12,15.0,16,7,2.0,3,11,7.60,
2023,2023101,2,11,Guanyu Zhou,Alfa Romeo,18.0,17,15,15,15,+29.820,0,24,ZHO,23,1,#752020,23-1,5,3,1.0,1.95,0.0,0.0,0.3665413533834586,17,0,0,9.0,17.0,0,0,0.0,0.0,52.0,100,5,5.0,0.0,5.0,19.0,-2,0.0,2.0,2.0,1.0,93.437,01:33.437,0.137,0.117,0.02,9,3.20,16,1.25,19,1.10,2,1.95,13,1.0,18,12,4.45,12,3.05,2,0.0384615384615384,0.745,0.0143269230769226,6.57,2.50,4.41,8.36,10.0,5.86,6.12,5.50,4.27,0.0,0.4216944801026958,1.0,0.5163934426229508,0.0,0.2272727272727272,1.0,0.6619160728424387,1.0,1.0,0.5370569280343718,0.0,3.0,0.0,0.0,0,0.0,0.0,0.0,0.0,0.0,0.0,0.0,0.0,0.0,0.0,0.0,0.0,0.0,0.0,0.0,0.0,6.19,7.50,10,10,GBR,BOT,Valtteri Bottas,CHN,China,Китай,#F70000,Ferrari,#DC0004,100.0,0.0,0.0,100.0,4.0,4.0,15,17,13,12.0,9,16,12.0,2,19,7.50,
2023,2023101,2,11,Logan Sargeant,Williams,14.0,14,11,11,11,+23.632,0,2,SAR,27,18,#0B4BCD,27-18,21,1,1.0,3.84,0.0,0.0,0.3650190114068441,14,0,0,7.0,14.0,0,0,0.0,0.0,52.0,100,1,2.0,1.0,3.0,15.0,-1,0.0,1.0,1.0,1.0,93.272,01:33.272,0.157,0.110,0.047,12,2.90,12,1.45,15,1.30,6,1.75,14,1.0,14,14,4.35,11,3.05,4,0.0769230769230769,1.888,0.0363076923076929,5.04,4.00,5.08,5.09,6.36,5.86,6.12,5.50,4.27,0.0,0.3859111791730475,0.0,0.4551971326164875,1.0,0.6153846153846154,1.0,0.5438034188034189,8.0,1.0,0.5269262634631318,4.0,65.0,0.0,0.0,0,0.0,0.0,0.0,0.0,0.0,0.0,0.0,0.0,0.0,0.0,0.0,0.0,0.0,0.0,0.0,0.0,4.875,7.40,10,10,GBR,ALB,Alexander Albon,USA,USA,США,#071C63,Mercedes,#707070,67.0,33.0,0.0,100.0,0.0,0.0,11,14,14,14.0,12,12,11.0,6,15,7.40,
2023,2023101,2,11,Kevin Magnussen,Haas F1 Team,20.0,19,-,DNF,19,-,0,20,MAG,22,7,#505050,22-7,6,3,1.0,1.0,0.0,0.0,0.1597444089456869,19,0,0,10.0,19.0,1,0,0.0,,31.0,60,0,0.0,0.0,0.0,20.0,-1,0.0,1.0,1.0,1.0,94.269,01:34.269,0.129,0.092,0.037,8,3.30,19,1.10,17,1.20,11,1.50,15,1.0,16,13,4.40,18,2.70,3,0.0967741935483871,1.188,0.0383225806451609,7.18,4.00,1.00,4.27,6.02,5.86,6.12,5.50,4.27,0.0,0.4632258064516129,0.0,0.165837479270315,1.0,0.8,0.0,0.5,9.0,0.0,0.3812539582013933,0.0,3.0,0.0,0.0,0,0.0,0.0,0.0,0.0,0.0,0.0,0.0,0.0,0.0,0.0,0.0,0.0,0.0,0.0,0.0,0.0,6.164999999999999,7.10,10,10,GBR,HUL,Nico Hulkenberg,DEN,Denmark,Дания,#D20019,Ferrari,#DC0004,0.0,0.0,0.0,100.0,2.0,2.0,18,19,15,13.0,8,19,18.0,11,17,7.10,
2023,2023101,2,11,Nyck De Vries,Alpha Tauri,19.0,18,17,17,17,+33.128,0,21,DEV,26,2,#5F86E1,26-2,16,2,1.0,1.47,0.0,0.0,0.377892030848329,18,0,0,9.0,18.0,0,0,0.0,0.0,52.0,100,-2,0.0,2.0,2.0,17.0,1,1.0,0.0,1.0,1.0,93.5,01:33.500,0.165,0.108,0.057,13,2.80,17,1.20,9,1.60,16,1.25,16,1.0,8,16,4.00,15,2.85,3,0.0576923076923076,2.392,0.0459999999999999,4.43,7.00,4.15,2.64,4.75,5.86,6.12,5.50,4.27,0.0,0.3558232931726907,0.0,0.4662921348314607,0.0,0.4117647058823529,1.0,0.7252747252747253,15.0,0.0,0.4731075697211155,0.0,34.0,26.0,0.0,0,0.0,0.0,0.0,0.0,0.0,0.0,0.0,0.0,0.0,0.0,0.0,0.0,0.0,0.0,0.0,0.0,4.56,6.85,10,10,GBR,TSU,Yuki Tsunoda,NLD,Netherlands,Нидерланды,#F75600,Honda,#DE0000,0.0,100.0,100.0,0.0,0.0,0.0,17,18,16,16.0,13,17,15.0,16,9,6.85,
2023,2023101,2,11,Lance Stroll,Aston Martin,12.0,12,14,14,14,+27.483,0,18,STR,10,4,#23675D,10-4,4,1,1.0,4.79,0.0,0.0,0.4354545454545455,12,0,0,6.0,12.0,0,0,0.0,0.0,52.0,100,-3,1.0,4.0,5.0,11.0,1,1.0,0.0,1.0,1.0,93.257,01:33.257,0.188,0.112,0.076,17,2.40,11,1.50,7,1.70,18,1.15,17,1.0,7,17,3.90,14,2.85,3,0.0576923076923076,2.924,0.0562307692307699,2.68,7.00,5.15,1.82,3.06,5.86,6.12,5.50,4.27,0.0,0.2971175166297118,0.0,0.4455017301038062,0.0,0.4516129032258064,0.0,0.4080717488789238,16.0,0.0,0.3415178571428571,6.0,65.0,0.0,0.0,0,0.0,0.0,0.0,0.0,0.0,0.0,0.0,0.0,0.0,0.0,0.0,0.0,0.0,0.0,0.0,0.0,3.2566666666666664,6.75,10,10,GBR,ALO,Fernando Alonso,CAN,Canada,Канада,#E30000,Mercedes,#707070,20.0,80.0,100.0,0.0,44.0,44.0,14,12,17,17.0,17,11,14.0,18,7,6.75,
2023,2023101,2,11,Carlos Sainz,Ferrari,5.0,5,10,10,10,+19.448,1,55,SAI,8,5,#E01A00,8-5,7,3,1.0,8.11,0.0,0.0,0.4859197124026363,5,0,0,3.0,5.0,0,0,0.0,0.0,52.0,100,-2,1.0,3.0,4.0,6.0,-1,0.0,1.0,1.0,1.0,92.782,01:32.782,0.210,0.137,0.0729999999999999,19,2.20,8,1.65,13,1.40,14,1.35,18,1.0,12,18,3.85,16,2.75,3,0.0576923076923076,3.119,0.0599807692307697,1.00,4.00,7.09,2.64,2.43,5.86,6.12,5.50,4.27,0.0,0.2252252252252252,0.0,0.4893029675638371,0.0,0.4210526315789473,0.0,0.3087719298245614,18.0,0.0,0.3360995850622407,3.0,3.0,7.0,0.0,0,0.0,0.0,0.0,0.0,0.0,0.0,0.0,0.0,0.0,0.0,0.0,0.0,0.0,0.0,0.0,0.0,1.7733333333333334,6.60,10,10,GBR,LEC,Charles Leclerc,ESP,Spain,Испания,#F7B800,Ferrari,#DC0004,25.0,75.0,0.0,100.0,83.0,83.0,10,5,18,18.0,19,8,16.0,14,13,6.60,
2023,2023101,2,11,Pierre Gasly,Alpine,10.0,10,18,18,18,,0,10,GAS,17,3,#0E8EDD,17-3,9,4,1.0,5.74,1.0,1.0,0.5705765407554672,10,0,0,5.0,10.0,0,0,1.0,,46.0,88,-3,1.0,4.0,5.0,9.0,1,1.0,0.0,1.0,1.0,93.375,01:33.375,0.191,0.185,0.006,18,2.30,15,1.30,6,1.75,17,1.20,19,1.0,6,19,3.60,13,2.95,3,0.0652173913043478,0.708,0.0153913043478266,2.45,7.00,4.66,1.82,9.82,5.86,6.12,5.50,4.27,,,,,,,,,2.0,1.0,0.5495243424734191,0.0,0.0,0.0,0.0,0,0.0,0.0,0.0,0.0,0.0,0.0,0.0,0.0,0.0,0.0,0.0,0.0,0.0,0.0,0.0,0.0,3.103333333333333,6.55,10,10,GBR,OCO,Esteban Ocon,FRA,France,Франция,#004CA2,Renault,#FAEF00,20.0,80.0,100.0,0.0,16.0,16.0,18,10,19,19.0,18,15,13.0,17,6,6.55,
2023,2023101,2,11,Esteban Ocon,Alpine,13.0,13,-,DNF,20,-,0,31,OCO,13,3,#0E8EDD,13-3,9,4,1.0,4.32,0.0,0.0,0.4294234592445328,13,0,0,7.0,13.0,1,0,0.0,,9.0,17,-,0.0,0.0,0.0,12.0,1,1.0,0.0,1.0,0.0,-,-,0.136,0.086,0.05,DNC,DNC,DNC,DNC,8,DNC,DNC,DNC,DNC,0.0,20,DNC,DNC,DNC,DNC,1,0.1111111111111111,0.235,0.026111111111111,-,7.00,-,-,8.05,5.86,6.12,5.50,4.27,,,,,,,,,6.0,0.0,0.4504756575265808,0.0,0.0,0.0,0.0,0,0.0,0.0,0.0,0.0,0.0,0.0,0.0,0.0,0.0,0.0,0.0,0.0,0.0,0.0,0.0,0.0,,DNC,10,10,GBR,GAS,Pierre Gasly,FRA,France,Франция,#004CA2,Renault,#FAEF00,0.0,0.0,100.0,0.0,31.0,31.0,12,13,13,13.333333333333334,12,11,12.333333333333334,8,8,7.42,
2023,2023111,2,12,Charles Leclerc,Ferrari,6.0,6,7,7,7,+1:10.317,6,16,LEC,6,5,#E01A00,6-5,15,3,1.0,7.63,1.0,1.0,0.5919317300232738,6,0,0,3.0,6.0,0,0,1.0,1.0,70.0,100,1,1.0,0.0,1.0,5.0,1,1.0,0.0,1.0,1.0,84.271,01:24.271,0.123,0.096,0.0269999999999999,1,4.00,5,1.80,9,1.60,4,1.85,1,1.0,9,1,5.80,2,3.45,6,0.0857142857142857,1.856,0.0265142857142856,10.00,7.75,6.66,6.62,10.0,7.77,5.33,7.19,5.50,1.0,0.5344735435595938,1.0,0.5154798761609908,0.0,0.4366197183098591,1.0,0.6707193515704153,1.0,1.0,0.5305039787798408,10.0,10.0,6.0,1.0,1,1.0,1.0,0.0,0.0,0.0,2.0,0.0,0.0,0.0,0.0,0.0,0.0,0.0,0.0,0.0,0.0,9.061666666666666,9.25,19,11,HUN,SAI,Carlos Sainz,MON,Monaco,Монако,#D80000,Ferrari,#DC0004,100.0,0.0,100.0,0.0,80.0,80.0,7,6,1,1.0,1,5,2.0,4,9,9.25,
2023,2023111,2,12,Lewis Hamilton,Mercedes,1.0,1,4,4,4,+39.134,12,44,HAM,1,10,#08ABA3,1-10,10,1,1.0,10.0,1.0,1.0,0.8368200836820084,1,0,0,1.0,1.0,0,0,1.0,1.0,70.0,100,2,2.0,0.0,2.0,4.0,-3,0.0,3.0,3.0,1.0,83.905,01:23.905,0.151,0.124,0.0269999999999999,4,3.70,3,1.90,15,1.30,3,1.90,2,1.0,15,3,5.60,8,3.20,5,0.0714285714285714,2.000,0.0285714285714285,9.19,5.50,8.06,7.75,9.93,7.77,5.33,7.19,5.50,1.0,0.5470238095238095,1.0,0.5479265805574439,0.0,0.3824756606397774,0.0,0.4366197183098591,3.0,1.0,0.5447065277015908,20.0,51.0,38.0,0.0,0,0.0,0.0,0.0,0.0,0.0,0.0,0.0,0.0,0.0,0.0,0.0,1.0,0.0,0.0,1.0,0.0,8.334999999999999,8.80,19,11,HUN,RUS,George Russell,GBR,Great Britain,Великобритания,#314486,Mercedes,#707070,100.0,0.0,0.0,100.0,133.0,133.0,4,1,2,3.0,4,3,8.0,3,15,8.80,
2023,2023111,2,12,Lando Norris,McLaren,3.0,3,2,2,2,+33.731,18,4,NOR,4,9,#EE853F,4-9,10,1,1.0,9.05,1.0,1.0,0.5133295519001702,3,0,0,2.0,3.0,0,0,1.0,1.0,70.0,100,0,0.0,0.0,0.0,3.0,0,1.0,1.0,2.0,1.0,83.924,01:23.924,0.124,0.100,0.0239999999999999,2,3.90,4,1.85,13,1.40,9,1.60,3,1.0,13,2,5.75,14,3.00,7,0.1,1.952,0.0278857142857142,9.97,7.19,7.99,5.50,9.95,7.77,5.33,7.19,5.50,1.0,0.5421424687330071,1.0,0.5556328233657859,0.0,0.4638709677419355,1.0,0.6285714285714286,2.0,1.0,0.5303837953091685,28.0,51.0,38.0,0.0,0,0.0,0.0,0.0,0.0,0.0,0.0,0.0,0.0,1.0,0.0,1.0,0.0,0.0,1.0,1.0,0.0,8.761666666666667,8.75,19,11,HUN,PIA,Oscar Piastri,GBR,Great Britain,Великобритания,#314486,Mercedes,#707070,0.0,0.0,50.0,50.0,60.0,60.0,2,3,3,2.0,2,4,14.0,9,13,8.75,
2023,2023111,2,12,Fernando Alonso,Aston Martin,8.0,8,9,9,9,+1:15.709,2,14,ALO,19,4,#23675D,19-4,7,1,1.0,6.68,1.0,1.0,0.6349809885931559,8,0,0,4.0,8.0,0,0,1.0,1.0,70.0,100,1,2.0,1.0,3.0,7.0,1,2.0,1.0,3.0,1.0,84.392,01:24.392,0.135,0.077,0.058,3,3.80,9,1.60,10,1.55,5,1.80,4,1.0,10,4,5.40,4,3.35,10,0.1428571428571428,4.036,0.057657142857142,9.65,7.75,6.19,6.62,8.96,7.77,5.33,7.19,5.50,1.0,0.5733808674985147,1.0,0.5551569506726458,0.0,0.4508435136707389,1.0,0.5462046204620462,5.0,1.0,0.5776918117343649,3.0,51.0,6.0,0.0,0,0.0,0.0,0.0,0.0,0.0,0.0,0.0,0.0,0.0,0.0,0.0,0.0,0.0,0.0,0.0,0.0,8.828333333333333,8.75,19,11,HUN,STR,Lance Stroll,ESP,Spain,Испания,#F7B800,Mercedes,#707070,67.0,33.0,67.0,33.0,139.0,139.0,9,8,4,4.0,3,9,4.0,5,10,8.75,
2023,2023111,2,12,Max Verstappen,Red Bull Racing,2.0,2,1,1,1,1:38:08.634,26,1,VER,2,14,#405585,2-14,16,2,1.0,9.53,1.0,1.0,0.6054637865311309,2,0,0,1.0,2.0,0,0,1.0,1.0,70.0,100,0,0.0,0.0,0.0,1.0,1,1.0,0.0,1.0,1.0,83.398,01:23.398,0.168,0.104,0.064,7,3.40,1,2.00,8,1.65,8,1.65,5,1.0,8,5,5.40,6,3.30,7,0.1,3.871,0.0552999999999997,8.71,7.75,10.00,5.50,9.04,7.77,5.33,7.19,5.50,1.0,0.5346838551258442,1.0,0.5515719801434087,1.0,0.5,0.0,0.3824756606397774,4.0,1.0,0.5342789598108747,41.0,41.0,26.0,1.0,0,0.0,0.0,1.0,0.0,0.0,1.0,1.0,1.0,0.0,0.0,1.0,0.0,1.0,0.0,1.0,70.0,8.015,8.70,19,11,HUN,PER,Sergio Perez,NLD,Netherlands,Нидерланды,#F75600,Honda,#DE0000,0.0,0.0,100.0,0.0,281.0,281.0,1,2,5,5.0,7,1,6.0,8,8,8.70,
2023,2023111,2,12,George Russell,Mercedes,18.0,18,6,6,6,+1:05.825,8,63,RUS,14,10,#08ABA3,14-10,10,1,1.0,1.95,0.0,0.0,0.1631799163179916,18,0,0,9.0,18.0,0,0,0.0,0.0,70.0,100,4,5.0,1.0,6.0,14.0,3,4.0,1.0,5.0,1.0,84.272,01:24.272,0.206,0.126,0.0799999999999999,11,3.00,6,1.75,5,1.80,1,2.00,6,1.0,5,10,4.75,1,3.80,7,0.1,5.403,0.0771857142857145,7.61,8.88,6.65,10.00,8.3,7.77,5.33,7.19,5.50,0.0,0.4529761904761905,0.0,0.4520734194425561,1.0,0.6175243393602226,1.0,0.5633802816901409,10.0,0.0,0.4552934722984092,20.0,51.0,38.0,1.0,0,0.0,0.0,0.0,0.0,1.0,1.0,0.0,0.0,0.0,0.0,0.0,0.0,0.0,0.0,0.0,0.0,8.22,8.55,19,11,HUN,HAM,Lewis Hamilton,GBR,Great Britain,Великобритания,#314486,Mercedes,#707070,83.0,17.0,80.0,20.0,90.0,90.0,6,18,6,10.0,11,6,1.0,1,5,8.55,
2023,2023111,2,12,Carlos Sainz,Ferrari,11.0,11,8,8,8,+1:11.073,4,55,SAI,8,5,#E01A00,8-5,7,3,1.0,5.26,0.0,0.0,0.4080682699767261,11,0,0,6.0,11.0,0,0,0.0,0.0,70.0,100,-2,0.0,2.0,2.0,6.0,5,5.0,0.0,5.0,1.0,84.375,01:24.375,0.168,0.104,0.064,6,3.50,8,1.65,1,2.00,16,1.25,7,1.0,1,6,5.15,7,3.25,6,0.0857142857142857,4.258,0.0608285714285719,8.71,10.00,6.26,3.25,8.85,7.77,5.33,7.19,5.50,0.0,0.4655264564404062,0.0,0.4845201238390093,1.0,0.5633802816901409,0.0,0.3292806484295845,6.0,0.0,0.4694960212201591,10.0,10.0,6.0,1.0,0,0.0,0.0,0.0,1.0,0.0,1.0,0.0,0.0,0.0,0.0,0.0,0.0,0.0,0.0,0.0,0.0,8.015,8.40,19,11,HUN,LEC,Charles Leclerc,ESP,Spain,Испания,#F7B800,Ferrari,#DC0004,0.0,100.0,100.0,0.0,87.0,87.0,8,11,7,6.0,6,8,7.0,16,1,8.40,
2023,2023111,2,12,Sergio Perez,Red Bull Racing,9.0,9,3,3,3,+37.603,15,11,PER,5,14,#405585,5-14,14,2,1.0,6.21,0.0,0.0,0.3945362134688691,9,0,0,5.0,9.0,0,0,0.0,0.0,70.0,100,3,3.0,0.0,3.0,8.0,1,2.0,1.0,3.0,1.0,83.886,01:23.886,0.207,0.114,0.0929999999999999,12,2.90,2,1.95,11,1.50,2,1.95,8,1.0,11,9,4.85,3,3.45,8,0.1142857142857142,6.287,0.0898142857142862,7.58,7.75,8.13,8.88,7.88,7.77,5.33,7.19,5.50,0.0,0.4653161448741559,0.0,0.4484280198565912,0.0,0.5,1.0,0.6175243393602226,12.0,0.0,0.4657210401891253,41.0,41.0,15.0,0.0,0,0.0,0.0,0.0,0.0,0.0,0.0,0.0,0.0,0.0,1.0,1.0,0.0,0.0,0.0,0.0,0.0,7.825,8.30,19,11,HUN,VER,Max Verstappen,MEX,Mexico,Мексика,#006640,Honda,#DE0000,100.0,0.0,67.0,33.0,171.0,171.0,3,9,8,9.0,12,2,3.0,2,11,8.30,
2023,2023111,2,12,Oscar Piastri,McLaren,4.0,4,5,5,5,+1:02.572,10,81,PIA,28,9,#EE853F,28-9,2,1,1.0,8.58,0.0,0.0,0.4866704480998298,4,0,0,2.0,4.0,0,0,0.0,0.0,70.0,100,-2,0.0,2.0,2.0,2.0,2,2.0,0.0,2.0,1.0,84.341,01:24.341,0.178,0.106,0.072,8,3.30,7,1.70,6,1.75,14,1.35,9,1.0,6,8,5.00,11,3.10,7,0.1,4.348,0.062114285714285,8.42,8.31,6.39,3.25,8.81,7.77,5.33,7.19,5.50,0.0,0.4578575312669929,0.0,0.4443671766342142,1.0,0.5361290322580645,0.0,0.3714285714285714,7.0,0.0,0.4696162046908316,28.0,51.0,10.0,0.0,0,0.0,0.0,0.0,0.0,0.0,0.0,0.0,0.0,0.0,0.0,0.0,0.0,0.0,0.0,0.0,0.0,7.54,8.10,19,11,HUN,NOR,Lando Norris,AUS,Australia,Австралия,#F7C900,Mercedes,#707070,0.0,100.0,100.0,0.0,27.0,27.0,5,4,9,8.0,8,7,11.0,14,6,8.10,
2023,2023111,2,12,Alexander Albon,Williams,16.0,16,11,11,11,+1 Lap,0,23,ALB,24,18,#0B4BCD,24-18,20,1,1.0,2.89,1.0,1.0,0.7429305912596401,16,0,0,8.0,16.0,0,0,1.0,,69.0,99,1,1.0,0.0,1.0,15.0,0,3.0,3.0,6.0,1.0,84.941,01:24.941,0.164,0.077,0.087,5,3.60,12,1.45,14,1.35,7,1.70,10,1.0,14,7,5.05,12,3.05,10,0.144927536231884,5.684,0.0823768115942024,8.82,7.19,4.09,6.62,8.13,7.77,5.33,7.19,5.50,1.0,0.5303668069753458,1.0,0.5826210826210826,0.0,0.4638709677419355,1.0,0.5462046204620462,11.0,0.0,0.4865350089766607,0.0,51.0,0.0,0.0,0,0.0,0.0,0.0,0.0,0.0,0.0,0.0,0.0,0.0,0.0,0.0,0.0,0.0,0.0,0.0,0.0,8.181666666666667,8.10,19,11,HUN,SAR,Logan Sargeant,THA,Thailand,Таиланд,#2E2549,Mercedes,#707070,100.0,0.0,50.0,50.0,11.0,11.0,11,16,10,7.0,5,12,12.0,7,14,8.10,
2023,2023111,2,12,Logan Sargeant,Williams,20.0,20,-,DNF,18,-,0,2,SAR,27,18,#0B4BCD,27-18,21,1,1.0,1.0,0.0,0.0,0.2570694087403599,20,0,0,10.0,20.0,1,0,0.0,,67.0,96,0,0.0,0.0,0.0,17.0,2,2.0,0.0,2.0,1.0,85.243,01:25.243,0.199,0.128,0.071,9,3.20,15,1.30,7,1.70,12,1.45,11,1.0,7,11,4.50,10,3.15,6,0.0895522388059701,4.622,0.0689850746268667,7.81,8.31,2.93,5.50,8.58,7.77,5.33,7.19,5.50,0.0,0.4696331930246542,0.0,0.4173789173789174,1.0,0.5361290322580645,0.0,0.4537953795379537,8.0,1.0,0.5134649910233393,0.0,51.0,0.0,0.0,0,0.0,0.0,0.0,0.0,0.0,0.0,0.0,0.0,0.0,0.0,0.0,0.0,0.0,0.0,0.0,0.0,7.508333333333333,7.65,19,11,HUN,ALB,Alexander Albon,USA,USA,США,#071C63,Mercedes,#707070,0.0,0.0,100.0,0.0,0.0,0.0,14,20,11,11.0,9,15,10.0,12,7,7.65,
2023,2023111,2,12,Yuki Tsunoda,Alpha Tauri,17.0,17,15,15,15,+1 Lap,0,22,TSU,9,2,#5F86E1,9-2,13,2,1.0,2.42,0.0,0.0,0.3590504451038575,17,0,0,9.0,17.0,0,0,0.0,0.0,69.0,99,-2,0.0,2.0,2.0,11.0,5,5.0,0.0,5.0,1.0,85.218,01:25.218,0.204,0.129,0.0749999999999999,10,3.10,14,1.35,2,1.95,17,1.20,12,1.0,2,12,4.45,9,3.15,7,0.1014492753623188,5.294,0.0767246376811591,7.67,10.00,3.03,3.25,8.32,7.77,5.33,7.19,5.50,1.0,0.5267857142857143,0.0,0.4365994236311239,1.0,0.6954102920723227,0.0,0.3292806484295845,9.0,1.0,0.518380062305296,0.0,41.0,0.0,0.0,0,0.0,0.0,0.0,0.0,0.0,0.0,0.0,0.0,0.0,0.0,0.0,0.0,0.0,0.0,0.0,0.0,7.321666666666666,7.60,19,11,HUN,RIC,Daniel Ricciardo,JPN,Japan,Япония,#C60018,Honda,#DE0000,0.0,100.0,100.0,0.0,2.0,2.0,15,17,12,12.0,10,14,9.0,17,2,7.60,
2023,2023111,2,12,Lance Stroll,Aston Martin,14.0,14,10,10,10,+1 Lap,1,18,STR,10,4,#23675D,10-4,4,1,1.0,3.84,0.0,0.0,0.3650190114068441,14,0,0,7.0,14.0,0,0,0.0,0.0,69.0,99,0,2.0,2.0,4.0,10.0,4,4.0,0.0,4.0,1.0,84.715,01:24.715,0.221,0.084,0.137,14,2.70,10,1.55,4,1.85,11,1.50,13,1.0,4,14,4.25,5,3.35,12,0.1739130434782608,8.943,0.1296086956521736,7.18,9.44,4.96,5.50,6.55,7.77,5.33,7.19,5.50,0.0,0.4266191325014855,0.0,0.4448430493273542,1.0,0.5491564863292613,0.0,0.4537953795379537,16.0,0.0,0.422308188265635,3.0,51.0,1.0,0.0,0,0.0,0.0,0.0,0.0,0.0,0.0,0.0,0.0,0.0,0.0,0.0,0.0,0.0,0.0,0.0,0.0,7.276666666666666,7.60,19,11,HUN,ALO,Fernando Alonso,CAN,Canada,Канада,#E30000,Mercedes,#707070,50.0,50.0,100.0,0.0,45.0,45.0,10,14,13,14.0,14,10,5.0,11,4,7.60,
2023,2023111,2,12,Valtteri Bottas,Alfa Romeo,7.0,7,12,12,12,+1 Lap,0,77,BOT,3,1,#752020,3-1,8,3,1.0,7.16,0.0,0.0,0.4688932547478717,7,0,0,4.0,7.0,0,0,1.0,1.0,69.0,99,-2,0.0,2.0,2.0,12.0,-5,1.0,6.0,7.0,1.0,84.934,01:24.934,0.208,0.107,0.1009999999999999,13,2.80,11,1.50,16,1.25,15,1.30,14,1.0,16,13,4.30,18,2.55,7,0.1014492753623188,6.338,0.0918550724637692,7.56,4.38,4.12,3.25,7.81,7.77,5.33,7.19,5.50,1.0,0.5608308605341246,1.0,0.5877318116975749,1.0,0.8141263940520446,0.0,0.3714285714285714,13.0,1.0,0.570906432748538,0.0,10.0,0.0,0.0,0,0.0,0.0,0.0,0.0,0.0,0.0,0.0,0.0,0.0,0.0,0.0,0.0,0.0,0.0,0.0,0.0,6.3116666666666665,6.85,19,11,HUN,ZHO,Guanyu Zhou,FIN,Finland,Финляндия,#04276B,Ferrari,#DC0004,0.0,100.0,14.0,86.0,5.0,5.0,12,7,14,13.0,13,11,18.0,15,16,6.85,
2023,2023111,2,12,Daniel Ricciardo,Alpha Tauri,13.0,13,13,13,13,+1 Lap,0,3,RIC,7,2,#5F86E1,7-2,2,2,1.0,4.32,1.0,1.0,0.6409495548961425,13,0,0,7.0,13.0,0,0,1.0,1.0,69.0,99,1,1.0,0.0,1.0,18.0,-5,1.0,6.0,7.0,1.0,84.988,01:24.988,0.231,0.131,0.1,16,2.50,13,1.40,17,1.20,6,1.75,15,1.0,17,15,3.90,15,2.95,6,0.0869565217391304,6.514,0.0944057971014486,6.89,4.38,3.91,6.62,7.73,7.77,5.33,7.19,5.50,0.0,0.4732142857142857,1.0,0.5634005763688762,0.0,0.3045897079276773,1.0,0.6707193515704153,14.0,0.0,0.481619937694704,0.0,41.0,10.0,0.0,0,0.0,0.0,0.0,0.0,0.0,0.0,0.0,0.0,0.0,0.0,0.0,0.0,0.0,0.0,0.0,0.0,6.426666666666667,6.85,19,11,HUN,TSU,Yuki Tsunoda,AUS,Australia,Австралия,#F7C900,Honda,#DE0000,100.0,0.0,14.0,86.0,0.0,0.0,13,13,15,15.0,16,13,15.0,6,17,6.85,
2023,2023111,2,12,Nico Hulkenberg,Haas F1 Team,10.0,10,14,14,14,+1 Lap,0,27,HUL,25,7,#505050,25-7,11,3,1.0,5.74,1.0,1.0,0.7961165048543689,10,0,0,5.0,10.0,0,0,1.0,1.0,69.0,99,-1,0.0,1.0,1.0,9.0,1,2.0,1.0,3.0,1.0,85.324,01:25.324,0.223,0.115,0.108,15,2.60,17,1.20,12,1.45,13,1.40,16,1.0,12,16,3.80,16,2.85,7,0.1014492753623188,6.597,0.0956086956521736,7.12,7.75,2.62,4.38,7.69,7.77,5.33,7.19,5.50,1.0,0.876847290640394,1.0,0.7237569060773481,0.0,0.4366197183098591,1.0,0.8141263940520446,15.0,1.0,0.8849252013808975,0.0,10.0,0.0,0.0,0,0.0,0.0,0.0,0.0,0.0,0.0,0.0,0.0,0.0,0.0,0.0,0.0,0.0,0.0,0.0,0.0,6.7683333333333335,6.65,19,11,HUN,MAG,Kevin Magnussen,GER,Germany,Германия,#000000,Ferrari,#DC0004,0.0,100.0,67.0,33.0,9.0,9.0,14,10,16,16.0,15,17,16.0,13,12,6.65,
2023,2023111,2,12,Kevin Magnussen,Haas F1 Team,19.0,19,17,17,17,+1 Lap,0,20,MAG,22,7,#505050,22-7,6,3,1.0,1.47,0.0,0.0,0.203883495145631,19,0,0,10.0,19.0,0,0,0.0,0.0,69.0,99,-4,0.0,4.0,4.0,13.0,5,5.0,0.0,5.0,1.0,85.748,01:25.748,0.436,0.106,0.33,18,2.30,18,1.15,3,1.90,18,1.15,17,1.0,3,18,3.45,13,3.05,9,0.1304347826086956,20.379,0.2953478260869568,1.00,10.00,1.00,1.00,1.0,7.77,5.33,7.19,5.50,0.0,0.1231527093596059,0.0,0.2762430939226519,1.0,0.5633802816901409,0.0,0.1858736059479554,18.0,0.0,0.1150747986191024,0.0,10.0,0.0,0.0,0,0.0,0.0,0.0,0.0,0.0,0.0,0.0,0.0,0.0,0.0,0.0,0.0,0.0,0.0,0.0,0.0,2.5,6.50,19,11,HUN,HUL,Nico Hulkenberg,DEN,Denmark,Дания,#D20019,Ferrari,#DC0004,0.0,100.0,100.0,0.0,2.0,2.0,17,19,17,18.0,18,18,13.0,18,3,6.50,
2023,2023111,2,12,Guanyu Zhou,Alfa Romeo,5.0,5,16,16,16,+1 Lap,0,24,ZHO,23,1,#752020,23-1,5,3,1.0,8.11,1.0,1.0,0.5311067452521283,5,0,0,3.0,5.0,0,0,0.0,0.0,69.0,99,0,0.0,0.0,0.0,16.0,-11,0.0,11.0,11.0,1.0,85.254,01:25.254,0.265,0.097,0.168,17,2.40,16,1.25,19,1.10,10,1.55,18,1.0,18,17,3.65,17,2.65,11,0.1594202898550724,10.336,0.1497971014492755,5.92,1.00,2.89,5.50,5.87,7.77,5.33,7.19,5.50,0.0,0.4391691394658753,0.0,0.4122681883024251,0.0,0.1858736059479554,1.0,0.6285714285714286,17.0,0.0,0.429093567251462,0.0,10.0,0.0,0.0,0,0.0,0.0,0.0,0.0,0.0,0.0,0.0,0.0,0.0,0.0,0.0,0.0,0.0,0.0,0.0,0.0,5.03,6.30,19,11,HUN,BOT,Valtteri Bottas,CHN,China,Китай,#F70000,Ferrari,#DC0004,0.0,0.0,0.0,100.0,4.0,4.0,16,5,18,17.0,17,16,17.0,10,19,6.30,
2023,2023111,2,12,Esteban Ocon,Alpine,12.0,12,-,DNF,19,-,0,31,OCO,13,3,#0E8EDD,13-3,9,4,1.0,4.79,1.0,1.0,0.5870098039215687,12,0,0,6.0,12.0,1,0,0.0,,2.0,3,-,0.0,0.0,0.0,19.0,-7,0.0,7.0,7.0,0.0,-,-,-,-,,DNC,DNC,DNC,DNC,18,DNC,DNC,DNC,DNC,0.0,19,DNC,DNC,DNC,DNC,-,,-,,-,3.25,-,-,,7.77,5.33,7.19,5.50,,,,,,,,,,0.0,,0.0,0.0,0.0,0.0,0,0.0,0.0,0.0,0.0,0.0,0.0,0.0,0.0,0.0,0.0,0.0,0.0,0.0,0.0,0.0,0.0,,DNC,19,11,HUN,GAS,Pierre Gasly,FRA,France,Франция,#004CA2,Renault,#FAEF00,0.0,0.0,0.0,100.0,31.0,31.0,11,12,13,12.666666666666666,11,10,11.666666666666666,11,18,7.48,
2023,2023111,2,12,Pierre Gasly,Alpine,15.0,15,-,DNF,20,-,0,10,GAS,17,3,#0E8EDD,17-3,9,4,1.0,3.37,0.0,0.0,0.4129901960784314,15,0,0,8.0,15.0,1,0,0.0,,1.0,1,-,0.0,0.0,0.0,20.0,0,0.0,0.0,0.0,0.0,-,-,-,-,,DNC,DNC,DNC,DNC,DNC,DNC,DNC,DNC,DNC,0.0,20,DNC,DNC,DNC,DNC,-,,-,,-,-,-,-,,7.77,5.33,7.19,5.50,,,,,,,,,,0.0,,0.0,0.0,0.0,0.0,0,0.0,0.0,0.0,0.0,0.0,0.0,0.0,0.0,0.0,0.0,0.0,0.0,0.0,0.0,0.0,0.0,,DNC,19,11,HUN,OCO,Esteban Ocon,FRA,France,Франция,#004CA2,Renault,#FAEF00,0.0,0.0,0.0,0.0,16.0,16.0,10,15,11,10.0,10,10,10.5,14,6,7.75,
2023,2023120,2,13,Charles Leclerc,Ferrari,4.0,4,5,5,5,+15.016,4,16,LEC,6,5,#E01A00,6-5,15,3,1.0,8.5,0.0,0.0,0.4857142857142857,4,0,0,2.0,4.0,0,0,0.0,0.0,11.0,100,1,1.0,0.0,1.0,2.0,0,0.0,0.0,0.0,1.0,122.887,02:02.887,0.135,0.040,0.095,2,3.90,7,1.70,4,1.85,4,1.85,1,1.0,4,2,5.60,2,3.70,2,0.1818181818181818,0.380,0.0345454545454541,9.36,1.00,8.76,8.20,9.43,6.41,7.77,1.00,7.60,1.0,0.5693430656934307,0.0,0.4932432432432433,0.0,0.5,0.0,0.5,2.0,1.0,1.0,9.0,9.0,4.0,1.0,0,1.0,0.0,0.0,0.0,0.0,1.0,0.0,0.0,0.0,0.0,0.0,0.0,0.0,0.0,0.0,0.0,7.773333333333333,9.30,9,12,BEL*,SAI,Carlos Sainz,MON,Monaco,Монако,#D80000,Ferrari,#DC0004,100.0,0.0,0.0,0.0,84.0,84.0,5,4,1,2.0,2,7,2.0,4,4,9.30,
2023,2023120,2,13,Max Verstappen,Red Bull Racing,1.0,1,1,1,1,24:58.433,8,1,VER,2,14,#405585,2-14,16,2,1.0,10.0,1.0,1.0,0.6060606060606061,1,0,0,1.0,1.0,0,0,1.0,,11.0,100,0,0.0,0.0,0.0,1.0,0,0.0,0.0,0.0,1.0,121.224,02:01.224,0.272,0.272,0.0,7,3.40,1,2.00,1,2.00,10,1.55,2,1.0,1,3,5.40,4,3.55,0,0.0,-,,7.20,1.00,10.00,7.60,,6.41,7.77,1.00,7.60,1.0,1.0,1.0,0.9090909090909092,1.0,0.5,1.0,0.8837209302325582,20.0,0.0,,8.0,8.0,8.0,1.0,1,0.0,0.0,1.0,1.0,0.0,2.0,1.0,1.0,0.0,0.0,1.0,1.0,0.0,0.0,1.0,7.0,6.233333333333333,8.95,9,12,BEL*,PER,Sergio Perez,NLD,Netherlands,Нидерланды,#F75600,Honda,#DE0000,0.0,0.0,0.0,0.0,289.0,289.0,1,1,2,3.0,7,1,4.0,10,1,8.95,
2023,2023120,2,13,Pierre Gasly,Alpine,6.0,6,3,3,3,+10.733,6,10,GAS,17,3,#0E8EDD,17-3,9,4,1.0,7.5,1.0,1.0,0.5555555555555556,6,0,0,3.0,6.0,0,0,1.0,1.0,11.0,100,0,0.0,0.0,0.0,10.0,0,0.0,0.0,0.0,1.0,122.618,02:02.618,0.094,0.094,0.0,1,4.00,6,1.75,6,1.75,12,1.45,3,1.0,6,1,5.75,8,3.20,0,0.0,-,,10.00,1.00,8.96,7.60,,6.41,7.77,1.00,7.60,1.0,0.5941770647653001,1.0,0.5301775147928994,1.0,0.5,1.0,0.5,18.0,0.0,,6.0,6.0,6.0,1.0,0,0.0,1.0,0.0,0.0,0.0,1.0,0.0,0.0,0.0,1.0,1.0,0.0,0.0,0.0,0.0,0.0,8.1,8.95,9,12,BEL*,OCO,Esteban Ocon,FRA,France,Франция,#004CA2,Renault,#FAEF00,0.0,0.0,0.0,0.0,22.0,22.0,3,6,3,1.0,1,6,8.0,12,6,8.95,
2023,2023120,2,13,Carlos Sainz,Ferrari,3.0,3,4,4,4,+12.648,5,55,SAI,8,5,#E01A00,8-5,7,3,1.0,9.0,1.0,1.0,0.5142857142857142,3,0,0,2.0,3.0,0,0,1.0,1.0,11.0,100,1,1.0,0.0,1.0,15.0,0,0.0,0.0,0.0,1.0,122.564,02:02.564,0.280,0.280,0.0,9,3.20,5,1.80,3,1.90,3,1.90,4,1.0,3,9,5.00,1,3.80,0,0.0,-,,7.08,1.00,9.00,8.20,,6.41,7.77,1.00,7.60,0.0,0.4306569343065694,1.0,0.5067567567567568,1.0,0.5,1.0,0.5,17.0,0.0,,9.0,9.0,5.0,0.0,0,0.0,0.0,0.0,0.0,0.0,0.0,0.0,0.0,0.0,0.0,0.0,0.0,0.0,1.0,1.0,0.0,6.253333333333333,8.80,9,12,BEL*,LEC,Charles Leclerc,ESP,Spain,Испания,#F7B800,Ferrari,#DC0004,100.0,0.0,0.0,0.0,92.0,92.0,4,3,4,9.0,9,5,1.0,3,3,8.80,
2023,2023120,2,13,Oscar Piastri,McLaren,2.0,2,2,2,2,+6.677,7,81,PIA,28,9,#EE853F,28-9,2,1,1.0,9.5,1.0,1.0,0.5428571428571428,2,0,0,1.0,2.0,0,0,1.0,1.0,11.0,100,0,0.0,0.0,0.0,7.0,0,0.0,0.0,0.0,1.0,122.203,02:02.203,0.294,0.294,0.0,10,3.10,2,1.95,2,1.95,11,1.50,5,1.0,2,6,5.05,6,3.45,0,0.0,-,,6.86,1.00,9.27,7.60,,6.41,7.77,1.00,7.60,1.0,0.6097777777777778,1.0,0.5172991071428571,1.0,0.5,0.0,0.4810126582278481,19.0,0.0,,10.0,13.0,7.0,0.0,0,0.0,0.0,0.0,0.0,0.0,0.0,0.0,0.0,1.0,0.0,1.0,0.0,1.0,0.0,1.0,4.0,6.006666666666667,8.50,9,12,BEL*,NOR,Lando Norris,AUS,Australia,Австралия,#F7C900,Mercedes,#707070,0.0,0.0,0.0,0.0,34.0,34.0,2,2,5,6.0,10,2,6.0,11,2,8.50,
2023,2023120,2,13,Logan Sargeant,Williams,14.0,13,16,16,16,+37.571,0,2,SAR,27,18,#0B4BCD,27-18,21,1,1.0,3.5,0.0,0.0,0.4666666666666667,13,0,0,7.0,13.0,0,0,0.0,0.0,11.0,100,2,2.0,0.0,2.0,6.0,0,0.0,0.0,0.0,1.0,125.025,02:05.025,0.138,0.138,0.0,3,3.80,16,1.25,13,1.40,2,1.95,6,1.0,13,5,5.05,7,3.35,0,0.0,-,,9.31,1.00,7.16,8.80,,6.41,7.77,1.00,7.60,1.0,0.5098576122672509,0.0,0.4802146210596915,0.0,0.5,1.0,0.5176470588235295,13.0,1.0,,0.0,13.0,0.0,0.0,0,0.0,0.0,0.0,0.0,0.0,0.0,0.0,0.0,0.0,0.0,0.0,0.0,0.0,0.0,0.0,0.0,7.840000000000001,8.40,9,12,BEL*,ALB,Alexander Albon,USA,USA,США,#071C63,Mercedes,#707070,100.0,0.0,0.0,0.0,0.0,0.0,16,13,6,5.0,3,16,7.0,2,13,8.40,
2023,2023120,2,13,Alexander Albon,Williams,13.0,12,12,12,12,+26.303,0,23,ALB,24,18,#0B4BCD,24-18,20,1,1.0,4.0,1.0,1.0,0.5333333333333333,12,0,0,6.0,12.0,0,0,1.0,1.0,11.0,100,1,1.0,0.0,1.0,18.0,0,0.0,0.0,0.0,1.0,124.236,02:04.236,0.161,0.161,0.0,4,3.70,12,1.45,12,1.45,6,1.75,7,1.0,12,4,5.15,9,3.20,0,0.0,-,,8.95,1.00,7.75,8.20,,6.41,7.77,1.00,7.60,0.0,0.4901423877327492,1.0,0.5197853789403085,1.0,0.5,0.0,0.4823529411764705,15.0,0.0,,0.0,13.0,0.0,0.0,0,0.0,0.0,0.0,0.0,0.0,0.0,0.0,0.0,0.0,0.0,0.0,0.0,0.0,0.0,0.0,0.0,7.5,8.35,9,12,BEL*,SAR,Logan Sargeant,THA,Thailand,Таиланд,#2E2549,Mercedes,#707070,100.0,0.0,0.0,0.0,11.0,11.0,12,12,7,4.0,4,12,9.0,6,12,8.35,
2023,2023120,2,13,George Russell,Mercedes,10.0,10,8,8,8,+16.822,1,63,RUS,14,10,#08ABA3,14-10,10,1,1.0,5.5,0.0,0.0,0.44,10,0,0,5.0,10.0,0,0,0.0,0.0,11.0,100,4,4.0,0.0,4.0,5.0,0,0.0,0.0,0.0,1.0,122.507,02:02.507,0.342,0.220,0.122,12,2.90,4,1.85,10,1.55,1,2.00,8,1.0,10,10,4.75,5,3.55,1,0.0909090909090909,0.653,0.0593636363636368,6.10,1.00,9.04,10.00,7.74,6.41,7.77,1.00,7.60,1.0,0.6295149638802889,0.0,0.4983461962513781,0.0,0.5,1.0,0.5681818181818181,6.0,1.0,0.593558282208589,3.0,13.0,6.0,1.0,0,0.0,0.0,0.0,0.0,1.0,1.0,0.0,0.0,0.0,0.0,0.0,0.0,0.0,0.0,0.0,0.0,5.9,8.30,9,12,BEL*,HAM,Lewis Hamilton,GBR,Great Britain,Великобритания,#314486,Mercedes,#707070,100.0,0.0,0.0,0.0,91.0,91.0,8,10,8,10.0,12,4,5.0,1,10,8.30,
2023,2023120,2,13,Lando Norris,McLaren,5.0,5,6,6,6,+16.052,3,4,NOR,4,9,#EE853F,4-9,10,1,1.0,8.0,0.0,0.0,0.4571428571428571,5,0,0,3.0,5.0,0,0,0.0,0.0,11.0,100,1,1.0,0.0,1.0,3.0,0,0.0,0.0,0.0,1.0,123.031,02:03.031,0.451,0.410,0.041,13,2.80,8,1.65,5,1.80,5,1.80,9,1.0,5,13,4.45,3,3.60,1,0.0909090909090909,0.552,0.0501818181818175,4.39,1.00,8.65,8.20,8.37,6.41,7.77,1.00,7.60,0.0,0.3902222222222222,0.0,0.4827008928571428,0.0,0.5,1.0,0.5189873417721519,5.0,1.0,1.0,10.0,13.0,6.0,0.0,0,0.0,0.0,0.0,0.0,0.0,0.0,0.0,0.0,0.0,0.0,0.0,0.0,0.0,0.0,0.0,0.0,4.46,8.05,9,12,BEL*,PIA,Oscar Piastri,GBR,Great Britain,Великобритания,#314486,Mercedes,#707070,100.0,0.0,0.0,0.0,63.0,63.0,6,5,9,13.0,13,8,3.0,5,5,8.05,
2023,2023120,2,13,Valtteri Bottas,Alfa Romeo,17.0,17,13,13,13,+27.006,0,77,BOT,3,1,#752020,3-1,8,3,1.0,2.0,1.0,1.0,0.6666666666666666,17,0,0,9.0,17.0,0,0,1.0,1.0,11.0,100,1,1.0,0.0,1.0,19.0,0,0.0,0.0,0.0,1.0,124.303,02:04.303,0.174,0.174,0.0,5,3.60,13,1.40,17,1.20,7,1.70,10,1.0,16,7,5.00,12,2.90,0,0.0,-,,8.74,1.00,7.70,8.20,,6.41,7.77,1.00,7.60,1.0,0.6876475216365067,1.0,0.5277587388622345,1.0,0.5,1.0,0.5,14.0,0.0,,0.0,9.0,0.0,0.0,0,0.0,0.0,0.0,0.0,0.0,0.0,0.0,0.0,0.0,0.0,0.0,0.0,0.0,0.0,0.0,0.0,7.359999999999999,7.90,9,12,BEL*,ZHO,Guanyu Zhou,FIN,Finland,Финляндия,#04276B,Ferrari,#DC0004,100.0,0.0,0.0,0.0,5.0,5.0,13,17,10,7.0,5,13,12.0,7,17,7.90,
2023,2023120,2,13,Lance Stroll,Aston Martin,15.0,14,11,11,11,+25.007,0,18,STR,10,4,#23675D,10-4,4,1,1.0,3.0,0.0,0.0,0.4,14,0,0,7.0,14.0,0,0,1.0,,11.0,100,0,0.0,0.0,0.0,17.0,0,0.0,0.0,0.0,1.0,124.233,02:04.233,0.180,0.110,0.0699999999999999,6,3.50,11,1.50,14,1.35,16,1.25,11,1.0,14,8,5.00,17,2.60,1,0.0909090909090909,0.287,0.0260909090909083,8.65,1.00,7.75,7.60,10.0,6.41,7.77,1.00,7.60,,,,,,,,,1.0,1.0,1.0,0.0,13.0,0.0,0.0,0,0.0,0.0,0.0,0.0,0.0,0.0,0.0,0.0,0.0,0.0,0.0,0.0,0.0,0.0,0.0,0.0,7.2,7.60,9,12,BEL*,ALO,Fernando Alonso,CAN,Canada,Канада,#E30000,Mercedes,#707070,0.0,0.0,0.0,0.0,45.0,45.0,11,14,11,8.0,6,11,17.0,16,14,7.60,
2023,2023120,2,13,Esteban Ocon,Alpine,9.0,9,9,9,9,+22.410,0,31,OCO,13,3,#0E8EDD,13-3,9,4,1.0,6.0,0.0,0.0,0.4444444444444444,9,0,0,5.0,9.0,0,0,0.0,0.0,11.0,100,0,1.0,1.0,2.0,4.0,0,0.0,0.0,0.0,1.0,123.989,02:03.989,0.296,0.190,0.1059999999999999,11,3.00,9,1.60,9,1.60,14,1.35,12,1.0,9,12,4.60,11,2.95,1,0.0909090909090909,0.479,0.0435454545454544,6.83,1.00,7.94,7.60,8.82,6.41,7.77,1.00,7.60,0.0,0.4058229352347,0.0,0.4698224852071005,0.0,0.5,0.0,0.5,4.0,1.0,1.0,6.0,6.0,6.0,0.0,0,0.0,0.0,0.0,0.0,0.0,0.0,0.0,0.0,0.0,0.0,0.0,0.0,0.0,0.0,0.0,0.0,5.986666666666667,7.55,9,12,BEL*,GAS,Pierre Gasly,FRA,France,Франция,#004CA2,Renault,#FAEF00,50.0,50.0,0.0,0.0,31.0,31.0,9,9,12,12.0,11,9,11.0,14,9,7.55,
2023,2023120,2,13,Lewis Hamilton,Mercedes,7.0,7,7,7,7,+16.757,2,44,HAM,1,10,#08ABA3,1-10,10,1,1.0,7.0,1.0,1.0,0.56,7,0,0,4.0,7.0,0,0,1.0,1.0,11.0,100,0,0.0,0.0,0.0,13.0,0,0.0,0.0,0.0,1.0,122.428,02:02.428,0.502,0.169,0.3329999999999999,16,2.50,3,1.90,7,1.70,13,1.40,13,1.0,7,14,4.40,10,3.10,1,0.0909090909090909,1.049,0.0953636363636369,3.59,1.00,9.10,7.60,5.3,6.41,7.77,1.00,7.60,0.0,0.370485036119711,1.0,0.5016538037486218,1.0,0.5,0.0,0.4318181818181817,7.0,0.0,0.4064417177914111,3.0,13.0,6.0,0.0,0,0.0,0.0,0.0,0.0,0.0,0.0,0.0,0.0,0.0,0.0,0.0,0.0,0.0,0.0,0.0,0.0,3.826666666666666,7.50,9,12,BEL*,RUS,George Russell,GBR,Great Britain,Великобритания,#314486,Mercedes,#707070,0.0,0.0,0.0,0.0,135.0,135.0,7,7,13,14.0,16,3,10.0,13,7,7.50,
2023,2023120,2,13,Kevin Magnussen,Haas F1 Team,18.0,18,14,14,14,+32.986,0,20,MAG,22,7,#505050,22-7,6,3,1.0,1.5,1.0,,,18,0,0,9.0,18.0,0,0,1.0,1.0,11.0,100,1,1.0,0.0,1.0,11.0,0,0.0,0.0,0.0,1.0,124.946,02:04.946,0.280,0.185,0.095,8,3.30,15,1.30,18,1.15,8,1.65,14,1.0,17,11,4.60,14,2.80,1,0.0909090909090909,0.402,0.0365454545454546,7.08,1.00,7.22,8.20,9.29,6.41,7.77,1.00,7.60,1.0,0.8762376237623762,1.0,0.5352112676056339,1.0,0.5,1.0,0.5616438356164383,3.0,1.0,0.806423611111111,0.0,9.0,0.0,0.0,0,0.0,0.0,0.0,0.0,0.0,0.0,0.0,0.0,0.0,0.0,0.0,0.0,0.0,0.0,0.0,0.0,6.253333333333333,7.40,9,12,BEL*,HUL,Nico Hulkenberg,DEN,Denmark,Дания,#D20019,Ferrari,#DC0004,100.0,0.0,0.0,0.0,2.0,2.0,14,18,14,11.0,8,15,14.0,8,18,7.40,
2023,2023120,2,13,Daniel Ricciardo,Alpha Tauri,11.0,11,10,10,10,+22.806,0,3,RIC,7,2,#5F86E1,7-2,2,2,1.0,5.0,1.0,1.0,0.6666666666666666,11,0,0,6.0,11.0,0,0,1.0,1.0,11.0,100,0,1.0,1.0,2.0,16.0,0,0.0,0.0,0.0,1.0,124.216,02:04.216,0.456,0.456,0.0,14,2.70,10,1.55,11,1.50,15,1.30,15,1.0,11,15,4.25,13,2.80,0,0.0,-,,4.31,1.00,7.77,7.60,,6.41,7.77,1.00,7.60,1.0,0.6929260450160771,1.0,0.512532981530343,1.0,0.5,1.0,0.5,16.0,0.0,,0.0,8.0,7.0,0.0,0,0.0,0.0,0.0,0.0,0.0,0.0,0.0,0.0,0.0,0.0,0.0,0.0,0.0,0.0,0.0,0.0,4.306666666666666,7.05,9,12,BEL*,TSU,Yuki Tsunoda,AUS,Australia,Австралия,#F7C900,Honda,#DE0000,50.0,50.0,0.0,0.0,0.0,0.0,10,11,15,15.0,14,10,13.0,15,11,7.05,
2023,2023120,2,13,Guanyu Zhou,Alfa Romeo,19.0,19,15,15,15,+36.342,0,24,ZHO,23,1,#752020,23-1,5,3,1.0,1.0,0.0,0.0,0.3333333333333333,19,0,0,10.0,19.0,0,0,0.0,0.0,11.0,100,1,1.0,0.0,1.0,14.0,0,0.0,0.0,0.0,1.0,125.388,02:05.388,0.478,0.042,0.436,15,2.60,17,1.20,19,1.10,9,1.60,16,1.0,18,16,3.80,16,2.70,2,0.1818181818181818,1.747,0.1588181818181805,3.97,1.00,6.89,8.20,1.0,6.41,7.77,1.00,7.60,0.0,0.3123524783634933,0.0,0.4722412611377656,0.0,0.5,0.0,0.5,9.0,1.0,1.0,0.0,9.0,0.0,0.0,0,0.0,0.0,0.0,0.0,0.0,0.0,0.0,0.0,0.0,0.0,0.0,0.0,0.0,0.0,0.0,0.0,4.18,6.50,9,12,BEL*,BOT,Valtteri Bottas,CHN,China,Китай,#F70000,Ferrari,#DC0004,100.0,0.0,0.0,0.0,4.0,4.0,15,19,16,16.0,15,17,16.0,9,19,6.50,
2023,2023120,2,13,Yuki Tsunoda,Alpha Tauri,16.0,16,18,18,18,+39.267,0,22,TSU,9,2,#5F86E1,9-2,13,2,1.0,2.5,0.0,0.0,0.3333333333333333,16,0,0,8.0,16.0,0,0,0.0,0.0,11.0,100,0,0.0,0.0,0.0,9.0,0,0.0,0.0,0.0,1.0,124.716,02:04.716,0.609,0.609,0.0,17,2.40,14,1.35,16,1.25,17,1.20,17,1.0,15,17,3.75,18,2.45,0,0.0,-,,1.91,1.00,7.39,7.60,,6.41,7.77,1.00,7.60,0.0,0.3070739549839228,0.0,0.4874670184696569,0.0,0.5,0.0,0.5,12.0,1.0,,0.0,8.0,0.0,0.0,0,0.0,0.0,0.0,0.0,0.0,0.0,0.0,0.0,0.0,0.0,0.0,0.0,0.0,0.0,0.0,0.0,2.7066666666666666,6.20,9,12,BEL*,RIC,Daniel Ricciardo,JPN,Japan,Япония,#C60018,Honda,#DE0000,0.0,0.0,0.0,0.0,2.0,2.0,18,16,17,17.0,17,14,18.0,17,16,6.20,
2023,2023120,2,13,Sergio Perez,Red Bull Racing,8.0,8,-,DNF,19,-,0,11,PER,5,14,#405585,5-14,14,2,1.0,6.5,0.0,0.0,0.3939393939393939,8,0,0,4.0,8.0,1,0,0.0,,8.0,73,-11,0.0,11.0,11.0,12.0,0,0.0,0.0,0.0,0.0,133.282,02:13.282,-,-,,19,2.20,19,1.10,8,1.65,19,1.10,18,1.0,8,19,3.30,15,2.75,0,0.0,-,,-,1.00,1.00,1.00,,6.41,7.77,1.00,7.60,0.0,,0.0,0.0909090909090909,0.0,0.5,0.0,0.1162790697674418,11.0,1.0,,8.0,8.0,0.0,0.0,0,0.0,0.0,0.0,0.0,0.0,0.0,0.0,0.0,0.0,0.0,0.0,0.0,0.0,0.0,0.0,0.0,,6.05,9,12,BEL*,VER,Max Verstappen,MEX,Mexico,Мексика,#006640,Honda,#DE0000,0.0,100.0,0.0,0.0,171.0,171.0,2,8,18,19.0,19,19,15.0,19,8,6.05,
2023,2023120,2,13,Nico Hulkenberg,Haas F1 Team,,20,17,17,17,+37.827,0,27,HUL,25,7,#505050,25-7,11,3,0.0,,0.0,,,20,0,0,10.0,20.0,0,0,0.0,0.0,11.0,100,-2,1.0,3.0,4.0,20.0,0,0.0,0.0,0.0,1.0,126.218,02:06.218,0.667,0.227,0.44,18,2.30,18,1.15,20,1.05,18,1.15,19,1.0,19,18,3.45,19,2.20,1,0.0909090909090909,1.548,0.1407272727272716,1.00,1.00,6.27,6.40,2.23,6.41,7.77,1.00,7.60,0.0,0.1237623762376237,0.0,0.4647887323943662,0.0,0.5,0.0,0.4383561643835617,8.0,0.0,0.1935763888888889,0.0,9.0,0.0,0.0,0,0.0,0.0,0.0,0.0,0.0,0.0,0.0,0.0,0.0,0.0,0.0,0.0,0.0,0.0,0.0,0.0,1.9,5.65,9,12,BEL*,MAG,Kevin Magnussen,GER,Germany,Германия,#000000,Ferrari,#DC0004,25.0,75.0,0.0,0.0,9.0,9.0,17,20,19,18.0,18,18,19.0,18,20,5.65,
2023,2023120,2,13,Fernando Alonso,Aston Martin,12.0,15,-,DNF,20,-,0,14,ALO,19,4,#23675D,19-4,7,1,1.0,4.5,1.0,1.0,0.6,15,0,0,8.0,15.0,1,0,0.0,,2.0,18,-,0.0,0.0,0.0,8.0,0,0.0,0.0,0.0,0.0,-,-,-,-,,DNC,DNC,DNC,DNC,15,DNC,DNC,DNC,DNC,0.0,20,DNC,DNC,DNC,DNC,-,,-,,-,1.00,-,-,,6.41,7.77,1.00,7.60,,,,,,,,,,0.0,,0.0,13.0,5.0,0.0,0,0.0,0.0,0.0,0.0,0.0,0.0,0.0,0.0,0.0,0.0,0.0,0.0,0.0,0.0,0.0,0.0,,DNC,9,12,BEL*,STR,Lance Stroll,ESP,Spain,Испания,#F7B800,Mercedes,#707070,0.0,0.0,0.0,0.0,139.0,139.0,7,15,2,5.0,6,7,2.5,4,15,8.88,
2023,2023121,2,14,Fernando Alonso,Aston Martin,9.0,9,5,5,5,+56.184,10,14,ALO,19,4,#23675D,19-4,7,1,1.0,6.21,1.0,1.0,0.5196652719665272,9,0,0,5.0,9.0,0,0,1.0,1.0,44.0,100,4,4.0,0.0,4.0,6.0,2,2.0,0.0,2.0,1.0,112.713,01:52.713,0.288,0.240,0.0479999999999999,8,3.30,5,1.80,2,1.95,2,1.95,1,1.0,2,6,5.10,1,3.90,2,0.0454545454545454,2.520,0.0572727272727268,9.00,8.00,7.80,8.31,8.47,8.04,6.71,6.00,6.06,0.0,0.4880694143167028,1.0,0.5496828752642706,1.0,0.5714285714285714,1.0,0.6548463356973995,7.0,1.0,0.5257603972687772,12.0,39.0,10.0,1.0,0,1.0,0.0,0.0,0.0,0.0,1.0,0.0,0.0,0.0,0.0,0.0,0.0,0.0,0.0,0.0,0.0,8.718333333333334,9.00,8,12,BEL,STR,Lance Stroll,ESP,Spain,Испания,#F7B800,Mercedes,#707070,100.0,0.0,100.0,0.0,149.0,149.0,5,9,1,6.0,8,5,1.0,2,2,9.00,
2023,2023121,2,14,George Russell,Mercedes,8.0,8,6,6,6,+1:03.101,8,63,RUS,14,10,#08ABA3,14-10,10,1,1.0,6.68,0.0,0.0,0.437745740498034,8,0,0,4.0,8.0,0,0,0.0,0.0,44.0,100,3,4.0,1.0,5.0,11.0,-4,0.0,4.0,4.0,1.0,113.159,01:53.159,0.243,0.204,0.039,1,4.00,8,1.65,18,1.15,5,1.80,2,1.0,18,1,5.65,11,2.95,2,0.0454545454545454,1.721,0.0391136363636364,10.00,2.00,6.91,7.75,9.08,8.04,6.71,6.00,6.06,1.0,0.5263157894736842,0.0,0.4458064516129032,0.0,0.25,1.0,0.5849056603773585,4.0,1.0,0.5153234960272418,21.0,39.0,27.0,1.0,0,0.0,1.0,0.0,0.0,0.0,1.0,0.0,0.0,0.0,0.0,0.0,0.0,0.0,0.0,0.0,0.0,8.291666666666666,8.60,8,12,BEL,HAM,Lewis Hamilton,GBR,Great Britain,Великобритания,#314486,Mercedes,#707070,80.0,20.0,0.0,100.0,99.0,99.0,6,8,2,1.0,1,8,11.0,5,18,8.60,
2023,2023121,2,14,Sergio Perez,Red Bull Racing,3.0,2,2,2,2,+22.305,18,11,PER,5,14,#405585,5-14,14,2,1.0,9.05,0.0,0.0,0.4750656167979002,2,0,0,1.0,2.0,0,0,0.0,0.0,44.0,100,-1,0.0,1.0,1.0,1.0,1,1.0,0.0,1.0,1.0,112.162,01:52.162,0.268,0.230,0.038,6,3.50,2,1.95,7,1.70,12,1.45,3,1.0,7,2,5.45,9,3.15,6,0.1363636363636363,2.091,0.0475227272727274,9.44,7.00,8.89,5.50,8.8,8.04,6.71,6.00,6.06,1.0,0.5333333333333333,0.0,0.4706193753308629,1.0,0.5,0.0,0.4150943396226415,5.0,1.0,0.5122235157159488,43.0,44.0,18.0,0.0,0,0.0,0.0,0.0,0.0,0.0,0.0,0.0,0.0,1.0,0.0,1.0,0.0,0.0,1.0,1.0,14.0,8.376666666666667,8.60,8,12,BEL,VER,Max Verstappen,MEX,Mexico,Мексика,#006640,Honda,#DE0000,0.0,100.0,100.0,0.0,189.0,189.0,2,2,3,2.0,6,2,9.0,12,7,8.60,
2023,2023121,2,14,Yuki Tsunoda,Alpha Tauri,11.0,11,10,10,10,+1:20.221,1,22,TSU,9,2,#5F86E1,9-2,13,2,1.0,5.26,1.0,1.0,0.7815750371471025,11,0,0,6.0,11.0,0,0,1.0,1.0,44.0,100,2,3.0,1.0,4.0,8.0,2,2.0,0.0,2.0,1.0,113.332,01:53.332,0.289,0.163,0.1259999999999999,10,3.10,10,1.55,3,1.90,6,1.75,4,1.0,3,12,4.65,3,3.65,4,0.0909090909090909,4.905,0.1114772727272721,8.98,8.00,6.56,7.19,6.66,8.04,6.71,6.00,6.06,1.0,0.5175792507204611,1.0,0.5093167701863354,1.0,0.6153846153846154,1.0,0.5665878644602048,14.0,1.0,0.5119139123750961,1.0,44.0,1.0,0.0,0,0.0,0.0,0.0,0.0,0.0,0.0,0.0,0.0,0.0,0.0,0.0,0.0,0.0,0.0,0.0,0.0,8.518333333333333,8.30,8,12,BEL,RIC,Daniel Ricciardo,JPN,Japan,Япония,#C60018,Honda,#DE0000,75.0,25.0,100.0,0.0,3.0,3.0,10,11,4,12.0,10,10,3.0,6,3,8.30,
2023,2023121,2,14,Max Verstappen,Red Bull Racing,1.0,6,1,1,1,1:22:30.450,25,1,VER,2,14,#405585,2-14,16,2,1.0,10.0,1.0,1.0,0.5249343832020997,6,0,0,3.0,6.0,0,0,1.0,1.0,44.0,100,3,3.0,0.0,3.0,4.0,1,1.0,0.0,1.0,1.0,111.607,01:51.607,0.321,0.235,0.086,13,2.80,1,2.00,8,1.65,4,1.85,5,1.0,8,11,4.80,4,3.50,2,0.0454545454545454,2.646,0.0601363636363633,8.26,7.00,10.00,7.75,8.38,8.04,6.71,6.00,6.06,0.0,0.4666666666666667,1.0,0.529380624669137,0.0,0.5,1.0,0.5849056603773585,9.0,0.0,0.4877764842840513,43.0,44.0,25.0,1.0,0,0.0,0.0,1.0,0.0,0.0,1.0,0.0,1.0,0.0,0.0,1.0,1.0,0.0,0.0,1.0,30.0,7.965,8.30,8,12,BEL,PER,Sergio Perez,NLD,Netherlands,Нидерланды,#F75600,Honda,#DE0000,100.0,0.0,100.0,0.0,314.0,314.0,1,6,5,11.0,13,1,4.0,4,8,8.30,
2023,2023121,2,14,Valtteri Bottas,Alfa Romeo,14.0,13,12,12,12,+1:25.191,0,77,BOT,3,1,#752020,3-1,8,3,1.0,3.84,1.0,1.0,0.6134185303514377,13,0,0,7.0,13.0,0,0,1.0,1.0,44.0,100,-1,1.0,2.0,3.0,12.0,0,1.0,1.0,2.0,1.0,113.396,01:53.396,0.247,0.153,0.094,2,3.90,11,1.50,11,1.50,14,1.35,6,1.0,11,3,5.40,13,2.85,4,0.0909090909090909,3.625,0.0823863636363636,9.91,6.00,6.44,5.50,7.63,8.04,6.71,6.00,6.06,1.0,0.6197623514696685,1.0,0.5164394546912591,0.0,0.4285714285714285,0.0,0.4537953795379537,13.0,1.0,0.6401006711409396,0.0,15.0,0.0,0.0,0,0.0,0.0,0.0,0.0,0.0,0.0,0.0,0.0,0.0,0.0,0.0,0.0,0.0,0.0,0.0,0.0,8.523333333333333,8.25,8,12,BEL,ZHO,Guanyu Zhou,FIN,Finland,Финляндия,#04276B,Ferrari,#DC0004,33.0,67.0,50.0,50.0,5.0,5.0,12,13,6,3.0,2,11,13.0,14,11,8.25,
2023,2023121,2,14,Lewis Hamilton,Mercedes,4.0,3,4,4,4,+49.671,13,44,HAM,1,10,#08ABA3,1-10,10,1,1.0,8.58,1.0,1.0,0.562254259501966,3,0,0,2.0,3.0,0,0,1.0,1.0,44.0,100,-1,0.0,1.0,1.0,3.0,0,0.0,0.0,0.0,1.0,112.317,01:52.317,0.288,0.249,0.0389999999999999,9,3.20,3,1.90,9,1.60,13,1.40,7,1.0,9,7,5.10,10,3.00,6,0.1363636363636363,2.427,0.0551590909090913,9.00,6.00,8.59,5.50,8.54,8.04,6.71,6.00,6.06,0.0,0.4736842105263157,1.0,0.5541935483870968,1.0,0.75,0.0,0.4150943396226415,6.0,0.0,0.4846765039727582,21.0,39.0,27.0,0.0,0,0.0,0.0,0.0,0.0,0.0,0.0,1.0,0.0,0.0,0.0,0.0,0.0,0.0,0.0,0.0,0.0,7.916666666666667,8.10,8,12,BEL,RUS,George Russell,GBR,Great Britain,Великобритания,#314486,Mercedes,#707070,0.0,100.0,0.0,0.0,148.0,148.0,4,3,7,7.0,9,3,10.0,13,9,8.10,
2023,2023121,2,14,Alexander Albon,Williams,16.0,15,14,14,14,+1:36.184,0,23,ALB,24,18,#0B4BCD,24-18,20,1,1.0,2.89,1.0,1.0,0.597107438016529,15,0,0,8.0,15.0,0,0,1.0,1.0,44.0,100,4,8.0,4.0,12.0,10.0,4,4.0,0.0,4.0,1.0,113.241,01:53.241,0.386,0.303,0.083,16,2.50,9,1.60,1,2.00,3,1.90,8,1.0,1,15,4.10,2,3.90,3,0.0681818181818181,2.527,0.0574318181818191,6.81,10.00,6.75,8.31,8.47,8.04,6.71,6.00,6.06,0.0,0.4592043155765341,1.0,0.5180353031465847,1.0,0.5555555555555556,1.0,0.5565974547890155,8.0,1.0,1.0,0.0,39.0,0.0,1.0,0,0.0,0.0,0.0,1.0,0.0,1.0,0.0,0.0,0.0,0.0,0.0,0.0,0.0,0.0,0.0,0.0,7.591666666666666,8.00,8,12,BEL,SAR,Logan Sargeant,THA,Thailand,Таиланд,#2E2549,Mercedes,#707070,67.0,33.0,100.0,0.0,11.0,11.0,14,15,8,15.0,16,9,2.0,3,1,8.00,
2023,2023121,2,14,Pierre Gasly,Alpine,12.0,12,11,11,11,+1:23.084,0,10,GAS,17,3,#0E8EDD,17-3,9,4,1.0,4.79,1.0,1.0,0.5870098039215687,12,0,0,6.0,12.0,0,0,0.0,0.0,44.0,100,1,3.0,2.0,5.0,16.0,-5,0.0,5.0,5.0,1.0,113.6,01:53.600,0.257,0.186,0.071,3,3.80,15,1.30,19,1.10,7,1.70,9,1.0,19,5,5.10,15,2.80,3,0.0681818181818181,2.712,0.0616363636363633,9.69,1.00,6.03,6.62,8.33,8.04,6.71,6.00,6.06,1.0,0.5416433761878143,0.0,0.463489623366641,0.0,0.1428571428571428,0.0,0.398315282791817,10.0,0.0,0.4754566210045662,4.0,4.0,4.0,0.0,0,0.0,0.0,0.0,0.0,0.0,0.0,0.0,0.0,0.0,0.0,0.0,0.0,0.0,0.0,0.0,0.0,7.729999999999999,7.90,8,12,BEL,OCO,Esteban Ocon,FRA,France,Франция,#004CA2,Renault,#FAEF00,60.0,40.0,0.0,100.0,22.0,22.0,11,12,9,5.0,3,15,15.0,7,19,7.90,
2023,2023121,2,14,Esteban Ocon,Alpine,15.0,14,8,8,8,+1:14.719,4,31,OCO,13,3,#0E8EDD,13-3,9,4,1.0,3.37,0.0,0.0,0.4129901960784314,14,0,0,7.0,14.0,0,0,1.0,1.0,44.0,100,7,8.0,1.0,9.0,13.0,0,1.0,1.0,2.0,1.0,113.123,01:53.123,0.324,0.289,0.035,14,2.70,7,1.70,12,1.45,1,2.00,10,1.0,12,13,4.40,6,3.45,3,0.0681818181818181,1.573,0.0357499999999995,8.20,6.00,6.98,10.00,9.19,8.04,6.71,6.00,6.06,0.0,0.4583566238121855,1.0,0.5365103766333589,1.0,0.8571428571428571,1.0,0.6016847172081828,3.0,1.0,0.5245433789954338,4.0,4.0,4.0,1.0,0,0.0,0.0,0.0,0.0,1.0,1.0,0.0,0.0,0.0,0.0,0.0,0.0,0.0,0.0,0.0,0.0,8.133333333333333,7.85,8,12,BEL,GAS,Pierre Gasly,FRA,France,Франция,#004CA2,Renault,#FAEF00,89.0,11.0,50.0,50.0,35.0,35.0,8,14,10,13.0,14,7,6.0,1,12,7.85,
2023,2023121,2,14,Lance Stroll,Aston Martin,10.0,10,9,9,9,+1:19.340,2,18,STR,10,4,#23675D,10-4,4,1,1.0,5.74,0.0,0.0,0.4803347280334728,10,0,0,5.0,10.0,0,0,0.0,0.0,44.0,100,-3,2.0,5.0,7.0,9.0,0,1.0,1.0,2.0,1.0,113.419,01:53.419,0.268,0.200,0.068,5,3.60,12,1.45,10,1.55,16,1.25,11,1.0,10,8,5.05,14,2.80,7,0.1590909090909091,3.616,0.0821818181818178,9.44,6.00,6.39,4.38,7.64,8.04,6.71,6.00,6.06,1.0,0.5119305856832972,0.0,0.4503171247357294,0.0,0.4285714285714285,0.0,0.3451536643026004,12.0,0.0,0.4742396027312228,12.0,39.0,2.0,0.0,0,0.0,0.0,0.0,0.0,0.0,0.0,0.0,0.0,0.0,0.0,0.0,0.0,0.0,0.0,0.0,0.0,8.023333333333333,7.85,8,12,BEL,ALO,Fernando Alonso,CAN,Canada,Канада,#E30000,Mercedes,#707070,29.0,71.0,50.0,50.0,47.0,47.0,9,10,11,8.0,5,12,14.0,16,10,7.85,
2023,2023121,2,14,Charles Leclerc,Ferrari,2.0,1,3,3,3,+32.259,15,16,LEC,6,5,#E01A00,6-5,15,3,1.0,9.53,1.0,1.0,0.5402494331065759,1,0,0,1.0,1.0,0,0,1.0,,44.0,100,-1,0.0,1.0,1.0,2.0,-1,0.0,1.0,1.0,1.0,112.423,01:52.423,0.296,0.283,0.013,11,3.00,4,1.85,13,1.40,11,1.50,12,1.0,13,10,4.85,12,2.90,1,0.0227272727272727,0.503,0.0114318181818181,8.82,5.00,8.37,5.50,10.0,8.04,6.71,6.00,6.06,1.0,0.8981670061099797,1.0,0.8932764140875133,1.0,0.5,1.0,0.8461538461538461,1.0,1.0,0.9090909090909092,15.0,15.0,15.0,0.0,0,0.0,0.0,0.0,0.0,0.0,0.0,0.0,0.0,0.0,1.0,1.0,0.0,1.0,0.0,1.0,0.0,7.63,7.75,8,12,BEL,SAI,Carlos Sainz,MON,Monaco,Монако,#D80000,Ferrari,#DC0004,0.0,100.0,0.0,100.0,99.0,99.0,3,1,12,10.0,11,4,12.0,11,13,7.75,
2023,2023121,2,14,Lando Norris,McLaren,7.0,7,7,7,7,+1:13.719,6,4,NOR,4,9,#EE853F,4-9,10,1,1.0,7.16,0.0,0.0,0.4841108857336038,7,0,0,4.0,7.0,0,0,1.0,,44.0,100,-6,3.0,9.0,12.0,7.0,-1,0.0,1.0,1.0,1.0,113.045,01:53.045,0.273,0.194,0.079,7,3.40,6,1.75,15,1.30,18,1.15,13,1.0,15,4,5.15,18,2.45,3,0.0681818181818181,2.793,0.0634772727272741,9.33,5.00,7.14,2.69,8.26,8.04,6.71,6.00,6.06,,,,,,,,,11.0,1.0,1.0,6.0,39.0,27.0,0.0,0,0.0,0.0,0.0,0.0,0.0,0.0,0.0,0.0,0.0,0.0,0.0,0.0,0.0,0.0,0.0,0.0,7.501666666666666,7.60,8,12,BEL,PIA,Oscar Piastri,GBR,Great Britain,Великобритания,#314486,Mercedes,#707070,25.0,75.0,0.0,100.0,69.0,69.0,7,7,13,4.0,7,6,18.0,18,15,7.60,
2023,2023121,2,14,Logan Sargeant,Williams,18.0,18,17,17,17,+1:44.476,0,2,SAR,27,18,#0B4BCD,27-18,21,1,1.0,1.95,0.0,0.0,0.402892561983471,18,0,0,9.0,18.0,0,0,0.0,0.0,44.0,100,1,4.0,3.0,7.0,15.0,2,2.0,0.0,2.0,1.0,113.474,01:53.474,0.332,0.332,0.0,15,2.60,14,1.35,5,1.80,9,1.60,14,1.0,5,16,3.95,7,3.40,0,0.0,-,,8.02,8.00,6.28,6.62,,8.04,6.71,6.00,6.06,1.0,0.5407956844234659,0.0,0.4819646968534152,0.0,0.4444444444444444,0.0,0.4434025452109846,20.0,0.0,,0.0,39.0,0.0,0.0,0,0.0,0.0,0.0,0.0,0.0,0.0,0.0,0.0,0.0,0.0,0.0,0.0,0.0,0.0,0.0,0.0,7.783333333333332,7.35,8,12,BEL,ALB,Alexander Albon,USA,USA,США,#071C63,Mercedes,#707070,57.0,43.0,100.0,0.0,0.0,0.0,17,18,14,16.0,15,14,7.0,9,5,7.35,
2023,2023121,2,14,Kevin Magnussen,Haas F1 Team,13.0,16,15,15,15,+1:41.754,0,20,MAG,22,7,#505050,22-7,6,3,1.0,4.32,1.0,1.0,0.8120300751879699,16,0,0,8.0,16.0,0,0,1.0,1.0,44.0,100,-3,1.0,4.0,5.0,18.0,-3,0.0,3.0,3.0,1.0,113.76,01:53.760,0.261,0.220,0.041,4,3.70,17,1.20,17,1.20,17,1.20,15,1.0,17,9,4.90,19,2.40,1,0.0227272727272727,1.538,0.0349545454545457,9.60,3.00,5.71,4.38,9.22,8.04,6.71,6.00,6.06,1.0,0.7698476343223737,1.0,0.5181488203266787,0.0,0.2727272727272727,0.0,0.4195402298850574,2.0,1.0,0.779374471682164,0.0,15.0,0.0,0.0,0,0.0,0.0,0.0,0.0,0.0,0.0,0.0,0.0,0.0,0.0,0.0,0.0,0.0,0.0,0.0,0.0,7.63,7.30,8,12,BEL,HUL,Nico Hulkenberg,DEN,Denmark,Дания,#D20019,Ferrari,#DC0004,20.0,80.0,0.0,100.0,2.0,2.0,15,16,15,9.0,4,17,19.0,17,17,7.30,
2023,2023121,2,14,Guanyu Zhou,Alfa Romeo,17.0,17,13,13,13,+1:35.441,0,24,ZHO,23,1,#752020,23-1,5,3,1.0,2.42,0.0,0.0,0.3865814696485623,17,0,0,9.0,17.0,0,0,0.0,0.0,44.0,100,1,6.0,5.0,11.0,14.0,2,2.0,0.0,2.0,1.0,113.602,01:53.602,0.419,0.213,0.206,17,2.40,16,1.25,4,1.85,8,1.65,16,1.0,4,17,3.65,5,3.50,6,0.1363636363636363,8.036,0.1826363636363623,6.08,8.00,6.03,6.62,4.29,8.04,6.71,6.00,6.06,0.0,0.3802376485303314,0.0,0.483560545308741,1.0,0.5714285714285714,1.0,0.5462046204620462,16.0,0.0,0.3598993288590604,0.0,15.0,0.0,0.0,0,0.0,0.0,0.0,0.0,0.0,0.0,0.0,0.0,0.0,0.0,0.0,0.0,0.0,0.0,0.0,0.0,6.489999999999999,7.15,8,12,BEL,BOT,Valtteri Bottas,CHN,China,Китай,#F70000,Ferrari,#DC0004,55.0,45.0,100.0,0.0,4.0,4.0,13,17,16,17.0,17,16,5.0,8,4,7.15,
2023,2023121,2,14,Daniel Ricciardo,Alpha Tauri,19.0,19,16,16,16,+1:43.071,0,3,RIC,7,2,#5F86E1,7-2,2,2,1.0,1.47,0.0,0.0,0.2184249628528974,19,0,0,10.0,19.0,0,0,0.0,0.0,44.0,100,-1,2.0,3.0,5.0,19.0,-1,0.0,1.0,1.0,1.0,113.454,01:53.454,0.316,0.188,0.128,12,2.90,13,1.40,16,1.25,15,1.30,17,1.0,16,14,4.30,16,2.55,6,0.1363636363636363,5.313,0.1207499999999997,8.37,5.00,6.32,5.50,6.35,8.04,6.71,6.00,6.06,0.0,0.4824207492795388,0.0,0.4906832298136646,0.0,0.3846153846153846,0.0,0.4334121355397951,15.0,0.0,0.4880860876249039,1.0,44.0,0.0,0.0,0,0.0,0.0,0.0,0.0,0.0,0.0,0.0,0.0,0.0,0.0,0.0,0.0,0.0,0.0,0.0,0.0,7.329999999999999,6.85,8,12,BEL,TSU,Yuki Tsunoda,AUS,Australia,Австралия,#F7C900,Honda,#DE0000,40.0,60.0,0.0,100.0,0.0,0.0,16,19,17,14.0,12,13,16.0,15,16,6.85,
2023,2023121,2,14,Nico Hulkenberg,Haas F1 Team,20.0,20,18,18,18,+1:50.450,0,27,HUL,25,7,#505050,25-7,11,3,1.0,1.0,0.0,0.0,0.18796992481203,20,0,0,10.0,20.0,0,0,0.0,0.0,44.0,100,0,4.0,4.0,8.0,17.0,2,2.0,0.0,2.0,1.0,113.96,01:53.960,0.563,0.289,0.2739999999999999,18,2.30,18,1.15,6,1.75,10,1.55,18,1.0,6,18,3.45,8,3.30,4,0.0909090909090909,10.248,0.2329090909090907,2.87,8.00,5.31,6.06,2.61,8.04,6.71,6.00,6.06,0.0,0.2301523656776263,0.0,0.4818511796733212,1.0,0.7272727272727273,1.0,0.5804597701149425,17.0,0.0,0.220625528317836,0.0,15.0,0.0,0.0,0,0.0,0.0,0.0,0.0,0.0,0.0,0.0,0.0,0.0,0.0,0.0,0.0,0.0,0.0,0.0,0.0,4.256666666666667,6.75,8,12,BEL,MAG,Kevin Magnussen,GER,Germany,Германия,#000000,Ferrari,#DC0004,50.0,50.0,100.0,0.0,9.0,9.0,18,20,18,18.0,18,18,8.0,10,6,6.75,
2023,2023121,2,14,Carlos Sainz,Ferrari,5.0,4,-,DNF,19,-,0,55,SAI,8,5,#E01A00,8-5,7,3,1.0,8.11,0.0,0.0,0.459750566893424,4,0,0,2.0,4.0,1,0,0.0,,23.0,52,-9,0.0,9.0,9.0,5.0,-1,0.0,1.0,1.0,1.0,116.125,01:56.125,0.647,0.258,0.389,19,2.20,19,1.10,14,1.35,19,1.10,19,1.0,14,19,3.30,17,2.45,4,0.1739130434782608,6.470,0.2813043478260856,1.00,5.00,1.00,1.00,1.0,8.04,6.71,6.00,6.06,0.0,0.1018329938900203,0.0,0.1067235859124866,0.0,0.5,0.0,0.1538461538461538,18.0,0.0,0.0909090909090909,15.0,15.0,10.0,0.0,0,0.0,0.0,0.0,0.0,0.0,0.0,0.0,0.0,0.0,0.0,0.0,0.0,0.0,0.0,0.0,0.0,1.6666666666666667,5.75,8,12,BEL,LEC,Charles Leclerc,ESP,Spain,Испания,#F7B800,Ferrari,#DC0004,0.0,100.0,0.0,100.0,92.0,92.0,4,4,19,19.0,19,19,17.0,19,14,5.75,
2023,2023121,2,14,Oscar Piastri,McLaren,6.0,5,-,DNF,20,-,0,81,PIA,28,9,#EE853F,28-9,2,1,1.0,7.63,1.0,1.0,0.5158891142663963,5,0,0,3.0,5.0,1,0,0.0,,0.0,0,-,0.0,0.0,0.0,,-,-,-,,0.0,-,-,-,-,,DNC,DNC,DNC,DNC,DNC,DNC,DNC,DNC,DNC,0.0,20,DNC,DNC,DNC,DNC,-,,-,,-,-,-,-,,8.04,6.71,6.00,6.06,,,,,,,,,,0.0,,6.0,39.0,0.0,0.0,0,0.0,0.0,0.0,0.0,0.0,0.0,0.0,0.0,0.0,0.0,0.0,0.0,0.0,0.0,0.0,0.0,,DNC,8,12,BEL,NOR,Lando Norris,AUS,Australia,Австралия,#F7C900,Mercedes,#707070,0.0,0.0,0.0,0.0,34.0,34.0,6,5,10,11.0,13,9,9.5,12,6,7.60,
2023,2023131,2,15,Fernando Alonso,Aston Martin,5.0,5,2,2,2,+3.744,19,14,ALO,19,4,#23675D,19-4,7,1,1.0,8.11,1.0,1.0,0.606581899775617,5,0,0,3.0,5.0,0,0,1.0,1.0,72.0,100,3,3.0,0.0,3.0,3.0,2,2.0,0.0,2.0,1.0,77.288,01:17.288,0.178,0.140,0.0379999999999999,2,3.90,2,1.95,2,1.95,8,1.65,1,1.0,2,2,5.85,2,3.60,4,0.0555555555555555,2.098,0.0291388888888882,9.33,8.00,9.25,7.00,8.36,6.50,5.78,6.00,6.03,1.0,0.5383727639930757,1.0,0.6296800544588155,1.0,0.5333333333333333,1.0,0.6151142355008787,4.0,1.0,0.5166872682323856,19.0,39.0,29.0,1.0,0,1.0,0.0,0.0,0.0,0.0,1.0,1.0,0.0,1.0,0.0,1.0,0.0,0.0,0.0,0.0,0.0,8.72,9.45,15,13,NLD,STR,Lance Stroll,ESP,Spain,Испания,#F7B800,Mercedes,#707070,100.0,0.0,100.0,0.0,168.0,168.0,2,5,1,2.0,2,2,2.0,8,2,9.45,
2023,2023131,2,15,Max Verstappen,Red Bull Racing,1.0,1,1,1,1,2:24:04.411,25,1,VER,2,14,#405585,2-14,16,2,1.0,10.0,1.0,1.0,0.5827505827505828,1,0,0,1.0,1.0,0,0,1.0,1.0,72.0,100,2,2.0,0.0,2.0,1.0,0,0.0,0.0,0.0,1.0,77.016,01:17.016,0.146,0.142,0.004,1,4.00,1,2.00,5,1.80,10,1.55,2,1.0,5,1,6.00,5,3.35,2,0.0277777777777777,0.306,0.0042499999999997,10.00,6.00,10.00,6.62,10.0,6.50,5.78,6.00,6.03,1.0,0.5232862375719519,1.0,0.5681818181818181,1.0,0.5,0.0,0.4378306878306878,1.0,1.0,0.5701254275940707,37.0,37.0,25.0,1.0,1,0.0,1.0,1.0,0.0,0.0,2.0,0.0,1.0,0.0,0.0,1.0,1.0,0.0,0.0,1.0,61.0,8.77,9.35,15,13,NLD,PER,Sergio Perez,NLD,Netherlands,Нидерланды,#F75600,Honda,#DE0000,100.0,0.0,0.0,0.0,339.0,339.0,1,1,2,1.0,1,1,5.0,10,5,9.35,
2023,2023131,2,15,Sergio Perez,Red Bull Racing,7.0,7,4,4,4,+10.068,12,11,PER,5,14,#405585,5-14,14,2,1.0,7.16,0.0,0.0,0.4172494172494173,7,0,0,4.0,7.0,0,0,0.0,0.0,72.0,100,7,7.0,0.0,7.0,13.0,0,0.0,0.0,0.0,1.0,77.888,01:17.888,0.188,0.135,0.0529999999999999,3,3.80,7,1.70,8,1.65,3,1.90,3,1.0,8,3,5.50,3,3.55,6,0.0833333333333333,2.999,0.0416527777777781,9.11,6.00,7.60,8.50,7.54,6.50,5.78,6.00,6.03,0.0,0.4767137624280481,0.0,0.4318181818181817,0.0,0.5,1.0,0.5621693121693121,10.0,0.0,0.4298745724059293,37.0,37.0,12.0,0.0,0,0.0,0.0,0.0,0.0,0.0,0.0,0.0,0.0,0.0,0.0,0.0,0.0,0.0,0.0,0.0,10.0,8.49,9.05,15,13,NLD,VER,Max Verstappen,MEX,Mexico,Мексика,#006640,Honda,#DE0000,100.0,0.0,0.0,0.0,201.0,201.0,4,7,3,3.0,3,7,3.0,3,8,9.05,
2023,2023131,2,15,Carlos Sainz,Ferrari,6.0,6,5,5,5,+12.541,10,55,SAI,8,5,#E01A00,8-5,7,3,1.0,7.63,1.0,1.0,0.5513005780346821,6,0,0,3.0,6.0,0,0,1.0,,72.0,100,6,7.0,1.0,8.0,6.0,0,0.0,0.0,0.0,1.0,77.795,01:17.795,0.206,0.163,0.0429999999999999,4,3.70,5,1.80,7,1.70,5,1.80,4,1.0,7,4,5.50,4,3.50,4,0.0555555555555555,2.381,0.0330694444444448,8.74,6.00,7.85,8.12,8.11,6.50,5.78,6.00,6.03,1.0,0.6775193798449612,1.0,0.8635863586358635,1.0,0.5,1.0,0.6132930513595166,6.0,1.0,0.8902305159165752,10.0,10.0,29.0,0.0,0,0.0,0.0,0.0,0.0,0.0,0.0,0.0,0.0,0.0,0.0,0.0,0.0,0.0,0.0,0.0,0.0,8.18,9.00,15,13,NLD,LEC,Charles Leclerc,ESP,Spain,Испания,#F7B800,Ferrari,#DC0004,88.0,12.0,0.0,0.0,102.0,102.0,5,6,4,4.0,4,5,4.0,5,7,9.00,
2023,2023131,2,15,Pierre Gasly,Alpine,12.0,12,3,3,3,+7.058,15,10,GAS,17,3,#0E8EDD,17-3,9,4,1.0,4.79,1.0,1.0,0.6643550624133149,12,0,0,6.0,12.0,0,0,1.0,1.0,72.0,100,6,7.0,1.0,8.0,16.0,0,0.0,0.0,0.0,1.0,78.009,01:18.009,0.246,0.202,0.0439999999999999,6,3.50,8,1.65,11,1.50,6,1.75,5,1.0,11,5,5.15,7,3.25,3,0.0416666666666666,2.520,0.0349999999999997,7.89,6.00,7.26,8.12,7.98,6.50,5.78,6.00,6.03,1.0,0.5246010638297872,0.0,0.4879032258064516,1.0,0.5,0.0,0.4776470588235293,7.0,1.0,0.5327102803738318,16.0,16.0,16.0,0.0,0,0.0,0.0,0.0,0.0,0.0,0.0,0.0,0.0,0.0,1.0,1.0,0.0,0.0,0.0,0.0,0.0,7.613333333333333,8.40,15,13,NLD,OCO,Esteban Ocon,FRA,France,Франция,#004CA2,Renault,#FAEF00,88.0,12.0,0.0,0.0,37.0,37.0,3,12,5,5.0,6,8,7.0,6,11,8.40,
2023,2023131,2,15,Lance Stroll,Aston Martin,11.0,11,11,11,11,+20.087,0,18,STR,10,4,#23675D,10-4,4,1,1.0,5.26,0.0,0.0,0.3934181002243829,11,0,0,6.0,11.0,0,0,0.0,0.0,72.0,100,-4,3.0,7.0,10.0,8.0,1,1.0,0.0,1.0,1.0,78.671,01:18.671,0.241,0.207,0.034,5,3.60,11,1.50,3,1.90,15,1.30,6,1.0,3,6,5.10,8,3.20,7,0.0972222222222222,2.696,0.0374444444444448,8.00,7.00,5.44,4.38,7.82,6.50,5.78,6.00,6.03,0.0,0.4616272360069244,0.0,0.3703199455411844,0.0,0.4666666666666667,0.0,0.3848857644991212,8.0,0.0,0.4833127317676143,19.0,39.0,0.0,0.0,0,0.0,0.0,0.0,0.0,0.0,0.0,0.0,0.0,0.0,0.0,0.0,0.0,0.0,0.0,0.0,0.0,7.23,8.30,15,13,NLD,ALO,Fernando Alonso,CAN,Canada,Канада,#E30000,Mercedes,#707070,30.0,70.0,100.0,0.0,47.0,47.0,11,11,6,6.0,5,11,8.0,15,3,8.30,
2023,2023131,2,15,Esteban Ocon,Alpine,17.0,16,10,10,10,+18.346,1,31,OCO,13,3,#0E8EDD,13-3,9,4,1.0,2.42,0.0,0.0,0.3356449375866852,16,0,0,8.0,16.0,0,0,0.0,0.0,72.0,100,8,11.0,3.0,14.0,12.0,0,1.0,1.0,2.0,1.0,77.88,01:17.880,0.281,0.222,0.059,10,3.10,6,1.75,13,1.40,2,1.95,7,1.0,13,9,4.85,6,3.35,5,0.0694444444444444,3.593,0.0499027777777772,7.15,6.00,7.62,8.88,7.0,6.50,5.78,6.00,6.03,0.0,0.4753989361702128,1.0,0.5120967741935484,0.0,0.5,1.0,0.5223529411764707,16.0,0.0,0.4672897196261682,16.0,16.0,16.0,0.0,0,0.0,0.0,0.0,0.0,0.0,0.0,0.0,0.0,0.0,0.0,0.0,0.0,0.0,0.0,0.0,0.0,7.246666666666667,8.20,15,13,NLD,GAS,Pierre Gasly,FRA,France,Франция,#004CA2,Renault,#FAEF00,79.0,21.0,50.0,50.0,36.0,36.0,10,16,7,9.0,10,6,6.0,2,13,8.20,
2023,2023131,2,15,Lando Norris,McLaren,2.0,2,7,7,7,+13.232,6,4,NOR,4,9,#EE853F,4-9,10,1,1.0,9.53,1.0,1.0,0.5879086983343614,2,0,0,1.0,2.0,0,0,1.0,1.0,72.0,100,6,7.0,1.0,8.0,2.0,0,0.0,0.0,0.0,1.0,77.684,01:17.684,0.297,0.200,0.0969999999999999,14,2.70,4,1.85,6,1.75,4,1.85,8,1.0,6,12,4.55,1,3.60,6,0.0833333333333333,5.007,0.0695416666666667,6.82,6.00,8.16,8.12,5.71,6.50,5.78,6.00,6.03,1.0,0.6973415132924334,1.0,0.6932880203908242,1.0,0.5,1.0,0.6496,18.0,0.0,0.3719869706840391,8.0,39.0,14.0,0.0,0,0.0,0.0,0.0,0.0,0.0,0.0,0.0,0.0,0.0,0.0,0.0,0.0,1.0,0.0,1.0,1.0,6.9,8.15,15,13,NLD,PIA,Oscar Piastri,GBR,Great Britain,Великобритания,#314486,Mercedes,#707070,88.0,12.0,0.0,0.0,75.0,75.0,7,2,8,12.0,14,4,1.0,4,6,8.15,
2023,2023131,2,15,Lewis Hamilton,Mercedes,13.0,13,6,6,6,+13.209,8,44,HAM,1,10,#08ABA3,1-10,10,1,1.0,4.32,0.0,0.0,0.3231114435302917,13,0,0,7.0,13.0,0,0,1.0,1.0,72.0,100,11,12.0,1.0,13.0,11.0,-1,1.0,2.0,3.0,1.0,77.62,01:17.620,0.285,0.256,0.0289999999999999,11,3.00,3,1.90,19,1.10,1,2.00,9,1.0,19,8,4.90,9,3.10,2,0.0277777777777777,1.727,0.0239861111111107,7.07,5.00,8.34,10.00,8.7,6.50,5.78,6.00,6.03,0.0,0.4855769230769231,1.0,0.5563709139426284,0.0,0.5,1.0,0.5882352941176471,3.0,1.0,0.5854643337819649,8.0,39.0,14.0,1.0,0,0.0,0.0,0.0,0.0,1.0,1.0,0.0,0.0,0.0,0.0,0.0,0.0,0.0,0.0,0.0,0.0,7.213333333333334,8.00,15,13,NLD,RUS,George Russell,GBR,Great Britain,Великобритания,#314486,Mercedes,#707070,92.0,8.0,33.0,67.0,156.0,156.0,6,13,9,8.0,11,3,9.0,1,19,8.00,
2023,2023131,2,15,Guanyu Zhou,Alfa Romeo,16.0,15,-,DNF,18,-,0,24,ZHO,23,1,#752020,23-1,5,3,1.0,2.89,1.0,1.0,0.6628440366972477,15,0,0,8.0,15.0,1,0,0.0,,62.0,86,-2,7.0,9.0,16.0,17.0,0,0.0,0.0,0.0,1.0,78.196,01:18.196,0.263,0.223,0.04,8,3.30,9,1.60,12,1.45,13,1.40,10,1.0,12,7,4.90,16,2.85,3,0.0483870967741935,1.973,0.0318225806451605,7.53,6.00,6.75,5.12,8.19,6.50,5.78,6.00,6.03,1.0,0.8827667057444313,1.0,0.8709677419354839,0.0,0.375,1.0,0.8366013071895425,5.0,1.0,0.521656050955414,0.0,10.0,0.0,0.0,0,0.0,0.0,0.0,0.0,0.0,0.0,0.0,0.0,0.0,0.0,0.0,0.0,0.0,0.0,0.0,0.0,6.873333333333334,7.75,15,13,NLD,BOT,Valtteri Bottas,CHN,China,Китай,#F70000,Ferrari,#DC0004,44.0,56.0,0.0,0.0,4.0,4.0,14,15,10,7.0,8,9,16.0,13,12,7.75,
2023,2023131,2,15,George Russell,Mercedes,3.0,3,17,17,17,+55.754,0,63,RUS,14,10,#08ABA3,14-10,10,1,1.0,9.05,1.0,1.0,0.6768885564697084,3,0,0,2.0,3.0,0,0,0.0,0.0,72.0,100,3,6.0,3.0,9.0,4.0,-1,0.0,1.0,1.0,1.0,78.232,01:18.232,0.265,0.173,0.092,9,3.20,10,1.55,17,1.20,7,1.70,11,1.0,17,11,4.75,14,2.90,5,0.0694444444444444,4.514,0.0626944444444445,7.49,5.00,6.65,7.00,6.16,6.50,5.78,6.00,6.03,1.0,0.5144230769230769,0.0,0.4436290860573716,1.0,0.5,0.0,0.4117647058823529,17.0,0.0,0.414535666218035,8.0,39.0,14.0,0.0,0,0.0,0.0,0.0,0.0,0.0,0.0,0.0,0.0,0.0,0.0,0.0,0.0,0.0,1.0,1.0,0.0,6.993333333333333,7.65,15,13,NLD,HAM,Lewis Hamilton,GBR,Great Britain,Великобритания,#314486,Mercedes,#707070,67.0,33.0,0.0,100.0,99.0,99.0,17,3,11,11.0,9,10,14.0,7,17,7.65,
2023,2023131,2,15,Yuki Tsunoda,Alpha Tauri,14.0,17,15,15,15,+29.893,0,22,TSU,9,2,#5F86E1,9-2,13,2,1.0,3.84,1.0,1.0,0.7933884297520661,17,0,0,9.0,17.0,0,0,0.0,0.0,72.0,100,-4,7.0,11.0,18.0,18.0,0,0.0,0.0,0.0,1.0,79.06,01:19.060,0.259,0.211,0.048,7,3.40,13,1.40,14,1.35,16,1.25,12,1.0,14,10,4.80,18,2.60,4,0.0555555555555555,2.843,0.0394861111111113,7.62,6.00,4.37,4.38,7.68,6.50,5.78,6.00,6.03,1.0,0.5233516483516484,1.0,0.5395061728395062,1.0,0.5,0.0,0.3848857644991212,9.0,1.0,0.5055957867017775,0.0,37.0,0.0,0.0,0,0.0,0.0,0.0,0.0,0.0,0.0,0.0,0.0,0.0,0.0,0.0,0.0,0.0,0.0,0.0,0.0,6.81,7.40,15,13,NLD,LAW,Liam Lawson,JPN,Japan,Япония,#C60018,Honda,#DE0000,39.0,61.0,0.0,0.0,3.0,3.0,15,17,12,10.0,7,13,18.0,16,14,7.40,
2023,2023131,2,15,Kevin Magnussen,Haas F1 Team,18.0,PLS,16,16,16,+31.410,0,20,MAG,22,7,#505050,22-7,6,3,1.0,1.95,0.0,0.0,0.3665413533834586,PLS,0,1,,20.0,0,0,0.0,0.0,72.0,100,-1,7.0,8.0,15.0,20.0,0,0.0,0.0,0.0,1.0,78.87,01:18.870,0.286,0.235,0.0509999999999999,12,2.90,12,1.45,16,1.25,11,1.50,13,1.0,16,13,4.35,17,2.75,5,0.0694444444444444,3.097,0.0430138888888894,7.05,6.00,4.89,5.50,7.45,6.50,5.78,6.00,6.03,1.0,0.7747252747252747,1.0,0.7015781922525107,0.0,0.4615384615384615,1.0,0.7217847769028871,13.0,1.0,0.5071477195371,0.0,10.0,0.0,0.0,0,0.0,0.0,0.0,0.0,0.0,0.0,0.0,0.0,0.0,0.0,0.0,0.0,0.0,0.0,0.0,0.0,6.616666666666667,7.10,15,13,NLD,HUL,Nico Hulkenberg,DEN,Denmark,Дания,#D20019,Ferrari,#DC0004,47.0,53.0,0.0,0.0,2.0,2.0,16,18,13,13.0,12,12,17.0,11,16,7.10,
2023,2023131,2,15,Liam Lawson,Alpha Tauri,20.0,19,13,13,13,+26.147,0,40,LAW,29,2,#5F86E1,29-2,17,2,1.0,1.0,0.0,0.0,0.2066115702479339,19,0,0,10.0,19.0,0,0,1.0,1.0,72.0,100,3,6.0,3.0,9.0,19.0,0,0.0,0.0,0.0,1.0,79.292,01:19.292,0.291,0.252,0.0389999999999999,13,2.80,15,1.30,15,1.30,9,1.60,14,1.0,15,14,4.10,15,2.90,5,0.0694444444444444,3.038,0.0421944444444446,6.94,6.00,3.73,7.00,7.51,6.50,5.78,6.00,6.03,0.0,0.4766483516483517,0.0,0.4604938271604938,0.0,0.5,1.0,0.6151142355008787,12.0,0.0,0.4944042132982225,0.0,37.0,0.0,0.0,0,0.0,0.0,0.0,0.0,0.0,0.0,0.0,0.0,0.0,0.0,0.0,0.0,0.0,0.0,0.0,0.0,6.793333333333334,7.00,15,13,NLD,TSU,Yuki Tsunoda,NZL,New Zealand,Новая Зеландия,#0D1168,Honda,#DE0000,67.0,33.0,0.0,0.0,0.0,0.0,13,19,14,14.0,13,15,15.0,9,15,7.00,
2023,2023131,2,15,Charles Leclerc,Ferrari,9.0,9,-,DNF,19,-,0,16,LEC,6,5,#E01A00,6-5,15,3,1.0,6.21,0.0,0.0,0.4486994219653179,9,0,0,5.0,9.0,1,0,0.0,,41.0,57,-2,6.0,8.0,14.0,15.0,0,0.0,0.0,0.0,1.0,80.196,01:20.196,0.423,0.232,0.1909999999999999,15,2.60,18,1.15,10,1.55,12,1.45,15,1.0,10,15,3.75,11,3.00,5,0.1219512195121951,5.788,0.1411707317073173,4.16,6.00,1.24,5.12,1.0,6.50,5.78,6.00,6.03,0.0,0.3224806201550387,0.0,0.1364136413641364,0.0,0.5,0.0,0.3867069486404834,19.0,0.0,0.1097694840834248,10.0,10.0,0.0,0.0,0,0.0,0.0,0.0,0.0,0.0,0.0,0.0,0.0,0.0,0.0,0.0,0.0,0.0,0.0,0.0,0.0,4.626666666666667,6.75,15,13,NLD,SAI,Carlos Sainz,MON,Monaco,Монако,#D80000,Ferrari,#DC0004,43.0,57.0,0.0,0.0,99.0,99.0,4,9,15,15.0,15,18,11.0,12,10,6.75,
2023,2023131,2,15,Oscar Piastri,McLaren,8.0,8,9,9,9,+16.580,2,81,PIA,28,9,#EE853F,28-9,2,1,1.0,6.68,0.0,0.0,0.4120913016656384,8,0,0,4.0,8.0,0,0,0.0,0.0,72.0,100,-4,9.0,13.0,22.0,7.0,0,0.0,0.0,0.0,1.0,79.337,01:19.337,0.480,0.484,0.004,16,2.50,16,1.25,9,1.60,14,1.35,16,1.0,9,16,3.75,13,2.95,2,0.0277777777777777,0.704,0.0097777777777778,2.96,6.00,3.61,4.38,9.64,6.50,5.78,6.00,6.03,0.0,0.3026584867075664,0.0,0.3067119796091758,0.0,0.5,0.0,0.3504,2.0,1.0,0.6280130293159609,8.0,39.0,2.0,0.0,0,0.0,0.0,0.0,0.0,0.0,0.0,0.0,0.0,0.0,0.0,0.0,0.0,0.0,0.0,0.0,0.0,3.703333333333333,6.70,15,13,NLD,NOR,Lando Norris,AUS,Australia,Австралия,#F7C900,Mercedes,#707070,41.0,59.0,0.0,0.0,36.0,36.0,9,8,16,16.0,16,16,13.0,14,9,6.70,
2023,2023131,2,15,Nico Hulkenberg,Haas F1 Team,15.0,14,12,12,12,+20.840,0,27,HUL,25,7,#505050,25-7,11,3,1.0,3.37,1.0,1.0,0.6334586466165414,14,0,0,7.0,14.0,0,0,1.0,1.0,72.0,100,-10,3.0,13.0,16.0,10.0,1,2.0,1.0,3.0,1.0,79.892,01:19.892,0.523,0.509,0.014,18,2.30,17,1.20,4,1.85,18,1.15,17,1.0,4,18,3.50,12,3.00,5,0.0694444444444444,3.328,0.0462222222222218,2.05,7.00,2.08,2.12,7.24,6.50,5.78,6.00,6.03,0.0,0.2252747252747252,0.0,0.2984218077474893,1.0,0.5384615384615384,0.0,0.2782152230971129,14.0,0.0,0.4928522804628999,0.0,10.0,0.0,0.0,0,0.0,0.0,0.0,0.0,0.0,0.0,0.0,0.0,0.0,0.0,0.0,0.0,0.0,0.0,0.0,0.0,2.8866666666666667,6.50,15,13,NLD,MAG,Kevin Magnussen,GER,Germany,Германия,#000000,Ferrari,#DC0004,19.0,81.0,67.0,33.0,9.0,9.0,12,14,17,18.0,18,17,12.0,18,4,6.50,
2023,2023131,2,15,Valtteri Bottas,Alfa Romeo,19.0,18,14,14,14,+27.388,0,77,BOT,3,1,#752020,3-1,8,3,1.0,1.47,0.0,0.0,0.3371559633027522,18,0,0,9.0,18.0,0,0,1.0,,72.0,100,-13,2.0,15.0,17.0,9.0,4,4.0,0.0,4.0,1.0,80.283,01:20.283,0.573,0.548,0.0249999999999999,19,2.20,19,1.10,1,2.00,19,1.10,18,1.0,1,19,3.30,10,3.10,4,0.0555555555555555,3.030,0.0420833333333337,1.00,10.00,1.00,1.00,7.51,6.50,5.78,6.00,6.03,0.0,0.1172332942555685,0.0,0.1290322580645161,1.0,0.625,0.0,0.1633986928104575,11.0,0.0,0.478343949044586,0.0,10.0,0.0,1.0,0,0.0,0.0,0.0,1.0,0.0,1.0,0.0,0.0,0.0,0.0,0.0,0.0,0.0,0.0,0.0,0.0,2.5,6.40,15,13,NLD,ZHO,Guanyu Zhou,FIN,Finland,Финляндия,#04276B,Ferrari,#DC0004,12.0,88.0,100.0,0.0,5.0,5.0,14,18,18,19.0,19,19,10.0,19,1,6.40,
2023,2023131,2,15,Alexander Albon,Williams,4.0,4,8,8,8,+15.155,4,23,ALB,24,18,#0B4BCD,24-18,20,1,1.0,8.58,1.0,1.0,0.5991620111731844,4,0,0,2.0,4.0,0,0,1.0,,72.0,100,-7,7.0,14.0,21.0,5.0,-1,0.0,1.0,1.0,1.0,79.206,01:19.206,0.495,0.477,0.018,17,2.40,14,1.35,18,1.15,17,1.20,19,1.0,18,17,3.75,19,2.35,5,0.0694444444444444,3.521,0.0489027777777787,2.64,5.00,3.97,3.25,7.06,6.50,5.78,6.00,6.03,,,,,,,,,15.0,1.0,1.0,4.0,39.0,4.0,0.0,0,0.0,0.0,0.0,0.0,0.0,0.0,0.0,0.0,0.0,0.0,0.0,0.0,0.0,0.0,0.0,0.0,3.135,6.10,15,13,NLD,SAR,Logan Sargeant,THA,Thailand,Таиланд,#2E2549,Mercedes,#707070,33.0,67.0,0.0,100.0,15.0,15.0,8,4,19,17.0,17,14,19.0,17,18,6.10,
2023,2023131,2,15,Logan Sargeant,Williams,10.0,10,-,DNF,20,-,0,2,SAR,27,18,#0B4BCD,27-18,21,1,1.0,5.74,0.0,0.0,0.4008379888268156,10,0,0,5.0,10.0,1,0,0.0,,14.0,19,-,0.0,8.0,8.0,14.0,-5,0.0,5.0,5.0,0.0,-,-,1.782,1.782,0.0,DNC,DNC,DNC,DNC,20,DNC,DNC,DNC,DNC,0.0,20,DNC,DNC,DNC,DNC,0,0.0,-,,-,1.00,-,-,,6.50,5.78,6.00,6.03,,,,,,,,,20.0,0.0,,4.0,39.0,0.0,0.0,0,0.0,0.0,0.0,0.0,0.0,0.0,0.0,0.0,0.0,0.0,0.0,0.0,0.0,0.0,0.0,0.0,,DNC,15,13,NLD,ALB,Alexander Albon,USA,USA,США,#071C63,Mercedes,#707070,0.0,100.0,0.0,100.0,0.0,0.0,15,10,14,15.0,14,16,10.5,14,20,7.22,
2023,2023141,2,16,Max Verstappen,Red Bull Racing,2.0,2,1,1,1,1:13:41.143,25,1,VER,2,14,#405585,2-14,16,2,1.0,9.53,1.0,1.0,0.5402494331065759,2,0,0,1.0,2.0,0,0,1.0,1.0,51.0,98,2,2.0,0.0,2.0,2.0,0,0.0,0.0,0.0,1.0,86.182,01:26.182,0.145,0.105,0.0399999999999999,4,3.70,1,2.00,7,1.70,2,1.95,1,1.0,7,2,5.70,2,3.65,5,0.0980392156862745,2.124,0.0416470588235298,7.51,4.00,10.00,8.71,8.41,6.33,5.54,4.00,6.14,1.0,0.5772482705611068,1.0,0.5120327700972862,1.0,0.5,0.0,0.4655264564404062,2.0,1.0,0.7287694974003467,43.0,43.0,25.0,1.0,1,1.0,0.0,1.0,0.0,0.0,2.0,0.0,1.0,0.0,0.0,1.0,0.0,1.0,0.0,1.0,33.0,7.125,9.35,20,14,ITA,PER,Sergio Perez,NLD,Netherlands,Нидерланды,#F75600,Honda,#DE0000,100.0,0.0,0.0,0.0,364.0,364.0,1,2,1,2.0,4,1,2.0,2,7,9.35,
2023,2023141,2,16,Oscar Piastri,McLaren,7.0,7,12,12,12,+1:13.074,0,81,PIA,28,9,#EE853F,28-9,2,1,1.0,7.16,1.0,1.0,0.5355272999252056,7,0,0,4.0,7.0,0,0,0.0,0.0,50.0,96,2,3.0,1.0,4.0,6.0,1,1.0,0.0,1.0,1.0,86.769,01:26.769,0.153,0.105,0.048,8,3.30,6,1.75,2,1.95,3,1.90,2,1.0,2,7,5.05,1,3.85,5,0.1,2.161,0.0432199999999988,7.07,7.00,6.61,8.71,8.24,6.33,5.54,4.00,6.14,1.0,0.5776143790849674,1.0,0.5592216582064298,1.0,0.5,1.0,0.6418570375829035,3.0,1.0,0.8494845360824743,4.0,30.0,0.0,0.0,0,0.0,0.0,0.0,0.0,0.0,0.0,1.0,0.0,0.0,0.0,0.0,0.0,0.0,0.0,0.0,1.0,7.331666666666667,8.90,20,14,ITA,NOR,Lando Norris,AUS,Australia,Австралия,#F7C900,Mercedes,#707070,75.0,25.0,100.0,0.0,36.0,36.0,12,7,2,7.0,8,6,1.0,3,2,8.90,
2023,2023141,2,16,George Russell,Mercedes,4.0,4,5,5,5,+23.028,10,63,RUS,14,10,#08ABA3,14-10,10,1,1.0,8.58,1.0,1.0,0.562254259501966,4,0,0,2.0,4.0,0,0,1.0,1.0,51.0,98,0,1.0,1.0,2.0,4.0,0,0.0,0.0,0.0,1.0,86.51,01:26.510,0.119,0.056,0.063,2,3.90,5,1.80,9,1.60,10,1.55,3,1.0,9,1,5.70,5,3.15,9,0.1764705882352941,3.147,0.0617058823529398,8.92,4.00,8.11,6.14,6.17,6.33,5.54,4.00,6.14,1.0,0.5982562038900067,1.0,0.5585399449035813,1.0,0.8,0.0,0.4134680134680134,8.0,1.0,0.7141203703703703,18.0,30.0,22.0,0.0,0,0.0,0.0,0.0,0.0,0.0,0.0,0.0,0.0,0.0,0.0,0.0,0.0,0.0,0.0,0.0,0.0,7.636666666666667,8.85,20,14,ITA,HAM,Lewis Hamilton,GBR,Great Britain,Великобритания,#314486,Mercedes,#707070,50.0,50.0,0.0,0.0,109.0,109.0,5,4,3,1.0,2,5,5.0,10,9,8.85,
2023,2023141,2,16,Carlos Sainz,Ferrari,1.0,1,3,3,3,+11.193,15,55,SAI,8,5,#E01A00,8-5,7,3,1.0,10.0,1.0,1.0,0.5249343832020997,1,0,0,1.0,1.0,0,0,1.0,1.0,51.0,98,-2,0.0,2.0,2.0,1.0,0,0.0,0.0,0.0,1.0,86.394,01:26.394,0.149,0.094,0.0549999999999999,5,3.60,4,1.85,6,1.75,16,1.25,4,1.0,6,4,5.45,12,3.00,5,0.0980392156862745,2.614,0.0512549019607849,7.29,4.00,8.78,3.57,7.34,6.33,5.54,4.00,6.14,1.0,0.5055478502080444,0.0,0.5,1.0,0.5,0.0,0.4234875444839857,5.0,1.0,0.5179957657021877,27.0,28.0,17.0,0.0,0,0.0,0.0,0.0,0.0,0.0,0.0,0.0,0.0,0.0,1.0,1.0,1.0,0.0,0.0,1.0,14.0,6.121666666666666,8.45,20,14,ITA,LEC,Charles Leclerc,ESP,Spain,Испания,#F7B800,Ferrari,#DC0004,0.0,100.0,0.0,0.0,117.0,117.0,3,1,4,4.0,5,4,12.0,16,6,8.45,
2023,2023141,2,16,Charles Leclerc,Ferrari,3.0,3,4,4,4,+11.377,12,16,LEC,6,5,#E01A00,6-5,15,3,1.0,9.05,0.0,0.0,0.4750656167979002,3,0,0,2.0,3.0,0,0,0.0,0.0,51.0,98,-1,0.0,1.0,1.0,3.0,0,0.0,0.0,0.0,1.0,86.393,01:26.393,0.152,0.097,0.0549999999999999,7,3.40,3,1.90,8,1.65,12,1.45,5,1.0,8,5,5.30,9,3.10,6,0.1176470588235294,2.847,0.0558235294117643,7.13,4.00,8.78,4.86,6.83,6.33,5.54,4.00,6.14,0.0,0.4944521497919556,1.0,0.5,0.0,0.5,1.0,0.5765124555160143,6.0,0.0,0.4820042342978123,27.0,28.0,12.0,0.0,0,0.0,0.0,0.0,0.0,0.0,0.0,0.0,0.0,0.0,0.0,0.0,0.0,0.0,1.0,1.0,0.0,6.23,8.40,20,14,ITA,SAI,Carlos Sainz,MON,Monaco,Монако,#D80000,Ferrari,#DC0004,0.0,100.0,0.0,0.0,111.0,111.0,4,3,5,5.0,7,3,9.0,12,8,8.40,
2023,2023141,2,16,Fernando Alonso,Aston Martin,10.0,10,9,9,9,+46.294,2,14,ALO,19,4,#23675D,19-4,7,1,1.0,5.74,1.0,1.0,0.8516320474777448,10,0,0,5.0,10.0,0,0,1.0,1.0,51.0,98,0,1.0,1.0,2.0,11.0,-1,0.0,1.0,1.0,1.0,86.945,01:26.945,0.099,0.074,0.025,1,4.00,9,1.60,16,1.25,11,1.50,6,1.0,16,3,5.60,16,2.75,5,0.0980392156862745,1.400,0.0274509803921564,10.00,1.00,5.59,6.14,10.0,6.33,5.54,4.00,6.14,1.0,0.9090909090909092,1.0,0.762619372442019,0.0,0.2,1.0,0.6323377960865088,1.0,1.0,0.7763975155279503,2.0,30.0,17.0,1.0,0,0.0,1.0,0.0,0.0,0.0,1.0,0.0,0.0,0.0,0.0,0.0,0.0,0.0,0.0,0.0,0.0,7.856666666666666,8.35,20,14,ITA,STR,Lance Stroll,ESP,Spain,Испания,#F7B800,Mercedes,#707070,50.0,50.0,0.0,100.0,170.0,170.0,9,10,6,3.0,1,9,16.0,11,16,8.35,
2023,2023141,2,16,Sergio Perez,Red Bull Racing,5.0,5,2,2,2,+6.064,18,11,PER,5,14,#405585,5-14,14,2,1.0,8.11,0.0,0.0,0.459750566893424,5,0,0,3.0,5.0,0,0,0.0,0.0,51.0,98,3,3.0,0.0,3.0,5.0,0,0.0,0.0,0.0,1.0,86.263,01:26.263,0.182,0.088,0.094,14,2.70,2,1.95,10,1.55,1,2.00,7,1.0,10,9,4.65,3,3.55,8,0.1568627450980392,4.537,0.0889607843137261,5.50,4.00,9.53,10.00,3.13,6.33,5.54,4.00,6.14,0.0,0.4227517294388931,0.0,0.4879672299027137,0.0,0.5,1.0,0.5344735435595938,14.0,0.0,0.2712305025996533,43.0,43.0,18.0,1.0,0,0.0,0.0,0.0,0.0,1.0,1.0,0.0,0.0,1.0,0.0,1.0,0.0,0.0,0.0,0.0,1.0,6.0,8.20,20,14,ITA,VER,Max Verstappen,MEX,Mexico,Мексика,#006640,Honda,#DE0000,100.0,0.0,0.0,0.0,219.0,219.0,2,5,7,9.0,14,2,3.0,1,10,8.20,
2023,2023141,2,16,Liam Lawson,Alpha Tauri,12.0,12,11,11,11,+1:10.638,0,40,LAW,29,2,#5F86E1,29-2,17,2,1.0,4.79,0.0,0.0,0.4766169154228855,12,0,0,6.0,11.0,0,0,1.0,,50.0,96,2,3.0,1.0,4.0,12.0,-1,0.0,1.0,1.0,1.0,86.933,01:26.933,0.150,0.071,0.079,6,3.50,8,1.65,17,1.20,5,1.80,8,1.0,17,6,5.15,13,3.00,7,0.14,3.572,0.07144,7.23,1.00,5.66,8.71,5.08,6.33,5.54,4.00,6.14,,,,,,,,,11.0,1.0,1.0,0.0,43.0,0.0,0.0,0,0.0,0.0,0.0,0.0,0.0,0.0,0.0,0.0,0.0,0.0,0.0,0.0,0.0,0.0,0.0,0.0,6.4383333333333335,8.15,20,14,ITA,TSU,Yuki Tsunoda,NZL,New Zealand,Новая Зеландия,#0D1168,Honda,#DE0000,75.0,25.0,0.0,100.0,0.0,0.0,11,12,8,6.0,6,8,13.0,5,17,8.15,
2023,2023141,2,16,Esteban Ocon,Alpine,18.0,18,-,DNF,19,-,0,31,OCO,13,3,#0E8EDD,13-3,9,4,1.0,1.95,0.0,0.0,0.4462242562929062,18,0,0,9.0,17.0,1,0,0.0,,39.0,75,-1,0.0,1.0,1.0,16.0,1,1.0,0.0,1.0,1.0,87.74,01:27.740,0.137,0.079,0.058,3,3.80,19,1.10,5,1.80,14,1.35,9,1.0,5,8,4.90,8,3.15,3,0.0769230769230769,1.894,0.0485641025641027,7.94,7.00,1.00,4.86,7.64,6.33,5.54,4.00,6.14,1.0,0.540503744043567,0.0,0.1628664495114006,1.0,0.875,0.0,0.3954434499593166,4.0,1.0,0.5872405841660261,0.0,0.0,0.0,0.0,0,0.0,0.0,0.0,0.0,0.0,0.0,0.0,0.0,0.0,0.0,0.0,0.0,0.0,0.0,0.0,0.0,7.27,8.05,20,14,ITA,GAS,Pierre Gasly,FRA,France,Франция,#004CA2,Renault,#FAEF00,0.0,100.0,100.0,0.0,36.0,36.0,10,18,9,8.0,3,19,8.0,14,5,8.05,
2023,2023141,2,16,Alexander Albon,Williams,6.0,6,7,7,7,+45.106,6,23,ALB,24,18,#0B4BCD,24-18,20,1,1.0,7.63,1.0,1.0,0.6936363636363636,6,0,0,3.0,6.0,0,0,1.0,1.0,51.0,98,1,2.0,1.0,3.0,7.0,-1,0.0,1.0,1.0,1.0,86.989,01:26.989,0.164,0.078,0.086,11,3.00,10,1.55,14,1.35,6,1.75,10,1.0,14,11,4.55,10,3.10,7,0.1372549019607843,4.278,0.0838823529411746,6.48,1.00,5.34,7.43,3.69,6.33,5.54,4.00,6.14,1.0,0.5151033386327504,1.0,0.6725440806045341,0.0,0.125,1.0,0.7644032921810701,13.0,0.0,0.4104560622914349,6.0,30.0,6.0,0.0,0,0.0,0.0,0.0,0.0,0.0,0.0,0.0,0.0,0.0,0.0,0.0,0.0,0.0,0.0,0.0,0.0,5.7250000000000005,7.65,20,14,ITA,SAR,Logan Sargeant,THA,Thailand,Таиланд,#2E2549,Mercedes,#707070,67.0,33.0,0.0,100.0,21.0,21.0,7,6,10,11.0,11,10,10.0,6,14,7.65,
2023,2023141,2,16,Lewis Hamilton,Mercedes,8.0,8,6,6,6,+42.679,8,44,HAM,1,10,#08ABA3,1-10,10,1,1.0,6.68,0.0,0.0,0.437745740498034,8,0,0,4.0,8.0,0,0,0.0,0.0,51.0,98,2,3.0,1.0,4.0,9.0,-1,0.0,1.0,1.0,1.0,86.804,01:26.804,0.173,0.082,0.0909999999999999,13,2.80,7,1.70,15,1.30,4,1.85,11,1.0,15,13,4.50,6,3.15,7,0.1372549019607843,4.835,0.0948039215686259,5.99,1.00,6.41,8.71,2.47,6.33,5.54,4.00,6.14,0.0,0.4017437961099933,0.0,0.4414600550964188,0.0,0.2,1.0,0.5865319865319866,16.0,0.0,0.2858796296296296,18.0,30.0,22.0,0.0,0,0.0,0.0,0.0,0.0,0.0,0.0,0.0,0.0,0.0,0.0,0.0,0.0,0.0,0.0,0.0,2.0,5.611666666666667,7.65,20,14,ITA,RUS,George Russell,GBR,Great Britain,Великобритания,#314486,Mercedes,#707070,75.0,25.0,0.0,100.0,164.0,164.0,6,8,11,13.0,13,7,6.0,4,15,7.65,
2023,2023141,2,16,Nico Hulkenberg,Haas F1 Team,13.0,13,17,17,17,+1 Lap,0,27,HUL,25,7,#505050,25-7,11,3,1.0,4.32,1.0,1.0,0.7461139896373058,13,0,0,7.0,12.0,0,0,1.0,1.0,50.0,96,-4,0.0,4.0,4.0,10.0,2,2.0,0.0,2.0,1.0,87.306,01:27.306,0.154,0.094,0.06,9,3.20,15,1.30,1,2.00,19,1.10,12,1.0,1,12,4.50,11,3.10,5,0.1,2.833,0.0566600000000005,7.02,10.00,3.51,1.00,6.74,6.33,5.54,4.00,6.14,1.0,0.616871704745167,1.0,0.5484374999999999,1.0,0.7142857142857143,0.0,0.1706484641638225,7.0,1.0,0.8708010335917312,0.0,28.0,0.0,1.0,0,0.0,0.0,0.0,1.0,0.0,1.0,0.0,0.0,0.0,0.0,0.0,0.0,0.0,0.0,0.0,0.0,6.513333333333333,7.60,20,14,ITA,MAG,Kevin Magnussen,GER,Germany,Германия,#000000,Ferrari,#DC0004,0.0,100.0,100.0,0.0,9.0,9.0,17,13,12,12.0,9,15,11.0,19,1,7.60,
2023,2023141,2,16,Lando Norris,McLaren,9.0,9,8,8,8,+45.449,4,4,NOR,4,9,#EE853F,4-9,10,1,1.0,6.21,0.0,0.0,0.4644727000747943,9,0,0,5.0,9.0,0,0,1.0,1.0,51.0,98,-1,0.0,1.0,1.0,8.0,1,1.0,0.0,1.0,1.0,87.012,01:27.012,0.188,0.077,0.111,15,2.60,11,1.50,3,1.90,13,1.40,13,1.0,3,15,4.10,4,3.30,9,0.1764705882352941,5.297,0.1038627450980374,5.17,7.00,5.21,4.86,1.46,6.33,5.54,4.00,6.14,0.0,0.4223856209150327,0.0,0.4407783417935702,0.0,0.5,0.0,0.3581429624170965,18.0,0.0,0.1505154639175258,4.0,30.0,22.0,0.0,0,0.0,0.0,0.0,0.0,0.0,0.0,0.0,0.0,0.0,0.0,0.0,0.0,0.0,0.0,0.0,0.0,5.423333333333333,7.40,20,14,ITA,PIA,Oscar Piastri,GBR,Great Britain,Великобритания,#314486,Mercedes,#707070,0.0,100.0,100.0,0.0,79.0,79.0,8,9,13,15.0,15,11,4.0,13,3,7.40,
2023,2023141,2,16,Pierre Gasly,Alpine,17.0,17,15,15,15,+1:22.510,0,10,GAS,17,3,#0E8EDD,17-3,9,4,1.0,2.42,1.0,1.0,0.5537757437070938,17,0,0,9.0,16.0,0,0,1.0,,50.0,96,1,1.0,0.0,1.0,17.0,-1,0.0,1.0,1.0,1.0,87.024,01:27.024,0.159,0.080,0.079,10,3.10,12,1.45,19,1.10,9,1.60,14,1.0,19,10,4.55,18,2.70,8,0.16,3.445,0.068900000000001,6.75,1.00,5.14,7.43,5.37,6.33,5.54,4.00,6.14,0.0,0.4594962559564329,1.0,0.8371335504885994,0.0,0.125,1.0,0.6045565500406835,9.0,0.0,0.4127594158339739,0.0,0.0,0.0,0.0,0,0.0,0.0,0.0,0.0,0.0,0.0,0.0,0.0,0.0,0.0,0.0,0.0,0.0,0.0,0.0,0.0,5.905,7.25,20,14,ITA,OCO,Esteban Ocon,FRA,France,Франция,#004CA2,Renault,#FAEF00,100.0,0.0,0.0,100.0,37.0,37.0,15,17,14,10.0,10,12,18.0,9,19,7.25,
2023,2023141,2,16,Logan Sargeant,Williams,15.0,15,13,13,13,+1:18.557,0,2,SAR,27,18,#0B4BCD,27-18,21,1,1.0,3.37,0.0,0.0,0.3063636363636364,15,0,0,8.0,14.0,0,0,0.0,0.0,50.0,96,-3,0.0,3.0,3.0,13.0,1,1.0,0.0,1.0,1.0,87.463,01:27.463,0.171,0.096,0.075,12,2.90,17,1.20,4,1.85,18,1.15,15,1.0,4,14,4.10,14,3.00,4,0.08,3.475,0.0694999999999993,6.10,7.00,2.60,2.29,5.3,6.33,5.54,4.00,6.14,0.0,0.4848966613672495,0.0,0.327455919395466,1.0,0.875,0.0,0.23559670781893,10.0,1.0,0.5895439377085651,6.0,30.0,0.0,0.0,0,0.0,0.0,0.0,0.0,0.0,0.0,0.0,0.0,0.0,0.0,0.0,0.0,0.0,0.0,0.0,0.0,5.614999999999999,7.10,20,14,ITA,ALB,Alexander Albon,USA,USA,США,#071C63,Mercedes,#707070,0.0,100.0,100.0,0.0,0.0,0.0,13,15,15,14.0,12,17,14.0,18,4,7.10,
2023,2023141,2,16,Guanyu Zhou,Alfa Romeo,16.0,16,14,14,14,+1:20.164,0,24,ZHO,23,1,#752020,23-1,5,3,1.0,2.89,0.0,0.0,0.4294205052005943,16,0,0,8.0,15.0,0,0,0.0,0.0,50.0,96,1,1.0,0.0,1.0,15.0,0,0.0,0.0,0.0,1.0,87.071,01:27.071,0.203,0.096,0.107,18,2.30,13,1.40,11,1.50,8,1.65,16,1.0,11,17,3.70,7,3.15,4,0.08,4.142,0.082840000000001,4.36,4.00,4.86,7.43,3.81,6.33,5.54,4.00,6.14,0.0,0.4937712344280861,1.0,0.5792610250297974,1.0,0.8,0.0,0.5,12.0,1.0,0.7148217636022514,1.0,28.0,0.0,0.0,0,0.0,0.0,0.0,0.0,0.0,0.0,0.0,0.0,0.0,0.0,0.0,0.0,0.0,0.0,0.0,0.0,4.8116666666666665,6.85,20,14,ITA,BOT,Valtteri Bottas,CHN,China,Китай,#F70000,Ferrari,#DC0004,100.0,0.0,0.0,0.0,4.0,4.0,14,16,16,17.0,18,13,7.0,8,11,6.85,
2023,2023141,2,16,Valtteri Bottas,Alfa Romeo,14.0,14,10,10,10,+1:04.056,1,77,BOT,3,1,#752020,3-1,8,3,1.0,3.84,1.0,1.0,0.5705794947994056,14,0,0,7.0,13.0,0,0,1.0,1.0,50.0,96,1,2.0,1.0,3.0,14.0,-1,0.0,1.0,1.0,1.0,87.302,01:27.302,0.201,0.095,0.106,16,2.50,14,1.35,18,1.15,7,1.70,17,1.0,18,16,3.85,15,2.85,9,0.18,5.166,0.103320000000001,4.47,1.00,3.53,7.43,1.52,6.33,5.54,4.00,6.14,1.0,0.5062287655719139,0.0,0.4207389749702026,0.0,0.2,1.0,0.5,17.0,0.0,0.2851782363977486,1.0,28.0,1.0,0.0,0,0.0,0.0,0.0,0.0,0.0,0.0,0.0,0.0,0.0,0.0,0.0,0.0,0.0,0.0,0.0,0.0,4.385,6.70,20,14,ITA,ZHO,Guanyu Zhou,FIN,Finland,Финляндия,#04276B,Ferrari,#DC0004,67.0,33.0,0.0,100.0,6.0,6.0,10,14,17,16.0,16,14,15.0,7,18,6.70,
2023,2023141,2,16,Kevin Magnussen,Haas F1 Team,19.0,19,18,18,18,+1 Lap,0,20,MAG,22,7,#505050,22-7,6,3,1.0,1.47,0.0,0.0,0.2538860103626943,19,0,0,10.0,18.0,0,0,0.0,0.0,50.0,96,-1,0.0,1.0,1.0,18.0,0,0.0,0.0,0.0,1.0,87.413,01:27.413,0.203,0.081,0.122,17,2.40,16,1.25,12,1.45,15,1.30,18,1.0,12,18,3.65,17,2.75,4,0.08,5.399,0.10798,4.36,4.00,2.89,4.86,1.0,6.33,5.54,4.00,6.14,0.0,0.3831282952548331,0.0,0.4515625,0.0,0.2857142857142857,1.0,0.8293515358361775,19.0,0.0,0.1291989664082687,0.0,28.0,0.0,0.0,0,0.0,0.0,0.0,0.0,0.0,0.0,0.0,0.0,0.0,0.0,0.0,0.0,0.0,0.0,0.0,0.0,4.383333333333334,6.40,20,14,ITA,HUL,Nico Hulkenberg,DEN,Denmark,Дания,#D20019,Ferrari,#DC0004,0.0,100.0,0.0,0.0,2.0,2.0,18,19,18,18.0,17,16,17.0,15,12,6.40,
2023,2023141,2,16,Lance Stroll,Aston Martin,20.0,20,16,16,16,+1:27.266,0,18,STR,10,4,#23675D,10-4,4,1,1.0,1.0,0.0,0.0,0.1483679525222551,20,0,0,10.0,19.0,0,0,0.0,0.0,50.0,96,-2,2.0,4.0,6.0,19.0,0,0.0,0.0,0.0,1.0,87.612,01:27.612,0.265,0.171,0.094,19,2.20,18,1.15,13,1.40,17,1.20,19,1.0,13,19,3.35,19,2.60,5,0.1,4.558,0.0911599999999998,1.00,4.00,1.74,3.57,2.88,6.33,5.54,4.00,6.14,0.0,0.0909090909090909,0.0,0.2373806275579809,1.0,0.8,0.0,0.3676622039134912,15.0,0.0,0.2236024844720497,2.0,30.0,0.0,0.0,0,0.0,0.0,0.0,0.0,0.0,0.0,0.0,0.0,0.0,0.0,0.0,0.0,0.0,0.0,0.0,0.0,1.9283333333333332,5.95,20,14,ITA,ALO,Fernando Alonso,CAN,Canada,Канада,#E30000,Mercedes,#707070,33.0,67.0,0.0,0.0,47.0,47.0,16,20,19,19.0,19,18,19.0,17,13,5.95,
2023,2023141,2,16,Yuki Tsunoda,Alpha Tauri,11.0,-,-,DNF,20,-,0,22,TSU,9,2,#5F86E1,9-2,13,2,1.0,5.26,1.0,1.0,0.5233830845771144,-,0,0,,20.0,1,0,0.0,,0.0,0,-,0.0,0.0,0.0,,-,-,-,,0.0,-,-,-,-,,DNC,DNC,DNC,DNC,DNC,DNC,DNC,DNC,DNC,0.0,20,DNC,DNC,DNC,DNC,-,,-,,-,-,-,-,,6.33,5.54,4.00,6.14,,,,,,,,,,0.0,,0.0,43.0,0.0,0.0,0,0.0,0.0,0.0,0.0,0.0,0.0,0.0,0.0,0.0,0.0,0.0,0.0,0.0,0.0,0.0,0.0,,DNC,20,14,ITA,LAW,Liam Lawson,JPN,Japan,Япония,#C60018,Honda,#DE0000,0.0,0.0,0.0,0.0,3.0,3.0,14,16,12,9.333333333333334,7,13,16.333333333333332,14,15,7.43,
2023,2023151,2,17,Lando Norris,McLaren,4.0,4,2,2,2,+0.812,18,4,NOR,4,9,#EE853F,4-9,10,1,1.0,8.58,1.0,1.0,0.78,4,0,0,2.0,4.0,0,0,1.0,1.0,62.0,100,2,2.0,0.0,2.0,5.0,-1,0.0,1.0,1.0,1.0,99.571,01:39.571,0.153,0.093,0.06,1,4.00,5,1.80,14,1.35,2,1.95,1,1.0,14,1,5.80,7,3.30,6,0.0967741935483871,3.502,0.0564838709677411,10.00,3.25,8.49,7.75,9.0,6.98,5.28,5.50,5.50,1.0,0.5920663114268798,1.0,0.6550925925925926,0.0,0.2452830188679245,1.0,0.5849056603773585,4.0,1.0,0.5214368482039398,24.0,40.0,34.0,1.0,1,1.0,1.0,0.0,0.0,0.0,2.0,0.0,0.0,1.0,0.0,1.0,0.0,0.0,0.0,0.0,0.0,8.5,9.10,33,15,SGP,PIA,Oscar Piastri,GBR,Great Britain,Великобритания,#314486,Mercedes,#707070,100.0,0.0,0.0,100.0,97.0,97.0,2,4,1,1.0,1,5,7.0,2,14,9.10,
2023,2023151,2,17,Lewis Hamilton,Mercedes,5.0,5,3,3,3,+1.269,16,44,HAM,1,10,#08ABA3,1-10,10,1,1.0,8.11,0.0,0.0,0.459750566893424,5,0,0,3.0,5.0,0,0,1.0,1.0,62.0,100,2,3.0,1.0,4.0,4.0,1,1.0,0.0,1.0,1.0,99.236,01:39.236,0.278,0.176,0.102,9,3.20,1,2.00,3,1.90,3,1.90,2,1.0,3,6,5.20,1,3.80,6,0.0967741935483871,5.424,0.0874838709677415,7.63,7.75,10.00,7.75,8.11,6.98,5.28,5.50,5.50,0.0,0.4669522643818849,1.0,0.5058168942842691,1.0,0.7045454545454546,1.0,0.5393180236604036,11.0,0.0,0.4824509220701963,16.0,40.0,34.0,1.0,0,0.0,0.0,1.0,0.0,0.0,1.0,1.0,0.0,0.0,1.0,1.0,0.0,0.0,0.0,0.0,0.0,7.669999999999999,9.00,33,15,SGP,RUS,George Russell,GBR,Great Britain,Великобритания,#314486,Mercedes,#707070,75.0,25.0,100.0,0.0,180.0,180.0,3,5,2,6.0,9,1,1.0,3,3,9.00,
2023,2023151,2,17,Max Verstappen,Red Bull Racing,11.0,11,5,5,5,+21.441,10,1,VER,2,14,#405585,2-14,16,2,1.0,5.26,1.0,1.0,0.5490605427974947,11,0,0,6.0,11.0,0,0,1.0,1.0,62.0,100,4,7.0,3.0,10.0,10.0,1,1.0,0.0,1.0,1.0,99.547,01:39.547,0.266,0.185,0.081,8,3.30,4,1.85,6,1.75,1,2.00,3,1.0,6,7,5.15,2,3.75,4,0.064516129032258,4.799,0.0774032258064521,7.86,7.75,8.60,10.00,8.4,6.98,5.28,5.50,5.50,1.0,0.6078886310904873,1.0,0.6069160197600564,1.0,0.5849056603773585,1.0,0.5633802816901409,8.0,1.0,0.5490196078431373,14.0,16.0,10.0,1.0,0,0.0,0.0,0.0,0.0,1.0,1.0,0.0,0.0,0.0,0.0,0.0,0.0,0.0,0.0,0.0,0.0,8.198333333333332,8.90,33,15,SGP,PER,Sergio Perez,NLD,Netherlands,Нидерланды,#F75600,Honda,#DE0000,70.0,30.0,100.0,0.0,374.0,374.0,5,11,3,7.0,8,4,2.0,1,6,8.90,
2023,2023151,2,17,Logan Sargeant,Williams,18.0,18,14,14,14,+1:26.889,0,2,SAR,27,18,#0B4BCD,27-18,21,1,1.0,1.95,0.0,0.0,0.3367875647668393,18,0,0,9.0,18.0,0,0,0.0,0.0,62.0,100,1,1.0,0.0,1.0,16.0,1,1.0,0.0,1.0,1.0,100.203,01:40.203,0.180,0.126,0.0539999999999999,2,3.90,7,1.70,8,1.65,8,1.65,4,1.0,8,4,5.60,8,3.30,4,0.064516129032258,3.129,0.0504677419354841,9.49,7.75,5.64,6.62,9.17,6.98,5.28,5.50,5.50,1.0,0.9046711153479504,1.0,0.6409090909090909,1.0,0.7045454545454546,0.0,0.4606819763395963,3.0,1.0,0.9016715830875124,0.0,40.0,0.0,0.0,0,0.0,0.0,0.0,0.0,0.0,0.0,0.0,0.0,0.0,0.0,0.0,0.0,0.0,0.0,0.0,0.0,8.721666666666666,8.90,33,15,SGP,ALB,Alexander Albon,USA,USA,США,#071C63,Mercedes,#707070,100.0,0.0,100.0,0.0,0.0,0.0,14,18,4,4.0,2,7,8.0,8,8,8.90,
2023,2023151,2,17,Carlos Sainz,Ferrari,1.0,1,1,1,1,1:46:37.418,25,55,SAI,8,5,#E01A00,8-5,7,3,1.0,10.0,1.0,1.0,0.5249343832020997,1,0,0,1.0,1.0,0,0,1.0,1.0,62.0,100,0,0.0,0.0,0.0,1.0,0,0.0,0.0,0.0,1.0,99.522,01:39.522,0.203,0.164,0.039,3,3.80,3,1.90,9,1.60,9,1.60,5,1.0,9,2,5.70,9,3.20,3,0.0483870967741935,2.030,0.0327419354838714,9.05,5.50,8.71,5.50,9.68,6.98,5.28,5.50,5.50,1.0,0.5144968732234224,1.0,0.5554846938775511,0.0,0.4150943396226415,1.0,0.5,2.0,1.0,0.523526230394808,37.0,38.0,25.0,0.0,0,0.0,0.0,0.0,0.0,0.0,0.0,0.0,1.0,0.0,0.0,1.0,1.0,0.0,0.0,1.0,62.0,7.866666666666667,8.90,33,15,SGP,LEC,Charles Leclerc,ESP,Spain,Испания,#F7B800,Ferrari,#DC0004,0.0,0.0,0.0,0.0,142.0,142.0,1,1,5,2.0,3,3,9.0,9,9,8.90,
2023,2023151,2,17,Charles Leclerc,Ferrari,3.0,3,4,4,4,+21.177,12,16,LEC,6,5,#E01A00,6-5,15,3,1.0,9.05,0.0,0.0,0.4750656167979002,3,0,0,2.0,3.0,0,0,0.0,0.0,62.0,100,0,2.0,2.0,4.0,2.0,1,1.0,0.0,1.0,1.0,99.908,01:39.908,0.230,0.158,0.072,5,3.60,6,1.75,2,1.95,10,1.55,6,1.0,2,5,5.35,3,3.50,3,0.0483870967741935,3.920,0.0632258064516131,8.54,7.75,6.97,5.50,8.81,6.98,5.28,5.50,5.50,0.0,0.4855031267765775,0.0,0.444515306122449,1.0,0.5849056603773585,0.0,0.5,6.0,0.0,0.4764737696051919,37.0,38.0,12.0,0.0,0,0.0,0.0,0.0,0.0,0.0,0.0,0.0,0.0,0.0,0.0,0.0,0.0,0.0,1.0,1.0,0.0,7.901666666666666,8.85,33,15,SGP,SAI,Carlos Sainz,MON,Monaco,Монако,#D80000,Ferrari,#DC0004,50.0,50.0,100.0,0.0,123.0,123.0,4,3,6,5.0,5,6,3.0,10,2,8.85,
2023,2023151,2,17,George Russell,Mercedes,2.0,2,16,16,16,,0,63,RUS,14,10,#08ABA3,14-10,10,1,1.0,9.53,1.0,1.0,0.5402494331065759,2,0,0,1.0,2.0,0,0,0.0,0.0,61.0,98,1,1.0,0.0,1.0,3.0,-1,0.0,1.0,1.0,1.0,99.286,01:39.286,0.221,0.149,0.072,4,3.70,2,1.95,13,1.40,6,1.75,7,1.0,13,3,5.65,10,3.15,5,0.081967213114754,4.096,0.0671475409836056,8.71,3.25,9.77,6.62,8.7,6.98,5.28,5.50,5.50,1.0,0.5330477356181151,0.0,0.4941831057157309,0.0,0.2954545454545454,0.0,0.4606819763395963,7.0,1.0,0.5175490779298036,16.0,40.0,34.0,0.0,0,0.0,0.0,0.0,0.0,0.0,0.0,0.0,0.0,0.0,0.0,0.0,0.0,1.0,0.0,1.0,0.0,7.451666666666667,8.80,33,15,SGP,HAM,Lewis Hamilton,GBR,Great Britain,Великобритания,#314486,Mercedes,#707070,100.0,0.0,0.0,100.0,109.0,109.0,16,2,7,3.0,4,2,10.0,6,13,8.80,
2023,2023151,2,17,Esteban Ocon,Alpine,8.0,8,-,DNF,18,-,0,31,OCO,13,3,#0E8EDD,13-3,9,4,1.0,6.68,1.0,1.0,0.5823888404533566,8,0,0,4.0,8.0,1,0,0.0,,42.0,68,1,1.0,0.0,1.0,7.0,1,1.0,0.0,1.0,1.0,100.727,01:40.727,0.248,0.180,0.068,7,3.40,13,1.40,5,1.80,7,1.70,8,1.0,5,8,4.80,4,3.50,3,0.0714285714285714,2.609,0.0621190476190485,8.20,7.75,3.27,6.62,8.84,6.98,5.28,5.50,5.50,1.0,0.5314322747893713,0.0,0.4077306733167082,1.0,0.5,1.0,0.5462046204620462,5.0,1.0,0.5531914893617021,8.0,8.0,8.0,0.0,0,0.0,0.0,0.0,0.0,0.0,0.0,0.0,0.0,0.0,0.0,0.0,0.0,0.0,0.0,0.0,0.0,7.8616666666666655,8.30,33,15,SGP,GAS,Pierre Gasly,FRA,France,Франция,#004CA2,Renault,#FAEF00,100.0,0.0,100.0,0.0,36.0,36.0,9,8,8,8.0,7,13,4.0,7,5,8.30,
2023,2023151,2,17,Oscar Piastri,McLaren,17.0,17,7,7,7,+41.479,6,81,PIA,28,9,#EE853F,28-9,2,1,1.0,2.42,0.0,0.0,0.22,17,0,0,9.0,17.0,0,0,0.0,0.0,62.0,100,0,1.0,1.0,2.0,14.0,2,2.0,0.0,2.0,1.0,100.462,01:40.462,0.317,0.225,0.092,12,2.90,11,1.50,1,2.00,13,1.40,9,1.0,1,11,4.40,5,3.40,4,0.064516129032258,5.096,0.0821935483870968,6.89,10.00,4.47,5.50,8.26,6.98,5.28,5.50,5.50,0.0,0.4079336885731202,0.0,0.3449074074074074,1.0,0.7547169811320755,0.0,0.4150943396226415,10.0,0.0,0.4785631517960603,24.0,40.0,6.0,1.0,0,0.0,0.0,0.0,1.0,0.0,1.0,0.0,0.0,0.0,0.0,0.0,0.0,0.0,0.0,0.0,0.0,7.176666666666667,7.80,33,15,SGP,NOR,Lando Norris,AUS,Australia,Австралия,#F7C900,Mercedes,#707070,50.0,50.0,100.0,0.0,42.0,42.0,7,17,9,11.0,12,11,5.0,13,1,7.80,
2023,2023151,2,17,Pierre Gasly,Alpine,12.0,12,6,6,6,+38.441,8,10,GAS,17,3,#0E8EDD,17-3,9,4,1.0,4.79,0.0,0.0,0.4176111595466434,12,0,0,6.0,12.0,0,0,1.0,,62.0,100,0,1.0,1.0,2.0,11.0,1,1.0,0.0,1.0,1.0,100.4,01:40.400,0.299,0.190,0.1089999999999999,11,3.00,9,1.60,7,1.70,12,1.45,10,1.0,7,10,4.60,12,3.15,8,0.1290322580645161,7.531,0.121467741935483,7.23,7.75,4.75,5.50,7.14,6.98,5.28,5.50,5.50,0.0,0.4685677252106286,1.0,0.5922693266832918,0.0,0.5,0.0,0.4537953795379537,13.0,0.0,0.4468085106382978,8.0,8.0,8.0,0.0,0,0.0,0.0,0.0,0.0,0.0,0.0,0.0,0.0,0.0,0.0,0.0,0.0,0.0,0.0,0.0,0.0,7.028333333333333,7.75,33,15,SGP,OCO,Esteban Ocon,FRA,France,Франция,#004CA2,Renault,#FAEF00,50.0,50.0,100.0,0.0,45.0,45.0,6,12,10,10.0,11,9,12.0,12,7,7.75,
2023,2023151,2,17,Sergio Perez,Red Bull Racing,13.0,13,8,8,8,+59.534,4,11,PER,5,14,#405585,5-14,14,2,1.0,4.32,0.0,0.0,0.4509394572025052,13,0,0,7.0,13.0,0,0,0.0,0.0,62.0,100,2,4.0,2.0,6.0,13.0,0,0.0,0.0,0.0,1.0,100.218,01:40.218,0.413,0.248,0.1649999999999999,15,2.60,8,1.65,11,1.50,4,1.85,11,1.0,11,13,4.25,6,3.35,5,0.0806451612903225,8.050,0.1298387096774195,5.07,5.50,5.57,7.75,6.9,6.98,5.28,5.50,5.50,0.0,0.3921113689095128,0.0,0.3930839802399435,0.0,0.4150943396226415,0.0,0.4366197183098591,15.0,0.0,0.4509803921568627,14.0,16.0,4.0,0.0,0,0.0,0.0,0.0,0.0,0.0,0.0,0.0,0.0,0.0,0.0,0.0,0.0,0.0,0.0,0.0,0.0,5.588333333333334,7.60,33,15,SGP,VER,Max Verstappen,MEX,Mexico,Мексика,#006640,Honda,#DE0000,67.0,33.0,0.0,0.0,223.0,223.0,8,13,11,13.0,15,8,6.0,4,11,7.60,
2023,2023151,2,17,Valtteri Bottas,Alfa Romeo,16.0,16,-,DNF,17,-,0,77,BOT,3,1,#752020,3-1,8,3,1.0,2.89,1.0,1.0,0.6628440366972477,16,0,0,8.0,16.0,1,0,0.0,,51.0,82,-3,1.0,4.0,5.0,17.0,-2,0.0,2.0,2.0,1.0,101.012,01:41.012,0.233,0.204,0.029,6,3.50,16,1.25,18,1.15,16,1.25,12,1.0,18,9,4.75,18,2.40,2,0.0392156862745098,1.105,0.0216666666666664,8.48,1.00,1.98,2.12,10.0,6.98,5.28,5.50,5.50,1.0,0.5524429967426709,1.0,0.5196850393700787,0.0,0.1538461538461538,0.0,0.3261538461538462,1.0,1.0,0.5854800936768151,0.0,38.0,0.0,0.0,0,0.0,0.0,0.0,0.0,0.0,0.0,0.0,0.0,0.0,0.0,0.0,0.0,0.0,0.0,0.0,0.0,6.173333333333333,7.15,33,15,SGP,ZHO,Guanyu Zhou,FIN,Finland,Финляндия,#04276B,Ferrari,#DC0004,20.0,80.0,0.0,100.0,6.0,6.0,10,16,12,9.0,6,16,18.0,16,18,7.15,
2023,2023151,2,17,Fernando Alonso,Aston Martin,7.0,7,15,15,15,+1:27.603,0,14,ALO,19,4,#23675D,19-4,7,1,1.0,7.16,1.0,1.0,0.8774509803921569,7,0,0,4.0,7.0,0,0,,,62.0,100,-3,0.0,3.0,3.0,6.0,1,1.0,0.0,1.0,1.0,100.459,01:40.459,0.571,0.452,0.1189999999999999,17,2.40,10,1.55,4,1.85,15,1.30,13,1.0,4,15,3.95,11,3.15,5,0.0806451612903225,7.248,0.1169032258064514,2.08,7.75,4.48,2.12,7.27,6.98,5.28,5.50,5.50,,,,,,,,,12.0,1.0,1.0,0.0,40.0,25.0,0.0,0,0.0,0.0,0.0,0.0,0.0,0.0,0.0,0.0,0.0,0.0,0.0,0.0,0.0,0.0,0.0,0.0,3.0316666666666667,7.10,33,15,SGP,STR,Lance Stroll,ESP,Spain,Испания,#F7B800,Mercedes,#707070,0.0,100.0,100.0,0.0,170.0,170.0,15,7,13,15.0,17,10,11.0,15,4,7.10,
2023,2023151,2,17,Liam Lawson,Alpha Tauri,10.0,10,9,9,9,+1:05.918,2,40,LAW,29,2,#5F86E1,29-2,17,2,1.0,5.74,1.0,1.0,0.6300768386388584,10,0,0,5.0,10.0,0,0,1.0,,62.0,100,0,2.0,2.0,4.0,12.0,-2,0.0,2.0,2.0,1.0,100.892,01:40.892,0.280,0.188,0.092,10,3.10,15,1.30,17,1.20,11,1.50,14,1.0,17,12,4.40,16,2.70,5,0.0806451612903225,5.083,0.0819838709677423,7.59,1.00,2.53,5.50,8.27,6.98,5.28,5.50,5.50,,,,,,,,,9.0,1.0,1.0,2.0,16.0,2.0,0.0,0,0.0,0.0,0.0,0.0,0.0,0.0,0.0,0.0,0.0,0.0,0.0,0.0,0.0,0.0,0.0,0.0,6.1433333333333335,7.10,33,15,SGP,TSU,Yuki Tsunoda,NZL,New Zealand,Новая Зеландия,#0D1168,Honda,#DE0000,50.0,50.0,0.0,100.0,2.0,2.0,9,10,14,12.0,10,15,16.0,11,17,7.10,
2023,2023151,2,17,Guanyu Zhou,Alfa Romeo,19.0,PLS,12,12,12,+1:23.649,0,24,ZHO,23,1,#752020,23-1,5,3,1.0,1.47,0.0,0.0,0.3371559633027522,PLS,0,1,,19.0,0,0,1.0,,62.0,100,-1,4.0,5.0,9.0,18.0,0,0.0,0.0,0.0,1.0,101.046,01:41.046,0.318,0.181,0.137,13,2.80,17,1.20,12,1.45,14,1.35,15,1.0,12,14,4.00,14,2.80,6,0.0967741935483871,7.651,0.1234032258064508,6.87,5.50,1.83,4.38,7.08,6.98,5.28,5.50,5.50,0.0,0.4475570032573289,0.0,0.4803149606299213,1.0,0.8461538461538461,1.0,0.6738461538461539,14.0,0.0,0.4145199063231851,0.0,38.0,0.0,0.0,0,0.0,0.0,0.0,0.0,0.0,0.0,0.0,0.0,0.0,0.0,0.0,0.0,0.0,0.0,0.0,0.0,6.226666666666667,6.80,33,15,SGP,BOT,Valtteri Bottas,CHN,China,Китай,#F70000,Ferrari,#DC0004,44.0,56.0,0.0,0.0,4.0,4.0,12,18,15,14.0,13,17,14.0,14,12,6.80,
2023,2023151,2,17,Alexander Albon,Williams,14.0,14,11,11,11,+1:13.417,0,23,ALB,24,18,#0B4BCD,24-18,20,1,1.0,3.84,1.0,1.0,0.6632124352331606,14,0,0,7.0,14.0,0,0,1.0,1.0,62.0,100,2,6.0,4.0,10.0,15.0,-1,0.0,1.0,1.0,1.0,100.752,01:40.752,0.628,0.236,0.392,18,2.30,14,1.35,15,1.30,5,1.80,16,1.0,15,18,3.65,13,3.10,5,0.0806451612903225,20.794,0.3353870967741932,1.00,3.25,3.16,7.75,1.0,6.98,5.28,5.50,5.50,0.0,0.0953288846520495,0.0,0.359090909090909,0.0,0.2954545454545454,1.0,0.5393180236604036,18.0,0.0,0.0983284169124877,0.0,40.0,0.0,0.0,0,0.0,0.0,0.0,0.0,0.0,0.0,0.0,0.0,0.0,0.0,0.0,0.0,0.0,0.0,0.0,0.0,2.5,6.75,33,15,SGP,SAR,Logan Sargeant,THA,Thailand,Таиланд,#2E2549,Mercedes,#707070,60.0,40.0,0.0,100.0,21.0,21.0,11,14,16,18.0,18,14,13.0,5,15,6.75,
2023,2023151,2,17,Nico Hulkenberg,Haas F1 Team,9.0,9,13,13,13,+1:26.201,0,27,HUL,25,7,#505050,25-7,11,3,1.0,6.21,0.0,0.0,0.4486994219653179,9,0,0,5.0,9.0,0,0,0.0,0.0,62.0,100,-4,3.0,7.0,10.0,9.0,0,0.0,0.0,0.0,1.0,101.23,01:41.230,0.361,0.192,0.1689999999999999,14,2.70,18,1.15,10,1.55,18,1.15,17,1.0,10,17,3.85,15,2.70,9,0.1451612903225806,8.882,0.14325806451613,6.06,5.50,1.00,1.00,6.51,6.98,5.28,5.50,5.50,1.0,0.5509090909090909,0.0,0.2044989775051124,1.0,0.8461538461538461,0.0,0.5,16.0,1.0,0.5456831517183571,1.0,38.0,0.0,0.0,0,0.0,0.0,0.0,0.0,0.0,0.0,0.0,0.0,0.0,0.0,0.0,0.0,0.0,0.0,0.0,0.0,5.123333333333333,6.55,33,15,SGP,MAG,Kevin Magnussen,GER,Germany,Германия,#000000,Ferrari,#DC0004,30.0,70.0,0.0,0.0,9.0,9.0,13,9,17,17.0,14,18,15.0,18,10,6.55,
2023,2023151,2,17,Kevin Magnussen,Haas F1 Team,6.0,6,10,10,10,+1:12.116,1,20,MAG,22,7,#505050,22-7,6,3,1.0,7.63,1.0,1.0,0.5513005780346821,6,0,0,3.0,6.0,0,0,1.0,1.0,62.0,100,-4,3.0,7.0,10.0,8.0,-2,0.0,2.0,2.0,1.0,100.59,01:40.590,0.420,0.219,0.2009999999999999,16,2.50,12,1.45,16,1.25,17,1.20,18,1.0,16,16,3.95,17,2.45,5,0.0806451612903225,11.239,0.1812741935483876,4.94,1.00,3.89,1.00,5.42,6.98,5.28,5.50,5.50,0.0,0.4490909090909091,1.0,0.7955010224948874,0.0,0.1538461538461538,1.0,0.5,17.0,0.0,0.4543168482816429,1.0,38.0,1.0,0.0,0,0.0,0.0,0.0,0.0,0.0,0.0,0.0,0.0,0.0,0.0,0.0,0.0,0.0,0.0,0.0,0.0,3.626666666666667,6.40,33,15,SGP,HUL,Nico Hulkenberg,DEN,Denmark,Дания,#D20019,Ferrari,#DC0004,30.0,70.0,0.0,100.0,3.0,3.0,10,6,18,16.0,16,12,17.0,17,16,6.40,
2023,2023151,2,17,Yuki Tsunoda,Alpha Tauri,15.0,15,-,DNF,19,-,0,22,TSU,9,2,#5F86E1,9-2,13,2,1.0,3.37,0.0,0.0,0.3699231613611416,15,0,0,8.0,15.0,1,0,0.0,,0.0,0,-,0.0,0.0,0.0,,-,-,-,,0.0,-,-,-,-,,DNC,DNC,DNC,DNC,DNC,DNC,DNC,DNC,DNC,0.0,19,DNC,DNC,DNC,DNC,-,,-,,-,-,-,-,,6.98,5.28,5.50,5.50,,,,,,,,,,0.0,,2.0,16.0,0.0,0.0,0,0.0,0.0,0.0,0.0,0.0,0.0,0.0,0.0,0.0,0.0,0.0,0.0,0.0,0.0,0.0,0.0,,DNC,33,15,SGP,LAW,Liam Lawson,JPN,Japan,Япония,#C60018,Honda,#DE0000,0.0,0.0,0.0,0.0,3.0,3.0,13,15,12,8.666666666666666,6,14,14.666666666666666,13,17,7.47,
2023,2023151,2,17,Lance Stroll,Aston Martin,20.0,DNS,-,DNS,20,-,0,18,STR,10,4,#23675D,10-4,4,1,1.0,1.0,0.0,0.0,0.1225490196078431,DNS,1,0,,,0,0,,,0.0,0,-,,,,,-,-,-,,,-,-,-,-,,DNC,DNC,DNC,DNC,DNC,DNC,DNC,DNC,DNC,0.0,20,DNC,DNC,DNC,DNC,-,,-,,-,-,-,-,,6.98,5.28,5.50,5.50,,,,,,,,,,0.0,,0.0,40.0,0.0,0.0,0,0.0,0.0,0.0,0.0,0.0,0.0,0.0,0.0,0.0,0.0,0.0,0.0,0.0,0.0,0.0,,,DNC,33,15,SGP,ALO,Fernando Alonso,CAN,Canada,Канада,#E30000,Mercedes,#707070,0.0,0.0,0.0,0.0,47.0,47.0,15,18,14,15.0,14,17,13.0,13,8,6.82,
2023,2023161,2,18,Charles Leclerc,Ferrari,4.0,4,4,4,4,+43.998,12,16,LEC,6,5,#E01A00,6-5,15,3,1.0,8.5,1.0,1.0,0.53125,4,0,0,2.0,4.0,0,0,1.0,1.0,53.0,100,3,3.0,0.0,3.0,4.0,0,0.0,0.0,0.0,1.0,98.172,01:38.172,0.135,0.108,0.027,1,4.00,5,1.80,8,1.65,3,1.90,1,1.0,7,1,5.80,4,3.55,2,0.0377358490566037,1.152,0.0217358490566035,10.00,4.00,5.98,9.18,9.55,5.86,4.17,4.00,6.62,1.0,0.5370569280343718,1.0,0.5209059233449478,0.0,0.4210526315789473,1.0,0.5,2.0,1.0,0.5611045828437133,20.0,20.0,12.0,1.0,1,1.0,1.0,0.0,0.0,0.0,2.0,0.0,0.0,0.0,0.0,0.0,0.0,0.0,0.0,0.0,0.0,8.863333333333333,9.35,22,16,JPN,SAI,Carlos Sainz,MON,Monaco,Монако,#D80000,Ferrari,#DC0004,100.0,0.0,0.0,0.0,135.0,135.0,4,4,1,1.0,1,5,4.0,3,8,9.35,
2023,2023161,2,18,Max Verstappen,Red Bull Racing,1.0,1,1,1,1,1:30:58.421,26,1,VER,2,14,#405585,2-14,16,2,1.0,10.0,1.0,1.0,0.5555555555555556,1,0,0,1.0,1.0,0,0,1.0,,53.0,100,1,1.0,0.0,1.0,1.0,0,0.0,0.0,0.0,1.0,97.228,01:37.228,0.153,0.076,0.077,3,3.80,1,2.00,7,1.70,6,1.75,2,1.0,6,2,5.80,5,3.45,6,0.1132075471698113,3.127,0.0589999999999991,8.87,4.00,10.00,7.55,6.14,5.86,4.17,4.00,6.62,,,,,,,,,7.0,1.0,1.0,26.0,26.0,26.0,1.0,0,0.0,0.0,1.0,0.0,0.0,1.0,1.0,1.0,0.0,0.0,1.0,1.0,0.0,0.0,1.0,51.0,7.838333333333332,9.25,22,16,JPN,PER,Sergio Perez,NLD,Netherlands,Нидерланды,#F75600,Honda,#DE0000,100.0,0.0,0.0,0.0,400.0,400.0,1,1,2,2.0,3,1,5.0,6,7,9.25,
2023,2023161,2,18,Carlos Sainz,Ferrari,6.0,6,6,6,6,+50.221,8,55,SAI,8,5,#E01A00,8-5,7,3,1.0,7.5,0.0,0.0,0.46875,6,0,0,3.0,6.0,0,0,0.0,0.0,53.0,100,3,3.0,0.0,3.0,5.0,1,1.0,0.0,1.0,1.0,98.287,01:38.287,0.157,0.107,0.05,4,3.70,6,1.75,5,1.80,4,1.85,3,1.0,4,4,5.45,2,3.65,3,0.0566037735849056,2.359,0.0445094339622637,8.62,5.50,5.50,9.18,7.47,5.86,4.17,4.00,6.62,0.0,0.4629430719656284,0.0,0.4790940766550522,1.0,0.5789473684210527,0.0,0.5,4.0,0.0,0.4388954171562867,20.0,20.0,12.0,0.0,0,0.0,0.0,0.0,0.0,0.0,0.0,0.0,0.0,0.0,0.0,0.0,0.0,0.0,0.0,0.0,1.0,8.193333333333333,9.10,22,16,JPN,LEC,Charles Leclerc,ESP,Spain,Испания,#F7B800,Ferrari,#DC0004,100.0,0.0,100.0,0.0,150.0,150.0,6,6,3,4.0,4,6,2.0,4,5,9.10,
2023,2023161,2,18,Lando Norris,McLaren,3.0,3,2,2,2,+19.387,18,4,NOR,4,9,#EE853F,4-9,10,1,1.0,9.0,0.0,0.0,0.4864864864864865,3,0,0,2.0,3.0,0,0,1.0,1.0,53.0,100,2,2.0,0.0,2.0,2.0,1,1.0,0.0,1.0,1.0,97.534,01:37.534,0.182,0.092,0.09,7,3.40,2,1.95,4,1.85,5,1.80,4,1.0,3,5,5.35,1,3.65,6,0.1132075471698113,3.892,0.0734339622641519,7.04,5.50,8.70,8.36,4.82,5.86,4.17,4.00,6.62,0.0,0.4743935309973046,1.0,0.58,1.0,0.6875,1.0,0.5254556882463859,14.0,0.0,0.4893401015228426,33.0,53.0,34.0,0.0,0,0.0,0.0,0.0,0.0,0.0,0.0,0.0,0.0,1.0,0.0,1.0,0.0,0.0,1.0,1.0,1.0,7.003333333333333,9.00,22,16,JPN,PIA,Oscar Piastri,GBR,Great Britain,Великобритания,#314486,Mercedes,#707070,100.0,0.0,100.0,0.0,115.0,115.0,2,3,4,5.0,7,2,1.0,5,4,9.00,
2023,2023161,2,18,Liam Lawson,Alpha Tauri,11.0,11,11,11,11,+1 Lap,0,40,LAW,29,2,#5F86E1,29-2,17,2,1.0,5.0,0.0,0.0,0.4545454545454545,11,0,0,6.0,11.0,0,0,1.0,1.0,52.0,98,0,1.0,1.0,2.0,10.0,1,1.0,0.0,1.0,1.0,99.265,01:39.265,0.151,0.101,0.0499999999999999,2,3.90,13,1.40,6,1.75,8,1.65,5,1.0,5,6,5.30,7,3.40,5,0.0961538461538461,2.256,0.0433846153846159,8.99,5.50,1.34,6.73,7.57,5.86,4.17,4.00,6.62,1.0,0.5478366849482024,1.0,0.5317460317460317,1.0,0.8461538461538461,1.0,0.5693739424703892,3.0,1.0,0.6051159072741806,0.0,26.0,0.0,0.0,0,0.0,0.0,0.0,0.0,0.0,0.0,0.0,0.0,0.0,0.0,0.0,0.0,0.0,0.0,0.0,0.0,8.031666666666666,8.70,22,16,JPN,TSU,Yuki Tsunoda,NZL,New Zealand,Новая Зеландия,#0D1168,Honda,#DE0000,50.0,50.0,100.0,0.0,2.0,2.0,11,11,5,6.0,2,13,7.0,8,6,8.70,
2023,2023161,2,18,Oscar Piastri,McLaren,2.0,2,3,3,3,+36.494,15,81,PIA,28,9,#EE853F,28-9,2,1,1.0,9.5,1.0,1.0,0.5135135135135135,2,0,0,1.0,2.0,0,0,0.0,0.0,53.0,100,1,2.0,1.0,3.0,3.0,-1,0.0,1.0,1.0,1.0,98.099,01:38.099,0.170,0.093,0.077,5,3.60,3,1.90,14,1.35,7,1.70,6,1.0,10,3,5.50,9,3.05,5,0.0943396226415094,3.767,0.0710754716981131,7.80,2.50,6.30,7.55,5.03,5.86,4.17,4.00,6.62,1.0,0.5256064690026954,0.0,0.42,0.0,0.3125,0.0,0.474544311753614,12.0,1.0,0.5106598984771573,33.0,53.0,15.0,0.0,0,0.0,0.0,0.0,0.0,0.0,0.0,0.0,0.0,0.0,1.0,1.0,0.0,1.0,0.0,1.0,0.0,6.875,8.55,22,16,JPN,NOR,Lando Norris,AUS,Australia,Австралия,#F7C900,Mercedes,#707070,67.0,33.0,0.0,100.0,57.0,57.0,3,2,6,3.0,5,3,9.0,7,14,8.55,
2023,2023161,2,18,Lewis Hamilton,Mercedes,7.0,7,5,5,5,+49.376,10,44,HAM,1,10,#08ABA3,1-10,10,1,1.0,7.0,1.0,1.0,0.5185185185185185,7,0,0,4.0,7.0,0,0,1.0,1.0,53.0,100,4,4.0,0.0,4.0,8.0,-1,0.0,1.0,1.0,1.0,98.152,01:38.152,0.218,0.161,0.0569999999999999,9,3.20,4,1.85,15,1.30,1,2.00,7,1.0,11,7,5.05,8,3.30,5,0.0943396226415094,2.804,0.052905660377359,4.78,2.50,6.07,10.00,6.7,5.86,4.17,4.00,6.62,1.0,0.5551684088269455,1.0,0.6670329670329671,1.0,0.5,1.0,0.9090909090909092,6.0,1.0,0.8701298701298701,16.0,53.0,34.0,1.0,0,0.0,0.0,0.0,0.0,1.0,1.0,0.0,0.0,0.0,0.0,0.0,0.0,0.0,0.0,0.0,0.0,5.2700000000000005,8.35,22,16,JPN,RUS,George Russell,GBR,Great Britain,Великобритания,#314486,Mercedes,#707070,100.0,0.0,0.0,100.0,190.0,190.0,5,7,7,7.0,9,4,8.0,1,15,8.35,
2023,2023161,2,18,Fernando Alonso,Aston Martin,10.0,10,8,8,8,+1:14.725,4,14,ALO,19,4,#23675D,19-4,7,1,1.0,5.5,1.0,1.0,0.7333333333333333,10,0,0,5.0,10.0,0,0,1.0,,53.0,100,-1,2.0,3.0,5.0,6.0,4,4.0,0.0,4.0,1.0,98.753,01:38.753,0.234,0.154,0.08,13,2.80,8,1.65,1,2.00,9,1.60,8,1.0,1,13,4.45,3,3.60,5,0.0943396226415094,3.318,0.0626037735849053,3.77,10.00,3.51,5.91,5.81,5.86,4.17,4.00,6.62,,,,,,,,,9.0,0.0,0.4549725920125294,4.0,53.0,12.0,1.0,0,0.0,0.0,0.0,1.0,0.0,1.0,0.0,0.0,0.0,0.0,0.0,0.0,0.0,0.0,0.0,0.0,5.165,8.05,22,16,JPN,STR,Lance Stroll,ESP,Spain,Испания,#F7B800,Mercedes,#707070,40.0,60.0,100.0,0.0,174.0,174.0,8,10,8,13.0,13,8,3.0,9,1,8.05,
2023,2023161,2,18,Nico Hulkenberg,Haas F1 Team,18.0,18,14,14,14,+1 Lap,0,27,HUL,25,7,#505050,25-7,11,3,1.0,1.5,0.0,0.0,0.3333333333333333,18,0,0,9.0,18.0,0,0,1.0,1.0,52.0,98,-1,1.0,2.0,3.0,13.0,2,2.0,0.0,2.0,1.0,98.779,01:38.779,0.234,0.137,0.097,12,2.90,9,1.60,3,1.90,10,1.55,9,1.0,2,12,4.50,6,3.45,4,0.0769230769230769,3.626,0.0697307692307687,3.77,7.00,3.40,5.91,5.16,5.86,4.17,4.00,6.62,1.0,0.7903563941299792,1.0,0.7727272727272726,1.0,0.875,1.0,0.5805500982318271,11.0,1.0,0.8113207547169811,0.0,20.0,0.0,0.0,0,0.0,0.0,0.0,0.0,0.0,0.0,0.0,0.0,0.0,0.0,0.0,0.0,0.0,0.0,0.0,0.0,4.665,7.95,22,16,JPN,MAG,Kevin Magnussen,GER,Germany,Германия,#000000,Ferrari,#DC0004,33.0,67.0,100.0,0.0,9.0,9.0,14,18,9,12.0,12,9,6.0,10,3,7.95,
2023,2023161,2,18,Esteban Ocon,Alpine,14.0,14,9,9,9,+1:19.678,2,31,OCO,13,3,#0E8EDD,13-3,9,4,1.0,3.5,0.0,0.0,0.4375,14,0,0,7.0,14.0,0,0,1.0,1.0,53.0,100,-3,1.0,4.0,5.0,19.0,0,0.0,0.0,0.0,1.0,99.193,01:39.193,0.227,0.108,0.119,10,3.10,11,1.50,10,1.55,12,1.45,10,1.0,8,10,4.60,11,3.00,8,0.1509433962264151,5.043,0.0951509433962265,4.21,4.00,1.64,4.27,2.83,5.86,4.17,4.00,6.62,1.0,0.7051926298157454,0.0,0.317829457364341,1.0,0.8,0.0,0.2992291520672739,15.0,0.0,0.3417874396135265,3.0,3.0,3.0,0.0,0,0.0,0.0,0.0,0.0,0.0,0.0,0.0,0.0,0.0,0.0,0.0,0.0,0.0,0.0,0.0,0.0,4.185,7.60,22,16,JPN,GAS,Pierre Gasly,FRA,France,Франция,#004CA2,Renault,#FAEF00,20.0,80.0,0.0,0.0,38.0,38.0,9,14,10,10.0,10,11,11.0,12,10,7.60,
2023,2023161,2,18,Guanyu Zhou,Alfa Romeo,19.0,19,13,13,13,+1 Lap,0,24,ZHO,23,1,#752020,23-1,5,3,1.0,1.0,0.0,0.0,0.2857142857142857,19,0,0,10.0,19.0,0,0,1.0,,52.0,98,-3,0.0,3.0,3.0,18.0,0,0.0,0.0,0.0,1.0,99.259,01:39.259,0.199,0.121,0.078,8,3.30,12,1.45,12,1.45,14,1.35,11,1.0,9,9,4.75,12,2.80,5,0.0961538461538461,3.077,0.0591730769230768,5.97,4.00,1.36,4.27,6.12,5.86,4.17,4.00,6.62,,,,,,,,,8.0,1.0,1.0,0.0,20.0,0.0,0.0,0,0.0,0.0,0.0,0.0,0.0,0.0,0.0,0.0,0.0,0.0,0.0,0.0,0.0,0.0,0.0,0.0,5.358333333333333,7.55,22,16,JPN,BOT,Valtteri Bottas,CHN,China,Китай,#F70000,Ferrari,#DC0004,0.0,100.0,0.0,0.0,4.0,4.0,13,19,11,9.0,8,12,12.0,14,12,7.55,
2023,2023161,2,18,Yuki Tsunoda,Alpha Tauri,9.0,9,12,12,12,+1 Lap,0,22,TSU,9,2,#5F86E1,9-2,13,2,1.0,6.0,1.0,1.0,0.5454545454545454,9,0,0,5.0,9.0,0,0,0.0,0.0,52.0,98,-2,0.0,2.0,2.0,11.0,-2,0.0,2.0,2.0,1.0,99.301,01:39.301,0.176,0.086,0.09,6,3.50,14,1.35,18,1.15,11,1.50,12,1.0,13,8,4.85,13,2.65,8,0.1538461538461538,3.751,0.0721346153846149,7.42,1.00,1.18,5.09,4.94,5.86,4.17,4.00,6.62,0.0,0.4521633150517977,0.0,0.4682539682539682,0.0,0.1538461538461538,0.0,0.4306260575296108,13.0,0.0,0.3948840927258193,0.0,26.0,0.0,0.0,0,0.0,0.0,0.0,0.0,0.0,0.0,0.0,0.0,0.0,0.0,0.0,0.0,0.0,0.0,0.0,0.0,5.961666666666666,7.50,22,16,JPN,LAW,Liam Lawson,JPN,Japan,Япония,#C60018,Honda,#DE0000,0.0,100.0,0.0,100.0,3.0,3.0,12,9,12,8.0,6,14,13.0,11,18,7.50,
2023,2023161,2,18,Pierre Gasly,Alpine,12.0,12,10,10,10,+1:23.155,1,10,GAS,17,3,#0E8EDD,17-3,9,4,1.0,4.5,1.0,1.0,0.5625,12,0,0,6.0,12.0,0,0,0.0,0.0,53.0,100,4,5.0,1.0,6.0,14.0,-2,0.0,2.0,2.0,1.0,98.751,01:38.751,0.266,0.182,0.084,14,2.70,7,1.70,19,1.10,2,1.95,13,1.0,14,14,4.40,10,3.05,4,0.0754716981132075,3.525,0.0665094339622637,1.76,1.00,3.52,10.00,5.45,5.86,4.17,4.00,6.62,0.0,0.2948073701842546,1.0,0.6821705426356589,0.0,0.2,1.0,0.700770847932726,10.0,1.0,0.6582125603864734,3.0,3.0,3.0,0.0,0,0.0,0.0,0.0,0.0,0.0,0.0,0.0,0.0,0.0,0.0,0.0,0.0,0.0,0.0,0.0,0.0,3.0066666666666664,7.45,22,16,JPN,OCO,Esteban Ocon,FRA,France,Франция,#004CA2,Renault,#FAEF00,83.0,17.0,0.0,100.0,46.0,46.0,10,12,13,14.0,14,7,10.0,2,19,7.45,
2023,2023161,2,18,George Russell,Mercedes,8.0,8,7,7,7,+57.659,6,63,RUS,14,10,#08ABA3,14-10,10,1,1.0,6.5,0.0,0.0,0.4814814814814814,8,0,0,4.0,8.0,0,0,0.0,0.0,53.0,100,-7,0.0,7.0,7.0,9.0,-1,0.0,1.0,1.0,1.0,98.867,01:38.867,0.233,0.097,0.136,11,3.00,10,1.55,16,1.25,15,1.30,14,1.0,12,11,4.55,14,2.55,7,0.1320754716981132,6.100,0.1150943396226419,3.83,2.50,3.03,1.00,1.0,5.86,4.17,4.00,6.62,0.0,0.4448315911730546,0.0,0.3329670329670329,0.0,0.5,0.0,0.0909090909090909,17.0,0.0,0.1298701298701298,16.0,53.0,34.0,0.0,0,0.0,0.0,0.0,0.0,0.0,0.0,0.0,0.0,0.0,0.0,0.0,0.0,0.0,0.0,0.0,0.0,3.1366666666666667,7.10,22,16,JPN,HAM,Lewis Hamilton,GBR,Great Britain,Великобритания,#314486,Mercedes,#707070,0.0,100.0,0.0,100.0,115.0,115.0,7,8,14,11.0,11,10,14.0,15,16,7.10,
2023,2023161,2,18,Kevin Magnussen,Haas F1 Team,15.0,15,15,15,15,+1 Lap,0,20,MAG,22,7,#505050,22-7,6,3,1.0,3.0,1.0,1.0,0.6666666666666666,15,0,0,8.0,15.0,0,0,0.0,0.0,52.0,98,-3,0.0,3.0,3.0,15.0,-2,0.0,2.0,2.0,1.0,99.344,01:39.344,0.278,0.130,0.148,15,2.60,15,1.30,20,1.05,13,1.40,15,1.0,15,15,3.90,15,2.45,3,0.0576923076923076,5.872,0.1129230769230772,1.00,1.00,1.00,4.27,1.2,5.86,4.17,4.00,6.62,0.0,0.2096436058700209,0.0,0.2272727272727272,0.0,0.125,0.0,0.4194499017681729,16.0,0.0,0.1886792452830188,0.0,20.0,0.0,0.0,0,0.0,0.0,0.0,0.0,0.0,0.0,0.0,0.0,0.0,0.0,0.0,0.0,0.0,0.0,0.0,0.0,1.545,6.35,22,16,JPN,HUL,Nico Hulkenberg,DEN,Denmark,Дания,#D20019,Ferrari,#DC0004,0.0,100.0,0.0,100.0,3.0,3.0,15,15,15,15.0,15,15,15.0,13,20,6.35,
2023,2023161,2,18,Alexander Albon,Williams,13.0,13,-,DNF,16,-,0,23,ALB,24,18,#0B4BCD,24-18,20,1,1.0,4.0,1.0,,,13,0,0,7.0,13.0,1,0,0.0,,26.0,49,-,0.0,0.0,0.0,17.0,0,0.0,0.0,0.0,1.0,-,-,0.194,0.179,0.015,DNC,DNC,DNC,DNC,9,DNC,DNC,DNC,DNC,0.0,17,DNC,DNC,DNC,DNC,1,0.0384615384615384,0.438,0.0168461538461539,-,4.00,-,-,10.0,5.86,4.17,4.00,6.62,,,,,,,,,1.0,1.0,1.0,0.0,53.0,0.0,0.0,0,0.0,0.0,0.0,0.0,0.0,0.0,0.0,0.0,0.0,0.0,0.0,0.0,0.0,0.0,0.0,0.0,,DNC,22,16,JPN,SAR,Logan Sargeant,THA,Thailand,Таиланд,#2E2549,Mercedes,#707070,0.0,0.0,0.0,0.0,21.0,21.0,9,13,14,15.0,16,10,10.5,4,9,7.20,
2023,2023161,2,18,Logan Sargeant,Williams,,PLS,-,DNF,17,-,0,2,SAR,27,18,#0B4BCD,27-18,21,1,0.0,,0.0,,,PLS,0,1,,20.0,1,0,0.0,,22.0,42,-,0.0,0.0,0.0,16.0,0,0.0,0.0,0.0,1.0,-,-,0.210,0.210,0.0,DNC,DNC,DNC,DNC,13,DNC,DNC,DNC,DNC,0.0,20,DNC,DNC,DNC,DNC,0,0.0,-,,-,4.00,-,-,,5.86,4.17,4.00,6.62,,,,,,,,,20.0,0.0,,0.0,53.0,0.0,0.0,0,0.0,0.0,0.0,0.0,0.0,0.0,0.0,0.0,0.0,0.0,0.0,0.0,0.0,0.0,0.0,0.0,,DNC,22,16,JPN,ALB,Alexander Albon,USA,USA,США,#071C63,Mercedes,#707070,0.0,0.0,0.0,0.0,0.0,0.0,15,19,6,6.0,4,10,8.666666666666666,9,13,8.47,
2023,2023161,2,18,Lance Stroll,Aston Martin,17.0,17,-,DNF,18,-,0,18,STR,10,4,#23675D,10-4,4,1,1.0,2.0,0.0,0.0,0.2666666666666666,17,0,0,9.0,17.0,1,0,0.0,,20.0,38,-,1.0,0.0,1.0,12.0,2,2.0,0.0,2.0,1.0,-,-,0.228,0.129,0.099,DNC,DNC,DNC,DNC,2,DNC,DNC,DNC,DNC,0.0,19,DNC,DNC,DNC,DNC,1,0.05,1.001,0.0500499999999995,-,7.00,-,-,6.96,5.86,4.17,4.00,6.62,,,,,,,,,5.0,1.0,0.5450274079874706,4.0,53.0,0.0,0.0,0,0.0,0.0,0.0,0.0,0.0,0.0,0.0,0.0,0.0,0.0,0.0,0.0,0.0,0.0,0.0,0.0,,DNC,22,16,JPN,ALO,Fernando Alonso,CAN,Canada,Канада,#E30000,Mercedes,#707070,100.0,0.0,100.0,0.0,47.0,47.0,14,17,9,11.0,9,15,7.0,9,2,7.68,
2023,2023161,2,18,Sergio Perez,Red Bull Racing,5.0,5,-,DNF,19,-,0,11,PER,5,14,#405585,5-14,14,2,1.0,8.0,0.0,0.0,0.4444444444444444,5,0,0,3.0,5.0,1,0,0.0,,15.0,28,-,1.0,0.0,1.0,7.0,-2,0.0,2.0,2.0,0.0,-,-,0.225,0.225,0.0,DNC,DNC,DNC,DNC,17,DNC,DNC,DNC,DNC,0.0,16,DNC,DNC,DNC,DNC,0,0.0,-,,-,1.00,-,-,,5.86,4.17,4.00,6.62,,,,,,,,,19.0,0.0,,26.0,26.0,0.0,0.0,0,0.0,0.0,0.0,0.0,0.0,0.0,0.0,0.0,0.0,0.0,0.0,0.0,0.0,0.0,0.0,0.0,,DNC,22,16,JPN,VER,Max Verstappen,MEX,Mexico,Мексика,#006640,Honda,#DE0000,100.0,0.0,0.0,100.0,223.0,223.0,9,5,12,13.0,16,7,10.0,6,17,7.38,
2023,2023161,2,18,Valtteri Bottas,Alfa Romeo,16.0,16,-,DNF,20,-,0,77,BOT,3,1,#752020,3-1,8,3,1.0,2.5,1.0,1.0,0.7142857142857143,16,0,0,8.0,16.0,1,0,0.0,,7.0,13,-,0.0,0.0,0.0,20.0,0,0.0,0.0,0.0,0.0,-,-,-,-,,DNC,DNC,DNC,DNC,11,DNC,DNC,DNC,DNC,0.0,18,DNC,DNC,DNC,DNC,0,0.0,-,,-,4.00,-,-,,5.86,4.17,4.00,6.62,,,,,,,,,18.0,0.0,,0.0,20.0,0.0,0.0,0,0.0,0.0,0.0,0.0,0.0,0.0,0.0,0.0,0.0,0.0,0.0,0.0,0.0,0.0,0.0,0.0,,DNC,22,16,JPN,ZHO,Guanyu Zhou,FIN,Finland,Финляндия,#04276B,Ferrari,#DC0004,0.0,0.0,0.0,0.0,6.0,6.0,10,16,14,12.0,10,14,17.5,16,11,6.93,
2023,2023170,2,19,Max Verstappen,Red Bull Racing,3.0,3,2,2,2,+1.871,7,1,VER,2,14,#405585,2-14,16,2,1.0,9.0,1.0,1.0,0.5806451612903226,3,0,0,2.0,3.0,0,0,1.0,,19.0,100,3,3.0,0.0,3.0,5.0,-2,1.0,3.0,4.0,1.0,86.896,01:26.896,0.179,0.179,0.0,3,3.80,1,2.00,14,1.35,2,1.95,1,1.0,13,1,5.80,7,3.30,0,0.0,-,,8.96,3.57,10.00,10.00,,5.99,3.62,6.14,5.50,1.0,0.7832167832167832,1.0,0.7434944237918216,1.0,0.5,1.0,0.6451612903225806,20.0,0.0,,7.0,7.0,7.0,1.0,1,1.0,0.0,1.0,0.0,0.0,2.0,1.0,0.0,1.0,0.0,1.0,0.0,0.0,1.0,1.0,0.0,8.235000000000001,9.10,30,17,QAT*,PER,Sergio Perez,NLD,Netherlands,Нидерланды,#F75600,Honda,#DE0000,100.0,0.0,25.0,75.0,407.0,407.0,2,3,1,1.0,3,1,7.0,2,14,9.10,
2023,2023170,2,19,Oscar Piastri,McLaren,1.0,1,1,1,1,35:01.297,8,81,PIA,28,9,#EE853F,28-9,2,1,1.0,10.0,1.0,1.0,0.5128205128205128,1,0,0,1.0,1.0,0,0,1.0,1.0,19.0,100,0,1.0,1.0,2.0,1.0,0,0.0,0.0,0.0,1.0,87.048,01:27.048,0.183,0.105,0.078,5,3.60,2,1.95,9,1.60,6,1.75,2,1.0,8,3,5.55,4,3.35,1,0.0526315789473684,0.454,0.0238947368421056,8.89,6.14,9.59,5.50,9.0,5.99,3.62,6.14,5.50,1.0,0.6131034482758622,1.0,0.5674556213017752,1.0,0.8599439775910364,0.0,0.3548387096774194,2.0,1.0,1.0,14.0,26.0,8.0,0.0,0,0.0,0.0,0.0,0.0,0.0,0.0,0.0,1.0,0.0,0.0,1.0,1.0,0.0,0.0,1.0,11.0,7.866666666666667,8.90,30,17,QAT*,NOR,Lando Norris,AUS,Australia,Австралия,#F7C900,Mercedes,#707070,50.0,50.0,0.0,0.0,65.0,65.0,1,1,2,3.0,5,2,4.0,6,9,8.90,
2023,2023170,2,19,Esteban Ocon,Alpine,10.0,10,-,DNF,17,-,0,31,OCO,13,3,#0E8EDD,13-3,9,4,1.0,5.5,1.0,1.0,0.5238095238095238,10,0,0,5.0,10.0,1,0,0.0,,10.0,53,0,1.0,1.0,2.0,8.0,2,2.0,0.0,2.0,1.0,89.604,01:29.604,0.150,0.150,0.0,2,3.90,8,1.65,6,1.75,9,1.60,3,1.0,6,2,5.55,5,3.35,0,0.0,-,,9.44,8.71,2.75,5.50,,5.99,3.62,6.14,5.50,1.0,0.6474622770919067,1.0,0.6610576923076923,1.0,0.5865319865319866,1.0,0.8461538461538461,10.0,1.0,,0.0,0.0,0.0,0.0,0,0.0,0.0,0.0,0.0,0.0,0.0,0.0,0.0,0.0,0.0,0.0,0.0,0.0,0.0,0.0,0.0,8.661666666666667,8.90,30,17,QAT*,GAS,Pierre Gasly,FRA,France,Франция,#004CA2,Renault,#FAEF00,50.0,50.0,100.0,0.0,38.0,38.0,8,10,3,2.0,2,8,5.0,9,6,8.90,
2023,2023170,2,19,Lance Stroll,Aston Martin,16.0,16,13,13,13,+1 Lap,0,18,STR,10,4,#23675D,10-4,4,1,1.0,2.5,0.0,0.0,0.2941176470588235,16,0,0,8.0,16.0,0,0,0.0,0.0,19.0,100,1,1.0,0.0,1.0,14.0,1,1.0,0.0,1.0,1.0,90.048,01:30.048,0.180,0.180,0.0,4,3.70,14,1.35,7,1.70,5,1.80,4,1.0,7,7,5.05,1,3.50,0,0.0,-,,8.94,7.43,1.56,7.00,,5.99,3.62,6.14,5.50,1.0,0.6123287671232877,0.0,0.39,0.0,0.4603469640644361,1.0,0.6363636363636364,14.0,0.0,,1.0,26.0,0.0,0.0,0,0.0,0.0,0.0,0.0,0.0,0.0,0.0,0.0,0.0,0.0,0.0,0.0,0.0,0.0,0.0,0.0,8.365,8.55,30,17,QAT*,ALO,Fernando Alonso,CAN,Canada,Канада,#E30000,Mercedes,#707070,100.0,0.0,100.0,0.0,47.0,47.0,13,16,4,7.0,4,14,1.0,5,7,8.55,
2023,2023170,2,19,Kevin Magnussen,Haas F1 Team,19.0,19,14,14,14,+1 Lap,0,20,MAG,22,7,#505050,22-7,6,3,1.0,1.0,0.0,0.0,0.125,19,0,0,10.0,19.0,0,0,1.0,,19.0,100,-1,0.0,1.0,1.0,15.0,3,3.0,0.0,3.0,1.0,90.145,01:30.145,0.116,0.116,0.0,1,4.00,17,1.20,1,2.00,14,1.35,5,1.0,1,4,5.20,6,3.35,0,0.0,-,,10.00,10.00,1.30,4.00,,5.99,3.62,6.14,5.50,1.0,0.5530973451327434,0.0,0.3233830845771144,1.0,0.7369196757553427,0.0,0.4210526315789473,13.0,0.0,,0.0,3.0,0.0,1.0,1,0.0,1.0,0.0,1.0,0.0,2.0,0.0,0.0,0.0,0.0,0.0,0.0,0.0,0.0,0.0,0.0,9.0,8.55,30,17,QAT*,HUL,Nico Hulkenberg,DEN,Denmark,Дания,#D20019,Ferrari,#DC0004,0.0,100.0,100.0,0.0,3.0,3.0,14,19,5,4.0,1,17,6.0,14,1,8.55,
2023,2023170,2,19,Lewis Hamilton,Mercedes,12.0,12,5,5,5,+17.314,4,44,HAM,1,10,#08ABA3,1-10,10,1,1.0,4.5,0.0,0.0,0.3461538461538461,12,0,0,6.0,12.0,0,0,0.0,0.0,19.0,100,3,3.0,0.0,3.0,12.0,0,0.0,0.0,0.0,1.0,88.953,01:28.953,0.313,0.313,0.0,8,3.30,5,1.80,11,1.50,3,1.90,6,1.0,10,5,5.10,3,3.40,0,0.0,-,,6.73,6.14,4.49,10.00,,5.99,3.62,6.14,5.50,1.0,0.5660218671152228,0.0,0.4346563407550823,0.0,0.4134680134680134,1.0,0.7142857142857143,17.0,1.0,,9.0,26.0,15.0,0.0,0,0.0,0.0,0.0,0.0,0.0,0.0,0.0,0.0,0.0,0.0,0.0,0.0,0.0,0.0,0.0,0.0,7.176666666666667,8.50,30,17,QAT*,RUS,George Russell,GBR,Great Britain,Великобритания,#314486,Mercedes,#707070,100.0,0.0,0.0,0.0,194.0,194.0,5,12,6,5.0,8,5,3.0,3,11,8.50,
2023,2023170,2,19,George Russell,Mercedes,4.0,4,4,4,4,+11.036,5,63,RUS,14,10,#08ABA3,14-10,10,1,1.0,8.5,1.0,1.0,0.6538461538461539,4,0,0,2.0,4.0,0,0,1.0,1.0,19.0,100,-1,1.0,2.0,3.0,2.0,2,2.0,0.0,2.0,1.0,88.45,01:28.450,0.408,0.408,0.0,11,3.00,4,1.85,2,1.95,12,1.45,7,1.0,2,9,4.85,2,3.40,0,0.0,-,,5.16,8.71,5.84,4.00,,5.99,3.62,6.14,5.50,0.0,0.4339781328847771,1.0,0.5653436592449177,1.0,0.5865319865319866,0.0,0.2857142857142857,18.0,0.0,,9.0,26.0,15.0,0.0,0,0.0,0.0,0.0,0.0,0.0,0.0,0.0,0.0,0.0,0.0,0.0,0.0,0.0,0.0,0.0,8.0,5.558333333333334,8.25,30,17,QAT*,HAM,Lewis Hamilton,GBR,Great Britain,Великобритания,#314486,Mercedes,#707070,33.0,67.0,100.0,0.0,120.0,120.0,4,4,7,9.0,11,4,2.0,12,2,8.25,
2023,2023170,2,19,Lando Norris,McLaren,2.0,2,3,3,3,+8.497,6,4,NOR,4,9,#EE853F,4-9,10,1,1.0,9.5,0.0,0.0,0.4871794871794871,2,0,0,1.0,2.0,0,0,0.0,0.0,19.0,100,3,3.0,0.0,3.0,6.0,-4,0.0,4.0,4.0,1.0,87.901,01:27.901,0.381,0.381,0.0,10,3.10,3,1.90,19,1.10,1,2.00,8,1.0,18,8,5.00,11,3.10,0,0.0,-,,5.61,1.00,7.31,10.00,,5.99,3.62,6.14,5.50,0.0,0.3868965517241379,0.0,0.4325443786982249,0.0,0.1400560224089636,1.0,0.6451612903225806,19.0,0.0,,14.0,26.0,15.0,1.0,0,0.0,0.0,0.0,0.0,1.0,1.0,0.0,0.0,0.0,1.0,1.0,0.0,1.0,0.0,1.0,0.0,5.573333333333333,8.10,30,17,QAT*,PIA,Oscar Piastri,GBR,Great Britain,Великобритания,#314486,Mercedes,#707070,100.0,0.0,0.0,100.0,121.0,121.0,3,2,8,8.0,10,3,11.0,1,19,8.10,
2023,2023170,2,19,Nico Hulkenberg,Haas F1 Team,7.0,7,-,DNF,16,-,0,27,HUL,25,7,#505050,25-7,11,3,1.0,7.0,1.0,1.0,0.875,7,0,0,4.0,7.0,1,0,0.0,,11.0,58,0,0.0,0.0,0.0,9.0,-2,0.0,2.0,2.0,1.0,89.617,01:29.617,0.232,0.232,0.0,6,3.50,9,1.60,15,1.30,7,1.70,9,1.0,14,6,5.10,13,3.00,0,0.0,-,,8.08,3.57,2.72,5.50,,5.99,3.62,6.14,5.50,0.0,0.4469026548672566,1.0,0.6766169154228855,0.0,0.2630803242446573,1.0,0.5789473684210527,11.0,1.0,,0.0,3.0,0.0,0.0,0,0.0,0.0,0.0,0.0,0.0,0.0,0.0,0.0,0.0,0.0,0.0,0.0,0.0,0.0,0.0,0.0,6.898333333333333,8.10,30,17,QAT*,MAG,Kevin Magnussen,GER,Germany,Германия,#000000,Ferrari,#DC0004,0.0,0.0,0.0,100.0,9.0,9.0,15,7,9,6.0,6,9,13.0,7,15,8.10,
2023,2023170,2,19,Fernando Alonso,Aston Martin,9.0,9,8,8,8,+21.180,1,14,ALO,19,4,#23675D,19-4,7,1,1.0,6.0,1.0,1.0,0.7058823529411765,9,0,0,5.0,9.0,0,0,1.0,1.0,19.0,100,-1,1.0,2.0,3.0,7.0,2,2.0,0.0,2.0,1.0,89.721,01:29.721,0.378,0.257,0.121,9,3.20,10,1.55,5,1.80,13,1.40,10,1.0,5,10,4.75,10,3.20,1,0.0526315789473684,0.769,0.0404736842105266,5.66,8.71,2.44,4.00,7.35,5.99,3.62,6.14,5.50,0.0,0.3876712328767123,1.0,0.61,1.0,0.5396530359355638,0.0,0.3636363636363636,3.0,1.0,1.0,1.0,26.0,4.0,0.0,0,0.0,0.0,0.0,0.0,0.0,0.0,0.0,0.0,0.0,0.0,0.0,0.0,0.0,0.0,0.0,0.0,5.891666666666667,7.95,30,17,QAT*,STR,Lance Stroll,ESP,Spain,Испания,#F7B800,Mercedes,#707070,33.0,67.0,100.0,0.0,175.0,175.0,8,9,10,10.0,9,10,10.0,13,5,7.95,
2023,2023170,2,19,Alexander Albon,Williams,17.0,17,7,7,7,+19.864,2,23,ALB,24,18,#0B4BCD,24-18,20,1,1.0,2.0,1.0,,,17,0,0,9.0,17.0,0,0,1.0,,19.0,100,3,4.0,1.0,5.0,17.0,-1,0.0,1.0,1.0,1.0,89.374,01:29.374,0.480,0.480,0.0,14,2.70,7,1.70,13,1.40,4,1.85,11,1.0,12,12,4.40,8,3.25,0,0.0,-,,3.97,4.86,3.37,10.00,,5.99,3.62,6.14,5.50,,,,,,,,,16.0,1.0,,2.0,26.0,2.0,0.0,0,0.0,0.0,0.0,0.0,0.0,0.0,0.0,0.0,0.0,0.0,0.0,0.0,0.0,0.0,0.0,0.0,5.123333333333334,7.65,30,17,QAT*,SAR,Logan Sargeant,THA,Thailand,Таиланд,#2E2549,Mercedes,#707070,80.0,20.0,0.0,100.0,23.0,23.0,7,17,11,12.0,14,7,8.0,4,13,7.65,
2023,2023170,2,19,Yuki Tsunoda,Alpha Tauri,18.0,18,11,11,11,+22.863,0,22,TSU,9,2,#5F86E1,9-2,13,2,1.0,1.5,0.0,0.0,0.3,18,0,0,9.0,18.0,0,0,1.0,,19.0,100,0,1.0,1.0,2.0,19.0,-2,0.0,2.0,2.0,1.0,90.066,01:30.066,0.294,0.277,0.0169999999999999,7,3.40,15,1.30,18,1.15,11,1.50,12,1.0,17,11,4.70,18,2.65,1,0.0526315789473684,0.264,0.013894736842105,7.05,3.57,1.51,5.50,10.0,5.99,3.62,6.14,5.50,,,,,,,,,1.0,1.0,1.0,0.0,7.0,0.0,0.0,0,0.0,0.0,0.0,0.0,0.0,0.0,0.0,0.0,0.0,0.0,0.0,0.0,0.0,0.0,0.0,0.0,6.211666666666667,7.35,30,17,QAT*,LAW,Liam Lawson,JPN,Japan,Япония,#C60018,Honda,#DE0000,50.0,50.0,0.0,100.0,3.0,3.0,11,18,12,11.0,7,15,18.0,11,18,7.35,
2023,2023170,2,19,Sergio Perez,Red Bull Racing,8.0,8,-,DNF,18,-,0,11,PER,5,14,#405585,5-14,14,2,1.0,6.5,0.0,0.0,0.4193548387096774,8,0,0,4.0,8.0,1,0,0.0,,10.0,53,0,1.0,1.0,2.0,10.0,-2,0.0,2.0,2.0,1.0,89.343,01:29.343,0.570,0.570,0.0,16,2.50,6,1.75,16,1.25,8,1.65,13,1.0,15,13,4.25,14,2.90,0,0.0,-,,2.48,3.57,3.45,5.50,,5.99,3.62,6.14,5.50,0.0,0.2167832167832167,0.0,0.2565055762081785,0.0,0.5,0.0,0.3548387096774194,9.0,1.0,,7.0,7.0,0.0,0.0,0,0.0,0.0,0.0,0.0,0.0,0.0,0.0,0.0,0.0,0.0,0.0,0.0,0.0,0.0,0.0,0.0,3.165,7.15,30,17,QAT*,VER,Max Verstappen,MEX,Mexico,Мексика,#006640,Honda,#DE0000,50.0,50.0,0.0,100.0,223.0,223.0,9,8,13,13.0,16,6,14.0,8,16,7.15,
2023,2023170,2,19,Carlos Sainz,Ferrari,5.0,5,6,6,6,+18.806,3,55,SAI,8,5,#E01A00,8-5,7,3,1.0,8.0,1.0,1.0,0.5161290322580645,5,0,0,3.0,5.0,0,0,1.0,1.0,19.0,100,-2,0.0,2.0,2.0,3.0,2,2.0,0.0,2.0,1.0,89.786,01:29.786,0.592,0.322,0.2699999999999999,17,2.40,11,1.50,3,1.90,15,1.30,14,1.0,3,17,3.90,9,3.20,1,0.0526315789473684,1.413,0.0743684210526314,2.11,8.71,2.26,2.50,3.97,5.99,3.62,6.14,5.50,1.0,0.6784565916398714,1.0,0.5136363636363636,1.0,0.5,1.0,0.7142857142857143,5.0,1.0,0.7987927565392353,3.0,3.0,4.0,0.0,0,0.0,0.0,0.0,0.0,0.0,0.0,0.0,0.0,0.0,0.0,0.0,0.0,0.0,0.0,0.0,0.0,3.275,7.10,30,17,QAT*,LEC,Charles Leclerc,ESP,Spain,Испания,#F7B800,Ferrari,#DC0004,0.0,100.0,100.0,0.0,153.0,153.0,6,5,14,17.0,17,11,9.0,15,3,7.10,
2023,2023170,2,19,Pierre Gasly,Alpine,11.0,11,9,9,9,+21.742,0,10,GAS,17,3,#0E8EDD,17-3,9,4,1.0,5.0,0.0,0.0,0.4761904761904761,11,0,0,6.0,11.0,0,0,1.0,,19.0,100,-3,1.0,4.0,5.0,11.0,0,0.0,0.0,0.0,1.0,90.103,01:30.103,0.409,0.409,0.0,12,2.90,16,1.25,10,1.55,18,1.15,15,1.0,9,14,4.15,16,2.70,0,0.0,-,,5.14,6.14,1.41,1.00,,5.99,3.62,6.14,5.50,0.0,0.3525377229080933,0.0,0.3389423076923076,0.0,0.4134680134680134,0.0,0.1538461538461538,15.0,0.0,,0.0,0.0,0.0,0.0,0,0.0,0.0,0.0,0.0,0.0,0.0,0.0,0.0,0.0,0.0,0.0,0.0,0.0,0.0,0.0,0.0,4.616666666666666,6.85,30,17,QAT*,OCO,Esteban Ocon,FRA,France,Франция,#004CA2,Renault,#FAEF00,20.0,80.0,0.0,0.0,46.0,46.0,9,11,15,14.0,12,16,16.0,18,10,6.85,
2023,2023170,2,19,Charles Leclerc,Ferrari,6.0,6,12,12,12,+24.860,0,16,LEC,6,5,#E01A00,6-5,15,3,1.0,7.5,0.0,0.0,0.4838709677419355,6,0,0,3.0,6.0,0,0,0.0,0.0,19.0,100,-3,0.0,3.0,3.0,4.0,2,2.0,0.0,2.0,1.0,89.831,01:29.831,0.659,0.274,0.385,18,2.30,12,1.45,4,1.85,17,1.20,16,1.0,4,18,3.75,12,3.05,2,0.1052631578947368,1.980,0.1042105263157874,1.00,8.71,2.14,1.00,1.0,5.99,3.62,6.14,5.50,0.0,0.3215434083601286,0.0,0.4863636363636363,0.0,0.5,0.0,0.2857142857142857,6.0,0.0,0.2012072434607645,3.0,3.0,0.0,0.0,0,0.0,0.0,0.0,0.0,0.0,0.0,0.0,0.0,0.0,0.0,0.0,0.0,0.0,0.0,0.0,0.0,2.285,6.80,30,17,QAT*,SAI,Carlos Sainz,MON,Monaco,Монако,#D80000,Ferrari,#DC0004,0.0,100.0,100.0,0.0,135.0,135.0,12,6,16,18.0,18,12,12.0,17,4,6.80,
2023,2023170,2,19,Valtteri Bottas,Alfa Romeo,13.0,13,10,10,10,+22.208,0,77,BOT,3,1,#752020,3-1,8,3,1.0,4.0,1.0,1.0,0.5714285714285714,13,0,0,7.0,13.0,0,0,1.0,1.0,19.0,100,-2,0.0,2.0,2.0,13.0,0,0.0,0.0,0.0,1.0,89.897,01:29.897,0.480,0.349,0.131,15,2.60,13,1.40,12,1.45,16,1.25,17,1.0,11,15,4.00,17,2.70,1,0.0526315789473684,0.824,0.0433684210526314,3.97,6.14,1.97,2.50,7.06,5.99,3.62,6.14,5.50,0.0,0.4627039627039627,1.0,0.6632996632996634,1.0,0.6323377960865088,0.0,0.3125,4.0,1.0,1.0,0.0,3.0,0.0,0.0,0,0.0,0.0,0.0,0.0,0.0,0.0,0.0,0.0,0.0,0.0,0.0,0.0,0.0,0.0,0.0,0.0,4.086666666666667,6.70,30,17,QAT*,ZHO,Guanyu Zhou,FIN,Finland,Финляндия,#04276B,Ferrari,#DC0004,0.0,100.0,0.0,0.0,6.0,6.0,10,13,17,15.0,15,13,17.0,16,12,6.70,
2023,2023170,2,19,Guanyu Zhou,Alfa Romeo,15.0,15,15,15,15,+1 Lap,0,24,ZHO,23,1,#752020,23-1,5,3,1.0,3.0,0.0,0.0,0.4285714285714285,15,0,0,8.0,15.0,0,0,0.0,0.0,19.0,100,0,0.0,0.0,0.0,16.0,-2,0.0,2.0,2.0,1.0,90.258,01:30.258,0.441,0.441,0.0,13,2.80,18,1.15,17,1.20,10,1.55,18,1.0,16,16,3.95,15,2.75,0,0.0,-,,4.61,3.57,1.00,5.50,,5.99,3.62,6.14,5.50,1.0,0.5372960372960374,0.0,0.3367003367003367,0.0,0.3676622039134912,1.0,0.6875,12.0,0.0,,0.0,3.0,0.0,0.0,0,0.0,0.0,0.0,0.0,0.0,0.0,0.0,0.0,0.0,0.0,0.0,0.0,0.0,0.0,0.0,0.0,4.585,6.70,30,17,QAT*,BOT,Valtteri Bottas,CHN,China,Китай,#F70000,Ferrari,#DC0004,0.0,0.0,0.0,100.0,4.0,4.0,15,15,18,16.0,13,18,15.0,10,17,6.70,
2023,2023170,2,19,Logan Sargeant,Williams,,20,-,DNF,19,-,0,2,SAR,27,18,#0B4BCD,27-18,21,1,0.0,,0.0,,,20,0,0,10.0,20.0,1,0,0.0,,2.0,11,-,0.0,0.0,0.0,18.0,1,1.0,0.0,1.0,0.0,-,-,-,-,,DNC,DNC,DNC,DNC,8,DNC,DNC,DNC,DNC,0.0,20,DNC,DNC,DNC,DNC,-,,-,,-,7.43,-,-,,5.99,3.62,6.14,5.50,,,,,,,,,,0.0,,2.0,26.0,0.0,0.0,0,0.0,0.0,0.0,0.0,0.0,0.0,0.0,0.0,0.0,0.0,0.0,0.0,0.0,0.0,0.0,0.0,,DNC,30,17,QAT*,ALB,Alexander Albon,USA,USA,США,#071C63,Mercedes,#707070,0.0,0.0,100.0,0.0,0.0,0.0,16,20,8,8.0,6,14,9.333333333333334,10,8,8.03,
2023,2023170,2,19,Liam Lawson,Alpha Tauri,14.0,14,-,DNF,20,-,0,40,LAW,29,2,#5F86E1,29-2,17,2,1.0,3.5,1.0,1.0,0.7,14,0,0,7.0,14.0,1,0,0.0,,0.0,0,-,0.0,0.0,0.0,,-,-,-,,0.0,-,-,-,-,,DNC,DNC,DNC,DNC,DNC,DNC,DNC,DNC,DNC,0.0,19,DNC,DNC,DNC,DNC,-,,-,,-,-,-,-,,5.99,3.62,6.14,5.50,,,,,,,,,,0.0,,0.0,7.0,0.0,0.0,0,0.0,0.0,0.0,0.0,0.0,0.0,0.0,0.0,0.0,0.0,0.0,0.0,0.0,0.0,0.0,0.0,,DNC,30,17,QAT*,TSU,Yuki Tsunoda,NZL,New Zealand,Новая Зеландия,#0D1168,Honda,#DE0000,0.0,0.0,0.0,0.0,2.0,2.0,14,14,12,12.0,9,16,12.5,12,11,7.40,
2023,2023171,2,20,Oscar Piastri,McLaren,6.0,6,2,2,2,+4.833,18,81,PIA,28,9,#EE853F,28-9,2,1,1.0,7.63,1.0,1.0,0.5706806282722513,6,0,0,3.0,6.0,0,0,1.0,1.0,57.0,100,5,5.0,0.0,5.0,2.0,2,2.0,0.0,2.0,1.0,87.149,01:27.149,0.140,0.104,0.036,2,3.90,1,2.00,1,2.00,2,1.95,1,1.0,1,2,5.90,1,3.95,4,0.0701754385964912,1.723,0.0302280701754378,9.62,10.00,10.00,8.80,9.1,5.63,5.71,5.50,5.80,1.0,0.5265462506841817,1.0,0.5047955577990914,1.0,0.5,1.0,0.5176470588235295,3.0,1.0,0.5365566037735848,33.0,53.0,18.0,1.0,1,1.0,0.0,1.0,1.0,0.0,3.0,0.0,0.0,1.0,0.0,1.0,0.0,0.0,0.0,0.0,0.0,9.546666666666669,9.85,29,17,QAT,NOR,Lando Norris,AUS,Australia,Австралия,#F7C900,Mercedes,#707070,100.0,0.0,100.0,0.0,83.0,83.0,2,6,1,2.0,2,1,1.0,2,1,9.85,
2023,2023171,2,20,Lando Norris,McLaren,10.0,10,3,3,3,+5.969,15,4,NOR,4,9,#EE853F,4-9,10,1,1.0,5.74,0.0,0.0,0.4293193717277487,10,0,0,5.0,10.0,0,0,0.0,0.0,57.0,100,4,4.0,0.0,4.0,6.0,2,2.0,0.0,2.0,1.0,87.203,01:27.203,0.168,0.111,0.057,4,3.70,3,1.90,2,1.95,5,1.80,2,1.0,2,3,5.60,3,3.75,5,0.087719298245614,3.284,0.0576140350877201,8.65,10.00,9.81,8.20,7.86,5.63,5.71,5.50,5.80,0.0,0.4734537493158183,0.0,0.4952044422009086,0.0,0.5,0.0,0.4823529411764705,6.0,0.0,0.4634433962264151,33.0,53.0,27.0,0.0,0,0.0,0.0,0.0,0.0,0.0,0.0,0.0,0.0,0.0,1.0,1.0,0.0,0.0,0.0,0.0,0.0,8.799999999999999,9.35,29,17,QAT,PIA,Oscar Piastri,GBR,Great Britain,Великобритания,#314486,Mercedes,#707070,100.0,0.0,100.0,0.0,136.0,136.0,3,10,2,3.0,4,3,3.0,5,2,9.35,
2023,2023171,2,20,Esteban Ocon,Alpine,8.0,8,7,7,7,+1:02.390,6,31,OCO,13,3,#0E8EDD,13-3,9,4,1.0,6.68,0.0,0.0,0.4826589595375722,8,0,0,4.0,8.0,0,0,1.0,1.0,57.0,100,4,4.0,0.0,4.0,5.0,1,1.0,0.0,1.0,1.0,88.2,01:28.200,0.161,0.131,0.03,3,3.80,7,1.70,3,1.90,4,1.85,3,1.0,3,4,5.50,2,3.75,4,0.0701754385964912,1.647,0.0288947368421051,8.89,7.75,6.32,8.20,9.16,5.63,5.71,5.50,5.80,1.0,0.7157809983896941,1.0,0.5064102564102564,1.0,0.8857142857142857,1.0,0.5394736842105263,2.0,1.0,0.6110740493662442,6.0,6.0,6.0,0.0,0,0.0,0.0,0.0,0.0,0.0,0.0,0.0,0.0,0.0,0.0,0.0,0.0,0.0,0.0,0.0,0.0,8.585,9.25,29,17,QAT,GAS,Pierre Gasly,FRA,France,Франция,#004CA2,Renault,#FAEF00,100.0,0.0,100.0,0.0,44.0,44.0,7,8,3,4.0,3,7,2.0,4,3,9.25,
2023,2023171,2,20,Max Verstappen,Red Bull Racing,1.0,1,1,1,1,1:27:39.168,26,1,VER,2,14,#405585,2-14,16,2,1.0,10.0,1.0,1.0,0.6983240223463687,1,0,0,1.0,1.0,0,0,1.0,1.0,57.0,100,0,0.0,0.0,0.0,1.0,0,0.0,0.0,0.0,1.0,87.172,01:27.172,0.129,0.120,0.009,1,4.00,2,1.95,7,1.70,10,1.55,4,1.0,7,1,5.95,6,3.25,3,0.0526315789473684,0.595,0.0104385964912285,10.00,5.50,9.92,5.80,10.0,5.63,5.71,5.50,5.80,1.0,0.6688963210702341,1.0,0.6274509803921569,1.0,0.5,0.0,0.4531249999999999,1.0,1.0,0.5319148936170213,27.0,27.0,26.0,1.0,0,0.0,1.0,0.0,0.0,0.0,1.0,1.0,1.0,0.0,0.0,1.0,1.0,0.0,0.0,1.0,57.0,8.549999999999999,9.20,29,17,QAT,PER,Sergio Perez,NLD,Netherlands,Нидерланды,#F75600,Honda,#DE0000,0.0,0.0,0.0,0.0,433.0,433.0,1,1,4,1.0,1,2,6.0,10,7,9.20,
2023,2023171,2,20,Charles Leclerc,Ferrari,5.0,5,5,5,5,+38.976,10,16,LEC,6,5,#E01A00,6-5,15,3,1.0,8.11,1.0,1.0,0.6286821705426356,5,0,0,3.0,5.0,0,0,,,57.0,100,4,5.0,1.0,6.0,4.0,-1,0.0,1.0,1.0,1.0,87.808,01:27.808,0.230,0.153,0.077,7,3.40,5,1.80,14,1.35,3,1.90,5,1.0,14,5,5.20,7,3.25,3,0.0526315789473684,3.715,0.0651754385964907,6.50,3.25,7.69,8.20,7.51,5.63,5.71,5.50,5.80,,,,,,,,,8.0,1.0,1.0,10.0,16.0,10.0,0.0,0,0.0,0.0,0.0,0.0,0.0,0.0,0.0,0.0,0.0,0.0,0.0,0.0,0.0,0.0,0.0,0.0,6.241666666666667,8.45,29,17,QAT,SAI,Carlos Sainz,MON,Monaco,Монако,#D80000,Ferrari,#DC0004,83.0,17.0,0.0,100.0,145.0,145.0,5,5,5,5.0,7,5,7.0,3,14,8.45,
2023,2023171,2,20,Guanyu Zhou,Alfa Romeo,20.0,19,9,9,9,+1:16.127,2,24,ZHO,23,1,#752020,23-1,5,3,1.0,1.0,0.0,0.0,0.1386962552011095,19,0,0,10.0,18.0,0,0,0.0,0.0,57.0,100,-2,2.0,4.0,6.0,16.0,0,0.0,0.0,0.0,1.0,88.518,01:28.518,0.209,0.139,0.0699999999999999,5,3.60,11,1.50,11,1.50,13,1.40,6,1.0,11,6,5.10,14,2.90,4,0.0701754385964912,3.615,0.0634210526315791,7.23,5.50,5.21,4.60,7.59,5.63,5.71,5.50,5.80,1.0,0.5145907473309609,1.0,0.5466946484784889,1.0,0.8461538461538461,1.0,0.575,7.0,1.0,0.5348837209302326,6.0,16.0,2.0,0.0,0,0.0,0.0,0.0,0.0,0.0,0.0,0.0,0.0,0.0,0.0,0.0,0.0,0.0,0.0,0.0,0.0,6.503333333333334,8.00,29,17,QAT,BOT,Valtteri Bottas,CHN,China,Китай,#F70000,Ferrari,#DC0004,33.0,67.0,0.0,0.0,6.0,6.0,9,19,6,6.0,5,11,14.0,13,11,8.00,
2023,2023171,2,20,George Russell,Mercedes,2.0,2,4,4,4,+34.119,12,63,RUS,14,10,#08ABA3,14-10,10,1,1.0,9.53,1.0,1.0,0.5129171151776103,2,0,0,1.0,2.0,0,0,1.0,,57.0,100,7,7.0,0.0,7.0,18.0,0,0.0,0.0,0.0,1.0,87.745,01:27.745,0.345,0.173,0.172,17,2.40,4,1.85,8,1.65,1,2.00,7,1.0,8,15,4.25,4,3.65,6,0.1052631578947368,8.053,0.1412807017543859,2.52,5.50,7.91,10.00,4.05,5.63,5.71,5.50,5.80,,,,,,,,,16.0,1.0,1.0,12.0,53.0,27.0,1.0,0,0.0,0.0,0.0,0.0,1.0,1.0,0.0,0.0,0.0,0.0,0.0,0.0,1.0,0.0,1.0,0.0,4.263333333333333,7.90,29,17,QAT,HAM,Lewis Hamilton,GBR,Great Britain,Великобритания,#314486,Mercedes,#707070,100.0,0.0,0.0,0.0,132.0,132.0,4,2,7,15.0,17,4,4.0,1,8,7.90,
2023,2023171,2,20,Nico Hulkenberg,Haas F1 Team,15.0,14,16,16,16,+1 Lap,0,27,HUL,25,7,#505050,25-7,11,3,1.0,3.37,1.0,1.0,0.6962809917355373,14,0,0,7.0,13.0,0,0,0.0,0.0,56.0,98,2,2.0,0.0,2.0,10.0,1,1.0,0.0,1.0,1.0,88.652,01:28.652,0.307,0.152,0.155,13,2.80,12,1.45,5,1.80,8,1.65,8,1.0,5,14,4.25,5,3.45,4,0.0714285714285714,6.992,0.1248571428571421,3.84,7.75,4.74,7.00,4.8,5.63,5.71,5.50,5.80,0.0,0.4187568157033806,1.0,0.6414073071718538,1.0,0.5,1.0,0.875,15.0,0.0,0.4355716878402904,0.0,16.0,0.0,0.0,0,0.0,0.0,0.0,0.0,0.0,0.0,0.0,0.0,0.0,0.0,0.0,0.0,0.0,0.0,0.0,0.0,5.0183333333333335,7.70,29,17,QAT,MAG,Kevin Magnussen,GER,Germany,Германия,#000000,Ferrari,#DC0004,100.0,0.0,100.0,0.0,9.0,9.0,16,14,8,14.0,13,12,5.0,8,5,7.70,
2023,2023171,2,20,Yuki Tsunoda,Alpha Tauri,11.0,11,15,15,15,+1 Lap,0,22,TSU,9,2,#5F86E1,9-2,13,2,1.0,5.26,1.0,1.0,0.7295423023578363,11,0,0,6.0,11.0,0,0,1.0,1.0,56.0,98,-4,0.0,4.0,4.0,8.0,1,1.0,0.0,1.0,1.0,88.947,01:28.947,0.263,0.165,0.098,9,3.20,15,1.30,4,1.85,15,1.30,9,1.0,4,11,4.50,9,3.15,7,0.125,5.174,0.0923928571428567,5.36,7.75,3.70,3.40,6.28,5.63,5.71,5.50,5.80,1.0,0.6742138364779875,1.0,0.7872340425531915,1.0,0.7045454545454546,1.0,0.7727272727272726,11.0,1.0,0.5286195286195287,0.0,27.0,0.0,0.0,0,0.0,0.0,0.0,0.0,0.0,0.0,0.0,0.0,0.0,0.0,0.0,0.0,0.0,0.0,0.0,0.0,5.431666666666668,7.65,29,17,QAT,LAW,Liam Lawson,JPN,Japan,Япония,#C60018,Honda,#DE0000,0.0,100.0,100.0,0.0,3.0,3.0,15,11,9,11.0,9,15,9.0,15,4,7.65,
2023,2023171,2,20,Logan Sargeant,Williams,16.0,15,-,DNF,18,-,0,2,SAR,27,18,#0B4BCD,27-18,21,1,1.0,2.89,0.0,0.0,0.4294205052005943,15,0,0,8.0,14.0,1,0,0.0,,40.0,70,-1,0.0,1.0,1.0,12.0,0,0.0,0.0,0.0,1.0,89.617,01:29.617,0.233,0.171,0.062,8,3.30,17,1.20,9,1.60,11,1.50,10,1.0,9,10,4.50,10,3.10,5,0.125,2.143,0.0535749999999993,6.40,5.50,1.36,5.20,8.04,5.63,5.71,5.50,5.80,1.0,0.5507745266781411,0.0,0.2063732928679817,1.0,0.6285714285714286,1.0,0.5306122448979592,5.0,1.0,0.5594989561586639,0.0,53.0,0.0,0.0,0,0.0,0.0,0.0,0.0,0.0,0.0,0.0,0.0,0.0,0.0,0.0,0.0,0.0,0.0,0.0,0.0,6.05,7.60,29,17,QAT,ALB,Alexander Albon,USA,USA,США,#071C63,Mercedes,#707070,0.0,100.0,0.0,0.0,0.0,0.0,18,15,10,10.0,8,17,10.0,11,9,7.60,
2023,2023171,2,20,Sergio Perez,Red Bull Racing,13.0,20,10,10,10,+1:20.181,1,11,PER,5,14,#405585,5-14,14,2,1.0,4.32,0.0,0.0,0.3016759776536313,20,0,0,10.0,19.0,0,0,0.0,0.0,57.0,100,2,4.0,2.0,6.0,17.0,0,0.0,0.0,0.0,1.0,88.322,01:28.322,0.275,0.236,0.039,12,2.90,9,1.60,12,1.45,9,1.60,11,1.0,12,9,4.50,11,3.05,3,0.0526315789473684,2.103,0.0368947368421054,4.95,5.50,5.89,7.00,8.8,5.63,5.71,5.50,5.80,0.0,0.3311036789297659,0.0,0.3725490196078431,0.0,0.5,1.0,0.546875,4.0,0.0,0.4680851063829787,27.0,27.0,1.0,0.0,0,0.0,0.0,0.0,0.0,0.0,0.0,0.0,0.0,0.0,0.0,0.0,0.0,0.0,0.0,0.0,0.0,5.383333333333333,7.55,29,17,QAT,VER,Max Verstappen,MEX,Mexico,Мексика,#006640,Honda,#DE0000,67.0,33.0,0.0,0.0,224.0,224.0,10,20,11,9.0,12,9,11.0,9,12,7.55,
2023,2023171,2,20,Valtteri Bottas,Alfa Romeo,9.0,9,8,8,8,+1:06.563,4,77,BOT,3,1,#752020,3-1,8,3,1.0,6.21,1.0,1.0,0.8613037447988904,9,0,0,5.0,9.0,0,0,1.0,1.0,57.0,100,-4,0.0,4.0,4.0,9.0,-2,0.0,2.0,2.0,1.0,88.772,01:28.772,0.221,0.129,0.092,6,3.50,13,1.40,18,1.15,14,1.35,12,1.0,18,7,4.90,17,2.50,5,0.087719298245614,4.866,0.0853684210526313,6.82,1.00,4.32,3.40,6.6,5.63,5.71,5.50,5.80,0.0,0.4854092526690391,0.0,0.4533053515215109,0.0,0.1538461538461538,0.0,0.425,9.0,0.0,0.4651162790697674,6.0,16.0,4.0,0.0,0,0.0,0.0,0.0,0.0,0.0,0.0,0.0,0.0,0.0,0.0,0.0,0.0,0.0,0.0,0.0,0.0,5.28,7.40,29,17,QAT,ZHO,Guanyu Zhou,FIN,Finland,Финляндия,#04276B,Ferrari,#DC0004,0.0,100.0,0.0,100.0,10.0,10.0,8,9,12,7.0,6,13,17.0,14,18,7.40,
2023,2023171,2,20,Alexander Albon,Williams,14.0,13,13,13,13,+1:31.014,0,23,ALB,24,18,#0B4BCD,24-18,20,1,1.0,3.84,1.0,1.0,0.5705794947994056,13,0,0,7.0,12.0,0,0,1.0,,57.0,100,-2,1.0,3.0,4.0,11.0,-1,0.0,1.0,1.0,1.0,88.51,01:28.510,0.267,0.166,0.101,11,3.00,10,1.55,15,1.30,12,1.45,13,1.0,15,8,4.55,16,2.75,6,0.1052631578947368,5.199,0.0912105263157906,5.22,3.25,5.23,4.60,6.33,5.63,5.71,5.50,5.80,0.0,0.4492254733218588,1.0,0.7936267071320182,0.0,0.3714285714285714,0.0,0.4693877551020407,10.0,0.0,0.4405010438413361,0.0,53.0,0.0,0.0,0,0.0,0.0,0.0,0.0,0.0,0.0,0.0,0.0,0.0,0.0,0.0,0.0,0.0,0.0,0.0,0.0,4.788333333333333,7.30,29,17,QAT,SAR,Logan Sargeant,THA,Thailand,Таиланд,#2E2549,Mercedes,#707070,25.0,75.0,0.0,100.0,23.0,23.0,13,13,13,8.0,11,10,16.0,12,15,7.30,
2023,2023171,2,20,Pierre Gasly,Alpine,7.0,7,12,12,12,+1:22.300,0,10,GAS,17,3,#0E8EDD,17-3,9,4,1.0,7.16,1.0,1.0,0.5173410404624278,7,0,0,4.0,7.0,0,0,0.0,0.0,57.0,100,2,5.0,3.0,8.0,7.0,-2,0.0,2.0,2.0,1.0,88.246,01:28.246,0.316,0.210,0.106,14,2.70,8,1.65,17,1.20,7,1.70,14,1.0,17,13,4.35,12,2.90,6,0.1052631578947368,5.828,0.1022456140350872,3.53,1.00,6.16,7.00,5.83,5.63,5.71,5.50,5.80,0.0,0.2842190016103059,0.0,0.4935897435897435,0.0,0.1142857142857142,0.0,0.4605263157894737,13.0,0.0,0.3889259506337558,6.0,6.0,6.0,0.0,0,0.0,0.0,0.0,0.0,0.0,0.0,0.0,0.0,0.0,0.0,0.0,0.0,0.0,0.0,0.0,0.0,3.686666666666666,7.25,29,17,QAT,OCO,Esteban Ocon,FRA,France,Франция,#004CA2,Renault,#FAEF00,62.0,38.0,0.0,100.0,46.0,46.0,12,7,14,13.0,14,8,12.0,7,17,7.25,
2023,2023171,2,20,Kevin Magnussen,Haas F1 Team,19.0,18,14,14,14,+1 Lap,0,20,MAG,22,7,#505050,22-7,6,3,1.0,1.47,0.0,0.0,0.3037190082644628,18,0,0,9.0,17.0,0,0,1.0,1.0,56.0,98,-8,0.0,8.0,8.0,14.0,1,1.0,0.0,1.0,1.0,89.248,01:29.248,0.264,0.167,0.097,10,3.10,16,1.25,6,1.75,18,1.15,15,1.0,6,12,4.35,13,2.90,10,0.1785714285714285,5.240,0.0935714285714287,5.33,7.75,2.65,1.00,6.22,5.63,5.71,5.50,5.80,1.0,0.5812431842966195,0.0,0.3585926928281461,0.0,0.5,0.0,0.125,12.0,1.0,0.5644283121597096,0.0,16.0,0.0,0.0,0,0.0,0.0,0.0,0.0,0.0,0.0,0.0,0.0,0.0,0.0,0.0,0.0,0.0,0.0,0.0,0.0,5.011666666666667,7.25,29,17,QAT,HUL,Nico Hulkenberg,DEN,Denmark,Дания,#D20019,Ferrari,#DC0004,0.0,100.0,100.0,0.0,3.0,3.0,14,18,15,12.0,10,16,13.0,18,6,7.25,
2023,2023171,2,20,Fernando Alonso,Aston Martin,4.0,4,6,6,6,+49.032,8,14,ALO,19,4,#23675D,19-4,7,1,1.0,8.58,1.0,1.0,0.78,4,0,0,2.0,4.0,0,0,1.0,1.0,57.0,100,3,5.0,2.0,7.0,3.0,-1,0.0,1.0,1.0,1.0,88.031,01:28.031,0.389,0.118,0.271,18,2.30,6,1.75,13,1.40,6,1.75,16,1.0,13,16,4.05,8,3.15,5,0.087719298245614,11.884,0.2084912280701757,1.00,3.25,6.91,7.60,1.0,5.63,5.71,5.50,5.80,0.0,0.2564102564102564,1.0,0.6316270566727604,0.0,0.3714285714285714,1.0,0.6909090909090909,18.0,0.0,0.2444987775061124,8.0,53.0,8.0,0.0,0,0.0,0.0,0.0,0.0,0.0,0.0,0.0,0.0,0.0,0.0,0.0,0.0,0.0,0.0,0.0,0.0,2.475,7.20,29,17,QAT,STR,Lance Stroll,ESP,Spain,Испания,#F7B800,Mercedes,#707070,71.0,29.0,0.0,100.0,183.0,183.0,6,4,16,16.0,18,6,8.0,6,13,7.20,
2023,2023171,2,20,Lance Stroll,Aston Martin,17.0,16,11,11,11,+1:21.652,0,18,STR,10,4,#23675D,10-4,4,1,1.0,2.42,0.0,0.0,0.22,16,0,0,8.0,15.0,0,0,0.0,0.0,57.0,100,-4,2.0,6.0,8.0,13.0,0,0.0,0.0,0.0,1.0,88.855,01:28.855,0.334,0.138,0.196,15,2.60,14,1.35,10,1.55,16,1.25,17,1.0,10,17,3.95,15,2.80,8,0.1403508771929824,9.264,0.1625263157894738,2.90,5.50,4.03,3.40,3.09,5.63,5.71,5.50,5.80,1.0,0.7435897435897436,0.0,0.3683729433272394,1.0,0.6285714285714286,0.0,0.3090909090909091,17.0,1.0,0.7555012224938875,8.0,53.0,0.0,0.0,0,0.0,0.0,0.0,0.0,0.0,0.0,0.0,0.0,0.0,0.0,0.0,0.0,0.0,0.0,0.0,0.0,3.4166666666666665,6.75,29,17,QAT,ALO,Fernando Alonso,CAN,Canada,Канада,#E30000,Mercedes,#707070,25.0,75.0,0.0,0.0,47.0,47.0,11,16,17,17.0,15,14,15.0,16,10,6.75,
2023,2023171,2,20,Liam Lawson,Alpha Tauri,18.0,17,17,17,17,+1 Lap,0,40,LAW,29,2,#5F86E1,29-2,17,2,1.0,1.95,0.0,0.0,0.2704576976421636,17,0,0,9.0,16.0,0,0,0.0,0.0,56.0,98,-8,0.0,8.0,8.0,15.0,-1,0.0,1.0,1.0,1.0,89.719,01:29.719,0.343,0.219,0.124,16,2.50,18,1.15,16,1.25,17,1.20,18,1.0,16,18,3.65,18,2.45,4,0.0714285714285714,6.001,0.1071607142857138,2.59,3.25,1.00,1.00,5.6,5.63,5.71,5.50,5.80,0.0,0.3257861635220125,0.0,0.2127659574468085,0.0,0.2954545454545454,0.0,0.2272727272727272,14.0,0.0,0.4713804713804714,0.0,27.0,0.0,0.0,0,0.0,0.0,0.0,0.0,0.0,0.0,0.0,0.0,0.0,0.0,0.0,0.0,0.0,0.0,0.0,0.0,2.435,6.10,29,17,QAT,TSU,Yuki Tsunoda,NZL,New Zealand,Новая Зеландия,#0D1168,Honda,#DE0000,0.0,100.0,0.0,100.0,2.0,2.0,17,17,18,18.0,16,18,18.0,17,16,6.10,
2023,2023171,2,20,Lewis Hamilton,Mercedes,3.0,3,-,DNF,19,-,0,44,HAM,1,10,#08ABA3,1-10,10,1,1.0,9.05,0.0,0.0,0.4870828848223897,3,0,0,2.0,3.0,1,0,0.0,,0.0,0,-,0.0,0.0,0.0,,-,-,-,,0.0,-,-,-,-,,DNC,DNC,DNC,DNC,DNC,DNC,DNC,DNC,DNC,0.0,19,DNC,DNC,DNC,DNC,-,,-,,-,-,-,-,,5.63,5.71,5.50,5.80,,,,,,,,,,0.0,,12.0,53.0,27.0,0.0,0,0.0,0.0,0.0,0.0,0.0,0.0,0.0,0.0,0.0,0.0,0.0,0.0,0.0,1.0,1.0,0.0,,DNC,29,17,QAT,RUS,George Russell,GBR,Great Britain,Великобритания,#314486,Mercedes,#707070,0.0,0.0,0.0,0.0,194.0,194.0,4,3,4,3.5,6,4,4.5,8,8,8.62,
2023,2023171,2,20,Carlos Sainz,Ferrari,12.0,DNS,-,DNS,20,-,0,55,SAI,8,5,#E01A00,8-5,7,3,1.0,4.79,0.0,0.0,0.3713178294573644,DNS,1,0,,,0,0,,,0.0,0,-,,,,,-,-,-,,,-,-,-,-,,DNC,DNC,DNC,DNC,DNC,DNC,DNC,DNC,DNC,0.0,20,DNC,DNC,DNC,DNC,-,,-,,-,-,-,-,,5.63,5.71,5.50,5.80,,,,,,,,,,0.0,,10.0,16.0,8.0,0.0,0,0.0,0.0,0.0,0.0,0.0,0.0,0.0,0.0,0.0,0.0,0.0,0.0,0.0,0.0,0.0,,,DNC,29,17,QAT,LEC,Charles Leclerc,ESP,Spain,Испания,#F7B800,Ferrari,#DC0004,0.0,0.0,0.0,0.0,153.0,153.0,6,6,12,12.0,12,9,9.0,16,3,7.67,
2023,2023180,2,21,Max Verstappen,Red Bull Racing,1.0,1,1,1,1,31:30.849,8,1,VER,2,14,#405585,2-14,16,2,1.0,10.0,1.0,1.0,0.5827505827505828,1,0,0,1.0,1.0,0,0,1.0,1.0,19.0,100,0,0.0,0.0,0.0,1.0,0,0.0,0.0,0.0,1.0,99.521,01:39.521,0.083,0.055,0.028,1,4.00,1,2.00,8,1.65,10,1.55,1,1.0,8,1,6.00,5,3.20,1,0.0526315789473684,0.543,0.0285789473684206,10.00,5.50,10.00,7.43,8.88,5.61,5.33,5.50,7.43,1.0,0.5847953216374269,1.0,0.5640157924421884,1.0,0.5,0.0,0.4262765347102696,6.0,0.0,0.4839237057220708,12.0,12.0,8.0,1.0,1,1.0,1.0,1.0,0.0,0.0,3.0,0.0,1.0,0.0,0.0,1.0,1.0,0.0,0.0,1.0,19.0,8.821666666666667,9.20,40,18,USA*,PER,Sergio Perez,NLD,Netherlands,Нидерланды,#F75600,Honda,#DE0000,0.0,0.0,0.0,0.0,441.0,441.0,1,1,1,1.0,1,1,5.0,10,8,9.20,
2023,2023180,2,21,Sergio Perez,Red Bull Racing,7.0,7,5,5,5,+22.928,4,11,PER,5,14,#405585,5-14,14,2,1.0,7.16,0.0,0.0,0.4172494172494173,7,0,0,4.0,7.0,0,0,0.0,0.0,19.0,100,2,2.0,0.0,2.0,7.0,0,0.0,0.0,0.0,1.0,100.39,01:40.390,0.144,0.128,0.0159999999999999,7,3.40,5,1.80,9,1.60,1,2.00,2,1.0,9,6,5.20,3,3.60,1,0.0526315789473684,0.376,0.0197894736842107,7.10,5.50,7.73,10.00,9.47,5.61,5.33,5.50,7.43,0.0,0.415204678362573,0.0,0.4359842075578116,0.0,0.5,1.0,0.5737234652897304,4.0,1.0,0.5160762942779291,12.0,12.0,4.0,1.0,0,0.0,0.0,0.0,0.0,1.0,1.0,0.0,0.0,0.0,0.0,0.0,0.0,0.0,0.0,0.0,0.0,7.316666666666666,8.80,40,18,USA*,VER,Max Verstappen,MEX,Mexico,Мексика,#006640,Honda,#DE0000,100.0,0.0,0.0,0.0,228.0,228.0,5,7,2,6.0,7,5,3.0,1,9,8.80,
2023,2023180,2,21,Lewis Hamilton,Mercedes,3.0,3,2,2,2,+9.465,7,44,HAM,1,10,#08ABA3,1-10,10,1,1.0,9.05,1.0,1.0,0.575333757151939,3,0,0,2.0,3.0,0,0,1.0,1.0,19.0,100,0,0.0,0.0,0.0,2.0,1,1.0,0.0,1.0,1.0,100.009,01:40.009,0.119,0.106,0.0129999999999999,5,3.60,2,1.95,6,1.75,12,1.45,3,1.0,6,2,5.55,6,3.20,1,0.0526315789473684,0.368,0.0193684210526313,8.29,7.00,8.73,7.43,9.5,5.61,5.33,5.50,7.43,1.0,0.6042274052478134,1.0,0.5617760617760619,0.0,0.4117647058823529,0.0,0.4603469640644361,3.0,1.0,0.6718528995756718,8.0,13.0,13.0,0.0,0,0.0,0.0,0.0,0.0,0.0,0.0,1.0,0.0,1.0,0.0,1.0,0.0,0.0,1.0,1.0,0.0,7.931666666666666,8.75,40,18,USA*,RUS,George Russell,GBR,Great Britain,Великобритания,#314486,Mercedes,#707070,0.0,0.0,100.0,0.0,201.0,201.0,2,3,3,2.0,5,2,6.0,12,6,8.75,
2023,2023180,2,21,Alexander Albon,Williams,9.0,8,9,9,9,+34.567,0,23,ALB,24,18,#0B4BCD,24-18,20,1,1.0,6.21,1.0,1.0,0.8613037447988904,8,0,0,4.0,8.0,0,0,1.0,1.0,19.0,100,1,1.0,0.0,1.0,10.0,-2,0.0,2.0,2.0,1.0,100.986,01:40.986,0.097,0.097,0.0,2,3.90,9,1.60,17,1.20,5,1.80,4,1.0,17,4,5.50,11,3.00,0,0.0,-,,9.33,2.50,6.18,8.71,,5.61,5.33,5.50,7.43,1.0,0.653361344537815,1.0,0.7943444730077122,0.0,0.3125,1.0,0.5396530359355638,20.0,0.0,,0.0,13.0,0.0,0.0,0,0.0,0.0,0.0,0.0,0.0,0.0,0.0,0.0,0.0,0.0,0.0,0.0,0.0,0.0,0.0,0.0,8.088333333333333,8.50,40,18,USA*,SAR,Logan Sargeant,THA,Thailand,Таиланд,#2E2549,Mercedes,#707070,100.0,0.0,0.0,100.0,23.0,23.0,9,8,4,4.0,2,9,11.0,5,17,8.50,
2023,2023180,2,21,Esteban Ocon,Alpine,13.0,13,11,11,11,+44.986,0,31,OCO,13,3,#0E8EDD,13-3,9,4,1.0,4.32,0.0,0.0,0.4294234592445328,13,0,0,7.0,13.0,0,0,0.0,0.0,19.0,100,0,0.0,0.0,0.0,11.0,2,2.0,0.0,2.0,1.0,101.567,01:41.567,0.108,0.072,0.036,3,3.80,11,1.50,4,1.85,14,1.35,5,1.0,4,5,5.30,8,3.20,2,0.1052631578947368,0.694,0.0365263157894745,8.81,8.50,4.66,7.43,8.35,5.61,5.33,5.50,7.43,1.0,0.6824167312161116,0.0,0.4213381555153707,1.0,0.6071428571428571,0.0,0.4603469640644361,8.0,1.0,0.5917788802267895,2.0,2.0,2.0,0.0,0,0.0,0.0,0.0,0.0,0.0,0.0,0.0,0.0,0.0,0.0,0.0,0.0,0.0,0.0,0.0,0.0,8.528333333333334,8.50,40,18,USA*,GAS,Pierre Gasly,FRA,France,Франция,#004CA2,Renault,#FAEF00,0.0,0.0,100.0,0.0,44.0,44.0,11,13,5,5.0,3,11,8.0,14,4,8.50,
2023,2023180,2,21,Charles Leclerc,Ferrari,2.0,2,3,3,3,+17.987,6,16,LEC,6,5,#E01A00,6-5,15,3,1.0,9.53,1.0,1.0,0.5553613053613053,2,0,0,1.0,2.0,0,0,1.0,1.0,19.0,100,0,0.0,0.0,0.0,3.0,-1,0.0,1.0,1.0,1.0,100.367,01:40.367,0.117,0.101,0.016,4,3.70,4,1.85,13,1.40,11,1.50,6,1.0,13,3,5.55,13,2.90,1,0.0526315789473684,0.444,0.0233684210526309,8.38,4.00,7.79,7.43,9.23,5.61,5.33,5.50,7.43,1.0,0.5399484536082475,1.0,0.5462833099579243,0.0,0.32,1.0,0.6045565500406835,5.0,0.0,0.4819843342036554,9.0,9.0,6.0,0.0,0,0.0,0.0,0.0,0.0,0.0,0.0,0.0,0.0,0.0,1.0,1.0,0.0,1.0,0.0,1.0,0.0,7.491666666666667,8.45,40,18,USA*,SAI,Carlos Sainz,MON,Monaco,Монако,#D80000,Ferrari,#DC0004,0.0,0.0,0.0,100.0,151.0,151.0,3,2,6,3.0,4,4,13.0,11,13,8.45,
2023,2023180,2,21,Lando Norris,McLaren,4.0,4,4,4,4,+18.863,5,4,NOR,4,9,#EE853F,4-9,10,1,1.0,8.58,1.0,1.0,0.5140802875973638,4,0,0,2.0,4.0,0,0,1.0,1.0,19.0,100,1,1.0,0.0,1.0,5.0,-1,0.0,1.0,1.0,1.0,100.259,01:40.259,0.146,0.081,0.0649999999999999,8,3.30,3,1.90,14,1.35,4,1.85,7,1.0,14,8,5.20,7,3.20,3,0.1578947368421052,1.289,0.0678421052631602,7.00,4.00,8.08,8.71,6.26,5.61,5.33,5.50,7.43,1.0,0.5426356589147286,1.0,0.6342229199372057,1.0,0.5,1.0,0.7918181818181819,12.0,0.0,0.3849938499384994,5.0,13.0,13.0,0.0,0,0.0,0.0,0.0,0.0,0.0,0.0,0.0,0.0,0.0,0.0,0.0,0.0,0.0,0.0,0.0,0.0,6.785,8.40,40,18,USA*,PIA,Oscar Piastri,GBR,Great Britain,Великобритания,#314486,Mercedes,#707070,100.0,0.0,0.0,100.0,141.0,141.0,4,4,7,8.0,8,3,7.0,4,14,8.40,
2023,2023180,2,21,George Russell,Mercedes,8.0,11,8,8,8,+34.250,1,63,RUS,14,10,#08ABA3,14-10,10,1,1.0,6.68,0.0,0.0,0.424666242848061,11,0,0,6.0,11.0,0,0,0.0,0.0,19.0,100,1,1.0,0.0,1.0,8.0,3,3.0,0.0,3.0,1.0,100.744,01:40.744,0.179,0.103,0.076,12,2.90,6,1.75,1,2.00,7,1.70,8,1.0,1,9,4.65,1,3.70,3,0.1578947368421052,1.752,0.0922105263157899,5.43,10.00,6.81,8.71,4.64,5.61,5.33,5.50,7.43,0.0,0.3957725947521866,0.0,0.4382239382239382,1.0,0.5882352941176471,1.0,0.5396530359355638,15.0,0.0,0.3281471004243281,8.0,13.0,13.0,1.0,0,0.0,0.0,0.0,1.0,0.0,1.0,0.0,0.0,0.0,0.0,0.0,0.0,0.0,0.0,0.0,0.0,6.738333333333333,8.35,40,18,USA*,HAM,Lewis Hamilton,GBR,Great Britain,Великобритания,#314486,Mercedes,#707070,100.0,0.0,100.0,0.0,133.0,133.0,8,11,8,9.0,12,6,1.0,7,1,8.35,
2023,2023180,2,21,Yuki Tsunoda,Alpha Tauri,19.0,19,14,14,14,+49.733,0,22,TSU,9,2,#5F86E1,9-2,13,2,1.0,1.47,0.0,0.0,0.2184249628528974,19,0,0,10.0,19.0,0,0,0.0,0.0,19.0,100,2,2.0,0.0,2.0,17.0,2,2.0,0.0,2.0,1.0,101.591,01:41.591,0.168,0.127,0.041,9,3.20,13,1.40,5,1.80,3,1.90,9,1.0,5,10,4.60,2,3.70,1,0.0526315789473684,0.953,0.0501578947368422,5.95,8.50,4.60,10.00,7.44,5.61,5.33,5.50,7.43,1.0,0.5704697986577182,0.0,0.4962243797195253,1.0,0.7727272727272727,1.0,0.5737234652897304,10.0,0.0,0.462686567164179,0.0,12.0,0.0,0.0,0,0.0,0.0,0.0,0.0,0.0,0.0,0.0,0.0,0.0,0.0,0.0,0.0,0.0,0.0,0.0,0.0,7.05,8.30,40,18,USA*,RIC,Daniel Ricciardo,JPN,Japan,Япония,#C60018,Honda,#DE0000,100.0,0.0,100.0,0.0,3.0,3.0,14,19,9,10.0,9,13,2.0,3,5,8.30,
2023,2023180,2,21,Carlos Sainz,Ferrari,6.0,6,6,6,6,+28.307,3,55,SAI,8,5,#E01A00,8-5,7,3,1.0,7.63,0.0,0.0,0.4446386946386946,6,0,0,3.0,6.0,0,0,0.0,0.0,19.0,100,-2,0.0,2.0,2.0,4.0,2,2.0,0.0,2.0,1.0,100.873,01:40.873,0.143,0.129,0.0139999999999999,6,3.50,7,1.70,3,1.90,18,1.15,10,1.0,3,7,5.20,9,3.05,1,0.0526315789473684,0.247,0.0129999999999999,7.14,8.50,6.47,4.86,9.92,5.61,5.33,5.50,7.43,0.0,0.4600515463917525,0.0,0.4537166900420757,1.0,0.68,0.0,0.3954434499593166,2.0,1.0,0.5180156657963447,9.0,9.0,3.0,0.0,0,0.0,0.0,0.0,0.0,0.0,0.0,0.0,0.0,0.0,0.0,0.0,0.0,0.0,0.0,0.0,0.0,6.986666666666667,8.25,40,18,USA*,LEC,Charles Leclerc,ESP,Spain,Испания,#F7B800,Ferrari,#DC0004,0.0,100.0,100.0,0.0,156.0,156.0,6,6,10,7.0,6,7,9.0,18,3,8.25,
2023,2023180,2,21,Pierre Gasly,Alpine,10.0,9,7,7,7,+32.403,2,10,GAS,17,3,#0E8EDD,17-3,9,4,1.0,5.74,1.0,1.0,0.5705765407554672,9,0,0,5.0,9.0,0,0,1.0,1.0,19.0,100,1,1.0,0.0,1.0,9.0,0,1.0,1.0,2.0,1.0,100.9,01:40.900,0.207,0.138,0.0689999999999999,15,2.60,8,1.65,10,1.55,6,1.75,11,1.0,10,13,4.25,4,3.30,3,0.1578947368421052,1.432,0.0753684210526294,4.10,5.50,6.40,8.71,5.76,5.61,5.33,5.50,7.43,0.0,0.3175832687838884,1.0,0.5786618444846293,0.0,0.3928571428571428,1.0,0.5396530359355638,13.0,0.0,0.4082211197732105,2.0,2.0,2.0,0.0,0,0.0,0.0,0.0,0.0,0.0,0.0,0.0,0.0,0.0,0.0,0.0,0.0,0.0,0.0,0.0,0.0,5.101666666666667,7.55,40,18,USA*,OCO,Esteban Ocon,FRA,France,Франция,#004CA2,Renault,#FAEF00,100.0,0.0,50.0,50.0,48.0,48.0,7,9,11,13.0,15,8,4.0,6,10,7.55,
2023,2023180,2,21,Oscar Piastri,McLaren,5.0,5,10,10,10,+42.403,0,81,PIA,28,9,#EE853F,28-9,2,1,1.0,8.11,0.0,0.0,0.4859197124026363,5,0,0,3.0,5.0,0,0,0.0,0.0,19.0,100,-4,0.0,4.0,4.0,6.0,-1,0.0,1.0,1.0,1.0,101.567,01:41.567,0.169,0.165,0.004,10,3.10,12,1.45,15,1.30,19,1.10,12,1.0,15,11,4.55,20,2.40,1,0.0526315789473684,0.225,0.0118421052631583,5.90,4.00,4.66,2.29,10.0,5.61,5.33,5.50,7.43,0.0,0.4573643410852713,0.0,0.3657770800627943,0.0,0.5,0.0,0.2081818181818182,1.0,1.0,0.6150061500615007,5.0,13.0,0.0,0.0,0,0.0,0.0,0.0,0.0,0.0,0.0,0.0,0.0,0.0,0.0,0.0,0.0,0.0,0.0,0.0,0.0,4.9816666666666665,6.95,40,18,USA*,NOR,Lando Norris,AUS,Australia,Австралия,#F7C900,Mercedes,#707070,0.0,100.0,0.0,100.0,83.0,83.0,10,5,12,11.0,10,12,20.0,19,15,6.95,
2023,2023180,2,21,Guanyu Zhou,Alfa Romeo,15.0,15,17,17,17,+1:07.972,0,24,ZHO,23,1,#752020,23-1,5,3,1.0,3.37,1.0,1.0,0.6334586466165414,15,0,0,8.0,15.0,0,0,0.0,0.0,19.0,100,1,1.0,0.0,1.0,18.0,-3,0.0,3.0,3.0,1.0,102.33,01:42.330,0.179,0.128,0.0509999999999999,11,3.00,17,1.20,20,1.05,8,1.65,13,1.0,20,14,4.20,17,2.70,1,0.0526315789473684,1.149,0.0604736842105263,5.43,1.00,2.67,8.71,6.75,5.61,5.33,5.50,7.43,1.0,0.7357723577235772,1.0,0.5114942528735632,0.0,0.2,1.0,0.5,11.0,1.0,0.6059245960502693,0.0,9.0,0.0,0.0,0,0.0,0.0,0.0,0.0,0.0,0.0,0.0,0.0,0.0,0.0,0.0,0.0,0.0,0.0,0.0,0.0,5.238333333333333,6.90,40,18,USA*,BOT,Valtteri Bottas,CHN,China,Китай,#F70000,Ferrari,#DC0004,100.0,0.0,0.0,100.0,6.0,6.0,17,15,13,14.0,11,17,17.0,8,20,6.90,
2023,2023180,2,21,Daniel Ricciardo,Alpha Tauri,11.0,10,12,12,12,+45.509,0,3,RIC,7,2,#5F86E1,7-2,2,2,1.0,5.26,1.0,1.0,0.7815750371471025,10,0,0,5.0,10.0,0,0,1.0,1.0,19.0,100,0,1.0,1.0,2.0,12.0,-2,0.0,2.0,2.0,1.0,101.564,01:41.564,0.199,0.162,0.037,14,2.70,10,1.55,18,1.15,13,1.40,14,1.0,18,12,4.25,19,2.55,1,0.0526315789473684,0.613,0.0322631578947368,4.48,2.50,4.67,7.43,8.64,5.61,5.33,5.50,7.43,0.0,0.4295302013422819,1.0,0.5037756202804746,0.0,0.2272727272727272,0.0,0.4262765347102696,7.0,1.0,0.5373134328358209,0.0,12.0,0.0,0.0,0,0.0,0.0,0.0,0.0,0.0,0.0,0.0,0.0,0.0,0.0,0.0,0.0,0.0,0.0,0.0,0.0,4.641666666666667,6.80,40,18,USA*,TSU,Yuki Tsunoda,AUS,Australia,Австралия,#F7C900,Honda,#DE0000,50.0,50.0,0.0,100.0,0.0,0.0,12,10,14,12.0,14,10,19.0,13,18,6.80,
2023,2023180,2,21,Fernando Alonso,Aston Martin,12.0,12,13,13,13,+49.086,0,14,ALO,19,4,#23675D,19-4,7,1,1.0,4.79,1.0,1.0,0.5550405561993048,12,0,0,6.0,12.0,0,0,1.0,,19.0,100,2,2.0,0.0,2.0,15.0,-3,0.0,3.0,3.0,1.0,101.616,01:41.616,0.268,0.150,0.118,19,2.20,14,1.35,19,1.10,2,1.95,15,1.0,19,18,3.55,10,3.05,2,0.1052631578947368,1.920,0.1010526315789482,1.19,1.00,4.54,10.00,4.05,5.61,5.33,5.50,7.43,1.0,0.54337899543379,1.0,0.538552787663108,0.0,0.125,1.0,0.6195786864931846,17.0,1.0,0.801980198019802,0.0,13.0,3.0,0.0,0,0.0,0.0,0.0,0.0,0.0,0.0,0.0,0.0,0.0,0.0,0.0,0.0,0.0,0.0,0.0,0.0,2.6266666666666665,6.60,40,18,USA*,STR,Lance Stroll,ESP,Spain,Испания,#F7B800,Mercedes,#707070,100.0,0.0,0.0,100.0,183.0,183.0,13,12,15,18.0,19,14,10.0,2,19,6.60,
2023,2023180,2,21,Logan Sargeant,Williams,20.0,20,19,19,19,+1:11.449,0,2,SAR,27,18,#0B4BCD,27-18,21,1,1.0,1.0,0.0,0.0,0.1386962552011095,20,0,0,10.0,20.0,0,0,0.0,0.0,19.0,100,0,0.0,0.0,0.0,20.0,0,0.0,0.0,0.0,1.0,102.743,01:42.743,0.189,0.147,0.042,13,2.80,19,1.10,12,1.45,16,1.25,16,1.0,12,15,3.90,18,2.70,1,0.0526315789473684,0.819,0.0431052631578948,4.95,5.50,1.60,7.43,7.91,5.61,5.33,5.50,7.43,0.0,0.3466386554621848,0.0,0.2056555269922879,1.0,0.6875,0.0,0.4603469640644361,9.0,1.0,1.0,0.0,13.0,0.0,0.0,0,0.0,0.0,0.0,0.0,0.0,0.0,0.0,0.0,0.0,0.0,0.0,0.0,0.0,0.0,0.0,0.0,5.455000000000001,6.60,40,18,USA*,ALB,Alexander Albon,USA,USA,США,#071C63,Mercedes,#707070,0.0,0.0,0.0,0.0,0.0,0.0,19,20,16,15.0,13,19,18.0,16,12,6.60,
2023,2023180,2,21,Nico Hulkenberg,Haas F1 Team,16.0,16,15,15,15,+56.650,0,27,HUL,25,7,#505050,25-7,11,3,1.0,2.89,1.0,1.0,0.544256120527307,16,0,0,8.0,16.0,0,0,1.0,1.0,19.0,100,0,1.0,1.0,2.0,16.0,0,1.0,1.0,2.0,1.0,102.026,01:42.026,0.211,0.093,0.118,16,2.50,16,1.25,11,1.50,15,1.30,17,1.0,11,16,3.75,16,2.80,2,0.1052631578947368,2.086,0.1097894736842097,3.90,5.50,3.47,7.43,3.46,5.61,5.33,5.50,7.43,1.0,0.6724137931034483,1.0,0.7762863534675615,0.0,0.3548387096774194,1.0,0.8813760379596679,18.0,0.0,0.4158653846153846,0.0,9.0,0.0,0.0,0,0.0,0.0,0.0,0.0,0.0,0.0,0.0,0.0,0.0,0.0,0.0,0.0,0.0,0.0,0.0,0.0,4.755,6.55,40,18,USA*,MAG,Kevin Magnussen,GER,Germany,Германия,#000000,Ferrari,#DC0004,50.0,50.0,50.0,50.0,9.0,9.0,15,16,17,16.0,16,16,16.0,15,11,6.55,
2023,2023180,2,21,Valtteri Bottas,Alfa Romeo,18.0,18,16,16,16,+1:04.401,0,77,BOT,3,1,#752020,3-1,8,3,1.0,1.95,0.0,0.0,0.3665413533834586,18,0,0,9.0,18.0,0,0,1.0,1.0,19.0,100,1,1.0,0.0,1.0,19.0,-1,0.0,1.0,1.0,1.0,102.379,01:42.379,0.252,0.148,0.104,17,2.40,18,1.15,16,1.25,9,1.60,18,1.0,16,17,3.55,15,2.85,3,0.1578947368421052,1.821,0.0958421052631562,1.95,4.00,2.55,8.71,4.39,5.61,5.33,5.50,7.43,0.0,0.2642276422764227,0.0,0.4885057471264368,1.0,0.8,0.0,0.5,16.0,0.0,0.3940754039497307,0.0,9.0,0.0,0.0,0,0.0,0.0,0.0,0.0,0.0,0.0,0.0,0.0,0.0,0.0,0.0,0.0,0.0,0.0,0.0,0.0,3.418333333333333,6.40,40,18,USA*,ZHO,Guanyu Zhou,FIN,Finland,Финляндия,#04276B,Ferrari,#DC0004,100.0,0.0,0.0,100.0,10.0,10.0,16,18,18,17.0,17,18,15.0,9,16,6.40,
2023,2023180,2,21,Kevin Magnussen,Haas F1 Team,17.0,17,18,18,18,+1:11.122,0,20,MAG,22,7,#505050,22-7,6,3,1.0,2.42,0.0,0.0,0.4557438794726929,17,0,0,9.0,17.0,0,0,0.0,0.0,19.0,100,-5,0.0,5.0,5.0,14.0,3,3.0,0.0,3.0,1.0,102.972,01:42.972,0.253,0.144,0.109,18,2.30,20,1.05,2,1.95,20,1.05,19,1.0,2,20,3.35,12,3.00,2,0.1052631578947368,1.687,0.0887894736842111,1.90,10.00,1.00,1.00,4.86,5.61,5.33,5.50,7.43,0.0,0.3275862068965517,0.0,0.2237136465324384,1.0,0.6451612903225806,0.0,0.1186239620403321,14.0,1.0,0.5841346153846154,0.0,9.0,0.0,0.0,0,0.0,0.0,0.0,0.0,0.0,0.0,0.0,0.0,0.0,0.0,0.0,0.0,0.0,0.0,0.0,0.0,3.1,6.35,40,18,USA*,HUL,Nico Hulkenberg,DEN,Denmark,Дания,#D20019,Ferrari,#DC0004,0.0,100.0,100.0,0.0,3.0,3.0,18,17,19,20.0,18,20,12.0,20,2,6.35,
2023,2023180,2,21,Lance Stroll,Aston Martin,14.0,14,-,DNF,20,-,0,18,STR,10,4,#23675D,10-4,4,1,1.0,3.84,0.0,0.0,0.4449594438006953,14,0,0,7.0,14.0,1,0,0.0,,16.0,84,-1,1.0,2.0,3.0,13.0,1,1.0,0.0,1.0,1.0,101.863,01:41.863,0.272,0.084,0.188,20,2.10,15,1.30,7,1.70,17,1.20,20,1.0,7,19,3.40,14,2.90,2,0.125,2.347,0.1466874999999987,1.00,7.00,3.89,6.14,1.0,5.61,5.33,5.50,7.43,0.0,0.4566210045662101,0.0,0.461447212336892,1.0,0.875,0.0,0.3804213135068153,19.0,0.0,0.198019801980198,0.0,13.0,0.0,0.0,0,0.0,0.0,0.0,0.0,0.0,0.0,0.0,0.0,0.0,0.0,0.0,0.0,0.0,0.0,0.0,0.0,2.856666666666667,6.30,40,18,USA*,ALO,Fernando Alonso,CAN,Canada,Канада,#E30000,Mercedes,#707070,33.0,67.0,100.0,0.0,47.0,47.0,9,14,20,19.0,20,15,14.0,17,7,6.30,
2023,2023181,2,22,Max Verstappen,Red Bull Racing,6.0,6,1,1,1,1:35:21.362,25,1,VER,2,14,#405585,2-14,16,2,1.0,7.63,1.0,1.0,0.5513005780346821,6,0,0,3.0,6.0,0,0,1.0,1.0,56.0,100,4,4.0,0.0,4.0,5.0,1,1.0,0.0,1.0,1.0,101.312,01:41.312,0.147,0.082,0.0649999999999999,1,4.00,1,2.00,4,1.85,3,1.90,1,1.0,3,1,6.00,1,3.75,10,0.1785714285714285,3.452,0.0616428571428571,10.00,6.14,10.00,8.50,9.27,6.74,5.13,5.00,6.25,1.0,0.5630630630630631,1.0,0.5339028296849974,1.0,0.5581818181818181,1.0,0.5230769230769231,6.0,1.0,0.5043525571273123,37.0,42.0,25.0,1.0,1,1.0,1.0,1.0,0.0,0.0,3.0,0.0,1.0,0.0,0.0,1.0,0.0,0.0,0.0,0.0,26.0,9.106666666666667,9.75,39,18,USA,PER,Sergio Perez,NLD,Netherlands,Нидерланды,#F75600,Honda,#DE0000,100.0,0.0,100.0,0.0,466.0,466.0,1,6,1,1.0,1,1,1.0,3,4,9.75,
2023,2023181,2,22,Carlos Sainz,Ferrari,4.0,4,3,3,3,+15.134,15,55,SAI,8,5,#E01A00,8-5,7,3,1.0,8.58,0.0,0.0,0.4617868675995695,4,0,0,2.0,4.0,0,0,,,56.0,100,1,3.0,2.0,5.0,3.0,1,1.0,0.0,1.0,1.0,101.645,01:41.645,0.180,0.112,0.0679999999999999,5,3.60,4,1.85,3,1.90,8,1.65,2,1.0,2,2,5.45,2,3.55,10,0.1785714285714285,3.950,0.070535714285713,8.49,6.14,8.42,6.25,9.04,6.74,5.13,5.00,6.25,,,,,,,,,14.0,1.0,0.5330188679245282,15.0,15.0,15.0,0.0,0,0.0,0.0,0.0,0.0,0.0,0.0,0.0,0.0,0.0,1.0,1.0,0.0,0.0,0.0,0.0,0.0,7.725,9.00,39,18,USA,LEC,Charles Leclerc,ESP,Spain,Испания,#F7B800,Ferrari,#DC0004,60.0,40.0,100.0,0.0,171.0,171.0,3,4,2,2.0,5,4,2.0,8,3,9.00,
2023,2023181,2,22,Alexander Albon,Williams,18.0,15,9,9,9,+1:26.714,2,23,ALB,24,18,#0B4BCD,24-18,20,1,1.0,1.95,1.0,1.0,0.6610169491525423,15,0,0,8.0,15.0,0,0,1.0,1.0,56.0,100,2,3.0,1.0,4.0,14.0,1,1.0,0.0,1.0,1.0,102.691,01:42.691,0.171,0.105,0.066,3,3.80,10,1.55,8,1.65,6,1.75,3,1.0,6,3,5.35,4,3.40,9,0.1607142857142857,3.641,0.0650178571428564,8.90,6.14,3.44,7.00,9.18,6.74,5.13,5.00,6.25,1.0,0.5668789808917198,1.0,0.5180722891566265,1.0,0.6323377960865088,1.0,0.5,8.0,0.0,0.4962162162162162,3.0,37.0,2.0,0.0,0,0.0,0.0,0.0,0.0,0.0,0.0,0.0,0.0,0.0,0.0,0.0,0.0,0.0,0.0,0.0,0.0,8.123333333333333,8.75,39,18,USA,SAR,Logan Sargeant,THA,Thailand,Таиланд,#2E2549,Mercedes,#707070,75.0,25.0,100.0,0.0,25.0,25.0,9,15,3,3.0,3,10,4.0,6,8,8.75,
2023,2023181,2,22,Sergio Perez,Red Bull Racing,9.0,9,4,4,4,+18.460,12,11,PER,5,14,#405585,5-14,14,2,1.0,6.21,0.0,0.0,0.4486994219653179,9,0,0,5.0,9.0,0,0,0.0,0.0,56.0,100,3,3.0,0.0,3.0,9.0,0,1.0,1.0,2.0,1.0,101.58,01:41.580,0.196,0.126,0.07,7,3.40,2,1.95,10,1.55,5,1.80,4,1.0,8,5,5.35,7,3.35,8,0.1428571428571428,3.806,0.0679642857142864,7.76,4.86,8.73,7.75,9.11,6.74,5.13,5.00,6.25,0.0,0.4369369369369369,0.0,0.4660971703150027,0.0,0.4418181818181818,0.0,0.4769230769230769,11.0,0.0,0.4956474428726877,37.0,42.0,12.0,0.0,0,0.0,0.0,0.0,0.0,0.0,0.0,0.0,0.0,0.0,0.0,0.0,0.0,0.0,0.0,0.0,0.0,7.274999999999999,8.70,39,18,USA,VER,Max Verstappen,MEX,Mexico,Мексика,#006640,Honda,#DE0000,100.0,0.0,50.0,50.0,240.0,240.0,4,9,4,5.0,7,2,7.0,5,10,8.70,
2023,2023181,2,22,Lance Stroll,Aston Martin,19.0,20,7,7,7,+48.696,6,18,STR,10,4,#23675D,10-4,4,1,1.0,1.47,0.0,0.0,0.377892030848329,20,0,0,10.0,20.0,0,0,1.0,,56.0,100,6,6.0,0.0,6.0,20.0,0,0.0,0.0,0.0,1.0,102.048,01:42.048,0.205,0.136,0.0689999999999999,9,3.20,6,1.75,13,1.40,1,2.00,5,1.0,11,9,4.95,6,3.40,5,0.0892857142857142,3.900,0.0696428571428567,7.35,4.86,6.50,10.00,9.06,6.74,5.13,5.00,6.25,1.0,0.7357357357357357,1.0,0.5941499085923216,0.0,0.5,1.0,0.5194805194805194,12.0,0.0,0.4753410283315844,6.0,37.0,6.0,1.0,0,0.0,0.0,0.0,0.0,1.0,1.0,0.0,0.0,0.0,0.0,0.0,0.0,0.0,0.0,0.0,0.0,7.376666666666666,8.35,39,18,USA,ALO,Fernando Alonso,CAN,Canada,Канада,#E30000,Mercedes,#707070,100.0,0.0,0.0,0.0,53.0,53.0,7,20,5,9.0,9,6,6.0,1,13,8.35,
2023,2023181,2,22,Yuki Tsunoda,Alpha Tauri,11.0,11,8,8,8,+1:14.385,5,22,TSU,9,2,#5F86E1,9-2,13,2,1.0,5.26,1.0,1.0,0.6095017381228274,11,0,0,6.0,11.0,0,0,1.0,1.0,56.0,100,1,3.0,2.0,5.0,12.0,-1,0.0,1.0,1.0,1.0,102.245,01:42.245,0.178,0.113,0.0649999999999999,4,3.70,8,1.65,14,1.35,10,1.55,6,1.0,12,4,5.35,13,2.90,6,0.1071428571428571,3.619,0.0646250000000005,8.58,3.57,5.56,6.25,9.19,6.74,5.13,5.00,6.25,1.0,0.8956158663883089,1.0,0.8475609756097561,0.0,0.3676622039134912,1.0,0.8620689655172413,7.0,1.0,0.5648432698217578,5.0,42.0,5.0,0.0,0,0.0,0.0,0.0,0.0,0.0,0.0,1.0,0.0,0.0,0.0,0.0,0.0,0.0,0.0,0.0,0.0,7.356666666666666,8.25,39,18,USA,RIC,Daniel Ricciardo,JPN,Japan,Япония,#C60018,Honda,#DE0000,60.0,40.0,0.0,100.0,8.0,8.0,8,11,6,4.0,4,8,13.0,10,14,8.25,
2023,2023181,2,22,Lando Norris,McLaren,2.0,2,2,2,2,+10.730,18,4,NOR,4,9,#EE853F,4-9,10,1,1.0,9.53,1.0,1.0,0.6240995415848067,2,0,0,1.0,2.0,0,0,1.0,,56.0,100,-1,1.0,2.0,3.0,1.0,1,1.0,0.0,1.0,1.0,101.629,01:41.629,0.223,0.127,0.096,12,2.90,3,1.90,2,1.95,12,1.45,7,1.0,1,10,4.80,3,3.40,5,0.0892857142857142,4.572,0.0816428571428582,6.53,6.14,8.49,4.75,8.76,6.74,5.13,5.00,6.25,,,,,,,,,15.0,1.0,1.0,18.0,37.0,28.0,0.0,0,0.0,0.0,0.0,0.0,0.0,0.0,0.0,0.0,1.0,0.0,1.0,0.0,1.0,0.0,1.0,21.0,6.168333333333333,8.20,39,18,USA,PIA,Oscar Piastri,GBR,Great Britain,Великобритания,#314486,Mercedes,#707070,33.0,67.0,100.0,0.0,159.0,159.0,2,2,7,10.0,12,3,3.0,12,2,8.20,
2023,2023181,2,22,George Russell,Mercedes,5.0,5,5,5,5,+24.999,10,63,RUS,14,10,#08ABA3,14-10,10,1,1.0,8.11,0.0,0.0,0.4726107226107225,5,0,0,3.0,5.0,0,0,,,56.0,100,0,1.0,1.0,2.0,8.0,-3,0.0,3.0,3.0,1.0,101.7,01:41.700,0.195,0.125,0.07,6,3.50,5,1.80,17,1.20,11,1.50,8,1.0,15,7,5.30,15,2.70,7,0.125,3.721,0.0664464285714286,7.81,1.00,8.16,5.50,9.14,6.74,5.13,5.00,6.25,,,,,,,,,10.0,0.0,0.4989082969432314,10.0,37.0,28.0,0.0,0,0.0,0.0,0.0,0.0,0.0,0.0,0.0,0.0,0.0,0.0,0.0,0.0,0.0,0.0,0.0,0.0,6.289999999999999,8.00,39,18,USA,HAM,Lewis Hamilton,GBR,Great Britain,Великобритания,#314486,Mercedes,#707070,50.0,50.0,0.0,100.0,143.0,143.0,5,5,8,7.0,6,5,15.0,11,17,8.00,
2023,2023181,2,22,Valtteri Bottas,Alfa Romeo,13.0,13,12,12,12,+1:38.601,0,77,BOT,3,1,#752020,3-1,8,3,1.0,4.32,0.0,0.0,0.4742041712403952,13,0,0,7.0,13.0,0,0,1.0,1.0,56.0,100,-2,1.0,3.0,4.0,15.0,-2,0.0,2.0,2.0,1.0,102.972,01:42.972,0.164,0.110,0.054,2,3.90,13,1.40,16,1.25,14,1.35,9,1.0,14,6,5.30,16,2.60,5,0.0892857142857142,3.450,0.0616071428571416,9.22,2.29,2.11,4.00,9.27,6.74,5.13,5.00,6.25,1.0,0.578782172002511,1.0,0.5626666666666666,0.0,0.2716488730723606,1.0,0.5517241379310345,5.0,0.0,0.4991922455573505,0.0,15.0,0.0,0.0,0,0.0,0.0,0.0,0.0,0.0,0.0,0.0,0.0,0.0,0.0,0.0,0.0,0.0,0.0,0.0,0.0,7.195,7.90,39,18,USA,ZHO,Guanyu Zhou,FIN,Finland,Финляндия,#04276B,Ferrari,#DC0004,25.0,75.0,0.0,100.0,10.0,10.0,12,13,9,6.0,2,13,16.0,14,16,7.90,
2023,2023181,2,22,Pierre Gasly,Alpine,7.0,7,6,6,6,+47.996,8,10,GAS,17,3,#0E8EDD,17-3,9,4,1.0,7.16,1.0,1.0,0.5173410404624278,7,0,0,4.0,7.0,0,0,1.0,,56.0,100,1,1.0,0.0,1.0,10.0,-3,0.0,3.0,3.0,1.0,102.126,01:42.126,0.199,0.160,0.039,8,3.30,7,1.70,18,1.15,9,1.60,10,1.0,16,8,5.00,14,2.75,7,0.125,2.520,0.0449999999999996,7.62,1.00,6.13,6.25,9.69,6.74,5.13,5.00,6.25,,,,,,,,,2.0,1.0,0.9064546304957904,8.0,8.0,8.0,0.0,0,0.0,0.0,0.0,0.0,0.0,0.0,0.0,0.0,0.0,0.0,0.0,0.0,0.0,0.0,0.0,0.0,6.288333333333334,7.75,39,18,USA,OCO,Esteban Ocon,FRA,France,Франция,#004CA2,Renault,#FAEF00,100.0,0.0,0.0,100.0,56.0,56.0,6,7,10,8.0,8,7,14.0,9,18,7.75,
2023,2023181,2,22,Fernando Alonso,Aston Martin,17.0,19,-,DNF,16,-,0,14,ALO,19,4,#23675D,19-4,7,1,1.0,2.42,1.0,1.0,0.622107969151671,19,0,0,10.0,19.0,1,0,0.0,,49.0,88,5,7.0,2.0,9.0,18.0,0,0.0,0.0,0.0,1.0,102.481,01:42.481,0.308,0.292,0.016,14,2.70,9,1.60,12,1.45,2,1.95,11,1.0,10,13,4.30,5,3.40,4,0.0816326530612244,1.600,0.0326530612244891,2.64,4.86,4.44,9.25,10.0,6.74,5.13,5.00,6.25,0.0,0.2642642642642642,0.0,0.4058500914076782,1.0,0.5,0.0,0.4805194805194805,1.0,1.0,0.5246589716684155,6.0,37.0,15.0,0.0,0,0.0,0.0,0.0,0.0,0.0,0.0,0.0,0.0,0.0,0.0,0.0,0.0,0.0,0.0,0.0,0.0,4.111666666666667,7.70,39,18,USA,STR,Lance Stroll,ESP,Spain,Испания,#F7B800,Mercedes,#707070,78.0,22.0,0.0,0.0,183.0,183.0,12,19,11,13.0,14,9,5.0,2,12,7.70,
2023,2023181,2,22,Logan Sargeant,Williams,20.0,16,10,10,10,+1:27.998,1,2,SAR,27,18,#0B4BCD,27-18,21,1,1.0,1.0,0.0,0.0,0.3389830508474576,16,0,0,8.0,16.0,0,0,0.0,0.0,56.0,100,2,6.0,4.0,10.0,17.0,-1,0.0,1.0,1.0,1.0,102.743,01:42.743,0.217,0.154,0.063,10,3.10,11,1.50,15,1.30,7,1.70,12,1.0,13,11,4.60,10,3.00,5,0.0892857142857142,3.329,0.0594464285714276,6.80,3.57,3.20,7.00,9.32,6.74,5.13,5.00,6.25,0.0,0.4331210191082802,0.0,0.4819277108433735,0.0,0.3676622039134912,0.0,0.5,3.0,1.0,0.5037837837837837,3.0,37.0,1.0,0.0,0,0.0,0.0,0.0,0.0,0.0,0.0,0.0,0.0,0.0,0.0,0.0,0.0,0.0,0.0,0.0,0.0,6.295000000000001,7.60,39,18,USA,ALB,Alexander Albon,USA,USA,США,#071C63,Mercedes,#707070,60.0,40.0,0.0,100.0,1.0,1.0,10,16,12,11.0,10,11,10.0,7,15,7.60,
2023,2023181,2,22,Nico Hulkenberg,Haas F1 Team,16.0,18,11,11,11,+1:29.904,0,27,HUL,25,7,#505050,25-7,11,3,1.0,2.89,0.0,0.0,0.4294205052005943,18,0,0,9.0,18.0,0,0,1.0,1.0,56.0,100,4,6.0,2.0,8.0,19.0,0,0.0,0.0,0.0,1.0,102.76,01:42.760,0.231,0.166,0.065,13,2.80,12,1.45,11,1.50,4,1.85,13,1.0,9,14,4.25,8,3.35,5,0.0892857142857142,3.917,0.0699464285714291,6.16,4.86,3.12,8.50,9.06,6.74,5.13,5.00,6.25,1.0,0.734207389749702,1.0,0.7222222222222222,0.0,0.4418181818181818,1.0,0.6415094339622641,13.0,1.0,0.5837628865979382,0.0,15.0,0.0,0.0,0,0.0,0.0,0.0,0.0,0.0,0.0,0.0,0.0,0.0,0.0,0.0,0.0,0.0,0.0,0.0,0.0,6.333333333333333,7.60,39,18,USA,MAG,Kevin Magnussen,GER,Germany,Германия,#000000,Ferrari,#DC0004,75.0,25.0,0.0,0.0,9.0,9.0,11,18,13,14.0,13,12,8.0,4,11,7.60,
2023,2023181,2,22,Guanyu Zhou,Alfa Romeo,12.0,12,13,13,13,+1 Lap,0,24,ZHO,23,1,#752020,23-1,5,3,1.0,4.79,1.0,1.0,0.5257958287596048,12,0,0,6.0,12.0,0,0,0.0,0.0,55.0,98,-3,1.0,4.0,5.0,11.0,1,1.0,0.0,1.0,1.0,103.07,01:43.070,0.219,0.163,0.0559999999999999,11,3.00,14,1.35,6,1.75,15,1.30,14,1.0,4,12,4.35,9,3.05,5,0.0909090909090909,3.322,0.0604,6.71,6.14,1.64,3.25,9.3,6.74,5.13,5.00,6.25,0.0,0.421217827997489,0.0,0.4373333333333333,1.0,0.7283511269276394,0.0,0.4482758620689655,4.0,1.0,0.5008077544426495,0.0,15.0,0.0,0.0,0,0.0,0.0,0.0,0.0,0.0,0.0,0.0,0.0,0.0,0.0,0.0,0.0,0.0,0.0,0.0,0.0,6.038333333333333,7.40,39,18,USA,BOT,Valtteri Bottas,CHN,China,Китай,#F70000,Ferrari,#DC0004,20.0,80.0,100.0,0.0,6.0,6.0,13,12,14,12.0,11,14,9.0,15,6,7.40,
2023,2023181,2,22,Kevin Magnussen,Haas F1 Team,14.0,17,14,14,14,+1 Lap,0,20,MAG,22,7,#505050,22-7,6,3,1.0,3.84,1.0,1.0,0.5705794947994056,17,0,0,9.0,17.0,0,0,0.0,0.0,55.0,98,-1,1.0,2.0,3.0,16.0,1,1.0,0.0,1.0,1.0,103.162,01:43.162,0.317,0.113,0.204,15,2.60,15,1.30,9,1.60,13,1.40,15,1.0,7,15,3.90,11,3.00,8,0.1454545454545454,9.488,0.1725090909090898,2.23,6.14,1.20,4.75,6.46,6.74,5.13,5.00,6.25,0.0,0.2657926102502979,0.0,0.2777777777777777,1.0,0.5581818181818181,0.0,0.3584905660377358,18.0,0.0,0.4162371134020619,0.0,15.0,0.0,0.0,0,0.0,0.0,0.0,0.0,0.0,0.0,0.0,0.0,0.0,0.0,0.0,0.0,0.0,0.0,0.0,0.0,3.3016666666666663,6.90,39,18,USA,HUL,Nico Hulkenberg,DEN,Denmark,Дания,#D20019,Ferrari,#DC0004,33.0,67.0,100.0,0.0,3.0,3.0,14,17,15,15.0,15,15,11.0,13,9,6.90,
2023,2023181,2,22,Daniel Ricciardo,Alpha Tauri,15.0,14,15,15,15,+1 Lap,0,3,RIC,7,2,#5F86E1,7-2,2,2,1.0,3.37,0.0,0.0,0.3904982618771727,14,0,0,7.0,14.0,0,0,0.0,0.0,55.0,98,-6,1.0,7.0,8.0,13.0,1,1.0,0.0,1.0,1.0,103.205,01:43.205,0.344,0.181,0.1629999999999999,16,2.50,16,1.25,7,1.70,16,1.25,16,1.0,5,16,3.75,12,2.95,7,0.1272727272727272,8.150,0.1481818181818177,1.00,6.14,1.00,1.00,7.08,6.74,5.13,5.00,6.25,0.0,0.104384133611691,0.0,0.1524390243902439,1.0,0.6323377960865088,0.0,0.1379310344827586,17.0,0.0,0.4351567301782422,5.0,42.0,0.0,0.0,0,0.0,0.0,0.0,0.0,0.0,0.0,0.0,0.0,0.0,0.0,0.0,0.0,0.0,0.0,0.0,0.0,1.856666666666667,6.70,39,18,USA,TSU,Yuki Tsunoda,AUS,Australia,Австралия,#F7C900,Honda,#DE0000,12.0,88.0,100.0,0.0,0.0,0.0,15,14,16,16.0,16,16,12.0,16,7,6.70,
2023,2023181,2,22,Oscar Piastri,McLaren,10.0,10,-,DNF,17,-,0,81,PIA,28,9,#EE853F,28-9,2,1,1.0,5.74,0.0,0.0,0.3759004584151932,10,0,0,5.0,10.0,1,0,0.0,,10.0,18,-,0.0,0.0,0.0,6.0,4,4.0,0.0,4.0,0.0,-,-,0.092,0.092,0.0,DNC,DNC,DNC,DNC,1,DNC,DNC,DNC,DNC,0.0,20,DNC,DNC,DNC,DNC,0,0.0,-,,-,10.00,-,-,,6.74,5.13,5.00,6.25,,,,,,,,,20.0,0.0,,18.0,37.0,0.0,1.0,0,0.0,0.0,0.0,1.0,0.0,1.0,0.0,0.0,0.0,0.0,0.0,0.0,0.0,0.0,0.0,0.0,,DNC,39,18,USA,NOR,Lando Norris,AUS,Australia,Австралия,#F7C900,Mercedes,#707070,0.0,0.0,100.0,0.0,83.0,83.0,9,10,14,13.0,14,10,15.0,15,1,7.02,
2023,2023181,2,22,Esteban Ocon,Alpine,8.0,8,-,DNF,18,-,0,31,OCO,13,3,#0E8EDD,13-3,9,4,1.0,6.68,0.0,0.0,0.4826589595375722,8,0,0,4.0,8.0,1,0,0.0,,6.0,11,-,0.0,13.0,13.0,7.0,1,2.0,1.0,3.0,0.0,-,-,1.794,0.629,1.165,DNC,DNC,DNC,DNC,5,DNC,DNC,DNC,DNC,0.0,19,DNC,DNC,DNC,DNC,1,0.1666666666666666,2.329,0.3881666666666656,-,6.14,-,-,1.0,6.74,5.13,5.00,6.25,,,,,,,,,19.0,0.0,0.0935453695042095,8.0,8.0,8.0,0.0,0,0.0,0.0,0.0,0.0,0.0,0.0,0.0,0.0,0.0,0.0,0.0,0.0,0.0,0.0,0.0,0.0,,DNC,39,18,USA,GAS,Pierre Gasly,FRA,France,Франция,#004CA2,Renault,#FAEF00,0.0,100.0,67.0,33.0,44.0,44.0,10,8,8,6.5,5,12,12.0,14,5,7.90,
2023,2023181,2,22,Lewis Hamilton,Mercedes,3.0,3,-,DSQ,19,-,0,44,HAM,1,10,#08ABA3,1-10,10,1,1.0,9.05,1.0,1.0,0.5273892773892774,3,0,0,2.0,3.0,0,1,,,56.0,100,-,,,,,-,-,-,,0.0,-,-,-,-,,DNC,DNC,DNC,DNC,DNC,DNC,DNC,DNC,DNC,0.0,18,DNC,DNC,DNC,DNC,-,0.1607142857142857,-,,-,-,-,-,9.18,6.74,5.13,5.00,6.25,,,,,,,,,9.0,,,10.0,37.0,28.0,,0,,,,,,,,0.0,0.0,0.0,0.0,0.0,0.0,1.0,1.0,6.0,,DSQ,39,18,USA,RUS,George Russell,GBR,Great Britain,Великобритания,#314486,Mercedes,#707070,0.0,0.0,0.0,0.0,201.0,201.0,2,3,2,3.0,5,2,5.0,8,8,8.88,DSQ
2023,2023181,2,22,Charles Leclerc,Ferrari,1.0,1,-,DSQ,20,-,0,16,LEC,6,5,#E01A00,6-5,15,3,1.0,10.0,1.0,1.0,0.5382131324004307,1,0,0,1.0,1.0,0,1,,,56.0,100,-,,,,,-,-,-,,0.0,-,-,-,-,,DNC,DNC,DNC,DNC,DNC,DNC,DNC,DNC,DNC,0.0,17,DNC,DNC,DNC,DNC,-,0.125,-,,-,-,-,-,7.92,6.74,5.13,5.00,6.25,,,,,,,,,16.0,,,15.0,15.0,0.0,,0,,,,,,,,0.0,0.0,0.0,0.0,1.0,0.0,0.0,1.0,3.0,,DSQ,39,18,USA,SAI,Carlos Sainz,MON,Monaco,Монако,#D80000,Ferrari,#DC0004,0.0,0.0,0.0,0.0,151.0,151.0,3,1,5,3.0,4,4,12.5,10,14,8.55,DSQ
2023,2023191,2,23,Max Verstappen,Red Bull Racing,3.0,3,1,1,1,2:02:30.814,25,1,VER,2,14,#405585,2-14,16,2,1.0,9.0,1.0,1.0,0.5294117647058824,3,0,0,2.0,3.0,0,0,1.0,,71.0,100,4,4.0,0.0,4.0,1.0,2,2.0,0.0,2.0,1.0,82.693,01:22.693,0.112,0.076,0.036,2,3.90,1,2.00,2,1.95,2,1.95,1,1.0,2,1,5.90,1,3.90,5,0.0704225352112676,2.453,0.0345492957746483,9.93,8.71,10.00,6.29,9.82,6.15,4.70,6.14,4.15,,,,,,,,,3.0,1.0,1.0,25.0,31.0,25.0,1.0,1,1.0,0.0,1.0,0.0,0.0,2.0,0.0,1.0,0.0,0.0,1.0,0.0,0.0,1.0,1.0,59.0,9.12,9.80,24,19,MEX,PER,Sergio Perez,NLD,Netherlands,Нидерланды,#F75600,Honda,#DE0000,100.0,0.0,100.0,0.0,491.0,491.0,1,3,1,1.0,2,1,1.0,2,2,9.80,
2023,2023191,2,23,Lewis Hamilton,Mercedes,6.0,6,2,2,2,+13.875,19,44,HAM,1,10,#08ABA3,1-10,10,1,1.0,7.5,1.0,1.0,0.5357142857142857,6,0,0,3.0,6.0,0,0,1.0,1.0,71.0,100,2,2.0,0.0,2.0,5.0,0,0.0,0.0,0.0,1.0,83.132,01:23.132,0.217,0.097,0.12,5,3.60,2,1.95,9,1.60,4,1.85,2,1.0,8,4,5.55,4,3.45,13,0.1830985915492957,8.014,0.1128732394366214,8.94,6.14,8.74,5.24,7.45,6.15,4.70,6.14,4.15,1.0,0.6777862016679302,1.0,0.6576373212942063,1.0,0.5,1.0,0.5,16.0,0.0,0.4904542462146148,27.0,43.0,37.0,0.0,0,0.0,0.0,0.0,0.0,0.0,0.0,1.0,0.0,1.0,0.0,1.0,0.0,0.0,0.0,0.0,0.0,7.856666666666666,9.00,24,19,MEX,RUS,George Russell,GBR,Great Britain,Великобритания,#314486,Mercedes,#707070,100.0,0.0,0.0,0.0,220.0,220.0,2,6,2,4.0,5,2,4.0,4,9,9.00,
2023,2023191,2,23,Carlos Sainz,Ferrari,2.0,2,4,4,4,+27.154,12,55,SAI,8,5,#E01A00,8-5,7,3,1.0,9.5,0.0,0.0,0.4871794871794871,2,0,0,1.0,2.0,0,0,0.0,0.0,71.0,100,-1,0.0,1.0,1.0,3.0,-1,0.0,1.0,1.0,1.0,83.421,01:23.421,0.105,0.072,0.033,1,4.00,4,1.85,15,1.30,10,1.55,3,1.0,14,2,5.85,14,2.85,7,0.0985915492957746,2.327,0.0327746478873239,10.00,4.86,7.92,3.65,9.87,6.15,4.70,6.14,4.15,1.0,0.502008032128514,0.0,0.4864864864864864,0.0,0.5,0.0,0.5,2.0,1.0,0.5035714285714284,27.0,27.0,12.0,1.0,0,0.0,1.0,0.0,0.0,0.0,1.0,0.0,0.0,0.0,0.0,0.0,0.0,1.0,0.0,1.0,0.0,8.084999999999999,8.70,24,19,MEX,LEC,Charles Leclerc,ESP,Spain,Испания,#F7B800,Ferrari,#DC0004,0.0,100.0,0.0,100.0,183.0,183.0,4,2,3,2.0,1,4,14.0,10,15,8.70,
2023,2023191,2,23,Charles Leclerc,Ferrari,1.0,1,3,3,3,+23.124,15,16,LEC,6,5,#E01A00,6-5,15,3,1.0,10.0,1.0,1.0,0.5128205128205128,1,0,0,1.0,1.0,0,0,1.0,1.0,71.0,100,-1,0.0,1.0,1.0,2.0,-1,0.0,1.0,1.0,1.0,83.265,01:23.265,0.113,0.075,0.038,3,3.80,3,1.90,14,1.35,9,1.60,4,1.0,13,3,5.70,12,2.95,8,0.1126760563380281,2.658,0.03743661971831,9.92,4.86,8.36,3.65,9.73,6.15,4.70,6.14,4.15,0.0,0.4979919678714859,1.0,0.5135135135135135,1.0,0.5,1.0,0.5,4.0,0.0,0.4964285714285714,27.0,27.0,15.0,0.0,0,0.0,0.0,0.0,0.0,0.0,0.0,0.0,0.0,0.0,1.0,1.0,1.0,0.0,0.0,1.0,12.0,8.031666666666666,8.65,24,19,MEX,SAI,Carlos Sainz,MON,Monaco,Монако,#D80000,Ferrari,#DC0004,0.0,100.0,0.0,100.0,166.0,166.0,3,1,4,3.0,3,3,12.0,9,14,8.65,
2023,2023191,2,23,Daniel Ricciardo,Alpha Tauri,4.0,4,7,7,7,+41.570,6,3,RIC,7,2,#5F86E1,7-2,2,2,1.0,8.5,1.0,1.0,0.7391304347826086,4,0,0,2.0,4.0,0,0,1.0,1.0,71.0,100,-4,0.0,4.0,4.0,4.0,0,0.0,0.0,0.0,1.0,83.688,01:23.688,0.185,0.101,0.0839999999999999,4,3.70,5,1.80,8,1.65,15,1.30,5,1.0,7,5,5.50,13,2.95,7,0.0985915492957746,5.407,0.0761549295774637,9.24,6.14,7.15,2.06,8.56,6.15,4.70,6.14,4.15,1.0,0.90234375,1.0,0.7086223984142715,0.0,0.4134680134680134,1.0,0.5,12.0,1.0,0.895397489539749,6.0,31.0,10.0,0.0,0,0.0,0.0,0.0,0.0,0.0,0.0,0.0,0.0,0.0,0.0,0.0,0.0,0.0,0.0,0.0,0.0,7.526666666666667,8.45,24,19,MEX,TSU,Yuki Tsunoda,AUS,Australia,Австралия,#F7C900,Honda,#DE0000,0.0,100.0,0.0,0.0,6.0,6.0,7,4,5,5.0,4,5,13.0,15,8,8.45,
2023,2023191,2,23,Alexander Albon,Williams,14.0,14,9,9,9,+48.573,2,23,ALB,24,18,#0B4BCD,24-18,20,1,1.0,3.5,1.0,,,14,0,0,7.0,14.0,0,0,1.0,,71.0,100,1,4.0,3.0,7.0,11.0,2,2.0,0.0,2.0,1.0,84.903,01:24.903,0.523,0.506,0.017,8,3.30,9,1.60,3,1.90,8,1.65,6,1.0,3,7,4.90,2,3.55,7,0.0985915492957746,4.625,0.0651408450704225,6.03,8.71,3.68,4.71,8.89,6.15,4.70,6.14,4.15,1.0,0.5491803278688525,1.0,0.5310245310245311,1.0,0.5396530359355638,0.0,0.4733668341708543,8.0,1.0,0.5691421254801536,2.0,43.0,2.0,0.0,0,0.0,0.0,0.0,0.0,0.0,0.0,0.0,0.0,0.0,0.0,0.0,0.0,0.0,0.0,0.0,0.0,6.256666666666668,8.45,24,19,MEX,SAR,Logan Sargeant,THA,Thailand,Таиланд,#2E2549,Mercedes,#707070,57.0,43.0,100.0,0.0,27.0,27.0,9,14,6,7.0,8,9,2.0,8,3,8.45,
2023,2023191,2,23,Lance Stroll,Aston Martin,18.0,PLS,17,17,17,,0,18,STR,10,4,#23675D,10-4,4,1,1.0,1.5,0.0,0.0,0.2727272727272727,PLS,0,1,,20.0,0,0,1.0,,66.0,93,4,5.0,1.0,6.0,19.0,0,0.0,0.0,0.0,1.0,85.07,01:25.070,0.458,0.441,0.017,6,3.50,12,1.45,13,1.40,3,1.90,7,1.0,12,6,4.95,8,3.30,3,0.0454545454545454,1.885,0.0285606060606059,6.65,6.14,3.20,6.29,10.0,6.15,4.70,6.14,4.15,1.0,0.6191806331471136,1.0,0.7619047619047619,1.0,0.6323377960865088,1.0,0.8043478260869565,1.0,1.0,0.574052812858783,0.0,43.0,0.0,0.0,0,0.0,0.0,0.0,0.0,0.0,0.0,0.0,0.0,0.0,0.0,0.0,0.0,0.0,0.0,0.0,0.0,6.505,8.25,24,19,MEX,ALO,Fernando Alonso,CAN,Canada,Канада,#E30000,Mercedes,#707070,83.0,17.0,0.0,0.0,53.0,53.0,17,18,7,6.0,6,12,8.0,3,13,8.25,
2023,2023191,2,23,Pierre Gasly,Alpine,11.0,11,11,11,11,+1:06.208,0,10,GAS,17,3,#0E8EDD,17-3,9,4,1.0,5.0,1.0,1.0,0.6666666666666666,11,0,0,6.0,11.0,0,0,0.0,0.0,71.0,100,2,4.0,2.0,6.0,9.0,1,2.0,1.0,3.0,1.0,85.055,01:25.055,0.564,0.575,0.011,10,3.10,11,1.50,6,1.75,6,1.75,8,1.0,5,9,4.60,3,3.50,8,0.1126760563380281,3.999,0.0563239436619721,5.64,7.43,3.24,5.24,9.16,6.15,4.70,6.14,4.15,0.0,0.4808184143222506,1.0,0.5184000000000001,1.0,0.8813760379596679,1.0,0.6267942583732058,6.0,1.0,0.5044052863436124,1.0,1.0,1.0,0.0,0,0.0,0.0,0.0,0.0,0.0,0.0,0.0,0.0,0.0,0.0,0.0,0.0,0.0,0.0,0.0,0.0,5.871666666666666,8.10,24,19,MEX,OCO,Esteban Ocon,FRA,France,Франция,#004CA2,Renault,#FAEF00,67.0,33.0,67.0,33.0,56.0,56.0,11,11,8,9.0,10,11,3.0,6,6,8.10,
2023,2023191,2,23,Lando Norris,McLaren,19.0,17,5,5,5,+33.266,10,4,NOR,4,9,#EE853F,4-9,10,1,1.0,1.0,0.0,0.0,0.125,17,0,0,9.0,17.0,0,0,1.0,1.0,71.0,100,11,15.0,4.0,19.0,16.0,0,1.0,1.0,2.0,1.0,84.276,01:24.276,0.667,0.674,0.007,13,2.80,6,1.75,12,1.45,1,2.00,9,1.0,11,10,4.55,5,3.45,6,0.0845070422535211,3.499,0.0492816901408454,4.66,6.14,5.47,10.00,9.37,6.15,4.70,6.14,4.15,1.0,0.5508274231678486,1.0,0.5616016427104723,0.0,0.5,1.0,0.7326007326007326,5.0,1.0,0.5441347270615563,14.0,43.0,37.0,1.0,0,0.0,0.0,0.0,0.0,1.0,1.0,0.0,0.0,0.0,0.0,0.0,0.0,0.0,0.0,0.0,0.0,5.796666666666667,8.00,24,19,MEX,PIA,Oscar Piastri,GBR,Great Britain,Великобритания,#314486,Mercedes,#707070,79.0,21.0,50.0,50.0,169.0,169.0,5,17,9,10.0,13,6,5.0,1,12,8.00,
2023,2023191,2,23,Logan Sargeant,Williams,,19,-,DNF,16,-,0,2,SAR,27,18,#0B4BCD,27-18,21,1,0.0,,0.0,,,19,0,0,10.0,19.0,1,0,0.0,,71.0,100,2,6.0,4.0,10.0,17.0,1,1.0,0.0,1.0,1.0,85.052,01:25.052,0.636,0.537,0.0989999999999999,12,2.90,10,1.55,7,1.70,7,1.70,10,1.0,6,12,4.45,6,3.40,8,0.1126760563380281,9.701,0.1366338028169017,4.95,7.43,3.25,5.24,6.73,6.15,4.70,6.14,4.15,0.0,0.4508196721311475,0.0,0.468975468975469,0.0,0.4603469640644361,1.0,0.5266331658291458,18.0,0.0,0.4308578745198463,2.0,43.0,0.0,0.0,0,0.0,0.0,0.0,0.0,0.0,0.0,0.0,0.0,0.0,0.0,0.0,0.0,0.0,0.0,0.0,0.0,5.411666666666666,7.85,24,19,MEX,ALB,Alexander Albon,USA,USA,США,#071C63,Mercedes,#707070,60.0,40.0,100.0,0.0,1.0,1.0,15,19,10,12.0,12,10,6.0,7,7,7.85,
2023,2023191,2,23,George Russell,Mercedes,8.0,8,6,6,6,+41.020,8,63,RUS,14,10,#08ABA3,14-10,10,1,1.0,6.5,0.0,0.0,0.4642857142857143,8,0,0,4.0,8.0,0,0,0.0,0.0,71.0,100,2,4.0,2.0,6.0,7.0,0,0.0,0.0,0.0,1.0,84.598,01:24.598,0.710,0.694,0.016,15,2.60,7,1.70,11,1.50,5,1.80,11,1.0,10,13,4.30,9,3.30,10,0.1408450704225352,7.325,0.103169014084506,4.25,6.14,4.55,5.24,7.74,6.15,4.70,6.14,4.15,0.0,0.3222137983320697,0.0,0.3423626787057938,0.0,0.5,0.0,0.5,15.0,1.0,0.5095457537853851,27.0,43.0,37.0,0.0,0,0.0,0.0,0.0,0.0,0.0,0.0,0.0,0.0,0.0,0.0,0.0,0.0,0.0,0.0,0.0,0.0,4.73,7.60,24,19,MEX,HAM,Lewis Hamilton,GBR,Great Britain,Великобритания,#314486,Mercedes,#707070,67.0,33.0,0.0,0.0,151.0,151.0,6,8,11,13.0,15,7,9.0,5,11,7.60,
2023,2023191,2,23,Esteban Ocon,Alpine,16.0,15,10,10,10,+1:02.879,1,31,OCO,13,3,#0E8EDD,13-3,9,4,1.0,2.5,0.0,0.0,0.3333333333333333,15,0,0,8.0,15.0,0,0,1.0,1.0,71.0,100,-2,5.0,7.0,12.0,18.0,-4,0.0,4.0,4.0,1.0,85.138,01:25.138,0.516,0.491,0.025,7,3.40,13,1.40,19,1.10,13,1.40,12,1.0,18,8,4.80,16,2.50,6,0.0845070422535211,4.366,0.0614929577464786,6.09,1.00,3.01,3.12,9.0,6.15,4.70,6.14,4.15,1.0,0.5191815856777493,0.0,0.4816,0.0,0.1186239620403321,0.0,0.3732057416267943,7.0,0.0,0.4955947136563877,1.0,1.0,1.0,0.0,0,0.0,0.0,0.0,0.0,0.0,0.0,0.0,0.0,0.0,0.0,0.0,0.0,0.0,0.0,0.0,0.0,4.746666666666667,7.30,24,19,MEX,GAS,Pierre Gasly,FRA,France,Франция,#004CA2,Renault,#FAEF00,42.0,58.0,0.0,100.0,45.0,45.0,10,15,12,8.0,7,13,16.0,13,19,7.30,
2023,2023191,2,23,Nico Hulkenberg,Haas F1 Team,12.0,12,13,13,13,+1:20.309,0,27,HUL,25,7,#505050,25-7,11,3,1.0,4.5,1.0,1.0,0.6923076923076923,12,0,0,6.0,12.0,0,0,1.0,,71.0,100,-3,2.0,5.0,7.0,8.0,3,3.0,0.0,3.0,1.0,85.353,01:25.353,0.687,0.695,0.0079999999999998,14,2.70,17,1.20,1,2.00,14,1.35,13,1.0,1,16,3.90,7,3.35,9,0.1267605633802817,5.254,0.0739999999999986,4.47,10.00,2.39,2.59,8.63,6.15,4.70,6.14,4.15,,,,,,,,,11.0,0.0,0.4942726231386025,0.0,27.0,0.0,1.0,0,0.0,0.0,0.0,1.0,0.0,1.0,0.0,0.0,0.0,0.0,0.0,0.0,0.0,0.0,0.0,0.0,5.078333333333333,7.25,24,19,MEX,MAG,Kevin Magnussen,GER,Germany,Германия,#000000,Ferrari,#DC0004,29.0,71.0,100.0,0.0,9.0,9.0,13,12,13,16.0,14,17,7.0,14,1,7.25,
2023,2023191,2,23,Valtteri Bottas,Alfa Romeo,9.0,9,15,15,15,+1:25.597,0,77,BOT,3,1,#752020,3-1,8,3,1.0,6.0,1.0,1.0,0.5217391304347826,9,0,0,5.0,9.0,0,0,0.0,0.0,71.0,100,-2,4.0,6.0,10.0,12.0,-4,0.0,4.0,4.0,1.0,85.205,01:25.205,0.549,0.503,0.046,9,3.20,15,1.30,18,1.15,12,1.45,14,1.0,17,11,4.50,15,2.60,6,0.0845070422535211,5.090,0.07169014084507,5.78,1.00,2.82,3.12,8.7,6.15,4.70,6.14,4.15,1.0,0.5268915223336372,1.0,0.5241635687732342,0.0,0.1706484641638225,1.0,0.7572815533980582,10.0,1.0,0.5169340463458111,0.0,27.0,0.0,0.0,0,0.0,0.0,0.0,0.0,0.0,0.0,0.0,0.0,0.0,0.0,0.0,0.0,0.0,0.0,0.0,0.0,4.54,7.10,24,19,MEX,ZHO,Guanyu Zhou,FIN,Finland,Финляндия,#04276B,Ferrari,#DC0004,40.0,60.0,0.0,100.0,10.0,10.0,15,9,14,11.0,9,15,15.0,12,18,7.10,
2023,2023191,2,23,Oscar Piastri,McLaren,7.0,7,8,8,8,+43.104,4,81,PIA,28,9,#EE853F,28-9,2,1,1.0,7.0,1.0,1.0,0.875,7,0,0,4.0,7.0,0,0,0.0,0.0,71.0,100,-1,2.0,3.0,5.0,6.0,0,0.0,0.0,0.0,1.0,84.697,01:24.697,0.757,0.799,0.042,17,2.40,8,1.65,10,1.55,11,1.50,15,1.0,9,15,4.05,10,3.05,13,0.1830985915492957,7.068,0.0995492957746476,3.80,6.14,4.27,3.65,7.85,6.15,4.70,6.14,4.15,0.0,0.4491725768321512,0.0,0.4383983572895277,1.0,0.5,0.0,0.2673992673992674,14.0,0.0,0.4558652729384437,14.0,43.0,10.0,0.0,0,0.0,0.0,0.0,0.0,0.0,0.0,0.0,0.0,0.0,0.0,0.0,0.0,0.0,0.0,0.0,0.0,4.165,7.10,24,19,MEX,NOR,Lando Norris,AUS,Australia,Австралия,#F7C900,Mercedes,#707070,40.0,60.0,0.0,0.0,87.0,87.0,8,7,15,15.0,17,8,10.0,11,10,7.10,
2023,2023191,2,23,Yuki Tsunoda,Alpha Tauri,15.0,18,12,12,12,+1:18.982,0,22,TSU,9,2,#5F86E1,9-2,13,2,1.0,3.0,0.0,0.0,0.2608695652173913,18,0,0,9.0,18.0,0,0,0.0,0.0,71.0,100,-4,4.0,8.0,12.0,15.0,2,2.0,0.0,2.0,1.0,85.163,01:25.163,1.052,0.769,0.283,18,2.30,14,1.35,5,1.80,16,1.25,16,1.0,4,17,3.65,11,3.05,9,0.1267605633802817,23.153,0.3260985915492944,1.00,8.71,2.94,2.06,1.0,6.15,4.70,6.14,4.15,0.0,0.09765625,0.0,0.2913776015857284,1.0,0.5865319865319866,0.0,0.5,19.0,0.0,0.104602510460251,6.0,31.0,0.0,0.0,0,0.0,0.0,0.0,0.0,0.0,0.0,0.0,0.0,0.0,0.0,0.0,0.0,0.0,0.0,0.0,0.0,2.461666666666667,6.70,24,19,MEX,RIC,Daniel Ricciardo,JPN,Japan,Япония,#C60018,Honda,#DE0000,33.0,67.0,100.0,0.0,8.0,8.0,12,18,16,17.0,18,14,11.0,16,5,6.70,
2023,2023191,2,23,Guanyu Zhou,Alfa Romeo,10.0,10,14,14,14,+1:21.676,0,24,ZHO,23,1,#752020,23-1,5,3,1.0,5.5,0.0,0.0,0.4782608695652174,10,0,0,5.0,10.0,0,0,1.0,1.0,71.0,100,-6,1.0,7.0,8.0,10.0,-1,1.0,2.0,3.0,1.0,85.293,01:25.293,0.611,0.553,0.0579999999999999,11,3.00,16,1.25,16,1.25,18,1.15,17,1.0,15,14,4.25,17,2.40,6,0.0845070422535211,6.407,0.090239436619718,5.19,4.86,2.56,1.00,8.13,6.15,4.70,6.14,4.15,0.0,0.4731084776663628,0.0,0.4758364312267658,1.0,0.8293515358361775,0.0,0.2427184466019417,13.0,0.0,0.483065953654189,0.0,27.0,0.0,0.0,0,0.0,0.0,0.0,0.0,0.0,0.0,0.0,0.0,0.0,0.0,0.0,0.0,0.0,0.0,0.0,0.0,4.4366666666666665,6.65,24,19,MEX,BOT,Valtteri Bottas,CHN,China,Китай,#F70000,Ferrari,#DC0004,12.0,88.0,33.0,67.0,6.0,6.0,14,10,17,14.0,11,16,17.0,18,16,6.65,
2023,2023191,2,23,Fernando Alonso,Aston Martin,13.0,13,-,DNF,18,-,0,14,ALO,19,4,#23675D,19-4,7,1,1.0,4.0,1.0,1.0,0.7272727272727273,13,0,0,7.0,13.0,1,0,0.0,,47.0,66,-5,2.0,7.0,9.0,14.0,-2,0.0,2.0,2.0,1.0,85.84,01:25.840,0.727,0.643,0.0839999999999999,16,2.50,18,1.15,17,1.20,17,1.20,18,1.0,16,18,3.65,18,2.40,5,0.1063829787234042,5.352,0.1138723404255313,4.09,3.57,1.00,1.53,7.42,6.15,4.70,6.14,4.15,0.0,0.3808193668528863,0.0,0.238095238095238,0.0,0.3676622039134912,0.0,0.1956521739130435,17.0,0.0,0.4259471871412169,0.0,43.0,12.0,0.0,0,0.0,0.0,0.0,0.0,0.0,0.0,0.0,0.0,0.0,0.0,0.0,0.0,0.0,0.0,0.0,0.0,3.5766666666666667,6.05,24,19,MEX,STR,Lance Stroll,ESP,Spain,Испания,#F7B800,Mercedes,#707070,22.0,78.0,0.0,100.0,183.0,183.0,12,13,18,18.0,16,18,18.0,17,17,6.05,
2023,2023191,2,23,Kevin Magnussen,Haas F1 Team,17.0,16,-,DNF,19,-,0,20,MAG,22,7,#505050,22-7,6,3,1.0,2.0,0.0,0.0,0.3076923076923077,16,0,0,8.0,16.0,1,0,0.0,,31.0,44,-,1.0,0.0,1.0,13.0,2,2.0,0.0,2.0,1.0,-,-,0.234,0.134,0.1,DNC,DNC,DNC,DNC,4,DNC,DNC,DNC,DNC,0.0,20,DNC,DNC,DNC,DNC,4,0.1290322580645161,2.082,0.0671612903225804,-,8.71,-,-,8.83,6.15,4.70,6.14,4.15,,,,,,,,,9.0,1.0,0.5057273768613975,0.0,27.0,0.0,0.0,0,0.0,0.0,0.0,0.0,0.0,0.0,0.0,0.0,0.0,0.0,0.0,0.0,0.0,0.0,0.0,0.0,,DNC,24,19,MEX,HUL,Nico Hulkenberg,DEN,Denmark,Дания,#D20019,Ferrari,#DC0004,100.0,0.0,100.0,0.0,3.0,3.0,15,16,16,16.5,16,16,14.5,16,4,6.45,
2023,2023191,2,23,Sergio Perez,Red Bull Racing,5.0,5,-,DNF,20,-,0,11,PER,5,14,#405585,5-14,14,2,1.0,8.0,0.0,0.0,0.4705882352941176,5,0,0,3.0,5.0,1,0,0.0,,1.0,1,-,0.0,0.0,0.0,20.0,0,0.0,0.0,0.0,0.0,-,-,-,-,,DNC,DNC,DNC,DNC,DNC,DNC,DNC,DNC,DNC,0.0,19,DNC,DNC,DNC,DNC,-,,-,,-,-,-,-,,6.15,4.70,6.14,4.15,,,,,,,,,,0.0,,25.0,31.0,0.0,0.0,0,0.0,0.0,0.0,0.0,0.0,0.0,0.0,0.0,0.0,0.0,0.0,0.0,0.0,0.0,0.0,0.0,,DNC,24,19,MEX,VER,Max Verstappen,MEX,Mexico,Мексика,#006640,Honda,#DE0000,0.0,0.0,0.0,0.0,240.0,240.0,4,5,5,4.5,7,2,10.0,4,14,8.47,
2023,2023200,2,24,Max Verstappen,Red Bull Racing,2.0,2,1,1,1,30:07.209,8,1,VER,2,14,#405585,2-14,16,2,1.0,9.53,1.0,1.0,0.5129171151776103,2,0,0,1.0,2.0,0,0,1.0,1.0,24.0,100,0,0.0,0.0,0.0,1.0,1,1.0,0.0,1.0,1.0,75.166,01:15.166,0.067,0.060,0.007,1,4.00,1,2.00,3,1.90,10,1.55,1,1.0,3,1,6.00,3,3.45,2,0.0833333333333333,0.243,0.0101249999999997,10.00,8.20,10.00,6.00,10.0,6.26,4.62,6.40,6.00,1.0,0.5720823798627002,1.0,0.5521811154058531,1.0,0.7454545454545454,0.0,0.4285714285714285,1.0,1.0,0.5691519635742743,14.0,17.0,8.0,1.0,1,1.0,1.0,1.0,0.0,0.0,3.0,1.0,1.0,0.0,0.0,1.0,0.0,1.0,0.0,1.0,24.0,9.033333333333331,9.45,37,20,BRA*,PER,Sergio Perez,NLD,Netherlands,Нидерланды,#F75600,Honda,#DE0000,0.0,0.0,100.0,0.0,499.0,499.0,1,2,1,1.0,1,1,3.0,10,3,9.45,
2023,2023200,2,24,Charles Leclerc,Ferrari,7.0,7,5,5,5,+28.560,4,16,LEC,6,5,#E01A00,6-5,15,3,1.0,7.16,1.0,1.0,0.5355272999252056,7,0,0,4.0,7.0,0,0,1.0,1.0,24.0,100,1,1.0,0.0,1.0,6.0,1,1.0,0.0,1.0,1.0,76.314,01:16.314,0.111,0.065,0.046,3,3.80,6,1.75,5,1.80,8,1.65,2,1.0,5,2,5.55,4,3.45,2,0.0833333333333333,0.860,0.0358333333333339,8.74,8.20,5.72,7.00,8.97,6.26,4.62,6.40,6.00,1.0,0.5746219592373438,1.0,0.5432098765432098,1.0,0.5,1.0,0.5384615384615384,4.0,1.0,0.5449574726609964,5.0,5.0,4.0,0.0,0,0.0,0.0,0.0,0.0,0.0,0.0,0.0,0.0,0.0,0.0,0.0,0.0,0.0,0.0,0.0,0.0,8.36,9.00,37,20,BRA*,SAI,Carlos Sainz,MON,Monaco,Монако,#D80000,Ferrari,#DC0004,100.0,0.0,100.0,0.0,170.0,170.0,5,7,2,2.0,3,6,4.0,8,5,9.00,
2023,2023200,2,24,Alexander Albon,Williams,19.0,19,15,15,15,+43.394,0,23,ALB,24,18,#0B4BCD,24-18,20,1,1.0,1.47,1.0,1.0,0.5951417004048584,19,0,0,10.0,19.0,0,0,1.0,1.0,24.0,100,3,3.0,0.0,3.0,18.0,1,1.0,0.0,1.0,1.0,76.696,01:16.696,0.120,0.077,0.043,4,3.70,13,1.40,10,1.55,3,1.90,3,1.0,10,7,5.10,5,3.45,2,0.0833333333333333,0.983,0.0409583333333323,8.48,8.20,4.29,9.00,8.77,6.26,4.62,6.40,6.00,1.0,0.8945147679324894,1.0,0.7409326424870466,1.0,0.5616438356164383,1.0,0.6,5.0,1.0,0.8976458546571137,0.0,14.0,0.0,0.0,0,0.0,0.0,0.0,0.0,0.0,0.0,0.0,0.0,0.0,0.0,0.0,0.0,0.0,0.0,0.0,0.0,8.520000000000001,8.55,37,20,BRA*,SAR,Logan Sargeant,THA,Thailand,Таиланд,#2E2549,Mercedes,#707070,100.0,0.0,100.0,0.0,27.0,27.0,15,19,3,7.0,4,13,5.0,3,10,8.55,
2023,2023200,2,24,Lando Norris,McLaren,1.0,1,2,2,2,+4.287,7,4,NOR,4,9,#EE853F,4-9,10,1,1.0,10.0,1.0,1.0,0.6353240152477764,1,0,0,1.0,1.0,0,0,1.0,1.0,24.0,100,1,1.0,0.0,1.0,3.0,-2,0.0,2.0,2.0,1.0,75.297,01:15.297,0.135,0.072,0.063,5,3.60,2,1.95,18,1.15,6,1.75,4,1.0,18,3,5.55,14,2.90,3,0.125,1.431,0.0596249999999993,8.05,2.80,9.51,7.00,8.02,6.26,4.62,6.40,6.00,1.0,0.5147058823529412,1.0,0.6817204301075269,0.0,0.3043478260869565,1.0,0.5384615384615384,6.0,0.0,0.4662790697674419,7.0,14.0,14.0,0.0,0,0.0,0.0,0.0,0.0,0.0,0.0,0.0,0.0,1.0,0.0,1.0,1.0,0.0,0.0,1.0,0.0,7.0,8.45,37,20,BRA*,PIA,Oscar Piastri,GBR,Great Britain,Великобритания,#314486,Mercedes,#707070,100.0,0.0,0.0,100.0,176.0,176.0,2,1,4,3.0,5,2,14.0,6,18,8.45,
2023,2023200,2,24,Esteban Ocon,Alpine,16.0,16,14,14,14,+42.848,0,31,OCO,13,3,#0E8EDD,13-3,9,4,1.0,2.89,0.0,0.0,0.4008321775312066,16,0,0,8.0,16.0,0,0,0.0,0.0,24.0,100,1,2.0,1.0,3.0,15.0,1,1.0,0.0,1.0,1.0,76.749,01:16.749,0.110,0.079,0.031,2,3.90,15,1.30,8,1.65,9,1.60,5,1.0,8,5,5.20,7,3.25,1,0.0416666666666666,0.703,0.0292916666666667,8.77,8.20,4.10,7.00,9.23,6.26,4.62,6.40,6.00,1.0,0.6184767277856135,0.0,0.4981773997569865,0.0,0.4505494505494505,1.0,0.6363636363636364,2.0,1.0,0.5439010017678256,0.0,0.0,0.0,0.0,0,0.0,0.0,0.0,0.0,0.0,0.0,0.0,0.0,0.0,0.0,0.0,0.0,0.0,0.0,0.0,0.0,8.38,8.45,37,20,BRA*,GAS,Pierre Gasly,FRA,France,Франция,#004CA2,Renault,#FAEF00,67.0,33.0,100.0,0.0,45.0,45.0,14,16,5,5.0,2,15,7.0,9,8,8.45,
2023,2023200,2,24,Sergio Perez,Red Bull Racing,3.0,3,3,3,3,+13.617,6,11,PER,5,14,#405585,5-14,14,2,1.0,9.05,0.0,0.0,0.4870828848223897,3,0,0,2.0,3.0,0,0,0.0,0.0,24.0,100,2,2.0,0.0,2.0,5.0,-2,0.0,2.0,2.0,1.0,75.673,01:15.673,0.155,0.087,0.068,7,3.40,3,1.90,19,1.10,4,1.85,6,1.0,19,4,5.30,13,2.95,4,0.1666666666666666,1.702,0.0709166666666689,7.48,2.80,8.11,8.00,7.57,6.26,4.62,6.40,6.00,0.0,0.4279176201372998,0.0,0.4478188845941468,0.0,0.2545454545454545,1.0,0.5714285714285714,9.0,0.0,0.4308480364257256,14.0,17.0,6.0,0.0,0,0.0,0.0,0.0,0.0,0.0,0.0,0.0,0.0,0.0,1.0,1.0,0.0,0.0,1.0,1.0,0.0,6.786666666666666,8.25,37,20,BRA*,VER,Max Verstappen,MEX,Mexico,Мексика,#006640,Honda,#DE0000,100.0,0.0,0.0,100.0,246.0,246.0,3,3,6,4.0,7,3,13.0,4,19,8.25,
2023,2023200,2,24,Yuki Tsunoda,Alpha Tauri,6.0,6,6,6,6,+29.210,3,22,TSU,9,2,#5F86E1,9-2,13,2,1.0,7.63,1.0,1.0,0.53319357092942,6,0,0,3.0,6.0,0,0,1.0,1.0,24.0,100,1,1.0,0.0,1.0,7.0,-1,0.0,1.0,1.0,1.0,76.311,01:16.311,0.160,0.101,0.059,8,3.30,4,1.85,13,1.40,7,1.70,7,1.0,13,6,5.15,10,3.10,3,0.125,1.509,0.0628750000000006,7.33,4.60,5.73,7.00,7.89,6.26,4.62,6.40,6.00,1.0,0.5978792822185971,1.0,0.5410764872521246,1.0,0.5,1.0,0.5384615384615384,7.0,1.0,0.5746540422432629,3.0,17.0,3.0,0.0,0,0.0,0.0,0.0,0.0,0.0,0.0,0.0,0.0,0.0,0.0,0.0,0.0,0.0,0.0,0.0,0.0,6.82,8.25,37,20,BRA*,RIC,Daniel Ricciardo,JPN,Japan,Япония,#C60018,Honda,#DE0000,100.0,0.0,0.0,100.0,11.0,11.0,6,6,7,6.0,8,4,10.0,7,13,8.25,
2023,2023200,2,24,George Russell,Mercedes,4.0,4,4,4,4,+25.879,5,63,RUS,14,10,#08ABA3,14-10,10,1,1.0,8.58,1.0,1.0,0.5140802875973638,4,0,0,2.0,4.0,0,0,1.0,1.0,24.0,100,-2,0.0,2.0,2.0,2.0,2,2.0,0.0,2.0,1.0,76.312,01:16.312,0.197,0.098,0.099,10,3.10,5,1.80,1,2.00,15,1.30,8,1.0,1,9,4.90,6,3.30,3,0.125,2.176,0.0906666666666673,6.27,10.00,5.73,4.00,6.78,6.26,4.62,6.40,6.00,1.0,0.5475982532751091,1.0,0.5590243902439025,1.0,0.5494505494505495,1.0,0.5714285714285714,15.0,1.0,0.5481002425222312,7.0,14.0,14.0,1.0,0,0.0,0.0,0.0,1.0,0.0,1.0,0.0,0.0,0.0,0.0,0.0,0.0,0.0,0.0,0.0,0.0,6.513333333333333,8.20,37,20,BRA*,HAM,Lewis Hamilton,GBR,Great Britain,Великобритания,#314486,Mercedes,#707070,0.0,100.0,100.0,0.0,156.0,156.0,4,4,8,9.0,10,5,6.0,15,1,8.20,
2023,2023200,2,24,Lance Stroll,Aston Martin,17.0,17,12,12,12,+39.478,0,18,STR,10,4,#23675D,10-4,4,1,1.0,2.42,0.0,0.0,0.4179620034542314,17,0,0,9.0,17.0,0,0,0.0,0.0,24.0,100,4,4.0,0.0,4.0,16.0,1,1.0,0.0,1.0,1.0,76.571,01:16.571,0.203,0.117,0.086,11,3.00,9,1.60,9,1.60,1,2.00,9,1.0,9,11,4.60,2,3.60,2,0.0833333333333333,1.915,0.0797916666666663,6.10,8.20,4.76,10.00,7.22,6.26,4.62,6.40,6.00,1.0,0.5322862129144851,1.0,0.5058448459086078,0.0,0.5,1.0,0.5263157894736842,12.0,0.0,0.4898236092265943,0.0,14.0,0.0,1.0,0,0.0,0.0,0.0,0.0,1.0,1.0,0.0,0.0,0.0,0.0,0.0,0.0,0.0,0.0,0.0,0.0,7.099999999999999,8.20,37,20,BRA*,ALO,Fernando Alonso,CAN,Canada,Канада,#E30000,Mercedes,#707070,100.0,0.0,100.0,0.0,53.0,53.0,12,17,9,11.0,11,9,2.0,1,9,8.20,
2023,2023200,2,24,Carlos Sainz,Ferrari,9.0,9,8,8,8,+35.106,1,55,SAI,8,5,#E01A00,8-5,7,3,1.0,6.21,0.0,0.0,0.4644727000747943,9,0,0,5.0,9.0,0,0,0.0,0.0,24.0,100,0,0.0,0.0,0.0,8.0,1,1.0,0.0,1.0,1.0,76.558,01:16.558,0.190,0.112,0.078,9,3.20,8,1.65,6,1.75,12,1.45,10,1.0,6,10,4.85,8,3.20,3,0.125,1.752,0.0730000000000004,6.47,8.20,4.81,6.00,7.49,6.26,4.62,6.40,6.00,0.0,0.4253780407626561,0.0,0.4567901234567901,0.0,0.5,0.0,0.4615384615384615,11.0,0.0,0.4550425273390036,5.0,5.0,1.0,0.0,0,0.0,0.0,0.0,0.0,0.0,0.0,0.0,0.0,0.0,0.0,0.0,0.0,0.0,0.0,0.0,0.0,6.68,8.05,37,20,BRA*,LEC,Charles Leclerc,ESP,Spain,Испания,#F7B800,Ferrari,#DC0004,0.0,0.0,100.0,0.0,184.0,184.0,8,9,10,10.0,9,8,8.0,12,6,8.05,
2023,2023200,2,24,Fernando Alonso,Aston Martin,15.0,15,11,11,11,+39.061,0,14,ALO,19,4,#23675D,19-4,7,1,1.0,3.37,1.0,1.0,0.5820379965457686,15,0,0,8.0,15.0,0,0,1.0,1.0,24.0,100,3,3.0,0.0,3.0,14.0,1,1.0,0.0,1.0,1.0,76.6,01:16.600,0.229,0.156,0.073,13,2.80,10,1.55,7,1.70,2,1.95,11,1.0,7,12,4.35,1,3.65,4,0.1666666666666666,1.734,0.0722500000000015,5.36,8.20,4.65,9.00,7.52,6.26,4.62,6.40,6.00,0.0,0.4677137870855148,0.0,0.4941551540913921,1.0,0.5,0.0,0.4736842105263157,10.0,1.0,0.5101763907734057,0.0,14.0,1.0,0.0,0,0.0,0.0,0.0,0.0,0.0,0.0,0.0,0.0,0.0,0.0,0.0,0.0,0.0,0.0,0.0,0.0,6.44,8.00,37,20,BRA*,STR,Lance Stroll,ESP,Spain,Испания,#F7B800,Mercedes,#707070,100.0,0.0,100.0,0.0,183.0,183.0,11,15,11,12.0,13,10,1.0,2,7,8.00,
2023,2023200,2,24,Oscar Piastri,McLaren,10.0,10,10,10,10,+38.219,0,81,PIA,28,9,#EE853F,28-9,2,1,1.0,5.74,0.0,0.0,0.3646759847522236,10,0,0,5.0,10.0,0,0,0.0,0.0,24.0,100,0,1.0,1.0,2.0,10.0,0,0.0,0.0,0.0,1.0,76.658,01:16.658,0.151,0.121,0.03,6,3.50,12,1.45,11,1.50,13,1.40,12,1.0,11,8,4.95,15,2.90,2,0.0833333333333333,0.738,0.0307499999999999,7.59,6.40,4.44,6.00,9.18,6.26,4.62,6.40,6.00,0.0,0.4852941176470588,0.0,0.3182795698924731,1.0,0.6956521739130436,0.0,0.4615384615384615,3.0,1.0,0.5337209302325582,7.0,14.0,0.0,0.0,0,0.0,0.0,0.0,0.0,0.0,0.0,0.0,0.0,0.0,0.0,0.0,0.0,0.0,0.0,0.0,0.0,7.126666666666666,7.85,37,20,BRA*,NOR,Lando Norris,AUS,Australia,Австралия,#F7C900,Mercedes,#707070,50.0,50.0,0.0,0.0,87.0,87.0,10,10,12,8.0,6,12,15.0,13,11,7.85,
2023,2023200,2,24,Pierre Gasly,Alpine,13.0,13,13,13,13,+40.621,0,10,GAS,17,3,#0E8EDD,17-3,9,4,1.0,4.32,1.0,1.0,0.5991678224687933,13,0,0,7.0,13.0,0,0,1.0,1.0,24.0,100,-2,0.0,2.0,2.0,11.0,2,2.0,0.0,2.0,1.0,76.74,01:16.740,0.227,0.160,0.067,12,2.90,14,1.35,2,1.95,16,1.25,13,1.0,2,13,4.25,9,3.20,3,0.125,1.602,0.0667499999999989,5.41,10.00,4.13,4.00,7.74,6.26,4.62,6.40,6.00,0.0,0.3815232722143865,1.0,0.5018226002430133,1.0,0.5494505494505495,0.0,0.3636363636363636,8.0,0.0,0.4560989982321745,0.0,0.0,0.0,0.0,0,0.0,0.0,0.0,0.0,0.0,0.0,0.0,0.0,0.0,0.0,0.0,0.0,0.0,0.0,0.0,0.0,5.94,7.45,37,20,BRA*,OCO,Esteban Ocon,FRA,France,Франция,#004CA2,Renault,#FAEF00,0.0,100.0,100.0,0.0,56.0,56.0,13,13,13,13.0,12,14,9.0,16,2,7.45,
2023,2023200,2,24,Lewis Hamilton,Mercedes,5.0,5,7,7,7,+34.726,2,44,HAM,1,10,#08ABA3,1-10,10,1,1.0,8.11,0.0,0.0,0.4859197124026363,5,0,0,3.0,5.0,0,0,0.0,0.0,24.0,100,-3,0.0,3.0,3.0,4.0,1,1.0,0.0,1.0,1.0,76.636,01:16.636,0.235,0.098,0.1369999999999999,14,2.70,11,1.50,4,1.85,18,1.15,14,1.0,4,14,4.20,11,3.00,5,0.2083333333333333,2.895,0.1206250000000016,5.18,8.20,4.52,3.00,5.59,6.26,4.62,6.40,6.00,0.0,0.4524017467248908,0.0,0.4409756097560975,0.0,0.4505494505494505,0.0,0.4285714285714285,18.0,0.0,0.4518997574777687,7.0,14.0,14.0,0.0,0,0.0,0.0,0.0,0.0,0.0,0.0,0.0,0.0,0.0,0.0,0.0,0.0,0.0,0.0,0.0,0.0,5.319999999999999,7.20,37,20,BRA*,RUS,George Russell,GBR,Great Britain,Великобритания,#314486,Mercedes,#707070,0.0,100.0,100.0,0.0,222.0,222.0,7,5,14,14.0,14,11,11.0,18,4,7.20,
2023,2023200,2,24,Daniel Ricciardo,Alpha Tauri,8.0,8,9,9,9,+35.303,0,3,RIC,7,2,#5F86E1,7-2,2,2,1.0,6.68,0.0,0.0,0.46680642907058,8,0,0,4.0,8.0,0,0,0.0,0.0,24.0,100,0,1.0,1.0,2.0,9.0,-1,0.0,1.0,1.0,1.0,76.543,01:16.543,0.244,0.130,0.1139999999999999,18,2.30,7,1.70,14,1.35,11,1.50,15,1.0,14,15,4.00,16,2.85,3,0.125,2.745,0.1143750000000001,4.93,4.60,4.86,6.00,5.84,6.26,4.62,6.40,6.00,0.0,0.4021207177814029,0.0,0.4589235127478754,0.0,0.5,0.0,0.4615384615384615,17.0,0.0,0.425345957756737,3.0,17.0,0.0,0.0,0,0.0,0.0,0.0,0.0,0.0,0.0,0.0,0.0,0.0,0.0,0.0,0.0,0.0,0.0,0.0,0.0,5.053333333333334,6.85,37,20,BRA*,TSU,Yuki Tsunoda,AUS,Australia,Австралия,#F7C900,Honda,#DE0000,50.0,50.0,0.0,100.0,6.0,6.0,9,8,15,15.0,18,7,16.0,11,14,6.85,
2023,2023200,2,24,Guanyu Zhou,Alfa Romeo,18.0,18,17,17,17,+58.723,0,24,ZHO,23,1,#752020,23-1,5,3,1.0,1.95,0.0,0.0,0.3367875647668393,18,0,0,9.0,18.0,0,0,1.0,1.0,24.0,100,2,2.0,0.0,2.0,19.0,-1,0.0,1.0,1.0,1.0,77.37,01:17.370,0.236,0.160,0.0759999999999999,15,2.60,16,1.25,17,1.20,5,1.80,16,1.0,17,16,3.85,12,3.00,2,0.0833333333333333,1.925,0.0802083333333326,5.16,4.60,1.78,8.00,7.2,6.26,4.62,6.40,6.00,1.0,0.5058823529411766,1.0,0.5913621262458473,1.0,0.8214285714285714,1.0,0.6666666666666666,13.0,1.0,0.5017421602787456,0.0,5.0,0.0,0.0,0,0.0,0.0,0.0,0.0,0.0,0.0,0.0,0.0,0.0,0.0,0.0,0.0,0.0,0.0,0.0,0.0,5.54,6.85,37,20,BRA*,BOT,Valtteri Bottas,CHN,China,Китай,#F70000,Ferrari,#DC0004,100.0,0.0,0.0,100.0,6.0,6.0,17,18,16,16.0,15,16,12.0,5,17,6.85,
2023,2023200,2,24,Logan Sargeant,Williams,20.0,20,20,20,20,,0,2,SAR,27,18,#0B4BCD,27-18,21,1,1.0,1.0,0.0,0.0,0.4048582995951417,20,0,0,10.0,20.0,0,0,0.0,0.0,24.0,100,0,0.0,0.0,0.0,20.0,0,0.0,0.0,0.0,1.0,77.446,01:17.446,0.381,0.111,0.27,20,2.10,18,1.15,12,1.45,14,1.35,17,1.0,12,19,3.25,17,2.80,6,0.25,5.652,0.2355000000000018,1.00,6.40,1.50,6.00,1.0,6.26,4.62,6.40,6.00,0.0,0.1054852320675105,0.0,0.2590673575129533,0.0,0.4383561643835617,0.0,0.4,20.0,0.0,0.1023541453428864,0.0,14.0,0.0,0.0,0,0.0,0.0,0.0,0.0,0.0,0.0,0.0,0.0,0.0,0.0,0.0,0.0,0.0,0.0,0.0,0.0,2.733333333333333,6.05,37,20,BRA*,ALB,Alexander Albon,USA,USA,США,#071C63,Mercedes,#707070,0.0,0.0,0.0,0.0,1.0,1.0,20,20,17,19.0,20,18,17.0,14,12,6.05,
2023,2023200,2,24,Kevin Magnussen,Haas F1 Team,11.0,11,16,16,16,+56.507,0,20,MAG,22,7,#505050,22-7,6,3,1.0,5.26,1.0,1.0,0.5233830845771144,11,0,0,6.0,11.0,0,0,1.0,1.0,24.0,100,-4,1.0,5.0,6.0,12.0,-1,0.0,1.0,1.0,1.0,77.431,01:17.431,0.241,0.145,0.096,17,2.40,17,1.20,15,1.30,19,1.10,18,1.0,15,18,3.60,18,2.40,3,0.125,2.355,0.0981249999999995,5.01,4.60,1.55,2.00,6.49,6.26,4.62,6.40,6.00,1.0,0.6317780580075661,1.0,0.607843137254902,1.0,0.5,1.0,0.6666666666666666,16.0,1.0,0.6690721649484537,0.0,5.0,0.0,0.0,0,0.0,0.0,0.0,0.0,0.0,0.0,0.0,0.0,0.0,0.0,0.0,0.0,0.0,0.0,0.0,0.0,4.44,6.00,37,20,BRA*,HUL,Nico Hulkenberg,DEN,Denmark,Дания,#D20019,Ferrari,#DC0004,17.0,83.0,0.0,100.0,3.0,3.0,16,11,18,18.0,17,17,18.0,19,15,6.00,
2023,2023200,2,24,Valtteri Bottas,Alfa Romeo,14.0,14,19,19,19,+1:00.749,0,77,BOT,3,1,#752020,3-1,8,3,1.0,3.84,1.0,1.0,0.6632124352331606,14,0,0,7.0,14.0,0,0,0.0,0.0,24.0,100,-2,0.0,2.0,2.0,17.0,-3,0.0,3.0,3.0,1.0,77.516,01:17.516,0.240,0.162,0.0779999999999999,16,2.50,19,1.10,20,1.05,17,1.20,19,1.0,20,17,3.60,20,2.25,2,0.0833333333333333,1.956,0.0814999999999983,5.04,1.00,1.23,4.00,7.15,6.26,4.62,6.40,6.00,0.0,0.4941176470588235,0.0,0.4086378737541528,0.0,0.1785714285714285,0.0,0.3333333333333333,14.0,0.0,0.4982578397212543,0.0,5.0,0.0,0.0,0,0.0,0.0,0.0,0.0,0.0,0.0,0.0,0.0,0.0,0.0,0.0,0.0,0.0,0.0,0.0,0.0,4.193333333333333,5.85,37,20,BRA*,ZHO,Guanyu Zhou,FIN,Finland,Финляндия,#04276B,Ferrari,#DC0004,0.0,100.0,0.0,100.0,10.0,10.0,19,14,19,17.0,16,19,20.0,17,20,5.85,
2023,2023200,2,24,Nico Hulkenberg,Haas F1 Team,12.0,12,18,18,18,+1:00.330,0,27,HUL,25,7,#505050,25-7,11,3,1.0,4.79,0.0,0.0,0.4766169154228855,12,0,0,6.0,12.0,0,0,0.0,0.0,24.0,100,-5,1.0,6.0,7.0,13.0,-1,0.0,1.0,1.0,1.0,77.579,01:17.579,0.314,0.118,0.196,19,2.20,20,1.05,16,1.25,20,1.05,20,1.0,16,20,3.25,19,2.30,6,0.25,4.322,0.1800833333333334,2.92,4.60,1.00,1.00,3.21,6.26,4.62,6.40,6.00,0.0,0.3682219419924338,0.0,0.3921568627450981,0.0,0.5,0.0,0.3333333333333333,19.0,0.0,0.3309278350515464,0.0,5.0,0.0,0.0,0,0.0,0.0,0.0,0.0,0.0,0.0,0.0,0.0,0.0,0.0,0.0,0.0,0.0,0.0,0.0,0.0,2.8800000000000003,5.55,37,20,BRA*,MAG,Kevin Magnussen,GER,Germany,Германия,#000000,Ferrari,#DC0004,14.0,86.0,0.0,100.0,9.0,9.0,18,12,20,20.0,19,20,19.0,20,16,5.55,
2023,2023201,2,25,Pierre Gasly,Alpine,13.0,15,7,7,7,+56.093,6,10,GAS,17,3,#0E8EDD,17-3,9,4,1.0,4.32,0.0,0.0,0.4742041712403952,15,0,0,8.0,14.0,0,0,1.0,1.0,71.0,100,7,7.0,0.0,7.0,12.0,0,0.0,0.0,0.0,1.0,76.115,01:16.115,0.165,0.117,0.048,1,4.00,1,2.00,12,1.45,1,2.00,1,1.0,12,1,6.00,7,3.45,10,0.1408450704225352,3.622,0.0510140845070416,10.00,1.00,10.00,10.00,7.47,5.73,7.02,1.00,4.27,1.0,0.5216484089723525,1.0,0.5296610169491525,0.0,0.5,1.0,0.8460236886632826,11.0,0.0,0.4927440633245382,7.0,7.0,7.0,1.0,1,1.0,1.0,1.0,0.0,1.0,4.0,0.0,0.0,0.0,0.0,0.0,0.0,0.0,0.0,0.0,0.0,8.5,9.45,36,20,BRA,OCO,Esteban Ocon,FRA,France,Франция,#004CA2,Renault,#FAEF00,100.0,0.0,0.0,0.0,62.0,62.0,7,15,1,1.0,1,1,7.0,1,12,9.45,
2023,2023201,2,25,Daniel Ricciardo,Alpha Tauri,17.0,17,13,13,13,+1 Lap,0,3,RIC,7,2,#5F86E1,7-2,2,2,1.0,2.42,0.0,0.0,0.4557438794726929,17,0,0,9.0,16.0,0,0,0.0,0.0,70.0,99,1,1.0,0.0,1.0,16.0,0,0.0,0.0,0.0,1.0,76.135,01:16.135,0.247,0.136,0.1109999999999999,7,3.40,2,1.95,14,1.35,4,1.85,2,1.0,14,4,5.35,8,3.20,7,0.1,8.261,0.1180142857142868,8.26,1.00,9.86,5.09,2.86,5.73,7.02,1.00,4.27,0.0,0.4916666666666667,1.0,0.5261472785485591,0.0,0.5,1.0,0.5438034188034189,16.0,0.0,0.4447900466562986,2.0,39.0,0.0,0.0,0,0.0,0.0,0.0,0.0,0.0,0.0,0.0,0.0,0.0,0.0,0.0,0.0,0.0,0.0,0.0,0.0,6.521666666666666,8.55,36,20,BRA,TSU,Yuki Tsunoda,AUS,Australia,Австралия,#F7C900,Honda,#DE0000,100.0,0.0,0.0,0.0,6.0,6.0,13,17,2,4.0,7,2,8.0,4,14,8.55,
2023,2023201,2,25,Oscar Piastri,McLaren,10.0,10,14,14,14,+1 Lap,0,81,PIA,28,9,#EE853F,28-9,2,1,1.0,5.74,0.0,0.0,0.4449612403100775,10,0,0,5.0,9.0,0,0,0.0,0.0,69.0,97,-1,0.0,1.0,1.0,10.0,0,0.0,0.0,0.0,1.0,76.273,01:16.273,0.245,0.098,0.147,6,3.50,5,1.80,9,1.60,10,1.55,3,1.0,9,6,5.30,9,3.15,12,0.1739130434782608,10.010,0.1450724637681158,8.31,1.00,8.89,3.45,1.0,5.73,7.02,1.00,4.27,1.0,0.8925886143931256,0.0,0.4958170663692136,0.0,0.5,0.0,0.4468911917098446,17.0,0.0,0.1038421599169262,19.0,48.0,0.0,0.0,0,0.0,0.0,0.0,0.0,0.0,0.0,0.0,0.0,0.0,0.0,0.0,0.0,0.0,0.0,0.0,0.0,6.281666666666667,8.45,36,20,BRA,NOR,Lando Norris,AUS,Australia,Австралия,#F7C900,Mercedes,#707070,0.0,100.0,0.0,0.0,87.0,87.0,14,10,3,6.0,6,5,9.0,10,9,8.45,
2023,2023201,2,25,Carlos Sainz,Ferrari,8.0,7,6,6,6,+50.188,8,55,SAI,8,5,#E01A00,8-5,7,3,1.0,6.68,0.0,0.0,0.4120913016656384,7,0,0,4.0,6.0,0,0,,,71.0,100,3,3.0,0.0,3.0,8.0,0,0.0,0.0,0.0,1.0,76.562,01:16.562,0.380,0.385,0.005,9,3.20,10,1.55,6,1.75,3,1.90,4,1.0,6,9,4.75,3,3.65,4,0.056338028169014,1.008,0.014197183098592,5.45,1.00,6.86,6.73,10.0,5.73,7.02,1.00,4.27,,,,,,,,,1.0,1.0,1.0,8.0,8.0,23.0,0.0,0,0.0,0.0,0.0,0.0,0.0,0.0,0.0,0.0,0.0,0.0,0.0,0.0,0.0,0.0,0.0,0.0,4.921666666666667,8.40,36,20,BRA,LEC,Charles Leclerc,ESP,Spain,Испания,#F7B800,Ferrari,#DC0004,100.0,0.0,0.0,0.0,192.0,192.0,6,7,4,9.0,9,10,3.0,3,6,8.40,
2023,2023201,2,25,Sergio Perez,Red Bull Racing,9.0,9,4,4,4,+34.208,12,11,PER,5,14,#405585,5-14,14,2,1.0,6.21,0.0,0.0,0.3830968537939543,9,0,0,5.0,8.0,0,0,0.0,0.0,71.0,100,5,5.0,0.0,5.0,7.0,0,0.0,0.0,0.0,1.0,76.363,01:16.363,0.462,0.461,0.001,10,3.10,8,1.65,8,1.65,2,1.95,5,1.0,8,8,4.75,5,3.60,7,0.0985915492957746,2.727,0.0384084507042266,3.71,1.00,8.26,8.36,8.34,5.73,7.02,1.00,4.27,1.0,0.7162162162162162,0.0,0.4677236693091732,0.0,0.5,1.0,0.6619160728424387,7.0,0.0,0.4905882352941176,37.0,39.0,12.0,0.0,0,0.0,0.0,0.0,0.0,0.0,0.0,0.0,0.0,0.0,0.0,0.0,0.0,0.0,0.0,0.0,0.0,4.033333333333333,8.35,36,20,BRA,VER,Max Verstappen,MEX,Mexico,Мексика,#006640,Honda,#DE0000,100.0,0.0,0.0,0.0,258.0,258.0,4,9,5,8.0,10,8,5.0,2,8,8.35,
2023,2023201,2,25,Esteban Ocon,Alpine,12.0,14,10,10,10,+1 Lap,1,31,OCO,13,3,#0E8EDD,13-3,9,4,1.0,4.79,1.0,1.0,0.5257958287596048,14,0,0,7.0,13.0,0,0,0.0,0.0,70.0,99,-3,2.0,5.0,7.0,9.0,0,0.0,0.0,0.0,1.0,76.275,01:16.275,0.204,0.157,0.0469999999999999,3,3.80,7,1.70,11,1.50,14,1.35,6,1.0,11,2,5.50,14,2.85,8,0.1142857142857142,3.341,0.0477285714285731,9.17,1.00,8.88,1.82,7.69,5.73,7.02,1.00,4.27,0.0,0.4783515910276473,0.0,0.4703389830508474,1.0,0.5,0.0,0.1539763113367174,10.0,1.0,0.5072559366754618,7.0,7.0,7.0,0.0,0,0.0,0.0,0.0,0.0,0.0,0.0,0.0,0.0,0.0,0.0,0.0,0.0,0.0,0.0,0.0,0.0,6.583333333333333,8.35,36,20,BRA,GAS,Pierre Gasly,FRA,France,Франция,#004CA2,Renault,#FAEF00,29.0,71.0,0.0,0.0,46.0,46.0,10,14,6,2.0,3,7,14.0,14,11,8.35,
2023,2023201,2,25,Yuki Tsunoda,Alpha Tauri,16.0,16,9,9,9,+1:09.880,2,22,TSU,9,2,#5F86E1,9-2,13,2,1.0,2.89,1.0,1.0,0.544256120527307,16,0,0,8.0,15.0,0,0,1.0,1.0,71.0,100,0,3.0,3.0,6.0,11.0,0,0.0,0.0,0.0,1.0,76.275,01:16.275,0.234,0.119,0.115,5,3.60,6,1.75,13,1.40,9,1.60,7,1.0,13,5,5.35,13,3.00,10,0.1408450704225352,7.651,0.1077605633802826,8.54,1.00,8.88,4.27,3.57,5.73,7.02,1.00,4.27,1.0,0.5083333333333334,0.0,0.4738527214514407,1.0,0.5,0.0,0.4561965811965812,15.0,1.0,0.5552099533437014,2.0,39.0,2.0,0.0,0,0.0,0.0,0.0,0.0,0.0,0.0,0.0,0.0,0.0,0.0,0.0,0.0,0.0,0.0,0.0,0.0,6.571666666666665,8.35,36,20,BRA,RIC,Daniel Ricciardo,JPN,Japan,Япония,#C60018,Honda,#DE0000,50.0,50.0,0.0,0.0,13.0,13.0,9,16,7,5.0,5,6,13.0,9,13,8.35,
2023,2023201,2,25,Max Verstappen,Red Bull Racing,1.0,1,1,1,1,1:56:48.894,25,1,VER,2,14,#405585,2-14,16,2,1.0,10.0,1.0,1.0,0.6169031462060456,1,0,0,1.0,1.0,0,0,1.0,1.0,71.0,100,0,0.0,0.0,0.0,1.0,0,0.0,0.0,0.0,1.0,76.2,01:16.200,0.568,0.615,0.047,15,2.60,3,1.90,1,2.00,5,1.80,8,1.0,1,13,4.50,1,3.80,9,0.1267605633802817,2.394,0.033718309859155,1.47,1.00,9.40,4.27,8.66,5.73,7.02,1.00,4.27,0.0,0.2837837837837837,1.0,0.5322763306908267,1.0,0.5,0.0,0.3380839271575613,5.0,1.0,0.5094117647058823,37.0,39.0,25.0,1.0,0,0.0,0.0,0.0,1.0,0.0,1.0,0.0,1.0,0.0,0.0,1.0,1.0,0.0,0.0,1.0,68.0,1.8583333333333327,8.30,36,20,BRA,PER,Sergio Perez,NLD,Netherlands,Нидерланды,#F75600,Honda,#DE0000,0.0,0.0,0.0,0.0,524.0,524.0,1,1,8,13.0,15,3,1.0,5,1,8.30,
2023,2023201,2,25,Lance Stroll,Aston Martin,3.0,3,5,5,5,+40.845,10,18,STR,10,4,#23675D,10-4,4,1,1.0,9.05,1.0,1.0,0.5133295519001702,3,0,0,2.0,2.0,0,0,0.0,0.0,71.0,100,0,2.0,2.0,4.0,5.0,0,0.0,0.0,0.0,1.0,76.582,01:16.582,0.481,0.499,0.018,11,3.00,11,1.50,2,1.95,6,1.75,9,1.0,2,12,4.50,2,3.70,7,0.0985915492957746,2.096,0.029521126760565,3.31,1.00,6.72,4.27,8.95,5.73,7.02,1.00,4.27,1.0,0.5147744945567652,0.0,0.4793152639087018,1.0,0.5,1.0,0.5,3.0,1.0,0.5045095828635852,25.0,48.0,10.0,0.0,0,0.0,0.0,0.0,0.0,0.0,0.0,0.0,0.0,0.0,0.0,0.0,0.0,0.0,1.0,1.0,0.0,3.0849999999999995,8.20,36,20,BRA,ALO,Fernando Alonso,CAN,Canada,Канада,#E30000,Mercedes,#707070,50.0,50.0,0.0,0.0,63.0,63.0,5,3,9,12.0,11,11,2.0,6,2,8.20,
2023,2023201,2,25,Nico Hulkenberg,Haas F1 Team,11.0,11,12,12,12,+1 Lap,0,27,HUL,25,7,#505050,25-7,11,3,1.0,5.26,1.0,1.0,0.578021978021978,11,0,0,6.0,10.0,0,0,1.0,,70.0,99,-1,3.0,4.0,7.0,17.0,0,0.0,0.0,0.0,1.0,76.813,01:16.813,0.228,0.166,0.062,4,3.70,13,1.40,10,1.55,11,1.50,10,1.0,10,7,5.10,12,3.05,6,0.0857142857142857,4.226,0.0603714285714285,8.67,1.00,5.09,3.45,6.82,5.73,7.02,1.00,4.27,,,,,,,,,13.0,1.0,1.0,0.0,8.0,0.0,0.0,0,0.0,0.0,0.0,0.0,0.0,0.0,0.0,0.0,0.0,0.0,0.0,0.0,0.0,0.0,0.0,0.0,6.521666666666667,8.15,36,20,BRA,MAG,Kevin Magnussen,GER,Germany,Германия,#000000,Ferrari,#DC0004,43.0,57.0,0.0,0.0,9.0,9.0,12,11,10,7.0,4,13,12.0,11,10,8.15,
2023,2023201,2,25,Fernando Alonso,Aston Martin,4.0,4,3,3,3,+34.155,15,14,ALO,19,4,#23675D,19-4,7,1,1.0,8.58,0.0,0.0,0.4866704480998298,4,0,0,2.0,3.0,0,0,1.0,1.0,71.0,100,0,1.0,1.0,2.0,4.0,0,0.0,0.0,0.0,1.0,76.499,01:16.499,0.490,0.490,0.0,12,2.90,9,1.60,3,1.90,7,1.70,11,1.0,3,11,4.50,4,3.60,5,0.0704225352112676,2.253,0.0317323943661969,3.12,1.00,7.30,4.27,8.79,5.73,7.02,1.00,4.27,0.0,0.4852255054432349,1.0,0.5206847360912982,0.0,0.5,0.0,0.5,4.0,0.0,0.4954904171364149,25.0,48.0,23.0,0.0,0,0.0,0.0,0.0,0.0,0.0,0.0,0.0,0.0,0.0,1.0,1.0,0.0,0.0,0.0,0.0,0.0,2.958333333333333,8.10,36,20,BRA,STR,Lance Stroll,ESP,Spain,Испания,#F7B800,Mercedes,#707070,50.0,50.0,0.0,0.0,198.0,198.0,3,4,11,11.0,12,9,4.0,7,3,8.10,
2023,2023201,2,25,Logan Sargeant,Williams,19.0,19,11,11,11,+1 Lap,0,2,SAR,27,18,#0B4BCD,27-18,21,1,1.0,1.47,0.0,0.0,0.3037190082644628,19,0,0,10.0,18.0,0,0,1.0,,70.0,99,-3,1.0,4.0,5.0,15.0,0,0.0,0.0,0.0,1.0,76.778,01:16.778,0.194,0.147,0.047,2,3.90,12,1.45,16,1.25,15,1.30,12,1.0,16,3,5.35,16,2.55,4,0.0571428571428571,3.072,0.0438857142857143,9.39,1.00,5.34,1.82,7.96,5.73,7.02,1.00,4.27,,,,,,,,,9.0,1.0,1.0,0.0,48.0,0.0,0.0,0,0.0,0.0,0.0,0.0,0.0,0.0,0.0,0.0,0.0,0.0,0.0,0.0,0.0,0.0,0.0,0.0,6.73,7.90,36,20,BRA,ALB,Alexander Albon,USA,USA,США,#071C63,Mercedes,#707070,20.0,80.0,0.0,0.0,1.0,1.0,11,19,12,3.0,2,12,16.0,15,16,7.90,
2023,2023201,2,25,Lando Norris,McLaren,7.0,6,2,2,2,+8.277,19,4,NOR,4,9,#EE853F,4-9,10,1,1.0,7.16,1.0,1.0,0.5550387596899224,6,0,0,3.0,5.0,0,0,1.0,1.0,71.0,100,0,0.0,0.0,0.0,2.0,0,0.0,0.0,0.0,1.0,76.251,01:16.251,0.590,0.579,0.011,16,2.50,4,1.85,5,1.80,8,1.65,13,1.0,5,14,4.35,6,3.45,4,0.056338028169014,2.420,0.0340845070422529,1.00,1.00,9.04,4.27,8.63,5.73,7.02,1.00,4.27,0.0,0.1074113856068743,1.0,0.5041829336307864,1.0,0.5,1.0,0.5531088082901554,6.0,1.0,0.8961578400830738,19.0,48.0,23.0,0.0,0,0.0,0.0,0.0,0.0,0.0,0.0,1.0,0.0,1.0,0.0,1.0,0.0,0.0,0.0,0.0,3.0,1.545,7.80,36,20,BRA,PIA,Oscar Piastri,GBR,Great Britain,Великобритания,#314486,Mercedes,#707070,0.0,0.0,0.0,0.0,195.0,195.0,2,6,13,14.0,16,4,6.0,8,5,7.80,
2023,2023201,2,25,Valtteri Bottas,Alfa Romeo,18.0,18,-,DNF,16,-,0,77,BOT,3,1,#752020,3-1,8,3,1.0,1.95,1.0,1.0,0.6610169491525423,18,0,0,9.0,17.0,1,0,0.0,,39.0,55,-1,2.0,3.0,5.0,13.0,0,0.0,0.0,0.0,1.0,77.178,01:17.178,0.270,0.183,0.087,8,3.30,15,1.30,15,1.30,12,1.45,14,1.0,15,10,4.60,15,2.75,7,0.1794871794871795,3.349,0.0858717948717931,7.78,1.00,2.53,3.45,5.07,5.73,7.02,1.00,4.27,,,,,,,,,14.0,0.0,0.3600852272727273,0.0,8.0,0.0,0.0,0,0.0,0.0,0.0,0.0,0.0,0.0,0.0,0.0,0.0,0.0,0.0,0.0,0.0,0.0,0.0,0.0,5.928333333333334,7.35,36,20,BRA,ZHO,Guanyu Zhou,FIN,Finland,Финляндия,#04276B,Ferrari,#DC0004,40.0,60.0,0.0,0.0,10.0,10.0,18,18,14,10.0,8,15,15.0,12,15,7.35,
2023,2023201,2,25,Lewis Hamilton,Mercedes,5.0,5,8,8,8,+1:02.859,4,44,HAM,1,10,#08ABA3,1-10,10,1,1.0,8.11,1.0,1.0,0.5152477763659467,5,0,0,3.0,4.0,0,0,1.0,,71.0,100,-4,1.0,5.0,6.0,3.0,0,0.0,0.0,0.0,1.0,76.936,01:16.936,0.544,0.527,0.017,13,2.80,14,1.35,4,1.85,16,1.25,15,1.0,4,15,4.15,10,3.10,6,0.0845070422535211,3.938,0.0554647887323942,1.97,1.00,4.23,1.00,7.16,5.73,7.02,1.00,4.27,1.0,0.556497175141243,1.0,0.8087954110898662,1.0,0.5,0.0,0.3546099290780141,12.0,0.0,0.4637305699481865,4.0,48.0,23.0,0.0,0,0.0,0.0,0.0,0.0,0.0,0.0,0.0,0.0,0.0,0.0,0.0,0.0,0.0,0.0,0.0,0.0,1.6466666666666665,7.25,36,20,BRA,RUS,George Russell,GBR,Great Britain,Великобритания,#314486,Mercedes,#707070,17.0,83.0,0.0,0.0,226.0,226.0,8,5,15,15.0,13,14,10.0,16,4,7.25,
2023,2023201,2,25,George Russell,Mercedes,6.0,8,-,DNF,15,-,0,63,RUS,14,10,#08ABA3,14-10,10,1,1.0,7.63,0.0,0.0,0.4847522236340534,8,0,0,4.0,7.0,1,0,0.0,,57.0,80,-3,1.0,4.0,5.0,6.0,0,0.0,0.0,0.0,1.0,77.395,01:17.395,0.563,0.557,0.0059999999999998,14,2.70,16,1.25,7,1.70,13,1.40,16,1.0,7,16,3.95,11,3.10,4,0.0701754385964912,2.234,0.039192982456141,1.57,1.00,1.00,1.82,8.28,5.73,7.02,1.00,4.27,0.0,0.4435028248587571,0.0,0.1912045889101338,0.0,0.5,1.0,0.6453900709219857,8.0,1.0,0.5362694300518135,4.0,48.0,23.0,0.0,0,0.0,0.0,0.0,0.0,0.0,0.0,0.0,0.0,0.0,0.0,0.0,0.0,0.0,0.0,0.0,0.0,1.5166666666666666,7.05,36,20,BRA,HAM,Lewis Hamilton,GBR,Great Britain,Великобритания,#314486,Mercedes,#707070,20.0,80.0,0.0,0.0,156.0,156.0,6,8,16,16.0,14,16,11.0,13,7,7.05,
2023,2023201,2,25,Guanyu Zhou,Alfa Romeo,20.0,20,-,DNF,17,-,0,24,ZHO,23,1,#752020,23-1,5,3,1.0,1.0,0.0,0.0,0.3389830508474576,20,0,0,10.0,19.0,1,0,0.0,,22.0,31,-,1.0,1.0,2.0,14.0,0,0.0,0.0,0.0,0.0,-,-,0.290,0.258,0.0319999999999999,DNC,DNC,DNC,DNC,17,DNC,DNC,DNC,DNC,0.0,19,DNC,DNC,DNC,DNC,1,0.0454545454545454,0.630,0.028636363636364,-,1.00,-,-,9.01,5.73,7.02,1.00,4.27,,,,,,,,,2.0,1.0,0.6399147727272727,0.0,8.0,0.0,0.0,0,0.0,0.0,0.0,0.0,0.0,0.0,0.0,0.0,0.0,0.0,0.0,0.0,0.0,0.0,0.0,0.0,,DNC,36,20,BRA,BOT,Valtteri Bottas,CHN,China,Китай,#F70000,Ferrari,#DC0004,50.0,50.0,0.0,0.0,6.0,6.0,16,20,17,15.5,14,16,15.5,12,17,6.58,
2023,2023201,2,25,Kevin Magnussen,Haas F1 Team,14.0,12,-,DNF,18,-,0,20,MAG,22,7,#505050,22-7,6,3,1.0,3.84,0.0,0.0,0.421978021978022,12,0,0,6.0,11.0,1,0,0.0,,0.0,0,-,0.0,0.0,0.0,,-,-,-,,0.0,-,-,-,-,,DNC,DNC,DNC,DNC,DNC,DNC,DNC,DNC,DNC,0.0,17,DNC,DNC,DNC,DNC,-,,-,,-,-,-,-,,5.73,7.02,1.00,4.27,,,,,,,,,,0.0,,0.0,8.0,0.0,0.0,0,0.0,0.0,0.0,0.0,0.0,0.0,0.0,0.0,0.0,0.0,0.0,0.0,0.0,0.0,0.0,0.0,,DNC,36,20,BRA,HUL,Nico Hulkenberg,DEN,Denmark,Дания,#D20019,Ferrari,#DC0004,0.0,0.0,0.0,0.0,3.0,3.0,14,12,13,11.5,10,15,14.5,16,14,7.05,
2023,2023201,2,25,Alexander Albon,Williams,15.0,13,-,DNF,19,-,0,23,ALB,24,18,#0B4BCD,24-18,20,1,1.0,3.37,1.0,1.0,0.6962809917355373,13,0,0,7.0,12.0,1,0,0.0,,0.0,0,-,0.0,0.0,0.0,,-,-,-,,0.0,-,-,-,-,,DNC,DNC,DNC,DNC,DNC,DNC,DNC,DNC,DNC,0.0,18,DNC,DNC,DNC,DNC,-,,-,,-,-,-,-,,5.73,7.02,1.00,4.27,,,,,,,,,,0.0,,0.0,48.0,0.0,0.0,0,0.0,0.0,0.0,0.0,0.0,0.0,0.0,0.0,0.0,0.0,0.0,0.0,0.0,0.0,0.0,0.0,,DNC,36,20,BRA,SAR,Logan Sargeant,THA,Thailand,Таиланд,#2E2549,Mercedes,#707070,0.0,0.0,0.0,0.0,27.0,27.0,14,13,6,7.5,6,12,9.0,10,10,8.10,
2023,2023201,2,25,Charles Leclerc,Ferrari,2.0,DNS,-,DNS,20,-,0,16,LEC,6,5,#E01A00,6-5,15,3,1.0,9.53,1.0,1.0,0.5879086983343614,DNS,1,0,,,0,0,,,0.0,0,-,,,,,-,-,-,,0.0,-,-,-,-,,DNC,DNC,DNC,DNC,DNC,DNC,DNC,DNC,DNC,0.0,20,DNC,DNC,DNC,DNC,-,,-,,-,-,-,-,,5.73,7.02,1.00,4.27,,,,,,,,,,0.0,,8.0,8.0,0.0,0.0,0,0.0,0.0,0.0,0.0,0.0,0.0,0.0,0.0,0.0,0.0,0.0,0.0,1.0,0.0,1.0,0.0,,DNC,36,20,BRA,SAI,Carlos Sainz,MON,Monaco,Монако,#D80000,Ferrari,#DC0004,0.0,0.0,0.0,0.0,170.0,170.0,4,4,6,7.0,8,4,8.0,9,10,8.25,
2023,2023211,2,26,Max Verstappen,Red Bull Racing,3.0,2,1,1,1,1:29:08.289,25,1,VER,2,14,#405585,2-14,16,2,1.0,9.05,1.0,1.0,0.6539017341040463,2,0,0,1.0,2.0,0,0,1.0,1.0,50.0,100,8,8.0,0.0,8.0,1.0,1,1.0,0.0,1.0,1.0,97.504,01:37.504,0.206,0.145,0.061,4,3.70,1,2.00,5,1.80,2,1.95,1,1.0,5,2,5.70,1,3.75,3,0.06,2.647,0.0529399999999998,8.22,6.40,10.00,8.36,7.12,5.64,6.62,5.80,5.09,1.0,0.551307847082495,1.0,0.5165289256198348,1.0,0.5,1.0,0.5540092776673293,7.0,1.0,0.5659777424483307,40.0,40.0,25.0,1.0,1,1.0,0.0,1.0,0.0,0.0,2.0,0.0,1.0,0.0,0.0,1.0,0.0,0.0,1.0,1.0,29.0,7.94,9.45,23,21,LVG,PER,Sergio Perez,NLD,Netherlands,Нидерланды,#F75600,Honda,#DE0000,100.0,0.0,100.0,0.0,549.0,549.0,1,2,1,2.0,4,1,1.0,2,5,9.45,
2023,2023211,2,26,Esteban Ocon,Alpine,17.0,16,4,4,4,+18.665,12,31,OCO,13,3,#0E8EDD,13-3,9,4,1.0,2.42,0.0,0.0,0.2298195631528965,16,0,0,8.0,16.0,0,0,1.0,1.0,50.0,100,5,6.0,1.0,7.0,8.0,5,5.0,0.0,5.0,1.0,98.242,01:38.242,0.156,0.119,0.037,1,4.00,7,1.70,3,1.90,5,1.80,2,1.0,3,1,5.70,3,3.70,4,0.08,1.574,0.0314799999999991,10.00,8.80,7.92,7.14,8.54,5.64,6.62,5.80,5.09,1.0,0.6108735491753207,1.0,0.540983606557377,1.0,0.6027397260273972,1.0,0.7620064034151548,4.0,1.0,0.5589005235602094,12.0,12.0,12.0,1.0,0,0.0,1.0,0.0,0.0,0.0,1.0,0.0,0.0,0.0,0.0,0.0,0.0,0.0,0.0,0.0,0.0,9.323333333333332,9.40,23,21,LVG,GAS,Pierre Gasly,FRA,France,Франция,#004CA2,Renault,#FAEF00,86.0,14.0,100.0,0.0,58.0,58.0,4,16,2,1.0,1,7,3.0,5,3,9.40,
2023,2023211,2,26,George Russell,Mercedes,4.0,3,8,8,8,+23.091,4,63,RUS,14,10,#08ABA3,14-10,10,1,1.0,8.58,1.0,1.0,0.619942196531792,3,0,0,2.0,3.0,0,0,0.0,0.0,50.0,100,5,6.0,1.0,7.0,3.0,0,0.0,0.0,0.0,1.0,98.069,01:38.069,0.238,0.232,0.0059999999999999,5,3.60,5,1.80,7,1.70,4,1.85,3,1.0,7,4,5.40,5,3.55,1,0.02,0.475,0.0095000000000001,7.08,5.80,8.41,7.14,10.0,5.64,6.62,5.80,5.09,1.0,0.7051792828685259,1.0,0.5081570996978851,1.0,0.7837837837837838,0.0,0.4165694282380396,1.0,1.0,0.5393743257820928,10.0,24.0,10.0,0.0,0,0.0,0.0,0.0,0.0,0.0,0.0,0.0,0.0,0.0,0.0,0.0,0.0,0.0,0.0,0.0,0.0,6.876666666666666,8.95,23,21,LVG,HAM,Lewis Hamilton,GBR,Great Britain,Великобритания,#314486,Mercedes,#707070,86.0,14.0,0.0,0.0,160.0,160.0,8,3,3,4.0,5,5,5.0,4,7,8.95,
2023,2023211,2,26,Sergio Perez,Red Bull Racing,12.0,11,3,3,3,+2.241,15,11,PER,5,14,#405585,5-14,14,2,1.0,4.79,0.0,0.0,0.3460982658959537,11,0,0,6.0,11.0,0,0,0.0,0.0,50.0,100,4,6.0,2.0,8.0,11.0,1,1.0,0.0,1.0,1.0,97.731,01:37.731,0.249,0.157,0.092,6,3.50,3,1.90,6,1.75,6,1.75,4,1.0,6,3,5.40,6,3.50,3,0.06,3.898,0.0779600000000004,6.69,6.40,9.36,6.73,5.46,5.64,6.62,5.80,5.09,0.0,0.448692152917505,0.0,0.4834710743801653,0.0,0.5,0.0,0.4459907223326707,14.0,0.0,0.4340222575516693,40.0,40.0,15.0,0.0,0,0.0,0.0,0.0,0.0,0.0,0.0,0.0,0.0,0.0,1.0,1.0,0.0,0.0,0.0,0.0,8.0,6.648333333333333,8.90,23,21,LVG,VER,Max Verstappen,MEX,Mexico,Мексика,#006640,Honda,#DE0000,75.0,25.0,100.0,0.0,273.0,273.0,3,11,4,3.0,6,3,6.0,6,6,8.90,
2023,2023211,2,26,Oscar Piastri,McLaren,19.0,18,10,10,10,+29.496,2,81,PIA,28,9,#EE853F,28-9,2,1,1.0,1.47,0.0,0.0,0.3371559633027522,18,0,0,9.0,18.0,0,0,1.0,,50.0,100,8,9.0,1.0,10.0,13.0,3,5.0,2.0,7.0,1.0,97.914,01:37.914,0.270,0.153,0.117,9,3.20,4,1.85,4,1.85,3,1.90,5,1.0,4,7,5.05,2,3.75,5,0.1,4.243,0.0848599999999999,5.94,7.60,8.85,8.36,5.01,5.64,6.62,5.80,5.09,,,,,,,,,15.0,1.0,1.0,2.0,24.0,2.0,0.0,0,0.0,0.0,0.0,0.0,0.0,0.0,1.0,0.0,0.0,0.0,0.0,0.0,0.0,0.0,0.0,0.0,6.620000000000001,8.80,23,21,LVG,NOR,Lando Norris,AUS,Australia,Австралия,#F7C900,Mercedes,#707070,90.0,10.0,71.0,29.0,89.0,89.0,10,18,5,7.0,9,4,2.0,3,4,8.80,
2023,2023211,2,26,Yuki Tsunoda,Alpha Tauri,20.0,20,18,18,18,,0,22,TSU,9,2,#5F86E1,9-2,13,2,1.0,1.0,0.0,0.0,0.22883295194508,20,0,0,10.0,20.0,0,0,0.0,0.0,46.0,92,-1,1.0,2.0,3.0,12.0,6,6.0,0.0,6.0,1.0,99.804,01:39.804,0.172,0.162,0.0099999999999999,2,3.90,18,1.15,2,1.95,11,1.50,6,1.0,2,6,5.05,7,3.45,1,0.0217391304347826,0.438,0.0095217391304348,9.43,9.40,3.52,4.68,10.0,5.64,6.62,5.80,5.09,1.0,0.6990363232023722,0.0,0.4215568862275449,1.0,0.734375,1.0,0.5756457564575647,2.0,1.0,0.6153846153846154,0.0,40.0,0.0,0.0,0,0.0,0.0,0.0,0.0,0.0,0.0,0.0,0.0,0.0,0.0,0.0,0.0,0.0,0.0,0.0,0.0,8.633333333333333,8.50,23,21,LVG,RIC,Daniel Ricciardo,JPN,Japan,Япония,#C60018,Honda,#DE0000,33.0,67.0,100.0,0.0,13.0,13.0,18,20,6,6.0,2,18,7.0,11,2,8.50,
2023,2023211,2,26,Lance Stroll,Aston Martin,14.0,19,5,5,5,+20.067,10,18,STR,10,4,#23675D,10-4,4,1,1.0,3.84,0.0,0.0,0.4008350730688935,19,0,0,10.0,19.0,0,0,1.0,1.0,50.0,100,1,4.0,3.0,7.0,9.0,7,7.0,0.0,7.0,1.0,98.396,01:38.396,0.278,0.151,0.127,11,3.00,8,1.65,1,2.00,9,1.60,7,1.0,1,11,4.65,4,3.60,5,0.1,5.322,0.10644,5.66,10.00,7.49,5.50,3.58,5.64,6.62,5.80,5.09,1.0,0.7228607918263091,1.0,0.5297029702970297,1.0,0.6329113924050632,0.0,0.5,17.0,1.0,0.7816593886462883,12.0,24.0,10.0,1.0,0,0.0,0.0,0.0,1.0,0.0,1.0,0.0,0.0,0.0,0.0,0.0,0.0,0.0,0.0,0.0,0.0,6.3566666666666665,8.25,23,21,LVG,ALO,Fernando Alonso,CAN,Canada,Канада,#E30000,Mercedes,#707070,57.0,43.0,100.0,0.0,73.0,73.0,5,19,7,11.0,11,8,4.0,9,1,8.25,
2023,2023211,2,26,Kevin Magnussen,Haas F1 Team,9.0,8,13,13,13,+44.825,0,20,MAG,22,7,#505050,22-7,6,3,1.0,6.21,1.0,1.0,0.5897435897435896,8,0,0,4.0,8.0,0,0,1.0,1.0,50.0,100,-2,3.0,5.0,8.0,7.0,0,0.0,0.0,0.0,1.0,99.093,01:39.093,0.200,0.170,0.03,3,3.80,13,1.40,12,1.45,12,1.45,8,1.0,12,5,5.20,11,2.90,4,0.08,1.417,0.0283399999999994,8.43,5.80,5.53,4.27,8.75,5.64,6.62,5.80,5.09,1.0,0.6949711459192086,1.0,0.5261655566127497,1.0,0.5,1.0,0.5,3.0,1.0,0.533862111043319,0.0,26.0,0.0,0.0,0,0.0,0.0,0.0,0.0,0.0,0.0,0.0,0.0,0.0,0.0,0.0,0.0,0.0,0.0,0.0,0.0,7.298333333333332,8.10,23,21,LVG,HUL,Nico Hulkenberg,DEN,Denmark,Дания,#D20019,Ferrari,#DC0004,38.0,62.0,0.0,0.0,3.0,3.0,13,8,8,5.0,3,13,11.0,12,12,8.10,
2023,2023211,2,26,Pierre Gasly,Alpine,5.0,4,11,11,11,+34.270,0,10,GAS,17,3,#0E8EDD,17-3,9,4,1.0,8.11,1.0,1.0,0.7701804368471035,4,0,0,2.0,4.0,0,0,0.0,0.0,50.0,100,-7,1.0,8.0,9.0,4.0,0,0.0,0.0,0.0,1.0,98.668,01:38.668,0.258,0.187,0.071,8,3.30,10,1.55,8,1.65,16,1.25,9,1.0,8,9,4.85,10,2.90,3,0.06,2.933,0.0586599999999998,6.37,5.80,6.72,2.23,6.74,5.64,6.62,5.80,5.09,0.0,0.3891264508246793,0.0,0.4590163934426229,0.0,0.3972602739726026,0.0,0.2379935965848452,9.0,0.0,0.4410994764397906,12.0,12.0,12.0,0.0,0,0.0,0.0,0.0,0.0,0.0,0.0,0.0,0.0,0.0,0.0,0.0,0.0,0.0,0.0,0.0,0.0,5.585,7.75,23,21,LVG,OCO,Esteban Ocon,FRA,France,Франция,#004CA2,Renault,#FAEF00,11.0,89.0,0.0,0.0,62.0,62.0,11,4,9,9.0,8,10,10.0,16,8,7.75,
2023,2023211,2,26,Alexander Albon,Williams,6.0,5,12,12,12,+43.398,0,23,ALB,24,18,#0B4BCD,24-18,20,1,1.0,7.63,1.0,1.0,0.5158891142663963,5,0,0,3.0,5.0,0,0,1.0,1.0,50.0,100,-7,0.0,7.0,7.0,5.0,0,0.0,0.0,0.0,1.0,98.966,01:38.966,0.256,0.181,0.075,7,3.40,12,1.45,9,1.60,17,1.20,10,1.0,9,8,4.85,13,2.80,2,0.04,2.765,0.0552999999999997,6.44,5.80,5.88,2.23,6.97,5.64,6.62,5.80,5.09,1.0,0.5760286225402504,1.0,0.520814880425155,1.0,0.5,1.0,0.5,8.0,1.0,0.5475255302435192,0.0,24.0,0.0,0.0,0,0.0,0.0,0.0,0.0,0.0,0.0,0.0,0.0,0.0,0.0,0.0,0.0,0.0,0.0,0.0,0.0,5.631666666666667,7.65,23,21,LVG,SAR,Logan Sargeant,THA,Thailand,Таиланд,#2E2549,Mercedes,#707070,0.0,100.0,0.0,0.0,27.0,27.0,12,5,10,8.0,7,12,13.0,17,9,7.65,
2023,2023211,2,26,Charles Leclerc,Ferrari,1.0,1,2,2,2,+2.070,18,16,LEC,6,5,#E01A00,6-5,15,3,1.0,10.0,1.0,1.0,0.5120327700972862,1,0,0,1.0,1.0,0,0,1.0,1.0,50.0,100,-1,2.0,3.0,5.0,2.0,-1,0.0,1.0,1.0,1.0,97.649,01:37.649,0.321,0.165,0.156,14,2.70,2,1.95,15,1.30,10,1.55,11,1.0,15,12,4.65,12,2.85,5,0.1,6.318,0.1263599999999996,4.13,5.20,9.59,4.68,2.26,5.64,6.62,5.80,5.09,0.0,0.4188640973630831,1.0,0.570154577883472,1.0,0.8387096774193549,0.0,0.4419263456090651,18.0,0.0,0.2565266742338252,26.0,26.0,18.0,0.0,0,0.0,0.0,0.0,0.0,0.0,0.0,0.0,0.0,1.0,0.0,1.0,1.0,0.0,0.0,1.0,13.0,4.4,7.50,23,21,LVG,SAI,Carlos Sainz,MON,Monaco,Монако,#D80000,Ferrari,#DC0004,40.0,60.0,0.0,100.0,188.0,188.0,2,1,11,12.0,14,2,12.0,10,15,7.50,
2023,2023211,2,26,Carlos Sainz,Ferrari,2.0,12,6,6,6,+20.834,8,55,SAI,8,5,#E01A00,8-5,7,3,1.0,9.53,0.0,0.0,0.4879672299027137,12,0,0,6.0,12.0,0,0,0.0,0.0,50.0,100,2,5.0,3.0,8.0,18.0,-8,0.0,8.0,8.0,1.0,98.488,01:38.488,0.276,0.211,0.065,10,3.10,9,1.60,20,1.05,7,1.70,12,1.0,19,10,4.70,15,2.75,3,0.06,3.076,0.0615199999999993,5.73,1.00,7.23,5.91,6.55,5.64,6.62,5.80,5.09,1.0,0.581135902636917,0.0,0.429845422116528,0.0,0.1612903225806451,1.0,0.5580736543909348,11.0,1.0,0.7434733257661749,26.0,26.0,10.0,0.0,0,0.0,0.0,0.0,0.0,0.0,0.0,0.0,0.0,0.0,0.0,0.0,0.0,1.0,0.0,1.0,0.0,4.971666666666667,7.45,23,21,LVG,LEC,Charles Leclerc,ESP,Spain,Испания,#F7B800,Ferrari,#DC0004,62.0,38.0,0.0,100.0,200.0,200.0,6,12,12,10.0,10,9,15.0,7,20,7.45,
2023,2023211,2,26,Lewis Hamilton,Mercedes,11.0,10,7,7,7,+21.755,6,44,HAM,1,10,#08ABA3,1-10,10,1,1.0,5.26,0.0,0.0,0.380057803468208,10,0,0,5.0,10.0,0,0,1.0,1.0,50.0,100,12,12.0,0.0,12.0,15.0,-7,0.0,7.0,7.0,1.0,98.163,01:38.163,0.354,0.313,0.0409999999999999,17,2.40,6,1.75,19,1.10,1,2.00,13,1.0,18,14,4.15,8,3.10,2,0.04,1.575,0.0314999999999997,2.96,1.60,8.14,10.00,8.54,5.64,6.62,5.80,5.09,0.0,0.2948207171314741,0.0,0.4918429003021148,0.0,0.2162162162162162,1.0,0.5834305717619603,5.0,0.0,0.4606256742179072,10.0,24.0,10.0,1.0,0,0.0,0.0,0.0,0.0,1.0,1.0,0.0,0.0,0.0,0.0,0.0,0.0,0.0,0.0,0.0,0.0,3.9066666666666663,7.25,23,21,LVG,RUS,George Russell,GBR,Great Britain,Великобритания,#314486,Mercedes,#707070,100.0,0.0,0.0,100.0,232.0,232.0,7,10,13,14.0,17,6,8.0,1,19,7.25,
2023,2023211,2,26,Logan Sargeant,Williams,7.0,6,16,16,16,+50.882,0,2,SAR,27,18,#0B4BCD,27-18,21,1,1.0,7.16,0.0,0.0,0.4841108857336038,6,0,0,3.0,6.0,0,0,0.0,0.0,50.0,100,-7,1.0,8.0,9.0,6.0,0,0.0,0.0,0.0,1.0,99.133,01:39.133,0.304,0.218,0.086,12,2.90,14,1.35,10,1.55,18,1.15,14,1.0,10,13,4.25,17,2.70,4,0.08,3.675,0.0735000000000013,4.74,5.80,5.41,2.23,5.76,5.64,6.62,5.80,5.09,0.0,0.4239713774597496,0.0,0.479185119574845,0.0,0.5,0.0,0.5,13.0,0.0,0.4524744697564807,0.0,24.0,0.0,0.0,0,0.0,0.0,0.0,0.0,0.0,0.0,0.0,0.0,0.0,0.0,0.0,0.0,0.0,0.0,0.0,0.0,4.498333333333334,6.95,23,21,LVG,ALB,Alexander Albon,USA,USA,США,#071C63,Mercedes,#707070,11.0,89.0,0.0,0.0,1.0,1.0,16,6,14,13.0,12,14,17.0,18,10,6.95,
2023,2023211,2,26,Fernando Alonso,Aston Martin,10.0,9,9,9,9,+25.964,2,14,ALO,19,4,#23675D,19-4,7,1,1.0,5.74,1.0,1.0,0.5991649269311065,9,0,0,5.0,9.0,0,0,0.0,0.0,50.0,100,1,5.0,4.0,9.0,19.0,0,0.0,0.0,0.0,1.0,98.695,01:38.695,0.376,0.208,0.168,18,2.30,11,1.50,13,1.40,8,1.65,15,1.0,13,18,3.80,9,3.05,7,0.14,7.267,0.145340000000001,2.17,5.80,6.65,5.50,1.0,5.64,6.62,5.80,5.09,0.0,0.2771392081736909,0.0,0.4702970297029703,0.0,0.3670886075949366,1.0,0.5,19.0,0.0,0.2183406113537118,12.0,24.0,10.0,0.0,0,0.0,0.0,0.0,0.0,0.0,0.0,0.0,0.0,0.0,0.0,0.0,0.0,0.0,0.0,0.0,0.0,3.33,6.85,23,21,LVG,STR,Lance Stroll,ESP,Spain,Испания,#F7B800,Mercedes,#707070,56.0,44.0,0.0,0.0,200.0,200.0,9,9,15,18.0,18,11,9.0,8,13,6.85,
2023,2023211,2,26,Nico Hulkenberg,Haas F1 Team,13.0,13,19,19,19,,0,27,HUL,25,7,#505050,25-7,11,3,1.0,4.32,0.0,0.0,0.4102564102564102,13,0,0,7.0,13.0,0,0,0.0,0.0,45.0,90,-2,2.0,4.0,6.0,10.0,0,2.0,2.0,4.0,1.0,99.288,01:39.288,0.333,0.279,0.0539999999999999,16,2.50,15,1.30,14,1.35,13,1.40,16,1.0,14,17,3.80,16,2.75,3,0.0666666666666666,2.031,0.0451333333333334,3.70,5.80,4.98,4.27,7.64,5.64,6.62,5.80,5.09,0.0,0.3050288540807914,0.0,0.4738344433872502,0.0,0.5,0.0,0.5,6.0,0.0,0.4661378889566808,0.0,26.0,0.0,0.0,0,0.0,0.0,0.0,0.0,0.0,0.0,0.0,0.0,0.0,0.0,0.0,0.0,0.0,0.0,0.0,0.0,4.1450000000000005,6.55,23,21,LVG,MAG,Kevin Magnussen,GER,Germany,Германия,#000000,Ferrari,#DC0004,33.0,67.0,50.0,50.0,9.0,9.0,19,13,16,17.0,16,15,16.0,13,14,6.55,
2023,2023211,2,26,Daniel Ricciardo,Alpha Tauri,15.0,14,14,14,14,+48.525,0,3,RIC,7,2,#5F86E1,7-2,2,2,1.0,3.37,1.0,1.0,0.7711670480549199,14,0,0,7.0,14.0,0,0,1.0,1.0,50.0,100,-4,2.0,6.0,8.0,16.0,-4,1.0,5.0,6.0,1.0,99.339,01:39.339,0.323,0.242,0.081,15,2.60,16,1.25,18,1.15,14,1.35,17,1.0,17,16,3.85,18,2.50,3,0.06,3.302,0.0660400000000004,4.06,3.40,4.83,3.45,6.25,5.64,6.62,5.80,5.09,0.0,0.3009636767976278,1.0,0.5784431137724552,0.0,0.265625,0.0,0.4243542435424355,12.0,0.0,0.3846153846153846,0.0,40.0,2.0,0.0,0,0.0,0.0,0.0,0.0,0.0,0.0,0.0,0.0,0.0,0.0,0.0,0.0,0.0,0.0,0.0,0.0,3.8483333333333327,6.35,23,21,LVG,TSU,Yuki Tsunoda,AUS,Australia,Австралия,#F7C900,Honda,#DE0000,25.0,75.0,17.0,83.0,6.0,6.0,14,14,17,16.0,15,16,18.0,14,18,6.35,
2023,2023211,2,26,Guanyu Zhou,Alfa Romeo,18.0,17,15,15,15,+50.162,0,24,ZHO,23,1,#752020,23-1,5,3,1.0,1.95,0.0,0.0,0.2259559675550405,17,0,0,9.0,17.0,0,0,1.0,1.0,50.0,100,-10,2.0,12.0,14.0,17.0,-2,1.0,3.0,4.0,1.0,99.554,01:39.554,0.314,0.246,0.068,13,2.80,17,1.20,17,1.20,19,1.10,18,1.0,16,15,4.00,19,2.30,3,0.06,3.016,0.0603200000000003,4.38,4.60,4.23,1.00,6.63,5.64,6.62,5.80,5.09,1.0,0.8141263940520446,1.0,0.8087954110898662,0.0,0.4423076923076923,0.0,0.2469135802469136,10.0,1.0,0.5831134564643798,0.0,26.0,0.0,0.0,0,0.0,0.0,0.0,0.0,0.0,0.0,0.0,0.0,0.0,0.0,0.0,0.0,0.0,0.0,0.0,0.0,3.853333333333333,6.30,23,21,LVG,BOT,Valtteri Bottas,CHN,China,Китай,#F70000,Ferrari,#DC0004,14.0,86.0,25.0,75.0,6.0,6.0,15,17,18,15.0,13,17,19.0,19,17,6.30,
2023,2023211,2,26,Valtteri Bottas,Alfa Romeo,8.0,7,17,17,17,+1:25.350,0,77,BOT,3,1,#752020,3-1,8,3,1.0,6.68,1.0,1.0,0.7740440324449595,7,0,0,4.0,7.0,0,0,0.0,0.0,50.0,100,-5,0.0,5.0,5.0,20.0,0,0.0,0.0,0.0,1.0,100.7,01:40.700,0.409,0.293,0.1159999999999999,19,2.20,19,1.10,11,1.50,15,1.30,19,1.0,11,19,3.30,14,2.80,3,0.06,4.446,0.0889200000000005,1.00,5.80,1.00,3.05,4.74,5.64,6.62,5.80,5.09,0.0,0.1858736059479554,0.0,0.1912045889101338,1.0,0.5576923076923077,1.0,0.7530864197530864,16.0,0.0,0.41688654353562,0.0,26.0,0.0,0.0,0,0.0,0.0,0.0,0.0,0.0,0.0,0.0,0.0,0.0,0.0,0.0,0.0,0.0,0.0,0.0,0.0,2.1416666666666666,6.10,23,21,LVG,ZHO,Guanyu Zhou,FIN,Finland,Финляндия,#04276B,Ferrari,#DC0004,0.0,100.0,0.0,0.0,10.0,10.0,17,7,19,19.0,19,19,14.0,15,11,6.10,
2023,2023211,2,26,Lando Norris,McLaren,16.0,15,-,DNF,20,-,0,4,NOR,4,9,#EE853F,4-9,10,1,1.0,2.89,1.0,1.0,0.6628440366972477,15,0,0,8.0,15.0,1,0,0.0,,2.0,4,-,0.0,0.0,0.0,14.0,-1,3.0,4.0,7.0,0.0,-,-,-,-,,DNC,DNC,DNC,DNC,16,DNC,DNC,DNC,DNC,0.0,20,DNC,DNC,DNC,DNC,-,,-,,-,5.20,-,-,,5.64,6.62,5.80,5.09,,,,,,,,,,0.0,,2.0,24.0,10.0,0.0,0,0.0,0.0,0.0,0.0,0.0,0.0,0.0,0.0,0.0,0.0,0.0,0.0,0.0,0.0,0.0,0.0,,DNC,23,21,LVG,PIA,Oscar Piastri,GBR,Great Britain,Великобритания,#314486,Mercedes,#707070,0.0,0.0,43.0,57.0,195.0,195.0,4,15,10,11.5,14,4,3.5,6,16,8.02,
2023,2023221,2,27,Max Verstappen,Red Bull Racing,1.0,1,1,1,1,1:27:02.624,26,1,VER,2,14,#405585,2-14,16,2,1.0,10.0,1.0,1.0,0.625,1,0,0,1.0,1.0,0,0,1.0,1.0,58.0,100,2,2.0,0.0,2.0,1.0,0,0.0,0.0,0.0,1.0,89.181,01:29.181,0.100,0.070,0.03,2,3.90,1,2.00,9,1.60,5,1.80,1,1.0,9,1,5.90,4,3.40,10,0.1724137931034483,2.062,0.0355517241379312,10.00,7.43,10.00,7.14,7.89,4.97,5.90,7.43,6.32,1.0,0.5777007510109764,1.0,0.5243838489774515,1.0,0.5475313190862195,0.0,0.4165694282380396,4.0,1.0,0.5797207935341661,38.0,42.0,26.0,1.0,1,1.0,0.0,1.0,0.0,0.0,2.0,1.0,1.0,0.0,0.0,1.0,1.0,0.0,0.0,1.0,52.0,9.095,9.30,1,22,ARE,PER,Sergio Perez,NLD,Netherlands,Нидерланды,#F75600,Honda,#DE0000,100.0,0.0,0.0,0.0,575.0,575.0,1,1,1,1.0,2,1,4.0,5,9,9.30,
2023,2023221,2,27,Charles Leclerc,Ferrari,2.0,2,2,2,2,+17.993,18,16,LEC,6,5,#E01A00,6-5,15,3,1.0,9.5,1.0,1.0,0.7916666666666666,2,0,0,1.0,2.0,0,0,1.0,,58.0,100,2,2.0,0.0,2.0,2.0,0,0.0,0.0,0.0,1.0,89.487,01:29.487,0.114,0.091,0.023,3,3.80,3,1.90,10,1.55,6,1.75,2,1.0,10,2,5.70,5,3.30,6,0.1034482758620689,1.558,0.0268620689655171,8.82,7.43,8.65,7.14,8.81,4.97,5.90,7.43,6.32,1.0,0.6327116212338594,1.0,0.6679536679536681,0.0,0.4262765347102696,1.0,0.5648734177215189,3.0,1.0,0.6808346213292117,18.0,18.0,18.0,0.0,0,0.0,0.0,0.0,0.0,0.0,0.0,0.0,0.0,1.0,0.0,1.0,0.0,1.0,0.0,1.0,1.0,8.308333333333334,9.00,1,22,ARE,SAI,Carlos Sainz,MON,Monaco,Монако,#D80000,Ferrari,#DC0004,100.0,0.0,0.0,0.0,206.0,206.0,2,2,2,2.0,3,3,5.0,6,10,9.00,
2023,2023221,2,27,Sergio Perez,Red Bull Racing,9.0,9,4,4,4,+21.453,12,11,PER,5,14,#405585,5-14,14,2,1.0,6.0,0.0,0.0,0.375,9,0,0,5.0,9.0,0,0,0.0,0.0,58.0,100,9,9.0,0.0,9.0,10.0,-1,1.0,2.0,3.0,1.0,89.391,01:29.391,0.132,0.072,0.06,4,3.70,2,1.95,17,1.20,1,2.00,3,1.0,17,3,5.65,8,3.20,9,0.1551724137931034,3.247,0.0559827586206889,7.31,6.14,9.07,10.00,5.72,4.97,5.90,7.43,6.32,0.0,0.4222992489890237,0.0,0.4756161510225485,0.0,0.4524686809137803,1.0,0.5834305717619603,8.0,0.0,0.4202792064658339,38.0,42.0,12.0,1.0,0,0.0,0.0,0.0,0.0,1.0,1.0,0.0,0.0,0.0,0.0,0.0,0.0,0.0,0.0,0.0,0.0,7.563333333333333,8.85,1,22,ARE,VER,Max Verstappen,MEX,Mexico,Мексика,#006640,Honda,#DE0000,100.0,0.0,33.0,67.0,285.0,285.0,4,9,3,3.0,4,2,8.0,1,17,8.85,
2023,2023221,2,27,George Russell,Mercedes,4.0,4,3,3,3,+20.328,15,63,RUS,14,10,#08ABA3,14-10,10,1,1.0,8.5,1.0,1.0,0.6296296296296297,4,0,0,2.0,4.0,0,0,1.0,1.0,58.0,100,4,5.0,1.0,6.0,5.0,-1,0.0,1.0,1.0,1.0,89.506,01:29.506,0.136,0.081,0.055,5,3.60,4,1.85,16,1.25,2,1.95,4,1.0,16,5,5.45,7,3.20,6,0.1034482758620689,2.886,0.0497586206896546,6.97,6.14,8.57,7.95,6.38,4.97,5.90,7.43,6.32,1.0,0.6747337850919651,1.0,0.5525467440361057,0.0,0.3804213135068153,1.0,0.5268389662027834,7.0,1.0,0.575812274368231,17.0,42.0,27.0,0.0,0,0.0,0.0,0.0,0.0,0.0,0.0,0.0,0.0,0.0,1.0,1.0,0.0,0.0,0.0,0.0,0.0,6.995,8.65,1,22,ARE,HAM,Lewis Hamilton,GBR,Great Britain,Великобритания,#314486,Mercedes,#707070,83.0,17.0,0.0,100.0,175.0,175.0,3,4,4,5.0,5,4,7.0,2,16,8.65,
2023,2023221,2,27,Pierre Gasly,Alpine,10.0,10,13,13,13,+1:10.360,0,10,GAS,17,3,#0E8EDD,17-3,9,4,1.0,5.5,1.0,1.0,0.55,10,0,0,5.0,10.0,0,0,0.0,0.0,58.0,100,1,2.0,1.0,3.0,8.0,2,2.0,0.0,2.0,1.0,90.281,01:30.281,0.140,0.091,0.049,6,3.50,12,1.45,1,2.00,10,1.55,5,1.0,1,7,4.95,3,3.55,4,0.0689655172413793,2.691,0.0463965517241384,6.64,10.00,5.15,6.73,6.74,4.97,5.90,7.43,6.32,1.0,0.6223055295220243,1.0,0.5919540229885059,1.0,0.5344735435595938,1.0,0.635505193578848,5.0,1.0,0.6856561546286877,0.0,0.0,0.0,1.0,0,0.0,0.0,0.0,1.0,0.0,1.0,0.0,0.0,0.0,0.0,0.0,0.0,0.0,0.0,0.0,0.0,7.215,8.50,1,22,ARE,OCO,Esteban Ocon,FRA,France,Франция,#004CA2,Renault,#FAEF00,67.0,33.0,100.0,0.0,62.0,62.0,13,10,5,7.0,6,12,3.0,10,1,8.50,
2023,2023221,2,27,Lando Norris,McLaren,5.0,5,5,5,5,+24.284,10,4,NOR,4,9,#EE853F,4-9,10,1,1.0,8.0,0.0,0.0,0.4705882352941176,5,0,0,3.0,5.0,0,0,1.0,1.0,58.0,100,3,4.0,1.0,5.0,4.0,1,1.0,0.0,1.0,1.0,89.547,01:29.547,0.172,0.092,0.0799999999999999,13,2.80,5,1.80,5,1.80,4,1.85,6,1.0,5,9,4.60,1,3.65,10,0.1724137931034483,4.189,0.0722241379310358,3.94,8.71,8.39,7.55,3.99,4.97,5.90,7.43,6.32,1.0,0.7710371819960862,1.0,0.5283375314861462,1.0,0.5396530359355638,1.0,0.5287114845938374,13.0,1.0,0.6551724137931035,18.0,42.0,27.0,0.0,0,0.0,0.0,0.0,0.0,0.0,0.0,0.0,0.0,0.0,0.0,0.0,0.0,0.0,0.0,0.0,0.0,5.336666666666666,8.25,1,22,ARE,PIA,Oscar Piastri,GBR,Great Britain,Великобритания,#314486,Mercedes,#707070,80.0,20.0,100.0,0.0,205.0,205.0,5,5,6,9.0,13,5,1.0,4,5,8.25,
2023,2023221,2,27,Alexander Albon,Williams,14.0,14,14,14,14,+1:13.184,0,23,ALB,24,18,#0B4BCD,24-18,20,1,1.0,3.5,1.0,,,14,0,0,7.0,14.0,0,0,1.0,1.0,58.0,100,2,3.0,1.0,4.0,17.0,-3,0.0,3.0,3.0,1.0,90.267,01:30.267,0.100,0.077,0.023,1,4.00,11,1.50,19,1.10,8,1.65,7,1.0,19,4,5.50,15,2.75,6,0.1034482758620689,1.353,0.0233275862068976,10.00,3.57,5.21,7.14,9.19,4.97,5.90,7.43,6.32,1.0,0.7993605115907274,1.0,0.5513227513227513,0.0,0.3245454545454545,1.0,0.5147801009372747,2.0,1.0,0.9018645731108932,0.0,42.0,0.0,1.0,0,0.0,1.0,0.0,0.0,0.0,1.0,0.0,0.0,0.0,0.0,0.0,0.0,0.0,0.0,0.0,0.0,8.451666666666666,8.25,1,22,ARE,SAR,Logan Sargeant,THA,Thailand,Таиланд,#2E2549,Mercedes,#707070,75.0,25.0,0.0,100.0,27.0,27.0,14,14,7,4.0,1,11,15.0,8,19,8.25,
2023,2023221,2,27,Lance Stroll,Aston Martin,13.0,13,10,10,10,+55.632,1,18,STR,10,4,#23675D,10-4,4,1,1.0,4.0,0.0,0.0,0.3636363636363636,13,0,0,7.0,13.0,0,0,0.0,0.0,58.0,100,1,4.0,3.0,7.0,12.0,1,1.0,0.0,1.0,1.0,90.112,01:30.112,0.141,0.128,0.0129999999999999,7,3.40,10,1.55,7,1.70,11,1.50,8,1.0,7,6,4.95,9,3.20,3,0.0517241379310344,0.911,0.0157068965517241,6.55,8.71,5.89,6.73,10.0,4.97,5.90,7.43,6.32,1.0,0.5735551663747811,0.0,0.4448640483383686,1.0,0.5396530359355638,0.0,0.4584468664850136,1.0,1.0,0.7751937984496123,7.0,42.0,1.0,0.0,0,0.0,0.0,0.0,0.0,0.0,0.0,0.0,0.0,0.0,0.0,0.0,0.0,0.0,0.0,0.0,0.0,6.94,8.15,1,22,ARE,ALO,Fernando Alonso,CAN,Canada,Канада,#E30000,Mercedes,#707070,57.0,43.0,100.0,0.0,74.0,74.0,10,13,8,6.0,7,10,9.0,11,7,8.15,
2023,2023221,2,27,Fernando Alonso,Aston Martin,7.0,7,7,7,7,+39.512,6,14,ALO,19,4,#23675D,19-4,7,1,1.0,7.0,1.0,1.0,0.6363636363636364,7,0,0,4.0,7.0,0,0,1.0,1.0,58.0,100,4,5.0,1.0,6.0,7.0,0,0.0,0.0,0.0,1.0,89.781,01:29.781,0.161,0.077,0.084,11,3.00,7,1.70,13,1.40,3,1.90,9,1.0,13,8,4.70,6,3.30,8,0.1379310344827586,4.782,0.0824482758620696,4.87,7.43,7.35,7.95,2.9,4.97,5.90,7.43,6.32,0.0,0.4264448336252189,1.0,0.5551359516616314,0.0,0.4603469640644361,1.0,0.5415531335149864,16.0,0.0,0.2248062015503875,7.0,42.0,6.0,0.0,0,0.0,0.0,0.0,0.0,0.0,0.0,0.0,0.0,0.0,0.0,0.0,0.0,0.0,0.0,0.0,0.0,5.81,8.00,1,22,ARE,STR,Lance Stroll,ESP,Spain,Испания,#F7B800,Mercedes,#707070,83.0,17.0,0.0,0.0,206.0,206.0,7,7,9,8.0,11,7,6.0,3,13,8.00,
2023,2023221,2,27,Lewis Hamilton,Mercedes,11.0,11,9,9,9,+44.424,2,44,HAM,1,10,#08ABA3,1-10,10,1,1.0,5.0,0.0,0.0,0.3703703703703703,11,0,0,6.0,11.0,0,0,0.0,0.0,58.0,100,2,4.0,2.0,6.0,9.0,2,2.0,0.0,2.0,1.0,89.875,01:29.875,0.179,0.109,0.0699999999999999,14,2.70,8,1.65,2,1.95,7,1.70,10,1.0,2,13,4.35,2,3.65,6,0.1034482758620689,3.800,0.0655172413793095,3.36,10.00,6.94,7.14,4.7,4.97,5.90,7.43,6.32,0.0,0.3252662149080348,0.0,0.4474532559638942,1.0,0.6195786864931846,0.0,0.4731610337972167,10.0,0.0,0.424187725631769,17.0,42.0,27.0,0.0,0,0.0,0.0,0.0,0.0,0.0,0.0,0.0,0.0,0.0,0.0,0.0,0.0,0.0,0.0,0.0,0.0,5.096666666666667,8.00,1,22,ARE,RUS,George Russell,GBR,Great Britain,Великобритания,#314486,Mercedes,#707070,67.0,33.0,100.0,0.0,234.0,234.0,9,11,10,13.0,14,8,2.0,7,2,8.00,
2023,2023221,2,27,Carlos Sainz,Ferrari,16.0,16,-,DNF,18,-,0,55,SAI,8,5,#E01A00,8-5,7,3,1.0,2.5,0.0,0.0,0.2083333333333333,16,0,0,8.0,16.0,1,0,0.0,,57.0,98,-2,3.0,5.0,8.0,14.0,2,2.0,0.0,2.0,1.0,90.473,01:30.473,0.158,0.082,0.076,10,3.10,14,1.35,3,1.90,16,1.25,11,1.0,3,11,4.45,10,3.15,7,0.1228070175438596,4.043,0.0709298245614036,5.12,10.00,4.30,5.50,4.13,4.97,5.90,7.43,6.32,0.0,0.3672883787661405,0.0,0.332046332046332,1.0,0.5737234652897304,0.0,0.435126582278481,11.0,0.0,0.3191653786707882,18.0,18.0,6.0,0.0,0,0.0,0.0,0.0,0.0,0.0,0.0,0.0,0.0,0.0,0.0,0.0,0.0,0.0,0.0,0.0,0.0,5.996666666666667,7.60,1,22,ARE,LEC,Charles Leclerc,ESP,Spain,Испания,#F7B800,Ferrari,#DC0004,38.0,62.0,100.0,0.0,200.0,200.0,6,16,11,11.0,10,14,10.0,16,3,7.60,
2023,2023221,2,27,Guanyu Zhou,Alfa Romeo,19.0,19,17,17,17,+1:29.422,0,24,ZHO,23,1,#752020,23-1,5,3,1.0,1.0,0.0,0.0,0.4,19,0,0,10.0,19.0,0,0,1.0,1.0,58.0,100,0,3.0,3.0,6.0,18.0,1,1.0,0.0,1.0,1.0,90.547,01:30.547,0.155,0.087,0.068,8,3.30,17,1.20,8,1.65,13,1.40,12,1.0,8,10,4.50,12,3.05,8,0.1379310344827586,3.746,0.0645862068965514,5.37,8.71,3.98,6.32,4.8,4.97,5.90,7.43,6.32,1.0,0.8325581395348837,1.0,0.7991967871485943,0.0,0.4655264564404062,1.0,0.8633879781420765,9.0,1.0,0.7920792079207921,0.0,18.0,0.0,0.0,0,0.0,0.0,0.0,0.0,0.0,0.0,0.0,0.0,0.0,0.0,0.0,0.0,0.0,0.0,0.0,0.0,6.085000000000001,7.55,1,22,ARE,BOT,Valtteri Bottas,CHN,China,Китай,#F70000,Ferrari,#DC0004,50.0,50.0,100.0,0.0,6.0,6.0,17,19,12,10.0,8,17,12.0,13,8,7.55,
2023,2023221,2,27,Oscar Piastri,McLaren,3.0,3,6,6,6,+31.487,8,81,PIA,28,9,#EE853F,28-9,2,1,1.0,9.0,1.0,1.0,0.5294117647058824,3,0,0,2.0,3.0,0,0,0.0,0.0,58.0,100,1,4.0,3.0,7.0,3.0,0,0.0,0.0,0.0,1.0,89.75,01:29.750,0.205,0.109,0.0959999999999999,18,2.30,6,1.75,11,1.50,9,1.60,13,1.0,11,15,4.05,11,3.10,7,0.1206896551724138,5.220,0.0899999999999985,1.17,7.43,7.49,6.73,2.1,4.97,5.90,7.43,6.32,0.0,0.2289628180039139,0.0,0.4716624685138539,0.0,0.4603469640644361,0.0,0.4712885154061624,17.0,0.0,0.3448275862068966,18.0,42.0,8.0,0.0,0,0.0,0.0,0.0,0.0,0.0,0.0,0.0,0.0,0.0,0.0,0.0,0.0,0.0,1.0,1.0,0.0,3.14,7.15,1,22,ARE,NOR,Lando Norris,AUS,Australia,Австралия,#F7C900,Mercedes,#707070,57.0,43.0,0.0,0.0,97.0,97.0,6,3,13,15.0,18,6,11.0,9,11,7.15,
2023,2023221,2,27,Esteban Ocon,Alpine,12.0,12,12,12,12,+1:06.373,0,31,OCO,13,3,#0E8EDD,13-3,9,4,1.0,4.5,0.0,0.0,0.45,12,0,0,6.0,12.0,0,0,1.0,1.0,58.0,100,-6,1.0,7.0,8.0,11.0,1,1.0,0.0,1.0,1.0,90.643,01:30.643,0.171,0.087,0.084,12,2.90,18,1.15,6,1.75,19,1.10,14,1.0,6,14,4.05,14,2.85,5,0.0862068965517241,4.679,0.080672413793103,4.03,8.71,3.55,3.86,3.09,4.97,5.90,7.43,6.32,0.0,0.3776944704779756,0.0,0.4080459770114942,0.0,0.4655264564404062,0.0,0.364494806421152,14.0,0.0,0.3143438453713122,0.0,0.0,0.0,0.0,0,0.0,0.0,0.0,0.0,0.0,0.0,0.0,0.0,0.0,0.0,0.0,0.0,0.0,0.0,0.0,0.0,4.781666666666667,6.90,1,22,ARE,GAS,Pierre Gasly,FRA,France,Франция,#004CA2,Renault,#FAEF00,12.0,88.0,100.0,0.0,58.0,58.0,12,12,14,14.0,12,18,14.0,19,6,6.90,
2023,2023221,2,27,Nico Hulkenberg,Haas F1 Team,8.0,8,15,15,15,+1:23.696,0,27,HUL,25,7,#505050,25-7,11,3,1.0,6.5,1.0,1.0,0.7647058823529411,8,0,0,4.0,8.0,0,0,1.0,1.0,58.0,100,-2,1.0,3.0,4.0,13.0,-5,0.0,5.0,5.0,1.0,90.519,01:30.519,0.156,0.108,0.048,9,3.20,16,1.25,20,1.05,15,1.30,15,1.0,20,12,4.45,19,2.35,4,0.0689655172413793,2.705,0.0466379310344834,5.29,1.00,4.10,5.50,6.71,4.97,5.90,7.43,6.32,1.0,0.6637390213299874,1.0,0.6002928257686676,0.0,0.1706484641638225,1.0,0.5193578847969783,6.0,1.0,0.6271028037383178,0.0,18.0,0.0,0.0,0,0.0,0.0,0.0,0.0,0.0,0.0,0.0,0.0,0.0,0.0,0.0,0.0,0.0,0.0,0.0,0.0,4.61,6.80,1,22,ARE,MAG,Kevin Magnussen,GER,Germany,Германия,#000000,Ferrari,#DC0004,25.0,75.0,0.0,100.0,9.0,9.0,15,8,15,12.0,9,16,19.0,15,20,6.80,
2023,2023221,2,27,Yuki Tsunoda,Alpha Tauri,6.0,6,8,8,8,+43.088,4,22,TSU,9,2,#5F86E1,9-2,13,2,1.0,7.5,1.0,1.0,0.7142857142857143,6,0,0,3.0,6.0,0,0,1.0,1.0,58.0,100,-5,1.0,6.0,7.0,6.0,0,0.0,0.0,0.0,1.0,90.289,01:30.289,0.186,0.092,0.094,15,2.60,13,1.40,12,1.45,18,1.15,16,1.0,12,16,4.00,18,2.60,8,0.1379310344827586,5.451,0.09398275862069,2.77,7.43,5.11,4.27,1.67,4.97,5.90,7.43,6.32,1.0,0.7347480106100795,0.0,0.4455100261551874,1.0,0.5,0.0,0.4194499017681729,18.0,0.0,0.3560767590618337,4.0,42.0,4.0,0.0,0,0.0,0.0,0.0,0.0,0.0,0.0,0.0,0.0,0.0,0.0,0.0,0.0,0.0,0.0,0.0,5.0,3.796666666666667,6.60,1,22,ARE,RIC,Daniel Ricciardo,JPN,Japan,Япония,#C60018,Honda,#DE0000,14.0,86.0,0.0,0.0,17.0,17.0,8,6,16,16.0,15,13,18.0,18,12,6.60,
2023,2023221,2,27,Logan Sargeant,Williams,,20,16,16,16,+1:27.791,0,2,SAR,27,18,#0B4BCD,27-18,21,1,0.0,,0.0,,,20,0,0,10.0,20.0,0,0,0.0,0.0,58.0,100,1,3.0,2.0,5.0,20.0,0,0.0,0.0,0.0,1.0,90.487,01:30.487,0.189,0.076,0.113,17,2.40,15,1.30,15,1.30,12,1.45,17,1.0,15,17,3.70,16,2.75,12,0.2068965517241379,5.819,0.1003275862068958,2.51,7.43,4.24,6.73,1.0,4.97,5.90,7.43,6.32,0.0,0.2006394884092725,0.0,0.4486772486772487,1.0,0.6754545454545454,0.0,0.4852198990627253,20.0,0.0,0.0981354268891069,0.0,42.0,0.0,0.0,0,0.0,0.0,0.0,0.0,0.0,0.0,0.0,0.0,0.0,0.0,0.0,0.0,0.0,0.0,0.0,0.0,4.033333333333333,6.45,1,22,ARE,ALB,Alexander Albon,USA,USA,США,#071C63,Mercedes,#707070,60.0,40.0,0.0,0.0,1.0,1.0,16,20,17,17.0,17,15,16.0,12,15,6.45,
2023,2023221,2,27,Daniel Ricciardo,Alpha Tauri,15.0,15,11,11,11,+56.229,0,3,RIC,7,2,#5F86E1,7-2,2,2,1.0,3.0,0.0,0.0,0.2857142857142857,15,0,0,8.0,15.0,0,0,0.0,0.0,58.0,100,-1,3.0,4.0,7.0,15.0,0,1.0,1.0,2.0,1.0,90.006,01:30.006,0.207,0.119,0.088,20,2.10,9,1.60,14,1.35,14,1.35,18,1.0,14,18,3.70,17,2.70,5,0.0862068965517241,4.720,0.081379310344828,1.00,7.43,6.36,5.91,3.02,4.97,5.90,7.43,6.32,0.0,0.2652519893899204,1.0,0.5544899738448126,0.0,0.5,1.0,0.5805500982318271,15.0,1.0,0.6439232409381663,4.0,42.0,8.0,0.0,0,0.0,0.0,0.0,0.0,0.0,0.0,0.0,0.0,0.0,0.0,0.0,0.0,0.0,0.0,0.0,0.0,2.89,6.40,1,22,ARE,TSU,Yuki Tsunoda,AUS,Australia,Австралия,#F7C900,Honda,#DE0000,43.0,57.0,50.0,50.0,6.0,6.0,11,15,18,18.0,20,9,17.0,14,14,6.40,
2023,2023221,2,27,Valtteri Bottas,Alfa Romeo,18.0,18,19,19,19,+1 Lap,0,77,BOT,3,1,#752020,3-1,8,3,1.0,1.5,1.0,1.0,0.6,18,0,0,9.0,18.0,0,0,0.0,0.0,57.0,98,-13,0.0,13.0,13.0,16.0,2,2.0,0.0,2.0,1.0,91.222,01:31.222,0.206,0.111,0.0949999999999999,19,2.20,20,1.05,4,1.85,20,1.05,19,1.0,4,20,3.25,13,2.90,9,0.1578947368421052,5.578,0.0978596491228065,1.08,10.00,1.00,1.00,1.26,4.97,5.90,7.43,6.32,0.0,0.1674418604651162,0.0,0.2008032128514056,1.0,0.5344735435595938,0.0,0.1366120218579234,19.0,0.0,0.2079207920792079,0.0,18.0,0.0,0.0,0,0.0,0.0,0.0,0.0,0.0,0.0,0.0,0.0,0.0,0.0,0.0,0.0,0.0,0.0,0.0,0.0,2.553333333333333,6.15,1,22,ARE,ZHO,Guanyu Zhou,FIN,Finland,Финляндия,#04276B,Ferrari,#DC0004,0.0,100.0,100.0,0.0,10.0,10.0,19,18,19,20.0,19,20,13.0,20,4,6.15,
2023,2023221,2,27,Kevin Magnussen,Haas F1 Team,17.0,17,20,20,20,+1 Lap,0,20,MAG,22,7,#505050,22-7,6,3,1.0,2.0,0.0,0.0,0.2352941176470588,17,0,0,9.0,17.0,0,0,0.0,0.0,57.0,98,-3,0.0,3.0,3.0,19.0,-2,0.0,2.0,2.0,1.0,90.829,01:30.829,0.187,0.105,0.082,16,2.50,19,1.10,18,1.15,17,1.20,20,1.0,18,19,3.60,20,2.35,4,0.0701754385964912,4.116,0.0722105263157892,2.68,4.86,2.73,5.09,3.99,4.97,5.90,7.43,6.32,0.0,0.3362609786700125,0.0,0.3997071742313323,1.0,0.8293515358361775,0.0,0.4806421152030217,12.0,0.0,0.3728971962616823,0.0,18.0,0.0,0.0,0,0.0,0.0,0.0,0.0,0.0,0.0,0.0,0.0,0.0,0.0,0.0,0.0,0.0,0.0,0.0,0.0,3.4450000000000003,5.95,1,22,ARE,HUL,Nico Hulkenberg,DEN,Denmark,Дания,#D20019,Ferrari,#DC0004,0.0,100.0,0.0,100.0,3.0,3.0,20,17,20,19.0,16,19,20.0,17,18,5.95,
