SeasonID,SprintIndex,RaceID,EventIndex,DriverID,FullName,Number,Team,Color,LapNumberFlow,LapNumber,Laptime,Stint,PitOutTime,PitInTime,LaptimeNaN,LaptimeMovingAverage,LaptimeClear,LaptimeClearPace,PaceDiff,EventAbbreviation,PaceDiffTeammatesMean
2023,0,2023040,3,5,Sergio Perez,11,Red Bull Racing,#3671C6,1,1.0,-,1.0,,,1,,-,-,-,AZR*,-
2023,0,2023040,3,5,Sergio Perez,11,Red Bull Racing,#3671C6,2,2.0,-,1.0,,,1,,-,-,-,AZR*,-
2023,0,2023040,3,5,Sergio Perez,11,Red Bull Racing,#3671C6,3,3.0,-,1.0,,,1,,-,-,-,AZR*,-
2023,0,2023040,3,5,Sergio Perez,11,Red Bull Racing,#3671C6,4,4.0,-,1.0,,,1,,-,-,-,AZR*,-
2023,0,2023040,3,5,Sergio Perez,11,Red Bull Racing,#3671C6,5,5.0,-,1.0,,,1,,-,-,-,AZR*,-
2023,0,2023040,3,5,Sergio Perez,11,Red Bull Racing,#3671C6,6,6.0,-,1.0,,,1,,-,-,-,AZR*,-
2023,0,2023040,3,5,Sergio Perez,11,Red Bull Racing,#3671C6,7,7.0,104.488,1.0,,,0,,104.488,-,-1.699,AZR*,-1.479
2023,0,2023040,3,5,Sergio Perez,11,Red Bull Racing,#3671C6,8,8.0,104.672,1.0,,,0,104.58,104.672,104.58,-0.886,AZR*,-0.9235
2023,0,2023040,3,5,Sergio Perez,11,Red Bull Racing,#3671C6,9,9.0,103.932,1.0,,,0,104.302,103.932,104.302,-1.500,AZR*,-1.374
2023,0,2023040,3,5,Sergio Perez,11,Red Bull Racing,#3671C6,10,10.0,103.769,1.0,,,0,103.851,103.769,103.851,-1.658,AZR*,-1.681
2023,0,2023040,3,5,Sergio Perez,11,Red Bull Racing,#3671C6,11,11.0,103.616,1.0,,,0,103.692,103.616,103.692,-2.124,AZR*,-2.0145
2023,0,2023040,3,5,Sergio Perez,11,Red Bull Racing,#3671C6,12,12.0,103.939,1.0,,,0,103.778,103.69,103.653,-1.402,AZR*,-1.3955
2023,0,2023040,3,5,Sergio Perez,11,Red Bull Racing,#3671C6,13,13.0,103.763,1.0,,,0,103.851,103.763,103.726,-1.777,AZR*,-1.448
2023,0,2023040,3,5,Sergio Perez,11,Red Bull Racing,#3671C6,14,14.0,103.845,1.0,,,0,103.804,103.845,103.804,-1.711,AZR*,-1.3885
2023,0,2023040,3,5,Sergio Perez,11,Red Bull Racing,#3671C6,15,15.0,103.844,1.0,,,0,103.844,103.844,103.844,-1.797,AZR*,-1.176
2023,0,2023040,3,5,Sergio Perez,11,Red Bull Racing,#3671C6,16,16.0,104.003,1.0,,,0,103.923,104.003,103.923,-1.602,AZR*,-0.9915
2023,0,2023040,3,5,Sergio Perez,11,Red Bull Racing,#3671C6,17,17.0,106.075,1.0,,,0,105.039,106.075,105.039,0.046,AZR*,-0.24150000000000002
2023,0,2023040,3,6,Charles Leclerc,16,Ferrari,#CC1400,1,1.0,-,1.0,,,1,,-,-,-,AZR*,-
2023,0,2023040,3,6,Charles Leclerc,16,Ferrari,#CC1400,2,2.0,-,1.0,,,1,,-,-,-,AZR*,-
2023,0,2023040,3,6,Charles Leclerc,16,Ferrari,#CC1400,3,3.0,-,1.0,,,1,,-,-,-,AZR*,-
2023,0,2023040,3,6,Charles Leclerc,16,Ferrari,#CC1400,4,4.0,-,1.0,,,1,,-,-,-,AZR*,-
2023,0,2023040,3,6,Charles Leclerc,16,Ferrari,#CC1400,5,5.0,-,1.0,,,1,,-,-,-,AZR*,-
2023,0,2023040,3,6,Charles Leclerc,16,Ferrari,#CC1400,6,6.0,-,1.0,,,1,,-,-,-,AZR*,-
2023,0,2023040,3,6,Charles Leclerc,16,Ferrari,#CC1400,7,7.0,104.802,1.0,,,0,,104.802,-,-1.385,AZR*,-1.22
2023,0,2023040,3,6,Charles Leclerc,16,Ferrari,#CC1400,8,8.0,105.358,1.0,,,0,105.08,105.358,105.08,-0.200,AZR*,-0.43200000000000005
2023,0,2023040,3,6,Charles Leclerc,16,Ferrari,#CC1400,9,9.0,104.274,1.0,,,0,104.816,104.274,104.816,-1.158,AZR*,-0.9085
2023,0,2023040,3,6,Charles Leclerc,16,Ferrari,#CC1400,10,10.0,103.831,1.0,,,0,104.053,103.831,104.053,-1.596,AZR*,-1.2850000000000001
2023,0,2023040,3,6,Charles Leclerc,16,Ferrari,#CC1400,11,11.0,103.682,1.0,,,0,103.756,103.682,103.756,-2.058,AZR*,-1.7
2023,0,2023040,3,6,Charles Leclerc,16,Ferrari,#CC1400,12,12.0,103.646,1.0,,,0,103.664,103.646,103.664,-1.695,AZR*,-1.243
2023,0,2023040,3,6,Charles Leclerc,16,Ferrari,#CC1400,13,13.0,104.277,1.0,,,0,103.962,104.277,103.962,-1.263,AZR*,-1.105
2023,0,2023040,3,6,Charles Leclerc,16,Ferrari,#CC1400,14,14.0,104.684,1.0,,,0,104.48,104.684,104.48,-0.872,AZR*,-0.6905
2023,0,2023040,3,6,Charles Leclerc,16,Ferrari,#CC1400,15,15.0,105.0,1.0,,,0,104.842,105.0,104.842,-0.641,AZR*,-0.8235
2023,0,2023040,3,6,Charles Leclerc,16,Ferrari,#CC1400,16,16.0,105.515,1.0,,,0,105.258,105.515,105.258,-0.090,AZR*,-0.3855
2023,0,2023040,3,6,Charles Leclerc,16,Ferrari,#CC1400,17,17.0,105.759,1.0,,,0,105.637,105.759,105.637,-0.270,AZR*,-0.4405
2023,0,2023040,3,2,Max Verstappen,1,Red Bull Racing,#3671C6,1,1.0,-,1.0,,,1,,-,-,-,AZR*,-
2023,0,2023040,3,2,Max Verstappen,1,Red Bull Racing,#3671C6,2,2.0,-,1.0,,,1,,-,-,-,AZR*,-
2023,0,2023040,3,2,Max Verstappen,1,Red Bull Racing,#3671C6,3,3.0,-,1.0,,,1,,-,-,-,AZR*,-
2023,0,2023040,3,2,Max Verstappen,1,Red Bull Racing,#3671C6,4,4.0,-,1.0,,,1,,-,-,-,AZR*,-
2023,0,2023040,3,2,Max Verstappen,1,Red Bull Racing,#3671C6,5,5.0,-,1.0,,,1,,-,-,-,AZR*,-
2023,0,2023040,3,2,Max Verstappen,1,Red Bull Racing,#3671C6,6,6.0,-,1.0,,,1,,-,-,-,AZR*,-
2023,0,2023040,3,2,Max Verstappen,1,Red Bull Racing,#3671C6,7,7.0,104.928,1.0,,,0,,104.928,-,-1.259,AZR*,-1.479
2023,0,2023040,3,2,Max Verstappen,1,Red Bull Racing,#3671C6,8,8.0,104.597,1.0,,,0,104.762,104.597,104.762,-0.961,AZR*,-0.9235
2023,0,2023040,3,2,Max Verstappen,1,Red Bull Racing,#3671C6,9,9.0,104.184,1.0,,,0,104.39,104.184,104.39,-1.248,AZR*,-1.374
2023,0,2023040,3,2,Max Verstappen,1,Red Bull Racing,#3671C6,10,10.0,103.723,1.0,,,0,103.953,103.723,103.953,-1.704,AZR*,-1.681
2023,0,2023040,3,2,Max Verstappen,1,Red Bull Racing,#3671C6,11,11.0,103.835,1.0,,,0,103.779,103.835,103.779,-1.905,AZR*,-2.0145
2023,0,2023040,3,2,Max Verstappen,1,Red Bull Racing,#3671C6,12,12.0,103.952,1.0,,,0,103.893,103.952,103.893,-1.389,AZR*,-1.3955
2023,0,2023040,3,2,Max Verstappen,1,Red Bull Racing,#3671C6,13,13.0,104.421,1.0,,,0,104.186,104.421,104.186,-1.119,AZR*,-1.448
2023,0,2023040,3,2,Max Verstappen,1,Red Bull Racing,#3671C6,14,14.0,104.49,1.0,,,0,104.456,104.49,104.456,-1.066,AZR*,-1.3885
2023,0,2023040,3,2,Max Verstappen,1,Red Bull Racing,#3671C6,15,15.0,105.086,1.0,,,0,104.788,105.086,104.788,-0.555,AZR*,-1.176
2023,0,2023040,3,2,Max Verstappen,1,Red Bull Racing,#3671C6,16,16.0,105.224,1.0,,,0,105.155,105.224,105.155,-0.381,AZR*,-0.9915
2023,0,2023040,3,2,Max Verstappen,1,Red Bull Racing,#3671C6,17,17.0,105.5,1.0,,,0,105.362,105.5,105.362,-0.529,AZR*,-0.24150000000000002
2023,0,2023040,3,14,George Russell,63,Mercedes,#6CD3BF,1,1.0,-,1.0,,,1,,-,-,-,AZR*,-
2023,0,2023040,3,14,George Russell,63,Mercedes,#6CD3BF,2,2.0,-,1.0,,,1,,-,-,-,AZR*,-
2023,0,2023040,3,14,George Russell,63,Mercedes,#6CD3BF,3,3.0,-,1.0,,,1,,-,-,-,AZR*,-
2023,0,2023040,3,14,George Russell,63,Mercedes,#6CD3BF,4,4.0,-,1.0,,,1,,-,-,-,AZR*,-
2023,0,2023040,3,14,George Russell,63,Mercedes,#6CD3BF,5,5.0,-,1.0,,,1,,-,-,-,AZR*,-
2023,0,2023040,3,14,George Russell,63,Mercedes,#6CD3BF,6,6.0,-,1.0,,,1,,-,-,-,AZR*,-
2023,0,2023040,3,14,George Russell,63,Mercedes,#6CD3BF,7,7.0,105.065,1.0,,,0,,105.065,-,-1.122,AZR*,-0.5770000000000001
2023,0,2023040,3,14,George Russell,63,Mercedes,#6CD3BF,8,8.0,105.018,1.0,,,0,105.042,105.018,105.042,-0.540,AZR*,-0.7484999999999999
2023,0,2023040,3,14,George Russell,63,Mercedes,#6CD3BF,9,9.0,104.498,1.0,,,0,104.758,104.498,104.758,-0.934,AZR*,-0.789
2023,0,2023040,3,14,George Russell,63,Mercedes,#6CD3BF,10,10.0,104.409,1.0,,,0,104.454,104.409,104.454,-1.018,AZR*,-0.8885000000000001
2023,0,2023040,3,14,George Russell,63,Mercedes,#6CD3BF,11,11.0,104.5,1.0,,,0,104.454,104.5,104.454,-1.240,AZR*,-1.1065
2023,0,2023040,3,14,George Russell,63,Mercedes,#6CD3BF,12,12.0,104.605,1.0,,,0,104.553,104.605,104.553,-0.736,AZR*,-0.5615
2023,0,2023040,3,14,George Russell,63,Mercedes,#6CD3BF,13,13.0,104.752,1.0,,,0,104.678,104.752,104.678,-0.788,AZR*,-0.5505
2023,0,2023040,3,14,George Russell,63,Mercedes,#6CD3BF,14,14.0,104.696,1.0,,,0,104.724,104.696,104.724,-0.860,AZR*,-0.7045
2023,0,2023040,3,14,George Russell,63,Mercedes,#6CD3BF,15,15.0,104.61,1.0,,,0,104.653,104.61,104.653,-1.031,AZR*,-0.6174999999999999
2023,0,2023040,3,14,George Russell,63,Mercedes,#6CD3BF,16,16.0,104.882,1.0,,,0,104.746,104.882,104.746,-0.723,AZR*,0.01200000000000001
2023,0,2023040,3,14,George Russell,63,Mercedes,#6CD3BF,17,17.0,105.15,1.0,,,0,105.016,105.15,105.016,-0.879,AZR*,-0.527
2023,0,2023040,3,8,Carlos Sainz,55,Ferrari,#CC1400,1,1.0,-,1.0,,,1,,-,-,-,AZR*,-
2023,0,2023040,3,8,Carlos Sainz,55,Ferrari,#CC1400,2,2.0,-,1.0,,,1,,-,-,-,AZR*,-
2023,0,2023040,3,8,Carlos Sainz,55,Ferrari,#CC1400,3,3.0,-,1.0,,,1,,-,-,-,AZR*,-
2023,0,2023040,3,8,Carlos Sainz,55,Ferrari,#CC1400,4,4.0,-,1.0,,,1,,-,-,-,AZR*,-
2023,0,2023040,3,8,Carlos Sainz,55,Ferrari,#CC1400,5,5.0,-,1.0,,,1,,-,-,-,AZR*,-
2023,0,2023040,3,8,Carlos Sainz,55,Ferrari,#CC1400,6,6.0,-,1.0,,,1,,-,-,-,AZR*,-
2023,0,2023040,3,8,Carlos Sainz,55,Ferrari,#CC1400,7,7.0,105.132,1.0,,,0,,105.132,-,-1.055,AZR*,-1.22
2023,0,2023040,3,8,Carlos Sainz,55,Ferrari,#CC1400,8,8.0,104.894,1.0,,,0,105.013,104.894,105.013,-0.664,AZR*,-0.43200000000000005
2023,0,2023040,3,8,Carlos Sainz,55,Ferrari,#CC1400,9,9.0,104.773,1.0,,,0,104.834,104.773,104.834,-0.659,AZR*,-0.9085
2023,0,2023040,3,8,Carlos Sainz,55,Ferrari,#CC1400,10,10.0,104.453,1.0,,,0,104.613,104.453,104.613,-0.974,AZR*,-1.2850000000000001
2023,0,2023040,3,8,Carlos Sainz,55,Ferrari,#CC1400,11,11.0,104.398,1.0,,,0,104.426,104.398,104.426,-1.342,AZR*,-1.7
2023,0,2023040,3,8,Carlos Sainz,55,Ferrari,#CC1400,12,12.0,104.55,1.0,,,0,104.474,104.55,104.474,-0.791,AZR*,-1.243
2023,0,2023040,3,8,Carlos Sainz,55,Ferrari,#CC1400,13,13.0,104.593,1.0,,,0,104.572,104.593,104.572,-0.947,AZR*,-1.105
2023,0,2023040,3,8,Carlos Sainz,55,Ferrari,#CC1400,14,14.0,105.047,1.0,,,0,104.82,104.614,104.604,-0.509,AZR*,-0.6905
2023,0,2023040,3,8,Carlos Sainz,55,Ferrari,#CC1400,15,15.0,104.635,1.0,,,0,104.841,104.635,104.625,-1.006,AZR*,-0.8235
2023,0,2023040,3,8,Carlos Sainz,55,Ferrari,#CC1400,16,16.0,104.924,1.0,,,0,104.78,104.924,104.78,-0.681,AZR*,-0.3855
2023,0,2023040,3,8,Carlos Sainz,55,Ferrari,#CC1400,17,17.0,105.418,1.0,,,0,105.171,105.418,105.171,-0.611,AZR*,-0.4405
2023,0,2023040,3,19,Fernando Alonso,14,Aston Martin,#358C75,1,1.0,-,1.0,,,1,,-,-,-,AZR*,-
2023,0,2023040,3,19,Fernando Alonso,14,Aston Martin,#358C75,2,2.0,-,1.0,,,1,,-,-,-,AZR*,-
2023,0,2023040,3,19,Fernando Alonso,14,Aston Martin,#358C75,3,3.0,-,1.0,,,1,,-,-,-,AZR*,-
2023,0,2023040,3,19,Fernando Alonso,14,Aston Martin,#358C75,4,4.0,-,1.0,,,1,,-,-,-,AZR*,-
2023,0,2023040,3,19,Fernando Alonso,14,Aston Martin,#358C75,5,5.0,-,1.0,,,1,,-,-,-,AZR*,-
2023,0,2023040,3,19,Fernando Alonso,14,Aston Martin,#358C75,6,6.0,-,1.0,,,1,,-,-,-,AZR*,-
2023,0,2023040,3,19,Fernando Alonso,14,Aston Martin,#358C75,7,7.0,105.085,1.0,,,0,,105.085,-,-1.102,AZR*,-0.5895
2023,0,2023040,3,19,Fernando Alonso,14,Aston Martin,#358C75,8,8.0,104.751,1.0,,,0,104.918,104.751,104.918,-0.807,AZR*,-0.5765
2023,0,2023040,3,19,Fernando Alonso,14,Aston Martin,#358C75,9,9.0,104.939,1.0,,,0,104.845,104.71,104.73,-0.493,AZR*,-0.2915
2023,0,2023040,3,19,Fernando Alonso,14,Aston Martin,#358C75,10,10.0,104.668,1.0,,,0,104.804,104.668,104.689,-0.759,AZR*,-0.627
2023,0,2023040,3,19,Fernando Alonso,14,Aston Martin,#358C75,11,11.0,104.593,1.0,,,0,104.631,104.593,104.631,-1.147,AZR*,-0.9655
2023,0,2023040,3,19,Fernando Alonso,14,Aston Martin,#358C75,12,12.0,104.544,1.0,,,0,104.568,104.544,104.568,-0.797,AZR*,-0.1675
2023,0,2023040,3,19,Fernando Alonso,14,Aston Martin,#358C75,13,13.0,104.789,1.0,,,0,104.666,104.789,104.666,-0.751,AZR*,-0.563
2023,0,2023040,3,19,Fernando Alonso,14,Aston Martin,#358C75,14,14.0,105.02,1.0,,,0,104.904,104.866,104.828,-0.536,AZR*,-0.6185
2023,0,2023040,3,19,Fernando Alonso,14,Aston Martin,#358C75,15,15.0,104.944,1.0,,,0,104.982,104.944,104.905,-0.697,AZR*,-0.725
2023,0,2023040,3,19,Fernando Alonso,14,Aston Martin,#358C75,16,16.0,104.926,1.0,,,0,104.935,104.926,104.935,-0.679,AZR*,-0.484
2023,0,2023040,3,19,Fernando Alonso,14,Aston Martin,#358C75,17,17.0,105.007,1.0,,,0,104.966,105.007,104.966,-1.022,AZR*,-0.6795
2023,0,2023040,3,1,Lewis Hamilton,44,Mercedes,#6CD3BF,1,1.0,-,1.0,,,1,,-,-,-,AZR*,-
2023,0,2023040,3,1,Lewis Hamilton,44,Mercedes,#6CD3BF,2,2.0,-,1.0,,,1,,-,-,-,AZR*,-
2023,0,2023040,3,1,Lewis Hamilton,44,Mercedes,#6CD3BF,3,3.0,-,1.0,,,1,,-,-,-,AZR*,-
2023,0,2023040,3,1,Lewis Hamilton,44,Mercedes,#6CD3BF,4,4.0,-,1.0,,,1,,-,-,-,AZR*,-
2023,0,2023040,3,1,Lewis Hamilton,44,Mercedes,#6CD3BF,5,5.0,-,1.0,,,1,,-,-,-,AZR*,-
2023,0,2023040,3,1,Lewis Hamilton,44,Mercedes,#6CD3BF,6,6.0,-,1.0,,,1,,-,-,-,AZR*,-
2023,0,2023040,3,1,Lewis Hamilton,44,Mercedes,#6CD3BF,7,7.0,106.155,1.0,,,0,,106.155,-,-0.032,AZR*,-0.5770000000000001
2023,0,2023040,3,1,Lewis Hamilton,44,Mercedes,#6CD3BF,8,8.0,104.601,1.0,,,0,105.378,104.601,105.378,-0.957,AZR*,-0.7484999999999999
2023,0,2023040,3,1,Lewis Hamilton,44,Mercedes,#6CD3BF,9,9.0,104.788,1.0,,,0,104.694,104.788,104.694,-0.644,AZR*,-0.789
2023,0,2023040,3,1,Lewis Hamilton,44,Mercedes,#6CD3BF,10,10.0,104.668,1.0,,,0,104.728,104.668,104.728,-0.759,AZR*,-0.8885000000000001
2023,0,2023040,3,1,Lewis Hamilton,44,Mercedes,#6CD3BF,11,11.0,104.767,1.0,,,0,104.718,104.767,104.718,-0.973,AZR*,-1.1065
2023,0,2023040,3,1,Lewis Hamilton,44,Mercedes,#6CD3BF,12,12.0,104.954,1.0,,,0,104.86,104.954,104.86,-0.387,AZR*,-0.5615
2023,0,2023040,3,1,Lewis Hamilton,44,Mercedes,#6CD3BF,13,13.0,105.227,1.0,,,0,105.09,105.227,105.09,-0.313,AZR*,-0.5505
2023,0,2023040,3,1,Lewis Hamilton,44,Mercedes,#6CD3BF,14,14.0,105.007,1.0,,,0,105.117,105.007,105.117,-0.549,AZR*,-0.7045
2023,0,2023040,3,1,Lewis Hamilton,44,Mercedes,#6CD3BF,15,15.0,105.437,1.0,,,0,105.222,105.437,105.222,-0.204,AZR*,-0.6174999999999999
2023,0,2023040,3,1,Lewis Hamilton,44,Mercedes,#6CD3BF,16,16.0,106.352,1.0,,,0,105.894,105.646,105.541,0.747,AZR*,0.01200000000000001
2023,0,2023040,3,1,Lewis Hamilton,44,Mercedes,#6CD3BF,17,17.0,105.854,1.0,,,0,106.103,105.854,105.75,-0.175,AZR*,-0.527
2023,0,2023040,3,10,Lance Stroll,18,Aston Martin,#358C75,1,1.0,-,1.0,,,1,,-,-,-,AZR*,-
2023,0,2023040,3,10,Lance Stroll,18,Aston Martin,#358C75,2,2.0,-,1.0,,,1,,-,-,-,AZR*,-
2023,0,2023040,3,10,Lance Stroll,18,Aston Martin,#358C75,3,3.0,-,1.0,,,1,,-,-,-,AZR*,-
2023,0,2023040,3,10,Lance Stroll,18,Aston Martin,#358C75,4,4.0,-,1.0,,,1,,-,-,-,AZR*,-
2023,0,2023040,3,10,Lance Stroll,18,Aston Martin,#358C75,5,5.0,-,1.0,,,1,,-,-,-,AZR*,-
2023,0,2023040,3,10,Lance Stroll,18,Aston Martin,#358C75,6,6.0,-,1.0,,,1,,-,-,-,AZR*,-
2023,0,2023040,3,10,Lance Stroll,18,Aston Martin,#358C75,7,7.0,106.11,1.0,,,0,,106.11,-,-0.077,AZR*,-0.5895
2023,0,2023040,3,10,Lance Stroll,18,Aston Martin,#358C75,8,8.0,105.212,1.0,,,0,105.661,105.212,105.661,-0.346,AZR*,-0.5765
2023,0,2023040,3,10,Lance Stroll,18,Aston Martin,#358C75,9,9.0,105.342,1.0,,,0,105.277,105.342,105.277,-0.090,AZR*,-0.2915
2023,0,2023040,3,10,Lance Stroll,18,Aston Martin,#358C75,10,10.0,104.932,1.0,,,0,105.137,104.932,105.137,-0.495,AZR*,-0.627
2023,0,2023040,3,10,Lance Stroll,18,Aston Martin,#358C75,11,11.0,104.956,1.0,,,0,104.944,104.956,104.944,-0.784,AZR*,-0.9655
2023,0,2023040,3,10,Lance Stroll,18,Aston Martin,#358C75,12,12.0,105.803,1.0,,,0,105.38,105.06,105.008,0.462,AZR*,-0.1675
2023,0,2023040,3,10,Lance Stroll,18,Aston Martin,#358C75,13,13.0,105.165,1.0,,,0,105.484,105.165,105.113,-0.375,AZR*,-0.563
2023,0,2023040,3,10,Lance Stroll,18,Aston Martin,#358C75,14,14.0,104.855,1.0,,,0,105.01,104.855,105.01,-0.701,AZR*,-0.6185
2023,0,2023040,3,10,Lance Stroll,18,Aston Martin,#358C75,15,15.0,104.888,1.0,,,0,104.872,104.888,104.872,-0.753,AZR*,-0.725
2023,0,2023040,3,10,Lance Stroll,18,Aston Martin,#358C75,16,16.0,105.316,1.0,,,0,105.102,105.316,105.102,-0.289,AZR*,-0.484
2023,0,2023040,3,10,Lance Stroll,18,Aston Martin,#358C75,17,17.0,105.692,1.0,,,0,105.504,105.692,105.504,-0.337,AZR*,-0.6795
2023,0,2023040,3,24,Alexander Albon,23,Williams,#37BEDD,1,1.0,-,1.0,,,1,,-,-,-,AZR*,-
2023,0,2023040,3,24,Alexander Albon,23,Williams,#37BEDD,2,2.0,-,1.0,,,1,,-,-,-,AZR*,-
2023,0,2023040,3,24,Alexander Albon,23,Williams,#37BEDD,3,3.0,-,1.0,,,1,,-,-,-,AZR*,-
2023,0,2023040,3,24,Alexander Albon,23,Williams,#37BEDD,4,4.0,-,1.0,,,1,,-,-,-,AZR*,-
2023,0,2023040,3,24,Alexander Albon,23,Williams,#37BEDD,5,5.0,-,1.0,,,1,,-,-,-,AZR*,-
2023,0,2023040,3,24,Alexander Albon,23,Williams,#37BEDD,6,6.0,-,1.0,,,1,,-,-,-,AZR*,-
2023,0,2023040,3,24,Alexander Albon,23,Williams,#37BEDD,7,7.0,106.018,1.0,,,0,,106.018,-,-0.169,AZR*,-
2023,0,2023040,3,24,Alexander Albon,23,Williams,#37BEDD,8,8.0,105.38,1.0,,,0,105.699,105.38,105.699,-0.178,AZR*,-
2023,0,2023040,3,24,Alexander Albon,23,Williams,#37BEDD,9,9.0,105.455,1.0,,,0,105.417,105.455,105.417,0.023,AZR*,-
2023,0,2023040,3,24,Alexander Albon,23,Williams,#37BEDD,10,10.0,104.915,1.0,,,0,105.185,104.915,105.185,-0.512,AZR*,-
2023,0,2023040,3,24,Alexander Albon,23,Williams,#37BEDD,11,11.0,105.056,1.0,,,0,104.986,105.056,104.986,-0.684,AZR*,-
2023,0,2023040,3,24,Alexander Albon,23,Williams,#37BEDD,12,12.0,106.666,1.0,,,0,105.861,105.433,105.244,1.325,AZR*,-
2023,0,2023040,3,24,Alexander Albon,23,Williams,#37BEDD,13,13.0,105.81,1.0,,,0,106.238,105.81,105.622,0.270,AZR*,-
2023,0,2023040,3,24,Alexander Albon,23,Williams,#37BEDD,14,14.0,105.295,1.0,,,0,105.553,105.295,105.553,-0.261,AZR*,-
2023,0,2023040,3,24,Alexander Albon,23,Williams,#37BEDD,15,15.0,105.592,1.0,,,0,105.444,105.592,105.444,-0.049,AZR*,-
2023,0,2023040,3,24,Alexander Albon,23,Williams,#37BEDD,16,16.0,105.849,1.0,,,0,105.72,105.849,105.72,0.244,AZR*,-
2023,0,2023040,3,24,Alexander Albon,23,Williams,#37BEDD,17,17.0,106.108,1.0,,,0,105.978,106.108,105.978,0.079,AZR*,-
2023,0,2023040,3,28,Oscar Piastri,81,McLaren,#F58020,1,1.0,-,1.0,,,1,,-,-,-,AZR*,-
2023,0,2023040,3,28,Oscar Piastri,81,McLaren,#F58020,2,2.0,-,1.0,,,1,,-,-,-,AZR*,-
2023,0,2023040,3,28,Oscar Piastri,81,McLaren,#F58020,3,3.0,-,1.0,,,1,,-,-,-,AZR*,-
2023,0,2023040,3,28,Oscar Piastri,81,McLaren,#F58020,4,4.0,-,1.0,,,1,,-,-,-,AZR*,-
2023,0,2023040,3,28,Oscar Piastri,81,McLaren,#F58020,5,5.0,-,1.0,,,1,,-,-,-,AZR*,-
2023,0,2023040,3,28,Oscar Piastri,81,McLaren,#F58020,6,6.0,-,1.0,,,1,,-,-,-,AZR*,-
2023,0,2023040,3,28,Oscar Piastri,81,McLaren,#F58020,7,7.0,106.643,1.0,,,0,,106.643,-,0.456,AZR*,0.3805
2023,0,2023040,3,28,Oscar Piastri,81,McLaren,#F58020,8,8.0,104.776,1.0,,,0,105.709,104.776,105.709,-0.782,AZR*,-0.3715
2023,0,2023040,3,28,Oscar Piastri,81,McLaren,#F58020,9,9.0,105.03,1.0,,,0,104.903,105.03,104.903,-0.402,AZR*,0.6575
2023,0,2023040,3,28,Oscar Piastri,81,McLaren,#F58020,10,10.0,104.833,1.0,,,0,104.932,104.833,104.932,-0.594,AZR*,-
2023,0,2023040,3,28,Oscar Piastri,81,McLaren,#F58020,11,11.0,105.409,1.0,,,0,105.121,105.409,105.121,-0.331,AZR*,-
2023,0,2023040,3,28,Oscar Piastri,81,McLaren,#F58020,12,12.0,105.876,1.0,,,0,105.643,105.876,105.643,0.535,AZR*,0.1315
2023,0,2023040,3,28,Oscar Piastri,81,McLaren,#F58020,13,13.0,105.743,1.0,,,0,105.81,105.743,105.81,0.203,AZR*,-0.3095
2023,0,2023040,3,28,Oscar Piastri,81,McLaren,#F58020,14,14.0,105.551,1.0,,,0,105.647,105.551,105.647,-0.005,AZR*,-0.4175
2023,0,2023040,3,28,Oscar Piastri,81,McLaren,#F58020,15,15.0,105.926,1.0,,,0,105.738,105.926,105.738,0.285,AZR*,-0.43600000000000005
2023,0,2023040,3,28,Oscar Piastri,81,McLaren,#F58020,16,16.0,105.252,1.0,,,0,105.589,105.252,105.589,-0.353,AZR*,-0.5265
2023,0,2023040,3,28,Oscar Piastri,81,McLaren,#F58020,17,17.0,106.404,1.0,,,0,105.828,106.404,105.828,0.375,AZR*,-0.38549999999999995
2023,0,2023040,3,22,Kevin Magnussen,20,Haas F1 Team,#505050,1,1.0,-,1.0,,,1,,-,-,-,AZR*,-
2023,0,2023040,3,22,Kevin Magnussen,20,Haas F1 Team,#505050,2,2.0,-,1.0,,,1,,-,-,-,AZR*,-
2023,0,2023040,3,22,Kevin Magnussen,20,Haas F1 Team,#505050,3,3.0,-,1.0,,,1,,-,-,-,AZR*,-
2023,0,2023040,3,22,Kevin Magnussen,20,Haas F1 Team,#505050,4,4.0,-,1.0,,,1,,-,-,-,AZR*,-
2023,0,2023040,3,22,Kevin Magnussen,20,Haas F1 Team,#505050,5,5.0,-,1.0,,,1,,-,-,-,AZR*,-
2023,0,2023040,3,22,Kevin Magnussen,20,Haas F1 Team,#505050,6,6.0,-,1.0,,,1,,-,-,-,AZR*,-
2023,0,2023040,3,22,Kevin Magnussen,20,Haas F1 Team,#505050,7,7.0,106.602,1.0,,,0,,106.602,-,0.415,AZR*,0.43
2023,0,2023040,3,22,Kevin Magnussen,20,Haas F1 Team,#505050,8,8.0,105.942,1.0,,,0,106.272,105.942,106.272,0.384,AZR*,0.39849999999999997
2023,0,2023040,3,22,Kevin Magnussen,20,Haas F1 Team,#505050,9,9.0,106.188,1.0,,,0,106.065,106.188,106.065,0.756,AZR*,0.843
2023,0,2023040,3,22,Kevin Magnussen,20,Haas F1 Team,#505050,10,10.0,106.635,1.0,,,0,106.412,106.179,106.184,1.208,AZR*,1.1875
2023,0,2023040,3,22,Kevin Magnussen,20,Haas F1 Team,#505050,11,11.0,106.17,1.0,,,0,106.402,106.17,106.174,0.430,AZR*,1.5045000000000002
2023,0,2023040,3,22,Kevin Magnussen,20,Haas F1 Team,#505050,12,12.0,105.767,1.0,,,0,105.968,105.767,105.968,0.426,AZR*,1.6895
2023,0,2023040,3,22,Kevin Magnussen,20,Haas F1 Team,#505050,13,13.0,105.401,1.0,,,0,105.584,105.401,105.584,-0.139,AZR*,2.568
2023,0,2023040,3,22,Kevin Magnussen,20,Haas F1 Team,#505050,14,14.0,105.349,1.0,,,0,105.375,105.349,105.375,-0.207,AZR*,1.3995
2023,0,2023040,3,22,Kevin Magnussen,20,Haas F1 Team,#505050,15,15.0,105.383,1.0,,,0,105.366,105.383,105.366,-0.258,AZR*,1.654
2023,0,2023040,3,22,Kevin Magnussen,20,Haas F1 Team,#505050,16,16.0,105.542,1.0,,,0,105.462,105.542,105.462,-0.063,AZR*,1.1935
2023,0,2023040,3,22,Kevin Magnussen,20,Haas F1 Team,#505050,17,17.0,106.442,1.0,,,0,105.992,106.442,105.992,0.413,AZR*,1.1175
2023,0,2023040,3,23,Guanyu Zhou,24,Alfa Romeo,#C92D4B,1,1.0,-,1.0,,,1,,-,-,-,AZR*,-
2023,0,2023040,3,23,Guanyu Zhou,24,Alfa Romeo,#C92D4B,2,2.0,-,1.0,,,1,,-,-,-,AZR*,-
2023,0,2023040,3,23,Guanyu Zhou,24,Alfa Romeo,#C92D4B,3,3.0,-,1.0,,,1,,-,-,-,AZR*,-
2023,0,2023040,3,23,Guanyu Zhou,24,Alfa Romeo,#C92D4B,4,4.0,-,1.0,,,1,,-,-,-,AZR*,-
2023,0,2023040,3,23,Guanyu Zhou,24,Alfa Romeo,#C92D4B,5,5.0,-,1.0,,,1,,-,-,-,AZR*,-
2023,0,2023040,3,23,Guanyu Zhou,24,Alfa Romeo,#C92D4B,6,6.0,-,1.0,,,1,,-,-,-,AZR*,-
2023,0,2023040,3,23,Guanyu Zhou,24,Alfa Romeo,#C92D4B,7,7.0,107.331,1.0,,,0,,107.331,-,1.144,AZR*,1.1280000000000001
2023,0,2023040,3,23,Guanyu Zhou,24,Alfa Romeo,#C92D4B,8,8.0,106.48,1.0,,,0,106.906,106.48,106.906,0.922,AZR*,0.8485
2023,0,2023040,3,23,Guanyu Zhou,24,Alfa Romeo,#C92D4B,9,9.0,106.107,1.0,,,0,106.294,106.107,106.294,0.675,AZR*,0.76
2023,0,2023040,3,23,Guanyu Zhou,24,Alfa Romeo,#C92D4B,10,10.0,108.427,1.0,,,0,107.267,106.148,106.128,3.000,AZR*,3.372
2023,0,2023040,3,23,Guanyu Zhou,24,Alfa Romeo,#C92D4B,11,11.0,106.189,1.0,,,0,107.308,106.189,106.168,0.449,AZR*,1.7029999999999998
2023,0,2023040,3,23,Guanyu Zhou,24,Alfa Romeo,#C92D4B,12,12.0,105.915,1.0,,,0,106.052,105.915,106.052,0.574,AZR*,1.2289999999999999
2023,0,2023040,3,23,Guanyu Zhou,24,Alfa Romeo,#C92D4B,13,13.0,106.384,1.0,,,0,106.15,106.029,105.972,0.844,AZR*,1.417
2023,0,2023040,3,23,Guanyu Zhou,24,Alfa Romeo,#C92D4B,14,14.0,106.142,1.0,,,0,106.263,106.142,106.085,0.586,AZR*,2.2595
2023,0,2023040,3,23,Guanyu Zhou,24,Alfa Romeo,#C92D4B,15,15.0,105.988,1.0,,,0,106.065,105.988,106.065,0.347,AZR*,1.708
2023,0,2023040,3,23,Guanyu Zhou,24,Alfa Romeo,#C92D4B,16,16.0,105.766,1.0,,,0,105.877,105.766,105.877,0.161,AZR*,1.2755
2023,0,2023040,3,23,Guanyu Zhou,24,Alfa Romeo,#C92D4B,17,17.0,106.049,1.0,,,0,105.908,106.049,105.908,0.020,AZR*,0.9475
2023,0,2023040,3,17,Pierre Gasly,10,Alpine,#2293D1,1,1.0,-,1.0,,,1,,-,-,-,AZR*,-
2023,0,2023040,3,17,Pierre Gasly,10,Alpine,#2293D1,2,2.0,-,1.0,,,1,,-,-,-,AZR*,-
2023,0,2023040,3,17,Pierre Gasly,10,Alpine,#2293D1,3,3.0,-,1.0,,,1,,-,-,-,AZR*,-
2023,0,2023040,3,17,Pierre Gasly,10,Alpine,#2293D1,4,4.0,-,1.0,,,1,,-,-,-,AZR*,-
2023,0,2023040,3,17,Pierre Gasly,10,Alpine,#2293D1,5,5.0,-,1.0,,,1,,-,-,-,AZR*,-
2023,0,2023040,3,17,Pierre Gasly,10,Alpine,#2293D1,6,6.0,-,1.0,,,1,,-,-,-,AZR*,-
2023,0,2023040,3,17,Pierre Gasly,10,Alpine,#2293D1,7,7.0,107.225,1.0,,,0,,107.225,-,1.038,AZR*,1.2475
2023,0,2023040,3,17,Pierre Gasly,10,Alpine,#2293D1,8,8.0,106.585,1.0,,,0,106.905,106.585,106.905,1.027,AZR*,1.3185
2023,0,2023040,3,17,Pierre Gasly,10,Alpine,#2293D1,9,9.0,106.111,1.0,,,0,106.348,106.111,106.348,0.679,AZR*,0.775
2023,0,2023040,3,17,Pierre Gasly,10,Alpine,#2293D1,10,10.0,108.049,1.0,,,0,107.08,106.434,106.273,2.622,AZR*,2.2199999999999998
2023,0,2023040,3,17,Pierre Gasly,10,Alpine,#2293D1,11,11.0,106.757,1.0,,,0,107.403,106.757,106.596,1.017,AZR*,2.0140000000000002
2023,0,2023040,3,17,Pierre Gasly,10,Alpine,#2293D1,12,12.0,105.883,1.0,,,0,106.32,105.883,106.32,0.542,AZR*,-
2023,0,2023040,3,17,Pierre Gasly,10,Alpine,#2293D1,13,13.0,106.161,1.0,,,0,106.022,106.161,106.022,0.621,AZR*,-
2023,0,2023040,3,17,Pierre Gasly,10,Alpine,#2293D1,14,14.0,106.282,1.0,,,0,106.221,106.282,106.221,0.726,AZR*,0.27899999999999997
2023,0,2023040,3,17,Pierre Gasly,10,Alpine,#2293D1,15,15.0,106.1,1.0,,,0,106.191,106.1,106.191,0.459,AZR*,-0.04600000000000001
2023,0,2023040,3,17,Pierre Gasly,10,Alpine,#2293D1,16,16.0,106.206,1.0,,,0,106.153,106.206,106.153,0.601,AZR*,0.1455
2023,0,2023040,3,17,Pierre Gasly,10,Alpine,#2293D1,17,17.0,107.284,1.0,,,0,106.745,107.284,106.745,1.255,AZR*,0.30149999999999993
2023,0,2023040,3,26,Nyck De Vries,21,Alpha Tauri,#5E8FAA,1,1.0,-,1.0,,,1,,-,-,-,AZR*,-
2023,0,2023040,3,26,Nyck De Vries,21,Alpha Tauri,#5E8FAA,2,2.0,-,1.0,,,1,,-,-,-,AZR*,-
2023,0,2023040,3,26,Nyck De Vries,21,Alpha Tauri,#5E8FAA,3,3.0,-,1.0,,,1,,-,-,-,AZR*,-
2023,0,2023040,3,26,Nyck De Vries,21,Alpha Tauri,#5E8FAA,4,4.0,-,1.0,,,1,,-,-,-,AZR*,-
2023,0,2023040,3,26,Nyck De Vries,21,Alpha Tauri,#5E8FAA,5,5.0,-,1.0,,,1,,-,-,-,AZR*,-
2023,0,2023040,3,26,Nyck De Vries,21,Alpha Tauri,#5E8FAA,6,6.0,-,1.0,,,1,,-,-,-,AZR*,-
2023,0,2023040,3,26,Nyck De Vries,21,Alpha Tauri,#5E8FAA,7,7.0,107.71,1.0,,,0,,107.71,-,1.523,AZR*,-
2023,0,2023040,3,26,Nyck De Vries,21,Alpha Tauri,#5E8FAA,8,8.0,106.717,1.0,,,0,107.214,106.717,107.214,1.159,AZR*,-
2023,0,2023040,3,26,Nyck De Vries,21,Alpha Tauri,#5E8FAA,9,9.0,106.292,1.0,,,0,106.504,106.292,106.504,0.860,AZR*,-
2023,0,2023040,3,26,Nyck De Vries,21,Alpha Tauri,#5E8FAA,10,10.0,107.976,1.0,,,0,107.134,107.976,107.134,2.549,AZR*,-
2023,0,2023040,3,26,Nyck De Vries,21,Alpha Tauri,#5E8FAA,11,11.0,108.765,1.0,,,0,108.37,108.765,108.37,3.025,AZR*,-
2023,0,2023040,3,26,Nyck De Vries,21,Alpha Tauri,#5E8FAA,12,12.0,106.326,1.0,,,0,107.546,106.326,107.546,0.985,AZR*,-
2023,0,2023040,3,26,Nyck De Vries,21,Alpha Tauri,#5E8FAA,13,13.0,107.38,1.0,,,0,106.853,107.38,106.853,1.840,AZR*,-
2023,0,2023040,3,26,Nyck De Vries,21,Alpha Tauri,#5E8FAA,14,14.0,107.535,1.0,,,0,107.458,107.535,107.458,1.979,AZR*,-
2023,0,2023040,3,26,Nyck De Vries,21,Alpha Tauri,#5E8FAA,15,15.0,106.618,1.0,,,0,107.076,106.618,107.076,0.977,AZR*,-
2023,0,2023040,3,26,Nyck De Vries,21,Alpha Tauri,#5E8FAA,16,16.0,105.804,1.0,,,0,106.211,105.804,106.211,0.199,AZR*,-
2023,0,2023040,3,26,Nyck De Vries,21,Alpha Tauri,#5E8FAA,17,17.0,105.768,1.0,,,0,105.786,105.768,105.786,-0.261,AZR*,-
2023,0,2023040,3,25,Nico Hulkenberg,27,Haas F1 Team,#505050,1,1.0,-,1.0,,,1,,-,-,-,AZR*,-
2023,0,2023040,3,25,Nico Hulkenberg,27,Haas F1 Team,#505050,2,2.0,-,1.0,,,1,,-,-,-,AZR*,-
2023,0,2023040,3,25,Nico Hulkenberg,27,Haas F1 Team,#505050,3,3.0,-,1.0,,,1,,-,-,-,AZR*,-
2023,0,2023040,3,25,Nico Hulkenberg,27,Haas F1 Team,#505050,4,4.0,-,1.0,,,1,,-,-,-,AZR*,-
2023,0,2023040,3,25,Nico Hulkenberg,27,Haas F1 Team,#505050,5,5.0,-,1.0,,,1,,-,-,-,AZR*,-
2023,0,2023040,3,25,Nico Hulkenberg,27,Haas F1 Team,#505050,6,6.0,-,1.0,,,1,,-,-,-,AZR*,-
2023,0,2023040,3,25,Nico Hulkenberg,27,Haas F1 Team,#505050,7,7.0,106.632,1.0,,,0,,106.632,-,0.445,AZR*,0.43
2023,0,2023040,3,25,Nico Hulkenberg,27,Haas F1 Team,#505050,8,8.0,105.971,1.0,,,0,106.302,105.971,106.302,0.413,AZR*,0.39849999999999997
2023,0,2023040,3,25,Nico Hulkenberg,27,Haas F1 Team,#505050,9,9.0,106.362,1.0,,,0,106.166,106.362,106.166,0.930,AZR*,0.843
2023,0,2023040,3,25,Nico Hulkenberg,27,Haas F1 Team,#505050,10,10.0,106.594,1.0,,,0,106.478,106.594,106.478,1.167,AZR*,1.1875
2023,0,2023040,3,25,Nico Hulkenberg,27,Haas F1 Team,#505050,11,11.0,108.319,1.0,,,0,107.456,107.444,107.019,2.579,AZR*,1.5045000000000002
2023,0,2023040,3,25,Nico Hulkenberg,27,Haas F1 Team,#505050,12,12.0,108.294,1.0,,,0,108.306,108.294,107.869,2.953,AZR*,1.6895
2023,0,2023040,3,25,Nico Hulkenberg,27,Haas F1 Team,#505050,13,13.0,110.815,1.0,,,0,109.554,108.428,108.361,5.275,AZR*,2.568
2023,0,2023040,3,25,Nico Hulkenberg,27,Haas F1 Team,#505050,14,14.0,108.562,1.0,,,0,109.688,108.562,108.495,3.006,AZR*,1.3995
2023,0,2023040,3,25,Nico Hulkenberg,27,Haas F1 Team,#505050,15,15.0,109.207,1.0,,,0,108.884,109.207,108.884,3.566,AZR*,1.654
2023,0,2023040,3,25,Nico Hulkenberg,27,Haas F1 Team,#505050,16,16.0,108.055,1.0,,,0,108.631,108.055,108.631,2.450,AZR*,1.1935
2023,0,2023040,3,25,Nico Hulkenberg,27,Haas F1 Team,#505050,17,17.0,107.851,1.0,,,0,107.953,107.851,107.953,1.822,AZR*,1.1175
2023,0,2023040,3,3,Valtteri Bottas,77,Alfa Romeo,#C92D4B,1,1.0,-,1.0,,,1,,-,-,-,AZR*,-
2023,0,2023040,3,3,Valtteri Bottas,77,Alfa Romeo,#C92D4B,2,2.0,-,1.0,,,1,,-,-,-,AZR*,-
2023,0,2023040,3,3,Valtteri Bottas,77,Alfa Romeo,#C92D4B,3,3.0,-,1.0,,,1,,-,-,-,AZR*,-
2023,0,2023040,3,3,Valtteri Bottas,77,Alfa Romeo,#C92D4B,4,4.0,-,1.0,,,1,,-,-,-,AZR*,-
2023,0,2023040,3,3,Valtteri Bottas,77,Alfa Romeo,#C92D4B,5,5.0,-,1.0,,,1,,-,-,-,AZR*,-
2023,0,2023040,3,3,Valtteri Bottas,77,Alfa Romeo,#C92D4B,6,6.0,-,1.0,,,1,,-,-,-,AZR*,-
2023,0,2023040,3,3,Valtteri Bottas,77,Alfa Romeo,#C92D4B,7,7.0,107.299,1.0,,,0,,107.299,-,1.112,AZR*,1.1280000000000001
2023,0,2023040,3,3,Valtteri Bottas,77,Alfa Romeo,#C92D4B,8,8.0,106.333,1.0,,,0,106.816,106.333,106.816,0.775,AZR*,0.8485
2023,0,2023040,3,3,Valtteri Bottas,77,Alfa Romeo,#C92D4B,9,9.0,106.277,1.0,,,0,106.305,106.277,106.305,0.845,AZR*,0.76
2023,0,2023040,3,3,Valtteri Bottas,77,Alfa Romeo,#C92D4B,10,10.0,109.171,1.0,,,0,107.724,107.487,106.882,3.744,AZR*,3.372
2023,0,2023040,3,3,Valtteri Bottas,77,Alfa Romeo,#C92D4B,11,11.0,108.697,1.0,,,0,108.934,108.697,108.092,2.957,AZR*,1.7029999999999998
2023,0,2023040,3,3,Valtteri Bottas,77,Alfa Romeo,#C92D4B,12,12.0,107.225,1.0,,,0,107.961,107.225,107.961,1.884,AZR*,1.2289999999999999
2023,0,2023040,3,3,Valtteri Bottas,77,Alfa Romeo,#C92D4B,13,13.0,107.53,1.0,,,0,107.378,107.53,107.378,1.990,AZR*,1.417
2023,0,2023040,3,3,Valtteri Bottas,77,Alfa Romeo,#C92D4B,14,14.0,109.489,1.0,,,0,108.51,108.12,107.825,3.933,AZR*,2.2595
2023,0,2023040,3,3,Valtteri Bottas,77,Alfa Romeo,#C92D4B,15,15.0,108.71,1.0,,,0,109.1,108.71,108.415,3.069,AZR*,1.708
2023,0,2023040,3,3,Valtteri Bottas,77,Alfa Romeo,#C92D4B,16,16.0,107.995,1.0,,,0,108.352,107.995,108.352,2.390,AZR*,1.2755
2023,0,2023040,3,3,Valtteri Bottas,77,Alfa Romeo,#C92D4B,17,17.0,107.904,1.0,,,0,107.95,107.904,107.95,1.875,AZR*,0.9475
2023,0,2023040,3,4,Lando Norris,4,McLaren,#F58020,1,1.0,-,1.0,,,1,,-,-,-,AZR*,-
2023,0,2023040,3,4,Lando Norris,4,McLaren,#F58020,2,2.0,-,1.0,,,1,,-,-,-,AZR*,-
2023,0,2023040,3,4,Lando Norris,4,McLaren,#F58020,3,3.0,-,1.0,,,1,,-,-,-,AZR*,-
2023,0,2023040,3,4,Lando Norris,4,McLaren,#F58020,4,4.0,-,1.0,,,1,,-,-,-,AZR*,-
2023,0,2023040,3,4,Lando Norris,4,McLaren,#F58020,5,5.0,-,1.0,,,1,,-,-,-,AZR*,-
2023,0,2023040,3,4,Lando Norris,4,McLaren,#F58020,6,6.0,-,1.0,,,1,,-,-,-,AZR*,-
2023,0,2023040,3,4,Lando Norris,4,McLaren,#F58020,7,7.0,106.492,1.0,,,0,,106.492,-,0.305,AZR*,0.3805
2023,0,2023040,3,4,Lando Norris,4,McLaren,#F58020,8,8.0,105.597,1.0,,,0,106.044,105.597,106.044,0.039,AZR*,-0.3715
2023,0,2023040,3,4,Lando Norris,4,McLaren,#F58020,9,9.0,107.149,1.0,,,0,106.373,107.149,106.373,1.717,AZR*,0.6575
2023,0,2023040,3,4,Lando Norris,4,McLaren,#F58020,10,10.0,-,1.0,,0 days 01:06:50.953000,1,,-,-,-,AZR*,-
2023,0,2023040,3,4,Lando Norris,4,McLaren,#F58020,11,11.0,-,2.0,0 days 01:07:12.422000,,1,,-,-,-,AZR*,-
2023,0,2023040,3,4,Lando Norris,4,McLaren,#F58020,12,12.0,105.069,2.0,,,0,,105.069,-,-0.272,AZR*,0.1315
2023,0,2023040,3,4,Lando Norris,4,McLaren,#F58020,13,13.0,104.718,2.0,,,0,104.894,104.718,104.894,-0.822,AZR*,-0.3095
2023,0,2023040,3,4,Lando Norris,4,McLaren,#F58020,14,14.0,104.726,2.0,,,0,104.722,104.726,104.722,-0.830,AZR*,-0.4175
2023,0,2023040,3,4,Lando Norris,4,McLaren,#F58020,15,15.0,104.484,2.0,,,0,104.605,104.484,104.605,-1.157,AZR*,-0.43600000000000005
2023,0,2023040,3,4,Lando Norris,4,McLaren,#F58020,16,16.0,104.905,2.0,,,0,104.694,104.684,104.584,-0.700,AZR*,-0.5265
2023,0,2023040,3,4,Lando Norris,4,McLaren,#F58020,17,17.0,104.883,2.0,,,0,104.894,104.883,104.783,-1.146,AZR*,-0.38549999999999995
2023,0,2023040,3,13,Esteban Ocon,31,Alpine,#2293D1,1,1.0,-,2.0,0 days 00:45:29.343000,,1,,-,-,-,AZR*,-
2023,0,2023040,3,13,Esteban Ocon,31,Alpine,#2293D1,2,2.0,-,2.0,,,1,,-,-,-,AZR*,-
2023,0,2023040,3,13,Esteban Ocon,31,Alpine,#2293D1,3,3.0,-,2.0,,0 days 00:52:15.542000,1,,-,-,-,AZR*,-
2023,0,2023040,3,13,Esteban Ocon,31,Alpine,#2293D1,4,4.0,-,3.0,0 days 00:52:37.026000,,1,,-,-,-,AZR*,-
2023,0,2023040,3,13,Esteban Ocon,31,Alpine,#2293D1,5,5.0,-,3.0,,,1,,-,-,-,AZR*,-
2023,0,2023040,3,13,Esteban Ocon,31,Alpine,#2293D1,6,6.0,-,3.0,,,1,,-,-,-,AZR*,-
2023,0,2023040,3,13,Esteban Ocon,31,Alpine,#2293D1,7,7.0,107.644,3.0,,,0,,107.644,-,1.457,AZR*,1.2475
2023,0,2023040,3,13,Esteban Ocon,31,Alpine,#2293D1,8,8.0,107.168,3.0,,,0,107.406,107.168,107.406,1.610,AZR*,1.3185
2023,0,2023040,3,13,Esteban Ocon,31,Alpine,#2293D1,9,9.0,106.303,3.0,,,0,106.736,106.303,106.736,0.871,AZR*,0.775
2023,0,2023040,3,13,Esteban Ocon,31,Alpine,#2293D1,10,10.0,107.245,3.0,,,0,106.774,107.245,106.774,1.818,AZR*,2.2199999999999998
2023,0,2023040,3,13,Esteban Ocon,31,Alpine,#2293D1,11,11.0,108.751,3.0,,,0,107.998,108.751,107.998,3.011,AZR*,2.0140000000000002
2023,0,2023040,3,13,Esteban Ocon,31,Alpine,#2293D1,12,12.0,-,3.0,,0 days 01:10:28.951000,1,,-,-,-,AZR*,-
2023,0,2023040,3,13,Esteban Ocon,31,Alpine,#2293D1,13,13.0,-,4.0,0 days 01:10:49.216000,,1,,-,-,-,AZR*,-
2023,0,2023040,3,13,Esteban Ocon,31,Alpine,#2293D1,14,14.0,105.388,4.0,,,0,,105.388,-,-0.168,AZR*,0.27899999999999997
2023,0,2023040,3,13,Esteban Ocon,31,Alpine,#2293D1,15,15.0,105.09,4.0,,,0,105.239,105.09,105.239,-0.551,AZR*,-0.04600000000000001
2023,0,2023040,3,13,Esteban Ocon,31,Alpine,#2293D1,16,16.0,105.295,4.0,,,0,105.192,105.295,105.192,-0.310,AZR*,0.1455
2023,0,2023040,3,13,Esteban Ocon,31,Alpine,#2293D1,17,17.0,105.377,4.0,,,0,105.336,105.377,105.336,-0.652,AZR*,0.30149999999999993
2023,0,2023040,3,9,Yuki Tsunoda,22,Alpha Tauri,#5E8FAA,1,1.0,-,1.0,,0 days 00:48:51.060000,1,,-,-,-,AZR*,-
2023,0,2023040,3,9,Yuki Tsunoda,22,Alpha Tauri,#5E8FAA,2,2.0,-,2.0,0 days 00:49:43.903000,0 days 00:54:32.227000,1,,-,-,-,AZR*,-
2023,0,2023090,9,2,Max Verstappen,1,Red Bull Racing,#3671C6,18,1.0,-,1.0,,,1,,-,-,-,AUT*,-
2023,0,2023090,9,2,Max Verstappen,1,Red Bull Racing,#3671C6,19,2.0,-,1.0,,,1,,-,-,-,AUT*,-
2023,0,2023090,9,2,Max Verstappen,1,Red Bull Racing,#3671C6,20,3.0,78.008,1.0,,,0,,78.008,-,-2.101,AUT*,-1.693
2023,0,2023090,9,2,Max Verstappen,1,Red Bull Racing,#3671C6,21,4.0,77.427,1.0,,,0,77.718,77.427,77.718,-1.521,AUT*,-1.2805
2023,0,2023090,9,2,Max Verstappen,1,Red Bull Racing,#3671C6,22,5.0,76.807,1.0,,,0,77.117,76.807,77.117,-1.591,AUT*,-1.3054999999999999
2023,0,2023090,9,2,Max Verstappen,1,Red Bull Racing,#3671C6,23,6.0,76.547,1.0,,,0,76.677,76.547,76.677,-1.439,AUT*,-1.0735000000000001
2023,0,2023090,9,2,Max Verstappen,1,Red Bull Racing,#3671C6,24,7.0,76.882,1.0,,,0,76.714,76.288,76.417,-0.878,AUT*,-0.9650000000000001
2023,0,2023090,9,2,Max Verstappen,1,Red Bull Racing,#3671C6,25,8.0,76.028,1.0,,,0,76.455,76.028,76.158,-1.650,AUT*,-1.2355
2023,0,2023090,9,2,Max Verstappen,1,Red Bull Racing,#3671C6,26,9.0,75.911,1.0,,,0,75.97,75.911,75.97,-1.606,AUT*,-1.1545
2023,0,2023090,9,2,Max Verstappen,1,Red Bull Racing,#3671C6,27,10.0,75.774,1.0,,,0,75.842,75.774,75.842,-1.594,AUT*,-1.08
2023,0,2023090,9,2,Max Verstappen,1,Red Bull Racing,#3671C6,28,11.0,75.718,1.0,,,0,75.746,75.718,75.746,-1.518,AUT*,-0.9805
2023,0,2023090,9,2,Max Verstappen,1,Red Bull Racing,#3671C6,29,12.0,75.396,1.0,,,0,75.557,75.396,75.557,-1.619,AUT*,-1.3535
2023,0,2023090,9,2,Max Verstappen,1,Red Bull Racing,#3671C6,30,13.0,75.365,1.0,,,0,75.38,75.365,75.38,-1.562,AUT*,-1.42
2023,0,2023090,9,2,Max Verstappen,1,Red Bull Racing,#3671C6,31,14.0,75.163,1.0,,,0,75.264,75.163,75.264,-1.540,AUT*,-1.2115
2023,0,2023090,9,2,Max Verstappen,1,Red Bull Racing,#3671C6,32,15.0,74.992,1.0,,,0,75.078,74.992,75.078,-1.534,AUT*,-1.167
2023,0,2023090,9,2,Max Verstappen,1,Red Bull Racing,#3671C6,33,16.0,75.223,1.0,,,0,75.108,75.223,75.108,-1.292,AUT*,-1.1575
2023,0,2023090,9,2,Max Verstappen,1,Red Bull Racing,#3671C6,34,17.0,74.506,1.0,,,0,74.864,74.506,74.864,-1.451,AUT*,-0.8235
2023,0,2023090,9,2,Max Verstappen,1,Red Bull Racing,#3671C6,35,18.0,74.718,1.0,,,0,74.612,74.718,74.612,-0.591,AUT*,-0.06749999999999998
2023,0,2023090,9,2,Max Verstappen,1,Red Bull Racing,#3671C6,36,19.0,74.292,1.0,,,0,74.505,74.292,74.505,-0.776,AUT*,0.025499999999999967
2023,0,2023090,9,2,Max Verstappen,1,Red Bull Racing,#3671C6,37,20.0,74.426,1.0,,,0,74.359,74.426,74.359,-0.276,AUT*,0.283
2023,0,2023090,9,2,Max Verstappen,1,Red Bull Racing,#3671C6,38,21.0,74.46,1.0,,,0,74.443,74.46,74.443,0.492,AUT*,1.2665
2023,0,2023090,9,2,Max Verstappen,1,Red Bull Racing,#3671C6,39,22.0,74.344,1.0,,,0,74.402,74.344,74.402,0.792,AUT*,1.7854999999999999
2023,0,2023090,9,2,Max Verstappen,1,Red Bull Racing,#3671C6,40,23.0,75.58,1.0,,,0,74.962,75.58,74.962,1.960,AUT*,2.2245
2023,0,2023090,9,2,Max Verstappen,1,Red Bull Racing,#3671C6,41,24.0,76.025,1.0,,,0,75.803,76.025,75.803,2.237,AUT*,2.3485
2023,0,2023090,9,5,Sergio Perez,11,Red Bull Racing,#3671C6,18,1.0,-,1.0,,,1,,-,-,-,AUT*,-
2023,0,2023090,9,5,Sergio Perez,11,Red Bull Racing,#3671C6,19,2.0,-,1.0,,,1,,-,-,-,AUT*,-
2023,0,2023090,9,5,Sergio Perez,11,Red Bull Racing,#3671C6,20,3.0,78.824,1.0,,,0,,78.824,-,-1.285,AUT*,-1.693
2023,0,2023090,9,5,Sergio Perez,11,Red Bull Racing,#3671C6,21,4.0,77.908,1.0,,,0,78.366,77.908,78.366,-1.040,AUT*,-1.2805
2023,0,2023090,9,5,Sergio Perez,11,Red Bull Racing,#3671C6,22,5.0,77.378,1.0,,,0,77.643,77.378,77.643,-1.020,AUT*,-1.3054999999999999
2023,0,2023090,9,5,Sergio Perez,11,Red Bull Racing,#3671C6,23,6.0,77.278,1.0,,,0,77.328,77.278,77.328,-0.708,AUT*,-1.0735000000000001
2023,0,2023090,9,5,Sergio Perez,11,Red Bull Racing,#3671C6,24,7.0,76.708,1.0,,,0,76.993,76.708,76.993,-1.052,AUT*,-0.9650000000000001
2023,0,2023090,9,5,Sergio Perez,11,Red Bull Racing,#3671C6,25,8.0,76.857,1.0,,,0,76.782,76.857,76.782,-0.821,AUT*,-1.2355
2023,0,2023090,9,5,Sergio Perez,11,Red Bull Racing,#3671C6,26,9.0,76.814,1.0,,,0,76.836,76.814,76.836,-0.703,AUT*,-1.1545
2023,0,2023090,9,5,Sergio Perez,11,Red Bull Racing,#3671C6,27,10.0,76.802,1.0,,,0,76.808,76.802,76.808,-0.566,AUT*,-1.08
2023,0,2023090,9,5,Sergio Perez,11,Red Bull Racing,#3671C6,28,11.0,76.793,1.0,,,0,76.798,76.793,76.798,-0.443,AUT*,-0.9805
2023,0,2023090,9,5,Sergio Perez,11,Red Bull Racing,#3671C6,29,12.0,75.927,1.0,,,0,76.36,75.927,76.36,-1.088,AUT*,-1.3535
2023,0,2023090,9,5,Sergio Perez,11,Red Bull Racing,#3671C6,30,13.0,75.649,1.0,,,0,75.788,75.649,75.788,-1.278,AUT*,-1.42
2023,0,2023090,9,5,Sergio Perez,11,Red Bull Racing,#3671C6,31,14.0,75.82,1.0,,,0,75.734,75.82,75.734,-0.883,AUT*,-1.2115
2023,0,2023090,9,5,Sergio Perez,11,Red Bull Racing,#3671C6,32,15.0,75.726,1.0,,,0,75.773,75.726,75.773,-0.800,AUT*,-1.167
2023,0,2023090,9,5,Sergio Perez,11,Red Bull Racing,#3671C6,33,16.0,75.492,1.0,,,0,75.609,75.492,75.609,-1.023,AUT*,-1.1575
2023,0,2023090,9,5,Sergio Perez,11,Red Bull Racing,#3671C6,34,17.0,75.761,1.0,,,0,75.626,75.761,75.626,-0.196,AUT*,-0.8235
2023,0,2023090,9,5,Sergio Perez,11,Red Bull Racing,#3671C6,35,18.0,75.765,1.0,,,0,75.763,75.765,75.763,0.456,AUT*,-0.06749999999999998
2023,0,2023090,9,5,Sergio Perez,11,Red Bull Racing,#3671C6,36,19.0,75.895,1.0,,,0,75.83,75.895,75.83,0.827,AUT*,0.025499999999999967
2023,0,2023090,9,5,Sergio Perez,11,Red Bull Racing,#3671C6,37,20.0,75.544,1.0,,,0,75.72,75.544,75.72,0.842,AUT*,0.283
2023,0,2023090,9,5,Sergio Perez,11,Red Bull Racing,#3671C6,38,21.0,76.009,1.0,,,0,75.776,76.009,75.776,2.041,AUT*,1.2665
2023,0,2023090,9,5,Sergio Perez,11,Red Bull Racing,#3671C6,39,22.0,76.331,1.0,,,0,76.17,76.059,76.034,2.779,AUT*,1.7854999999999999
2023,0,2023090,9,5,Sergio Perez,11,Red Bull Racing,#3671C6,40,23.0,76.109,1.0,,,0,76.22,76.109,76.084,2.489,AUT*,2.2245
2023,0,2023090,9,5,Sergio Perez,11,Red Bull Racing,#3671C6,41,24.0,76.248,1.0,,,0,76.178,76.248,76.178,2.460,AUT*,2.3485
2023,0,2023090,9,8,Carlos Sainz,55,Ferrari,#CC1400,18,1.0,-,1.0,,,1,,-,-,-,AUT*,-
2023,0,2023090,9,8,Carlos Sainz,55,Ferrari,#CC1400,19,2.0,-,1.0,,,1,,-,-,-,AUT*,-
2023,0,2023090,9,8,Carlos Sainz,55,Ferrari,#CC1400,20,3.0,78.766,1.0,,,0,,78.766,-,-1.343,AUT*,-0.815
2023,0,2023090,9,8,Carlos Sainz,55,Ferrari,#CC1400,21,4.0,77.8,1.0,,,0,78.283,77.8,78.283,-1.148,AUT*,-0.592
2023,0,2023090,9,8,Carlos Sainz,55,Ferrari,#CC1400,22,5.0,77.576,1.0,,,0,77.688,77.576,77.688,-0.822,AUT*,-0.593
2023,0,2023090,9,8,Carlos Sainz,55,Ferrari,#CC1400,23,6.0,77.193,1.0,,,0,77.384,77.193,77.384,-0.793,AUT*,-0.22000000000000003
2023,0,2023090,9,8,Carlos Sainz,55,Ferrari,#CC1400,24,7.0,76.92,1.0,,,0,77.056,76.92,77.056,-0.840,AUT*,-0.6925
2023,0,2023090,9,8,Carlos Sainz,55,Ferrari,#CC1400,25,8.0,76.685,1.0,,,0,76.803,76.685,76.803,-0.993,AUT*,-0.601
2023,0,2023090,9,8,Carlos Sainz,55,Ferrari,#CC1400,26,9.0,76.956,1.0,,,0,76.821,76.714,76.7,-0.561,AUT*,-0.2625
2023,0,2023090,9,8,Carlos Sainz,55,Ferrari,#CC1400,27,10.0,76.743,1.0,,,0,76.85,76.743,76.728,-0.625,AUT*,-0.057499999999999996
2023,0,2023090,9,8,Carlos Sainz,55,Ferrari,#CC1400,28,11.0,76.625,1.0,,,0,76.684,76.625,76.684,-0.611,AUT*,0.013000000000000012
2023,0,2023090,9,8,Carlos Sainz,55,Ferrari,#CC1400,29,12.0,76.809,1.0,,,0,76.717,76.809,76.717,-0.206,AUT*,0.0050000000000000044
2023,0,2023090,9,8,Carlos Sainz,55,Ferrari,#CC1400,30,13.0,76.046,1.0,,,0,76.428,76.046,76.428,-0.881,AUT*,-0.8085
2023,0,2023090,9,8,Carlos Sainz,55,Ferrari,#CC1400,31,14.0,75.818,1.0,,,0,75.932,75.818,75.932,-0.885,AUT*,-0.28
2023,0,2023090,9,8,Carlos Sainz,55,Ferrari,#CC1400,32,15.0,75.839,1.0,,,0,75.828,75.839,75.828,-0.687,AUT*,-0.14150000000000001
2023,0,2023090,9,8,Carlos Sainz,55,Ferrari,#CC1400,33,16.0,75.457,1.0,,,0,75.648,75.457,75.648,-1.058,AUT*,-0.551
2023,0,2023090,9,8,Carlos Sainz,55,Ferrari,#CC1400,34,17.0,75.5,1.0,,,0,75.478,75.5,75.478,-0.457,AUT*,-0.21100000000000002
2023,0,2023090,9,8,Carlos Sainz,55,Ferrari,#CC1400,35,18.0,76.048,1.0,,,0,75.774,75.7,75.6,0.739,AUT*,-
2023,0,2023090,9,8,Carlos Sainz,55,Ferrari,#CC1400,36,19.0,75.899,1.0,,,0,75.974,75.899,75.799,0.831,AUT*,-
2023,0,2023090,9,8,Carlos Sainz,55,Ferrari,#CC1400,37,20.0,75.847,1.0,,,0,75.873,75.847,75.873,1.145,AUT*,1.0225
2023,0,2023090,9,8,Carlos Sainz,55,Ferrari,#CC1400,38,21.0,76.079,1.0,,,0,75.963,76.079,75.963,2.111,AUT*,0.2975000000000001
2023,0,2023090,9,8,Carlos Sainz,55,Ferrari,#CC1400,39,22.0,75.888,1.0,,,0,75.983,75.888,75.983,2.336,AUT*,0.6789999999999999
2023,0,2023090,9,8,Carlos Sainz,55,Ferrari,#CC1400,40,23.0,76.157,1.0,,,0,76.023,75.909,75.899,2.537,AUT*,0.4455
2023,0,2023090,9,8,Carlos Sainz,55,Ferrari,#CC1400,41,24.0,75.93,1.0,,,0,76.044,75.93,75.92,2.142,AUT*,-0.48
2023,0,2023090,9,10,Lance Stroll,18,Aston Martin,#358C75,18,1.0,-,1.0,,,1,,-,-,-,AUT*,-
2023,0,2023090,9,10,Lance Stroll,18,Aston Martin,#358C75,19,2.0,-,1.0,,,1,,-,-,-,AUT*,-
2023,0,2023090,9,10,Lance Stroll,18,Aston Martin,#358C75,20,3.0,79.135,1.0,,,0,,79.135,-,-0.974,AUT*,-0.7195
2023,0,2023090,9,10,Lance Stroll,18,Aston Martin,#358C75,21,4.0,78.012,1.0,,,0,78.574,78.012,78.574,-0.936,AUT*,-0.6385000000000001
2023,0,2023090,9,10,Lance Stroll,18,Aston Martin,#358C75,22,5.0,77.827,1.0,,,0,77.92,77.827,77.92,-0.571,AUT*,-0.6779999999999999
2023,0,2023090,9,10,Lance Stroll,18,Aston Martin,#358C75,23,6.0,77.7,1.0,,,0,77.764,77.7,77.764,-0.286,AUT*,-0.45599999999999996
2023,0,2023090,9,10,Lance Stroll,18,Aston Martin,#358C75,24,7.0,77.044,1.0,,,0,77.372,77.044,77.372,-0.716,AUT*,-0.7635000000000001
2023,0,2023090,9,10,Lance Stroll,18,Aston Martin,#358C75,25,8.0,77.091,1.0,,,0,77.068,77.091,77.068,-0.587,AUT*,-0.39799999999999996
2023,0,2023090,9,10,Lance Stroll,18,Aston Martin,#358C75,26,9.0,76.802,1.0,,,0,76.946,76.802,76.946,-0.715,AUT*,-0.5015
2023,0,2023090,9,10,Lance Stroll,18,Aston Martin,#358C75,27,10.0,77.063,1.0,,,0,76.932,77.063,76.932,-0.305,AUT*,-0.39749999999999996
2023,0,2023090,9,10,Lance Stroll,18,Aston Martin,#358C75,28,11.0,76.949,1.0,,,0,77.006,76.949,77.006,-0.287,AUT*,-0.5055
2023,0,2023090,9,10,Lance Stroll,18,Aston Martin,#358C75,29,12.0,76.569,1.0,,,0,76.759,76.569,76.759,-0.446,AUT*,-0.606
2023,0,2023090,9,10,Lance Stroll,18,Aston Martin,#358C75,30,13.0,76.422,1.0,,,0,76.496,76.422,76.496,-0.505,AUT*,-0.6025
2023,0,2023090,9,10,Lance Stroll,18,Aston Martin,#358C75,31,14.0,76.282,1.0,,,0,76.352,76.282,76.352,-0.421,AUT*,-0.5625
2023,0,2023090,9,10,Lance Stroll,18,Aston Martin,#358C75,32,15.0,76.209,1.0,,,0,76.246,76.209,76.246,-0.317,AUT*,-0.3115
2023,0,2023090,9,10,Lance Stroll,18,Aston Martin,#358C75,33,16.0,76.009,1.0,,,0,76.109,76.009,76.109,-0.506,AUT*,-0.4185
2023,0,2023090,9,10,Lance Stroll,18,Aston Martin,#358C75,34,17.0,75.919,1.0,,,0,75.964,75.919,75.964,-0.038,AUT*,0.539
2023,0,2023090,9,10,Lance Stroll,18,Aston Martin,#358C75,35,18.0,76.31,1.0,,,0,76.114,75.88,75.899,1.001,AUT*,0.33499999999999996
2023,0,2023090,9,10,Lance Stroll,18,Aston Martin,#358C75,36,19.0,75.84,1.0,,,0,76.075,75.84,75.86,0.772,AUT*,0.7885
2023,0,2023090,9,10,Lance Stroll,18,Aston Martin,#358C75,37,20.0,75.693,1.0,,,0,75.767,75.693,75.767,0.991,AUT*,0.9864999999999999
2023,0,2023090,9,10,Lance Stroll,18,Aston Martin,#358C75,38,21.0,75.863,1.0,,,0,75.778,75.863,75.778,1.895,AUT*,1.8519999999999999
2023,0,2023090,9,10,Lance Stroll,18,Aston Martin,#358C75,39,22.0,76.195,1.0,,,0,76.029,76.195,76.029,2.643,AUT*,2.6174999999999997
2023,0,2023090,9,10,Lance Stroll,18,Aston Martin,#358C75,40,23.0,75.531,1.0,,,0,75.863,75.531,75.863,1.911,AUT*,1.9575
2023,0,2023090,9,10,Lance Stroll,18,Aston Martin,#358C75,41,24.0,77.075,1.0,,,0,76.303,77.075,76.303,3.287,AUT*,3.24
2023,0,2023090,9,19,Fernando Alonso,14,Aston Martin,#358C75,18,1.0,-,1.0,,,1,,-,-,-,AUT*,-
2023,0,2023090,9,19,Fernando Alonso,14,Aston Martin,#358C75,19,2.0,-,1.0,,,1,,-,-,-,AUT*,-
2023,0,2023090,9,19,Fernando Alonso,14,Aston Martin,#358C75,20,3.0,79.644,1.0,,,0,,79.644,-,-0.465,AUT*,-0.7195
2023,0,2023090,9,19,Fernando Alonso,14,Aston Martin,#358C75,21,4.0,78.607,1.0,,,0,79.126,78.607,79.126,-0.341,AUT*,-0.6385000000000001
2023,0,2023090,9,19,Fernando Alonso,14,Aston Martin,#358C75,22,5.0,77.613,1.0,,,0,78.11,77.613,78.11,-0.785,AUT*,-0.6779999999999999
2023,0,2023090,9,19,Fernando Alonso,14,Aston Martin,#358C75,23,6.0,77.36,1.0,,,0,77.486,77.36,77.486,-0.626,AUT*,-0.45599999999999996
2023,0,2023090,9,19,Fernando Alonso,14,Aston Martin,#358C75,24,7.0,76.949,1.0,,,0,77.154,76.949,77.154,-0.811,AUT*,-0.7635000000000001
2023,0,2023090,9,19,Fernando Alonso,14,Aston Martin,#358C75,25,8.0,77.469,1.0,,,0,77.209,77.089,77.019,-0.209,AUT*,-0.39799999999999996
2023,0,2023090,9,19,Fernando Alonso,14,Aston Martin,#358C75,26,9.0,77.229,1.0,,,0,77.349,77.229,77.159,-0.288,AUT*,-0.5015
2023,0,2023090,9,19,Fernando Alonso,14,Aston Martin,#358C75,27,10.0,76.878,1.0,,,0,77.054,76.878,77.054,-0.490,AUT*,-0.39749999999999996
2023,0,2023090,9,19,Fernando Alonso,14,Aston Martin,#358C75,28,11.0,76.512,1.0,,,0,76.695,76.512,76.695,-0.724,AUT*,-0.5055
2023,0,2023090,9,19,Fernando Alonso,14,Aston Martin,#358C75,29,12.0,76.249,1.0,,,0,76.38,76.249,76.38,-0.766,AUT*,-0.606
2023,0,2023090,9,19,Fernando Alonso,14,Aston Martin,#358C75,30,13.0,76.227,1.0,,,0,76.238,76.227,76.238,-0.700,AUT*,-0.6025
2023,0,2023090,9,19,Fernando Alonso,14,Aston Martin,#358C75,31,14.0,75.999,1.0,,,0,76.113,75.999,76.113,-0.704,AUT*,-0.5625
2023,0,2023090,9,19,Fernando Alonso,14,Aston Martin,#358C75,32,15.0,76.22,1.0,,,0,76.11,76.22,76.11,-0.306,AUT*,-0.3115
2023,0,2023090,9,19,Fernando Alonso,14,Aston Martin,#358C75,33,16.0,76.184,1.0,,,0,76.202,76.184,76.202,-0.331,AUT*,-0.4185
2023,0,2023090,9,19,Fernando Alonso,14,Aston Martin,#358C75,34,17.0,77.073,1.0,,,0,76.628,75.581,75.882,1.116,AUT*,0.539
2023,0,2023090,9,19,Fernando Alonso,14,Aston Martin,#358C75,35,18.0,74.978,1.0,,,0,76.026,74.978,75.279,-0.331,AUT*,0.33499999999999996
2023,0,2023090,9,19,Fernando Alonso,14,Aston Martin,#358C75,36,19.0,75.873,1.0,,,0,75.426,75.331,75.154,0.805,AUT*,0.7885
2023,0,2023090,9,19,Fernando Alonso,14,Aston Martin,#358C75,37,20.0,75.684,1.0,,,0,75.779,75.684,75.508,0.982,AUT*,0.9864999999999999
2023,0,2023090,9,19,Fernando Alonso,14,Aston Martin,#358C75,38,21.0,75.777,1.0,,,0,75.73,75.777,75.73,1.809,AUT*,1.8519999999999999
2023,0,2023090,9,19,Fernando Alonso,14,Aston Martin,#358C75,39,22.0,76.144,1.0,,,0,75.96,76.144,75.96,2.592,AUT*,2.6174999999999997
2023,0,2023090,9,19,Fernando Alonso,14,Aston Martin,#358C75,40,23.0,75.624,1.0,,,0,75.884,75.624,75.884,2.004,AUT*,1.9575
2023,0,2023090,9,19,Fernando Alonso,14,Aston Martin,#358C75,41,24.0,76.981,1.0,,,0,76.302,76.981,76.302,3.193,AUT*,3.24
2023,0,2023090,9,25,Nico Hulkenberg,27,Haas F1 Team,#505050,18,1.0,-,1.0,,,1,,-,-,-,AUT*,-
2023,0,2023090,9,25,Nico Hulkenberg,27,Haas F1 Team,#505050,19,2.0,-,1.0,,,1,,-,-,-,AUT*,-
2023,0,2023090,9,25,Nico Hulkenberg,27,Haas F1 Team,#505050,20,3.0,78.323,1.0,,,0,,78.323,-,-1.786,AUT*,-1.051
2023,0,2023090,9,25,Nico Hulkenberg,27,Haas F1 Team,#505050,21,4.0,77.818,1.0,,,0,78.07,77.818,78.07,-1.130,AUT*,-0.6144999999999999
2023,0,2023090,9,25,Nico Hulkenberg,27,Haas F1 Team,#505050,22,5.0,77.252,1.0,,,0,77.535,77.252,77.535,-1.146,AUT*,-0.5429999999999999
2023,0,2023090,9,25,Nico Hulkenberg,27,Haas F1 Team,#505050,23,6.0,77.24,1.0,,,0,77.246,77.24,77.246,-0.746,AUT*,-0.269
2023,0,2023090,9,25,Nico Hulkenberg,27,Haas F1 Team,#505050,24,7.0,77.734,1.0,,,0,77.487,77.734,77.487,-0.026,AUT*,0.1425
2023,0,2023090,9,25,Nico Hulkenberg,27,Haas F1 Team,#505050,25,8.0,77.063,1.0,,,0,77.398,77.063,77.398,-0.615,AUT*,-0.0030000000000000027
2023,0,2023090,9,25,Nico Hulkenberg,27,Haas F1 Team,#505050,26,9.0,77.026,1.0,,,0,77.044,77.026,77.044,-0.491,AUT*,0.1225
2023,0,2023090,9,25,Nico Hulkenberg,27,Haas F1 Team,#505050,27,10.0,76.894,1.0,,,0,76.96,76.894,76.96,-0.474,AUT*,0.31900000000000006
2023,0,2023090,9,25,Nico Hulkenberg,27,Haas F1 Team,#505050,28,11.0,76.983,1.0,,,0,76.938,76.983,76.938,-0.253,AUT*,0.1975
2023,0,2023090,9,25,Nico Hulkenberg,27,Haas F1 Team,#505050,29,12.0,77.637,1.0,,,0,77.31,77.637,77.31,0.622,AUT*,0.9830000000000001
2023,0,2023090,9,25,Nico Hulkenberg,27,Haas F1 Team,#505050,30,13.0,78.07,1.0,,,0,77.854,78.07,77.854,1.143,AUT*,0.7045
2023,0,2023090,9,25,Nico Hulkenberg,27,Haas F1 Team,#505050,31,14.0,76.775,1.0,,,0,77.422,76.775,77.422,0.072,AUT*,0.208
2023,0,2023090,9,25,Nico Hulkenberg,27,Haas F1 Team,#505050,32,15.0,76.72,1.0,,,0,76.748,76.72,76.748,0.194,AUT*,0.26949999999999996
2023,0,2023090,9,25,Nico Hulkenberg,27,Haas F1 Team,#505050,33,16.0,77.157,1.0,,,0,76.938,77.157,76.938,0.642,AUT*,0.6605000000000001
2023,0,2023090,9,25,Nico Hulkenberg,27,Haas F1 Team,#505050,34,17.0,-,1.0,,0 days 01:03:47.130000,1,,-,-,-,AUT*,-
2023,0,2023090,9,25,Nico Hulkenberg,27,Haas F1 Team,#505050,35,18.0,-,2.0,0 days 01:04:10.411000,,1,,-,-,-,AUT*,-
2023,0,2023090,9,25,Nico Hulkenberg,27,Haas F1 Team,#505050,36,19.0,74.441,2.0,,,0,,74.441,-,-0.627,AUT*,-0.20750000000000002
2023,0,2023090,9,25,Nico Hulkenberg,27,Haas F1 Team,#505050,37,20.0,72.136,2.0,,,0,73.288,72.136,73.288,-2.566,AUT*,-2.2565
2023,0,2023090,9,25,Nico Hulkenberg,27,Haas F1 Team,#505050,38,21.0,71.689,2.0,,,0,71.912,71.689,71.912,-2.279,AUT*,-1.1975
2023,0,2023090,9,25,Nico Hulkenberg,27,Haas F1 Team,#505050,39,22.0,71.361,2.0,,,0,71.525,71.361,71.525,-2.191,AUT*,-1.9909999999999999
2023,0,2023090,9,25,Nico Hulkenberg,27,Haas F1 Team,#505050,40,23.0,71.632,2.0,,,0,71.496,71.632,71.496,-1.988,AUT*,-2.5345
2023,0,2023090,9,25,Nico Hulkenberg,27,Haas F1 Team,#505050,41,24.0,70.18,2.0,,,0,70.906,70.18,70.906,-3.608,AUT*,-3.008
2023,0,2023090,9,13,Esteban Ocon,31,Alpine,#2293D1,18,1.0,-,1.0,,,1,,-,-,-,AUT*,-
2023,0,2023090,9,13,Esteban Ocon,31,Alpine,#2293D1,19,2.0,-,1.0,,,1,,-,-,-,AUT*,-
2023,0,2023090,9,13,Esteban Ocon,31,Alpine,#2293D1,20,3.0,79.857,1.0,,,0,,79.857,-,-0.252,AUT*,0.37849999999999995
2023,0,2023090,9,13,Esteban Ocon,31,Alpine,#2293D1,21,4.0,78.935,1.0,,,0,79.396,78.935,79.396,-0.013,AUT*,0.6000000000000001
2023,0,2023090,9,13,Esteban Ocon,31,Alpine,#2293D1,22,5.0,78.445,1.0,,,0,78.69,78.445,78.69,0.047,AUT*,0.445
2023,0,2023090,9,13,Esteban Ocon,31,Alpine,#2293D1,23,6.0,77.746,1.0,,,0,78.095,77.746,78.095,-0.240,AUT*,0.035
2023,0,2023090,9,13,Esteban Ocon,31,Alpine,#2293D1,24,7.0,77.366,1.0,,,0,77.556,77.366,77.556,-0.394,AUT*,0.1865
2023,0,2023090,9,13,Esteban Ocon,31,Alpine,#2293D1,25,8.0,77.551,1.0,,,0,77.458,77.551,77.458,-0.127,AUT*,0.3475
2023,0,2023090,9,13,Esteban Ocon,31,Alpine,#2293D1,26,9.0,77.763,1.0,,,0,77.657,77.763,77.657,0.246,AUT*,0.4025
2023,0,2023090,9,13,Esteban Ocon,31,Alpine,#2293D1,27,10.0,77.744,1.0,,,0,77.754,77.744,77.754,0.376,AUT*,0.4425
2023,0,2023090,9,13,Esteban Ocon,31,Alpine,#2293D1,28,11.0,77.673,1.0,,,0,77.708,77.673,77.708,0.437,AUT*,0.40249999999999997
2023,0,2023090,9,13,Esteban Ocon,31,Alpine,#2293D1,29,12.0,76.868,1.0,,,0,77.27,76.868,77.27,-0.147,AUT*,0.186
2023,0,2023090,9,13,Esteban Ocon,31,Alpine,#2293D1,30,13.0,77.017,1.0,,,0,76.942,77.017,76.942,0.090,AUT*,0.2785
2023,0,2023090,9,13,Esteban Ocon,31,Alpine,#2293D1,31,14.0,76.61,1.0,,,0,76.814,76.61,76.814,-0.093,AUT*,0.22300000000000003
2023,0,2023090,9,13,Esteban Ocon,31,Alpine,#2293D1,32,15.0,76.321,1.0,,,0,76.465,76.321,76.465,-0.205,AUT*,0.12000000000000001
2023,0,2023090,9,13,Esteban Ocon,31,Alpine,#2293D1,33,16.0,76.869,1.0,,,0,76.595,75.976,76.149,0.354,AUT*,0.27949999999999997
2023,0,2023090,9,13,Esteban Ocon,31,Alpine,#2293D1,34,17.0,75.632,1.0,,,0,76.25,75.632,75.804,-0.325,AUT*,0.1565
2023,0,2023090,9,13,Esteban Ocon,31,Alpine,#2293D1,35,18.0,76.034,1.0,,,0,75.833,75.584,75.608,0.725,AUT*,0.9844999999999999
2023,0,2023090,9,13,Esteban Ocon,31,Alpine,#2293D1,36,19.0,75.536,1.0,,,0,75.785,75.536,75.56,0.468,AUT*,0.7695
2023,0,2023090,9,13,Esteban Ocon,31,Alpine,#2293D1,37,20.0,75.619,1.0,,,0,75.578,75.619,75.578,0.917,AUT*,1.3170000000000002
2023,0,2023090,9,13,Esteban Ocon,31,Alpine,#2293D1,38,21.0,75.956,1.0,,,0,75.788,75.956,75.788,1.988,AUT*,2.1555
2023,0,2023090,9,13,Esteban Ocon,31,Alpine,#2293D1,39,22.0,75.512,1.0,,,0,75.734,75.512,75.734,1.960,AUT*,2.2584999999999997
2023,0,2023090,9,13,Esteban Ocon,31,Alpine,#2293D1,40,23.0,75.514,1.0,,,0,75.513,75.514,75.513,1.894,AUT*,2.8775
2023,0,2023090,9,13,Esteban Ocon,31,Alpine,#2293D1,41,24.0,75.632,1.0,,,0,75.573,75.632,75.573,1.844,AUT*,2.6425
2023,0,2023090,9,14,George Russell,63,Mercedes,#6CD3BF,18,1.0,-,1.0,,,1,,-,-,-,AUT*,-
2023,0,2023090,9,14,George Russell,63,Mercedes,#6CD3BF,19,2.0,-,1.0,,,1,,-,-,-,AUT*,-
2023,0,2023090,9,14,George Russell,63,Mercedes,#6CD3BF,20,3.0,80.358,1.0,,,0,,80.358,-,0.249,AUT*,0.2455
2023,0,2023090,9,14,George Russell,63,Mercedes,#6CD3BF,21,4.0,78.859,1.0,,,0,79.608,78.859,79.608,-0.089,AUT*,0.0625
2023,0,2023090,9,14,George Russell,63,Mercedes,#6CD3BF,22,5.0,78.589,1.0,,,0,78.724,78.589,78.724,0.191,AUT*,0.07100000000000001
2023,0,2023090,9,14,George Russell,63,Mercedes,#6CD3BF,23,6.0,78.162,1.0,,,0,78.376,78.162,78.376,0.176,AUT*,0.09849999999999999
2023,0,2023090,9,14,George Russell,63,Mercedes,#6CD3BF,24,7.0,77.975,1.0,,,0,78.068,77.975,78.068,0.215,AUT*,0.114
2023,0,2023090,9,14,George Russell,63,Mercedes,#6CD3BF,25,8.0,77.651,1.0,,,0,77.813,77.651,77.813,-0.027,AUT*,0.008499999999999999
2023,0,2023090,9,14,George Russell,63,Mercedes,#6CD3BF,26,9.0,76.855,1.0,,,0,77.253,76.855,77.253,-0.662,AUT*,-0.2645
2023,0,2023090,9,14,George Russell,63,Mercedes,#6CD3BF,27,10.0,76.68,1.0,,,0,76.768,76.68,76.768,-0.688,AUT*,-0.577
2023,0,2023090,9,14,George Russell,63,Mercedes,#6CD3BF,28,11.0,77.142,1.0,,,0,76.911,77.142,76.911,-0.094,AUT*,-0.359
2023,0,2023090,9,14,George Russell,63,Mercedes,#6CD3BF,29,12.0,77.112,1.0,,,0,77.127,77.112,77.127,0.097,AUT*,-0.1855
2023,0,2023090,9,14,George Russell,63,Mercedes,#6CD3BF,30,13.0,76.564,1.0,,,0,76.838,76.564,76.838,-0.363,AUT*,-0.2865
2023,0,2023090,9,14,George Russell,63,Mercedes,#6CD3BF,31,14.0,76.802,1.0,,,0,76.683,76.802,76.683,0.099,AUT*,-0.024999999999999994
2023,0,2023090,9,14,George Russell,63,Mercedes,#6CD3BF,32,15.0,-,1.0,,0 days 01:01:24.897000,1,,-,-,-,AUT*,-
2023,0,2023090,9,14,George Russell,63,Mercedes,#6CD3BF,33,16.0,-,2.0,0 days 01:01:47.334000,,1,,-,-,-,AUT*,-
2023,0,2023090,9,14,George Russell,63,Mercedes,#6CD3BF,34,17.0,75.214,2.0,,,0,,75.214,-,-0.743,AUT*,-
2023,0,2023090,9,14,George Russell,63,Mercedes,#6CD3BF,35,18.0,72.989,2.0,,,0,74.102,72.989,74.102,-2.320,AUT*,-
2023,0,2023090,9,14,George Russell,63,Mercedes,#6CD3BF,36,19.0,72.02,2.0,,,0,72.504,72.02,72.504,-3.048,AUT*,-0.8305
2023,0,2023090,9,14,George Russell,63,Mercedes,#6CD3BF,37,20.0,71.62,2.0,,,0,71.82,71.62,71.82,-3.082,AUT*,-1.3445
2023,0,2023090,9,14,George Russell,63,Mercedes,#6CD3BF,38,21.0,70.902,2.0,,,0,71.261,70.902,71.261,-3.066,AUT*,-2.6784999999999997
2023,0,2023090,9,14,George Russell,63,Mercedes,#6CD3BF,39,22.0,70.97,2.0,,,0,70.936,70.97,70.936,-2.582,AUT*,-2.598
2023,0,2023090,9,14,George Russell,63,Mercedes,#6CD3BF,40,23.0,70.385,2.0,,,0,70.678,70.385,70.678,-3.235,AUT*,-2.9385
2023,0,2023090,9,14,George Russell,63,Mercedes,#6CD3BF,41,24.0,72.825,2.0,,,0,71.605,72.825,71.605,-0.963,AUT*,-1.988
2023,0,2023090,9,4,Lando Norris,4,McLaren,#F58020,18,1.0,-,1.0,,,1,,-,-,-,AUT*,-
2023,0,2023090,9,4,Lando Norris,4,McLaren,#F58020,19,2.0,-,1.0,,,1,,-,-,-,AUT*,-
2023,0,2023090,9,4,Lando Norris,4,McLaren,#F58020,20,3.0,79.829,1.0,,,0,,79.829,-,-0.280,AUT*,0.5715
2023,0,2023090,9,4,Lando Norris,4,McLaren,#F58020,21,4.0,78.876,1.0,,,0,79.352,78.876,79.352,-0.072,AUT*,0.47700000000000004
2023,0,2023090,9,4,Lando Norris,4,McLaren,#F58020,22,5.0,78.057,1.0,,,0,78.466,78.057,78.466,-0.341,AUT*,0.353
2023,0,2023090,9,4,Lando Norris,4,McLaren,#F58020,23,6.0,78.206,1.0,,,0,78.132,78.206,78.132,0.220,AUT*,0.3875
2023,0,2023090,9,4,Lando Norris,4,McLaren,#F58020,24,7.0,77.846,1.0,,,0,78.026,77.846,78.026,0.086,AUT*,0.3825
2023,0,2023090,9,4,Lando Norris,4,McLaren,#F58020,25,8.0,77.52,1.0,,,0,77.683,77.52,77.683,-0.158,AUT*,0.1385
2023,0,2023090,9,4,Lando Norris,4,McLaren,#F58020,26,9.0,76.911,1.0,,,0,77.215,76.911,77.215,-0.606,AUT*,0.04249999999999998
2023,0,2023090,9,4,Lando Norris,4,McLaren,#F58020,27,10.0,77.715,1.0,,,0,77.313,77.715,77.313,0.347,AUT*,0.31
2023,0,2023090,9,4,Lando Norris,4,McLaren,#F58020,28,11.0,77.737,1.0,,,0,77.726,77.737,77.726,0.501,AUT*,0.1995
2023,0,2023090,9,4,Lando Norris,4,McLaren,#F58020,29,12.0,77.312,1.0,,,0,77.524,77.312,77.524,0.297,AUT*,0.6335
2023,0,2023090,9,4,Lando Norris,4,McLaren,#F58020,30,13.0,76.548,1.0,,,0,76.93,76.548,76.93,-0.379,AUT*,-0.056999999999999995
2023,0,2023090,9,4,Lando Norris,4,McLaren,#F58020,31,14.0,76.78,1.0,,,0,76.664,76.78,76.664,0.077,AUT*,0.125
2023,0,2023090,9,4,Lando Norris,4,McLaren,#F58020,32,15.0,76.369,1.0,,,0,76.574,76.369,76.574,-0.157,AUT*,0.005500000000000005
2023,0,2023090,9,4,Lando Norris,4,McLaren,#F58020,33,16.0,76.224,1.0,,,0,76.297,76.224,76.297,-0.291,AUT*,-
2023,0,2023090,9,4,Lando Norris,4,McLaren,#F58020,34,17.0,75.818,1.0,,,0,76.021,75.818,76.021,-0.139,AUT*,-
2023,0,2023090,9,4,Lando Norris,4,McLaren,#F58020,35,18.0,75.889,1.0,,,0,75.854,75.889,75.854,0.580,AUT*,-0.722
2023,0,2023090,9,4,Lando Norris,4,McLaren,#F58020,36,19.0,75.627,1.0,,,0,75.758,75.627,75.758,0.559,AUT*,-1.1324999999999998
2023,0,2023090,9,4,Lando Norris,4,McLaren,#F58020,37,20.0,75.745,1.0,,,0,75.686,75.745,75.686,1.043,AUT*,0.26299999999999996
2023,0,2023090,9,4,Lando Norris,4,McLaren,#F58020,38,21.0,75.961,1.0,,,0,75.853,75.961,75.853,1.993,AUT*,-0.44499999999999995
2023,0,2023090,9,4,Lando Norris,4,McLaren,#F58020,39,22.0,75.778,1.0,,,0,75.87,75.778,75.87,2.226,AUT*,-0.2350000000000001
2023,0,2023090,9,4,Lando Norris,4,McLaren,#F58020,40,23.0,75.992,1.0,,,0,75.885,75.992,75.885,2.372,AUT*,0.6719999999999999
2023,0,2023090,9,4,Lando Norris,4,McLaren,#F58020,41,24.0,76.114,1.0,,,0,76.053,76.114,76.053,2.326,AUT*,-0.5939999999999999
2023,0,2023090,9,1,Lewis Hamilton,44,Mercedes,#6CD3BF,18,1.0,-,1.0,,,1,,-,-,-,AUT*,-
2023,0,2023090,9,1,Lewis Hamilton,44,Mercedes,#6CD3BF,19,2.0,-,1.0,,,1,,-,-,-,AUT*,-
2023,0,2023090,9,1,Lewis Hamilton,44,Mercedes,#6CD3BF,20,3.0,80.351,1.0,,,0,,80.351,-,0.242,AUT*,0.2455
2023,0,2023090,9,1,Lewis Hamilton,44,Mercedes,#6CD3BF,21,4.0,79.162,1.0,,,0,79.756,79.162,79.756,0.214,AUT*,0.0625
2023,0,2023090,9,1,Lewis Hamilton,44,Mercedes,#6CD3BF,22,5.0,78.349,1.0,,,0,78.756,78.349,78.756,-0.049,AUT*,0.07100000000000001
2023,0,2023090,9,1,Lewis Hamilton,44,Mercedes,#6CD3BF,23,6.0,78.007,1.0,,,0,78.178,78.007,78.178,0.021,AUT*,0.09849999999999999
2023,0,2023090,9,1,Lewis Hamilton,44,Mercedes,#6CD3BF,24,7.0,77.773,1.0,,,0,77.89,77.773,77.89,0.013,AUT*,0.114
2023,0,2023090,9,1,Lewis Hamilton,44,Mercedes,#6CD3BF,25,8.0,77.722,1.0,,,0,77.748,77.722,77.748,0.044,AUT*,0.008499999999999999
2023,0,2023090,9,1,Lewis Hamilton,44,Mercedes,#6CD3BF,26,9.0,77.65,1.0,,,0,77.686,77.65,77.686,0.133,AUT*,-0.2645
2023,0,2023090,9,1,Lewis Hamilton,44,Mercedes,#6CD3BF,27,10.0,76.902,1.0,,,0,77.276,76.902,77.276,-0.466,AUT*,-0.577
2023,0,2023090,9,1,Lewis Hamilton,44,Mercedes,#6CD3BF,28,11.0,76.612,1.0,,,0,76.757,76.612,76.757,-0.624,AUT*,-0.359
2023,0,2023090,9,1,Lewis Hamilton,44,Mercedes,#6CD3BF,29,12.0,76.547,1.0,,,0,76.58,76.547,76.58,-0.468,AUT*,-0.1855
2023,0,2023090,9,1,Lewis Hamilton,44,Mercedes,#6CD3BF,30,13.0,76.717,1.0,,,0,76.632,76.717,76.632,-0.210,AUT*,-0.2865
2023,0,2023090,9,1,Lewis Hamilton,44,Mercedes,#6CD3BF,31,14.0,76.554,1.0,,,0,76.636,76.554,76.636,-0.149,AUT*,-0.024999999999999994
2023,0,2023090,9,1,Lewis Hamilton,44,Mercedes,#6CD3BF,32,15.0,76.298,1.0,,,0,76.426,76.298,76.426,-0.228,AUT*,-
2023,0,2023090,9,1,Lewis Hamilton,44,Mercedes,#6CD3BF,33,16.0,76.088,1.0,,,0,76.193,76.088,76.193,-0.427,AUT*,-
2023,0,2023090,9,1,Lewis Hamilton,44,Mercedes,#6CD3BF,34,17.0,-,1.0,,0 days 01:03:57.364000,1,,-,-,-,AUT*,-
2023,0,2023090,9,1,Lewis Hamilton,44,Mercedes,#6CD3BF,35,18.0,-,2.0,0 days 01:04:19.739000,,1,,-,-,-,AUT*,-
2023,0,2023090,9,1,Lewis Hamilton,44,Mercedes,#6CD3BF,36,19.0,76.455,2.0,,,0,,76.455,-,1.387,AUT*,-0.8305
2023,0,2023090,9,1,Lewis Hamilton,44,Mercedes,#6CD3BF,37,20.0,75.095,2.0,,,0,75.775,75.095,75.775,0.393,AUT*,-1.3445
2023,0,2023090,9,1,Lewis Hamilton,44,Mercedes,#6CD3BF,38,21.0,71.677,2.0,,,0,73.386,71.677,73.386,-2.291,AUT*,-2.6784999999999997
2023,0,2023090,9,1,Lewis Hamilton,44,Mercedes,#6CD3BF,39,22.0,70.938,2.0,,,0,71.308,70.938,71.308,-2.614,AUT*,-2.598
2023,0,2023090,9,1,Lewis Hamilton,44,Mercedes,#6CD3BF,40,23.0,70.978,2.0,,,0,70.958,70.978,70.958,-2.642,AUT*,-2.9385
2023,0,2023090,9,1,Lewis Hamilton,44,Mercedes,#6CD3BF,41,24.0,70.775,2.0,,,0,70.876,70.775,70.876,-3.013,AUT*,-1.988
2023,0,2023090,9,28,Oscar Piastri,81,McLaren,#F58020,18,1.0,-,1.0,,,1,,-,-,-,AUT*,-
2023,0,2023090,9,28,Oscar Piastri,81,McLaren,#F58020,19,2.0,-,1.0,,,1,,-,-,-,AUT*,-
2023,0,2023090,9,28,Oscar Piastri,81,McLaren,#F58020,20,3.0,81.532,1.0,,,0,,81.532,-,1.423,AUT*,0.5715
2023,0,2023090,9,28,Oscar Piastri,81,McLaren,#F58020,21,4.0,79.974,1.0,,,0,80.753,79.974,80.753,1.026,AUT*,0.47700000000000004
2023,0,2023090,9,28,Oscar Piastri,81,McLaren,#F58020,22,5.0,79.445,1.0,,,0,79.709,79.445,79.709,1.047,AUT*,0.353
2023,0,2023090,9,28,Oscar Piastri,81,McLaren,#F58020,23,6.0,78.541,1.0,,,0,78.993,78.541,78.993,0.555,AUT*,0.3875
2023,0,2023090,9,28,Oscar Piastri,81,McLaren,#F58020,24,7.0,78.439,1.0,,,0,78.49,78.439,78.49,0.679,AUT*,0.3825
2023,0,2023090,9,28,Oscar Piastri,81,McLaren,#F58020,25,8.0,78.113,1.0,,,0,78.276,78.113,78.276,0.435,AUT*,0.1385
2023,0,2023090,9,28,Oscar Piastri,81,McLaren,#F58020,26,9.0,78.208,1.0,,,0,78.16,78.208,78.16,0.691,AUT*,0.04249999999999998
2023,0,2023090,9,28,Oscar Piastri,81,McLaren,#F58020,27,10.0,77.641,1.0,,,0,77.924,77.641,77.924,0.273,AUT*,0.31
2023,0,2023090,9,28,Oscar Piastri,81,McLaren,#F58020,28,11.0,77.134,1.0,,,0,77.388,77.134,77.388,-0.102,AUT*,0.1995
2023,0,2023090,9,28,Oscar Piastri,81,McLaren,#F58020,29,12.0,77.985,1.0,,,0,77.56,77.163,77.148,0.970,AUT*,0.6335
2023,0,2023090,9,28,Oscar Piastri,81,McLaren,#F58020,30,13.0,77.192,1.0,,,0,77.588,77.192,77.178,0.265,AUT*,-0.056999999999999995
2023,0,2023090,9,28,Oscar Piastri,81,McLaren,#F58020,31,14.0,76.876,1.0,,,0,77.034,76.876,77.034,0.173,AUT*,0.125
2023,0,2023090,9,28,Oscar Piastri,81,McLaren,#F58020,32,15.0,76.694,1.0,,,0,76.785,76.694,76.785,0.168,AUT*,0.005500000000000005
2023,0,2023090,9,28,Oscar Piastri,81,McLaren,#F58020,33,16.0,-,1.0,,0 days 01:02:54.646000,1,,-,-,-,AUT*,-
2023,0,2023090,9,28,Oscar Piastri,81,McLaren,#F58020,34,17.0,-,2.0,0 days 01:03:17.239000,,1,,-,-,-,AUT*,-
2023,0,2023090,9,28,Oscar Piastri,81,McLaren,#F58020,35,18.0,73.285,2.0,,,0,,73.285,-,-2.024,AUT*,-0.722
2023,0,2023090,9,28,Oscar Piastri,81,McLaren,#F58020,36,19.0,72.244,2.0,,,0,72.764,72.244,72.764,-2.824,AUT*,-1.1324999999999998
2023,0,2023090,9,28,Oscar Piastri,81,McLaren,#F58020,37,20.0,74.185,2.0,,,0,73.214,74.185,73.214,-0.517,AUT*,0.26299999999999996
2023,0,2023090,9,28,Oscar Piastri,81,McLaren,#F58020,38,21.0,71.085,2.0,,,0,72.635,71.085,72.635,-2.883,AUT*,-0.44499999999999995
2023,0,2023090,9,28,Oscar Piastri,81,McLaren,#F58020,39,22.0,70.856,2.0,,,0,70.97,70.856,70.97,-2.696,AUT*,-0.2350000000000001
2023,0,2023090,9,28,Oscar Piastri,81,McLaren,#F58020,40,23.0,72.592,2.0,,,0,71.724,72.592,71.724,-1.028,AUT*,0.6719999999999999
2023,0,2023090,9,28,Oscar Piastri,81,McLaren,#F58020,41,24.0,70.274,2.0,,,0,71.433,70.274,71.433,-3.514,AUT*,-0.5939999999999999
2023,0,2023090,9,6,Charles Leclerc,16,Ferrari,#CC1400,18,1.0,-,1.0,,,1,,-,-,-,AUT*,-
2023,0,2023090,9,6,Charles Leclerc,16,Ferrari,#CC1400,19,2.0,-,1.0,,,1,,-,-,-,AUT*,-
2023,0,2023090,9,6,Charles Leclerc,16,Ferrari,#CC1400,20,3.0,79.822,1.0,,,0,,79.822,-,-0.287,AUT*,-0.815
2023,0,2023090,9,6,Charles Leclerc,16,Ferrari,#CC1400,21,4.0,78.912,1.0,,,0,79.367,78.912,79.367,-0.036,AUT*,-0.592
2023,0,2023090,9,6,Charles Leclerc,16,Ferrari,#CC1400,22,5.0,78.034,1.0,,,0,78.473,78.034,78.473,-0.364,AUT*,-0.593
2023,0,2023090,9,6,Charles Leclerc,16,Ferrari,#CC1400,23,6.0,78.339,1.0,,,0,78.186,78.339,78.186,0.353,AUT*,-0.22000000000000003
2023,0,2023090,9,6,Charles Leclerc,16,Ferrari,#CC1400,24,7.0,77.215,1.0,,,0,77.777,77.215,77.777,-0.545,AUT*,-0.6925
2023,0,2023090,9,6,Charles Leclerc,16,Ferrari,#CC1400,25,8.0,77.469,1.0,,,0,77.342,77.469,77.342,-0.209,AUT*,-0.601
2023,0,2023090,9,6,Charles Leclerc,16,Ferrari,#CC1400,26,9.0,77.553,1.0,,,0,77.511,77.553,77.511,0.036,AUT*,-0.2625
2023,0,2023090,9,6,Charles Leclerc,16,Ferrari,#CC1400,27,10.0,77.878,1.0,,,0,77.715,77.878,77.715,0.510,AUT*,-0.057499999999999996
2023,0,2023090,9,6,Charles Leclerc,16,Ferrari,#CC1400,28,11.0,77.873,1.0,,,0,77.876,77.873,77.876,0.637,AUT*,0.013000000000000012
2023,0,2023090,9,6,Charles Leclerc,16,Ferrari,#CC1400,29,12.0,77.231,1.0,,,0,77.552,77.231,77.552,0.216,AUT*,0.0050000000000000044
2023,0,2023090,9,6,Charles Leclerc,16,Ferrari,#CC1400,30,13.0,76.191,1.0,,,0,76.711,76.191,76.711,-0.736,AUT*,-0.8085
2023,0,2023090,9,6,Charles Leclerc,16,Ferrari,#CC1400,31,14.0,77.028,1.0,,,0,76.61,76.56,76.376,0.325,AUT*,-0.28
2023,0,2023090,9,6,Charles Leclerc,16,Ferrari,#CC1400,32,15.0,76.93,1.0,,,0,76.979,76.93,76.745,0.404,AUT*,-0.14150000000000001
2023,0,2023090,9,6,Charles Leclerc,16,Ferrari,#CC1400,33,16.0,76.471,1.0,,,0,76.7,76.471,76.7,-0.044,AUT*,-0.551
2023,0,2023090,9,6,Charles Leclerc,16,Ferrari,#CC1400,34,17.0,75.992,1.0,,,0,76.232,75.992,76.232,0.035,AUT*,-0.21100000000000002
2023,0,2023090,9,6,Charles Leclerc,16,Ferrari,#CC1400,35,18.0,-,1.0,,0 days 01:05:13.504000,1,,-,-,-,AUT*,-
2023,0,2023090,9,6,Charles Leclerc,16,Ferrari,#CC1400,36,19.0,-,2.0,0 days 01:05:36.894000,,1,,-,-,-,AUT*,-
2023,0,2023090,9,6,Charles Leclerc,16,Ferrari,#CC1400,37,20.0,75.602,2.0,,,0,,75.602,-,0.900,AUT*,1.0225
2023,0,2023090,9,6,Charles Leclerc,16,Ferrari,#CC1400,38,21.0,72.452,2.0,,,0,74.027,72.452,74.027,-1.516,AUT*,0.2975000000000001
2023,0,2023090,9,6,Charles Leclerc,16,Ferrari,#CC1400,39,22.0,72.574,2.0,,,0,72.513,72.574,72.513,-0.978,AUT*,0.6789999999999999
2023,0,2023090,9,6,Charles Leclerc,16,Ferrari,#CC1400,40,23.0,71.974,2.0,,,0,72.274,71.974,72.274,-1.646,AUT*,0.4455
2023,0,2023090,9,6,Charles Leclerc,16,Ferrari,#CC1400,41,24.0,70.686,2.0,,,0,71.33,70.686,71.33,-3.102,AUT*,-0.48
2023,0,2023090,9,24,Alexander Albon,23,Williams,#37BEDD,18,1.0,-,1.0,,,1,,-,-,-,AUT*,-
2023,0,2023090,9,24,Alexander Albon,23,Williams,#37BEDD,19,2.0,-,1.0,,,1,,-,-,-,AUT*,-
2023,0,2023090,9,24,Alexander Albon,23,Williams,#37BEDD,20,3.0,79.626,1.0,,,0,,79.626,-,-0.483,AUT*,0.3485
2023,0,2023090,9,24,Alexander Albon,23,Williams,#37BEDD,21,4.0,78.568,1.0,,,0,79.097,78.568,79.097,-0.380,AUT*,0.39699999999999996
2023,0,2023090,9,24,Alexander Albon,23,Williams,#37BEDD,22,5.0,77.972,1.0,,,0,78.27,77.972,78.27,-0.426,AUT*,0.37450000000000006
2023,0,2023090,9,24,Alexander Albon,23,Williams,#37BEDD,23,6.0,77.536,1.0,,,0,77.754,77.536,77.754,-0.450,AUT*,0.05200000000000002
2023,0,2023090,9,24,Alexander Albon,23,Williams,#37BEDD,24,7.0,77.46,1.0,,,0,77.498,77.46,77.498,-0.300,AUT*,0.2995
2023,0,2023090,9,24,Alexander Albon,23,Williams,#37BEDD,25,8.0,78.128,1.0,,,0,77.794,78.128,77.794,0.450,AUT*,0.442
2023,0,2023090,9,24,Alexander Albon,23,Williams,#37BEDD,26,9.0,78.244,1.0,,,0,78.186,78.244,78.186,0.727,AUT*,0.4555
2023,0,2023090,9,24,Alexander Albon,23,Williams,#37BEDD,27,10.0,77.641,1.0,,,0,77.942,77.641,77.942,0.273,AUT*,0.419
2023,0,2023090,9,24,Alexander Albon,23,Williams,#37BEDD,28,11.0,77.237,1.0,,,0,77.439,77.237,77.439,0.001,AUT*,-0.017
2023,0,2023090,9,24,Alexander Albon,23,Williams,#37BEDD,29,12.0,76.826,1.0,,,0,77.032,76.826,77.032,-0.189,AUT*,0.26649999999999996
2023,0,2023090,9,24,Alexander Albon,23,Williams,#37BEDD,30,13.0,77.005,1.0,,,0,76.916,77.005,76.916,0.078,AUT*,0.7145
2023,0,2023090,9,24,Alexander Albon,23,Williams,#37BEDD,31,14.0,76.255,1.0,,,0,76.63,76.255,76.63,-0.448,AUT*,-0.1775
2023,0,2023090,9,24,Alexander Albon,23,Williams,#37BEDD,32,15.0,76.242,1.0,,,0,76.248,76.242,76.248,-0.284,AUT*,-0.08449999999999999
2023,0,2023090,9,24,Alexander Albon,23,Williams,#37BEDD,33,16.0,76.747,1.0,,,0,76.494,76.747,76.494,0.232,AUT*,0.455
2023,0,2023090,9,24,Alexander Albon,23,Williams,#37BEDD,34,17.0,76.29,1.0,,,0,76.518,76.29,76.518,0.333,AUT*,-
2023,0,2023090,9,24,Alexander Albon,23,Williams,#37BEDD,35,18.0,-,1.0,,0 days 01:05:10.847000,1,,-,-,-,AUT*,-
2023,0,2023090,9,24,Alexander Albon,23,Williams,#37BEDD,36,19.0,-,2.0,0 days 01:05:35.753000,,1,,-,-,-,AUT*,-
2023,0,2023090,9,24,Alexander Albon,23,Williams,#37BEDD,37,20.0,74.83,2.0,,,0,,74.83,-,0.128,AUT*,-0.9629999999999999
2023,0,2023090,9,24,Alexander Albon,23,Williams,#37BEDD,38,21.0,73.793,2.0,,,0,74.312,73.793,74.312,-0.175,AUT*,-1.1569999999999998
2023,0,2023090,9,24,Alexander Albon,23,Williams,#37BEDD,39,22.0,72.725,2.0,,,0,73.259,72.725,73.259,-0.827,AUT*,-1.2185000000000001
2023,0,2023090,9,24,Alexander Albon,23,Williams,#37BEDD,40,23.0,73.162,2.0,,,0,72.944,73.162,72.944,-0.458,AUT*,-1.113
2023,0,2023090,9,24,Alexander Albon,23,Williams,#37BEDD,41,24.0,71.635,2.0,,,0,72.399,71.635,72.399,-2.153,AUT*,-1.5905
2023,0,2023090,9,22,Kevin Magnussen,20,Haas F1 Team,#505050,18,1.0,-,1.0,,,1,,-,-,-,AUT*,-
2023,0,2023090,9,22,Kevin Magnussen,20,Haas F1 Team,#505050,19,2.0,-,1.0,,,1,,-,-,-,AUT*,-
2023,0,2023090,9,22,Kevin Magnussen,20,Haas F1 Team,#505050,20,3.0,79.793,1.0,,,0,,79.793,-,-0.316,AUT*,-1.051
2023,0,2023090,9,22,Kevin Magnussen,20,Haas F1 Team,#505050,21,4.0,78.849,1.0,,,0,79.321,78.849,79.321,-0.099,AUT*,-0.6144999999999999
2023,0,2023090,9,22,Kevin Magnussen,20,Haas F1 Team,#505050,22,5.0,78.458,1.0,,,0,78.654,78.458,78.654,0.060,AUT*,-0.5429999999999999
2023,0,2023090,9,22,Kevin Magnussen,20,Haas F1 Team,#505050,23,6.0,78.194,1.0,,,0,78.326,78.194,78.326,0.208,AUT*,-0.269
2023,0,2023090,9,22,Kevin Magnussen,20,Haas F1 Team,#505050,24,7.0,78.071,1.0,,,0,78.132,78.071,78.132,0.311,AUT*,0.1425
2023,0,2023090,9,22,Kevin Magnussen,20,Haas F1 Team,#505050,25,8.0,78.287,1.0,,,0,78.179,78.287,78.179,0.609,AUT*,-0.0030000000000000027
2023,0,2023090,9,22,Kevin Magnussen,20,Haas F1 Team,#505050,26,9.0,78.253,1.0,,,0,78.27,78.253,78.27,0.736,AUT*,0.1225
2023,0,2023090,9,22,Kevin Magnussen,20,Haas F1 Team,#505050,27,10.0,78.48,1.0,,,0,78.366,78.48,78.366,1.112,AUT*,0.31900000000000006
2023,0,2023090,9,22,Kevin Magnussen,20,Haas F1 Team,#505050,28,11.0,77.884,1.0,,,0,78.182,77.884,78.182,0.648,AUT*,0.1975
2023,0,2023090,9,22,Kevin Magnussen,20,Haas F1 Team,#505050,29,12.0,78.359,1.0,,,0,78.122,77.538,77.711,1.344,AUT*,0.9830000000000001
2023,0,2023090,9,22,Kevin Magnussen,20,Haas F1 Team,#505050,30,13.0,77.193,1.0,,,0,77.776,77.193,77.366,0.266,AUT*,0.7045
2023,0,2023090,9,22,Kevin Magnussen,20,Haas F1 Team,#505050,31,14.0,77.047,1.0,,,0,77.12,77.047,77.12,0.344,AUT*,0.208
2023,0,2023090,9,22,Kevin Magnussen,20,Haas F1 Team,#505050,32,15.0,76.871,1.0,,,0,76.959,76.871,76.959,0.345,AUT*,0.26949999999999996
2023,0,2023090,9,22,Kevin Magnussen,20,Haas F1 Team,#505050,33,16.0,77.194,1.0,,,0,77.032,77.194,77.032,0.679,AUT*,0.6605000000000001
2023,0,2023090,9,22,Kevin Magnussen,20,Haas F1 Team,#505050,34,17.0,-,1.0,,0 days 01:04:05.989000,1,,-,-,-,AUT*,-
2023,0,2023090,9,22,Kevin Magnussen,20,Haas F1 Team,#505050,35,18.0,-,2.0,0 days 01:04:29.473000,,1,,-,-,-,AUT*,-
2023,0,2023090,9,22,Kevin Magnussen,20,Haas F1 Team,#505050,36,19.0,75.28,2.0,,,0,,75.28,-,0.212,AUT*,-0.20750000000000002
2023,0,2023090,9,22,Kevin Magnussen,20,Haas F1 Team,#505050,37,20.0,72.755,2.0,,,0,74.018,72.755,74.018,-1.947,AUT*,-2.2565
2023,0,2023090,9,22,Kevin Magnussen,20,Haas F1 Team,#505050,38,21.0,73.852,2.0,,,0,73.304,73.852,73.304,-0.116,AUT*,-1.1975
2023,0,2023090,9,22,Kevin Magnussen,20,Haas F1 Team,#505050,39,22.0,71.761,2.0,,,0,72.806,71.761,72.806,-1.791,AUT*,-1.9909999999999999
2023,0,2023090,9,22,Kevin Magnussen,20,Haas F1 Team,#505050,40,23.0,70.539,2.0,,,0,71.15,70.539,71.15,-3.081,AUT*,-2.5345
2023,0,2023090,9,22,Kevin Magnussen,20,Haas F1 Team,#505050,41,24.0,71.38,2.0,,,0,70.959,71.38,70.959,-2.408,AUT*,-3.008
2023,0,2023090,9,17,Pierre Gasly,10,Alpine,#2293D1,18,1.0,-,1.0,,,1,,-,-,-,AUT*,-
2023,0,2023090,9,17,Pierre Gasly,10,Alpine,#2293D1,19,2.0,-,1.0,,,1,,-,-,-,AUT*,-
2023,0,2023090,9,17,Pierre Gasly,10,Alpine,#2293D1,20,3.0,81.118,1.0,,,0,,81.118,-,1.009,AUT*,0.37849999999999995
2023,0,2023090,9,17,Pierre Gasly,10,Alpine,#2293D1,21,4.0,80.161,1.0,,,0,80.64,80.161,80.64,1.213,AUT*,0.6000000000000001
2023,0,2023090,9,17,Pierre Gasly,10,Alpine,#2293D1,22,5.0,79.241,1.0,,,0,79.701,79.241,79.701,0.843,AUT*,0.445
2023,0,2023090,9,17,Pierre Gasly,10,Alpine,#2293D1,23,6.0,78.296,1.0,,,0,78.768,78.296,78.768,0.310,AUT*,0.035
2023,0,2023090,9,17,Pierre Gasly,10,Alpine,#2293D1,24,7.0,78.527,1.0,,,0,78.412,78.527,78.412,0.767,AUT*,0.1865
2023,0,2023090,9,17,Pierre Gasly,10,Alpine,#2293D1,25,8.0,78.5,1.0,,,0,78.514,78.5,78.514,0.822,AUT*,0.3475
2023,0,2023090,9,17,Pierre Gasly,10,Alpine,#2293D1,26,9.0,78.076,1.0,,,0,78.288,78.076,78.288,0.559,AUT*,0.4025
2023,0,2023090,9,17,Pierre Gasly,10,Alpine,#2293D1,27,10.0,77.877,1.0,,,0,77.976,77.877,77.976,0.509,AUT*,0.4425
2023,0,2023090,9,17,Pierre Gasly,10,Alpine,#2293D1,28,11.0,77.604,1.0,,,0,77.74,77.604,77.74,0.368,AUT*,0.40249999999999997
2023,0,2023090,9,17,Pierre Gasly,10,Alpine,#2293D1,29,12.0,77.534,1.0,,,0,77.569,77.534,77.569,0.519,AUT*,0.186
2023,0,2023090,9,17,Pierre Gasly,10,Alpine,#2293D1,30,13.0,77.394,1.0,,,0,77.464,77.394,77.464,0.467,AUT*,0.2785
2023,0,2023090,9,17,Pierre Gasly,10,Alpine,#2293D1,31,14.0,77.242,1.0,,,0,77.318,77.242,77.318,0.539,AUT*,0.22300000000000003
2023,0,2023090,9,17,Pierre Gasly,10,Alpine,#2293D1,32,15.0,76.971,1.0,,,0,77.107,76.971,77.107,0.445,AUT*,0.12000000000000001
2023,0,2023090,9,17,Pierre Gasly,10,Alpine,#2293D1,33,16.0,76.72,1.0,,,0,76.846,76.72,76.846,0.205,AUT*,0.27949999999999997
2023,0,2023090,9,17,Pierre Gasly,10,Alpine,#2293D1,34,17.0,76.595,1.0,,,0,76.658,76.595,76.658,0.638,AUT*,0.1565
2023,0,2023090,9,17,Pierre Gasly,10,Alpine,#2293D1,35,18.0,76.553,1.0,,,0,76.574,76.553,76.574,1.244,AUT*,0.9844999999999999
2023,0,2023090,9,17,Pierre Gasly,10,Alpine,#2293D1,36,19.0,76.139,1.0,,,0,76.346,76.139,76.346,1.071,AUT*,0.7695
2023,0,2023090,9,17,Pierre Gasly,10,Alpine,#2293D1,37,20.0,76.419,1.0,,,0,76.279,76.419,76.279,1.717,AUT*,1.3170000000000002
2023,0,2023090,9,17,Pierre Gasly,10,Alpine,#2293D1,38,21.0,76.291,1.0,,,0,76.355,76.291,76.355,2.323,AUT*,2.1555
2023,0,2023090,9,17,Pierre Gasly,10,Alpine,#2293D1,39,22.0,76.109,1.0,,,0,76.2,76.109,76.2,2.557,AUT*,2.2584999999999997
2023,0,2023090,9,17,Pierre Gasly,10,Alpine,#2293D1,40,23.0,77.481,1.0,,,0,76.795,76.669,76.389,3.861,AUT*,2.8775
2023,0,2023090,9,17,Pierre Gasly,10,Alpine,#2293D1,41,24.0,77.229,1.0,,,0,77.355,77.229,76.949,3.441,AUT*,2.6425
2023,0,2023090,9,9,Yuki Tsunoda,22,Alpha Tauri,#5E8FAA,18,1.0,-,1.0,,,1,,-,-,-,AUT*,-
2023,0,2023090,9,9,Yuki Tsunoda,22,Alpha Tauri,#5E8FAA,19,2.0,-,1.0,,,1,,-,-,-,AUT*,-
2023,0,2023090,9,9,Yuki Tsunoda,22,Alpha Tauri,#5E8FAA,20,3.0,81.107,1.0,,,0,,81.107,-,0.998,AUT*,1.5465
2023,0,2023090,9,9,Yuki Tsunoda,22,Alpha Tauri,#5E8FAA,21,4.0,79.522,1.0,,,0,80.315,79.522,80.315,0.574,AUT*,0.7204999999999999
2023,0,2023090,9,9,Yuki Tsunoda,22,Alpha Tauri,#5E8FAA,22,5.0,79.054,1.0,,,0,79.288,79.054,79.288,0.656,AUT*,0.7135
2023,0,2023090,9,9,Yuki Tsunoda,22,Alpha Tauri,#5E8FAA,23,6.0,78.504,1.0,,,0,78.779,78.504,78.779,0.518,AUT*,0.565
2023,0,2023090,9,9,Yuki Tsunoda,22,Alpha Tauri,#5E8FAA,24,7.0,77.886,1.0,,,0,78.195,77.886,78.195,0.126,AUT*,0.5814999999999999
2023,0,2023090,9,9,Yuki Tsunoda,22,Alpha Tauri,#5E8FAA,25,8.0,78.144,1.0,,,0,78.015,78.144,78.015,0.466,AUT*,0.42500000000000004
2023,0,2023090,9,9,Yuki Tsunoda,22,Alpha Tauri,#5E8FAA,26,9.0,78.136,1.0,,,0,78.14,78.136,78.14,0.619,AUT*,0.501
2023,0,2023090,9,9,Yuki Tsunoda,22,Alpha Tauri,#5E8FAA,27,10.0,77.695,1.0,,,0,77.916,77.695,77.916,0.327,AUT*,0.28700000000000003
2023,0,2023090,9,9,Yuki Tsunoda,22,Alpha Tauri,#5E8FAA,28,11.0,77.859,1.0,,,0,77.777,77.859,77.777,0.623,AUT*,0.648
2023,0,2023090,9,9,Yuki Tsunoda,22,Alpha Tauri,#5E8FAA,29,12.0,77.607,1.0,,,0,77.733,77.607,77.733,0.592,AUT*,0.742
2023,0,2023090,9,9,Yuki Tsunoda,22,Alpha Tauri,#5E8FAA,30,13.0,77.542,1.0,,,0,77.574,77.542,77.574,0.615,AUT*,1.232
2023,0,2023090,9,9,Yuki Tsunoda,22,Alpha Tauri,#5E8FAA,31,14.0,76.793,1.0,,,0,77.168,76.793,77.168,0.090,AUT*,0.8270000000000001
2023,0,2023090,9,9,Yuki Tsunoda,22,Alpha Tauri,#5E8FAA,32,15.0,76.786,1.0,,,0,76.79,76.786,76.79,0.260,AUT*,0.6665
2023,0,2023090,9,9,Yuki Tsunoda,22,Alpha Tauri,#5E8FAA,33,16.0,76.674,1.0,,,0,76.73,76.674,76.73,0.159,AUT*,0.4295
2023,0,2023090,9,9,Yuki Tsunoda,22,Alpha Tauri,#5E8FAA,34,17.0,76.967,1.0,,,0,76.821,76.967,76.821,1.010,AUT*,-
2023,0,2023090,9,9,Yuki Tsunoda,22,Alpha Tauri,#5E8FAA,35,18.0,-,1.0,,0 days 01:05:24.754000,1,,-,-,-,AUT*,-
2023,0,2023090,9,9,Yuki Tsunoda,22,Alpha Tauri,#5E8FAA,36,19.0,-,2.0,0 days 01:05:47.503000,,1,,-,-,-,AUT*,-
2023,0,2023090,9,9,Yuki Tsunoda,22,Alpha Tauri,#5E8FAA,37,20.0,77.236,2.0,,,0,,77.236,-,2.534,AUT*,0.2879999999999999
2023,0,2023090,9,9,Yuki Tsunoda,22,Alpha Tauri,#5E8FAA,38,21.0,73.3,2.0,,,0,75.268,73.3,75.268,-0.668,AUT*,-1.379
2023,0,2023090,9,9,Yuki Tsunoda,22,Alpha Tauri,#5E8FAA,39,22.0,72.12,2.0,,,0,72.71,72.12,72.71,-1.432,AUT*,-1.6415
2023,0,2023090,9,9,Yuki Tsunoda,22,Alpha Tauri,#5E8FAA,40,23.0,71.363,2.0,,,0,71.742,71.363,71.742,-2.257,AUT*,-1.939
2023,0,2023090,9,9,Yuki Tsunoda,22,Alpha Tauri,#5E8FAA,41,24.0,72.291,2.0,,,0,71.827,72.291,71.827,-1.497,AUT*,-1.7375
2023,0,2023090,9,26,Nyck De Vries,21,Alpha Tauri,#5E8FAA,18,1.0,-,1.0,,,1,,-,-,-,AUT*,-
2023,0,2023090,9,26,Nyck De Vries,21,Alpha Tauri,#5E8FAA,19,2.0,-,1.0,,,1,,-,-,-,AUT*,-
2023,0,2023090,9,26,Nyck De Vries,21,Alpha Tauri,#5E8FAA,20,3.0,82.204,1.0,,,0,,82.204,-,2.095,AUT*,1.5465
2023,0,2023090,9,26,Nyck De Vries,21,Alpha Tauri,#5E8FAA,21,4.0,79.815,1.0,,,0,81.01,79.815,81.01,0.867,AUT*,0.7204999999999999
2023,0,2023090,9,26,Nyck De Vries,21,Alpha Tauri,#5E8FAA,22,5.0,79.169,1.0,,,0,79.492,79.169,79.492,0.771,AUT*,0.7135
2023,0,2023090,9,26,Nyck De Vries,21,Alpha Tauri,#5E8FAA,23,6.0,78.598,1.0,,,0,78.884,78.598,78.884,0.612,AUT*,0.565
2023,0,2023090,9,26,Nyck De Vries,21,Alpha Tauri,#5E8FAA,24,7.0,78.797,1.0,,,0,78.697,78.797,78.697,1.037,AUT*,0.5814999999999999
2023,0,2023090,9,26,Nyck De Vries,21,Alpha Tauri,#5E8FAA,25,8.0,78.062,1.0,,,0,78.429,78.062,78.429,0.384,AUT*,0.42500000000000004
2023,0,2023090,9,26,Nyck De Vries,21,Alpha Tauri,#5E8FAA,26,9.0,77.9,1.0,,,0,77.981,77.9,77.981,0.383,AUT*,0.501
2023,0,2023090,9,26,Nyck De Vries,21,Alpha Tauri,#5E8FAA,27,10.0,77.615,1.0,,,0,77.758,77.615,77.758,0.247,AUT*,0.28700000000000003
2023,0,2023090,9,26,Nyck De Vries,21,Alpha Tauri,#5E8FAA,28,11.0,77.909,1.0,,,0,77.762,77.909,77.762,0.673,AUT*,0.648
2023,0,2023090,9,26,Nyck De Vries,21,Alpha Tauri,#5E8FAA,29,12.0,77.907,1.0,,,0,77.908,77.907,77.908,0.892,AUT*,0.742
2023,0,2023090,9,26,Nyck De Vries,21,Alpha Tauri,#5E8FAA,30,13.0,78.776,1.0,,,0,78.342,78.087,77.997,1.849,AUT*,1.232
2023,0,2023090,9,26,Nyck De Vries,21,Alpha Tauri,#5E8FAA,31,14.0,78.267,1.0,,,0,78.522,78.267,78.177,1.564,AUT*,0.8270000000000001
2023,0,2023090,9,26,Nyck De Vries,21,Alpha Tauri,#5E8FAA,32,15.0,77.599,1.0,,,0,77.933,77.599,77.933,1.073,AUT*,0.6665
2023,0,2023090,9,26,Nyck De Vries,21,Alpha Tauri,#5E8FAA,33,16.0,77.215,1.0,,,0,77.407,77.215,77.407,0.700,AUT*,0.4295
2023,0,2023090,9,26,Nyck De Vries,21,Alpha Tauri,#5E8FAA,34,17.0,-,1.0,,0 days 01:04:16.817000,1,,-,-,-,AUT*,-
2023,0,2023090,9,26,Nyck De Vries,21,Alpha Tauri,#5E8FAA,35,18.0,-,2.0,0 days 01:04:40.910000,,1,,-,-,-,AUT*,-
2023,0,2023090,9,26,Nyck De Vries,21,Alpha Tauri,#5E8FAA,36,19.0,74.505,2.0,,,0,,74.505,-,-0.563,AUT*,-
2023,0,2023090,9,26,Nyck De Vries,21,Alpha Tauri,#5E8FAA,37,20.0,72.744,2.0,,,0,73.624,72.744,73.624,-1.958,AUT*,0.2879999999999999
2023,0,2023090,9,26,Nyck De Vries,21,Alpha Tauri,#5E8FAA,38,21.0,71.878,2.0,,,0,72.311,71.878,72.311,-2.090,AUT*,-1.379
2023,0,2023090,9,26,Nyck De Vries,21,Alpha Tauri,#5E8FAA,39,22.0,71.701,2.0,,,0,71.79,71.701,71.79,-1.851,AUT*,-1.6415
2023,0,2023090,9,26,Nyck De Vries,21,Alpha Tauri,#5E8FAA,40,23.0,71.999,2.0,,,0,71.85,71.999,71.85,-1.621,AUT*,-1.939
2023,0,2023090,9,26,Nyck De Vries,21,Alpha Tauri,#5E8FAA,41,24.0,71.81,2.0,,,0,71.904,71.81,71.904,-1.978,AUT*,-1.7375
2023,0,2023090,9,27,Logan Sargeant,2,Williams,#37BEDD,18,1.0,-,1.0,,,1,,-,-,-,AUT*,-
2023,0,2023090,9,27,Logan Sargeant,2,Williams,#37BEDD,19,2.0,-,1.0,,,1,,-,-,-,AUT*,-
2023,0,2023090,9,27,Logan Sargeant,2,Williams,#37BEDD,20,3.0,81.289,1.0,,,0,,81.289,-,1.180,AUT*,0.3485
2023,0,2023090,9,27,Logan Sargeant,2,Williams,#37BEDD,21,4.0,80.122,1.0,,,0,80.706,80.122,80.706,1.174,AUT*,0.39699999999999996
2023,0,2023090,9,27,Logan Sargeant,2,Williams,#37BEDD,22,5.0,79.573,1.0,,,0,79.848,79.573,79.848,1.175,AUT*,0.37450000000000006
2023,0,2023090,9,27,Logan Sargeant,2,Williams,#37BEDD,23,6.0,78.54,1.0,,,0,79.056,78.54,79.056,0.554,AUT*,0.05200000000000002
2023,0,2023090,9,27,Logan Sargeant,2,Williams,#37BEDD,24,7.0,78.659,1.0,,,0,78.6,78.659,78.6,0.899,AUT*,0.2995
2023,0,2023090,9,27,Logan Sargeant,2,Williams,#37BEDD,25,8.0,78.112,1.0,,,0,78.386,78.112,78.386,0.434,AUT*,0.442
2023,0,2023090,9,27,Logan Sargeant,2,Williams,#37BEDD,26,9.0,77.701,1.0,,,0,77.906,77.701,77.906,0.184,AUT*,0.4555
2023,0,2023090,9,27,Logan Sargeant,2,Williams,#37BEDD,27,10.0,77.933,1.0,,,0,77.817,77.933,77.817,0.565,AUT*,0.419
2023,0,2023090,9,27,Logan Sargeant,2,Williams,#37BEDD,28,11.0,77.201,1.0,,,0,77.567,77.201,77.567,-0.035,AUT*,-0.017
2023,0,2023090,9,27,Logan Sargeant,2,Williams,#37BEDD,29,12.0,77.737,1.0,,,0,77.469,77.737,77.469,0.722,AUT*,0.26649999999999996
2023,0,2023090,9,27,Logan Sargeant,2,Williams,#37BEDD,30,13.0,78.278,1.0,,,0,78.008,78.278,78.008,1.351,AUT*,0.7145
2023,0,2023090,9,27,Logan Sargeant,2,Williams,#37BEDD,31,14.0,76.796,1.0,,,0,77.537,76.796,77.537,0.093,AUT*,-0.1775
2023,0,2023090,9,27,Logan Sargeant,2,Williams,#37BEDD,32,15.0,76.641,1.0,,,0,76.718,76.641,76.718,0.115,AUT*,-0.08449999999999999
2023,0,2023090,9,27,Logan Sargeant,2,Williams,#37BEDD,33,16.0,77.193,1.0,,,0,76.917,77.193,76.917,0.678,AUT*,0.455
2023,0,2023090,9,27,Logan Sargeant,2,Williams,#37BEDD,34,17.0,-,1.0,,0 days 01:04:14.770000,1,,-,-,-,AUT*,-
2023,0,2023090,9,27,Logan Sargeant,2,Williams,#37BEDD,35,18.0,-,2.0,0 days 01:04:38.551000,,1,,-,-,-,AUT*,-
2023,0,2023090,9,27,Logan Sargeant,2,Williams,#37BEDD,36,19.0,74.54,2.0,,,0,,74.54,-,-0.528,AUT*,-
2023,0,2023090,9,27,Logan Sargeant,2,Williams,#37BEDD,37,20.0,72.648,2.0,,,0,73.594,72.648,73.594,-2.054,AUT*,-0.9629999999999999
2023,0,2023090,9,27,Logan Sargeant,2,Williams,#37BEDD,38,21.0,71.829,2.0,,,0,72.238,71.829,72.238,-2.139,AUT*,-1.1569999999999998
2023,0,2023090,9,27,Logan Sargeant,2,Williams,#37BEDD,39,22.0,71.942,2.0,,,0,71.886,71.942,71.886,-1.610,AUT*,-1.2185000000000001
2023,0,2023090,9,27,Logan Sargeant,2,Williams,#37BEDD,40,23.0,71.852,2.0,,,0,71.897,71.852,71.897,-1.768,AUT*,-1.113
2023,0,2023090,9,27,Logan Sargeant,2,Williams,#37BEDD,41,24.0,72.76,2.0,,,0,72.306,72.76,72.306,-1.028,AUT*,-1.5905
2023,0,2023090,9,23,Guanyu Zhou,24,Alfa Romeo,#C92D4B,18,1.0,-,1.0,,,1,,-,-,-,AUT*,-
2023,0,2023090,9,23,Guanyu Zhou,24,Alfa Romeo,#C92D4B,19,2.0,-,1.0,,,1,,-,-,-,AUT*,-
2023,0,2023090,9,23,Guanyu Zhou,24,Alfa Romeo,#C92D4B,20,3.0,81.782,1.0,,,0,,81.782,-,1.673,AUT*,1.1915
2023,0,2023090,9,23,Guanyu Zhou,24,Alfa Romeo,#C92D4B,21,4.0,80.042,1.0,,,0,80.912,80.042,80.912,1.094,AUT*,0.8640000000000001
2023,0,2023090,9,23,Guanyu Zhou,24,Alfa Romeo,#C92D4B,22,5.0,79.71,1.0,,,0,79.876,79.71,79.876,1.312,AUT*,1.1644999999999999
2023,0,2023090,9,23,Guanyu Zhou,24,Alfa Romeo,#C92D4B,23,6.0,78.663,1.0,,,0,79.186,78.663,79.186,0.677,AUT*,0.882
2023,0,2023090,9,23,Guanyu Zhou,24,Alfa Romeo,#C92D4B,24,7.0,78.69,1.0,,,0,78.676,78.69,78.676,0.930,AUT*,1.016
2023,0,2023090,9,23,Guanyu Zhou,24,Alfa Romeo,#C92D4B,25,8.0,78.56,1.0,,,0,78.625,78.56,78.625,0.882,AUT*,1.0625
2023,0,2023090,9,23,Guanyu Zhou,24,Alfa Romeo,#C92D4B,26,9.0,77.917,1.0,,,0,78.238,77.917,78.238,0.400,AUT*,0.7805
2023,0,2023090,9,23,Guanyu Zhou,24,Alfa Romeo,#C92D4B,27,10.0,77.845,1.0,,,0,77.881,77.845,77.881,0.477,AUT*,0.3365
2023,0,2023090,9,23,Guanyu Zhou,24,Alfa Romeo,#C92D4B,28,11.0,77.594,1.0,,,0,77.72,77.594,77.72,0.358,AUT*,0.39949999999999997
2023,0,2023090,9,23,Guanyu Zhou,24,Alfa Romeo,#C92D4B,29,12.0,77.384,1.0,,,0,77.489,77.384,77.489,0.369,AUT*,0.15
2023,0,2023090,9,23,Guanyu Zhou,24,Alfa Romeo,#C92D4B,30,13.0,77.57,1.0,,,0,77.477,77.57,77.477,0.643,AUT*,0.5940000000000001
2023,0,2023090,9,23,Guanyu Zhou,24,Alfa Romeo,#C92D4B,31,14.0,77.896,1.0,,,0,77.733,77.896,77.733,1.193,AUT*,1.1095000000000002
2023,0,2023090,9,23,Guanyu Zhou,24,Alfa Romeo,#C92D4B,32,15.0,77.352,1.0,,,0,77.624,77.352,77.624,0.826,AUT*,0.76
2023,0,2023090,9,23,Guanyu Zhou,24,Alfa Romeo,#C92D4B,33,16.0,77.687,1.0,,,0,77.52,77.687,77.52,1.172,AUT*,1.105
2023,0,2023090,9,23,Guanyu Zhou,24,Alfa Romeo,#C92D4B,34,17.0,-,1.0,,0 days 01:04:18.801000,1,,-,-,-,AUT*,-
2023,0,2023090,9,23,Guanyu Zhou,24,Alfa Romeo,#C92D4B,35,18.0,-,2.0,0 days 01:04:41.457000,,1,,-,-,-,AUT*,-
2023,0,2023090,9,23,Guanyu Zhou,24,Alfa Romeo,#C92D4B,36,19.0,74.554,2.0,,,0,,74.554,-,-0.514,AUT*,0.985
2023,0,2023090,9,23,Guanyu Zhou,24,Alfa Romeo,#C92D4B,37,20.0,72.423,2.0,,,0,73.488,72.423,73.488,-2.279,AUT*,1.6595
2023,0,2023090,9,23,Guanyu Zhou,24,Alfa Romeo,#C92D4B,38,21.0,72.473,2.0,,,0,72.448,72.473,72.448,-1.495,AUT*,1.2854999999999999
2023,0,2023090,9,23,Guanyu Zhou,24,Alfa Romeo,#C92D4B,39,22.0,71.305,2.0,,,0,71.889,71.305,71.889,-2.247,AUT*,0.47950000000000004
2023,0,2023090,9,23,Guanyu Zhou,24,Alfa Romeo,#C92D4B,40,23.0,73.0,2.0,,,0,72.152,71.708,71.506,-0.620,AUT*,1.9665
2023,0,2023090,9,23,Guanyu Zhou,24,Alfa Romeo,#C92D4B,41,24.0,72.111,2.0,,,0,72.556,72.111,71.91,-1.677,AUT*,1.1689999999999998
2023,0,2023090,9,3,Valtteri Bottas,77,Alfa Romeo,#C92D4B,18,1.0,-,2.0,0 days 00:41:53.535000,,1,,-,-,-,AUT*,-
2023,0,2023090,9,3,Valtteri Bottas,77,Alfa Romeo,#C92D4B,19,2.0,-,2.0,,,1,,-,-,-,AUT*,-
2023,0,2023090,9,3,Valtteri Bottas,77,Alfa Romeo,#C92D4B,20,3.0,80.819,2.0,,,0,,80.819,-,0.710,AUT*,1.1915
2023,0,2023090,9,3,Valtteri Bottas,77,Alfa Romeo,#C92D4B,21,4.0,79.582,2.0,,,0,80.2,79.582,80.2,0.634,AUT*,0.8640000000000001
2023,0,2023090,9,3,Valtteri Bottas,77,Alfa Romeo,#C92D4B,22,5.0,79.415,2.0,,,0,79.498,79.415,79.498,1.017,AUT*,1.1644999999999999
2023,0,2023090,9,3,Valtteri Bottas,77,Alfa Romeo,#C92D4B,23,6.0,79.073,2.0,,,0,79.244,79.073,79.244,1.087,AUT*,0.882
2023,0,2023090,9,3,Valtteri Bottas,77,Alfa Romeo,#C92D4B,24,7.0,78.862,2.0,,,0,78.968,78.862,78.968,1.102,AUT*,1.016
2023,0,2023090,9,3,Valtteri Bottas,77,Alfa Romeo,#C92D4B,25,8.0,78.921,2.0,,,0,78.892,78.921,78.892,1.243,AUT*,1.0625
2023,0,2023090,9,3,Valtteri Bottas,77,Alfa Romeo,#C92D4B,26,9.0,78.678,2.0,,,0,78.8,78.678,78.8,1.161,AUT*,0.7805
2023,0,2023090,9,3,Valtteri Bottas,77,Alfa Romeo,#C92D4B,27,10.0,77.564,2.0,,,0,78.121,77.564,78.121,0.196,AUT*,0.3365
2023,0,2023090,9,3,Valtteri Bottas,77,Alfa Romeo,#C92D4B,28,11.0,77.677,2.0,,,0,77.62,77.677,77.62,0.441,AUT*,0.39949999999999997
2023,0,2023090,9,3,Valtteri Bottas,77,Alfa Romeo,#C92D4B,29,12.0,76.946,2.0,,,0,77.312,76.946,77.312,-0.069,AUT*,0.15
2023,0,2023090,9,3,Valtteri Bottas,77,Alfa Romeo,#C92D4B,30,13.0,77.472,2.0,,,0,77.209,77.472,77.209,0.545,AUT*,0.5940000000000001
2023,0,2023090,9,3,Valtteri Bottas,77,Alfa Romeo,#C92D4B,31,14.0,77.729,2.0,,,0,77.6,77.729,77.6,1.026,AUT*,1.1095000000000002
2023,0,2023090,9,3,Valtteri Bottas,77,Alfa Romeo,#C92D4B,32,15.0,77.22,2.0,,,0,77.474,77.22,77.474,0.694,AUT*,0.76
2023,0,2023090,9,3,Valtteri Bottas,77,Alfa Romeo,#C92D4B,33,16.0,77.553,2.0,,,0,77.386,77.553,77.386,1.038,AUT*,1.105
2023,0,2023090,9,3,Valtteri Bottas,77,Alfa Romeo,#C92D4B,34,17.0,77.669,2.0,,,0,77.611,77.669,77.611,1.712,AUT*,-
2023,0,2023090,9,3,Valtteri Bottas,77,Alfa Romeo,#C92D4B,35,18.0,77.062,2.0,,,0,77.366,77.062,77.366,1.753,AUT*,-
2023,0,2023090,9,3,Valtteri Bottas,77,Alfa Romeo,#C92D4B,36,19.0,77.552,2.0,,,0,77.307,77.552,77.307,2.484,AUT*,0.985
2023,0,2023090,9,3,Valtteri Bottas,77,Alfa Romeo,#C92D4B,37,20.0,80.3,2.0,,,0,78.926,77.793,77.673,5.598,AUT*,1.6595
2023,0,2023090,9,3,Valtteri Bottas,77,Alfa Romeo,#C92D4B,38,21.0,78.034,2.0,,,0,79.167,78.034,77.914,4.066,AUT*,1.2854999999999999
2023,0,2023090,9,3,Valtteri Bottas,77,Alfa Romeo,#C92D4B,39,22.0,76.758,2.0,,,0,77.396,76.758,77.396,3.206,AUT*,0.47950000000000004
2023,0,2023090,9,3,Valtteri Bottas,77,Alfa Romeo,#C92D4B,40,23.0,78.173,2.0,,,0,77.465,77.28,77.019,4.553,AUT*,1.9665
2023,0,2023090,9,3,Valtteri Bottas,77,Alfa Romeo,#C92D4B,41,24.0,77.803,2.0,,,0,77.988,77.803,77.542,4.015,AUT*,1.1689999999999998
2023,0,2023120,13,2,Max Verstappen,1,Red Bull Racing,#3671C6,42,1.0,-,1.0,,0 days 01:32:57.547000,1,,-,-,-,BEL*,-
2023,0,2023120,13,2,Max Verstappen,1,Red Bull Racing,#3671C6,43,2.0,-,2.0,0 days 01:33:21.922000,,1,,-,-,-,BEL*,-
2023,0,2023120,13,2,Max Verstappen,1,Red Bull Racing,#3671C6,44,3.0,-,2.0,,,1,,-,-,-,BEL*,-
2023,0,2023120,13,2,Max Verstappen,1,Red Bull Racing,#3671C6,45,4.0,-,2.0,,,1,,-,-,-,BEL*,-
2023,0,2023120,13,2,Max Verstappen,1,Red Bull Racing,#3671C6,46,5.0,-,2.0,,,1,,-,-,-,BEL*,-
2023,0,2023120,13,2,Max Verstappen,1,Red Bull Racing,#3671C6,47,6.0,-,2.0,,,1,,-,-,-,BEL*,-
2023,0,2023120,13,2,Max Verstappen,1,Red Bull Racing,#3671C6,48,7.0,120.363,2.0,,,0,,120.363,-,-3.383,BEL*,-
2023,0,2023120,13,2,Max Verstappen,1,Red Bull Racing,#3671C6,49,8.0,121.417,2.0,,,0,120.89,121.417,120.89,-1.980,BEL*,-
2023,0,2023120,13,2,Max Verstappen,1,Red Bull Racing,#3671C6,50,9.0,121.588,2.0,,,0,121.502,121.588,121.502,-2.190,BEL*,-
2023,0,2023120,13,2,Max Verstappen,1,Red Bull Racing,#3671C6,51,10.0,121.128,2.0,,,0,121.358,121.128,121.358,-2.595,BEL*,-
2023,0,2023120,13,2,Max Verstappen,1,Red Bull Racing,#3671C6,52,11.0,121.624,2.0,,,0,121.376,121.624,121.376,-2.404,BEL*,-
2023,0,2023120,13,17,Pierre Gasly,10,Alpine,#2293D1,42,1.0,-,3.0,0 days 01:31:20.064000,,1,,-,-,-,BEL*,-
2023,0,2023120,13,17,Pierre Gasly,10,Alpine,#2293D1,43,2.0,-,3.0,,,1,,-,-,-,BEL*,-
2023,0,2023120,13,17,Pierre Gasly,10,Alpine,#2293D1,44,3.0,-,3.0,,,1,,-,-,-,BEL*,-
2023,0,2023120,13,17,Pierre Gasly,10,Alpine,#2293D1,45,4.0,-,3.0,,,1,,-,-,-,BEL*,-
2023,0,2023120,13,17,Pierre Gasly,10,Alpine,#2293D1,46,5.0,-,3.0,,,1,,-,-,-,BEL*,-
2023,0,2023120,13,17,Pierre Gasly,10,Alpine,#2293D1,47,6.0,-,3.0,,,1,,-,-,-,BEL*,-
2023,0,2023120,13,17,Pierre Gasly,10,Alpine,#2293D1,48,7.0,122.237,3.0,,,0,,122.237,-,-1.509,BEL*,-0.6585
2023,0,2023120,13,17,Pierre Gasly,10,Alpine,#2293D1,49,8.0,122.564,3.0,,,0,122.4,122.564,122.4,-0.833,BEL*,-0.38899999999999996
2023,0,2023120,13,17,Pierre Gasly,10,Alpine,#2293D1,50,9.0,122.805,3.0,,,0,122.684,122.805,122.684,-0.973,BEL*,-0.277
2023,0,2023120,13,17,Pierre Gasly,10,Alpine,#2293D1,51,10.0,122.825,3.0,,,0,122.815,122.825,122.815,-0.898,BEL*,-0.3185
2023,0,2023120,13,17,Pierre Gasly,10,Alpine,#2293D1,52,11.0,122.661,3.0,,,0,122.743,122.661,122.743,-1.367,BEL*,-0.511
2023,0,2023120,13,5,Sergio Perez,11,Red Bull Racing,#3671C6,42,1.0,-,3.0,0 days 01:31:21.814000,,1,,-,-,-,BEL*,-
2023,0,2023120,13,5,Sergio Perez,11,Red Bull Racing,#3671C6,43,2.0,-,3.0,,,1,,-,-,-,BEL*,-
2023,0,2023120,13,5,Sergio Perez,11,Red Bull Racing,#3671C6,44,3.0,-,3.0,,,1,,-,-,-,BEL*,-
2023,0,2023120,13,5,Sergio Perez,11,Red Bull Racing,#3671C6,45,4.0,-,3.0,,,1,,-,-,-,BEL*,-
2023,0,2023120,13,5,Sergio Perez,11,Red Bull Racing,#3671C6,46,5.0,-,3.0,,,1,,-,-,-,BEL*,-
2023,0,2023120,13,5,Sergio Perez,11,Red Bull Racing,#3671C6,47,6.0,-,3.0,,,1,,-,-,-,BEL*,-
2023,0,2023120,13,5,Sergio Perez,11,Red Bull Racing,#3671C6,48,7.0,133.282,3.0,,,0,,133.282,-,9.536,BEL*,-
2023,0,2023120,13,5,Sergio Perez,11,Red Bull Racing,#3671C6,49,8.0,-,3.0,,0 days 01:50:06.380000,1,,-,-,-,BEL*,-
2023,0,2023120,13,19,Fernando Alonso,14,Aston Martin,#358C75,42,1.0,-,1.0,,0 days 01:33:11.156000,1,,-,-,-,BEL*,-
2023,0,2023120,13,19,Fernando Alonso,14,Aston Martin,#358C75,43,2.0,-,2.0,0 days 01:33:35.187000,,1,,-,-,-,BEL*,-
2023,0,2023120,13,19,Fernando Alonso,14,Aston Martin,#358C75,44,3.0,-,2.0,,,1,,-,-,-,BEL*,-
2023,0,2023120,13,6,Charles Leclerc,16,Ferrari,#CC1400,42,1.0,-,1.0,,0 days 01:33:01.860000,1,,-,-,-,BEL*,-
2023,0,2023120,13,6,Charles Leclerc,16,Ferrari,#CC1400,43,2.0,-,2.0,0 days 01:33:28.375000,,1,,-,-,-,BEL*,-
2023,0,2023120,13,6,Charles Leclerc,16,Ferrari,#CC1400,44,3.0,-,2.0,,,1,,-,-,-,BEL*,-
2023,0,2023120,13,6,Charles Leclerc,16,Ferrari,#CC1400,45,4.0,-,2.0,,,1,,-,-,-,BEL*,-
2023,0,2023120,13,6,Charles Leclerc,16,Ferrari,#CC1400,46,5.0,-,2.0,,,1,,-,-,-,BEL*,-
2023,0,2023120,13,6,Charles Leclerc,16,Ferrari,#CC1400,47,6.0,-,2.0,,,1,,-,-,-,BEL*,-
2023,0,2023120,13,6,Charles Leclerc,16,Ferrari,#CC1400,48,7.0,122.635,2.0,,,0,,122.635,-,-1.111,BEL*,-1.6925
2023,0,2023120,13,6,Charles Leclerc,16,Ferrari,#CC1400,49,8.0,123.004,2.0,,,0,122.82,122.736,122.685,-0.393,BEL*,-0.4965
2023,0,2023120,13,6,Charles Leclerc,16,Ferrari,#CC1400,50,9.0,122.836,2.0,,,0,122.92,122.836,122.786,-0.942,BEL*,-0.84
2023,0,2023120,13,6,Charles Leclerc,16,Ferrari,#CC1400,51,10.0,123.006,2.0,,,0,122.921,122.894,122.865,-0.717,BEL*,-0.9065000000000001
2023,0,2023120,13,6,Charles Leclerc,16,Ferrari,#CC1400,52,11.0,122.952,2.0,,,0,122.979,122.952,122.923,-1.076,BEL*,-1.1095000000000002
2023,0,2023120,13,10,Lance Stroll,18,Aston Martin,#358C75,42,1.0,-,3.0,0 days 01:31:26.376000,,1,,-,-,-,BEL*,-
2023,0,2023120,13,10,Lance Stroll,18,Aston Martin,#358C75,43,2.0,-,3.0,,,1,,-,-,-,BEL*,-
2023,0,2023120,13,10,Lance Stroll,18,Aston Martin,#358C75,44,3.0,-,3.0,,,1,,-,-,-,BEL*,-
2023,0,2023120,13,10,Lance Stroll,18,Aston Martin,#358C75,45,4.0,-,3.0,,,1,,-,-,-,BEL*,-
2023,0,2023120,13,10,Lance Stroll,18,Aston Martin,#358C75,46,5.0,-,3.0,,,1,,-,-,-,BEL*,-
2023,0,2023120,13,10,Lance Stroll,18,Aston Martin,#358C75,47,6.0,-,3.0,,,1,,-,-,-,BEL*,-
2023,0,2023120,13,10,Lance Stroll,18,Aston Martin,#358C75,48,7.0,124.383,3.0,,,0,,124.383,-,0.637,BEL*,-
2023,0,2023120,13,10,Lance Stroll,18,Aston Martin,#358C75,49,8.0,124.042,3.0,,,0,124.212,124.042,124.212,0.645,BEL*,-
2023,0,2023120,13,10,Lance Stroll,18,Aston Martin,#358C75,50,9.0,123.939,3.0,,,0,123.99,123.939,123.99,0.161,BEL*,-
2023,0,2023120,13,10,Lance Stroll,18,Aston Martin,#358C75,51,10.0,124.437,3.0,,,0,124.188,124.15,124.045,0.714,BEL*,-
2023,0,2023120,13,10,Lance Stroll,18,Aston Martin,#358C75,52,11.0,124.362,3.0,,,0,124.399,124.362,124.256,0.334,BEL*,-
2023,0,2023120,13,27,Logan Sargeant,2,Williams,#37BEDD,42,1.0,-,1.0,,0 days 01:33:10.531000,1,,-,-,-,BEL*,-
2023,0,2023120,13,27,Logan Sargeant,2,Williams,#37BEDD,43,2.0,-,2.0,0 days 01:33:35.500000,,1,,-,-,-,BEL*,-
2023,0,2023120,13,27,Logan Sargeant,2,Williams,#37BEDD,44,3.0,-,2.0,,,1,,-,-,-,BEL*,-
2023,0,2023120,13,27,Logan Sargeant,2,Williams,#37BEDD,45,4.0,-,2.0,,,1,,-,-,-,BEL*,-
2023,0,2023120,13,27,Logan Sargeant,2,Williams,#37BEDD,46,5.0,-,2.0,,,1,,-,-,-,BEL*,-
2023,0,2023120,13,27,Logan Sargeant,2,Williams,#37BEDD,47,6.0,-,2.0,,,1,,-,-,-,BEL*,-
2023,0,2023120,13,27,Logan Sargeant,2,Williams,#37BEDD,48,7.0,124.814,2.0,,,0,,124.814,-,1.068,BEL*,0.8625
2023,0,2023120,13,27,Logan Sargeant,2,Williams,#37BEDD,49,8.0,124.709,2.0,,,0,124.762,124.709,124.762,1.312,BEL*,1.1880000000000002
2023,0,2023120,13,27,Logan Sargeant,2,Williams,#37BEDD,50,9.0,124.756,2.0,,,0,124.732,124.756,124.732,0.978,BEL*,0.8220000000000001
2023,0,2023120,13,27,Logan Sargeant,2,Williams,#37BEDD,51,10.0,125.133,2.0,,,0,124.944,125.133,124.944,1.410,BEL*,0.6945
2023,0,2023120,13,27,Logan Sargeant,2,Williams,#37BEDD,52,11.0,125.715,2.0,,,0,125.424,125.715,125.424,1.687,BEL*,0.9155
2023,0,2023120,13,22,Kevin Magnussen,20,Haas F1 Team,#505050,42,1.0,-,1.0,,0 days 01:33:14.438000,1,,-,-,-,BEL*,-
2023,0,2023120,13,22,Kevin Magnussen,20,Haas F1 Team,#505050,43,2.0,-,2.0,0 days 01:33:38.969000,,1,,-,-,-,BEL*,-
2023,0,2023120,13,22,Kevin Magnussen,20,Haas F1 Team,#505050,44,3.0,-,2.0,,,1,,-,-,-,BEL*,-
2023,0,2023120,13,22,Kevin Magnussen,20,Haas F1 Team,#505050,45,4.0,-,2.0,,,1,,-,-,-,BEL*,-
2023,0,2023120,13,22,Kevin Magnussen,20,Haas F1 Team,#505050,46,5.0,-,2.0,,,1,,-,-,-,BEL*,-
2023,0,2023120,13,22,Kevin Magnussen,20,Haas F1 Team,#505050,47,6.0,-,2.0,,,1,,-,-,-,BEL*,-
2023,0,2023120,13,22,Kevin Magnussen,20,Haas F1 Team,#505050,48,7.0,125.062,2.0,,,0,,125.062,-,1.316,BEL*,1.118
2023,0,2023120,13,22,Kevin Magnussen,20,Haas F1 Team,#505050,49,8.0,124.381,2.0,,,0,124.721,124.381,124.721,0.984,BEL*,2.3405
2023,0,2023120,13,22,Kevin Magnussen,20,Haas F1 Team,#505050,50,9.0,125.11,2.0,,,0,124.746,124.708,124.544,1.332,BEL*,1.9895
2023,0,2023120,13,22,Kevin Magnussen,20,Haas F1 Team,#505050,51,10.0,125.034,2.0,,,0,125.072,125.034,124.871,1.311,BEL*,2.096
2023,0,2023120,13,22,Kevin Magnussen,20,Haas F1 Team,#505050,52,11.0,125.141,2.0,,,0,125.088,125.141,125.088,1.113,BEL*,1.6935
2023,0,2023120,13,9,Yuki Tsunoda,22,Alpha Tauri,#5E8FAA,42,1.0,-,1.0,,0 days 01:33:13.453000,1,,-,-,-,BEL*,-
2023,0,2023120,13,9,Yuki Tsunoda,22,Alpha Tauri,#5E8FAA,43,2.0,-,2.0,0 days 01:33:36.859000,,1,,-,-,-,BEL*,-
2023,0,2023120,13,9,Yuki Tsunoda,22,Alpha Tauri,#5E8FAA,44,3.0,-,2.0,,,1,,-,-,-,BEL*,-
2023,0,2023120,13,9,Yuki Tsunoda,22,Alpha Tauri,#5E8FAA,45,4.0,-,2.0,,,1,,-,-,-,BEL*,-
2023,0,2023120,13,9,Yuki Tsunoda,22,Alpha Tauri,#5E8FAA,46,5.0,-,2.0,,,1,,-,-,-,BEL*,-
2023,0,2023120,13,9,Yuki Tsunoda,22,Alpha Tauri,#5E8FAA,47,6.0,-,2.0,,,1,,-,-,-,BEL*,-
2023,0,2023120,13,9,Yuki Tsunoda,22,Alpha Tauri,#5E8FAA,48,7.0,122.08,2.0,,,0,,122.08,-,-1.666,BEL*,-0.7965
2023,0,2023120,13,9,Yuki Tsunoda,22,Alpha Tauri,#5E8FAA,49,8.0,123.742,2.0,,,0,122.911,123.742,122.911,0.345,BEL*,-0.04250000000000001
2023,0,2023120,13,9,Yuki Tsunoda,22,Alpha Tauri,#5E8FAA,50,9.0,125.138,2.0,,,0,124.44,125.138,124.44,1.360,BEL*,0.751
2023,0,2023120,13,9,Yuki Tsunoda,22,Alpha Tauri,#5E8FAA,51,10.0,125.669,2.0,,,0,125.404,125.669,125.404,1.946,BEL*,1.417
2023,0,2023120,13,9,Yuki Tsunoda,22,Alpha Tauri,#5E8FAA,52,11.0,126.953,2.0,,,0,126.311,126.953,126.311,2.925,BEL*,2.3289999999999997
2023,0,2023120,13,24,Alexander Albon,23,Williams,#37BEDD,42,1.0,-,3.0,0 days 01:31:26.298000,,1,,-,-,-,BEL*,-
2023,0,2023120,13,24,Alexander Albon,23,Williams,#37BEDD,43,2.0,-,3.0,,,1,,-,-,-,BEL*,-
2023,0,2023120,13,24,Alexander Albon,23,Williams,#37BEDD,44,3.0,-,3.0,,,1,,-,-,-,BEL*,-
2023,0,2023120,13,24,Alexander Albon,23,Williams,#37BEDD,45,4.0,-,3.0,,,1,,-,-,-,BEL*,-
2023,0,2023120,13,24,Alexander Albon,23,Williams,#37BEDD,46,5.0,-,3.0,,,1,,-,-,-,BEL*,-
2023,0,2023120,13,24,Alexander Albon,23,Williams,#37BEDD,47,6.0,-,3.0,,,1,,-,-,-,BEL*,-
2023,0,2023120,13,24,Alexander Albon,23,Williams,#37BEDD,48,7.0,124.403,3.0,,,0,,124.403,-,0.657,BEL*,0.8625
2023,0,2023120,13,24,Alexander Albon,23,Williams,#37BEDD,49,8.0,124.461,3.0,,,0,124.432,124.461,124.432,1.064,BEL*,1.1880000000000002
2023,0,2023120,13,24,Alexander Albon,23,Williams,#37BEDD,50,9.0,124.444,3.0,,,0,124.452,124.444,124.452,0.666,BEL*,0.8220000000000001
2023,0,2023120,13,24,Alexander Albon,23,Williams,#37BEDD,51,10.0,123.702,3.0,,,0,124.073,123.702,124.073,-0.021,BEL*,0.6945
2023,0,2023120,13,24,Alexander Albon,23,Williams,#37BEDD,52,11.0,124.172,3.0,,,0,123.937,124.172,123.937,0.144,BEL*,0.9155
2023,0,2023120,13,23,Guanyu Zhou,24,Alfa Romeo,#C92D4B,42,1.0,-,1.0,,0 days 01:33:17.641000,1,,-,-,-,BEL*,-
2023,0,2023120,13,23,Guanyu Zhou,24,Alfa Romeo,#C92D4B,43,2.0,-,2.0,0 days 01:33:42.562000,,1,,-,-,-,BEL*,-
2023,0,2023120,13,23,Guanyu Zhou,24,Alfa Romeo,#C92D4B,44,3.0,-,2.0,,,1,,-,-,-,BEL*,-
2023,0,2023120,13,23,Guanyu Zhou,24,Alfa Romeo,#C92D4B,45,4.0,-,2.0,,,1,,-,-,-,BEL*,-
2023,0,2023120,13,23,Guanyu Zhou,24,Alfa Romeo,#C92D4B,46,5.0,-,2.0,,,1,,-,-,-,BEL*,-
2023,0,2023120,13,23,Guanyu Zhou,24,Alfa Romeo,#C92D4B,47,6.0,-,2.0,,,1,,-,-,-,BEL*,-
2023,0,2023120,13,23,Guanyu Zhou,24,Alfa Romeo,#C92D4B,48,7.0,124.86,2.0,,,0,,124.86,-,1.114,BEL*,0.9890000000000001
2023,0,2023120,13,23,Guanyu Zhou,24,Alfa Romeo,#C92D4B,49,8.0,125.956,2.0,,,0,125.408,124.958,124.909,2.559,BEL*,1.7185000000000001
2023,0,2023120,13,23,Guanyu Zhou,24,Alfa Romeo,#C92D4B,50,9.0,125.056,2.0,,,0,125.506,125.056,125.007,1.278,BEL*,1.0785
2023,0,2023120,13,23,Guanyu Zhou,24,Alfa Romeo,#C92D4B,51,10.0,125.874,2.0,,,0,125.465,125.125,125.091,2.151,BEL*,1.208
2023,0,2023120,13,23,Guanyu Zhou,24,Alfa Romeo,#C92D4B,52,11.0,125.195,2.0,,,0,125.534,125.195,125.16,1.167,BEL*,0.5615
2023,0,2023120,13,25,Nico Hulkenberg,27,Haas F1 Team,#505050,42,1.0,-,3.0,0 days 01:31:29.704000,,1,,-,-,-,BEL*,-
2023,0,2023120,13,25,Nico Hulkenberg,27,Haas F1 Team,#505050,43,2.0,-,3.0,,,1,,-,-,-,BEL*,-
2023,0,2023120,13,25,Nico Hulkenberg,27,Haas F1 Team,#505050,44,3.0,-,3.0,,,1,,-,-,-,BEL*,-
2023,0,2023120,13,25,Nico Hulkenberg,27,Haas F1 Team,#505050,45,4.0,-,3.0,,,1,,-,-,-,BEL*,-
2023,0,2023120,13,25,Nico Hulkenberg,27,Haas F1 Team,#505050,46,5.0,-,3.0,,,1,,-,-,-,BEL*,-
2023,0,2023120,13,25,Nico Hulkenberg,27,Haas F1 Team,#505050,47,6.0,-,3.0,,,1,,-,-,-,BEL*,-
2023,0,2023120,13,25,Nico Hulkenberg,27,Haas F1 Team,#505050,48,7.0,124.666,3.0,,,0,,124.666,-,0.920,BEL*,1.118
2023,0,2023120,13,25,Nico Hulkenberg,27,Haas F1 Team,#505050,49,8.0,127.094,3.0,,,0,125.88,125.546,125.106,3.697,BEL*,2.3405
2023,0,2023120,13,25,Nico Hulkenberg,27,Haas F1 Team,#505050,50,9.0,126.425,3.0,,,0,126.76,126.425,125.985,2.647,BEL*,1.9895
2023,0,2023120,13,25,Nico Hulkenberg,27,Haas F1 Team,#505050,51,10.0,126.604,3.0,,,0,126.514,126.604,126.514,2.881,BEL*,2.096
2023,0,2023120,13,25,Nico Hulkenberg,27,Haas F1 Team,#505050,52,11.0,126.302,3.0,,,0,126.453,126.302,126.453,2.274,BEL*,1.6935
2023,0,2023120,13,7,Daniel Ricciardo,3,Alpha Tauri,#5E8FAA,42,1.0,-,3.0,0 days 01:31:25.767000,,1,,-,-,-,BEL*,-
2023,0,2023120,13,7,Daniel Ricciardo,3,Alpha Tauri,#5E8FAA,43,2.0,-,3.0,,,1,,-,-,-,BEL*,-
2023,0,2023120,13,7,Daniel Ricciardo,3,Alpha Tauri,#5E8FAA,44,3.0,-,3.0,,,1,,-,-,-,BEL*,-
2023,0,2023120,13,7,Daniel Ricciardo,3,Alpha Tauri,#5E8FAA,45,4.0,-,3.0,,,1,,-,-,-,BEL*,-
2023,0,2023120,13,7,Daniel Ricciardo,3,Alpha Tauri,#5E8FAA,46,5.0,-,3.0,,,1,,-,-,-,BEL*,-
2023,0,2023120,13,7,Daniel Ricciardo,3,Alpha Tauri,#5E8FAA,47,6.0,-,3.0,,,1,,-,-,-,BEL*,-
2023,0,2023120,13,7,Daniel Ricciardo,3,Alpha Tauri,#5E8FAA,48,7.0,123.819,3.0,,,0,,123.819,-,0.073,BEL*,-0.7965
2023,0,2023120,13,7,Daniel Ricciardo,3,Alpha Tauri,#5E8FAA,49,8.0,122.967,3.0,,,0,123.393,122.967,123.393,-0.430,BEL*,-0.04250000000000001
2023,0,2023120,13,7,Daniel Ricciardo,3,Alpha Tauri,#5E8FAA,50,9.0,123.92,3.0,,,0,123.444,123.92,123.444,0.142,BEL*,0.751
2023,0,2023120,13,7,Daniel Ricciardo,3,Alpha Tauri,#5E8FAA,51,10.0,124.611,3.0,,,0,124.266,124.611,124.266,0.888,BEL*,1.417
2023,0,2023120,13,7,Daniel Ricciardo,3,Alpha Tauri,#5E8FAA,52,11.0,125.761,3.0,,,0,125.186,125.761,125.186,1.733,BEL*,2.3289999999999997
2023,0,2023120,13,13,Esteban Ocon,31,Alpine,#2293D1,42,1.0,-,1.0,,0 days 01:33:06.578000,1,,-,-,-,BEL*,-
2023,0,2023120,13,13,Esteban Ocon,31,Alpine,#2293D1,43,2.0,-,2.0,0 days 01:33:30.672000,,1,,-,-,-,BEL*,-
2023,0,2023120,13,13,Esteban Ocon,31,Alpine,#2293D1,44,3.0,-,2.0,,,1,,-,-,-,BEL*,-
2023,0,2023120,13,13,Esteban Ocon,31,Alpine,#2293D1,45,4.0,-,2.0,,,1,,-,-,-,BEL*,-
2023,0,2023120,13,13,Esteban Ocon,31,Alpine,#2293D1,46,5.0,-,2.0,,,1,,-,-,-,BEL*,-
2023,0,2023120,13,13,Esteban Ocon,31,Alpine,#2293D1,47,6.0,-,2.0,,,1,,-,-,-,BEL*,-
2023,0,2023120,13,13,Esteban Ocon,31,Alpine,#2293D1,48,7.0,123.938,2.0,,,0,,123.938,-,0.192,BEL*,-0.6585
2023,0,2023120,13,13,Esteban Ocon,31,Alpine,#2293D1,49,8.0,123.452,2.0,,,0,123.695,123.452,123.695,0.055,BEL*,-0.38899999999999996
2023,0,2023120,13,13,Esteban Ocon,31,Alpine,#2293D1,50,9.0,124.197,2.0,,,0,123.824,123.718,123.585,0.419,BEL*,-0.277
2023,0,2023120,13,13,Esteban Ocon,31,Alpine,#2293D1,51,10.0,123.984,2.0,,,0,124.09,123.984,123.851,0.261,BEL*,-0.3185
2023,0,2023120,13,13,Esteban Ocon,31,Alpine,#2293D1,52,11.0,124.373,2.0,,,0,124.178,124.373,124.178,0.345,BEL*,-0.511
2023,0,2023120,13,4,Lando Norris,4,McLaren,#F58020,42,1.0,-,1.0,,0 days 01:33:03.844000,1,,-,-,-,BEL*,-
2023,0,2023120,13,4,Lando Norris,4,McLaren,#F58020,43,2.0,-,2.0,0 days 01:33:30.172000,,1,,-,-,-,BEL*,-
2023,0,2023120,13,4,Lando Norris,4,McLaren,#F58020,44,3.0,-,2.0,,,1,,-,-,-,BEL*,-
2023,0,2023120,13,4,Lando Norris,4,McLaren,#F58020,45,4.0,-,2.0,,,1,,-,-,-,BEL*,-
2023,0,2023120,13,4,Lando Norris,4,McLaren,#F58020,46,5.0,-,2.0,,,1,,-,-,-,BEL*,-
2023,0,2023120,13,4,Lando Norris,4,McLaren,#F58020,47,6.0,-,2.0,,,1,,-,-,-,BEL*,-
2023,0,2023120,13,4,Lando Norris,4,McLaren,#F58020,48,7.0,123.684,2.0,,,0,,123.684,-,-0.062,BEL*,-1.121
2023,0,2023120,13,4,Lando Norris,4,McLaren,#F58020,49,8.0,122.085,2.0,,,0,122.884,122.085,122.884,-1.312,BEL*,-1.005
2023,0,2023120,13,4,Lando Norris,4,McLaren,#F58020,50,9.0,122.899,2.0,,,0,122.492,122.899,122.492,-0.879,BEL*,-0.949
2023,0,2023120,13,4,Lando Norris,4,McLaren,#F58020,51,10.0,123.496,2.0,,,0,123.197,122.944,122.922,-0.227,BEL*,-1.0425
2023,0,2023120,13,4,Lando Norris,4,McLaren,#F58020,52,11.0,122.99,2.0,,,0,123.243,122.99,122.967,-1.038,BEL*,-1.4705
2023,0,2023120,13,1,Lewis Hamilton,44,Mercedes,#6CD3BF,42,1.0,-,3.0,0 days 01:31:23.564000,,1,,-,-,-,BEL*,-
2023,0,2023120,13,1,Lewis Hamilton,44,Mercedes,#6CD3BF,43,2.0,-,3.0,,,1,,-,-,-,BEL*,-
2023,0,2023120,13,1,Lewis Hamilton,44,Mercedes,#6CD3BF,44,3.0,-,3.0,,,1,,-,-,-,BEL*,-
2023,0,2023120,13,1,Lewis Hamilton,44,Mercedes,#6CD3BF,45,4.0,-,3.0,,,1,,-,-,-,BEL*,-
2023,0,2023120,13,1,Lewis Hamilton,44,Mercedes,#6CD3BF,46,5.0,-,3.0,,,1,,-,-,-,BEL*,-
2023,0,2023120,13,1,Lewis Hamilton,44,Mercedes,#6CD3BF,47,6.0,-,3.0,,,1,,-,-,-,BEL*,-
2023,0,2023120,13,1,Lewis Hamilton,44,Mercedes,#6CD3BF,48,7.0,120.92,3.0,,,0,,120.92,-,-2.826,BEL*,-2.096
2023,0,2023120,13,1,Lewis Hamilton,44,Mercedes,#6CD3BF,49,8.0,122.87,3.0,,,0,121.895,121.821,121.37,-0.527,BEL*,-0.3905
2023,0,2023120,13,1,Lewis Hamilton,44,Mercedes,#6CD3BF,50,9.0,122.722,3.0,,,0,122.796,122.722,122.272,-1.056,BEL*,-1.1165
2023,0,2023120,13,1,Lewis Hamilton,44,Mercedes,#6CD3BF,51,10.0,122.793,3.0,,,0,122.758,122.793,122.758,-0.930,BEL*,-1.359
2023,0,2023120,13,1,Lewis Hamilton,44,Mercedes,#6CD3BF,52,11.0,122.837,3.0,,,0,122.815,122.837,122.815,-1.191,BEL*,-1.3705
2023,0,2023120,13,8,Carlos Sainz,55,Ferrari,#CC1400,42,1.0,-,3.0,0 days 01:31:24.689000,,1,,-,-,-,BEL*,-
2023,0,2023120,13,8,Carlos Sainz,55,Ferrari,#CC1400,43,2.0,-,3.0,,,1,,-,-,-,BEL*,-
2023,0,2023120,13,8,Carlos Sainz,55,Ferrari,#CC1400,44,3.0,-,3.0,,,1,,-,-,-,BEL*,-
2023,0,2023120,13,8,Carlos Sainz,55,Ferrari,#CC1400,45,4.0,-,3.0,,,1,,-,-,-,BEL*,-
2023,0,2023120,13,8,Carlos Sainz,55,Ferrari,#CC1400,46,5.0,-,3.0,,,1,,-,-,-,BEL*,-
2023,0,2023120,13,8,Carlos Sainz,55,Ferrari,#CC1400,47,6.0,-,3.0,,,1,,-,-,-,BEL*,-
2023,0,2023120,13,8,Carlos Sainz,55,Ferrari,#CC1400,48,7.0,121.472,3.0,,,0,,121.472,-,-2.274,BEL*,-1.6925
2023,0,2023120,13,8,Carlos Sainz,55,Ferrari,#CC1400,49,8.0,122.797,3.0,,,0,122.134,122.797,122.134,-0.600,BEL*,-0.4965
2023,0,2023120,13,8,Carlos Sainz,55,Ferrari,#CC1400,50,9.0,123.04,3.0,,,0,122.918,123.04,122.918,-0.738,BEL*,-0.84
2023,0,2023120,13,8,Carlos Sainz,55,Ferrari,#CC1400,51,10.0,122.627,3.0,,,0,122.834,122.627,122.834,-1.096,BEL*,-0.9065000000000001
2023,0,2023120,13,8,Carlos Sainz,55,Ferrari,#CC1400,52,11.0,122.885,3.0,,,0,122.756,122.885,122.756,-1.143,BEL*,-1.1095000000000002
2023,0,2023120,13,14,George Russell,63,Mercedes,#6CD3BF,42,1.0,-,1.0,,0 days 01:33:07.969000,1,,-,-,-,BEL*,-
2023,0,2023120,13,14,George Russell,63,Mercedes,#6CD3BF,43,2.0,-,2.0,0 days 01:33:32.453000,,1,,-,-,-,BEL*,-
2023,0,2023120,13,14,George Russell,63,Mercedes,#6CD3BF,44,3.0,-,2.0,,,1,,-,-,-,BEL*,-
2023,0,2023120,13,14,George Russell,63,Mercedes,#6CD3BF,45,4.0,-,2.0,,,1,,-,-,-,BEL*,-
2023,0,2023120,13,14,George Russell,63,Mercedes,#6CD3BF,46,5.0,-,2.0,,,1,,-,-,-,BEL*,-
2023,0,2023120,13,14,George Russell,63,Mercedes,#6CD3BF,47,6.0,-,2.0,,,1,,-,-,-,BEL*,-
2023,0,2023120,13,14,George Russell,63,Mercedes,#6CD3BF,48,7.0,122.38,2.0,,,0,,122.38,-,-1.366,BEL*,-2.096
2023,0,2023120,13,14,George Russell,63,Mercedes,#6CD3BF,49,8.0,123.143,2.0,,,0,122.762,122.49,122.435,-0.254,BEL*,-0.3905
2023,0,2023120,13,14,George Russell,63,Mercedes,#6CD3BF,50,9.0,122.601,2.0,,,0,122.872,122.601,122.546,-1.177,BEL*,-1.1165
2023,0,2023120,13,14,George Russell,63,Mercedes,#6CD3BF,51,10.0,121.935,2.0,,,0,122.268,121.935,122.268,-1.788,BEL*,-1.359
2023,0,2023120,13,14,George Russell,63,Mercedes,#6CD3BF,52,11.0,122.478,2.0,,,0,122.206,122.478,122.206,-1.550,BEL*,-1.3705
2023,0,2023120,13,3,Valtteri Bottas,77,Alfa Romeo,#C92D4B,42,1.0,-,3.0,0 days 01:31:28.173000,,1,,-,-,-,BEL*,-
2023,0,2023120,13,3,Valtteri Bottas,77,Alfa Romeo,#C92D4B,43,2.0,-,3.0,,,1,,-,-,-,BEL*,-
2023,0,2023120,13,3,Valtteri Bottas,77,Alfa Romeo,#C92D4B,44,3.0,-,3.0,,,1,,-,-,-,BEL*,-
2023,0,2023120,13,3,Valtteri Bottas,77,Alfa Romeo,#C92D4B,45,4.0,-,3.0,,,1,,-,-,-,BEL*,-
2023,0,2023120,13,3,Valtteri Bottas,77,Alfa Romeo,#C92D4B,46,5.0,-,3.0,,,1,,-,-,-,BEL*,-
2023,0,2023120,13,3,Valtteri Bottas,77,Alfa Romeo,#C92D4B,47,6.0,-,3.0,,,1,,-,-,-,BEL*,-
2023,0,2023120,13,3,Valtteri Bottas,77,Alfa Romeo,#C92D4B,48,7.0,124.61,3.0,,,0,,124.61,-,0.864,BEL*,0.9890000000000001
2023,0,2023120,13,3,Valtteri Bottas,77,Alfa Romeo,#C92D4B,49,8.0,124.275,3.0,,,0,124.442,124.275,124.442,0.878,BEL*,1.7185000000000001
2023,0,2023120,13,3,Valtteri Bottas,77,Alfa Romeo,#C92D4B,50,9.0,124.657,3.0,,,0,124.466,124.657,124.466,0.879,BEL*,1.0785
2023,0,2023120,13,3,Valtteri Bottas,77,Alfa Romeo,#C92D4B,51,10.0,123.988,3.0,,,0,124.322,123.988,124.322,0.265,BEL*,1.208
2023,0,2023120,13,3,Valtteri Bottas,77,Alfa Romeo,#C92D4B,52,11.0,123.984,3.0,,,0,123.986,123.984,123.986,-0.044,BEL*,0.5615
2023,0,2023120,13,28,Oscar Piastri,81,McLaren,#F58020,42,1.0,-,3.0,0 days 01:31:16.955000,,1,,-,-,-,BEL*,-
2023,0,2023120,13,28,Oscar Piastri,81,McLaren,#F58020,43,2.0,-,3.0,,,1,,-,-,-,BEL*,-
2023,0,2023120,13,28,Oscar Piastri,81,McLaren,#F58020,44,3.0,-,3.0,,,1,,-,-,-,BEL*,-
2023,0,2023120,13,28,Oscar Piastri,81,McLaren,#F58020,45,4.0,-,3.0,,,1,,-,-,-,BEL*,-
2023,0,2023120,13,28,Oscar Piastri,81,McLaren,#F58020,46,5.0,-,3.0,,,1,,-,-,-,BEL*,-
2023,0,2023120,13,28,Oscar Piastri,81,McLaren,#F58020,47,6.0,-,3.0,,,1,,-,-,-,BEL*,-
2023,0,2023120,13,28,Oscar Piastri,81,McLaren,#F58020,48,7.0,121.566,3.0,,,0,,121.566,-,-2.180,BEL*,-1.121
2023,0,2023120,13,28,Oscar Piastri,81,McLaren,#F58020,49,8.0,122.699,3.0,,,0,122.132,122.699,122.132,-0.698,BEL*,-1.005
2023,0,2023120,13,28,Oscar Piastri,81,McLaren,#F58020,50,9.0,122.759,3.0,,,0,122.729,122.759,122.729,-1.019,BEL*,-0.949
2023,0,2023120,13,28,Oscar Piastri,81,McLaren,#F58020,51,10.0,121.865,3.0,,,0,122.312,121.865,122.312,-1.858,BEL*,-1.0425
2023,0,2023120,13,28,Oscar Piastri,81,McLaren,#F58020,52,11.0,122.125,3.0,,,0,121.995,122.125,121.995,-1.903,BEL*,-1.4705
2023,0,2023170,19,2,Max Verstappen,1,Red Bull Racing,#3671C6,53,1.0,-,1.0,,,1,,-,-,-,QAT*,-
2023,0,2023170,19,2,Max Verstappen,1,Red Bull Racing,#3671C6,54,2.0,-,1.0,,,1,,-,-,-,QAT*,-
2023,0,2023170,19,2,Max Verstappen,1,Red Bull Racing,#3671C6,55,3.0,-,1.0,,,1,,-,-,-,QAT*,-
2023,0,2023170,19,2,Max Verstappen,1,Red Bull Racing,#3671C6,56,4.0,-,1.0,,,1,,-,-,-,QAT*,-
2023,0,2023170,19,2,Max Verstappen,1,Red Bull Racing,#3671C6,57,5.0,-,1.0,,,1,,-,-,-,QAT*,-
2023,0,2023170,19,2,Max Verstappen,1,Red Bull Racing,#3671C6,58,6.0,-,1.0,,,1,,-,-,-,QAT*,-
2023,0,2023170,19,2,Max Verstappen,1,Red Bull Racing,#3671C6,59,7.0,-,1.0,,,1,,-,-,-,QAT*,-
2023,0,2023170,19,2,Max Verstappen,1,Red Bull Racing,#3671C6,60,8.0,88.478,1.0,,,0,,88.478,-,-1.043,QAT*,-
2023,0,2023170,19,2,Max Verstappen,1,Red Bull Racing,#3671C6,61,9.0,88.506,1.0,,,0,88.492,88.506,88.492,-0.904,QAT*,-
2023,0,2023170,19,2,Max Verstappen,1,Red Bull Racing,#3671C6,62,10.0,87.603,1.0,,,0,88.054,87.603,88.054,-1.989,QAT*,-
2023,0,2023170,19,2,Max Verstappen,1,Red Bull Racing,#3671C6,63,11.0,-,1.0,,,1,,-,-,-,QAT*,-
2023,0,2023170,19,2,Max Verstappen,1,Red Bull Racing,#3671C6,64,12.0,-,1.0,,,1,,-,-,-,QAT*,-
2023,0,2023170,19,2,Max Verstappen,1,Red Bull Racing,#3671C6,65,13.0,-,1.0,,,1,,-,-,-,QAT*,-
2023,0,2023170,19,2,Max Verstappen,1,Red Bull Racing,#3671C6,66,14.0,-,1.0,,,1,,-,-,-,QAT*,-
2023,0,2023170,19,2,Max Verstappen,1,Red Bull Racing,#3671C6,67,15.0,-,1.0,,,1,,-,-,-,QAT*,-
2023,0,2023170,19,2,Max Verstappen,1,Red Bull Racing,#3671C6,68,16.0,85.945,1.0,,,0,,85.945,-,-2.916,QAT*,-
2023,0,2023170,19,2,Max Verstappen,1,Red Bull Racing,#3671C6,69,17.0,85.604,1.0,,,0,85.774,85.604,85.774,-3.186,QAT*,-
2023,0,2023170,19,2,Max Verstappen,1,Red Bull Racing,#3671C6,70,18.0,86.008,1.0,,,0,85.806,86.008,85.806,-2.962,QAT*,-
2023,0,2023170,19,2,Max Verstappen,1,Red Bull Racing,#3671C6,71,19.0,86.128,1.0,,,0,86.068,86.128,86.068,-2.979,QAT*,-
2023,0,2023170,19,17,Pierre Gasly,10,Alpine,#2293D1,53,1.0,-,1.0,,,1,,-,-,-,QAT*,-
2023,0,2023170,19,17,Pierre Gasly,10,Alpine,#2293D1,54,2.0,-,1.0,,,1,,-,-,-,QAT*,-
2023,0,2023170,19,17,Pierre Gasly,10,Alpine,#2293D1,55,3.0,-,1.0,,,1,,-,-,-,QAT*,-
2023,0,2023170,19,17,Pierre Gasly,10,Alpine,#2293D1,56,4.0,-,1.0,,,1,,-,-,-,QAT*,-
2023,0,2023170,19,17,Pierre Gasly,10,Alpine,#2293D1,57,5.0,-,1.0,,,1,,-,-,-,QAT*,-
2023,0,2023170,19,17,Pierre Gasly,10,Alpine,#2293D1,58,6.0,-,1.0,,,1,,-,-,-,QAT*,-
2023,0,2023170,19,17,Pierre Gasly,10,Alpine,#2293D1,59,7.0,-,1.0,,,1,,-,-,-,QAT*,-
2023,0,2023170,19,17,Pierre Gasly,10,Alpine,#2293D1,60,8.0,89.729,1.0,,,0,,89.729,-,0.208,QAT*,-
2023,0,2023170,19,17,Pierre Gasly,10,Alpine,#2293D1,61,9.0,90.576,1.0,,,0,90.152,90.576,90.152,1.166,QAT*,-
2023,0,2023170,19,17,Pierre Gasly,10,Alpine,#2293D1,62,10.0,90.504,1.0,,,0,90.54,90.504,90.54,0.912,QAT*,-
2023,0,2023170,19,17,Pierre Gasly,10,Alpine,#2293D1,63,11.0,-,1.0,,,1,,-,-,-,QAT*,-
2023,0,2023170,19,17,Pierre Gasly,10,Alpine,#2293D1,64,12.0,-,1.0,,,1,,-,-,-,QAT*,-
2023,0,2023170,19,17,Pierre Gasly,10,Alpine,#2293D1,65,13.0,-,1.0,,,1,,-,-,-,QAT*,-
2023,0,2023170,19,17,Pierre Gasly,10,Alpine,#2293D1,66,14.0,-,1.0,,,1,,-,-,-,QAT*,-
2023,0,2023170,19,17,Pierre Gasly,10,Alpine,#2293D1,67,15.0,-,1.0,,,1,,-,-,-,QAT*,-
2023,0,2023170,19,17,Pierre Gasly,10,Alpine,#2293D1,68,16.0,88.769,1.0,,,0,,88.769,-,-0.092,QAT*,-
2023,0,2023170,19,17,Pierre Gasly,10,Alpine,#2293D1,69,17.0,90.522,1.0,,,0,89.646,90.522,89.646,1.732,QAT*,-
2023,0,2023170,19,17,Pierre Gasly,10,Alpine,#2293D1,70,18.0,90.854,1.0,,,0,90.688,90.854,90.688,1.884,QAT*,-
2023,0,2023170,19,17,Pierre Gasly,10,Alpine,#2293D1,71,19.0,89.766,1.0,,,0,90.31,89.766,90.31,0.659,QAT*,-
2023,0,2023170,19,5,Sergio Perez,11,Red Bull Racing,#3671C6,53,1.0,-,1.0,,,1,,-,-,-,QAT*,-
2023,0,2023170,19,5,Sergio Perez,11,Red Bull Racing,#3671C6,54,2.0,-,1.0,,,1,,-,-,-,QAT*,-
2023,0,2023170,19,5,Sergio Perez,11,Red Bull Racing,#3671C6,55,3.0,-,1.0,,,1,,-,-,-,QAT*,-
2023,0,2023170,19,5,Sergio Perez,11,Red Bull Racing,#3671C6,56,4.0,-,1.0,,,1,,-,-,-,QAT*,-
2023,0,2023170,19,5,Sergio Perez,11,Red Bull Racing,#3671C6,57,5.0,-,1.0,,,1,,-,-,-,QAT*,-
2023,0,2023170,19,5,Sergio Perez,11,Red Bull Racing,#3671C6,58,6.0,-,1.0,,,1,,-,-,-,QAT*,-
2023,0,2023170,19,5,Sergio Perez,11,Red Bull Racing,#3671C6,59,7.0,-,1.0,,,1,,-,-,-,QAT*,-
2023,0,2023170,19,5,Sergio Perez,11,Red Bull Racing,#3671C6,60,8.0,89.658,1.0,,,0,,89.658,-,0.137,QAT*,-
2023,0,2023170,19,5,Sergio Perez,11,Red Bull Racing,#3671C6,61,9.0,88.584,1.0,,,0,89.121,88.584,89.121,-0.826,QAT*,-
2023,0,2023170,19,5,Sergio Perez,11,Red Bull Racing,#3671C6,62,10.0,89.788,1.0,,,0,89.186,89.788,89.186,0.196,QAT*,-
2023,0,2023170,19,5,Sergio Perez,11,Red Bull Racing,#3671C6,63,11.0,-,1.0,,,1,,-,-,-,QAT*,-
2023,0,2023170,19,19,Fernando Alonso,14,Aston Martin,#358C75,53,1.0,-,1.0,,,1,,-,-,-,QAT*,-
2023,0,2023170,19,19,Fernando Alonso,14,Aston Martin,#358C75,54,2.0,-,1.0,,,1,,-,-,-,QAT*,-
2023,0,2023170,19,19,Fernando Alonso,14,Aston Martin,#358C75,55,3.0,-,1.0,,,1,,-,-,-,QAT*,-
2023,0,2023170,19,19,Fernando Alonso,14,Aston Martin,#358C75,56,4.0,-,1.0,,,1,,-,-,-,QAT*,-
2023,0,2023170,19,19,Fernando Alonso,14,Aston Martin,#358C75,57,5.0,-,1.0,,,1,,-,-,-,QAT*,-
2023,0,2023170,19,19,Fernando Alonso,14,Aston Martin,#358C75,58,6.0,-,1.0,,,1,,-,-,-,QAT*,-
2023,0,2023170,19,19,Fernando Alonso,14,Aston Martin,#358C75,59,7.0,-,1.0,,,1,,-,-,-,QAT*,-
2023,0,2023170,19,19,Fernando Alonso,14,Aston Martin,#358C75,60,8.0,89.084,1.0,,,0,,89.084,-,-0.437,QAT*,0.04100000000000001
2023,0,2023170,19,19,Fernando Alonso,14,Aston Martin,#358C75,61,9.0,89.286,1.0,,,0,89.185,89.286,89.185,-0.124,QAT*,0.22899999999999998
2023,0,2023170,19,19,Fernando Alonso,14,Aston Martin,#358C75,62,10.0,89.691,1.0,,,0,89.488,89.691,89.488,0.099,QAT*,0.4355
2023,0,2023170,19,19,Fernando Alonso,14,Aston Martin,#358C75,63,11.0,-,1.0,,,1,,-,-,-,QAT*,-
2023,0,2023170,19,19,Fernando Alonso,14,Aston Martin,#358C75,64,12.0,-,1.0,,,1,,-,-,-,QAT*,-
2023,0,2023170,19,19,Fernando Alonso,14,Aston Martin,#358C75,65,13.0,-,1.0,,,1,,-,-,-,QAT*,-
2023,0,2023170,19,19,Fernando Alonso,14,Aston Martin,#358C75,66,14.0,-,1.0,,,1,,-,-,-,QAT*,-
2023,0,2023170,19,19,Fernando Alonso,14,Aston Martin,#358C75,67,15.0,-,1.0,,,1,,-,-,-,QAT*,-
2023,0,2023170,19,19,Fernando Alonso,14,Aston Martin,#358C75,68,16.0,88.717,1.0,,,0,,88.717,-,-0.144,QAT*,0.5945
2023,0,2023170,19,19,Fernando Alonso,14,Aston Martin,#358C75,69,17.0,89.977,1.0,,,0,89.347,89.977,89.347,1.187,QAT*,0.9665
2023,0,2023170,19,19,Fernando Alonso,14,Aston Martin,#358C75,70,18.0,90.935,1.0,,,0,90.456,90.166,90.072,1.965,QAT*,1.4735
2023,0,2023170,19,19,Fernando Alonso,14,Aston Martin,#358C75,71,19.0,90.356,1.0,,,0,90.646,90.356,90.261,1.249,QAT*,1.2005
2023,0,2023170,19,6,Charles Leclerc,16,Ferrari,#CC1400,53,1.0,-,1.0,,,1,,-,-,-,QAT*,-
2023,0,2023170,19,6,Charles Leclerc,16,Ferrari,#CC1400,54,2.0,-,1.0,,,1,,-,-,-,QAT*,-
2023,0,2023170,19,6,Charles Leclerc,16,Ferrari,#CC1400,55,3.0,-,1.0,,,1,,-,-,-,QAT*,-
2023,0,2023170,19,6,Charles Leclerc,16,Ferrari,#CC1400,56,4.0,-,1.0,,,1,,-,-,-,QAT*,-
2023,0,2023170,19,6,Charles Leclerc,16,Ferrari,#CC1400,57,5.0,-,1.0,,,1,,-,-,-,QAT*,-
2023,0,2023170,19,6,Charles Leclerc,16,Ferrari,#CC1400,58,6.0,-,1.0,,,1,,-,-,-,QAT*,-
2023,0,2023170,19,6,Charles Leclerc,16,Ferrari,#CC1400,59,7.0,-,1.0,,,1,,-,-,-,QAT*,-
2023,0,2023170,19,6,Charles Leclerc,16,Ferrari,#CC1400,60,8.0,88.759,1.0,,,0,,88.759,-,-0.762,QAT*,-0.7705
2023,0,2023170,19,6,Charles Leclerc,16,Ferrari,#CC1400,61,9.0,90.145,1.0,,,0,89.452,89.253,89.006,0.735,QAT*,0.6385000000000001
2023,0,2023170,19,6,Charles Leclerc,16,Ferrari,#CC1400,62,10.0,89.747,1.0,,,0,89.946,89.747,89.5,0.155,QAT*,0.341
2023,0,2023170,19,6,Charles Leclerc,16,Ferrari,#CC1400,63,11.0,-,1.0,,,1,,-,-,-,QAT*,-
2023,0,2023170,19,6,Charles Leclerc,16,Ferrari,#CC1400,64,12.0,-,1.0,,,1,,-,-,-,QAT*,-
2023,0,2023170,19,6,Charles Leclerc,16,Ferrari,#CC1400,65,13.0,-,1.0,,,1,,-,-,-,QAT*,-
2023,0,2023170,19,6,Charles Leclerc,16,Ferrari,#CC1400,66,14.0,-,1.0,,,1,,-,-,-,QAT*,-
2023,0,2023170,19,6,Charles Leclerc,16,Ferrari,#CC1400,67,15.0,-,1.0,,,1,,-,-,-,QAT*,-
2023,0,2023170,19,6,Charles Leclerc,16,Ferrari,#CC1400,68,16.0,88.989,1.0,,,0,,88.989,-,0.128,QAT*,0.010500000000000002
2023,0,2023170,19,6,Charles Leclerc,16,Ferrari,#CC1400,69,17.0,90.57,1.0,,,0,89.78,89.482,89.236,1.780,QAT*,1.8355000000000001
2023,0,2023170,19,6,Charles Leclerc,16,Ferrari,#CC1400,70,18.0,89.975,1.0,,,0,90.272,89.975,89.728,1.005,QAT*,0.9085
2023,0,2023170,19,6,Charles Leclerc,16,Ferrari,#CC1400,71,19.0,90.632,1.0,,,0,90.304,90.632,90.304,1.525,QAT*,1.444
2023,0,2023170,19,10,Lance Stroll,18,Aston Martin,#358C75,53,1.0,-,1.0,,,1,,-,-,-,QAT*,-
2023,0,2023170,19,10,Lance Stroll,18,Aston Martin,#358C75,54,2.0,-,1.0,,,1,,-,-,-,QAT*,-
2023,0,2023170,19,10,Lance Stroll,18,Aston Martin,#358C75,55,3.0,-,1.0,,,1,,-,-,-,QAT*,-
2023,0,2023170,19,10,Lance Stroll,18,Aston Martin,#358C75,56,4.0,-,1.0,,,1,,-,-,-,QAT*,-
2023,0,2023170,19,10,Lance Stroll,18,Aston Martin,#358C75,57,5.0,-,1.0,,,1,,-,-,-,QAT*,-
2023,0,2023170,19,10,Lance Stroll,18,Aston Martin,#358C75,58,6.0,-,1.0,,,1,,-,-,-,QAT*,-
2023,0,2023170,19,10,Lance Stroll,18,Aston Martin,#358C75,59,7.0,-,1.0,,,1,,-,-,-,QAT*,-
2023,0,2023170,19,10,Lance Stroll,18,Aston Martin,#358C75,60,8.0,90.04,1.0,,,0,,90.04,-,0.519,QAT*,0.04100000000000001
2023,0,2023170,19,10,Lance Stroll,18,Aston Martin,#358C75,61,9.0,89.992,1.0,,,0,90.016,89.992,90.016,0.582,QAT*,0.22899999999999998
2023,0,2023170,19,10,Lance Stroll,18,Aston Martin,#358C75,62,10.0,90.364,1.0,,,0,90.178,90.364,90.178,0.772,QAT*,0.4355
2023,0,2023170,19,10,Lance Stroll,18,Aston Martin,#358C75,63,11.0,-,1.0,,0 days 01:21:04.039000,1,,-,-,-,QAT*,-
2023,0,2023170,19,10,Lance Stroll,18,Aston Martin,#358C75,64,12.0,-,2.0,0 days 01:21:32.945000,,1,,-,-,-,QAT*,-
2023,0,2023170,19,10,Lance Stroll,18,Aston Martin,#358C75,65,13.0,-,2.0,,,1,,-,-,-,QAT*,-
2023,0,2023170,19,10,Lance Stroll,18,Aston Martin,#358C75,66,14.0,-,2.0,,,1,,-,-,-,QAT*,-
2023,0,2023170,19,10,Lance Stroll,18,Aston Martin,#358C75,67,15.0,-,2.0,,,1,,-,-,-,QAT*,-
2023,0,2023170,19,10,Lance Stroll,18,Aston Martin,#358C75,68,16.0,90.194,2.0,,,0,,90.194,-,1.333,QAT*,0.5945
2023,0,2023170,19,10,Lance Stroll,18,Aston Martin,#358C75,69,17.0,89.536,2.0,,,0,89.865,89.536,89.865,0.746,QAT*,0.9665
2023,0,2023170,19,10,Lance Stroll,18,Aston Martin,#358C75,70,18.0,89.952,2.0,,,0,89.744,89.952,89.744,0.982,QAT*,1.4735
2023,0,2023170,19,10,Lance Stroll,18,Aston Martin,#358C75,71,19.0,90.259,2.0,,,0,90.106,90.259,90.106,1.152,QAT*,1.2005
2023,0,2023170,19,27,Logan Sargeant,2,Williams,#37BEDD,53,1.0,-,1.0,,,1,,-,-,-,QAT*,-
2023,0,2023170,19,27,Logan Sargeant,2,Williams,#37BEDD,54,2.0,-,1.0,,,1,,-,-,-,QAT*,-
2023,0,2023170,19,27,Logan Sargeant,2,Williams,#37BEDD,55,3.0,-,1.0,,,1,,-,-,-,QAT*,-
2023,0,2023170,19,22,Kevin Magnussen,20,Haas F1 Team,#505050,53,1.0,-,1.0,,,1,,-,-,-,QAT*,-
2023,0,2023170,19,22,Kevin Magnussen,20,Haas F1 Team,#505050,54,2.0,-,1.0,,,1,,-,-,-,QAT*,-
2023,0,2023170,19,22,Kevin Magnussen,20,Haas F1 Team,#505050,55,3.0,-,1.0,,,1,,-,-,-,QAT*,-
2023,0,2023170,19,22,Kevin Magnussen,20,Haas F1 Team,#505050,56,4.0,-,1.0,,,1,,-,-,-,QAT*,-
2023,0,2023170,19,22,Kevin Magnussen,20,Haas F1 Team,#505050,57,5.0,-,1.0,,,1,,-,-,-,QAT*,-
2023,0,2023170,19,22,Kevin Magnussen,20,Haas F1 Team,#505050,58,6.0,-,1.0,,,1,,-,-,-,QAT*,-
2023,0,2023170,19,22,Kevin Magnussen,20,Haas F1 Team,#505050,59,7.0,-,1.0,,,1,,-,-,-,QAT*,-
2023,0,2023170,19,22,Kevin Magnussen,20,Haas F1 Team,#505050,60,8.0,90.46,1.0,,,0,,90.46,-,0.939,QAT*,-
2023,0,2023170,19,22,Kevin Magnussen,20,Haas F1 Team,#505050,61,9.0,90.444,1.0,,,0,90.452,90.444,90.452,1.034,QAT*,-
2023,0,2023170,19,22,Kevin Magnussen,20,Haas F1 Team,#505050,62,10.0,90.735,1.0,,,0,90.59,90.735,90.59,1.143,QAT*,-
2023,0,2023170,19,22,Kevin Magnussen,20,Haas F1 Team,#505050,63,11.0,-,1.0,,0 days 01:21:06.602000,1,,-,-,-,QAT*,-
2023,0,2023170,19,22,Kevin Magnussen,20,Haas F1 Team,#505050,64,12.0,-,2.0,0 days 01:21:35.523000,,1,,-,-,-,QAT*,-
2023,0,2023170,19,22,Kevin Magnussen,20,Haas F1 Team,#505050,65,13.0,-,2.0,,,1,,-,-,-,QAT*,-
2023,0,2023170,19,22,Kevin Magnussen,20,Haas F1 Team,#505050,66,14.0,-,2.0,,,1,,-,-,-,QAT*,-
2023,0,2023170,19,22,Kevin Magnussen,20,Haas F1 Team,#505050,67,15.0,-,2.0,,,1,,-,-,-,QAT*,-
2023,0,2023170,19,22,Kevin Magnussen,20,Haas F1 Team,#505050,68,16.0,90.075,2.0,,,0,,90.075,-,1.214,QAT*,-
2023,0,2023170,19,22,Kevin Magnussen,20,Haas F1 Team,#505050,69,17.0,89.56,2.0,,,0,89.818,89.56,89.818,0.770,QAT*,-
2023,0,2023170,19,22,Kevin Magnussen,20,Haas F1 Team,#505050,70,18.0,89.841,2.0,,,0,89.7,89.841,89.7,0.871,QAT*,-
2023,0,2023170,19,22,Kevin Magnussen,20,Haas F1 Team,#505050,71,19.0,89.9,2.0,,,0,89.87,89.9,89.87,0.793,QAT*,-
2023,0,2023170,19,9,Yuki Tsunoda,22,Alpha Tauri,#5E8FAA,53,1.0,-,1.0,,,1,,-,-,-,QAT*,-
2023,0,2023170,19,9,Yuki Tsunoda,22,Alpha Tauri,#5E8FAA,54,2.0,-,1.0,,,1,,-,-,-,QAT*,-
2023,0,2023170,19,9,Yuki Tsunoda,22,Alpha Tauri,#5E8FAA,55,3.0,-,1.0,,,1,,-,-,-,QAT*,-
2023,0,2023170,19,9,Yuki Tsunoda,22,Alpha Tauri,#5E8FAA,56,4.0,-,1.0,,,1,,-,-,-,QAT*,-
2023,0,2023170,19,9,Yuki Tsunoda,22,Alpha Tauri,#5E8FAA,57,5.0,-,1.0,,,1,,-,-,-,QAT*,-
2023,0,2023170,19,9,Yuki Tsunoda,22,Alpha Tauri,#5E8FAA,58,6.0,-,1.0,,,1,,-,-,-,QAT*,-
2023,0,2023170,19,9,Yuki Tsunoda,22,Alpha Tauri,#5E8FAA,59,7.0,-,1.0,,,1,,-,-,-,QAT*,-
2023,0,2023170,19,9,Yuki Tsunoda,22,Alpha Tauri,#5E8FAA,60,8.0,91.182,1.0,,,0,,91.182,-,1.661,QAT*,-
2023,0,2023170,19,9,Yuki Tsunoda,22,Alpha Tauri,#5E8FAA,61,9.0,90.692,1.0,,,0,90.937,90.692,90.937,1.282,QAT*,-
2023,0,2023170,19,9,Yuki Tsunoda,22,Alpha Tauri,#5E8FAA,62,10.0,89.682,1.0,,,0,90.187,89.682,90.187,0.090,QAT*,-
2023,0,2023170,19,9,Yuki Tsunoda,22,Alpha Tauri,#5E8FAA,63,11.0,-,1.0,,,1,,-,-,-,QAT*,-
2023,0,2023170,19,9,Yuki Tsunoda,22,Alpha Tauri,#5E8FAA,64,12.0,-,1.0,,,1,,-,-,-,QAT*,-
2023,0,2023170,19,9,Yuki Tsunoda,22,Alpha Tauri,#5E8FAA,65,13.0,-,1.0,,,1,,-,-,-,QAT*,-
2023,0,2023170,19,9,Yuki Tsunoda,22,Alpha Tauri,#5E8FAA,66,14.0,-,1.0,,,1,,-,-,-,QAT*,-
2023,0,2023170,19,9,Yuki Tsunoda,22,Alpha Tauri,#5E8FAA,67,15.0,-,1.0,,,1,,-,-,-,QAT*,-
2023,0,2023170,19,9,Yuki Tsunoda,22,Alpha Tauri,#5E8FAA,68,16.0,89.899,1.0,,,0,,89.899,-,1.038,QAT*,-
2023,0,2023170,19,9,Yuki Tsunoda,22,Alpha Tauri,#5E8FAA,69,17.0,89.381,1.0,,,0,89.64,89.381,89.64,0.591,QAT*,-
2023,0,2023170,19,9,Yuki Tsunoda,22,Alpha Tauri,#5E8FAA,70,18.0,89.844,1.0,,,0,89.612,89.58,89.481,0.874,QAT*,-
2023,0,2023170,19,9,Yuki Tsunoda,22,Alpha Tauri,#5E8FAA,71,19.0,89.78,1.0,,,0,89.812,89.78,89.68,0.673,QAT*,-
2023,0,2023170,19,24,Alexander Albon,23,Williams,#37BEDD,53,1.0,-,1.0,,,1,,-,-,-,QAT*,-
2023,0,2023170,19,24,Alexander Albon,23,Williams,#37BEDD,54,2.0,-,1.0,,,1,,-,-,-,QAT*,-
2023,0,2023170,19,24,Alexander Albon,23,Williams,#37BEDD,55,3.0,-,1.0,,,1,,-,-,-,QAT*,-
2023,0,2023170,19,24,Alexander Albon,23,Williams,#37BEDD,56,4.0,-,1.0,,,1,,-,-,-,QAT*,-
2023,0,2023170,19,24,Alexander Albon,23,Williams,#37BEDD,57,5.0,-,1.0,,,1,,-,-,-,QAT*,-
2023,0,2023170,19,24,Alexander Albon,23,Williams,#37BEDD,58,6.0,-,1.0,,,1,,-,-,-,QAT*,-
2023,0,2023170,19,24,Alexander Albon,23,Williams,#37BEDD,59,7.0,-,1.0,,,1,,-,-,-,QAT*,-
2023,0,2023170,19,24,Alexander Albon,23,Williams,#37BEDD,60,8.0,91.166,1.0,,,0,,91.166,-,1.645,QAT*,-
2023,0,2023170,19,24,Alexander Albon,23,Williams,#37BEDD,61,9.0,89.063,1.0,,,0,90.114,89.063,90.114,-0.347,QAT*,-
2023,0,2023170,19,24,Alexander Albon,23,Williams,#37BEDD,62,10.0,88.776,1.0,,,0,88.92,88.776,88.92,-0.816,QAT*,-
2023,0,2023170,19,24,Alexander Albon,23,Williams,#37BEDD,63,11.0,-,1.0,,,1,,-,-,-,QAT*,-
2023,0,2023170,19,24,Alexander Albon,23,Williams,#37BEDD,64,12.0,-,1.0,,,1,,-,-,-,QAT*,-
2023,0,2023170,19,24,Alexander Albon,23,Williams,#37BEDD,65,13.0,-,1.0,,,1,,-,-,-,QAT*,-
2023,0,2023170,19,24,Alexander Albon,23,Williams,#37BEDD,66,14.0,-,1.0,,,1,,-,-,-,QAT*,-
2023,0,2023170,19,24,Alexander Albon,23,Williams,#37BEDD,67,15.0,-,1.0,,,1,,-,-,-,QAT*,-
2023,0,2023170,19,24,Alexander Albon,23,Williams,#37BEDD,68,16.0,88.717,1.0,,,0,,88.717,-,-0.144,QAT*,-
2023,0,2023170,19,24,Alexander Albon,23,Williams,#37BEDD,69,17.0,89.209,1.0,,,0,88.963,89.209,88.963,0.419,QAT*,-
2023,0,2023170,19,24,Alexander Albon,23,Williams,#37BEDD,70,18.0,89.936,1.0,,,0,89.572,89.936,89.572,0.966,QAT*,-
2023,0,2023170,19,24,Alexander Albon,23,Williams,#37BEDD,71,19.0,88.748,1.0,,,0,89.342,88.748,89.342,-0.359,QAT*,-
2023,0,2023170,19,23,Guanyu Zhou,24,Alfa Romeo,#C92D4B,53,1.0,-,1.0,,,1,,-,-,-,QAT*,-
2023,0,2023170,19,23,Guanyu Zhou,24,Alfa Romeo,#C92D4B,54,2.0,-,1.0,,,1,,-,-,-,QAT*,-
2023,0,2023170,19,23,Guanyu Zhou,24,Alfa Romeo,#C92D4B,55,3.0,-,1.0,,,1,,-,-,-,QAT*,-
2023,0,2023170,19,23,Guanyu Zhou,24,Alfa Romeo,#C92D4B,56,4.0,-,1.0,,,1,,-,-,-,QAT*,-
2023,0,2023170,19,23,Guanyu Zhou,24,Alfa Romeo,#C92D4B,57,5.0,-,1.0,,,1,,-,-,-,QAT*,-
2023,0,2023170,19,23,Guanyu Zhou,24,Alfa Romeo,#C92D4B,58,6.0,-,1.0,,,1,,-,-,-,QAT*,-
2023,0,2023170,19,23,Guanyu Zhou,24,Alfa Romeo,#C92D4B,59,7.0,-,1.0,,,1,,-,-,-,QAT*,-
2023,0,2023170,19,23,Guanyu Zhou,24,Alfa Romeo,#C92D4B,60,8.0,90.331,1.0,,,0,,90.331,-,0.810,QAT*,0.7470000000000001
2023,0,2023170,19,23,Guanyu Zhou,24,Alfa Romeo,#C92D4B,61,9.0,89.573,1.0,,,0,89.952,89.573,89.952,0.163,QAT*,0.189
2023,0,2023170,19,23,Guanyu Zhou,24,Alfa Romeo,#C92D4B,62,10.0,90.091,1.0,,,0,89.832,90.091,89.832,0.499,QAT*,0.5545
2023,0,2023170,19,23,Guanyu Zhou,24,Alfa Romeo,#C92D4B,63,11.0,-,1.0,,0 days 01:21:04.618000,1,,-,-,-,QAT*,-
2023,0,2023170,19,23,Guanyu Zhou,24,Alfa Romeo,#C92D4B,64,12.0,-,2.0,0 days 01:21:33.789000,,1,,-,-,-,QAT*,-
2023,0,2023170,19,23,Guanyu Zhou,24,Alfa Romeo,#C92D4B,65,13.0,-,2.0,,,1,,-,-,-,QAT*,-
2023,0,2023170,19,23,Guanyu Zhou,24,Alfa Romeo,#C92D4B,66,14.0,-,2.0,,,1,,-,-,-,QAT*,-
2023,0,2023170,19,23,Guanyu Zhou,24,Alfa Romeo,#C92D4B,67,15.0,-,2.0,,,1,,-,-,-,QAT*,-
2023,0,2023170,19,23,Guanyu Zhou,24,Alfa Romeo,#C92D4B,68,16.0,90.159,2.0,,,0,,90.159,-,1.298,QAT*,1.3639999999999999
2023,0,2023170,19,23,Guanyu Zhou,24,Alfa Romeo,#C92D4B,69,17.0,89.553,2.0,,,0,89.856,89.553,89.856,0.763,QAT*,0.495
2023,0,2023170,19,23,Guanyu Zhou,24,Alfa Romeo,#C92D4B,70,18.0,90.019,2.0,,,0,89.786,90.019,89.786,1.049,QAT*,1.1404999999999998
2023,0,2023170,19,23,Guanyu Zhou,24,Alfa Romeo,#C92D4B,71,19.0,92.079,2.0,,,0,91.049,92.079,91.049,2.972,QAT*,1.8014999999999999
2023,0,2023170,19,25,Nico Hulkenberg,27,Haas F1 Team,#505050,53,1.0,-,1.0,,,1,,-,-,-,QAT*,-
2023,0,2023170,19,25,Nico Hulkenberg,27,Haas F1 Team,#505050,54,2.0,-,1.0,,,1,,-,-,-,QAT*,-
2023,0,2023170,19,25,Nico Hulkenberg,27,Haas F1 Team,#505050,55,3.0,-,1.0,,,1,,-,-,-,QAT*,-
2023,0,2023170,19,25,Nico Hulkenberg,27,Haas F1 Team,#505050,56,4.0,-,1.0,,,1,,-,-,-,QAT*,-
2023,0,2023170,19,25,Nico Hulkenberg,27,Haas F1 Team,#505050,57,5.0,-,1.0,,,1,,-,-,-,QAT*,-
2023,0,2023170,19,25,Nico Hulkenberg,27,Haas F1 Team,#505050,58,6.0,-,1.0,,,1,,-,-,-,QAT*,-
2023,0,2023170,19,25,Nico Hulkenberg,27,Haas F1 Team,#505050,59,7.0,-,1.0,,,1,,-,-,-,QAT*,-
2023,0,2023170,19,25,Nico Hulkenberg,27,Haas F1 Team,#505050,60,8.0,89.472,1.0,,,0,,89.472,-,-0.049,QAT*,-
2023,0,2023170,19,25,Nico Hulkenberg,27,Haas F1 Team,#505050,61,9.0,89.307,1.0,,,0,89.39,89.307,89.39,-0.103,QAT*,-
2023,0,2023170,19,25,Nico Hulkenberg,27,Haas F1 Team,#505050,62,10.0,90.071,1.0,,,0,89.689,90.071,89.689,0.479,QAT*,-
2023,0,2023170,19,25,Nico Hulkenberg,27,Haas F1 Team,#505050,63,11.0,-,1.0,,0 days 01:21:46.258000,1,,-,-,-,QAT*,-
2023,0,2023170,19,13,Esteban Ocon,31,Alpine,#2293D1,53,1.0,-,1.0,,,1,,-,-,-,QAT*,-
2023,0,2023170,19,13,Esteban Ocon,31,Alpine,#2293D1,54,2.0,-,1.0,,,1,,-,-,-,QAT*,-
2023,0,2023170,19,13,Esteban Ocon,31,Alpine,#2293D1,55,3.0,-,1.0,,,1,,-,-,-,QAT*,-
2023,0,2023170,19,13,Esteban Ocon,31,Alpine,#2293D1,56,4.0,-,1.0,,,1,,-,-,-,QAT*,-
2023,0,2023170,19,13,Esteban Ocon,31,Alpine,#2293D1,57,5.0,-,1.0,,,1,,-,-,-,QAT*,-
2023,0,2023170,19,13,Esteban Ocon,31,Alpine,#2293D1,58,6.0,-,1.0,,,1,,-,-,-,QAT*,-
2023,0,2023170,19,13,Esteban Ocon,31,Alpine,#2293D1,59,7.0,-,1.0,,,1,,-,-,-,QAT*,-
2023,0,2023170,19,13,Esteban Ocon,31,Alpine,#2293D1,60,8.0,89.388,1.0,,,0,,89.388,-,-0.133,QAT*,-
2023,0,2023170,19,13,Esteban Ocon,31,Alpine,#2293D1,61,9.0,89.436,1.0,,,0,89.412,89.436,89.412,0.026,QAT*,-
2023,0,2023170,19,13,Esteban Ocon,31,Alpine,#2293D1,62,10.0,89.989,1.0,,,0,89.712,89.989,89.712,0.397,QAT*,-
2023,0,2023170,19,13,Esteban Ocon,31,Alpine,#2293D1,63,11.0,-,1.0,,,1,,-,-,-,QAT*,-
2023,0,2023170,19,4,Lando Norris,4,McLaren,#F58020,53,1.0,-,1.0,,,1,,-,-,-,QAT*,-
2023,0,2023170,19,4,Lando Norris,4,McLaren,#F58020,54,2.0,-,1.0,,,1,,-,-,-,QAT*,-
2023,0,2023170,19,4,Lando Norris,4,McLaren,#F58020,55,3.0,-,1.0,,,1,,-,-,-,QAT*,-
2023,0,2023170,19,4,Lando Norris,4,McLaren,#F58020,56,4.0,-,1.0,,,1,,-,-,-,QAT*,-
2023,0,2023170,19,4,Lando Norris,4,McLaren,#F58020,57,5.0,-,1.0,,,1,,-,-,-,QAT*,-
2023,0,2023170,19,4,Lando Norris,4,McLaren,#F58020,58,6.0,-,1.0,,,1,,-,-,-,QAT*,-
2023,0,2023170,19,4,Lando Norris,4,McLaren,#F58020,59,7.0,-,1.0,,,1,,-,-,-,QAT*,-
2023,0,2023170,19,4,Lando Norris,4,McLaren,#F58020,60,8.0,88.668,1.0,,,0,,88.668,-,-0.853,QAT*,-1.1644999999999999
2023,0,2023170,19,4,Lando Norris,4,McLaren,#F58020,61,9.0,88.901,1.0,,,0,88.785,88.901,88.785,-0.509,QAT*,-0.669
2023,0,2023170,19,4,Lando Norris,4,McLaren,#F58020,62,10.0,89.431,1.0,,,0,89.166,89.431,89.166,-0.161,QAT*,-0.772
2023,0,2023170,19,4,Lando Norris,4,McLaren,#F58020,63,11.0,-,1.0,,,1,,-,-,-,QAT*,-
2023,0,2023170,19,4,Lando Norris,4,McLaren,#F58020,64,12.0,-,1.0,,,1,,-,-,-,QAT*,-
2023,0,2023170,19,4,Lando Norris,4,McLaren,#F58020,65,13.0,-,1.0,,,1,,-,-,-,QAT*,-
2023,0,2023170,19,4,Lando Norris,4,McLaren,#F58020,66,14.0,-,1.0,,,1,,-,-,-,QAT*,-
2023,0,2023170,19,4,Lando Norris,4,McLaren,#F58020,67,15.0,-,1.0,,,1,,-,-,-,QAT*,-
2023,0,2023170,19,4,Lando Norris,4,McLaren,#F58020,68,16.0,88.707,1.0,,,0,,88.707,-,-0.154,QAT*,-1.3659999999999999
2023,0,2023170,19,4,Lando Norris,4,McLaren,#F58020,69,17.0,87.311,1.0,,,0,88.009,87.311,88.009,-1.479,QAT*,-2.1715
2023,0,2023170,19,4,Lando Norris,4,McLaren,#F58020,70,18.0,86.63,1.0,,,0,86.97,86.63,86.97,-2.340,QAT*,-2.6704999999999997
2023,0,2023170,19,4,Lando Norris,4,McLaren,#F58020,71,19.0,85.662,1.0,,,0,86.146,85.662,86.146,-3.445,QAT*,-3.1135
2023,0,2023170,19,29,Liam Lawson,40,Alpha Tauri,#5E8FAA,53,1.0,-,1.0,,,1,,-,-,-,QAT*,-
2023,0,2023170,19,1,Lewis Hamilton,44,Mercedes,#6CD3BF,53,1.0,-,1.0,,,1,,-,-,-,QAT*,-
2023,0,2023170,19,1,Lewis Hamilton,44,Mercedes,#6CD3BF,54,2.0,-,1.0,,,1,,-,-,-,QAT*,-
2023,0,2023170,19,1,Lewis Hamilton,44,Mercedes,#6CD3BF,55,3.0,-,1.0,,,1,,-,-,-,QAT*,-
2023,0,2023170,19,1,Lewis Hamilton,44,Mercedes,#6CD3BF,56,4.0,-,1.0,,,1,,-,-,-,QAT*,-
2023,0,2023170,19,1,Lewis Hamilton,44,Mercedes,#6CD3BF,57,5.0,-,1.0,,,1,,-,-,-,QAT*,-
2023,0,2023170,19,1,Lewis Hamilton,44,Mercedes,#6CD3BF,58,6.0,-,1.0,,,1,,-,-,-,QAT*,-
2023,0,2023170,19,1,Lewis Hamilton,44,Mercedes,#6CD3BF,59,7.0,-,1.0,,,1,,-,-,-,QAT*,-
2023,0,2023170,19,1,Lewis Hamilton,44,Mercedes,#6CD3BF,60,8.0,89.718,1.0,,,0,,89.718,-,0.197,QAT*,-0.5395
2023,0,2023170,19,1,Lewis Hamilton,44,Mercedes,#6CD3BF,61,9.0,89.481,1.0,,,0,89.6,89.481,89.6,0.071,QAT*,-0.38
2023,0,2023170,19,1,Lewis Hamilton,44,Mercedes,#6CD3BF,62,10.0,88.363,1.0,,,0,88.922,88.363,88.922,-1.229,QAT*,-0.7655000000000001
2023,0,2023170,19,1,Lewis Hamilton,44,Mercedes,#6CD3BF,63,11.0,-,1.0,,,1,,-,-,-,QAT*,-
2023,0,2023170,19,1,Lewis Hamilton,44,Mercedes,#6CD3BF,64,12.0,-,1.0,,,1,,-,-,-,QAT*,-
2023,0,2023170,19,1,Lewis Hamilton,44,Mercedes,#6CD3BF,65,13.0,-,1.0,,,1,,-,-,-,QAT*,-
2023,0,2023170,19,1,Lewis Hamilton,44,Mercedes,#6CD3BF,66,14.0,-,1.0,,,1,,-,-,-,QAT*,-
2023,0,2023170,19,1,Lewis Hamilton,44,Mercedes,#6CD3BF,67,15.0,-,1.0,,,1,,-,-,-,QAT*,-
2023,0,2023170,19,1,Lewis Hamilton,44,Mercedes,#6CD3BF,68,16.0,88.731,1.0,,,0,,88.731,-,-0.130,QAT*,-0.152
2023,0,2023170,19,1,Lewis Hamilton,44,Mercedes,#6CD3BF,69,17.0,89.168,1.0,,,0,88.95,89.168,88.95,0.378,QAT*,-0.037000000000000005
2023,0,2023170,19,1,Lewis Hamilton,44,Mercedes,#6CD3BF,70,18.0,89.239,1.0,,,0,89.204,89.239,89.204,0.269,QAT*,-0.7404999999999999
2023,0,2023170,19,1,Lewis Hamilton,44,Mercedes,#6CD3BF,71,19.0,87.968,1.0,,,0,88.604,87.968,88.604,-1.139,QAT*,-0.727
2023,0,2023170,19,8,Carlos Sainz,55,Ferrari,#CC1400,53,1.0,-,1.0,,,1,,-,-,-,QAT*,-
2023,0,2023170,19,8,Carlos Sainz,55,Ferrari,#CC1400,54,2.0,-,1.0,,,1,,-,-,-,QAT*,-
2023,0,2023170,19,8,Carlos Sainz,55,Ferrari,#CC1400,55,3.0,-,1.0,,,1,,-,-,-,QAT*,-
2023,0,2023170,19,8,Carlos Sainz,55,Ferrari,#CC1400,56,4.0,-,1.0,,,1,,-,-,-,QAT*,-
2023,0,2023170,19,8,Carlos Sainz,55,Ferrari,#CC1400,57,5.0,-,1.0,,,1,,-,-,-,QAT*,-
2023,0,2023170,19,8,Carlos Sainz,55,Ferrari,#CC1400,58,6.0,-,1.0,,,1,,-,-,-,QAT*,-
2023,0,2023170,19,8,Carlos Sainz,55,Ferrari,#CC1400,59,7.0,-,1.0,,,1,,-,-,-,QAT*,-
2023,0,2023170,19,8,Carlos Sainz,55,Ferrari,#CC1400,60,8.0,88.742,1.0,,,0,,88.742,-,-0.779,QAT*,-0.7705
2023,0,2023170,19,8,Carlos Sainz,55,Ferrari,#CC1400,61,9.0,89.952,1.0,,,0,89.347,89.952,89.347,0.542,QAT*,0.6385000000000001
2023,0,2023170,19,8,Carlos Sainz,55,Ferrari,#CC1400,62,10.0,90.119,1.0,,,0,90.036,90.119,90.036,0.527,QAT*,0.341
2023,0,2023170,19,8,Carlos Sainz,55,Ferrari,#CC1400,63,11.0,-,1.0,,,1,,-,-,-,QAT*,-
2023,0,2023170,19,8,Carlos Sainz,55,Ferrari,#CC1400,64,12.0,-,1.0,,,1,,-,-,-,QAT*,-
2023,0,2023170,19,8,Carlos Sainz,55,Ferrari,#CC1400,65,13.0,-,1.0,,,1,,-,-,-,QAT*,-
2023,0,2023170,19,8,Carlos Sainz,55,Ferrari,#CC1400,66,14.0,-,1.0,,,1,,-,-,-,QAT*,-
2023,0,2023170,19,8,Carlos Sainz,55,Ferrari,#CC1400,67,15.0,-,1.0,,,1,,-,-,-,QAT*,-
2023,0,2023170,19,8,Carlos Sainz,55,Ferrari,#CC1400,68,16.0,88.754,1.0,,,0,,88.754,-,-0.107,QAT*,0.010500000000000002
2023,0,2023170,19,8,Carlos Sainz,55,Ferrari,#CC1400,69,17.0,90.681,1.0,,,0,89.718,89.268,89.011,1.891,QAT*,1.8355000000000001
2023,0,2023170,19,8,Carlos Sainz,55,Ferrari,#CC1400,70,18.0,89.782,1.0,,,0,90.232,89.782,89.525,0.812,QAT*,0.9085
2023,0,2023170,19,8,Carlos Sainz,55,Ferrari,#CC1400,71,19.0,90.47,1.0,,,0,90.126,90.47,90.126,1.363,QAT*,1.444
2023,0,2023170,19,14,George Russell,63,Mercedes,#6CD3BF,53,1.0,-,1.0,,,1,,-,-,-,QAT*,-
2023,0,2023170,19,14,George Russell,63,Mercedes,#6CD3BF,54,2.0,-,1.0,,,1,,-,-,-,QAT*,-
2023,0,2023170,19,14,George Russell,63,Mercedes,#6CD3BF,55,3.0,-,1.0,,,1,,-,-,-,QAT*,-
2023,0,2023170,19,14,George Russell,63,Mercedes,#6CD3BF,56,4.0,-,1.0,,,1,,-,-,-,QAT*,-
2023,0,2023170,19,14,George Russell,63,Mercedes,#6CD3BF,57,5.0,-,1.0,,,1,,-,-,-,QAT*,-
2023,0,2023170,19,14,George Russell,63,Mercedes,#6CD3BF,58,6.0,-,1.0,,,1,,-,-,-,QAT*,-
2023,0,2023170,19,14,George Russell,63,Mercedes,#6CD3BF,59,7.0,-,1.0,,,1,,-,-,-,QAT*,-
2023,0,2023170,19,14,George Russell,63,Mercedes,#6CD3BF,60,8.0,88.245,1.0,,,0,,88.245,-,-1.276,QAT*,-0.5395
2023,0,2023170,19,14,George Russell,63,Mercedes,#6CD3BF,61,9.0,88.579,1.0,,,0,88.412,88.579,88.412,-0.831,QAT*,-0.38
2023,0,2023170,19,14,George Russell,63,Mercedes,#6CD3BF,62,10.0,89.29,1.0,,,0,88.934,89.29,88.934,-0.302,QAT*,-0.7655000000000001
2023,0,2023170,19,14,George Russell,63,Mercedes,#6CD3BF,63,11.0,-,1.0,,,1,,-,-,-,QAT*,-
2023,0,2023170,19,14,George Russell,63,Mercedes,#6CD3BF,64,12.0,-,1.0,,,1,,-,-,-,QAT*,-
2023,0,2023170,19,14,George Russell,63,Mercedes,#6CD3BF,65,13.0,-,1.0,,,1,,-,-,-,QAT*,-
2023,0,2023170,19,14,George Russell,63,Mercedes,#6CD3BF,66,14.0,-,1.0,,,1,,-,-,-,QAT*,-
2023,0,2023170,19,14,George Russell,63,Mercedes,#6CD3BF,67,15.0,-,1.0,,,1,,-,-,-,QAT*,-
2023,0,2023170,19,14,George Russell,63,Mercedes,#6CD3BF,68,16.0,88.687,1.0,,,0,,88.687,-,-0.174,QAT*,-0.152
2023,0,2023170,19,14,George Russell,63,Mercedes,#6CD3BF,69,17.0,88.338,1.0,,,0,88.512,88.338,88.512,-0.452,QAT*,-0.037000000000000005
2023,0,2023170,19,14,George Russell,63,Mercedes,#6CD3BF,70,18.0,87.22,1.0,,,0,87.779,87.22,87.779,-1.750,QAT*,-0.7404999999999999
2023,0,2023170,19,14,George Russell,63,Mercedes,#6CD3BF,71,19.0,88.792,1.0,,,0,88.006,88.792,88.006,-0.315,QAT*,-0.727
2023,0,2023170,19,3,Valtteri Bottas,77,Alfa Romeo,#C92D4B,53,1.0,-,1.0,,,1,,-,-,-,QAT*,-
2023,0,2023170,19,3,Valtteri Bottas,77,Alfa Romeo,#C92D4B,54,2.0,-,1.0,,,1,,-,-,-,QAT*,-
2023,0,2023170,19,3,Valtteri Bottas,77,Alfa Romeo,#C92D4B,55,3.0,-,1.0,,,1,,-,-,-,QAT*,-
2023,0,2023170,19,3,Valtteri Bottas,77,Alfa Romeo,#C92D4B,56,4.0,-,1.0,,,1,,-,-,-,QAT*,-
2023,0,2023170,19,3,Valtteri Bottas,77,Alfa Romeo,#C92D4B,57,5.0,-,1.0,,,1,,-,-,-,QAT*,-
2023,0,2023170,19,3,Valtteri Bottas,77,Alfa Romeo,#C92D4B,58,6.0,-,1.0,,,1,,-,-,-,QAT*,-
2023,0,2023170,19,3,Valtteri Bottas,77,Alfa Romeo,#C92D4B,59,7.0,-,1.0,,,1,,-,-,-,QAT*,-
2023,0,2023170,19,3,Valtteri Bottas,77,Alfa Romeo,#C92D4B,60,8.0,90.205,1.0,,,0,,90.205,-,0.684,QAT*,0.7470000000000001
2023,0,2023170,19,3,Valtteri Bottas,77,Alfa Romeo,#C92D4B,61,9.0,89.625,1.0,,,0,89.915,89.625,89.915,0.215,QAT*,0.189
2023,0,2023170,19,3,Valtteri Bottas,77,Alfa Romeo,#C92D4B,62,10.0,90.202,1.0,,,0,89.914,90.202,89.914,0.610,QAT*,0.5545
2023,0,2023170,19,3,Valtteri Bottas,77,Alfa Romeo,#C92D4B,63,11.0,-,1.0,,,1,,-,-,-,QAT*,-
2023,0,2023170,19,3,Valtteri Bottas,77,Alfa Romeo,#C92D4B,64,12.0,-,1.0,,,1,,-,-,-,QAT*,-
2023,0,2023170,19,3,Valtteri Bottas,77,Alfa Romeo,#C92D4B,65,13.0,-,1.0,,,1,,-,-,-,QAT*,-
2023,0,2023170,19,3,Valtteri Bottas,77,Alfa Romeo,#C92D4B,66,14.0,-,1.0,,,1,,-,-,-,QAT*,-
2023,0,2023170,19,3,Valtteri Bottas,77,Alfa Romeo,#C92D4B,67,15.0,-,1.0,,,1,,-,-,-,QAT*,-
2023,0,2023170,19,3,Valtteri Bottas,77,Alfa Romeo,#C92D4B,68,16.0,90.291,1.0,,,0,,90.291,-,1.430,QAT*,1.3639999999999999
2023,0,2023170,19,3,Valtteri Bottas,77,Alfa Romeo,#C92D4B,69,17.0,89.017,1.0,,,0,89.654,89.017,89.654,0.227,QAT*,0.495
2023,0,2023170,19,3,Valtteri Bottas,77,Alfa Romeo,#C92D4B,70,18.0,90.202,1.0,,,0,89.61,89.378,89.197,1.232,QAT*,1.1404999999999998
2023,0,2023170,19,3,Valtteri Bottas,77,Alfa Romeo,#C92D4B,71,19.0,89.738,1.0,,,0,89.97,89.738,89.558,0.631,QAT*,1.8014999999999999
2023,0,2023170,19,28,Oscar Piastri,81,McLaren,#F58020,53,1.0,-,1.0,,,1,,-,-,-,QAT*,-
2023,0,2023170,19,28,Oscar Piastri,81,McLaren,#F58020,54,2.0,-,1.0,,,1,,-,-,-,QAT*,-
2023,0,2023170,19,28,Oscar Piastri,81,McLaren,#F58020,55,3.0,-,1.0,,,1,,-,-,-,QAT*,-
2023,0,2023170,19,28,Oscar Piastri,81,McLaren,#F58020,56,4.0,-,1.0,,,1,,-,-,-,QAT*,-
2023,0,2023170,19,28,Oscar Piastri,81,McLaren,#F58020,57,5.0,-,1.0,,,1,,-,-,-,QAT*,-
2023,0,2023170,19,28,Oscar Piastri,81,McLaren,#F58020,58,6.0,-,1.0,,,1,,-,-,-,QAT*,-
2023,0,2023170,19,28,Oscar Piastri,81,McLaren,#F58020,59,7.0,-,1.0,,,1,,-,-,-,QAT*,-
2023,0,2023170,19,28,Oscar Piastri,81,McLaren,#F58020,60,8.0,88.045,1.0,,,0,,88.045,-,-1.476,QAT*,-1.1644999999999999
2023,0,2023170,19,28,Oscar Piastri,81,McLaren,#F58020,61,9.0,88.581,1.0,,,0,88.313,88.127,88.086,-0.829,QAT*,-0.669
2023,0,2023170,19,28,Oscar Piastri,81,McLaren,#F58020,62,10.0,88.209,1.0,,,0,88.395,88.209,88.168,-1.383,QAT*,-0.772
2023,0,2023170,19,28,Oscar Piastri,81,McLaren,#F58020,63,11.0,-,1.0,,,1,,-,-,-,QAT*,-
2023,0,2023170,19,28,Oscar Piastri,81,McLaren,#F58020,64,12.0,-,1.0,,,1,,-,-,-,QAT*,-
2023,0,2023170,19,28,Oscar Piastri,81,McLaren,#F58020,65,13.0,-,1.0,,,1,,-,-,-,QAT*,-
2023,0,2023170,19,28,Oscar Piastri,81,McLaren,#F58020,66,14.0,-,1.0,,,1,,-,-,-,QAT*,-
2023,0,2023170,19,28,Oscar Piastri,81,McLaren,#F58020,67,15.0,-,1.0,,,1,,-,-,-,QAT*,-
2023,0,2023170,19,28,Oscar Piastri,81,McLaren,#F58020,68,16.0,86.283,1.0,,,0,,86.283,-,-2.578,QAT*,-1.3659999999999999
2023,0,2023170,19,28,Oscar Piastri,81,McLaren,#F58020,69,17.0,85.926,1.0,,,0,86.104,85.926,86.104,-2.864,QAT*,-2.1715
2023,0,2023170,19,28,Oscar Piastri,81,McLaren,#F58020,70,18.0,85.969,1.0,,,0,85.947,85.969,85.947,-3.001,QAT*,-2.6704999999999997
2023,0,2023170,19,28,Oscar Piastri,81,McLaren,#F58020,71,19.0,86.325,1.0,,,0,86.147,86.325,86.147,-2.782,QAT*,-3.1135
2023,0,2023180,21,2,Max Verstappen,1,Red Bull Racing,#3671C6,72,1.0,-,1.0,,,1,,-,-,-,USA*,-
2023,0,2023180,21,2,Max Verstappen,1,Red Bull Racing,#3671C6,73,2.0,-,1.0,,,1,,-,-,-,USA*,-
2023,0,2023180,21,2,Max Verstappen,1,Red Bull Racing,#3671C6,74,3.0,99.459,1.0,,,0,,99.459,-,-1.916,USA*,-1.299
2023,0,2023180,21,2,Max Verstappen,1,Red Bull Racing,#3671C6,75,4.0,99.349,1.0,,,0,99.404,99.349,99.404,-1.818,USA*,-1.3385
2023,0,2023180,21,2,Max Verstappen,1,Red Bull Racing,#3671C6,76,5.0,99.227,1.0,,,0,99.288,99.227,99.288,-1.849,USA*,-1.3365
2023,0,2023180,21,2,Max Verstappen,1,Red Bull Racing,#3671C6,77,6.0,99.387,1.0,,,0,99.307,99.387,99.307,-1.833,USA*,-1.6145
2023,0,2023180,21,2,Max Verstappen,1,Red Bull Racing,#3671C6,78,7.0,99.706,1.0,,,0,99.547,99.706,99.547,-1.710,USA*,-1.359
2023,0,2023180,21,2,Max Verstappen,1,Red Bull Racing,#3671C6,79,8.0,99.726,1.0,,,0,99.716,99.726,99.716,-1.683,USA*,-1.2455
2023,0,2023180,21,2,Max Verstappen,1,Red Bull Racing,#3671C6,80,9.0,99.769,1.0,,,0,99.748,99.769,99.748,-1.669,USA*,-1.241
2023,0,2023180,21,2,Max Verstappen,1,Red Bull Racing,#3671C6,81,10.0,99.683,1.0,,,0,99.726,99.683,99.726,-1.770,USA*,-1.2025000000000001
2023,0,2023180,21,2,Max Verstappen,1,Red Bull Racing,#3671C6,82,11.0,99.64,1.0,,,0,99.662,99.64,99.662,-1.745,USA*,-1.4045
2023,0,2023180,21,2,Max Verstappen,1,Red Bull Racing,#3671C6,83,12.0,99.73,1.0,,,0,99.685,99.73,99.685,-1.626,USA*,-1.2135
2023,0,2023180,21,2,Max Verstappen,1,Red Bull Racing,#3671C6,84,13.0,99.632,1.0,,,0,99.681,99.632,99.681,-1.615,USA*,-1.4020000000000001
2023,0,2023180,21,2,Max Verstappen,1,Red Bull Racing,#3671C6,85,14.0,99.405,1.0,,,0,99.518,99.405,99.518,-1.695,USA*,-1.2650000000000001
2023,0,2023180,21,2,Max Verstappen,1,Red Bull Racing,#3671C6,86,15.0,99.392,1.0,,,0,99.398,99.392,99.398,-1.641,USA*,-1.2965
2023,0,2023180,21,2,Max Verstappen,1,Red Bull Racing,#3671C6,87,16.0,99.367,1.0,,,0,99.38,99.367,99.38,-1.632,USA*,-1.1655
2023,0,2023180,21,2,Max Verstappen,1,Red Bull Racing,#3671C6,88,17.0,99.817,1.0,,,0,99.592,99.274,99.321,-1.249,USA*,-0.805
2023,0,2023180,21,2,Max Verstappen,1,Red Bull Racing,#3671C6,89,18.0,99.181,1.0,,,0,99.499,99.181,99.227,-1.932,USA*,-1.3435
2023,0,2023180,21,2,Max Verstappen,1,Red Bull Racing,#3671C6,90,19.0,99.391,1.0,,,0,99.286,99.391,99.286,-1.900,USA*,-1.3624999999999998
2023,0,2023180,21,1,Lewis Hamilton,44,Mercedes,#6CD3BF,72,1.0,-,1.0,,,1,,-,-,-,USA*,-
2023,0,2023180,21,1,Lewis Hamilton,44,Mercedes,#6CD3BF,73,2.0,-,1.0,,,1,,-,-,-,USA*,-
2023,0,2023180,21,1,Lewis Hamilton,44,Mercedes,#6CD3BF,74,3.0,99.138,1.0,,,0,,99.138,-,-2.237,USA*,-1.1425
2023,0,2023180,21,1,Lewis Hamilton,44,Mercedes,#6CD3BF,75,4.0,99.344,1.0,,,0,99.241,99.344,99.241,-1.823,USA*,-1.206
2023,0,2023180,21,1,Lewis Hamilton,44,Mercedes,#6CD3BF,76,5.0,99.433,1.0,,,0,99.388,99.433,99.388,-1.643,USA*,-1.134
2023,0,2023180,21,1,Lewis Hamilton,44,Mercedes,#6CD3BF,77,6.0,100.06,1.0,,,0,99.746,100.06,99.746,-1.160,USA*,-0.9515
2023,0,2023180,21,1,Lewis Hamilton,44,Mercedes,#6CD3BF,78,7.0,100.33,1.0,,,0,100.195,99.962,100.011,-1.086,USA*,-0.986
2023,0,2023180,21,1,Lewis Hamilton,44,Mercedes,#6CD3BF,79,8.0,99.864,1.0,,,0,100.097,99.864,99.913,-1.545,USA*,-1.1915
2023,0,2023180,21,1,Lewis Hamilton,44,Mercedes,#6CD3BF,80,9.0,100.148,1.0,,,0,100.006,100.148,100.006,-1.290,USA*,-0.9355
2023,0,2023180,21,1,Lewis Hamilton,44,Mercedes,#6CD3BF,81,10.0,100.199,1.0,,,0,100.173,100.199,100.173,-1.254,USA*,-1.2269999999999999
2023,0,2023180,21,1,Lewis Hamilton,44,Mercedes,#6CD3BF,82,11.0,100.043,1.0,,,0,100.121,100.043,100.121,-1.342,USA*,-1.1415
2023,0,2023180,21,1,Lewis Hamilton,44,Mercedes,#6CD3BF,83,12.0,100.208,1.0,,,0,100.126,100.208,100.126,-1.148,USA*,-0.8955
2023,0,2023180,21,1,Lewis Hamilton,44,Mercedes,#6CD3BF,84,13.0,99.779,1.0,,,0,99.994,99.779,99.994,-1.468,USA*,-0.7975
2023,0,2023180,21,1,Lewis Hamilton,44,Mercedes,#6CD3BF,85,14.0,99.873,1.0,,,0,99.826,99.873,99.826,-1.227,USA*,-0.34900000000000003
2023,0,2023180,21,1,Lewis Hamilton,44,Mercedes,#6CD3BF,86,15.0,100.004,1.0,,,0,99.938,100.004,99.938,-1.029,USA*,-0.7889999999999999
2023,0,2023180,21,1,Lewis Hamilton,44,Mercedes,#6CD3BF,87,16.0,100.17,1.0,,,0,100.087,100.17,100.087,-0.829,USA*,-0.411
2023,0,2023180,21,1,Lewis Hamilton,44,Mercedes,#6CD3BF,88,17.0,100.32,1.0,,,0,100.245,100.32,100.245,-0.746,USA*,-0.6225
2023,0,2023180,21,1,Lewis Hamilton,44,Mercedes,#6CD3BF,89,18.0,100.395,1.0,,,0,100.357,100.395,100.357,-0.718,USA*,-0.5185
2023,0,2023180,21,1,Lewis Hamilton,44,Mercedes,#6CD3BF,90,19.0,100.843,1.0,,,0,100.619,100.843,100.619,-0.448,USA*,-0.444
2023,0,2023180,21,6,Charles Leclerc,16,Ferrari,#CC1400,72,1.0,-,1.0,,,1,,-,-,-,USA*,-
2023,0,2023180,21,6,Charles Leclerc,16,Ferrari,#CC1400,73,2.0,-,1.0,,,1,,-,-,-,USA*,-
2023,0,2023180,21,6,Charles Leclerc,16,Ferrari,#CC1400,74,3.0,99.634,1.0,,,0,,99.634,-,-1.741,USA*,-1.2445
2023,0,2023180,21,6,Charles Leclerc,16,Ferrari,#CC1400,75,4.0,99.852,1.0,,,0,99.743,99.852,99.743,-1.315,USA*,-1.1099999999999999
2023,0,2023180,21,6,Charles Leclerc,16,Ferrari,#CC1400,76,5.0,99.669,1.0,,,0,99.761,99.669,99.761,-1.407,USA*,-1.13
2023,0,2023180,21,6,Charles Leclerc,16,Ferrari,#CC1400,77,6.0,99.921,1.0,,,0,99.795,99.921,99.795,-1.299,USA*,-1.0455
2023,0,2023180,21,6,Charles Leclerc,16,Ferrari,#CC1400,78,7.0,100.119,1.0,,,0,100.02,100.119,100.02,-1.297,USA*,-0.9119999999999999
2023,0,2023180,21,6,Charles Leclerc,16,Ferrari,#CC1400,79,8.0,100.089,1.0,,,0,100.104,100.089,100.104,-1.320,USA*,-0.9365000000000001
2023,0,2023180,21,6,Charles Leclerc,16,Ferrari,#CC1400,80,9.0,100.28,1.0,,,0,100.184,100.28,100.184,-1.158,USA*,-0.8755
2023,0,2023180,21,6,Charles Leclerc,16,Ferrari,#CC1400,81,10.0,100.209,1.0,,,0,100.244,100.209,100.244,-1.244,USA*,-0.512
2023,0,2023180,21,6,Charles Leclerc,16,Ferrari,#CC1400,82,11.0,100.23,1.0,,,0,100.22,100.23,100.22,-1.155,USA*,-0.347
2023,0,2023180,21,6,Charles Leclerc,16,Ferrari,#CC1400,83,12.0,100.321,1.0,,,0,100.276,100.321,100.276,-1.035,USA*,-0.609
2023,0,2023180,21,6,Charles Leclerc,16,Ferrari,#CC1400,84,13.0,100.612,1.0,,,0,100.466,100.168,100.244,-0.635,USA*,-0.296
2023,0,2023180,21,6,Charles Leclerc,16,Ferrari,#CC1400,85,14.0,100.015,1.0,,,0,100.314,100.015,100.092,-1.085,USA*,-0.38
2023,0,2023180,21,6,Charles Leclerc,16,Ferrari,#CC1400,86,15.0,100.478,1.0,,,0,100.246,100.478,100.246,-0.555,USA*,-0.5365
2023,0,2023180,21,6,Charles Leclerc,16,Ferrari,#CC1400,87,16.0,100.915,1.0,,,0,100.696,100.915,100.696,-0.084,USA*,-0.20600000000000002
2023,0,2023180,21,6,Charles Leclerc,16,Ferrari,#CC1400,88,17.0,101.006,1.0,,,0,100.96,101.006,100.96,-0.060,USA*,-0.209
2023,0,2023180,21,6,Charles Leclerc,16,Ferrari,#CC1400,89,18.0,101.269,1.0,,,0,101.138,101.269,101.138,0.156,USA*,-0.126
2023,0,2023180,21,6,Charles Leclerc,16,Ferrari,#CC1400,90,19.0,101.621,1.0,,,0,101.445,101.621,101.445,0.330,USA*,-0.12649999999999997
2023,0,2023180,21,4,Lando Norris,4,McLaren,#F58020,72,1.0,-,1.0,,,1,,-,-,-,USA*,-
2023,0,2023180,21,4,Lando Norris,4,McLaren,#F58020,73,2.0,-,1.0,,,1,,-,-,-,USA*,-
2023,0,2023180,21,4,Lando Norris,4,McLaren,#F58020,74,3.0,100.56,1.0,,,0,,100.56,-,-0.815,USA*,0.3400000000000001
2023,0,2023180,21,4,Lando Norris,4,McLaren,#F58020,75,4.0,100.135,1.0,,,0,100.348,100.135,100.348,-1.032,USA*,-0.34450000000000003
2023,0,2023180,21,4,Lando Norris,4,McLaren,#F58020,76,5.0,100.293,1.0,,,0,100.214,100.293,100.214,-0.783,USA*,0.22449999999999998
2023,0,2023180,21,4,Lando Norris,4,McLaren,#F58020,77,6.0,100.333,1.0,,,0,100.313,100.333,100.313,-0.887,USA*,0.12649999999999995
2023,0,2023180,21,4,Lando Norris,4,McLaren,#F58020,78,7.0,101.135,1.0,,,0,100.734,100.445,100.389,-0.281,USA*,0.1875
2023,0,2023180,21,4,Lando Norris,4,McLaren,#F58020,79,8.0,100.557,1.0,,,0,100.846,100.557,100.501,-0.852,USA*,-0.372
2023,0,2023180,21,4,Lando Norris,4,McLaren,#F58020,80,9.0,100.767,1.0,,,0,100.662,100.308,100.432,-0.671,USA*,-0.5005000000000001
2023,0,2023180,21,4,Lando Norris,4,McLaren,#F58020,81,10.0,100.058,1.0,,,0,100.412,100.058,100.183,-1.395,USA*,-0.8005
2023,0,2023180,21,4,Lando Norris,4,McLaren,#F58020,82,11.0,100.03,1.0,,,0,100.044,100.03,100.044,-1.355,USA*,-0.7025
2023,0,2023180,21,4,Lando Norris,4,McLaren,#F58020,83,12.0,99.887,1.0,,,0,99.958,99.887,99.958,-1.469,USA*,-0.7705000000000001
2023,0,2023180,21,4,Lando Norris,4,McLaren,#F58020,84,13.0,99.982,1.0,,,0,99.934,99.982,99.934,-1.265,USA*,-0.5489999999999999
2023,0,2023180,21,4,Lando Norris,4,McLaren,#F58020,85,14.0,100.027,1.0,,,0,100.004,100.027,100.004,-1.073,USA*,-0.44199999999999995
2023,0,2023180,21,4,Lando Norris,4,McLaren,#F58020,86,15.0,99.795,1.0,,,0,99.911,99.795,99.911,-1.238,USA*,-0.5305
2023,0,2023180,21,4,Lando Norris,4,McLaren,#F58020,87,16.0,100.042,1.0,,,0,99.918,99.902,99.848,-0.957,USA*,-0.45949999999999996
2023,0,2023180,21,4,Lando Norris,4,McLaren,#F58020,88,17.0,100.008,1.0,,,0,100.025,100.008,99.955,-1.058,USA*,-0.42600000000000005
2023,0,2023180,21,4,Lando Norris,4,McLaren,#F58020,89,18.0,100.309,1.0,,,0,100.158,100.309,100.158,-0.804,USA*,-0.43050000000000005
2023,0,2023180,21,4,Lando Norris,4,McLaren,#F58020,90,19.0,100.492,1.0,,,0,100.4,100.492,100.4,-0.799,USA*,-0.171
2023,0,2023180,21,5,Sergio Perez,11,Red Bull Racing,#3671C6,72,1.0,-,1.0,,,1,,-,-,-,USA*,-
2023,0,2023180,21,5,Sergio Perez,11,Red Bull Racing,#3671C6,73,2.0,-,1.0,,,1,,-,-,-,USA*,-
2023,0,2023180,21,5,Sergio Perez,11,Red Bull Racing,#3671C6,74,3.0,100.693,1.0,,,0,,100.693,-,-0.682,USA*,-1.299
2023,0,2023180,21,5,Sergio Perez,11,Red Bull Racing,#3671C6,75,4.0,100.308,1.0,,,0,100.5,100.308,100.5,-0.859,USA*,-1.3385
2023,0,2023180,21,5,Sergio Perez,11,Red Bull Racing,#3671C6,76,5.0,100.252,1.0,,,0,100.28,100.252,100.28,-0.824,USA*,-1.3365
2023,0,2023180,21,5,Sergio Perez,11,Red Bull Racing,#3671C6,77,6.0,99.824,1.0,,,0,100.038,99.824,100.038,-1.396,USA*,-1.6145
2023,0,2023180,21,5,Sergio Perez,11,Red Bull Racing,#3671C6,78,7.0,100.408,1.0,,,0,100.116,100.408,100.116,-1.008,USA*,-1.359
2023,0,2023180,21,5,Sergio Perez,11,Red Bull Racing,#3671C6,79,8.0,100.601,1.0,,,0,100.504,100.601,100.504,-0.808,USA*,-1.2455
2023,0,2023180,21,5,Sergio Perez,11,Red Bull Racing,#3671C6,80,9.0,100.625,1.0,,,0,100.613,100.625,100.613,-0.813,USA*,-1.241
2023,0,2023180,21,5,Sergio Perez,11,Red Bull Racing,#3671C6,81,10.0,100.818,1.0,,,0,100.721,100.818,100.721,-0.635,USA*,-1.2025000000000001
2023,0,2023180,21,5,Sergio Perez,11,Red Bull Racing,#3671C6,82,11.0,100.321,1.0,,,0,100.57,100.321,100.57,-1.064,USA*,-1.4045
2023,0,2023180,21,5,Sergio Perez,11,Red Bull Racing,#3671C6,83,12.0,100.555,1.0,,,0,100.438,100.555,100.438,-0.801,USA*,-1.2135
2023,0,2023180,21,5,Sergio Perez,11,Red Bull Racing,#3671C6,84,13.0,100.058,1.0,,,0,100.306,100.058,100.306,-1.189,USA*,-1.4020000000000001
2023,0,2023180,21,5,Sergio Perez,11,Red Bull Racing,#3671C6,85,14.0,100.265,1.0,,,0,100.162,100.265,100.162,-0.835,USA*,-1.2650000000000001
2023,0,2023180,21,5,Sergio Perez,11,Red Bull Racing,#3671C6,86,15.0,100.081,1.0,,,0,100.173,100.081,100.173,-0.952,USA*,-1.2965
2023,0,2023180,21,5,Sergio Perez,11,Red Bull Racing,#3671C6,87,16.0,100.3,1.0,,,0,100.19,100.3,100.19,-0.699,USA*,-1.1655
2023,0,2023180,21,5,Sergio Perez,11,Red Bull Racing,#3671C6,88,17.0,100.705,1.0,,,0,100.502,100.329,100.315,-0.361,USA*,-0.805
2023,0,2023180,21,5,Sergio Perez,11,Red Bull Racing,#3671C6,89,18.0,100.358,1.0,,,0,100.532,100.358,100.344,-0.755,USA*,-1.3435
2023,0,2023180,21,5,Sergio Perez,11,Red Bull Racing,#3671C6,90,19.0,100.466,1.0,,,0,100.412,100.466,100.412,-0.825,USA*,-1.3624999999999998
2023,0,2023180,21,8,Carlos Sainz,55,Ferrari,#CC1400,72,1.0,-,1.0,,,1,,-,-,-,USA*,-
2023,0,2023180,21,8,Carlos Sainz,55,Ferrari,#CC1400,73,2.0,-,1.0,,,1,,-,-,-,USA*,-
2023,0,2023180,21,8,Carlos Sainz,55,Ferrari,#CC1400,74,3.0,100.627,1.0,,,0,,100.627,-,-0.748,USA*,-1.2445
2023,0,2023180,21,8,Carlos Sainz,55,Ferrari,#CC1400,75,4.0,100.262,1.0,,,0,100.444,100.262,100.444,-0.905,USA*,-1.1099999999999999
2023,0,2023180,21,8,Carlos Sainz,55,Ferrari,#CC1400,76,5.0,100.223,1.0,,,0,100.242,100.223,100.242,-0.853,USA*,-1.13
2023,0,2023180,21,8,Carlos Sainz,55,Ferrari,#CC1400,77,6.0,100.428,1.0,,,0,100.326,100.428,100.326,-0.792,USA*,-1.0455
2023,0,2023180,21,8,Carlos Sainz,55,Ferrari,#CC1400,78,7.0,100.889,1.0,,,0,100.658,100.642,100.535,-0.527,USA*,-0.9119999999999999
2023,0,2023180,21,8,Carlos Sainz,55,Ferrari,#CC1400,79,8.0,100.856,1.0,,,0,100.872,100.856,100.749,-0.553,USA*,-0.9365000000000001
2023,0,2023180,21,8,Carlos Sainz,55,Ferrari,#CC1400,80,9.0,100.845,1.0,,,0,100.85,100.845,100.85,-0.593,USA*,-0.8755
2023,0,2023180,21,8,Carlos Sainz,55,Ferrari,#CC1400,81,10.0,101.673,1.0,,,0,101.259,101.673,101.259,0.220,USA*,-0.512
2023,0,2023180,21,8,Carlos Sainz,55,Ferrari,#CC1400,82,11.0,101.846,1.0,,,0,101.76,101.846,101.76,0.461,USA*,-0.347
2023,0,2023180,21,8,Carlos Sainz,55,Ferrari,#CC1400,83,12.0,101.173,1.0,,,0,101.51,101.173,101.51,-0.183,USA*,-0.609
2023,0,2023180,21,8,Carlos Sainz,55,Ferrari,#CC1400,84,13.0,101.29,1.0,,,0,101.232,101.29,101.232,0.043,USA*,-0.296
2023,0,2023180,21,8,Carlos Sainz,55,Ferrari,#CC1400,85,14.0,101.425,1.0,,,0,101.358,101.425,101.358,0.325,USA*,-0.38
2023,0,2023180,21,8,Carlos Sainz,55,Ferrari,#CC1400,86,15.0,100.515,1.0,,,0,100.97,100.515,100.97,-0.518,USA*,-0.5365
2023,0,2023180,21,8,Carlos Sainz,55,Ferrari,#CC1400,87,16.0,100.671,1.0,,,0,100.593,100.671,100.593,-0.328,USA*,-0.20600000000000002
2023,0,2023180,21,8,Carlos Sainz,55,Ferrari,#CC1400,88,17.0,100.708,1.0,,,0,100.69,100.708,100.69,-0.358,USA*,-0.209
2023,0,2023180,21,8,Carlos Sainz,55,Ferrari,#CC1400,89,18.0,100.705,1.0,,,0,100.706,100.705,100.706,-0.408,USA*,-0.126
2023,0,2023180,21,8,Carlos Sainz,55,Ferrari,#CC1400,90,19.0,100.708,1.0,,,0,100.706,100.708,100.706,-0.583,USA*,-0.12649999999999997
2023,0,2023180,21,17,Pierre Gasly,10,Alpine,#2293D1,72,1.0,-,1.0,,,1,,-,-,-,USA*,-
2023,0,2023180,21,17,Pierre Gasly,10,Alpine,#2293D1,73,2.0,-,1.0,,,1,,-,-,-,USA*,-
2023,0,2023180,21,17,Pierre Gasly,10,Alpine,#2293D1,74,3.0,101.995,1.0,,,0,,101.995,-,0.620,USA*,0.5800000000000001
2023,0,2023180,21,17,Pierre Gasly,10,Alpine,#2293D1,75,4.0,101.525,1.0,,,0,101.76,101.525,101.76,0.358,USA*,0.4835
2023,0,2023180,21,17,Pierre Gasly,10,Alpine,#2293D1,76,5.0,100.155,1.0,,,0,100.84,100.155,100.84,-0.921,USA*,-0.15100000000000002
2023,0,2023180,21,17,Pierre Gasly,10,Alpine,#2293D1,77,6.0,100.777,1.0,,,0,100.466,100.36,100.258,-0.443,USA*,0.027499999999999997
2023,0,2023180,21,17,Pierre Gasly,10,Alpine,#2293D1,78,7.0,100.566,1.0,,,0,100.672,100.566,100.463,-0.850,USA*,-0.118
2023,0,2023180,21,17,Pierre Gasly,10,Alpine,#2293D1,79,8.0,100.457,1.0,,,0,100.512,100.457,100.512,-0.952,USA*,-0.4175
2023,0,2023180,21,17,Pierre Gasly,10,Alpine,#2293D1,80,9.0,101.027,1.0,,,0,100.742,100.497,100.477,-0.411,USA*,-0.20299999999999999
2023,0,2023180,21,17,Pierre Gasly,10,Alpine,#2293D1,81,10.0,100.537,1.0,,,0,100.782,100.537,100.517,-0.916,USA*,-0.433
2023,0,2023180,21,17,Pierre Gasly,10,Alpine,#2293D1,82,11.0,100.648,1.0,,,0,100.592,100.648,100.592,-0.737,USA*,-0.253
2023,0,2023180,21,17,Pierre Gasly,10,Alpine,#2293D1,83,12.0,100.541,1.0,,,0,100.594,100.541,100.594,-0.815,USA*,-0.31099999999999994
2023,0,2023180,21,17,Pierre Gasly,10,Alpine,#2293D1,84,13.0,100.576,1.0,,,0,100.558,100.576,100.558,-0.671,USA*,-0.15800000000000003
2023,0,2023180,21,17,Pierre Gasly,10,Alpine,#2293D1,85,14.0,101.121,1.0,,,0,100.848,101.121,100.848,0.021,USA*,0.1095
2023,0,2023180,21,17,Pierre Gasly,10,Alpine,#2293D1,86,15.0,101.32,1.0,,,0,101.22,101.32,101.22,0.287,USA*,0.13349999999999998
2023,0,2023180,21,17,Pierre Gasly,10,Alpine,#2293D1,87,16.0,100.999,1.0,,,0,101.16,100.999,101.16,0.000,USA*,0.064
2023,0,2023180,21,17,Pierre Gasly,10,Alpine,#2293D1,88,17.0,101.399,1.0,,,0,101.199,100.914,100.956,0.333,USA*,0.4105
2023,0,2023180,21,17,Pierre Gasly,10,Alpine,#2293D1,89,18.0,100.829,1.0,,,0,101.114,100.829,100.872,-0.284,USA*,0.006500000000000006
2023,0,2023180,21,17,Pierre Gasly,10,Alpine,#2293D1,90,19.0,100.828,1.0,,,0,100.828,100.828,100.828,-0.463,USA*,0.05849999999999997
2023,0,2023180,21,14,George Russell,63,Mercedes,#6CD3BF,72,1.0,-,1.0,,,1,,-,-,-,USA*,-
2023,0,2023180,21,14,George Russell,63,Mercedes,#6CD3BF,73,2.0,-,1.0,,,1,,-,-,-,USA*,-
2023,0,2023180,21,14,George Russell,63,Mercedes,#6CD3BF,74,3.0,101.327,1.0,,,0,,101.327,-,-0.048,USA*,-1.1425
2023,0,2023180,21,14,George Russell,63,Mercedes,#6CD3BF,75,4.0,100.578,1.0,,,0,100.952,100.578,100.952,-0.589,USA*,-1.206
2023,0,2023180,21,14,George Russell,63,Mercedes,#6CD3BF,76,5.0,100.451,1.0,,,0,100.514,100.451,100.514,-0.625,USA*,-1.134
2023,0,2023180,21,14,George Russell,63,Mercedes,#6CD3BF,77,6.0,100.477,1.0,,,0,100.464,100.477,100.464,-0.743,USA*,-0.9515
2023,0,2023180,21,14,George Russell,63,Mercedes,#6CD3BF,78,7.0,100.53,1.0,,,0,100.504,100.53,100.504,-0.886,USA*,-0.986
2023,0,2023180,21,14,George Russell,63,Mercedes,#6CD3BF,79,8.0,100.571,1.0,,,0,100.55,100.571,100.55,-0.838,USA*,-1.1915
2023,0,2023180,21,14,George Russell,63,Mercedes,#6CD3BF,80,9.0,100.857,1.0,,,0,100.714,100.412,100.492,-0.581,USA*,-0.9355
2023,0,2023180,21,14,George Russell,63,Mercedes,#6CD3BF,81,10.0,100.253,1.0,,,0,100.555,100.253,100.333,-1.200,USA*,-1.2269999999999999
2023,0,2023180,21,14,George Russell,63,Mercedes,#6CD3BF,82,11.0,100.444,1.0,,,0,100.348,100.444,100.348,-0.941,USA*,-1.1415
2023,0,2023180,21,14,George Russell,63,Mercedes,#6CD3BF,83,12.0,100.713,1.0,,,0,100.578,100.713,100.578,-0.643,USA*,-0.8955
2023,0,2023180,21,14,George Russell,63,Mercedes,#6CD3BF,84,13.0,101.12,1.0,,,0,100.916,101.12,100.916,-0.127,USA*,-0.7975
2023,0,2023180,21,14,George Russell,63,Mercedes,#6CD3BF,85,14.0,101.629,1.0,,,0,101.375,100.802,100.961,0.529,USA*,-0.34900000000000003
2023,0,2023180,21,14,George Russell,63,Mercedes,#6CD3BF,86,15.0,100.484,1.0,,,0,101.056,100.484,100.643,-0.549,USA*,-0.7889999999999999
2023,0,2023180,21,14,George Russell,63,Mercedes,#6CD3BF,87,16.0,101.006,1.0,,,0,100.745,100.526,100.505,0.007,USA*,-0.411
2023,0,2023180,21,14,George Russell,63,Mercedes,#6CD3BF,88,17.0,100.567,1.0,,,0,100.786,100.567,100.546,-0.499,USA*,-0.6225
2023,0,2023180,21,14,George Russell,63,Mercedes,#6CD3BF,89,18.0,100.794,1.0,,,0,100.68,100.794,100.68,-0.319,USA*,-0.5185
2023,0,2023180,21,14,George Russell,63,Mercedes,#6CD3BF,90,19.0,100.851,1.0,,,0,100.822,100.851,100.822,-0.440,USA*,-0.444
2023,0,2023180,21,24,Alexander Albon,23,Williams,#37BEDD,72,1.0,-,1.0,,,1,,-,-,-,USA*,-
2023,0,2023180,21,24,Alexander Albon,23,Williams,#37BEDD,73,2.0,-,1.0,,,1,,-,-,-,USA*,-
2023,0,2023180,21,24,Alexander Albon,23,Williams,#37BEDD,74,3.0,101.753,1.0,,,0,,101.753,-,0.378,USA*,0.536
2023,0,2023180,21,24,Alexander Albon,23,Williams,#37BEDD,75,4.0,101.807,1.0,,,0,101.78,101.807,101.78,0.640,USA*,0.7585
2023,0,2023180,21,24,Alexander Albon,23,Williams,#37BEDD,76,5.0,101.737,1.0,,,0,101.772,101.737,101.772,0.661,USA*,0.817
2023,0,2023180,21,24,Alexander Albon,23,Williams,#37BEDD,77,6.0,101.211,1.0,,,0,101.474,101.211,101.474,-0.009,USA*,0.359
2023,0,2023180,21,24,Alexander Albon,23,Williams,#37BEDD,78,7.0,101.185,1.0,,,0,101.198,101.185,101.198,-0.231,USA*,0.407
2023,0,2023180,21,24,Alexander Albon,23,Williams,#37BEDD,79,8.0,101.495,1.0,,,0,101.34,101.495,101.34,0.086,USA*,0.7905000000000001
2023,0,2023180,21,24,Alexander Albon,23,Williams,#37BEDD,80,9.0,101.508,1.0,,,0,101.502,101.508,101.502,0.070,USA*,0.9705
2023,0,2023180,21,24,Alexander Albon,23,Williams,#37BEDD,81,10.0,101.043,1.0,,,0,101.276,101.043,101.276,-0.410,USA*,0.514
2023,0,2023180,21,24,Alexander Albon,23,Williams,#37BEDD,82,11.0,101.188,1.0,,,0,101.116,101.188,101.116,-0.197,USA*,0.7065
2023,0,2023180,21,24,Alexander Albon,23,Williams,#37BEDD,83,12.0,101.275,1.0,,,0,101.232,101.275,101.232,-0.081,USA*,1.189
2023,0,2023180,21,24,Alexander Albon,23,Williams,#37BEDD,84,13.0,100.842,1.0,,,0,101.059,100.842,101.059,-0.405,USA*,0.6725
2023,0,2023180,21,24,Alexander Albon,23,Williams,#37BEDD,85,14.0,100.779,1.0,,,0,100.81,100.779,100.81,-0.321,USA*,0.6475000000000001
2023,0,2023180,21,24,Alexander Albon,23,Williams,#37BEDD,86,15.0,100.407,1.0,,,0,100.593,100.407,100.593,-0.626,USA*,0.6779999999999999
2023,0,2023180,21,24,Alexander Albon,23,Williams,#37BEDD,87,16.0,100.175,1.0,,,0,100.291,100.175,100.291,-0.824,USA*,0.4005
2023,0,2023180,21,24,Alexander Albon,23,Williams,#37BEDD,88,17.0,100.094,1.0,,,0,100.134,100.094,100.134,-0.972,USA*,0.45699999999999996
2023,0,2023180,21,24,Alexander Albon,23,Williams,#37BEDD,89,18.0,100.194,1.0,,,0,100.144,100.194,100.144,-0.919,USA*,0.631
2023,0,2023180,21,24,Alexander Albon,23,Williams,#37BEDD,90,19.0,100.067,1.0,,,0,100.13,100.067,100.13,-1.224,USA*,0.02100000000000002
2023,0,2023180,21,28,Oscar Piastri,81,McLaren,#F58020,72,1.0,-,1.0,,,1,,-,-,-,USA*,-
2023,0,2023180,21,28,Oscar Piastri,81,McLaren,#F58020,73,2.0,-,1.0,,,1,,-,-,-,USA*,-
2023,0,2023180,21,28,Oscar Piastri,81,McLaren,#F58020,74,3.0,102.87,1.0,,,0,,102.87,-,1.495,USA*,0.3400000000000001
2023,0,2023180,21,28,Oscar Piastri,81,McLaren,#F58020,75,4.0,101.51,1.0,,,0,102.19,101.51,102.19,0.343,USA*,-0.34450000000000003
2023,0,2023180,21,28,Oscar Piastri,81,McLaren,#F58020,76,5.0,102.308,1.0,,,0,101.909,102.308,101.909,1.232,USA*,0.22449999999999998
2023,0,2023180,21,28,Oscar Piastri,81,McLaren,#F58020,77,6.0,102.36,1.0,,,0,102.334,102.36,102.334,1.140,USA*,0.12649999999999995
2023,0,2023180,21,28,Oscar Piastri,81,McLaren,#F58020,78,7.0,102.072,1.0,,,0,102.216,102.072,102.216,0.656,USA*,0.1875
2023,0,2023180,21,28,Oscar Piastri,81,McLaren,#F58020,79,8.0,101.517,1.0,,,0,101.794,101.517,101.794,0.108,USA*,-0.372
2023,0,2023180,21,28,Oscar Piastri,81,McLaren,#F58020,80,9.0,101.108,1.0,,,0,101.312,101.108,101.312,-0.330,USA*,-0.5005000000000001
2023,0,2023180,21,28,Oscar Piastri,81,McLaren,#F58020,81,10.0,101.247,1.0,,,0,101.178,101.247,101.178,-0.206,USA*,-0.8005
2023,0,2023180,21,28,Oscar Piastri,81,McLaren,#F58020,82,11.0,101.335,1.0,,,0,101.291,101.335,101.291,-0.050,USA*,-0.7025
2023,0,2023180,21,28,Oscar Piastri,81,McLaren,#F58020,83,12.0,101.284,1.0,,,0,101.31,101.284,101.31,-0.072,USA*,-0.7705000000000001
2023,0,2023180,21,28,Oscar Piastri,81,McLaren,#F58020,84,13.0,101.414,1.0,,,0,101.349,101.414,101.349,0.167,USA*,-0.5489999999999999
2023,0,2023180,21,28,Oscar Piastri,81,McLaren,#F58020,85,14.0,101.289,1.0,,,0,101.352,101.289,101.352,0.189,USA*,-0.44199999999999995
2023,0,2023180,21,28,Oscar Piastri,81,McLaren,#F58020,86,15.0,101.21,1.0,,,0,101.25,101.21,101.25,0.177,USA*,-0.5305
2023,0,2023180,21,28,Oscar Piastri,81,McLaren,#F58020,87,16.0,101.037,1.0,,,0,101.124,101.037,101.124,0.038,USA*,-0.45949999999999996
2023,0,2023180,21,28,Oscar Piastri,81,McLaren,#F58020,88,17.0,101.272,1.0,,,0,101.155,101.047,101.042,0.206,USA*,-0.42600000000000005
2023,0,2023180,21,28,Oscar Piastri,81,McLaren,#F58020,89,18.0,101.056,1.0,,,0,101.164,101.056,101.051,-0.057,USA*,-0.43050000000000005
2023,0,2023180,21,28,Oscar Piastri,81,McLaren,#F58020,90,19.0,101.748,1.0,,,0,101.402,101.748,101.402,0.457,USA*,-0.171
2023,0,2023180,21,13,Esteban Ocon,31,Alpine,#2293D1,72,1.0,-,1.0,,,1,,-,-,-,USA*,-
2023,0,2023180,21,13,Esteban Ocon,31,Alpine,#2293D1,73,2.0,-,1.0,,,1,,-,-,-,USA*,-
2023,0,2023180,21,13,Esteban Ocon,31,Alpine,#2293D1,74,3.0,101.915,1.0,,,0,,101.915,-,0.540,USA*,0.5800000000000001
2023,0,2023180,21,13,Esteban Ocon,31,Alpine,#2293D1,75,4.0,101.776,1.0,,,0,101.846,101.776,101.846,0.609,USA*,0.4835
2023,0,2023180,21,13,Esteban Ocon,31,Alpine,#2293D1,76,5.0,101.695,1.0,,,0,101.736,101.695,101.736,0.619,USA*,-0.15100000000000002
2023,0,2023180,21,13,Esteban Ocon,31,Alpine,#2293D1,77,6.0,101.718,1.0,,,0,101.706,101.718,101.706,0.498,USA*,0.027499999999999997
2023,0,2023180,21,13,Esteban Ocon,31,Alpine,#2293D1,78,7.0,102.03,1.0,,,0,101.874,101.622,101.67,0.614,USA*,-0.118
2023,0,2023180,21,13,Esteban Ocon,31,Alpine,#2293D1,79,8.0,101.526,1.0,,,0,101.778,101.526,101.574,0.117,USA*,-0.4175
2023,0,2023180,21,13,Esteban Ocon,31,Alpine,#2293D1,80,9.0,101.443,1.0,,,0,101.484,101.443,101.484,0.005,USA*,-0.20299999999999999
2023,0,2023180,21,13,Esteban Ocon,31,Alpine,#2293D1,81,10.0,101.503,1.0,,,0,101.473,101.503,101.473,0.050,USA*,-0.433
2023,0,2023180,21,13,Esteban Ocon,31,Alpine,#2293D1,82,11.0,101.616,1.0,,,0,101.56,101.616,101.56,0.231,USA*,-0.253
2023,0,2023180,21,13,Esteban Ocon,31,Alpine,#2293D1,83,12.0,101.549,1.0,,,0,101.583,101.549,101.583,0.193,USA*,-0.31099999999999994
2023,0,2023180,21,13,Esteban Ocon,31,Alpine,#2293D1,84,13.0,101.602,1.0,,,0,101.576,101.602,101.576,0.355,USA*,-0.15800000000000003
2023,0,2023180,21,13,Esteban Ocon,31,Alpine,#2293D1,85,14.0,101.298,1.0,,,0,101.45,101.298,101.45,0.198,USA*,0.1095
2023,0,2023180,21,13,Esteban Ocon,31,Alpine,#2293D1,86,15.0,101.013,1.0,,,0,101.156,101.013,101.156,-0.020,USA*,0.13349999999999998
2023,0,2023180,21,13,Esteban Ocon,31,Alpine,#2293D1,87,16.0,101.127,1.0,,,0,101.07,101.127,101.07,0.128,USA*,0.064
2023,0,2023180,21,13,Esteban Ocon,31,Alpine,#2293D1,88,17.0,101.554,1.0,,,0,101.34,101.268,101.198,0.488,USA*,0.4105
2023,0,2023180,21,13,Esteban Ocon,31,Alpine,#2293D1,89,18.0,101.41,1.0,,,0,101.482,101.41,101.339,0.297,USA*,0.006500000000000006
2023,0,2023180,21,13,Esteban Ocon,31,Alpine,#2293D1,90,19.0,101.871,1.0,,,0,101.64,101.871,101.64,0.580,USA*,0.05849999999999997
2023,0,2023180,21,7,Daniel Ricciardo,3,Alpha Tauri,#5E8FAA,72,1.0,-,1.0,,,1,,-,-,-,USA*,-
2023,0,2023180,21,7,Daniel Ricciardo,3,Alpha Tauri,#5E8FAA,73,2.0,-,1.0,,,1,,-,-,-,USA*,-
2023,0,2023180,21,7,Daniel Ricciardo,3,Alpha Tauri,#5E8FAA,74,3.0,101.903,1.0,,,0,,101.903,-,0.528,USA*,0.595
2023,0,2023180,21,7,Daniel Ricciardo,3,Alpha Tauri,#5E8FAA,75,4.0,101.832,1.0,,,0,101.868,101.832,101.868,0.665,USA*,0.623
2023,0,2023180,21,7,Daniel Ricciardo,3,Alpha Tauri,#5E8FAA,76,5.0,101.636,1.0,,,0,101.734,101.636,101.734,0.560,USA*,0.6685000000000001
2023,0,2023180,21,7,Daniel Ricciardo,3,Alpha Tauri,#5E8FAA,77,6.0,101.843,1.0,,,0,101.739,101.843,101.739,0.623,USA*,0.9555
2023,0,2023180,21,7,Daniel Ricciardo,3,Alpha Tauri,#5E8FAA,78,7.0,101.954,1.0,,,0,101.898,101.954,101.898,0.538,USA*,0.8995
2023,0,2023180,21,7,Daniel Ricciardo,3,Alpha Tauri,#5E8FAA,79,8.0,101.664,1.0,,,0,101.809,101.664,101.809,0.255,USA*,1.0625
2023,0,2023180,21,7,Daniel Ricciardo,3,Alpha Tauri,#5E8FAA,80,9.0,102.553,1.0,,,0,102.108,101.94,101.802,1.115,USA*,0.8255
2023,0,2023180,21,7,Daniel Ricciardo,3,Alpha Tauri,#5E8FAA,81,10.0,102.216,1.0,,,0,102.384,102.216,102.078,0.763,USA*,0.451
2023,0,2023180,21,7,Daniel Ricciardo,3,Alpha Tauri,#5E8FAA,82,11.0,101.491,1.0,,,0,101.854,101.491,101.854,0.106,USA*,0.081
2023,0,2023180,21,7,Daniel Ricciardo,3,Alpha Tauri,#5E8FAA,83,12.0,101.574,1.0,,,0,101.532,101.574,101.532,0.218,USA*,-0.041999999999999996
2023,0,2023180,21,7,Daniel Ricciardo,3,Alpha Tauri,#5E8FAA,84,13.0,101.377,1.0,,,0,101.476,101.377,101.476,0.130,USA*,-0.07450000000000001
2023,0,2023180,21,7,Daniel Ricciardo,3,Alpha Tauri,#5E8FAA,85,14.0,100.434,1.0,,,0,100.905,100.434,100.905,-0.666,USA*,-0.35950000000000004
2023,0,2023180,21,7,Daniel Ricciardo,3,Alpha Tauri,#5E8FAA,86,15.0,100.84,1.0,,,0,100.637,100.84,100.637,-0.193,USA*,-0.1265
2023,0,2023180,21,7,Daniel Ricciardo,3,Alpha Tauri,#5E8FAA,87,16.0,101.125,1.0,,,0,100.982,101.125,100.982,0.126,USA*,0.082
2023,0,2023180,21,7,Daniel Ricciardo,3,Alpha Tauri,#5E8FAA,88,17.0,101.28,1.0,,,0,101.202,101.28,101.202,0.214,USA*,-0.11
2023,0,2023180,21,7,Daniel Ricciardo,3,Alpha Tauri,#5E8FAA,89,18.0,101.079,1.0,,,0,101.179,101.079,101.179,-0.034,USA*,-0.0825
2023,0,2023180,21,7,Daniel Ricciardo,3,Alpha Tauri,#5E8FAA,90,19.0,101.79,1.0,,,0,101.434,101.79,101.434,0.499,USA*,0.2305
2023,0,2023180,21,19,Fernando Alonso,14,Aston Martin,#358C75,72,1.0,-,1.0,,,1,,-,-,-,USA*,-
2023,0,2023180,21,19,Fernando Alonso,14,Aston Martin,#358C75,73,2.0,-,1.0,,,1,,-,-,-,USA*,-
2023,0,2023180,21,19,Fernando Alonso,14,Aston Martin,#358C75,74,3.0,101.782,1.0,,,0,,101.782,-,0.407,USA*,0.4105
2023,0,2023180,21,19,Fernando Alonso,14,Aston Martin,#358C75,75,4.0,101.863,1.0,,,0,101.822,101.863,101.822,0.696,USA*,0.669
2023,0,2023180,21,19,Fernando Alonso,14,Aston Martin,#358C75,76,5.0,101.538,1.0,,,0,101.7,101.538,101.7,0.462,USA*,0.42300000000000004
2023,0,2023180,21,19,Fernando Alonso,14,Aston Martin,#358C75,77,6.0,102.34,1.0,,,0,101.939,101.61,101.574,1.120,USA*,0.893
2023,0,2023180,21,19,Fernando Alonso,14,Aston Martin,#358C75,78,7.0,101.681,1.0,,,0,102.011,101.681,101.645,0.265,USA*,0.421
2023,0,2023180,21,19,Fernando Alonso,14,Aston Martin,#358C75,79,8.0,101.015,1.0,,,0,101.348,101.015,101.348,-0.394,USA*,-0.04350000000000001
2023,0,2023180,21,19,Fernando Alonso,14,Aston Martin,#358C75,80,9.0,101.545,1.0,,,0,101.28,101.545,101.28,0.107,USA*,0.078
2023,0,2023180,21,19,Fernando Alonso,14,Aston Martin,#358C75,81,10.0,101.88,1.0,,,0,101.712,101.88,101.712,0.427,USA*,0.49050000000000005
2023,0,2023180,21,19,Fernando Alonso,14,Aston Martin,#358C75,82,11.0,101.646,1.0,,,0,101.763,101.646,101.763,0.261,USA*,0.21400000000000002
2023,0,2023180,21,19,Fernando Alonso,14,Aston Martin,#358C75,83,12.0,101.715,1.0,,,0,101.68,101.715,101.68,0.359,USA*,0.3085
2023,0,2023180,21,19,Fernando Alonso,14,Aston Martin,#358C75,84,13.0,101.273,1.0,,,0,101.494,101.273,101.494,0.026,USA*,0.1715
2023,0,2023180,21,19,Fernando Alonso,14,Aston Martin,#358C75,85,14.0,101.025,1.0,,,0,101.149,101.025,101.149,-0.075,USA*,1.1844999999999999
2023,0,2023180,21,19,Fernando Alonso,14,Aston Martin,#358C75,86,15.0,100.853,1.0,,,0,100.939,100.853,100.939,-0.180,USA*,0.29500000000000004
2023,0,2023180,21,19,Fernando Alonso,14,Aston Martin,#358C75,87,16.0,100.805,1.0,,,0,100.829,100.805,100.829,-0.194,USA*,-
2023,0,2023180,21,19,Fernando Alonso,14,Aston Martin,#358C75,88,17.0,102.479,1.0,,,0,101.642,101.289,101.047,1.413,USA*,-
2023,0,2023180,21,19,Fernando Alonso,14,Aston Martin,#358C75,89,18.0,101.773,1.0,,,0,102.126,101.773,101.531,0.660,USA*,-
2023,0,2023180,21,19,Fernando Alonso,14,Aston Martin,#358C75,90,19.0,102.256,1.0,,,0,102.014,102.256,102.014,0.965,USA*,-
2023,0,2023180,21,9,Yuki Tsunoda,22,Alpha Tauri,#5E8FAA,72,1.0,-,1.0,,,1,,-,-,-,USA*,-
2023,0,2023180,21,9,Yuki Tsunoda,22,Alpha Tauri,#5E8FAA,73,2.0,-,1.0,,,1,,-,-,-,USA*,-
2023,0,2023180,21,9,Yuki Tsunoda,22,Alpha Tauri,#5E8FAA,74,3.0,102.037,1.0,,,0,,102.037,-,0.662,USA*,0.595
2023,0,2023180,21,9,Yuki Tsunoda,22,Alpha Tauri,#5E8FAA,75,4.0,101.748,1.0,,,0,101.893,101.748,101.893,0.581,USA*,0.623
2023,0,2023180,21,9,Yuki Tsunoda,22,Alpha Tauri,#5E8FAA,76,5.0,101.853,1.0,,,0,101.8,101.853,101.8,0.777,USA*,0.6685000000000001
2023,0,2023180,21,9,Yuki Tsunoda,22,Alpha Tauri,#5E8FAA,77,6.0,102.508,1.0,,,0,102.18,102.508,102.18,1.288,USA*,0.9555
2023,0,2023180,21,9,Yuki Tsunoda,22,Alpha Tauri,#5E8FAA,78,7.0,102.677,1.0,,,0,102.592,102.677,102.592,1.261,USA*,0.8995
2023,0,2023180,21,9,Yuki Tsunoda,22,Alpha Tauri,#5E8FAA,79,8.0,103.279,1.0,,,0,102.978,102.326,102.501,1.870,USA*,1.0625
2023,0,2023180,21,9,Yuki Tsunoda,22,Alpha Tauri,#5E8FAA,80,9.0,101.974,1.0,,,0,102.626,101.974,102.15,0.536,USA*,0.8255
2023,0,2023180,21,9,Yuki Tsunoda,22,Alpha Tauri,#5E8FAA,81,10.0,101.592,1.0,,,0,101.783,101.592,101.783,0.139,USA*,0.451
2023,0,2023180,21,9,Yuki Tsunoda,22,Alpha Tauri,#5E8FAA,82,11.0,101.441,1.0,,,0,101.517,101.441,101.517,0.056,USA*,0.081
2023,0,2023180,21,9,Yuki Tsunoda,22,Alpha Tauri,#5E8FAA,83,12.0,101.054,1.0,,,0,101.248,101.054,101.248,-0.302,USA*,-0.041999999999999996
2023,0,2023180,21,9,Yuki Tsunoda,22,Alpha Tauri,#5E8FAA,84,13.0,100.968,1.0,,,0,101.011,100.968,101.011,-0.279,USA*,-0.07450000000000001
2023,0,2023180,21,9,Yuki Tsunoda,22,Alpha Tauri,#5E8FAA,85,14.0,101.047,1.0,,,0,101.008,101.047,101.008,-0.053,USA*,-0.35950000000000004
2023,0,2023180,21,9,Yuki Tsunoda,22,Alpha Tauri,#5E8FAA,86,15.0,100.973,1.0,,,0,101.01,100.973,101.01,-0.060,USA*,-0.1265
2023,0,2023180,21,9,Yuki Tsunoda,22,Alpha Tauri,#5E8FAA,87,16.0,101.037,1.0,,,0,101.005,101.037,101.005,0.038,USA*,0.082
2023,0,2023180,21,9,Yuki Tsunoda,22,Alpha Tauri,#5E8FAA,88,17.0,100.632,1.0,,,0,100.834,100.632,100.834,-0.434,USA*,-0.11
2023,0,2023180,21,9,Yuki Tsunoda,22,Alpha Tauri,#5E8FAA,89,18.0,100.982,1.0,,,0,100.807,100.982,100.807,-0.131,USA*,-0.0825
2023,0,2023180,21,9,Yuki Tsunoda,22,Alpha Tauri,#5E8FAA,90,19.0,101.253,1.0,,,0,101.118,101.253,101.118,-0.038,USA*,0.2305
2023,0,2023180,21,25,Nico Hulkenberg,27,Haas F1 Team,#505050,72,1.0,-,1.0,,,1,,-,-,-,USA*,-
2023,0,2023180,21,25,Nico Hulkenberg,27,Haas F1 Team,#505050,73,2.0,-,1.0,,,1,,-,-,-,USA*,-
2023,0,2023180,21,25,Nico Hulkenberg,27,Haas F1 Team,#505050,74,3.0,101.985,1.0,,,0,,101.985,-,0.610,USA*,0.46699999999999997
2023,0,2023180,21,25,Nico Hulkenberg,27,Haas F1 Team,#505050,75,4.0,101.841,1.0,,,0,101.913,101.841,101.913,0.674,USA*,0.8035000000000001
2023,0,2023180,21,25,Nico Hulkenberg,27,Haas F1 Team,#505050,76,5.0,101.747,1.0,,,0,101.794,101.747,101.794,0.671,USA*,0.7070000000000001
2023,0,2023180,21,25,Nico Hulkenberg,27,Haas F1 Team,#505050,77,6.0,102.589,1.0,,,0,102.168,101.864,101.805,1.369,USA*,1.8679999999999999
2023,0,2023180,21,25,Nico Hulkenberg,27,Haas F1 Team,#505050,78,7.0,101.98,1.0,,,0,102.285,101.98,101.922,0.564,USA*,1.219
2023,0,2023180,21,25,Nico Hulkenberg,27,Haas F1 Team,#505050,79,8.0,101.992,1.0,,,0,101.986,101.992,101.986,0.583,USA*,1.3515000000000001
2023,0,2023180,21,25,Nico Hulkenberg,27,Haas F1 Team,#505050,80,9.0,102.206,1.0,,,0,102.099,102.206,102.099,0.768,USA*,1.2495
2023,0,2023180,21,25,Nico Hulkenberg,27,Haas F1 Team,#505050,81,10.0,102.425,1.0,,,0,102.316,102.425,102.316,0.972,USA*,1.2970000000000002
2023,0,2023180,21,25,Nico Hulkenberg,27,Haas F1 Team,#505050,82,11.0,102.22,1.0,,,0,102.322,102.22,102.322,0.835,USA*,1.276
2023,0,2023180,21,25,Nico Hulkenberg,27,Haas F1 Team,#505050,83,12.0,103.443,1.0,,,0,102.832,102.082,102.151,2.087,USA*,2.051
2023,0,2023180,21,25,Nico Hulkenberg,27,Haas F1 Team,#505050,84,13.0,101.943,1.0,,,0,102.693,101.943,102.012,0.696,USA*,1.7094999999999998
2023,0,2023180,21,25,Nico Hulkenberg,27,Haas F1 Team,#505050,85,14.0,101.757,1.0,,,0,101.85,101.757,101.85,0.657,USA*,1.409
2023,0,2023180,21,25,Nico Hulkenberg,27,Haas F1 Team,#505050,86,15.0,101.85,1.0,,,0,101.804,101.85,101.804,0.817,USA*,1.358
2023,0,2023180,21,25,Nico Hulkenberg,27,Haas F1 Team,#505050,87,16.0,101.813,1.0,,,0,101.832,101.813,101.832,0.814,USA*,1.2269999999999999
2023,0,2023180,21,25,Nico Hulkenberg,27,Haas F1 Team,#505050,88,17.0,101.996,1.0,,,0,101.904,101.996,101.904,0.930,USA*,1.449
2023,0,2023180,21,25,Nico Hulkenberg,27,Haas F1 Team,#505050,89,18.0,101.232,1.0,,,0,101.614,101.232,101.614,0.119,USA*,1.093
2023,0,2023180,21,25,Nico Hulkenberg,27,Haas F1 Team,#505050,90,19.0,101.428,1.0,,,0,101.33,101.428,101.33,0.137,USA*,0.8065
2023,0,2023180,21,3,Valtteri Bottas,77,Alfa Romeo,#C92D4B,72,1.0,-,1.0,,,1,,-,-,-,USA*,-
2023,0,2023180,21,3,Valtteri Bottas,77,Alfa Romeo,#C92D4B,73,2.0,-,1.0,,,1,,-,-,-,USA*,-
2023,0,2023180,21,3,Valtteri Bottas,77,Alfa Romeo,#C92D4B,74,3.0,102.127,1.0,,,0,,102.127,-,0.752,USA*,0.7625
2023,0,2023180,21,3,Valtteri Bottas,77,Alfa Romeo,#C92D4B,75,4.0,101.754,1.0,,,0,101.94,101.754,101.94,0.587,USA*,0.6579999999999999
2023,0,2023180,21,3,Valtteri Bottas,77,Alfa Romeo,#C92D4B,76,5.0,102.079,1.0,,,0,101.916,102.079,101.916,1.003,USA*,0.9079999999999999
2023,0,2023180,21,3,Valtteri Bottas,77,Alfa Romeo,#C92D4B,77,6.0,101.882,1.0,,,0,101.98,101.882,101.98,0.662,USA*,0.8320000000000001
2023,0,2023180,21,3,Valtteri Bottas,77,Alfa Romeo,#C92D4B,78,7.0,102.912,1.0,,,0,102.397,102.364,102.123,1.496,USA*,1.3744999999999998
2023,0,2023180,21,3,Valtteri Bottas,77,Alfa Romeo,#C92D4B,79,8.0,102.845,1.0,,,0,102.878,102.845,102.604,1.436,USA*,1.483
2023,0,2023180,21,3,Valtteri Bottas,77,Alfa Romeo,#C92D4B,80,9.0,103.345,1.0,,,0,103.095,102.964,102.905,1.907,USA*,1.841
2023,0,2023180,21,3,Valtteri Bottas,77,Alfa Romeo,#C92D4B,81,10.0,103.084,1.0,,,0,103.214,103.084,103.024,1.631,USA*,1.6640000000000001
2023,0,2023180,21,3,Valtteri Bottas,77,Alfa Romeo,#C92D4B,82,11.0,102.975,1.0,,,0,103.03,102.975,103.03,1.590,USA*,1.57
2023,0,2023180,21,3,Valtteri Bottas,77,Alfa Romeo,#C92D4B,83,12.0,103.845,1.0,,,0,103.41,102.953,102.964,2.489,USA*,2.404
2023,0,2023180,21,3,Valtteri Bottas,77,Alfa Romeo,#C92D4B,84,13.0,102.932,1.0,,,0,103.388,102.932,102.943,1.685,USA*,1.2770000000000001
2023,0,2023180,21,3,Valtteri Bottas,77,Alfa Romeo,#C92D4B,85,14.0,101.891,1.0,,,0,102.412,101.891,102.412,0.791,USA*,0.788
2023,0,2023180,21,3,Valtteri Bottas,77,Alfa Romeo,#C92D4B,86,15.0,102.028,1.0,,,0,101.96,102.028,101.96,0.995,USA*,0.8115
2023,0,2023180,21,3,Valtteri Bottas,77,Alfa Romeo,#C92D4B,87,16.0,101.68,1.0,,,0,101.854,101.68,101.854,0.681,USA*,0.8725
2023,0,2023180,21,3,Valtteri Bottas,77,Alfa Romeo,#C92D4B,88,17.0,101.825,1.0,,,0,101.752,101.825,101.752,0.759,USA*,0.7
2023,0,2023180,21,3,Valtteri Bottas,77,Alfa Romeo,#C92D4B,89,18.0,101.503,1.0,,,0,101.664,101.503,101.664,0.390,USA*,0.436
2023,0,2023180,21,3,Valtteri Bottas,77,Alfa Romeo,#C92D4B,90,19.0,101.739,1.0,,,0,101.621,101.739,101.621,0.448,USA*,0.5025000000000001
2023,0,2023180,21,23,Guanyu Zhou,24,Alfa Romeo,#C92D4B,72,1.0,-,1.0,,,1,,-,-,-,USA*,-
2023,0,2023180,21,23,Guanyu Zhou,24,Alfa Romeo,#C92D4B,73,2.0,-,1.0,,,1,,-,-,-,USA*,-
2023,0,2023180,21,23,Guanyu Zhou,24,Alfa Romeo,#C92D4B,74,3.0,102.148,1.0,,,0,,102.148,-,0.773,USA*,0.7625
2023,0,2023180,21,23,Guanyu Zhou,24,Alfa Romeo,#C92D4B,75,4.0,101.896,1.0,,,0,102.022,101.896,102.022,0.729,USA*,0.6579999999999999
2023,0,2023180,21,23,Guanyu Zhou,24,Alfa Romeo,#C92D4B,76,5.0,101.889,1.0,,,0,101.892,101.889,101.892,0.813,USA*,0.9079999999999999
2023,0,2023180,21,23,Guanyu Zhou,24,Alfa Romeo,#C92D4B,77,6.0,102.222,1.0,,,0,102.056,102.222,102.056,1.002,USA*,0.8320000000000001
2023,0,2023180,21,23,Guanyu Zhou,24,Alfa Romeo,#C92D4B,78,7.0,102.669,1.0,,,0,102.446,102.669,102.446,1.253,USA*,1.3744999999999998
2023,0,2023180,21,23,Guanyu Zhou,24,Alfa Romeo,#C92D4B,79,8.0,102.939,1.0,,,0,102.804,102.939,102.804,1.530,USA*,1.483
2023,0,2023180,21,23,Guanyu Zhou,24,Alfa Romeo,#C92D4B,80,9.0,103.213,1.0,,,0,103.076,103.213,103.076,1.775,USA*,1.841
2023,0,2023180,21,23,Guanyu Zhou,24,Alfa Romeo,#C92D4B,81,10.0,103.15,1.0,,,0,103.182,103.15,103.182,1.697,USA*,1.6640000000000001
2023,0,2023180,21,23,Guanyu Zhou,24,Alfa Romeo,#C92D4B,82,11.0,102.935,1.0,,,0,103.042,102.935,103.042,1.550,USA*,1.57
2023,0,2023180,21,23,Guanyu Zhou,24,Alfa Romeo,#C92D4B,83,12.0,103.675,1.0,,,0,103.305,102.526,102.73,2.319,USA*,2.404
2023,0,2023180,21,23,Guanyu Zhou,24,Alfa Romeo,#C92D4B,84,13.0,102.116,1.0,,,0,102.896,102.116,102.321,0.869,USA*,1.2770000000000001
2023,0,2023180,21,23,Guanyu Zhou,24,Alfa Romeo,#C92D4B,85,14.0,101.885,1.0,,,0,102.0,101.885,102.0,0.785,USA*,0.788
2023,0,2023180,21,23,Guanyu Zhou,24,Alfa Romeo,#C92D4B,86,15.0,101.661,1.0,,,0,101.773,101.661,101.773,0.628,USA*,0.8115
2023,0,2023180,21,23,Guanyu Zhou,24,Alfa Romeo,#C92D4B,87,16.0,102.063,1.0,,,0,101.862,102.063,101.862,1.064,USA*,0.8725
2023,0,2023180,21,23,Guanyu Zhou,24,Alfa Romeo,#C92D4B,88,17.0,101.707,1.0,,,0,101.885,101.707,101.885,0.641,USA*,0.7
2023,0,2023180,21,23,Guanyu Zhou,24,Alfa Romeo,#C92D4B,89,18.0,101.595,1.0,,,0,101.651,101.595,101.651,0.482,USA*,0.436
2023,0,2023180,21,23,Guanyu Zhou,24,Alfa Romeo,#C92D4B,90,19.0,101.848,1.0,,,0,101.721,101.848,101.721,0.557,USA*,0.5025000000000001
2023,0,2023180,21,22,Kevin Magnussen,20,Haas F1 Team,#505050,72,1.0,-,1.0,,,1,,-,-,-,USA*,-
2023,0,2023180,21,22,Kevin Magnussen,20,Haas F1 Team,#505050,73,2.0,-,1.0,,,1,,-,-,-,USA*,-
2023,0,2023180,21,22,Kevin Magnussen,20,Haas F1 Team,#505050,74,3.0,101.699,1.0,,,0,,101.699,-,0.324,USA*,0.46699999999999997
2023,0,2023180,21,22,Kevin Magnussen,20,Haas F1 Team,#505050,75,4.0,102.1,1.0,,,0,101.899,102.1,101.899,0.933,USA*,0.8035000000000001
2023,0,2023180,21,22,Kevin Magnussen,20,Haas F1 Team,#505050,76,5.0,101.819,1.0,,,0,101.959,101.819,101.959,0.743,USA*,0.7070000000000001
2023,0,2023180,21,22,Kevin Magnussen,20,Haas F1 Team,#505050,77,6.0,103.587,1.0,,,0,102.703,102.554,102.187,2.367,USA*,1.8679999999999999
2023,0,2023180,21,22,Kevin Magnussen,20,Haas F1 Team,#505050,78,7.0,103.29,1.0,,,0,103.438,103.29,102.922,1.874,USA*,1.219
2023,0,2023180,21,22,Kevin Magnussen,20,Haas F1 Team,#505050,79,8.0,103.529,1.0,,,0,103.41,103.529,103.41,2.120,USA*,1.3515000000000001
2023,0,2023180,21,22,Kevin Magnussen,20,Haas F1 Team,#505050,80,9.0,103.169,1.0,,,0,103.349,103.169,103.349,1.731,USA*,1.2495
2023,0,2023180,21,22,Kevin Magnussen,20,Haas F1 Team,#505050,81,10.0,103.075,1.0,,,0,103.122,103.075,103.122,1.622,USA*,1.2970000000000002
2023,0,2023180,21,22,Kevin Magnussen,20,Haas F1 Team,#505050,82,11.0,103.102,1.0,,,0,103.089,103.102,103.089,1.717,USA*,1.276
2023,0,2023180,21,22,Kevin Magnussen,20,Haas F1 Team,#505050,83,12.0,103.371,1.0,,,0,103.236,103.371,103.236,2.015,USA*,2.051
2023,0,2023180,21,22,Kevin Magnussen,20,Haas F1 Team,#505050,84,13.0,103.97,1.0,,,0,103.67,103.316,103.344,2.723,USA*,1.7094999999999998
2023,0,2023180,21,22,Kevin Magnussen,20,Haas F1 Team,#505050,85,14.0,103.261,1.0,,,0,103.616,103.261,103.288,2.161,USA*,1.409
2023,0,2023180,21,22,Kevin Magnussen,20,Haas F1 Team,#505050,86,15.0,102.932,1.0,,,0,103.096,102.932,103.096,1.899,USA*,1.358
2023,0,2023180,21,22,Kevin Magnussen,20,Haas F1 Team,#505050,87,16.0,102.639,1.0,,,0,102.786,102.639,102.786,1.640,USA*,1.2269999999999999
2023,0,2023180,21,22,Kevin Magnussen,20,Haas F1 Team,#505050,88,17.0,103.034,1.0,,,0,102.836,103.034,102.836,1.968,USA*,1.449
2023,0,2023180,21,22,Kevin Magnussen,20,Haas F1 Team,#505050,89,18.0,103.18,1.0,,,0,103.107,103.18,103.107,2.067,USA*,1.093
2023,0,2023180,21,22,Kevin Magnussen,20,Haas F1 Team,#505050,90,19.0,102.767,1.0,,,0,102.974,102.767,102.974,1.476,USA*,0.8065
2023,0,2023180,21,27,Logan Sargeant,2,Williams,#37BEDD,72,1.0,-,1.0,,,1,,-,-,-,USA*,-
2023,0,2023180,21,27,Logan Sargeant,2,Williams,#37BEDD,73,2.0,-,1.0,,,1,,-,-,-,USA*,-
2023,0,2023180,21,27,Logan Sargeant,2,Williams,#37BEDD,74,3.0,102.069,1.0,,,0,,102.069,-,0.694,USA*,0.536
2023,0,2023180,21,27,Logan Sargeant,2,Williams,#37BEDD,75,4.0,102.044,1.0,,,0,102.056,102.044,102.056,0.877,USA*,0.7585
2023,0,2023180,21,27,Logan Sargeant,2,Williams,#37BEDD,76,5.0,102.049,1.0,,,0,102.047,102.049,102.047,0.973,USA*,0.817
2023,0,2023180,21,27,Logan Sargeant,2,Williams,#37BEDD,77,6.0,101.947,1.0,,,0,101.998,101.947,101.998,0.727,USA*,0.359
2023,0,2023180,21,27,Logan Sargeant,2,Williams,#37BEDD,78,7.0,102.461,1.0,,,0,102.204,102.461,102.204,1.045,USA*,0.407
2023,0,2023180,21,27,Logan Sargeant,2,Williams,#37BEDD,79,8.0,102.904,1.0,,,0,102.682,102.904,102.682,1.495,USA*,0.7905000000000001
2023,0,2023180,21,27,Logan Sargeant,2,Williams,#37BEDD,80,9.0,103.309,1.0,,,0,103.106,103.309,103.106,1.871,USA*,0.9705
2023,0,2023180,21,27,Logan Sargeant,2,Williams,#37BEDD,81,10.0,102.891,1.0,,,0,103.1,102.891,103.1,1.438,USA*,0.514
2023,0,2023180,21,27,Logan Sargeant,2,Williams,#37BEDD,82,11.0,102.995,1.0,,,0,102.943,102.995,102.943,1.610,USA*,0.7065
2023,0,2023180,21,27,Logan Sargeant,2,Williams,#37BEDD,83,12.0,103.815,1.0,,,0,103.405,102.996,102.996,2.459,USA*,1.189
2023,0,2023180,21,27,Logan Sargeant,2,Williams,#37BEDD,84,13.0,102.997,1.0,,,0,103.406,102.997,102.996,1.750,USA*,0.6725
2023,0,2023180,21,27,Logan Sargeant,2,Williams,#37BEDD,85,14.0,102.716,1.0,,,0,102.856,102.716,102.856,1.616,USA*,0.6475000000000001
2023,0,2023180,21,27,Logan Sargeant,2,Williams,#37BEDD,86,15.0,103.015,1.0,,,0,102.866,103.015,102.866,1.982,USA*,0.6779999999999999
2023,0,2023180,21,27,Logan Sargeant,2,Williams,#37BEDD,87,16.0,102.624,1.0,,,0,102.82,102.624,102.82,1.625,USA*,0.4005
2023,0,2023180,21,27,Logan Sargeant,2,Williams,#37BEDD,88,17.0,102.952,1.0,,,0,102.788,102.952,102.788,1.886,USA*,0.45699999999999996
2023,0,2023180,21,27,Logan Sargeant,2,Williams,#37BEDD,89,18.0,103.294,1.0,,,0,103.123,103.294,103.123,2.181,USA*,0.631
2023,0,2023180,21,27,Logan Sargeant,2,Williams,#37BEDD,90,19.0,102.557,1.0,,,0,102.926,102.557,102.926,1.266,USA*,0.02100000000000002
2023,0,2023180,21,10,Lance Stroll,18,Aston Martin,#358C75,72,1.0,-,1.0,,,1,,-,-,-,USA*,-
2023,0,2023180,21,10,Lance Stroll,18,Aston Martin,#358C75,73,2.0,-,1.0,,,1,,-,-,-,USA*,-
2023,0,2023180,21,10,Lance Stroll,18,Aston Martin,#358C75,74,3.0,101.789,1.0,,,0,,101.789,-,0.414,USA*,0.4105
2023,0,2023180,21,10,Lance Stroll,18,Aston Martin,#358C75,75,4.0,101.809,1.0,,,0,101.799,101.809,101.799,0.642,USA*,0.669
2023,0,2023180,21,10,Lance Stroll,18,Aston Martin,#358C75,76,5.0,101.46,1.0,,,0,101.634,101.46,101.634,0.384,USA*,0.42300000000000004
2023,0,2023180,21,10,Lance Stroll,18,Aston Martin,#358C75,77,6.0,101.886,1.0,,,0,101.673,101.886,101.673,0.666,USA*,0.893
2023,0,2023180,21,10,Lance Stroll,18,Aston Martin,#358C75,78,7.0,101.993,1.0,,,0,101.94,101.993,101.94,0.577,USA*,0.421
2023,0,2023180,21,10,Lance Stroll,18,Aston Martin,#358C75,79,8.0,101.716,1.0,,,0,101.854,101.716,101.854,0.307,USA*,-0.04350000000000001
2023,0,2023180,21,10,Lance Stroll,18,Aston Martin,#358C75,80,9.0,101.487,1.0,,,0,101.601,101.487,101.601,0.049,USA*,0.078
2023,0,2023180,21,10,Lance Stroll,18,Aston Martin,#358C75,81,10.0,102.007,1.0,,,0,101.747,101.52,101.503,0.554,USA*,0.49050000000000005
2023,0,2023180,21,10,Lance Stroll,18,Aston Martin,#358C75,82,11.0,101.552,1.0,,,0,101.78,101.552,101.536,0.167,USA*,0.21400000000000002
2023,0,2023180,21,10,Lance Stroll,18,Aston Martin,#358C75,83,12.0,101.614,1.0,,,0,101.583,101.614,101.583,0.258,USA*,0.3085
2023,0,2023180,21,10,Lance Stroll,18,Aston Martin,#358C75,84,13.0,101.564,1.0,,,0,101.589,101.564,101.589,0.317,USA*,0.1715
2023,0,2023180,21,10,Lance Stroll,18,Aston Martin,#358C75,85,14.0,103.544,1.0,,,0,102.554,101.684,101.624,2.444,USA*,1.1844999999999999
2023,0,2023180,21,10,Lance Stroll,18,Aston Martin,#358C75,86,15.0,101.803,1.0,,,0,102.673,101.803,101.743,0.770,USA*,0.29500000000000004
2023,0,2023180,21,10,Lance Stroll,18,Aston Martin,#358C75,87,16.0,-,1.0,,0 days 01:22:11.068000,1,,-,-,-,USA*,-
2023,0,2023200,24,2,Max Verstappen,1,Red Bull Racing,#3671C6,91,1.0,-,1.0,,,1,,-,-,-,BRA*,-
2023,0,2023200,24,2,Max Verstappen,1,Red Bull Racing,#3671C6,92,2.0,-,1.0,,,1,,-,-,-,BRA*,-
2023,0,2023200,24,2,Max Verstappen,1,Red Bull Racing,#3671C6,93,3.0,74.54,1.0,,,0,,74.54,-,-0.880,BRA*,-0.34650000000000003
2023,0,2023200,24,2,Max Verstappen,1,Red Bull Racing,#3671C6,94,4.0,75.168,1.0,,,0,74.854,75.168,74.854,-0.614,BRA*,-0.27799999999999997
2023,0,2023200,24,2,Max Verstappen,1,Red Bull Racing,#3671C6,95,5.0,75.168,1.0,,,0,75.168,75.168,75.168,-0.864,BRA*,-0.8885000000000001
2023,0,2023200,24,2,Max Verstappen,1,Red Bull Racing,#3671C6,96,6.0,75.297,1.0,,,0,75.232,75.297,75.232,-0.814,BRA*,-0.832
2023,0,2023200,24,2,Max Verstappen,1,Red Bull Racing,#3671C6,97,7.0,75.215,1.0,,,0,75.256,75.215,75.256,-0.936,BRA*,-1.0150000000000001
2023,0,2023200,24,2,Max Verstappen,1,Red Bull Racing,#3671C6,98,8.0,75.151,1.0,,,0,75.183,75.151,75.183,-0.886,BRA*,-0.4935
2023,0,2023200,24,2,Max Verstappen,1,Red Bull Racing,#3671C6,99,9.0,75.101,1.0,,,0,75.126,75.101,75.126,-1.077,BRA*,-0.9255
2023,0,2023200,24,2,Max Verstappen,1,Red Bull Racing,#3671C6,100,10.0,75.333,1.0,,,0,75.217,75.333,75.217,-1.035,BRA*,-0.8819999999999999
2023,0,2023200,24,2,Max Verstappen,1,Red Bull Racing,#3671C6,101,11.0,75.404,1.0,,,0,75.368,75.404,75.368,-1.123,BRA*,-0.7595000000000001
2023,0,2023200,24,2,Max Verstappen,1,Red Bull Racing,#3671C6,102,12.0,75.456,1.0,,,0,75.43,75.456,75.43,-1.218,BRA*,-1.0115
2023,0,2023200,24,2,Max Verstappen,1,Red Bull Racing,#3671C6,103,13.0,75.439,1.0,,,0,75.447,75.439,75.447,-1.286,BRA*,-1.0145
2023,0,2023200,24,2,Max Verstappen,1,Red Bull Racing,#3671C6,104,14.0,75.345,1.0,,,0,75.392,75.345,75.392,-1.466,BRA*,-1.0575
2023,0,2023200,24,2,Max Verstappen,1,Red Bull Racing,#3671C6,105,15.0,75.307,1.0,,,0,75.326,75.307,75.326,-1.538,BRA*,-1.095
2023,0,2023200,24,2,Max Verstappen,1,Red Bull Racing,#3671C6,106,16.0,75.127,1.0,,,0,75.217,75.127,75.217,-1.450,BRA*,-1.0554999999999999
2023,0,2023200,24,2,Max Verstappen,1,Red Bull Racing,#3671C6,107,17.0,75.276,1.0,,,0,75.202,75.146,75.136,-1.485,BRA*,-1.0655000000000001
2023,0,2023200,24,2,Max Verstappen,1,Red Bull Racing,#3671C6,108,18.0,75.164,1.0,,,0,75.22,75.164,75.155,-1.703,BRA*,-1.3655
2023,0,2023200,24,2,Max Verstappen,1,Red Bull Racing,#3671C6,109,19.0,75.332,1.0,,,0,75.248,75.219,75.191,-1.471,BRA*,-1.4295
2023,0,2023200,24,2,Max Verstappen,1,Red Bull Racing,#3671C6,110,20.0,75.274,1.0,,,0,75.303,75.274,75.246,-1.608,BRA*,-1.602
2023,0,2023200,24,2,Max Verstappen,1,Red Bull Racing,#3671C6,111,21.0,75.08,1.0,,,0,75.177,75.08,75.177,-1.822,BRA*,-1.601
2023,0,2023200,24,2,Max Verstappen,1,Red Bull Racing,#3671C6,112,22.0,74.953,1.0,,,0,75.017,74.953,75.017,-1.895,BRA*,-1.635
2023,0,2023200,24,2,Max Verstappen,1,Red Bull Racing,#3671C6,113,23.0,74.798,1.0,,,0,74.876,74.798,74.876,-2.145,BRA*,-1.7705
2023,0,2023200,24,2,Max Verstappen,1,Red Bull Racing,#3671C6,114,24.0,74.723,1.0,,,0,74.761,74.723,74.761,-2.454,BRA*,-2.0665
2023,0,2023200,24,4,Lando Norris,4,McLaren,#F58020,91,1.0,-,1.0,,,1,,-,-,-,BRA*,-
2023,0,2023200,24,4,Lando Norris,4,McLaren,#F58020,92,2.0,-,1.0,,,1,,-,-,-,BRA*,-
2023,0,2023200,24,4,Lando Norris,4,McLaren,#F58020,93,3.0,74.647,1.0,,,0,,74.647,-,-0.773,BRA*,-0.333
2023,0,2023200,24,4,Lando Norris,4,McLaren,#F58020,94,4.0,75.157,1.0,,,0,74.902,75.157,74.902,-0.625,BRA*,-0.132
2023,0,2023200,24,4,Lando Norris,4,McLaren,#F58020,95,5.0,75.211,1.0,,,0,75.184,75.211,75.184,-0.821,BRA*,-0.24499999999999997
2023,0,2023200,24,4,Lando Norris,4,McLaren,#F58020,96,6.0,75.306,1.0,,,0,75.258,75.306,75.258,-0.805,BRA*,-0.49250000000000005
2023,0,2023200,24,4,Lando Norris,4,McLaren,#F58020,97,7.0,75.325,1.0,,,0,75.316,75.325,75.316,-0.826,BRA*,-0.39149999999999996
2023,0,2023200,24,4,Lando Norris,4,McLaren,#F58020,98,8.0,75.261,1.0,,,0,75.293,75.261,75.293,-0.776,BRA*,-0.372
2023,0,2023200,24,4,Lando Norris,4,McLaren,#F58020,99,9.0,75.044,1.0,,,0,75.152,75.044,75.152,-1.134,BRA*,-0.5724999999999999
2023,0,2023200,24,4,Lando Norris,4,McLaren,#F58020,100,10.0,75.116,1.0,,,0,75.08,75.116,75.08,-1.252,BRA*,-0.5635
2023,0,2023200,24,4,Lando Norris,4,McLaren,#F58020,101,11.0,75.504,1.0,,,0,75.31,75.188,75.152,-1.023,BRA*,-0.507
2023,0,2023200,24,4,Lando Norris,4,McLaren,#F58020,102,12.0,75.26,1.0,,,0,75.382,75.26,75.224,-1.414,BRA*,-0.5309999999999999
2023,0,2023200,24,4,Lando Norris,4,McLaren,#F58020,103,13.0,75.296,1.0,,,0,75.278,75.296,75.278,-1.429,BRA*,-0.5445
2023,0,2023200,24,4,Lando Norris,4,McLaren,#F58020,104,14.0,75.239,1.0,,,0,75.268,75.239,75.268,-1.572,BRA*,-0.4565
2023,0,2023200,24,4,Lando Norris,4,McLaren,#F58020,105,15.0,75.814,1.0,,,0,75.526,75.228,75.234,-1.031,BRA*,-0.42799999999999994
2023,0,2023200,24,4,Lando Norris,4,McLaren,#F58020,106,16.0,75.217,1.0,,,0,75.516,75.217,75.222,-1.360,BRA*,-0.7685000000000001
2023,0,2023200,24,4,Lando Norris,4,McLaren,#F58020,107,17.0,75.466,1.0,,,0,75.342,75.466,75.342,-1.295,BRA*,-0.5305
2023,0,2023200,24,4,Lando Norris,4,McLaren,#F58020,108,18.0,75.646,1.0,,,0,75.556,75.646,75.556,-1.221,BRA*,-0.559
2023,0,2023200,24,4,Lando Norris,4,McLaren,#F58020,109,19.0,75.373,1.0,,,0,75.51,75.373,75.51,-1.430,BRA*,-0.7224999999999999
2023,0,2023200,24,4,Lando Norris,4,McLaren,#F58020,110,20.0,75.235,1.0,,,0,75.304,75.235,75.304,-1.647,BRA*,-0.7755
2023,0,2023200,24,4,Lando Norris,4,McLaren,#F58020,111,21.0,74.992,1.0,,,0,75.114,74.992,75.114,-1.910,BRA*,-0.975
2023,0,2023200,24,4,Lando Norris,4,McLaren,#F58020,112,22.0,75.675,1.0,,,0,75.334,75.146,75.069,-1.173,BRA*,-0.457
2023,0,2023200,24,4,Lando Norris,4,McLaren,#F58020,113,23.0,75.299,1.0,,,0,75.487,75.299,75.222,-1.644,BRA*,-0.7639999999999999
2023,0,2023200,24,4,Lando Norris,4,McLaren,#F58020,114,24.0,75.441,1.0,,,0,75.37,75.441,75.37,-1.736,BRA*,-0.7989999999999999
2023,0,2023200,24,5,Sergio Perez,11,Red Bull Racing,#3671C6,91,1.0,-,1.0,,,1,,-,-,-,BRA*,-
2023,0,2023200,24,5,Sergio Perez,11,Red Bull Racing,#3671C6,92,2.0,-,1.0,,,1,,-,-,-,BRA*,-
2023,0,2023200,24,5,Sergio Perez,11,Red Bull Racing,#3671C6,93,3.0,75.607,1.0,,,0,,75.607,-,0.187,BRA*,-0.34650000000000003
2023,0,2023200,24,5,Sergio Perez,11,Red Bull Racing,#3671C6,94,4.0,75.84,1.0,,,0,75.724,75.363,75.485,0.058,BRA*,-0.27799999999999997
2023,0,2023200,24,5,Sergio Perez,11,Red Bull Racing,#3671C6,95,5.0,75.119,1.0,,,0,75.48,75.119,75.241,-0.913,BRA*,-0.8885000000000001
2023,0,2023200,24,5,Sergio Perez,11,Red Bull Racing,#3671C6,96,6.0,75.261,1.0,,,0,75.19,75.261,75.19,-0.850,BRA*,-0.832
2023,0,2023200,24,5,Sergio Perez,11,Red Bull Racing,#3671C6,97,7.0,75.057,1.0,,,0,75.159,75.057,75.159,-1.094,BRA*,-1.0150000000000001
2023,0,2023200,24,5,Sergio Perez,11,Red Bull Racing,#3671C6,98,8.0,75.936,1.0,,,0,75.496,75.23,75.144,-0.101,BRA*,-0.4935
2023,0,2023200,24,5,Sergio Perez,11,Red Bull Racing,#3671C6,99,9.0,75.404,1.0,,,0,75.67,75.404,75.317,-0.774,BRA*,-0.9255
2023,0,2023200,24,5,Sergio Perez,11,Red Bull Racing,#3671C6,100,10.0,75.639,1.0,,,0,75.522,75.639,75.522,-0.729,BRA*,-0.8819999999999999
2023,0,2023200,24,5,Sergio Perez,11,Red Bull Racing,#3671C6,101,11.0,76.131,1.0,,,0,75.885,75.754,75.696,-0.396,BRA*,-0.7595000000000001
2023,0,2023200,24,5,Sergio Perez,11,Red Bull Racing,#3671C6,102,12.0,75.869,1.0,,,0,76.0,75.869,75.812,-0.805,BRA*,-1.0115
2023,0,2023200,24,5,Sergio Perez,11,Red Bull Racing,#3671C6,103,13.0,75.982,1.0,,,0,75.926,75.982,75.926,-0.743,BRA*,-1.0145
2023,0,2023200,24,5,Sergio Perez,11,Red Bull Racing,#3671C6,104,14.0,76.162,1.0,,,0,76.072,76.162,76.072,-0.649,BRA*,-1.0575
2023,0,2023200,24,5,Sergio Perez,11,Red Bull Racing,#3671C6,105,15.0,76.193,1.0,,,0,76.178,76.193,76.178,-0.652,BRA*,-1.095
2023,0,2023200,24,5,Sergio Perez,11,Red Bull Racing,#3671C6,106,16.0,75.916,1.0,,,0,76.054,75.916,76.054,-0.661,BRA*,-1.0554999999999999
2023,0,2023200,24,5,Sergio Perez,11,Red Bull Racing,#3671C6,107,17.0,76.115,1.0,,,0,76.016,76.115,76.016,-0.646,BRA*,-1.0655000000000001
2023,0,2023200,24,5,Sergio Perez,11,Red Bull Racing,#3671C6,108,18.0,75.839,1.0,,,0,75.977,75.839,75.977,-1.028,BRA*,-1.3655
2023,0,2023200,24,5,Sergio Perez,11,Red Bull Racing,#3671C6,109,19.0,75.415,1.0,,,0,75.627,75.415,75.627,-1.388,BRA*,-1.4295
2023,0,2023200,24,5,Sergio Perez,11,Red Bull Racing,#3671C6,110,20.0,75.286,1.0,,,0,75.351,75.286,75.351,-1.596,BRA*,-1.602
2023,0,2023200,24,5,Sergio Perez,11,Red Bull Racing,#3671C6,111,21.0,75.522,1.0,,,0,75.404,75.38,75.333,-1.380,BRA*,-1.601
2023,0,2023200,24,5,Sergio Perez,11,Red Bull Racing,#3671C6,112,22.0,75.473,1.0,,,0,75.498,75.473,75.426,-1.375,BRA*,-1.635
2023,0,2023200,24,5,Sergio Perez,11,Red Bull Racing,#3671C6,113,23.0,75.547,1.0,,,0,75.51,75.547,75.51,-1.396,BRA*,-1.7705
2023,0,2023200,24,5,Sergio Perez,11,Red Bull Racing,#3671C6,114,24.0,75.498,1.0,,,0,75.523,75.498,75.523,-1.679,BRA*,-2.0665
2023,0,2023200,24,14,George Russell,63,Mercedes,#6CD3BF,91,1.0,-,1.0,,,1,,-,-,-,BRA*,-
2023,0,2023200,24,14,George Russell,63,Mercedes,#6CD3BF,92,2.0,-,1.0,,,1,,-,-,-,BRA*,-
2023,0,2023200,24,14,George Russell,63,Mercedes,#6CD3BF,93,3.0,74.687,1.0,,,0,,74.687,-,-0.733,BRA*,-0.34049999999999997
2023,0,2023200,24,14,George Russell,63,Mercedes,#6CD3BF,94,4.0,75.668,1.0,,,0,75.178,75.668,75.178,-0.114,BRA*,0.4165
2023,0,2023200,24,14,George Russell,63,Mercedes,#6CD3BF,95,5.0,76.288,1.0,,,0,75.978,75.704,75.686,0.256,BRA*,0.0325
2023,0,2023200,24,14,George Russell,63,Mercedes,#6CD3BF,96,6.0,75.741,1.0,,,0,76.014,75.741,75.723,-0.370,BRA*,-0.3645
2023,0,2023200,24,14,George Russell,63,Mercedes,#6CD3BF,97,7.0,76.043,1.0,,,0,75.892,75.758,75.749,-0.108,BRA*,-0.2775
2023,0,2023200,24,14,George Russell,63,Mercedes,#6CD3BF,98,8.0,75.774,1.0,,,0,75.908,75.774,75.766,-0.263,BRA*,-0.3005
2023,0,2023200,24,14,George Russell,63,Mercedes,#6CD3BF,99,9.0,75.556,1.0,,,0,75.665,75.556,75.665,-0.622,BRA*,-0.4915
2023,0,2023200,24,14,George Russell,63,Mercedes,#6CD3BF,100,10.0,77.181,1.0,,,0,76.368,75.874,75.715,0.813,BRA*,0.301
2023,0,2023200,24,14,George Russell,63,Mercedes,#6CD3BF,101,11.0,76.193,1.0,,,0,76.687,76.193,76.034,-0.334,BRA*,-0.393
2023,0,2023200,24,14,George Russell,63,Mercedes,#6CD3BF,102,12.0,76.133,1.0,,,0,76.163,76.133,76.163,-0.541,BRA*,-0.5275000000000001
2023,0,2023200,24,14,George Russell,63,Mercedes,#6CD3BF,103,13.0,76.391,1.0,,,0,76.262,76.391,76.262,-0.334,BRA*,-0.4565
2023,0,2023200,24,14,George Russell,63,Mercedes,#6CD3BF,104,14.0,76.491,1.0,,,0,76.441,76.491,76.441,-0.320,BRA*,-0.167
2023,0,2023200,24,14,George Russell,63,Mercedes,#6CD3BF,105,15.0,76.464,1.0,,,0,76.477,76.464,76.477,-0.381,BRA*,-0.1135
2023,0,2023200,24,14,George Russell,63,Mercedes,#6CD3BF,106,16.0,76.523,1.0,,,0,76.494,76.523,76.494,-0.054,BRA*,-0.03
2023,0,2023200,24,14,George Russell,63,Mercedes,#6CD3BF,107,17.0,76.702,1.0,,,0,76.612,76.702,76.612,-0.059,BRA*,0.0445
2023,0,2023200,24,14,George Russell,63,Mercedes,#6CD3BF,108,18.0,76.476,1.0,,,0,76.589,76.476,76.589,-0.391,BRA*,-0.3025
2023,0,2023200,24,14,George Russell,63,Mercedes,#6CD3BF,109,19.0,76.531,1.0,,,0,76.504,76.531,76.504,-0.272,BRA*,0.11399999999999999
2023,0,2023200,24,14,George Russell,63,Mercedes,#6CD3BF,110,20.0,76.559,1.0,,,0,76.545,76.559,76.545,-0.323,BRA*,-0.007500000000000007
2023,0,2023200,24,14,George Russell,63,Mercedes,#6CD3BF,111,21.0,76.789,1.0,,,0,76.674,76.789,76.674,-0.113,BRA*,0.717
2023,0,2023200,24,14,George Russell,63,Mercedes,#6CD3BF,112,22.0,76.983,1.0,,,0,76.886,76.983,76.886,0.135,BRA*,0.5640000000000001
2023,0,2023200,24,14,George Russell,63,Mercedes,#6CD3BF,113,23.0,76.704,1.0,,,0,76.844,76.704,76.844,-0.239,BRA*,0.248
2023,0,2023200,24,14,George Russell,63,Mercedes,#6CD3BF,114,24.0,76.979,1.0,,,0,76.842,76.979,76.842,-0.198,BRA*,0.3425
2023,0,2023200,24,6,Charles Leclerc,16,Ferrari,#CC1400,91,1.0,-,1.0,,,1,,-,-,-,BRA*,-
2023,0,2023200,24,6,Charles Leclerc,16,Ferrari,#CC1400,92,2.0,-,1.0,,,1,,-,-,-,BRA*,-
2023,0,2023200,24,6,Charles Leclerc,16,Ferrari,#CC1400,93,3.0,75.411,1.0,,,0,,75.411,-,-0.009,BRA*,-0.0335
2023,0,2023200,24,6,Charles Leclerc,16,Ferrari,#CC1400,94,4.0,76.32,1.0,,,0,75.866,75.676,75.544,0.538,BRA*,0.6174999999999999
2023,0,2023200,24,6,Charles Leclerc,16,Ferrari,#CC1400,95,5.0,75.942,1.0,,,0,76.131,75.942,75.809,-0.090,BRA*,-0.0485
2023,0,2023200,24,6,Charles Leclerc,16,Ferrari,#CC1400,96,6.0,75.953,1.0,,,0,75.947,75.953,75.947,-0.158,BRA*,-0.083
2023,0,2023200,24,6,Charles Leclerc,16,Ferrari,#CC1400,97,7.0,75.824,1.0,,,0,75.888,75.824,75.888,-0.327,BRA*,-0.2465
2023,0,2023200,24,6,Charles Leclerc,16,Ferrari,#CC1400,98,8.0,75.967,1.0,,,0,75.896,75.967,75.896,-0.070,BRA*,0.019499999999999997
2023,0,2023200,24,6,Charles Leclerc,16,Ferrari,#CC1400,99,9.0,76.118,1.0,,,0,76.042,76.118,76.042,-0.060,BRA*,-0.1315
2023,0,2023200,24,6,Charles Leclerc,16,Ferrari,#CC1400,100,10.0,76.007,1.0,,,0,76.062,76.007,76.062,-0.361,BRA*,-0.1055
2023,0,2023200,24,6,Charles Leclerc,16,Ferrari,#CC1400,101,11.0,76.432,1.0,,,0,76.22,76.216,76.112,-0.095,BRA*,0.16899999999999998
2023,0,2023200,24,6,Charles Leclerc,16,Ferrari,#CC1400,102,12.0,76.425,1.0,,,0,76.428,76.425,76.321,-0.249,BRA*,0.057499999999999996
2023,0,2023200,24,6,Charles Leclerc,16,Ferrari,#CC1400,103,13.0,76.563,1.0,,,0,76.494,76.563,76.494,-0.162,BRA*,-0.0475
2023,0,2023200,24,6,Charles Leclerc,16,Ferrari,#CC1400,104,14.0,76.666,1.0,,,0,76.614,76.666,76.614,-0.145,BRA*,0.177
2023,0,2023200,24,6,Charles Leclerc,16,Ferrari,#CC1400,105,15.0,76.754,1.0,,,0,76.71,76.754,76.71,-0.091,BRA*,-0.079
2023,0,2023200,24,6,Charles Leclerc,16,Ferrari,#CC1400,106,16.0,76.618,1.0,,,0,76.686,76.618,76.686,0.041,BRA*,-0.0775
2023,0,2023200,24,6,Charles Leclerc,16,Ferrari,#CC1400,107,17.0,76.573,1.0,,,0,76.595,76.573,76.595,-0.188,BRA*,-0.126
2023,0,2023200,24,6,Charles Leclerc,16,Ferrari,#CC1400,108,18.0,76.576,1.0,,,0,76.574,76.576,76.574,-0.291,BRA*,-0.21849999999999997
2023,0,2023200,24,6,Charles Leclerc,16,Ferrari,#CC1400,109,19.0,76.67,1.0,,,0,76.623,76.67,76.623,-0.133,BRA*,-0.1875
2023,0,2023200,24,6,Charles Leclerc,16,Ferrari,#CC1400,110,20.0,76.395,1.0,,,0,76.532,76.395,76.532,-0.487,BRA*,-0.46699999999999997
2023,0,2023200,24,6,Charles Leclerc,16,Ferrari,#CC1400,111,21.0,76.428,1.0,,,0,76.411,76.428,76.411,-0.474,BRA*,-0.186
2023,0,2023200,24,6,Charles Leclerc,16,Ferrari,#CC1400,112,22.0,76.23,1.0,,,0,76.329,76.23,76.329,-0.618,BRA*,-0.388
2023,0,2023200,24,6,Charles Leclerc,16,Ferrari,#CC1400,113,23.0,76.474,1.0,,,0,76.352,76.474,76.352,-0.469,BRA*,-0.2485
2023,0,2023200,24,6,Charles Leclerc,16,Ferrari,#CC1400,114,24.0,76.554,1.0,,,0,76.514,76.554,76.514,-0.623,BRA*,-0.196
2023,0,2023200,24,9,Yuki Tsunoda,22,Alpha Tauri,#5E8FAA,91,1.0,-,1.0,,,1,,-,-,-,BRA*,-
2023,0,2023200,24,9,Yuki Tsunoda,22,Alpha Tauri,#5E8FAA,92,2.0,-,1.0,,,1,,-,-,-,BRA*,-
2023,0,2023200,24,9,Yuki Tsunoda,22,Alpha Tauri,#5E8FAA,93,3.0,75.56,1.0,,,0,,75.56,-,0.140,BRA*,0.1295
2023,0,2023200,24,9,Yuki Tsunoda,22,Alpha Tauri,#5E8FAA,94,4.0,75.924,1.0,,,0,75.742,75.924,75.742,0.142,BRA*,0.2675
2023,0,2023200,24,9,Yuki Tsunoda,22,Alpha Tauri,#5E8FAA,95,5.0,76.223,1.0,,,0,76.074,76.223,76.074,0.191,BRA*,0.1765
2023,0,2023200,24,9,Yuki Tsunoda,22,Alpha Tauri,#5E8FAA,96,6.0,75.776,1.0,,,0,76.0,75.776,76.0,-0.335,BRA*,-0.17550000000000002
2023,0,2023200,24,9,Yuki Tsunoda,22,Alpha Tauri,#5E8FAA,97,7.0,76.009,1.0,,,0,75.892,76.009,75.892,-0.142,BRA*,-0.15699999999999997
2023,0,2023200,24,9,Yuki Tsunoda,22,Alpha Tauri,#5E8FAA,98,8.0,75.899,1.0,,,0,75.954,75.899,75.954,-0.138,BRA*,-0.1125
2023,0,2023200,24,9,Yuki Tsunoda,22,Alpha Tauri,#5E8FAA,99,9.0,76.251,1.0,,,0,76.075,75.936,75.918,0.073,BRA*,0.050499999999999996
2023,0,2023200,24,9,Yuki Tsunoda,22,Alpha Tauri,#5E8FAA,100,10.0,75.974,1.0,,,0,76.113,75.974,75.955,-0.394,BRA*,-0.218
2023,0,2023200,24,9,Yuki Tsunoda,22,Alpha Tauri,#5E8FAA,101,11.0,76.419,1.0,,,0,76.196,76.19,76.082,-0.108,BRA*,0.028000000000000004
2023,0,2023200,24,9,Yuki Tsunoda,22,Alpha Tauri,#5E8FAA,102,12.0,76.406,1.0,,,0,76.412,76.406,76.298,-0.268,BRA*,0.08399999999999999
2023,0,2023200,24,9,Yuki Tsunoda,22,Alpha Tauri,#5E8FAA,103,13.0,76.509,1.0,,,0,76.458,76.509,76.458,-0.216,BRA*,-0.069
2023,0,2023200,24,9,Yuki Tsunoda,22,Alpha Tauri,#5E8FAA,104,14.0,76.766,1.0,,,0,76.638,76.766,76.638,-0.045,BRA*,0.876
2023,0,2023200,24,9,Yuki Tsunoda,22,Alpha Tauri,#5E8FAA,105,15.0,76.739,1.0,,,0,76.752,76.739,76.752,-0.106,BRA*,0.0925
2023,0,2023200,24,9,Yuki Tsunoda,22,Alpha Tauri,#5E8FAA,106,16.0,76.63,1.0,,,0,76.684,76.63,76.684,0.053,BRA*,0.092
2023,0,2023200,24,9,Yuki Tsunoda,22,Alpha Tauri,#5E8FAA,107,17.0,76.546,1.0,,,0,76.588,76.546,76.588,-0.215,BRA*,-0.144
2023,0,2023200,24,9,Yuki Tsunoda,22,Alpha Tauri,#5E8FAA,108,18.0,76.88,1.0,,,0,76.713,76.88,76.713,0.013,BRA*,0.024
2023,0,2023200,24,9,Yuki Tsunoda,22,Alpha Tauri,#5E8FAA,109,19.0,76.369,1.0,,,0,76.624,76.369,76.624,-0.434,BRA*,-0.294
2023,0,2023200,24,9,Yuki Tsunoda,22,Alpha Tauri,#5E8FAA,110,20.0,76.502,1.0,,,0,76.435,76.502,76.435,-0.380,BRA*,-0.01100000000000001
2023,0,2023200,24,9,Yuki Tsunoda,22,Alpha Tauri,#5E8FAA,111,21.0,77.281,1.0,,,0,76.892,76.316,76.409,0.379,BRA*,-0.09050000000000002
2023,0,2023200,24,9,Yuki Tsunoda,22,Alpha Tauri,#5E8FAA,112,22.0,76.13,1.0,,,0,76.706,76.13,76.223,-0.718,BRA*,-0.877
2023,0,2023200,24,9,Yuki Tsunoda,22,Alpha Tauri,#5E8FAA,113,23.0,76.09,1.0,,,0,76.11,76.09,76.11,-0.853,BRA*,-1.0030000000000001
2023,0,2023200,24,9,Yuki Tsunoda,22,Alpha Tauri,#5E8FAA,114,24.0,75.954,1.0,,,0,76.022,75.954,76.022,-1.223,BRA*,-0.7025
2023,0,2023200,24,1,Lewis Hamilton,44,Mercedes,#6CD3BF,91,1.0,-,1.0,,,1,,-,-,-,BRA*,-
2023,0,2023200,24,1,Lewis Hamilton,44,Mercedes,#6CD3BF,92,2.0,-,1.0,,,1,,-,-,-,BRA*,-
2023,0,2023200,24,1,Lewis Hamilton,44,Mercedes,#6CD3BF,93,3.0,75.472,1.0,,,0,,75.472,-,0.052,BRA*,-0.34049999999999997
2023,0,2023200,24,1,Lewis Hamilton,44,Mercedes,#6CD3BF,94,4.0,76.729,1.0,,,0,76.1,75.656,75.564,0.947,BRA*,0.4165
2023,0,2023200,24,1,Lewis Hamilton,44,Mercedes,#6CD3BF,95,5.0,75.841,1.0,,,0,76.285,75.841,75.749,-0.191,BRA*,0.0325
2023,0,2023200,24,1,Lewis Hamilton,44,Mercedes,#6CD3BF,96,6.0,75.752,1.0,,,0,75.796,75.752,75.796,-0.359,BRA*,-0.3645
2023,0,2023200,24,1,Lewis Hamilton,44,Mercedes,#6CD3BF,97,7.0,75.704,1.0,,,0,75.728,75.704,75.728,-0.447,BRA*,-0.2775
2023,0,2023200,24,1,Lewis Hamilton,44,Mercedes,#6CD3BF,98,8.0,75.699,1.0,,,0,75.702,75.699,75.702,-0.338,BRA*,-0.3005
2023,0,2023200,24,1,Lewis Hamilton,44,Mercedes,#6CD3BF,99,9.0,75.817,1.0,,,0,75.758,75.817,75.758,-0.361,BRA*,-0.4915
2023,0,2023200,24,1,Lewis Hamilton,44,Mercedes,#6CD3BF,100,10.0,76.157,1.0,,,0,75.987,75.946,75.881,-0.211,BRA*,0.301
2023,0,2023200,24,1,Lewis Hamilton,44,Mercedes,#6CD3BF,101,11.0,76.075,1.0,,,0,76.116,76.075,76.011,-0.452,BRA*,-0.393
2023,0,2023200,24,1,Lewis Hamilton,44,Mercedes,#6CD3BF,102,12.0,76.16,1.0,,,0,76.118,76.16,76.118,-0.514,BRA*,-0.5275000000000001
2023,0,2023200,24,1,Lewis Hamilton,44,Mercedes,#6CD3BF,103,13.0,76.146,1.0,,,0,76.153,76.146,76.153,-0.579,BRA*,-0.4565
2023,0,2023200,24,1,Lewis Hamilton,44,Mercedes,#6CD3BF,104,14.0,76.797,1.0,,,0,76.471,76.797,76.471,-0.014,BRA*,-0.167
2023,0,2023200,24,1,Lewis Hamilton,44,Mercedes,#6CD3BF,105,15.0,76.999,1.0,,,0,76.898,76.999,76.898,0.154,BRA*,-0.1135
2023,0,2023200,24,1,Lewis Hamilton,44,Mercedes,#6CD3BF,106,16.0,76.571,1.0,,,0,76.785,76.571,76.785,-0.006,BRA*,-0.03
2023,0,2023200,24,1,Lewis Hamilton,44,Mercedes,#6CD3BF,107,17.0,76.909,1.0,,,0,76.74,76.612,76.592,0.148,BRA*,0.0445
2023,0,2023200,24,1,Lewis Hamilton,44,Mercedes,#6CD3BF,108,18.0,76.653,1.0,,,0,76.781,76.653,76.632,-0.214,BRA*,-0.3025
2023,0,2023200,24,1,Lewis Hamilton,44,Mercedes,#6CD3BF,109,19.0,77.303,1.0,,,0,76.978,76.922,76.787,0.500,BRA*,0.11399999999999999
2023,0,2023200,24,1,Lewis Hamilton,44,Mercedes,#6CD3BF,110,20.0,77.19,1.0,,,0,77.246,77.19,77.056,0.308,BRA*,-0.007500000000000007
2023,0,2023200,24,1,Lewis Hamilton,44,Mercedes,#6CD3BF,111,21.0,78.449,1.0,,,0,77.82,77.516,77.353,1.547,BRA*,0.717
2023,0,2023200,24,1,Lewis Hamilton,44,Mercedes,#6CD3BF,112,22.0,77.841,1.0,,,0,78.145,77.841,77.678,0.993,BRA*,0.5640000000000001
2023,0,2023200,24,1,Lewis Hamilton,44,Mercedes,#6CD3BF,113,23.0,77.678,1.0,,,0,77.76,77.678,77.76,0.735,BRA*,0.248
2023,0,2023200,24,1,Lewis Hamilton,44,Mercedes,#6CD3BF,114,24.0,78.06,1.0,,,0,77.869,78.06,77.869,0.883,BRA*,0.3425
2023,0,2023200,24,8,Carlos Sainz,55,Ferrari,#CC1400,91,1.0,-,1.0,,,1,,-,-,-,BRA*,-
2023,0,2023200,24,8,Carlos Sainz,55,Ferrari,#CC1400,92,2.0,-,1.0,,,1,,-,-,-,BRA*,-
2023,0,2023200,24,8,Carlos Sainz,55,Ferrari,#CC1400,93,3.0,75.362,1.0,,,0,,75.362,-,-0.058,BRA*,-0.0335
2023,0,2023200,24,8,Carlos Sainz,55,Ferrari,#CC1400,94,4.0,76.479,1.0,,,0,75.92,75.694,75.528,0.697,BRA*,0.6174999999999999
2023,0,2023200,24,8,Carlos Sainz,55,Ferrari,#CC1400,95,5.0,76.025,1.0,,,0,76.252,76.025,75.859,-0.007,BRA*,-0.0485
2023,0,2023200,24,8,Carlos Sainz,55,Ferrari,#CC1400,96,6.0,76.103,1.0,,,0,76.064,76.103,76.064,-0.008,BRA*,-0.083
2023,0,2023200,24,8,Carlos Sainz,55,Ferrari,#CC1400,97,7.0,75.985,1.0,,,0,76.044,75.985,76.044,-0.166,BRA*,-0.2465
2023,0,2023200,24,8,Carlos Sainz,55,Ferrari,#CC1400,98,8.0,76.146,1.0,,,0,76.066,76.146,76.066,0.109,BRA*,0.019499999999999997
2023,0,2023200,24,8,Carlos Sainz,55,Ferrari,#CC1400,99,9.0,75.975,1.0,,,0,76.06,75.975,76.06,-0.203,BRA*,-0.1315
2023,0,2023200,24,8,Carlos Sainz,55,Ferrari,#CC1400,100,10.0,76.518,1.0,,,0,76.246,76.518,76.246,0.150,BRA*,-0.1055
2023,0,2023200,24,8,Carlos Sainz,55,Ferrari,#CC1400,101,11.0,76.96,1.0,,,0,76.739,76.96,76.739,0.433,BRA*,0.16899999999999998
2023,0,2023200,24,8,Carlos Sainz,55,Ferrari,#CC1400,102,12.0,77.038,1.0,,,0,76.999,77.038,76.999,0.364,BRA*,0.057499999999999996
2023,0,2023200,24,8,Carlos Sainz,55,Ferrari,#CC1400,103,13.0,76.792,1.0,,,0,76.915,76.792,76.915,0.067,BRA*,-0.0475
2023,0,2023200,24,8,Carlos Sainz,55,Ferrari,#CC1400,104,14.0,77.31,1.0,,,0,77.051,76.785,76.788,0.499,BRA*,0.177
2023,0,2023200,24,8,Carlos Sainz,55,Ferrari,#CC1400,105,15.0,76.778,1.0,,,0,77.044,76.778,76.782,-0.067,BRA*,-0.079
2023,0,2023200,24,8,Carlos Sainz,55,Ferrari,#CC1400,106,16.0,76.381,1.0,,,0,76.58,76.381,76.58,-0.196,BRA*,-0.0775
2023,0,2023200,24,8,Carlos Sainz,55,Ferrari,#CC1400,107,17.0,76.697,1.0,,,0,76.539,76.697,76.539,-0.064,BRA*,-0.126
2023,0,2023200,24,8,Carlos Sainz,55,Ferrari,#CC1400,108,18.0,76.721,1.0,,,0,76.709,76.721,76.709,-0.146,BRA*,-0.21849999999999997
2023,0,2023200,24,8,Carlos Sainz,55,Ferrari,#CC1400,109,19.0,76.561,1.0,,,0,76.641,76.561,76.641,-0.242,BRA*,-0.1875
2023,0,2023200,24,8,Carlos Sainz,55,Ferrari,#CC1400,110,20.0,76.435,1.0,,,0,76.498,76.435,76.498,-0.447,BRA*,-0.46699999999999997
2023,0,2023200,24,8,Carlos Sainz,55,Ferrari,#CC1400,111,21.0,77.004,1.0,,,0,76.72,76.562,76.499,0.102,BRA*,-0.186
2023,0,2023200,24,8,Carlos Sainz,55,Ferrari,#CC1400,112,22.0,76.69,1.0,,,0,76.847,76.69,76.626,-0.158,BRA*,-0.388
2023,0,2023200,24,8,Carlos Sainz,55,Ferrari,#CC1400,113,23.0,76.915,1.0,,,0,76.803,76.915,76.803,-0.028,BRA*,-0.2485
2023,0,2023200,24,8,Carlos Sainz,55,Ferrari,#CC1400,114,24.0,77.408,1.0,,,0,77.162,77.408,77.162,0.231,BRA*,-0.196
2023,0,2023200,24,7,Daniel Ricciardo,3,Alpha Tauri,#5E8FAA,91,1.0,-,1.0,,,1,,-,-,-,BRA*,-
2023,0,2023200,24,7,Daniel Ricciardo,3,Alpha Tauri,#5E8FAA,92,2.0,-,1.0,,,1,,-,-,-,BRA*,-
2023,0,2023200,24,7,Daniel Ricciardo,3,Alpha Tauri,#5E8FAA,93,3.0,75.539,1.0,,,0,,75.539,-,0.119,BRA*,0.1295
2023,0,2023200,24,7,Daniel Ricciardo,3,Alpha Tauri,#5E8FAA,94,4.0,76.175,1.0,,,0,75.857,76.175,75.857,0.393,BRA*,0.2675
2023,0,2023200,24,7,Daniel Ricciardo,3,Alpha Tauri,#5E8FAA,95,5.0,76.194,1.0,,,0,76.184,76.194,76.184,0.162,BRA*,0.1765
2023,0,2023200,24,7,Daniel Ricciardo,3,Alpha Tauri,#5E8FAA,96,6.0,76.095,1.0,,,0,76.144,76.095,76.144,-0.016,BRA*,-0.17550000000000002
2023,0,2023200,24,7,Daniel Ricciardo,3,Alpha Tauri,#5E8FAA,97,7.0,75.979,1.0,,,0,76.037,75.979,76.037,-0.172,BRA*,-0.15699999999999997
2023,0,2023200,24,7,Daniel Ricciardo,3,Alpha Tauri,#5E8FAA,98,8.0,75.95,1.0,,,0,75.964,75.95,75.964,-0.087,BRA*,-0.1125
2023,0,2023200,24,7,Daniel Ricciardo,3,Alpha Tauri,#5E8FAA,99,9.0,76.206,1.0,,,0,76.078,76.206,76.078,0.028,BRA*,0.050499999999999996
2023,0,2023200,24,7,Daniel Ricciardo,3,Alpha Tauri,#5E8FAA,100,10.0,76.326,1.0,,,0,76.266,76.326,76.266,-0.042,BRA*,-0.218
2023,0,2023200,24,7,Daniel Ricciardo,3,Alpha Tauri,#5E8FAA,101,11.0,76.691,1.0,,,0,76.508,76.691,76.508,0.164,BRA*,0.028000000000000004
2023,0,2023200,24,7,Daniel Ricciardo,3,Alpha Tauri,#5E8FAA,102,12.0,77.11,1.0,,,0,76.9,76.747,76.719,0.436,BRA*,0.08399999999999999
2023,0,2023200,24,7,Daniel Ricciardo,3,Alpha Tauri,#5E8FAA,103,13.0,76.803,1.0,,,0,76.956,76.803,76.775,0.078,BRA*,-0.069
2023,0,2023200,24,7,Daniel Ricciardo,3,Alpha Tauri,#5E8FAA,104,14.0,78.608,1.0,,,0,77.706,76.97,76.886,1.797,BRA*,0.876
2023,0,2023200,24,7,Daniel Ricciardo,3,Alpha Tauri,#5E8FAA,105,15.0,77.136,1.0,,,0,77.872,77.136,77.053,0.291,BRA*,0.0925
2023,0,2023200,24,7,Daniel Ricciardo,3,Alpha Tauri,#5E8FAA,106,16.0,76.708,1.0,,,0,76.922,76.708,76.922,0.131,BRA*,0.092
2023,0,2023200,24,7,Daniel Ricciardo,3,Alpha Tauri,#5E8FAA,107,17.0,76.688,1.0,,,0,76.698,76.688,76.698,-0.073,BRA*,-0.144
2023,0,2023200,24,7,Daniel Ricciardo,3,Alpha Tauri,#5E8FAA,108,18.0,76.902,1.0,,,0,76.795,76.902,76.795,0.035,BRA*,0.024
2023,0,2023200,24,7,Daniel Ricciardo,3,Alpha Tauri,#5E8FAA,109,19.0,76.649,1.0,,,0,76.776,76.649,76.776,-0.154,BRA*,-0.294
2023,0,2023200,24,7,Daniel Ricciardo,3,Alpha Tauri,#5E8FAA,110,20.0,77.24,1.0,,,0,76.944,76.496,76.572,0.358,BRA*,-0.01100000000000001
2023,0,2023200,24,7,Daniel Ricciardo,3,Alpha Tauri,#5E8FAA,111,21.0,76.342,1.0,,,0,76.791,76.342,76.419,-0.560,BRA*,-0.09050000000000002
2023,0,2023200,24,7,Daniel Ricciardo,3,Alpha Tauri,#5E8FAA,112,22.0,75.812,1.0,,,0,76.077,75.812,76.077,-1.036,BRA*,-0.877
2023,0,2023200,24,7,Daniel Ricciardo,3,Alpha Tauri,#5E8FAA,113,23.0,75.79,1.0,,,0,75.801,75.79,75.801,-1.153,BRA*,-1.0030000000000001
2023,0,2023200,24,7,Daniel Ricciardo,3,Alpha Tauri,#5E8FAA,114,24.0,76.995,1.0,,,0,76.393,76.995,76.393,-0.182,BRA*,-0.7025
2023,0,2023200,24,28,Oscar Piastri,81,McLaren,#F58020,91,1.0,-,1.0,,,1,,-,-,-,BRA*,-
2023,0,2023200,24,28,Oscar Piastri,81,McLaren,#F58020,92,2.0,-,1.0,,,1,,-,-,-,BRA*,-
2023,0,2023200,24,28,Oscar Piastri,81,McLaren,#F58020,93,3.0,75.527,1.0,,,0,,75.527,-,0.107,BRA*,-0.333
2023,0,2023200,24,28,Oscar Piastri,81,McLaren,#F58020,94,4.0,76.143,1.0,,,0,75.835,76.143,75.835,0.361,BRA*,-0.132
2023,0,2023200,24,28,Oscar Piastri,81,McLaren,#F58020,95,5.0,76.363,1.0,,,0,76.253,76.363,76.253,0.331,BRA*,-0.24499999999999997
2023,0,2023200,24,28,Oscar Piastri,81,McLaren,#F58020,96,6.0,75.931,1.0,,,0,76.147,75.931,76.147,-0.180,BRA*,-0.49250000000000005
2023,0,2023200,24,28,Oscar Piastri,81,McLaren,#F58020,97,7.0,76.194,1.0,,,0,76.062,76.194,76.062,0.043,BRA*,-0.39149999999999996
2023,0,2023200,24,28,Oscar Piastri,81,McLaren,#F58020,98,8.0,76.069,1.0,,,0,76.132,76.069,76.132,0.032,BRA*,-0.372
2023,0,2023200,24,28,Oscar Piastri,81,McLaren,#F58020,99,9.0,76.167,1.0,,,0,76.118,76.167,76.118,-0.011,BRA*,-0.5724999999999999
2023,0,2023200,24,28,Oscar Piastri,81,McLaren,#F58020,100,10.0,76.493,1.0,,,0,76.33,76.493,76.33,0.125,BRA*,-0.5635
2023,0,2023200,24,28,Oscar Piastri,81,McLaren,#F58020,101,11.0,76.536,1.0,,,0,76.514,76.536,76.514,0.009,BRA*,-0.507
2023,0,2023200,24,28,Oscar Piastri,81,McLaren,#F58020,102,12.0,77.026,1.0,,,0,76.781,77.026,76.781,0.352,BRA*,-0.5309999999999999
2023,0,2023200,24,28,Oscar Piastri,81,McLaren,#F58020,103,13.0,77.065,1.0,,,0,77.046,77.065,77.046,0.340,BRA*,-0.5445
2023,0,2023200,24,28,Oscar Piastri,81,McLaren,#F58020,104,14.0,77.47,1.0,,,0,77.268,77.042,77.054,0.659,BRA*,-0.4565
2023,0,2023200,24,28,Oscar Piastri,81,McLaren,#F58020,105,15.0,77.02,1.0,,,0,77.245,77.02,77.031,0.175,BRA*,-0.42799999999999994
2023,0,2023200,24,28,Oscar Piastri,81,McLaren,#F58020,106,16.0,76.4,1.0,,,0,76.71,76.4,76.71,-0.177,BRA*,-0.7685000000000001
2023,0,2023200,24,28,Oscar Piastri,81,McLaren,#F58020,107,17.0,76.995,1.0,,,0,76.698,76.685,76.542,0.234,BRA*,-0.5305
2023,0,2023200,24,28,Oscar Piastri,81,McLaren,#F58020,108,18.0,76.97,1.0,,,0,76.982,76.97,76.828,0.103,BRA*,-0.559
2023,0,2023200,24,28,Oscar Piastri,81,McLaren,#F58020,109,19.0,76.788,1.0,,,0,76.879,76.788,76.879,-0.015,BRA*,-0.7224999999999999
2023,0,2023200,24,28,Oscar Piastri,81,McLaren,#F58020,110,20.0,76.978,1.0,,,0,76.883,76.978,76.883,0.096,BRA*,-0.7755
2023,0,2023200,24,28,Oscar Piastri,81,McLaren,#F58020,111,21.0,76.862,1.0,,,0,76.92,76.862,76.92,-0.040,BRA*,-0.975
2023,0,2023200,24,28,Oscar Piastri,81,McLaren,#F58020,112,22.0,77.107,1.0,,,0,76.984,77.107,76.984,0.259,BRA*,-0.457
2023,0,2023200,24,28,Oscar Piastri,81,McLaren,#F58020,113,23.0,77.059,1.0,,,0,77.083,77.059,77.083,0.116,BRA*,-0.7639999999999999
2023,0,2023200,24,28,Oscar Piastri,81,McLaren,#F58020,114,24.0,77.315,1.0,,,0,77.187,77.315,77.187,0.138,BRA*,-0.7989999999999999
2023,0,2023200,24,19,Fernando Alonso,14,Aston Martin,#358C75,91,1.0,-,1.0,,,1,,-,-,-,BRA*,-
2023,0,2023200,24,19,Fernando Alonso,14,Aston Martin,#358C75,92,2.0,-,1.0,,,1,,-,-,-,BRA*,-
2023,0,2023200,24,19,Fernando Alonso,14,Aston Martin,#358C75,93,3.0,75.685,1.0,,,0,,75.685,-,0.265,BRA*,0.156
2023,0,2023200,24,19,Fernando Alonso,14,Aston Martin,#358C75,94,4.0,75.477,1.0,,,0,75.581,75.477,75.581,-0.305,BRA*,-0.1865
2023,0,2023200,24,19,Fernando Alonso,14,Aston Martin,#358C75,95,5.0,76.176,1.0,,,0,75.827,75.728,75.603,0.144,BRA*,0.4605
2023,0,2023200,24,19,Fernando Alonso,14,Aston Martin,#358C75,96,6.0,75.98,1.0,,,0,76.078,75.98,75.854,-0.131,BRA*,0.010499999999999995
2023,0,2023200,24,19,Fernando Alonso,14,Aston Martin,#358C75,97,7.0,76.039,1.0,,,0,76.01,76.039,76.01,-0.112,BRA*,0.098
2023,0,2023200,24,19,Fernando Alonso,14,Aston Martin,#358C75,98,8.0,75.985,1.0,,,0,76.012,75.985,76.012,-0.052,BRA*,0.2275
2023,0,2023200,24,19,Fernando Alonso,14,Aston Martin,#358C75,99,9.0,76.326,1.0,,,0,76.155,76.134,76.06,0.148,BRA*,-0.013499999999999998
2023,0,2023200,24,19,Fernando Alonso,14,Aston Martin,#358C75,100,10.0,76.284,1.0,,,0,76.305,76.284,76.209,-0.084,BRA*,-0.3185
2023,0,2023200,24,19,Fernando Alonso,14,Aston Martin,#358C75,101,11.0,76.496,1.0,,,0,76.39,76.496,76.39,-0.031,BRA*,-0.094
2023,0,2023200,24,19,Fernando Alonso,14,Aston Martin,#358C75,102,12.0,76.705,1.0,,,0,76.6,76.705,76.6,0.031,BRA*,0.075
2023,0,2023200,24,19,Fernando Alonso,14,Aston Martin,#358C75,103,13.0,77.641,1.0,,,0,77.173,76.906,76.806,0.916,BRA*,0.451
2023,0,2023200,24,19,Fernando Alonso,14,Aston Martin,#358C75,104,14.0,77.108,1.0,,,0,77.375,77.108,77.007,0.297,BRA*,0.0050000000000000044
2023,0,2023200,24,19,Fernando Alonso,14,Aston Martin,#358C75,105,15.0,77.236,1.0,,,0,77.172,77.236,77.172,0.391,BRA*,0.5705
2023,0,2023200,24,19,Fernando Alonso,14,Aston Martin,#358C75,106,16.0,76.286,1.0,,,0,76.761,76.286,76.761,-0.291,BRA*,-0.195
2023,0,2023200,24,19,Fernando Alonso,14,Aston Martin,#358C75,107,17.0,76.895,1.0,,,0,76.59,76.536,76.411,0.134,BRA*,-0.00449999999999999
2023,0,2023200,24,19,Fernando Alonso,14,Aston Martin,#358C75,108,18.0,76.786,1.0,,,0,76.84,76.786,76.661,-0.081,BRA*,-0.138
2023,0,2023200,24,19,Fernando Alonso,14,Aston Martin,#358C75,109,19.0,76.971,1.0,,,0,76.878,76.971,76.878,0.168,BRA*,0.046000000000000006
2023,0,2023200,24,19,Fernando Alonso,14,Aston Martin,#358C75,110,20.0,77.082,1.0,,,0,77.026,77.082,77.026,0.200,BRA*,0.21200000000000002
2023,0,2023200,24,19,Fernando Alonso,14,Aston Martin,#358C75,111,21.0,77.024,1.0,,,0,77.053,77.024,77.053,0.122,BRA*,0.0955
2023,0,2023200,24,19,Fernando Alonso,14,Aston Martin,#358C75,112,22.0,76.294,1.0,,,0,76.659,76.294,76.659,-0.554,BRA*,-0.343
2023,0,2023200,24,19,Fernando Alonso,14,Aston Martin,#358C75,113,23.0,76.876,1.0,,,0,76.585,76.876,76.585,-0.067,BRA*,-0.0805
2023,0,2023200,24,19,Fernando Alonso,14,Aston Martin,#358C75,114,24.0,77.843,1.0,,,0,77.36,77.843,77.36,0.666,BRA*,0.4205
2023,0,2023200,24,10,Lance Stroll,18,Aston Martin,#358C75,91,1.0,-,1.0,,,1,,-,-,-,BRA*,-
2023,0,2023200,24,10,Lance Stroll,18,Aston Martin,#358C75,92,2.0,-,1.0,,,1,,-,-,-,BRA*,-
2023,0,2023200,24,10,Lance Stroll,18,Aston Martin,#358C75,93,3.0,75.467,1.0,,,0,,75.467,-,0.047,BRA*,0.156
2023,0,2023200,24,10,Lance Stroll,18,Aston Martin,#358C75,94,4.0,75.714,1.0,,,0,75.59,75.714,75.59,-0.068,BRA*,-0.1865
2023,0,2023200,24,10,Lance Stroll,18,Aston Martin,#358C75,95,5.0,76.809,1.0,,,0,76.262,75.988,75.851,0.777,BRA*,0.4605
2023,0,2023200,24,10,Lance Stroll,18,Aston Martin,#358C75,96,6.0,76.263,1.0,,,0,76.536,76.263,76.126,0.152,BRA*,0.010499999999999995
2023,0,2023200,24,10,Lance Stroll,18,Aston Martin,#358C75,97,7.0,76.459,1.0,,,0,76.361,76.459,76.361,0.308,BRA*,0.098
2023,0,2023200,24,10,Lance Stroll,18,Aston Martin,#358C75,98,8.0,76.544,1.0,,,0,76.502,76.544,76.502,0.507,BRA*,0.2275
2023,0,2023200,24,10,Lance Stroll,18,Aston Martin,#358C75,99,9.0,76.003,1.0,,,0,76.274,76.003,76.274,-0.175,BRA*,-0.013499999999999998
2023,0,2023200,24,10,Lance Stroll,18,Aston Martin,#358C75,100,10.0,75.815,1.0,,,0,75.909,75.815,75.909,-0.553,BRA*,-0.3185
2023,0,2023200,24,10,Lance Stroll,18,Aston Martin,#358C75,101,11.0,76.37,1.0,,,0,76.092,76.37,76.092,-0.157,BRA*,-0.094
2023,0,2023200,24,10,Lance Stroll,18,Aston Martin,#358C75,102,12.0,76.793,1.0,,,0,76.582,76.793,76.582,0.119,BRA*,0.075
2023,0,2023200,24,10,Lance Stroll,18,Aston Martin,#358C75,103,13.0,76.711,1.0,,,0,76.752,76.711,76.752,-0.014,BRA*,0.451
2023,0,2023200,24,10,Lance Stroll,18,Aston Martin,#358C75,104,14.0,76.524,1.0,,,0,76.618,76.524,76.618,-0.287,BRA*,0.0050000000000000044
2023,0,2023200,24,10,Lance Stroll,18,Aston Martin,#358C75,105,15.0,77.595,1.0,,,0,77.06,76.501,76.512,0.750,BRA*,0.5705
2023,0,2023200,24,10,Lance Stroll,18,Aston Martin,#358C75,106,16.0,76.478,1.0,,,0,77.036,76.478,76.489,-0.099,BRA*,-0.195
2023,0,2023200,24,10,Lance Stroll,18,Aston Martin,#358C75,107,17.0,76.618,1.0,,,0,76.548,76.618,76.548,-0.143,BRA*,-0.00449999999999999
2023,0,2023200,24,10,Lance Stroll,18,Aston Martin,#358C75,108,18.0,76.672,1.0,,,0,76.645,76.672,76.645,-0.195,BRA*,-0.138
2023,0,2023200,24,10,Lance Stroll,18,Aston Martin,#358C75,109,19.0,76.727,1.0,,,0,76.7,76.727,76.7,-0.076,BRA*,0.046000000000000006
2023,0,2023200,24,10,Lance Stroll,18,Aston Martin,#358C75,110,20.0,77.106,1.0,,,0,76.916,77.106,76.916,0.224,BRA*,0.21200000000000002
2023,0,2023200,24,10,Lance Stroll,18,Aston Martin,#358C75,111,21.0,76.971,1.0,,,0,77.038,76.971,77.038,0.069,BRA*,0.0955
2023,0,2023200,24,10,Lance Stroll,18,Aston Martin,#358C75,112,22.0,76.716,1.0,,,0,76.844,76.716,76.844,-0.132,BRA*,-0.343
2023,0,2023200,24,10,Lance Stroll,18,Aston Martin,#358C75,113,23.0,76.849,1.0,,,0,76.782,76.849,76.782,-0.094,BRA*,-0.0805
2023,0,2023200,24,10,Lance Stroll,18,Aston Martin,#358C75,114,24.0,77.352,1.0,,,0,77.101,77.352,77.101,0.175,BRA*,0.4205
2023,0,2023200,24,17,Pierre Gasly,10,Alpine,#2293D1,91,1.0,-,1.0,,,1,,-,-,-,BRA*,-
2023,0,2023200,24,17,Pierre Gasly,10,Alpine,#2293D1,92,2.0,-,1.0,,,1,,-,-,-,BRA*,-
2023,0,2023200,24,17,Pierre Gasly,10,Alpine,#2293D1,93,3.0,75.209,1.0,,,0,,75.209,-,-0.211,BRA*,-0.047499999999999994
2023,0,2023200,24,17,Pierre Gasly,10,Alpine,#2293D1,94,4.0,76.263,1.0,,,0,75.736,76.263,75.736,0.481,BRA*,0.40800000000000003
2023,0,2023200,24,17,Pierre Gasly,10,Alpine,#2293D1,95,5.0,76.324,1.0,,,0,76.294,76.324,76.294,0.292,BRA*,0.23299999999999998
2023,0,2023200,24,17,Pierre Gasly,10,Alpine,#2293D1,96,6.0,76.17,1.0,,,0,76.247,76.17,76.247,0.059,BRA*,0.138
2023,0,2023200,24,17,Pierre Gasly,10,Alpine,#2293D1,97,7.0,76.217,1.0,,,0,76.194,76.217,76.194,0.066,BRA*,0.196
2023,0,2023200,24,17,Pierre Gasly,10,Alpine,#2293D1,98,8.0,75.904,1.0,,,0,76.06,75.904,76.06,-0.133,BRA*,-0.0945
2023,0,2023200,24,17,Pierre Gasly,10,Alpine,#2293D1,99,9.0,76.353,1.0,,,0,76.128,76.353,76.128,0.175,BRA*,0.09999999999999999
2023,0,2023200,24,17,Pierre Gasly,10,Alpine,#2293D1,100,10.0,76.513,1.0,,,0,76.433,76.513,76.433,0.145,BRA*,0.05499999999999999
2023,0,2023200,24,17,Pierre Gasly,10,Alpine,#2293D1,101,11.0,76.575,1.0,,,0,76.544,76.575,76.544,0.048,BRA*,-0.026500000000000003
2023,0,2023200,24,17,Pierre Gasly,10,Alpine,#2293D1,102,12.0,77.069,1.0,,,0,76.822,76.79,76.682,0.395,BRA*,0.304
2023,0,2023200,24,17,Pierre Gasly,10,Alpine,#2293D1,103,13.0,77.004,1.0,,,0,77.036,77.004,76.897,0.279,BRA*,0.5960000000000001
2023,0,2023200,24,17,Pierre Gasly,10,Alpine,#2293D1,104,14.0,77.806,1.0,,,0,77.405,77.39,77.197,0.995,BRA*,0.584
2023,0,2023200,24,17,Pierre Gasly,10,Alpine,#2293D1,105,15.0,77.776,1.0,,,0,77.791,77.776,77.583,0.931,BRA*,0.623
2023,0,2023200,24,17,Pierre Gasly,10,Alpine,#2293D1,106,16.0,76.387,1.0,,,0,77.082,76.387,77.082,-0.190,BRA*,0.1255
2023,0,2023200,24,17,Pierre Gasly,10,Alpine,#2293D1,107,17.0,77.016,1.0,,,0,76.702,77.016,76.702,0.255,BRA*,0.2495
2023,0,2023200,24,17,Pierre Gasly,10,Alpine,#2293D1,108,18.0,77.885,1.0,,,0,77.45,76.978,76.997,1.018,BRA*,0.58
2023,0,2023200,24,17,Pierre Gasly,10,Alpine,#2293D1,109,19.0,76.94,1.0,,,0,77.412,76.94,76.959,0.137,BRA*,0.2435
2023,0,2023200,24,17,Pierre Gasly,10,Alpine,#2293D1,110,20.0,77.031,1.0,,,0,76.986,77.031,76.986,0.149,BRA*,0.194
2023,0,2023200,24,17,Pierre Gasly,10,Alpine,#2293D1,111,21.0,77.142,1.0,,,0,77.086,77.142,77.086,0.240,BRA*,0.2925
2023,0,2023200,24,17,Pierre Gasly,10,Alpine,#2293D1,112,22.0,76.792,1.0,,,0,76.967,76.792,76.967,-0.056,BRA*,0.139
2023,0,2023200,24,17,Pierre Gasly,10,Alpine,#2293D1,113,23.0,76.851,1.0,,,0,76.822,76.851,76.822,-0.092,BRA*,0.0855
2023,0,2023200,24,17,Pierre Gasly,10,Alpine,#2293D1,114,24.0,77.049,1.0,,,0,76.95,77.049,76.95,-0.128,BRA*,-0.025500000000000002
2023,0,2023200,24,13,Esteban Ocon,31,Alpine,#2293D1,91,1.0,-,1.0,,,1,,-,-,-,BRA*,-
2023,0,2023200,24,13,Esteban Ocon,31,Alpine,#2293D1,92,2.0,-,1.0,,,1,,-,-,-,BRA*,-
2023,0,2023200,24,13,Esteban Ocon,31,Alpine,#2293D1,93,3.0,75.536,1.0,,,0,,75.536,-,0.116,BRA*,-0.047499999999999994
2023,0,2023200,24,13,Esteban Ocon,31,Alpine,#2293D1,94,4.0,76.117,1.0,,,0,75.827,76.117,75.827,0.335,BRA*,0.40800000000000003
2023,0,2023200,24,13,Esteban Ocon,31,Alpine,#2293D1,95,5.0,76.206,1.0,,,0,76.162,76.206,76.162,0.174,BRA*,0.23299999999999998
2023,0,2023200,24,13,Esteban Ocon,31,Alpine,#2293D1,96,6.0,76.328,1.0,,,0,76.267,76.328,76.267,0.217,BRA*,0.138
2023,0,2023200,24,13,Esteban Ocon,31,Alpine,#2293D1,97,7.0,76.477,1.0,,,0,76.402,76.477,76.402,0.326,BRA*,0.196
2023,0,2023200,24,13,Esteban Ocon,31,Alpine,#2293D1,98,8.0,75.981,1.0,,,0,76.229,75.981,76.229,-0.056,BRA*,-0.0945
2023,0,2023200,24,13,Esteban Ocon,31,Alpine,#2293D1,99,9.0,76.203,1.0,,,0,76.092,76.203,76.092,0.025,BRA*,0.09999999999999999
2023,0,2023200,24,13,Esteban Ocon,31,Alpine,#2293D1,100,10.0,76.333,1.0,,,0,76.268,76.333,76.268,-0.035,BRA*,0.05499999999999999
2023,0,2023200,24,13,Esteban Ocon,31,Alpine,#2293D1,101,11.0,76.426,1.0,,,0,76.38,76.426,76.38,-0.101,BRA*,-0.026500000000000003
2023,0,2023200,24,13,Esteban Ocon,31,Alpine,#2293D1,102,12.0,76.887,1.0,,,0,76.656,76.887,76.656,0.213,BRA*,0.304
2023,0,2023200,24,13,Esteban Ocon,31,Alpine,#2293D1,103,13.0,77.638,1.0,,,0,77.262,76.935,76.911,0.913,BRA*,0.5960000000000001
2023,0,2023200,24,13,Esteban Ocon,31,Alpine,#2293D1,104,14.0,76.984,1.0,,,0,77.311,76.984,76.96,0.173,BRA*,0.584
2023,0,2023200,24,13,Esteban Ocon,31,Alpine,#2293D1,105,15.0,77.16,1.0,,,0,77.072,77.16,77.072,0.315,BRA*,0.623
2023,0,2023200,24,13,Esteban Ocon,31,Alpine,#2293D1,106,16.0,77.018,1.0,,,0,77.089,77.018,77.089,0.441,BRA*,0.1255
2023,0,2023200,24,13,Esteban Ocon,31,Alpine,#2293D1,107,17.0,77.005,1.0,,,0,77.012,77.005,77.012,0.244,BRA*,0.2495
2023,0,2023200,24,13,Esteban Ocon,31,Alpine,#2293D1,108,18.0,77.009,1.0,,,0,77.007,77.009,77.007,0.142,BRA*,0.58
2023,0,2023200,24,13,Esteban Ocon,31,Alpine,#2293D1,109,19.0,77.153,1.0,,,0,77.081,77.153,77.081,0.350,BRA*,0.2435
2023,0,2023200,24,13,Esteban Ocon,31,Alpine,#2293D1,110,20.0,77.121,1.0,,,0,77.137,77.121,77.137,0.239,BRA*,0.194
2023,0,2023200,24,13,Esteban Ocon,31,Alpine,#2293D1,111,21.0,77.247,1.0,,,0,77.184,77.247,77.184,0.345,BRA*,0.2925
2023,0,2023200,24,13,Esteban Ocon,31,Alpine,#2293D1,112,22.0,77.182,1.0,,,0,77.214,77.182,77.214,0.334,BRA*,0.139
2023,0,2023200,24,13,Esteban Ocon,31,Alpine,#2293D1,113,23.0,77.206,1.0,,,0,77.194,77.206,77.194,0.263,BRA*,0.0855
2023,0,2023200,24,13,Esteban Ocon,31,Alpine,#2293D1,114,24.0,77.254,1.0,,,0,77.23,77.254,77.23,0.077,BRA*,-0.025500000000000002
2023,0,2023200,24,24,Alexander Albon,23,Williams,#37BEDD,91,1.0,-,1.0,,,1,,-,-,-,BRA*,-
2023,0,2023200,24,24,Alexander Albon,23,Williams,#37BEDD,92,2.0,-,1.0,,,1,,-,-,-,BRA*,-
2023,0,2023200,24,24,Alexander Albon,23,Williams,#37BEDD,93,3.0,75.598,1.0,,,0,,75.598,-,0.178,BRA*,0.396
2023,0,2023200,24,24,Alexander Albon,23,Williams,#37BEDD,94,4.0,75.729,1.0,,,0,75.664,75.729,75.664,-0.053,BRA*,-0.16949999999999998
2023,0,2023200,24,24,Alexander Albon,23,Williams,#37BEDD,95,5.0,76.358,1.0,,,0,76.044,76.358,76.044,0.326,BRA*,1.3025
2023,0,2023200,24,24,Alexander Albon,23,Williams,#37BEDD,96,6.0,77.142,1.0,,,0,76.75,76.412,76.385,1.031,BRA*,0.6385
2023,0,2023200,24,24,Alexander Albon,23,Williams,#37BEDD,97,7.0,76.467,1.0,,,0,76.804,76.467,76.44,0.316,BRA*,0.158
2023,0,2023200,24,24,Alexander Albon,23,Williams,#37BEDD,98,8.0,76.429,1.0,,,0,76.448,76.429,76.448,0.392,BRA*,0.1885
2023,0,2023200,24,24,Alexander Albon,23,Williams,#37BEDD,99,9.0,76.524,1.0,,,0,76.476,76.524,76.476,0.346,BRA*,0.8029999999999999
2023,0,2023200,24,24,Alexander Albon,23,Williams,#37BEDD,100,10.0,76.866,1.0,,,0,76.695,76.866,76.695,0.498,BRA*,0.5115000000000001
2023,0,2023200,24,24,Alexander Albon,23,Williams,#37BEDD,101,11.0,76.991,1.0,,,0,76.928,76.991,76.928,0.464,BRA*,0.684
2023,0,2023200,24,24,Alexander Albon,23,Williams,#37BEDD,102,12.0,76.911,1.0,,,0,76.951,76.911,76.951,0.237,BRA*,0.4825
2023,0,2023200,24,24,Alexander Albon,23,Williams,#37BEDD,103,13.0,76.974,1.0,,,0,76.942,76.974,76.942,0.249,BRA*,0.4835
2023,0,2023200,24,24,Alexander Albon,23,Williams,#37BEDD,104,14.0,76.872,1.0,,,0,76.923,76.872,76.923,0.061,BRA*,0.4595
2023,0,2023200,24,24,Alexander Albon,23,Williams,#37BEDD,105,15.0,77.203,1.0,,,0,77.038,76.95,76.911,0.358,BRA*,0.905
2023,0,2023200,24,24,Alexander Albon,23,Williams,#37BEDD,106,16.0,77.029,1.0,,,0,77.116,77.029,76.99,0.452,BRA*,0.751
2023,0,2023200,24,24,Alexander Albon,23,Williams,#37BEDD,107,17.0,76.889,1.0,,,0,76.959,76.889,76.959,0.128,BRA*,0.409
2023,0,2023200,24,24,Alexander Albon,23,Williams,#37BEDD,108,18.0,77.001,1.0,,,0,76.945,77.001,76.945,0.134,BRA*,0.4135
2023,0,2023200,24,24,Alexander Albon,23,Williams,#37BEDD,109,19.0,76.792,1.0,,,0,76.896,76.792,76.896,-0.011,BRA*,0.507
2023,0,2023200,24,24,Alexander Albon,23,Williams,#37BEDD,110,20.0,76.591,1.0,,,0,76.691,76.591,76.691,-0.291,BRA*,0.4285
2023,0,2023200,24,24,Alexander Albon,23,Williams,#37BEDD,111,21.0,76.604,1.0,,,0,76.598,76.604,76.598,-0.298,BRA*,0.745
2023,0,2023200,24,24,Alexander Albon,23,Williams,#37BEDD,112,22.0,76.599,1.0,,,0,76.602,76.599,76.602,-0.249,BRA*,0.4745
2023,0,2023200,24,24,Alexander Albon,23,Williams,#37BEDD,113,23.0,76.633,1.0,,,0,76.616,76.633,76.616,-0.310,BRA*,0.8885000000000001
2023,0,2023200,24,24,Alexander Albon,23,Williams,#37BEDD,114,24.0,77.117,1.0,,,0,76.875,77.117,76.875,-0.060,BRA*,0.6849999999999999
2023,0,2023200,24,22,Kevin Magnussen,20,Haas F1 Team,#505050,91,1.0,-,1.0,,,1,,-,-,-,BRA*,-
2023,0,2023200,24,22,Kevin Magnussen,20,Haas F1 Team,#505050,92,2.0,-,1.0,,,1,,-,-,-,BRA*,-
2023,0,2023200,24,22,Kevin Magnussen,20,Haas F1 Team,#505050,93,3.0,75.464,1.0,,,0,,75.464,-,0.044,BRA*,0.048
2023,0,2023200,24,22,Kevin Magnussen,20,Haas F1 Team,#505050,94,4.0,76.025,1.0,,,0,75.744,76.025,75.744,0.243,BRA*,0.4595
2023,0,2023200,24,22,Kevin Magnussen,20,Haas F1 Team,#505050,95,5.0,76.532,1.0,,,0,76.279,76.532,76.279,0.500,BRA*,0.5820000000000001
2023,0,2023200,24,22,Kevin Magnussen,20,Haas F1 Team,#505050,96,6.0,77.037,1.0,,,0,76.785,76.715,76.624,0.926,BRA*,1.508
2023,0,2023200,24,22,Kevin Magnussen,20,Haas F1 Team,#505050,97,7.0,76.898,1.0,,,0,76.968,76.898,76.806,0.747,BRA*,0.593
2023,0,2023200,24,22,Kevin Magnussen,20,Haas F1 Team,#505050,98,8.0,77.272,1.0,,,0,77.085,77.272,77.085,1.235,BRA*,0.8995
2023,0,2023200,24,22,Kevin Magnussen,20,Haas F1 Team,#505050,99,9.0,77.938,1.0,,,0,77.605,77.543,77.408,1.760,BRA*,1.5725
2023,0,2023200,24,22,Kevin Magnussen,20,Haas F1 Team,#505050,100,10.0,77.814,1.0,,,0,77.876,77.814,77.678,1.446,BRA*,1.2515
2023,0,2023200,24,22,Kevin Magnussen,20,Haas F1 Team,#505050,101,11.0,77.423,1.0,,,0,77.618,77.423,77.618,0.896,BRA*,0.8245
2023,0,2023200,24,22,Kevin Magnussen,20,Haas F1 Team,#505050,102,12.0,77.246,1.0,,,0,77.334,77.246,77.334,0.572,BRA*,0.6085
2023,0,2023200,24,22,Kevin Magnussen,20,Haas F1 Team,#505050,103,13.0,77.361,1.0,,,0,77.304,77.361,77.304,0.636,BRA*,0.6745
2023,0,2023200,24,22,Kevin Magnussen,20,Haas F1 Team,#505050,104,14.0,77.487,1.0,,,0,77.424,77.487,77.424,0.676,BRA*,0.4665
2023,0,2023200,24,22,Kevin Magnussen,20,Haas F1 Team,#505050,105,15.0,78.876,1.0,,,0,78.182,77.238,77.363,2.031,BRA*,1.5875
2023,0,2023200,24,22,Kevin Magnussen,20,Haas F1 Team,#505050,106,16.0,76.99,1.0,,,0,77.933,76.99,77.114,0.413,BRA*,0.536
2023,0,2023200,24,22,Kevin Magnussen,20,Haas F1 Team,#505050,107,17.0,77.832,1.0,,,0,77.411,77.832,77.411,1.071,BRA*,1.0855000000000001
2023,0,2023200,24,22,Kevin Magnussen,20,Haas F1 Team,#505050,108,18.0,77.85,1.0,,,0,77.841,77.85,77.841,0.983,BRA*,0.9525
2023,0,2023200,24,22,Kevin Magnussen,20,Haas F1 Team,#505050,109,19.0,77.786,1.0,,,0,77.818,77.786,77.818,0.983,BRA*,1.0335
2023,0,2023200,24,22,Kevin Magnussen,20,Haas F1 Team,#505050,110,20.0,78.082,1.0,,,0,77.934,78.082,77.934,1.200,BRA*,1.2959999999999998
2023,0,2023200,24,22,Kevin Magnussen,20,Haas F1 Team,#505050,111,21.0,77.714,1.0,,,0,77.898,77.714,77.898,0.812,BRA*,1.5445000000000002
2023,0,2023200,24,22,Kevin Magnussen,20,Haas F1 Team,#505050,112,22.0,77.687,1.0,,,0,77.7,77.687,77.7,0.839,BRA*,1.2654999999999998
2023,0,2023200,24,22,Kevin Magnussen,20,Haas F1 Team,#505050,113,23.0,77.838,1.0,,,0,77.762,77.838,77.762,0.895,BRA*,1.462
2023,0,2023200,24,22,Kevin Magnussen,20,Haas F1 Team,#505050,114,24.0,78.331,1.0,,,0,78.084,78.331,78.084,1.154,BRA*,1.435
2023,0,2023200,24,23,Guanyu Zhou,24,Alfa Romeo,#C92D4B,91,1.0,-,1.0,,,1,,-,-,-,BRA*,-
2023,0,2023200,24,23,Guanyu Zhou,24,Alfa Romeo,#C92D4B,92,2.0,-,1.0,,,1,,-,-,-,BRA*,-
2023,0,2023200,24,23,Guanyu Zhou,24,Alfa Romeo,#C92D4B,93,3.0,75.837,1.0,,,0,,75.837,-,0.417,BRA*,0.3675
2023,0,2023200,24,23,Guanyu Zhou,24,Alfa Romeo,#C92D4B,94,4.0,75.848,1.0,,,0,75.842,75.848,75.842,0.066,BRA*,0.08499999999999999
2023,0,2023200,24,23,Guanyu Zhou,24,Alfa Romeo,#C92D4B,95,5.0,76.679,1.0,,,0,76.264,76.679,76.264,0.647,BRA*,0.516
2023,0,2023200,24,23,Guanyu Zhou,24,Alfa Romeo,#C92D4B,96,6.0,76.781,1.0,,,0,76.73,76.781,76.73,0.670,BRA*,0.9525000000000001
2023,0,2023200,24,23,Guanyu Zhou,24,Alfa Romeo,#C92D4B,97,7.0,77.073,1.0,,,0,76.927,77.073,76.927,0.922,BRA*,1.183
2023,0,2023200,24,23,Guanyu Zhou,24,Alfa Romeo,#C92D4B,98,8.0,76.478,1.0,,,0,76.776,76.478,76.776,0.441,BRA*,0.389
2023,0,2023200,24,23,Guanyu Zhou,24,Alfa Romeo,#C92D4B,99,9.0,77.02,1.0,,,0,76.749,77.02,76.749,0.842,BRA*,0.8220000000000001
2023,0,2023200,24,23,Guanyu Zhou,24,Alfa Romeo,#C92D4B,100,10.0,77.032,1.0,,,0,77.026,77.032,77.026,0.664,BRA*,0.7230000000000001
2023,0,2023200,24,23,Guanyu Zhou,24,Alfa Romeo,#C92D4B,101,11.0,77.328,1.0,,,0,77.18,77.328,77.18,0.801,BRA*,0.789
2023,0,2023200,24,23,Guanyu Zhou,24,Alfa Romeo,#C92D4B,102,12.0,77.456,1.0,,,0,77.392,77.456,77.392,0.782,BRA*,0.7825
2023,0,2023200,24,23,Guanyu Zhou,24,Alfa Romeo,#C92D4B,103,13.0,77.434,1.0,,,0,77.445,77.434,77.445,0.709,BRA*,0.6465
2023,0,2023200,24,23,Guanyu Zhou,24,Alfa Romeo,#C92D4B,104,14.0,77.411,1.0,,,0,77.422,77.411,77.422,0.600,BRA*,0.619
2023,0,2023200,24,23,Guanyu Zhou,24,Alfa Romeo,#C92D4B,105,15.0,78.595,1.0,,,0,78.003,77.275,77.343,1.750,BRA*,1.806
2023,0,2023200,24,23,Guanyu Zhou,24,Alfa Romeo,#C92D4B,106,16.0,77.139,1.0,,,0,77.867,77.139,77.207,0.562,BRA*,0.621
2023,0,2023200,24,23,Guanyu Zhou,24,Alfa Romeo,#C92D4B,107,17.0,77.651,1.0,,,0,77.395,77.651,77.395,0.890,BRA*,0.8069999999999999
2023,0,2023200,24,23,Guanyu Zhou,24,Alfa Romeo,#C92D4B,108,18.0,77.954,1.0,,,0,77.802,77.954,77.802,1.087,BRA*,1.0699999999999998
2023,0,2023200,24,23,Guanyu Zhou,24,Alfa Romeo,#C92D4B,109,19.0,77.632,1.0,,,0,77.793,77.632,77.793,0.829,BRA*,0.9319999999999999
2023,0,2023200,24,23,Guanyu Zhou,24,Alfa Romeo,#C92D4B,110,20.0,77.926,1.0,,,0,77.779,77.926,77.779,1.044,BRA*,1.107
2023,0,2023200,24,23,Guanyu Zhou,24,Alfa Romeo,#C92D4B,111,21.0,78.678,1.0,,,0,78.302,78.073,78.0,1.776,BRA*,1.7145000000000001
2023,0,2023200,24,23,Guanyu Zhou,24,Alfa Romeo,#C92D4B,112,22.0,78.22,1.0,,,0,78.449,78.22,78.146,1.372,BRA*,1.5255
2023,0,2023200,24,23,Guanyu Zhou,24,Alfa Romeo,#C92D4B,113,23.0,78.564,1.0,,,0,78.392,78.564,78.392,1.621,BRA*,1.962
2023,0,2023200,24,23,Guanyu Zhou,24,Alfa Romeo,#C92D4B,114,24.0,77.401,1.0,,,0,77.982,77.401,77.982,0.224,BRA*,0.9035
2023,0,2023200,24,25,Nico Hulkenberg,27,Haas F1 Team,#505050,91,1.0,-,1.0,,,1,,-,-,-,BRA*,-
2023,0,2023200,24,25,Nico Hulkenberg,27,Haas F1 Team,#505050,92,2.0,-,1.0,,,1,,-,-,-,BRA*,-
2023,0,2023200,24,25,Nico Hulkenberg,27,Haas F1 Team,#505050,93,3.0,75.472,1.0,,,0,,75.472,-,0.052,BRA*,0.048
2023,0,2023200,24,25,Nico Hulkenberg,27,Haas F1 Team,#505050,94,4.0,76.458,1.0,,,0,75.965,76.458,75.965,0.676,BRA*,0.4595
2023,0,2023200,24,25,Nico Hulkenberg,27,Haas F1 Team,#505050,95,5.0,76.696,1.0,,,0,76.577,76.696,76.577,0.664,BRA*,0.5820000000000001
2023,0,2023200,24,25,Nico Hulkenberg,27,Haas F1 Team,#505050,96,6.0,78.201,1.0,,,0,77.448,76.643,76.67,2.090,BRA*,1.508
2023,0,2023200,24,25,Nico Hulkenberg,27,Haas F1 Team,#505050,97,7.0,76.59,1.0,,,0,77.396,76.59,76.616,0.439,BRA*,0.593
2023,0,2023200,24,25,Nico Hulkenberg,27,Haas F1 Team,#505050,98,8.0,76.601,1.0,,,0,76.596,76.601,76.596,0.564,BRA*,0.8995
2023,0,2023200,24,25,Nico Hulkenberg,27,Haas F1 Team,#505050,99,9.0,77.563,1.0,,,0,77.082,77.013,76.807,1.385,BRA*,1.5725
2023,0,2023200,24,25,Nico Hulkenberg,27,Haas F1 Team,#505050,100,10.0,77.425,1.0,,,0,77.494,77.425,77.219,1.057,BRA*,1.2515
2023,0,2023200,24,25,Nico Hulkenberg,27,Haas F1 Team,#505050,101,11.0,77.28,1.0,,,0,77.352,77.28,77.352,0.753,BRA*,0.8245
2023,0,2023200,24,25,Nico Hulkenberg,27,Haas F1 Team,#505050,102,12.0,77.319,1.0,,,0,77.3,77.319,77.3,0.645,BRA*,0.6085
2023,0,2023200,24,25,Nico Hulkenberg,27,Haas F1 Team,#505050,103,13.0,77.438,1.0,,,0,77.378,77.438,77.378,0.713,BRA*,0.6745
2023,0,2023200,24,25,Nico Hulkenberg,27,Haas F1 Team,#505050,104,14.0,77.068,1.0,,,0,77.253,77.068,77.253,0.257,BRA*,0.4665
2023,0,2023200,24,25,Nico Hulkenberg,27,Haas F1 Team,#505050,105,15.0,77.989,1.0,,,0,77.529,77.152,77.11,1.144,BRA*,1.5875
2023,0,2023200,24,25,Nico Hulkenberg,27,Haas F1 Team,#505050,106,16.0,77.236,1.0,,,0,77.613,77.236,77.194,0.659,BRA*,0.536
2023,0,2023200,24,25,Nico Hulkenberg,27,Haas F1 Team,#505050,107,17.0,77.861,1.0,,,0,77.548,77.512,77.374,1.100,BRA*,1.0855000000000001
2023,0,2023200,24,25,Nico Hulkenberg,27,Haas F1 Team,#505050,108,18.0,77.789,1.0,,,0,77.825,77.789,77.651,0.922,BRA*,0.9525
2023,0,2023200,24,25,Nico Hulkenberg,27,Haas F1 Team,#505050,109,19.0,77.887,1.0,,,0,77.838,77.887,77.838,1.084,BRA*,1.0335
2023,0,2023200,24,25,Nico Hulkenberg,27,Haas F1 Team,#505050,110,20.0,78.274,1.0,,,0,78.08,78.274,78.08,1.392,BRA*,1.2959999999999998
2023,0,2023200,24,25,Nico Hulkenberg,27,Haas F1 Team,#505050,111,21.0,79.179,1.0,,,0,78.726,78.407,78.34,2.277,BRA*,1.5445000000000002
2023,0,2023200,24,25,Nico Hulkenberg,27,Haas F1 Team,#505050,112,22.0,78.54,1.0,,,0,78.86,78.54,78.474,1.692,BRA*,1.2654999999999998
2023,0,2023200,24,25,Nico Hulkenberg,27,Haas F1 Team,#505050,113,23.0,78.972,1.0,,,0,78.756,78.716,78.628,2.029,BRA*,1.462
2023,0,2023200,24,25,Nico Hulkenberg,27,Haas F1 Team,#505050,114,24.0,78.893,1.0,,,0,78.932,78.893,78.805,1.716,BRA*,1.435
2023,0,2023200,24,3,Valtteri Bottas,77,Alfa Romeo,#C92D4B,91,1.0,-,1.0,,,1,,-,-,-,BRA*,-
2023,0,2023200,24,3,Valtteri Bottas,77,Alfa Romeo,#C92D4B,92,2.0,-,1.0,,,1,,-,-,-,BRA*,-
2023,0,2023200,24,3,Valtteri Bottas,77,Alfa Romeo,#C92D4B,93,3.0,75.738,1.0,,,0,,75.738,-,0.318,BRA*,0.3675
2023,0,2023200,24,3,Valtteri Bottas,77,Alfa Romeo,#C92D4B,94,4.0,75.886,1.0,,,0,75.812,75.886,75.812,0.104,BRA*,0.08499999999999999
2023,0,2023200,24,3,Valtteri Bottas,77,Alfa Romeo,#C92D4B,95,5.0,76.417,1.0,,,0,76.152,76.417,76.152,0.385,BRA*,0.516
2023,0,2023200,24,3,Valtteri Bottas,77,Alfa Romeo,#C92D4B,96,6.0,77.346,1.0,,,0,76.882,77.346,76.882,1.235,BRA*,0.9525000000000001
2023,0,2023200,24,3,Valtteri Bottas,77,Alfa Romeo,#C92D4B,97,7.0,77.595,1.0,,,0,77.47,77.595,77.47,1.444,BRA*,1.183
2023,0,2023200,24,3,Valtteri Bottas,77,Alfa Romeo,#C92D4B,98,8.0,76.374,1.0,,,0,76.984,76.374,76.984,0.337,BRA*,0.389
2023,0,2023200,24,3,Valtteri Bottas,77,Alfa Romeo,#C92D4B,99,9.0,76.98,1.0,,,0,76.677,76.98,76.677,0.802,BRA*,0.8220000000000001
2023,0,2023200,24,3,Valtteri Bottas,77,Alfa Romeo,#C92D4B,100,10.0,77.15,1.0,,,0,77.065,77.15,77.065,0.782,BRA*,0.7230000000000001
2023,0,2023200,24,3,Valtteri Bottas,77,Alfa Romeo,#C92D4B,101,11.0,77.304,1.0,,,0,77.227,77.304,77.227,0.777,BRA*,0.789
2023,0,2023200,24,3,Valtteri Bottas,77,Alfa Romeo,#C92D4B,102,12.0,77.457,1.0,,,0,77.38,77.457,77.38,0.783,BRA*,0.7825
2023,0,2023200,24,3,Valtteri Bottas,77,Alfa Romeo,#C92D4B,103,13.0,77.309,1.0,,,0,77.383,77.309,77.383,0.584,BRA*,0.6465
2023,0,2023200,24,3,Valtteri Bottas,77,Alfa Romeo,#C92D4B,104,14.0,77.449,1.0,,,0,77.379,77.449,77.379,0.638,BRA*,0.619
2023,0,2023200,24,3,Valtteri Bottas,77,Alfa Romeo,#C92D4B,105,15.0,78.707,1.0,,,0,78.078,77.353,77.401,1.862,BRA*,1.806
2023,0,2023200,24,3,Valtteri Bottas,77,Alfa Romeo,#C92D4B,106,16.0,77.257,1.0,,,0,77.982,77.257,77.305,0.680,BRA*,0.621
2023,0,2023200,24,3,Valtteri Bottas,77,Alfa Romeo,#C92D4B,107,17.0,77.485,1.0,,,0,77.371,77.485,77.371,0.724,BRA*,0.8069999999999999
2023,0,2023200,24,3,Valtteri Bottas,77,Alfa Romeo,#C92D4B,108,18.0,77.92,1.0,,,0,77.702,77.92,77.702,1.053,BRA*,1.0699999999999998
2023,0,2023200,24,3,Valtteri Bottas,77,Alfa Romeo,#C92D4B,109,19.0,77.838,1.0,,,0,77.879,77.838,77.879,1.035,BRA*,0.9319999999999999
2023,0,2023200,24,3,Valtteri Bottas,77,Alfa Romeo,#C92D4B,110,20.0,78.052,1.0,,,0,77.945,78.052,77.945,1.170,BRA*,1.107
2023,0,2023200,24,3,Valtteri Bottas,77,Alfa Romeo,#C92D4B,111,21.0,78.555,1.0,,,0,78.304,78.555,78.304,1.653,BRA*,1.7145000000000001
2023,0,2023200,24,3,Valtteri Bottas,77,Alfa Romeo,#C92D4B,112,22.0,78.527,1.0,,,0,78.541,78.527,78.541,1.679,BRA*,1.5255
2023,0,2023200,24,3,Valtteri Bottas,77,Alfa Romeo,#C92D4B,113,23.0,79.246,1.0,,,0,78.886,78.644,78.585,2.303,BRA*,1.962
2023,0,2023200,24,3,Valtteri Bottas,77,Alfa Romeo,#C92D4B,114,24.0,78.76,1.0,,,0,79.003,78.76,78.702,1.583,BRA*,0.9035
2023,0,2023200,24,27,Logan Sargeant,2,Williams,#37BEDD,91,1.0,-,1.0,,,1,,-,-,-,BRA*,-
2023,0,2023200,24,27,Logan Sargeant,2,Williams,#37BEDD,92,2.0,-,1.0,,,1,,-,-,-,BRA*,-
2023,0,2023200,24,27,Logan Sargeant,2,Williams,#37BEDD,93,3.0,76.034,1.0,,,0,,76.034,-,0.614,BRA*,0.396
2023,0,2023200,24,27,Logan Sargeant,2,Williams,#37BEDD,94,4.0,75.496,1.0,,,0,75.765,75.496,75.765,-0.286,BRA*,-0.16949999999999998
2023,0,2023200,24,27,Logan Sargeant,2,Williams,#37BEDD,95,5.0,78.311,1.0,,,0,76.904,75.926,75.711,2.279,BRA*,1.3025
2023,0,2023200,24,27,Logan Sargeant,2,Williams,#37BEDD,96,6.0,76.357,1.0,,,0,77.334,76.357,76.142,0.246,BRA*,0.6385
2023,0,2023200,24,27,Logan Sargeant,2,Williams,#37BEDD,97,7.0,76.151,1.0,,,0,76.254,76.151,76.254,0.000,BRA*,0.158
2023,0,2023200,24,27,Logan Sargeant,2,Williams,#37BEDD,98,8.0,76.022,1.0,,,0,76.086,76.022,76.086,-0.015,BRA*,0.1885
2023,0,2023200,24,27,Logan Sargeant,2,Williams,#37BEDD,99,9.0,77.438,1.0,,,0,76.73,76.458,76.24,1.260,BRA*,0.8029999999999999
2023,0,2023200,24,27,Logan Sargeant,2,Williams,#37BEDD,100,10.0,76.893,1.0,,,0,77.166,76.893,76.675,0.525,BRA*,0.5115000000000001
2023,0,2023200,24,27,Logan Sargeant,2,Williams,#37BEDD,101,11.0,77.431,1.0,,,0,77.162,77.148,77.02,0.904,BRA*,0.684
2023,0,2023200,24,27,Logan Sargeant,2,Williams,#37BEDD,102,12.0,77.402,1.0,,,0,77.416,77.402,77.275,0.728,BRA*,0.4825
2023,0,2023200,24,27,Logan Sargeant,2,Williams,#37BEDD,103,13.0,77.443,1.0,,,0,77.422,77.443,77.422,0.718,BRA*,0.4835
2023,0,2023200,24,27,Logan Sargeant,2,Williams,#37BEDD,104,14.0,77.669,1.0,,,0,77.556,77.669,77.556,0.858,BRA*,0.4595
2023,0,2023200,24,27,Logan Sargeant,2,Williams,#37BEDD,105,15.0,78.297,1.0,,,0,77.983,77.648,77.658,1.452,BRA*,0.905
2023,0,2023200,24,27,Logan Sargeant,2,Williams,#37BEDD,106,16.0,77.627,1.0,,,0,77.962,77.627,77.637,1.050,BRA*,0.751
2023,0,2023200,24,27,Logan Sargeant,2,Williams,#37BEDD,107,17.0,77.451,1.0,,,0,77.539,77.451,77.539,0.690,BRA*,0.409
2023,0,2023200,24,27,Logan Sargeant,2,Williams,#37BEDD,108,18.0,77.56,1.0,,,0,77.506,77.56,77.506,0.693,BRA*,0.4135
2023,0,2023200,24,27,Logan Sargeant,2,Williams,#37BEDD,109,19.0,77.828,1.0,,,0,77.694,77.828,77.694,1.025,BRA*,0.507
2023,0,2023200,24,27,Logan Sargeant,2,Williams,#37BEDD,110,20.0,78.03,1.0,,,0,77.929,78.03,77.929,1.148,BRA*,0.4285
2023,0,2023200,24,27,Logan Sargeant,2,Williams,#37BEDD,111,21.0,78.69,1.0,,,0,78.36,78.038,78.034,1.788,BRA*,0.745
2023,0,2023200,24,27,Logan Sargeant,2,Williams,#37BEDD,112,22.0,78.046,1.0,,,0,78.368,78.046,78.042,1.198,BRA*,0.4745
2023,0,2023200,24,27,Logan Sargeant,2,Williams,#37BEDD,113,23.0,79.03,1.0,,,0,78.538,78.327,78.186,2.087,BRA*,0.8885000000000001
2023,0,2023200,24,27,Logan Sargeant,2,Williams,#37BEDD,114,24.0,78.607,1.0,,,0,78.818,78.607,78.467,1.430,BRA*,0.6849999999999999
